method,metric,delta,lambda,rho,sim,graph,selected_sensor,p_inf_selected,cand_mean_p_inf,cand_std_p_inf,rank_in_candidates,neigh_mean_p_inf,neigh_std_p_inf,true_state_t0,entropy_selected,entropy_cand_mean,entropy_neigh_mean,frontier_selected,frontier_rank,frontier_cand_mean
random,N/A,0.05,0.3,0.1,0,rrg,1,0.045454543,0.045454543,0.0,1,0.045454543,0.0,0,3.0910428,3.0910427570343018,3.0910428,0.0,1,0.0
random,N/A,0.05,0.3,0.2,0,rrg,513,0.045454543,0.04545454,3.7252903e-09,1,0.045454543,0.0,0,3.0910428,3.0910427570343018,3.0910428,0.0,1,0.0
random,N/A,0.05,0.3,0.30000000000000004,0,rrg,1,0.045454543,0.04545454,3.7252903e-09,1,0.045454543,0.0,0,3.0910428,3.0910427570343018,3.0910428,0.0,1,0.0
random,N/A,0.05,0.3,0.4,0,rrg,0,0.045454543,0.04545454,3.7252903e-09,1,0.045454543,0.0,1,3.0910428,3.091042995452881,3.0910428,0.0,1,0.0
random,N/A,0.05,0.3,0.5,0,rrg,3,0.045454543,0.04545454,3.7252903e-09,1,0.045454543,0.0,0,3.0910428,3.0910427570343018,3.0910428,0.0,1,0.0
random,N/A,0.05,0.3,0.6000000000000001,0,rrg,1,0.045454543,0.04545454,3.7252903e-09,1,0.045454543,0.0,0,3.0910428,3.0910427570343018,3.0910428,0.0,1,0.0
random,N/A,0.05,0.3,0.7000000000000001,0,rrg,0,0.045454543,0.04545454,3.7252903e-09,1,0.045454543,0.0,1,3.0910428,3.091042995452881,3.0910428,0.0,1,0.0
random,N/A,0.05,0.3,0.8,0,rrg,2,0.045454543,0.04545454,3.7252903e-09,1,0.045454543,0.0,0,3.0910428,3.0910427570343018,3.0910428,0.0,1,0.0
random,N/A,0.05,0.3,0.9,0,rrg,0,0.045454543,0.045454536,7.450581e-09,1,0.045454543,0.0,1,3.0910428,3.0910425186157227,3.0910428,0.0,1,0.0
random,N/A,0.05,0.3,1.0,0,rrg,0,0.045454543,,,1,0.045454543,0.0,1,3.0910428,,3.0910428,0.0,1,
random,N/A,0.1,0.3,0.1,0,rrg,512,0.045454543,0.045454543,0.0,1,0.045454543,0.0,0,3.0910428,3.0910427570343018,3.0910428,0.0,1,0.0
random,N/A,0.1,0.3,0.2,0,rrg,2,0.045454543,0.04545454,3.7252903e-09,1,0.045454543,0.0,0,3.0910428,3.0910427570343018,3.0910428,0.0,1,0.0
random,N/A,0.1,0.3,0.30000000000000004,0,rrg,1,0.045454543,0.04545454,3.7252903e-09,1,0.045454543,0.0,0,3.0910428,3.0910427570343018,3.0910428,0.0,1,0.0
random,N/A,0.1,0.3,0.4,0,rrg,1,0.045454543,0.04545454,3.7252903e-09,1,0.045454543,0.0,0,3.0910428,3.091042995452881,3.0910428,0.0,1,0.0
random,N/A,0.1,0.3,0.5,0,rrg,0,0.045454543,0.04545454,3.7252903e-09,1,0.045454543,0.0,0,3.0910428,3.0910427570343018,3.0910428,0.0,1,0.0
random,N/A,0.1,0.3,0.6000000000000001,0,rrg,0,0.045454543,0.04545454,3.7252903e-09,1,0.045454543,0.0,0,3.0910428,3.0910427570343018,3.0910428,0.0,1,0.0
random,N/A,0.1,0.3,0.7000000000000001,0,rrg,0,0.045454543,0.04545454,3.7252903e-09,1,0.045454543,0.0,0,3.0910428,3.091042995452881,3.0910428,0.0,1,0.0
random,N/A,0.1,0.3,0.8,0,rrg,1,0.045454543,0.04545454,3.7252903e-09,1,0.045454543,0.0,0,3.0910428,3.0910427570343018,3.0910428,0.0,1,0.0
random,N/A,0.1,0.3,0.9,0,rrg,0,0.045454543,0.045454536,7.450581e-09,1,0.045454543,0.0,0,3.0910428,3.0910425186157227,3.0910428,0.0,1,0.0
random,N/A,0.1,0.3,1.0,0,rrg,0,0.045454543,,,1,0.045454543,0.0,0,3.0910428,,3.0910428,0.0,1,
random,N/A,0.2,0.3,0.1,0,rrg,516,0.045454543,0.045454543,0.0,1,0.045454543,0.0,0,3.0910428,3.0910427570343018,3.0910428,0.0,1,0.0
random,N/A,0.2,0.3,0.2,0,rrg,513,0.045454543,0.04545454,3.7252903e-09,1,0.045454543,0.0,1,3.0910428,3.0910427570343018,3.0910428,0.0,1,0.0
random,N/A,0.2,0.3,0.30000000000000004,0,rrg,513,0.045454543,0.04545454,3.7252903e-09,1,0.045454543,0.0,1,3.0910428,3.0910427570343018,3.0910428,0.0,1,0.0
random,N/A,0.2,0.3,0.4,0,rrg,1,0.045454543,0.04545454,3.7252903e-09,1,0.045454543,0.0,0,3.0910428,3.091042995452881,3.0910428,0.0,1,0.0
random,N/A,0.2,0.3,0.5,0,rrg,0,0.045454543,0.04545454,3.7252903e-09,1,0.045454543,0.0,0,3.0910428,3.0910427570343018,3.0910428,0.0,1,0.0
random,N/A,0.2,0.3,0.6000000000000001,0,rrg,1,0.045454543,0.04545454,3.7252903e-09,1,0.045454543,0.0,0,3.0910428,3.0910427570343018,3.0910428,0.0,1,0.0
random,N/A,0.2,0.3,0.7000000000000001,0,rrg,0,0.045454543,0.04545454,3.7252903e-09,1,0.045454543,0.0,0,3.0910428,3.091042995452881,3.0910428,0.0,1,0.0
random,N/A,0.2,0.3,0.8,0,rrg,1,0.045454543,0.04545454,3.7252903e-09,1,0.045454543,0.0,0,3.0910428,3.0910427570343018,3.0910428,0.0,1,0.0
random,N/A,0.2,0.3,0.9,0,rrg,0,0.045454543,0.045454536,7.450581e-09,1,0.045454543,0.0,0,3.0910428,3.0910425186157227,3.0910428,0.0,1,0.0
random,N/A,0.2,0.3,1.0,0,rrg,0,0.045454543,,,1,0.045454543,0.0,0,3.0910428,,3.0910428,0.0,1,
random,N/A,0.3,0.3,0.1,0,rrg,515,0.045454543,0.045454543,0.0,1,0.045454543,0.0,0,3.0910428,3.0910427570343018,3.0910428,0.0,1,0.0
random,N/A,0.3,0.3,0.2,0,rrg,512,0.045454543,0.04545454,3.7252903e-09,1,0.045454543,0.0,0,3.0910428,3.0910427570343018,3.0910428,0.0,1,0.0
random,N/A,0.3,0.3,0.30000000000000004,0,rrg,2,0.045454543,0.04545454,3.7252903e-09,1,0.045454543,0.0,0,3.0910428,3.0910427570343018,3.0910428,0.0,1,0.0
random,N/A,0.3,0.3,0.4,0,rrg,1,0.045454543,0.04545454,3.7252903e-09,1,0.045454543,0.0,0,3.0910428,3.091042995452881,3.0910428,0.0,1,0.0
random,N/A,0.3,0.3,0.5,0,rrg,0,0.045454543,0.04545454,3.7252903e-09,1,0.045454543,0.0,0,3.0910428,3.0910427570343018,3.0910428,0.0,1,0.0
random,N/A,0.3,0.3,0.6000000000000001,0,rrg,0,0.045454543,0.04545454,3.7252903e-09,1,0.045454543,0.0,0,3.0910428,3.0910427570343018,3.0910428,0.0,1,0.0
random,N/A,0.3,0.3,0.7000000000000001,0,rrg,2,0.045454543,0.04545454,3.7252903e-09,1,0.045454543,0.0,0,3.0910428,3.091042995452881,3.0910428,0.0,1,0.0
random,N/A,0.3,0.3,0.8,0,rrg,0,0.045454543,0.04545454,3.7252903e-09,1,0.045454543,0.0,0,3.0910428,3.0910427570343018,3.0910428,0.0,1,0.0
random,N/A,0.3,0.3,0.9,0,rrg,0,0.045454543,0.045454536,7.450581e-09,1,0.045454543,0.0,0,3.0910428,3.0910425186157227,3.0910428,0.0,1,0.0
random,N/A,0.3,0.3,1.0,0,rrg,0,0.045454543,,,1,0.045454543,0.0,0,3.0910428,,3.0910428,0.0,1,
random,N/A,0.4,0.3,0.1,0,rrg,522,0.045454543,0.045454543,0.0,1,0.045454543,0.0,1,3.0910428,3.0910427570343018,3.0910428,0.0,1,0.0
random,N/A,0.4,0.3,0.2,0,rrg,0,0.045454543,0.04545454,3.7252903e-09,1,0.045454543,0.0,1,3.0910428,3.0910427570343018,3.0910428,0.0,1,0.0
random,N/A,0.4,0.3,0.30000000000000004,0,rrg,3,0.045454543,0.04545454,3.7252903e-09,1,0.045454543,0.0,1,3.0910428,3.0910427570343018,3.0910428,0.0,1,0.0
random,N/A,0.4,0.3,0.4,0,rrg,4,0.045454543,0.04545454,3.7252903e-09,1,0.045454543,0.0,1,3.0910428,3.091042995452881,3.0910428,0.0,1,0.0
random,N/A,0.4,0.3,0.5,0,rrg,1,0.045454543,0.04545454,3.7252903e-09,1,0.045454543,0.0,0,3.0910428,3.0910427570343018,3.0910428,0.0,1,0.0
random,N/A,0.4,0.3,0.6000000000000001,0,rrg,1,0.045454543,0.04545454,3.7252903e-09,1,0.045454543,0.0,0,3.0910428,3.0910427570343018,3.0910428,0.0,1,0.0
random,N/A,0.4,0.3,0.7000000000000001,0,rrg,0,0.045454543,0.04545454,3.7252903e-09,1,0.045454543,0.0,1,3.0910428,3.091042995452881,3.0910428,0.0,1,0.0
random,N/A,0.4,0.3,0.8,0,rrg,0,0.045454543,0.04545454,3.7252903e-09,1,0.045454543,0.0,1,3.0910428,3.0910427570343018,3.0910428,0.0,1,0.0
random,N/A,0.4,0.3,0.9,0,rrg,0,0.045454543,0.045454536,7.450581e-09,1,0.045454543,0.0,1,3.0910428,3.0910425186157227,3.0910428,0.0,1,0.0
random,N/A,0.4,0.3,1.0,0,rrg,0,0.045454543,,,1,0.045454543,0.0,1,3.0910428,,3.0910428,0.0,1,
random,N/A,0.05,0.3,0.1,1,rrg,530,0.045454543,0.045454543,0.0,1,0.045454543,0.0,0,3.0910428,3.0910427570343018,3.0910428,0.0,1,0.0
random,N/A,0.05,0.3,0.2,1,rrg,0,0.045454543,0.04545454,3.7252903e-09,1,0.045454543,0.0,0,3.0910428,3.0910427570343018,3.0910428,0.0,1,0.0
random,N/A,0.05,0.3,0.30000000000000004,1,rrg,515,0.045454543,0.04545454,3.7252903e-09,1,0.045454543,0.0,0,3.0910428,3.0910427570343018,3.0910428,0.0,1,0.0
random,N/A,0.05,0.3,0.4,1,rrg,0,0.045454543,0.04545454,3.7252903e-09,1,0.045454543,0.0,0,3.0910428,3.091042995452881,3.0910428,0.0,1,0.0
random,N/A,0.05,0.3,0.5,1,rrg,0,0.045454543,0.04545454,3.7252903e-09,1,0.045454543,0.0,0,3.0910428,3.0910427570343018,3.0910428,0.0,1,0.0
random,N/A,0.05,0.3,0.6000000000000001,1,rrg,0,0.045454543,0.04545454,3.7252903e-09,1,0.045454543,0.0,0,3.0910428,3.0910427570343018,3.0910428,0.0,1,0.0
random,N/A,0.05,0.3,0.7000000000000001,1,rrg,0,0.045454543,0.04545454,3.7252903e-09,1,0.045454543,0.0,0,3.0910428,3.091042995452881,3.0910428,0.0,1,0.0
random,N/A,0.05,0.3,0.8,1,rrg,0,0.045454543,0.04545454,3.7252903e-09,1,0.045454543,0.0,0,3.0910428,3.0910427570343018,3.0910428,0.0,1,0.0
random,N/A,0.05,0.3,0.9,1,rrg,0,0.045454543,0.045454536,7.450581e-09,1,0.045454543,0.0,0,3.0910428,3.0910425186157227,3.0910428,0.0,1,0.0
random,N/A,0.05,0.3,1.0,1,rrg,0,0.045454543,,,1,0.045454543,0.0,0,3.0910428,,3.0910428,0.0,1,
random,N/A,0.1,0.3,0.1,1,rrg,3,0.045454543,0.045454543,0.0,1,0.045454543,0.0,0,3.0910428,3.0910427570343018,3.0910428,0.0,1,0.0
random,N/A,0.1,0.3,0.2,1,rrg,512,0.045454543,0.04545454,3.7252903e-09,1,0.045454543,0.0,1,3.0910428,3.0910427570343018,3.0910428,0.0,1,0.0
random,N/A,0.1,0.3,0.30000000000000004,1,rrg,515,0.045454543,0.04545454,3.7252903e-09,1,0.045454543,0.0,1,3.0910428,3.0910427570343018,3.0910428,0.0,1,0.0
random,N/A,0.1,0.3,0.4,1,rrg,0,0.045454543,0.04545454,3.7252903e-09,1,0.045454543,0.0,0,3.0910428,3.091042995452881,3.0910428,0.0,1,0.0
random,N/A,0.1,0.3,0.5,1,rrg,2,0.045454543,0.04545454,3.7252903e-09,1,0.045454543,0.0,0,3.0910428,3.0910427570343018,3.0910428,0.0,1,0.0
random,N/A,0.1,0.3,0.6000000000000001,1,rrg,1,0.045454543,0.04545454,3.7252903e-09,1,0.045454543,0.0,0,3.0910428,3.0910427570343018,3.0910428,0.0,1,0.0
random,N/A,0.1,0.3,0.7000000000000001,1,rrg,0,0.045454543,0.04545454,3.7252903e-09,1,0.045454543,0.0,0,3.0910428,3.091042995452881,3.0910428,0.0,1,0.0
random,N/A,0.1,0.3,0.8,1,rrg,2,0.045454543,0.04545454,3.7252903e-09,1,0.045454543,0.0,0,3.0910428,3.0910427570343018,3.0910428,0.0,1,0.0
random,N/A,0.1,0.3,0.9,1,rrg,0,0.045454543,0.045454536,7.450581e-09,1,0.045454543,0.0,0,3.0910428,3.0910425186157227,3.0910428,0.0,1,0.0
random,N/A,0.1,0.3,1.0,1,rrg,0,0.045454543,,,1,0.045454543,0.0,0,3.0910428,,3.0910428,0.0,1,
random,N/A,0.2,0.3,0.1,1,rrg,1,0.045454543,0.045454543,0.0,1,0.045454543,0.0,0,3.0910428,3.0910427570343018,3.0910428,0.0,1,0.0
random,N/A,0.2,0.3,0.2,1,rrg,0,0.045454543,0.04545454,3.7252903e-09,1,0.045454543,0.0,0,3.0910428,3.0910427570343018,3.0910428,0.0,1,0.0
random,N/A,0.2,0.3,0.30000000000000004,1,rrg,0,0.045454543,0.04545454,3.7252903e-09,1,0.045454543,0.0,0,3.0910428,3.0910427570343018,3.0910428,0.0,1,0.0
random,N/A,0.2,0.3,0.4,1,rrg,0,0.045454543,0.04545454,3.7252903e-09,1,0.045454543,0.0,0,3.0910428,3.091042995452881,3.0910428,0.0,1,0.0
random,N/A,0.2,0.3,0.5,1,rrg,1,0.045454543,0.04545454,3.7252903e-09,1,0.045454543,0.0,0,3.0910428,3.0910427570343018,3.0910428,0.0,1,0.0
random,N/A,0.2,0.3,0.6000000000000001,1,rrg,0,0.045454543,0.04545454,3.7252903e-09,1,0.045454543,0.0,0,3.0910428,3.0910427570343018,3.0910428,0.0,1,0.0
random,N/A,0.2,0.3,0.7000000000000001,1,rrg,1,0.045454543,0.04545454,3.7252903e-09,1,0.045454543,0.0,0,3.0910428,3.091042995452881,3.0910428,0.0,1,0.0
random,N/A,0.2,0.3,0.8,1,rrg,0,0.045454543,0.04545454,3.7252903e-09,1,0.045454543,0.0,0,3.0910428,3.0910427570343018,3.0910428,0.0,1,0.0
random,N/A,0.2,0.3,0.9,1,rrg,0,0.045454543,0.045454536,7.450581e-09,1,0.045454543,0.0,0,3.0910428,3.0910425186157227,3.0910428,0.0,1,0.0
random,N/A,0.2,0.3,1.0,1,rrg,0,0.045454543,,,1,0.045454543,0.0,0,3.0910428,,3.0910428,0.0,1,
random,N/A,0.3,0.3,0.1,1,rrg,515,0.045454543,0.045454543,0.0,1,0.045454543,0.0,0,3.0910428,3.0910427570343018,3.0910428,0.0,1,0.0
random,N/A,0.3,0.3,0.2,1,rrg,7,0.045454543,0.04545454,3.7252903e-09,1,0.045454543,0.0,1,3.0910428,3.0910427570343018,3.0910428,0.0,1,0.0
random,N/A,0.3,0.3,0.30000000000000004,1,rrg,512,0.045454543,0.04545454,3.7252903e-09,1,0.045454543,0.0,0,3.0910428,3.0910427570343018,3.0910428,0.0,1,0.0
random,N/A,0.3,0.3,0.4,1,rrg,1,0.045454543,0.04545454,3.7252903e-09,1,0.045454543,0.0,0,3.0910428,3.091042995452881,3.0910428,0.0,1,0.0
random,N/A,0.3,0.3,0.5,1,rrg,1,0.045454543,0.04545454,3.7252903e-09,1,0.045454543,0.0,0,3.0910428,3.0910427570343018,3.0910428,0.0,1,0.0
random,N/A,0.3,0.3,0.6000000000000001,1,rrg,3,0.045454543,0.04545454,3.7252903e-09,1,0.045454543,0.0,1,3.0910428,3.0910427570343018,3.0910428,0.0,1,0.0
random,N/A,0.3,0.3,0.7000000000000001,1,rrg,0,0.045454543,0.04545454,3.7252903e-09,1,0.045454543,0.0,0,3.0910428,3.091042995452881,3.0910428,0.0,1,0.0
random,N/A,0.3,0.3,0.8,1,rrg,0,0.045454543,0.04545454,3.7252903e-09,1,0.045454543,0.0,0,3.0910428,3.0910427570343018,3.0910428,0.0,1,0.0
random,N/A,0.3,0.3,0.9,1,rrg,0,0.045454543,0.045454536,7.450581e-09,1,0.045454543,0.0,0,3.0910428,3.0910425186157227,3.0910428,0.0,1,0.0
random,N/A,0.3,0.3,1.0,1,rrg,0,0.045454543,,,1,0.045454543,0.0,0,3.0910428,,3.0910428,0.0,1,
random,N/A,0.4,0.3,0.1,1,rrg,0,0.045454543,0.045454543,0.0,1,0.045454543,0.0,1,3.0910428,3.0910427570343018,3.0910428,0.0,1,0.0
random,N/A,0.4,0.3,0.2,1,rrg,1,0.045454543,0.04545454,3.7252903e-09,1,0.045454543,0.0,1,3.0910428,3.0910427570343018,3.0910428,0.0,1,0.0
random,N/A,0.4,0.3,0.30000000000000004,1,rrg,512,0.045454543,0.04545454,3.7252903e-09,1,0.045454543,0.0,1,3.0910428,3.0910427570343018,3.0910428,0.0,1,0.0
random,N/A,0.4,0.3,0.4,1,rrg,1,0.045454543,0.04545454,3.7252903e-09,1,0.045454543,0.0,1,3.0910428,3.091042995452881,3.0910428,0.0,1,0.0
random,N/A,0.4,0.3,0.5,1,rrg,1,0.045454543,0.04545454,3.7252903e-09,1,0.045454543,0.0,1,3.0910428,3.0910427570343018,3.0910428,0.0,1,0.0
random,N/A,0.4,0.3,0.6000000000000001,1,rrg,0,0.045454543,0.04545454,3.7252903e-09,1,0.045454543,0.0,1,3.0910428,3.0910427570343018,3.0910428,0.0,1,0.0
random,N/A,0.4,0.3,0.7000000000000001,1,rrg,2,0.045454543,0.04545454,3.7252903e-09,1,0.045454543,0.0,1,3.0910428,3.091042995452881,3.0910428,0.0,1,0.0
random,N/A,0.4,0.3,0.8,1,rrg,0,0.045454543,0.04545454,3.7252903e-09,1,0.045454543,0.0,1,3.0910428,3.0910427570343018,3.0910428,0.0,1,0.0
random,N/A,0.4,0.3,0.9,1,rrg,0,0.045454543,0.045454536,7.450581e-09,1,0.045454543,0.0,1,3.0910428,3.0910425186157227,3.0910428,0.0,1,0.0
random,N/A,0.4,0.3,1.0,1,rrg,0,0.045454543,,,1,0.045454543,0.0,1,3.0910428,,3.0910428,0.0,1,
random,N/A,0.05,0.3,0.1,2,rrg,5,0.045454543,0.045454543,0.0,1,0.045454543,0.0,0,3.0910428,3.0910427570343018,3.0910428,0.0,1,0.0
random,N/A,0.05,0.3,0.2,2,rrg,4,0.045454543,0.04545454,3.7252903e-09,1,0.045454543,0.0,0,3.0910428,3.0910427570343018,3.0910428,0.0,1,0.0
random,N/A,0.05,0.3,0.30000000000000004,2,rrg,1,0.045454543,0.04545454,3.7252903e-09,1,0.045454543,0.0,0,3.0910428,3.0910427570343018,3.0910428,0.0,1,0.0
random,N/A,0.05,0.3,0.4,2,rrg,0,0.045454543,0.04545454,3.7252903e-09,1,0.045454543,0.0,0,3.0910428,3.091042995452881,3.0910428,0.0,1,0.0
random,N/A,0.05,0.3,0.5,2,rrg,1,0.045454543,0.04545454,3.7252903e-09,1,0.045454543,0.0,0,3.0910428,3.0910427570343018,3.0910428,0.0,1,0.0
random,N/A,0.05,0.3,0.6000000000000001,2,rrg,0,0.045454543,0.04545454,3.7252903e-09,1,0.045454543,0.0,0,3.0910428,3.0910427570343018,3.0910428,0.0,1,0.0
random,N/A,0.05,0.3,0.7000000000000001,2,rrg,0,0.045454543,0.04545454,3.7252903e-09,1,0.045454543,0.0,0,3.0910428,3.091042995452881,3.0910428,0.0,1,0.0
random,N/A,0.05,0.3,0.8,2,rrg,0,0.045454543,0.04545454,3.7252903e-09,1,0.045454543,0.0,0,3.0910428,3.0910427570343018,3.0910428,0.0,1,0.0
random,N/A,0.05,0.3,0.9,2,rrg,0,0.045454543,0.045454536,7.450581e-09,1,0.045454543,0.0,0,3.0910428,3.0910425186157227,3.0910428,0.0,1,0.0
random,N/A,0.05,0.3,1.0,2,rrg,0,0.045454543,,,1,0.045454543,0.0,0,3.0910428,,3.0910428,0.0,1,
random,N/A,0.1,0.3,0.1,2,rrg,516,0.045454543,0.045454543,0.0,1,0.045454543,0.0,0,3.0910428,3.0910427570343018,3.0910428,0.0,1,0.0
random,N/A,0.1,0.3,0.2,2,rrg,0,0.045454543,0.04545454,3.7252903e-09,1,0.045454543,0.0,0,3.0910428,3.0910427570343018,3.0910428,0.0,1,0.0
random,N/A,0.1,0.3,0.30000000000000004,2,rrg,0,0.045454543,0.04545454,3.7252903e-09,1,0.045454543,0.0,0,3.0910428,3.0910427570343018,3.0910428,0.0,1,0.0
random,N/A,0.1,0.3,0.4,2,rrg,2,0.045454543,0.04545454,3.7252903e-09,1,0.045454543,0.0,0,3.0910428,3.091042995452881,3.0910428,0.0,1,0.0
random,N/A,0.1,0.3,0.5,2,rrg,1,0.045454543,0.04545454,3.7252903e-09,1,0.045454543,0.0,0,3.0910428,3.0910427570343018,3.0910428,0.0,1,0.0
random,N/A,0.1,0.3,0.6000000000000001,2,rrg,0,0.045454543,0.04545454,3.7252903e-09,1,0.045454543,0.0,0,3.0910428,3.0910427570343018,3.0910428,0.0,1,0.0
random,N/A,0.1,0.3,0.7000000000000001,2,rrg,0,0.045454543,0.04545454,3.7252903e-09,1,0.045454543,0.0,0,3.0910428,3.091042995452881,3.0910428,0.0,1,0.0
random,N/A,0.1,0.3,0.8,2,rrg,0,0.045454543,0.04545454,3.7252903e-09,1,0.045454543,0.0,0,3.0910428,3.0910427570343018,3.0910428,0.0,1,0.0
random,N/A,0.1,0.3,0.9,2,rrg,0,0.045454543,0.045454536,7.450581e-09,1,0.045454543,0.0,0,3.0910428,3.0910425186157227,3.0910428,0.0,1,0.0
random,N/A,0.1,0.3,1.0,2,rrg,0,0.045454543,,,1,0.045454543,0.0,0,3.0910428,,3.0910428,0.0,1,
random,N/A,0.2,0.3,0.1,2,rrg,512,0.045454543,0.045454543,0.0,1,0.045454543,0.0,0,3.0910428,3.0910427570343018,3.0910428,0.0,1,0.0
random,N/A,0.2,0.3,0.2,2,rrg,515,0.045454543,0.04545454,3.7252903e-09,1,0.045454543,0.0,1,3.0910428,3.0910427570343018,3.0910428,0.0,1,0.0
random,N/A,0.2,0.3,0.30000000000000004,2,rrg,512,0.045454543,0.04545454,3.7252903e-09,1,0.045454543,0.0,0,3.0910428,3.0910427570343018,3.0910428,0.0,1,0.0
random,N/A,0.2,0.3,0.4,2,rrg,3,0.045454543,0.04545454,3.7252903e-09,1,0.045454543,0.0,0,3.0910428,3.091042995452881,3.0910428,0.0,1,0.0
random,N/A,0.2,0.3,0.5,2,rrg,0,0.045454543,0.04545454,3.7252903e-09,1,0.045454543,0.0,0,3.0910428,3.0910427570343018,3.0910428,0.0,1,0.0
random,N/A,0.2,0.3,0.6000000000000001,2,rrg,0,0.045454543,0.04545454,3.7252903e-09,1,0.045454543,0.0,0,3.0910428,3.0910427570343018,3.0910428,0.0,1,0.0
random,N/A,0.2,0.3,0.7000000000000001,2,rrg,0,0.045454543,0.04545454,3.7252903e-09,1,0.045454543,0.0,0,3.0910428,3.091042995452881,3.0910428,0.0,1,0.0
random,N/A,0.2,0.3,0.8,2,rrg,0,0.045454543,0.04545454,3.7252903e-09,1,0.045454543,0.0,0,3.0910428,3.0910427570343018,3.0910428,0.0,1,0.0
random,N/A,0.2,0.3,0.9,2,rrg,0,0.045454543,0.045454536,7.450581e-09,1,0.045454543,0.0,0,3.0910428,3.0910425186157227,3.0910428,0.0,1,0.0
random,N/A,0.2,0.3,1.0,2,rrg,0,0.045454543,,,1,0.045454543,0.0,0,3.0910428,,3.0910428,0.0,1,
random,N/A,0.3,0.3,0.1,2,rrg,517,0.045454543,0.045454543,0.0,1,0.045454543,0.0,0,3.0910428,3.0910427570343018,3.0910428,0.0,1,0.0
random,N/A,0.3,0.3,0.2,2,rrg,514,0.045454543,0.04545454,3.7252903e-09,1,0.045454543,0.0,0,3.0910428,3.0910427570343018,3.0910428,0.0,1,0.0
random,N/A,0.3,0.3,0.30000000000000004,2,rrg,513,0.045454543,0.04545454,3.7252903e-09,1,0.045454543,0.0,0,3.0910428,3.0910427570343018,3.0910428,0.0,1,0.0
random,N/A,0.3,0.3,0.4,2,rrg,2,0.045454543,0.04545454,3.7252903e-09,1,0.045454543,0.0,0,3.0910428,3.091042995452881,3.0910428,0.0,1,0.0
random,N/A,0.3,0.3,0.5,2,rrg,1,0.045454543,0.04545454,3.7252903e-09,1,0.045454543,0.0,0,3.0910428,3.0910427570343018,3.0910428,0.0,1,0.0
random,N/A,0.3,0.3,0.6000000000000001,2,rrg,0,0.045454543,0.04545454,3.7252903e-09,1,0.045454543,0.0,0,3.0910428,3.0910427570343018,3.0910428,0.0,1,0.0
random,N/A,0.3,0.3,0.7000000000000001,2,rrg,0,0.045454543,0.04545454,3.7252903e-09,1,0.045454543,0.0,0,3.0910428,3.091042995452881,3.0910428,0.0,1,0.0
random,N/A,0.3,0.3,0.8,2,rrg,0,0.045454543,0.04545454,3.7252903e-09,1,0.045454543,0.0,0,3.0910428,3.0910427570343018,3.0910428,0.0,1,0.0
random,N/A,0.3,0.3,0.9,2,rrg,0,0.045454543,0.045454536,7.450581e-09,1,0.045454543,0.0,0,3.0910428,3.0910425186157227,3.0910428,0.0,1,0.0
random,N/A,0.3,0.3,1.0,2,rrg,0,0.045454543,,,1,0.045454543,0.0,0,3.0910428,,3.0910428,0.0,1,
random,N/A,0.4,0.3,0.1,2,rrg,4,0.045454543,0.045454543,0.0,1,0.045454543,0.0,1,3.0910428,3.0910427570343018,3.0910428,0.0,1,0.0
random,N/A,0.4,0.3,0.2,2,rrg,512,0.045454543,0.04545454,3.7252903e-09,1,0.045454543,0.0,0,3.0910428,3.0910427570343018,3.0910428,0.0,1,0.0
random,N/A,0.4,0.3,0.30000000000000004,2,rrg,2,0.045454543,0.04545454,3.7252903e-09,1,0.045454543,0.0,0,3.0910428,3.0910427570343018,3.0910428,0.0,1,0.0
random,N/A,0.4,0.3,0.4,2,rrg,0,0.045454543,0.04545454,3.7252903e-09,1,0.045454543,0.0,0,3.0910428,3.091042995452881,3.0910428,0.0,1,0.0
random,N/A,0.4,0.3,0.5,2,rrg,1,0.045454543,0.04545454,3.7252903e-09,1,0.045454543,0.0,1,3.0910428,3.0910427570343018,3.0910428,0.0,1,0.0
random,N/A,0.4,0.3,0.6000000000000001,2,rrg,0,0.045454543,0.04545454,3.7252903e-09,1,0.045454543,0.0,0,3.0910428,3.0910427570343018,3.0910428,0.0,1,0.0
random,N/A,0.4,0.3,0.7000000000000001,2,rrg,0,0.045454543,0.04545454,3.7252903e-09,1,0.045454543,0.0,0,3.0910428,3.091042995452881,3.0910428,0.0,1,0.0
random,N/A,0.4,0.3,0.8,2,rrg,0,0.045454543,0.04545454,3.7252903e-09,1,0.045454543,0.0,0,3.0910428,3.0910427570343018,3.0910428,0.0,1,0.0
random,N/A,0.4,0.3,0.9,2,rrg,0,0.045454543,0.045454536,7.450581e-09,1,0.045454543,0.0,0,3.0910428,3.0910425186157227,3.0910428,0.0,1,0.0
random,N/A,0.4,0.3,1.0,2,rrg,0,0.045454543,,,1,0.045454543,0.0,0,3.0910428,,3.0910428,0.0,1,
random,N/A,0.05,0.3,0.1,3,rrg,524,0.045454543,0.045454543,0.0,1,0.045454543,0.0,1,3.0910428,3.0910427570343018,3.0910428,0.0,1,0.0
random,N/A,0.05,0.3,0.2,3,rrg,0,0.045454543,0.04545454,3.7252903e-09,1,0.045454543,0.0,0,3.0910428,3.0910427570343018,3.0910428,0.0,1,0.0
random,N/A,0.05,0.3,0.30000000000000004,3,rrg,512,0.045454543,0.04545454,3.7252903e-09,1,0.045454543,0.0,0,3.0910428,3.0910427570343018,3.0910428,0.0,1,0.0
random,N/A,0.05,0.3,0.4,3,rrg,2,0.045454543,0.04545454,3.7252903e-09,1,0.045454543,0.0,0,3.0910428,3.091042995452881,3.0910428,0.0,1,0.0
random,N/A,0.05,0.3,0.5,3,rrg,0,0.045454543,0.04545454,3.7252903e-09,1,0.045454543,0.0,0,3.0910428,3.0910427570343018,3.0910428,0.0,1,0.0
random,N/A,0.05,0.3,0.6000000000000001,3,rrg,1,0.045454543,0.04545454,3.7252903e-09,1,0.045454543,0.0,0,3.0910428,3.0910427570343018,3.0910428,0.0,1,0.0
random,N/A,0.05,0.3,0.7000000000000001,3,rrg,2,0.045454543,0.04545454,3.7252903e-09,1,0.045454543,0.0,0,3.0910428,3.091042995452881,3.0910428,0.0,1,0.0
random,N/A,0.05,0.3,0.8,3,rrg,1,0.045454543,0.04545454,3.7252903e-09,1,0.045454543,0.0,0,3.0910428,3.0910427570343018,3.0910428,0.0,1,0.0
random,N/A,0.05,0.3,0.9,3,rrg,0,0.045454543,0.045454536,7.450581e-09,1,0.045454543,0.0,0,3.0910428,3.0910425186157227,3.0910428,0.0,1,0.0
random,N/A,0.05,0.3,1.0,3,rrg,0,0.045454543,,,1,0.045454543,0.0,0,3.0910428,,3.0910428,0.0,1,
random,N/A,0.1,0.3,0.1,3,rrg,512,0.045454543,0.045454543,0.0,1,0.045454543,0.0,0,3.0910428,3.0910427570343018,3.0910428,0.0,1,0.0
random,N/A,0.1,0.3,0.2,3,rrg,512,0.045454543,0.04545454,3.7252903e-09,1,0.045454543,0.0,0,3.0910428,3.0910427570343018,3.0910428,0.0,1,0.0
random,N/A,0.1,0.3,0.30000000000000004,3,rrg,0,0.045454543,0.04545454,3.7252903e-09,1,0.045454543,0.0,1,3.0910428,3.0910427570343018,3.0910428,0.0,1,0.0
random,N/A,0.1,0.3,0.4,3,rrg,3,0.045454543,0.04545454,3.7252903e-09,1,0.045454543,0.0,0,3.0910428,3.091042995452881,3.0910428,0.0,1,0.0
random,N/A,0.1,0.3,0.5,3,rrg,6,0.045454543,0.04545454,3.7252903e-09,1,0.045454543,0.0,0,3.0910428,3.0910427570343018,3.0910428,0.0,1,0.0
random,N/A,0.1,0.3,0.6000000000000001,3,rrg,0,0.045454543,0.04545454,3.7252903e-09,1,0.045454543,0.0,1,3.0910428,3.0910427570343018,3.0910428,0.0,1,0.0
random,N/A,0.1,0.3,0.7000000000000001,3,rrg,0,0.045454543,0.04545454,3.7252903e-09,1,0.045454543,0.0,1,3.0910428,3.091042995452881,3.0910428,0.0,1,0.0
random,N/A,0.1,0.3,0.8,3,rrg,2,0.045454543,0.04545454,3.7252903e-09,1,0.045454543,0.0,0,3.0910428,3.0910427570343018,3.0910428,0.0,1,0.0
random,N/A,0.1,0.3,0.9,3,rrg,0,0.045454543,0.045454536,7.450581e-09,1,0.045454543,0.0,1,3.0910428,3.0910425186157227,3.0910428,0.0,1,0.0
random,N/A,0.1,0.3,1.0,3,rrg,0,0.045454543,,,1,0.045454543,0.0,1,3.0910428,,3.0910428,0.0,1,
random,N/A,0.2,0.3,0.1,3,rrg,5,0.045454543,0.045454543,0.0,1,0.045454543,0.0,0,3.0910428,3.0910427570343018,3.0910428,0.0,1,0.0
random,N/A,0.2,0.3,0.2,3,rrg,9,0.045454543,0.04545454,3.7252903e-09,1,0.045454543,0.0,1,3.0910428,3.0910427570343018,3.0910428,0.0,1,0.0
random,N/A,0.2,0.3,0.30000000000000004,3,rrg,513,0.045454543,0.04545454,3.7252903e-09,1,0.045454543,0.0,0,3.0910428,3.0910427570343018,3.0910428,0.0,1,0.0
random,N/A,0.2,0.3,0.4,3,rrg,0,0.045454543,0.04545454,3.7252903e-09,1,0.045454543,0.0,0,3.0910428,3.091042995452881,3.0910428,0.0,1,0.0
random,N/A,0.2,0.3,0.5,3,rrg,1,0.045454543,0.04545454,3.7252903e-09,1,0.045454543,0.0,1,3.0910428,3.0910427570343018,3.0910428,0.0,1,0.0
random,N/A,0.2,0.3,0.6000000000000001,3,rrg,0,0.045454543,0.04545454,3.7252903e-09,1,0.045454543,0.0,0,3.0910428,3.0910427570343018,3.0910428,0.0,1,0.0
random,N/A,0.2,0.3,0.7000000000000001,3,rrg,0,0.045454543,0.04545454,3.7252903e-09,1,0.045454543,0.0,0,3.0910428,3.091042995452881,3.0910428,0.0,1,0.0
random,N/A,0.2,0.3,0.8,3,rrg,0,0.045454543,0.04545454,3.7252903e-09,1,0.045454543,0.0,0,3.0910428,3.0910427570343018,3.0910428,0.0,1,0.0
random,N/A,0.2,0.3,0.9,3,rrg,0,0.045454543,0.045454536,7.450581e-09,1,0.045454543,0.0,0,3.0910428,3.0910425186157227,3.0910428,0.0,1,0.0
random,N/A,0.2,0.3,1.0,3,rrg,0,0.045454543,,,1,0.045454543,0.0,0,3.0910428,,3.0910428,0.0,1,
random,N/A,0.3,0.3,0.1,3,rrg,513,0.045454543,0.045454543,0.0,1,0.045454543,0.0,1,3.0910428,3.0910427570343018,3.0910428,0.0,1,0.0
random,N/A,0.3,0.3,0.2,3,rrg,1,0.045454543,0.04545454,3.7252903e-09,1,0.045454543,0.0,0,3.0910428,3.0910427570343018,3.0910428,0.0,1,0.0
random,N/A,0.3,0.3,0.30000000000000004,3,rrg,0,0.045454543,0.04545454,3.7252903e-09,1,0.045454543,0.0,0,3.0910428,3.0910427570343018,3.0910428,0.0,1,0.0
random,N/A,0.3,0.3,0.4,3,rrg,0,0.045454543,0.04545454,3.7252903e-09,1,0.045454543,0.0,0,3.0910428,3.091042995452881,3.0910428,0.0,1,0.0
random,N/A,0.3,0.3,0.5,3,rrg,0,0.045454543,0.04545454,3.7252903e-09,1,0.045454543,0.0,0,3.0910428,3.0910427570343018,3.0910428,0.0,1,0.0
random,N/A,0.3,0.3,0.6000000000000001,3,rrg,0,0.045454543,0.04545454,3.7252903e-09,1,0.045454543,0.0,0,3.0910428,3.0910427570343018,3.0910428,0.0,1,0.0
random,N/A,0.3,0.3,0.7000000000000001,3,rrg,0,0.045454543,0.04545454,3.7252903e-09,1,0.045454543,0.0,0,3.0910428,3.091042995452881,3.0910428,0.0,1,0.0
random,N/A,0.3,0.3,0.8,3,rrg,0,0.045454543,0.04545454,3.7252903e-09,1,0.045454543,0.0,0,3.0910428,3.0910427570343018,3.0910428,0.0,1,0.0
random,N/A,0.3,0.3,0.9,3,rrg,0,0.045454543,0.045454536,7.450581e-09,1,0.045454543,0.0,0,3.0910428,3.0910425186157227,3.0910428,0.0,1,0.0
random,N/A,0.3,0.3,1.0,3,rrg,0,0.045454543,,,1,0.045454543,0.0,0,3.0910428,,3.0910428,0.0,1,
random,N/A,0.4,0.3,0.1,3,rrg,8,0.045454543,0.045454543,0.0,1,0.045454543,0.0,0,3.0910428,3.0910427570343018,3.0910428,0.0,1,0.0
random,N/A,0.4,0.3,0.2,3,rrg,0,0.045454543,0.04545454,3.7252903e-09,1,0.045454543,0.0,0,3.0910428,3.0910427570343018,3.0910428,0.0,1,0.0
random,N/A,0.4,0.3,0.30000000000000004,3,rrg,0,0.045454543,0.04545454,3.7252903e-09,1,0.045454543,0.0,0,3.0910428,3.0910427570343018,3.0910428,0.0,1,0.0
random,N/A,0.4,0.3,0.4,3,rrg,0,0.045454543,0.04545454,3.7252903e-09,1,0.045454543,0.0,0,3.0910428,3.091042995452881,3.0910428,0.0,1,0.0
random,N/A,0.4,0.3,0.5,3,rrg,0,0.045454543,0.04545454,3.7252903e-09,1,0.045454543,0.0,0,3.0910428,3.0910427570343018,3.0910428,0.0,1,0.0
random,N/A,0.4,0.3,0.6000000000000001,3,rrg,0,0.045454543,0.04545454,3.7252903e-09,1,0.045454543,0.0,0,3.0910428,3.0910427570343018,3.0910428,0.0,1,0.0
random,N/A,0.4,0.3,0.7000000000000001,3,rrg,0,0.045454543,0.04545454,3.7252903e-09,1,0.045454543,0.0,0,3.0910428,3.091042995452881,3.0910428,0.0,1,0.0
random,N/A,0.4,0.3,0.8,3,rrg,1,0.045454543,0.04545454,3.7252903e-09,1,0.045454543,0.0,1,3.0910428,3.0910427570343018,3.0910428,0.0,1,0.0
random,N/A,0.4,0.3,0.9,3,rrg,0,0.045454543,0.045454536,7.450581e-09,1,0.045454543,0.0,0,3.0910428,3.0910425186157227,3.0910428,0.0,1,0.0
random,N/A,0.4,0.3,1.0,3,rrg,0,0.045454543,,,1,0.045454543,0.0,0,3.0910428,,3.0910428,0.0,1,
random,N/A,0.05,0.3,0.1,4,rrg,513,0.045454543,0.045454543,0.0,1,0.045454543,0.0,1,3.0910428,3.0910427570343018,3.0910428,0.0,1,0.0
random,N/A,0.05,0.3,0.2,4,rrg,512,0.045454543,0.04545454,3.7252903e-09,1,0.045454543,0.0,0,3.0910428,3.0910427570343018,3.0910428,0.0,1,0.0
random,N/A,0.05,0.3,0.30000000000000004,4,rrg,512,0.045454543,0.04545454,3.7252903e-09,1,0.045454543,0.0,0,3.0910428,3.0910427570343018,3.0910428,0.0,1,0.0
random,N/A,0.05,0.3,0.4,4,rrg,0,0.045454543,0.04545454,3.7252903e-09,1,0.045454543,0.0,0,3.0910428,3.091042995452881,3.0910428,0.0,1,0.0
random,N/A,0.05,0.3,0.5,4,rrg,0,0.045454543,0.04545454,3.7252903e-09,1,0.045454543,0.0,0,3.0910428,3.0910427570343018,3.0910428,0.0,1,0.0
random,N/A,0.05,0.3,0.6000000000000001,4,rrg,1,0.045454543,0.04545454,3.7252903e-09,1,0.045454543,0.0,0,3.0910428,3.0910427570343018,3.0910428,0.0,1,0.0
random,N/A,0.05,0.3,0.7000000000000001,4,rrg,0,0.045454543,0.04545454,3.7252903e-09,1,0.045454543,0.0,0,3.0910428,3.091042995452881,3.0910428,0.0,1,0.0
random,N/A,0.05,0.3,0.8,4,rrg,0,0.045454543,0.04545454,3.7252903e-09,1,0.045454543,0.0,0,3.0910428,3.0910427570343018,3.0910428,0.0,1,0.0
random,N/A,0.05,0.3,0.9,4,rrg,1,0.045454543,0.045454536,7.450581e-09,1,0.045454543,0.0,0,3.0910428,3.0910425186157227,3.0910428,0.0,1,0.0
random,N/A,0.05,0.3,1.0,4,rrg,0,0.045454543,,,1,0.045454543,0.0,0,3.0910428,,3.0910428,0.0,1,
random,N/A,0.1,0.3,0.1,4,rrg,517,0.045454543,0.045454543,0.0,1,0.045454543,0.0,0,3.0910428,3.0910427570343018,3.0910428,0.0,1,0.0
random,N/A,0.1,0.3,0.2,4,rrg,3,0.045454543,0.04545454,3.7252903e-09,1,0.045454543,0.0,0,3.0910428,3.0910427570343018,3.0910428,0.0,1,0.0
random,N/A,0.1,0.3,0.30000000000000004,4,rrg,517,0.045454543,0.04545454,3.7252903e-09,1,0.045454543,0.0,0,3.0910428,3.0910427570343018,3.0910428,0.0,1,0.0
random,N/A,0.1,0.3,0.4,4,rrg,1,0.045454543,0.04545454,3.7252903e-09,1,0.045454543,0.0,0,3.0910428,3.091042995452881,3.0910428,0.0,1,0.0
random,N/A,0.1,0.3,0.5,4,rrg,3,0.045454543,0.04545454,3.7252903e-09,1,0.045454543,0.0,0,3.0910428,3.0910427570343018,3.0910428,0.0,1,0.0
random,N/A,0.1,0.3,0.6000000000000001,4,rrg,2,0.045454543,0.04545454,3.7252903e-09,1,0.045454543,0.0,0,3.0910428,3.0910427570343018,3.0910428,0.0,1,0.0
random,N/A,0.1,0.3,0.7000000000000001,4,rrg,2,0.045454543,0.04545454,3.7252903e-09,1,0.045454543,0.0,0,3.0910428,3.091042995452881,3.0910428,0.0,1,0.0
random,N/A,0.1,0.3,0.8,4,rrg,0,0.045454543,0.04545454,3.7252903e-09,1,0.045454543,0.0,0,3.0910428,3.0910427570343018,3.0910428,0.0,1,0.0
random,N/A,0.1,0.3,0.9,4,rrg,0,0.045454543,0.045454536,7.450581e-09,1,0.045454543,0.0,0,3.0910428,3.0910425186157227,3.0910428,0.0,1,0.0
random,N/A,0.1,0.3,1.0,4,rrg,0,0.045454543,,,1,0.045454543,0.0,0,3.0910428,,3.0910428,0.0,1,
random,N/A,0.2,0.3,0.1,4,rrg,526,0.045454543,0.045454543,0.0,1,0.045454543,0.0,1,3.0910428,3.0910427570343018,3.0910428,0.0,1,0.0
random,N/A,0.2,0.3,0.2,4,rrg,5,0.045454543,0.04545454,3.7252903e-09,1,0.045454543,0.0,0,3.0910428,3.0910427570343018,3.0910428,0.0,1,0.0
random,N/A,0.2,0.3,0.30000000000000004,4,rrg,514,0.045454543,0.04545454,3.7252903e-09,1,0.045454543,0.0,0,3.0910428,3.0910427570343018,3.0910428,0.0,1,0.0
random,N/A,0.2,0.3,0.4,4,rrg,3,0.045454543,0.04545454,3.7252903e-09,1,0.045454543,0.0,0,3.0910428,3.091042995452881,3.0910428,0.0,1,0.0
random,N/A,0.2,0.3,0.5,4,rrg,0,0.045454543,0.04545454,3.7252903e-09,1,0.045454543,0.0,0,3.0910428,3.0910427570343018,3.0910428,0.0,1,0.0
random,N/A,0.2,0.3,0.6000000000000001,4,rrg,0,0.045454543,0.04545454,3.7252903e-09,1,0.045454543,0.0,0,3.0910428,3.0910427570343018,3.0910428,0.0,1,0.0
random,N/A,0.2,0.3,0.7000000000000001,4,rrg,0,0.045454543,0.04545454,3.7252903e-09,1,0.045454543,0.0,0,3.0910428,3.091042995452881,3.0910428,0.0,1,0.0
random,N/A,0.2,0.3,0.8,4,rrg,1,0.045454543,0.04545454,3.7252903e-09,1,0.045454543,0.0,0,3.0910428,3.0910427570343018,3.0910428,0.0,1,0.0
random,N/A,0.2,0.3,0.9,4,rrg,0,0.045454543,0.045454536,7.450581e-09,1,0.045454543,0.0,0,3.0910428,3.0910425186157227,3.0910428,0.0,1,0.0
random,N/A,0.2,0.3,1.0,4,rrg,0,0.045454543,,,1,0.045454543,0.0,0,3.0910428,,3.0910428,0.0,1,
random,N/A,0.3,0.3,0.1,4,rrg,515,0.045454543,0.045454543,0.0,1,0.045454543,0.0,0,3.0910428,3.0910427570343018,3.0910428,0.0,1,0.0
random,N/A,0.3,0.3,0.2,4,rrg,512,0.045454543,0.04545454,3.7252903e-09,1,0.045454543,0.0,0,3.0910428,3.0910427570343018,3.0910428,0.0,1,0.0
random,N/A,0.3,0.3,0.30000000000000004,4,rrg,512,0.045454543,0.04545454,3.7252903e-09,1,0.045454543,0.0,0,3.0910428,3.0910427570343018,3.0910428,0.0,1,0.0
random,N/A,0.3,0.3,0.4,4,rrg,1,0.045454543,0.04545454,3.7252903e-09,1,0.045454543,0.0,0,3.0910428,3.091042995452881,3.0910428,0.0,1,0.0
random,N/A,0.3,0.3,0.5,4,rrg,0,0.045454543,0.04545454,3.7252903e-09,1,0.045454543,0.0,0,3.0910428,3.0910427570343018,3.0910428,0.0,1,0.0
random,N/A,0.3,0.3,0.6000000000000001,4,rrg,3,0.045454543,0.04545454,3.7252903e-09,1,0.045454543,0.0,1,3.0910428,3.0910427570343018,3.0910428,0.0,1,0.0
random,N/A,0.3,0.3,0.7000000000000001,4,rrg,0,0.045454543,0.04545454,3.7252903e-09,1,0.045454543,0.0,0,3.0910428,3.091042995452881,3.0910428,0.0,1,0.0
random,N/A,0.3,0.3,0.8,4,rrg,0,0.045454543,0.04545454,3.7252903e-09,1,0.045454543,0.0,0,3.0910428,3.0910427570343018,3.0910428,0.0,1,0.0
random,N/A,0.3,0.3,0.9,4,rrg,0,0.045454543,0.045454536,7.450581e-09,1,0.045454543,0.0,0,3.0910428,3.0910425186157227,3.0910428,0.0,1,0.0
random,N/A,0.3,0.3,1.0,4,rrg,0,0.045454543,,,1,0.045454543,0.0,0,3.0910428,,3.0910428,0.0,1,
random,N/A,0.4,0.3,0.1,4,rrg,515,0.045454543,0.045454543,0.0,1,0.045454543,0.0,0,3.0910428,3.0910427570343018,3.0910428,0.0,1,0.0
random,N/A,0.4,0.3,0.2,4,rrg,518,0.045454543,0.04545454,3.7252903e-09,1,0.045454543,0.0,0,3.0910428,3.0910427570343018,3.0910428,0.0,1,0.0
random,N/A,0.4,0.3,0.30000000000000004,4,rrg,0,0.045454543,0.04545454,3.7252903e-09,1,0.045454543,0.0,0,3.0910428,3.0910427570343018,3.0910428,0.0,1,0.0
random,N/A,0.4,0.3,0.4,4,rrg,1,0.045454543,0.04545454,3.7252903e-09,1,0.045454543,0.0,1,3.0910428,3.091042995452881,3.0910428,0.0,1,0.0
random,N/A,0.4,0.3,0.5,4,rrg,0,0.045454543,0.04545454,3.7252903e-09,1,0.045454543,0.0,0,3.0910428,3.0910427570343018,3.0910428,0.0,1,0.0
random,N/A,0.4,0.3,0.6000000000000001,4,rrg,2,0.045454543,0.04545454,3.7252903e-09,1,0.045454543,0.0,0,3.0910428,3.0910427570343018,3.0910428,0.0,1,0.0
random,N/A,0.4,0.3,0.7000000000000001,4,rrg,0,0.045454543,0.04545454,3.7252903e-09,1,0.045454543,0.0,0,3.0910428,3.091042995452881,3.0910428,0.0,1,0.0
random,N/A,0.4,0.3,0.8,4,rrg,0,0.045454543,0.04545454,3.7252903e-09,1,0.045454543,0.0,0,3.0910428,3.0910427570343018,3.0910428,0.0,1,0.0
random,N/A,0.4,0.3,0.9,4,rrg,0,0.045454543,0.045454536,7.450581e-09,1,0.045454543,0.0,0,3.0910428,3.0910425186157227,3.0910428,0.0,1,0.0
random,N/A,0.4,0.3,1.0,4,rrg,0,0.045454543,,,1,0.045454543,0.0,0,3.0910428,,3.0910428,0.0,1,
random,N/A,0.05,0.3,0.1,5,rrg,517,0.045454543,0.045454543,0.0,1,0.045454543,0.0,0,3.0910428,3.0910427570343018,3.0910428,0.0,1,0.0
random,N/A,0.05,0.3,0.2,5,rrg,513,0.045454543,0.04545454,3.7252903e-09,1,0.045454543,0.0,0,3.0910428,3.0910427570343018,3.0910428,0.0,1,0.0
random,N/A,0.05,0.3,0.30000000000000004,5,rrg,5,0.045454543,0.04545454,3.7252903e-09,1,0.045454543,0.0,0,3.0910428,3.0910427570343018,3.0910428,0.0,1,0.0
random,N/A,0.05,0.3,0.4,5,rrg,1,0.045454543,0.04545454,3.7252903e-09,1,0.045454543,0.0,0,3.0910428,3.091042995452881,3.0910428,0.0,1,0.0
random,N/A,0.05,0.3,0.5,5,rrg,1,0.045454543,0.04545454,3.7252903e-09,1,0.045454543,0.0,0,3.0910428,3.0910427570343018,3.0910428,0.0,1,0.0
random,N/A,0.05,0.3,0.6000000000000001,5,rrg,0,0.045454543,0.04545454,3.7252903e-09,1,0.045454543,0.0,1,3.0910428,3.0910427570343018,3.0910428,0.0,1,0.0
random,N/A,0.05,0.3,0.7000000000000001,5,rrg,0,0.045454543,0.04545454,3.7252903e-09,1,0.045454543,0.0,1,3.0910428,3.091042995452881,3.0910428,0.0,1,0.0
random,N/A,0.05,0.3,0.8,5,rrg,0,0.045454543,0.04545454,3.7252903e-09,1,0.045454543,0.0,1,3.0910428,3.0910427570343018,3.0910428,0.0,1,0.0
random,N/A,0.05,0.3,0.9,5,rrg,0,0.045454543,0.045454536,7.450581e-09,1,0.045454543,0.0,1,3.0910428,3.0910425186157227,3.0910428,0.0,1,0.0
random,N/A,0.05,0.3,1.0,5,rrg,0,0.045454543,,,1,0.045454543,0.0,1,3.0910428,,3.0910428,0.0,1,
random,N/A,0.1,0.3,0.1,5,rrg,0,0.045454543,0.045454543,0.0,1,0.045454543,0.0,1,3.0910428,3.0910427570343018,3.0910428,0.0,1,0.0
random,N/A,0.1,0.3,0.2,5,rrg,517,0.045454543,0.04545454,3.7252903e-09,1,0.045454543,0.0,0,3.0910428,3.0910427570343018,3.0910428,0.0,1,0.0
random,N/A,0.1,0.3,0.30000000000000004,5,rrg,0,0.045454543,0.04545454,3.7252903e-09,1,0.045454543,0.0,1,3.0910428,3.0910427570343018,3.0910428,0.0,1,0.0
random,N/A,0.1,0.3,0.4,5,rrg,1,0.045454543,0.04545454,3.7252903e-09,1,0.045454543,0.0,0,3.0910428,3.091042995452881,3.0910428,0.0,1,0.0
random,N/A,0.1,0.3,0.5,5,rrg,1,0.045454543,0.04545454,3.7252903e-09,1,0.045454543,0.0,0,3.0910428,3.0910427570343018,3.0910428,0.0,1,0.0
random,N/A,0.1,0.3,0.6000000000000001,5,rrg,3,0.045454543,0.04545454,3.7252903e-09,1,0.045454543,0.0,0,3.0910428,3.0910427570343018,3.0910428,0.0,1,0.0
random,N/A,0.1,0.3,0.7000000000000001,5,rrg,0,0.045454543,0.04545454,3.7252903e-09,1,0.045454543,0.0,1,3.0910428,3.091042995452881,3.0910428,0.0,1,0.0
random,N/A,0.1,0.3,0.8,5,rrg,0,0.045454543,0.04545454,3.7252903e-09,1,0.045454543,0.0,1,3.0910428,3.0910427570343018,3.0910428,0.0,1,0.0
random,N/A,0.1,0.3,0.9,5,rrg,1,0.045454543,0.045454536,7.450581e-09,1,0.045454543,0.0,0,3.0910428,3.0910425186157227,3.0910428,0.0,1,0.0
random,N/A,0.1,0.3,1.0,5,rrg,0,0.045454543,,,1,0.045454543,0.0,1,3.0910428,,3.0910428,0.0,1,
random,N/A,0.2,0.3,0.1,5,rrg,526,0.045454543,0.045454543,0.0,1,0.045454543,0.0,1,3.0910428,3.0910427570343018,3.0910428,0.0,1,0.0
random,N/A,0.2,0.3,0.2,5,rrg,0,0.045454543,0.04545454,3.7252903e-09,1,0.045454543,0.0,1,3.0910428,3.0910427570343018,3.0910428,0.0,1,0.0
random,N/A,0.2,0.3,0.30000000000000004,5,rrg,514,0.045454543,0.04545454,3.7252903e-09,1,0.045454543,0.0,0,3.0910428,3.0910427570343018,3.0910428,0.0,1,0.0
random,N/A,0.2,0.3,0.4,5,rrg,1,0.045454543,0.04545454,3.7252903e-09,1,0.045454543,0.0,0,3.0910428,3.091042995452881,3.0910428,0.0,1,0.0
random,N/A,0.2,0.3,0.5,5,rrg,1,0.045454543,0.04545454,3.7252903e-09,1,0.045454543,0.0,0,3.0910428,3.0910427570343018,3.0910428,0.0,1,0.0
random,N/A,0.2,0.3,0.6000000000000001,5,rrg,0,0.045454543,0.04545454,3.7252903e-09,1,0.045454543,0.0,1,3.0910428,3.0910427570343018,3.0910428,0.0,1,0.0
random,N/A,0.2,0.3,0.7000000000000001,5,rrg,0,0.045454543,0.04545454,3.7252903e-09,1,0.045454543,0.0,1,3.0910428,3.091042995452881,3.0910428,0.0,1,0.0
random,N/A,0.2,0.3,0.8,5,rrg,0,0.045454543,0.04545454,3.7252903e-09,1,0.045454543,0.0,1,3.0910428,3.0910427570343018,3.0910428,0.0,1,0.0
random,N/A,0.2,0.3,0.9,5,rrg,0,0.045454543,0.045454536,7.450581e-09,1,0.045454543,0.0,1,3.0910428,3.0910425186157227,3.0910428,0.0,1,0.0
random,N/A,0.2,0.3,1.0,5,rrg,0,0.045454543,,,1,0.045454543,0.0,1,3.0910428,,3.0910428,0.0,1,
random,N/A,0.3,0.3,0.1,5,rrg,516,0.045454543,0.045454543,0.0,1,0.045454543,0.0,0,3.0910428,3.0910427570343018,3.0910428,0.0,1,0.0
random,N/A,0.3,0.3,0.2,5,rrg,513,0.045454543,0.04545454,3.7252903e-09,1,0.045454543,0.0,1,3.0910428,3.0910427570343018,3.0910428,0.0,1,0.0
random,N/A,0.3,0.3,0.30000000000000004,5,rrg,512,0.045454543,0.04545454,3.7252903e-09,1,0.045454543,0.0,1,3.0910428,3.0910427570343018,3.0910428,0.0,1,0.0
random,N/A,0.3,0.3,0.4,5,rrg,0,0.045454543,0.04545454,3.7252903e-09,1,0.045454543,0.0,1,3.0910428,3.091042995452881,3.0910428,0.0,1,0.0
random,N/A,0.3,0.3,0.5,5,rrg,5,0.045454543,0.04545454,3.7252903e-09,1,0.045454543,0.0,0,3.0910428,3.0910427570343018,3.0910428,0.0,1,0.0
random,N/A,0.3,0.3,0.6000000000000001,5,rrg,0,0.045454543,0.04545454,3.7252903e-09,1,0.045454543,0.0,1,3.0910428,3.0910427570343018,3.0910428,0.0,1,0.0
random,N/A,0.3,0.3,0.7000000000000001,5,rrg,0,0.045454543,0.04545454,3.7252903e-09,1,0.045454543,0.0,1,3.0910428,3.091042995452881,3.0910428,0.0,1,0.0
random,N/A,0.3,0.3,0.8,5,rrg,0,0.045454543,0.04545454,3.7252903e-09,1,0.045454543,0.0,1,3.0910428,3.0910427570343018,3.0910428,0.0,1,0.0
random,N/A,0.3,0.3,0.9,5,rrg,0,0.045454543,0.045454536,7.450581e-09,1,0.045454543,0.0,1,3.0910428,3.0910425186157227,3.0910428,0.0,1,0.0
random,N/A,0.3,0.3,1.0,5,rrg,0,0.045454543,,,1,0.045454543,0.0,1,3.0910428,,3.0910428,0.0,1,
random,N/A,0.4,0.3,0.1,5,rrg,525,0.045454543,0.045454543,0.0,1,0.045454543,0.0,1,3.0910428,3.0910427570343018,3.0910428,0.0,1,0.0
random,N/A,0.4,0.3,0.2,5,rrg,517,0.045454543,0.04545454,3.7252903e-09,1,0.045454543,0.0,1,3.0910428,3.0910427570343018,3.0910428,0.0,1,0.0
random,N/A,0.4,0.3,0.30000000000000004,5,rrg,512,0.045454543,0.04545454,3.7252903e-09,1,0.045454543,0.0,0,3.0910428,3.0910427570343018,3.0910428,0.0,1,0.0
random,N/A,0.4,0.3,0.4,5,rrg,2,0.045454543,0.04545454,3.7252903e-09,1,0.045454543,0.0,0,3.0910428,3.091042995452881,3.0910428,0.0,1,0.0
random,N/A,0.4,0.3,0.5,5,rrg,2,0.045454543,0.04545454,3.7252903e-09,1,0.045454543,0.0,0,3.0910428,3.0910427570343018,3.0910428,0.0,1,0.0
random,N/A,0.4,0.3,0.6000000000000001,5,rrg,1,0.045454543,0.04545454,3.7252903e-09,1,0.045454543,0.0,1,3.0910428,3.0910427570343018,3.0910428,0.0,1,0.0
random,N/A,0.4,0.3,0.7000000000000001,5,rrg,1,0.045454543,0.04545454,3.7252903e-09,1,0.045454543,0.0,1,3.0910428,3.091042995452881,3.0910428,0.0,1,0.0
random,N/A,0.4,0.3,0.8,5,rrg,1,0.045454543,0.04545454,3.7252903e-09,1,0.045454543,0.0,1,3.0910428,3.0910427570343018,3.0910428,0.0,1,0.0
random,N/A,0.4,0.3,0.9,5,rrg,0,0.045454543,0.045454536,7.450581e-09,1,0.045454543,0.0,0,3.0910428,3.0910425186157227,3.0910428,0.0,1,0.0
random,N/A,0.4,0.3,1.0,5,rrg,0,0.045454543,,,1,0.045454543,0.0,0,3.0910428,,3.0910428,0.0,1,
random,N/A,0.05,0.3,0.1,6,rrg,516,0.045454543,0.045454543,0.0,1,0.045454543,0.0,0,3.0910428,3.0910427570343018,3.0910428,0.0,1,0.0
random,N/A,0.05,0.3,0.2,6,rrg,0,0.045454543,0.04545454,3.7252903e-09,1,0.045454543,0.0,1,3.0910428,3.0910427570343018,3.0910428,0.0,1,0.0
random,N/A,0.05,0.3,0.30000000000000004,6,rrg,3,0.045454543,0.04545454,3.7252903e-09,1,0.045454543,0.0,0,3.0910428,3.0910427570343018,3.0910428,0.0,1,0.0
random,N/A,0.05,0.3,0.4,6,rrg,0,0.045454543,0.04545454,3.7252903e-09,1,0.045454543,0.0,1,3.0910428,3.091042995452881,3.0910428,0.0,1,0.0
random,N/A,0.05,0.3,0.5,6,rrg,0,0.045454543,0.04545454,3.7252903e-09,1,0.045454543,0.0,1,3.0910428,3.0910427570343018,3.0910428,0.0,1,0.0
random,N/A,0.05,0.3,0.6000000000000001,6,rrg,0,0.045454543,0.04545454,3.7252903e-09,1,0.045454543,0.0,1,3.0910428,3.0910427570343018,3.0910428,0.0,1,0.0
random,N/A,0.05,0.3,0.7000000000000001,6,rrg,0,0.045454543,0.04545454,3.7252903e-09,1,0.045454543,0.0,1,3.0910428,3.091042995452881,3.0910428,0.0,1,0.0
random,N/A,0.05,0.3,0.8,6,rrg,0,0.045454543,0.04545454,3.7252903e-09,1,0.045454543,0.0,1,3.0910428,3.0910427570343018,3.0910428,0.0,1,0.0
random,N/A,0.05,0.3,0.9,6,rrg,0,0.045454543,0.045454536,7.450581e-09,1,0.045454543,0.0,1,3.0910428,3.0910425186157227,3.0910428,0.0,1,0.0
random,N/A,0.05,0.3,1.0,6,rrg,0,0.045454543,,,1,0.045454543,0.0,1,3.0910428,,3.0910428,0.0,1,
random,N/A,0.1,0.3,0.1,6,rrg,525,0.045454543,0.045454543,0.0,1,0.045454543,0.0,0,3.0910428,3.0910427570343018,3.0910428,0.0,1,0.0
random,N/A,0.1,0.3,0.2,6,rrg,3,0.045454543,0.04545454,3.7252903e-09,1,0.045454543,0.0,0,3.0910428,3.0910427570343018,3.0910428,0.0,1,0.0
random,N/A,0.1,0.3,0.30000000000000004,6,rrg,513,0.045454543,0.04545454,3.7252903e-09,1,0.045454543,0.0,1,3.0910428,3.0910427570343018,3.0910428,0.0,1,0.0
random,N/A,0.1,0.3,0.4,6,rrg,0,0.045454543,0.04545454,3.7252903e-09,1,0.045454543,0.0,0,3.0910428,3.091042995452881,3.0910428,0.0,1,0.0
random,N/A,0.1,0.3,0.5,6,rrg,0,0.045454543,0.04545454,3.7252903e-09,1,0.045454543,0.0,0,3.0910428,3.0910427570343018,3.0910428,0.0,1,0.0
random,N/A,0.1,0.3,0.6000000000000001,6,rrg,0,0.045454543,0.04545454,3.7252903e-09,1,0.045454543,0.0,0,3.0910428,3.0910427570343018,3.0910428,0.0,1,0.0
random,N/A,0.1,0.3,0.7000000000000001,6,rrg,0,0.045454543,0.04545454,3.7252903e-09,1,0.045454543,0.0,0,3.0910428,3.091042995452881,3.0910428,0.0,1,0.0
random,N/A,0.1,0.3,0.8,6,rrg,0,0.045454543,0.04545454,3.7252903e-09,1,0.045454543,0.0,0,3.0910428,3.0910427570343018,3.0910428,0.0,1,0.0
random,N/A,0.1,0.3,0.9,6,rrg,0,0.045454543,0.045454536,7.450581e-09,1,0.045454543,0.0,0,3.0910428,3.0910425186157227,3.0910428,0.0,1,0.0
random,N/A,0.1,0.3,1.0,6,rrg,0,0.045454543,,,1,0.045454543,0.0,0,3.0910428,,3.0910428,0.0,1,
random,N/A,0.2,0.3,0.1,6,rrg,4,0.045454543,0.045454543,0.0,1,0.045454543,0.0,0,3.0910428,3.0910427570343018,3.0910428,0.0,1,0.0
random,N/A,0.2,0.3,0.2,6,rrg,512,0.045454543,0.04545454,3.7252903e-09,1,0.045454543,0.0,1,3.0910428,3.0910427570343018,3.0910428,0.0,1,0.0
random,N/A,0.2,0.3,0.30000000000000004,6,rrg,1,0.045454543,0.04545454,3.7252903e-09,1,0.045454543,0.0,0,3.0910428,3.0910427570343018,3.0910428,0.0,1,0.0
random,N/A,0.2,0.3,0.4,6,rrg,0,0.045454543,0.04545454,3.7252903e-09,1,0.045454543,0.0,0,3.0910428,3.091042995452881,3.0910428,0.0,1,0.0
random,N/A,0.2,0.3,0.5,6,rrg,1,0.045454543,0.04545454,3.7252903e-09,1,0.045454543,0.0,0,3.0910428,3.0910427570343018,3.0910428,0.0,1,0.0
random,N/A,0.2,0.3,0.6000000000000001,6,rrg,0,0.045454543,0.04545454,3.7252903e-09,1,0.045454543,0.0,0,3.0910428,3.0910427570343018,3.0910428,0.0,1,0.0
random,N/A,0.2,0.3,0.7000000000000001,6,rrg,0,0.045454543,0.04545454,3.7252903e-09,1,0.045454543,0.0,0,3.0910428,3.091042995452881,3.0910428,0.0,1,0.0
random,N/A,0.2,0.3,0.8,6,rrg,1,0.045454543,0.04545454,3.7252903e-09,1,0.045454543,0.0,0,3.0910428,3.0910427570343018,3.0910428,0.0,1,0.0
random,N/A,0.2,0.3,0.9,6,rrg,0,0.045454543,0.045454536,7.450581e-09,1,0.045454543,0.0,0,3.0910428,3.0910425186157227,3.0910428,0.0,1,0.0
random,N/A,0.2,0.3,1.0,6,rrg,0,0.045454543,,,1,0.045454543,0.0,0,3.0910428,,3.0910428,0.0,1,
random,N/A,0.3,0.3,0.1,6,rrg,513,0.045454543,0.045454543,0.0,1,0.045454543,0.0,0,3.0910428,3.0910427570343018,3.0910428,0.0,1,0.0
random,N/A,0.3,0.3,0.2,6,rrg,513,0.045454543,0.04545454,3.7252903e-09,1,0.045454543,0.0,0,3.0910428,3.0910427570343018,3.0910428,0.0,1,0.0
random,N/A,0.3,0.3,0.30000000000000004,6,rrg,512,0.045454543,0.04545454,3.7252903e-09,1,0.045454543,0.0,0,3.0910428,3.0910427570343018,3.0910428,0.0,1,0.0
random,N/A,0.3,0.3,0.4,6,rrg,3,0.045454543,0.04545454,3.7252903e-09,1,0.045454543,0.0,1,3.0910428,3.091042995452881,3.0910428,0.0,1,0.0
random,N/A,0.3,0.3,0.5,6,rrg,0,0.045454543,0.04545454,3.7252903e-09,1,0.045454543,0.0,0,3.0910428,3.0910427570343018,3.0910428,0.0,1,0.0
random,N/A,0.3,0.3,0.6000000000000001,6,rrg,0,0.045454543,0.04545454,3.7252903e-09,1,0.045454543,0.0,0,3.0910428,3.0910427570343018,3.0910428,0.0,1,0.0
random,N/A,0.3,0.3,0.7000000000000001,6,rrg,0,0.045454543,0.04545454,3.7252903e-09,1,0.045454543,0.0,0,3.0910428,3.091042995452881,3.0910428,0.0,1,0.0
random,N/A,0.3,0.3,0.8,6,rrg,0,0.045454543,0.04545454,3.7252903e-09,1,0.045454543,0.0,0,3.0910428,3.0910427570343018,3.0910428,0.0,1,0.0
random,N/A,0.3,0.3,0.9,6,rrg,0,0.045454543,0.045454536,7.450581e-09,1,0.045454543,0.0,0,3.0910428,3.0910425186157227,3.0910428,0.0,1,0.0
random,N/A,0.3,0.3,1.0,6,rrg,0,0.045454543,,,1,0.045454543,0.0,0,3.0910428,,3.0910428,0.0,1,
random,N/A,0.4,0.3,0.1,6,rrg,526,0.045454543,0.045454543,0.0,1,0.045454543,0.0,0,3.0910428,3.0910427570343018,3.0910428,0.0,1,0.0
random,N/A,0.4,0.3,0.2,6,rrg,512,0.045454543,0.04545454,3.7252903e-09,1,0.045454543,0.0,1,3.0910428,3.0910427570343018,3.0910428,0.0,1,0.0
random,N/A,0.4,0.3,0.30000000000000004,6,rrg,1,0.045454543,0.04545454,3.7252903e-09,1,0.045454543,0.0,0,3.0910428,3.0910427570343018,3.0910428,0.0,1,0.0
random,N/A,0.4,0.3,0.4,6,rrg,1,0.045454543,0.04545454,3.7252903e-09,1,0.045454543,0.0,0,3.0910428,3.091042995452881,3.0910428,0.0,1,0.0
random,N/A,0.4,0.3,0.5,6,rrg,0,0.045454543,0.04545454,3.7252903e-09,1,0.045454543,0.0,0,3.0910428,3.0910427570343018,3.0910428,0.0,1,0.0
random,N/A,0.4,0.3,0.6000000000000001,6,rrg,0,0.045454543,0.04545454,3.7252903e-09,1,0.045454543,0.0,0,3.0910428,3.0910427570343018,3.0910428,0.0,1,0.0
random,N/A,0.4,0.3,0.7000000000000001,6,rrg,0,0.045454543,0.04545454,3.7252903e-09,1,0.045454543,0.0,0,3.0910428,3.091042995452881,3.0910428,0.0,1,0.0
random,N/A,0.4,0.3,0.8,6,rrg,0,0.045454543,0.04545454,3.7252903e-09,1,0.045454543,0.0,0,3.0910428,3.0910427570343018,3.0910428,0.0,1,0.0
random,N/A,0.4,0.3,0.9,6,rrg,0,0.045454543,0.045454536,7.450581e-09,1,0.045454543,0.0,0,3.0910428,3.0910425186157227,3.0910428,0.0,1,0.0
random,N/A,0.4,0.3,1.0,6,rrg,0,0.045454543,,,1,0.045454543,0.0,0,3.0910428,,3.0910428,0.0,1,
random,N/A,0.05,0.3,0.1,7,rrg,513,0.045454543,0.045454543,0.0,1,0.045454543,0.0,0,3.0910428,3.0910427570343018,3.0910428,0.0,1,0.0
random,N/A,0.05,0.3,0.2,7,rrg,514,0.045454543,0.04545454,3.7252903e-09,1,0.045454543,0.0,0,3.0910428,3.0910427570343018,3.0910428,0.0,1,0.0
random,N/A,0.05,0.3,0.30000000000000004,7,rrg,0,0.045454543,0.04545454,3.7252903e-09,1,0.045454543,0.0,0,3.0910428,3.0910427570343018,3.0910428,0.0,1,0.0
random,N/A,0.05,0.3,0.4,7,rrg,1,0.045454543,0.04545454,3.7252903e-09,1,0.045454543,0.0,0,3.0910428,3.091042995452881,3.0910428,0.0,1,0.0
random,N/A,0.05,0.3,0.5,7,rrg,0,0.045454543,0.04545454,3.7252903e-09,1,0.045454543,0.0,0,3.0910428,3.0910427570343018,3.0910428,0.0,1,0.0
random,N/A,0.05,0.3,0.6000000000000001,7,rrg,0,0.045454543,0.04545454,3.7252903e-09,1,0.045454543,0.0,0,3.0910428,3.0910427570343018,3.0910428,0.0,1,0.0
random,N/A,0.05,0.3,0.7000000000000001,7,rrg,0,0.045454543,0.04545454,3.7252903e-09,1,0.045454543,0.0,0,3.0910428,3.091042995452881,3.0910428,0.0,1,0.0
random,N/A,0.05,0.3,0.8,7,rrg,0,0.045454543,0.04545454,3.7252903e-09,1,0.045454543,0.0,0,3.0910428,3.0910427570343018,3.0910428,0.0,1,0.0
random,N/A,0.05,0.3,0.9,7,rrg,0,0.045454543,0.045454536,7.450581e-09,1,0.045454543,0.0,0,3.0910428,3.0910425186157227,3.0910428,0.0,1,0.0
random,N/A,0.05,0.3,1.0,7,rrg,0,0.045454543,,,1,0.045454543,0.0,0,3.0910428,,3.0910428,0.0,1,
random,N/A,0.1,0.3,0.1,7,rrg,0,0.045454543,0.045454543,0.0,1,0.045454543,0.0,0,3.0910428,3.0910427570343018,3.0910428,0.0,1,0.0
random,N/A,0.1,0.3,0.2,7,rrg,1,0.045454543,0.04545454,3.7252903e-09,1,0.045454543,0.0,1,3.0910428,3.0910427570343018,3.0910428,0.0,1,0.0
random,N/A,0.1,0.3,0.30000000000000004,7,rrg,512,0.045454543,0.04545454,3.7252903e-09,1,0.045454543,0.0,1,3.0910428,3.0910427570343018,3.0910428,0.0,1,0.0
random,N/A,0.1,0.3,0.4,7,rrg,4,0.045454543,0.04545454,3.7252903e-09,1,0.045454543,0.0,0,3.0910428,3.091042995452881,3.0910428,0.0,1,0.0
random,N/A,0.1,0.3,0.5,7,rrg,0,0.045454543,0.04545454,3.7252903e-09,1,0.045454543,0.0,0,3.0910428,3.0910427570343018,3.0910428,0.0,1,0.0
random,N/A,0.1,0.3,0.6000000000000001,7,rrg,0,0.045454543,0.04545454,3.7252903e-09,1,0.045454543,0.0,0,3.0910428,3.0910427570343018,3.0910428,0.0,1,0.0
random,N/A,0.1,0.3,0.7000000000000001,7,rrg,0,0.045454543,0.04545454,3.7252903e-09,1,0.045454543,0.0,0,3.0910428,3.091042995452881,3.0910428,0.0,1,0.0
random,N/A,0.1,0.3,0.8,7,rrg,0,0.045454543,0.04545454,3.7252903e-09,1,0.045454543,0.0,0,3.0910428,3.0910427570343018,3.0910428,0.0,1,0.0
random,N/A,0.1,0.3,0.9,7,rrg,0,0.045454543,0.045454536,7.450581e-09,1,0.045454543,0.0,0,3.0910428,3.0910425186157227,3.0910428,0.0,1,0.0
random,N/A,0.1,0.3,1.0,7,rrg,0,0.045454543,,,1,0.045454543,0.0,0,3.0910428,,3.0910428,0.0,1,
random,N/A,0.2,0.3,0.1,7,rrg,4,0.045454543,0.045454543,0.0,1,0.045454543,0.0,1,3.0910428,3.0910427570343018,3.0910428,0.0,1,0.0
random,N/A,0.2,0.3,0.2,7,rrg,0,0.045454543,0.04545454,3.7252903e-09,1,0.045454543,0.0,0,3.0910428,3.0910427570343018,3.0910428,0.0,1,0.0
random,N/A,0.2,0.3,0.30000000000000004,7,rrg,512,0.045454543,0.04545454,3.7252903e-09,1,0.045454543,0.0,0,3.0910428,3.0910427570343018,3.0910428,0.0,1,0.0
random,N/A,0.2,0.3,0.4,7,rrg,1,0.045454543,0.04545454,3.7252903e-09,1,0.045454543,0.0,1,3.0910428,3.091042995452881,3.0910428,0.0,1,0.0
random,N/A,0.2,0.3,0.5,7,rrg,4,0.045454543,0.04545454,3.7252903e-09,1,0.045454543,0.0,1,3.0910428,3.0910427570343018,3.0910428,0.0,1,0.0
random,N/A,0.2,0.3,0.6000000000000001,7,rrg,0,0.045454543,0.04545454,3.7252903e-09,1,0.045454543,0.0,0,3.0910428,3.0910427570343018,3.0910428,0.0,1,0.0
random,N/A,0.2,0.3,0.7000000000000001,7,rrg,0,0.045454543,0.04545454,3.7252903e-09,1,0.045454543,0.0,0,3.0910428,3.091042995452881,3.0910428,0.0,1,0.0
random,N/A,0.2,0.3,0.8,7,rrg,0,0.045454543,0.04545454,3.7252903e-09,1,0.045454543,0.0,0,3.0910428,3.0910427570343018,3.0910428,0.0,1,0.0
random,N/A,0.2,0.3,0.9,7,rrg,0,0.045454543,0.045454536,7.450581e-09,1,0.045454543,0.0,0,3.0910428,3.0910425186157227,3.0910428,0.0,1,0.0
random,N/A,0.2,0.3,1.0,7,rrg,0,0.045454543,,,1,0.045454543,0.0,0,3.0910428,,3.0910428,0.0,1,
random,N/A,0.3,0.3,0.1,7,rrg,3,0.045454543,0.045454543,0.0,1,0.045454543,0.0,0,3.0910428,3.0910427570343018,3.0910428,0.0,1,0.0
random,N/A,0.3,0.3,0.2,7,rrg,514,0.045454543,0.04545454,3.7252903e-09,1,0.045454543,0.0,0,3.0910428,3.0910427570343018,3.0910428,0.0,1,0.0
random,N/A,0.3,0.3,0.30000000000000004,7,rrg,512,0.045454543,0.04545454,3.7252903e-09,1,0.045454543,0.0,0,3.0910428,3.0910427570343018,3.0910428,0.0,1,0.0
random,N/A,0.3,0.3,0.4,7,rrg,0,0.045454543,0.04545454,3.7252903e-09,1,0.045454543,0.0,1,3.0910428,3.091042995452881,3.0910428,0.0,1,0.0
random,N/A,0.3,0.3,0.5,7,rrg,2,0.045454543,0.04545454,3.7252903e-09,1,0.045454543,0.0,0,3.0910428,3.0910427570343018,3.0910428,0.0,1,0.0
random,N/A,0.3,0.3,0.6000000000000001,7,rrg,0,0.045454543,0.04545454,3.7252903e-09,1,0.045454543,0.0,1,3.0910428,3.0910427570343018,3.0910428,0.0,1,0.0
random,N/A,0.3,0.3,0.7000000000000001,7,rrg,2,0.045454543,0.04545454,3.7252903e-09,1,0.045454543,0.0,0,3.0910428,3.091042995452881,3.0910428,0.0,1,0.0
random,N/A,0.3,0.3,0.8,7,rrg,1,0.045454543,0.04545454,3.7252903e-09,1,0.045454543,0.0,0,3.0910428,3.0910427570343018,3.0910428,0.0,1,0.0
random,N/A,0.3,0.3,0.9,7,rrg,0,0.045454543,0.045454536,7.450581e-09,1,0.045454543,0.0,1,3.0910428,3.0910425186157227,3.0910428,0.0,1,0.0
random,N/A,0.3,0.3,1.0,7,rrg,0,0.045454543,,,1,0.045454543,0.0,1,3.0910428,,3.0910428,0.0,1,
random,N/A,0.4,0.3,0.1,7,rrg,524,0.045454543,0.045454543,0.0,1,0.045454543,0.0,0,3.0910428,3.0910427570343018,3.0910428,0.0,1,0.0
random,N/A,0.4,0.3,0.2,7,rrg,1,0.045454543,0.04545454,3.7252903e-09,1,0.045454543,0.0,1,3.0910428,3.0910427570343018,3.0910428,0.0,1,0.0
random,N/A,0.4,0.3,0.30000000000000004,7,rrg,3,0.045454543,0.04545454,3.7252903e-09,1,0.045454543,0.0,1,3.0910428,3.0910427570343018,3.0910428,0.0,1,0.0
random,N/A,0.4,0.3,0.4,7,rrg,4,0.045454543,0.04545454,3.7252903e-09,1,0.045454543,0.0,0,3.0910428,3.091042995452881,3.0910428,0.0,1,0.0
random,N/A,0.4,0.3,0.5,7,rrg,0,0.045454543,0.04545454,3.7252903e-09,1,0.045454543,0.0,0,3.0910428,3.0910427570343018,3.0910428,0.0,1,0.0
random,N/A,0.4,0.3,0.6000000000000001,7,rrg,3,0.045454543,0.04545454,3.7252903e-09,1,0.045454543,0.0,1,3.0910428,3.0910427570343018,3.0910428,0.0,1,0.0
random,N/A,0.4,0.3,0.7000000000000001,7,rrg,0,0.045454543,0.04545454,3.7252903e-09,1,0.045454543,0.0,0,3.0910428,3.091042995452881,3.0910428,0.0,1,0.0
random,N/A,0.4,0.3,0.8,7,rrg,0,0.045454543,0.04545454,3.7252903e-09,1,0.045454543,0.0,0,3.0910428,3.0910427570343018,3.0910428,0.0,1,0.0
random,N/A,0.4,0.3,0.9,7,rrg,0,0.045454543,0.045454536,7.450581e-09,1,0.045454543,0.0,0,3.0910428,3.0910425186157227,3.0910428,0.0,1,0.0
random,N/A,0.4,0.3,1.0,7,rrg,0,0.045454543,,,1,0.045454543,0.0,0,3.0910428,,3.0910428,0.0,1,
random,N/A,0.05,0.3,0.1,8,rrg,0,0.045454543,0.045454543,0.0,1,0.045454543,0.0,0,3.0910428,3.0910427570343018,3.0910428,0.0,1,0.0
random,N/A,0.05,0.3,0.2,8,rrg,3,0.045454543,0.04545454,3.7252903e-09,1,0.045454543,0.0,0,3.0910428,3.0910427570343018,3.0910428,0.0,1,0.0
random,N/A,0.05,0.3,0.30000000000000004,8,rrg,3,0.045454543,0.04545454,3.7252903e-09,1,0.045454543,0.0,0,3.0910428,3.0910427570343018,3.0910428,0.0,1,0.0
random,N/A,0.05,0.3,0.4,8,rrg,3,0.045454543,0.04545454,3.7252903e-09,1,0.045454543,0.0,0,3.0910428,3.091042995452881,3.0910428,0.0,1,0.0
random,N/A,0.05,0.3,0.5,8,rrg,2,0.045454543,0.04545454,3.7252903e-09,1,0.045454543,0.0,0,3.0910428,3.0910427570343018,3.0910428,0.0,1,0.0
random,N/A,0.05,0.3,0.6000000000000001,8,rrg,0,0.045454543,0.04545454,3.7252903e-09,1,0.045454543,0.0,0,3.0910428,3.0910427570343018,3.0910428,0.0,1,0.0
random,N/A,0.05,0.3,0.7000000000000001,8,rrg,0,0.045454543,0.04545454,3.7252903e-09,1,0.045454543,0.0,0,3.0910428,3.091042995452881,3.0910428,0.0,1,0.0
random,N/A,0.05,0.3,0.8,8,rrg,0,0.045454543,0.04545454,3.7252903e-09,1,0.045454543,0.0,0,3.0910428,3.0910427570343018,3.0910428,0.0,1,0.0
random,N/A,0.05,0.3,0.9,8,rrg,0,0.045454543,0.045454536,7.450581e-09,1,0.045454543,0.0,0,3.0910428,3.0910425186157227,3.0910428,0.0,1,0.0
random,N/A,0.05,0.3,1.0,8,rrg,0,0.045454543,,,1,0.045454543,0.0,0,3.0910428,,3.0910428,0.0,1,
random,N/A,0.1,0.3,0.1,8,rrg,516,0.045454543,0.045454543,0.0,1,0.045454543,0.0,0,3.0910428,3.0910427570343018,3.0910428,0.0,1,0.0
random,N/A,0.1,0.3,0.2,8,rrg,519,0.045454543,0.04545454,3.7252903e-09,1,0.045454543,0.0,0,3.0910428,3.0910427570343018,3.0910428,0.0,1,0.0
random,N/A,0.1,0.3,0.30000000000000004,8,rrg,2,0.045454543,0.04545454,3.7252903e-09,1,0.045454543,0.0,0,3.0910428,3.0910427570343018,3.0910428,0.0,1,0.0
random,N/A,0.1,0.3,0.4,8,rrg,4,0.045454543,0.04545454,3.7252903e-09,1,0.045454543,0.0,0,3.0910428,3.091042995452881,3.0910428,0.0,1,0.0
random,N/A,0.1,0.3,0.5,8,rrg,0,0.045454543,0.04545454,3.7252903e-09,1,0.045454543,0.0,0,3.0910428,3.0910427570343018,3.0910428,0.0,1,0.0
random,N/A,0.1,0.3,0.6000000000000001,8,rrg,0,0.045454543,0.04545454,3.7252903e-09,1,0.045454543,0.0,0,3.0910428,3.0910427570343018,3.0910428,0.0,1,0.0
random,N/A,0.1,0.3,0.7000000000000001,8,rrg,1,0.045454543,0.04545454,3.7252903e-09,1,0.045454543,0.0,0,3.0910428,3.091042995452881,3.0910428,0.0,1,0.0
random,N/A,0.1,0.3,0.8,8,rrg,0,0.045454543,0.04545454,3.7252903e-09,1,0.045454543,0.0,0,3.0910428,3.0910427570343018,3.0910428,0.0,1,0.0
random,N/A,0.1,0.3,0.9,8,rrg,0,0.045454543,0.045454536,7.450581e-09,1,0.045454543,0.0,0,3.0910428,3.0910425186157227,3.0910428,0.0,1,0.0
random,N/A,0.1,0.3,1.0,8,rrg,0,0.045454543,,,1,0.045454543,0.0,0,3.0910428,,3.0910428,0.0,1,
random,N/A,0.2,0.3,0.1,8,rrg,2,0.045454543,0.045454543,0.0,1,0.045454543,0.0,1,3.0910428,3.0910427570343018,3.0910428,0.0,1,0.0
random,N/A,0.2,0.3,0.2,8,rrg,512,0.045454543,0.04545454,3.7252903e-09,1,0.045454543,0.0,0,3.0910428,3.0910427570343018,3.0910428,0.0,1,0.0
random,N/A,0.2,0.3,0.30000000000000004,8,rrg,513,0.045454543,0.04545454,3.7252903e-09,1,0.045454543,0.0,0,3.0910428,3.0910427570343018,3.0910428,0.0,1,0.0
random,N/A,0.2,0.3,0.4,8,rrg,0,0.045454543,0.04545454,3.7252903e-09,1,0.045454543,0.0,0,3.0910428,3.091042995452881,3.0910428,0.0,1,0.0
random,N/A,0.2,0.3,0.5,8,rrg,0,0.045454543,0.04545454,3.7252903e-09,1,0.045454543,0.0,0,3.0910428,3.0910427570343018,3.0910428,0.0,1,0.0
random,N/A,0.2,0.3,0.6000000000000001,8,rrg,1,0.045454543,0.04545454,3.7252903e-09,1,0.045454543,0.0,0,3.0910428,3.0910427570343018,3.0910428,0.0,1,0.0
random,N/A,0.2,0.3,0.7000000000000001,8,rrg,0,0.045454543,0.04545454,3.7252903e-09,1,0.045454543,0.0,0,3.0910428,3.091042995452881,3.0910428,0.0,1,0.0
random,N/A,0.2,0.3,0.8,8,rrg,2,0.045454543,0.04545454,3.7252903e-09,1,0.045454543,0.0,1,3.0910428,3.0910427570343018,3.0910428,0.0,1,0.0
random,N/A,0.2,0.3,0.9,8,rrg,0,0.045454543,0.045454536,7.450581e-09,1,0.045454543,0.0,0,3.0910428,3.0910425186157227,3.0910428,0.0,1,0.0
random,N/A,0.2,0.3,1.0,8,rrg,0,0.045454543,,,1,0.045454543,0.0,0,3.0910428,,3.0910428,0.0,1,
random,N/A,0.3,0.3,0.1,8,rrg,515,0.045454543,0.045454543,0.0,1,0.045454543,0.0,0,3.0910428,3.0910427570343018,3.0910428,0.0,1,0.0
random,N/A,0.3,0.3,0.2,8,rrg,2,0.045454543,0.04545454,3.7252903e-09,1,0.045454543,0.0,1,3.0910428,3.0910427570343018,3.0910428,0.0,1,0.0
random,N/A,0.3,0.3,0.30000000000000004,8,rrg,512,0.045454543,0.04545454,3.7252903e-09,1,0.045454543,0.0,0,3.0910428,3.0910427570343018,3.0910428,0.0,1,0.0
random,N/A,0.3,0.3,0.4,8,rrg,6,0.045454543,0.04545454,3.7252903e-09,1,0.045454543,0.0,1,3.0910428,3.091042995452881,3.0910428,0.0,1,0.0
random,N/A,0.3,0.3,0.5,8,rrg,0,0.045454543,0.04545454,3.7252903e-09,1,0.045454543,0.0,0,3.0910428,3.0910427570343018,3.0910428,0.0,1,0.0
random,N/A,0.3,0.3,0.6000000000000001,8,rrg,0,0.045454543,0.04545454,3.7252903e-09,1,0.045454543,0.0,0,3.0910428,3.0910427570343018,3.0910428,0.0,1,0.0
random,N/A,0.3,0.3,0.7000000000000001,8,rrg,0,0.045454543,0.04545454,3.7252903e-09,1,0.045454543,0.0,0,3.0910428,3.091042995452881,3.0910428,0.0,1,0.0
random,N/A,0.3,0.3,0.8,8,rrg,0,0.045454543,0.04545454,3.7252903e-09,1,0.045454543,0.0,0,3.0910428,3.0910427570343018,3.0910428,0.0,1,0.0
random,N/A,0.3,0.3,0.9,8,rrg,0,0.045454543,0.045454536,7.450581e-09,1,0.045454543,0.0,0,3.0910428,3.0910425186157227,3.0910428,0.0,1,0.0
random,N/A,0.3,0.3,1.0,8,rrg,0,0.045454543,,,1,0.045454543,0.0,0,3.0910428,,3.0910428,0.0,1,
random,N/A,0.4,0.3,0.1,8,rrg,5,0.045454543,0.045454543,0.0,1,0.045454543,0.0,0,3.0910428,3.0910427570343018,3.0910428,0.0,1,0.0
random,N/A,0.4,0.3,0.2,8,rrg,513,0.045454543,0.04545454,3.7252903e-09,1,0.045454543,0.0,1,3.0910428,3.0910427570343018,3.0910428,0.0,1,0.0
random,N/A,0.4,0.3,0.30000000000000004,8,rrg,1,0.045454543,0.04545454,3.7252903e-09,1,0.045454543,0.0,1,3.0910428,3.0910427570343018,3.0910428,0.0,1,0.0
random,N/A,0.4,0.3,0.4,8,rrg,6,0.045454543,0.04545454,3.7252903e-09,1,0.045454543,0.0,1,3.0910428,3.091042995452881,3.0910428,0.0,1,0.0
random,N/A,0.4,0.3,0.5,8,rrg,1,0.045454543,0.04545454,3.7252903e-09,1,0.045454543,0.0,1,3.0910428,3.0910427570343018,3.0910428,0.0,1,0.0
random,N/A,0.4,0.3,0.6000000000000001,8,rrg,4,0.045454543,0.04545454,3.7252903e-09,1,0.045454543,0.0,0,3.0910428,3.0910427570343018,3.0910428,0.0,1,0.0
random,N/A,0.4,0.3,0.7000000000000001,8,rrg,0,0.045454543,0.04545454,3.7252903e-09,1,0.045454543,0.0,0,3.0910428,3.091042995452881,3.0910428,0.0,1,0.0
random,N/A,0.4,0.3,0.8,8,rrg,0,0.045454543,0.04545454,3.7252903e-09,1,0.045454543,0.0,0,3.0910428,3.0910427570343018,3.0910428,0.0,1,0.0
random,N/A,0.4,0.3,0.9,8,rrg,0,0.045454543,0.045454536,7.450581e-09,1,0.045454543,0.0,0,3.0910428,3.0910425186157227,3.0910428,0.0,1,0.0
random,N/A,0.4,0.3,1.0,8,rrg,0,0.045454543,,,1,0.045454543,0.0,0,3.0910428,,3.0910428,0.0,1,
random,N/A,0.05,0.3,0.1,9,rrg,520,0.045454543,0.045454543,0.0,1,0.045454543,0.0,0,3.0910428,3.0910427570343018,3.0910428,0.0,1,0.0
random,N/A,0.05,0.3,0.2,9,rrg,3,0.045454543,0.04545454,3.7252903e-09,1,0.045454543,0.0,0,3.0910428,3.0910427570343018,3.0910428,0.0,1,0.0
random,N/A,0.05,0.3,0.30000000000000004,9,rrg,512,0.045454543,0.04545454,3.7252903e-09,1,0.045454543,0.0,0,3.0910428,3.0910427570343018,3.0910428,0.0,1,0.0
random,N/A,0.05,0.3,0.4,9,rrg,2,0.045454543,0.04545454,3.7252903e-09,1,0.045454543,0.0,0,3.0910428,3.091042995452881,3.0910428,0.0,1,0.0
random,N/A,0.05,0.3,0.5,9,rrg,2,0.045454543,0.04545454,3.7252903e-09,1,0.045454543,0.0,0,3.0910428,3.0910427570343018,3.0910428,0.0,1,0.0
random,N/A,0.05,0.3,0.6000000000000001,9,rrg,1,0.045454543,0.04545454,3.7252903e-09,1,0.045454543,0.0,0,3.0910428,3.0910427570343018,3.0910428,0.0,1,0.0
random,N/A,0.05,0.3,0.7000000000000001,9,rrg,1,0.045454543,0.04545454,3.7252903e-09,1,0.045454543,0.0,0,3.0910428,3.091042995452881,3.0910428,0.0,1,0.0
random,N/A,0.05,0.3,0.8,9,rrg,0,0.045454543,0.04545454,3.7252903e-09,1,0.045454543,0.0,0,3.0910428,3.0910427570343018,3.0910428,0.0,1,0.0
random,N/A,0.05,0.3,0.9,9,rrg,0,0.045454543,0.045454536,7.450581e-09,1,0.045454543,0.0,0,3.0910428,3.0910425186157227,3.0910428,0.0,1,0.0
random,N/A,0.05,0.3,1.0,9,rrg,0,0.045454543,,,1,0.045454543,0.0,0,3.0910428,,3.0910428,0.0,1,
random,N/A,0.1,0.3,0.1,9,rrg,512,0.045454543,0.045454543,0.0,1,0.045454543,0.0,0,3.0910428,3.0910427570343018,3.0910428,0.0,1,0.0
random,N/A,0.1,0.3,0.2,9,rrg,0,0.045454543,0.04545454,3.7252903e-09,1,0.045454543,0.0,0,3.0910428,3.0910427570343018,3.0910428,0.0,1,0.0
random,N/A,0.1,0.3,0.30000000000000004,9,rrg,1,0.045454543,0.04545454,3.7252903e-09,1,0.045454543,0.0,0,3.0910428,3.0910427570343018,3.0910428,0.0,1,0.0
random,N/A,0.1,0.3,0.4,9,rrg,4,0.045454543,0.04545454,3.7252903e-09,1,0.045454543,0.0,0,3.0910428,3.091042995452881,3.0910428,0.0,1,0.0
random,N/A,0.1,0.3,0.5,9,rrg,0,0.045454543,0.04545454,3.7252903e-09,1,0.045454543,0.0,0,3.0910428,3.0910427570343018,3.0910428,0.0,1,0.0
random,N/A,0.1,0.3,0.6000000000000001,9,rrg,1,0.045454543,0.04545454,3.7252903e-09,1,0.045454543,0.0,0,3.0910428,3.0910427570343018,3.0910428,0.0,1,0.0
random,N/A,0.1,0.3,0.7000000000000001,9,rrg,0,0.045454543,0.04545454,3.7252903e-09,1,0.045454543,0.0,0,3.0910428,3.091042995452881,3.0910428,0.0,1,0.0
random,N/A,0.1,0.3,0.8,9,rrg,0,0.045454543,0.04545454,3.7252903e-09,1,0.045454543,0.0,0,3.0910428,3.0910427570343018,3.0910428,0.0,1,0.0
random,N/A,0.1,0.3,0.9,9,rrg,1,0.045454543,0.045454536,7.450581e-09,1,0.045454543,0.0,0,3.0910428,3.0910425186157227,3.0910428,0.0,1,0.0
random,N/A,0.1,0.3,1.0,9,rrg,0,0.045454543,,,1,0.045454543,0.0,0,3.0910428,,3.0910428,0.0,1,
random,N/A,0.2,0.3,0.1,9,rrg,10,0.045454543,0.045454543,0.0,1,0.045454543,0.0,0,3.0910428,3.0910427570343018,3.0910428,0.0,1,0.0
random,N/A,0.2,0.3,0.2,9,rrg,512,0.045454543,0.04545454,3.7252903e-09,1,0.045454543,0.0,0,3.0910428,3.0910427570343018,3.0910428,0.0,1,0.0
random,N/A,0.2,0.3,0.30000000000000004,9,rrg,514,0.045454543,0.04545454,3.7252903e-09,1,0.045454543,0.0,0,3.0910428,3.0910427570343018,3.0910428,0.0,1,0.0
random,N/A,0.2,0.3,0.4,9,rrg,0,0.045454543,0.04545454,3.7252903e-09,1,0.045454543,0.0,0,3.0910428,3.091042995452881,3.0910428,0.0,1,0.0
random,N/A,0.2,0.3,0.5,9,rrg,1,0.045454543,0.04545454,3.7252903e-09,1,0.045454543,0.0,0,3.0910428,3.0910427570343018,3.0910428,0.0,1,0.0
random,N/A,0.2,0.3,0.6000000000000001,9,rrg,1,0.045454543,0.04545454,3.7252903e-09,1,0.045454543,0.0,0,3.0910428,3.0910427570343018,3.0910428,0.0,1,0.0
random,N/A,0.2,0.3,0.7000000000000001,9,rrg,1,0.045454543,0.04545454,3.7252903e-09,1,0.045454543,0.0,0,3.0910428,3.091042995452881,3.0910428,0.0,1,0.0
random,N/A,0.2,0.3,0.8,9,rrg,1,0.045454543,0.04545454,3.7252903e-09,1,0.045454543,0.0,0,3.0910428,3.0910427570343018,3.0910428,0.0,1,0.0
random,N/A,0.2,0.3,0.9,9,rrg,0,0.045454543,0.045454536,7.450581e-09,1,0.045454543,0.0,0,3.0910428,3.0910425186157227,3.0910428,0.0,1,0.0
random,N/A,0.2,0.3,1.0,9,rrg,0,0.045454543,,,1,0.045454543,0.0,0,3.0910428,,3.0910428,0.0,1,
random,N/A,0.3,0.3,0.1,9,rrg,3,0.045454543,0.045454543,0.0,1,0.045454543,0.0,1,3.0910428,3.0910427570343018,3.0910428,0.0,1,0.0
random,N/A,0.3,0.3,0.2,9,rrg,0,0.045454543,0.04545454,3.7252903e-09,1,0.045454543,0.0,0,3.0910428,3.0910427570343018,3.0910428,0.0,1,0.0
random,N/A,0.3,0.3,0.30000000000000004,9,rrg,512,0.045454543,0.04545454,3.7252903e-09,1,0.045454543,0.0,1,3.0910428,3.0910427570343018,3.0910428,0.0,1,0.0
random,N/A,0.3,0.3,0.4,9,rrg,3,0.045454543,0.04545454,3.7252903e-09,1,0.045454543,0.0,1,3.0910428,3.091042995452881,3.0910428,0.0,1,0.0
random,N/A,0.3,0.3,0.5,9,rrg,0,0.045454543,0.04545454,3.7252903e-09,1,0.045454543,0.0,0,3.0910428,3.0910427570343018,3.0910428,0.0,1,0.0
random,N/A,0.3,0.3,0.6000000000000001,9,rrg,0,0.045454543,0.04545454,3.7252903e-09,1,0.045454543,0.0,0,3.0910428,3.0910427570343018,3.0910428,0.0,1,0.0
random,N/A,0.3,0.3,0.7000000000000001,9,rrg,1,0.045454543,0.04545454,3.7252903e-09,1,0.045454543,0.0,0,3.0910428,3.091042995452881,3.0910428,0.0,1,0.0
random,N/A,0.3,0.3,0.8,9,rrg,0,0.045454543,0.04545454,3.7252903e-09,1,0.045454543,0.0,0,3.0910428,3.0910427570343018,3.0910428,0.0,1,0.0
random,N/A,0.3,0.3,0.9,9,rrg,0,0.045454543,0.045454536,7.450581e-09,1,0.045454543,0.0,0,3.0910428,3.0910425186157227,3.0910428,0.0,1,0.0
random,N/A,0.3,0.3,1.0,9,rrg,0,0.045454543,,,1,0.045454543,0.0,0,3.0910428,,3.0910428,0.0,1,
random,N/A,0.4,0.3,0.1,9,rrg,0,0.045454543,0.045454543,0.0,1,0.045454543,0.0,1,3.0910428,3.0910427570343018,3.0910428,0.0,1,0.0
random,N/A,0.4,0.3,0.2,9,rrg,3,0.045454543,0.04545454,3.7252903e-09,1,0.045454543,0.0,0,3.0910428,3.0910427570343018,3.0910428,0.0,1,0.0
random,N/A,0.4,0.3,0.30000000000000004,9,rrg,0,0.045454543,0.04545454,3.7252903e-09,1,0.045454543,0.0,1,3.0910428,3.0910427570343018,3.0910428,0.0,1,0.0
random,N/A,0.4,0.3,0.4,9,rrg,2,0.045454543,0.04545454,3.7252903e-09,1,0.045454543,0.0,1,3.0910428,3.091042995452881,3.0910428,0.0,1,0.0
random,N/A,0.4,0.3,0.5,9,rrg,0,0.045454543,0.04545454,3.7252903e-09,1,0.045454543,0.0,1,3.0910428,3.0910427570343018,3.0910428,0.0,1,0.0
random,N/A,0.4,0.3,0.6000000000000001,9,rrg,0,0.045454543,0.04545454,3.7252903e-09,1,0.045454543,0.0,1,3.0910428,3.0910427570343018,3.0910428,0.0,1,0.0
random,N/A,0.4,0.3,0.7000000000000001,9,rrg,0,0.045454543,0.04545454,3.7252903e-09,1,0.045454543,0.0,1,3.0910428,3.091042995452881,3.0910428,0.0,1,0.0
random,N/A,0.4,0.3,0.8,9,rrg,2,0.045454543,0.04545454,3.7252903e-09,1,0.045454543,0.0,1,3.0910428,3.0910427570343018,3.0910428,0.0,1,0.0
random,N/A,0.4,0.3,0.9,9,rrg,0,0.045454543,0.045454536,7.450581e-09,1,0.045454543,0.0,1,3.0910428,3.0910425186157227,3.0910428,0.0,1,0.0
random,N/A,0.4,0.3,1.0,9,rrg,0,0.045454543,,,1,0.045454543,0.0,1,3.0910428,,3.0910428,0.0,1,
deg_centrality,N/A,0.05,0.3,0.1,0,rrg,5,0.045454543,0.045454543,0.0,1,0.045454543,0.0,0,3.0910428,3.0910427570343018,3.0910428,0.0,1,0.0
deg_centrality,N/A,0.05,0.3,0.2,0,rrg,512,0.045454543,0.04545454,3.7252903e-09,1,0.045454543,0.0,1,3.0910428,3.0910427570343018,3.0910428,0.0,1,0.0
deg_centrality,N/A,0.05,0.3,0.30000000000000004,0,rrg,512,0.045454543,0.04545454,3.7252903e-09,1,0.045454543,0.0,1,3.0910428,3.0910427570343018,3.0910428,0.0,1,0.0
deg_centrality,N/A,0.05,0.3,0.4,0,rrg,0,0.045454543,0.04545454,3.7252903e-09,1,0.045454543,0.0,0,3.0910428,3.091042995452881,3.0910428,0.0,1,0.0
deg_centrality,N/A,0.05,0.3,0.5,0,rrg,1,0.045454543,0.04545454,3.7252903e-09,1,0.045454543,0.0,0,3.0910428,3.0910427570343018,3.0910428,0.0,1,0.0
deg_centrality,N/A,0.05,0.3,0.6000000000000001,0,rrg,3,0.045454543,0.04545454,3.7252903e-09,1,0.045454543,0.0,0,3.0910428,3.0910427570343018,3.0910428,0.0,1,0.0
deg_centrality,N/A,0.05,0.3,0.7000000000000001,0,rrg,1,0.045454543,0.04545454,3.7252903e-09,1,0.045454543,0.0,0,3.0910428,3.091042995452881,3.0910428,0.0,1,0.0
deg_centrality,N/A,0.05,0.3,0.8,0,rrg,0,0.045454543,0.04545454,3.7252903e-09,1,0.045454543,0.0,0,3.0910428,3.0910427570343018,3.0910428,0.0,1,0.0
deg_centrality,N/A,0.05,0.3,0.9,0,rrg,0,0.045454543,0.045454536,7.450581e-09,1,0.045454543,0.0,0,3.0910428,3.0910425186157227,3.0910428,0.0,1,0.0
deg_centrality,N/A,0.05,0.3,1.0,0,rrg,0,0.045454543,,,1,0.045454543,0.0,0,3.0910428,,3.0910428,0.0,1,
deg_centrality,N/A,0.1,0.3,0.1,0,rrg,520,0.045454543,0.045454543,0.0,1,0.045454543,0.0,0,3.0910428,3.0910427570343018,3.0910428,0.0,1,0.0
deg_centrality,N/A,0.1,0.3,0.2,0,rrg,513,0.045454543,0.04545454,3.7252903e-09,1,0.045454543,0.0,0,3.0910428,3.0910427570343018,3.0910428,0.0,1,0.0
deg_centrality,N/A,0.1,0.3,0.30000000000000004,0,rrg,3,0.045454543,0.04545454,3.7252903e-09,1,0.045454543,0.0,0,3.0910428,3.0910427570343018,3.0910428,0.0,1,0.0
deg_centrality,N/A,0.1,0.3,0.4,0,rrg,1,0.045454543,0.04545454,3.7252903e-09,1,0.045454543,0.0,0,3.0910428,3.091042995452881,3.0910428,0.0,1,0.0
deg_centrality,N/A,0.1,0.3,0.5,0,rrg,0,0.045454543,0.04545454,3.7252903e-09,1,0.045454543,0.0,0,3.0910428,3.0910427570343018,3.0910428,0.0,1,0.0
deg_centrality,N/A,0.1,0.3,0.6000000000000001,0,rrg,0,0.045454543,0.04545454,3.7252903e-09,1,0.045454543,0.0,0,3.0910428,3.0910427570343018,3.0910428,0.0,1,0.0
deg_centrality,N/A,0.1,0.3,0.7000000000000001,0,rrg,0,0.045454543,0.04545454,3.7252903e-09,1,0.045454543,0.0,0,3.0910428,3.091042995452881,3.0910428,0.0,1,0.0
deg_centrality,N/A,0.1,0.3,0.8,0,rrg,0,0.045454543,0.04545454,3.7252903e-09,1,0.045454543,0.0,0,3.0910428,3.0910427570343018,3.0910428,0.0,1,0.0
deg_centrality,N/A,0.1,0.3,0.9,0,rrg,0,0.045454543,0.045454536,7.450581e-09,1,0.045454543,0.0,0,3.0910428,3.0910425186157227,3.0910428,0.0,1,0.0
deg_centrality,N/A,0.1,0.3,1.0,0,rrg,0,0.045454543,,,1,0.045454543,0.0,0,3.0910428,,3.0910428,0.0,1,
deg_centrality,N/A,0.2,0.3,0.1,0,rrg,5,0.045454543,0.045454543,0.0,1,0.045454543,0.0,0,3.0910428,3.0910427570343018,3.0910428,0.0,1,0.0
deg_centrality,N/A,0.2,0.3,0.2,0,rrg,512,0.045454543,0.04545454,3.7252903e-09,1,0.045454543,0.0,1,3.0910428,3.0910427570343018,3.0910428,0.0,1,0.0
deg_centrality,N/A,0.2,0.3,0.30000000000000004,0,rrg,3,0.045454543,0.04545454,3.7252903e-09,1,0.045454543,0.0,1,3.0910428,3.0910427570343018,3.0910428,0.0,1,0.0
deg_centrality,N/A,0.2,0.3,0.4,0,rrg,3,0.045454543,0.04545454,3.7252903e-09,1,0.045454543,0.0,1,3.0910428,3.091042995452881,3.0910428,0.0,1,0.0
deg_centrality,N/A,0.2,0.3,0.5,0,rrg,2,0.045454543,0.04545454,3.7252903e-09,1,0.045454543,0.0,1,3.0910428,3.0910427570343018,3.0910428,0.0,1,0.0
deg_centrality,N/A,0.2,0.3,0.6000000000000001,0,rrg,0,0.045454543,0.04545454,3.7252903e-09,1,0.045454543,0.0,0,3.0910428,3.0910427570343018,3.0910428,0.0,1,0.0
deg_centrality,N/A,0.2,0.3,0.7000000000000001,0,rrg,0,0.045454543,0.04545454,3.7252903e-09,1,0.045454543,0.0,0,3.0910428,3.091042995452881,3.0910428,0.0,1,0.0
deg_centrality,N/A,0.2,0.3,0.8,0,rrg,1,0.045454543,0.04545454,3.7252903e-09,1,0.045454543,0.0,0,3.0910428,3.0910427570343018,3.0910428,0.0,1,0.0
deg_centrality,N/A,0.2,0.3,0.9,0,rrg,0,0.045454543,0.045454536,7.450581e-09,1,0.045454543,0.0,0,3.0910428,3.0910425186157227,3.0910428,0.0,1,0.0
deg_centrality,N/A,0.2,0.3,1.0,0,rrg,0,0.045454543,,,1,0.045454543,0.0,0,3.0910428,,3.0910428,0.0,1,
deg_centrality,N/A,0.3,0.3,0.1,0,rrg,514,0.045454543,0.045454543,0.0,1,0.045454543,0.0,1,3.0910428,3.0910427570343018,3.0910428,0.0,1,0.0
deg_centrality,N/A,0.3,0.3,0.2,0,rrg,0,0.045454543,0.04545454,3.7252903e-09,1,0.045454543,0.0,1,3.0910428,3.0910427570343018,3.0910428,0.0,1,0.0
deg_centrality,N/A,0.3,0.3,0.30000000000000004,0,rrg,513,0.045454543,0.04545454,3.7252903e-09,1,0.045454543,0.0,0,3.0910428,3.0910427570343018,3.0910428,0.0,1,0.0
deg_centrality,N/A,0.3,0.3,0.4,0,rrg,1,0.045454543,0.04545454,3.7252903e-09,1,0.045454543,0.0,0,3.0910428,3.091042995452881,3.0910428,0.0,1,0.0
deg_centrality,N/A,0.3,0.3,0.5,0,rrg,0,0.045454543,0.04545454,3.7252903e-09,1,0.045454543,0.0,1,3.0910428,3.0910427570343018,3.0910428,0.0,1,0.0
deg_centrality,N/A,0.3,0.3,0.6000000000000001,0,rrg,0,0.045454543,0.04545454,3.7252903e-09,1,0.045454543,0.0,1,3.0910428,3.0910427570343018,3.0910428,0.0,1,0.0
deg_centrality,N/A,0.3,0.3,0.7000000000000001,0,rrg,2,0.045454543,0.04545454,3.7252903e-09,1,0.045454543,0.0,0,3.0910428,3.091042995452881,3.0910428,0.0,1,0.0
deg_centrality,N/A,0.3,0.3,0.8,0,rrg,0,0.045454543,0.04545454,3.7252903e-09,1,0.045454543,0.0,1,3.0910428,3.0910427570343018,3.0910428,0.0,1,0.0
deg_centrality,N/A,0.3,0.3,0.9,0,rrg,1,0.045454543,0.045454536,7.450581e-09,1,0.045454543,0.0,0,3.0910428,3.0910425186157227,3.0910428,0.0,1,0.0
deg_centrality,N/A,0.3,0.3,1.0,0,rrg,0,0.045454543,,,1,0.045454543,0.0,1,3.0910428,,3.0910428,0.0,1,
deg_centrality,N/A,0.4,0.3,0.1,0,rrg,0,0.045454543,0.045454543,0.0,1,0.045454543,0.0,0,3.0910428,3.0910427570343018,3.0910428,0.0,1,0.0
deg_centrality,N/A,0.4,0.3,0.2,0,rrg,513,0.045454543,0.04545454,3.7252903e-09,1,0.045454543,0.0,1,3.0910428,3.0910427570343018,3.0910428,0.0,1,0.0
deg_centrality,N/A,0.4,0.3,0.30000000000000004,0,rrg,512,0.045454543,0.04545454,3.7252903e-09,1,0.045454543,0.0,0,3.0910428,3.0910427570343018,3.0910428,0.0,1,0.0
deg_centrality,N/A,0.4,0.3,0.4,0,rrg,0,0.045454543,0.04545454,3.7252903e-09,1,0.045454543,0.0,0,3.0910428,3.091042995452881,3.0910428,0.0,1,0.0
deg_centrality,N/A,0.4,0.3,0.5,0,rrg,0,0.045454543,0.04545454,3.7252903e-09,1,0.045454543,0.0,0,3.0910428,3.0910427570343018,3.0910428,0.0,1,0.0
deg_centrality,N/A,0.4,0.3,0.6000000000000001,0,rrg,0,0.045454543,0.04545454,3.7252903e-09,1,0.045454543,0.0,0,3.0910428,3.0910427570343018,3.0910428,0.0,1,0.0
deg_centrality,N/A,0.4,0.3,0.7000000000000001,0,rrg,1,0.045454543,0.04545454,3.7252903e-09,1,0.045454543,0.0,0,3.0910428,3.091042995452881,3.0910428,0.0,1,0.0
deg_centrality,N/A,0.4,0.3,0.8,0,rrg,0,0.045454543,0.04545454,3.7252903e-09,1,0.045454543,0.0,0,3.0910428,3.0910427570343018,3.0910428,0.0,1,0.0
deg_centrality,N/A,0.4,0.3,0.9,0,rrg,1,0.045454543,0.045454536,7.450581e-09,1,0.045454543,0.0,0,3.0910428,3.0910425186157227,3.0910428,0.0,1,0.0
deg_centrality,N/A,0.4,0.3,1.0,0,rrg,0,0.045454543,,,1,0.045454543,0.0,0,3.0910428,,3.0910428,0.0,1,
deg_centrality,N/A,0.05,0.3,0.1,1,rrg,8,0.045454543,0.045454543,0.0,1,0.045454543,0.0,0,3.0910428,3.0910427570343018,3.0910428,0.0,1,0.0
deg_centrality,N/A,0.05,0.3,0.2,1,rrg,7,0.045454543,0.04545454,3.7252903e-09,1,0.045454543,0.0,0,3.0910428,3.0910427570343018,3.0910428,0.0,1,0.0
deg_centrality,N/A,0.05,0.3,0.30000000000000004,1,rrg,514,0.045454543,0.04545454,3.7252903e-09,1,0.045454543,0.0,0,3.0910428,3.0910427570343018,3.0910428,0.0,1,0.0
deg_centrality,N/A,0.05,0.3,0.4,1,rrg,3,0.045454543,0.04545454,3.7252903e-09,1,0.045454543,0.0,0,3.0910428,3.091042995452881,3.0910428,0.0,1,0.0
deg_centrality,N/A,0.05,0.3,0.5,1,rrg,1,0.045454543,0.04545454,3.7252903e-09,1,0.045454543,0.0,0,3.0910428,3.0910427570343018,3.0910428,0.0,1,0.0
deg_centrality,N/A,0.05,0.3,0.6000000000000001,1,rrg,0,0.045454543,0.04545454,3.7252903e-09,1,0.045454543,0.0,0,3.0910428,3.0910427570343018,3.0910428,0.0,1,0.0
deg_centrality,N/A,0.05,0.3,0.7000000000000001,1,rrg,0,0.045454543,0.04545454,3.7252903e-09,1,0.045454543,0.0,0,3.0910428,3.091042995452881,3.0910428,0.0,1,0.0
deg_centrality,N/A,0.05,0.3,0.8,1,rrg,0,0.045454543,0.04545454,3.7252903e-09,1,0.045454543,0.0,0,3.0910428,3.0910427570343018,3.0910428,0.0,1,0.0
deg_centrality,N/A,0.05,0.3,0.9,1,rrg,0,0.045454543,0.045454536,7.450581e-09,1,0.045454543,0.0,0,3.0910428,3.0910425186157227,3.0910428,0.0,1,0.0
deg_centrality,N/A,0.05,0.3,1.0,1,rrg,0,0.045454543,,,1,0.045454543,0.0,0,3.0910428,,3.0910428,0.0,1,
deg_centrality,N/A,0.1,0.3,0.1,1,rrg,518,0.045454543,0.045454543,0.0,1,0.045454543,0.0,0,3.0910428,3.0910427570343018,3.0910428,0.0,1,0.0
deg_centrality,N/A,0.1,0.3,0.2,1,rrg,0,0.045454543,0.04545454,3.7252903e-09,1,0.045454543,0.0,0,3.0910428,3.0910427570343018,3.0910428,0.0,1,0.0
deg_centrality,N/A,0.1,0.3,0.30000000000000004,1,rrg,2,0.045454543,0.04545454,3.7252903e-09,1,0.045454543,0.0,0,3.0910428,3.0910427570343018,3.0910428,0.0,1,0.0
deg_centrality,N/A,0.1,0.3,0.4,1,rrg,0,0.045454543,0.04545454,3.7252903e-09,1,0.045454543,0.0,0,3.0910428,3.091042995452881,3.0910428,0.0,1,0.0
deg_centrality,N/A,0.1,0.3,0.5,1,rrg,0,0.045454543,0.04545454,3.7252903e-09,1,0.045454543,0.0,0,3.0910428,3.0910427570343018,3.0910428,0.0,1,0.0
deg_centrality,N/A,0.1,0.3,0.6000000000000001,1,rrg,1,0.045454543,0.04545454,3.7252903e-09,1,0.045454543,0.0,0,3.0910428,3.0910427570343018,3.0910428,0.0,1,0.0
deg_centrality,N/A,0.1,0.3,0.7000000000000001,1,rrg,0,0.045454543,0.04545454,3.7252903e-09,1,0.045454543,0.0,0,3.0910428,3.091042995452881,3.0910428,0.0,1,0.0
deg_centrality,N/A,0.1,0.3,0.8,1,rrg,1,0.045454543,0.04545454,3.7252903e-09,1,0.045454543,0.0,0,3.0910428,3.0910427570343018,3.0910428,0.0,1,0.0
deg_centrality,N/A,0.1,0.3,0.9,1,rrg,0,0.045454543,0.045454536,7.450581e-09,1,0.045454543,0.0,0,3.0910428,3.0910425186157227,3.0910428,0.0,1,0.0
deg_centrality,N/A,0.1,0.3,1.0,1,rrg,0,0.045454543,,,1,0.045454543,0.0,0,3.0910428,,3.0910428,0.0,1,
deg_centrality,N/A,0.2,0.3,0.1,1,rrg,517,0.045454543,0.045454543,0.0,1,0.045454543,0.0,0,3.0910428,3.0910427570343018,3.0910428,0.0,1,0.0
deg_centrality,N/A,0.2,0.3,0.2,1,rrg,515,0.045454543,0.04545454,3.7252903e-09,1,0.045454543,0.0,1,3.0910428,3.0910427570343018,3.0910428,0.0,1,0.0
deg_centrality,N/A,0.2,0.3,0.30000000000000004,1,rrg,515,0.045454543,0.04545454,3.7252903e-09,1,0.045454543,0.0,1,3.0910428,3.0910427570343018,3.0910428,0.0,1,0.0
deg_centrality,N/A,0.2,0.3,0.4,1,rrg,0,0.045454543,0.04545454,3.7252903e-09,1,0.045454543,0.0,0,3.0910428,3.091042995452881,3.0910428,0.0,1,0.0
deg_centrality,N/A,0.2,0.3,0.5,1,rrg,0,0.045454543,0.04545454,3.7252903e-09,1,0.045454543,0.0,0,3.0910428,3.0910427570343018,3.0910428,0.0,1,0.0
deg_centrality,N/A,0.2,0.3,0.6000000000000001,1,rrg,0,0.045454543,0.04545454,3.7252903e-09,1,0.045454543,0.0,0,3.0910428,3.0910427570343018,3.0910428,0.0,1,0.0
deg_centrality,N/A,0.2,0.3,0.7000000000000001,1,rrg,0,0.045454543,0.04545454,3.7252903e-09,1,0.045454543,0.0,0,3.0910428,3.091042995452881,3.0910428,0.0,1,0.0
deg_centrality,N/A,0.2,0.3,0.8,1,rrg,0,0.045454543,0.04545454,3.7252903e-09,1,0.045454543,0.0,0,3.0910428,3.0910427570343018,3.0910428,0.0,1,0.0
deg_centrality,N/A,0.2,0.3,0.9,1,rrg,0,0.045454543,0.045454536,7.450581e-09,1,0.045454543,0.0,0,3.0910428,3.0910425186157227,3.0910428,0.0,1,0.0
deg_centrality,N/A,0.2,0.3,1.0,1,rrg,0,0.045454543,,,1,0.045454543,0.0,0,3.0910428,,3.0910428,0.0,1,
deg_centrality,N/A,0.3,0.3,0.1,1,rrg,0,0.045454543,0.045454543,0.0,1,0.045454543,0.0,0,3.0910428,3.0910427570343018,3.0910428,0.0,1,0.0
deg_centrality,N/A,0.3,0.3,0.2,1,rrg,3,0.045454543,0.04545454,3.7252903e-09,1,0.045454543,0.0,1,3.0910428,3.0910427570343018,3.0910428,0.0,1,0.0
deg_centrality,N/A,0.3,0.3,0.30000000000000004,1,rrg,0,0.045454543,0.04545454,3.7252903e-09,1,0.045454543,0.0,0,3.0910428,3.0910427570343018,3.0910428,0.0,1,0.0
deg_centrality,N/A,0.3,0.3,0.4,1,rrg,1,0.045454543,0.04545454,3.7252903e-09,1,0.045454543,0.0,0,3.0910428,3.091042995452881,3.0910428,0.0,1,0.0
deg_centrality,N/A,0.3,0.3,0.5,1,rrg,4,0.045454543,0.04545454,3.7252903e-09,1,0.045454543,0.0,0,3.0910428,3.0910427570343018,3.0910428,0.0,1,0.0
deg_centrality,N/A,0.3,0.3,0.6000000000000001,1,rrg,1,0.045454543,0.04545454,3.7252903e-09,1,0.045454543,0.0,0,3.0910428,3.0910427570343018,3.0910428,0.0,1,0.0
deg_centrality,N/A,0.3,0.3,0.7000000000000001,1,rrg,0,0.045454543,0.04545454,3.7252903e-09,1,0.045454543,0.0,0,3.0910428,3.091042995452881,3.0910428,0.0,1,0.0
deg_centrality,N/A,0.3,0.3,0.8,1,rrg,0,0.045454543,0.04545454,3.7252903e-09,1,0.045454543,0.0,0,3.0910428,3.0910427570343018,3.0910428,0.0,1,0.0
deg_centrality,N/A,0.3,0.3,0.9,1,rrg,0,0.045454543,0.045454536,7.450581e-09,1,0.045454543,0.0,0,3.0910428,3.0910425186157227,3.0910428,0.0,1,0.0
deg_centrality,N/A,0.3,0.3,1.0,1,rrg,0,0.045454543,,,1,0.045454543,0.0,0,3.0910428,,3.0910428,0.0,1,
deg_centrality,N/A,0.4,0.3,0.1,1,rrg,513,0.045454543,0.045454543,0.0,1,0.045454543,0.0,0,3.0910428,3.0910427570343018,3.0910428,0.0,1,0.0
deg_centrality,N/A,0.4,0.3,0.2,1,rrg,0,0.045454543,0.04545454,3.7252903e-09,1,0.045454543,0.0,0,3.0910428,3.0910427570343018,3.0910428,0.0,1,0.0
deg_centrality,N/A,0.4,0.3,0.30000000000000004,1,rrg,512,0.045454543,0.04545454,3.7252903e-09,1,0.045454543,0.0,0,3.0910428,3.0910427570343018,3.0910428,0.0,1,0.0
deg_centrality,N/A,0.4,0.3,0.4,1,rrg,1,0.045454543,0.04545454,3.7252903e-09,1,0.045454543,0.0,1,3.0910428,3.091042995452881,3.0910428,0.0,1,0.0
deg_centrality,N/A,0.4,0.3,0.5,1,rrg,3,0.045454543,0.04545454,3.7252903e-09,1,0.045454543,0.0,1,3.0910428,3.0910427570343018,3.0910428,0.0,1,0.0
deg_centrality,N/A,0.4,0.3,0.6000000000000001,1,rrg,0,0.045454543,0.04545454,3.7252903e-09,1,0.045454543,0.0,0,3.0910428,3.0910427570343018,3.0910428,0.0,1,0.0
deg_centrality,N/A,0.4,0.3,0.7000000000000001,1,rrg,0,0.045454543,0.04545454,3.7252903e-09,1,0.045454543,0.0,0,3.0910428,3.091042995452881,3.0910428,0.0,1,0.0
deg_centrality,N/A,0.4,0.3,0.8,1,rrg,1,0.045454543,0.04545454,3.7252903e-09,1,0.045454543,0.0,1,3.0910428,3.0910427570343018,3.0910428,0.0,1,0.0
deg_centrality,N/A,0.4,0.3,0.9,1,rrg,0,0.045454543,0.045454536,7.450581e-09,1,0.045454543,0.0,0,3.0910428,3.0910425186157227,3.0910428,0.0,1,0.0
deg_centrality,N/A,0.4,0.3,1.0,1,rrg,0,0.045454543,,,1,0.045454543,0.0,0,3.0910428,,3.0910428,0.0,1,
deg_centrality,N/A,0.05,0.3,0.1,2,rrg,12,0.045454543,0.045454543,0.0,1,0.045454543,0.0,0,3.0910428,3.0910427570343018,3.0910428,0.0,1,0.0
deg_centrality,N/A,0.05,0.3,0.2,2,rrg,512,0.045454543,0.04545454,3.7252903e-09,1,0.045454543,0.0,0,3.0910428,3.0910427570343018,3.0910428,0.0,1,0.0
deg_centrality,N/A,0.05,0.3,0.30000000000000004,2,rrg,515,0.045454543,0.04545454,3.7252903e-09,1,0.045454543,0.0,0,3.0910428,3.0910427570343018,3.0910428,0.0,1,0.0
deg_centrality,N/A,0.05,0.3,0.4,2,rrg,1,0.045454543,0.04545454,3.7252903e-09,1,0.045454543,0.0,0,3.0910428,3.091042995452881,3.0910428,0.0,1,0.0
deg_centrality,N/A,0.05,0.3,0.5,2,rrg,0,0.045454543,0.04545454,3.7252903e-09,1,0.045454543,0.0,0,3.0910428,3.0910427570343018,3.0910428,0.0,1,0.0
deg_centrality,N/A,0.05,0.3,0.6000000000000001,2,rrg,0,0.045454543,0.04545454,3.7252903e-09,1,0.045454543,0.0,0,3.0910428,3.0910427570343018,3.0910428,0.0,1,0.0
deg_centrality,N/A,0.05,0.3,0.7000000000000001,2,rrg,0,0.045454543,0.04545454,3.7252903e-09,1,0.045454543,0.0,0,3.0910428,3.091042995452881,3.0910428,0.0,1,0.0
deg_centrality,N/A,0.05,0.3,0.8,2,rrg,0,0.045454543,0.04545454,3.7252903e-09,1,0.045454543,0.0,0,3.0910428,3.0910427570343018,3.0910428,0.0,1,0.0
deg_centrality,N/A,0.05,0.3,0.9,2,rrg,0,0.045454543,0.045454536,7.450581e-09,1,0.045454543,0.0,0,3.0910428,3.0910425186157227,3.0910428,0.0,1,0.0
deg_centrality,N/A,0.05,0.3,1.0,2,rrg,0,0.045454543,,,1,0.045454543,0.0,0,3.0910428,,3.0910428,0.0,1,
deg_centrality,N/A,0.1,0.3,0.1,2,rrg,0,0.045454543,0.045454543,0.0,1,0.045454543,0.0,0,3.0910428,3.0910427570343018,3.0910428,0.0,1,0.0
deg_centrality,N/A,0.1,0.3,0.2,2,rrg,513,0.045454543,0.04545454,3.7252903e-09,1,0.045454543,0.0,0,3.0910428,3.0910427570343018,3.0910428,0.0,1,0.0
deg_centrality,N/A,0.1,0.3,0.30000000000000004,2,rrg,514,0.045454543,0.04545454,3.7252903e-09,1,0.045454543,0.0,0,3.0910428,3.0910427570343018,3.0910428,0.0,1,0.0
deg_centrality,N/A,0.1,0.3,0.4,2,rrg,1,0.045454543,0.04545454,3.7252903e-09,1,0.045454543,0.0,0,3.0910428,3.091042995452881,3.0910428,0.0,1,0.0
deg_centrality,N/A,0.1,0.3,0.5,2,rrg,0,0.045454543,0.04545454,3.7252903e-09,1,0.045454543,0.0,0,3.0910428,3.0910427570343018,3.0910428,0.0,1,0.0
deg_centrality,N/A,0.1,0.3,0.6000000000000001,2,rrg,2,0.045454543,0.04545454,3.7252903e-09,1,0.045454543,0.0,0,3.0910428,3.0910427570343018,3.0910428,0.0,1,0.0
deg_centrality,N/A,0.1,0.3,0.7000000000000001,2,rrg,0,0.045454543,0.04545454,3.7252903e-09,1,0.045454543,0.0,0,3.0910428,3.091042995452881,3.0910428,0.0,1,0.0
deg_centrality,N/A,0.1,0.3,0.8,2,rrg,0,0.045454543,0.04545454,3.7252903e-09,1,0.045454543,0.0,0,3.0910428,3.0910427570343018,3.0910428,0.0,1,0.0
deg_centrality,N/A,0.1,0.3,0.9,2,rrg,0,0.045454543,0.045454536,7.450581e-09,1,0.045454543,0.0,0,3.0910428,3.0910425186157227,3.0910428,0.0,1,0.0
deg_centrality,N/A,0.1,0.3,1.0,2,rrg,0,0.045454543,,,1,0.045454543,0.0,0,3.0910428,,3.0910428,0.0,1,
deg_centrality,N/A,0.2,0.3,0.1,2,rrg,1,0.045454543,0.045454543,0.0,1,0.045454543,0.0,0,3.0910428,3.0910427570343018,3.0910428,0.0,1,0.0
deg_centrality,N/A,0.2,0.3,0.2,2,rrg,2,0.045454543,0.04545454,3.7252903e-09,1,0.045454543,0.0,0,3.0910428,3.0910427570343018,3.0910428,0.0,1,0.0
deg_centrality,N/A,0.2,0.3,0.30000000000000004,2,rrg,0,0.045454543,0.04545454,3.7252903e-09,1,0.045454543,0.0,1,3.0910428,3.0910427570343018,3.0910428,0.0,1,0.0
deg_centrality,N/A,0.2,0.3,0.4,2,rrg,1,0.045454543,0.04545454,3.7252903e-09,1,0.045454543,0.0,0,3.0910428,3.091042995452881,3.0910428,0.0,1,0.0
deg_centrality,N/A,0.2,0.3,0.5,2,rrg,0,0.045454543,0.04545454,3.7252903e-09,1,0.045454543,0.0,1,3.0910428,3.0910427570343018,3.0910428,0.0,1,0.0
deg_centrality,N/A,0.2,0.3,0.6000000000000001,2,rrg,0,0.045454543,0.04545454,3.7252903e-09,1,0.045454543,0.0,1,3.0910428,3.0910427570343018,3.0910428,0.0,1,0.0
deg_centrality,N/A,0.2,0.3,0.7000000000000001,2,rrg,0,0.045454543,0.04545454,3.7252903e-09,1,0.045454543,0.0,1,3.0910428,3.091042995452881,3.0910428,0.0,1,0.0
deg_centrality,N/A,0.2,0.3,0.8,2,rrg,1,0.045454543,0.04545454,3.7252903e-09,1,0.045454543,0.0,0,3.0910428,3.0910427570343018,3.0910428,0.0,1,0.0
deg_centrality,N/A,0.2,0.3,0.9,2,rrg,1,0.045454543,0.045454536,7.450581e-09,1,0.045454543,0.0,0,3.0910428,3.0910425186157227,3.0910428,0.0,1,0.0
deg_centrality,N/A,0.2,0.3,1.0,2,rrg,0,0.045454543,,,1,0.045454543,0.0,1,3.0910428,,3.0910428,0.0,1,
deg_centrality,N/A,0.3,0.3,0.1,2,rrg,531,0.045454543,0.045454543,0.0,1,0.045454543,0.0,0,3.0910428,3.0910427570343018,3.0910428,0.0,1,0.0
deg_centrality,N/A,0.3,0.3,0.2,2,rrg,512,0.045454543,0.04545454,3.7252903e-09,1,0.045454543,0.0,0,3.0910428,3.0910427570343018,3.0910428,0.0,1,0.0
deg_centrality,N/A,0.3,0.3,0.30000000000000004,2,rrg,513,0.045454543,0.04545454,3.7252903e-09,1,0.045454543,0.0,1,3.0910428,3.0910427570343018,3.0910428,0.0,1,0.0
deg_centrality,N/A,0.3,0.3,0.4,2,rrg,1,0.045454543,0.04545454,3.7252903e-09,1,0.045454543,0.0,1,3.0910428,3.091042995452881,3.0910428,0.0,1,0.0
deg_centrality,N/A,0.3,0.3,0.5,2,rrg,0,0.045454543,0.04545454,3.7252903e-09,1,0.045454543,0.0,1,3.0910428,3.0910427570343018,3.0910428,0.0,1,0.0
deg_centrality,N/A,0.3,0.3,0.6000000000000001,2,rrg,0,0.045454543,0.04545454,3.7252903e-09,1,0.045454543,0.0,1,3.0910428,3.0910427570343018,3.0910428,0.0,1,0.0
deg_centrality,N/A,0.3,0.3,0.7000000000000001,2,rrg,0,0.045454543,0.04545454,3.7252903e-09,1,0.045454543,0.0,1,3.0910428,3.091042995452881,3.0910428,0.0,1,0.0
deg_centrality,N/A,0.3,0.3,0.8,2,rrg,0,0.045454543,0.04545454,3.7252903e-09,1,0.045454543,0.0,1,3.0910428,3.0910427570343018,3.0910428,0.0,1,0.0
deg_centrality,N/A,0.3,0.3,0.9,2,rrg,0,0.045454543,0.045454536,7.450581e-09,1,0.045454543,0.0,1,3.0910428,3.0910425186157227,3.0910428,0.0,1,0.0
deg_centrality,N/A,0.3,0.3,1.0,2,rrg,0,0.045454543,,,1,0.045454543,0.0,1,3.0910428,,3.0910428,0.0,1,
deg_centrality,N/A,0.4,0.3,0.1,2,rrg,0,0.045454543,0.045454543,0.0,1,0.045454543,0.0,0,3.0910428,3.0910427570343018,3.0910428,0.0,1,0.0
deg_centrality,N/A,0.4,0.3,0.2,2,rrg,513,0.045454543,0.04545454,3.7252903e-09,1,0.045454543,0.0,0,3.0910428,3.0910427570343018,3.0910428,0.0,1,0.0
deg_centrality,N/A,0.4,0.3,0.30000000000000004,2,rrg,1,0.045454543,0.04545454,3.7252903e-09,1,0.045454543,0.0,0,3.0910428,3.0910427570343018,3.0910428,0.0,1,0.0
deg_centrality,N/A,0.4,0.3,0.4,2,rrg,0,0.045454543,0.04545454,3.7252903e-09,1,0.045454543,0.0,0,3.0910428,3.091042995452881,3.0910428,0.0,1,0.0
deg_centrality,N/A,0.4,0.3,0.5,2,rrg,1,0.045454543,0.04545454,3.7252903e-09,1,0.045454543,0.0,0,3.0910428,3.0910427570343018,3.0910428,0.0,1,0.0
deg_centrality,N/A,0.4,0.3,0.6000000000000001,2,rrg,0,0.045454543,0.04545454,3.7252903e-09,1,0.045454543,0.0,0,3.0910428,3.0910427570343018,3.0910428,0.0,1,0.0
deg_centrality,N/A,0.4,0.3,0.7000000000000001,2,rrg,0,0.045454543,0.04545454,3.7252903e-09,1,0.045454543,0.0,0,3.0910428,3.091042995452881,3.0910428,0.0,1,0.0
deg_centrality,N/A,0.4,0.3,0.8,2,rrg,0,0.045454543,0.04545454,3.7252903e-09,1,0.045454543,0.0,0,3.0910428,3.0910427570343018,3.0910428,0.0,1,0.0
deg_centrality,N/A,0.4,0.3,0.9,2,rrg,0,0.045454543,0.045454536,7.450581e-09,1,0.045454543,0.0,0,3.0910428,3.0910425186157227,3.0910428,0.0,1,0.0
deg_centrality,N/A,0.4,0.3,1.0,2,rrg,0,0.045454543,,,1,0.045454543,0.0,0,3.0910428,,3.0910428,0.0,1,
deg_centrality,N/A,0.05,0.3,0.1,3,rrg,8,0.045454543,0.045454543,0.0,1,0.045454543,0.0,0,3.0910428,3.0910427570343018,3.0910428,0.0,1,0.0
deg_centrality,N/A,0.05,0.3,0.2,3,rrg,512,0.045454543,0.04545454,3.7252903e-09,1,0.045454543,0.0,0,3.0910428,3.0910427570343018,3.0910428,0.0,1,0.0
deg_centrality,N/A,0.05,0.3,0.30000000000000004,3,rrg,6,0.045454543,0.04545454,3.7252903e-09,1,0.045454543,0.0,0,3.0910428,3.0910427570343018,3.0910428,0.0,1,0.0
deg_centrality,N/A,0.05,0.3,0.4,3,rrg,0,0.045454543,0.04545454,3.7252903e-09,1,0.045454543,0.0,0,3.0910428,3.091042995452881,3.0910428,0.0,1,0.0
deg_centrality,N/A,0.05,0.3,0.5,3,rrg,0,0.045454543,0.04545454,3.7252903e-09,1,0.045454543,0.0,0,3.0910428,3.0910427570343018,3.0910428,0.0,1,0.0
deg_centrality,N/A,0.05,0.3,0.6000000000000001,3,rrg,0,0.045454543,0.04545454,3.7252903e-09,1,0.045454543,0.0,0,3.0910428,3.0910427570343018,3.0910428,0.0,1,0.0
deg_centrality,N/A,0.05,0.3,0.7000000000000001,3,rrg,1,0.045454543,0.04545454,3.7252903e-09,1,0.045454543,0.0,0,3.0910428,3.091042995452881,3.0910428,0.0,1,0.0
deg_centrality,N/A,0.05,0.3,0.8,3,rrg,0,0.045454543,0.04545454,3.7252903e-09,1,0.045454543,0.0,0,3.0910428,3.0910427570343018,3.0910428,0.0,1,0.0
deg_centrality,N/A,0.05,0.3,0.9,3,rrg,0,0.045454543,0.045454536,7.450581e-09,1,0.045454543,0.0,0,3.0910428,3.0910425186157227,3.0910428,0.0,1,0.0
deg_centrality,N/A,0.05,0.3,1.0,3,rrg,0,0.045454543,,,1,0.045454543,0.0,0,3.0910428,,3.0910428,0.0,1,
deg_centrality,N/A,0.1,0.3,0.1,3,rrg,514,0.045454543,0.045454543,0.0,1,0.045454543,0.0,0,3.0910428,3.0910427570343018,3.0910428,0.0,1,0.0
deg_centrality,N/A,0.1,0.3,0.2,3,rrg,512,0.045454543,0.04545454,3.7252903e-09,1,0.045454543,0.0,0,3.0910428,3.0910427570343018,3.0910428,0.0,1,0.0
deg_centrality,N/A,0.1,0.3,0.30000000000000004,3,rrg,515,0.045454543,0.04545454,3.7252903e-09,1,0.045454543,0.0,0,3.0910428,3.0910427570343018,3.0910428,0.0,1,0.0
deg_centrality,N/A,0.1,0.3,0.4,3,rrg,0,0.045454543,0.04545454,3.7252903e-09,1,0.045454543,0.0,0,3.0910428,3.091042995452881,3.0910428,0.0,1,0.0
deg_centrality,N/A,0.1,0.3,0.5,3,rrg,0,0.045454543,0.04545454,3.7252903e-09,1,0.045454543,0.0,0,3.0910428,3.0910427570343018,3.0910428,0.0,1,0.0
deg_centrality,N/A,0.1,0.3,0.6000000000000001,3,rrg,2,0.045454543,0.04545454,3.7252903e-09,1,0.045454543,0.0,0,3.0910428,3.0910427570343018,3.0910428,0.0,1,0.0
deg_centrality,N/A,0.1,0.3,0.7000000000000001,3,rrg,0,0.045454543,0.04545454,3.7252903e-09,1,0.045454543,0.0,0,3.0910428,3.091042995452881,3.0910428,0.0,1,0.0
deg_centrality,N/A,0.1,0.3,0.8,3,rrg,0,0.045454543,0.04545454,3.7252903e-09,1,0.045454543,0.0,0,3.0910428,3.0910427570343018,3.0910428,0.0,1,0.0
deg_centrality,N/A,0.1,0.3,0.9,3,rrg,0,0.045454543,0.045454536,7.450581e-09,1,0.045454543,0.0,0,3.0910428,3.0910425186157227,3.0910428,0.0,1,0.0
deg_centrality,N/A,0.1,0.3,1.0,3,rrg,0,0.045454543,,,1,0.045454543,0.0,0,3.0910428,,3.0910428,0.0,1,
deg_centrality,N/A,0.2,0.3,0.1,3,rrg,2,0.045454543,0.045454543,0.0,1,0.045454543,0.0,0,3.0910428,3.0910427570343018,3.0910428,0.0,1,0.0
deg_centrality,N/A,0.2,0.3,0.2,3,rrg,513,0.045454543,0.04545454,3.7252903e-09,1,0.045454543,0.0,1,3.0910428,3.0910427570343018,3.0910428,0.0,1,0.0
deg_centrality,N/A,0.2,0.3,0.30000000000000004,3,rrg,514,0.045454543,0.04545454,3.7252903e-09,1,0.045454543,0.0,0,3.0910428,3.0910427570343018,3.0910428,0.0,1,0.0
deg_centrality,N/A,0.2,0.3,0.4,3,rrg,1,0.045454543,0.04545454,3.7252903e-09,1,0.045454543,0.0,0,3.0910428,3.091042995452881,3.0910428,0.0,1,0.0
deg_centrality,N/A,0.2,0.3,0.5,3,rrg,0,0.045454543,0.04545454,3.7252903e-09,1,0.045454543,0.0,1,3.0910428,3.0910427570343018,3.0910428,0.0,1,0.0
deg_centrality,N/A,0.2,0.3,0.6000000000000001,3,rrg,6,0.045454543,0.04545454,3.7252903e-09,1,0.045454543,0.0,0,3.0910428,3.0910427570343018,3.0910428,0.0,1,0.0
deg_centrality,N/A,0.2,0.3,0.7000000000000001,3,rrg,0,0.045454543,0.04545454,3.7252903e-09,1,0.045454543,0.0,1,3.0910428,3.091042995452881,3.0910428,0.0,1,0.0
deg_centrality,N/A,0.2,0.3,0.8,3,rrg,0,0.045454543,0.04545454,3.7252903e-09,1,0.045454543,0.0,1,3.0910428,3.0910427570343018,3.0910428,0.0,1,0.0
deg_centrality,N/A,0.2,0.3,0.9,3,rrg,0,0.045454543,0.045454536,7.450581e-09,1,0.045454543,0.0,1,3.0910428,3.0910425186157227,3.0910428,0.0,1,0.0
deg_centrality,N/A,0.2,0.3,1.0,3,rrg,0,0.045454543,,,1,0.045454543,0.0,1,3.0910428,,3.0910428,0.0,1,
deg_centrality,N/A,0.3,0.3,0.1,3,rrg,532,0.045454543,0.045454543,0.0,1,0.045454543,0.0,0,3.0910428,3.0910427570343018,3.0910428,0.0,1,0.0
deg_centrality,N/A,0.3,0.3,0.2,3,rrg,513,0.045454543,0.04545454,3.7252903e-09,1,0.045454543,0.0,0,3.0910428,3.0910427570343018,3.0910428,0.0,1,0.0
deg_centrality,N/A,0.3,0.3,0.30000000000000004,3,rrg,512,0.045454543,0.04545454,3.7252903e-09,1,0.045454543,0.0,0,3.0910428,3.0910427570343018,3.0910428,0.0,1,0.0
deg_centrality,N/A,0.3,0.3,0.4,3,rrg,8,0.045454543,0.04545454,3.7252903e-09,1,0.045454543,0.0,0,3.0910428,3.091042995452881,3.0910428,0.0,1,0.0
deg_centrality,N/A,0.3,0.3,0.5,3,rrg,1,0.045454543,0.04545454,3.7252903e-09,1,0.045454543,0.0,0,3.0910428,3.0910427570343018,3.0910428,0.0,1,0.0
deg_centrality,N/A,0.3,0.3,0.6000000000000001,3,rrg,0,0.045454543,0.04545454,3.7252903e-09,1,0.045454543,0.0,0,3.0910428,3.0910427570343018,3.0910428,0.0,1,0.0
deg_centrality,N/A,0.3,0.3,0.7000000000000001,3,rrg,0,0.045454543,0.04545454,3.7252903e-09,1,0.045454543,0.0,0,3.0910428,3.091042995452881,3.0910428,0.0,1,0.0
deg_centrality,N/A,0.3,0.3,0.8,3,rrg,0,0.045454543,0.04545454,3.7252903e-09,1,0.045454543,0.0,0,3.0910428,3.0910427570343018,3.0910428,0.0,1,0.0
deg_centrality,N/A,0.3,0.3,0.9,3,rrg,1,0.045454543,0.045454536,7.450581e-09,1,0.045454543,0.0,0,3.0910428,3.0910425186157227,3.0910428,0.0,1,0.0
deg_centrality,N/A,0.3,0.3,1.0,3,rrg,0,0.045454543,,,1,0.045454543,0.0,0,3.0910428,,3.0910428,0.0,1,
deg_centrality,N/A,0.4,0.3,0.1,3,rrg,520,0.045454543,0.045454543,0.0,1,0.045454543,0.0,0,3.0910428,3.0910427570343018,3.0910428,0.0,1,0.0
deg_centrality,N/A,0.4,0.3,0.2,3,rrg,515,0.045454543,0.04545454,3.7252903e-09,1,0.045454543,0.0,0,3.0910428,3.0910427570343018,3.0910428,0.0,1,0.0
deg_centrality,N/A,0.4,0.3,0.30000000000000004,3,rrg,512,0.045454543,0.04545454,3.7252903e-09,1,0.045454543,0.0,0,3.0910428,3.0910427570343018,3.0910428,0.0,1,0.0
deg_centrality,N/A,0.4,0.3,0.4,3,rrg,3,0.045454543,0.04545454,3.7252903e-09,1,0.045454543,0.0,0,3.0910428,3.091042995452881,3.0910428,0.0,1,0.0
deg_centrality,N/A,0.4,0.3,0.5,3,rrg,0,0.045454543,0.04545454,3.7252903e-09,1,0.045454543,0.0,0,3.0910428,3.0910427570343018,3.0910428,0.0,1,0.0
deg_centrality,N/A,0.4,0.3,0.6000000000000001,3,rrg,1,0.045454543,0.04545454,3.7252903e-09,1,0.045454543,0.0,0,3.0910428,3.0910427570343018,3.0910428,0.0,1,0.0
deg_centrality,N/A,0.4,0.3,0.7000000000000001,3,rrg,0,0.045454543,0.04545454,3.7252903e-09,1,0.045454543,0.0,0,3.0910428,3.091042995452881,3.0910428,0.0,1,0.0
deg_centrality,N/A,0.4,0.3,0.8,3,rrg,1,0.045454543,0.04545454,3.7252903e-09,1,0.045454543,0.0,0,3.0910428,3.0910427570343018,3.0910428,0.0,1,0.0
deg_centrality,N/A,0.4,0.3,0.9,3,rrg,0,0.045454543,0.045454536,7.450581e-09,1,0.045454543,0.0,0,3.0910428,3.0910425186157227,3.0910428,0.0,1,0.0
deg_centrality,N/A,0.4,0.3,1.0,3,rrg,0,0.045454543,,,1,0.045454543,0.0,0,3.0910428,,3.0910428,0.0,1,
deg_centrality,N/A,0.05,0.3,0.1,4,rrg,5,0.045454543,0.045454543,0.0,1,0.045454543,0.0,0,3.0910428,3.0910427570343018,3.0910428,0.0,1,0.0
deg_centrality,N/A,0.05,0.3,0.2,4,rrg,513,0.045454543,0.04545454,3.7252903e-09,1,0.045454543,0.0,0,3.0910428,3.0910427570343018,3.0910428,0.0,1,0.0
deg_centrality,N/A,0.05,0.3,0.30000000000000004,4,rrg,512,0.045454543,0.04545454,3.7252903e-09,1,0.045454543,0.0,0,3.0910428,3.0910427570343018,3.0910428,0.0,1,0.0
deg_centrality,N/A,0.05,0.3,0.4,4,rrg,10,0.045454543,0.04545454,3.7252903e-09,1,0.045454543,0.0,0,3.0910428,3.091042995452881,3.0910428,0.0,1,0.0
deg_centrality,N/A,0.05,0.3,0.5,4,rrg,0,0.045454543,0.04545454,3.7252903e-09,1,0.045454543,0.0,0,3.0910428,3.0910427570343018,3.0910428,0.0,1,0.0
deg_centrality,N/A,0.05,0.3,0.6000000000000001,4,rrg,0,0.045454543,0.04545454,3.7252903e-09,1,0.045454543,0.0,0,3.0910428,3.0910427570343018,3.0910428,0.0,1,0.0
deg_centrality,N/A,0.05,0.3,0.7000000000000001,4,rrg,0,0.045454543,0.04545454,3.7252903e-09,1,0.045454543,0.0,0,3.0910428,3.091042995452881,3.0910428,0.0,1,0.0
deg_centrality,N/A,0.05,0.3,0.8,4,rrg,0,0.045454543,0.04545454,3.7252903e-09,1,0.045454543,0.0,0,3.0910428,3.0910427570343018,3.0910428,0.0,1,0.0
deg_centrality,N/A,0.05,0.3,0.9,4,rrg,0,0.045454543,0.045454536,7.450581e-09,1,0.045454543,0.0,0,3.0910428,3.0910425186157227,3.0910428,0.0,1,0.0
deg_centrality,N/A,0.05,0.3,1.0,4,rrg,0,0.045454543,,,1,0.045454543,0.0,0,3.0910428,,3.0910428,0.0,1,
deg_centrality,N/A,0.1,0.3,0.1,4,rrg,515,0.045454543,0.045454543,0.0,1,0.045454543,0.0,0,3.0910428,3.0910427570343018,3.0910428,0.0,1,0.0
deg_centrality,N/A,0.1,0.3,0.2,4,rrg,2,0.045454543,0.04545454,3.7252903e-09,1,0.045454543,0.0,0,3.0910428,3.0910427570343018,3.0910428,0.0,1,0.0
deg_centrality,N/A,0.1,0.3,0.30000000000000004,4,rrg,513,0.045454543,0.04545454,3.7252903e-09,1,0.045454543,0.0,0,3.0910428,3.0910427570343018,3.0910428,0.0,1,0.0
deg_centrality,N/A,0.1,0.3,0.4,4,rrg,4,0.045454543,0.04545454,3.7252903e-09,1,0.045454543,0.0,0,3.0910428,3.091042995452881,3.0910428,0.0,1,0.0
deg_centrality,N/A,0.1,0.3,0.5,4,rrg,3,0.045454543,0.04545454,3.7252903e-09,1,0.045454543,0.0,0,3.0910428,3.0910427570343018,3.0910428,0.0,1,0.0
deg_centrality,N/A,0.1,0.3,0.6000000000000001,4,rrg,0,0.045454543,0.04545454,3.7252903e-09,1,0.045454543,0.0,1,3.0910428,3.0910427570343018,3.0910428,0.0,1,0.0
deg_centrality,N/A,0.1,0.3,0.7000000000000001,4,rrg,1,0.045454543,0.04545454,3.7252903e-09,1,0.045454543,0.0,0,3.0910428,3.091042995452881,3.0910428,0.0,1,0.0
deg_centrality,N/A,0.1,0.3,0.8,4,rrg,1,0.045454543,0.04545454,3.7252903e-09,1,0.045454543,0.0,0,3.0910428,3.0910427570343018,3.0910428,0.0,1,0.0
deg_centrality,N/A,0.1,0.3,0.9,4,rrg,1,0.045454543,0.045454536,7.450581e-09,1,0.045454543,0.0,0,3.0910428,3.0910425186157227,3.0910428,0.0,1,0.0
deg_centrality,N/A,0.1,0.3,1.0,4,rrg,0,0.045454543,,,1,0.045454543,0.0,1,3.0910428,,3.0910428,0.0,1,
deg_centrality,N/A,0.2,0.3,0.1,4,rrg,514,0.045454543,0.045454543,0.0,1,0.045454543,0.0,0,3.0910428,3.0910427570343018,3.0910428,0.0,1,0.0
deg_centrality,N/A,0.2,0.3,0.2,4,rrg,512,0.045454543,0.04545454,3.7252903e-09,1,0.045454543,0.0,0,3.0910428,3.0910427570343018,3.0910428,0.0,1,0.0
deg_centrality,N/A,0.2,0.3,0.30000000000000004,4,rrg,0,0.045454543,0.04545454,3.7252903e-09,1,0.045454543,0.0,0,3.0910428,3.0910427570343018,3.0910428,0.0,1,0.0
deg_centrality,N/A,0.2,0.3,0.4,4,rrg,5,0.045454543,0.04545454,3.7252903e-09,1,0.045454543,0.0,0,3.0910428,3.091042995452881,3.0910428,0.0,1,0.0
deg_centrality,N/A,0.2,0.3,0.5,4,rrg,0,0.045454543,0.04545454,3.7252903e-09,1,0.045454543,0.0,0,3.0910428,3.0910427570343018,3.0910428,0.0,1,0.0
deg_centrality,N/A,0.2,0.3,0.6000000000000001,4,rrg,0,0.045454543,0.04545454,3.7252903e-09,1,0.045454543,0.0,0,3.0910428,3.0910427570343018,3.0910428,0.0,1,0.0
deg_centrality,N/A,0.2,0.3,0.7000000000000001,4,rrg,1,0.045454543,0.04545454,3.7252903e-09,1,0.045454543,0.0,0,3.0910428,3.091042995452881,3.0910428,0.0,1,0.0
deg_centrality,N/A,0.2,0.3,0.8,4,rrg,0,0.045454543,0.04545454,3.7252903e-09,1,0.045454543,0.0,0,3.0910428,3.0910427570343018,3.0910428,0.0,1,0.0
deg_centrality,N/A,0.2,0.3,0.9,4,rrg,0,0.045454543,0.045454536,7.450581e-09,1,0.045454543,0.0,0,3.0910428,3.0910425186157227,3.0910428,0.0,1,0.0
deg_centrality,N/A,0.2,0.3,1.0,4,rrg,0,0.045454543,,,1,0.045454543,0.0,0,3.0910428,,3.0910428,0.0,1,
deg_centrality,N/A,0.3,0.3,0.1,4,rrg,513,0.045454543,0.045454543,0.0,1,0.045454543,0.0,0,3.0910428,3.0910427570343018,3.0910428,0.0,1,0.0
deg_centrality,N/A,0.3,0.3,0.2,4,rrg,512,0.045454543,0.04545454,3.7252903e-09,1,0.045454543,0.0,0,3.0910428,3.0910427570343018,3.0910428,0.0,1,0.0
deg_centrality,N/A,0.3,0.3,0.30000000000000004,4,rrg,1,0.045454543,0.04545454,3.7252903e-09,1,0.045454543,0.0,0,3.0910428,3.0910427570343018,3.0910428,0.0,1,0.0
deg_centrality,N/A,0.3,0.3,0.4,4,rrg,1,0.045454543,0.04545454,3.7252903e-09,1,0.045454543,0.0,0,3.0910428,3.091042995452881,3.0910428,0.0,1,0.0
deg_centrality,N/A,0.3,0.3,0.5,4,rrg,4,0.045454543,0.04545454,3.7252903e-09,1,0.045454543,0.0,0,3.0910428,3.0910427570343018,3.0910428,0.0,1,0.0
deg_centrality,N/A,0.3,0.3,0.6000000000000001,4,rrg,1,0.045454543,0.04545454,3.7252903e-09,1,0.045454543,0.0,0,3.0910428,3.0910427570343018,3.0910428,0.0,1,0.0
deg_centrality,N/A,0.3,0.3,0.7000000000000001,4,rrg,0,0.045454543,0.04545454,3.7252903e-09,1,0.045454543,0.0,0,3.0910428,3.091042995452881,3.0910428,0.0,1,0.0
deg_centrality,N/A,0.3,0.3,0.8,4,rrg,1,0.045454543,0.04545454,3.7252903e-09,1,0.045454543,0.0,0,3.0910428,3.0910427570343018,3.0910428,0.0,1,0.0
deg_centrality,N/A,0.3,0.3,0.9,4,rrg,0,0.045454543,0.045454536,7.450581e-09,1,0.045454543,0.0,0,3.0910428,3.0910425186157227,3.0910428,0.0,1,0.0
deg_centrality,N/A,0.3,0.3,1.0,4,rrg,0,0.045454543,,,1,0.045454543,0.0,0,3.0910428,,3.0910428,0.0,1,
deg_centrality,N/A,0.4,0.3,0.1,4,rrg,1,0.045454543,0.045454543,0.0,1,0.045454543,0.0,0,3.0910428,3.0910427570343018,3.0910428,0.0,1,0.0
deg_centrality,N/A,0.4,0.3,0.2,4,rrg,4,0.045454543,0.04545454,3.7252903e-09,1,0.045454543,0.0,0,3.0910428,3.0910427570343018,3.0910428,0.0,1,0.0
deg_centrality,N/A,0.4,0.3,0.30000000000000004,4,rrg,0,0.045454543,0.04545454,3.7252903e-09,1,0.045454543,0.0,0,3.0910428,3.0910427570343018,3.0910428,0.0,1,0.0
deg_centrality,N/A,0.4,0.3,0.4,4,rrg,0,0.045454543,0.04545454,3.7252903e-09,1,0.045454543,0.0,0,3.0910428,3.091042995452881,3.0910428,0.0,1,0.0
deg_centrality,N/A,0.4,0.3,0.5,4,rrg,0,0.045454543,0.04545454,3.7252903e-09,1,0.045454543,0.0,0,3.0910428,3.0910427570343018,3.0910428,0.0,1,0.0
deg_centrality,N/A,0.4,0.3,0.6000000000000001,4,rrg,0,0.045454543,0.04545454,3.7252903e-09,1,0.045454543,0.0,0,3.0910428,3.0910427570343018,3.0910428,0.0,1,0.0
deg_centrality,N/A,0.4,0.3,0.7000000000000001,4,rrg,0,0.045454543,0.04545454,3.7252903e-09,1,0.045454543,0.0,0,3.0910428,3.091042995452881,3.0910428,0.0,1,0.0
deg_centrality,N/A,0.4,0.3,0.8,4,rrg,0,0.045454543,0.04545454,3.7252903e-09,1,0.045454543,0.0,0,3.0910428,3.0910427570343018,3.0910428,0.0,1,0.0
deg_centrality,N/A,0.4,0.3,0.9,4,rrg,0,0.045454543,0.045454536,7.450581e-09,1,0.045454543,0.0,0,3.0910428,3.0910425186157227,3.0910428,0.0,1,0.0
deg_centrality,N/A,0.4,0.3,1.0,4,rrg,0,0.045454543,,,1,0.045454543,0.0,0,3.0910428,,3.0910428,0.0,1,
deg_centrality,N/A,0.05,0.3,0.1,5,rrg,1,0.045454543,0.045454543,0.0,1,0.045454543,0.0,0,3.0910428,3.0910427570343018,3.0910428,0.0,1,0.0
deg_centrality,N/A,0.05,0.3,0.2,5,rrg,0,0.045454543,0.04545454,3.7252903e-09,1,0.045454543,0.0,0,3.0910428,3.0910427570343018,3.0910428,0.0,1,0.0
deg_centrality,N/A,0.05,0.3,0.30000000000000004,5,rrg,5,0.045454543,0.04545454,3.7252903e-09,1,0.045454543,0.0,0,3.0910428,3.0910427570343018,3.0910428,0.0,1,0.0
deg_centrality,N/A,0.05,0.3,0.4,5,rrg,3,0.045454543,0.04545454,3.7252903e-09,1,0.045454543,0.0,0,3.0910428,3.091042995452881,3.0910428,0.0,1,0.0
deg_centrality,N/A,0.05,0.3,0.5,5,rrg,0,0.045454543,0.04545454,3.7252903e-09,1,0.045454543,0.0,0,3.0910428,3.0910427570343018,3.0910428,0.0,1,0.0
deg_centrality,N/A,0.05,0.3,0.6000000000000001,5,rrg,2,0.045454543,0.04545454,3.7252903e-09,1,0.045454543,0.0,0,3.0910428,3.0910427570343018,3.0910428,0.0,1,0.0
deg_centrality,N/A,0.05,0.3,0.7000000000000001,5,rrg,1,0.045454543,0.04545454,3.7252903e-09,1,0.045454543,0.0,0,3.0910428,3.091042995452881,3.0910428,0.0,1,0.0
deg_centrality,N/A,0.05,0.3,0.8,5,rrg,0,0.045454543,0.04545454,3.7252903e-09,1,0.045454543,0.0,0,3.0910428,3.0910427570343018,3.0910428,0.0,1,0.0
deg_centrality,N/A,0.05,0.3,0.9,5,rrg,0,0.045454543,0.045454536,7.450581e-09,1,0.045454543,0.0,0,3.0910428,3.0910425186157227,3.0910428,0.0,1,0.0
deg_centrality,N/A,0.05,0.3,1.0,5,rrg,0,0.045454543,,,1,0.045454543,0.0,0,3.0910428,,3.0910428,0.0,1,
deg_centrality,N/A,0.1,0.3,0.1,5,rrg,518,0.045454543,0.045454543,0.0,1,0.045454543,0.0,0,3.0910428,3.0910427570343018,3.0910428,0.0,1,0.0
deg_centrality,N/A,0.1,0.3,0.2,5,rrg,515,0.045454543,0.04545454,3.7252903e-09,1,0.045454543,0.0,0,3.0910428,3.0910427570343018,3.0910428,0.0,1,0.0
deg_centrality,N/A,0.1,0.3,0.30000000000000004,5,rrg,0,0.045454543,0.04545454,3.7252903e-09,1,0.045454543,0.0,0,3.0910428,3.0910427570343018,3.0910428,0.0,1,0.0
deg_centrality,N/A,0.1,0.3,0.4,5,rrg,1,0.045454543,0.04545454,3.7252903e-09,1,0.045454543,0.0,1,3.0910428,3.091042995452881,3.0910428,0.0,1,0.0
deg_centrality,N/A,0.1,0.3,0.5,5,rrg,0,0.045454543,0.04545454,3.7252903e-09,1,0.045454543,0.0,0,3.0910428,3.0910427570343018,3.0910428,0.0,1,0.0
deg_centrality,N/A,0.1,0.3,0.6000000000000001,5,rrg,0,0.045454543,0.04545454,3.7252903e-09,1,0.045454543,0.0,0,3.0910428,3.0910427570343018,3.0910428,0.0,1,0.0
deg_centrality,N/A,0.1,0.3,0.7000000000000001,5,rrg,0,0.045454543,0.04545454,3.7252903e-09,1,0.045454543,0.0,0,3.0910428,3.091042995452881,3.0910428,0.0,1,0.0
deg_centrality,N/A,0.1,0.3,0.8,5,rrg,0,0.045454543,0.04545454,3.7252903e-09,1,0.045454543,0.0,0,3.0910428,3.0910427570343018,3.0910428,0.0,1,0.0
deg_centrality,N/A,0.1,0.3,0.9,5,rrg,1,0.045454543,0.045454536,7.450581e-09,1,0.045454543,0.0,1,3.0910428,3.0910425186157227,3.0910428,0.0,1,0.0
deg_centrality,N/A,0.1,0.3,1.0,5,rrg,0,0.045454543,,,1,0.045454543,0.0,0,3.0910428,,3.0910428,0.0,1,
deg_centrality,N/A,0.2,0.3,0.1,5,rrg,14,0.045454543,0.045454543,0.0,1,0.045454543,0.0,0,3.0910428,3.0910427570343018,3.0910428,0.0,1,0.0
deg_centrality,N/A,0.2,0.3,0.2,5,rrg,512,0.045454543,0.04545454,3.7252903e-09,1,0.045454543,0.0,0,3.0910428,3.0910427570343018,3.0910428,0.0,1,0.0
deg_centrality,N/A,0.2,0.3,0.30000000000000004,5,rrg,517,0.045454543,0.04545454,3.7252903e-09,1,0.045454543,0.0,1,3.0910428,3.0910427570343018,3.0910428,0.0,1,0.0
deg_centrality,N/A,0.2,0.3,0.4,5,rrg,0,0.045454543,0.04545454,3.7252903e-09,1,0.045454543,0.0,1,3.0910428,3.091042995452881,3.0910428,0.0,1,0.0
deg_centrality,N/A,0.2,0.3,0.5,5,rrg,0,0.045454543,0.04545454,3.7252903e-09,1,0.045454543,0.0,1,3.0910428,3.0910427570343018,3.0910428,0.0,1,0.0
deg_centrality,N/A,0.2,0.3,0.6000000000000001,5,rrg,0,0.045454543,0.04545454,3.7252903e-09,1,0.045454543,0.0,1,3.0910428,3.0910427570343018,3.0910428,0.0,1,0.0
deg_centrality,N/A,0.2,0.3,0.7000000000000001,5,rrg,0,0.045454543,0.04545454,3.7252903e-09,1,0.045454543,0.0,1,3.0910428,3.091042995452881,3.0910428,0.0,1,0.0
deg_centrality,N/A,0.2,0.3,0.8,5,rrg,0,0.045454543,0.04545454,3.7252903e-09,1,0.045454543,0.0,1,3.0910428,3.0910427570343018,3.0910428,0.0,1,0.0
deg_centrality,N/A,0.2,0.3,0.9,5,rrg,0,0.045454543,0.045454536,7.450581e-09,1,0.045454543,0.0,1,3.0910428,3.0910425186157227,3.0910428,0.0,1,0.0
deg_centrality,N/A,0.2,0.3,1.0,5,rrg,0,0.045454543,,,1,0.045454543,0.0,1,3.0910428,,3.0910428,0.0,1,
deg_centrality,N/A,0.3,0.3,0.1,5,rrg,518,0.045454543,0.045454543,0.0,1,0.045454543,0.0,0,3.0910428,3.0910427570343018,3.0910428,0.0,1,0.0
deg_centrality,N/A,0.3,0.3,0.2,5,rrg,513,0.045454543,0.04545454,3.7252903e-09,1,0.045454543,0.0,0,3.0910428,3.0910427570343018,3.0910428,0.0,1,0.0
deg_centrality,N/A,0.3,0.3,0.30000000000000004,5,rrg,513,0.045454543,0.04545454,3.7252903e-09,1,0.045454543,0.0,0,3.0910428,3.0910427570343018,3.0910428,0.0,1,0.0
deg_centrality,N/A,0.3,0.3,0.4,5,rrg,2,0.045454543,0.04545454,3.7252903e-09,1,0.045454543,0.0,0,3.0910428,3.091042995452881,3.0910428,0.0,1,0.0
deg_centrality,N/A,0.3,0.3,0.5,5,rrg,3,0.045454543,0.04545454,3.7252903e-09,1,0.045454543,0.0,0,3.0910428,3.0910427570343018,3.0910428,0.0,1,0.0
deg_centrality,N/A,0.3,0.3,0.6000000000000001,5,rrg,0,0.045454543,0.04545454,3.7252903e-09,1,0.045454543,0.0,0,3.0910428,3.0910427570343018,3.0910428,0.0,1,0.0
deg_centrality,N/A,0.3,0.3,0.7000000000000001,5,rrg,0,0.045454543,0.04545454,3.7252903e-09,1,0.045454543,0.0,0,3.0910428,3.091042995452881,3.0910428,0.0,1,0.0
deg_centrality,N/A,0.3,0.3,0.8,5,rrg,0,0.045454543,0.04545454,3.7252903e-09,1,0.045454543,0.0,0,3.0910428,3.0910427570343018,3.0910428,0.0,1,0.0
deg_centrality,N/A,0.3,0.3,0.9,5,rrg,0,0.045454543,0.045454536,7.450581e-09,1,0.045454543,0.0,0,3.0910428,3.0910425186157227,3.0910428,0.0,1,0.0
deg_centrality,N/A,0.3,0.3,1.0,5,rrg,0,0.045454543,,,1,0.045454543,0.0,0,3.0910428,,3.0910428,0.0,1,
deg_centrality,N/A,0.4,0.3,0.1,5,rrg,518,0.045454543,0.045454543,0.0,1,0.045454543,0.0,0,3.0910428,3.0910427570343018,3.0910428,0.0,1,0.0
deg_centrality,N/A,0.4,0.3,0.2,5,rrg,0,0.045454543,0.04545454,3.7252903e-09,1,0.045454543,0.0,1,3.0910428,3.0910427570343018,3.0910428,0.0,1,0.0
deg_centrality,N/A,0.4,0.3,0.30000000000000004,5,rrg,512,0.045454543,0.04545454,3.7252903e-09,1,0.045454543,0.0,1,3.0910428,3.0910427570343018,3.0910428,0.0,1,0.0
deg_centrality,N/A,0.4,0.3,0.4,5,rrg,2,0.045454543,0.04545454,3.7252903e-09,1,0.045454543,0.0,1,3.0910428,3.091042995452881,3.0910428,0.0,1,0.0
deg_centrality,N/A,0.4,0.3,0.5,5,rrg,0,0.045454543,0.04545454,3.7252903e-09,1,0.045454543,0.0,1,3.0910428,3.0910427570343018,3.0910428,0.0,1,0.0
deg_centrality,N/A,0.4,0.3,0.6000000000000001,5,rrg,1,0.045454543,0.04545454,3.7252903e-09,1,0.045454543,0.0,1,3.0910428,3.0910427570343018,3.0910428,0.0,1,0.0
deg_centrality,N/A,0.4,0.3,0.7000000000000001,5,rrg,0,0.045454543,0.04545454,3.7252903e-09,1,0.045454543,0.0,1,3.0910428,3.091042995452881,3.0910428,0.0,1,0.0
deg_centrality,N/A,0.4,0.3,0.8,5,rrg,0,0.045454543,0.04545454,3.7252903e-09,1,0.045454543,0.0,1,3.0910428,3.0910427570343018,3.0910428,0.0,1,0.0
deg_centrality,N/A,0.4,0.3,0.9,5,rrg,0,0.045454543,0.045454536,7.450581e-09,1,0.045454543,0.0,1,3.0910428,3.0910425186157227,3.0910428,0.0,1,0.0
deg_centrality,N/A,0.4,0.3,1.0,5,rrg,0,0.045454543,,,1,0.045454543,0.0,1,3.0910428,,3.0910428,0.0,1,
deg_centrality,N/A,0.05,0.3,0.1,6,rrg,5,0.045454543,0.045454543,0.0,1,0.045454543,0.0,0,3.0910428,3.0910427570343018,3.0910428,0.0,1,0.0
deg_centrality,N/A,0.05,0.3,0.2,6,rrg,0,0.045454543,0.04545454,3.7252903e-09,1,0.045454543,0.0,0,3.0910428,3.0910427570343018,3.0910428,0.0,1,0.0
deg_centrality,N/A,0.05,0.3,0.30000000000000004,6,rrg,5,0.045454543,0.04545454,3.7252903e-09,1,0.045454543,0.0,0,3.0910428,3.0910427570343018,3.0910428,0.0,1,0.0
deg_centrality,N/A,0.05,0.3,0.4,6,rrg,3,0.045454543,0.04545454,3.7252903e-09,1,0.045454543,0.0,1,3.0910428,3.091042995452881,3.0910428,0.0,1,0.0
deg_centrality,N/A,0.05,0.3,0.5,6,rrg,1,0.045454543,0.04545454,3.7252903e-09,1,0.045454543,0.0,0,3.0910428,3.0910427570343018,3.0910428,0.0,1,0.0
deg_centrality,N/A,0.05,0.3,0.6000000000000001,6,rrg,0,0.045454543,0.04545454,3.7252903e-09,1,0.045454543,0.0,0,3.0910428,3.0910427570343018,3.0910428,0.0,1,0.0
deg_centrality,N/A,0.05,0.3,0.7000000000000001,6,rrg,0,0.045454543,0.04545454,3.7252903e-09,1,0.045454543,0.0,0,3.0910428,3.091042995452881,3.0910428,0.0,1,0.0
deg_centrality,N/A,0.05,0.3,0.8,6,rrg,1,0.045454543,0.04545454,3.7252903e-09,1,0.045454543,0.0,0,3.0910428,3.0910427570343018,3.0910428,0.0,1,0.0
deg_centrality,N/A,0.05,0.3,0.9,6,rrg,0,0.045454543,0.045454536,7.450581e-09,1,0.045454543,0.0,0,3.0910428,3.0910425186157227,3.0910428,0.0,1,0.0
deg_centrality,N/A,0.05,0.3,1.0,6,rrg,0,0.045454543,,,1,0.045454543,0.0,0,3.0910428,,3.0910428,0.0,1,
deg_centrality,N/A,0.1,0.3,0.1,6,rrg,0,0.045454543,0.045454543,0.0,1,0.045454543,0.0,0,3.0910428,3.0910427570343018,3.0910428,0.0,1,0.0
deg_centrality,N/A,0.1,0.3,0.2,6,rrg,515,0.045454543,0.04545454,3.7252903e-09,1,0.045454543,0.0,1,3.0910428,3.0910427570343018,3.0910428,0.0,1,0.0
deg_centrality,N/A,0.1,0.3,0.30000000000000004,6,rrg,512,0.045454543,0.04545454,3.7252903e-09,1,0.045454543,0.0,0,3.0910428,3.0910427570343018,3.0910428,0.0,1,0.0
deg_centrality,N/A,0.1,0.3,0.4,6,rrg,0,0.045454543,0.04545454,3.7252903e-09,1,0.045454543,0.0,0,3.0910428,3.091042995452881,3.0910428,0.0,1,0.0
deg_centrality,N/A,0.1,0.3,0.5,6,rrg,0,0.045454543,0.04545454,3.7252903e-09,1,0.045454543,0.0,0,3.0910428,3.0910427570343018,3.0910428,0.0,1,0.0
deg_centrality,N/A,0.1,0.3,0.6000000000000001,6,rrg,0,0.045454543,0.04545454,3.7252903e-09,1,0.045454543,0.0,0,3.0910428,3.0910427570343018,3.0910428,0.0,1,0.0
deg_centrality,N/A,0.1,0.3,0.7000000000000001,6,rrg,1,0.045454543,0.04545454,3.7252903e-09,1,0.045454543,0.0,0,3.0910428,3.091042995452881,3.0910428,0.0,1,0.0
deg_centrality,N/A,0.1,0.3,0.8,6,rrg,0,0.045454543,0.04545454,3.7252903e-09,1,0.045454543,0.0,0,3.0910428,3.0910427570343018,3.0910428,0.0,1,0.0
deg_centrality,N/A,0.1,0.3,0.9,6,rrg,0,0.045454543,0.045454536,7.450581e-09,1,0.045454543,0.0,0,3.0910428,3.0910425186157227,3.0910428,0.0,1,0.0
deg_centrality,N/A,0.1,0.3,1.0,6,rrg,0,0.045454543,,,1,0.045454543,0.0,0,3.0910428,,3.0910428,0.0,1,
deg_centrality,N/A,0.2,0.3,0.1,6,rrg,513,0.045454543,0.045454543,0.0,1,0.045454543,0.0,0,3.0910428,3.0910427570343018,3.0910428,0.0,1,0.0
deg_centrality,N/A,0.2,0.3,0.2,6,rrg,1,0.045454543,0.04545454,3.7252903e-09,1,0.045454543,0.0,0,3.0910428,3.0910427570343018,3.0910428,0.0,1,0.0
deg_centrality,N/A,0.2,0.3,0.30000000000000004,6,rrg,512,0.045454543,0.04545454,3.7252903e-09,1,0.045454543,0.0,0,3.0910428,3.0910427570343018,3.0910428,0.0,1,0.0
deg_centrality,N/A,0.2,0.3,0.4,6,rrg,4,0.045454543,0.04545454,3.7252903e-09,1,0.045454543,0.0,0,3.0910428,3.091042995452881,3.0910428,0.0,1,0.0
deg_centrality,N/A,0.2,0.3,0.5,6,rrg,0,0.045454543,0.04545454,3.7252903e-09,1,0.045454543,0.0,1,3.0910428,3.0910427570343018,3.0910428,0.0,1,0.0
deg_centrality,N/A,0.2,0.3,0.6000000000000001,6,rrg,0,0.045454543,0.04545454,3.7252903e-09,1,0.045454543,0.0,1,3.0910428,3.0910427570343018,3.0910428,0.0,1,0.0
deg_centrality,N/A,0.2,0.3,0.7000000000000001,6,rrg,0,0.045454543,0.04545454,3.7252903e-09,1,0.045454543,0.0,1,3.0910428,3.091042995452881,3.0910428,0.0,1,0.0
deg_centrality,N/A,0.2,0.3,0.8,6,rrg,0,0.045454543,0.04545454,3.7252903e-09,1,0.045454543,0.0,1,3.0910428,3.0910427570343018,3.0910428,0.0,1,0.0
deg_centrality,N/A,0.2,0.3,0.9,6,rrg,0,0.045454543,0.045454536,7.450581e-09,1,0.045454543,0.0,1,3.0910428,3.0910425186157227,3.0910428,0.0,1,0.0
deg_centrality,N/A,0.2,0.3,1.0,6,rrg,0,0.045454543,,,1,0.045454543,0.0,1,3.0910428,,3.0910428,0.0,1,
deg_centrality,N/A,0.3,0.3,0.1,6,rrg,518,0.045454543,0.045454543,0.0,1,0.045454543,0.0,0,3.0910428,3.0910427570343018,3.0910428,0.0,1,0.0
deg_centrality,N/A,0.3,0.3,0.2,6,rrg,2,0.045454543,0.04545454,3.7252903e-09,1,0.045454543,0.0,0,3.0910428,3.0910427570343018,3.0910428,0.0,1,0.0
deg_centrality,N/A,0.3,0.3,0.30000000000000004,6,rrg,513,0.045454543,0.04545454,3.7252903e-09,1,0.045454543,0.0,0,3.0910428,3.0910427570343018,3.0910428,0.0,1,0.0
deg_centrality,N/A,0.3,0.3,0.4,6,rrg,0,0.045454543,0.04545454,3.7252903e-09,1,0.045454543,0.0,1,3.0910428,3.091042995452881,3.0910428,0.0,1,0.0
deg_centrality,N/A,0.3,0.3,0.5,6,rrg,0,0.045454543,0.04545454,3.7252903e-09,1,0.045454543,0.0,1,3.0910428,3.0910427570343018,3.0910428,0.0,1,0.0
deg_centrality,N/A,0.3,0.3,0.6000000000000001,6,rrg,1,0.045454543,0.04545454,3.7252903e-09,1,0.045454543,0.0,0,3.0910428,3.0910427570343018,3.0910428,0.0,1,0.0
deg_centrality,N/A,0.3,0.3,0.7000000000000001,6,rrg,1,0.045454543,0.04545454,3.7252903e-09,1,0.045454543,0.0,0,3.0910428,3.091042995452881,3.0910428,0.0,1,0.0
deg_centrality,N/A,0.3,0.3,0.8,6,rrg,0,0.045454543,0.04545454,3.7252903e-09,1,0.045454543,0.0,1,3.0910428,3.0910427570343018,3.0910428,0.0,1,0.0
deg_centrality,N/A,0.3,0.3,0.9,6,rrg,1,0.045454543,0.045454536,7.450581e-09,1,0.045454543,0.0,0,3.0910428,3.0910425186157227,3.0910428,0.0,1,0.0
deg_centrality,N/A,0.3,0.3,1.0,6,rrg,0,0.045454543,,,1,0.045454543,0.0,1,3.0910428,,3.0910428,0.0,1,
deg_centrality,N/A,0.4,0.3,0.1,6,rrg,512,0.045454543,0.045454543,0.0,1,0.045454543,0.0,0,3.0910428,3.0910427570343018,3.0910428,0.0,1,0.0
deg_centrality,N/A,0.4,0.3,0.2,6,rrg,3,0.045454543,0.04545454,3.7252903e-09,1,0.045454543,0.0,0,3.0910428,3.0910427570343018,3.0910428,0.0,1,0.0
deg_centrality,N/A,0.4,0.3,0.30000000000000004,6,rrg,512,0.045454543,0.04545454,3.7252903e-09,1,0.045454543,0.0,0,3.0910428,3.0910427570343018,3.0910428,0.0,1,0.0
deg_centrality,N/A,0.4,0.3,0.4,6,rrg,2,0.045454543,0.04545454,3.7252903e-09,1,0.045454543,0.0,0,3.0910428,3.091042995452881,3.0910428,0.0,1,0.0
deg_centrality,N/A,0.4,0.3,0.5,6,rrg,0,0.045454543,0.04545454,3.7252903e-09,1,0.045454543,0.0,0,3.0910428,3.0910427570343018,3.0910428,0.0,1,0.0
deg_centrality,N/A,0.4,0.3,0.6000000000000001,6,rrg,6,0.045454543,0.04545454,3.7252903e-09,1,0.045454543,0.0,0,3.0910428,3.0910427570343018,3.0910428,0.0,1,0.0
deg_centrality,N/A,0.4,0.3,0.7000000000000001,6,rrg,1,0.045454543,0.04545454,3.7252903e-09,1,0.045454543,0.0,1,3.0910428,3.091042995452881,3.0910428,0.0,1,0.0
deg_centrality,N/A,0.4,0.3,0.8,6,rrg,0,0.045454543,0.04545454,3.7252903e-09,1,0.045454543,0.0,0,3.0910428,3.0910427570343018,3.0910428,0.0,1,0.0
deg_centrality,N/A,0.4,0.3,0.9,6,rrg,0,0.045454543,0.045454536,7.450581e-09,1,0.045454543,0.0,0,3.0910428,3.0910425186157227,3.0910428,0.0,1,0.0
deg_centrality,N/A,0.4,0.3,1.0,6,rrg,0,0.045454543,,,1,0.045454543,0.0,0,3.0910428,,3.0910428,0.0,1,
deg_centrality,N/A,0.05,0.3,0.1,7,rrg,515,0.045454543,0.045454543,0.0,1,0.045454543,0.0,0,3.0910428,3.0910427570343018,3.0910428,0.0,1,0.0
deg_centrality,N/A,0.05,0.3,0.2,7,rrg,0,0.045454543,0.04545454,3.7252903e-09,1,0.045454543,0.0,0,3.0910428,3.0910427570343018,3.0910428,0.0,1,0.0
deg_centrality,N/A,0.05,0.3,0.30000000000000004,7,rrg,0,0.045454543,0.04545454,3.7252903e-09,1,0.045454543,0.0,0,3.0910428,3.0910427570343018,3.0910428,0.0,1,0.0
deg_centrality,N/A,0.05,0.3,0.4,7,rrg,0,0.045454543,0.04545454,3.7252903e-09,1,0.045454543,0.0,0,3.0910428,3.091042995452881,3.0910428,0.0,1,0.0
deg_centrality,N/A,0.05,0.3,0.5,7,rrg,0,0.045454543,0.04545454,3.7252903e-09,1,0.045454543,0.0,0,3.0910428,3.0910427570343018,3.0910428,0.0,1,0.0
deg_centrality,N/A,0.05,0.3,0.6000000000000001,7,rrg,4,0.045454543,0.04545454,3.7252903e-09,1,0.045454543,0.0,0,3.0910428,3.0910427570343018,3.0910428,0.0,1,0.0
deg_centrality,N/A,0.05,0.3,0.7000000000000001,7,rrg,0,0.045454543,0.04545454,3.7252903e-09,1,0.045454543,0.0,0,3.0910428,3.091042995452881,3.0910428,0.0,1,0.0
deg_centrality,N/A,0.05,0.3,0.8,7,rrg,0,0.045454543,0.04545454,3.7252903e-09,1,0.045454543,0.0,0,3.0910428,3.0910427570343018,3.0910428,0.0,1,0.0
deg_centrality,N/A,0.05,0.3,0.9,7,rrg,0,0.045454543,0.045454536,7.450581e-09,1,0.045454543,0.0,0,3.0910428,3.0910425186157227,3.0910428,0.0,1,0.0
deg_centrality,N/A,0.05,0.3,1.0,7,rrg,0,0.045454543,,,1,0.045454543,0.0,0,3.0910428,,3.0910428,0.0,1,
deg_centrality,N/A,0.1,0.3,0.1,7,rrg,512,0.045454543,0.045454543,0.0,1,0.045454543,0.0,0,3.0910428,3.0910427570343018,3.0910428,0.0,1,0.0
deg_centrality,N/A,0.1,0.3,0.2,7,rrg,513,0.045454543,0.04545454,3.7252903e-09,1,0.045454543,0.0,0,3.0910428,3.0910427570343018,3.0910428,0.0,1,0.0
deg_centrality,N/A,0.1,0.3,0.30000000000000004,7,rrg,513,0.045454543,0.04545454,3.7252903e-09,1,0.045454543,0.0,0,3.0910428,3.0910427570343018,3.0910428,0.0,1,0.0
deg_centrality,N/A,0.1,0.3,0.4,7,rrg,6,0.045454543,0.04545454,3.7252903e-09,1,0.045454543,0.0,0,3.0910428,3.091042995452881,3.0910428,0.0,1,0.0
deg_centrality,N/A,0.1,0.3,0.5,7,rrg,2,0.045454543,0.04545454,3.7252903e-09,1,0.045454543,0.0,0,3.0910428,3.0910427570343018,3.0910428,0.0,1,0.0
deg_centrality,N/A,0.1,0.3,0.6000000000000001,7,rrg,2,0.045454543,0.04545454,3.7252903e-09,1,0.045454543,0.0,0,3.0910428,3.0910427570343018,3.0910428,0.0,1,0.0
deg_centrality,N/A,0.1,0.3,0.7000000000000001,7,rrg,1,0.045454543,0.04545454,3.7252903e-09,1,0.045454543,0.0,0,3.0910428,3.091042995452881,3.0910428,0.0,1,0.0
deg_centrality,N/A,0.1,0.3,0.8,7,rrg,0,0.045454543,0.04545454,3.7252903e-09,1,0.045454543,0.0,0,3.0910428,3.0910427570343018,3.0910428,0.0,1,0.0
deg_centrality,N/A,0.1,0.3,0.9,7,rrg,0,0.045454543,0.045454536,7.450581e-09,1,0.045454543,0.0,0,3.0910428,3.0910425186157227,3.0910428,0.0,1,0.0
deg_centrality,N/A,0.1,0.3,1.0,7,rrg,0,0.045454543,,,1,0.045454543,0.0,0,3.0910428,,3.0910428,0.0,1,
deg_centrality,N/A,0.2,0.3,0.1,7,rrg,513,0.045454543,0.045454543,0.0,1,0.045454543,0.0,0,3.0910428,3.0910427570343018,3.0910428,0.0,1,0.0
deg_centrality,N/A,0.2,0.3,0.2,7,rrg,0,0.045454543,0.04545454,3.7252903e-09,1,0.045454543,0.0,0,3.0910428,3.0910427570343018,3.0910428,0.0,1,0.0
deg_centrality,N/A,0.2,0.3,0.30000000000000004,7,rrg,512,0.045454543,0.04545454,3.7252903e-09,1,0.045454543,0.0,0,3.0910428,3.0910427570343018,3.0910428,0.0,1,0.0
deg_centrality,N/A,0.2,0.3,0.4,7,rrg,0,0.045454543,0.04545454,3.7252903e-09,1,0.045454543,0.0,0,3.0910428,3.091042995452881,3.0910428,0.0,1,0.0
deg_centrality,N/A,0.2,0.3,0.5,7,rrg,3,0.045454543,0.04545454,3.7252903e-09,1,0.045454543,0.0,0,3.0910428,3.0910427570343018,3.0910428,0.0,1,0.0
deg_centrality,N/A,0.2,0.3,0.6000000000000001,7,rrg,1,0.045454543,0.04545454,3.7252903e-09,1,0.045454543,0.0,0,3.0910428,3.0910427570343018,3.0910428,0.0,1,0.0
deg_centrality,N/A,0.2,0.3,0.7000000000000001,7,rrg,0,0.045454543,0.04545454,3.7252903e-09,1,0.045454543,0.0,0,3.0910428,3.091042995452881,3.0910428,0.0,1,0.0
deg_centrality,N/A,0.2,0.3,0.8,7,rrg,0,0.045454543,0.04545454,3.7252903e-09,1,0.045454543,0.0,0,3.0910428,3.0910427570343018,3.0910428,0.0,1,0.0
deg_centrality,N/A,0.2,0.3,0.9,7,rrg,0,0.045454543,0.045454536,7.450581e-09,1,0.045454543,0.0,0,3.0910428,3.0910425186157227,3.0910428,0.0,1,0.0
deg_centrality,N/A,0.2,0.3,1.0,7,rrg,0,0.045454543,,,1,0.045454543,0.0,0,3.0910428,,3.0910428,0.0,1,
deg_centrality,N/A,0.3,0.3,0.1,7,rrg,3,0.045454543,0.045454543,0.0,1,0.045454543,0.0,0,3.0910428,3.0910427570343018,3.0910428,0.0,1,0.0
deg_centrality,N/A,0.3,0.3,0.2,7,rrg,4,0.045454543,0.04545454,3.7252903e-09,1,0.045454543,0.0,1,3.0910428,3.0910427570343018,3.0910428,0.0,1,0.0
deg_centrality,N/A,0.3,0.3,0.30000000000000004,7,rrg,0,0.045454543,0.04545454,3.7252903e-09,1,0.045454543,0.0,0,3.0910428,3.0910427570343018,3.0910428,0.0,1,0.0
deg_centrality,N/A,0.3,0.3,0.4,7,rrg,3,0.045454543,0.04545454,3.7252903e-09,1,0.045454543,0.0,0,3.0910428,3.091042995452881,3.0910428,0.0,1,0.0
deg_centrality,N/A,0.3,0.3,0.5,7,rrg,0,0.045454543,0.04545454,3.7252903e-09,1,0.045454543,0.0,0,3.0910428,3.0910427570343018,3.0910428,0.0,1,0.0
deg_centrality,N/A,0.3,0.3,0.6000000000000001,7,rrg,1,0.045454543,0.04545454,3.7252903e-09,1,0.045454543,0.0,1,3.0910428,3.0910427570343018,3.0910428,0.0,1,0.0
deg_centrality,N/A,0.3,0.3,0.7000000000000001,7,rrg,0,0.045454543,0.04545454,3.7252903e-09,1,0.045454543,0.0,0,3.0910428,3.091042995452881,3.0910428,0.0,1,0.0
deg_centrality,N/A,0.3,0.3,0.8,7,rrg,0,0.045454543,0.04545454,3.7252903e-09,1,0.045454543,0.0,0,3.0910428,3.0910427570343018,3.0910428,0.0,1,0.0
deg_centrality,N/A,0.3,0.3,0.9,7,rrg,0,0.045454543,0.045454536,7.450581e-09,1,0.045454543,0.0,0,3.0910428,3.0910425186157227,3.0910428,0.0,1,0.0
deg_centrality,N/A,0.3,0.3,1.0,7,rrg,0,0.045454543,,,1,0.045454543,0.0,0,3.0910428,,3.0910428,0.0,1,
deg_centrality,N/A,0.4,0.3,0.1,7,rrg,526,0.045454543,0.045454543,0.0,1,0.045454543,0.0,0,3.0910428,3.0910427570343018,3.0910428,0.0,1,0.0
deg_centrality,N/A,0.4,0.3,0.2,7,rrg,0,0.045454543,0.04545454,3.7252903e-09,1,0.045454543,0.0,1,3.0910428,3.0910427570343018,3.0910428,0.0,1,0.0
deg_centrality,N/A,0.4,0.3,0.30000000000000004,7,rrg,0,0.045454543,0.04545454,3.7252903e-09,1,0.045454543,0.0,1,3.0910428,3.0910427570343018,3.0910428,0.0,1,0.0
deg_centrality,N/A,0.4,0.3,0.4,7,rrg,0,0.045454543,0.04545454,3.7252903e-09,1,0.045454543,0.0,1,3.0910428,3.091042995452881,3.0910428,0.0,1,0.0
deg_centrality,N/A,0.4,0.3,0.5,7,rrg,1,0.045454543,0.04545454,3.7252903e-09,1,0.045454543,0.0,0,3.0910428,3.0910427570343018,3.0910428,0.0,1,0.0
deg_centrality,N/A,0.4,0.3,0.6000000000000001,7,rrg,3,0.045454543,0.04545454,3.7252903e-09,1,0.045454543,0.0,1,3.0910428,3.0910427570343018,3.0910428,0.0,1,0.0
deg_centrality,N/A,0.4,0.3,0.7000000000000001,7,rrg,0,0.045454543,0.04545454,3.7252903e-09,1,0.045454543,0.0,1,3.0910428,3.091042995452881,3.0910428,0.0,1,0.0
deg_centrality,N/A,0.4,0.3,0.8,7,rrg,1,0.045454543,0.04545454,3.7252903e-09,1,0.045454543,0.0,0,3.0910428,3.0910427570343018,3.0910428,0.0,1,0.0
deg_centrality,N/A,0.4,0.3,0.9,7,rrg,0,0.045454543,0.045454536,7.450581e-09,1,0.045454543,0.0,1,3.0910428,3.0910425186157227,3.0910428,0.0,1,0.0
deg_centrality,N/A,0.4,0.3,1.0,7,rrg,0,0.045454543,,,1,0.045454543,0.0,1,3.0910428,,3.0910428,0.0,1,
deg_centrality,N/A,0.05,0.3,0.1,8,rrg,514,0.045454543,0.045454543,0.0,1,0.045454543,0.0,0,3.0910428,3.0910427570343018,3.0910428,0.0,1,0.0
deg_centrality,N/A,0.05,0.3,0.2,8,rrg,513,0.045454543,0.04545454,3.7252903e-09,1,0.045454543,0.0,0,3.0910428,3.0910427570343018,3.0910428,0.0,1,0.0
deg_centrality,N/A,0.05,0.3,0.30000000000000004,8,rrg,4,0.045454543,0.04545454,3.7252903e-09,1,0.045454543,0.0,0,3.0910428,3.0910427570343018,3.0910428,0.0,1,0.0
deg_centrality,N/A,0.05,0.3,0.4,8,rrg,1,0.045454543,0.04545454,3.7252903e-09,1,0.045454543,0.0,0,3.0910428,3.091042995452881,3.0910428,0.0,1,0.0
deg_centrality,N/A,0.05,0.3,0.5,8,rrg,0,0.045454543,0.04545454,3.7252903e-09,1,0.045454543,0.0,0,3.0910428,3.0910427570343018,3.0910428,0.0,1,0.0
deg_centrality,N/A,0.05,0.3,0.6000000000000001,8,rrg,0,0.045454543,0.04545454,3.7252903e-09,1,0.045454543,0.0,0,3.0910428,3.0910427570343018,3.0910428,0.0,1,0.0
deg_centrality,N/A,0.05,0.3,0.7000000000000001,8,rrg,0,0.045454543,0.04545454,3.7252903e-09,1,0.045454543,0.0,0,3.0910428,3.091042995452881,3.0910428,0.0,1,0.0
deg_centrality,N/A,0.05,0.3,0.8,8,rrg,0,0.045454543,0.04545454,3.7252903e-09,1,0.045454543,0.0,0,3.0910428,3.0910427570343018,3.0910428,0.0,1,0.0
deg_centrality,N/A,0.05,0.3,0.9,8,rrg,0,0.045454543,0.045454536,7.450581e-09,1,0.045454543,0.0,0,3.0910428,3.0910425186157227,3.0910428,0.0,1,0.0
deg_centrality,N/A,0.05,0.3,1.0,8,rrg,0,0.045454543,,,1,0.045454543,0.0,0,3.0910428,,3.0910428,0.0,1,
deg_centrality,N/A,0.1,0.3,0.1,8,rrg,512,0.045454543,0.045454543,0.0,1,0.045454543,0.0,0,3.0910428,3.0910427570343018,3.0910428,0.0,1,0.0
deg_centrality,N/A,0.1,0.3,0.2,8,rrg,514,0.045454543,0.04545454,3.7252903e-09,1,0.045454543,0.0,0,3.0910428,3.0910427570343018,3.0910428,0.0,1,0.0
deg_centrality,N/A,0.1,0.3,0.30000000000000004,8,rrg,1,0.045454543,0.04545454,3.7252903e-09,1,0.045454543,0.0,0,3.0910428,3.0910427570343018,3.0910428,0.0,1,0.0
deg_centrality,N/A,0.1,0.3,0.4,8,rrg,2,0.045454543,0.04545454,3.7252903e-09,1,0.045454543,0.0,0,3.0910428,3.091042995452881,3.0910428,0.0,1,0.0
deg_centrality,N/A,0.1,0.3,0.5,8,rrg,0,0.045454543,0.04545454,3.7252903e-09,1,0.045454543,0.0,0,3.0910428,3.0910427570343018,3.0910428,0.0,1,0.0
deg_centrality,N/A,0.1,0.3,0.6000000000000001,8,rrg,0,0.045454543,0.04545454,3.7252903e-09,1,0.045454543,0.0,0,3.0910428,3.0910427570343018,3.0910428,0.0,1,0.0
deg_centrality,N/A,0.1,0.3,0.7000000000000001,8,rrg,0,0.045454543,0.04545454,3.7252903e-09,1,0.045454543,0.0,0,3.0910428,3.091042995452881,3.0910428,0.0,1,0.0
deg_centrality,N/A,0.1,0.3,0.8,8,rrg,0,0.045454543,0.04545454,3.7252903e-09,1,0.045454543,0.0,0,3.0910428,3.0910427570343018,3.0910428,0.0,1,0.0
deg_centrality,N/A,0.1,0.3,0.9,8,rrg,0,0.045454543,0.045454536,7.450581e-09,1,0.045454543,0.0,0,3.0910428,3.0910425186157227,3.0910428,0.0,1,0.0
deg_centrality,N/A,0.1,0.3,1.0,8,rrg,0,0.045454543,,,1,0.045454543,0.0,0,3.0910428,,3.0910428,0.0,1,
deg_centrality,N/A,0.2,0.3,0.1,8,rrg,525,0.045454543,0.045454543,0.0,1,0.045454543,0.0,0,3.0910428,3.0910427570343018,3.0910428,0.0,1,0.0
deg_centrality,N/A,0.2,0.3,0.2,8,rrg,0,0.045454543,0.04545454,3.7252903e-09,1,0.045454543,0.0,1,3.0910428,3.0910427570343018,3.0910428,0.0,1,0.0
deg_centrality,N/A,0.2,0.3,0.30000000000000004,8,rrg,1,0.045454543,0.04545454,3.7252903e-09,1,0.045454543,0.0,0,3.0910428,3.0910427570343018,3.0910428,0.0,1,0.0
deg_centrality,N/A,0.2,0.3,0.4,8,rrg,0,0.045454543,0.04545454,3.7252903e-09,1,0.045454543,0.0,1,3.0910428,3.091042995452881,3.0910428,0.0,1,0.0
deg_centrality,N/A,0.2,0.3,0.5,8,rrg,2,0.045454543,0.04545454,3.7252903e-09,1,0.045454543,0.0,0,3.0910428,3.0910427570343018,3.0910428,0.0,1,0.0
deg_centrality,N/A,0.2,0.3,0.6000000000000001,8,rrg,1,0.045454543,0.04545454,3.7252903e-09,1,0.045454543,0.0,0,3.0910428,3.0910427570343018,3.0910428,0.0,1,0.0
deg_centrality,N/A,0.2,0.3,0.7000000000000001,8,rrg,1,0.045454543,0.04545454,3.7252903e-09,1,0.045454543,0.0,0,3.0910428,3.091042995452881,3.0910428,0.0,1,0.0
deg_centrality,N/A,0.2,0.3,0.8,8,rrg,0,0.045454543,0.04545454,3.7252903e-09,1,0.045454543,0.0,1,3.0910428,3.0910427570343018,3.0910428,0.0,1,0.0
deg_centrality,N/A,0.2,0.3,0.9,8,rrg,0,0.045454543,0.045454536,7.450581e-09,1,0.045454543,0.0,1,3.0910428,3.0910425186157227,3.0910428,0.0,1,0.0
deg_centrality,N/A,0.2,0.3,1.0,8,rrg,0,0.045454543,,,1,0.045454543,0.0,1,3.0910428,,3.0910428,0.0,1,
deg_centrality,N/A,0.3,0.3,0.1,8,rrg,518,0.045454543,0.045454543,0.0,1,0.045454543,0.0,0,3.0910428,3.0910427570343018,3.0910428,0.0,1,0.0
deg_centrality,N/A,0.3,0.3,0.2,8,rrg,0,0.045454543,0.04545454,3.7252903e-09,1,0.045454543,0.0,0,3.0910428,3.0910427570343018,3.0910428,0.0,1,0.0
deg_centrality,N/A,0.3,0.3,0.30000000000000004,8,rrg,0,0.045454543,0.04545454,3.7252903e-09,1,0.045454543,0.0,0,3.0910428,3.0910427570343018,3.0910428,0.0,1,0.0
deg_centrality,N/A,0.3,0.3,0.4,8,rrg,0,0.045454543,0.04545454,3.7252903e-09,1,0.045454543,0.0,0,3.0910428,3.091042995452881,3.0910428,0.0,1,0.0
deg_centrality,N/A,0.3,0.3,0.5,8,rrg,0,0.045454543,0.04545454,3.7252903e-09,1,0.045454543,0.0,0,3.0910428,3.0910427570343018,3.0910428,0.0,1,0.0
deg_centrality,N/A,0.3,0.3,0.6000000000000001,8,rrg,2,0.045454543,0.04545454,3.7252903e-09,1,0.045454543,0.0,1,3.0910428,3.0910427570343018,3.0910428,0.0,1,0.0
deg_centrality,N/A,0.3,0.3,0.7000000000000001,8,rrg,5,0.045454543,0.04545454,3.7252903e-09,1,0.045454543,0.0,0,3.0910428,3.091042995452881,3.0910428,0.0,1,0.0
deg_centrality,N/A,0.3,0.3,0.8,8,rrg,1,0.045454543,0.04545454,3.7252903e-09,1,0.045454543,0.0,0,3.0910428,3.0910427570343018,3.0910428,0.0,1,0.0
deg_centrality,N/A,0.3,0.3,0.9,8,rrg,1,0.045454543,0.045454536,7.450581e-09,1,0.045454543,0.0,0,3.0910428,3.0910425186157227,3.0910428,0.0,1,0.0
deg_centrality,N/A,0.3,0.3,1.0,8,rrg,0,0.045454543,,,1,0.045454543,0.0,0,3.0910428,,3.0910428,0.0,1,
deg_centrality,N/A,0.4,0.3,0.1,8,rrg,0,0.045454543,0.045454543,0.0,1,0.045454543,0.0,1,3.0910428,3.0910427570343018,3.0910428,0.0,1,0.0
deg_centrality,N/A,0.4,0.3,0.2,8,rrg,513,0.045454543,0.04545454,3.7252903e-09,1,0.045454543,0.0,0,3.0910428,3.0910427570343018,3.0910428,0.0,1,0.0
deg_centrality,N/A,0.4,0.3,0.30000000000000004,8,rrg,0,0.045454543,0.04545454,3.7252903e-09,1,0.045454543,0.0,1,3.0910428,3.0910427570343018,3.0910428,0.0,1,0.0
deg_centrality,N/A,0.4,0.3,0.4,8,rrg,2,0.045454543,0.04545454,3.7252903e-09,1,0.045454543,0.0,0,3.0910428,3.091042995452881,3.0910428,0.0,1,0.0
deg_centrality,N/A,0.4,0.3,0.5,8,rrg,2,0.045454543,0.04545454,3.7252903e-09,1,0.045454543,0.0,0,3.0910428,3.0910427570343018,3.0910428,0.0,1,0.0
deg_centrality,N/A,0.4,0.3,0.6000000000000001,8,rrg,0,0.045454543,0.04545454,3.7252903e-09,1,0.045454543,0.0,1,3.0910428,3.0910427570343018,3.0910428,0.0,1,0.0
deg_centrality,N/A,0.4,0.3,0.7000000000000001,8,rrg,0,0.045454543,0.04545454,3.7252903e-09,1,0.045454543,0.0,1,3.0910428,3.091042995452881,3.0910428,0.0,1,0.0
deg_centrality,N/A,0.4,0.3,0.8,8,rrg,1,0.045454543,0.04545454,3.7252903e-09,1,0.045454543,0.0,1,3.0910428,3.0910427570343018,3.0910428,0.0,1,0.0
deg_centrality,N/A,0.4,0.3,0.9,8,rrg,0,0.045454543,0.045454536,7.450581e-09,1,0.045454543,0.0,1,3.0910428,3.0910425186157227,3.0910428,0.0,1,0.0
deg_centrality,N/A,0.4,0.3,1.0,8,rrg,0,0.045454543,,,1,0.045454543,0.0,1,3.0910428,,3.0910428,0.0,1,
deg_centrality,N/A,0.05,0.3,0.1,9,rrg,4,0.045454543,0.045454543,0.0,1,0.045454543,0.0,0,3.0910428,3.0910427570343018,3.0910428,0.0,1,0.0
deg_centrality,N/A,0.05,0.3,0.2,9,rrg,1,0.045454543,0.04545454,3.7252903e-09,1,0.045454543,0.0,0,3.0910428,3.0910427570343018,3.0910428,0.0,1,0.0
deg_centrality,N/A,0.05,0.3,0.30000000000000004,9,rrg,513,0.045454543,0.04545454,3.7252903e-09,1,0.045454543,0.0,1,3.0910428,3.0910427570343018,3.0910428,0.0,1,0.0
deg_centrality,N/A,0.05,0.3,0.4,9,rrg,1,0.045454543,0.04545454,3.7252903e-09,1,0.045454543,0.0,0,3.0910428,3.091042995452881,3.0910428,0.0,1,0.0
deg_centrality,N/A,0.05,0.3,0.5,9,rrg,2,0.045454543,0.04545454,3.7252903e-09,1,0.045454543,0.0,0,3.0910428,3.0910427570343018,3.0910428,0.0,1,0.0
deg_centrality,N/A,0.05,0.3,0.6000000000000001,9,rrg,0,0.045454543,0.04545454,3.7252903e-09,1,0.045454543,0.0,0,3.0910428,3.0910427570343018,3.0910428,0.0,1,0.0
deg_centrality,N/A,0.05,0.3,0.7000000000000001,9,rrg,0,0.045454543,0.04545454,3.7252903e-09,1,0.045454543,0.0,0,3.0910428,3.091042995452881,3.0910428,0.0,1,0.0
deg_centrality,N/A,0.05,0.3,0.8,9,rrg,0,0.045454543,0.04545454,3.7252903e-09,1,0.045454543,0.0,0,3.0910428,3.0910427570343018,3.0910428,0.0,1,0.0
deg_centrality,N/A,0.05,0.3,0.9,9,rrg,0,0.045454543,0.045454536,7.450581e-09,1,0.045454543,0.0,0,3.0910428,3.0910425186157227,3.0910428,0.0,1,0.0
deg_centrality,N/A,0.05,0.3,1.0,9,rrg,0,0.045454543,,,1,0.045454543,0.0,0,3.0910428,,3.0910428,0.0,1,
deg_centrality,N/A,0.1,0.3,0.1,9,rrg,0,0.045454543,0.045454543,0.0,1,0.045454543,0.0,0,3.0910428,3.0910427570343018,3.0910428,0.0,1,0.0
deg_centrality,N/A,0.1,0.3,0.2,9,rrg,3,0.045454543,0.04545454,3.7252903e-09,1,0.045454543,0.0,0,3.0910428,3.0910427570343018,3.0910428,0.0,1,0.0
deg_centrality,N/A,0.1,0.3,0.30000000000000004,9,rrg,512,0.045454543,0.04545454,3.7252903e-09,1,0.045454543,0.0,0,3.0910428,3.0910427570343018,3.0910428,0.0,1,0.0
deg_centrality,N/A,0.1,0.3,0.4,9,rrg,7,0.045454543,0.04545454,3.7252903e-09,1,0.045454543,0.0,0,3.0910428,3.091042995452881,3.0910428,0.0,1,0.0
deg_centrality,N/A,0.1,0.3,0.5,9,rrg,3,0.045454543,0.04545454,3.7252903e-09,1,0.045454543,0.0,0,3.0910428,3.0910427570343018,3.0910428,0.0,1,0.0
deg_centrality,N/A,0.1,0.3,0.6000000000000001,9,rrg,0,0.045454543,0.04545454,3.7252903e-09,1,0.045454543,0.0,0,3.0910428,3.0910427570343018,3.0910428,0.0,1,0.0
deg_centrality,N/A,0.1,0.3,0.7000000000000001,9,rrg,0,0.045454543,0.04545454,3.7252903e-09,1,0.045454543,0.0,0,3.0910428,3.091042995452881,3.0910428,0.0,1,0.0
deg_centrality,N/A,0.1,0.3,0.8,9,rrg,0,0.045454543,0.04545454,3.7252903e-09,1,0.045454543,0.0,0,3.0910428,3.0910427570343018,3.0910428,0.0,1,0.0
deg_centrality,N/A,0.1,0.3,0.9,9,rrg,0,0.045454543,0.045454536,7.450581e-09,1,0.045454543,0.0,0,3.0910428,3.0910425186157227,3.0910428,0.0,1,0.0
deg_centrality,N/A,0.1,0.3,1.0,9,rrg,0,0.045454543,,,1,0.045454543,0.0,0,3.0910428,,3.0910428,0.0,1,
deg_centrality,N/A,0.2,0.3,0.1,9,rrg,5,0.045454543,0.045454543,0.0,1,0.045454543,0.0,0,3.0910428,3.0910427570343018,3.0910428,0.0,1,0.0
deg_centrality,N/A,0.2,0.3,0.2,9,rrg,5,0.045454543,0.04545454,3.7252903e-09,1,0.045454543,0.0,0,3.0910428,3.0910427570343018,3.0910428,0.0,1,0.0
deg_centrality,N/A,0.2,0.3,0.30000000000000004,9,rrg,512,0.045454543,0.04545454,3.7252903e-09,1,0.045454543,0.0,0,3.0910428,3.0910427570343018,3.0910428,0.0,1,0.0
deg_centrality,N/A,0.2,0.3,0.4,9,rrg,2,0.045454543,0.04545454,3.7252903e-09,1,0.045454543,0.0,0,3.0910428,3.091042995452881,3.0910428,0.0,1,0.0
deg_centrality,N/A,0.2,0.3,0.5,9,rrg,1,0.045454543,0.04545454,3.7252903e-09,1,0.045454543,0.0,0,3.0910428,3.0910427570343018,3.0910428,0.0,1,0.0
deg_centrality,N/A,0.2,0.3,0.6000000000000001,9,rrg,1,0.045454543,0.04545454,3.7252903e-09,1,0.045454543,0.0,0,3.0910428,3.0910427570343018,3.0910428,0.0,1,0.0
deg_centrality,N/A,0.2,0.3,0.7000000000000001,9,rrg,0,0.045454543,0.04545454,3.7252903e-09,1,0.045454543,0.0,0,3.0910428,3.091042995452881,3.0910428,0.0,1,0.0
deg_centrality,N/A,0.2,0.3,0.8,9,rrg,0,0.045454543,0.04545454,3.7252903e-09,1,0.045454543,0.0,0,3.0910428,3.0910427570343018,3.0910428,0.0,1,0.0
deg_centrality,N/A,0.2,0.3,0.9,9,rrg,0,0.045454543,0.045454536,7.450581e-09,1,0.045454543,0.0,0,3.0910428,3.0910425186157227,3.0910428,0.0,1,0.0
deg_centrality,N/A,0.2,0.3,1.0,9,rrg,0,0.045454543,,,1,0.045454543,0.0,0,3.0910428,,3.0910428,0.0,1,
deg_centrality,N/A,0.3,0.3,0.1,9,rrg,2,0.045454543,0.045454543,0.0,1,0.045454543,0.0,1,3.0910428,3.0910427570343018,3.0910428,0.0,1,0.0
deg_centrality,N/A,0.3,0.3,0.2,9,rrg,514,0.045454543,0.04545454,3.7252903e-09,1,0.045454543,0.0,0,3.0910428,3.0910427570343018,3.0910428,0.0,1,0.0
deg_centrality,N/A,0.3,0.3,0.30000000000000004,9,rrg,1,0.045454543,0.04545454,3.7252903e-09,1,0.045454543,0.0,0,3.0910428,3.0910427570343018,3.0910428,0.0,1,0.0
deg_centrality,N/A,0.3,0.3,0.4,9,rrg,0,0.045454543,0.04545454,3.7252903e-09,1,0.045454543,0.0,0,3.0910428,3.091042995452881,3.0910428,0.0,1,0.0
deg_centrality,N/A,0.3,0.3,0.5,9,rrg,2,0.045454543,0.04545454,3.7252903e-09,1,0.045454543,0.0,1,3.0910428,3.0910427570343018,3.0910428,0.0,1,0.0
deg_centrality,N/A,0.3,0.3,0.6000000000000001,9,rrg,0,0.045454543,0.04545454,3.7252903e-09,1,0.045454543,0.0,0,3.0910428,3.0910427570343018,3.0910428,0.0,1,0.0
deg_centrality,N/A,0.3,0.3,0.7000000000000001,9,rrg,0,0.045454543,0.04545454,3.7252903e-09,1,0.045454543,0.0,0,3.0910428,3.091042995452881,3.0910428,0.0,1,0.0
deg_centrality,N/A,0.3,0.3,0.8,9,rrg,0,0.045454543,0.04545454,3.7252903e-09,1,0.045454543,0.0,0,3.0910428,3.0910427570343018,3.0910428,0.0,1,0.0
deg_centrality,N/A,0.3,0.3,0.9,9,rrg,1,0.045454543,0.045454536,7.450581e-09,1,0.045454543,0.0,0,3.0910428,3.0910425186157227,3.0910428,0.0,1,0.0
deg_centrality,N/A,0.3,0.3,1.0,9,rrg,0,0.045454543,,,1,0.045454543,0.0,0,3.0910428,,3.0910428,0.0,1,
deg_centrality,N/A,0.4,0.3,0.1,9,rrg,0,0.045454543,0.045454543,0.0,1,0.045454543,0.0,1,3.0910428,3.0910427570343018,3.0910428,0.0,1,0.0
deg_centrality,N/A,0.4,0.3,0.2,9,rrg,515,0.045454543,0.04545454,3.7252903e-09,1,0.045454543,0.0,1,3.0910428,3.0910427570343018,3.0910428,0.0,1,0.0
deg_centrality,N/A,0.4,0.3,0.30000000000000004,9,rrg,0,0.045454543,0.04545454,3.7252903e-09,1,0.045454543,0.0,1,3.0910428,3.0910427570343018,3.0910428,0.0,1,0.0
deg_centrality,N/A,0.4,0.3,0.4,9,rrg,1,0.045454543,0.04545454,3.7252903e-09,1,0.045454543,0.0,1,3.0910428,3.091042995452881,3.0910428,0.0,1,0.0
deg_centrality,N/A,0.4,0.3,0.5,9,rrg,2,0.045454543,0.04545454,3.7252903e-09,1,0.045454543,0.0,1,3.0910428,3.0910427570343018,3.0910428,0.0,1,0.0
deg_centrality,N/A,0.4,0.3,0.6000000000000001,9,rrg,3,0.045454543,0.04545454,3.7252903e-09,1,0.045454543,0.0,1,3.0910428,3.0910427570343018,3.0910428,0.0,1,0.0
deg_centrality,N/A,0.4,0.3,0.7000000000000001,9,rrg,0,0.045454543,0.04545454,3.7252903e-09,1,0.045454543,0.0,1,3.0910428,3.091042995452881,3.0910428,0.0,1,0.0
deg_centrality,N/A,0.4,0.3,0.8,9,rrg,0,0.045454543,0.04545454,3.7252903e-09,1,0.045454543,0.0,1,3.0910428,3.0910427570343018,3.0910428,0.0,1,0.0
deg_centrality,N/A,0.4,0.3,0.9,9,rrg,0,0.045454543,0.045454536,7.450581e-09,1,0.045454543,0.0,1,3.0910428,3.0910425186157227,3.0910428,0.0,1,0.0
deg_centrality,N/A,0.4,0.3,1.0,9,rrg,0,0.045454543,,,1,0.045454543,0.0,1,3.0910428,,3.0910428,0.0,1,
betweenness_centrality,N/A,0.05,0.3,0.1,0,rrg,516,0.045454543,0.045454543,0.0,1,0.045454543,0.0,0,3.0910428,3.0910427570343018,3.0910428,0.0,1,0.0
betweenness_centrality,N/A,0.05,0.3,0.2,0,rrg,513,0.045454543,0.04545454,3.7252903e-09,1,0.045454543,0.0,1,3.0910428,3.0910427570343018,3.0910428,0.0,1,0.0
betweenness_centrality,N/A,0.05,0.3,0.30000000000000004,0,rrg,513,0.045454543,0.04545454,3.7252903e-09,1,0.045454543,0.0,1,3.0910428,3.0910427570343018,3.0910428,0.0,1,0.0
betweenness_centrality,N/A,0.05,0.3,0.4,0,rrg,2,0.045454543,0.04545454,3.7252903e-09,1,0.045454543,0.0,0,3.0910428,3.091042995452881,3.0910428,0.0,1,0.0
betweenness_centrality,N/A,0.05,0.3,0.5,0,rrg,2,0.045454543,0.04545454,3.7252903e-09,1,0.045454543,0.0,0,3.0910428,3.0910427570343018,3.0910428,0.0,1,0.0
betweenness_centrality,N/A,0.05,0.3,0.6000000000000001,0,rrg,0,0.045454543,0.04545454,3.7252903e-09,1,0.045454543,0.0,1,3.0910428,3.0910427570343018,3.0910428,0.0,1,0.0
betweenness_centrality,N/A,0.05,0.3,0.7000000000000001,0,rrg,0,0.045454543,0.04545454,3.7252903e-09,1,0.045454543,0.0,1,3.0910428,3.091042995452881,3.0910428,0.0,1,0.0
betweenness_centrality,N/A,0.05,0.3,0.8,0,rrg,0,0.045454543,0.04545454,3.7252903e-09,1,0.045454543,0.0,1,3.0910428,3.0910427570343018,3.0910428,0.0,1,0.0
betweenness_centrality,N/A,0.05,0.3,0.9,0,rrg,0,0.045454543,0.045454536,7.450581e-09,1,0.045454543,0.0,1,3.0910428,3.0910425186157227,3.0910428,0.0,1,0.0
betweenness_centrality,N/A,0.05,0.3,1.0,0,rrg,0,0.045454543,,,1,0.045454543,0.0,1,3.0910428,,3.0910428,0.0,1,
betweenness_centrality,N/A,0.1,0.3,0.1,0,rrg,512,0.045454543,0.045454543,0.0,1,0.045454543,0.0,0,3.0910428,3.0910427570343018,3.0910428,0.0,1,0.0
betweenness_centrality,N/A,0.1,0.3,0.2,0,rrg,512,0.045454543,0.04545454,3.7252903e-09,1,0.045454543,0.0,0,3.0910428,3.0910427570343018,3.0910428,0.0,1,0.0
betweenness_centrality,N/A,0.1,0.3,0.30000000000000004,0,rrg,512,0.045454543,0.04545454,3.7252903e-09,1,0.045454543,0.0,0,3.0910428,3.0910427570343018,3.0910428,0.0,1,0.0
betweenness_centrality,N/A,0.1,0.3,0.4,0,rrg,1,0.045454543,0.04545454,3.7252903e-09,1,0.045454543,0.0,0,3.0910428,3.091042995452881,3.0910428,0.0,1,0.0
betweenness_centrality,N/A,0.1,0.3,0.5,0,rrg,1,0.045454543,0.04545454,3.7252903e-09,1,0.045454543,0.0,0,3.0910428,3.0910427570343018,3.0910428,0.0,1,0.0
betweenness_centrality,N/A,0.1,0.3,0.6000000000000001,0,rrg,0,0.045454543,0.04545454,3.7252903e-09,1,0.045454543,0.0,0,3.0910428,3.0910427570343018,3.0910428,0.0,1,0.0
betweenness_centrality,N/A,0.1,0.3,0.7000000000000001,0,rrg,0,0.045454543,0.04545454,3.7252903e-09,1,0.045454543,0.0,0,3.0910428,3.091042995452881,3.0910428,0.0,1,0.0
betweenness_centrality,N/A,0.1,0.3,0.8,0,rrg,0,0.045454543,0.04545454,3.7252903e-09,1,0.045454543,0.0,0,3.0910428,3.0910427570343018,3.0910428,0.0,1,0.0
betweenness_centrality,N/A,0.1,0.3,0.9,0,rrg,0,0.045454543,0.045454536,7.450581e-09,1,0.045454543,0.0,0,3.0910428,3.0910425186157227,3.0910428,0.0,1,0.0
betweenness_centrality,N/A,0.1,0.3,1.0,0,rrg,0,0.045454543,,,1,0.045454543,0.0,0,3.0910428,,3.0910428,0.0,1,
betweenness_centrality,N/A,0.2,0.3,0.1,0,rrg,518,0.045454543,0.045454543,0.0,1,0.045454543,0.0,0,3.0910428,3.0910427570343018,3.0910428,0.0,1,0.0
betweenness_centrality,N/A,0.2,0.3,0.2,0,rrg,512,0.045454543,0.04545454,3.7252903e-09,1,0.045454543,0.0,0,3.0910428,3.0910427570343018,3.0910428,0.0,1,0.0
betweenness_centrality,N/A,0.2,0.3,0.30000000000000004,0,rrg,512,0.045454543,0.04545454,3.7252903e-09,1,0.045454543,0.0,0,3.0910428,3.0910427570343018,3.0910428,0.0,1,0.0
betweenness_centrality,N/A,0.2,0.3,0.4,0,rrg,0,0.045454543,0.04545454,3.7252903e-09,1,0.045454543,0.0,0,3.0910428,3.091042995452881,3.0910428,0.0,1,0.0
betweenness_centrality,N/A,0.2,0.3,0.5,0,rrg,0,0.045454543,0.04545454,3.7252903e-09,1,0.045454543,0.0,0,3.0910428,3.0910427570343018,3.0910428,0.0,1,0.0
betweenness_centrality,N/A,0.2,0.3,0.6000000000000001,0,rrg,0,0.045454543,0.04545454,3.7252903e-09,1,0.045454543,0.0,0,3.0910428,3.0910427570343018,3.0910428,0.0,1,0.0
betweenness_centrality,N/A,0.2,0.3,0.7000000000000001,0,rrg,0,0.045454543,0.04545454,3.7252903e-09,1,0.045454543,0.0,0,3.0910428,3.091042995452881,3.0910428,0.0,1,0.0
betweenness_centrality,N/A,0.2,0.3,0.8,0,rrg,0,0.045454543,0.04545454,3.7252903e-09,1,0.045454543,0.0,0,3.0910428,3.0910427570343018,3.0910428,0.0,1,0.0
betweenness_centrality,N/A,0.2,0.3,0.9,0,rrg,0,0.045454543,0.045454536,7.450581e-09,1,0.045454543,0.0,0,3.0910428,3.0910425186157227,3.0910428,0.0,1,0.0
betweenness_centrality,N/A,0.2,0.3,1.0,0,rrg,0,0.045454543,,,1,0.045454543,0.0,0,3.0910428,,3.0910428,0.0,1,
betweenness_centrality,N/A,0.3,0.3,0.1,0,rrg,513,0.045454543,0.045454543,0.0,1,0.045454543,0.0,0,3.0910428,3.0910427570343018,3.0910428,0.0,1,0.0
betweenness_centrality,N/A,0.3,0.3,0.2,0,rrg,513,0.045454543,0.04545454,3.7252903e-09,1,0.045454543,0.0,0,3.0910428,3.0910427570343018,3.0910428,0.0,1,0.0
betweenness_centrality,N/A,0.3,0.3,0.30000000000000004,0,rrg,513,0.045454543,0.04545454,3.7252903e-09,1,0.045454543,0.0,0,3.0910428,3.0910427570343018,3.0910428,0.0,1,0.0
betweenness_centrality,N/A,0.3,0.3,0.4,0,rrg,2,0.045454543,0.04545454,3.7252903e-09,1,0.045454543,0.0,0,3.0910428,3.091042995452881,3.0910428,0.0,1,0.0
betweenness_centrality,N/A,0.3,0.3,0.5,0,rrg,2,0.045454543,0.04545454,3.7252903e-09,1,0.045454543,0.0,0,3.0910428,3.0910427570343018,3.0910428,0.0,1,0.0
betweenness_centrality,N/A,0.3,0.3,0.6000000000000001,0,rrg,1,0.045454543,0.04545454,3.7252903e-09,1,0.045454543,0.0,0,3.0910428,3.0910427570343018,3.0910428,0.0,1,0.0
betweenness_centrality,N/A,0.3,0.3,0.7000000000000001,0,rrg,1,0.045454543,0.04545454,3.7252903e-09,1,0.045454543,0.0,0,3.0910428,3.091042995452881,3.0910428,0.0,1,0.0
betweenness_centrality,N/A,0.3,0.3,0.8,0,rrg,1,0.045454543,0.04545454,3.7252903e-09,1,0.045454543,0.0,0,3.0910428,3.0910427570343018,3.0910428,0.0,1,0.0
betweenness_centrality,N/A,0.3,0.3,0.9,0,rrg,0,0.045454543,0.045454536,7.450581e-09,1,0.045454543,0.0,1,3.0910428,3.0910425186157227,3.0910428,0.0,1,0.0
betweenness_centrality,N/A,0.3,0.3,1.0,0,rrg,0,0.045454543,,,1,0.045454543,0.0,1,3.0910428,,3.0910428,0.0,1,
betweenness_centrality,N/A,0.4,0.3,0.1,0,rrg,1,0.045454543,0.045454543,0.0,1,0.045454543,0.0,0,3.0910428,3.0910427570343018,3.0910428,0.0,1,0.0
betweenness_centrality,N/A,0.4,0.3,0.2,0,rrg,1,0.045454543,0.04545454,3.7252903e-09,1,0.045454543,0.0,0,3.0910428,3.0910427570343018,3.0910428,0.0,1,0.0
betweenness_centrality,N/A,0.4,0.3,0.30000000000000004,0,rrg,1,0.045454543,0.04545454,3.7252903e-09,1,0.045454543,0.0,0,3.0910428,3.0910427570343018,3.0910428,0.0,1,0.0
betweenness_centrality,N/A,0.4,0.3,0.4,0,rrg,1,0.045454543,0.04545454,3.7252903e-09,1,0.045454543,0.0,0,3.0910428,3.091042995452881,3.0910428,0.0,1,0.0
betweenness_centrality,N/A,0.4,0.3,0.5,0,rrg,0,0.045454543,0.04545454,3.7252903e-09,1,0.045454543,0.0,1,3.0910428,3.0910427570343018,3.0910428,0.0,1,0.0
betweenness_centrality,N/A,0.4,0.3,0.6000000000000001,0,rrg,0,0.045454543,0.04545454,3.7252903e-09,1,0.045454543,0.0,1,3.0910428,3.0910427570343018,3.0910428,0.0,1,0.0
betweenness_centrality,N/A,0.4,0.3,0.7000000000000001,0,rrg,0,0.045454543,0.04545454,3.7252903e-09,1,0.045454543,0.0,1,3.0910428,3.091042995452881,3.0910428,0.0,1,0.0
betweenness_centrality,N/A,0.4,0.3,0.8,0,rrg,0,0.045454543,0.04545454,3.7252903e-09,1,0.045454543,0.0,1,3.0910428,3.0910427570343018,3.0910428,0.0,1,0.0
betweenness_centrality,N/A,0.4,0.3,0.9,0,rrg,0,0.045454543,0.045454536,7.450581e-09,1,0.045454543,0.0,1,3.0910428,3.0910425186157227,3.0910428,0.0,1,0.0
betweenness_centrality,N/A,0.4,0.3,1.0,0,rrg,0,0.045454543,,,1,0.045454543,0.0,1,3.0910428,,3.0910428,0.0,1,
betweenness_centrality,N/A,0.05,0.3,0.1,1,rrg,3,0.045454543,0.045454543,0.0,1,0.045454543,0.0,0,3.0910428,3.0910427570343018,3.0910428,0.0,1,0.0
betweenness_centrality,N/A,0.05,0.3,0.2,1,rrg,512,0.045454543,0.04545454,3.7252903e-09,1,0.045454543,0.0,0,3.0910428,3.0910427570343018,3.0910428,0.0,1,0.0
betweenness_centrality,N/A,0.05,0.3,0.30000000000000004,1,rrg,512,0.045454543,0.04545454,3.7252903e-09,1,0.045454543,0.0,0,3.0910428,3.0910427570343018,3.0910428,0.0,1,0.0
betweenness_centrality,N/A,0.05,0.3,0.4,1,rrg,1,0.045454543,0.04545454,3.7252903e-09,1,0.045454543,0.0,0,3.0910428,3.091042995452881,3.0910428,0.0,1,0.0
betweenness_centrality,N/A,0.05,0.3,0.5,1,rrg,1,0.045454543,0.04545454,3.7252903e-09,1,0.045454543,0.0,0,3.0910428,3.0910427570343018,3.0910428,0.0,1,0.0
betweenness_centrality,N/A,0.05,0.3,0.6000000000000001,1,rrg,1,0.045454543,0.04545454,3.7252903e-09,1,0.045454543,0.0,0,3.0910428,3.0910427570343018,3.0910428,0.0,1,0.0
betweenness_centrality,N/A,0.05,0.3,0.7000000000000001,1,rrg,1,0.045454543,0.04545454,3.7252903e-09,1,0.045454543,0.0,0,3.0910428,3.091042995452881,3.0910428,0.0,1,0.0
betweenness_centrality,N/A,0.05,0.3,0.8,1,rrg,1,0.045454543,0.04545454,3.7252903e-09,1,0.045454543,0.0,0,3.0910428,3.0910427570343018,3.0910428,0.0,1,0.0
betweenness_centrality,N/A,0.05,0.3,0.9,1,rrg,1,0.045454543,0.045454536,7.450581e-09,1,0.045454543,0.0,0,3.0910428,3.0910425186157227,3.0910428,0.0,1,0.0
betweenness_centrality,N/A,0.05,0.3,1.0,1,rrg,0,0.045454543,,,1,0.045454543,0.0,0,3.0910428,,3.0910428,0.0,1,
betweenness_centrality,N/A,0.1,0.3,0.1,1,rrg,8,0.045454543,0.045454543,0.0,1,0.045454543,0.0,0,3.0910428,3.0910427570343018,3.0910428,0.0,1,0.0
betweenness_centrality,N/A,0.1,0.3,0.2,1,rrg,1,0.045454543,0.04545454,3.7252903e-09,1,0.045454543,0.0,0,3.0910428,3.0910427570343018,3.0910428,0.0,1,0.0
betweenness_centrality,N/A,0.1,0.3,0.30000000000000004,1,rrg,1,0.045454543,0.04545454,3.7252903e-09,1,0.045454543,0.0,0,3.0910428,3.0910427570343018,3.0910428,0.0,1,0.0
betweenness_centrality,N/A,0.1,0.3,0.4,1,rrg,1,0.045454543,0.04545454,3.7252903e-09,1,0.045454543,0.0,0,3.0910428,3.091042995452881,3.0910428,0.0,1,0.0
betweenness_centrality,N/A,0.1,0.3,0.5,1,rrg,1,0.045454543,0.04545454,3.7252903e-09,1,0.045454543,0.0,0,3.0910428,3.0910427570343018,3.0910428,0.0,1,0.0
betweenness_centrality,N/A,0.1,0.3,0.6000000000000001,1,rrg,1,0.045454543,0.04545454,3.7252903e-09,1,0.045454543,0.0,0,3.0910428,3.0910427570343018,3.0910428,0.0,1,0.0
betweenness_centrality,N/A,0.1,0.3,0.7000000000000001,1,rrg,1,0.045454543,0.04545454,3.7252903e-09,1,0.045454543,0.0,0,3.0910428,3.091042995452881,3.0910428,0.0,1,0.0
betweenness_centrality,N/A,0.1,0.3,0.8,1,rrg,1,0.045454543,0.04545454,3.7252903e-09,1,0.045454543,0.0,0,3.0910428,3.0910427570343018,3.0910428,0.0,1,0.0
betweenness_centrality,N/A,0.1,0.3,0.9,1,rrg,0,0.045454543,0.045454536,7.450581e-09,1,0.045454543,0.0,0,3.0910428,3.0910425186157227,3.0910428,0.0,1,0.0
betweenness_centrality,N/A,0.1,0.3,1.0,1,rrg,0,0.045454543,,,1,0.045454543,0.0,0,3.0910428,,3.0910428,0.0,1,
betweenness_centrality,N/A,0.2,0.3,0.1,1,rrg,523,0.045454543,0.045454543,0.0,1,0.045454543,0.0,0,3.0910428,3.0910427570343018,3.0910428,0.0,1,0.0
betweenness_centrality,N/A,0.2,0.3,0.2,1,rrg,0,0.045454543,0.04545454,3.7252903e-09,1,0.045454543,0.0,0,3.0910428,3.0910427570343018,3.0910428,0.0,1,0.0
betweenness_centrality,N/A,0.2,0.3,0.30000000000000004,1,rrg,0,0.045454543,0.04545454,3.7252903e-09,1,0.045454543,0.0,0,3.0910428,3.0910427570343018,3.0910428,0.0,1,0.0
betweenness_centrality,N/A,0.2,0.3,0.4,1,rrg,0,0.045454543,0.04545454,3.7252903e-09,1,0.045454543,0.0,0,3.0910428,3.091042995452881,3.0910428,0.0,1,0.0
betweenness_centrality,N/A,0.2,0.3,0.5,1,rrg,0,0.045454543,0.04545454,3.7252903e-09,1,0.045454543,0.0,0,3.0910428,3.0910427570343018,3.0910428,0.0,1,0.0
betweenness_centrality,N/A,0.2,0.3,0.6000000000000001,1,rrg,0,0.045454543,0.04545454,3.7252903e-09,1,0.045454543,0.0,0,3.0910428,3.0910427570343018,3.0910428,0.0,1,0.0
betweenness_centrality,N/A,0.2,0.3,0.7000000000000001,1,rrg,0,0.045454543,0.04545454,3.7252903e-09,1,0.045454543,0.0,0,3.0910428,3.091042995452881,3.0910428,0.0,1,0.0
betweenness_centrality,N/A,0.2,0.3,0.8,1,rrg,0,0.045454543,0.04545454,3.7252903e-09,1,0.045454543,0.0,0,3.0910428,3.0910427570343018,3.0910428,0.0,1,0.0
betweenness_centrality,N/A,0.2,0.3,0.9,1,rrg,0,0.045454543,0.045454536,7.450581e-09,1,0.045454543,0.0,0,3.0910428,3.0910425186157227,3.0910428,0.0,1,0.0
betweenness_centrality,N/A,0.2,0.3,1.0,1,rrg,0,0.045454543,,,1,0.045454543,0.0,0,3.0910428,,3.0910428,0.0,1,
betweenness_centrality,N/A,0.3,0.3,0.1,1,rrg,3,0.045454543,0.045454543,0.0,1,0.045454543,0.0,0,3.0910428,3.0910427570343018,3.0910428,0.0,1,0.0
betweenness_centrality,N/A,0.3,0.3,0.2,1,rrg,513,0.045454543,0.04545454,3.7252903e-09,1,0.045454543,0.0,0,3.0910428,3.0910427570343018,3.0910428,0.0,1,0.0
betweenness_centrality,N/A,0.3,0.3,0.30000000000000004,1,rrg,513,0.045454543,0.04545454,3.7252903e-09,1,0.045454543,0.0,0,3.0910428,3.0910427570343018,3.0910428,0.0,1,0.0
betweenness_centrality,N/A,0.3,0.3,0.4,1,rrg,0,0.045454543,0.04545454,3.7252903e-09,1,0.045454543,0.0,0,3.0910428,3.091042995452881,3.0910428,0.0,1,0.0
betweenness_centrality,N/A,0.3,0.3,0.5,1,rrg,0,0.045454543,0.04545454,3.7252903e-09,1,0.045454543,0.0,0,3.0910428,3.0910427570343018,3.0910428,0.0,1,0.0
betweenness_centrality,N/A,0.3,0.3,0.6000000000000001,1,rrg,0,0.045454543,0.04545454,3.7252903e-09,1,0.045454543,0.0,0,3.0910428,3.0910427570343018,3.0910428,0.0,1,0.0
betweenness_centrality,N/A,0.3,0.3,0.7000000000000001,1,rrg,0,0.045454543,0.04545454,3.7252903e-09,1,0.045454543,0.0,0,3.0910428,3.091042995452881,3.0910428,0.0,1,0.0
betweenness_centrality,N/A,0.3,0.3,0.8,1,rrg,0,0.045454543,0.04545454,3.7252903e-09,1,0.045454543,0.0,0,3.0910428,3.0910427570343018,3.0910428,0.0,1,0.0
betweenness_centrality,N/A,0.3,0.3,0.9,1,rrg,0,0.045454543,0.045454536,7.450581e-09,1,0.045454543,0.0,0,3.0910428,3.0910425186157227,3.0910428,0.0,1,0.0
betweenness_centrality,N/A,0.3,0.3,1.0,1,rrg,0,0.045454543,,,1,0.045454543,0.0,0,3.0910428,,3.0910428,0.0,1,
betweenness_centrality,N/A,0.4,0.3,0.1,1,rrg,1,0.045454543,0.045454543,0.0,1,0.045454543,0.0,1,3.0910428,3.0910427570343018,3.0910428,0.0,1,0.0
betweenness_centrality,N/A,0.4,0.3,0.2,1,rrg,512,0.045454543,0.04545454,3.7252903e-09,1,0.045454543,0.0,1,3.0910428,3.0910427570343018,3.0910428,0.0,1,0.0
betweenness_centrality,N/A,0.4,0.3,0.30000000000000004,1,rrg,512,0.045454543,0.04545454,3.7252903e-09,1,0.045454543,0.0,1,3.0910428,3.0910427570343018,3.0910428,0.0,1,0.0
betweenness_centrality,N/A,0.4,0.3,0.4,1,rrg,1,0.045454543,0.04545454,3.7252903e-09,1,0.045454543,0.0,1,3.0910428,3.091042995452881,3.0910428,0.0,1,0.0
betweenness_centrality,N/A,0.4,0.3,0.5,1,rrg,1,0.045454543,0.04545454,3.7252903e-09,1,0.045454543,0.0,1,3.0910428,3.0910427570343018,3.0910428,0.0,1,0.0
betweenness_centrality,N/A,0.4,0.3,0.6000000000000001,1,rrg,1,0.045454543,0.04545454,3.7252903e-09,1,0.045454543,0.0,1,3.0910428,3.0910427570343018,3.0910428,0.0,1,0.0
betweenness_centrality,N/A,0.4,0.3,0.7000000000000001,1,rrg,1,0.045454543,0.04545454,3.7252903e-09,1,0.045454543,0.0,1,3.0910428,3.091042995452881,3.0910428,0.0,1,0.0
betweenness_centrality,N/A,0.4,0.3,0.8,1,rrg,0,0.045454543,0.04545454,3.7252903e-09,1,0.045454543,0.0,1,3.0910428,3.0910427570343018,3.0910428,0.0,1,0.0
betweenness_centrality,N/A,0.4,0.3,0.9,1,rrg,0,0.045454543,0.045454536,7.450581e-09,1,0.045454543,0.0,1,3.0910428,3.0910425186157227,3.0910428,0.0,1,0.0
betweenness_centrality,N/A,0.4,0.3,1.0,1,rrg,0,0.045454543,,,1,0.045454543,0.0,1,3.0910428,,3.0910428,0.0,1,
betweenness_centrality,N/A,0.05,0.3,0.1,2,rrg,514,0.045454543,0.045454543,0.0,1,0.045454543,0.0,0,3.0910428,3.0910427570343018,3.0910428,0.0,1,0.0
betweenness_centrality,N/A,0.05,0.3,0.2,2,rrg,512,0.045454543,0.04545454,3.7252903e-09,1,0.045454543,0.0,0,3.0910428,3.0910427570343018,3.0910428,0.0,1,0.0
betweenness_centrality,N/A,0.05,0.3,0.30000000000000004,2,rrg,512,0.045454543,0.04545454,3.7252903e-09,1,0.045454543,0.0,0,3.0910428,3.0910427570343018,3.0910428,0.0,1,0.0
betweenness_centrality,N/A,0.05,0.3,0.4,2,rrg,1,0.045454543,0.04545454,3.7252903e-09,1,0.045454543,0.0,0,3.0910428,3.091042995452881,3.0910428,0.0,1,0.0
betweenness_centrality,N/A,0.05,0.3,0.5,2,rrg,1,0.045454543,0.04545454,3.7252903e-09,1,0.045454543,0.0,0,3.0910428,3.0910427570343018,3.0910428,0.0,1,0.0
betweenness_centrality,N/A,0.05,0.3,0.6000000000000001,2,rrg,1,0.045454543,0.04545454,3.7252903e-09,1,0.045454543,0.0,0,3.0910428,3.0910427570343018,3.0910428,0.0,1,0.0
betweenness_centrality,N/A,0.05,0.3,0.7000000000000001,2,rrg,1,0.045454543,0.04545454,3.7252903e-09,1,0.045454543,0.0,0,3.0910428,3.091042995452881,3.0910428,0.0,1,0.0
betweenness_centrality,N/A,0.05,0.3,0.8,2,rrg,1,0.045454543,0.04545454,3.7252903e-09,1,0.045454543,0.0,0,3.0910428,3.0910427570343018,3.0910428,0.0,1,0.0
betweenness_centrality,N/A,0.05,0.3,0.9,2,rrg,1,0.045454543,0.045454536,7.450581e-09,1,0.045454543,0.0,0,3.0910428,3.0910425186157227,3.0910428,0.0,1,0.0
betweenness_centrality,N/A,0.05,0.3,1.0,2,rrg,0,0.045454543,,,1,0.045454543,0.0,0,3.0910428,,3.0910428,0.0,1,
betweenness_centrality,N/A,0.1,0.3,0.1,2,rrg,512,0.045454543,0.045454543,0.0,1,0.045454543,0.0,0,3.0910428,3.0910427570343018,3.0910428,0.0,1,0.0
betweenness_centrality,N/A,0.1,0.3,0.2,2,rrg,512,0.045454543,0.04545454,3.7252903e-09,1,0.045454543,0.0,0,3.0910428,3.0910427570343018,3.0910428,0.0,1,0.0
betweenness_centrality,N/A,0.1,0.3,0.30000000000000004,2,rrg,512,0.045454543,0.04545454,3.7252903e-09,1,0.045454543,0.0,0,3.0910428,3.0910427570343018,3.0910428,0.0,1,0.0
betweenness_centrality,N/A,0.1,0.3,0.4,2,rrg,0,0.045454543,0.04545454,3.7252903e-09,1,0.045454543,0.0,0,3.0910428,3.091042995452881,3.0910428,0.0,1,0.0
betweenness_centrality,N/A,0.1,0.3,0.5,2,rrg,0,0.045454543,0.04545454,3.7252903e-09,1,0.045454543,0.0,0,3.0910428,3.0910427570343018,3.0910428,0.0,1,0.0
betweenness_centrality,N/A,0.1,0.3,0.6000000000000001,2,rrg,0,0.045454543,0.04545454,3.7252903e-09,1,0.045454543,0.0,0,3.0910428,3.0910427570343018,3.0910428,0.0,1,0.0
betweenness_centrality,N/A,0.1,0.3,0.7000000000000001,2,rrg,0,0.045454543,0.04545454,3.7252903e-09,1,0.045454543,0.0,0,3.0910428,3.091042995452881,3.0910428,0.0,1,0.0
betweenness_centrality,N/A,0.1,0.3,0.8,2,rrg,0,0.045454543,0.04545454,3.7252903e-09,1,0.045454543,0.0,0,3.0910428,3.0910427570343018,3.0910428,0.0,1,0.0
betweenness_centrality,N/A,0.1,0.3,0.9,2,rrg,0,0.045454543,0.045454536,7.450581e-09,1,0.045454543,0.0,0,3.0910428,3.0910425186157227,3.0910428,0.0,1,0.0
betweenness_centrality,N/A,0.1,0.3,1.0,2,rrg,0,0.045454543,,,1,0.045454543,0.0,0,3.0910428,,3.0910428,0.0,1,
betweenness_centrality,N/A,0.2,0.3,0.1,2,rrg,512,0.045454543,0.045454543,0.0,1,0.045454543,0.0,0,3.0910428,3.0910427570343018,3.0910428,0.0,1,0.0
betweenness_centrality,N/A,0.2,0.3,0.2,2,rrg,512,0.045454543,0.04545454,3.7252903e-09,1,0.045454543,0.0,0,3.0910428,3.0910427570343018,3.0910428,0.0,1,0.0
betweenness_centrality,N/A,0.2,0.3,0.30000000000000004,2,rrg,512,0.045454543,0.04545454,3.7252903e-09,1,0.045454543,0.0,0,3.0910428,3.0910427570343018,3.0910428,0.0,1,0.0
betweenness_centrality,N/A,0.2,0.3,0.4,2,rrg,0,0.045454543,0.04545454,3.7252903e-09,1,0.045454543,0.0,0,3.0910428,3.091042995452881,3.0910428,0.0,1,0.0
betweenness_centrality,N/A,0.2,0.3,0.5,2,rrg,0,0.045454543,0.04545454,3.7252903e-09,1,0.045454543,0.0,0,3.0910428,3.0910427570343018,3.0910428,0.0,1,0.0
betweenness_centrality,N/A,0.2,0.3,0.6000000000000001,2,rrg,0,0.045454543,0.04545454,3.7252903e-09,1,0.045454543,0.0,0,3.0910428,3.0910427570343018,3.0910428,0.0,1,0.0
betweenness_centrality,N/A,0.2,0.3,0.7000000000000001,2,rrg,0,0.045454543,0.04545454,3.7252903e-09,1,0.045454543,0.0,0,3.0910428,3.091042995452881,3.0910428,0.0,1,0.0
betweenness_centrality,N/A,0.2,0.3,0.8,2,rrg,0,0.045454543,0.04545454,3.7252903e-09,1,0.045454543,0.0,0,3.0910428,3.0910427570343018,3.0910428,0.0,1,0.0
betweenness_centrality,N/A,0.2,0.3,0.9,2,rrg,0,0.045454543,0.045454536,7.450581e-09,1,0.045454543,0.0,0,3.0910428,3.0910425186157227,3.0910428,0.0,1,0.0
betweenness_centrality,N/A,0.2,0.3,1.0,2,rrg,0,0.045454543,,,1,0.045454543,0.0,0,3.0910428,,3.0910428,0.0,1,
betweenness_centrality,N/A,0.3,0.3,0.1,2,rrg,518,0.045454543,0.045454543,0.0,1,0.045454543,0.0,0,3.0910428,3.0910427570343018,3.0910428,0.0,1,0.0
betweenness_centrality,N/A,0.3,0.3,0.2,2,rrg,1,0.045454543,0.04545454,3.7252903e-09,1,0.045454543,0.0,0,3.0910428,3.0910427570343018,3.0910428,0.0,1,0.0
betweenness_centrality,N/A,0.3,0.3,0.30000000000000004,2,rrg,1,0.045454543,0.04545454,3.7252903e-09,1,0.045454543,0.0,0,3.0910428,3.0910427570343018,3.0910428,0.0,1,0.0
betweenness_centrality,N/A,0.3,0.3,0.4,2,rrg,1,0.045454543,0.04545454,3.7252903e-09,1,0.045454543,0.0,0,3.0910428,3.091042995452881,3.0910428,0.0,1,0.0
betweenness_centrality,N/A,0.3,0.3,0.5,2,rrg,1,0.045454543,0.04545454,3.7252903e-09,1,0.045454543,0.0,0,3.0910428,3.0910427570343018,3.0910428,0.0,1,0.0
betweenness_centrality,N/A,0.3,0.3,0.6000000000000001,2,rrg,1,0.045454543,0.04545454,3.7252903e-09,1,0.045454543,0.0,0,3.0910428,3.0910427570343018,3.0910428,0.0,1,0.0
betweenness_centrality,N/A,0.3,0.3,0.7000000000000001,2,rrg,1,0.045454543,0.04545454,3.7252903e-09,1,0.045454543,0.0,0,3.0910428,3.091042995452881,3.0910428,0.0,1,0.0
betweenness_centrality,N/A,0.3,0.3,0.8,2,rrg,1,0.045454543,0.04545454,3.7252903e-09,1,0.045454543,0.0,0,3.0910428,3.0910427570343018,3.0910428,0.0,1,0.0
betweenness_centrality,N/A,0.3,0.3,0.9,2,rrg,0,0.045454543,0.045454536,7.450581e-09,1,0.045454543,0.0,0,3.0910428,3.0910425186157227,3.0910428,0.0,1,0.0
betweenness_centrality,N/A,0.3,0.3,1.0,2,rrg,0,0.045454543,,,1,0.045454543,0.0,0,3.0910428,,3.0910428,0.0,1,
betweenness_centrality,N/A,0.4,0.3,0.1,2,rrg,528,0.045454543,0.045454543,0.0,1,0.045454543,0.0,0,3.0910428,3.0910427570343018,3.0910428,0.0,1,0.0
betweenness_centrality,N/A,0.4,0.3,0.2,2,rrg,513,0.045454543,0.04545454,3.7252903e-09,1,0.045454543,0.0,0,3.0910428,3.0910427570343018,3.0910428,0.0,1,0.0
betweenness_centrality,N/A,0.4,0.3,0.30000000000000004,2,rrg,513,0.045454543,0.04545454,3.7252903e-09,1,0.045454543,0.0,0,3.0910428,3.0910427570343018,3.0910428,0.0,1,0.0
betweenness_centrality,N/A,0.4,0.3,0.4,2,rrg,3,0.045454543,0.04545454,3.7252903e-09,1,0.045454543,0.0,0,3.0910428,3.091042995452881,3.0910428,0.0,1,0.0
betweenness_centrality,N/A,0.4,0.3,0.5,2,rrg,3,0.045454543,0.04545454,3.7252903e-09,1,0.045454543,0.0,0,3.0910428,3.0910427570343018,3.0910428,0.0,1,0.0
betweenness_centrality,N/A,0.4,0.3,0.6000000000000001,2,rrg,3,0.045454543,0.04545454,3.7252903e-09,1,0.045454543,0.0,0,3.0910428,3.0910427570343018,3.0910428,0.0,1,0.0
betweenness_centrality,N/A,0.4,0.3,0.7000000000000001,2,rrg,3,0.045454543,0.04545454,3.7252903e-09,1,0.045454543,0.0,0,3.0910428,3.091042995452881,3.0910428,0.0,1,0.0
betweenness_centrality,N/A,0.4,0.3,0.8,2,rrg,1,0.045454543,0.04545454,3.7252903e-09,1,0.045454543,0.0,0,3.0910428,3.0910427570343018,3.0910428,0.0,1,0.0
betweenness_centrality,N/A,0.4,0.3,0.9,2,rrg,1,0.045454543,0.045454536,7.450581e-09,1,0.045454543,0.0,0,3.0910428,3.0910425186157227,3.0910428,0.0,1,0.0
betweenness_centrality,N/A,0.4,0.3,1.0,2,rrg,0,0.045454543,,,1,0.045454543,0.0,0,3.0910428,,3.0910428,0.0,1,
betweenness_centrality,N/A,0.05,0.3,0.1,3,rrg,3,0.045454543,0.045454543,0.0,1,0.045454543,0.0,0,3.0910428,3.0910427570343018,3.0910428,0.0,1,0.0
betweenness_centrality,N/A,0.05,0.3,0.2,3,rrg,3,0.045454543,0.04545454,3.7252903e-09,1,0.045454543,0.0,0,3.0910428,3.0910427570343018,3.0910428,0.0,1,0.0
betweenness_centrality,N/A,0.05,0.3,0.30000000000000004,3,rrg,3,0.045454543,0.04545454,3.7252903e-09,1,0.045454543,0.0,0,3.0910428,3.0910427570343018,3.0910428,0.0,1,0.0
betweenness_centrality,N/A,0.05,0.3,0.4,3,rrg,3,0.045454543,0.04545454,3.7252903e-09,1,0.045454543,0.0,0,3.0910428,3.091042995452881,3.0910428,0.0,1,0.0
betweenness_centrality,N/A,0.05,0.3,0.5,3,rrg,3,0.045454543,0.04545454,3.7252903e-09,1,0.045454543,0.0,0,3.0910428,3.0910427570343018,3.0910428,0.0,1,0.0
betweenness_centrality,N/A,0.05,0.3,0.6000000000000001,3,rrg,3,0.045454543,0.04545454,3.7252903e-09,1,0.045454543,0.0,0,3.0910428,3.0910427570343018,3.0910428,0.0,1,0.0
betweenness_centrality,N/A,0.05,0.3,0.7000000000000001,3,rrg,3,0.045454543,0.04545454,3.7252903e-09,1,0.045454543,0.0,0,3.0910428,3.091042995452881,3.0910428,0.0,1,0.0
betweenness_centrality,N/A,0.05,0.3,0.8,3,rrg,0,0.045454543,0.04545454,3.7252903e-09,1,0.045454543,0.0,0,3.0910428,3.0910427570343018,3.0910428,0.0,1,0.0
betweenness_centrality,N/A,0.05,0.3,0.9,3,rrg,0,0.045454543,0.045454536,7.450581e-09,1,0.045454543,0.0,0,3.0910428,3.0910425186157227,3.0910428,0.0,1,0.0
betweenness_centrality,N/A,0.05,0.3,1.0,3,rrg,0,0.045454543,,,1,0.045454543,0.0,0,3.0910428,,3.0910428,0.0,1,
betweenness_centrality,N/A,0.1,0.3,0.1,3,rrg,520,0.045454543,0.045454543,0.0,1,0.045454543,0.0,0,3.0910428,3.0910427570343018,3.0910428,0.0,1,0.0
betweenness_centrality,N/A,0.1,0.3,0.2,3,rrg,5,0.045454543,0.04545454,3.7252903e-09,1,0.045454543,0.0,0,3.0910428,3.0910427570343018,3.0910428,0.0,1,0.0
betweenness_centrality,N/A,0.1,0.3,0.30000000000000004,3,rrg,5,0.045454543,0.04545454,3.7252903e-09,1,0.045454543,0.0,0,3.0910428,3.0910427570343018,3.0910428,0.0,1,0.0
betweenness_centrality,N/A,0.1,0.3,0.4,3,rrg,0,0.045454543,0.04545454,3.7252903e-09,1,0.045454543,0.0,0,3.0910428,3.091042995452881,3.0910428,0.0,1,0.0
betweenness_centrality,N/A,0.1,0.3,0.5,3,rrg,0,0.045454543,0.04545454,3.7252903e-09,1,0.045454543,0.0,0,3.0910428,3.0910427570343018,3.0910428,0.0,1,0.0
betweenness_centrality,N/A,0.1,0.3,0.6000000000000001,3,rrg,0,0.045454543,0.04545454,3.7252903e-09,1,0.045454543,0.0,0,3.0910428,3.0910427570343018,3.0910428,0.0,1,0.0
betweenness_centrality,N/A,0.1,0.3,0.7000000000000001,3,rrg,0,0.045454543,0.04545454,3.7252903e-09,1,0.045454543,0.0,0,3.0910428,3.091042995452881,3.0910428,0.0,1,0.0
betweenness_centrality,N/A,0.1,0.3,0.8,3,rrg,0,0.045454543,0.04545454,3.7252903e-09,1,0.045454543,0.0,0,3.0910428,3.0910427570343018,3.0910428,0.0,1,0.0
betweenness_centrality,N/A,0.1,0.3,0.9,3,rrg,0,0.045454543,0.045454536,7.450581e-09,1,0.045454543,0.0,0,3.0910428,3.0910425186157227,3.0910428,0.0,1,0.0
betweenness_centrality,N/A,0.1,0.3,1.0,3,rrg,0,0.045454543,,,1,0.045454543,0.0,0,3.0910428,,3.0910428,0.0,1,
betweenness_centrality,N/A,0.2,0.3,0.1,3,rrg,514,0.045454543,0.045454543,0.0,1,0.045454543,0.0,1,3.0910428,3.0910427570343018,3.0910428,0.0,1,0.0
betweenness_centrality,N/A,0.2,0.3,0.2,3,rrg,514,0.045454543,0.04545454,3.7252903e-09,1,0.045454543,0.0,1,3.0910428,3.0910427570343018,3.0910428,0.0,1,0.0
betweenness_centrality,N/A,0.2,0.3,0.30000000000000004,3,rrg,514,0.045454543,0.04545454,3.7252903e-09,1,0.045454543,0.0,1,3.0910428,3.0910427570343018,3.0910428,0.0,1,0.0
betweenness_centrality,N/A,0.2,0.3,0.4,3,rrg,1,0.045454543,0.04545454,3.7252903e-09,1,0.045454543,0.0,0,3.0910428,3.091042995452881,3.0910428,0.0,1,0.0
betweenness_centrality,N/A,0.2,0.3,0.5,3,rrg,0,0.045454543,0.04545454,3.7252903e-09,1,0.045454543,0.0,0,3.0910428,3.0910427570343018,3.0910428,0.0,1,0.0
betweenness_centrality,N/A,0.2,0.3,0.6000000000000001,3,rrg,0,0.045454543,0.04545454,3.7252903e-09,1,0.045454543,0.0,0,3.0910428,3.0910427570343018,3.0910428,0.0,1,0.0
betweenness_centrality,N/A,0.2,0.3,0.7000000000000001,3,rrg,0,0.045454543,0.04545454,3.7252903e-09,1,0.045454543,0.0,0,3.0910428,3.091042995452881,3.0910428,0.0,1,0.0
betweenness_centrality,N/A,0.2,0.3,0.8,3,rrg,0,0.045454543,0.04545454,3.7252903e-09,1,0.045454543,0.0,0,3.0910428,3.0910427570343018,3.0910428,0.0,1,0.0
betweenness_centrality,N/A,0.2,0.3,0.9,3,rrg,0,0.045454543,0.045454536,7.450581e-09,1,0.045454543,0.0,0,3.0910428,3.0910425186157227,3.0910428,0.0,1,0.0
betweenness_centrality,N/A,0.2,0.3,1.0,3,rrg,0,0.045454543,,,1,0.045454543,0.0,0,3.0910428,,3.0910428,0.0,1,
betweenness_centrality,N/A,0.3,0.3,0.1,3,rrg,512,0.045454543,0.045454543,0.0,1,0.045454543,0.0,0,3.0910428,3.0910427570343018,3.0910428,0.0,1,0.0
betweenness_centrality,N/A,0.3,0.3,0.2,3,rrg,512,0.045454543,0.04545454,3.7252903e-09,1,0.045454543,0.0,0,3.0910428,3.0910427570343018,3.0910428,0.0,1,0.0
betweenness_centrality,N/A,0.3,0.3,0.30000000000000004,3,rrg,512,0.045454543,0.04545454,3.7252903e-09,1,0.045454543,0.0,0,3.0910428,3.0910427570343018,3.0910428,0.0,1,0.0
betweenness_centrality,N/A,0.3,0.3,0.4,3,rrg,2,0.045454543,0.04545454,3.7252903e-09,1,0.045454543,0.0,1,3.0910428,3.091042995452881,3.0910428,0.0,1,0.0
betweenness_centrality,N/A,0.3,0.3,0.5,3,rrg,0,0.045454543,0.04545454,3.7252903e-09,1,0.045454543,0.0,1,3.0910428,3.0910427570343018,3.0910428,0.0,1,0.0
betweenness_centrality,N/A,0.3,0.3,0.6000000000000001,3,rrg,0,0.045454543,0.04545454,3.7252903e-09,1,0.045454543,0.0,1,3.0910428,3.0910427570343018,3.0910428,0.0,1,0.0
betweenness_centrality,N/A,0.3,0.3,0.7000000000000001,3,rrg,0,0.045454543,0.04545454,3.7252903e-09,1,0.045454543,0.0,1,3.0910428,3.091042995452881,3.0910428,0.0,1,0.0
betweenness_centrality,N/A,0.3,0.3,0.8,3,rrg,0,0.045454543,0.04545454,3.7252903e-09,1,0.045454543,0.0,1,3.0910428,3.0910427570343018,3.0910428,0.0,1,0.0
betweenness_centrality,N/A,0.3,0.3,0.9,3,rrg,0,0.045454543,0.045454536,7.450581e-09,1,0.045454543,0.0,1,3.0910428,3.0910425186157227,3.0910428,0.0,1,0.0
betweenness_centrality,N/A,0.3,0.3,1.0,3,rrg,0,0.045454543,,,1,0.045454543,0.0,1,3.0910428,,3.0910428,0.0,1,
betweenness_centrality,N/A,0.4,0.3,0.1,3,rrg,0,0.045454543,0.045454543,0.0,1,0.045454543,0.0,0,3.0910428,3.0910427570343018,3.0910428,0.0,1,0.0
betweenness_centrality,N/A,0.4,0.3,0.2,3,rrg,0,0.045454543,0.04545454,3.7252903e-09,1,0.045454543,0.0,0,3.0910428,3.0910427570343018,3.0910428,0.0,1,0.0
betweenness_centrality,N/A,0.4,0.3,0.30000000000000004,3,rrg,0,0.045454543,0.04545454,3.7252903e-09,1,0.045454543,0.0,0,3.0910428,3.0910427570343018,3.0910428,0.0,1,0.0
betweenness_centrality,N/A,0.4,0.3,0.4,3,rrg,0,0.045454543,0.04545454,3.7252903e-09,1,0.045454543,0.0,0,3.0910428,3.091042995452881,3.0910428,0.0,1,0.0
betweenness_centrality,N/A,0.4,0.3,0.5,3,rrg,0,0.045454543,0.04545454,3.7252903e-09,1,0.045454543,0.0,0,3.0910428,3.0910427570343018,3.0910428,0.0,1,0.0
betweenness_centrality,N/A,0.4,0.3,0.6000000000000001,3,rrg,0,0.045454543,0.04545454,3.7252903e-09,1,0.045454543,0.0,0,3.0910428,3.0910427570343018,3.0910428,0.0,1,0.0
betweenness_centrality,N/A,0.4,0.3,0.7000000000000001,3,rrg,0,0.045454543,0.04545454,3.7252903e-09,1,0.045454543,0.0,0,3.0910428,3.091042995452881,3.0910428,0.0,1,0.0
betweenness_centrality,N/A,0.4,0.3,0.8,3,rrg,0,0.045454543,0.04545454,3.7252903e-09,1,0.045454543,0.0,0,3.0910428,3.0910427570343018,3.0910428,0.0,1,0.0
betweenness_centrality,N/A,0.4,0.3,0.9,3,rrg,0,0.045454543,0.045454536,7.450581e-09,1,0.045454543,0.0,0,3.0910428,3.0910425186157227,3.0910428,0.0,1,0.0
betweenness_centrality,N/A,0.4,0.3,1.0,3,rrg,0,0.045454543,,,1,0.045454543,0.0,0,3.0910428,,3.0910428,0.0,1,
betweenness_centrality,N/A,0.05,0.3,0.1,4,rrg,2,0.045454543,0.045454543,0.0,1,0.045454543,0.0,0,3.0910428,3.0910427570343018,3.0910428,0.0,1,0.0
betweenness_centrality,N/A,0.05,0.3,0.2,4,rrg,2,0.045454543,0.04545454,3.7252903e-09,1,0.045454543,0.0,0,3.0910428,3.0910427570343018,3.0910428,0.0,1,0.0
betweenness_centrality,N/A,0.05,0.3,0.30000000000000004,4,rrg,2,0.045454543,0.04545454,3.7252903e-09,1,0.045454543,0.0,0,3.0910428,3.0910427570343018,3.0910428,0.0,1,0.0
betweenness_centrality,N/A,0.05,0.3,0.4,4,rrg,0,0.045454543,0.04545454,3.7252903e-09,1,0.045454543,0.0,0,3.0910428,3.091042995452881,3.0910428,0.0,1,0.0
betweenness_centrality,N/A,0.05,0.3,0.5,4,rrg,0,0.045454543,0.04545454,3.7252903e-09,1,0.045454543,0.0,0,3.0910428,3.0910427570343018,3.0910428,0.0,1,0.0
betweenness_centrality,N/A,0.05,0.3,0.6000000000000001,4,rrg,0,0.045454543,0.04545454,3.7252903e-09,1,0.045454543,0.0,0,3.0910428,3.0910427570343018,3.0910428,0.0,1,0.0
betweenness_centrality,N/A,0.05,0.3,0.7000000000000001,4,rrg,0,0.045454543,0.04545454,3.7252903e-09,1,0.045454543,0.0,0,3.0910428,3.091042995452881,3.0910428,0.0,1,0.0
betweenness_centrality,N/A,0.05,0.3,0.8,4,rrg,0,0.045454543,0.04545454,3.7252903e-09,1,0.045454543,0.0,0,3.0910428,3.0910427570343018,3.0910428,0.0,1,0.0
betweenness_centrality,N/A,0.05,0.3,0.9,4,rrg,0,0.045454543,0.045454536,7.450581e-09,1,0.045454543,0.0,0,3.0910428,3.0910425186157227,3.0910428,0.0,1,0.0
betweenness_centrality,N/A,0.05,0.3,1.0,4,rrg,0,0.045454543,,,1,0.045454543,0.0,0,3.0910428,,3.0910428,0.0,1,
betweenness_centrality,N/A,0.1,0.3,0.1,4,rrg,513,0.045454543,0.045454543,0.0,1,0.045454543,0.0,0,3.0910428,3.0910427570343018,3.0910428,0.0,1,0.0
betweenness_centrality,N/A,0.1,0.3,0.2,4,rrg,513,0.045454543,0.04545454,3.7252903e-09,1,0.045454543,0.0,0,3.0910428,3.0910427570343018,3.0910428,0.0,1,0.0
betweenness_centrality,N/A,0.1,0.3,0.30000000000000004,4,rrg,513,0.045454543,0.04545454,3.7252903e-09,1,0.045454543,0.0,0,3.0910428,3.0910427570343018,3.0910428,0.0,1,0.0
betweenness_centrality,N/A,0.1,0.3,0.4,4,rrg,7,0.045454543,0.04545454,3.7252903e-09,1,0.045454543,0.0,1,3.0910428,3.091042995452881,3.0910428,0.0,1,0.0
betweenness_centrality,N/A,0.1,0.3,0.5,4,rrg,5,0.045454543,0.04545454,3.7252903e-09,1,0.045454543,0.0,0,3.0910428,3.0910427570343018,3.0910428,0.0,1,0.0
betweenness_centrality,N/A,0.1,0.3,0.6000000000000001,4,rrg,5,0.045454543,0.04545454,3.7252903e-09,1,0.045454543,0.0,0,3.0910428,3.0910427570343018,3.0910428,0.0,1,0.0
betweenness_centrality,N/A,0.1,0.3,0.7000000000000001,4,rrg,0,0.045454543,0.04545454,3.7252903e-09,1,0.045454543,0.0,0,3.0910428,3.091042995452881,3.0910428,0.0,1,0.0
betweenness_centrality,N/A,0.1,0.3,0.8,4,rrg,0,0.045454543,0.04545454,3.7252903e-09,1,0.045454543,0.0,0,3.0910428,3.0910427570343018,3.0910428,0.0,1,0.0
betweenness_centrality,N/A,0.1,0.3,0.9,4,rrg,0,0.045454543,0.045454536,7.450581e-09,1,0.045454543,0.0,0,3.0910428,3.0910425186157227,3.0910428,0.0,1,0.0
betweenness_centrality,N/A,0.1,0.3,1.0,4,rrg,0,0.045454543,,,1,0.045454543,0.0,0,3.0910428,,3.0910428,0.0,1,
betweenness_centrality,N/A,0.2,0.3,0.1,4,rrg,515,0.045454543,0.045454543,0.0,1,0.045454543,0.0,0,3.0910428,3.0910427570343018,3.0910428,0.0,1,0.0
betweenness_centrality,N/A,0.2,0.3,0.2,4,rrg,515,0.045454543,0.04545454,3.7252903e-09,1,0.045454543,0.0,0,3.0910428,3.0910427570343018,3.0910428,0.0,1,0.0
betweenness_centrality,N/A,0.2,0.3,0.30000000000000004,4,rrg,0,0.045454543,0.04545454,3.7252903e-09,1,0.045454543,0.0,0,3.0910428,3.0910427570343018,3.0910428,0.0,1,0.0
betweenness_centrality,N/A,0.2,0.3,0.4,4,rrg,0,0.045454543,0.04545454,3.7252903e-09,1,0.045454543,0.0,0,3.0910428,3.091042995452881,3.0910428,0.0,1,0.0
betweenness_centrality,N/A,0.2,0.3,0.5,4,rrg,0,0.045454543,0.04545454,3.7252903e-09,1,0.045454543,0.0,0,3.0910428,3.0910427570343018,3.0910428,0.0,1,0.0
betweenness_centrality,N/A,0.2,0.3,0.6000000000000001,4,rrg,0,0.045454543,0.04545454,3.7252903e-09,1,0.045454543,0.0,0,3.0910428,3.0910427570343018,3.0910428,0.0,1,0.0
betweenness_centrality,N/A,0.2,0.3,0.7000000000000001,4,rrg,0,0.045454543,0.04545454,3.7252903e-09,1,0.045454543,0.0,0,3.0910428,3.091042995452881,3.0910428,0.0,1,0.0
betweenness_centrality,N/A,0.2,0.3,0.8,4,rrg,0,0.045454543,0.04545454,3.7252903e-09,1,0.045454543,0.0,0,3.0910428,3.0910427570343018,3.0910428,0.0,1,0.0
betweenness_centrality,N/A,0.2,0.3,0.9,4,rrg,0,0.045454543,0.045454536,7.450581e-09,1,0.045454543,0.0,0,3.0910428,3.0910425186157227,3.0910428,0.0,1,0.0
betweenness_centrality,N/A,0.2,0.3,1.0,4,rrg,0,0.045454543,,,1,0.045454543,0.0,0,3.0910428,,3.0910428,0.0,1,
betweenness_centrality,N/A,0.3,0.3,0.1,4,rrg,517,0.045454543,0.045454543,0.0,1,0.045454543,0.0,0,3.0910428,3.0910427570343018,3.0910428,0.0,1,0.0
betweenness_centrality,N/A,0.3,0.3,0.2,4,rrg,517,0.045454543,0.04545454,3.7252903e-09,1,0.045454543,0.0,0,3.0910428,3.0910427570343018,3.0910428,0.0,1,0.0
betweenness_centrality,N/A,0.3,0.3,0.30000000000000004,4,rrg,517,0.045454543,0.04545454,3.7252903e-09,1,0.045454543,0.0,0,3.0910428,3.0910427570343018,3.0910428,0.0,1,0.0
betweenness_centrality,N/A,0.3,0.3,0.4,4,rrg,5,0.045454543,0.04545454,3.7252903e-09,1,0.045454543,0.0,0,3.0910428,3.091042995452881,3.0910428,0.0,1,0.0
betweenness_centrality,N/A,0.3,0.3,0.5,4,rrg,0,0.045454543,0.04545454,3.7252903e-09,1,0.045454543,0.0,1,3.0910428,3.0910427570343018,3.0910428,0.0,1,0.0
betweenness_centrality,N/A,0.3,0.3,0.6000000000000001,4,rrg,0,0.045454543,0.04545454,3.7252903e-09,1,0.045454543,0.0,1,3.0910428,3.0910427570343018,3.0910428,0.0,1,0.0
betweenness_centrality,N/A,0.3,0.3,0.7000000000000001,4,rrg,0,0.045454543,0.04545454,3.7252903e-09,1,0.045454543,0.0,1,3.0910428,3.091042995452881,3.0910428,0.0,1,0.0
betweenness_centrality,N/A,0.3,0.3,0.8,4,rrg,0,0.045454543,0.04545454,3.7252903e-09,1,0.045454543,0.0,1,3.0910428,3.0910427570343018,3.0910428,0.0,1,0.0
betweenness_centrality,N/A,0.3,0.3,0.9,4,rrg,0,0.045454543,0.045454536,7.450581e-09,1,0.045454543,0.0,1,3.0910428,3.0910425186157227,3.0910428,0.0,1,0.0
betweenness_centrality,N/A,0.3,0.3,1.0,4,rrg,0,0.045454543,,,1,0.045454543,0.0,1,3.0910428,,3.0910428,0.0,1,
betweenness_centrality,N/A,0.4,0.3,0.1,4,rrg,0,0.045454543,0.045454543,0.0,1,0.045454543,0.0,1,3.0910428,3.0910427570343018,3.0910428,0.0,1,0.0
betweenness_centrality,N/A,0.4,0.3,0.2,4,rrg,0,0.045454543,0.04545454,3.7252903e-09,1,0.045454543,0.0,1,3.0910428,3.0910427570343018,3.0910428,0.0,1,0.0
betweenness_centrality,N/A,0.4,0.3,0.30000000000000004,4,rrg,0,0.045454543,0.04545454,3.7252903e-09,1,0.045454543,0.0,1,3.0910428,3.0910427570343018,3.0910428,0.0,1,0.0
betweenness_centrality,N/A,0.4,0.3,0.4,4,rrg,0,0.045454543,0.04545454,3.7252903e-09,1,0.045454543,0.0,1,3.0910428,3.091042995452881,3.0910428,0.0,1,0.0
betweenness_centrality,N/A,0.4,0.3,0.5,4,rrg,0,0.045454543,0.04545454,3.7252903e-09,1,0.045454543,0.0,1,3.0910428,3.0910427570343018,3.0910428,0.0,1,0.0
betweenness_centrality,N/A,0.4,0.3,0.6000000000000001,4,rrg,0,0.045454543,0.04545454,3.7252903e-09,1,0.045454543,0.0,1,3.0910428,3.0910427570343018,3.0910428,0.0,1,0.0
betweenness_centrality,N/A,0.4,0.3,0.7000000000000001,4,rrg,0,0.045454543,0.04545454,3.7252903e-09,1,0.045454543,0.0,1,3.0910428,3.091042995452881,3.0910428,0.0,1,0.0
betweenness_centrality,N/A,0.4,0.3,0.8,4,rrg,0,0.045454543,0.04545454,3.7252903e-09,1,0.045454543,0.0,1,3.0910428,3.0910427570343018,3.0910428,0.0,1,0.0
betweenness_centrality,N/A,0.4,0.3,0.9,4,rrg,0,0.045454543,0.045454536,7.450581e-09,1,0.045454543,0.0,1,3.0910428,3.0910425186157227,3.0910428,0.0,1,0.0
betweenness_centrality,N/A,0.4,0.3,1.0,4,rrg,0,0.045454543,,,1,0.045454543,0.0,1,3.0910428,,3.0910428,0.0,1,
betweenness_centrality,N/A,0.05,0.3,0.1,5,rrg,526,0.045454543,0.045454543,0.0,1,0.045454543,0.0,0,3.0910428,3.0910427570343018,3.0910428,0.0,1,0.0
betweenness_centrality,N/A,0.05,0.3,0.2,5,rrg,0,0.045454543,0.04545454,3.7252903e-09,1,0.045454543,0.0,0,3.0910428,3.0910427570343018,3.0910428,0.0,1,0.0
betweenness_centrality,N/A,0.05,0.3,0.30000000000000004,5,rrg,0,0.045454543,0.04545454,3.7252903e-09,1,0.045454543,0.0,0,3.0910428,3.0910427570343018,3.0910428,0.0,1,0.0
betweenness_centrality,N/A,0.05,0.3,0.4,5,rrg,0,0.045454543,0.04545454,3.7252903e-09,1,0.045454543,0.0,0,3.0910428,3.091042995452881,3.0910428,0.0,1,0.0
betweenness_centrality,N/A,0.05,0.3,0.5,5,rrg,0,0.045454543,0.04545454,3.7252903e-09,1,0.045454543,0.0,0,3.0910428,3.0910427570343018,3.0910428,0.0,1,0.0
betweenness_centrality,N/A,0.05,0.3,0.6000000000000001,5,rrg,0,0.045454543,0.04545454,3.7252903e-09,1,0.045454543,0.0,0,3.0910428,3.0910427570343018,3.0910428,0.0,1,0.0
betweenness_centrality,N/A,0.05,0.3,0.7000000000000001,5,rrg,0,0.045454543,0.04545454,3.7252903e-09,1,0.045454543,0.0,0,3.0910428,3.091042995452881,3.0910428,0.0,1,0.0
betweenness_centrality,N/A,0.05,0.3,0.8,5,rrg,0,0.045454543,0.04545454,3.7252903e-09,1,0.045454543,0.0,0,3.0910428,3.0910427570343018,3.0910428,0.0,1,0.0
betweenness_centrality,N/A,0.05,0.3,0.9,5,rrg,0,0.045454543,0.045454536,7.450581e-09,1,0.045454543,0.0,0,3.0910428,3.0910425186157227,3.0910428,0.0,1,0.0
betweenness_centrality,N/A,0.05,0.3,1.0,5,rrg,0,0.045454543,,,1,0.045454543,0.0,0,3.0910428,,3.0910428,0.0,1,
betweenness_centrality,N/A,0.1,0.3,0.1,5,rrg,517,0.045454543,0.045454543,0.0,1,0.045454543,0.0,0,3.0910428,3.0910427570343018,3.0910428,0.0,1,0.0
betweenness_centrality,N/A,0.1,0.3,0.2,5,rrg,0,0.045454543,0.04545454,3.7252903e-09,1,0.045454543,0.0,0,3.0910428,3.0910427570343018,3.0910428,0.0,1,0.0
betweenness_centrality,N/A,0.1,0.3,0.30000000000000004,5,rrg,0,0.045454543,0.04545454,3.7252903e-09,1,0.045454543,0.0,0,3.0910428,3.0910427570343018,3.0910428,0.0,1,0.0
betweenness_centrality,N/A,0.1,0.3,0.4,5,rrg,0,0.045454543,0.04545454,3.7252903e-09,1,0.045454543,0.0,0,3.0910428,3.091042995452881,3.0910428,0.0,1,0.0
betweenness_centrality,N/A,0.1,0.3,0.5,5,rrg,0,0.045454543,0.04545454,3.7252903e-09,1,0.045454543,0.0,0,3.0910428,3.0910427570343018,3.0910428,0.0,1,0.0
betweenness_centrality,N/A,0.1,0.3,0.6000000000000001,5,rrg,0,0.045454543,0.04545454,3.7252903e-09,1,0.045454543,0.0,0,3.0910428,3.0910427570343018,3.0910428,0.0,1,0.0
betweenness_centrality,N/A,0.1,0.3,0.7000000000000001,5,rrg,0,0.045454543,0.04545454,3.7252903e-09,1,0.045454543,0.0,0,3.0910428,3.091042995452881,3.0910428,0.0,1,0.0
betweenness_centrality,N/A,0.1,0.3,0.8,5,rrg,0,0.045454543,0.04545454,3.7252903e-09,1,0.045454543,0.0,0,3.0910428,3.0910427570343018,3.0910428,0.0,1,0.0
betweenness_centrality,N/A,0.1,0.3,0.9,5,rrg,0,0.045454543,0.045454536,7.450581e-09,1,0.045454543,0.0,0,3.0910428,3.0910425186157227,3.0910428,0.0,1,0.0
betweenness_centrality,N/A,0.1,0.3,1.0,5,rrg,0,0.045454543,,,1,0.045454543,0.0,0,3.0910428,,3.0910428,0.0,1,
betweenness_centrality,N/A,0.2,0.3,0.1,5,rrg,517,0.045454543,0.045454543,0.0,1,0.045454543,0.0,0,3.0910428,3.0910427570343018,3.0910428,0.0,1,0.0
betweenness_centrality,N/A,0.2,0.3,0.2,5,rrg,0,0.045454543,0.04545454,3.7252903e-09,1,0.045454543,0.0,0,3.0910428,3.0910427570343018,3.0910428,0.0,1,0.0
betweenness_centrality,N/A,0.2,0.3,0.30000000000000004,5,rrg,0,0.045454543,0.04545454,3.7252903e-09,1,0.045454543,0.0,0,3.0910428,3.0910427570343018,3.0910428,0.0,1,0.0
betweenness_centrality,N/A,0.2,0.3,0.4,5,rrg,0,0.045454543,0.04545454,3.7252903e-09,1,0.045454543,0.0,0,3.0910428,3.091042995452881,3.0910428,0.0,1,0.0
betweenness_centrality,N/A,0.2,0.3,0.5,5,rrg,0,0.045454543,0.04545454,3.7252903e-09,1,0.045454543,0.0,0,3.0910428,3.0910427570343018,3.0910428,0.0,1,0.0
betweenness_centrality,N/A,0.2,0.3,0.6000000000000001,5,rrg,0,0.045454543,0.04545454,3.7252903e-09,1,0.045454543,0.0,0,3.0910428,3.0910427570343018,3.0910428,0.0,1,0.0
betweenness_centrality,N/A,0.2,0.3,0.7000000000000001,5,rrg,0,0.045454543,0.04545454,3.7252903e-09,1,0.045454543,0.0,0,3.0910428,3.091042995452881,3.0910428,0.0,1,0.0
betweenness_centrality,N/A,0.2,0.3,0.8,5,rrg,0,0.045454543,0.04545454,3.7252903e-09,1,0.045454543,0.0,0,3.0910428,3.0910427570343018,3.0910428,0.0,1,0.0
betweenness_centrality,N/A,0.2,0.3,0.9,5,rrg,0,0.045454543,0.045454536,7.450581e-09,1,0.045454543,0.0,0,3.0910428,3.0910425186157227,3.0910428,0.0,1,0.0
betweenness_centrality,N/A,0.2,0.3,1.0,5,rrg,0,0.045454543,,,1,0.045454543,0.0,0,3.0910428,,3.0910428,0.0,1,
betweenness_centrality,N/A,0.3,0.3,0.1,5,rrg,1,0.045454543,0.045454543,0.0,1,0.045454543,0.0,0,3.0910428,3.0910427570343018,3.0910428,0.0,1,0.0
betweenness_centrality,N/A,0.3,0.3,0.2,5,rrg,1,0.045454543,0.04545454,3.7252903e-09,1,0.045454543,0.0,0,3.0910428,3.0910427570343018,3.0910428,0.0,1,0.0
betweenness_centrality,N/A,0.3,0.3,0.30000000000000004,5,rrg,1,0.045454543,0.04545454,3.7252903e-09,1,0.045454543,0.0,0,3.0910428,3.0910427570343018,3.0910428,0.0,1,0.0
betweenness_centrality,N/A,0.3,0.3,0.4,5,rrg,1,0.045454543,0.04545454,3.7252903e-09,1,0.045454543,0.0,0,3.0910428,3.091042995452881,3.0910428,0.0,1,0.0
betweenness_centrality,N/A,0.3,0.3,0.5,5,rrg,1,0.045454543,0.04545454,3.7252903e-09,1,0.045454543,0.0,0,3.0910428,3.0910427570343018,3.0910428,0.0,1,0.0
betweenness_centrality,N/A,0.3,0.3,0.6000000000000001,5,rrg,1,0.045454543,0.04545454,3.7252903e-09,1,0.045454543,0.0,0,3.0910428,3.0910427570343018,3.0910428,0.0,1,0.0
betweenness_centrality,N/A,0.3,0.3,0.7000000000000001,5,rrg,1,0.045454543,0.04545454,3.7252903e-09,1,0.045454543,0.0,0,3.0910428,3.091042995452881,3.0910428,0.0,1,0.0
betweenness_centrality,N/A,0.3,0.3,0.8,5,rrg,0,0.045454543,0.04545454,3.7252903e-09,1,0.045454543,0.0,0,3.0910428,3.0910427570343018,3.0910428,0.0,1,0.0
betweenness_centrality,N/A,0.3,0.3,0.9,5,rrg,0,0.045454543,0.045454536,7.450581e-09,1,0.045454543,0.0,0,3.0910428,3.0910425186157227,3.0910428,0.0,1,0.0
betweenness_centrality,N/A,0.3,0.3,1.0,5,rrg,0,0.045454543,,,1,0.045454543,0.0,0,3.0910428,,3.0910428,0.0,1,
betweenness_centrality,N/A,0.4,0.3,0.1,5,rrg,4,0.045454543,0.045454543,0.0,1,0.045454543,0.0,0,3.0910428,3.0910427570343018,3.0910428,0.0,1,0.0
betweenness_centrality,N/A,0.4,0.3,0.2,5,rrg,4,0.045454543,0.04545454,3.7252903e-09,1,0.045454543,0.0,0,3.0910428,3.0910427570343018,3.0910428,0.0,1,0.0
betweenness_centrality,N/A,0.4,0.3,0.30000000000000004,5,rrg,514,0.045454543,0.04545454,3.7252903e-09,1,0.045454543,0.0,1,3.0910428,3.0910427570343018,3.0910428,0.0,1,0.0
betweenness_centrality,N/A,0.4,0.3,0.4,5,rrg,4,0.045454543,0.04545454,3.7252903e-09,1,0.045454543,0.0,0,3.0910428,3.091042995452881,3.0910428,0.0,1,0.0
betweenness_centrality,N/A,0.4,0.3,0.5,5,rrg,2,0.045454543,0.04545454,3.7252903e-09,1,0.045454543,0.0,1,3.0910428,3.0910427570343018,3.0910428,0.0,1,0.0
betweenness_centrality,N/A,0.4,0.3,0.6000000000000001,5,rrg,2,0.045454543,0.04545454,3.7252903e-09,1,0.045454543,0.0,1,3.0910428,3.0910427570343018,3.0910428,0.0,1,0.0
betweenness_centrality,N/A,0.4,0.3,0.7000000000000001,5,rrg,2,0.045454543,0.04545454,3.7252903e-09,1,0.045454543,0.0,1,3.0910428,3.091042995452881,3.0910428,0.0,1,0.0
betweenness_centrality,N/A,0.4,0.3,0.8,5,rrg,0,0.045454543,0.04545454,3.7252903e-09,1,0.045454543,0.0,0,3.0910428,3.0910427570343018,3.0910428,0.0,1,0.0
betweenness_centrality,N/A,0.4,0.3,0.9,5,rrg,0,0.045454543,0.045454536,7.450581e-09,1,0.045454543,0.0,0,3.0910428,3.0910425186157227,3.0910428,0.0,1,0.0
betweenness_centrality,N/A,0.4,0.3,1.0,5,rrg,0,0.045454543,,,1,0.045454543,0.0,0,3.0910428,,3.0910428,0.0,1,
betweenness_centrality,N/A,0.05,0.3,0.1,6,rrg,1,0.045454543,0.045454543,0.0,1,0.045454543,0.0,0,3.0910428,3.0910427570343018,3.0910428,0.0,1,0.0
betweenness_centrality,N/A,0.05,0.3,0.2,6,rrg,1,0.045454543,0.04545454,3.7252903e-09,1,0.045454543,0.0,0,3.0910428,3.0910427570343018,3.0910428,0.0,1,0.0
betweenness_centrality,N/A,0.05,0.3,0.30000000000000004,6,rrg,1,0.045454543,0.04545454,3.7252903e-09,1,0.045454543,0.0,0,3.0910428,3.0910427570343018,3.0910428,0.0,1,0.0
betweenness_centrality,N/A,0.05,0.3,0.4,6,rrg,1,0.045454543,0.04545454,3.7252903e-09,1,0.045454543,0.0,0,3.0910428,3.091042995452881,3.0910428,0.0,1,0.0
betweenness_centrality,N/A,0.05,0.3,0.5,6,rrg,1,0.045454543,0.04545454,3.7252903e-09,1,0.045454543,0.0,0,3.0910428,3.0910427570343018,3.0910428,0.0,1,0.0
betweenness_centrality,N/A,0.05,0.3,0.6000000000000001,6,rrg,1,0.045454543,0.04545454,3.7252903e-09,1,0.045454543,0.0,0,3.0910428,3.0910427570343018,3.0910428,0.0,1,0.0
betweenness_centrality,N/A,0.05,0.3,0.7000000000000001,6,rrg,1,0.045454543,0.04545454,3.7252903e-09,1,0.045454543,0.0,0,3.0910428,3.091042995452881,3.0910428,0.0,1,0.0
betweenness_centrality,N/A,0.05,0.3,0.8,6,rrg,1,0.045454543,0.04545454,3.7252903e-09,1,0.045454543,0.0,0,3.0910428,3.0910427570343018,3.0910428,0.0,1,0.0
betweenness_centrality,N/A,0.05,0.3,0.9,6,rrg,1,0.045454543,0.045454536,7.450581e-09,1,0.045454543,0.0,0,3.0910428,3.0910425186157227,3.0910428,0.0,1,0.0
betweenness_centrality,N/A,0.05,0.3,1.0,6,rrg,0,0.045454543,,,1,0.045454543,0.0,0,3.0910428,,3.0910428,0.0,1,
betweenness_centrality,N/A,0.1,0.3,0.1,6,rrg,2,0.045454543,0.045454543,0.0,1,0.045454543,0.0,0,3.0910428,3.0910427570343018,3.0910428,0.0,1,0.0
betweenness_centrality,N/A,0.1,0.3,0.2,6,rrg,1,0.045454543,0.04545454,3.7252903e-09,1,0.045454543,0.0,0,3.0910428,3.0910427570343018,3.0910428,0.0,1,0.0
betweenness_centrality,N/A,0.1,0.3,0.30000000000000004,6,rrg,1,0.045454543,0.04545454,3.7252903e-09,1,0.045454543,0.0,0,3.0910428,3.0910427570343018,3.0910428,0.0,1,0.0
betweenness_centrality,N/A,0.1,0.3,0.4,6,rrg,1,0.045454543,0.04545454,3.7252903e-09,1,0.045454543,0.0,0,3.0910428,3.091042995452881,3.0910428,0.0,1,0.0
betweenness_centrality,N/A,0.1,0.3,0.5,6,rrg,1,0.045454543,0.04545454,3.7252903e-09,1,0.045454543,0.0,0,3.0910428,3.0910427570343018,3.0910428,0.0,1,0.0
betweenness_centrality,N/A,0.1,0.3,0.6000000000000001,6,rrg,0,0.045454543,0.04545454,3.7252903e-09,1,0.045454543,0.0,0,3.0910428,3.0910427570343018,3.0910428,0.0,1,0.0
betweenness_centrality,N/A,0.1,0.3,0.7000000000000001,6,rrg,0,0.045454543,0.04545454,3.7252903e-09,1,0.045454543,0.0,0,3.0910428,3.091042995452881,3.0910428,0.0,1,0.0
betweenness_centrality,N/A,0.1,0.3,0.8,6,rrg,0,0.045454543,0.04545454,3.7252903e-09,1,0.045454543,0.0,0,3.0910428,3.0910427570343018,3.0910428,0.0,1,0.0
betweenness_centrality,N/A,0.1,0.3,0.9,6,rrg,0,0.045454543,0.045454536,7.450581e-09,1,0.045454543,0.0,0,3.0910428,3.0910425186157227,3.0910428,0.0,1,0.0
betweenness_centrality,N/A,0.1,0.3,1.0,6,rrg,0,0.045454543,,,1,0.045454543,0.0,0,3.0910428,,3.0910428,0.0,1,
betweenness_centrality,N/A,0.2,0.3,0.1,6,rrg,512,0.045454543,0.045454543,0.0,1,0.045454543,0.0,1,3.0910428,3.0910427570343018,3.0910428,0.0,1,0.0
betweenness_centrality,N/A,0.2,0.3,0.2,6,rrg,512,0.045454543,0.04545454,3.7252903e-09,1,0.045454543,0.0,1,3.0910428,3.0910427570343018,3.0910428,0.0,1,0.0
betweenness_centrality,N/A,0.2,0.3,0.30000000000000004,6,rrg,512,0.045454543,0.04545454,3.7252903e-09,1,0.045454543,0.0,1,3.0910428,3.0910427570343018,3.0910428,0.0,1,0.0
betweenness_centrality,N/A,0.2,0.3,0.4,6,rrg,0,0.045454543,0.04545454,3.7252903e-09,1,0.045454543,0.0,0,3.0910428,3.091042995452881,3.0910428,0.0,1,0.0
betweenness_centrality,N/A,0.2,0.3,0.5,6,rrg,0,0.045454543,0.04545454,3.7252903e-09,1,0.045454543,0.0,0,3.0910428,3.0910427570343018,3.0910428,0.0,1,0.0
betweenness_centrality,N/A,0.2,0.3,0.6000000000000001,6,rrg,0,0.045454543,0.04545454,3.7252903e-09,1,0.045454543,0.0,0,3.0910428,3.0910427570343018,3.0910428,0.0,1,0.0
betweenness_centrality,N/A,0.2,0.3,0.7000000000000001,6,rrg,0,0.045454543,0.04545454,3.7252903e-09,1,0.045454543,0.0,0,3.0910428,3.091042995452881,3.0910428,0.0,1,0.0
betweenness_centrality,N/A,0.2,0.3,0.8,6,rrg,0,0.045454543,0.04545454,3.7252903e-09,1,0.045454543,0.0,0,3.0910428,3.0910427570343018,3.0910428,0.0,1,0.0
betweenness_centrality,N/A,0.2,0.3,0.9,6,rrg,0,0.045454543,0.045454536,7.450581e-09,1,0.045454543,0.0,0,3.0910428,3.0910425186157227,3.0910428,0.0,1,0.0
betweenness_centrality,N/A,0.2,0.3,1.0,6,rrg,0,0.045454543,,,1,0.045454543,0.0,0,3.0910428,,3.0910428,0.0,1,
betweenness_centrality,N/A,0.3,0.3,0.1,6,rrg,515,0.045454543,0.045454543,0.0,1,0.045454543,0.0,0,3.0910428,3.0910427570343018,3.0910428,0.0,1,0.0
betweenness_centrality,N/A,0.3,0.3,0.2,6,rrg,515,0.045454543,0.04545454,3.7252903e-09,1,0.045454543,0.0,0,3.0910428,3.0910427570343018,3.0910428,0.0,1,0.0
betweenness_centrality,N/A,0.3,0.3,0.30000000000000004,6,rrg,512,0.045454543,0.04545454,3.7252903e-09,1,0.045454543,0.0,1,3.0910428,3.0910427570343018,3.0910428,0.0,1,0.0
betweenness_centrality,N/A,0.3,0.3,0.4,6,rrg,3,0.045454543,0.04545454,3.7252903e-09,1,0.045454543,0.0,0,3.0910428,3.091042995452881,3.0910428,0.0,1,0.0
betweenness_centrality,N/A,0.3,0.3,0.5,6,rrg,2,0.045454543,0.04545454,3.7252903e-09,1,0.045454543,0.0,1,3.0910428,3.0910427570343018,3.0910428,0.0,1,0.0
betweenness_centrality,N/A,0.3,0.3,0.6000000000000001,6,rrg,0,0.045454543,0.04545454,3.7252903e-09,1,0.045454543,0.0,0,3.0910428,3.0910427570343018,3.0910428,0.0,1,0.0
betweenness_centrality,N/A,0.3,0.3,0.7000000000000001,6,rrg,0,0.045454543,0.04545454,3.7252903e-09,1,0.045454543,0.0,0,3.0910428,3.091042995452881,3.0910428,0.0,1,0.0
betweenness_centrality,N/A,0.3,0.3,0.8,6,rrg,0,0.045454543,0.04545454,3.7252903e-09,1,0.045454543,0.0,0,3.0910428,3.0910427570343018,3.0910428,0.0,1,0.0
betweenness_centrality,N/A,0.3,0.3,0.9,6,rrg,0,0.045454543,0.045454536,7.450581e-09,1,0.045454543,0.0,0,3.0910428,3.0910425186157227,3.0910428,0.0,1,0.0
betweenness_centrality,N/A,0.3,0.3,1.0,6,rrg,0,0.045454543,,,1,0.045454543,0.0,0,3.0910428,,3.0910428,0.0,1,
betweenness_centrality,N/A,0.4,0.3,0.1,6,rrg,0,0.045454543,0.045454543,0.0,1,0.045454543,0.0,0,3.0910428,3.0910427570343018,3.0910428,0.0,1,0.0
betweenness_centrality,N/A,0.4,0.3,0.2,6,rrg,0,0.045454543,0.04545454,3.7252903e-09,1,0.045454543,0.0,0,3.0910428,3.0910427570343018,3.0910428,0.0,1,0.0
betweenness_centrality,N/A,0.4,0.3,0.30000000000000004,6,rrg,0,0.045454543,0.04545454,3.7252903e-09,1,0.045454543,0.0,0,3.0910428,3.0910427570343018,3.0910428,0.0,1,0.0
betweenness_centrality,N/A,0.4,0.3,0.4,6,rrg,0,0.045454543,0.04545454,3.7252903e-09,1,0.045454543,0.0,0,3.0910428,3.091042995452881,3.0910428,0.0,1,0.0
betweenness_centrality,N/A,0.4,0.3,0.5,6,rrg,0,0.045454543,0.04545454,3.7252903e-09,1,0.045454543,0.0,0,3.0910428,3.0910427570343018,3.0910428,0.0,1,0.0
betweenness_centrality,N/A,0.4,0.3,0.6000000000000001,6,rrg,0,0.045454543,0.04545454,3.7252903e-09,1,0.045454543,0.0,0,3.0910428,3.0910427570343018,3.0910428,0.0,1,0.0
betweenness_centrality,N/A,0.4,0.3,0.7000000000000001,6,rrg,0,0.045454543,0.04545454,3.7252903e-09,1,0.045454543,0.0,0,3.0910428,3.091042995452881,3.0910428,0.0,1,0.0
betweenness_centrality,N/A,0.4,0.3,0.8,6,rrg,0,0.045454543,0.04545454,3.7252903e-09,1,0.045454543,0.0,0,3.0910428,3.0910427570343018,3.0910428,0.0,1,0.0
betweenness_centrality,N/A,0.4,0.3,0.9,6,rrg,0,0.045454543,0.045454536,7.450581e-09,1,0.045454543,0.0,0,3.0910428,3.0910425186157227,3.0910428,0.0,1,0.0
betweenness_centrality,N/A,0.4,0.3,1.0,6,rrg,0,0.045454543,,,1,0.045454543,0.0,0,3.0910428,,3.0910428,0.0,1,
betweenness_centrality,N/A,0.05,0.3,0.1,7,rrg,3,0.045454543,0.045454543,0.0,1,0.045454543,0.0,0,3.0910428,3.0910427570343018,3.0910428,0.0,1,0.0
betweenness_centrality,N/A,0.05,0.3,0.2,7,rrg,3,0.045454543,0.04545454,3.7252903e-09,1,0.045454543,0.0,0,3.0910428,3.0910427570343018,3.0910428,0.0,1,0.0
betweenness_centrality,N/A,0.05,0.3,0.30000000000000004,7,rrg,512,0.045454543,0.04545454,3.7252903e-09,1,0.045454543,0.0,0,3.0910428,3.0910427570343018,3.0910428,0.0,1,0.0
betweenness_centrality,N/A,0.05,0.3,0.4,7,rrg,2,0.045454543,0.04545454,3.7252903e-09,1,0.045454543,0.0,0,3.0910428,3.091042995452881,3.0910428,0.0,1,0.0
betweenness_centrality,N/A,0.05,0.3,0.5,7,rrg,2,0.045454543,0.04545454,3.7252903e-09,1,0.045454543,0.0,0,3.0910428,3.0910427570343018,3.0910428,0.0,1,0.0
betweenness_centrality,N/A,0.05,0.3,0.6000000000000001,7,rrg,0,0.045454543,0.04545454,3.7252903e-09,1,0.045454543,0.0,0,3.0910428,3.0910427570343018,3.0910428,0.0,1,0.0
betweenness_centrality,N/A,0.05,0.3,0.7000000000000001,7,rrg,0,0.045454543,0.04545454,3.7252903e-09,1,0.045454543,0.0,0,3.0910428,3.091042995452881,3.0910428,0.0,1,0.0
betweenness_centrality,N/A,0.05,0.3,0.8,7,rrg,0,0.045454543,0.04545454,3.7252903e-09,1,0.045454543,0.0,0,3.0910428,3.0910427570343018,3.0910428,0.0,1,0.0
betweenness_centrality,N/A,0.05,0.3,0.9,7,rrg,0,0.045454543,0.045454536,7.450581e-09,1,0.045454543,0.0,0,3.0910428,3.0910425186157227,3.0910428,0.0,1,0.0
betweenness_centrality,N/A,0.05,0.3,1.0,7,rrg,0,0.045454543,,,1,0.045454543,0.0,0,3.0910428,,3.0910428,0.0,1,
betweenness_centrality,N/A,0.1,0.3,0.1,7,rrg,3,0.045454543,0.045454543,0.0,1,0.045454543,0.0,0,3.0910428,3.0910427570343018,3.0910428,0.0,1,0.0
betweenness_centrality,N/A,0.1,0.3,0.2,7,rrg,3,0.045454543,0.04545454,3.7252903e-09,1,0.045454543,0.0,0,3.0910428,3.0910427570343018,3.0910428,0.0,1,0.0
betweenness_centrality,N/A,0.1,0.3,0.30000000000000004,7,rrg,512,0.045454543,0.04545454,3.7252903e-09,1,0.045454543,0.0,0,3.0910428,3.0910427570343018,3.0910428,0.0,1,0.0
betweenness_centrality,N/A,0.1,0.3,0.4,7,rrg,0,0.045454543,0.04545454,3.7252903e-09,1,0.045454543,0.0,0,3.0910428,3.091042995452881,3.0910428,0.0,1,0.0
betweenness_centrality,N/A,0.1,0.3,0.5,7,rrg,0,0.045454543,0.04545454,3.7252903e-09,1,0.045454543,0.0,0,3.0910428,3.0910427570343018,3.0910428,0.0,1,0.0
betweenness_centrality,N/A,0.1,0.3,0.6000000000000001,7,rrg,0,0.045454543,0.04545454,3.7252903e-09,1,0.045454543,0.0,0,3.0910428,3.0910427570343018,3.0910428,0.0,1,0.0
betweenness_centrality,N/A,0.1,0.3,0.7000000000000001,7,rrg,0,0.045454543,0.04545454,3.7252903e-09,1,0.045454543,0.0,0,3.0910428,3.091042995452881,3.0910428,0.0,1,0.0
betweenness_centrality,N/A,0.1,0.3,0.8,7,rrg,0,0.045454543,0.04545454,3.7252903e-09,1,0.045454543,0.0,0,3.0910428,3.0910427570343018,3.0910428,0.0,1,0.0
betweenness_centrality,N/A,0.1,0.3,0.9,7,rrg,0,0.045454543,0.045454536,7.450581e-09,1,0.045454543,0.0,0,3.0910428,3.0910425186157227,3.0910428,0.0,1,0.0
betweenness_centrality,N/A,0.1,0.3,1.0,7,rrg,0,0.045454543,,,1,0.045454543,0.0,0,3.0910428,,3.0910428,0.0,1,
betweenness_centrality,N/A,0.2,0.3,0.1,7,rrg,515,0.045454543,0.045454543,0.0,1,0.045454543,0.0,0,3.0910428,3.0910427570343018,3.0910428,0.0,1,0.0
betweenness_centrality,N/A,0.2,0.3,0.2,7,rrg,2,0.045454543,0.04545454,3.7252903e-09,1,0.045454543,0.0,0,3.0910428,3.0910427570343018,3.0910428,0.0,1,0.0
betweenness_centrality,N/A,0.2,0.3,0.30000000000000004,7,rrg,2,0.045454543,0.04545454,3.7252903e-09,1,0.045454543,0.0,0,3.0910428,3.0910427570343018,3.0910428,0.0,1,0.0
betweenness_centrality,N/A,0.2,0.3,0.4,7,rrg,1,0.045454543,0.04545454,3.7252903e-09,1,0.045454543,0.0,0,3.0910428,3.091042995452881,3.0910428,0.0,1,0.0
betweenness_centrality,N/A,0.2,0.3,0.5,7,rrg,1,0.045454543,0.04545454,3.7252903e-09,1,0.045454543,0.0,0,3.0910428,3.0910427570343018,3.0910428,0.0,1,0.0
betweenness_centrality,N/A,0.2,0.3,0.6000000000000001,7,rrg,1,0.045454543,0.04545454,3.7252903e-09,1,0.045454543,0.0,0,3.0910428,3.0910427570343018,3.0910428,0.0,1,0.0
betweenness_centrality,N/A,0.2,0.3,0.7000000000000001,7,rrg,1,0.045454543,0.04545454,3.7252903e-09,1,0.045454543,0.0,0,3.0910428,3.091042995452881,3.0910428,0.0,1,0.0
betweenness_centrality,N/A,0.2,0.3,0.8,7,rrg,1,0.045454543,0.04545454,3.7252903e-09,1,0.045454543,0.0,0,3.0910428,3.0910427570343018,3.0910428,0.0,1,0.0
betweenness_centrality,N/A,0.2,0.3,0.9,7,rrg,0,0.045454543,0.045454536,7.450581e-09,1,0.045454543,0.0,0,3.0910428,3.0910425186157227,3.0910428,0.0,1,0.0
betweenness_centrality,N/A,0.2,0.3,1.0,7,rrg,0,0.045454543,,,1,0.045454543,0.0,0,3.0910428,,3.0910428,0.0,1,
betweenness_centrality,N/A,0.3,0.3,0.1,7,rrg,519,0.045454543,0.045454543,0.0,1,0.045454543,0.0,0,3.0910428,3.0910427570343018,3.0910428,0.0,1,0.0
betweenness_centrality,N/A,0.3,0.3,0.2,7,rrg,5,0.045454543,0.04545454,3.7252903e-09,1,0.045454543,0.0,0,3.0910428,3.0910427570343018,3.0910428,0.0,1,0.0
betweenness_centrality,N/A,0.3,0.3,0.30000000000000004,7,rrg,3,0.045454543,0.04545454,3.7252903e-09,1,0.045454543,0.0,1,3.0910428,3.0910427570343018,3.0910428,0.0,1,0.0
betweenness_centrality,N/A,0.3,0.3,0.4,7,rrg,0,0.045454543,0.04545454,3.7252903e-09,1,0.045454543,0.0,0,3.0910428,3.091042995452881,3.0910428,0.0,1,0.0
betweenness_centrality,N/A,0.3,0.3,0.5,7,rrg,0,0.045454543,0.04545454,3.7252903e-09,1,0.045454543,0.0,0,3.0910428,3.0910427570343018,3.0910428,0.0,1,0.0
betweenness_centrality,N/A,0.3,0.3,0.6000000000000001,7,rrg,0,0.045454543,0.04545454,3.7252903e-09,1,0.045454543,0.0,0,3.0910428,3.0910427570343018,3.0910428,0.0,1,0.0
betweenness_centrality,N/A,0.3,0.3,0.7000000000000001,7,rrg,0,0.045454543,0.04545454,3.7252903e-09,1,0.045454543,0.0,0,3.0910428,3.091042995452881,3.0910428,0.0,1,0.0
betweenness_centrality,N/A,0.3,0.3,0.8,7,rrg,0,0.045454543,0.04545454,3.7252903e-09,1,0.045454543,0.0,0,3.0910428,3.0910427570343018,3.0910428,0.0,1,0.0
betweenness_centrality,N/A,0.3,0.3,0.9,7,rrg,0,0.045454543,0.045454536,7.450581e-09,1,0.045454543,0.0,0,3.0910428,3.0910425186157227,3.0910428,0.0,1,0.0
betweenness_centrality,N/A,0.3,0.3,1.0,7,rrg,0,0.045454543,,,1,0.045454543,0.0,0,3.0910428,,3.0910428,0.0,1,
betweenness_centrality,N/A,0.4,0.3,0.1,7,rrg,517,0.045454543,0.045454543,0.0,1,0.045454543,0.0,0,3.0910428,3.0910427570343018,3.0910428,0.0,1,0.0
betweenness_centrality,N/A,0.4,0.3,0.2,7,rrg,512,0.045454543,0.04545454,3.7252903e-09,1,0.045454543,0.0,1,3.0910428,3.0910427570343018,3.0910428,0.0,1,0.0
betweenness_centrality,N/A,0.4,0.3,0.30000000000000004,7,rrg,512,0.045454543,0.04545454,3.7252903e-09,1,0.045454543,0.0,1,3.0910428,3.0910427570343018,3.0910428,0.0,1,0.0
betweenness_centrality,N/A,0.4,0.3,0.4,7,rrg,3,0.045454543,0.04545454,3.7252903e-09,1,0.045454543,0.0,0,3.0910428,3.091042995452881,3.0910428,0.0,1,0.0
betweenness_centrality,N/A,0.4,0.3,0.5,7,rrg,3,0.045454543,0.04545454,3.7252903e-09,1,0.045454543,0.0,0,3.0910428,3.0910427570343018,3.0910428,0.0,1,0.0
betweenness_centrality,N/A,0.4,0.3,0.6000000000000001,7,rrg,3,0.045454543,0.04545454,3.7252903e-09,1,0.045454543,0.0,0,3.0910428,3.0910427570343018,3.0910428,0.0,1,0.0
betweenness_centrality,N/A,0.4,0.3,0.7000000000000001,7,rrg,3,0.045454543,0.04545454,3.7252903e-09,1,0.045454543,0.0,0,3.0910428,3.091042995452881,3.0910428,0.0,1,0.0
betweenness_centrality,N/A,0.4,0.3,0.8,7,rrg,1,0.045454543,0.04545454,3.7252903e-09,1,0.045454543,0.0,0,3.0910428,3.0910427570343018,3.0910428,0.0,1,0.0
betweenness_centrality,N/A,0.4,0.3,0.9,7,rrg,0,0.045454543,0.045454536,7.450581e-09,1,0.045454543,0.0,0,3.0910428,3.0910425186157227,3.0910428,0.0,1,0.0
betweenness_centrality,N/A,0.4,0.3,1.0,7,rrg,0,0.045454543,,,1,0.045454543,0.0,0,3.0910428,,3.0910428,0.0,1,
betweenness_centrality,N/A,0.05,0.3,0.1,8,rrg,10,0.045454543,0.045454543,0.0,1,0.045454543,0.0,0,3.0910428,3.0910427570343018,3.0910428,0.0,1,0.0
betweenness_centrality,N/A,0.05,0.3,0.2,8,rrg,516,0.045454543,0.04545454,3.7252903e-09,1,0.045454543,0.0,0,3.0910428,3.0910427570343018,3.0910428,0.0,1,0.0
betweenness_centrality,N/A,0.05,0.3,0.30000000000000004,8,rrg,512,0.045454543,0.04545454,3.7252903e-09,1,0.045454543,0.0,0,3.0910428,3.0910427570343018,3.0910428,0.0,1,0.0
betweenness_centrality,N/A,0.05,0.3,0.4,8,rrg,3,0.045454543,0.04545454,3.7252903e-09,1,0.045454543,0.0,1,3.0910428,3.091042995452881,3.0910428,0.0,1,0.0
betweenness_centrality,N/A,0.05,0.3,0.5,8,rrg,2,0.045454543,0.04545454,3.7252903e-09,1,0.045454543,0.0,0,3.0910428,3.0910427570343018,3.0910428,0.0,1,0.0
betweenness_centrality,N/A,0.05,0.3,0.6000000000000001,8,rrg,2,0.045454543,0.04545454,3.7252903e-09,1,0.045454543,0.0,0,3.0910428,3.0910427570343018,3.0910428,0.0,1,0.0
betweenness_centrality,N/A,0.05,0.3,0.7000000000000001,8,rrg,1,0.045454543,0.04545454,3.7252903e-09,1,0.045454543,0.0,0,3.0910428,3.091042995452881,3.0910428,0.0,1,0.0
betweenness_centrality,N/A,0.05,0.3,0.8,8,rrg,1,0.045454543,0.04545454,3.7252903e-09,1,0.045454543,0.0,0,3.0910428,3.0910427570343018,3.0910428,0.0,1,0.0
betweenness_centrality,N/A,0.05,0.3,0.9,8,rrg,0,0.045454543,0.045454536,7.450581e-09,1,0.045454543,0.0,0,3.0910428,3.0910425186157227,3.0910428,0.0,1,0.0
betweenness_centrality,N/A,0.05,0.3,1.0,8,rrg,0,0.045454543,,,1,0.045454543,0.0,0,3.0910428,,3.0910428,0.0,1,
betweenness_centrality,N/A,0.1,0.3,0.1,8,rrg,7,0.045454543,0.045454543,0.0,1,0.045454543,0.0,0,3.0910428,3.0910427570343018,3.0910428,0.0,1,0.0
betweenness_centrality,N/A,0.1,0.3,0.2,8,rrg,3,0.045454543,0.04545454,3.7252903e-09,1,0.045454543,0.0,0,3.0910428,3.0910427570343018,3.0910428,0.0,1,0.0
betweenness_centrality,N/A,0.1,0.3,0.30000000000000004,8,rrg,3,0.045454543,0.04545454,3.7252903e-09,1,0.045454543,0.0,0,3.0910428,3.0910427570343018,3.0910428,0.0,1,0.0
betweenness_centrality,N/A,0.1,0.3,0.4,8,rrg,0,0.045454543,0.04545454,3.7252903e-09,1,0.045454543,0.0,0,3.0910428,3.091042995452881,3.0910428,0.0,1,0.0
betweenness_centrality,N/A,0.1,0.3,0.5,8,rrg,0,0.045454543,0.04545454,3.7252903e-09,1,0.045454543,0.0,0,3.0910428,3.0910427570343018,3.0910428,0.0,1,0.0
betweenness_centrality,N/A,0.1,0.3,0.6000000000000001,8,rrg,0,0.045454543,0.04545454,3.7252903e-09,1,0.045454543,0.0,0,3.0910428,3.0910427570343018,3.0910428,0.0,1,0.0
betweenness_centrality,N/A,0.1,0.3,0.7000000000000001,8,rrg,0,0.045454543,0.04545454,3.7252903e-09,1,0.045454543,0.0,0,3.0910428,3.091042995452881,3.0910428,0.0,1,0.0
betweenness_centrality,N/A,0.1,0.3,0.8,8,rrg,0,0.045454543,0.04545454,3.7252903e-09,1,0.045454543,0.0,0,3.0910428,3.0910427570343018,3.0910428,0.0,1,0.0
betweenness_centrality,N/A,0.1,0.3,0.9,8,rrg,0,0.045454543,0.045454536,7.450581e-09,1,0.045454543,0.0,0,3.0910428,3.0910425186157227,3.0910428,0.0,1,0.0
betweenness_centrality,N/A,0.1,0.3,1.0,8,rrg,0,0.045454543,,,1,0.045454543,0.0,0,3.0910428,,3.0910428,0.0,1,
betweenness_centrality,N/A,0.2,0.3,0.1,8,rrg,520,0.045454543,0.045454543,0.0,1,0.045454543,0.0,0,3.0910428,3.0910427570343018,3.0910428,0.0,1,0.0
betweenness_centrality,N/A,0.2,0.3,0.2,8,rrg,515,0.045454543,0.04545454,3.7252903e-09,1,0.045454543,0.0,0,3.0910428,3.0910427570343018,3.0910428,0.0,1,0.0
betweenness_centrality,N/A,0.2,0.3,0.30000000000000004,8,rrg,0,0.045454543,0.04545454,3.7252903e-09,1,0.045454543,0.0,0,3.0910428,3.0910427570343018,3.0910428,0.0,1,0.0
betweenness_centrality,N/A,0.2,0.3,0.4,8,rrg,0,0.045454543,0.04545454,3.7252903e-09,1,0.045454543,0.0,0,3.0910428,3.091042995452881,3.0910428,0.0,1,0.0
betweenness_centrality,N/A,0.2,0.3,0.5,8,rrg,0,0.045454543,0.04545454,3.7252903e-09,1,0.045454543,0.0,0,3.0910428,3.0910427570343018,3.0910428,0.0,1,0.0
betweenness_centrality,N/A,0.2,0.3,0.6000000000000001,8,rrg,0,0.045454543,0.04545454,3.7252903e-09,1,0.045454543,0.0,0,3.0910428,3.0910427570343018,3.0910428,0.0,1,0.0
betweenness_centrality,N/A,0.2,0.3,0.7000000000000001,8,rrg,0,0.045454543,0.04545454,3.7252903e-09,1,0.045454543,0.0,0,3.0910428,3.091042995452881,3.0910428,0.0,1,0.0
betweenness_centrality,N/A,0.2,0.3,0.8,8,rrg,0,0.045454543,0.04545454,3.7252903e-09,1,0.045454543,0.0,0,3.0910428,3.0910427570343018,3.0910428,0.0,1,0.0
betweenness_centrality,N/A,0.2,0.3,0.9,8,rrg,0,0.045454543,0.045454536,7.450581e-09,1,0.045454543,0.0,0,3.0910428,3.0910425186157227,3.0910428,0.0,1,0.0
betweenness_centrality,N/A,0.2,0.3,1.0,8,rrg,0,0.045454543,,,1,0.045454543,0.0,0,3.0910428,,3.0910428,0.0,1,
betweenness_centrality,N/A,0.3,0.3,0.1,8,rrg,541,0.045454543,0.045454543,0.0,1,0.045454543,0.0,0,3.0910428,3.0910427570343018,3.0910428,0.0,1,0.0
betweenness_centrality,N/A,0.3,0.3,0.2,8,rrg,512,0.045454543,0.04545454,3.7252903e-09,1,0.045454543,0.0,0,3.0910428,3.0910427570343018,3.0910428,0.0,1,0.0
betweenness_centrality,N/A,0.3,0.3,0.30000000000000004,8,rrg,512,0.045454543,0.04545454,3.7252903e-09,1,0.045454543,0.0,0,3.0910428,3.0910427570343018,3.0910428,0.0,1,0.0
betweenness_centrality,N/A,0.3,0.3,0.4,8,rrg,11,0.045454543,0.04545454,3.7252903e-09,1,0.045454543,0.0,0,3.0910428,3.091042995452881,3.0910428,0.0,1,0.0
betweenness_centrality,N/A,0.3,0.3,0.5,8,rrg,5,0.045454543,0.04545454,3.7252903e-09,1,0.045454543,0.0,0,3.0910428,3.0910427570343018,3.0910428,0.0,1,0.0
betweenness_centrality,N/A,0.3,0.3,0.6000000000000001,8,rrg,5,0.045454543,0.04545454,3.7252903e-09,1,0.045454543,0.0,0,3.0910428,3.0910427570343018,3.0910428,0.0,1,0.0
betweenness_centrality,N/A,0.3,0.3,0.7000000000000001,8,rrg,2,0.045454543,0.04545454,3.7252903e-09,1,0.045454543,0.0,1,3.0910428,3.091042995452881,3.0910428,0.0,1,0.0
betweenness_centrality,N/A,0.3,0.3,0.8,8,rrg,0,0.045454543,0.04545454,3.7252903e-09,1,0.045454543,0.0,0,3.0910428,3.0910427570343018,3.0910428,0.0,1,0.0
betweenness_centrality,N/A,0.3,0.3,0.9,8,rrg,0,0.045454543,0.045454536,7.450581e-09,1,0.045454543,0.0,0,3.0910428,3.0910425186157227,3.0910428,0.0,1,0.0
betweenness_centrality,N/A,0.3,0.3,1.0,8,rrg,0,0.045454543,,,1,0.045454543,0.0,0,3.0910428,,3.0910428,0.0,1,
betweenness_centrality,N/A,0.4,0.3,0.1,8,rrg,512,0.045454543,0.045454543,0.0,1,0.045454543,0.0,0,3.0910428,3.0910427570343018,3.0910428,0.0,1,0.0
betweenness_centrality,N/A,0.4,0.3,0.2,8,rrg,512,0.045454543,0.04545454,3.7252903e-09,1,0.045454543,0.0,0,3.0910428,3.0910427570343018,3.0910428,0.0,1,0.0
betweenness_centrality,N/A,0.4,0.3,0.30000000000000004,8,rrg,512,0.045454543,0.04545454,3.7252903e-09,1,0.045454543,0.0,0,3.0910428,3.0910427570343018,3.0910428,0.0,1,0.0
betweenness_centrality,N/A,0.4,0.3,0.4,8,rrg,1,0.045454543,0.04545454,3.7252903e-09,1,0.045454543,0.0,0,3.0910428,3.091042995452881,3.0910428,0.0,1,0.0
betweenness_centrality,N/A,0.4,0.3,0.5,8,rrg,1,0.045454543,0.04545454,3.7252903e-09,1,0.045454543,0.0,0,3.0910428,3.0910427570343018,3.0910428,0.0,1,0.0
betweenness_centrality,N/A,0.4,0.3,0.6000000000000001,8,rrg,1,0.045454543,0.04545454,3.7252903e-09,1,0.045454543,0.0,0,3.0910428,3.0910427570343018,3.0910428,0.0,1,0.0
betweenness_centrality,N/A,0.4,0.3,0.7000000000000001,8,rrg,0,0.045454543,0.04545454,3.7252903e-09,1,0.045454543,0.0,0,3.0910428,3.091042995452881,3.0910428,0.0,1,0.0
betweenness_centrality,N/A,0.4,0.3,0.8,8,rrg,0,0.045454543,0.04545454,3.7252903e-09,1,0.045454543,0.0,0,3.0910428,3.0910427570343018,3.0910428,0.0,1,0.0
betweenness_centrality,N/A,0.4,0.3,0.9,8,rrg,0,0.045454543,0.045454536,7.450581e-09,1,0.045454543,0.0,0,3.0910428,3.0910425186157227,3.0910428,0.0,1,0.0
betweenness_centrality,N/A,0.4,0.3,1.0,8,rrg,0,0.045454543,,,1,0.045454543,0.0,0,3.0910428,,3.0910428,0.0,1,
betweenness_centrality,N/A,0.05,0.3,0.1,9,rrg,1,0.045454543,0.045454543,0.0,1,0.045454543,0.0,0,3.0910428,3.0910427570343018,3.0910428,0.0,1,0.0
betweenness_centrality,N/A,0.05,0.3,0.2,9,rrg,1,0.045454543,0.04545454,3.7252903e-09,1,0.045454543,0.0,0,3.0910428,3.0910427570343018,3.0910428,0.0,1,0.0
betweenness_centrality,N/A,0.05,0.3,0.30000000000000004,9,rrg,1,0.045454543,0.04545454,3.7252903e-09,1,0.045454543,0.0,0,3.0910428,3.0910427570343018,3.0910428,0.0,1,0.0
betweenness_centrality,N/A,0.05,0.3,0.4,9,rrg,0,0.045454543,0.04545454,3.7252903e-09,1,0.045454543,0.0,0,3.0910428,3.091042995452881,3.0910428,0.0,1,0.0
betweenness_centrality,N/A,0.05,0.3,0.5,9,rrg,0,0.045454543,0.04545454,3.7252903e-09,1,0.045454543,0.0,0,3.0910428,3.0910427570343018,3.0910428,0.0,1,0.0
betweenness_centrality,N/A,0.05,0.3,0.6000000000000001,9,rrg,0,0.045454543,0.04545454,3.7252903e-09,1,0.045454543,0.0,0,3.0910428,3.0910427570343018,3.0910428,0.0,1,0.0
betweenness_centrality,N/A,0.05,0.3,0.7000000000000001,9,rrg,0,0.045454543,0.04545454,3.7252903e-09,1,0.045454543,0.0,0,3.0910428,3.091042995452881,3.0910428,0.0,1,0.0
betweenness_centrality,N/A,0.05,0.3,0.8,9,rrg,0,0.045454543,0.04545454,3.7252903e-09,1,0.045454543,0.0,0,3.0910428,3.0910427570343018,3.0910428,0.0,1,0.0
betweenness_centrality,N/A,0.05,0.3,0.9,9,rrg,0,0.045454543,0.045454536,7.450581e-09,1,0.045454543,0.0,0,3.0910428,3.0910425186157227,3.0910428,0.0,1,0.0
betweenness_centrality,N/A,0.05,0.3,1.0,9,rrg,0,0.045454543,,,1,0.045454543,0.0,0,3.0910428,,3.0910428,0.0,1,
betweenness_centrality,N/A,0.1,0.3,0.1,9,rrg,4,0.045454543,0.045454543,0.0,1,0.045454543,0.0,0,3.0910428,3.0910427570343018,3.0910428,0.0,1,0.0
betweenness_centrality,N/A,0.1,0.3,0.2,9,rrg,4,0.045454543,0.04545454,3.7252903e-09,1,0.045454543,0.0,0,3.0910428,3.0910427570343018,3.0910428,0.0,1,0.0
betweenness_centrality,N/A,0.1,0.3,0.30000000000000004,9,rrg,4,0.045454543,0.04545454,3.7252903e-09,1,0.045454543,0.0,0,3.0910428,3.0910427570343018,3.0910428,0.0,1,0.0
betweenness_centrality,N/A,0.1,0.3,0.4,9,rrg,3,0.045454543,0.04545454,3.7252903e-09,1,0.045454543,0.0,0,3.0910428,3.091042995452881,3.0910428,0.0,1,0.0
betweenness_centrality,N/A,0.1,0.3,0.5,9,rrg,3,0.045454543,0.04545454,3.7252903e-09,1,0.045454543,0.0,0,3.0910428,3.0910427570343018,3.0910428,0.0,1,0.0
betweenness_centrality,N/A,0.1,0.3,0.6000000000000001,9,rrg,0,0.045454543,0.04545454,3.7252903e-09,1,0.045454543,0.0,0,3.0910428,3.0910427570343018,3.0910428,0.0,1,0.0
betweenness_centrality,N/A,0.1,0.3,0.7000000000000001,9,rrg,0,0.045454543,0.04545454,3.7252903e-09,1,0.045454543,0.0,0,3.0910428,3.091042995452881,3.0910428,0.0,1,0.0
betweenness_centrality,N/A,0.1,0.3,0.8,9,rrg,0,0.045454543,0.04545454,3.7252903e-09,1,0.045454543,0.0,0,3.0910428,3.0910427570343018,3.0910428,0.0,1,0.0
betweenness_centrality,N/A,0.1,0.3,0.9,9,rrg,0,0.045454543,0.045454536,7.450581e-09,1,0.045454543,0.0,0,3.0910428,3.0910425186157227,3.0910428,0.0,1,0.0
betweenness_centrality,N/A,0.1,0.3,1.0,9,rrg,0,0.045454543,,,1,0.045454543,0.0,0,3.0910428,,3.0910428,0.0,1,
betweenness_centrality,N/A,0.2,0.3,0.1,9,rrg,3,0.045454543,0.045454543,0.0,1,0.045454543,0.0,0,3.0910428,3.0910427570343018,3.0910428,0.0,1,0.0
betweenness_centrality,N/A,0.2,0.3,0.2,9,rrg,3,0.045454543,0.04545454,3.7252903e-09,1,0.045454543,0.0,0,3.0910428,3.0910427570343018,3.0910428,0.0,1,0.0
betweenness_centrality,N/A,0.2,0.3,0.30000000000000004,9,rrg,3,0.045454543,0.04545454,3.7252903e-09,1,0.045454543,0.0,0,3.0910428,3.0910427570343018,3.0910428,0.0,1,0.0
betweenness_centrality,N/A,0.2,0.3,0.4,9,rrg,3,0.045454543,0.04545454,3.7252903e-09,1,0.045454543,0.0,0,3.0910428,3.091042995452881,3.0910428,0.0,1,0.0
betweenness_centrality,N/A,0.2,0.3,0.5,9,rrg,3,0.045454543,0.04545454,3.7252903e-09,1,0.045454543,0.0,0,3.0910428,3.0910427570343018,3.0910428,0.0,1,0.0
betweenness_centrality,N/A,0.2,0.3,0.6000000000000001,9,rrg,0,0.045454543,0.04545454,3.7252903e-09,1,0.045454543,0.0,0,3.0910428,3.0910427570343018,3.0910428,0.0,1,0.0
betweenness_centrality,N/A,0.2,0.3,0.7000000000000001,9,rrg,0,0.045454543,0.04545454,3.7252903e-09,1,0.045454543,0.0,0,3.0910428,3.091042995452881,3.0910428,0.0,1,0.0
betweenness_centrality,N/A,0.2,0.3,0.8,9,rrg,0,0.045454543,0.04545454,3.7252903e-09,1,0.045454543,0.0,0,3.0910428,3.0910427570343018,3.0910428,0.0,1,0.0
betweenness_centrality,N/A,0.2,0.3,0.9,9,rrg,0,0.045454543,0.045454536,7.450581e-09,1,0.045454543,0.0,0,3.0910428,3.0910425186157227,3.0910428,0.0,1,0.0
betweenness_centrality,N/A,0.2,0.3,1.0,9,rrg,0,0.045454543,,,1,0.045454543,0.0,0,3.0910428,,3.0910428,0.0,1,
betweenness_centrality,N/A,0.3,0.3,0.1,9,rrg,512,0.045454543,0.045454543,0.0,1,0.045454543,0.0,1,3.0910428,3.0910427570343018,3.0910428,0.0,1,0.0
betweenness_centrality,N/A,0.3,0.3,0.2,9,rrg,512,0.045454543,0.04545454,3.7252903e-09,1,0.045454543,0.0,1,3.0910428,3.0910427570343018,3.0910428,0.0,1,0.0
betweenness_centrality,N/A,0.3,0.3,0.30000000000000004,9,rrg,512,0.045454543,0.04545454,3.7252903e-09,1,0.045454543,0.0,1,3.0910428,3.0910427570343018,3.0910428,0.0,1,0.0
betweenness_centrality,N/A,0.3,0.3,0.4,9,rrg,1,0.045454543,0.04545454,3.7252903e-09,1,0.045454543,0.0,0,3.0910428,3.091042995452881,3.0910428,0.0,1,0.0
betweenness_centrality,N/A,0.3,0.3,0.5,9,rrg,1,0.045454543,0.04545454,3.7252903e-09,1,0.045454543,0.0,0,3.0910428,3.0910427570343018,3.0910428,0.0,1,0.0
betweenness_centrality,N/A,0.3,0.3,0.6000000000000001,9,rrg,1,0.045454543,0.04545454,3.7252903e-09,1,0.045454543,0.0,0,3.0910428,3.0910427570343018,3.0910428,0.0,1,0.0
betweenness_centrality,N/A,0.3,0.3,0.7000000000000001,9,rrg,1,0.045454543,0.04545454,3.7252903e-09,1,0.045454543,0.0,0,3.0910428,3.091042995452881,3.0910428,0.0,1,0.0
betweenness_centrality,N/A,0.3,0.3,0.8,9,rrg,1,0.045454543,0.04545454,3.7252903e-09,1,0.045454543,0.0,0,3.0910428,3.0910427570343018,3.0910428,0.0,1,0.0
betweenness_centrality,N/A,0.3,0.3,0.9,9,rrg,0,0.045454543,0.045454536,7.450581e-09,1,0.045454543,0.0,1,3.0910428,3.0910425186157227,3.0910428,0.0,1,0.0
betweenness_centrality,N/A,0.3,0.3,1.0,9,rrg,0,0.045454543,,,1,0.045454543,0.0,1,3.0910428,,3.0910428,0.0,1,
betweenness_centrality,N/A,0.4,0.3,0.1,9,rrg,2,0.045454543,0.045454543,0.0,1,0.045454543,0.0,1,3.0910428,3.0910427570343018,3.0910428,0.0,1,0.0
betweenness_centrality,N/A,0.4,0.3,0.2,9,rrg,2,0.045454543,0.04545454,3.7252903e-09,1,0.045454543,0.0,1,3.0910428,3.0910427570343018,3.0910428,0.0,1,0.0
betweenness_centrality,N/A,0.4,0.3,0.30000000000000004,9,rrg,2,0.045454543,0.04545454,3.7252903e-09,1,0.045454543,0.0,1,3.0910428,3.0910427570343018,3.0910428,0.0,1,0.0
betweenness_centrality,N/A,0.4,0.3,0.4,9,rrg,2,0.045454543,0.04545454,3.7252903e-09,1,0.045454543,0.0,1,3.0910428,3.091042995452881,3.0910428,0.0,1,0.0
betweenness_centrality,N/A,0.4,0.3,0.5,9,rrg,2,0.045454543,0.04545454,3.7252903e-09,1,0.045454543,0.0,1,3.0910428,3.0910427570343018,3.0910428,0.0,1,0.0
betweenness_centrality,N/A,0.4,0.3,0.6000000000000001,9,rrg,2,0.045454543,0.04545454,3.7252903e-09,1,0.045454543,0.0,1,3.0910428,3.0910427570343018,3.0910428,0.0,1,0.0
betweenness_centrality,N/A,0.4,0.3,0.7000000000000001,9,rrg,0,0.045454543,0.04545454,3.7252903e-09,1,0.045454543,0.0,0,3.0910428,3.091042995452881,3.0910428,0.0,1,0.0
betweenness_centrality,N/A,0.4,0.3,0.8,9,rrg,0,0.045454543,0.04545454,3.7252903e-09,1,0.045454543,0.0,0,3.0910428,3.0910427570343018,3.0910428,0.0,1,0.0
betweenness_centrality,N/A,0.4,0.3,0.9,9,rrg,0,0.045454543,0.045454536,7.450581e-09,1,0.045454543,0.0,0,3.0910428,3.0910425186157227,3.0910428,0.0,1,0.0
betweenness_centrality,N/A,0.4,0.3,1.0,9,rrg,0,0.045454543,,,1,0.045454543,0.0,0,3.0910428,,3.0910428,0.0,1,
page_rank,N/A,0.05,0.3,0.1,0,rrg,516,0.045454543,0.045454543,0.0,1,0.045454543,0.0,0,3.0910428,3.0910427570343018,3.0910428,0.0,1,0.0
page_rank,N/A,0.05,0.3,0.2,0,rrg,512,0.045454543,0.04545454,3.7252903e-09,1,0.045454543,0.0,1,3.0910428,3.0910427570343018,3.0910428,0.0,1,0.0
page_rank,N/A,0.05,0.3,0.30000000000000004,0,rrg,517,0.045454543,0.04545454,3.7252903e-09,1,0.045454543,0.0,0,3.0910428,3.0910427570343018,3.0910428,0.0,1,0.0
page_rank,N/A,0.05,0.3,0.4,0,rrg,1,0.045454543,0.04545454,3.7252903e-09,1,0.045454543,0.0,0,3.0910428,3.091042995452881,3.0910428,0.0,1,0.0
page_rank,N/A,0.05,0.3,0.5,0,rrg,1,0.045454543,0.04545454,3.7252903e-09,1,0.045454543,0.0,0,3.0910428,3.0910427570343018,3.0910428,0.0,1,0.0
page_rank,N/A,0.05,0.3,0.6000000000000001,0,rrg,0,0.045454543,0.04545454,3.7252903e-09,1,0.045454543,0.0,0,3.0910428,3.0910427570343018,3.0910428,0.0,1,0.0
page_rank,N/A,0.05,0.3,0.7000000000000001,0,rrg,0,0.045454543,0.04545454,3.7252903e-09,1,0.045454543,0.0,0,3.0910428,3.091042995452881,3.0910428,0.0,1,0.0
page_rank,N/A,0.05,0.3,0.8,0,rrg,0,0.045454543,0.04545454,3.7252903e-09,1,0.045454543,0.0,0,3.0910428,3.0910427570343018,3.0910428,0.0,1,0.0
page_rank,N/A,0.05,0.3,0.9,0,rrg,0,0.045454543,0.045454536,7.450581e-09,1,0.045454543,0.0,0,3.0910428,3.0910425186157227,3.0910428,0.0,1,0.0
page_rank,N/A,0.05,0.3,1.0,0,rrg,0,0.045454543,,,1,0.045454543,0.0,0,3.0910428,,3.0910428,0.0,1,
page_rank,N/A,0.1,0.3,0.1,0,rrg,514,0.045454543,0.045454543,0.0,1,0.045454543,0.0,1,3.0910428,3.0910427570343018,3.0910428,0.0,1,0.0
page_rank,N/A,0.1,0.3,0.2,0,rrg,3,0.045454543,0.04545454,3.7252903e-09,1,0.045454543,0.0,0,3.0910428,3.0910427570343018,3.0910428,0.0,1,0.0
page_rank,N/A,0.1,0.3,0.30000000000000004,0,rrg,512,0.045454543,0.04545454,3.7252903e-09,1,0.045454543,0.0,0,3.0910428,3.0910427570343018,3.0910428,0.0,1,0.0
page_rank,N/A,0.1,0.3,0.4,0,rrg,4,0.045454543,0.04545454,3.7252903e-09,1,0.045454543,0.0,0,3.0910428,3.091042995452881,3.0910428,0.0,1,0.0
page_rank,N/A,0.1,0.3,0.5,0,rrg,2,0.045454543,0.04545454,3.7252903e-09,1,0.045454543,0.0,0,3.0910428,3.0910427570343018,3.0910428,0.0,1,0.0
page_rank,N/A,0.1,0.3,0.6000000000000001,0,rrg,0,0.045454543,0.04545454,3.7252903e-09,1,0.045454543,0.0,0,3.0910428,3.0910427570343018,3.0910428,0.0,1,0.0
page_rank,N/A,0.1,0.3,0.7000000000000001,0,rrg,0,0.045454543,0.04545454,3.7252903e-09,1,0.045454543,0.0,0,3.0910428,3.091042995452881,3.0910428,0.0,1,0.0
page_rank,N/A,0.1,0.3,0.8,0,rrg,0,0.045454543,0.04545454,3.7252903e-09,1,0.045454543,0.0,0,3.0910428,3.0910427570343018,3.0910428,0.0,1,0.0
page_rank,N/A,0.1,0.3,0.9,0,rrg,0,0.045454543,0.045454536,7.450581e-09,1,0.045454543,0.0,0,3.0910428,3.0910425186157227,3.0910428,0.0,1,0.0
page_rank,N/A,0.1,0.3,1.0,0,rrg,0,0.045454543,,,1,0.045454543,0.0,0,3.0910428,,3.0910428,0.0,1,
page_rank,N/A,0.2,0.3,0.1,0,rrg,3,0.045454543,0.045454543,0.0,1,0.045454543,0.0,0,3.0910428,3.0910427570343018,3.0910428,0.0,1,0.0
page_rank,N/A,0.2,0.3,0.2,0,rrg,0,0.045454543,0.04545454,3.7252903e-09,1,0.045454543,0.0,0,3.0910428,3.0910427570343018,3.0910428,0.0,1,0.0
page_rank,N/A,0.2,0.3,0.30000000000000004,0,rrg,512,0.045454543,0.04545454,3.7252903e-09,1,0.045454543,0.0,0,3.0910428,3.0910427570343018,3.0910428,0.0,1,0.0
page_rank,N/A,0.2,0.3,0.4,0,rrg,0,0.045454543,0.04545454,3.7252903e-09,1,0.045454543,0.0,0,3.0910428,3.091042995452881,3.0910428,0.0,1,0.0
page_rank,N/A,0.2,0.3,0.5,0,rrg,0,0.045454543,0.04545454,3.7252903e-09,1,0.045454543,0.0,0,3.0910428,3.0910427570343018,3.0910428,0.0,1,0.0
page_rank,N/A,0.2,0.3,0.6000000000000001,0,rrg,0,0.045454543,0.04545454,3.7252903e-09,1,0.045454543,0.0,0,3.0910428,3.0910427570343018,3.0910428,0.0,1,0.0
page_rank,N/A,0.2,0.3,0.7000000000000001,0,rrg,1,0.045454543,0.04545454,3.7252903e-09,1,0.045454543,0.0,0,3.0910428,3.091042995452881,3.0910428,0.0,1,0.0
page_rank,N/A,0.2,0.3,0.8,0,rrg,0,0.045454543,0.04545454,3.7252903e-09,1,0.045454543,0.0,0,3.0910428,3.0910427570343018,3.0910428,0.0,1,0.0
page_rank,N/A,0.2,0.3,0.9,0,rrg,0,0.045454543,0.045454536,7.450581e-09,1,0.045454543,0.0,0,3.0910428,3.0910425186157227,3.0910428,0.0,1,0.0
page_rank,N/A,0.2,0.3,1.0,0,rrg,0,0.045454543,,,1,0.045454543,0.0,0,3.0910428,,3.0910428,0.0,1,
page_rank,N/A,0.3,0.3,0.1,0,rrg,1,0.045454543,0.045454543,0.0,1,0.045454543,0.0,0,3.0910428,3.0910427570343018,3.0910428,0.0,1,0.0
page_rank,N/A,0.3,0.3,0.2,0,rrg,1,0.045454543,0.04545454,3.7252903e-09,1,0.045454543,0.0,0,3.0910428,3.0910427570343018,3.0910428,0.0,1,0.0
page_rank,N/A,0.3,0.3,0.30000000000000004,0,rrg,514,0.045454543,0.04545454,3.7252903e-09,1,0.045454543,0.0,0,3.0910428,3.0910427570343018,3.0910428,0.0,1,0.0
page_rank,N/A,0.3,0.3,0.4,0,rrg,1,0.045454543,0.04545454,3.7252903e-09,1,0.045454543,0.0,0,3.0910428,3.091042995452881,3.0910428,0.0,1,0.0
page_rank,N/A,0.3,0.3,0.5,0,rrg,3,0.045454543,0.04545454,3.7252903e-09,1,0.045454543,0.0,0,3.0910428,3.0910427570343018,3.0910428,0.0,1,0.0
page_rank,N/A,0.3,0.3,0.6000000000000001,0,rrg,0,0.045454543,0.04545454,3.7252903e-09,1,0.045454543,0.0,0,3.0910428,3.0910427570343018,3.0910428,0.0,1,0.0
page_rank,N/A,0.3,0.3,0.7000000000000001,0,rrg,0,0.045454543,0.04545454,3.7252903e-09,1,0.045454543,0.0,0,3.0910428,3.091042995452881,3.0910428,0.0,1,0.0
page_rank,N/A,0.3,0.3,0.8,0,rrg,0,0.045454543,0.04545454,3.7252903e-09,1,0.045454543,0.0,0,3.0910428,3.0910427570343018,3.0910428,0.0,1,0.0
page_rank,N/A,0.3,0.3,0.9,0,rrg,0,0.045454543,0.045454536,7.450581e-09,1,0.045454543,0.0,0,3.0910428,3.0910425186157227,3.0910428,0.0,1,0.0
page_rank,N/A,0.3,0.3,1.0,0,rrg,0,0.045454543,,,1,0.045454543,0.0,0,3.0910428,,3.0910428,0.0,1,
page_rank,N/A,0.4,0.3,0.1,0,rrg,2,0.045454543,0.045454543,0.0,1,0.045454543,0.0,0,3.0910428,3.0910427570343018,3.0910428,0.0,1,0.0
page_rank,N/A,0.4,0.3,0.2,0,rrg,3,0.045454543,0.04545454,3.7252903e-09,1,0.045454543,0.0,0,3.0910428,3.0910427570343018,3.0910428,0.0,1,0.0
page_rank,N/A,0.4,0.3,0.30000000000000004,0,rrg,512,0.045454543,0.04545454,3.7252903e-09,1,0.045454543,0.0,0,3.0910428,3.0910427570343018,3.0910428,0.0,1,0.0
page_rank,N/A,0.4,0.3,0.4,0,rrg,0,0.045454543,0.04545454,3.7252903e-09,1,0.045454543,0.0,0,3.0910428,3.091042995452881,3.0910428,0.0,1,0.0
page_rank,N/A,0.4,0.3,0.5,0,rrg,0,0.045454543,0.04545454,3.7252903e-09,1,0.045454543,0.0,0,3.0910428,3.0910427570343018,3.0910428,0.0,1,0.0
page_rank,N/A,0.4,0.3,0.6000000000000001,0,rrg,1,0.045454543,0.04545454,3.7252903e-09,1,0.045454543,0.0,1,3.0910428,3.0910427570343018,3.0910428,0.0,1,0.0
page_rank,N/A,0.4,0.3,0.7000000000000001,0,rrg,0,0.045454543,0.04545454,3.7252903e-09,1,0.045454543,0.0,0,3.0910428,3.091042995452881,3.0910428,0.0,1,0.0
page_rank,N/A,0.4,0.3,0.8,0,rrg,0,0.045454543,0.04545454,3.7252903e-09,1,0.045454543,0.0,0,3.0910428,3.0910427570343018,3.0910428,0.0,1,0.0
page_rank,N/A,0.4,0.3,0.9,0,rrg,0,0.045454543,0.045454536,7.450581e-09,1,0.045454543,0.0,0,3.0910428,3.0910425186157227,3.0910428,0.0,1,0.0
page_rank,N/A,0.4,0.3,1.0,0,rrg,0,0.045454543,,,1,0.045454543,0.0,0,3.0910428,,3.0910428,0.0,1,
page_rank,N/A,0.05,0.3,0.1,1,rrg,5,0.045454543,0.045454543,0.0,1,0.045454543,0.0,0,3.0910428,3.0910427570343018,3.0910428,0.0,1,0.0
page_rank,N/A,0.05,0.3,0.2,1,rrg,0,0.045454543,0.04545454,3.7252903e-09,1,0.045454543,0.0,0,3.0910428,3.0910427570343018,3.0910428,0.0,1,0.0
page_rank,N/A,0.05,0.3,0.30000000000000004,1,rrg,514,0.045454543,0.04545454,3.7252903e-09,1,0.045454543,0.0,0,3.0910428,3.0910427570343018,3.0910428,0.0,1,0.0
page_rank,N/A,0.05,0.3,0.4,1,rrg,5,0.045454543,0.04545454,3.7252903e-09,1,0.045454543,0.0,0,3.0910428,3.091042995452881,3.0910428,0.0,1,0.0
page_rank,N/A,0.05,0.3,0.5,1,rrg,2,0.045454543,0.04545454,3.7252903e-09,1,0.045454543,0.0,0,3.0910428,3.0910427570343018,3.0910428,0.0,1,0.0
page_rank,N/A,0.05,0.3,0.6000000000000001,1,rrg,0,0.045454543,0.04545454,3.7252903e-09,1,0.045454543,0.0,0,3.0910428,3.0910427570343018,3.0910428,0.0,1,0.0
page_rank,N/A,0.05,0.3,0.7000000000000001,1,rrg,0,0.045454543,0.04545454,3.7252903e-09,1,0.045454543,0.0,0,3.0910428,3.091042995452881,3.0910428,0.0,1,0.0
page_rank,N/A,0.05,0.3,0.8,1,rrg,0,0.045454543,0.04545454,3.7252903e-09,1,0.045454543,0.0,0,3.0910428,3.0910427570343018,3.0910428,0.0,1,0.0
page_rank,N/A,0.05,0.3,0.9,1,rrg,0,0.045454543,0.045454536,7.450581e-09,1,0.045454543,0.0,0,3.0910428,3.0910425186157227,3.0910428,0.0,1,0.0
page_rank,N/A,0.05,0.3,1.0,1,rrg,0,0.045454543,,,1,0.045454543,0.0,0,3.0910428,,3.0910428,0.0,1,
page_rank,N/A,0.1,0.3,0.1,1,rrg,518,0.045454543,0.045454543,0.0,1,0.045454543,0.0,0,3.0910428,3.0910427570343018,3.0910428,0.0,1,0.0
page_rank,N/A,0.1,0.3,0.2,1,rrg,512,0.045454543,0.04545454,3.7252903e-09,1,0.045454543,0.0,0,3.0910428,3.0910427570343018,3.0910428,0.0,1,0.0
page_rank,N/A,0.1,0.3,0.30000000000000004,1,rrg,0,0.045454543,0.04545454,3.7252903e-09,1,0.045454543,0.0,0,3.0910428,3.0910427570343018,3.0910428,0.0,1,0.0
page_rank,N/A,0.1,0.3,0.4,1,rrg,0,0.045454543,0.04545454,3.7252903e-09,1,0.045454543,0.0,0,3.0910428,3.091042995452881,3.0910428,0.0,1,0.0
page_rank,N/A,0.1,0.3,0.5,1,rrg,1,0.045454543,0.04545454,3.7252903e-09,1,0.045454543,0.0,0,3.0910428,3.0910427570343018,3.0910428,0.0,1,0.0
page_rank,N/A,0.1,0.3,0.6000000000000001,1,rrg,1,0.045454543,0.04545454,3.7252903e-09,1,0.045454543,0.0,0,3.0910428,3.0910427570343018,3.0910428,0.0,1,0.0
page_rank,N/A,0.1,0.3,0.7000000000000001,1,rrg,1,0.045454543,0.04545454,3.7252903e-09,1,0.045454543,0.0,0,3.0910428,3.091042995452881,3.0910428,0.0,1,0.0
page_rank,N/A,0.1,0.3,0.8,1,rrg,0,0.045454543,0.04545454,3.7252903e-09,1,0.045454543,0.0,0,3.0910428,3.0910427570343018,3.0910428,0.0,1,0.0
page_rank,N/A,0.1,0.3,0.9,1,rrg,0,0.045454543,0.045454536,7.450581e-09,1,0.045454543,0.0,0,3.0910428,3.0910425186157227,3.0910428,0.0,1,0.0
page_rank,N/A,0.1,0.3,1.0,1,rrg,0,0.045454543,,,1,0.045454543,0.0,0,3.0910428,,3.0910428,0.0,1,
page_rank,N/A,0.2,0.3,0.1,1,rrg,1,0.045454543,0.045454543,0.0,1,0.045454543,0.0,0,3.0910428,3.0910427570343018,3.0910428,0.0,1,0.0
page_rank,N/A,0.2,0.3,0.2,1,rrg,516,0.045454543,0.04545454,3.7252903e-09,1,0.045454543,0.0,0,3.0910428,3.0910427570343018,3.0910428,0.0,1,0.0
page_rank,N/A,0.2,0.3,0.30000000000000004,1,rrg,1,0.045454543,0.04545454,3.7252903e-09,1,0.045454543,0.0,0,3.0910428,3.0910427570343018,3.0910428,0.0,1,0.0
page_rank,N/A,0.2,0.3,0.4,1,rrg,1,0.045454543,0.04545454,3.7252903e-09,1,0.045454543,0.0,0,3.0910428,3.091042995452881,3.0910428,0.0,1,0.0
page_rank,N/A,0.2,0.3,0.5,1,rrg,6,0.045454543,0.04545454,3.7252903e-09,1,0.045454543,0.0,0,3.0910428,3.0910427570343018,3.0910428,0.0,1,0.0
page_rank,N/A,0.2,0.3,0.6000000000000001,1,rrg,0,0.045454543,0.04545454,3.7252903e-09,1,0.045454543,0.0,0,3.0910428,3.0910427570343018,3.0910428,0.0,1,0.0
page_rank,N/A,0.2,0.3,0.7000000000000001,1,rrg,0,0.045454543,0.04545454,3.7252903e-09,1,0.045454543,0.0,0,3.0910428,3.091042995452881,3.0910428,0.0,1,0.0
page_rank,N/A,0.2,0.3,0.8,1,rrg,0,0.045454543,0.04545454,3.7252903e-09,1,0.045454543,0.0,0,3.0910428,3.0910427570343018,3.0910428,0.0,1,0.0
page_rank,N/A,0.2,0.3,0.9,1,rrg,0,0.045454543,0.045454536,7.450581e-09,1,0.045454543,0.0,0,3.0910428,3.0910425186157227,3.0910428,0.0,1,0.0
page_rank,N/A,0.2,0.3,1.0,1,rrg,0,0.045454543,,,1,0.045454543,0.0,0,3.0910428,,3.0910428,0.0,1,
page_rank,N/A,0.3,0.3,0.1,1,rrg,3,0.045454543,0.045454543,0.0,1,0.045454543,0.0,0,3.0910428,3.0910427570343018,3.0910428,0.0,1,0.0
page_rank,N/A,0.3,0.3,0.2,1,rrg,513,0.045454543,0.04545454,3.7252903e-09,1,0.045454543,0.0,0,3.0910428,3.0910427570343018,3.0910428,0.0,1,0.0
page_rank,N/A,0.3,0.3,0.30000000000000004,1,rrg,1,0.045454543,0.04545454,3.7252903e-09,1,0.045454543,0.0,0,3.0910428,3.0910427570343018,3.0910428,0.0,1,0.0
page_rank,N/A,0.3,0.3,0.4,1,rrg,0,0.045454543,0.04545454,3.7252903e-09,1,0.045454543,0.0,0,3.0910428,3.091042995452881,3.0910428,0.0,1,0.0
page_rank,N/A,0.3,0.3,0.5,1,rrg,0,0.045454543,0.04545454,3.7252903e-09,1,0.045454543,0.0,0,3.0910428,3.0910427570343018,3.0910428,0.0,1,0.0
page_rank,N/A,0.3,0.3,0.6000000000000001,1,rrg,0,0.045454543,0.04545454,3.7252903e-09,1,0.045454543,0.0,0,3.0910428,3.0910427570343018,3.0910428,0.0,1,0.0
page_rank,N/A,0.3,0.3,0.7000000000000001,1,rrg,1,0.045454543,0.04545454,3.7252903e-09,1,0.045454543,0.0,0,3.0910428,3.091042995452881,3.0910428,0.0,1,0.0
page_rank,N/A,0.3,0.3,0.8,1,rrg,1,0.045454543,0.04545454,3.7252903e-09,1,0.045454543,0.0,0,3.0910428,3.0910427570343018,3.0910428,0.0,1,0.0
page_rank,N/A,0.3,0.3,0.9,1,rrg,0,0.045454543,0.045454536,7.450581e-09,1,0.045454543,0.0,0,3.0910428,3.0910425186157227,3.0910428,0.0,1,0.0
page_rank,N/A,0.3,0.3,1.0,1,rrg,0,0.045454543,,,1,0.045454543,0.0,0,3.0910428,,3.0910428,0.0,1,
page_rank,N/A,0.4,0.3,0.1,1,rrg,514,0.045454543,0.045454543,0.0,1,0.045454543,0.0,0,3.0910428,3.0910427570343018,3.0910428,0.0,1,0.0
page_rank,N/A,0.4,0.3,0.2,1,rrg,517,0.045454543,0.04545454,3.7252903e-09,1,0.045454543,0.0,0,3.0910428,3.0910427570343018,3.0910428,0.0,1,0.0
page_rank,N/A,0.4,0.3,0.30000000000000004,1,rrg,512,0.045454543,0.04545454,3.7252903e-09,1,0.045454543,0.0,0,3.0910428,3.0910427570343018,3.0910428,0.0,1,0.0
page_rank,N/A,0.4,0.3,0.4,1,rrg,0,0.045454543,0.04545454,3.7252903e-09,1,0.045454543,0.0,1,3.0910428,3.091042995452881,3.0910428,0.0,1,0.0
page_rank,N/A,0.4,0.3,0.5,1,rrg,0,0.045454543,0.04545454,3.7252903e-09,1,0.045454543,0.0,1,3.0910428,3.0910427570343018,3.0910428,0.0,1,0.0
page_rank,N/A,0.4,0.3,0.6000000000000001,1,rrg,0,0.045454543,0.04545454,3.7252903e-09,1,0.045454543,0.0,1,3.0910428,3.0910427570343018,3.0910428,0.0,1,0.0
page_rank,N/A,0.4,0.3,0.7000000000000001,1,rrg,1,0.045454543,0.04545454,3.7252903e-09,1,0.045454543,0.0,1,3.0910428,3.091042995452881,3.0910428,0.0,1,0.0
page_rank,N/A,0.4,0.3,0.8,1,rrg,0,0.045454543,0.04545454,3.7252903e-09,1,0.045454543,0.0,1,3.0910428,3.0910427570343018,3.0910428,0.0,1,0.0
page_rank,N/A,0.4,0.3,0.9,1,rrg,0,0.045454543,0.045454536,7.450581e-09,1,0.045454543,0.0,1,3.0910428,3.0910425186157227,3.0910428,0.0,1,0.0
page_rank,N/A,0.4,0.3,1.0,1,rrg,0,0.045454543,,,1,0.045454543,0.0,1,3.0910428,,3.0910428,0.0,1,
page_rank,N/A,0.05,0.3,0.1,2,rrg,10,0.045454543,0.045454543,0.0,1,0.045454543,0.0,0,3.0910428,3.0910427570343018,3.0910428,0.0,1,0.0
page_rank,N/A,0.05,0.3,0.2,2,rrg,512,0.045454543,0.04545454,3.7252903e-09,1,0.045454543,0.0,0,3.0910428,3.0910427570343018,3.0910428,0.0,1,0.0
page_rank,N/A,0.05,0.3,0.30000000000000004,2,rrg,512,0.045454543,0.04545454,3.7252903e-09,1,0.045454543,0.0,0,3.0910428,3.0910427570343018,3.0910428,0.0,1,0.0
page_rank,N/A,0.05,0.3,0.4,2,rrg,1,0.045454543,0.04545454,3.7252903e-09,1,0.045454543,0.0,0,3.0910428,3.091042995452881,3.0910428,0.0,1,0.0
page_rank,N/A,0.05,0.3,0.5,2,rrg,0,0.045454543,0.04545454,3.7252903e-09,1,0.045454543,0.0,0,3.0910428,3.0910427570343018,3.0910428,0.0,1,0.0
page_rank,N/A,0.05,0.3,0.6000000000000001,2,rrg,0,0.045454543,0.04545454,3.7252903e-09,1,0.045454543,0.0,0,3.0910428,3.0910427570343018,3.0910428,0.0,1,0.0
page_rank,N/A,0.05,0.3,0.7000000000000001,2,rrg,0,0.045454543,0.04545454,3.7252903e-09,1,0.045454543,0.0,0,3.0910428,3.091042995452881,3.0910428,0.0,1,0.0
page_rank,N/A,0.05,0.3,0.8,2,rrg,0,0.045454543,0.04545454,3.7252903e-09,1,0.045454543,0.0,0,3.0910428,3.0910427570343018,3.0910428,0.0,1,0.0
page_rank,N/A,0.05,0.3,0.9,2,rrg,1,0.045454543,0.045454536,7.450581e-09,1,0.045454543,0.0,0,3.0910428,3.0910425186157227,3.0910428,0.0,1,0.0
page_rank,N/A,0.05,0.3,1.0,2,rrg,0,0.045454543,,,1,0.045454543,0.0,0,3.0910428,,3.0910428,0.0,1,
page_rank,N/A,0.1,0.3,0.1,2,rrg,0,0.045454543,0.045454543,0.0,1,0.045454543,0.0,0,3.0910428,3.0910427570343018,3.0910428,0.0,1,0.0
page_rank,N/A,0.1,0.3,0.2,2,rrg,0,0.045454543,0.04545454,3.7252903e-09,1,0.045454543,0.0,0,3.0910428,3.0910427570343018,3.0910428,0.0,1,0.0
page_rank,N/A,0.1,0.3,0.30000000000000004,2,rrg,1,0.045454543,0.04545454,3.7252903e-09,1,0.045454543,0.0,0,3.0910428,3.0910427570343018,3.0910428,0.0,1,0.0
page_rank,N/A,0.1,0.3,0.4,2,rrg,1,0.045454543,0.04545454,3.7252903e-09,1,0.045454543,0.0,0,3.0910428,3.091042995452881,3.0910428,0.0,1,0.0
page_rank,N/A,0.1,0.3,0.5,2,rrg,0,0.045454543,0.04545454,3.7252903e-09,1,0.045454543,0.0,0,3.0910428,3.0910427570343018,3.0910428,0.0,1,0.0
page_rank,N/A,0.1,0.3,0.6000000000000001,2,rrg,1,0.045454543,0.04545454,3.7252903e-09,1,0.045454543,0.0,0,3.0910428,3.0910427570343018,3.0910428,0.0,1,0.0
page_rank,N/A,0.1,0.3,0.7000000000000001,2,rrg,2,0.045454543,0.04545454,3.7252903e-09,1,0.045454543,0.0,0,3.0910428,3.091042995452881,3.0910428,0.0,1,0.0
page_rank,N/A,0.1,0.3,0.8,2,rrg,0,0.045454543,0.04545454,3.7252903e-09,1,0.045454543,0.0,0,3.0910428,3.0910427570343018,3.0910428,0.0,1,0.0
page_rank,N/A,0.1,0.3,0.9,2,rrg,0,0.045454543,0.045454536,7.450581e-09,1,0.045454543,0.0,0,3.0910428,3.0910425186157227,3.0910428,0.0,1,0.0
page_rank,N/A,0.1,0.3,1.0,2,rrg,0,0.045454543,,,1,0.045454543,0.0,0,3.0910428,,3.0910428,0.0,1,
page_rank,N/A,0.2,0.3,0.1,2,rrg,6,0.045454543,0.045454543,0.0,1,0.045454543,0.0,1,3.0910428,3.0910427570343018,3.0910428,0.0,1,0.0
page_rank,N/A,0.2,0.3,0.2,2,rrg,515,0.045454543,0.04545454,3.7252903e-09,1,0.045454543,0.0,0,3.0910428,3.0910427570343018,3.0910428,0.0,1,0.0
page_rank,N/A,0.2,0.3,0.30000000000000004,2,rrg,0,0.045454543,0.04545454,3.7252903e-09,1,0.045454543,0.0,1,3.0910428,3.0910427570343018,3.0910428,0.0,1,0.0
page_rank,N/A,0.2,0.3,0.4,2,rrg,1,0.045454543,0.04545454,3.7252903e-09,1,0.045454543,0.0,0,3.0910428,3.091042995452881,3.0910428,0.0,1,0.0
page_rank,N/A,0.2,0.3,0.5,2,rrg,0,0.045454543,0.04545454,3.7252903e-09,1,0.045454543,0.0,1,3.0910428,3.0910427570343018,3.0910428,0.0,1,0.0
page_rank,N/A,0.2,0.3,0.6000000000000001,2,rrg,0,0.045454543,0.04545454,3.7252903e-09,1,0.045454543,0.0,1,3.0910428,3.0910427570343018,3.0910428,0.0,1,0.0
page_rank,N/A,0.2,0.3,0.7000000000000001,2,rrg,2,0.045454543,0.04545454,3.7252903e-09,1,0.045454543,0.0,0,3.0910428,3.091042995452881,3.0910428,0.0,1,0.0
page_rank,N/A,0.2,0.3,0.8,2,rrg,0,0.045454543,0.04545454,3.7252903e-09,1,0.045454543,0.0,1,3.0910428,3.0910427570343018,3.0910428,0.0,1,0.0
page_rank,N/A,0.2,0.3,0.9,2,rrg,0,0.045454543,0.045454536,7.450581e-09,1,0.045454543,0.0,1,3.0910428,3.0910425186157227,3.0910428,0.0,1,0.0
page_rank,N/A,0.2,0.3,1.0,2,rrg,0,0.045454543,,,1,0.045454543,0.0,1,3.0910428,,3.0910428,0.0,1,
page_rank,N/A,0.3,0.3,0.1,2,rrg,520,0.045454543,0.045454543,0.0,1,0.045454543,0.0,0,3.0910428,3.0910427570343018,3.0910428,0.0,1,0.0
page_rank,N/A,0.3,0.3,0.2,2,rrg,512,0.045454543,0.04545454,3.7252903e-09,1,0.045454543,0.0,0,3.0910428,3.0910427570343018,3.0910428,0.0,1,0.0
page_rank,N/A,0.3,0.3,0.30000000000000004,2,rrg,513,0.045454543,0.04545454,3.7252903e-09,1,0.045454543,0.0,0,3.0910428,3.0910427570343018,3.0910428,0.0,1,0.0
page_rank,N/A,0.3,0.3,0.4,2,rrg,16,0.045454543,0.04545454,3.7252903e-09,1,0.045454543,0.0,0,3.0910428,3.091042995452881,3.0910428,0.0,1,0.0
page_rank,N/A,0.3,0.3,0.5,2,rrg,1,0.045454543,0.04545454,3.7252903e-09,1,0.045454543,0.0,0,3.0910428,3.0910427570343018,3.0910428,0.0,1,0.0
page_rank,N/A,0.3,0.3,0.6000000000000001,2,rrg,1,0.045454543,0.04545454,3.7252903e-09,1,0.045454543,0.0,0,3.0910428,3.0910427570343018,3.0910428,0.0,1,0.0
page_rank,N/A,0.3,0.3,0.7000000000000001,2,rrg,2,0.045454543,0.04545454,3.7252903e-09,1,0.045454543,0.0,1,3.0910428,3.091042995452881,3.0910428,0.0,1,0.0
page_rank,N/A,0.3,0.3,0.8,2,rrg,0,0.045454543,0.04545454,3.7252903e-09,1,0.045454543,0.0,0,3.0910428,3.0910427570343018,3.0910428,0.0,1,0.0
page_rank,N/A,0.3,0.3,0.9,2,rrg,0,0.045454543,0.045454536,7.450581e-09,1,0.045454543,0.0,0,3.0910428,3.0910425186157227,3.0910428,0.0,1,0.0
page_rank,N/A,0.3,0.3,1.0,2,rrg,0,0.045454543,,,1,0.045454543,0.0,0,3.0910428,,3.0910428,0.0,1,
page_rank,N/A,0.4,0.3,0.1,2,rrg,520,0.045454543,0.045454543,0.0,1,0.045454543,0.0,0,3.0910428,3.0910427570343018,3.0910428,0.0,1,0.0
page_rank,N/A,0.4,0.3,0.2,2,rrg,0,0.045454543,0.04545454,3.7252903e-09,1,0.045454543,0.0,1,3.0910428,3.0910427570343018,3.0910428,0.0,1,0.0
page_rank,N/A,0.4,0.3,0.30000000000000004,2,rrg,0,0.045454543,0.04545454,3.7252903e-09,1,0.045454543,0.0,1,3.0910428,3.0910427570343018,3.0910428,0.0,1,0.0
page_rank,N/A,0.4,0.3,0.4,2,rrg,0,0.045454543,0.04545454,3.7252903e-09,1,0.045454543,0.0,1,3.0910428,3.091042995452881,3.0910428,0.0,1,0.0
page_rank,N/A,0.4,0.3,0.5,2,rrg,0,0.045454543,0.04545454,3.7252903e-09,1,0.045454543,0.0,1,3.0910428,3.0910427570343018,3.0910428,0.0,1,0.0
page_rank,N/A,0.4,0.3,0.6000000000000001,2,rrg,0,0.045454543,0.04545454,3.7252903e-09,1,0.045454543,0.0,1,3.0910428,3.0910427570343018,3.0910428,0.0,1,0.0
page_rank,N/A,0.4,0.3,0.7000000000000001,2,rrg,1,0.045454543,0.04545454,3.7252903e-09,1,0.045454543,0.0,1,3.0910428,3.091042995452881,3.0910428,0.0,1,0.0
page_rank,N/A,0.4,0.3,0.8,2,rrg,3,0.045454543,0.04545454,3.7252903e-09,1,0.045454543,0.0,1,3.0910428,3.0910427570343018,3.0910428,0.0,1,0.0
page_rank,N/A,0.4,0.3,0.9,2,rrg,1,0.045454543,0.045454536,7.450581e-09,1,0.045454543,0.0,1,3.0910428,3.0910425186157227,3.0910428,0.0,1,0.0
page_rank,N/A,0.4,0.3,1.0,2,rrg,0,0.045454543,,,1,0.045454543,0.0,1,3.0910428,,3.0910428,0.0,1,
page_rank,N/A,0.05,0.3,0.1,3,rrg,512,0.045454543,0.045454543,0.0,1,0.045454543,0.0,0,3.0910428,3.0910427570343018,3.0910428,0.0,1,0.0
page_rank,N/A,0.05,0.3,0.2,3,rrg,1,0.045454543,0.04545454,3.7252903e-09,1,0.045454543,0.0,0,3.0910428,3.0910427570343018,3.0910428,0.0,1,0.0
page_rank,N/A,0.05,0.3,0.30000000000000004,3,rrg,512,0.045454543,0.04545454,3.7252903e-09,1,0.045454543,0.0,0,3.0910428,3.0910427570343018,3.0910428,0.0,1,0.0
page_rank,N/A,0.05,0.3,0.4,3,rrg,2,0.045454543,0.04545454,3.7252903e-09,1,0.045454543,0.0,1,3.0910428,3.091042995452881,3.0910428,0.0,1,0.0
page_rank,N/A,0.05,0.3,0.5,3,rrg,1,0.045454543,0.04545454,3.7252903e-09,1,0.045454543,0.0,0,3.0910428,3.0910427570343018,3.0910428,0.0,1,0.0
page_rank,N/A,0.05,0.3,0.6000000000000001,3,rrg,0,0.045454543,0.04545454,3.7252903e-09,1,0.045454543,0.0,0,3.0910428,3.0910427570343018,3.0910428,0.0,1,0.0
page_rank,N/A,0.05,0.3,0.7000000000000001,3,rrg,0,0.045454543,0.04545454,3.7252903e-09,1,0.045454543,0.0,0,3.0910428,3.091042995452881,3.0910428,0.0,1,0.0
page_rank,N/A,0.05,0.3,0.8,3,rrg,1,0.045454543,0.04545454,3.7252903e-09,1,0.045454543,0.0,0,3.0910428,3.0910427570343018,3.0910428,0.0,1,0.0
page_rank,N/A,0.05,0.3,0.9,3,rrg,0,0.045454543,0.045454536,7.450581e-09,1,0.045454543,0.0,0,3.0910428,3.0910425186157227,3.0910428,0.0,1,0.0
page_rank,N/A,0.05,0.3,1.0,3,rrg,0,0.045454543,,,1,0.045454543,0.0,0,3.0910428,,3.0910428,0.0,1,
page_rank,N/A,0.1,0.3,0.1,3,rrg,514,0.045454543,0.045454543,0.0,1,0.045454543,0.0,0,3.0910428,3.0910427570343018,3.0910428,0.0,1,0.0
page_rank,N/A,0.1,0.3,0.2,3,rrg,2,0.045454543,0.04545454,3.7252903e-09,1,0.045454543,0.0,0,3.0910428,3.0910427570343018,3.0910428,0.0,1,0.0
page_rank,N/A,0.1,0.3,0.30000000000000004,3,rrg,2,0.045454543,0.04545454,3.7252903e-09,1,0.045454543,0.0,0,3.0910428,3.0910427570343018,3.0910428,0.0,1,0.0
page_rank,N/A,0.1,0.3,0.4,3,rrg,1,0.045454543,0.04545454,3.7252903e-09,1,0.045454543,0.0,0,3.0910428,3.091042995452881,3.0910428,0.0,1,0.0
page_rank,N/A,0.1,0.3,0.5,3,rrg,0,0.045454543,0.04545454,3.7252903e-09,1,0.045454543,0.0,0,3.0910428,3.0910427570343018,3.0910428,0.0,1,0.0
page_rank,N/A,0.1,0.3,0.6000000000000001,3,rrg,0,0.045454543,0.04545454,3.7252903e-09,1,0.045454543,0.0,0,3.0910428,3.0910427570343018,3.0910428,0.0,1,0.0
page_rank,N/A,0.1,0.3,0.7000000000000001,3,rrg,0,0.045454543,0.04545454,3.7252903e-09,1,0.045454543,0.0,0,3.0910428,3.091042995452881,3.0910428,0.0,1,0.0
page_rank,N/A,0.1,0.3,0.8,3,rrg,0,0.045454543,0.04545454,3.7252903e-09,1,0.045454543,0.0,0,3.0910428,3.0910427570343018,3.0910428,0.0,1,0.0
page_rank,N/A,0.1,0.3,0.9,3,rrg,0,0.045454543,0.045454536,7.450581e-09,1,0.045454543,0.0,0,3.0910428,3.0910425186157227,3.0910428,0.0,1,0.0
page_rank,N/A,0.1,0.3,1.0,3,rrg,0,0.045454543,,,1,0.045454543,0.0,0,3.0910428,,3.0910428,0.0,1,
page_rank,N/A,0.2,0.3,0.1,3,rrg,514,0.045454543,0.045454543,0.0,1,0.045454543,0.0,0,3.0910428,3.0910427570343018,3.0910428,0.0,1,0.0
page_rank,N/A,0.2,0.3,0.2,3,rrg,513,0.045454543,0.04545454,3.7252903e-09,1,0.045454543,0.0,0,3.0910428,3.0910427570343018,3.0910428,0.0,1,0.0
page_rank,N/A,0.2,0.3,0.30000000000000004,3,rrg,512,0.045454543,0.04545454,3.7252903e-09,1,0.045454543,0.0,1,3.0910428,3.0910427570343018,3.0910428,0.0,1,0.0
page_rank,N/A,0.2,0.3,0.4,3,rrg,0,0.045454543,0.04545454,3.7252903e-09,1,0.045454543,0.0,0,3.0910428,3.091042995452881,3.0910428,0.0,1,0.0
page_rank,N/A,0.2,0.3,0.5,3,rrg,0,0.045454543,0.04545454,3.7252903e-09,1,0.045454543,0.0,0,3.0910428,3.0910427570343018,3.0910428,0.0,1,0.0
page_rank,N/A,0.2,0.3,0.6000000000000001,3,rrg,1,0.045454543,0.04545454,3.7252903e-09,1,0.045454543,0.0,0,3.0910428,3.0910427570343018,3.0910428,0.0,1,0.0
page_rank,N/A,0.2,0.3,0.7000000000000001,3,rrg,0,0.045454543,0.04545454,3.7252903e-09,1,0.045454543,0.0,0,3.0910428,3.091042995452881,3.0910428,0.0,1,0.0
page_rank,N/A,0.2,0.3,0.8,3,rrg,0,0.045454543,0.04545454,3.7252903e-09,1,0.045454543,0.0,0,3.0910428,3.0910427570343018,3.0910428,0.0,1,0.0
page_rank,N/A,0.2,0.3,0.9,3,rrg,0,0.045454543,0.045454536,7.450581e-09,1,0.045454543,0.0,0,3.0910428,3.0910425186157227,3.0910428,0.0,1,0.0
page_rank,N/A,0.2,0.3,1.0,3,rrg,0,0.045454543,,,1,0.045454543,0.0,0,3.0910428,,3.0910428,0.0,1,
page_rank,N/A,0.3,0.3,0.1,3,rrg,4,0.045454543,0.045454543,0.0,1,0.045454543,0.0,0,3.0910428,3.0910427570343018,3.0910428,0.0,1,0.0
page_rank,N/A,0.3,0.3,0.2,3,rrg,512,0.045454543,0.04545454,3.7252903e-09,1,0.045454543,0.0,0,3.0910428,3.0910427570343018,3.0910428,0.0,1,0.0
page_rank,N/A,0.3,0.3,0.30000000000000004,3,rrg,1,0.045454543,0.04545454,3.7252903e-09,1,0.045454543,0.0,0,3.0910428,3.0910427570343018,3.0910428,0.0,1,0.0
page_rank,N/A,0.3,0.3,0.4,3,rrg,3,0.045454543,0.04545454,3.7252903e-09,1,0.045454543,0.0,0,3.0910428,3.091042995452881,3.0910428,0.0,1,0.0
page_rank,N/A,0.3,0.3,0.5,3,rrg,3,0.045454543,0.04545454,3.7252903e-09,1,0.045454543,0.0,0,3.0910428,3.0910427570343018,3.0910428,0.0,1,0.0
page_rank,N/A,0.3,0.3,0.6000000000000001,3,rrg,1,0.045454543,0.04545454,3.7252903e-09,1,0.045454543,0.0,0,3.0910428,3.0910427570343018,3.0910428,0.0,1,0.0
page_rank,N/A,0.3,0.3,0.7000000000000001,3,rrg,0,0.045454543,0.04545454,3.7252903e-09,1,0.045454543,0.0,1,3.0910428,3.091042995452881,3.0910428,0.0,1,0.0
page_rank,N/A,0.3,0.3,0.8,3,rrg,0,0.045454543,0.04545454,3.7252903e-09,1,0.045454543,0.0,1,3.0910428,3.0910427570343018,3.0910428,0.0,1,0.0
page_rank,N/A,0.3,0.3,0.9,3,rrg,0,0.045454543,0.045454536,7.450581e-09,1,0.045454543,0.0,1,3.0910428,3.0910425186157227,3.0910428,0.0,1,0.0
page_rank,N/A,0.3,0.3,1.0,3,rrg,0,0.045454543,,,1,0.045454543,0.0,1,3.0910428,,3.0910428,0.0,1,
page_rank,N/A,0.4,0.3,0.1,3,rrg,2,0.045454543,0.045454543,0.0,1,0.045454543,0.0,0,3.0910428,3.0910427570343018,3.0910428,0.0,1,0.0
page_rank,N/A,0.4,0.3,0.2,3,rrg,512,0.045454543,0.04545454,3.7252903e-09,1,0.045454543,0.0,1,3.0910428,3.0910427570343018,3.0910428,0.0,1,0.0
page_rank,N/A,0.4,0.3,0.30000000000000004,3,rrg,0,0.045454543,0.04545454,3.7252903e-09,1,0.045454543,0.0,1,3.0910428,3.0910427570343018,3.0910428,0.0,1,0.0
page_rank,N/A,0.4,0.3,0.4,3,rrg,5,0.045454543,0.04545454,3.7252903e-09,1,0.045454543,0.0,1,3.0910428,3.091042995452881,3.0910428,0.0,1,0.0
page_rank,N/A,0.4,0.3,0.5,3,rrg,0,0.045454543,0.04545454,3.7252903e-09,1,0.045454543,0.0,1,3.0910428,3.0910427570343018,3.0910428,0.0,1,0.0
page_rank,N/A,0.4,0.3,0.6000000000000001,3,rrg,3,0.045454543,0.04545454,3.7252903e-09,1,0.045454543,0.0,1,3.0910428,3.0910427570343018,3.0910428,0.0,1,0.0
page_rank,N/A,0.4,0.3,0.7000000000000001,3,rrg,0,0.045454543,0.04545454,3.7252903e-09,1,0.045454543,0.0,1,3.0910428,3.091042995452881,3.0910428,0.0,1,0.0
page_rank,N/A,0.4,0.3,0.8,3,rrg,0,0.045454543,0.04545454,3.7252903e-09,1,0.045454543,0.0,1,3.0910428,3.0910427570343018,3.0910428,0.0,1,0.0
page_rank,N/A,0.4,0.3,0.9,3,rrg,0,0.045454543,0.045454536,7.450581e-09,1,0.045454543,0.0,1,3.0910428,3.0910425186157227,3.0910428,0.0,1,0.0
page_rank,N/A,0.4,0.3,1.0,3,rrg,0,0.045454543,,,1,0.045454543,0.0,1,3.0910428,,3.0910428,0.0,1,
page_rank,N/A,0.05,0.3,0.1,4,rrg,0,0.045454543,0.045454543,0.0,1,0.045454543,0.0,0,3.0910428,3.0910427570343018,3.0910428,0.0,1,0.0
page_rank,N/A,0.05,0.3,0.2,4,rrg,513,0.045454543,0.04545454,3.7252903e-09,1,0.045454543,0.0,0,3.0910428,3.0910427570343018,3.0910428,0.0,1,0.0
page_rank,N/A,0.05,0.3,0.30000000000000004,4,rrg,512,0.045454543,0.04545454,3.7252903e-09,1,0.045454543,0.0,0,3.0910428,3.0910427570343018,3.0910428,0.0,1,0.0
page_rank,N/A,0.05,0.3,0.4,4,rrg,0,0.045454543,0.04545454,3.7252903e-09,1,0.045454543,0.0,0,3.0910428,3.091042995452881,3.0910428,0.0,1,0.0
page_rank,N/A,0.05,0.3,0.5,4,rrg,0,0.045454543,0.04545454,3.7252903e-09,1,0.045454543,0.0,0,3.0910428,3.0910427570343018,3.0910428,0.0,1,0.0
page_rank,N/A,0.05,0.3,0.6000000000000001,4,rrg,0,0.045454543,0.04545454,3.7252903e-09,1,0.045454543,0.0,0,3.0910428,3.0910427570343018,3.0910428,0.0,1,0.0
page_rank,N/A,0.05,0.3,0.7000000000000001,4,rrg,0,0.045454543,0.04545454,3.7252903e-09,1,0.045454543,0.0,0,3.0910428,3.091042995452881,3.0910428,0.0,1,0.0
page_rank,N/A,0.05,0.3,0.8,4,rrg,0,0.045454543,0.04545454,3.7252903e-09,1,0.045454543,0.0,0,3.0910428,3.0910427570343018,3.0910428,0.0,1,0.0
page_rank,N/A,0.05,0.3,0.9,4,rrg,0,0.045454543,0.045454536,7.450581e-09,1,0.045454543,0.0,0,3.0910428,3.0910425186157227,3.0910428,0.0,1,0.0
page_rank,N/A,0.05,0.3,1.0,4,rrg,0,0.045454543,,,1,0.045454543,0.0,0,3.0910428,,3.0910428,0.0,1,
page_rank,N/A,0.1,0.3,0.1,4,rrg,515,0.045454543,0.045454543,0.0,1,0.045454543,0.0,0,3.0910428,3.0910427570343018,3.0910428,0.0,1,0.0
page_rank,N/A,0.1,0.3,0.2,4,rrg,512,0.045454543,0.04545454,3.7252903e-09,1,0.045454543,0.0,0,3.0910428,3.0910427570343018,3.0910428,0.0,1,0.0
page_rank,N/A,0.1,0.3,0.30000000000000004,4,rrg,0,0.045454543,0.04545454,3.7252903e-09,1,0.045454543,0.0,0,3.0910428,3.0910427570343018,3.0910428,0.0,1,0.0
page_rank,N/A,0.1,0.3,0.4,4,rrg,1,0.045454543,0.04545454,3.7252903e-09,1,0.045454543,0.0,0,3.0910428,3.091042995452881,3.0910428,0.0,1,0.0
page_rank,N/A,0.1,0.3,0.5,4,rrg,2,0.045454543,0.04545454,3.7252903e-09,1,0.045454543,0.0,0,3.0910428,3.0910427570343018,3.0910428,0.0,1,0.0
page_rank,N/A,0.1,0.3,0.6000000000000001,4,rrg,0,0.045454543,0.04545454,3.7252903e-09,1,0.045454543,0.0,0,3.0910428,3.0910427570343018,3.0910428,0.0,1,0.0
page_rank,N/A,0.1,0.3,0.7000000000000001,4,rrg,0,0.045454543,0.04545454,3.7252903e-09,1,0.045454543,0.0,0,3.0910428,3.091042995452881,3.0910428,0.0,1,0.0
page_rank,N/A,0.1,0.3,0.8,4,rrg,0,0.045454543,0.04545454,3.7252903e-09,1,0.045454543,0.0,0,3.0910428,3.0910427570343018,3.0910428,0.0,1,0.0
page_rank,N/A,0.1,0.3,0.9,4,rrg,0,0.045454543,0.045454536,7.450581e-09,1,0.045454543,0.0,0,3.0910428,3.0910425186157227,3.0910428,0.0,1,0.0
page_rank,N/A,0.1,0.3,1.0,4,rrg,0,0.045454543,,,1,0.045454543,0.0,0,3.0910428,,3.0910428,0.0,1,
page_rank,N/A,0.2,0.3,0.1,4,rrg,0,0.045454543,0.045454543,0.0,1,0.045454543,0.0,0,3.0910428,3.0910427570343018,3.0910428,0.0,1,0.0
page_rank,N/A,0.2,0.3,0.2,4,rrg,515,0.045454543,0.04545454,3.7252903e-09,1,0.045454543,0.0,0,3.0910428,3.0910427570343018,3.0910428,0.0,1,0.0
page_rank,N/A,0.2,0.3,0.30000000000000004,4,rrg,513,0.045454543,0.04545454,3.7252903e-09,1,0.045454543,0.0,0,3.0910428,3.0910427570343018,3.0910428,0.0,1,0.0
page_rank,N/A,0.2,0.3,0.4,4,rrg,1,0.045454543,0.04545454,3.7252903e-09,1,0.045454543,0.0,0,3.0910428,3.091042995452881,3.0910428,0.0,1,0.0
page_rank,N/A,0.2,0.3,0.5,4,rrg,2,0.045454543,0.04545454,3.7252903e-09,1,0.045454543,0.0,0,3.0910428,3.0910427570343018,3.0910428,0.0,1,0.0
page_rank,N/A,0.2,0.3,0.6000000000000001,4,rrg,0,0.045454543,0.04545454,3.7252903e-09,1,0.045454543,0.0,0,3.0910428,3.0910427570343018,3.0910428,0.0,1,0.0
page_rank,N/A,0.2,0.3,0.7000000000000001,4,rrg,0,0.045454543,0.04545454,3.7252903e-09,1,0.045454543,0.0,0,3.0910428,3.091042995452881,3.0910428,0.0,1,0.0
page_rank,N/A,0.2,0.3,0.8,4,rrg,1,0.045454543,0.04545454,3.7252903e-09,1,0.045454543,0.0,0,3.0910428,3.0910427570343018,3.0910428,0.0,1,0.0
page_rank,N/A,0.2,0.3,0.9,4,rrg,0,0.045454543,0.045454536,7.450581e-09,1,0.045454543,0.0,0,3.0910428,3.0910425186157227,3.0910428,0.0,1,0.0
page_rank,N/A,0.2,0.3,1.0,4,rrg,0,0.045454543,,,1,0.045454543,0.0,0,3.0910428,,3.0910428,0.0,1,
page_rank,N/A,0.3,0.3,0.1,4,rrg,21,0.045454543,0.045454543,0.0,1,0.045454543,0.0,1,3.0910428,3.0910427570343018,3.0910428,0.0,1,0.0
page_rank,N/A,0.3,0.3,0.2,4,rrg,515,0.045454543,0.04545454,3.7252903e-09,1,0.045454543,0.0,1,3.0910428,3.0910427570343018,3.0910428,0.0,1,0.0
page_rank,N/A,0.3,0.3,0.30000000000000004,4,rrg,515,0.045454543,0.04545454,3.7252903e-09,1,0.045454543,0.0,1,3.0910428,3.0910427570343018,3.0910428,0.0,1,0.0
page_rank,N/A,0.3,0.3,0.4,4,rrg,5,0.045454543,0.04545454,3.7252903e-09,1,0.045454543,0.0,0,3.0910428,3.091042995452881,3.0910428,0.0,1,0.0
page_rank,N/A,0.3,0.3,0.5,4,rrg,0,0.045454543,0.04545454,3.7252903e-09,1,0.045454543,0.0,1,3.0910428,3.0910427570343018,3.0910428,0.0,1,0.0
page_rank,N/A,0.3,0.3,0.6000000000000001,4,rrg,1,0.045454543,0.04545454,3.7252903e-09,1,0.045454543,0.0,0,3.0910428,3.0910427570343018,3.0910428,0.0,1,0.0
page_rank,N/A,0.3,0.3,0.7000000000000001,4,rrg,1,0.045454543,0.04545454,3.7252903e-09,1,0.045454543,0.0,0,3.0910428,3.091042995452881,3.0910428,0.0,1,0.0
page_rank,N/A,0.3,0.3,0.8,4,rrg,0,0.045454543,0.04545454,3.7252903e-09,1,0.045454543,0.0,1,3.0910428,3.0910427570343018,3.0910428,0.0,1,0.0
page_rank,N/A,0.3,0.3,0.9,4,rrg,1,0.045454543,0.045454536,7.450581e-09,1,0.045454543,0.0,0,3.0910428,3.0910425186157227,3.0910428,0.0,1,0.0
page_rank,N/A,0.3,0.3,1.0,4,rrg,0,0.045454543,,,1,0.045454543,0.0,1,3.0910428,,3.0910428,0.0,1,
page_rank,N/A,0.4,0.3,0.1,4,rrg,518,0.045454543,0.045454543,0.0,1,0.045454543,0.0,1,3.0910428,3.0910427570343018,3.0910428,0.0,1,0.0
page_rank,N/A,0.4,0.3,0.2,4,rrg,0,0.045454543,0.04545454,3.7252903e-09,1,0.045454543,0.0,0,3.0910428,3.0910427570343018,3.0910428,0.0,1,0.0
page_rank,N/A,0.4,0.3,0.30000000000000004,4,rrg,2,0.045454543,0.04545454,3.7252903e-09,1,0.045454543,0.0,1,3.0910428,3.0910427570343018,3.0910428,0.0,1,0.0
page_rank,N/A,0.4,0.3,0.4,4,rrg,2,0.045454543,0.04545454,3.7252903e-09,1,0.045454543,0.0,1,3.0910428,3.091042995452881,3.0910428,0.0,1,0.0
page_rank,N/A,0.4,0.3,0.5,4,rrg,2,0.045454543,0.04545454,3.7252903e-09,1,0.045454543,0.0,1,3.0910428,3.0910427570343018,3.0910428,0.0,1,0.0
page_rank,N/A,0.4,0.3,0.6000000000000001,4,rrg,4,0.045454543,0.04545454,3.7252903e-09,1,0.045454543,0.0,0,3.0910428,3.0910427570343018,3.0910428,0.0,1,0.0
page_rank,N/A,0.4,0.3,0.7000000000000001,4,rrg,0,0.045454543,0.04545454,3.7252903e-09,1,0.045454543,0.0,0,3.0910428,3.091042995452881,3.0910428,0.0,1,0.0
page_rank,N/A,0.4,0.3,0.8,4,rrg,0,0.045454543,0.04545454,3.7252903e-09,1,0.045454543,0.0,0,3.0910428,3.0910427570343018,3.0910428,0.0,1,0.0
page_rank,N/A,0.4,0.3,0.9,4,rrg,0,0.045454543,0.045454536,7.450581e-09,1,0.045454543,0.0,0,3.0910428,3.0910425186157227,3.0910428,0.0,1,0.0
page_rank,N/A,0.4,0.3,1.0,4,rrg,0,0.045454543,,,1,0.045454543,0.0,0,3.0910428,,3.0910428,0.0,1,
page_rank,N/A,0.05,0.3,0.1,5,rrg,0,0.045454543,0.045454543,0.0,1,0.045454543,0.0,0,3.0910428,3.0910427570343018,3.0910428,0.0,1,0.0
page_rank,N/A,0.05,0.3,0.2,5,rrg,2,0.045454543,0.04545454,3.7252903e-09,1,0.045454543,0.0,0,3.0910428,3.0910427570343018,3.0910428,0.0,1,0.0
page_rank,N/A,0.05,0.3,0.30000000000000004,5,rrg,515,0.045454543,0.04545454,3.7252903e-09,1,0.045454543,0.0,0,3.0910428,3.0910427570343018,3.0910428,0.0,1,0.0
page_rank,N/A,0.05,0.3,0.4,5,rrg,2,0.045454543,0.04545454,3.7252903e-09,1,0.045454543,0.0,0,3.0910428,3.091042995452881,3.0910428,0.0,1,0.0
page_rank,N/A,0.05,0.3,0.5,5,rrg,0,0.045454543,0.04545454,3.7252903e-09,1,0.045454543,0.0,0,3.0910428,3.0910427570343018,3.0910428,0.0,1,0.0
page_rank,N/A,0.05,0.3,0.6000000000000001,5,rrg,0,0.045454543,0.04545454,3.7252903e-09,1,0.045454543,0.0,0,3.0910428,3.0910427570343018,3.0910428,0.0,1,0.0
page_rank,N/A,0.05,0.3,0.7000000000000001,5,rrg,0,0.045454543,0.04545454,3.7252903e-09,1,0.045454543,0.0,0,3.0910428,3.091042995452881,3.0910428,0.0,1,0.0
page_rank,N/A,0.05,0.3,0.8,5,rrg,0,0.045454543,0.04545454,3.7252903e-09,1,0.045454543,0.0,0,3.0910428,3.0910427570343018,3.0910428,0.0,1,0.0
page_rank,N/A,0.05,0.3,0.9,5,rrg,0,0.045454543,0.045454536,7.450581e-09,1,0.045454543,0.0,0,3.0910428,3.0910425186157227,3.0910428,0.0,1,0.0
page_rank,N/A,0.05,0.3,1.0,5,rrg,0,0.045454543,,,1,0.045454543,0.0,0,3.0910428,,3.0910428,0.0,1,
page_rank,N/A,0.1,0.3,0.1,5,rrg,518,0.045454543,0.045454543,0.0,1,0.045454543,0.0,0,3.0910428,3.0910427570343018,3.0910428,0.0,1,0.0
page_rank,N/A,0.1,0.3,0.2,5,rrg,0,0.045454543,0.04545454,3.7252903e-09,1,0.045454543,0.0,0,3.0910428,3.0910427570343018,3.0910428,0.0,1,0.0
page_rank,N/A,0.1,0.3,0.30000000000000004,5,rrg,512,0.045454543,0.04545454,3.7252903e-09,1,0.045454543,0.0,0,3.0910428,3.0910427570343018,3.0910428,0.0,1,0.0
page_rank,N/A,0.1,0.3,0.4,5,rrg,2,0.045454543,0.04545454,3.7252903e-09,1,0.045454543,0.0,0,3.0910428,3.091042995452881,3.0910428,0.0,1,0.0
page_rank,N/A,0.1,0.3,0.5,5,rrg,0,0.045454543,0.04545454,3.7252903e-09,1,0.045454543,0.0,0,3.0910428,3.0910427570343018,3.0910428,0.0,1,0.0
page_rank,N/A,0.1,0.3,0.6000000000000001,5,rrg,0,0.045454543,0.04545454,3.7252903e-09,1,0.045454543,0.0,0,3.0910428,3.0910427570343018,3.0910428,0.0,1,0.0
page_rank,N/A,0.1,0.3,0.7000000000000001,5,rrg,0,0.045454543,0.04545454,3.7252903e-09,1,0.045454543,0.0,0,3.0910428,3.091042995452881,3.0910428,0.0,1,0.0
page_rank,N/A,0.1,0.3,0.8,5,rrg,2,0.045454543,0.04545454,3.7252903e-09,1,0.045454543,0.0,0,3.0910428,3.0910427570343018,3.0910428,0.0,1,0.0
page_rank,N/A,0.1,0.3,0.9,5,rrg,0,0.045454543,0.045454536,7.450581e-09,1,0.045454543,0.0,0,3.0910428,3.0910425186157227,3.0910428,0.0,1,0.0
page_rank,N/A,0.1,0.3,1.0,5,rrg,0,0.045454543,,,1,0.045454543,0.0,0,3.0910428,,3.0910428,0.0,1,
page_rank,N/A,0.2,0.3,0.1,5,rrg,513,0.045454543,0.045454543,0.0,1,0.045454543,0.0,0,3.0910428,3.0910427570343018,3.0910428,0.0,1,0.0
page_rank,N/A,0.2,0.3,0.2,5,rrg,513,0.045454543,0.04545454,3.7252903e-09,1,0.045454543,0.0,0,3.0910428,3.0910427570343018,3.0910428,0.0,1,0.0
page_rank,N/A,0.2,0.3,0.30000000000000004,5,rrg,0,0.045454543,0.04545454,3.7252903e-09,1,0.045454543,0.0,1,3.0910428,3.0910427570343018,3.0910428,0.0,1,0.0
page_rank,N/A,0.2,0.3,0.4,5,rrg,0,0.045454543,0.04545454,3.7252903e-09,1,0.045454543,0.0,1,3.0910428,3.091042995452881,3.0910428,0.0,1,0.0
page_rank,N/A,0.2,0.3,0.5,5,rrg,0,0.045454543,0.04545454,3.7252903e-09,1,0.045454543,0.0,1,3.0910428,3.0910427570343018,3.0910428,0.0,1,0.0
page_rank,N/A,0.2,0.3,0.6000000000000001,5,rrg,6,0.045454543,0.04545454,3.7252903e-09,1,0.045454543,0.0,0,3.0910428,3.0910427570343018,3.0910428,0.0,1,0.0
page_rank,N/A,0.2,0.3,0.7000000000000001,5,rrg,0,0.045454543,0.04545454,3.7252903e-09,1,0.045454543,0.0,1,3.0910428,3.091042995452881,3.0910428,0.0,1,0.0
page_rank,N/A,0.2,0.3,0.8,5,rrg,1,0.045454543,0.04545454,3.7252903e-09,1,0.045454543,0.0,0,3.0910428,3.0910427570343018,3.0910428,0.0,1,0.0
page_rank,N/A,0.2,0.3,0.9,5,rrg,0,0.045454543,0.045454536,7.450581e-09,1,0.045454543,0.0,1,3.0910428,3.0910425186157227,3.0910428,0.0,1,0.0
page_rank,N/A,0.2,0.3,1.0,5,rrg,0,0.045454543,,,1,0.045454543,0.0,1,3.0910428,,3.0910428,0.0,1,
page_rank,N/A,0.3,0.3,0.1,5,rrg,10,0.045454543,0.045454543,0.0,1,0.045454543,0.0,0,3.0910428,3.0910427570343018,3.0910428,0.0,1,0.0
page_rank,N/A,0.3,0.3,0.2,5,rrg,3,0.045454543,0.04545454,3.7252903e-09,1,0.045454543,0.0,0,3.0910428,3.0910427570343018,3.0910428,0.0,1,0.0
page_rank,N/A,0.3,0.3,0.30000000000000004,5,rrg,513,0.045454543,0.04545454,3.7252903e-09,1,0.045454543,0.0,0,3.0910428,3.0910427570343018,3.0910428,0.0,1,0.0
page_rank,N/A,0.3,0.3,0.4,5,rrg,0,0.045454543,0.04545454,3.7252903e-09,1,0.045454543,0.0,0,3.0910428,3.091042995452881,3.0910428,0.0,1,0.0
page_rank,N/A,0.3,0.3,0.5,5,rrg,0,0.045454543,0.04545454,3.7252903e-09,1,0.045454543,0.0,0,3.0910428,3.0910427570343018,3.0910428,0.0,1,0.0
page_rank,N/A,0.3,0.3,0.6000000000000001,5,rrg,1,0.045454543,0.04545454,3.7252903e-09,1,0.045454543,0.0,0,3.0910428,3.0910427570343018,3.0910428,0.0,1,0.0
page_rank,N/A,0.3,0.3,0.7000000000000001,5,rrg,0,0.045454543,0.04545454,3.7252903e-09,1,0.045454543,0.0,0,3.0910428,3.091042995452881,3.0910428,0.0,1,0.0
page_rank,N/A,0.3,0.3,0.8,5,rrg,1,0.045454543,0.04545454,3.7252903e-09,1,0.045454543,0.0,0,3.0910428,3.0910427570343018,3.0910428,0.0,1,0.0
page_rank,N/A,0.3,0.3,0.9,5,rrg,0,0.045454543,0.045454536,7.450581e-09,1,0.045454543,0.0,0,3.0910428,3.0910425186157227,3.0910428,0.0,1,0.0
page_rank,N/A,0.3,0.3,1.0,5,rrg,0,0.045454543,,,1,0.045454543,0.0,0,3.0910428,,3.0910428,0.0,1,
page_rank,N/A,0.4,0.3,0.1,5,rrg,513,0.045454543,0.045454543,0.0,1,0.045454543,0.0,1,3.0910428,3.0910427570343018,3.0910428,0.0,1,0.0
page_rank,N/A,0.4,0.3,0.2,5,rrg,513,0.045454543,0.04545454,3.7252903e-09,1,0.045454543,0.0,1,3.0910428,3.0910427570343018,3.0910428,0.0,1,0.0
page_rank,N/A,0.4,0.3,0.30000000000000004,5,rrg,4,0.045454543,0.04545454,3.7252903e-09,1,0.045454543,0.0,1,3.0910428,3.0910427570343018,3.0910428,0.0,1,0.0
page_rank,N/A,0.4,0.3,0.4,5,rrg,0,0.045454543,0.04545454,3.7252903e-09,1,0.045454543,0.0,0,3.0910428,3.091042995452881,3.0910428,0.0,1,0.0
page_rank,N/A,0.4,0.3,0.5,5,rrg,0,0.045454543,0.04545454,3.7252903e-09,1,0.045454543,0.0,0,3.0910428,3.0910427570343018,3.0910428,0.0,1,0.0
page_rank,N/A,0.4,0.3,0.6000000000000001,5,rrg,1,0.045454543,0.04545454,3.7252903e-09,1,0.045454543,0.0,1,3.0910428,3.0910427570343018,3.0910428,0.0,1,0.0
page_rank,N/A,0.4,0.3,0.7000000000000001,5,rrg,2,0.045454543,0.04545454,3.7252903e-09,1,0.045454543,0.0,1,3.0910428,3.091042995452881,3.0910428,0.0,1,0.0
page_rank,N/A,0.4,0.3,0.8,5,rrg,0,0.045454543,0.04545454,3.7252903e-09,1,0.045454543,0.0,0,3.0910428,3.0910427570343018,3.0910428,0.0,1,0.0
page_rank,N/A,0.4,0.3,0.9,5,rrg,0,0.045454543,0.045454536,7.450581e-09,1,0.045454543,0.0,0,3.0910428,3.0910425186157227,3.0910428,0.0,1,0.0
page_rank,N/A,0.4,0.3,1.0,5,rrg,0,0.045454543,,,1,0.045454543,0.0,0,3.0910428,,3.0910428,0.0,1,
page_rank,N/A,0.05,0.3,0.1,6,rrg,517,0.045454543,0.045454543,0.0,1,0.045454543,0.0,1,3.0910428,3.0910427570343018,3.0910428,0.0,1,0.0
page_rank,N/A,0.05,0.3,0.2,6,rrg,1,0.045454543,0.04545454,3.7252903e-09,1,0.045454543,0.0,0,3.0910428,3.0910427570343018,3.0910428,0.0,1,0.0
page_rank,N/A,0.05,0.3,0.30000000000000004,6,rrg,3,0.045454543,0.04545454,3.7252903e-09,1,0.045454543,0.0,0,3.0910428,3.0910427570343018,3.0910428,0.0,1,0.0
page_rank,N/A,0.05,0.3,0.4,6,rrg,0,0.045454543,0.04545454,3.7252903e-09,1,0.045454543,0.0,0,3.0910428,3.091042995452881,3.0910428,0.0,1,0.0
page_rank,N/A,0.05,0.3,0.5,6,rrg,0,0.045454543,0.04545454,3.7252903e-09,1,0.045454543,0.0,0,3.0910428,3.0910427570343018,3.0910428,0.0,1,0.0
page_rank,N/A,0.05,0.3,0.6000000000000001,6,rrg,1,0.045454543,0.04545454,3.7252903e-09,1,0.045454543,0.0,0,3.0910428,3.0910427570343018,3.0910428,0.0,1,0.0
page_rank,N/A,0.05,0.3,0.7000000000000001,6,rrg,1,0.045454543,0.04545454,3.7252903e-09,1,0.045454543,0.0,0,3.0910428,3.091042995452881,3.0910428,0.0,1,0.0
page_rank,N/A,0.05,0.3,0.8,6,rrg,0,0.045454543,0.04545454,3.7252903e-09,1,0.045454543,0.0,0,3.0910428,3.0910427570343018,3.0910428,0.0,1,0.0
page_rank,N/A,0.05,0.3,0.9,6,rrg,0,0.045454543,0.045454536,7.450581e-09,1,0.045454543,0.0,0,3.0910428,3.0910425186157227,3.0910428,0.0,1,0.0
page_rank,N/A,0.05,0.3,1.0,6,rrg,0,0.045454543,,,1,0.045454543,0.0,0,3.0910428,,3.0910428,0.0,1,
page_rank,N/A,0.1,0.3,0.1,6,rrg,2,0.045454543,0.045454543,0.0,1,0.045454543,0.0,0,3.0910428,3.0910427570343018,3.0910428,0.0,1,0.0
page_rank,N/A,0.1,0.3,0.2,6,rrg,2,0.045454543,0.04545454,3.7252903e-09,1,0.045454543,0.0,0,3.0910428,3.0910427570343018,3.0910428,0.0,1,0.0
page_rank,N/A,0.1,0.3,0.30000000000000004,6,rrg,0,0.045454543,0.04545454,3.7252903e-09,1,0.045454543,0.0,0,3.0910428,3.0910427570343018,3.0910428,0.0,1,0.0
page_rank,N/A,0.1,0.3,0.4,6,rrg,0,0.045454543,0.04545454,3.7252903e-09,1,0.045454543,0.0,0,3.0910428,3.091042995452881,3.0910428,0.0,1,0.0
page_rank,N/A,0.1,0.3,0.5,6,rrg,0,0.045454543,0.04545454,3.7252903e-09,1,0.045454543,0.0,0,3.0910428,3.0910427570343018,3.0910428,0.0,1,0.0
page_rank,N/A,0.1,0.3,0.6000000000000001,6,rrg,0,0.045454543,0.04545454,3.7252903e-09,1,0.045454543,0.0,0,3.0910428,3.0910427570343018,3.0910428,0.0,1,0.0
page_rank,N/A,0.1,0.3,0.7000000000000001,6,rrg,0,0.045454543,0.04545454,3.7252903e-09,1,0.045454543,0.0,0,3.0910428,3.091042995452881,3.0910428,0.0,1,0.0
page_rank,N/A,0.1,0.3,0.8,6,rrg,0,0.045454543,0.04545454,3.7252903e-09,1,0.045454543,0.0,0,3.0910428,3.0910427570343018,3.0910428,0.0,1,0.0
page_rank,N/A,0.1,0.3,0.9,6,rrg,0,0.045454543,0.045454536,7.450581e-09,1,0.045454543,0.0,0,3.0910428,3.0910425186157227,3.0910428,0.0,1,0.0
page_rank,N/A,0.1,0.3,1.0,6,rrg,0,0.045454543,,,1,0.045454543,0.0,0,3.0910428,,3.0910428,0.0,1,
page_rank,N/A,0.2,0.3,0.1,6,rrg,6,0.045454543,0.045454543,0.0,1,0.045454543,0.0,0,3.0910428,3.0910427570343018,3.0910428,0.0,1,0.0
page_rank,N/A,0.2,0.3,0.2,6,rrg,1,0.045454543,0.04545454,3.7252903e-09,1,0.045454543,0.0,0,3.0910428,3.0910427570343018,3.0910428,0.0,1,0.0
page_rank,N/A,0.2,0.3,0.30000000000000004,6,rrg,1,0.045454543,0.04545454,3.7252903e-09,1,0.045454543,0.0,0,3.0910428,3.0910427570343018,3.0910428,0.0,1,0.0
page_rank,N/A,0.2,0.3,0.4,6,rrg,4,0.045454543,0.04545454,3.7252903e-09,1,0.045454543,0.0,0,3.0910428,3.091042995452881,3.0910428,0.0,1,0.0
page_rank,N/A,0.2,0.3,0.5,6,rrg,1,0.045454543,0.04545454,3.7252903e-09,1,0.045454543,0.0,0,3.0910428,3.0910427570343018,3.0910428,0.0,1,0.0
page_rank,N/A,0.2,0.3,0.6000000000000001,6,rrg,1,0.045454543,0.04545454,3.7252903e-09,1,0.045454543,0.0,0,3.0910428,3.0910427570343018,3.0910428,0.0,1,0.0
page_rank,N/A,0.2,0.3,0.7000000000000001,6,rrg,1,0.045454543,0.04545454,3.7252903e-09,1,0.045454543,0.0,0,3.0910428,3.091042995452881,3.0910428,0.0,1,0.0
page_rank,N/A,0.2,0.3,0.8,6,rrg,1,0.045454543,0.04545454,3.7252903e-09,1,0.045454543,0.0,0,3.0910428,3.0910427570343018,3.0910428,0.0,1,0.0
page_rank,N/A,0.2,0.3,0.9,6,rrg,0,0.045454543,0.045454536,7.450581e-09,1,0.045454543,0.0,0,3.0910428,3.0910425186157227,3.0910428,0.0,1,0.0
page_rank,N/A,0.2,0.3,1.0,6,rrg,0,0.045454543,,,1,0.045454543,0.0,0,3.0910428,,3.0910428,0.0,1,
page_rank,N/A,0.3,0.3,0.1,6,rrg,520,0.045454543,0.045454543,0.0,1,0.045454543,0.0,0,3.0910428,3.0910427570343018,3.0910428,0.0,1,0.0
page_rank,N/A,0.3,0.3,0.2,6,rrg,2,0.045454543,0.04545454,3.7252903e-09,1,0.045454543,0.0,0,3.0910428,3.0910427570343018,3.0910428,0.0,1,0.0
page_rank,N/A,0.3,0.3,0.30000000000000004,6,rrg,521,0.045454543,0.04545454,3.7252903e-09,1,0.045454543,0.0,1,3.0910428,3.0910427570343018,3.0910428,0.0,1,0.0
page_rank,N/A,0.3,0.3,0.4,6,rrg,1,0.045454543,0.04545454,3.7252903e-09,1,0.045454543,0.0,1,3.0910428,3.091042995452881,3.0910428,0.0,1,0.0
page_rank,N/A,0.3,0.3,0.5,6,rrg,0,0.045454543,0.04545454,3.7252903e-09,1,0.045454543,0.0,1,3.0910428,3.0910427570343018,3.0910428,0.0,1,0.0
page_rank,N/A,0.3,0.3,0.6000000000000001,6,rrg,0,0.045454543,0.04545454,3.7252903e-09,1,0.045454543,0.0,1,3.0910428,3.0910427570343018,3.0910428,0.0,1,0.0
page_rank,N/A,0.3,0.3,0.7000000000000001,6,rrg,1,0.045454543,0.04545454,3.7252903e-09,1,0.045454543,0.0,1,3.0910428,3.091042995452881,3.0910428,0.0,1,0.0
page_rank,N/A,0.3,0.3,0.8,6,rrg,0,0.045454543,0.04545454,3.7252903e-09,1,0.045454543,0.0,1,3.0910428,3.0910427570343018,3.0910428,0.0,1,0.0
page_rank,N/A,0.3,0.3,0.9,6,rrg,0,0.045454543,0.045454536,7.450581e-09,1,0.045454543,0.0,1,3.0910428,3.0910425186157227,3.0910428,0.0,1,0.0
page_rank,N/A,0.3,0.3,1.0,6,rrg,0,0.045454543,,,1,0.045454543,0.0,1,3.0910428,,3.0910428,0.0,1,
page_rank,N/A,0.4,0.3,0.1,6,rrg,514,0.045454543,0.045454543,0.0,1,0.045454543,0.0,0,3.0910428,3.0910427570343018,3.0910428,0.0,1,0.0
page_rank,N/A,0.4,0.3,0.2,6,rrg,514,0.045454543,0.04545454,3.7252903e-09,1,0.045454543,0.0,0,3.0910428,3.0910427570343018,3.0910428,0.0,1,0.0
page_rank,N/A,0.4,0.3,0.30000000000000004,6,rrg,1,0.045454543,0.04545454,3.7252903e-09,1,0.045454543,0.0,0,3.0910428,3.0910427570343018,3.0910428,0.0,1,0.0
page_rank,N/A,0.4,0.3,0.4,6,rrg,9,0.045454543,0.04545454,3.7252903e-09,1,0.045454543,0.0,1,3.0910428,3.091042995452881,3.0910428,0.0,1,0.0
page_rank,N/A,0.4,0.3,0.5,6,rrg,0,0.045454543,0.04545454,3.7252903e-09,1,0.045454543,0.0,0,3.0910428,3.0910427570343018,3.0910428,0.0,1,0.0
page_rank,N/A,0.4,0.3,0.6000000000000001,6,rrg,3,0.045454543,0.04545454,3.7252903e-09,1,0.045454543,0.0,0,3.0910428,3.0910427570343018,3.0910428,0.0,1,0.0
page_rank,N/A,0.4,0.3,0.7000000000000001,6,rrg,0,0.045454543,0.04545454,3.7252903e-09,1,0.045454543,0.0,0,3.0910428,3.091042995452881,3.0910428,0.0,1,0.0
page_rank,N/A,0.4,0.3,0.8,6,rrg,0,0.045454543,0.04545454,3.7252903e-09,1,0.045454543,0.0,0,3.0910428,3.0910427570343018,3.0910428,0.0,1,0.0
page_rank,N/A,0.4,0.3,0.9,6,rrg,0,0.045454543,0.045454536,7.450581e-09,1,0.045454543,0.0,0,3.0910428,3.0910425186157227,3.0910428,0.0,1,0.0
page_rank,N/A,0.4,0.3,1.0,6,rrg,0,0.045454543,,,1,0.045454543,0.0,0,3.0910428,,3.0910428,0.0,1,
page_rank,N/A,0.05,0.3,0.1,7,rrg,1,0.045454543,0.045454543,0.0,1,0.045454543,0.0,0,3.0910428,3.0910427570343018,3.0910428,0.0,1,0.0
page_rank,N/A,0.05,0.3,0.2,7,rrg,518,0.045454543,0.04545454,3.7252903e-09,1,0.045454543,0.0,0,3.0910428,3.0910427570343018,3.0910428,0.0,1,0.0
page_rank,N/A,0.05,0.3,0.30000000000000004,7,rrg,512,0.045454543,0.04545454,3.7252903e-09,1,0.045454543,0.0,0,3.0910428,3.0910427570343018,3.0910428,0.0,1,0.0
page_rank,N/A,0.05,0.3,0.4,7,rrg,2,0.045454543,0.04545454,3.7252903e-09,1,0.045454543,0.0,0,3.0910428,3.091042995452881,3.0910428,0.0,1,0.0
page_rank,N/A,0.05,0.3,0.5,7,rrg,0,0.045454543,0.04545454,3.7252903e-09,1,0.045454543,0.0,1,3.0910428,3.0910427570343018,3.0910428,0.0,1,0.0
page_rank,N/A,0.05,0.3,0.6000000000000001,7,rrg,0,0.045454543,0.04545454,3.7252903e-09,1,0.045454543,0.0,1,3.0910428,3.0910427570343018,3.0910428,0.0,1,0.0
page_rank,N/A,0.05,0.3,0.7000000000000001,7,rrg,4,0.045454543,0.04545454,3.7252903e-09,1,0.045454543,0.0,0,3.0910428,3.091042995452881,3.0910428,0.0,1,0.0
page_rank,N/A,0.05,0.3,0.8,7,rrg,0,0.045454543,0.04545454,3.7252903e-09,1,0.045454543,0.0,1,3.0910428,3.0910427570343018,3.0910428,0.0,1,0.0
page_rank,N/A,0.05,0.3,0.9,7,rrg,0,0.045454543,0.045454536,7.450581e-09,1,0.045454543,0.0,1,3.0910428,3.0910425186157227,3.0910428,0.0,1,0.0
page_rank,N/A,0.05,0.3,1.0,7,rrg,0,0.045454543,,,1,0.045454543,0.0,1,3.0910428,,3.0910428,0.0,1,
page_rank,N/A,0.1,0.3,0.1,7,rrg,513,0.045454543,0.045454543,0.0,1,0.045454543,0.0,1,3.0910428,3.0910427570343018,3.0910428,0.0,1,0.0
page_rank,N/A,0.1,0.3,0.2,7,rrg,514,0.045454543,0.04545454,3.7252903e-09,1,0.045454543,0.0,0,3.0910428,3.0910427570343018,3.0910428,0.0,1,0.0
page_rank,N/A,0.1,0.3,0.30000000000000004,7,rrg,2,0.045454543,0.04545454,3.7252903e-09,1,0.045454543,0.0,0,3.0910428,3.0910427570343018,3.0910428,0.0,1,0.0
page_rank,N/A,0.1,0.3,0.4,7,rrg,1,0.045454543,0.04545454,3.7252903e-09,1,0.045454543,0.0,0,3.0910428,3.091042995452881,3.0910428,0.0,1,0.0
page_rank,N/A,0.1,0.3,0.5,7,rrg,0,0.045454543,0.04545454,3.7252903e-09,1,0.045454543,0.0,0,3.0910428,3.0910427570343018,3.0910428,0.0,1,0.0
page_rank,N/A,0.1,0.3,0.6000000000000001,7,rrg,2,0.045454543,0.04545454,3.7252903e-09,1,0.045454543,0.0,0,3.0910428,3.0910427570343018,3.0910428,0.0,1,0.0
page_rank,N/A,0.1,0.3,0.7000000000000001,7,rrg,0,0.045454543,0.04545454,3.7252903e-09,1,0.045454543,0.0,0,3.0910428,3.091042995452881,3.0910428,0.0,1,0.0
page_rank,N/A,0.1,0.3,0.8,7,rrg,0,0.045454543,0.04545454,3.7252903e-09,1,0.045454543,0.0,0,3.0910428,3.0910427570343018,3.0910428,0.0,1,0.0
page_rank,N/A,0.1,0.3,0.9,7,rrg,1,0.045454543,0.045454536,7.450581e-09,1,0.045454543,0.0,0,3.0910428,3.0910425186157227,3.0910428,0.0,1,0.0
page_rank,N/A,0.1,0.3,1.0,7,rrg,0,0.045454543,,,1,0.045454543,0.0,0,3.0910428,,3.0910428,0.0,1,
page_rank,N/A,0.2,0.3,0.1,7,rrg,513,0.045454543,0.045454543,0.0,1,0.045454543,0.0,0,3.0910428,3.0910427570343018,3.0910428,0.0,1,0.0
page_rank,N/A,0.2,0.3,0.2,7,rrg,0,0.045454543,0.04545454,3.7252903e-09,1,0.045454543,0.0,0,3.0910428,3.0910427570343018,3.0910428,0.0,1,0.0
page_rank,N/A,0.2,0.3,0.30000000000000004,7,rrg,0,0.045454543,0.04545454,3.7252903e-09,1,0.045454543,0.0,0,3.0910428,3.0910427570343018,3.0910428,0.0,1,0.0
page_rank,N/A,0.2,0.3,0.4,7,rrg,2,0.045454543,0.04545454,3.7252903e-09,1,0.045454543,0.0,1,3.0910428,3.091042995452881,3.0910428,0.0,1,0.0
page_rank,N/A,0.2,0.3,0.5,7,rrg,0,0.045454543,0.04545454,3.7252903e-09,1,0.045454543,0.0,0,3.0910428,3.0910427570343018,3.0910428,0.0,1,0.0
page_rank,N/A,0.2,0.3,0.6000000000000001,7,rrg,0,0.045454543,0.04545454,3.7252903e-09,1,0.045454543,0.0,0,3.0910428,3.0910427570343018,3.0910428,0.0,1,0.0
page_rank,N/A,0.2,0.3,0.7000000000000001,7,rrg,1,0.045454543,0.04545454,3.7252903e-09,1,0.045454543,0.0,1,3.0910428,3.091042995452881,3.0910428,0.0,1,0.0
page_rank,N/A,0.2,0.3,0.8,7,rrg,0,0.045454543,0.04545454,3.7252903e-09,1,0.045454543,0.0,0,3.0910428,3.0910427570343018,3.0910428,0.0,1,0.0
page_rank,N/A,0.2,0.3,0.9,7,rrg,0,0.045454543,0.045454536,7.450581e-09,1,0.045454543,0.0,0,3.0910428,3.0910425186157227,3.0910428,0.0,1,0.0
page_rank,N/A,0.2,0.3,1.0,7,rrg,0,0.045454543,,,1,0.045454543,0.0,0,3.0910428,,3.0910428,0.0,1,
page_rank,N/A,0.3,0.3,0.1,7,rrg,5,0.045454543,0.045454543,0.0,1,0.045454543,0.0,1,3.0910428,3.0910427570343018,3.0910428,0.0,1,0.0
page_rank,N/A,0.3,0.3,0.2,7,rrg,1,0.045454543,0.04545454,3.7252903e-09,1,0.045454543,0.0,0,3.0910428,3.0910427570343018,3.0910428,0.0,1,0.0
page_rank,N/A,0.3,0.3,0.30000000000000004,7,rrg,514,0.045454543,0.04545454,3.7252903e-09,1,0.045454543,0.0,0,3.0910428,3.0910427570343018,3.0910428,0.0,1,0.0
page_rank,N/A,0.3,0.3,0.4,7,rrg,0,0.045454543,0.04545454,3.7252903e-09,1,0.045454543,0.0,0,3.0910428,3.091042995452881,3.0910428,0.0,1,0.0
page_rank,N/A,0.3,0.3,0.5,7,rrg,3,0.045454543,0.04545454,3.7252903e-09,1,0.045454543,0.0,0,3.0910428,3.0910427570343018,3.0910428,0.0,1,0.0
page_rank,N/A,0.3,0.3,0.6000000000000001,7,rrg,0,0.045454543,0.04545454,3.7252903e-09,1,0.045454543,0.0,0,3.0910428,3.0910427570343018,3.0910428,0.0,1,0.0
page_rank,N/A,0.3,0.3,0.7000000000000001,7,rrg,0,0.045454543,0.04545454,3.7252903e-09,1,0.045454543,0.0,0,3.0910428,3.091042995452881,3.0910428,0.0,1,0.0
page_rank,N/A,0.3,0.3,0.8,7,rrg,0,0.045454543,0.04545454,3.7252903e-09,1,0.045454543,0.0,0,3.0910428,3.0910427570343018,3.0910428,0.0,1,0.0
page_rank,N/A,0.3,0.3,0.9,7,rrg,0,0.045454543,0.045454536,7.450581e-09,1,0.045454543,0.0,0,3.0910428,3.0910425186157227,3.0910428,0.0,1,0.0
page_rank,N/A,0.3,0.3,1.0,7,rrg,0,0.045454543,,,1,0.045454543,0.0,0,3.0910428,,3.0910428,0.0,1,
page_rank,N/A,0.4,0.3,0.1,7,rrg,526,0.045454543,0.045454543,0.0,1,0.045454543,0.0,0,3.0910428,3.0910427570343018,3.0910428,0.0,1,0.0
page_rank,N/A,0.4,0.3,0.2,7,rrg,513,0.045454543,0.04545454,3.7252903e-09,1,0.045454543,0.0,0,3.0910428,3.0910427570343018,3.0910428,0.0,1,0.0
page_rank,N/A,0.4,0.3,0.30000000000000004,7,rrg,513,0.045454543,0.04545454,3.7252903e-09,1,0.045454543,0.0,0,3.0910428,3.0910427570343018,3.0910428,0.0,1,0.0
page_rank,N/A,0.4,0.3,0.4,7,rrg,1,0.045454543,0.04545454,3.7252903e-09,1,0.045454543,0.0,0,3.0910428,3.091042995452881,3.0910428,0.0,1,0.0
page_rank,N/A,0.4,0.3,0.5,7,rrg,1,0.045454543,0.04545454,3.7252903e-09,1,0.045454543,0.0,0,3.0910428,3.0910427570343018,3.0910428,0.0,1,0.0
page_rank,N/A,0.4,0.3,0.6000000000000001,7,rrg,0,0.045454543,0.04545454,3.7252903e-09,1,0.045454543,0.0,0,3.0910428,3.0910427570343018,3.0910428,0.0,1,0.0
page_rank,N/A,0.4,0.3,0.7000000000000001,7,rrg,1,0.045454543,0.04545454,3.7252903e-09,1,0.045454543,0.0,0,3.0910428,3.091042995452881,3.0910428,0.0,1,0.0
page_rank,N/A,0.4,0.3,0.8,7,rrg,0,0.045454543,0.04545454,3.7252903e-09,1,0.045454543,0.0,0,3.0910428,3.0910427570343018,3.0910428,0.0,1,0.0
page_rank,N/A,0.4,0.3,0.9,7,rrg,0,0.045454543,0.045454536,7.450581e-09,1,0.045454543,0.0,0,3.0910428,3.0910425186157227,3.0910428,0.0,1,0.0
page_rank,N/A,0.4,0.3,1.0,7,rrg,0,0.045454543,,,1,0.045454543,0.0,0,3.0910428,,3.0910428,0.0,1,
page_rank,N/A,0.05,0.3,0.1,8,rrg,7,0.045454543,0.045454543,0.0,1,0.045454543,0.0,0,3.0910428,3.0910427570343018,3.0910428,0.0,1,0.0
page_rank,N/A,0.05,0.3,0.2,8,rrg,513,0.045454543,0.04545454,3.7252903e-09,1,0.045454543,0.0,0,3.0910428,3.0910427570343018,3.0910428,0.0,1,0.0
page_rank,N/A,0.05,0.3,0.30000000000000004,8,rrg,512,0.045454543,0.04545454,3.7252903e-09,1,0.045454543,0.0,0,3.0910428,3.0910427570343018,3.0910428,0.0,1,0.0
page_rank,N/A,0.05,0.3,0.4,8,rrg,1,0.045454543,0.04545454,3.7252903e-09,1,0.045454543,0.0,0,3.0910428,3.091042995452881,3.0910428,0.0,1,0.0
page_rank,N/A,0.05,0.3,0.5,8,rrg,0,0.045454543,0.04545454,3.7252903e-09,1,0.045454543,0.0,1,3.0910428,3.0910427570343018,3.0910428,0.0,1,0.0
page_rank,N/A,0.05,0.3,0.6000000000000001,8,rrg,0,0.045454543,0.04545454,3.7252903e-09,1,0.045454543,0.0,1,3.0910428,3.0910427570343018,3.0910428,0.0,1,0.0
page_rank,N/A,0.05,0.3,0.7000000000000001,8,rrg,1,0.045454543,0.04545454,3.7252903e-09,1,0.045454543,0.0,0,3.0910428,3.091042995452881,3.0910428,0.0,1,0.0
page_rank,N/A,0.05,0.3,0.8,8,rrg,0,0.045454543,0.04545454,3.7252903e-09,1,0.045454543,0.0,1,3.0910428,3.0910427570343018,3.0910428,0.0,1,0.0
page_rank,N/A,0.05,0.3,0.9,8,rrg,0,0.045454543,0.045454536,7.450581e-09,1,0.045454543,0.0,1,3.0910428,3.0910425186157227,3.0910428,0.0,1,0.0
page_rank,N/A,0.05,0.3,1.0,8,rrg,0,0.045454543,,,1,0.045454543,0.0,1,3.0910428,,3.0910428,0.0,1,
page_rank,N/A,0.1,0.3,0.1,8,rrg,7,0.045454543,0.045454543,0.0,1,0.045454543,0.0,1,3.0910428,3.0910427570343018,3.0910428,0.0,1,0.0
page_rank,N/A,0.1,0.3,0.2,8,rrg,2,0.045454543,0.04545454,3.7252903e-09,1,0.045454543,0.0,0,3.0910428,3.0910427570343018,3.0910428,0.0,1,0.0
page_rank,N/A,0.1,0.3,0.30000000000000004,8,rrg,0,0.045454543,0.04545454,3.7252903e-09,1,0.045454543,0.0,0,3.0910428,3.0910427570343018,3.0910428,0.0,1,0.0
page_rank,N/A,0.1,0.3,0.4,8,rrg,0,0.045454543,0.04545454,3.7252903e-09,1,0.045454543,0.0,0,3.0910428,3.091042995452881,3.0910428,0.0,1,0.0
page_rank,N/A,0.1,0.3,0.5,8,rrg,0,0.045454543,0.04545454,3.7252903e-09,1,0.045454543,0.0,0,3.0910428,3.0910427570343018,3.0910428,0.0,1,0.0
page_rank,N/A,0.1,0.3,0.6000000000000001,8,rrg,0,0.045454543,0.04545454,3.7252903e-09,1,0.045454543,0.0,0,3.0910428,3.0910427570343018,3.0910428,0.0,1,0.0
page_rank,N/A,0.1,0.3,0.7000000000000001,8,rrg,2,0.045454543,0.04545454,3.7252903e-09,1,0.045454543,0.0,0,3.0910428,3.091042995452881,3.0910428,0.0,1,0.0
page_rank,N/A,0.1,0.3,0.8,8,rrg,0,0.045454543,0.04545454,3.7252903e-09,1,0.045454543,0.0,0,3.0910428,3.0910427570343018,3.0910428,0.0,1,0.0
page_rank,N/A,0.1,0.3,0.9,8,rrg,1,0.045454543,0.045454536,7.450581e-09,1,0.045454543,0.0,0,3.0910428,3.0910425186157227,3.0910428,0.0,1,0.0
page_rank,N/A,0.1,0.3,1.0,8,rrg,0,0.045454543,,,1,0.045454543,0.0,0,3.0910428,,3.0910428,0.0,1,
page_rank,N/A,0.2,0.3,0.1,8,rrg,518,0.045454543,0.045454543,0.0,1,0.045454543,0.0,0,3.0910428,3.0910427570343018,3.0910428,0.0,1,0.0
page_rank,N/A,0.2,0.3,0.2,8,rrg,513,0.045454543,0.04545454,3.7252903e-09,1,0.045454543,0.0,0,3.0910428,3.0910427570343018,3.0910428,0.0,1,0.0
page_rank,N/A,0.2,0.3,0.30000000000000004,8,rrg,513,0.045454543,0.04545454,3.7252903e-09,1,0.045454543,0.0,0,3.0910428,3.0910427570343018,3.0910428,0.0,1,0.0
page_rank,N/A,0.2,0.3,0.4,8,rrg,3,0.045454543,0.04545454,3.7252903e-09,1,0.045454543,0.0,0,3.0910428,3.091042995452881,3.0910428,0.0,1,0.0
page_rank,N/A,0.2,0.3,0.5,8,rrg,0,0.045454543,0.04545454,3.7252903e-09,1,0.045454543,0.0,0,3.0910428,3.0910427570343018,3.0910428,0.0,1,0.0
page_rank,N/A,0.2,0.3,0.6000000000000001,8,rrg,1,0.045454543,0.04545454,3.7252903e-09,1,0.045454543,0.0,0,3.0910428,3.0910427570343018,3.0910428,0.0,1,0.0
page_rank,N/A,0.2,0.3,0.7000000000000001,8,rrg,0,0.045454543,0.04545454,3.7252903e-09,1,0.045454543,0.0,0,3.0910428,3.091042995452881,3.0910428,0.0,1,0.0
page_rank,N/A,0.2,0.3,0.8,8,rrg,0,0.045454543,0.04545454,3.7252903e-09,1,0.045454543,0.0,0,3.0910428,3.0910427570343018,3.0910428,0.0,1,0.0
page_rank,N/A,0.2,0.3,0.9,8,rrg,0,0.045454543,0.045454536,7.450581e-09,1,0.045454543,0.0,0,3.0910428,3.0910425186157227,3.0910428,0.0,1,0.0
page_rank,N/A,0.2,0.3,1.0,8,rrg,0,0.045454543,,,1,0.045454543,0.0,0,3.0910428,,3.0910428,0.0,1,
page_rank,N/A,0.3,0.3,0.1,8,rrg,523,0.045454543,0.045454543,0.0,1,0.045454543,0.0,0,3.0910428,3.0910427570343018,3.0910428,0.0,1,0.0
page_rank,N/A,0.3,0.3,0.2,8,rrg,513,0.045454543,0.04545454,3.7252903e-09,1,0.045454543,0.0,1,3.0910428,3.0910427570343018,3.0910428,0.0,1,0.0
page_rank,N/A,0.3,0.3,0.30000000000000004,8,rrg,512,0.045454543,0.04545454,3.7252903e-09,1,0.045454543,0.0,0,3.0910428,3.0910427570343018,3.0910428,0.0,1,0.0
page_rank,N/A,0.3,0.3,0.4,8,rrg,1,0.045454543,0.04545454,3.7252903e-09,1,0.045454543,0.0,1,3.0910428,3.091042995452881,3.0910428,0.0,1,0.0
page_rank,N/A,0.3,0.3,0.5,8,rrg,1,0.045454543,0.04545454,3.7252903e-09,1,0.045454543,0.0,1,3.0910428,3.0910427570343018,3.0910428,0.0,1,0.0
page_rank,N/A,0.3,0.3,0.6000000000000001,8,rrg,0,0.045454543,0.04545454,3.7252903e-09,1,0.045454543,0.0,0,3.0910428,3.0910427570343018,3.0910428,0.0,1,0.0
page_rank,N/A,0.3,0.3,0.7000000000000001,8,rrg,0,0.045454543,0.04545454,3.7252903e-09,1,0.045454543,0.0,0,3.0910428,3.091042995452881,3.0910428,0.0,1,0.0
page_rank,N/A,0.3,0.3,0.8,8,rrg,1,0.045454543,0.04545454,3.7252903e-09,1,0.045454543,0.0,1,3.0910428,3.0910427570343018,3.0910428,0.0,1,0.0
page_rank,N/A,0.3,0.3,0.9,8,rrg,0,0.045454543,0.045454536,7.450581e-09,1,0.045454543,0.0,0,3.0910428,3.0910425186157227,3.0910428,0.0,1,0.0
page_rank,N/A,0.3,0.3,1.0,8,rrg,0,0.045454543,,,1,0.045454543,0.0,0,3.0910428,,3.0910428,0.0,1,
page_rank,N/A,0.4,0.3,0.1,8,rrg,515,0.045454543,0.045454543,0.0,1,0.045454543,0.0,0,3.0910428,3.0910427570343018,3.0910428,0.0,1,0.0
page_rank,N/A,0.4,0.3,0.2,8,rrg,513,0.045454543,0.04545454,3.7252903e-09,1,0.045454543,0.0,1,3.0910428,3.0910427570343018,3.0910428,0.0,1,0.0
page_rank,N/A,0.4,0.3,0.30000000000000004,8,rrg,513,0.045454543,0.04545454,3.7252903e-09,1,0.045454543,0.0,1,3.0910428,3.0910427570343018,3.0910428,0.0,1,0.0
page_rank,N/A,0.4,0.3,0.4,8,rrg,2,0.045454543,0.04545454,3.7252903e-09,1,0.045454543,0.0,0,3.0910428,3.091042995452881,3.0910428,0.0,1,0.0
page_rank,N/A,0.4,0.3,0.5,8,rrg,0,0.045454543,0.04545454,3.7252903e-09,1,0.045454543,0.0,0,3.0910428,3.0910427570343018,3.0910428,0.0,1,0.0
page_rank,N/A,0.4,0.3,0.6000000000000001,8,rrg,0,0.045454543,0.04545454,3.7252903e-09,1,0.045454543,0.0,0,3.0910428,3.0910427570343018,3.0910428,0.0,1,0.0
page_rank,N/A,0.4,0.3,0.7000000000000001,8,rrg,1,0.045454543,0.04545454,3.7252903e-09,1,0.045454543,0.0,1,3.0910428,3.091042995452881,3.0910428,0.0,1,0.0
page_rank,N/A,0.4,0.3,0.8,8,rrg,1,0.045454543,0.04545454,3.7252903e-09,1,0.045454543,0.0,1,3.0910428,3.0910427570343018,3.0910428,0.0,1,0.0
page_rank,N/A,0.4,0.3,0.9,8,rrg,0,0.045454543,0.045454536,7.450581e-09,1,0.045454543,0.0,0,3.0910428,3.0910425186157227,3.0910428,0.0,1,0.0
page_rank,N/A,0.4,0.3,1.0,8,rrg,0,0.045454543,,,1,0.045454543,0.0,0,3.0910428,,3.0910428,0.0,1,
page_rank,N/A,0.05,0.3,0.1,9,rrg,2,0.045454543,0.045454543,0.0,1,0.045454543,0.0,0,3.0910428,3.0910427570343018,3.0910428,0.0,1,0.0
page_rank,N/A,0.05,0.3,0.2,9,rrg,4,0.045454543,0.04545454,3.7252903e-09,1,0.045454543,0.0,0,3.0910428,3.0910427570343018,3.0910428,0.0,1,0.0
page_rank,N/A,0.05,0.3,0.30000000000000004,9,rrg,514,0.045454543,0.04545454,3.7252903e-09,1,0.045454543,0.0,0,3.0910428,3.0910427570343018,3.0910428,0.0,1,0.0
page_rank,N/A,0.05,0.3,0.4,9,rrg,0,0.045454543,0.04545454,3.7252903e-09,1,0.045454543,0.0,0,3.0910428,3.091042995452881,3.0910428,0.0,1,0.0
page_rank,N/A,0.05,0.3,0.5,9,rrg,0,0.045454543,0.04545454,3.7252903e-09,1,0.045454543,0.0,0,3.0910428,3.0910427570343018,3.0910428,0.0,1,0.0
page_rank,N/A,0.05,0.3,0.6000000000000001,9,rrg,0,0.045454543,0.04545454,3.7252903e-09,1,0.045454543,0.0,0,3.0910428,3.0910427570343018,3.0910428,0.0,1,0.0
page_rank,N/A,0.05,0.3,0.7000000000000001,9,rrg,0,0.045454543,0.04545454,3.7252903e-09,1,0.045454543,0.0,0,3.0910428,3.091042995452881,3.0910428,0.0,1,0.0
page_rank,N/A,0.05,0.3,0.8,9,rrg,0,0.045454543,0.04545454,3.7252903e-09,1,0.045454543,0.0,0,3.0910428,3.0910427570343018,3.0910428,0.0,1,0.0
page_rank,N/A,0.05,0.3,0.9,9,rrg,0,0.045454543,0.045454536,7.450581e-09,1,0.045454543,0.0,0,3.0910428,3.0910425186157227,3.0910428,0.0,1,0.0
page_rank,N/A,0.05,0.3,1.0,9,rrg,0,0.045454543,,,1,0.045454543,0.0,0,3.0910428,,3.0910428,0.0,1,
page_rank,N/A,0.1,0.3,0.1,9,rrg,514,0.045454543,0.045454543,0.0,1,0.045454543,0.0,0,3.0910428,3.0910427570343018,3.0910428,0.0,1,0.0
page_rank,N/A,0.1,0.3,0.2,9,rrg,513,0.045454543,0.04545454,3.7252903e-09,1,0.045454543,0.0,0,3.0910428,3.0910427570343018,3.0910428,0.0,1,0.0
page_rank,N/A,0.1,0.3,0.30000000000000004,9,rrg,1,0.045454543,0.04545454,3.7252903e-09,1,0.045454543,0.0,0,3.0910428,3.0910427570343018,3.0910428,0.0,1,0.0
page_rank,N/A,0.1,0.3,0.4,9,rrg,0,0.045454543,0.04545454,3.7252903e-09,1,0.045454543,0.0,0,3.0910428,3.091042995452881,3.0910428,0.0,1,0.0
page_rank,N/A,0.1,0.3,0.5,9,rrg,0,0.045454543,0.04545454,3.7252903e-09,1,0.045454543,0.0,0,3.0910428,3.0910427570343018,3.0910428,0.0,1,0.0
page_rank,N/A,0.1,0.3,0.6000000000000001,9,rrg,0,0.045454543,0.04545454,3.7252903e-09,1,0.045454543,0.0,0,3.0910428,3.0910427570343018,3.0910428,0.0,1,0.0
page_rank,N/A,0.1,0.3,0.7000000000000001,9,rrg,1,0.045454543,0.04545454,3.7252903e-09,1,0.045454543,0.0,0,3.0910428,3.091042995452881,3.0910428,0.0,1,0.0
page_rank,N/A,0.1,0.3,0.8,9,rrg,1,0.045454543,0.04545454,3.7252903e-09,1,0.045454543,0.0,0,3.0910428,3.0910427570343018,3.0910428,0.0,1,0.0
page_rank,N/A,0.1,0.3,0.9,9,rrg,0,0.045454543,0.045454536,7.450581e-09,1,0.045454543,0.0,0,3.0910428,3.0910425186157227,3.0910428,0.0,1,0.0
page_rank,N/A,0.1,0.3,1.0,9,rrg,0,0.045454543,,,1,0.045454543,0.0,0,3.0910428,,3.0910428,0.0,1,
page_rank,N/A,0.2,0.3,0.1,9,rrg,1,0.045454543,0.045454543,0.0,1,0.045454543,0.0,0,3.0910428,3.0910427570343018,3.0910428,0.0,1,0.0
page_rank,N/A,0.2,0.3,0.2,9,rrg,0,0.045454543,0.04545454,3.7252903e-09,1,0.045454543,0.0,0,3.0910428,3.0910427570343018,3.0910428,0.0,1,0.0
page_rank,N/A,0.2,0.3,0.30000000000000004,9,rrg,1,0.045454543,0.04545454,3.7252903e-09,1,0.045454543,0.0,0,3.0910428,3.0910427570343018,3.0910428,0.0,1,0.0
page_rank,N/A,0.2,0.3,0.4,9,rrg,0,0.045454543,0.04545454,3.7252903e-09,1,0.045454543,0.0,0,3.0910428,3.091042995452881,3.0910428,0.0,1,0.0
page_rank,N/A,0.2,0.3,0.5,9,rrg,0,0.045454543,0.04545454,3.7252903e-09,1,0.045454543,0.0,0,3.0910428,3.0910427570343018,3.0910428,0.0,1,0.0
page_rank,N/A,0.2,0.3,0.6000000000000001,9,rrg,0,0.045454543,0.04545454,3.7252903e-09,1,0.045454543,0.0,0,3.0910428,3.0910427570343018,3.0910428,0.0,1,0.0
page_rank,N/A,0.2,0.3,0.7000000000000001,9,rrg,0,0.045454543,0.04545454,3.7252903e-09,1,0.045454543,0.0,0,3.0910428,3.091042995452881,3.0910428,0.0,1,0.0
page_rank,N/A,0.2,0.3,0.8,9,rrg,0,0.045454543,0.04545454,3.7252903e-09,1,0.045454543,0.0,0,3.0910428,3.0910427570343018,3.0910428,0.0,1,0.0
page_rank,N/A,0.2,0.3,0.9,9,rrg,0,0.045454543,0.045454536,7.450581e-09,1,0.045454543,0.0,0,3.0910428,3.0910425186157227,3.0910428,0.0,1,0.0
page_rank,N/A,0.2,0.3,1.0,9,rrg,0,0.045454543,,,1,0.045454543,0.0,0,3.0910428,,3.0910428,0.0,1,
page_rank,N/A,0.3,0.3,0.1,9,rrg,6,0.045454543,0.045454543,0.0,1,0.045454543,0.0,1,3.0910428,3.0910427570343018,3.0910428,0.0,1,0.0
page_rank,N/A,0.3,0.3,0.2,9,rrg,0,0.045454543,0.04545454,3.7252903e-09,1,0.045454543,0.0,1,3.0910428,3.0910427570343018,3.0910428,0.0,1,0.0
page_rank,N/A,0.3,0.3,0.30000000000000004,9,rrg,514,0.045454543,0.04545454,3.7252903e-09,1,0.045454543,0.0,0,3.0910428,3.0910427570343018,3.0910428,0.0,1,0.0
page_rank,N/A,0.3,0.3,0.4,9,rrg,2,0.045454543,0.04545454,3.7252903e-09,1,0.045454543,0.0,0,3.0910428,3.091042995452881,3.0910428,0.0,1,0.0
page_rank,N/A,0.3,0.3,0.5,9,rrg,4,0.045454543,0.04545454,3.7252903e-09,1,0.045454543,0.0,0,3.0910428,3.0910427570343018,3.0910428,0.0,1,0.0
page_rank,N/A,0.3,0.3,0.6000000000000001,9,rrg,0,0.045454543,0.04545454,3.7252903e-09,1,0.045454543,0.0,1,3.0910428,3.0910427570343018,3.0910428,0.0,1,0.0
page_rank,N/A,0.3,0.3,0.7000000000000001,9,rrg,0,0.045454543,0.04545454,3.7252903e-09,1,0.045454543,0.0,1,3.0910428,3.091042995452881,3.0910428,0.0,1,0.0
page_rank,N/A,0.3,0.3,0.8,9,rrg,0,0.045454543,0.04545454,3.7252903e-09,1,0.045454543,0.0,1,3.0910428,3.0910427570343018,3.0910428,0.0,1,0.0
page_rank,N/A,0.3,0.3,0.9,9,rrg,0,0.045454543,0.045454536,7.450581e-09,1,0.045454543,0.0,1,3.0910428,3.0910425186157227,3.0910428,0.0,1,0.0
page_rank,N/A,0.3,0.3,1.0,9,rrg,0,0.045454543,,,1,0.045454543,0.0,1,3.0910428,,3.0910428,0.0,1,
page_rank,N/A,0.4,0.3,0.1,9,rrg,1,0.045454543,0.045454543,0.0,1,0.045454543,0.0,0,3.0910428,3.0910427570343018,3.0910428,0.0,1,0.0
page_rank,N/A,0.4,0.3,0.2,9,rrg,0,0.045454543,0.04545454,3.7252903e-09,1,0.045454543,0.0,1,3.0910428,3.0910427570343018,3.0910428,0.0,1,0.0
page_rank,N/A,0.4,0.3,0.30000000000000004,9,rrg,513,0.045454543,0.04545454,3.7252903e-09,1,0.045454543,0.0,0,3.0910428,3.0910427570343018,3.0910428,0.0,1,0.0
page_rank,N/A,0.4,0.3,0.4,9,rrg,1,0.045454543,0.04545454,3.7252903e-09,1,0.045454543,0.0,0,3.0910428,3.091042995452881,3.0910428,0.0,1,0.0
page_rank,N/A,0.4,0.3,0.5,9,rrg,0,0.045454543,0.04545454,3.7252903e-09,1,0.045454543,0.0,1,3.0910428,3.0910427570343018,3.0910428,0.0,1,0.0
page_rank,N/A,0.4,0.3,0.6000000000000001,9,rrg,1,0.045454543,0.04545454,3.7252903e-09,1,0.045454543,0.0,0,3.0910428,3.0910427570343018,3.0910428,0.0,1,0.0
page_rank,N/A,0.4,0.3,0.7000000000000001,9,rrg,0,0.045454543,0.04545454,3.7252903e-09,1,0.045454543,0.0,1,3.0910428,3.091042995452881,3.0910428,0.0,1,0.0
page_rank,N/A,0.4,0.3,0.8,9,rrg,0,0.045454543,0.04545454,3.7252903e-09,1,0.045454543,0.0,1,3.0910428,3.0910427570343018,3.0910428,0.0,1,0.0
page_rank,N/A,0.4,0.3,0.9,9,rrg,0,0.045454543,0.045454536,7.450581e-09,1,0.045454543,0.0,1,3.0910428,3.0910425186157227,3.0910428,0.0,1,0.0
page_rank,N/A,0.4,0.3,1.0,9,rrg,0,0.045454543,,,1,0.045454543,0.0,1,3.0910428,,3.0910428,0.0,1,
closeness,N/A,0.05,0.3,0.1,0,rrg,520,0.045454543,0.045454543,0.0,1,0.045454543,0.0,0,3.0910428,3.0910427570343018,3.0910428,0.0,1,0.0
closeness,N/A,0.05,0.3,0.2,0,rrg,519,0.045454543,0.04545454,3.7252903e-09,1,0.045454543,0.0,0,3.0910428,3.0910427570343018,3.0910428,0.0,1,0.0
closeness,N/A,0.05,0.3,0.30000000000000004,0,rrg,515,0.045454543,0.04545454,3.7252903e-09,1,0.045454543,0.0,0,3.0910428,3.0910427570343018,3.0910428,0.0,1,0.0
closeness,N/A,0.05,0.3,0.4,0,rrg,4,0.045454543,0.04545454,3.7252903e-09,1,0.045454543,0.0,0,3.0910428,3.091042995452881,3.0910428,0.0,1,0.0
closeness,N/A,0.05,0.3,0.5,0,rrg,4,0.045454543,0.04545454,3.7252903e-09,1,0.045454543,0.0,0,3.0910428,3.0910427570343018,3.0910428,0.0,1,0.0
closeness,N/A,0.05,0.3,0.6000000000000001,0,rrg,0,0.045454543,0.04545454,3.7252903e-09,1,0.045454543,0.0,0,3.0910428,3.0910427570343018,3.0910428,0.0,1,0.0
closeness,N/A,0.05,0.3,0.7000000000000001,0,rrg,0,0.045454543,0.04545454,3.7252903e-09,1,0.045454543,0.0,0,3.0910428,3.091042995452881,3.0910428,0.0,1,0.0
closeness,N/A,0.05,0.3,0.8,0,rrg,0,0.045454543,0.04545454,3.7252903e-09,1,0.045454543,0.0,0,3.0910428,3.0910427570343018,3.0910428,0.0,1,0.0
closeness,N/A,0.05,0.3,0.9,0,rrg,0,0.045454543,0.045454536,7.450581e-09,1,0.045454543,0.0,0,3.0910428,3.0910425186157227,3.0910428,0.0,1,0.0
closeness,N/A,0.05,0.3,1.0,0,rrg,0,0.045454543,,,1,0.045454543,0.0,0,3.0910428,,3.0910428,0.0,1,
closeness,N/A,0.1,0.3,0.1,0,rrg,513,0.045454543,0.045454543,0.0,1,0.045454543,0.0,1,3.0910428,3.0910427570343018,3.0910428,0.0,1,0.0
closeness,N/A,0.1,0.3,0.2,0,rrg,513,0.045454543,0.04545454,3.7252903e-09,1,0.045454543,0.0,1,3.0910428,3.0910427570343018,3.0910428,0.0,1,0.0
closeness,N/A,0.1,0.3,0.30000000000000004,0,rrg,513,0.045454543,0.04545454,3.7252903e-09,1,0.045454543,0.0,1,3.0910428,3.0910427570343018,3.0910428,0.0,1,0.0
closeness,N/A,0.1,0.3,0.4,0,rrg,2,0.045454543,0.04545454,3.7252903e-09,1,0.045454543,0.0,0,3.0910428,3.091042995452881,3.0910428,0.0,1,0.0
closeness,N/A,0.1,0.3,0.5,0,rrg,2,0.045454543,0.04545454,3.7252903e-09,1,0.045454543,0.0,0,3.0910428,3.0910427570343018,3.0910428,0.0,1,0.0
closeness,N/A,0.1,0.3,0.6000000000000001,0,rrg,2,0.045454543,0.04545454,3.7252903e-09,1,0.045454543,0.0,0,3.0910428,3.0910427570343018,3.0910428,0.0,1,0.0
closeness,N/A,0.1,0.3,0.7000000000000001,0,rrg,2,0.045454543,0.04545454,3.7252903e-09,1,0.045454543,0.0,0,3.0910428,3.091042995452881,3.0910428,0.0,1,0.0
closeness,N/A,0.1,0.3,0.8,0,rrg,0,0.045454543,0.04545454,3.7252903e-09,1,0.045454543,0.0,0,3.0910428,3.0910427570343018,3.0910428,0.0,1,0.0
closeness,N/A,0.1,0.3,0.9,0,rrg,0,0.045454543,0.045454536,7.450581e-09,1,0.045454543,0.0,0,3.0910428,3.0910425186157227,3.0910428,0.0,1,0.0
closeness,N/A,0.1,0.3,1.0,0,rrg,0,0.045454543,,,1,0.045454543,0.0,0,3.0910428,,3.0910428,0.0,1,
closeness,N/A,0.2,0.3,0.1,0,rrg,516,0.045454543,0.045454543,0.0,1,0.045454543,0.0,0,3.0910428,3.0910427570343018,3.0910428,0.0,1,0.0
closeness,N/A,0.2,0.3,0.2,0,rrg,512,0.045454543,0.04545454,3.7252903e-09,1,0.045454543,0.0,0,3.0910428,3.0910427570343018,3.0910428,0.0,1,0.0
closeness,N/A,0.2,0.3,0.30000000000000004,0,rrg,512,0.045454543,0.04545454,3.7252903e-09,1,0.045454543,0.0,0,3.0910428,3.0910427570343018,3.0910428,0.0,1,0.0
closeness,N/A,0.2,0.3,0.4,0,rrg,2,0.045454543,0.04545454,3.7252903e-09,1,0.045454543,0.0,0,3.0910428,3.091042995452881,3.0910428,0.0,1,0.0
closeness,N/A,0.2,0.3,0.5,0,rrg,2,0.045454543,0.04545454,3.7252903e-09,1,0.045454543,0.0,0,3.0910428,3.0910427570343018,3.0910428,0.0,1,0.0
closeness,N/A,0.2,0.3,0.6000000000000001,0,rrg,0,0.045454543,0.04545454,3.7252903e-09,1,0.045454543,0.0,0,3.0910428,3.0910427570343018,3.0910428,0.0,1,0.0
closeness,N/A,0.2,0.3,0.7000000000000001,0,rrg,0,0.045454543,0.04545454,3.7252903e-09,1,0.045454543,0.0,0,3.0910428,3.091042995452881,3.0910428,0.0,1,0.0
closeness,N/A,0.2,0.3,0.8,0,rrg,0,0.045454543,0.04545454,3.7252903e-09,1,0.045454543,0.0,0,3.0910428,3.0910427570343018,3.0910428,0.0,1,0.0
closeness,N/A,0.2,0.3,0.9,0,rrg,0,0.045454543,0.045454536,7.450581e-09,1,0.045454543,0.0,0,3.0910428,3.0910425186157227,3.0910428,0.0,1,0.0
closeness,N/A,0.2,0.3,1.0,0,rrg,0,0.045454543,,,1,0.045454543,0.0,0,3.0910428,,3.0910428,0.0,1,
closeness,N/A,0.3,0.3,0.1,0,rrg,514,0.045454543,0.045454543,0.0,1,0.045454543,0.0,1,3.0910428,3.0910427570343018,3.0910428,0.0,1,0.0
closeness,N/A,0.3,0.3,0.2,0,rrg,514,0.045454543,0.04545454,3.7252903e-09,1,0.045454543,0.0,1,3.0910428,3.0910427570343018,3.0910428,0.0,1,0.0
closeness,N/A,0.3,0.3,0.30000000000000004,0,rrg,513,0.045454543,0.04545454,3.7252903e-09,1,0.045454543,0.0,0,3.0910428,3.0910427570343018,3.0910428,0.0,1,0.0
closeness,N/A,0.3,0.3,0.4,0,rrg,7,0.045454543,0.04545454,3.7252903e-09,1,0.045454543,0.0,0,3.0910428,3.091042995452881,3.0910428,0.0,1,0.0
closeness,N/A,0.3,0.3,0.5,0,rrg,7,0.045454543,0.04545454,3.7252903e-09,1,0.045454543,0.0,0,3.0910428,3.0910427570343018,3.0910428,0.0,1,0.0
closeness,N/A,0.3,0.3,0.6000000000000001,0,rrg,1,0.045454543,0.04545454,3.7252903e-09,1,0.045454543,0.0,0,3.0910428,3.0910427570343018,3.0910428,0.0,1,0.0
closeness,N/A,0.3,0.3,0.7000000000000001,0,rrg,1,0.045454543,0.04545454,3.7252903e-09,1,0.045454543,0.0,0,3.0910428,3.091042995452881,3.0910428,0.0,1,0.0
closeness,N/A,0.3,0.3,0.8,0,rrg,0,0.045454543,0.04545454,3.7252903e-09,1,0.045454543,0.0,1,3.0910428,3.0910427570343018,3.0910428,0.0,1,0.0
closeness,N/A,0.3,0.3,0.9,0,rrg,0,0.045454543,0.045454536,7.450581e-09,1,0.045454543,0.0,1,3.0910428,3.0910425186157227,3.0910428,0.0,1,0.0
closeness,N/A,0.3,0.3,1.0,0,rrg,0,0.045454543,,,1,0.045454543,0.0,1,3.0910428,,3.0910428,0.0,1,
closeness,N/A,0.4,0.3,0.1,0,rrg,516,0.045454543,0.045454543,0.0,1,0.045454543,0.0,0,3.0910428,3.0910427570343018,3.0910428,0.0,1,0.0
closeness,N/A,0.4,0.3,0.2,0,rrg,1,0.045454543,0.04545454,3.7252903e-09,1,0.045454543,0.0,1,3.0910428,3.0910427570343018,3.0910428,0.0,1,0.0
closeness,N/A,0.4,0.3,0.30000000000000004,0,rrg,512,0.045454543,0.04545454,3.7252903e-09,1,0.045454543,0.0,0,3.0910428,3.0910427570343018,3.0910428,0.0,1,0.0
closeness,N/A,0.4,0.3,0.4,0,rrg,0,0.045454543,0.04545454,3.7252903e-09,1,0.045454543,0.0,1,3.0910428,3.091042995452881,3.0910428,0.0,1,0.0
closeness,N/A,0.4,0.3,0.5,0,rrg,0,0.045454543,0.04545454,3.7252903e-09,1,0.045454543,0.0,1,3.0910428,3.0910427570343018,3.0910428,0.0,1,0.0
closeness,N/A,0.4,0.3,0.6000000000000001,0,rrg,0,0.045454543,0.04545454,3.7252903e-09,1,0.045454543,0.0,1,3.0910428,3.0910427570343018,3.0910428,0.0,1,0.0
closeness,N/A,0.4,0.3,0.7000000000000001,0,rrg,0,0.045454543,0.04545454,3.7252903e-09,1,0.045454543,0.0,1,3.0910428,3.091042995452881,3.0910428,0.0,1,0.0
closeness,N/A,0.4,0.3,0.8,0,rrg,0,0.045454543,0.04545454,3.7252903e-09,1,0.045454543,0.0,1,3.0910428,3.0910427570343018,3.0910428,0.0,1,0.0
closeness,N/A,0.4,0.3,0.9,0,rrg,0,0.045454543,0.045454536,7.450581e-09,1,0.045454543,0.0,1,3.0910428,3.0910425186157227,3.0910428,0.0,1,0.0
closeness,N/A,0.4,0.3,1.0,0,rrg,0,0.045454543,,,1,0.045454543,0.0,1,3.0910428,,3.0910428,0.0,1,
closeness,N/A,0.05,0.3,0.1,1,rrg,0,0.045454543,0.045454543,0.0,1,0.045454543,0.0,0,3.0910428,3.0910427570343018,3.0910428,0.0,1,0.0
closeness,N/A,0.05,0.3,0.2,1,rrg,0,0.045454543,0.04545454,3.7252903e-09,1,0.045454543,0.0,0,3.0910428,3.0910427570343018,3.0910428,0.0,1,0.0
closeness,N/A,0.05,0.3,0.30000000000000004,1,rrg,0,0.045454543,0.04545454,3.7252903e-09,1,0.045454543,0.0,0,3.0910428,3.0910427570343018,3.0910428,0.0,1,0.0
closeness,N/A,0.05,0.3,0.4,1,rrg,0,0.045454543,0.04545454,3.7252903e-09,1,0.045454543,0.0,0,3.0910428,3.091042995452881,3.0910428,0.0,1,0.0
closeness,N/A,0.05,0.3,0.5,1,rrg,0,0.045454543,0.04545454,3.7252903e-09,1,0.045454543,0.0,0,3.0910428,3.0910427570343018,3.0910428,0.0,1,0.0
closeness,N/A,0.05,0.3,0.6000000000000001,1,rrg,0,0.045454543,0.04545454,3.7252903e-09,1,0.045454543,0.0,0,3.0910428,3.0910427570343018,3.0910428,0.0,1,0.0
closeness,N/A,0.05,0.3,0.7000000000000001,1,rrg,0,0.045454543,0.04545454,3.7252903e-09,1,0.045454543,0.0,0,3.0910428,3.091042995452881,3.0910428,0.0,1,0.0
closeness,N/A,0.05,0.3,0.8,1,rrg,0,0.045454543,0.04545454,3.7252903e-09,1,0.045454543,0.0,0,3.0910428,3.0910427570343018,3.0910428,0.0,1,0.0
closeness,N/A,0.05,0.3,0.9,1,rrg,0,0.045454543,0.045454536,7.450581e-09,1,0.045454543,0.0,0,3.0910428,3.0910425186157227,3.0910428,0.0,1,0.0
closeness,N/A,0.05,0.3,1.0,1,rrg,0,0.045454543,,,1,0.045454543,0.0,0,3.0910428,,3.0910428,0.0,1,
closeness,N/A,0.1,0.3,0.1,1,rrg,517,0.045454543,0.045454543,0.0,1,0.045454543,0.0,0,3.0910428,3.0910427570343018,3.0910428,0.0,1,0.0
closeness,N/A,0.1,0.3,0.2,1,rrg,512,0.045454543,0.04545454,3.7252903e-09,1,0.045454543,0.0,0,3.0910428,3.0910427570343018,3.0910428,0.0,1,0.0
closeness,N/A,0.1,0.3,0.30000000000000004,1,rrg,512,0.045454543,0.04545454,3.7252903e-09,1,0.045454543,0.0,0,3.0910428,3.0910427570343018,3.0910428,0.0,1,0.0
closeness,N/A,0.1,0.3,0.4,1,rrg,2,0.045454543,0.04545454,3.7252903e-09,1,0.045454543,0.0,0,3.0910428,3.091042995452881,3.0910428,0.0,1,0.0
closeness,N/A,0.1,0.3,0.5,1,rrg,0,0.045454543,0.04545454,3.7252903e-09,1,0.045454543,0.0,0,3.0910428,3.0910427570343018,3.0910428,0.0,1,0.0
closeness,N/A,0.1,0.3,0.6000000000000001,1,rrg,0,0.045454543,0.04545454,3.7252903e-09,1,0.045454543,0.0,0,3.0910428,3.0910427570343018,3.0910428,0.0,1,0.0
closeness,N/A,0.1,0.3,0.7000000000000001,1,rrg,0,0.045454543,0.04545454,3.7252903e-09,1,0.045454543,0.0,0,3.0910428,3.091042995452881,3.0910428,0.0,1,0.0
closeness,N/A,0.1,0.3,0.8,1,rrg,0,0.045454543,0.04545454,3.7252903e-09,1,0.045454543,0.0,0,3.0910428,3.0910427570343018,3.0910428,0.0,1,0.0
closeness,N/A,0.1,0.3,0.9,1,rrg,0,0.045454543,0.045454536,7.450581e-09,1,0.045454543,0.0,0,3.0910428,3.0910425186157227,3.0910428,0.0,1,0.0
closeness,N/A,0.1,0.3,1.0,1,rrg,0,0.045454543,,,1,0.045454543,0.0,0,3.0910428,,3.0910428,0.0,1,
closeness,N/A,0.2,0.3,0.1,1,rrg,9,0.045454543,0.045454543,0.0,1,0.045454543,0.0,0,3.0910428,3.0910427570343018,3.0910428,0.0,1,0.0
closeness,N/A,0.2,0.3,0.2,1,rrg,513,0.045454543,0.04545454,3.7252903e-09,1,0.045454543,0.0,0,3.0910428,3.0910427570343018,3.0910428,0.0,1,0.0
closeness,N/A,0.2,0.3,0.30000000000000004,1,rrg,513,0.045454543,0.04545454,3.7252903e-09,1,0.045454543,0.0,0,3.0910428,3.0910427570343018,3.0910428,0.0,1,0.0
closeness,N/A,0.2,0.3,0.4,1,rrg,1,0.045454543,0.04545454,3.7252903e-09,1,0.045454543,0.0,0,3.0910428,3.091042995452881,3.0910428,0.0,1,0.0
closeness,N/A,0.2,0.3,0.5,1,rrg,1,0.045454543,0.04545454,3.7252903e-09,1,0.045454543,0.0,0,3.0910428,3.0910427570343018,3.0910428,0.0,1,0.0
closeness,N/A,0.2,0.3,0.6000000000000001,1,rrg,1,0.045454543,0.04545454,3.7252903e-09,1,0.045454543,0.0,0,3.0910428,3.0910427570343018,3.0910428,0.0,1,0.0
closeness,N/A,0.2,0.3,0.7000000000000001,1,rrg,1,0.045454543,0.04545454,3.7252903e-09,1,0.045454543,0.0,0,3.0910428,3.091042995452881,3.0910428,0.0,1,0.0
closeness,N/A,0.2,0.3,0.8,1,rrg,1,0.045454543,0.04545454,3.7252903e-09,1,0.045454543,0.0,0,3.0910428,3.0910427570343018,3.0910428,0.0,1,0.0
closeness,N/A,0.2,0.3,0.9,1,rrg,1,0.045454543,0.045454536,7.450581e-09,1,0.045454543,0.0,0,3.0910428,3.0910425186157227,3.0910428,0.0,1,0.0
closeness,N/A,0.2,0.3,1.0,1,rrg,0,0.045454543,,,1,0.045454543,0.0,0,3.0910428,,3.0910428,0.0,1,
closeness,N/A,0.3,0.3,0.1,1,rrg,514,0.045454543,0.045454543,0.0,1,0.045454543,0.0,0,3.0910428,3.0910427570343018,3.0910428,0.0,1,0.0
closeness,N/A,0.3,0.3,0.2,1,rrg,1,0.045454543,0.04545454,3.7252903e-09,1,0.045454543,0.0,0,3.0910428,3.0910427570343018,3.0910428,0.0,1,0.0
closeness,N/A,0.3,0.3,0.30000000000000004,1,rrg,1,0.045454543,0.04545454,3.7252903e-09,1,0.045454543,0.0,0,3.0910428,3.0910427570343018,3.0910428,0.0,1,0.0
closeness,N/A,0.3,0.3,0.4,1,rrg,1,0.045454543,0.04545454,3.7252903e-09,1,0.045454543,0.0,0,3.0910428,3.091042995452881,3.0910428,0.0,1,0.0
closeness,N/A,0.3,0.3,0.5,1,rrg,1,0.045454543,0.04545454,3.7252903e-09,1,0.045454543,0.0,0,3.0910428,3.0910427570343018,3.0910428,0.0,1,0.0
closeness,N/A,0.3,0.3,0.6000000000000001,1,rrg,1,0.045454543,0.04545454,3.7252903e-09,1,0.045454543,0.0,0,3.0910428,3.0910427570343018,3.0910428,0.0,1,0.0
closeness,N/A,0.3,0.3,0.7000000000000001,1,rrg,1,0.045454543,0.04545454,3.7252903e-09,1,0.045454543,0.0,0,3.0910428,3.091042995452881,3.0910428,0.0,1,0.0
closeness,N/A,0.3,0.3,0.8,1,rrg,0,0.045454543,0.04545454,3.7252903e-09,1,0.045454543,0.0,0,3.0910428,3.0910427570343018,3.0910428,0.0,1,0.0
closeness,N/A,0.3,0.3,0.9,1,rrg,0,0.045454543,0.045454536,7.450581e-09,1,0.045454543,0.0,0,3.0910428,3.0910425186157227,3.0910428,0.0,1,0.0
closeness,N/A,0.3,0.3,1.0,1,rrg,0,0.045454543,,,1,0.045454543,0.0,0,3.0910428,,3.0910428,0.0,1,
closeness,N/A,0.4,0.3,0.1,1,rrg,519,0.045454543,0.045454543,0.0,1,0.045454543,0.0,0,3.0910428,3.0910427570343018,3.0910428,0.0,1,0.0
closeness,N/A,0.4,0.3,0.2,1,rrg,519,0.045454543,0.04545454,3.7252903e-09,1,0.045454543,0.0,0,3.0910428,3.0910427570343018,3.0910428,0.0,1,0.0
closeness,N/A,0.4,0.3,0.30000000000000004,1,rrg,518,0.045454543,0.04545454,3.7252903e-09,1,0.045454543,0.0,0,3.0910428,3.0910427570343018,3.0910428,0.0,1,0.0
closeness,N/A,0.4,0.3,0.4,1,rrg,13,0.045454543,0.04545454,3.7252903e-09,1,0.045454543,0.0,1,3.0910428,3.091042995452881,3.0910428,0.0,1,0.0
closeness,N/A,0.4,0.3,0.5,1,rrg,0,0.045454543,0.04545454,3.7252903e-09,1,0.045454543,0.0,1,3.0910428,3.0910427570343018,3.0910428,0.0,1,0.0
closeness,N/A,0.4,0.3,0.6000000000000001,1,rrg,0,0.045454543,0.04545454,3.7252903e-09,1,0.045454543,0.0,1,3.0910428,3.0910427570343018,3.0910428,0.0,1,0.0
closeness,N/A,0.4,0.3,0.7000000000000001,1,rrg,0,0.045454543,0.04545454,3.7252903e-09,1,0.045454543,0.0,1,3.0910428,3.091042995452881,3.0910428,0.0,1,0.0
closeness,N/A,0.4,0.3,0.8,1,rrg,0,0.045454543,0.04545454,3.7252903e-09,1,0.045454543,0.0,1,3.0910428,3.0910427570343018,3.0910428,0.0,1,0.0
closeness,N/A,0.4,0.3,0.9,1,rrg,0,0.045454543,0.045454536,7.450581e-09,1,0.045454543,0.0,1,3.0910428,3.0910425186157227,3.0910428,0.0,1,0.0
closeness,N/A,0.4,0.3,1.0,1,rrg,0,0.045454543,,,1,0.045454543,0.0,1,3.0910428,,3.0910428,0.0,1,
closeness,N/A,0.05,0.3,0.1,2,rrg,515,0.045454543,0.045454543,0.0,1,0.045454543,0.0,0,3.0910428,3.0910427570343018,3.0910428,0.0,1,0.0
closeness,N/A,0.05,0.3,0.2,2,rrg,515,0.045454543,0.04545454,3.7252903e-09,1,0.045454543,0.0,0,3.0910428,3.0910427570343018,3.0910428,0.0,1,0.0
closeness,N/A,0.05,0.3,0.30000000000000004,2,rrg,0,0.045454543,0.04545454,3.7252903e-09,1,0.045454543,0.0,0,3.0910428,3.0910427570343018,3.0910428,0.0,1,0.0
closeness,N/A,0.05,0.3,0.4,2,rrg,0,0.045454543,0.04545454,3.7252903e-09,1,0.045454543,0.0,0,3.0910428,3.091042995452881,3.0910428,0.0,1,0.0
closeness,N/A,0.05,0.3,0.5,2,rrg,0,0.045454543,0.04545454,3.7252903e-09,1,0.045454543,0.0,0,3.0910428,3.0910427570343018,3.0910428,0.0,1,0.0
closeness,N/A,0.05,0.3,0.6000000000000001,2,rrg,0,0.045454543,0.04545454,3.7252903e-09,1,0.045454543,0.0,0,3.0910428,3.0910427570343018,3.0910428,0.0,1,0.0
closeness,N/A,0.05,0.3,0.7000000000000001,2,rrg,0,0.045454543,0.04545454,3.7252903e-09,1,0.045454543,0.0,0,3.0910428,3.091042995452881,3.0910428,0.0,1,0.0
closeness,N/A,0.05,0.3,0.8,2,rrg,0,0.045454543,0.04545454,3.7252903e-09,1,0.045454543,0.0,0,3.0910428,3.0910427570343018,3.0910428,0.0,1,0.0
closeness,N/A,0.05,0.3,0.9,2,rrg,0,0.045454543,0.045454536,7.450581e-09,1,0.045454543,0.0,0,3.0910428,3.0910425186157227,3.0910428,0.0,1,0.0
closeness,N/A,0.05,0.3,1.0,2,rrg,0,0.045454543,,,1,0.045454543,0.0,0,3.0910428,,3.0910428,0.0,1,
closeness,N/A,0.1,0.3,0.1,2,rrg,4,0.045454543,0.045454543,0.0,1,0.045454543,0.0,0,3.0910428,3.0910427570343018,3.0910428,0.0,1,0.0
closeness,N/A,0.1,0.3,0.2,2,rrg,4,0.045454543,0.04545454,3.7252903e-09,1,0.045454543,0.0,0,3.0910428,3.0910427570343018,3.0910428,0.0,1,0.0
closeness,N/A,0.1,0.3,0.30000000000000004,2,rrg,0,0.045454543,0.04545454,3.7252903e-09,1,0.045454543,0.0,0,3.0910428,3.0910427570343018,3.0910428,0.0,1,0.0
closeness,N/A,0.1,0.3,0.4,2,rrg,0,0.045454543,0.04545454,3.7252903e-09,1,0.045454543,0.0,0,3.0910428,3.091042995452881,3.0910428,0.0,1,0.0
closeness,N/A,0.1,0.3,0.5,2,rrg,0,0.045454543,0.04545454,3.7252903e-09,1,0.045454543,0.0,0,3.0910428,3.0910427570343018,3.0910428,0.0,1,0.0
closeness,N/A,0.1,0.3,0.6000000000000001,2,rrg,0,0.045454543,0.04545454,3.7252903e-09,1,0.045454543,0.0,0,3.0910428,3.0910427570343018,3.0910428,0.0,1,0.0
closeness,N/A,0.1,0.3,0.7000000000000001,2,rrg,0,0.045454543,0.04545454,3.7252903e-09,1,0.045454543,0.0,0,3.0910428,3.091042995452881,3.0910428,0.0,1,0.0
closeness,N/A,0.1,0.3,0.8,2,rrg,0,0.045454543,0.04545454,3.7252903e-09,1,0.045454543,0.0,0,3.0910428,3.0910427570343018,3.0910428,0.0,1,0.0
closeness,N/A,0.1,0.3,0.9,2,rrg,0,0.045454543,0.045454536,7.450581e-09,1,0.045454543,0.0,0,3.0910428,3.0910425186157227,3.0910428,0.0,1,0.0
closeness,N/A,0.1,0.3,1.0,2,rrg,0,0.045454543,,,1,0.045454543,0.0,0,3.0910428,,3.0910428,0.0,1,
closeness,N/A,0.2,0.3,0.1,2,rrg,1,0.045454543,0.045454543,0.0,1,0.045454543,0.0,0,3.0910428,3.0910427570343018,3.0910428,0.0,1,0.0
closeness,N/A,0.2,0.3,0.2,2,rrg,1,0.045454543,0.04545454,3.7252903e-09,1,0.045454543,0.0,0,3.0910428,3.0910427570343018,3.0910428,0.0,1,0.0
closeness,N/A,0.2,0.3,0.30000000000000004,2,rrg,1,0.045454543,0.04545454,3.7252903e-09,1,0.045454543,0.0,0,3.0910428,3.0910427570343018,3.0910428,0.0,1,0.0
closeness,N/A,0.2,0.3,0.4,2,rrg,1,0.045454543,0.04545454,3.7252903e-09,1,0.045454543,0.0,0,3.0910428,3.091042995452881,3.0910428,0.0,1,0.0
closeness,N/A,0.2,0.3,0.5,2,rrg,0,0.045454543,0.04545454,3.7252903e-09,1,0.045454543,0.0,1,3.0910428,3.0910427570343018,3.0910428,0.0,1,0.0
closeness,N/A,0.2,0.3,0.6000000000000001,2,rrg,0,0.045454543,0.04545454,3.7252903e-09,1,0.045454543,0.0,1,3.0910428,3.0910427570343018,3.0910428,0.0,1,0.0
closeness,N/A,0.2,0.3,0.7000000000000001,2,rrg,0,0.045454543,0.04545454,3.7252903e-09,1,0.045454543,0.0,1,3.0910428,3.091042995452881,3.0910428,0.0,1,0.0
closeness,N/A,0.2,0.3,0.8,2,rrg,0,0.045454543,0.04545454,3.7252903e-09,1,0.045454543,0.0,1,3.0910428,3.0910427570343018,3.0910428,0.0,1,0.0
closeness,N/A,0.2,0.3,0.9,2,rrg,0,0.045454543,0.045454536,7.450581e-09,1,0.045454543,0.0,1,3.0910428,3.0910425186157227,3.0910428,0.0,1,0.0
closeness,N/A,0.2,0.3,1.0,2,rrg,0,0.045454543,,,1,0.045454543,0.0,1,3.0910428,,3.0910428,0.0,1,
closeness,N/A,0.3,0.3,0.1,2,rrg,7,0.045454543,0.045454543,0.0,1,0.045454543,0.0,0,3.0910428,3.0910427570343018,3.0910428,0.0,1,0.0
closeness,N/A,0.3,0.3,0.2,2,rrg,2,0.045454543,0.04545454,3.7252903e-09,1,0.045454543,0.0,0,3.0910428,3.0910427570343018,3.0910428,0.0,1,0.0
closeness,N/A,0.3,0.3,0.30000000000000004,2,rrg,2,0.045454543,0.04545454,3.7252903e-09,1,0.045454543,0.0,0,3.0910428,3.0910427570343018,3.0910428,0.0,1,0.0
closeness,N/A,0.3,0.3,0.4,2,rrg,2,0.045454543,0.04545454,3.7252903e-09,1,0.045454543,0.0,0,3.0910428,3.091042995452881,3.0910428,0.0,1,0.0
closeness,N/A,0.3,0.3,0.5,2,rrg,2,0.045454543,0.04545454,3.7252903e-09,1,0.045454543,0.0,0,3.0910428,3.0910427570343018,3.0910428,0.0,1,0.0
closeness,N/A,0.3,0.3,0.6000000000000001,2,rrg,2,0.045454543,0.04545454,3.7252903e-09,1,0.045454543,0.0,0,3.0910428,3.0910427570343018,3.0910428,0.0,1,0.0
closeness,N/A,0.3,0.3,0.7000000000000001,2,rrg,0,0.045454543,0.04545454,3.7252903e-09,1,0.045454543,0.0,1,3.0910428,3.091042995452881,3.0910428,0.0,1,0.0
closeness,N/A,0.3,0.3,0.8,2,rrg,0,0.045454543,0.04545454,3.7252903e-09,1,0.045454543,0.0,1,3.0910428,3.0910427570343018,3.0910428,0.0,1,0.0
closeness,N/A,0.3,0.3,0.9,2,rrg,0,0.045454543,0.045454536,7.450581e-09,1,0.045454543,0.0,1,3.0910428,3.0910425186157227,3.0910428,0.0,1,0.0
closeness,N/A,0.3,0.3,1.0,2,rrg,0,0.045454543,,,1,0.045454543,0.0,1,3.0910428,,3.0910428,0.0,1,
closeness,N/A,0.4,0.3,0.1,2,rrg,30,0.045454543,0.045454543,0.0,1,0.045454543,0.0,1,3.0910428,3.0910427570343018,3.0910428,0.0,1,0.0
closeness,N/A,0.4,0.3,0.2,2,rrg,2,0.045454543,0.04545454,3.7252903e-09,1,0.045454543,0.0,1,3.0910428,3.0910427570343018,3.0910428,0.0,1,0.0
closeness,N/A,0.4,0.3,0.30000000000000004,2,rrg,2,0.045454543,0.04545454,3.7252903e-09,1,0.045454543,0.0,1,3.0910428,3.0910427570343018,3.0910428,0.0,1,0.0
closeness,N/A,0.4,0.3,0.4,2,rrg,0,0.045454543,0.04545454,3.7252903e-09,1,0.045454543,0.0,1,3.0910428,3.091042995452881,3.0910428,0.0,1,0.0
closeness,N/A,0.4,0.3,0.5,2,rrg,0,0.045454543,0.04545454,3.7252903e-09,1,0.045454543,0.0,1,3.0910428,3.0910427570343018,3.0910428,0.0,1,0.0
closeness,N/A,0.4,0.3,0.6000000000000001,2,rrg,0,0.045454543,0.04545454,3.7252903e-09,1,0.045454543,0.0,1,3.0910428,3.0910427570343018,3.0910428,0.0,1,0.0
closeness,N/A,0.4,0.3,0.7000000000000001,2,rrg,0,0.045454543,0.04545454,3.7252903e-09,1,0.045454543,0.0,1,3.0910428,3.091042995452881,3.0910428,0.0,1,0.0
closeness,N/A,0.4,0.3,0.8,2,rrg,0,0.045454543,0.04545454,3.7252903e-09,1,0.045454543,0.0,1,3.0910428,3.0910427570343018,3.0910428,0.0,1,0.0
closeness,N/A,0.4,0.3,0.9,2,rrg,0,0.045454543,0.045454536,7.450581e-09,1,0.045454543,0.0,1,3.0910428,3.0910425186157227,3.0910428,0.0,1,0.0
closeness,N/A,0.4,0.3,1.0,2,rrg,0,0.045454543,,,1,0.045454543,0.0,1,3.0910428,,3.0910428,0.0,1,
closeness,N/A,0.05,0.3,0.1,3,rrg,514,0.045454543,0.045454543,0.0,1,0.045454543,0.0,0,3.0910428,3.0910427570343018,3.0910428,0.0,1,0.0
closeness,N/A,0.05,0.3,0.2,3,rrg,514,0.045454543,0.04545454,3.7252903e-09,1,0.045454543,0.0,0,3.0910428,3.0910427570343018,3.0910428,0.0,1,0.0
closeness,N/A,0.05,0.3,0.30000000000000004,3,rrg,514,0.045454543,0.04545454,3.7252903e-09,1,0.045454543,0.0,0,3.0910428,3.0910427570343018,3.0910428,0.0,1,0.0
closeness,N/A,0.05,0.3,0.4,3,rrg,2,0.045454543,0.04545454,3.7252903e-09,1,0.045454543,0.0,0,3.0910428,3.091042995452881,3.0910428,0.0,1,0.0
closeness,N/A,0.05,0.3,0.5,3,rrg,1,0.045454543,0.04545454,3.7252903e-09,1,0.045454543,0.0,0,3.0910428,3.0910427570343018,3.0910428,0.0,1,0.0
closeness,N/A,0.05,0.3,0.6000000000000001,3,rrg,1,0.045454543,0.04545454,3.7252903e-09,1,0.045454543,0.0,0,3.0910428,3.0910427570343018,3.0910428,0.0,1,0.0
closeness,N/A,0.05,0.3,0.7000000000000001,3,rrg,0,0.045454543,0.04545454,3.7252903e-09,1,0.045454543,0.0,0,3.0910428,3.091042995452881,3.0910428,0.0,1,0.0
closeness,N/A,0.05,0.3,0.8,3,rrg,0,0.045454543,0.04545454,3.7252903e-09,1,0.045454543,0.0,0,3.0910428,3.0910427570343018,3.0910428,0.0,1,0.0
closeness,N/A,0.05,0.3,0.9,3,rrg,0,0.045454543,0.045454536,7.450581e-09,1,0.045454543,0.0,0,3.0910428,3.0910425186157227,3.0910428,0.0,1,0.0
closeness,N/A,0.05,0.3,1.0,3,rrg,0,0.045454543,,,1,0.045454543,0.0,0,3.0910428,,3.0910428,0.0,1,
closeness,N/A,0.1,0.3,0.1,3,rrg,517,0.045454543,0.045454543,0.0,1,0.045454543,0.0,0,3.0910428,3.0910427570343018,3.0910428,0.0,1,0.0
closeness,N/A,0.1,0.3,0.2,3,rrg,513,0.045454543,0.04545454,3.7252903e-09,1,0.045454543,0.0,0,3.0910428,3.0910427570343018,3.0910428,0.0,1,0.0
closeness,N/A,0.1,0.3,0.30000000000000004,3,rrg,513,0.045454543,0.04545454,3.7252903e-09,1,0.045454543,0.0,0,3.0910428,3.0910427570343018,3.0910428,0.0,1,0.0
closeness,N/A,0.1,0.3,0.4,3,rrg,12,0.045454543,0.04545454,3.7252903e-09,1,0.045454543,0.0,0,3.0910428,3.091042995452881,3.0910428,0.0,1,0.0
closeness,N/A,0.1,0.3,0.5,3,rrg,0,0.045454543,0.04545454,3.7252903e-09,1,0.045454543,0.0,0,3.0910428,3.0910427570343018,3.0910428,0.0,1,0.0
closeness,N/A,0.1,0.3,0.6000000000000001,3,rrg,0,0.045454543,0.04545454,3.7252903e-09,1,0.045454543,0.0,0,3.0910428,3.0910427570343018,3.0910428,0.0,1,0.0
closeness,N/A,0.1,0.3,0.7000000000000001,3,rrg,0,0.045454543,0.04545454,3.7252903e-09,1,0.045454543,0.0,0,3.0910428,3.091042995452881,3.0910428,0.0,1,0.0
closeness,N/A,0.1,0.3,0.8,3,rrg,0,0.045454543,0.04545454,3.7252903e-09,1,0.045454543,0.0,0,3.0910428,3.0910427570343018,3.0910428,0.0,1,0.0
closeness,N/A,0.1,0.3,0.9,3,rrg,0,0.045454543,0.045454536,7.450581e-09,1,0.045454543,0.0,0,3.0910428,3.0910425186157227,3.0910428,0.0,1,0.0
closeness,N/A,0.1,0.3,1.0,3,rrg,0,0.045454543,,,1,0.045454543,0.0,0,3.0910428,,3.0910428,0.0,1,
closeness,N/A,0.2,0.3,0.1,3,rrg,517,0.045454543,0.045454543,0.0,1,0.045454543,0.0,0,3.0910428,3.0910427570343018,3.0910428,0.0,1,0.0
closeness,N/A,0.2,0.3,0.2,3,rrg,0,0.045454543,0.04545454,3.7252903e-09,1,0.045454543,0.0,0,3.0910428,3.0910427570343018,3.0910428,0.0,1,0.0
closeness,N/A,0.2,0.3,0.30000000000000004,3,rrg,0,0.045454543,0.04545454,3.7252903e-09,1,0.045454543,0.0,0,3.0910428,3.0910427570343018,3.0910428,0.0,1,0.0
closeness,N/A,0.2,0.3,0.4,3,rrg,0,0.045454543,0.04545454,3.7252903e-09,1,0.045454543,0.0,0,3.0910428,3.091042995452881,3.0910428,0.0,1,0.0
closeness,N/A,0.2,0.3,0.5,3,rrg,0,0.045454543,0.04545454,3.7252903e-09,1,0.045454543,0.0,0,3.0910428,3.0910427570343018,3.0910428,0.0,1,0.0
closeness,N/A,0.2,0.3,0.6000000000000001,3,rrg,0,0.045454543,0.04545454,3.7252903e-09,1,0.045454543,0.0,0,3.0910428,3.0910427570343018,3.0910428,0.0,1,0.0
closeness,N/A,0.2,0.3,0.7000000000000001,3,rrg,0,0.045454543,0.04545454,3.7252903e-09,1,0.045454543,0.0,0,3.0910428,3.091042995452881,3.0910428,0.0,1,0.0
closeness,N/A,0.2,0.3,0.8,3,rrg,0,0.045454543,0.04545454,3.7252903e-09,1,0.045454543,0.0,0,3.0910428,3.0910427570343018,3.0910428,0.0,1,0.0
closeness,N/A,0.2,0.3,0.9,3,rrg,0,0.045454543,0.045454536,7.450581e-09,1,0.045454543,0.0,0,3.0910428,3.0910425186157227,3.0910428,0.0,1,0.0
closeness,N/A,0.2,0.3,1.0,3,rrg,0,0.045454543,,,1,0.045454543,0.0,0,3.0910428,,3.0910428,0.0,1,
closeness,N/A,0.3,0.3,0.1,3,rrg,3,0.045454543,0.045454543,0.0,1,0.045454543,0.0,0,3.0910428,3.0910427570343018,3.0910428,0.0,1,0.0
closeness,N/A,0.3,0.3,0.2,3,rrg,3,0.045454543,0.04545454,3.7252903e-09,1,0.045454543,0.0,0,3.0910428,3.0910427570343018,3.0910428,0.0,1,0.0
closeness,N/A,0.3,0.3,0.30000000000000004,3,rrg,512,0.045454543,0.04545454,3.7252903e-09,1,0.045454543,0.0,0,3.0910428,3.0910427570343018,3.0910428,0.0,1,0.0
closeness,N/A,0.3,0.3,0.4,3,rrg,2,0.045454543,0.04545454,3.7252903e-09,1,0.045454543,0.0,0,3.0910428,3.091042995452881,3.0910428,0.0,1,0.0
closeness,N/A,0.3,0.3,0.5,3,rrg,2,0.045454543,0.04545454,3.7252903e-09,1,0.045454543,0.0,0,3.0910428,3.0910427570343018,3.0910428,0.0,1,0.0
closeness,N/A,0.3,0.3,0.6000000000000001,3,rrg,1,0.045454543,0.04545454,3.7252903e-09,1,0.045454543,0.0,1,3.0910428,3.0910427570343018,3.0910428,0.0,1,0.0
closeness,N/A,0.3,0.3,0.7000000000000001,3,rrg,1,0.045454543,0.04545454,3.7252903e-09,1,0.045454543,0.0,1,3.0910428,3.091042995452881,3.0910428,0.0,1,0.0
closeness,N/A,0.3,0.3,0.8,3,rrg,0,0.045454543,0.04545454,3.7252903e-09,1,0.045454543,0.0,0,3.0910428,3.0910427570343018,3.0910428,0.0,1,0.0
closeness,N/A,0.3,0.3,0.9,3,rrg,0,0.045454543,0.045454536,7.450581e-09,1,0.045454543,0.0,0,3.0910428,3.0910425186157227,3.0910428,0.0,1,0.0
closeness,N/A,0.3,0.3,1.0,3,rrg,0,0.045454543,,,1,0.045454543,0.0,0,3.0910428,,3.0910428,0.0,1,
closeness,N/A,0.4,0.3,0.1,3,rrg,513,0.045454543,0.045454543,0.0,1,0.045454543,0.0,0,3.0910428,3.0910427570343018,3.0910428,0.0,1,0.0
closeness,N/A,0.4,0.3,0.2,3,rrg,0,0.045454543,0.04545454,3.7252903e-09,1,0.045454543,0.0,0,3.0910428,3.0910427570343018,3.0910428,0.0,1,0.0
closeness,N/A,0.4,0.3,0.30000000000000004,3,rrg,0,0.045454543,0.04545454,3.7252903e-09,1,0.045454543,0.0,0,3.0910428,3.0910427570343018,3.0910428,0.0,1,0.0
closeness,N/A,0.4,0.3,0.4,3,rrg,0,0.045454543,0.04545454,3.7252903e-09,1,0.045454543,0.0,0,3.0910428,3.091042995452881,3.0910428,0.0,1,0.0
closeness,N/A,0.4,0.3,0.5,3,rrg,0,0.045454543,0.04545454,3.7252903e-09,1,0.045454543,0.0,0,3.0910428,3.0910427570343018,3.0910428,0.0,1,0.0
closeness,N/A,0.4,0.3,0.6000000000000001,3,rrg,0,0.045454543,0.04545454,3.7252903e-09,1,0.045454543,0.0,0,3.0910428,3.0910427570343018,3.0910428,0.0,1,0.0
closeness,N/A,0.4,0.3,0.7000000000000001,3,rrg,0,0.045454543,0.04545454,3.7252903e-09,1,0.045454543,0.0,0,3.0910428,3.091042995452881,3.0910428,0.0,1,0.0
closeness,N/A,0.4,0.3,0.8,3,rrg,0,0.045454543,0.04545454,3.7252903e-09,1,0.045454543,0.0,0,3.0910428,3.0910427570343018,3.0910428,0.0,1,0.0
closeness,N/A,0.4,0.3,0.9,3,rrg,0,0.045454543,0.045454536,7.450581e-09,1,0.045454543,0.0,0,3.0910428,3.0910425186157227,3.0910428,0.0,1,0.0
closeness,N/A,0.4,0.3,1.0,3,rrg,0,0.045454543,,,1,0.045454543,0.0,0,3.0910428,,3.0910428,0.0,1,
closeness,N/A,0.05,0.3,0.1,4,rrg,514,0.045454543,0.045454543,0.0,1,0.045454543,0.0,0,3.0910428,3.0910427570343018,3.0910428,0.0,1,0.0
closeness,N/A,0.05,0.3,0.2,4,rrg,513,0.045454543,0.04545454,3.7252903e-09,1,0.045454543,0.0,0,3.0910428,3.0910427570343018,3.0910428,0.0,1,0.0
closeness,N/A,0.05,0.3,0.30000000000000004,4,rrg,513,0.045454543,0.04545454,3.7252903e-09,1,0.045454543,0.0,0,3.0910428,3.0910427570343018,3.0910428,0.0,1,0.0
closeness,N/A,0.05,0.3,0.4,4,rrg,3,0.045454543,0.04545454,3.7252903e-09,1,0.045454543,0.0,0,3.0910428,3.091042995452881,3.0910428,0.0,1,0.0
closeness,N/A,0.05,0.3,0.5,4,rrg,3,0.045454543,0.04545454,3.7252903e-09,1,0.045454543,0.0,0,3.0910428,3.0910427570343018,3.0910428,0.0,1,0.0
closeness,N/A,0.05,0.3,0.6000000000000001,4,rrg,1,0.045454543,0.04545454,3.7252903e-09,1,0.045454543,0.0,0,3.0910428,3.0910427570343018,3.0910428,0.0,1,0.0
closeness,N/A,0.05,0.3,0.7000000000000001,4,rrg,1,0.045454543,0.04545454,3.7252903e-09,1,0.045454543,0.0,0,3.0910428,3.091042995452881,3.0910428,0.0,1,0.0
closeness,N/A,0.05,0.3,0.8,4,rrg,0,0.045454543,0.04545454,3.7252903e-09,1,0.045454543,0.0,0,3.0910428,3.0910427570343018,3.0910428,0.0,1,0.0
closeness,N/A,0.05,0.3,0.9,4,rrg,0,0.045454543,0.045454536,7.450581e-09,1,0.045454543,0.0,0,3.0910428,3.0910425186157227,3.0910428,0.0,1,0.0
closeness,N/A,0.05,0.3,1.0,4,rrg,0,0.045454543,,,1,0.045454543,0.0,0,3.0910428,,3.0910428,0.0,1,
closeness,N/A,0.1,0.3,0.1,4,rrg,521,0.045454543,0.045454543,0.0,1,0.045454543,0.0,0,3.0910428,3.0910427570343018,3.0910428,0.0,1,0.0
closeness,N/A,0.1,0.3,0.2,4,rrg,514,0.045454543,0.04545454,3.7252903e-09,1,0.045454543,0.0,0,3.0910428,3.0910427570343018,3.0910428,0.0,1,0.0
closeness,N/A,0.1,0.3,0.30000000000000004,4,rrg,514,0.045454543,0.04545454,3.7252903e-09,1,0.045454543,0.0,0,3.0910428,3.0910427570343018,3.0910428,0.0,1,0.0
closeness,N/A,0.1,0.3,0.4,4,rrg,3,0.045454543,0.04545454,3.7252903e-09,1,0.045454543,0.0,0,3.0910428,3.091042995452881,3.0910428,0.0,1,0.0
closeness,N/A,0.1,0.3,0.5,4,rrg,3,0.045454543,0.04545454,3.7252903e-09,1,0.045454543,0.0,0,3.0910428,3.0910427570343018,3.0910428,0.0,1,0.0
closeness,N/A,0.1,0.3,0.6000000000000001,4,rrg,0,0.045454543,0.04545454,3.7252903e-09,1,0.045454543,0.0,0,3.0910428,3.0910427570343018,3.0910428,0.0,1,0.0
closeness,N/A,0.1,0.3,0.7000000000000001,4,rrg,0,0.045454543,0.04545454,3.7252903e-09,1,0.045454543,0.0,0,3.0910428,3.091042995452881,3.0910428,0.0,1,0.0
closeness,N/A,0.1,0.3,0.8,4,rrg,0,0.045454543,0.04545454,3.7252903e-09,1,0.045454543,0.0,0,3.0910428,3.0910427570343018,3.0910428,0.0,1,0.0
closeness,N/A,0.1,0.3,0.9,4,rrg,0,0.045454543,0.045454536,7.450581e-09,1,0.045454543,0.0,0,3.0910428,3.0910425186157227,3.0910428,0.0,1,0.0
closeness,N/A,0.1,0.3,1.0,4,rrg,0,0.045454543,,,1,0.045454543,0.0,0,3.0910428,,3.0910428,0.0,1,
closeness,N/A,0.2,0.3,0.1,4,rrg,521,0.045454543,0.045454543,0.0,1,0.045454543,0.0,0,3.0910428,3.0910427570343018,3.0910428,0.0,1,0.0
closeness,N/A,0.2,0.3,0.2,4,rrg,2,0.045454543,0.04545454,3.7252903e-09,1,0.045454543,0.0,0,3.0910428,3.0910427570343018,3.0910428,0.0,1,0.0
closeness,N/A,0.2,0.3,0.30000000000000004,4,rrg,2,0.045454543,0.04545454,3.7252903e-09,1,0.045454543,0.0,0,3.0910428,3.0910427570343018,3.0910428,0.0,1,0.0
closeness,N/A,0.2,0.3,0.4,4,rrg,2,0.045454543,0.04545454,3.7252903e-09,1,0.045454543,0.0,0,3.0910428,3.091042995452881,3.0910428,0.0,1,0.0
closeness,N/A,0.2,0.3,0.5,4,rrg,2,0.045454543,0.04545454,3.7252903e-09,1,0.045454543,0.0,0,3.0910428,3.0910427570343018,3.0910428,0.0,1,0.0
closeness,N/A,0.2,0.3,0.6000000000000001,4,rrg,0,0.045454543,0.04545454,3.7252903e-09,1,0.045454543,0.0,0,3.0910428,3.0910427570343018,3.0910428,0.0,1,0.0
closeness,N/A,0.2,0.3,0.7000000000000001,4,rrg,0,0.045454543,0.04545454,3.7252903e-09,1,0.045454543,0.0,0,3.0910428,3.091042995452881,3.0910428,0.0,1,0.0
closeness,N/A,0.2,0.3,0.8,4,rrg,0,0.045454543,0.04545454,3.7252903e-09,1,0.045454543,0.0,0,3.0910428,3.0910427570343018,3.0910428,0.0,1,0.0
closeness,N/A,0.2,0.3,0.9,4,rrg,0,0.045454543,0.045454536,7.450581e-09,1,0.045454543,0.0,0,3.0910428,3.0910425186157227,3.0910428,0.0,1,0.0
closeness,N/A,0.2,0.3,1.0,4,rrg,0,0.045454543,,,1,0.045454543,0.0,0,3.0910428,,3.0910428,0.0,1,
closeness,N/A,0.3,0.3,0.1,4,rrg,517,0.045454543,0.045454543,0.0,1,0.045454543,0.0,1,3.0910428,3.0910427570343018,3.0910428,0.0,1,0.0
closeness,N/A,0.3,0.3,0.2,4,rrg,517,0.045454543,0.04545454,3.7252903e-09,1,0.045454543,0.0,1,3.0910428,3.0910427570343018,3.0910428,0.0,1,0.0
closeness,N/A,0.3,0.3,0.30000000000000004,4,rrg,513,0.045454543,0.04545454,3.7252903e-09,1,0.045454543,0.0,1,3.0910428,3.0910427570343018,3.0910428,0.0,1,0.0
closeness,N/A,0.3,0.3,0.4,4,rrg,0,0.045454543,0.04545454,3.7252903e-09,1,0.045454543,0.0,0,3.0910428,3.091042995452881,3.0910428,0.0,1,0.0
closeness,N/A,0.3,0.3,0.5,4,rrg,0,0.045454543,0.04545454,3.7252903e-09,1,0.045454543,0.0,0,3.0910428,3.0910427570343018,3.0910428,0.0,1,0.0
closeness,N/A,0.3,0.3,0.6000000000000001,4,rrg,0,0.045454543,0.04545454,3.7252903e-09,1,0.045454543,0.0,0,3.0910428,3.0910427570343018,3.0910428,0.0,1,0.0
closeness,N/A,0.3,0.3,0.7000000000000001,4,rrg,0,0.045454543,0.04545454,3.7252903e-09,1,0.045454543,0.0,0,3.0910428,3.091042995452881,3.0910428,0.0,1,0.0
closeness,N/A,0.3,0.3,0.8,4,rrg,0,0.045454543,0.04545454,3.7252903e-09,1,0.045454543,0.0,0,3.0910428,3.0910427570343018,3.0910428,0.0,1,0.0
closeness,N/A,0.3,0.3,0.9,4,rrg,0,0.045454543,0.045454536,7.450581e-09,1,0.045454543,0.0,0,3.0910428,3.0910425186157227,3.0910428,0.0,1,0.0
closeness,N/A,0.3,0.3,1.0,4,rrg,0,0.045454543,,,1,0.045454543,0.0,0,3.0910428,,3.0910428,0.0,1,
closeness,N/A,0.4,0.3,0.1,4,rrg,2,0.045454543,0.045454543,0.0,1,0.045454543,0.0,0,3.0910428,3.0910427570343018,3.0910428,0.0,1,0.0
closeness,N/A,0.4,0.3,0.2,4,rrg,0,0.045454543,0.04545454,3.7252903e-09,1,0.045454543,0.0,0,3.0910428,3.0910427570343018,3.0910428,0.0,1,0.0
closeness,N/A,0.4,0.3,0.30000000000000004,4,rrg,0,0.045454543,0.04545454,3.7252903e-09,1,0.045454543,0.0,0,3.0910428,3.0910427570343018,3.0910428,0.0,1,0.0
closeness,N/A,0.4,0.3,0.4,4,rrg,0,0.045454543,0.04545454,3.7252903e-09,1,0.045454543,0.0,0,3.0910428,3.091042995452881,3.0910428,0.0,1,0.0
closeness,N/A,0.4,0.3,0.5,4,rrg,0,0.045454543,0.04545454,3.7252903e-09,1,0.045454543,0.0,0,3.0910428,3.0910427570343018,3.0910428,0.0,1,0.0
closeness,N/A,0.4,0.3,0.6000000000000001,4,rrg,0,0.045454543,0.04545454,3.7252903e-09,1,0.045454543,0.0,0,3.0910428,3.0910427570343018,3.0910428,0.0,1,0.0
closeness,N/A,0.4,0.3,0.7000000000000001,4,rrg,0,0.045454543,0.04545454,3.7252903e-09,1,0.045454543,0.0,0,3.0910428,3.091042995452881,3.0910428,0.0,1,0.0
closeness,N/A,0.4,0.3,0.8,4,rrg,0,0.045454543,0.04545454,3.7252903e-09,1,0.045454543,0.0,0,3.0910428,3.0910427570343018,3.0910428,0.0,1,0.0
closeness,N/A,0.4,0.3,0.9,4,rrg,0,0.045454543,0.045454536,7.450581e-09,1,0.045454543,0.0,0,3.0910428,3.0910425186157227,3.0910428,0.0,1,0.0
closeness,N/A,0.4,0.3,1.0,4,rrg,0,0.045454543,,,1,0.045454543,0.0,0,3.0910428,,3.0910428,0.0,1,
closeness,N/A,0.05,0.3,0.1,5,rrg,6,0.045454543,0.045454543,0.0,1,0.045454543,0.0,0,3.0910428,3.0910427570343018,3.0910428,0.0,1,0.0
closeness,N/A,0.05,0.3,0.2,5,rrg,513,0.045454543,0.04545454,3.7252903e-09,1,0.045454543,0.0,0,3.0910428,3.0910427570343018,3.0910428,0.0,1,0.0
closeness,N/A,0.05,0.3,0.30000000000000004,5,rrg,513,0.045454543,0.04545454,3.7252903e-09,1,0.045454543,0.0,0,3.0910428,3.0910427570343018,3.0910428,0.0,1,0.0
closeness,N/A,0.05,0.3,0.4,5,rrg,5,0.045454543,0.04545454,3.7252903e-09,1,0.045454543,0.0,0,3.0910428,3.091042995452881,3.0910428,0.0,1,0.0
closeness,N/A,0.05,0.3,0.5,5,rrg,2,0.045454543,0.04545454,3.7252903e-09,1,0.045454543,0.0,0,3.0910428,3.0910427570343018,3.0910428,0.0,1,0.0
closeness,N/A,0.05,0.3,0.6000000000000001,5,rrg,2,0.045454543,0.04545454,3.7252903e-09,1,0.045454543,0.0,0,3.0910428,3.0910427570343018,3.0910428,0.0,1,0.0
closeness,N/A,0.05,0.3,0.7000000000000001,5,rrg,1,0.045454543,0.04545454,3.7252903e-09,1,0.045454543,0.0,0,3.0910428,3.091042995452881,3.0910428,0.0,1,0.0
closeness,N/A,0.05,0.3,0.8,5,rrg,1,0.045454543,0.04545454,3.7252903e-09,1,0.045454543,0.0,0,3.0910428,3.0910427570343018,3.0910428,0.0,1,0.0
closeness,N/A,0.05,0.3,0.9,5,rrg,1,0.045454543,0.045454536,7.450581e-09,1,0.045454543,0.0,0,3.0910428,3.0910425186157227,3.0910428,0.0,1,0.0
closeness,N/A,0.05,0.3,1.0,5,rrg,0,0.045454543,,,1,0.045454543,0.0,0,3.0910428,,3.0910428,0.0,1,
closeness,N/A,0.1,0.3,0.1,5,rrg,0,0.045454543,0.045454543,0.0,1,0.045454543,0.0,0,3.0910428,3.0910427570343018,3.0910428,0.0,1,0.0
closeness,N/A,0.1,0.3,0.2,5,rrg,0,0.045454543,0.04545454,3.7252903e-09,1,0.045454543,0.0,0,3.0910428,3.0910427570343018,3.0910428,0.0,1,0.0
closeness,N/A,0.1,0.3,0.30000000000000004,5,rrg,0,0.045454543,0.04545454,3.7252903e-09,1,0.045454543,0.0,0,3.0910428,3.0910427570343018,3.0910428,0.0,1,0.0
closeness,N/A,0.1,0.3,0.4,5,rrg,0,0.045454543,0.04545454,3.7252903e-09,1,0.045454543,0.0,0,3.0910428,3.091042995452881,3.0910428,0.0,1,0.0
closeness,N/A,0.1,0.3,0.5,5,rrg,0,0.045454543,0.04545454,3.7252903e-09,1,0.045454543,0.0,0,3.0910428,3.0910427570343018,3.0910428,0.0,1,0.0
closeness,N/A,0.1,0.3,0.6000000000000001,5,rrg,0,0.045454543,0.04545454,3.7252903e-09,1,0.045454543,0.0,0,3.0910428,3.0910427570343018,3.0910428,0.0,1,0.0
closeness,N/A,0.1,0.3,0.7000000000000001,5,rrg,0,0.045454543,0.04545454,3.7252903e-09,1,0.045454543,0.0,0,3.0910428,3.091042995452881,3.0910428,0.0,1,0.0
closeness,N/A,0.1,0.3,0.8,5,rrg,0,0.045454543,0.04545454,3.7252903e-09,1,0.045454543,0.0,0,3.0910428,3.0910427570343018,3.0910428,0.0,1,0.0
closeness,N/A,0.1,0.3,0.9,5,rrg,0,0.045454543,0.045454536,7.450581e-09,1,0.045454543,0.0,0,3.0910428,3.0910425186157227,3.0910428,0.0,1,0.0
closeness,N/A,0.1,0.3,1.0,5,rrg,0,0.045454543,,,1,0.045454543,0.0,0,3.0910428,,3.0910428,0.0,1,
closeness,N/A,0.2,0.3,0.1,5,rrg,517,0.045454543,0.045454543,0.0,1,0.045454543,0.0,0,3.0910428,3.0910427570343018,3.0910428,0.0,1,0.0
closeness,N/A,0.2,0.3,0.2,5,rrg,513,0.045454543,0.04545454,3.7252903e-09,1,0.045454543,0.0,0,3.0910428,3.0910427570343018,3.0910428,0.0,1,0.0
closeness,N/A,0.2,0.3,0.30000000000000004,5,rrg,512,0.045454543,0.04545454,3.7252903e-09,1,0.045454543,0.0,0,3.0910428,3.0910427570343018,3.0910428,0.0,1,0.0
closeness,N/A,0.2,0.3,0.4,5,rrg,4,0.045454543,0.04545454,3.7252903e-09,1,0.045454543,0.0,0,3.0910428,3.091042995452881,3.0910428,0.0,1,0.0
closeness,N/A,0.2,0.3,0.5,5,rrg,4,0.045454543,0.04545454,3.7252903e-09,1,0.045454543,0.0,0,3.0910428,3.0910427570343018,3.0910428,0.0,1,0.0
closeness,N/A,0.2,0.3,0.6000000000000001,5,rrg,4,0.045454543,0.04545454,3.7252903e-09,1,0.045454543,0.0,0,3.0910428,3.0910427570343018,3.0910428,0.0,1,0.0
closeness,N/A,0.2,0.3,0.7000000000000001,5,rrg,1,0.045454543,0.04545454,3.7252903e-09,1,0.045454543,0.0,0,3.0910428,3.091042995452881,3.0910428,0.0,1,0.0
closeness,N/A,0.2,0.3,0.8,5,rrg,0,0.045454543,0.04545454,3.7252903e-09,1,0.045454543,0.0,0,3.0910428,3.0910427570343018,3.0910428,0.0,1,0.0
closeness,N/A,0.2,0.3,0.9,5,rrg,0,0.045454543,0.045454536,7.450581e-09,1,0.045454543,0.0,0,3.0910428,3.0910425186157227,3.0910428,0.0,1,0.0
closeness,N/A,0.2,0.3,1.0,5,rrg,0,0.045454543,,,1,0.045454543,0.0,0,3.0910428,,3.0910428,0.0,1,
closeness,N/A,0.3,0.3,0.1,5,rrg,8,0.045454543,0.045454543,0.0,1,0.045454543,0.0,0,3.0910428,3.0910427570343018,3.0910428,0.0,1,0.0
closeness,N/A,0.3,0.3,0.2,5,rrg,517,0.045454543,0.04545454,3.7252903e-09,1,0.045454543,0.0,0,3.0910428,3.0910427570343018,3.0910428,0.0,1,0.0
closeness,N/A,0.3,0.3,0.30000000000000004,5,rrg,512,0.045454543,0.04545454,3.7252903e-09,1,0.045454543,0.0,0,3.0910428,3.0910427570343018,3.0910428,0.0,1,0.0
closeness,N/A,0.3,0.3,0.4,5,rrg,2,0.045454543,0.04545454,3.7252903e-09,1,0.045454543,0.0,0,3.0910428,3.091042995452881,3.0910428,0.0,1,0.0
closeness,N/A,0.3,0.3,0.5,5,rrg,2,0.045454543,0.04545454,3.7252903e-09,1,0.045454543,0.0,0,3.0910428,3.0910427570343018,3.0910428,0.0,1,0.0
closeness,N/A,0.3,0.3,0.6000000000000001,5,rrg,2,0.045454543,0.04545454,3.7252903e-09,1,0.045454543,0.0,0,3.0910428,3.0910427570343018,3.0910428,0.0,1,0.0
closeness,N/A,0.3,0.3,0.7000000000000001,5,rrg,2,0.045454543,0.04545454,3.7252903e-09,1,0.045454543,0.0,0,3.0910428,3.091042995452881,3.0910428,0.0,1,0.0
closeness,N/A,0.3,0.3,0.8,5,rrg,1,0.045454543,0.04545454,3.7252903e-09,1,0.045454543,0.0,0,3.0910428,3.0910427570343018,3.0910428,0.0,1,0.0
closeness,N/A,0.3,0.3,0.9,5,rrg,0,0.045454543,0.045454536,7.450581e-09,1,0.045454543,0.0,0,3.0910428,3.0910425186157227,3.0910428,0.0,1,0.0
closeness,N/A,0.3,0.3,1.0,5,rrg,0,0.045454543,,,1,0.045454543,0.0,0,3.0910428,,3.0910428,0.0,1,
closeness,N/A,0.4,0.3,0.1,5,rrg,516,0.045454543,0.045454543,0.0,1,0.045454543,0.0,0,3.0910428,3.0910427570343018,3.0910428,0.0,1,0.0
closeness,N/A,0.4,0.3,0.2,5,rrg,512,0.045454543,0.04545454,3.7252903e-09,1,0.045454543,0.0,1,3.0910428,3.0910427570343018,3.0910428,0.0,1,0.0
closeness,N/A,0.4,0.3,0.30000000000000004,5,rrg,512,0.045454543,0.04545454,3.7252903e-09,1,0.045454543,0.0,1,3.0910428,3.0910427570343018,3.0910428,0.0,1,0.0
closeness,N/A,0.4,0.3,0.4,5,rrg,5,0.045454543,0.04545454,3.7252903e-09,1,0.045454543,0.0,1,3.0910428,3.091042995452881,3.0910428,0.0,1,0.0
closeness,N/A,0.4,0.3,0.5,5,rrg,1,0.045454543,0.04545454,3.7252903e-09,1,0.045454543,0.0,1,3.0910428,3.0910427570343018,3.0910428,0.0,1,0.0
closeness,N/A,0.4,0.3,0.6000000000000001,5,rrg,1,0.045454543,0.04545454,3.7252903e-09,1,0.045454543,0.0,1,3.0910428,3.0910427570343018,3.0910428,0.0,1,0.0
closeness,N/A,0.4,0.3,0.7000000000000001,5,rrg,1,0.045454543,0.04545454,3.7252903e-09,1,0.045454543,0.0,1,3.0910428,3.091042995452881,3.0910428,0.0,1,0.0
closeness,N/A,0.4,0.3,0.8,5,rrg,0,0.045454543,0.04545454,3.7252903e-09,1,0.045454543,0.0,0,3.0910428,3.0910427570343018,3.0910428,0.0,1,0.0
closeness,N/A,0.4,0.3,0.9,5,rrg,0,0.045454543,0.045454536,7.450581e-09,1,0.045454543,0.0,0,3.0910428,3.0910425186157227,3.0910428,0.0,1,0.0
closeness,N/A,0.4,0.3,1.0,5,rrg,0,0.045454543,,,1,0.045454543,0.0,0,3.0910428,,3.0910428,0.0,1,
closeness,N/A,0.05,0.3,0.1,6,rrg,518,0.045454543,0.045454543,0.0,1,0.045454543,0.0,0,3.0910428,3.0910427570343018,3.0910428,0.0,1,0.0
closeness,N/A,0.05,0.3,0.2,6,rrg,518,0.045454543,0.04545454,3.7252903e-09,1,0.045454543,0.0,0,3.0910428,3.0910427570343018,3.0910428,0.0,1,0.0
closeness,N/A,0.05,0.3,0.30000000000000004,6,rrg,0,0.045454543,0.04545454,3.7252903e-09,1,0.045454543,0.0,0,3.0910428,3.0910427570343018,3.0910428,0.0,1,0.0
closeness,N/A,0.05,0.3,0.4,6,rrg,0,0.045454543,0.04545454,3.7252903e-09,1,0.045454543,0.0,0,3.0910428,3.091042995452881,3.0910428,0.0,1,0.0
closeness,N/A,0.05,0.3,0.5,6,rrg,0,0.045454543,0.04545454,3.7252903e-09,1,0.045454543,0.0,0,3.0910428,3.0910427570343018,3.0910428,0.0,1,0.0
closeness,N/A,0.05,0.3,0.6000000000000001,6,rrg,0,0.045454543,0.04545454,3.7252903e-09,1,0.045454543,0.0,0,3.0910428,3.0910427570343018,3.0910428,0.0,1,0.0
closeness,N/A,0.05,0.3,0.7000000000000001,6,rrg,0,0.045454543,0.04545454,3.7252903e-09,1,0.045454543,0.0,0,3.0910428,3.091042995452881,3.0910428,0.0,1,0.0
closeness,N/A,0.05,0.3,0.8,6,rrg,0,0.045454543,0.04545454,3.7252903e-09,1,0.045454543,0.0,0,3.0910428,3.0910427570343018,3.0910428,0.0,1,0.0
closeness,N/A,0.05,0.3,0.9,6,rrg,0,0.045454543,0.045454536,7.450581e-09,1,0.045454543,0.0,0,3.0910428,3.0910425186157227,3.0910428,0.0,1,0.0
closeness,N/A,0.05,0.3,1.0,6,rrg,0,0.045454543,,,1,0.045454543,0.0,0,3.0910428,,3.0910428,0.0,1,
closeness,N/A,0.1,0.3,0.1,6,rrg,520,0.045454543,0.045454543,0.0,1,0.045454543,0.0,0,3.0910428,3.0910427570343018,3.0910428,0.0,1,0.0
closeness,N/A,0.1,0.3,0.2,6,rrg,519,0.045454543,0.04545454,3.7252903e-09,1,0.045454543,0.0,0,3.0910428,3.0910427570343018,3.0910428,0.0,1,0.0
closeness,N/A,0.1,0.3,0.30000000000000004,6,rrg,3,0.045454543,0.04545454,3.7252903e-09,1,0.045454543,0.0,0,3.0910428,3.0910427570343018,3.0910428,0.0,1,0.0
closeness,N/A,0.1,0.3,0.4,6,rrg,2,0.045454543,0.04545454,3.7252903e-09,1,0.045454543,0.0,0,3.0910428,3.091042995452881,3.0910428,0.0,1,0.0
closeness,N/A,0.1,0.3,0.5,6,rrg,0,0.045454543,0.04545454,3.7252903e-09,1,0.045454543,0.0,1,3.0910428,3.0910427570343018,3.0910428,0.0,1,0.0
closeness,N/A,0.1,0.3,0.6000000000000001,6,rrg,0,0.045454543,0.04545454,3.7252903e-09,1,0.045454543,0.0,1,3.0910428,3.0910427570343018,3.0910428,0.0,1,0.0
closeness,N/A,0.1,0.3,0.7000000000000001,6,rrg,0,0.045454543,0.04545454,3.7252903e-09,1,0.045454543,0.0,1,3.0910428,3.091042995452881,3.0910428,0.0,1,0.0
closeness,N/A,0.1,0.3,0.8,6,rrg,0,0.045454543,0.04545454,3.7252903e-09,1,0.045454543,0.0,1,3.0910428,3.0910427570343018,3.0910428,0.0,1,0.0
closeness,N/A,0.1,0.3,0.9,6,rrg,0,0.045454543,0.045454536,7.450581e-09,1,0.045454543,0.0,1,3.0910428,3.0910425186157227,3.0910428,0.0,1,0.0
closeness,N/A,0.1,0.3,1.0,6,rrg,0,0.045454543,,,1,0.045454543,0.0,1,3.0910428,,3.0910428,0.0,1,
closeness,N/A,0.2,0.3,0.1,6,rrg,512,0.045454543,0.045454543,0.0,1,0.045454543,0.0,0,3.0910428,3.0910427570343018,3.0910428,0.0,1,0.0
closeness,N/A,0.2,0.3,0.2,6,rrg,512,0.045454543,0.04545454,3.7252903e-09,1,0.045454543,0.0,0,3.0910428,3.0910427570343018,3.0910428,0.0,1,0.0
closeness,N/A,0.2,0.3,0.30000000000000004,6,rrg,512,0.045454543,0.04545454,3.7252903e-09,1,0.045454543,0.0,0,3.0910428,3.0910427570343018,3.0910428,0.0,1,0.0
closeness,N/A,0.2,0.3,0.4,6,rrg,0,0.045454543,0.04545454,3.7252903e-09,1,0.045454543,0.0,0,3.0910428,3.091042995452881,3.0910428,0.0,1,0.0
closeness,N/A,0.2,0.3,0.5,6,rrg,0,0.045454543,0.04545454,3.7252903e-09,1,0.045454543,0.0,0,3.0910428,3.0910427570343018,3.0910428,0.0,1,0.0
closeness,N/A,0.2,0.3,0.6000000000000001,6,rrg,0,0.045454543,0.04545454,3.7252903e-09,1,0.045454543,0.0,0,3.0910428,3.0910427570343018,3.0910428,0.0,1,0.0
closeness,N/A,0.2,0.3,0.7000000000000001,6,rrg,0,0.045454543,0.04545454,3.7252903e-09,1,0.045454543,0.0,0,3.0910428,3.091042995452881,3.0910428,0.0,1,0.0
closeness,N/A,0.2,0.3,0.8,6,rrg,0,0.045454543,0.04545454,3.7252903e-09,1,0.045454543,0.0,0,3.0910428,3.0910427570343018,3.0910428,0.0,1,0.0
closeness,N/A,0.2,0.3,0.9,6,rrg,0,0.045454543,0.045454536,7.450581e-09,1,0.045454543,0.0,0,3.0910428,3.0910425186157227,3.0910428,0.0,1,0.0
closeness,N/A,0.2,0.3,1.0,6,rrg,0,0.045454543,,,1,0.045454543,0.0,0,3.0910428,,3.0910428,0.0,1,
closeness,N/A,0.3,0.3,0.1,6,rrg,519,0.045454543,0.045454543,0.0,1,0.045454543,0.0,0,3.0910428,3.0910427570343018,3.0910428,0.0,1,0.0
closeness,N/A,0.3,0.3,0.2,6,rrg,519,0.045454543,0.04545454,3.7252903e-09,1,0.045454543,0.0,0,3.0910428,3.0910427570343018,3.0910428,0.0,1,0.0
closeness,N/A,0.3,0.3,0.30000000000000004,6,rrg,519,0.045454543,0.04545454,3.7252903e-09,1,0.045454543,0.0,0,3.0910428,3.0910427570343018,3.0910428,0.0,1,0.0
closeness,N/A,0.3,0.3,0.4,6,rrg,0,0.045454543,0.04545454,3.7252903e-09,1,0.045454543,0.0,0,3.0910428,3.091042995452881,3.0910428,0.0,1,0.0
closeness,N/A,0.3,0.3,0.5,6,rrg,0,0.045454543,0.04545454,3.7252903e-09,1,0.045454543,0.0,0,3.0910428,3.0910427570343018,3.0910428,0.0,1,0.0
closeness,N/A,0.3,0.3,0.6000000000000001,6,rrg,0,0.045454543,0.04545454,3.7252903e-09,1,0.045454543,0.0,0,3.0910428,3.0910427570343018,3.0910428,0.0,1,0.0
closeness,N/A,0.3,0.3,0.7000000000000001,6,rrg,0,0.045454543,0.04545454,3.7252903e-09,1,0.045454543,0.0,0,3.0910428,3.091042995452881,3.0910428,0.0,1,0.0
closeness,N/A,0.3,0.3,0.8,6,rrg,0,0.045454543,0.04545454,3.7252903e-09,1,0.045454543,0.0,0,3.0910428,3.0910427570343018,3.0910428,0.0,1,0.0
closeness,N/A,0.3,0.3,0.9,6,rrg,0,0.045454543,0.045454536,7.450581e-09,1,0.045454543,0.0,0,3.0910428,3.0910425186157227,3.0910428,0.0,1,0.0
closeness,N/A,0.3,0.3,1.0,6,rrg,0,0.045454543,,,1,0.045454543,0.0,0,3.0910428,,3.0910428,0.0,1,
closeness,N/A,0.4,0.3,0.1,6,rrg,515,0.045454543,0.045454543,0.0,1,0.045454543,0.0,0,3.0910428,3.0910427570343018,3.0910428,0.0,1,0.0
closeness,N/A,0.4,0.3,0.2,6,rrg,515,0.045454543,0.04545454,3.7252903e-09,1,0.045454543,0.0,0,3.0910428,3.0910427570343018,3.0910428,0.0,1,0.0
closeness,N/A,0.4,0.3,0.30000000000000004,6,rrg,512,0.045454543,0.04545454,3.7252903e-09,1,0.045454543,0.0,1,3.0910428,3.0910427570343018,3.0910428,0.0,1,0.0
closeness,N/A,0.4,0.3,0.4,6,rrg,1,0.045454543,0.04545454,3.7252903e-09,1,0.045454543,0.0,0,3.0910428,3.091042995452881,3.0910428,0.0,1,0.0
closeness,N/A,0.4,0.3,0.5,6,rrg,1,0.045454543,0.04545454,3.7252903e-09,1,0.045454543,0.0,0,3.0910428,3.0910427570343018,3.0910428,0.0,1,0.0
closeness,N/A,0.4,0.3,0.6000000000000001,6,rrg,1,0.045454543,0.04545454,3.7252903e-09,1,0.045454543,0.0,0,3.0910428,3.0910427570343018,3.0910428,0.0,1,0.0
closeness,N/A,0.4,0.3,0.7000000000000001,6,rrg,1,0.045454543,0.04545454,3.7252903e-09,1,0.045454543,0.0,0,3.0910428,3.091042995452881,3.0910428,0.0,1,0.0
closeness,N/A,0.4,0.3,0.8,6,rrg,1,0.045454543,0.04545454,3.7252903e-09,1,0.045454543,0.0,0,3.0910428,3.0910427570343018,3.0910428,0.0,1,0.0
closeness,N/A,0.4,0.3,0.9,6,rrg,0,0.045454543,0.045454536,7.450581e-09,1,0.045454543,0.0,0,3.0910428,3.0910425186157227,3.0910428,0.0,1,0.0
closeness,N/A,0.4,0.3,1.0,6,rrg,0,0.045454543,,,1,0.045454543,0.0,0,3.0910428,,3.0910428,0.0,1,
closeness,N/A,0.05,0.3,0.1,7,rrg,2,0.045454543,0.045454543,0.0,1,0.045454543,0.0,0,3.0910428,3.0910427570343018,3.0910428,0.0,1,0.0
closeness,N/A,0.05,0.3,0.2,7,rrg,2,0.045454543,0.04545454,3.7252903e-09,1,0.045454543,0.0,0,3.0910428,3.0910427570343018,3.0910428,0.0,1,0.0
closeness,N/A,0.05,0.3,0.30000000000000004,7,rrg,2,0.045454543,0.04545454,3.7252903e-09,1,0.045454543,0.0,0,3.0910428,3.0910427570343018,3.0910428,0.0,1,0.0
closeness,N/A,0.05,0.3,0.4,7,rrg,2,0.045454543,0.04545454,3.7252903e-09,1,0.045454543,0.0,0,3.0910428,3.091042995452881,3.0910428,0.0,1,0.0
closeness,N/A,0.05,0.3,0.5,7,rrg,2,0.045454543,0.04545454,3.7252903e-09,1,0.045454543,0.0,0,3.0910428,3.0910427570343018,3.0910428,0.0,1,0.0
closeness,N/A,0.05,0.3,0.6000000000000001,7,rrg,0,0.045454543,0.04545454,3.7252903e-09,1,0.045454543,0.0,0,3.0910428,3.0910427570343018,3.0910428,0.0,1,0.0
closeness,N/A,0.05,0.3,0.7000000000000001,7,rrg,0,0.045454543,0.04545454,3.7252903e-09,1,0.045454543,0.0,0,3.0910428,3.091042995452881,3.0910428,0.0,1,0.0
closeness,N/A,0.05,0.3,0.8,7,rrg,0,0.045454543,0.04545454,3.7252903e-09,1,0.045454543,0.0,0,3.0910428,3.0910427570343018,3.0910428,0.0,1,0.0
closeness,N/A,0.05,0.3,0.9,7,rrg,0,0.045454543,0.045454536,7.450581e-09,1,0.045454543,0.0,0,3.0910428,3.0910425186157227,3.0910428,0.0,1,0.0
closeness,N/A,0.05,0.3,1.0,7,rrg,0,0.045454543,,,1,0.045454543,0.0,0,3.0910428,,3.0910428,0.0,1,
closeness,N/A,0.1,0.3,0.1,7,rrg,518,0.045454543,0.045454543,0.0,1,0.045454543,0.0,0,3.0910428,3.0910427570343018,3.0910428,0.0,1,0.0
closeness,N/A,0.1,0.3,0.2,7,rrg,518,0.045454543,0.04545454,3.7252903e-09,1,0.045454543,0.0,0,3.0910428,3.0910427570343018,3.0910428,0.0,1,0.0
closeness,N/A,0.1,0.3,0.30000000000000004,7,rrg,518,0.045454543,0.04545454,3.7252903e-09,1,0.045454543,0.0,0,3.0910428,3.0910427570343018,3.0910428,0.0,1,0.0
closeness,N/A,0.1,0.3,0.4,7,rrg,0,0.045454543,0.04545454,3.7252903e-09,1,0.045454543,0.0,0,3.0910428,3.091042995452881,3.0910428,0.0,1,0.0
closeness,N/A,0.1,0.3,0.5,7,rrg,0,0.045454543,0.04545454,3.7252903e-09,1,0.045454543,0.0,0,3.0910428,3.0910427570343018,3.0910428,0.0,1,0.0
closeness,N/A,0.1,0.3,0.6000000000000001,7,rrg,0,0.045454543,0.04545454,3.7252903e-09,1,0.045454543,0.0,0,3.0910428,3.0910427570343018,3.0910428,0.0,1,0.0
closeness,N/A,0.1,0.3,0.7000000000000001,7,rrg,0,0.045454543,0.04545454,3.7252903e-09,1,0.045454543,0.0,0,3.0910428,3.091042995452881,3.0910428,0.0,1,0.0
closeness,N/A,0.1,0.3,0.8,7,rrg,0,0.045454543,0.04545454,3.7252903e-09,1,0.045454543,0.0,0,3.0910428,3.0910427570343018,3.0910428,0.0,1,0.0
closeness,N/A,0.1,0.3,0.9,7,rrg,0,0.045454543,0.045454536,7.450581e-09,1,0.045454543,0.0,0,3.0910428,3.0910425186157227,3.0910428,0.0,1,0.0
closeness,N/A,0.1,0.3,1.0,7,rrg,0,0.045454543,,,1,0.045454543,0.0,0,3.0910428,,3.0910428,0.0,1,
closeness,N/A,0.2,0.3,0.1,7,rrg,11,0.045454543,0.045454543,0.0,1,0.045454543,0.0,0,3.0910428,3.0910427570343018,3.0910428,0.0,1,0.0
closeness,N/A,0.2,0.3,0.2,7,rrg,512,0.045454543,0.04545454,3.7252903e-09,1,0.045454543,0.0,0,3.0910428,3.0910427570343018,3.0910428,0.0,1,0.0
closeness,N/A,0.2,0.3,0.30000000000000004,7,rrg,512,0.045454543,0.04545454,3.7252903e-09,1,0.045454543,0.0,0,3.0910428,3.0910427570343018,3.0910428,0.0,1,0.0
closeness,N/A,0.2,0.3,0.4,7,rrg,1,0.045454543,0.04545454,3.7252903e-09,1,0.045454543,0.0,0,3.0910428,3.091042995452881,3.0910428,0.0,1,0.0
closeness,N/A,0.2,0.3,0.5,7,rrg,1,0.045454543,0.04545454,3.7252903e-09,1,0.045454543,0.0,0,3.0910428,3.0910427570343018,3.0910428,0.0,1,0.0
closeness,N/A,0.2,0.3,0.6000000000000001,7,rrg,1,0.045454543,0.04545454,3.7252903e-09,1,0.045454543,0.0,0,3.0910428,3.0910427570343018,3.0910428,0.0,1,0.0
closeness,N/A,0.2,0.3,0.7000000000000001,7,rrg,1,0.045454543,0.04545454,3.7252903e-09,1,0.045454543,0.0,0,3.0910428,3.091042995452881,3.0910428,0.0,1,0.0
closeness,N/A,0.2,0.3,0.8,7,rrg,1,0.045454543,0.04545454,3.7252903e-09,1,0.045454543,0.0,0,3.0910428,3.0910427570343018,3.0910428,0.0,1,0.0
closeness,N/A,0.2,0.3,0.9,7,rrg,1,0.045454543,0.045454536,7.450581e-09,1,0.045454543,0.0,0,3.0910428,3.0910425186157227,3.0910428,0.0,1,0.0
closeness,N/A,0.2,0.3,1.0,7,rrg,0,0.045454543,,,1,0.045454543,0.0,0,3.0910428,,3.0910428,0.0,1,
closeness,N/A,0.3,0.3,0.1,7,rrg,513,0.045454543,0.045454543,0.0,1,0.045454543,0.0,0,3.0910428,3.0910427570343018,3.0910428,0.0,1,0.0
closeness,N/A,0.3,0.3,0.2,7,rrg,513,0.045454543,0.04545454,3.7252903e-09,1,0.045454543,0.0,0,3.0910428,3.0910427570343018,3.0910428,0.0,1,0.0
closeness,N/A,0.3,0.3,0.30000000000000004,7,rrg,513,0.045454543,0.04545454,3.7252903e-09,1,0.045454543,0.0,0,3.0910428,3.0910427570343018,3.0910428,0.0,1,0.0
closeness,N/A,0.3,0.3,0.4,7,rrg,0,0.045454543,0.04545454,3.7252903e-09,1,0.045454543,0.0,0,3.0910428,3.091042995452881,3.0910428,0.0,1,0.0
closeness,N/A,0.3,0.3,0.5,7,rrg,0,0.045454543,0.04545454,3.7252903e-09,1,0.045454543,0.0,0,3.0910428,3.0910427570343018,3.0910428,0.0,1,0.0
closeness,N/A,0.3,0.3,0.6000000000000001,7,rrg,0,0.045454543,0.04545454,3.7252903e-09,1,0.045454543,0.0,0,3.0910428,3.0910427570343018,3.0910428,0.0,1,0.0
closeness,N/A,0.3,0.3,0.7000000000000001,7,rrg,0,0.045454543,0.04545454,3.7252903e-09,1,0.045454543,0.0,0,3.0910428,3.091042995452881,3.0910428,0.0,1,0.0
closeness,N/A,0.3,0.3,0.8,7,rrg,0,0.045454543,0.04545454,3.7252903e-09,1,0.045454543,0.0,0,3.0910428,3.0910427570343018,3.0910428,0.0,1,0.0
closeness,N/A,0.3,0.3,0.9,7,rrg,0,0.045454543,0.045454536,7.450581e-09,1,0.045454543,0.0,0,3.0910428,3.0910425186157227,3.0910428,0.0,1,0.0
closeness,N/A,0.3,0.3,1.0,7,rrg,0,0.045454543,,,1,0.045454543,0.0,0,3.0910428,,3.0910428,0.0,1,
closeness,N/A,0.4,0.3,0.1,7,rrg,2,0.045454543,0.045454543,0.0,1,0.045454543,0.0,1,3.0910428,3.0910427570343018,3.0910428,0.0,1,0.0
closeness,N/A,0.4,0.3,0.2,7,rrg,2,0.045454543,0.04545454,3.7252903e-09,1,0.045454543,0.0,1,3.0910428,3.0910427570343018,3.0910428,0.0,1,0.0
closeness,N/A,0.4,0.3,0.30000000000000004,7,rrg,512,0.045454543,0.04545454,3.7252903e-09,1,0.045454543,0.0,0,3.0910428,3.0910427570343018,3.0910428,0.0,1,0.0
closeness,N/A,0.4,0.3,0.4,7,rrg,2,0.045454543,0.04545454,3.7252903e-09,1,0.045454543,0.0,1,3.0910428,3.091042995452881,3.0910428,0.0,1,0.0
closeness,N/A,0.4,0.3,0.5,7,rrg,2,0.045454543,0.04545454,3.7252903e-09,1,0.045454543,0.0,1,3.0910428,3.0910427570343018,3.0910428,0.0,1,0.0
closeness,N/A,0.4,0.3,0.6000000000000001,7,rrg,2,0.045454543,0.04545454,3.7252903e-09,1,0.045454543,0.0,1,3.0910428,3.0910427570343018,3.0910428,0.0,1,0.0
closeness,N/A,0.4,0.3,0.7000000000000001,7,rrg,2,0.045454543,0.04545454,3.7252903e-09,1,0.045454543,0.0,1,3.0910428,3.091042995452881,3.0910428,0.0,1,0.0
closeness,N/A,0.4,0.3,0.8,7,rrg,2,0.045454543,0.04545454,3.7252903e-09,1,0.045454543,0.0,1,3.0910428,3.0910427570343018,3.0910428,0.0,1,0.0
closeness,N/A,0.4,0.3,0.9,7,rrg,1,0.045454543,0.045454536,7.450581e-09,1,0.045454543,0.0,0,3.0910428,3.0910425186157227,3.0910428,0.0,1,0.0
closeness,N/A,0.4,0.3,1.0,7,rrg,0,0.045454543,,,1,0.045454543,0.0,0,3.0910428,,3.0910428,0.0,1,
closeness,N/A,0.05,0.3,0.1,8,rrg,514,0.045454543,0.045454543,0.0,1,0.045454543,0.0,0,3.0910428,3.0910427570343018,3.0910428,0.0,1,0.0
closeness,N/A,0.05,0.3,0.2,8,rrg,0,0.045454543,0.04545454,3.7252903e-09,1,0.045454543,0.0,0,3.0910428,3.0910427570343018,3.0910428,0.0,1,0.0
closeness,N/A,0.05,0.3,0.30000000000000004,8,rrg,0,0.045454543,0.04545454,3.7252903e-09,1,0.045454543,0.0,0,3.0910428,3.0910427570343018,3.0910428,0.0,1,0.0
closeness,N/A,0.05,0.3,0.4,8,rrg,0,0.045454543,0.04545454,3.7252903e-09,1,0.045454543,0.0,0,3.0910428,3.091042995452881,3.0910428,0.0,1,0.0
closeness,N/A,0.05,0.3,0.5,8,rrg,0,0.045454543,0.04545454,3.7252903e-09,1,0.045454543,0.0,0,3.0910428,3.0910427570343018,3.0910428,0.0,1,0.0
closeness,N/A,0.05,0.3,0.6000000000000001,8,rrg,0,0.045454543,0.04545454,3.7252903e-09,1,0.045454543,0.0,0,3.0910428,3.0910427570343018,3.0910428,0.0,1,0.0
closeness,N/A,0.05,0.3,0.7000000000000001,8,rrg,0,0.045454543,0.04545454,3.7252903e-09,1,0.045454543,0.0,0,3.0910428,3.091042995452881,3.0910428,0.0,1,0.0
closeness,N/A,0.05,0.3,0.8,8,rrg,0,0.045454543,0.04545454,3.7252903e-09,1,0.045454543,0.0,0,3.0910428,3.0910427570343018,3.0910428,0.0,1,0.0
closeness,N/A,0.05,0.3,0.9,8,rrg,0,0.045454543,0.045454536,7.450581e-09,1,0.045454543,0.0,0,3.0910428,3.0910425186157227,3.0910428,0.0,1,0.0
closeness,N/A,0.05,0.3,1.0,8,rrg,0,0.045454543,,,1,0.045454543,0.0,0,3.0910428,,3.0910428,0.0,1,
closeness,N/A,0.1,0.3,0.1,8,rrg,512,0.045454543,0.045454543,0.0,1,0.045454543,0.0,0,3.0910428,3.0910427570343018,3.0910428,0.0,1,0.0
closeness,N/A,0.1,0.3,0.2,8,rrg,512,0.045454543,0.04545454,3.7252903e-09,1,0.045454543,0.0,0,3.0910428,3.0910427570343018,3.0910428,0.0,1,0.0
closeness,N/A,0.1,0.3,0.30000000000000004,8,rrg,512,0.045454543,0.04545454,3.7252903e-09,1,0.045454543,0.0,0,3.0910428,3.0910427570343018,3.0910428,0.0,1,0.0
closeness,N/A,0.1,0.3,0.4,8,rrg,2,0.045454543,0.04545454,3.7252903e-09,1,0.045454543,0.0,0,3.0910428,3.091042995452881,3.0910428,0.0,1,0.0
closeness,N/A,0.1,0.3,0.5,8,rrg,2,0.045454543,0.04545454,3.7252903e-09,1,0.045454543,0.0,0,3.0910428,3.0910427570343018,3.0910428,0.0,1,0.0
closeness,N/A,0.1,0.3,0.6000000000000001,8,rrg,2,0.045454543,0.04545454,3.7252903e-09,1,0.045454543,0.0,0,3.0910428,3.0910427570343018,3.0910428,0.0,1,0.0
closeness,N/A,0.1,0.3,0.7000000000000001,8,rrg,0,0.045454543,0.04545454,3.7252903e-09,1,0.045454543,0.0,0,3.0910428,3.091042995452881,3.0910428,0.0,1,0.0
closeness,N/A,0.1,0.3,0.8,8,rrg,0,0.045454543,0.04545454,3.7252903e-09,1,0.045454543,0.0,0,3.0910428,3.0910427570343018,3.0910428,0.0,1,0.0
closeness,N/A,0.1,0.3,0.9,8,rrg,0,0.045454543,0.045454536,7.450581e-09,1,0.045454543,0.0,0,3.0910428,3.0910425186157227,3.0910428,0.0,1,0.0
closeness,N/A,0.1,0.3,1.0,8,rrg,0,0.045454543,,,1,0.045454543,0.0,0,3.0910428,,3.0910428,0.0,1,
closeness,N/A,0.2,0.3,0.1,8,rrg,516,0.045454543,0.045454543,0.0,1,0.045454543,0.0,1,3.0910428,3.0910427570343018,3.0910428,0.0,1,0.0
closeness,N/A,0.2,0.3,0.2,8,rrg,515,0.045454543,0.04545454,3.7252903e-09,1,0.045454543,0.0,0,3.0910428,3.0910427570343018,3.0910428,0.0,1,0.0
closeness,N/A,0.2,0.3,0.30000000000000004,8,rrg,512,0.045454543,0.04545454,3.7252903e-09,1,0.045454543,0.0,0,3.0910428,3.0910427570343018,3.0910428,0.0,1,0.0
closeness,N/A,0.2,0.3,0.4,8,rrg,2,0.045454543,0.04545454,3.7252903e-09,1,0.045454543,0.0,1,3.0910428,3.091042995452881,3.0910428,0.0,1,0.0
closeness,N/A,0.2,0.3,0.5,8,rrg,2,0.045454543,0.04545454,3.7252903e-09,1,0.045454543,0.0,1,3.0910428,3.0910427570343018,3.0910428,0.0,1,0.0
closeness,N/A,0.2,0.3,0.6000000000000001,8,rrg,0,0.045454543,0.04545454,3.7252903e-09,1,0.045454543,0.0,0,3.0910428,3.0910427570343018,3.0910428,0.0,1,0.0
closeness,N/A,0.2,0.3,0.7000000000000001,8,rrg,0,0.045454543,0.04545454,3.7252903e-09,1,0.045454543,0.0,0,3.0910428,3.091042995452881,3.0910428,0.0,1,0.0
closeness,N/A,0.2,0.3,0.8,8,rrg,0,0.045454543,0.04545454,3.7252903e-09,1,0.045454543,0.0,0,3.0910428,3.0910427570343018,3.0910428,0.0,1,0.0
closeness,N/A,0.2,0.3,0.9,8,rrg,0,0.045454543,0.045454536,7.450581e-09,1,0.045454543,0.0,0,3.0910428,3.0910425186157227,3.0910428,0.0,1,0.0
closeness,N/A,0.2,0.3,1.0,8,rrg,0,0.045454543,,,1,0.045454543,0.0,0,3.0910428,,3.0910428,0.0,1,
closeness,N/A,0.3,0.3,0.1,8,rrg,520,0.045454543,0.045454543,0.0,1,0.045454543,0.0,0,3.0910428,3.0910427570343018,3.0910428,0.0,1,0.0
closeness,N/A,0.3,0.3,0.2,8,rrg,0,0.045454543,0.04545454,3.7252903e-09,1,0.045454543,0.0,1,3.0910428,3.0910427570343018,3.0910428,0.0,1,0.0
closeness,N/A,0.3,0.3,0.30000000000000004,8,rrg,512,0.045454543,0.04545454,3.7252903e-09,1,0.045454543,0.0,0,3.0910428,3.0910427570343018,3.0910428,0.0,1,0.0
closeness,N/A,0.3,0.3,0.4,8,rrg,0,0.045454543,0.04545454,3.7252903e-09,1,0.045454543,0.0,1,3.0910428,3.091042995452881,3.0910428,0.0,1,0.0
closeness,N/A,0.3,0.3,0.5,8,rrg,0,0.045454543,0.04545454,3.7252903e-09,1,0.045454543,0.0,1,3.0910428,3.0910427570343018,3.0910428,0.0,1,0.0
closeness,N/A,0.3,0.3,0.6000000000000001,8,rrg,0,0.045454543,0.04545454,3.7252903e-09,1,0.045454543,0.0,1,3.0910428,3.0910427570343018,3.0910428,0.0,1,0.0
closeness,N/A,0.3,0.3,0.7000000000000001,8,rrg,0,0.045454543,0.04545454,3.7252903e-09,1,0.045454543,0.0,1,3.0910428,3.091042995452881,3.0910428,0.0,1,0.0
closeness,N/A,0.3,0.3,0.8,8,rrg,0,0.045454543,0.04545454,3.7252903e-09,1,0.045454543,0.0,1,3.0910428,3.0910427570343018,3.0910428,0.0,1,0.0
closeness,N/A,0.3,0.3,0.9,8,rrg,0,0.045454543,0.045454536,7.450581e-09,1,0.045454543,0.0,1,3.0910428,3.0910425186157227,3.0910428,0.0,1,0.0
closeness,N/A,0.3,0.3,1.0,8,rrg,0,0.045454543,,,1,0.045454543,0.0,1,3.0910428,,3.0910428,0.0,1,
closeness,N/A,0.4,0.3,0.1,8,rrg,0,0.045454543,0.045454543,0.0,1,0.045454543,0.0,1,3.0910428,3.0910427570343018,3.0910428,0.0,1,0.0
closeness,N/A,0.4,0.3,0.2,8,rrg,0,0.045454543,0.04545454,3.7252903e-09,1,0.045454543,0.0,1,3.0910428,3.0910427570343018,3.0910428,0.0,1,0.0
closeness,N/A,0.4,0.3,0.30000000000000004,8,rrg,0,0.045454543,0.04545454,3.7252903e-09,1,0.045454543,0.0,1,3.0910428,3.0910427570343018,3.0910428,0.0,1,0.0
closeness,N/A,0.4,0.3,0.4,8,rrg,0,0.045454543,0.04545454,3.7252903e-09,1,0.045454543,0.0,1,3.0910428,3.091042995452881,3.0910428,0.0,1,0.0
closeness,N/A,0.4,0.3,0.5,8,rrg,0,0.045454543,0.04545454,3.7252903e-09,1,0.045454543,0.0,1,3.0910428,3.0910427570343018,3.0910428,0.0,1,0.0
closeness,N/A,0.4,0.3,0.6000000000000001,8,rrg,0,0.045454543,0.04545454,3.7252903e-09,1,0.045454543,0.0,1,3.0910428,3.0910427570343018,3.0910428,0.0,1,0.0
closeness,N/A,0.4,0.3,0.7000000000000001,8,rrg,0,0.045454543,0.04545454,3.7252903e-09,1,0.045454543,0.0,1,3.0910428,3.091042995452881,3.0910428,0.0,1,0.0
closeness,N/A,0.4,0.3,0.8,8,rrg,0,0.045454543,0.04545454,3.7252903e-09,1,0.045454543,0.0,1,3.0910428,3.0910427570343018,3.0910428,0.0,1,0.0
closeness,N/A,0.4,0.3,0.9,8,rrg,0,0.045454543,0.045454536,7.450581e-09,1,0.045454543,0.0,1,3.0910428,3.0910425186157227,3.0910428,0.0,1,0.0
closeness,N/A,0.4,0.3,1.0,8,rrg,0,0.045454543,,,1,0.045454543,0.0,1,3.0910428,,3.0910428,0.0,1,
closeness,N/A,0.05,0.3,0.1,9,rrg,0,0.045454543,0.045454543,0.0,1,0.045454543,0.0,0,3.0910428,3.0910427570343018,3.0910428,0.0,1,0.0
closeness,N/A,0.05,0.3,0.2,9,rrg,0,0.045454543,0.04545454,3.7252903e-09,1,0.045454543,0.0,0,3.0910428,3.0910427570343018,3.0910428,0.0,1,0.0
closeness,N/A,0.05,0.3,0.30000000000000004,9,rrg,0,0.045454543,0.04545454,3.7252903e-09,1,0.045454543,0.0,0,3.0910428,3.0910427570343018,3.0910428,0.0,1,0.0
closeness,N/A,0.05,0.3,0.4,9,rrg,0,0.045454543,0.04545454,3.7252903e-09,1,0.045454543,0.0,0,3.0910428,3.091042995452881,3.0910428,0.0,1,0.0
closeness,N/A,0.05,0.3,0.5,9,rrg,0,0.045454543,0.04545454,3.7252903e-09,1,0.045454543,0.0,0,3.0910428,3.0910427570343018,3.0910428,0.0,1,0.0
closeness,N/A,0.05,0.3,0.6000000000000001,9,rrg,0,0.045454543,0.04545454,3.7252903e-09,1,0.045454543,0.0,0,3.0910428,3.0910427570343018,3.0910428,0.0,1,0.0
closeness,N/A,0.05,0.3,0.7000000000000001,9,rrg,0,0.045454543,0.04545454,3.7252903e-09,1,0.045454543,0.0,0,3.0910428,3.091042995452881,3.0910428,0.0,1,0.0
closeness,N/A,0.05,0.3,0.8,9,rrg,0,0.045454543,0.04545454,3.7252903e-09,1,0.045454543,0.0,0,3.0910428,3.0910427570343018,3.0910428,0.0,1,0.0
closeness,N/A,0.05,0.3,0.9,9,rrg,0,0.045454543,0.045454536,7.450581e-09,1,0.045454543,0.0,0,3.0910428,3.0910425186157227,3.0910428,0.0,1,0.0
closeness,N/A,0.05,0.3,1.0,9,rrg,0,0.045454543,,,1,0.045454543,0.0,0,3.0910428,,3.0910428,0.0,1,
closeness,N/A,0.1,0.3,0.1,9,rrg,2,0.045454543,0.045454543,0.0,1,0.045454543,0.0,0,3.0910428,3.0910427570343018,3.0910428,0.0,1,0.0
closeness,N/A,0.1,0.3,0.2,9,rrg,2,0.045454543,0.04545454,3.7252903e-09,1,0.045454543,0.0,0,3.0910428,3.0910427570343018,3.0910428,0.0,1,0.0
closeness,N/A,0.1,0.3,0.30000000000000004,9,rrg,2,0.045454543,0.04545454,3.7252903e-09,1,0.045454543,0.0,0,3.0910428,3.0910427570343018,3.0910428,0.0,1,0.0
closeness,N/A,0.1,0.3,0.4,9,rrg,1,0.045454543,0.04545454,3.7252903e-09,1,0.045454543,0.0,0,3.0910428,3.091042995452881,3.0910428,0.0,1,0.0
closeness,N/A,0.1,0.3,0.5,9,rrg,1,0.045454543,0.04545454,3.7252903e-09,1,0.045454543,0.0,0,3.0910428,3.0910427570343018,3.0910428,0.0,1,0.0
closeness,N/A,0.1,0.3,0.6000000000000001,9,rrg,1,0.045454543,0.04545454,3.7252903e-09,1,0.045454543,0.0,0,3.0910428,3.0910427570343018,3.0910428,0.0,1,0.0
closeness,N/A,0.1,0.3,0.7000000000000001,9,rrg,1,0.045454543,0.04545454,3.7252903e-09,1,0.045454543,0.0,0,3.0910428,3.091042995452881,3.0910428,0.0,1,0.0
closeness,N/A,0.1,0.3,0.8,9,rrg,1,0.045454543,0.04545454,3.7252903e-09,1,0.045454543,0.0,0,3.0910428,3.0910427570343018,3.0910428,0.0,1,0.0
closeness,N/A,0.1,0.3,0.9,9,rrg,0,0.045454543,0.045454536,7.450581e-09,1,0.045454543,0.0,1,3.0910428,3.0910425186157227,3.0910428,0.0,1,0.0
closeness,N/A,0.1,0.3,1.0,9,rrg,0,0.045454543,,,1,0.045454543,0.0,1,3.0910428,,3.0910428,0.0,1,
closeness,N/A,0.2,0.3,0.1,9,rrg,1,0.045454543,0.045454543,0.0,1,0.045454543,0.0,0,3.0910428,3.0910427570343018,3.0910428,0.0,1,0.0
closeness,N/A,0.2,0.3,0.2,9,rrg,1,0.045454543,0.04545454,3.7252903e-09,1,0.045454543,0.0,0,3.0910428,3.0910427570343018,3.0910428,0.0,1,0.0
closeness,N/A,0.2,0.3,0.30000000000000004,9,rrg,1,0.045454543,0.04545454,3.7252903e-09,1,0.045454543,0.0,0,3.0910428,3.0910427570343018,3.0910428,0.0,1,0.0
closeness,N/A,0.2,0.3,0.4,9,rrg,1,0.045454543,0.04545454,3.7252903e-09,1,0.045454543,0.0,0,3.0910428,3.091042995452881,3.0910428,0.0,1,0.0
closeness,N/A,0.2,0.3,0.5,9,rrg,1,0.045454543,0.04545454,3.7252903e-09,1,0.045454543,0.0,0,3.0910428,3.0910427570343018,3.0910428,0.0,1,0.0
closeness,N/A,0.2,0.3,0.6000000000000001,9,rrg,0,0.045454543,0.04545454,3.7252903e-09,1,0.045454543,0.0,0,3.0910428,3.0910427570343018,3.0910428,0.0,1,0.0
closeness,N/A,0.2,0.3,0.7000000000000001,9,rrg,0,0.045454543,0.04545454,3.7252903e-09,1,0.045454543,0.0,0,3.0910428,3.091042995452881,3.0910428,0.0,1,0.0
closeness,N/A,0.2,0.3,0.8,9,rrg,0,0.045454543,0.04545454,3.7252903e-09,1,0.045454543,0.0,0,3.0910428,3.0910427570343018,3.0910428,0.0,1,0.0
closeness,N/A,0.2,0.3,0.9,9,rrg,0,0.045454543,0.045454536,7.450581e-09,1,0.045454543,0.0,0,3.0910428,3.0910425186157227,3.0910428,0.0,1,0.0
closeness,N/A,0.2,0.3,1.0,9,rrg,0,0.045454543,,,1,0.045454543,0.0,0,3.0910428,,3.0910428,0.0,1,
closeness,N/A,0.3,0.3,0.1,9,rrg,520,0.045454543,0.045454543,0.0,1,0.045454543,0.0,0,3.0910428,3.0910427570343018,3.0910428,0.0,1,0.0
closeness,N/A,0.3,0.3,0.2,9,rrg,2,0.045454543,0.04545454,3.7252903e-09,1,0.045454543,0.0,0,3.0910428,3.0910427570343018,3.0910428,0.0,1,0.0
closeness,N/A,0.3,0.3,0.30000000000000004,9,rrg,512,0.045454543,0.04545454,3.7252903e-09,1,0.045454543,0.0,0,3.0910428,3.0910427570343018,3.0910428,0.0,1,0.0
closeness,N/A,0.3,0.3,0.4,9,rrg,2,0.045454543,0.04545454,3.7252903e-09,1,0.045454543,0.0,0,3.0910428,3.091042995452881,3.0910428,0.0,1,0.0
closeness,N/A,0.3,0.3,0.5,9,rrg,1,0.045454543,0.04545454,3.7252903e-09,1,0.045454543,0.0,1,3.0910428,3.0910427570343018,3.0910428,0.0,1,0.0
closeness,N/A,0.3,0.3,0.6000000000000001,9,rrg,1,0.045454543,0.04545454,3.7252903e-09,1,0.045454543,0.0,1,3.0910428,3.0910427570343018,3.0910428,0.0,1,0.0
closeness,N/A,0.3,0.3,0.7000000000000001,9,rrg,1,0.045454543,0.04545454,3.7252903e-09,1,0.045454543,0.0,1,3.0910428,3.091042995452881,3.0910428,0.0,1,0.0
closeness,N/A,0.3,0.3,0.8,9,rrg,0,0.045454543,0.04545454,3.7252903e-09,1,0.045454543,0.0,0,3.0910428,3.0910427570343018,3.0910428,0.0,1,0.0
closeness,N/A,0.3,0.3,0.9,9,rrg,0,0.045454543,0.045454536,7.450581e-09,1,0.045454543,0.0,0,3.0910428,3.0910425186157227,3.0910428,0.0,1,0.0
closeness,N/A,0.3,0.3,1.0,9,rrg,0,0.045454543,,,1,0.045454543,0.0,0,3.0910428,,3.0910428,0.0,1,
closeness,N/A,0.4,0.3,0.1,9,rrg,515,0.045454543,0.045454543,0.0,1,0.045454543,0.0,0,3.0910428,3.0910427570343018,3.0910428,0.0,1,0.0
closeness,N/A,0.4,0.3,0.2,9,rrg,515,0.045454543,0.04545454,3.7252903e-09,1,0.045454543,0.0,0,3.0910428,3.0910427570343018,3.0910428,0.0,1,0.0
closeness,N/A,0.4,0.3,0.30000000000000004,9,rrg,515,0.045454543,0.04545454,3.7252903e-09,1,0.045454543,0.0,0,3.0910428,3.0910427570343018,3.0910428,0.0,1,0.0
closeness,N/A,0.4,0.3,0.4,9,rrg,6,0.045454543,0.04545454,3.7252903e-09,1,0.045454543,0.0,1,3.0910428,3.091042995452881,3.0910428,0.0,1,0.0
closeness,N/A,0.4,0.3,0.5,9,rrg,6,0.045454543,0.04545454,3.7252903e-09,1,0.045454543,0.0,1,3.0910428,3.0910427570343018,3.0910428,0.0,1,0.0
closeness,N/A,0.4,0.3,0.6000000000000001,9,rrg,1,0.045454543,0.04545454,3.7252903e-09,1,0.045454543,0.0,1,3.0910428,3.0910427570343018,3.0910428,0.0,1,0.0
closeness,N/A,0.4,0.3,0.7000000000000001,9,rrg,1,0.045454543,0.04545454,3.7252903e-09,1,0.045454543,0.0,1,3.0910428,3.091042995452881,3.0910428,0.0,1,0.0
closeness,N/A,0.4,0.3,0.8,9,rrg,0,0.045454543,0.04545454,3.7252903e-09,1,0.045454543,0.0,0,3.0910428,3.0910427570343018,3.0910428,0.0,1,0.0
closeness,N/A,0.4,0.3,0.9,9,rrg,0,0.045454543,0.045454536,7.450581e-09,1,0.045454543,0.0,0,3.0910428,3.0910425186157227,3.0910428,0.0,1,0.0
closeness,N/A,0.4,0.3,1.0,9,rrg,0,0.045454543,,,1,0.045454543,0.0,0,3.0910428,,3.0910428,0.0,1,
