method,metric,delta,lambda,rho,sim,graph,selected_sensor,p_inf_selected,cand_mean_p_inf,cand_std_p_inf,rank_in_candidates,neigh_mean_p_inf,neigh_std_p_inf,true_state_t0,entropy_selected,entropy_cand_mean,entropy_neigh_mean,frontier_selected,frontier_rank,frontier_cand_mean
random,N/A,0.05,0.3,0.1,0,rrg,64,0.045454543,0.04545454,3.7252903e-09,1,0.045454543,0.0,0,3.0910428,3.0910427570343018,3.0910428,0.0,1,0.0
random,N/A,0.05,0.3,0.2,0,rrg,3,0.045454543,0.04545454,3.7252903e-09,1,0.045454543,0.0,0,3.0910428,3.091042995452881,3.0910428,0.0,1,0.0
random,N/A,0.05,0.3,0.30000000000000004,0,rrg,5,0.045454543,0.045454536,7.450581e-09,1,0.045454543,0.0,0,3.0910428,3.091043472290039,3.0910428,0.0,1,0.0
random,N/A,0.05,0.3,0.4,0,rrg,1,0.045454543,0.04545454,3.7252903e-09,1,0.045454543,0.0,0,3.0910428,3.09104323387146,3.0910428,0.0,1,0.0
random,N/A,0.05,0.3,0.5,0,rrg,4,0.045454543,0.04545454,3.7252903e-09,1,0.045454543,0.0,0,3.0910428,3.091042995452881,3.0910428,0.0,1,0.0
random,N/A,0.05,0.3,0.6000000000000001,0,rrg,1,0.045454543,0.045454543,0.0,1,0.045454543,0.0,0,3.0910428,3.0910427570343018,3.0910428,0.0,1,0.0
random,N/A,0.05,0.3,0.7000000000000001,0,rrg,1,0.045454543,0.045454536,7.450581e-09,1,0.045454543,0.0,0,3.0910428,3.0910425186157227,3.0910428,0.0,1,0.0
random,N/A,0.05,0.3,0.8,0,rrg,0,0.045454543,0.045454547,3.7252903e-09,1,0.045454543,0.0,0,3.0910428,3.0910425186157227,3.0910428,0.0,1,0.0
random,N/A,0.05,0.3,0.9,0,rrg,0,0.045454543,0.04545454,3.7252903e-09,1,0.045454543,0.0,0,3.0910428,3.091042995452881,3.0910428,0.0,1,0.0
random,N/A,0.05,0.3,1.0,0,rrg,0,0.045454543,,,1,0.045454543,0.0,0,3.0910428,,3.0910428,0.0,1,
random,N/A,0.2,0.3,0.1,0,rrg,67,0.045454543,0.04545454,3.7252903e-09,1,0.045454543,0.0,0,3.0910428,3.0910427570343018,3.0910428,0.0,1,0.0
random,N/A,0.2,0.3,0.2,0,rrg,14,0.045454543,0.04545454,3.7252903e-09,1,0.045454543,0.0,1,3.0910428,3.091042995452881,3.0910428,0.0,1,0.0
random,N/A,0.2,0.3,0.30000000000000004,0,rrg,0,0.045454543,0.045454536,7.450581e-09,1,0.045454543,0.0,0,3.0910428,3.091043472290039,3.0910428,0.0,1,0.0
random,N/A,0.2,0.3,0.4,0,rrg,1,0.045454543,0.04545454,3.7252903e-09,1,0.045454543,0.0,0,3.0910428,3.09104323387146,3.0910428,0.0,1,0.0
random,N/A,0.2,0.3,0.5,0,rrg,1,0.045454543,0.04545454,3.7252903e-09,1,0.045454543,0.0,0,3.0910428,3.091042995452881,3.0910428,0.0,1,0.0
random,N/A,0.2,0.3,0.6000000000000001,0,rrg,0,0.045454543,0.045454543,0.0,1,0.045454543,0.0,0,3.0910428,3.0910427570343018,3.0910428,0.0,1,0.0
random,N/A,0.2,0.3,0.7000000000000001,0,rrg,0,0.045454543,0.045454536,7.450581e-09,1,0.045454543,0.0,0,3.0910428,3.0910425186157227,3.0910428,0.0,1,0.0
random,N/A,0.2,0.3,0.8,0,rrg,0,0.045454543,0.045454547,3.7252903e-09,1,0.045454543,0.0,0,3.0910428,3.0910425186157227,3.0910428,0.0,1,0.0
random,N/A,0.2,0.3,0.9,0,rrg,0,0.045454543,0.04545454,3.7252903e-09,1,0.045454543,0.0,0,3.0910428,3.091042995452881,3.0910428,0.0,1,0.0
random,N/A,0.2,0.3,1.0,0,rrg,0,0.045454543,,,1,0.045454543,0.0,0,3.0910428,,3.0910428,0.0,1,
random,N/A,0.4,0.3,0.1,0,rrg,37,0.045454543,0.04545454,3.7252903e-09,1,0.045454543,0.0,0,3.0910428,3.0910427570343018,3.0910428,0.0,1,0.0
random,N/A,0.4,0.3,0.2,0,rrg,4,0.045454543,0.04545454,3.7252903e-09,1,0.045454543,0.0,1,3.0910428,3.091042995452881,3.0910428,0.0,1,0.0
random,N/A,0.4,0.3,0.30000000000000004,0,rrg,2,0.045454543,0.045454536,7.450581e-09,1,0.045454543,0.0,1,3.0910428,3.091043472290039,3.0910428,0.0,1,0.0
random,N/A,0.4,0.3,0.4,0,rrg,3,0.045454543,0.04545454,3.7252903e-09,1,0.045454543,0.0,0,3.0910428,3.09104323387146,3.0910428,0.0,1,0.0
random,N/A,0.4,0.3,0.5,0,rrg,0,0.045454543,0.04545454,3.7252903e-09,1,0.045454543,0.0,1,3.0910428,3.091042995452881,3.0910428,0.0,1,0.0
random,N/A,0.4,0.3,0.6000000000000001,0,rrg,3,0.045454543,0.045454543,0.0,1,0.045454543,0.0,0,3.0910428,3.0910427570343018,3.0910428,0.0,1,0.0
random,N/A,0.4,0.3,0.7000000000000001,0,rrg,0,0.045454543,0.045454536,7.450581e-09,1,0.045454543,0.0,1,3.0910428,3.0910425186157227,3.0910428,0.0,1,0.0
random,N/A,0.4,0.3,0.8,0,rrg,0,0.045454543,0.045454547,3.7252903e-09,1,0.045454543,0.0,1,3.0910428,3.0910425186157227,3.0910428,0.0,1,0.0
random,N/A,0.4,0.3,0.9,0,rrg,0,0.045454543,0.04545454,3.7252903e-09,1,0.045454543,0.0,1,3.0910428,3.091042995452881,3.0910428,0.0,1,0.0
random,N/A,0.4,0.3,1.0,0,rrg,0,0.045454543,,,1,0.045454543,0.0,1,3.0910428,,3.0910428,0.0,1,
random,N/A,0.05,0.3,0.1,1,rrg,64,0.045454543,0.04545454,3.7252903e-09,1,0.045454543,0.0,0,3.0910428,3.0910427570343018,3.0910428,0.0,1,0.0
random,N/A,0.05,0.3,0.2,1,rrg,5,0.045454543,0.04545454,3.7252903e-09,1,0.045454543,0.0,0,3.0910428,3.091042995452881,3.0910428,0.0,1,0.0
random,N/A,0.05,0.3,0.30000000000000004,1,rrg,5,0.045454543,0.045454536,7.450581e-09,1,0.045454543,0.0,0,3.0910428,3.091043472290039,3.0910428,0.0,1,0.0
random,N/A,0.05,0.3,0.4,1,rrg,3,0.045454543,0.04545454,3.7252903e-09,1,0.045454543,0.0,0,3.0910428,3.09104323387146,3.0910428,0.0,1,0.0
random,N/A,0.05,0.3,0.5,1,rrg,1,0.045454543,0.04545454,3.7252903e-09,1,0.045454543,0.0,0,3.0910428,3.091042995452881,3.0910428,0.0,1,0.0
random,N/A,0.05,0.3,0.6000000000000001,1,rrg,1,0.045454543,0.045454543,0.0,1,0.045454543,0.0,0,3.0910428,3.0910427570343018,3.0910428,0.0,1,0.0
random,N/A,0.05,0.3,0.7000000000000001,1,rrg,1,0.045454543,0.045454536,7.450581e-09,1,0.045454543,0.0,0,3.0910428,3.0910425186157227,3.0910428,0.0,1,0.0
random,N/A,0.05,0.3,0.8,1,rrg,0,0.045454543,0.045454547,3.7252903e-09,1,0.045454543,0.0,0,3.0910428,3.0910425186157227,3.0910428,0.0,1,0.0
random,N/A,0.05,0.3,0.9,1,rrg,0,0.045454543,0.04545454,3.7252903e-09,1,0.045454543,0.0,0,3.0910428,3.091042995452881,3.0910428,0.0,1,0.0
random,N/A,0.05,0.3,1.0,1,rrg,0,0.045454543,,,1,0.045454543,0.0,0,3.0910428,,3.0910428,0.0,1,
random,N/A,0.2,0.3,0.1,1,rrg,0,0.045454543,0.04545454,3.7252903e-09,1,0.045454543,0.0,0,3.0910428,3.0910427570343018,3.0910428,0.0,1,0.0
random,N/A,0.2,0.3,0.2,1,rrg,2,0.045454543,0.04545454,3.7252903e-09,1,0.045454543,0.0,0,3.0910428,3.091042995452881,3.0910428,0.0,1,0.0
random,N/A,0.2,0.3,0.30000000000000004,1,rrg,2,0.045454543,0.045454536,7.450581e-09,1,0.045454543,0.0,0,3.0910428,3.091043472290039,3.0910428,0.0,1,0.0
random,N/A,0.2,0.3,0.4,1,rrg,1,0.045454543,0.04545454,3.7252903e-09,1,0.045454543,0.0,0,3.0910428,3.09104323387146,3.0910428,0.0,1,0.0
random,N/A,0.2,0.3,0.5,1,rrg,1,0.045454543,0.04545454,3.7252903e-09,1,0.045454543,0.0,0,3.0910428,3.091042995452881,3.0910428,0.0,1,0.0
random,N/A,0.2,0.3,0.6000000000000001,1,rrg,0,0.045454543,0.045454543,0.0,1,0.045454543,0.0,0,3.0910428,3.0910427570343018,3.0910428,0.0,1,0.0
random,N/A,0.2,0.3,0.7000000000000001,1,rrg,1,0.045454543,0.045454536,7.450581e-09,1,0.045454543,0.0,0,3.0910428,3.0910425186157227,3.0910428,0.0,1,0.0
random,N/A,0.2,0.3,0.8,1,rrg,1,0.045454543,0.045454547,3.7252903e-09,1,0.045454543,0.0,0,3.0910428,3.0910425186157227,3.0910428,0.0,1,0.0
random,N/A,0.2,0.3,0.9,1,rrg,0,0.045454543,0.04545454,3.7252903e-09,1,0.045454543,0.0,0,3.0910428,3.091042995452881,3.0910428,0.0,1,0.0
random,N/A,0.2,0.3,1.0,1,rrg,0,0.045454543,,,1,0.045454543,0.0,0,3.0910428,,3.0910428,0.0,1,
random,N/A,0.4,0.3,0.1,1,rrg,96,0.045454543,0.04545454,3.7252903e-09,1,0.045454543,0.0,1,3.0910428,3.0910427570343018,3.0910428,0.0,1,0.0
random,N/A,0.4,0.3,0.2,1,rrg,2,0.045454543,0.04545454,3.7252903e-09,1,0.045454543,0.0,0,3.0910428,3.091042995452881,3.0910428,0.0,1,0.0
random,N/A,0.4,0.3,0.30000000000000004,1,rrg,4,0.045454543,0.045454536,7.450581e-09,1,0.045454543,0.0,0,3.0910428,3.091043472290039,3.0910428,0.0,1,0.0
random,N/A,0.4,0.3,0.4,1,rrg,2,0.045454543,0.04545454,3.7252903e-09,1,0.045454543,0.0,0,3.0910428,3.09104323387146,3.0910428,0.0,1,0.0
random,N/A,0.4,0.3,0.5,1,rrg,0,0.045454543,0.04545454,3.7252903e-09,1,0.045454543,0.0,1,3.0910428,3.091042995452881,3.0910428,0.0,1,0.0
random,N/A,0.4,0.3,0.6000000000000001,1,rrg,1,0.045454543,0.045454543,0.0,1,0.045454543,0.0,0,3.0910428,3.0910427570343018,3.0910428,0.0,1,0.0
random,N/A,0.4,0.3,0.7000000000000001,1,rrg,0,0.045454543,0.045454536,7.450581e-09,1,0.045454543,0.0,1,3.0910428,3.0910425186157227,3.0910428,0.0,1,0.0
random,N/A,0.4,0.3,0.8,1,rrg,0,0.045454543,0.045454547,3.7252903e-09,1,0.045454543,0.0,1,3.0910428,3.0910425186157227,3.0910428,0.0,1,0.0
random,N/A,0.4,0.3,0.9,1,rrg,2,0.045454543,0.04545454,3.7252903e-09,1,0.045454543,0.0,0,3.0910428,3.091042995452881,3.0910428,0.0,1,0.0
random,N/A,0.4,0.3,1.0,1,rrg,0,0.045454543,,,1,0.045454543,0.0,1,3.0910428,,3.0910428,0.0,1,
random,N/A,0.05,0.3,0.1,2,rrg,97,0.045454543,0.04545454,3.7252903e-09,1,0.045454543,0.0,0,3.0910428,3.0910427570343018,3.0910428,0.0,1,0.0
random,N/A,0.05,0.3,0.2,2,rrg,3,0.045454543,0.04545454,3.7252903e-09,1,0.045454543,0.0,0,3.0910428,3.091042995452881,3.0910428,0.0,1,0.0
random,N/A,0.05,0.3,0.30000000000000004,2,rrg,2,0.045454543,0.045454536,7.450581e-09,1,0.045454543,0.0,1,3.0910428,3.091043472290039,3.0910428,0.0,1,0.0
random,N/A,0.05,0.3,0.4,2,rrg,0,0.045454543,0.04545454,3.7252903e-09,1,0.045454543,0.0,0,3.0910428,3.09104323387146,3.0910428,0.0,1,0.0
random,N/A,0.05,0.3,0.5,2,rrg,0,0.045454543,0.04545454,3.7252903e-09,1,0.045454543,0.0,0,3.0910428,3.091042995452881,3.0910428,0.0,1,0.0
random,N/A,0.05,0.3,0.6000000000000001,2,rrg,1,0.045454543,0.045454543,0.0,1,0.045454543,0.0,0,3.0910428,3.0910427570343018,3.0910428,0.0,1,0.0
random,N/A,0.05,0.3,0.7000000000000001,2,rrg,1,0.045454543,0.045454536,7.450581e-09,1,0.045454543,0.0,0,3.0910428,3.0910425186157227,3.0910428,0.0,1,0.0
random,N/A,0.05,0.3,0.8,2,rrg,0,0.045454543,0.045454547,3.7252903e-09,1,0.045454543,0.0,0,3.0910428,3.0910425186157227,3.0910428,0.0,1,0.0
random,N/A,0.05,0.3,0.9,2,rrg,0,0.045454543,0.04545454,3.7252903e-09,1,0.045454543,0.0,0,3.0910428,3.091042995452881,3.0910428,0.0,1,0.0
random,N/A,0.05,0.3,1.0,2,rrg,0,0.045454543,,,1,0.045454543,0.0,0,3.0910428,,3.0910428,0.0,1,
random,N/A,0.2,0.3,0.1,2,rrg,1,0.045454543,0.04545454,3.7252903e-09,1,0.045454543,0.0,0,3.0910428,3.0910427570343018,3.0910428,0.0,1,0.0
random,N/A,0.2,0.3,0.2,2,rrg,3,0.045454543,0.04545454,3.7252903e-09,1,0.045454543,0.0,0,3.0910428,3.091042995452881,3.0910428,0.0,1,0.0
random,N/A,0.2,0.3,0.30000000000000004,2,rrg,2,0.045454543,0.045454536,7.450581e-09,1,0.045454543,0.0,1,3.0910428,3.091043472290039,3.0910428,0.0,1,0.0
random,N/A,0.2,0.3,0.4,2,rrg,3,0.045454543,0.04545454,3.7252903e-09,1,0.045454543,0.0,0,3.0910428,3.09104323387146,3.0910428,0.0,1,0.0
random,N/A,0.2,0.3,0.5,2,rrg,0,0.045454543,0.04545454,3.7252903e-09,1,0.045454543,0.0,0,3.0910428,3.091042995452881,3.0910428,0.0,1,0.0
random,N/A,0.2,0.3,0.6000000000000001,2,rrg,4,0.045454543,0.045454543,0.0,1,0.045454543,0.0,0,3.0910428,3.0910427570343018,3.0910428,0.0,1,0.0
random,N/A,0.2,0.3,0.7000000000000001,2,rrg,0,0.045454543,0.045454536,7.450581e-09,1,0.045454543,0.0,0,3.0910428,3.0910425186157227,3.0910428,0.0,1,0.0
random,N/A,0.2,0.3,0.8,2,rrg,1,0.045454543,0.045454547,3.7252903e-09,1,0.045454543,0.0,0,3.0910428,3.0910425186157227,3.0910428,0.0,1,0.0
random,N/A,0.2,0.3,0.9,2,rrg,0,0.045454543,0.04545454,3.7252903e-09,1,0.045454543,0.0,0,3.0910428,3.091042995452881,3.0910428,0.0,1,0.0
random,N/A,0.2,0.3,1.0,2,rrg,0,0.045454543,,,1,0.045454543,0.0,0,3.0910428,,3.0910428,0.0,1,
random,N/A,0.4,0.3,0.1,2,rrg,0,0.045454543,0.04545454,3.7252903e-09,1,0.045454543,0.0,0,3.0910428,3.0910427570343018,3.0910428,0.0,1,0.0
random,N/A,0.4,0.3,0.2,2,rrg,0,0.045454543,0.04545454,3.7252903e-09,1,0.045454543,0.0,0,3.0910428,3.091042995452881,3.0910428,0.0,1,0.0
random,N/A,0.4,0.3,0.30000000000000004,2,rrg,1,0.045454543,0.045454536,7.450581e-09,1,0.045454543,0.0,0,3.0910428,3.091043472290039,3.0910428,0.0,1,0.0
random,N/A,0.4,0.3,0.4,2,rrg,4,0.045454543,0.04545454,3.7252903e-09,1,0.045454543,0.0,0,3.0910428,3.09104323387146,3.0910428,0.0,1,0.0
random,N/A,0.4,0.3,0.5,2,rrg,0,0.045454543,0.04545454,3.7252903e-09,1,0.045454543,0.0,0,3.0910428,3.091042995452881,3.0910428,0.0,1,0.0
random,N/A,0.4,0.3,0.6000000000000001,2,rrg,0,0.045454543,0.045454543,0.0,1,0.045454543,0.0,0,3.0910428,3.0910427570343018,3.0910428,0.0,1,0.0
random,N/A,0.4,0.3,0.7000000000000001,2,rrg,0,0.045454543,0.045454536,7.450581e-09,1,0.045454543,0.0,0,3.0910428,3.0910425186157227,3.0910428,0.0,1,0.0
random,N/A,0.4,0.3,0.8,2,rrg,0,0.045454543,0.045454547,3.7252903e-09,1,0.045454543,0.0,0,3.0910428,3.0910425186157227,3.0910428,0.0,1,0.0
random,N/A,0.4,0.3,0.9,2,rrg,0,0.045454543,0.04545454,3.7252903e-09,1,0.045454543,0.0,0,3.0910428,3.091042995452881,3.0910428,0.0,1,0.0
random,N/A,0.4,0.3,1.0,2,rrg,0,0.045454543,,,1,0.045454543,0.0,0,3.0910428,,3.0910428,0.0,1,
random,N/A,0.05,0.3,0.1,3,rrg,69,0.045454543,0.04545454,3.7252903e-09,1,0.045454543,0.0,0,3.0910428,3.0910427570343018,3.0910428,0.0,1,0.0
random,N/A,0.05,0.3,0.2,3,rrg,6,0.045454543,0.04545454,3.7252903e-09,1,0.045454543,0.0,0,3.0910428,3.091042995452881,3.0910428,0.0,1,0.0
random,N/A,0.05,0.3,0.30000000000000004,3,rrg,2,0.045454543,0.045454536,7.450581e-09,1,0.045454543,0.0,0,3.0910428,3.091043472290039,3.0910428,0.0,1,0.0
random,N/A,0.05,0.3,0.4,3,rrg,3,0.045454543,0.04545454,3.7252903e-09,1,0.045454543,0.0,0,3.0910428,3.09104323387146,3.0910428,0.0,1,0.0
random,N/A,0.05,0.3,0.5,3,rrg,1,0.045454543,0.04545454,3.7252903e-09,1,0.045454543,0.0,0,3.0910428,3.091042995452881,3.0910428,0.0,1,0.0
random,N/A,0.05,0.3,0.6000000000000001,3,rrg,0,0.045454543,0.045454543,0.0,1,0.045454543,0.0,0,3.0910428,3.0910427570343018,3.0910428,0.0,1,0.0
random,N/A,0.05,0.3,0.7000000000000001,3,rrg,0,0.045454543,0.045454536,7.450581e-09,1,0.045454543,0.0,0,3.0910428,3.0910425186157227,3.0910428,0.0,1,0.0
random,N/A,0.05,0.3,0.8,3,rrg,0,0.045454543,0.045454547,3.7252903e-09,1,0.045454543,0.0,0,3.0910428,3.0910425186157227,3.0910428,0.0,1,0.0
random,N/A,0.05,0.3,0.9,3,rrg,0,0.045454543,0.04545454,3.7252903e-09,1,0.045454543,0.0,0,3.0910428,3.091042995452881,3.0910428,0.0,1,0.0
random,N/A,0.05,0.3,1.0,3,rrg,0,0.045454543,,,1,0.045454543,0.0,0,3.0910428,,3.0910428,0.0,1,
random,N/A,0.2,0.3,0.1,3,rrg,33,0.045454543,0.04545454,3.7252903e-09,1,0.045454543,0.0,0,3.0910428,3.0910427570343018,3.0910428,0.0,1,0.0
random,N/A,0.2,0.3,0.2,3,rrg,0,0.045454543,0.04545454,3.7252903e-09,1,0.045454543,0.0,0,3.0910428,3.091042995452881,3.0910428,0.0,1,0.0
random,N/A,0.2,0.3,0.30000000000000004,3,rrg,2,0.045454543,0.045454536,7.450581e-09,1,0.045454543,0.0,1,3.0910428,3.091043472290039,3.0910428,0.0,1,0.0
random,N/A,0.2,0.3,0.4,3,rrg,0,0.045454543,0.04545454,3.7252903e-09,1,0.045454543,0.0,0,3.0910428,3.09104323387146,3.0910428,0.0,1,0.0
random,N/A,0.2,0.3,0.5,3,rrg,4,0.045454543,0.04545454,3.7252903e-09,1,0.045454543,0.0,0,3.0910428,3.091042995452881,3.0910428,0.0,1,0.0
random,N/A,0.2,0.3,0.6000000000000001,3,rrg,1,0.045454543,0.045454543,0.0,1,0.045454543,0.0,1,3.0910428,3.0910427570343018,3.0910428,0.0,1,0.0
random,N/A,0.2,0.3,0.7000000000000001,3,rrg,0,0.045454543,0.045454536,7.450581e-09,1,0.045454543,0.0,0,3.0910428,3.0910425186157227,3.0910428,0.0,1,0.0
random,N/A,0.2,0.3,0.8,3,rrg,0,0.045454543,0.045454547,3.7252903e-09,1,0.045454543,0.0,0,3.0910428,3.0910425186157227,3.0910428,0.0,1,0.0
random,N/A,0.2,0.3,0.9,3,rrg,0,0.045454543,0.04545454,3.7252903e-09,1,0.045454543,0.0,0,3.0910428,3.091042995452881,3.0910428,0.0,1,0.0
random,N/A,0.2,0.3,1.0,3,rrg,0,0.045454543,,,1,0.045454543,0.0,0,3.0910428,,3.0910428,0.0,1,
random,N/A,0.4,0.3,0.1,3,rrg,1,0.045454543,0.04545454,3.7252903e-09,1,0.045454543,0.0,0,3.0910428,3.0910427570343018,3.0910428,0.0,1,0.0
random,N/A,0.4,0.3,0.2,3,rrg,7,0.045454543,0.04545454,3.7252903e-09,1,0.045454543,0.0,0,3.0910428,3.091042995452881,3.0910428,0.0,1,0.0
random,N/A,0.4,0.3,0.30000000000000004,3,rrg,3,0.045454543,0.045454536,7.450581e-09,1,0.045454543,0.0,0,3.0910428,3.091043472290039,3.0910428,0.0,1,0.0
random,N/A,0.4,0.3,0.4,3,rrg,0,0.045454543,0.04545454,3.7252903e-09,1,0.045454543,0.0,0,3.0910428,3.09104323387146,3.0910428,0.0,1,0.0
random,N/A,0.4,0.3,0.5,3,rrg,1,0.045454543,0.04545454,3.7252903e-09,1,0.045454543,0.0,0,3.0910428,3.091042995452881,3.0910428,0.0,1,0.0
random,N/A,0.4,0.3,0.6000000000000001,3,rrg,0,0.045454543,0.045454543,0.0,1,0.045454543,0.0,0,3.0910428,3.0910427570343018,3.0910428,0.0,1,0.0
random,N/A,0.4,0.3,0.7000000000000001,3,rrg,0,0.045454543,0.045454536,7.450581e-09,1,0.045454543,0.0,0,3.0910428,3.0910425186157227,3.0910428,0.0,1,0.0
random,N/A,0.4,0.3,0.8,3,rrg,0,0.045454543,0.045454547,3.7252903e-09,1,0.045454543,0.0,0,3.0910428,3.0910425186157227,3.0910428,0.0,1,0.0
random,N/A,0.4,0.3,0.9,3,rrg,0,0.045454543,0.04545454,3.7252903e-09,1,0.045454543,0.0,0,3.0910428,3.091042995452881,3.0910428,0.0,1,0.0
random,N/A,0.4,0.3,1.0,3,rrg,0,0.045454543,,,1,0.045454543,0.0,0,3.0910428,,3.0910428,0.0,1,
random,N/A,0.05,0.3,0.1,4,rrg,0,0.045454543,0.04545454,3.7252903e-09,1,0.045454543,0.0,0,3.0910428,3.0910427570343018,3.0910428,0.0,1,0.0
random,N/A,0.05,0.3,0.2,4,rrg,1,0.045454543,0.04545454,3.7252903e-09,1,0.045454543,0.0,0,3.0910428,3.091042995452881,3.0910428,0.0,1,0.0
random,N/A,0.05,0.3,0.30000000000000004,4,rrg,0,0.045454543,0.045454536,7.450581e-09,1,0.045454543,0.0,0,3.0910428,3.091043472290039,3.0910428,0.0,1,0.0
random,N/A,0.05,0.3,0.4,4,rrg,2,0.045454543,0.04545454,3.7252903e-09,1,0.045454543,0.0,0,3.0910428,3.09104323387146,3.0910428,0.0,1,0.0
random,N/A,0.05,0.3,0.5,4,rrg,0,0.045454543,0.04545454,3.7252903e-09,1,0.045454543,0.0,0,3.0910428,3.091042995452881,3.0910428,0.0,1,0.0
random,N/A,0.05,0.3,0.6000000000000001,4,rrg,0,0.045454543,0.045454543,0.0,1,0.045454543,0.0,0,3.0910428,3.0910427570343018,3.0910428,0.0,1,0.0
random,N/A,0.05,0.3,0.7000000000000001,4,rrg,0,0.045454543,0.045454536,7.450581e-09,1,0.045454543,0.0,0,3.0910428,3.0910425186157227,3.0910428,0.0,1,0.0
random,N/A,0.05,0.3,0.8,4,rrg,0,0.045454543,0.045454547,3.7252903e-09,1,0.045454543,0.0,0,3.0910428,3.0910425186157227,3.0910428,0.0,1,0.0
random,N/A,0.05,0.3,0.9,4,rrg,0,0.045454543,0.04545454,3.7252903e-09,1,0.045454543,0.0,0,3.0910428,3.091042995452881,3.0910428,0.0,1,0.0
random,N/A,0.05,0.3,1.0,4,rrg,0,0.045454543,,,1,0.045454543,0.0,0,3.0910428,,3.0910428,0.0,1,
random,N/A,0.2,0.3,0.1,4,rrg,33,0.045454543,0.04545454,3.7252903e-09,1,0.045454543,0.0,1,3.0910428,3.0910427570343018,3.0910428,0.0,1,0.0
random,N/A,0.2,0.3,0.2,4,rrg,0,0.045454543,0.04545454,3.7252903e-09,1,0.045454543,0.0,0,3.0910428,3.091042995452881,3.0910428,0.0,1,0.0
random,N/A,0.2,0.3,0.30000000000000004,4,rrg,2,0.045454543,0.045454536,7.450581e-09,1,0.045454543,0.0,1,3.0910428,3.091043472290039,3.0910428,0.0,1,0.0
random,N/A,0.2,0.3,0.4,4,rrg,3,0.045454543,0.04545454,3.7252903e-09,1,0.045454543,0.0,0,3.0910428,3.09104323387146,3.0910428,0.0,1,0.0
random,N/A,0.2,0.3,0.5,4,rrg,0,0.045454543,0.04545454,3.7252903e-09,1,0.045454543,0.0,0,3.0910428,3.091042995452881,3.0910428,0.0,1,0.0
random,N/A,0.2,0.3,0.6000000000000001,4,rrg,0,0.045454543,0.045454543,0.0,1,0.045454543,0.0,0,3.0910428,3.0910427570343018,3.0910428,0.0,1,0.0
random,N/A,0.2,0.3,0.7000000000000001,4,rrg,0,0.045454543,0.045454536,7.450581e-09,1,0.045454543,0.0,0,3.0910428,3.0910425186157227,3.0910428,0.0,1,0.0
random,N/A,0.2,0.3,0.8,4,rrg,0,0.045454543,0.045454547,3.7252903e-09,1,0.045454543,0.0,0,3.0910428,3.0910425186157227,3.0910428,0.0,1,0.0
random,N/A,0.2,0.3,0.9,4,rrg,0,0.045454543,0.04545454,3.7252903e-09,1,0.045454543,0.0,0,3.0910428,3.091042995452881,3.0910428,0.0,1,0.0
random,N/A,0.2,0.3,1.0,4,rrg,0,0.045454543,,,1,0.045454543,0.0,0,3.0910428,,3.0910428,0.0,1,
random,N/A,0.4,0.3,0.1,4,rrg,97,0.045454543,0.04545454,3.7252903e-09,1,0.045454543,0.0,1,3.0910428,3.0910427570343018,3.0910428,0.0,1,0.0
random,N/A,0.4,0.3,0.2,4,rrg,4,0.045454543,0.04545454,3.7252903e-09,1,0.045454543,0.0,0,3.0910428,3.091042995452881,3.0910428,0.0,1,0.0
random,N/A,0.4,0.3,0.30000000000000004,4,rrg,0,0.045454543,0.045454536,7.450581e-09,1,0.045454543,0.0,0,3.0910428,3.091043472290039,3.0910428,0.0,1,0.0
random,N/A,0.4,0.3,0.4,4,rrg,2,0.045454543,0.04545454,3.7252903e-09,1,0.045454543,0.0,0,3.0910428,3.09104323387146,3.0910428,0.0,1,0.0
random,N/A,0.4,0.3,0.5,4,rrg,8,0.045454543,0.04545454,3.7252903e-09,1,0.045454543,0.0,1,3.0910428,3.091042995452881,3.0910428,0.0,1,0.0
random,N/A,0.4,0.3,0.6000000000000001,4,rrg,0,0.045454543,0.045454543,0.0,1,0.045454543,0.0,0,3.0910428,3.0910427570343018,3.0910428,0.0,1,0.0
random,N/A,0.4,0.3,0.7000000000000001,4,rrg,0,0.045454543,0.045454536,7.450581e-09,1,0.045454543,0.0,0,3.0910428,3.0910425186157227,3.0910428,0.0,1,0.0
random,N/A,0.4,0.3,0.8,4,rrg,0,0.045454543,0.045454547,3.7252903e-09,1,0.045454543,0.0,0,3.0910428,3.0910425186157227,3.0910428,0.0,1,0.0
random,N/A,0.4,0.3,0.9,4,rrg,0,0.045454543,0.04545454,3.7252903e-09,1,0.045454543,0.0,0,3.0910428,3.091042995452881,3.0910428,0.0,1,0.0
random,N/A,0.4,0.3,1.0,4,rrg,0,0.045454543,,,1,0.045454543,0.0,0,3.0910428,,3.0910428,0.0,1,
sequential,ov,0.05,0.3,0.0,0,rrg,96,0.04985791,0.04985791,0.0,1,0.04985791,0.0,0,2.7788618,2.7788617610931396,2.7788618,0.0,1,0.0
sequential,ov,0.05,0.3,0.01,0,rrg,45,0.0051036724,0.01862258,0.011362608,18,0.006777411,0.0039838054,0,2.7438009,2.808450937271118,2.751567,0.003579912,11,0.004288553725928068
sequential,ov,0.05,0.3,0.02,0,rrg,59,0.004634698,0.01724717,0.01419115,16,0.0065605654,0.004336883,0,2.754052,2.7848572731018066,2.750861,0.004403441,11,0.004795549903064966
sequential,ov,0.05,0.3,0.03,0,rrg,78,0.02561824,0.01612424,0.01236109,5,0.024065616,0.01092163,0,2.9425652,2.8142848014831543,2.9103718,0.009051483,2,0.004946433939039707
sequential,ov,0.05,0.3,0.04,0,rrg,16,0.04098703,0.017929155,0.015905477,2,0.040078633,0.025772937,0,2.8020606,2.696122646331787,2.7116404,0.022284301,1,0.007249557878822088
sequential,ov,0.05,0.3,0.05,0,rrg,17,0.0055718655,0.013783464,0.022949655,9,0.006630212,0.0027122498,0,2.7055979,2.645059823989868,2.7356224,0.002238591,15,0.0067550064995884895
sequential,ov,0.05,0.3,0.06,0,rrg,72,0.0005129264,0.002788865,0.0031871805,15,0.0012440527,0.0013693023,0,2.1333613,2.3399033546447754,2.1355114,0.0010425118,10,0.0015386485029011965
sequential,ov,0.05,0.3,0.07,0,rrg,8,0.019760314,0.016003693,0.040580817,3,0.04862337,0.063975826,0,1.646529,2.193880558013916,1.5045079,0.050638184,1,0.010358629748225212
sequential,ov,0.05,0.3,0.08,0,rrg,91,8.737929e-05,0.001312967,0.0018241062,13,0.00018551973,0.00018337424,0,2.2922466,2.058008909225464,2.1841187,0.00015104875,11,0.0006044903420843184
sequential,ov,0.05,0.3,0.09,0,rrg,15,0.00053588155,0.00764572,0.02753282,8,0.0012592283,0.0015830185,0,1.9680884,1.8546874523162842,1.982844,0.0012501993,4,0.005602998659014702
sequential,ov,0.05,0.3,0.1,0,rrg,56,4.6724614e-05,0.00083845976,0.0021547948,9,0.000114923714,0.00013924687,0,1.50684,1.6538734436035156,1.576547,0.00010809026,8,0.0004930039867758751
sequential,ov,0.05,0.3,0.11,0,rrg,32,0.00052490743,0.0063254694,0.026894134,3,0.00051271665,0.0003832441,0,2.445376,1.6163756847381592,2.2858627,0.00034593535,3,0.003067068289965391
sequential,ov,0.05,0.3,0.12,0,rrg,7,1.5938473e-05,0.009091789,0.03634982,11,2.0998967e-05,1.003865e-05,0,1.619659,1.6575250625610352,1.6942701,1.0959149e-05,13,0.006655695382505655
sequential,ov,0.05,0.3,0.13,0,rrg,42,1.3249842e-05,0.007687112,0.033430804,6,0.00013916029,0.00019680234,0,1.9501384,1.590895414352417,0.7319518,0.00014357688,3,0.0029975140932947397
sequential,ov,0.05,0.3,0.14,0,rrg,71,3.5668858e-08,0.0078287525,0.033302706,19,1.0154432e-07,9.45533e-08,0,0.81572944,1.377187967300415,0.8920469,8.40364e-08,19,0.005484138615429401
sequential,ov,0.05,0.3,0.15,0,rrg,30,5.3279727e-09,0.006392155,0.027852748,20,1.3565838e-08,9.596676e-09,0,0.90380657,1.2906372547149658,0.6117187,1.1789848e-08,20,0.0029551717452704906
sequential,ov,0.05,0.3,0.16,0,rrg,79,0.15291768,0.01428287,0.042382397,1,0.09708876,0.067440405,1,2.438299,1.6344627141952515,2.0991218,0.05992763,2,0.008779516443610191
sequential,ov,0.05,0.3,0.17,0,rrg,61,1.5445003e-08,7.3719566e-05,0.00024806085,18,3.9533884e-08,5.5908952e-08,0,1.1304867,1.589627981185913,0.52543205,4.4681837e-08,19,0.0003174639423377812
sequential,ov,0.05,0.3,0.18,0,rrg,77,0.014327514,0.0007641922,0.003116157,1,0.33809686,0.46768788,0,1.837096,1.2655978202819824,0.740262,0.333321,1,0.01692848652601242
sequential,ov,0.05,0.3,0.19,0,rrg,90,2.4972192e-06,5.874334e-05,0.00020434543,11,3.6821084e-06,3.4512498e-06,0,1.7543557,1.567974328994751,1.5175261,2.7747265e-06,11,0.016703758388757706
sequential,ov,0.05,0.3,0.2,0,rrg,68,6.8671038e-09,4.3392647e-05,0.00013756788,18,3.0450693e-07,4.3063784e-07,0,0.015260738,1.511996865272522,0.021970684,3.0679595e-07,18,0.00024993368424475193
sequential,ov,0.05,0.3,0.21,0,rrg,40,1.1721387e-05,0.000649316,0.002804912,4,7.788783e-06,1.1015003e-05,0,2.1162925,1.3288432359695435,0.7828073,1.1695912e-05,4,0.016876455396413803
sequential,ov,0.05,0.3,0.22,0,rrg,22,5.699462e-07,3.4533412e-05,0.00012017638,13,8.6612675e-07,9.977908e-07,0,1.741061,1.3160690069198608,1.7320548,8.4198933e-07,12,0.00024077485431917012
sequential,ov,0.05,0.3,0.23,0,rrg,92,7.3135816e-06,5.83551e-05,0.00021296903,6,8.796248e-06,7.314819e-06,0,2.381064,1.3723599910736084,2.2048519,6.129348e-06,7,0.01671149954199791
sequential,ov,0.05,0.3,0.24,0,rrg,12,3.6219284e-08,2.9068844e-06,5.4861207e-06,16,2.1751687e-07,2.9684355e-07,0,0.53018403,0.864382266998291,0.5026228,2.1937207e-07,16,2.782961246339255e-06
sequential,ov,0.05,0.3,0.25,0,rrg,73,1.7005726e-06,0.00066169177,0.0026619902,8,1.4861462e-06,9.0006506e-07,0,1.7217267,1.2247663736343384,1.55299,7.260216e-07,11,0.03354815021157265
sequential,ov,0.05,0.3,0.26,0,rrg,21,2.2679578e-05,3.5158857e-06,6.6248153e-06,1,4.207626e-06,5.950482e-06,0,1.7805887,0.9793342351913452,0.76550776,1.8471952e-05,4,1.3297829354996793e-05
sequential,ov,0.05,0.3,0.27,0,rrg,62,1.02217314e-07,1.5347496e-06,2.1121818e-06,14,2.8231867e-07,3.7980772e-07,0,1.7634022,1.1237906217575073,1.5526136,2.979277e-07,12,7.73862575442763e-06
sequential,ov,0.05,0.3,0.28,0,rrg,51,4.434967e-07,9.1700747e-07,2.2637082e-06,7,4.5296534e-07,2.2694074e-07,0,0.7001366,0.9368852376937866,0.89928454,1.8771982e-07,14,1.52017446453101e-06
sequential,ov,0.05,0.3,0.29,0,rrg,31,6.8227696e-10,5.2140018e-05,0.00022291856,19,1.5088899e-09,1.5460228e-09,0,0.1615088,0.9518413543701172,0.25277218,1.2814643e-09,19,0.016684580594301224
sequential,ov,0.05,0.3,0.3,0,rrg,55,1.0901243e-07,6.2185643e-07,1.8915639e-06,10,1.2241689e-07,8.6901544e-08,0,1.171945,1.0527312755584717,0.85005254,8.607941e-08,12,5.1516457233447e-07
sequential,ov,0.05,0.3,0.31,0,rrg,58,4.758092e-09,0.0006505753,0.0026105328,18,5.128937e-09,6.193242e-09,0,1.3415493,1.0547734498977661,0.4013641,5.6850755e-09,18,0.03354507312178612
sequential,ov,0.05,0.3,0.32,0,rrg,93,3.0078123e-08,8.760559e-07,2.0909113e-06,14,2.0984212e-08,3.9150496e-09,0,0.008867428,1.1033446788787842,0.04208012,9.093911e-09,17,2.7605776722339215e-06
sequential,ov,0.05,0.3,0.33,0,rrg,19,1.9134053e-08,0.0005988005,0.0026034329,14,4.197906e-09,5.9367355e-09,0,1.8218006,1.3409608602523804,0.4553269,1.4936147e-08,17,0.016871659085154533
sequential,ov,0.05,0.3,0.34,0,rrg,43,4.1029857e-10,4.9853632e-05,0.0002161318,18,1.3664202e-10,1.9324098e-10,0,0.6109179,0.7379782199859619,0.20425476,2.7365657e-10,19,0.016682516783475876
sequential,ov,0.05,0.3,0.35,0,rrg,4,2.822773e-07,0.00060995534,0.0026007076,6,3.6781628e-07,4.531579e-07,0,1.4550952,1.2069091796875,0.41949174,3.9708604e-07,8,0.017064746469259262
sequential,ov,0.05,0.3,0.36,0,rrg,24,3.424816e-10,0.00059986504,0.0026008163,19,2.3968176e-09,3.389612e-09,0,0.33379522,1.1361138820648193,0.35447526,2.510978e-09,18,0.01687917672097683
sequential,ov,0.05,0.3,0.37,0,rrg,81,7.102187e-08,0.0005976341,0.0025982764,12,9.2037885e-07,1.2894338e-06,0,1.7543728,1.1553685665130615,1.0784197,9.3255284e-07,7,0.01686645671725273
sequential,ov,0.05,0.3,0.38,0,rrg,89,5.404625e-06,0.00063924247,0.0025662074,4,6.339289e-06,4.4390877e-06,0,2.3220732,1.3361437320709229,2.2180383,4.178069e-06,5,0.03354951739311218
sequential,ov,0.05,0.3,0.39,0,rrg,76,3.1985106e-09,5.2007195e-05,0.00021235301,11,1.622184e-08,2.194248e-08,0,0.8767027,0.7216206192970276,0.6810722,1.6339206e-08,11,0.01670011505484581
sequential,ov,0.05,0.3,0.4,0,rrg,80,5.41762e-05,0.0005856675,0.0025390075,2,0.00032981217,0.0004589426,0,2.4289358,1.135614275932312,2.2150996,0.00034080612,2,0.016875440254807472
sequential,ov,0.05,0.3,0.41,0,rrg,25,6.217129e-07,8.711926e-06,3.6566576e-05,4,6.2739787e-07,4.720014e-07,0,0.54693943,0.6927657723426819,0.5761296,4.3069141e-07,4,0.00019717984832823277
sequential,ov,0.05,0.3,0.42,0,rrg,97,2.861627e-10,4.606179e-05,0.0001642109,16,8.5352075e-10,1.2070606e-09,0,0.015310291,0.9247109293937683,0.04827286,9.489083e-10,17,0.016879336908459663
sequential,ov,0.05,0.3,0.43,0,rrg,54,3.5542291e-09,5.276801e-07,9.165255e-07,14,1.6265927e-09,4.4137047e-10,0,0.52987885,0.882827877998352,0.5087976,1.9276363e-09,17,6.063615728635341e-06
sequential,ov,0.05,0.3,0.44,0,rrg,74,8.206297e-10,3.7648202e-05,0.00016174495,18,6.2190114e-10,5.9065547e-10,0,0.48295313,0.8948680758476257,0.45377946,5.955095e-10,18,0.016682228073477745
sequential,ov,0.05,0.3,0.45,0,rrg,26,2.9386513e-07,9.178066e-06,3.729282e-05,6,2.3453693e-07,1.5743953e-07,0,0.48959702,1.1480602025985718,0.68771553,1.2861003e-07,12,0.00019786495249718428
sequential,ov,0.05,0.3,0.46,0,rrg,63,1.167343e-06,0.0005840856,0.0025441935,5,1.4670221e-06,1.1500105e-06,0,2.26778,0.9643980264663696,1.7985328,1.067791e-06,4,0.016864364966750145
sequential,ov,0.05,0.3,0.47,0,rrg,64,3.1118335e-09,0.0005835487,0.0025425742,12,3.9107224e-08,5.5183357e-08,0,0.7333368,0.8160504102706909,0.6079013,4.0028862e-08,9,0.016858655959367752
sequential,ov,0.05,0.3,0.48,0,rrg,41,3.4089015e-10,7.766698e-06,3.2825592e-05,11,2.6309985e-10,2.2669082e-10,0,0.0460959,0.8654130697250366,0.091991864,2.1939067e-10,12,0.00020107594900764525
sequential,ov,0.05,0.3,0.49,0,rrg,66,3.0877462e-10,4.6947565e-07,8.747327e-07,16,1.8056019e-10,1.3140647e-10,0,6.338322e-07,1.0194690227508545,1.4142271e-06,1.2831079e-10,17,2.793435896819574e-06
sequential,ov,0.05,0.3,0.5,0,rrg,23,5.4905772e-08,0.0005775032,0.0025162392,8,2.0997234e-08,1.6528276e-08,0,1.4627156,0.9570934176445007,0.82738906,3.3908538e-08,8,0.016861610114574432
sequential,ov,0.05,0.3,0.51,0,rrg,60,3.75659e-09,0.00061425363,0.0025103244,14,2.3492668e-12,3.3223652e-12,0,1.8222648,1.074641466140747,3.6720867e-05,3.754241e-09,14,0.03354067727923393
sequential,ov,0.05,0.3,0.52,0,rrg,88,1.2614485e-09,3.8202262e-07,7.772796e-07,13,1.9541198e-09,1.9411235e-09,0,2.0298017e-07,0.7033832669258118,0.015615214,1.5336369e-09,13,2.704026428546058e-06
sequential,ov,0.05,0.3,0.53,0,rrg,14,2.6161806e-06,4.4561417e-05,0.00016312122,3,4.329496e-07,6.1228315e-07,0,1.674819,0.8996855616569519,0.69890386,2.183231e-06,4,0.016876108944416046
sequential,ov,0.05,0.3,0.54,0,rrg,49,1.516019e-10,1.778478e-07,4.3152e-07,17,5.1542437e-10,7.2891904e-10,0,0.2199163,0.8423305749893188,0.29109308,5.659573e-10,13,1.6169636296581302e-07
sequential,ov,0.05,0.3,0.55,0,rrg,9,6.491111e-11,0.00057662453,0.0025126177,18,2.164479e-11,3.0610355e-11,0,2.5215148e-09,0.8019071817398071,8.4018376e-10,4.3281826e-11,18,0.01685895025730133
sequential,ov,0.05,0.3,0.56,0,rrg,28,3.6342802e-09,3.7169964e-05,0.00016184391,9,1.2146404e-08,1.6806887e-08,0,1.1142286,0.7140467166900635,0.7431206,1.3007015e-08,8,0.016679085791110992
sequential,ov,0.05,0.3,0.57,0,rrg,11,2.252852e-10,0.0005763722,0.002511549,13,1.1280479e-34,0.0,0,0.61086404,0.9233988523483276,1.07107566e-23,2.252852e-10,13,0.016858909279108047
sequential,ov,0.05,0.3,0.58,0,rrg,94,1.5456561e-07,4.4288034e-05,0.00016306591,6,7.865707e-08,9.7771256e-08,0,1.9787264,1.0002774000167847,1.0647115,1.1720348e-07,7,0.01687346026301384
sequential,ov,0.05,0.3,0.59,0,rrg,84,6.490573e-11,0.0005756648,0.0025091658,18,2.1635247e-11,3.059686e-11,0,1.7351048e-09,0.6330159902572632,5.2668375e-10,4.3270488e-11,18,0.01685628667473793
sequential,ov,0.05,0.3,0.6,0,rrg,36,7.273819e-09,0.00061284605,0.002505428,9,2.0118416e-09,2.8451732e-09,0,1.3032839,0.7337633967399597,0.17535205,5.2619775e-09,10,0.033537644892930984
sequential,ov,0.05,0.3,0.61,0,rrg,50,2.238861e-09,0.0006126975,0.0025052037,9,9.794542e-10,1.5292982e-10,0,0.23157707,0.6029813289642334,0.36489955,1.2594069e-09,11,0.033535294234752655
sequential,ov,0.05,0.3,0.62,0,rrg,69,0.01150963,0.00058268814,0.002506994,1,0.33337963,0.47137177,0,2.223983,0.8417577743530273,0.9000233,0.33712354,1,0.017052775248885155
sequential,ov,0.05,0.3,0.63,0,rrg,65,1.4071058e-07,6.8246706e-08,1.7390097e-07,4,0.0,0.0,0,1.8262825,0.6785825490951538,3.343957e-37,1.4071058e-07,3,6.268444963097863e-07
sequential,ov,0.05,0.3,0.64,0,rrg,0,1.0491906e-06,8.956502e-07,3.2617368e-06,2,5.0291715e-06,7.0941746e-06,0,2.2188237,0.7393751740455627,1.4591175,5.361784e-06,2,1.3502785805030726e-06
sequential,ov,0.05,0.3,0.65,0,rrg,18,0.0007426313,3.7429763e-05,0.00016178814,1,0.33333334,0.4714045,0,1.9417541,0.8112019300460815,2.918943e-23,0.33358088,1,0.0166793055832386
sequential,ov,0.05,0.3,0.66,0,rrg,33,9.0267196e-11,1.548044e-07,4.1983935e-07,15,4.2179173e-11,5.9650354e-11,0,8.585005e-09,0.798940896987915,2.6196965e-09,7.226824e-11,16,1.4002429793436022e-07
sequential,ov,0.05,0.3,0.67,0,rrg,82,1.5755718e-10,2.6575927e-07,9.8026e-07,13,5.82218e-11,4.116903e-11,0,3.5611896e-09,0.7366400957107544,1.3523866e-09,9.933537e-11,13,3.2890767442950164e-07
sequential,ov,0.05,0.3,0.68,0,rrg,87,2.6738037e-11,1.2460025e-07,4.0365194e-07,19,0.0,0.0,0,6.5093575e-10,0.5964430570602417,3.486e-42,2.6738037e-11,19,1.3130403431205195e-07
sequential,ov,0.05,0.3,0.69,0,rrg,13,6.4906934e-11,3.9910287e-07,1.0300803e-06,16,2.1635358e-11,3.0596813e-11,0,2.434313e-07,0.8618534803390503,4.191351e-08,4.3271577e-11,16,3.8793822909610753e-07
sequential,ov,0.05,0.3,0.7,0,rrg,6,2.6738034e-11,3.794693e-07,1.0352117e-06,19,2.523238e-28,0.0,0,6.509357e-10,0.7675784826278687,7.4090795e-19,2.6738034e-11,19,3.6798107316826645e-07
sequential,ov,0.05,0.3,0.71,0,rrg,83,2.2632095e-07,4.0390006e-07,1.0282622e-06,5,2.2980139e-07,3.2498824e-07,0,0.29899988,0.8927057385444641,1.0101902e-05,3.0524168e-07,6,4.644110447316052e-07
sequential,ov,0.05,0.3,0.72,0,rrg,3,1.664428e-07,1.3949278e-07,4.0513376e-07,4,9.1183374e-08,7.445951e-08,0,1.6369532,0.8895292282104492,0.9608183,8.588942e-08,4,1.288333066895575e-07
sequential,ov,0.05,0.3,0.73,0,rrg,20,9.2764345e-11,3.512094e-07,1.034221e-06,14,2.816191e-20,3.9826947e-20,0,0.6108642,0.7728061079978943,4.8417187e-11,9.2764345e-11,14,4.1346712009726616e-07
sequential,ov,0.05,0.3,0.74,0,rrg,37,1.8577068e-06,3.5640045e-07,1.0325331e-06,2,4.0464616e-30,0.0,0,1.3108859,0.8895940780639648,1.9039563e-22,1.8577069e-06,2,4.18921530354055e-07
sequential,ov,0.05,0.3,0.75,0,rrg,48,6.490571e-11,2.4760544e-07,9.778855e-07,13,2.1635206e-11,3.05968e-11,0,1.5238717e-09,0.7550196051597595,8.386168e-10,4.327051e-11,14,3.1178157655631367e-07
sequential,ov,0.05,0.3,0.76,0,rrg,2,1.0128673e-07,2.6382432e-07,9.750966e-07,5,1.9707895e-11,2.7871172e-11,0,0.82698214,0.889887809753418,0.0010154202,1.0126703e-07,5,3.266548560532101e-07
sequential,ov,0.05,0.3,0.77,0,rrg,38,2.0734706e-07,2.5857705e-07,9.762301e-07,3,1.5015474e-06,2.1235087e-06,0,2.164315,0.8724409341812134,0.8342798,1.5706631e-06,2,3.2144038186743273e-07
sequential,ov,0.05,0.3,0.78,0,rrg,5,5.3134794e-09,1.8208036e-07,6.9083444e-07,10,2.0672928e-09,2.9235931e-09,0,1.3269677,0.8095182180404663,0.36494836,3.8384527e-09,9,1.7946490515896585e-07
sequential,ov,0.05,0.3,0.79,0,rrg,34,2.847143e-10,1.2064066e-07,4.2703377e-07,10,5.20325e-40,0.0,0,1.2046478,0.7145973443984985,1.6263171e-30,2.847143e-10,12,1.1897903817725819e-07
sequential,ov,0.05,0.3,0.8,0,rrg,1,4.2416115e-08,1.05897904e-07,3.6298948e-07,4,2.5251425e-09,3.5710905e-09,0,2.1522555,0.7239598035812378,0.5788182,3.9890974e-08,4,1.0439108422133359e-07
sequential,ov,0.05,0.3,0.81,0,rrg,10,2.4040456e-10,1.0581351e-07,3.5939445e-07,11,3.5659334e-10,5.0429916e-10,0,0.5457568,0.623472273349762,0.44656643,4.367282e-10,10,1.0409394235466607e-07
sequential,ov,0.05,0.3,0.82,0,rrg,98,2.6738037e-11,1.1118368e-07,3.664374e-07,15,1.17549194e-29,0.0,0,6.5093575e-10,0.6252569556236267,8.709281e-28,2.6738037e-11,14,1.0920557969029687e-07
sequential,ov,0.05,0.3,0.83,0,rrg,35,2.233777e-08,1.17553284e-07,3.7545126e-07,5,2.4319144e-34,0.0,0,1.0227071e-05,0.6582799553871155,2.5410169e-25,2.233777e-08,5,1.1540622324446304e-07
sequential,ov,0.05,0.3,0.84,0,rrg,67,2.6738023e-11,1.2343757e-07,3.8601905e-07,14,3.9440816e-34,0.0,0,6.509354e-10,0.6954353451728821,4.839895e-32,2.6738023e-11,14,1.2114654168726702e-07
sequential,ov,0.05,0.3,0.85,0,rrg,99,1.6836496e-10,1.3165864e-07,3.9730034e-07,10,1.8249376e-10,2.5808516e-10,0,0.4609629,0.7411455512046814,0.4309123,2.3861543e-10,10,1.292163887001152e-07
sequential,ov,0.05,0.3,0.86,0,rrg,70,6.4865016e-11,1.4104012e-07,4.0962007e-07,10,1.6798867e-25,0.0,0,1.5216498e-09,0.7596510648727417,3.92493e-23,6.4865016e-11,10,1.3842283408393996e-07
sequential,ov,0.05,0.3,0.87,0,rrg,39,2.673804e-11,1.5187341e-07,4.2314096e-07,11,5.048699e-20,7.139938e-20,0,6.5093586e-10,0.8151724934577942,2.1894571e-18,2.673804e-11,11,1.4905565137723897e-07
sequential,ov,0.05,0.3,0.88,0,rrg,75,2.673794e-11,1.6452422e-07,4.380498e-07,12,1.0085796e-25,0.0,0,6.509335e-10,0.8821361660957336,5.7008927e-24,2.673794e-11,12,1.6147176040703926e-07
sequential,ov,0.05,0.3,0.89,0,rrg,44,1.9710642e-09,1.7947538e-07,4.5458654e-07,6,2.4600049e-09,3.478972e-09,0,1.4029715,0.9612508416175842,0.6199639,3.117026e-09,6,1.761455763471531e-07
sequential,ov,0.05,0.3,0.9,0,rrg,46,2.6738042e-11,1.9674675e-07,4.7331923e-07,9,2.646748e-26,0.0,0,6.5093586e-10,0.8934977650642395,2.8677058e-22,2.6738042e-11,9,1.930261248617171e-07
sequential,ov,0.05,0.3,0.91,0,rrg,47,2.1640857e-07,2.1857451e-07,4.941242e-07,2,3.6417546e-08,5.1502187e-08,0,1.1689015e-05,0.9907317757606506,1.7155298e-05,1.7999103e-07,2,2.1444543563120533e-07
sequential,ov,0.05,0.3,0.92,0,rrg,52,2.6738037e-11,2.1530724e-07,5.249235e-07,8,3.939764e-28,0.0,0,6.5093575e-10,1.1128339767456055,2.4456049e-26,2.6738037e-11,8,2.1375680603341607e-07
sequential,ov,0.05,0.3,0.93,0,rrg,53,4.344853e-08,2.406692e-07,5.561433e-07,2,2.8732992e-09,4.063459e-09,0,5.4409735e-05,1.2713125944137573,1.3928897e-07,4.057523e-08,2,2.4025831635299255e-07
sequential,ov,0.05,0.3,0.94,0,rrg,85,3.6036248e-08,2.7353724e-07,5.943765e-07,2,2.1256382e-24,0.0,0,1.2621422,1.483017921447754,1.8416243e-15,3.6036248e-08,2,2.735371822382149e-07
sequential,ov,0.05,0.3,0.95,0,rrg,86,2.8471425e-10,3.2103705e-07,6.4062687e-07,4,9.6675245e-18,1.3671944e-17,0,1.2046479,1.5271673202514648,4.644354e-09,2.8471425e-10,4,3.2103704938890587e-07
sequential,ov,0.05,0.3,0.96,0,rrg,57,1.6022881e-06,4.0122464e-07,6.934347e-07,1,1.5454695e-20,2.1856217e-20,0,2.428857,1.6077935695648193,2.1119302e-12,1.6022881e-06,1,4.012246392903762e-07
sequential,ov,0.05,0.3,0.97,0,rrg,27,2.2985346e-10,8.6331875e-10,8.573552e-10,3,4.958003e-19,6.9610526e-19,0,1.2046475,1.3341045379638672,8.22012e-09,2.2985346e-10,3,8.63318139199265e-10
sequential,ov,0.05,0.3,0.98,0,rrg,29,2.0753823e-09,1.1800483e-09,8.95334e-10,1,3.4694546e-16,4.90655e-16,0,1.5930179,1.3988327980041504,1.857904e-06,2.0753819e-09,1,1.1800480592683016e-09
sequential,ov,0.05,0.3,0.99,0,rrg,95,2.8471436e-10,2.8471436e-10,0.0,1,0.0,0.0,0,1.2046478,1.2046477794647217,8.9e-43,2.8471436e-10,1,2.847143631967697e-10
sequential,mov,0.05,0.3,0.0,0,rrg,2,0.04985791,0.04985791,0.0,1,0.04985791,0.0,0,2.7788618,2.7788617610931396,2.7788618,0.0,1,0.0
sequential,mov,0.05,0.3,0.01,0,rrg,13,0.04779789,0.029339995,0.012336454,1,0.046499852,0.0025486387,0,2.7892332,2.801894187927246,2.7930632,0.001990825,20,0.006143105681985617
sequential,mov,0.05,0.3,0.02,0,rrg,67,0.008217658,0.005900356,0.003766379,6,0.0084915515,0.0042904853,0,2.798742,2.683931827545166,2.7841606,0.003945222,7,0.0029345802031457424
sequential,mov,0.05,0.3,0.03,0,rrg,77,0.10073093,0.012165198,0.029641874,1,0.07437236,0.033278756,0,2.950548,2.3013062477111816,2.9723194,0.026358573,2,0.005034896545112133
sequential,mov,0.05,0.3,0.04,0,rrg,49,0.005348563,0.0009133754,0.0014084915,1,0.0046180985,0.0008536589,0,2.6676924,2.385108232498169,2.6716976,0.00073046447,5,0.0010251564672216773
sequential,mov,0.05,0.3,0.05,0,rrg,18,0.024961038,0.0014951607,0.0054194783,1,0.09229622,0.12830763,0,2.7257874,2.041142463684082,2.5583925,0.09852443,1,0.005462516099214554
sequential,mov,0.05,0.3,0.06,0,rrg,42,0.0007405301,8.968458e-05,0.00016807592,1,0.0022706236,0.0028472461,0,2.6390054,1.704612135887146,2.5750484,0.0021743781,1,0.00014751110575161874
sequential,mov,0.05,0.3,0.07,0,rrg,21,0.0015701142,0.00013094943,0.00033762798,1,0.008107023,0.01135387,0,2.289724,1.6740509271621704,1.5726467,0.008525402,1,0.0005555252428166568
sequential,mov,0.05,0.3,0.08,0,rrg,40,0.00080784917,7.5686614e-05,0.0001776061,1,0.001671502,0.0019702988,0,2.6142383,1.6712567806243896,2.4762752,0.0015686532,1,0.00010561564704403281
sequential,mov,0.05,0.3,0.09,0,rrg,69,0.2702943,0.026086885,0.078260414,1,0.08648983,0.11643897,0,2.2598794,1.5149952173233032,1.6652514,0.18380447,1,0.017892109230160713
sequential,mov,0.05,0.3,0.1,0,rrg,22,7.9088226e-05,0.014273514,0.062025845,4,6.472936e-05,2.4906883e-05,0,2.0446022,1.7187007665634155,2.013829,2.8156457e-05,9,0.014253469184041023
sequential,mov,0.05,0.3,0.11,0,rrg,25,2.4496096e-05,1.6475708e-05,1.4590637e-05,4,2.8996481e-05,2.264702e-05,0,0.6193587,1.5833691358566284,0.6920083,1.9754976e-05,5,1.1235582860535942e-05
sequential,mov,0.05,0.3,0.12,0,rrg,78,0.025375461,0.0012744289,0.0055291667,1,0.16444758,0.23234868,0,1.9069004,1.5292822122573853,1.3601241,0.17270304,1,0.008639117702841759
sequential,mov,0.05,0.3,0.13,0,rrg,38,2.5341053e-05,4.8701795e-06,6.0385573e-06,1,3.3597105e-05,3.998709e-05,0,2.5220716,1.5966665744781494,2.2774222,3.494467e-05,1,4.347012691141572e-06
sequential,mov,0.05,0.3,0.14,0,rrg,65,1.6528296e-05,3.5065636e-06,4.2611537e-06,1,4.9273417e-06,3.047781e-06,0,2.3040495,1.5040067434310913,1.6015223,1.1600954e-05,1,2.5665221983217634e-06
sequential,mov,0.05,0.3,0.15,0,rrg,0,7.6890865e-06,2.32689e-06,3.608408e-06,4,9.25762e-06,6.497008e-06,0,2.3939457,1.0145161151885986,2.234584,6.440942e-06,1,1.687478970779921e-06
sequential,mov,0.05,0.3,0.16,0,rrg,8,0.48279825,0.024141097,0.105223164,1,1.4490246e-11,2.0492302e-11,0,1.3705363,1.0793551206588745,1.0612223e-08,0.48279825,1,0.024140898138284683
sequential,mov,0.05,0.3,0.17,0,rrg,27,1.1574474e-08,9.460447e-07,1.2985251e-06,19,2.363182e-08,1.6238936e-08,0,1.3459332,0.9675776362419128,0.46337238,1.3694579e-08,19,8.194937208827469e-07
sequential,mov,0.05,0.3,0.18,0,rrg,1,6.8949007e-06,2.3676403e-06,3.7198215e-06,4,5.50314e-06,4.2469396e-06,0,2.153973,0.9334074258804321,1.8305649,4.4428516e-06,3,1.289814235860831e-06
sequential,mov,0.05,0.3,0.19,0,rrg,50,3.482081e-08,1.0361567e-06,1.7160751e-06,16,9.882498e-08,8.8487816e-08,0,0.36837825,1.1058014631271362,0.45221043,8.7218034e-08,16,8.573292689106893e-07
sequential,mov,0.05,0.3,0.2,0,rrg,79,0.9987139,0.04993651,0.21766447,1,2.021612e-25,0.0,1,0.012276705,0.7865803837776184,6.009696e-23,0.9987139,1,0.049936361610889435
sequential,mov,0.05,0.3,0.21,0,rrg,19,6.456058e-07,7.575206e-07,1.375179e-06,5,1.010666e-06,1.0155635e-06,0,2.0929382,0.8134862780570984,1.1935622,8.043519e-07,5,5.501609052771528e-07
sequential,mov,0.05,0.3,0.22,0,rrg,53,2.8689326e-06,7.077575e-07,1.2013869e-06,2,2.0420855e-06,9.880945e-07,0,1.7988585,0.8045815229415894,1.6701175,1.2068032e-06,4,5.469465236274118e-07
sequential,mov,0.05,0.3,0.23,0,rrg,63,1.2557135e-06,8.9965823e-07,1.6171159e-06,5,2.2209776e-06,3.0167084e-06,0,1.9466119,0.9005355834960938,1.2982997,2.5216102e-06,3,7.735905569461465e-07
sequential,mov,0.05,0.3,0.24,0,rrg,16,2.9599496e-06,8.131234e-07,1.2063546e-06,3,1.1959313e-06,8.906096e-07,0,1.9950609,0.8246806263923645,1.3985571,1.7640183e-06,2,5.490762191584508e-07
sequential,mov,0.05,0.3,0.25,0,rrg,29,1.81939e-06,4.9620473e-07,6.5237356e-07,2,1.271105e-06,2.7112864e-07,0,1.8948333,0.7875587344169617,1.497529,5.48285e-07,5,3.55723898337601e-07
sequential,mov,0.05,0.3,0.26,0,rrg,83,3.326109e-06,3.6556065e-07,7.1863e-07,1,1.7018896e-06,7.7511476e-07,0,1.851716,0.7819544672966003,1.4067817,1.6242193e-06,1,2.448741440730373e-07
sequential,mov,0.05,0.3,0.27,0,rrg,56,1.3724373e-07,8.641558e-08,8.5177746e-08,7,1.4061453e-07,9.538683e-08,0,0.4797099,0.649694561958313,0.49704078,8.437934e-08,4,5.178920758908134e-08
sequential,mov,0.05,0.3,0.28,0,rrg,37,3.323152e-06,2.2865456e-07,7.121501e-07,1,2.8839824e-07,4.0785667e-07,0,1.3683274,0.7035768032073975,0.65926784,3.0347537e-06,1,2.1454854959301883e-07
sequential,mov,0.05,0.3,0.29,0,rrg,52,1.1660994e-09,7.214483e-08,1.8802147e-07,19,2.3829336e-09,2.0875193e-09,0,0.0015311935,0.6878048181533813,0.025235265,1.9942337e-09,20,5.482313980564868e-08
sequential,mov,0.05,0.3,0.3,0,rrg,86,4.0130286e-09,5.5176336e-08,6.687928e-08,17,6.9442763e-09,6.412458e-09,0,0.87944776,0.6532431840896606,0.6001605,5.6066e-09,18,4.466628666932593e-08
sequential,mov,0.05,0.3,0.31,0,rrg,97,1.507267e-08,7.996768e-08,1.7235796e-07,11,2.5343086e-08,2.0560458e-08,0,0.029659584,0.628022313117981,0.10381486,2.0317785e-08,13,8.17614704828884e-08
sequential,mov,0.05,0.3,0.32,0,rrg,55,3.796447e-08,7.6481555e-08,1.8794242e-07,8,4.174005e-08,3.568051e-08,0,0.55788743,0.5837274193763733,0.5415262,3.2186865e-08,6,5.576044515009926e-08
sequential,mov,0.05,0.3,0.33,0,rrg,82,4.637015e-10,7.370751e-08,1.7399566e-07,19,4.260495e-09,6.0252265e-09,0,4.145486e-06,0.5382255911827087,0.015585885,4.4150403e-09,16,6.300574284523464e-08
sequential,mov,0.05,0.3,0.34,0,rrg,9,9.437177e-09,6.6863485e-08,1.8990356e-07,9,2.135915e-08,2.4880388e-08,0,8.719939e-06,0.5368647575378418,0.021984542,1.9289395e-08,8,4.580602919190824e-08
sequential,mov,0.05,0.3,0.35,0,rrg,85,1.8072723e-07,2.1279791e-07,4.35316e-07,4,1.5463077e-07,1.8656752e-07,0,1.919199,0.9409330487251282,1.2106749,1.8367147e-07,4,1.8674811030905403e-07
sequential,mov,0.05,0.3,0.36,0,rrg,33,5.3742788e-08,1.3773378e-07,3.961216e-07,7,3.5506343e-08,4.5357442e-09,0,0.1335009,0.80650794506073,0.2560139,1.8236443e-08,8,1.4606681020268297e-07
sequential,mov,0.05,0.3,0.37,0,rrg,58,3.9481755e-08,6.829016e-08,1.9669329e-07,4,2.82239e-08,2.0914527e-08,0,1.0127198,0.46171659231185913,0.7304122,2.2832415e-08,4,5.994841956180608e-08
sequential,mov,0.05,0.3,0.38,0,rrg,95,3.798057e-09,2.36966e-08,6.150658e-08,8,2.1851794e-09,7.1824363e-10,0,0.76602864,0.5203853845596313,0.6429673,1.6128774e-09,14,2.800248033452135e-08
sequential,mov,0.05,0.3,0.39,0,rrg,26,9.1025026e-10,1.1767806e-07,4.2135912e-07,17,2.0575712e-09,1.6900387e-09,0,0.0636003,0.6523415446281433,0.21286722,1.7541545e-09,17,1.146558687992183e-07
sequential,mov,0.05,0.3,0.4,0,rrg,75,1.8499238e-09,5.4806343e-08,1.9069206e-07,15,6.530119e-09,8.885098e-09,0,0.06949035,0.6218880414962769,0.1749682,6.814691e-09,10,3.93034440548945e-08
sequential,mov,0.05,0.3,0.41,0,rrg,74,2.9166025e-09,1.3104122e-07,2.770386e-07,14,1.7717386e-09,2.5035234e-09,0,1.0068275,0.777805507183075,0.09362211,2.7419658e-09,16,1.036627423900427e-07
sequential,mov,0.05,0.3,0.42,0,rrg,98,3.272034e-08,6.185427e-08,1.7501372e-07,4,3.102055e-08,2.5545102e-08,0,0.5557778,0.6316503882408142,0.6931546,2.3334772e-08,4,5.1385114829827216e-08
sequential,mov,0.05,0.3,0.43,0,rrg,84,1.9748535e-08,1.760537e-08,3.1407957e-08,4,3.702095e-08,4.9566445e-08,0,1.1713068,0.671723484992981,0.69279283,4.0967635e-08,3,1.6059148677527446e-08
sequential,mov,0.05,0.3,0.44,0,rrg,46,1.6783838e-09,1.3761735e-07,2.796283e-07,16,2.7347582e-09,3.353045e-09,0,5.543593e-08,0.6382467150688171,1.1399664e-07,2.796045e-09,16,1.1570658386972354e-07
sequential,mov,0.05,0.3,0.45,0,rrg,24,6.2950525e-09,1.2525292e-07,4.2284782e-07,8,8.8542285e-09,9.4890895e-09,0,0.14003111,0.6506946682929993,0.25382352,7.97925e-09,7,1.4043492058135598e-07
sequential,mov,0.05,0.3,0.46,0,rrg,70,5.301415e-10,1.5849388e-07,4.479232e-07,16,7.5655104e-10,8.943649e-10,0,0.34684604,0.6439939737319946,0.38488182,7.619225e-10,16,1.5636064176760556e-07
sequential,mov,0.05,0.3,0.47,0,rrg,93,1.4312894e-10,8.307465e-09,1.4168706e-08,17,4.2132475e-11,3.805243e-11,0,0.028167237,0.4409858286380768,0.013632019,1.0099647e-10,20,6.764551585547451e-09
sequential,mov,0.05,0.3,0.48,0,rrg,92,1.985832e-09,5.377909e-09,7.384287e-09,11,2.4241291e-09,3.0016425e-09,0,5.7569626e-08,0.5056544542312622,0.20363952,2.6738511e-09,12,4.954361809694774e-09
sequential,mov,0.05,0.3,0.49,0,rrg,43,1.03063975e-08,1.8922344e-07,4.5786066e-07,10,1.161069e-08,1.38797205e-08,0,0.61807287,0.8994075059890747,0.37271798,1.2573028e-08,9,1.8777015498017136e-07
sequential,mov,0.05,0.3,0.5,0,rrg,87,5.5838916e-09,1.6177847e-07,4.541189e-07,10,2.5939961e-09,1.0283643e-09,0,0.25164497,0.8925896883010864,0.33670112,2.9898954e-09,13,1.5196185643162607e-07
sequential,mov,0.05,0.3,0.51,0,rrg,36,4.542085e-10,8.186271e-08,2.334044e-07,11,2.5102205e-09,3.5499879e-09,0,0.30400202,0.5807031393051147,0.35551593,2.6616231e-09,7,6.099349292298939e-08
sequential,mov,0.05,0.3,0.52,0,rrg,4,2.5403914e-08,8.577395e-08,2.3296987e-07,4,1.8113369e-08,2.561617e-08,0,1.7180088,0.6888566017150879,0.54780185,2.658134e-08,4,7.62637668572097e-08
sequential,mov,0.05,0.3,0.53,0,rrg,71,1.5201662e-10,3.6058914e-08,1.4422447e-07,16,2.1411667e-10,2.9622427e-10,0,1.48244546e-08,0.6099120378494263,0.00038898914,2.5855976e-10,14,2.859429137913594e-08
sequential,mov,0.05,0.3,0.54,0,rrg,62,6.390117e-10,1.19109835e-07,2.813912e-07,7,7.767675e-13,1.098515e-12,0,0.96663034,0.5649189949035645,0.000110477005,6.3823496e-10,9,9.393649946787264e-08
sequential,mov,0.05,0.3,0.55,0,rrg,30,1.3529903e-08,1.441158e-07,4.3832512e-07,6,6.5244325e-09,4.568366e-09,0,1.3136246,1.084580659866333,0.5920122,7.0054713e-09,6,1.4764492561880616e-07
sequential,mov,0.05,0.3,0.56,0,rrg,66,2.6738082e-11,1.1023634e-07,4.2269443e-07,20,1.6446468e-18,2.3258745e-18,0,3.4616305e-09,0.7517731189727783,1.063246e-09,2.6738082e-11,20,1.211348319429817e-07
sequential,mov,0.05,0.3,0.57,0,rrg,17,1.1454301e-09,5.2033766e-08,1.9199246e-07,10,4.556507e-10,5.4190735e-10,0,0.09279151,0.7350420355796814,0.025531968,7.375769e-10,12,3.915143764743334e-08
sequential,mov,0.05,0.3,0.58,0,rrg,68,1.5936726e-10,5.450774e-08,1.527622e-07,14,3.7173473e-11,5.0209184e-11,0,0.0016322988,0.6974077820777893,0.004853146,1.2219378e-10,16,5.128590530034671e-08
sequential,mov,0.05,0.3,0.59,0,rrg,45,5.989644e-09,9.709422e-08,2.5106985e-07,7,7.891559e-10,1.116035e-09,0,1.8178382,0.9005271196365356,0.32574436,5.2004876e-09,7,9.070852513559657e-08
sequential,mov,0.05,0.3,0.6,0,rrg,99,2.6738037e-11,9.089623e-08,2.521796e-07,20,9.317908e-22,1.3176528e-21,0,6.5093575e-10,0.5162121057510376,1.5806075e-13,2.6738037e-11,20,8.469853440828956e-08
sequential,mov,0.05,0.3,0.61,0,rrg,39,4.5216705e-10,1.8965693e-07,4.6723474e-07,12,4.7459475e-10,5.0708054e-10,0,0.09075862,0.7580341696739197,0.20011468,4.6110982e-10,13,1.7384556372235238e-07
sequential,mov,0.05,0.3,0.62,0,rrg,64,8.756049e-11,2.222152e-07,4.8397044e-07,18,5.2553375e-11,7.4321674e-11,0,4.451766e-09,0.8743636012077332,1.4310323e-06,8.174019e-11,18,1.9754595825816068e-07
sequential,mov,0.05,0.3,0.63,0,rrg,12,1.3153863e-10,1.9498104e-07,4.733858e-07,18,1.274882e-10,1.8029553e-10,0,3.0041243e-09,1.1180046796798706,3.656208e-09,1.7133439e-10,17,1.8867081053031143e-07
sequential,mov,0.05,0.3,0.64,0,rrg,59,8.0419153e-07,2.3613347e-07,4.810708e-07,3,8.9670074e-08,1.2681264e-07,0,1.0960666,1.099575400352478,0.26940075,7.145215e-07,2,2.2664421805984603e-07
sequential,mov,0.05,0.3,0.65,0,rrg,54,3.5098435e-10,5.385984e-08,1.9262373e-07,14,7.747889e-10,1.0953356e-09,0,0.55730057,0.8069297671318054,0.44757032,8.914241e-10,14,3.899040024180067e-08
sequential,mov,0.05,0.3,0.66,0,rrg,11,3.032394e-10,1.914286e-07,4.6432746e-07,12,3.557193e-22,4.8230234e-22,0,0.6108644,0.8235453367233276,1.1392537e-12,3.032394e-10,12,1.8165020776450547e-07
sequential,mov,0.05,0.3,0.67,0,rrg,60,6.8883037e-09,8.9053145e-08,2.3225435e-07,7,4.121017e-10,2.9139993e-10,0,1.8906288,0.8691021203994751,0.61351943,6.4762022e-09,7,7.944602486986696e-08
sequential,mov,0.05,0.3,0.68,0,rrg,10,8.733269e-11,1.9003417e-07,4.6468884e-07,18,5.251896e-11,7.4273025e-11,0,2.037552e-09,0.8530150651931763,1.7095462e-09,8.162986e-11,17,1.8075411389872897e-07
sequential,mov,0.05,0.3,0.69,0,rrg,76,2.3228443e-10,9.021825e-08,2.3251167e-07,12,4.1577162e-11,5.879899e-11,0,0.9840579,0.9171450734138489,0.0351405,1.9070727e-10,12,8.080731817017295e-08
sequential,mov,0.05,0.3,0.7,0,rrg,5,4.568294e-09,1.375494e-07,4.3976516e-07,6,3.8965613e-09,4.1131734e-09,0,0.9681058,0.7488890886306763,0.814523,4.0687342e-09,6,1.3002244259041618e-07
sequential,mov,0.05,0.3,0.71,0,rrg,14,8.825857e-07,5.5614635e-08,1.9157683e-07,1,2.5689636e-07,2.9135057e-07,0,2.1563659,0.738257110118866,1.442598,6.256893e-07,1,4.243414863935868e-08
sequential,mov,0.05,0.3,0.72,0,rrg,23,1.2640162e-08,1.3323317e-07,4.2788474e-07,6,8.7852685e-09,7.476797e-09,0,1.42261,0.7833272814750671,0.5828482,7.610644e-09,6,1.3234728157840436e-07
sequential,mov,0.05,0.3,0.73,0,rrg,34,2.3167561e-09,3.1624165e-08,7.8575404e-08,11,7.90876e-10,1.1184675e-09,0,1.3205185,0.5930072069168091,0.35422704,1.563128e-09,11,3.1458569083042676e-08
sequential,mov,0.05,0.3,0.74,0,rrg,32,1.4633679e-08,1.2236744e-07,4.252241e-07,6,1.755082e-26,0.0,0,1.8624933,0.671371579170227,2.4934498e-17,1.463368e-08,6,1.223436356667662e-07
sequential,mov,0.05,0.3,0.75,0,rrg,3,4.262795e-09,1.3152462e-07,4.2359653e-07,9,0.0,0.0,0,1.6700084,0.6371919512748718,2.015175e-35,4.262795e-09,9,1.3151334599115216e-07
sequential,mov,0.05,0.3,0.76,0,rrg,6,6.490573e-11,1.2571209e-07,4.246358e-07,16,2.1635206e-11,3.05968e-11,0,1.5230008e-09,0.5026414394378662,8.3867757e-10,4.3270523e-11,16,1.2570066587613837e-07
sequential,mov,0.05,0.3,0.77,0,rrg,91,1.5645914e-10,3.033125e-08,7.68468e-08,11,6.112573e-19,8.644484e-19,0,0.9663228,0.4800094664096832,1.7925356e-09,1.5645914e-10,10,3.032139872516382e-08
sequential,mov,0.05,0.3,0.78,0,rrg,28,6.490571e-11,1.145958e-07,4.2494045e-07,17,2.1635206e-11,3.05968e-11,0,1.5229553e-09,0.48454540967941284,8.3853635e-10,4.327051e-11,16,1.1458725168722594e-07
sequential,mov,0.05,0.3,0.79,0,rrg,20,3.0310107e-10,1.3166684e-07,4.278075e-07,11,4.5641005e-11,6.4546125e-11,0,0.6108644,0.539737343788147,2.5024363e-09,2.5746005e-10,11,1.3165916357138485e-07
sequential,mov,0.05,0.3,0.8,0,rrg,7,7.2249323e-10,1.3174238e-07,4.283444e-07,10,2.1427623e-15,3.027859e-15,0,1.0440791,0.5575426816940308,1.1773786e-05,7.224911e-10,10,1.3173601587368466e-07
sequential,mov,0.05,0.3,0.81,0,rrg,15,2.8579082e-11,1.3868463e-07,4.3870352e-07,16,1.6882178e-12,2.3875006e-12,0,7.8036366e-10,0.5319458842277527,0.01051568,2.6890865e-11,16,1.3867857262539474e-07
sequential,mov,0.05,0.3,0.82,0,rrg,89,1.0768973e-07,1.4639416e-07,4.495139e-07,3,0.0,0.0,0,2.0024734,0.5615008473396301,4.74513e-40,1.0768972e-07,3,1.4638787604326353e-07
sequential,mov,0.05,0.3,0.83,0,rrg,96,7.909265e-08,1.3782562e-07,4.1980005e-07,3,2.0164825e-17,2.8506513e-17,0,1.912002e-06,0.4767622649669647,3.2231245e-08,7.909265e-08,3,1.3781897223452688e-07
sequential,mov,0.05,0.3,0.84,0,rrg,35,2.2339878e-08,1.3249424e-07,3.9831198e-07,5,2.519953e-18,3.563752e-18,0,9.915045e-05,0.5060079097747803,4.422183e-09,2.2339878e-08,5,1.324871732322208e-07
sequential,mov,0.05,0.3,0.85,0,rrg,72,2.673804e-11,1.3763082e-07,4.0225547e-07,14,1.3939294e-32,0.0,0,6.5093586e-10,0.5395229458808899,7.8934003e-28,2.673804e-11,14,1.3762328876509855e-07
sequential,mov,0.05,0.3,0.86,0,rrg,41,6.490573e-11,1.470995e-07,4.1336142e-07,11,2.1635242e-11,3.059685e-11,0,1.525375e-09,0.5780227780342102,5.0759574e-10,4.3270484e-11,11,1.4709144124935847e-07
sequential,mov,0.05,0.3,0.87,0,rrg,73,7.662625e-09,1.5833355e-07,4.2661463e-07,5,0.0,0.0,0,1.4990776e-07,0.6224782466888428,7.673967e-39,7.662625e-09,5,1.5832756616873667e-07
sequential,mov,0.05,0.3,0.88,0,rrg,44,1.5658028e-10,1.7080448e-07,4.4145398e-07,7,6.8785984e-25,0.0,0,0.96632314,0.6743426322937012,1.9617373e-14,1.5658026e-10,6,1.7079862857372063e-07
sequential,mov,0.05,0.3,0.89,0,rrg,47,6.5131275e-08,1.8630546e-07,4.579048e-07,3,4.0041497e-27,0.0,0,1.1373235e-06,0.6477975249290466,1.6129376e-19,6.5131275e-08,3,1.8629913256518194e-07
sequential,mov,0.05,0.3,0.9,0,rrg,48,2.673804e-11,1.9841882e-07,4.7855895e-07,9,1.00973996e-19,1.427988e-19,0,6.5093586e-10,0.712576687335968,4.306598e-18,2.673804e-11,9,1.9841186826852208e-07
sequential,mov,0.05,0.3,0.91,0,rrg,80,3.390722e-07,2.2046171e-07,4.9960397e-07,2,7.476095e-23,1.0587912e-22,0,2.0684226,0.7917517423629761,2.6784715e-15,3.3907222e-07,2,2.2045398395675875e-07
sequential,mov,0.05,0.3,0.92,0,rrg,81,8.73327e-11,2.0547708e-07,5.280889e-07,5,5.2519048e-11,7.427316e-11,0,2.0311155e-09,0.6321680545806885,1.1874747e-09,8.1629946e-11,5,2.0546836765333865e-07
sequential,mov,0.05,0.3,0.93,0,rrg,51,2.6763518e-11,2.3435928e-07,5.5857987e-07,6,8.2719776e-16,1.1698343e-15,0,6.516446e-10,0.7224774956703186,2.786616e-14,2.676269e-11,6,2.3435224250079045e-07
sequential,mov,0.05,0.3,0.94,0,rrg,88,7.927117e-11,2.7307308e-07,5.945591e-07,5,2.951582e-11,4.1741673e-11,0,1.8663198e-09,0.8428905010223389,7.594178e-10,5.5939545e-11,5,2.730645860538061e-07
sequential,mov,0.05,0.3,0.95,0,rrg,57,1.602289e-06,3.2748386e-07,6.3751526e-07,1,0.0,0.0,0,2.4288578,1.0114691257476807,0.0,1.602289e-06,1,3.274828941357555e-07
sequential,mov,0.05,0.3,0.96,0,rrg,90,3.3471562e-11,8.665941e-09,1.3215164e-08,3,5.52717e-13,7.086481e-13,0,8.1591894e-10,0.6571218967437744,1.5294913e-11,3.2918845e-11,3,8.665803186147514e-09
sequential,mov,0.05,0.3,0.97,0,rrg,61,3.1551959e-09,1.1527459e-08,1.4110244e-08,2,2.0323e-41,0.0,0,0.67750037,0.8761627078056335,5.7203933e-31,3.1551959e-09,2,1.1527458987359296e-08
sequential,mov,0.05,0.3,0.98,0,rrg,94,3.1347312e-08,1.5687025e-08,1.5660287e-08,1,2.2215117e-27,0.0,0,1.9509876,0.9754937887191772,1.0133961e-19,3.1347312e-08,1,1.5687025012312006e-08
sequential,mov,0.05,0.3,0.99,0,rrg,31,2.673804e-11,2.673804e-11,0.0,1,3.0092594e-27,0.0,0,6.5093586e-10,6.509358607686977e-10,1.8050715e-25,2.673804e-11,1,2.6738040601048674e-11
sequential,c_mov,0.05,0.3,0.0,0,rrg,8,0.04985791,0.04985791,0.0,1,0.04985791,0.0,0,2.7788618,2.7788617610931396,2.7788618,0.0,1,0.0
sequential,c_mov,0.05,0.3,0.01,0,rrg,80,0.055321265,0.046569604,0.013060339,3,0.055405382,0.0026053907,0,2.7071512,2.6512250900268555,2.704457,0.0024419837,9,0.005131649784743786
sequential,c_mov,0.05,0.3,0.02,0,rrg,0,0.07033573,0.04314172,0.014413089,1,0.06299402,0.0022904058,0,2.7633126,2.7041516304016113,2.7546718,0.0073417164,12,0.009125391021370888
sequential,c_mov,0.05,0.3,0.03,0,rrg,23,0.0397693,0.024247965,0.014593538,5,0.03879456,0.0034551693,0,2.862233,2.7712786197662354,2.8580773,0.0029070775,17,0.008251579478383064
sequential,c_mov,0.05,0.3,0.04,0,rrg,92,0.04829597,0.02812911,0.039721917,4,0.050349582,0.041386764,0,2.9133782,2.729292631149292,2.8008454,0.036058914,3,0.012755480594933033
sequential,c_mov,0.05,0.3,0.05,0,rrg,12,0.0026234472,0.002176181,0.0026641916,6,0.0025938333,0.0010409103,0,2.4270322,2.2485463619232178,2.4310865,0.0009897061,9,0.003436307655647397
sequential,c_mov,0.05,0.3,0.06,0,rrg,79,0.16808827,0.008846407,0.036536597,1,0.097890384,0.058485616,1,2.3631525,1.803370475769043,2.2049773,0.07019789,1,0.003769645467400551
sequential,c_mov,0.05,0.3,0.07,0,rrg,70,0.0015201712,0.00042106328,0.00051953486,2,0.0014746633,0.00068351516,0,1.9066432,1.8165562152862549,1.7551104,0.0006252374,2,0.00025558454217389226
sequential,c_mov,0.05,0.3,0.08,0,rrg,32,0.00039239228,0.00012873235,0.0002929645,2,0.000287482,7.416923e-05,0,2.40943,1.4974446296691895,2.424433,0.00010491029,3,0.00010608955199131742
sequential,c_mov,0.05,0.3,0.09,0,rrg,29,0.00029112535,7.295688e-05,0.00012772453,2,0.00018588884,4.7259087e-05,0,1.8772607,1.6132690906524658,1.7316319,0.00010523651,3,8.045775030041113e-05
sequential,c_mov,0.05,0.3,0.1,0,rrg,19,8.005304e-05,9.935039e-06,1.7221379e-05,1,0.00013961538,0.00016645277,0,2.575199,1.3948466777801514,2.3910599,0.00013707227,1,1.1194456419616472e-05
sequential,c_mov,0.05,0.3,0.11,0,rrg,21,3.6341415e-05,8.057499e-06,1.7643237e-05,2,6.7192973e-06,5.053136e-06,0,2.2536972,1.216299295425415,1.5815958,2.9622117e-05,2,2.863106783479452e-05
sequential,c_mov,0.05,0.3,0.12,0,rrg,25,1.2895235e-05,8.18556e-06,1.5498203e-05,3,9.856125e-06,2.4173335e-06,0,0.6737527,1.1971241235733032,0.6818771,3.0391104e-06,7,2.852825855370611e-05
sequential,c_mov,0.05,0.3,0.13,0,rrg,13,8.325436e-06,0.0007298853,0.0028551181,5,7.235667e-06,2.708201e-06,0,0.39458638,1.519821047782898,0.5866268,2.4992723e-06,12,0.033372584730386734
sequential,c_mov,0.05,0.3,0.14,0,rrg,4,1.9127656e-06,0.0012827467,0.003838935,8,2.37446e-06,1.7352929e-06,0,1.9500473,1.423677682876587,1.2699512,1.7368716e-06,8,0.03335535153746605
sequential,c_mov,0.05,0.3,0.15,0,rrg,6,3.7415847e-07,1.6559752e-06,3.7291675e-06,12,4.3254377e-07,2.5810738e-07,0,0.17637365,1.3184144496917725,0.28576705,2.5196957e-07,11,1.39561404921551e-06
sequential,c_mov,0.05,0.3,0.16,0,rrg,78,2.61148e-05,0.0006279633,0.0026848435,3,6.180235e-06,7.5654743e-06,0,2.5649152,1.213310718536377,1.5342451,1.9934565e-05,3,0.016885006800293922
sequential,c_mov,0.05,0.3,0.17,0,rrg,40,2.225279e-05,0.00061995856,0.0026944359,2,5.3829062e-06,4.098463e-06,0,2.2637143,1.1652170419692993,1.5418735,1.6869884e-05,2,0.016675930470228195
sequential,c_mov,0.05,0.3,0.18,0,rrg,45,5.67103e-06,1.0379282e-05,4.2211712e-05,2,6.7778396e-06,5.811748e-06,0,1.7323809,1.2365585565567017,1.869696,4.7757335e-06,2,0.00020957912784069777
sequential,c_mov,0.05,0.3,0.19,0,rrg,72,2.0414768e-07,0.00060238625,0.002623873,10,1.6731916e-07,1.1199398e-08,0,0.5140623,1.247106671333313,0.6765792,3.682852e-08,18,0.016681281849741936
sequential,c_mov,0.05,0.3,0.2,0,rrg,16,2.4991778e-06,4.900156e-05,0.00021180078,2,1.4820898e-06,1.6905931e-06,0,2.0380497,1.0536472797393799,1.416047,1.916217e-06,4,0.016684915870428085
sequential,c_mov,0.05,0.3,0.21,0,rrg,7,2.6232289e-07,0.0006419907,0.002791284,11,1.5536175e-07,2.2250525e-08,0,0.7676139,1.4210214614868164,0.8246955,1.06961146e-07,12,0.01670048013329506
sequential,c_mov,0.05,0.3,0.22,0,rrg,49,8.192183e-08,0.001241588,0.0037069235,9,5.2160043e-08,1.6992884e-08,0,0.13599873,1.1159095764160156,0.2946533,2.9761788e-08,10,0.033578235656023026
sequential,c_mov,0.05,0.3,0.23,0,rrg,37,5.7454245e-06,4.3319696e-07,1.2935163e-06,1,1.6106078e-06,1.4713953e-06,0,2.1828392,1.0241568088531494,1.5190262,4.134817e-06,1,3.356167042056768e-07
sequential,c_mov,0.05,0.3,0.24,0,rrg,89,7.9643746e-07,0.00059474044,0.0025918528,2,1.9772206e-07,2.2022117e-07,0,2.1426132,0.9850850105285645,0.6954279,5.987154e-07,3,0.016680339351296425
sequential,c_mov,0.05,0.3,0.25,0,rrg,44,3.803994e-09,0.0005938052,0.0025844513,15,5.547417e-09,4.7071165e-09,0,0.21774518,0.939062774181366,0.45638216,4.279419e-09,16,0.016696859151124954
sequential,c_mov,0.05,0.3,0.26,0,rrg,56,1.405257e-08,0.0006390399,0.0025766192,12,3.254022e-08,4.0049855e-08,0,0.6425885,0.9971872568130493,0.5988467,3.154027e-08,8,0.03336320072412491
sequential,c_mov,0.05,0.3,0.27,0,rrg,62,3.7572394e-07,5.223507e-05,0.00020584583,5,5.3502e-07,6.2071604e-07,0,1.8712735,1.146881341934204,1.6672596,5.315653e-07,5,0.016881002113223076
sequential,c_mov,0.05,0.3,0.28,0,rrg,38,1.867479e-06,1.0163374e-06,3.042935e-06,3,3.236502e-05,4.5685807e-05,0,2.2351189,1.0101850032806396,1.5139364,3.290712e-05,2,1.7943393686437048e-05
sequential,c_mov,0.05,0.3,0.29,0,rrg,36,1.0768987e-08,9.083352e-07,2.8599136e-06,11,4.699114e-09,4.7226325e-09,0,1.3416189,1.0529040098190308,0.40435514,6.329787e-09,13,1.5946958228596486e-05
sequential,c_mov,0.05,0.3,0.3,0,rrg,11,1.29741915e-08,0.0005520812,0.0024057392,8,1.9079488e-08,1.37110145e-08,0,0.43110192,0.8051074147224426,0.6382838,1.4754757e-08,8,0.016689660027623177
sequential,c_mov,0.05,0.3,0.31,0,rrg,20,7.476717e-09,1.237667e-07,4.4525953e-07,8,3.3321645e-09,2.0797577e-09,0,0.31546566,0.5799009799957275,0.3346765,4.1445527e-09,9,1.0270201755702146e-07
sequential,c_mov,0.05,0.3,0.32,0,rrg,41,4.742932e-10,0.0011666482,0.0035052246,17,5.044866e-10,4.154596e-10,0,0.0017102521,0.8001783490180969,0.031105397,3.4638892e-10,19,0.033376164734363556
sequential,c_mov,0.05,0.3,0.33,0,rrg,2,1.64919e-06,0.0006162089,0.0026816358,3,1.0236926e-06,3.3183068e-07,0,2.1370404,0.8259292840957642,2.0722911,6.254974e-07,4,0.016872113570570946
sequential,c_mov,0.05,0.3,0.34,0,rrg,9,1.7737207e-09,0.0005980874,0.0023994553,13,2.571723e-09,2.8662674e-09,0,0.10463645,0.8534541130065918,0.14438567,2.4002196e-09,12,0.033385422080755234
sequential,c_mov,0.05,0.3,0.35,0,rrg,91,1.13199064e-07,0.00055107387,0.002401758,5,1.5004848e-07,1.1006101e-07,0,1.8557209,0.7660782337188721,1.4228548,1.12315455e-07,6,0.016687870025634766
sequential,c_mov,0.05,0.3,0.36,0,rrg,5,1.000152e-09,4.7131693e-05,0.0002019715,15,4.4713375e-09,6.323426e-09,0,0.63442475,0.9098910093307495,0.49856272,4.8047215e-09,10,0.01669769361615181
sequential,c_mov,0.05,0.3,0.37,0,rrg,26,9.983215e-11,0.00061594596,0.002681241,19,1.00480436e-10,1.4210079e-10,0,1.4681515e-08,0.7864429950714111,2.8342174e-05,1.337578e-10,17,0.0167038906365633
sequential,c_mov,0.05,0.3,0.38,0,rrg,35,3.9387935e-08,2.4004894e-06,7.4676495e-06,6,8.539897e-09,1.2077237e-08,0,1.2024871,0.7927997708320618,0.49562988,3.084804e-08,6,0.00020320378825999796
sequential,c_mov,0.05,0.3,0.39,0,rrg,63,3.8223507e-07,0.0012377927,0.0034943616,6,1.311331e-08,1.854501e-08,0,1.4920708,1.1081688404083252,0.66847616,3.6912175e-07,6,0.05006551742553711
sequential,c_mov,0.05,0.3,0.4,0,rrg,76,3.1557252e-09,0.00068932254,0.002683859,12,3.7082668e-09,4.238479e-09,0,1.1654088,1.004063367843628,0.7594275,3.770864e-09,11,0.033378519117832184
sequential,c_mov,0.05,0.3,0.41,0,rrg,81,8.1264057e-10,3.198928e-06,1.3117367e-05,15,1.0569653e-09,1.2053183e-09,0,2.7091908e-05,0.7604429721832275,0.028643848,1.0429788e-09,12,2.55343911703676e-05
sequential,c_mov,0.05,0.3,0.42,0,rrg,53,9.243061e-07,0.0011662941,0.0035043296,4,1.9952106e-06,2.6704333e-06,0,1.2908616,0.8423765897750854,0.85784656,2.1593685e-06,3,0.033376023173332214
sequential,c_mov,0.05,0.3,0.43,0,rrg,58,5.305086e-10,0.0006160816,0.00268121,17,1.625621e-09,2.2989752e-09,0,0.77458614,0.9397655725479126,0.524398,1.8024572e-09,14,0.016872096806764603
sequential,c_mov,0.05,0.3,0.44,0,rrg,88,2.348442e-10,0.000551965,0.0024015596,17,1.3723932e-10,1.3174696e-10,0,9.326853e-09,0.7374019622802734,3.0950318e-09,1.5103645e-10,17,0.01687229797244072
sequential,c_mov,0.05,0.3,0.45,0,rrg,47,1.3618469e-06,1.640334e-07,3.9283896e-07,1,9.502476e-06,1.3289476e-05,0,1.2875184,0.897692084312439,1.2380898,9.8156315e-06,1,5.765305104432628e-07
sequential,c_mov,0.05,0.3,0.46,0,rrg,33,4.5522858e-10,5.1312247e-05,0.0002159123,18,4.589484e-10,3.245714e-10,0,0.02809647,0.9230248332023621,0.07050491,3.0720554e-10,18,0.01688375696539879
sequential,c_mov,0.05,0.3,0.47,0,rrg,83,5.091506e-08,4.8473194e-05,0.00020479642,5,1.9581622e-08,2.5455838e-08,0,1.5802569,0.6913599371910095,0.539312,3.441263e-08,5,0.01688198372721672
sequential,c_mov,0.05,0.3,0.48,0,rrg,52,1.2199003e-10,8.6797606e-08,3.0808542e-07,18,1.9332332e-10,2.7340047e-10,0,1.0243921e-08,0.667925238609314,1.7377818e-07,2.3398666e-10,18,1.0030323949195008e-07
sequential,c_mov,0.05,0.3,0.49,0,rrg,74,1.8151528e-10,0.0012131946,0.0034945565,16,8.3996077e-10,1.1872591e-09,0,0.16888745,0.8025631904602051,0.2812293,8.998768e-10,11,0.05007350444793701
sequential,c_mov,0.05,0.3,0.5,0,rrg,14,1.4470518e-06,8.111819e-08,3.1416633e-07,1,7.471812e-08,1.05667375e-07,0,1.7045196,0.6458905935287476,0.690011,1.3723335e-06,1,7.675062363432517e-08
sequential,c_mov,0.05,0.3,0.51,0,rrg,3,1.4534422e-07,0.0011675599,0.0035039107,5,5.8711862e-08,5.8155706e-08,0,1.5488956,1.0590709447860718,1.0053058,8.6632355e-08,6,0.033575452864170074
sequential,c_mov,0.05,0.3,0.52,0,rrg,51,1.3274482e-10,8.345588e-07,3.5855135e-06,16,2.287661e-10,3.235241e-10,0,0.09068605,0.581067681312561,0.20003879,2.7301436e-10,15,0.00018395314691588283
sequential,c_mov,0.05,0.3,0.53,0,rrg,60,3.5720646e-09,0.0006616628,0.0026783887,12,6.292419e-21,7.525708e-21,0,1.8260599,0.9192218780517578,2.7369496e-12,3.5720646e-09,10,0.03337008133530617
sequential,c_mov,0.05,0.3,0.54,0,rrg,73,1.3069801e-08,6.1751484e-07,2.3498103e-06,8,1.658829e-08,2.288129e-08,0,1.6423995,0.7358137369155884,0.8810826,2.0397543e-08,7,1.5735327906440943e-05
sequential,c_mov,0.05,0.3,0.55,0,rrg,87,2.8524966e-10,4.7332956e-05,0.0002022365,15,1.5291444e-10,1.0812684e-10,0,2.8921182e-08,0.8430106043815613,6.197601e-09,1.3233521e-10,17,0.016865979880094528
sequential,c_mov,0.05,0.3,0.56,0,rrg,98,7.549414e-10,0.0012126137,0.0034947463,16,1.4492869e-09,1.9590545e-09,0,0.085916124,0.9870219230651855,0.17846316,1.6148977e-09,14,0.05005780607461929
sequential,c_mov,0.05,0.3,0.57,0,rrg,57,1.6462836e-05,0.0011675961,0.003503898,3,0.0036733656,0.0051949234,0,2.4376037,0.933422863483429,0.81058437,0.0036788534,3,0.03357549384236336
sequential,c_mov,0.05,0.3,0.58,0,rrg,95,2.7773633e-10,6.986831e-08,2.5830667e-07,14,7.6090485e-13,1.0760774e-12,0,1.2030951,0.5656288862228394,0.0004993972,2.7697544e-10,17,6.982314459946792e-08
sequential,c_mov,0.05,0.3,0.59,0,rrg,61,8.219948e-09,0.0005917074,0.002374669,9,2.8391176e-09,4.015119e-09,0,0.6928086,0.8879674077033997,0.4296286,5.5791003e-09,9,0.03337117284536362
sequential,c_mov,0.05,0.3,0.6,0,rrg,15,6.500462e-11,4.699446e-05,0.00020229629,19,2.1686881e-11,3.0662303e-11,0,1.5263463e-09,0.9784892797470093,5.1649574e-10,4.334794e-11,19,0.01669764146208763
sequential,c_mov,0.05,0.3,0.61,0,rrg,64,6.4951475e-11,4.7044552e-05,0.00020228476,18,2.16445e-11,3.060995e-11,0,1.4028011e-08,0.9113852381706238,5.8288563e-10,4.3306973e-11,18,0.01669769175350666
sequential,c_mov,0.05,0.3,0.62,0,rrg,28,7.884373e-09,0.0006126542,0.0026680045,5,1.1509464e-08,1.1262112e-08,0,1.0957398,0.5200697183609009,0.91270906,8.984292e-09,5,0.01670462265610695
sequential,c_mov,0.05,0.3,0.63,0,rrg,27,1.3215858e-09,0.001157393,0.0034783804,14,3.2543088e-10,2.946004e-10,0,1.3410777,0.9717841148376465,0.38157055,9.96155e-10,13,0.033377982676029205
sequential,c_mov,0.05,0.3,0.64,0,rrg,86,1.0227425e-08,0.00059226726,0.0023744092,7,2.1275364e-08,3.0061457e-08,0,1.752408,0.8455414772033691,0.7260851,2.4659565e-08,6,0.03338664025068283
sequential,c_mov,0.05,0.3,0.65,0,rrg,18,0.000928724,0.0012043671,0.0034686103,3,0.33333695,0.471402,0,2.0394745,0.8960233926773071,0.520884,0.3336393,3,0.05007559806108475
sequential,c_mov,0.05,0.3,0.66,0,rrg,43,3.3838e-09,0.0011573704,0.003478379,9,3.0851102e-09,2.915326e-09,0,1.0263451,0.8613748550415039,0.72319716,2.706999e-09,8,0.03337854519486427
sequential,c_mov,0.05,0.3,0.67,0,rrg,1,1.3839037e-08,0.00054523116,0.0023765916,3,6.023362e-12,8.51832e-12,0,1.9672232,0.6666158437728882,0.0044819065,1.3833014e-08,3,0.016688955947756767
sequential,c_mov,0.05,0.3,0.68,0,rrg,50,2.6738037e-11,0.0006121642,0.002668035,19,0.0,0.0,0,6.5093575e-10,0.6313782334327698,3.456931e-36,2.6738037e-11,18,0.016689026728272438
sequential,c_mov,0.05,0.3,0.69,0,rrg,82,2.2869874e-10,0.0005452392,0.0023765883,11,5.513923e-10,7.7978657e-10,0,1.6475656e-08,0.5974226593971252,0.031086681,6.276253e-10,10,0.016688967123627663
sequential,c_mov,0.05,0.3,0.7,0,rrg,66,9.614113e-10,0.0011573236,0.0034783927,11,5.8032984e-10,5.603768e-10,0,3.630709e-07,0.6493481397628784,0.032136094,6.553554e-10,11,0.033377911895513535
sequential,c_mov,0.05,0.3,0.71,0,rrg,94,3.1335563e-08,0.0011573492,0.0034783855,5,4.5558484e-24,0.0,0,1.9509873,0.7884458303451538,8.548935e-17,3.1335563e-08,5,0.033377937972545624
sequential,c_mov,0.05,0.3,0.72,0,rrg,54,9.780288e-10,0.0011573904,0.003478372,12,7.3301426e-10,5.2240257e-10,0,0.4870662,0.6727010011672974,0.49649265,4.0700468e-10,13,0.03337797895073891
sequential,c_mov,0.05,0.3,0.73,0,rrg,85,3.603625e-08,0.0006121733,0.0026680308,4,5.3097106e-26,0.0,0,1.2621425,0.6167790293693542,1.2075104e-17,3.603625e-08,4,0.016689036041498184
sequential,c_mov,0.05,0.3,0.74,0,rrg,99,8.7332586e-11,0.0011573468,0.003478385,14,5.2519048e-11,7.427315e-11,0,7.3490746e-08,0.5989714860916138,3.8093408e-08,8.1629904e-11,14,0.033377934247255325
sequential,c_mov,0.05,0.3,0.75,0,rrg,75,1.4515769e-10,0.0006121787,0.0026680306,12,2.877907e-10,4.0695353e-10,0,0.1019963,0.641389012336731,0.21170557,3.361351e-10,11,0.016689041629433632
sequential,c_mov,0.05,0.3,0.76,0,rrg,71,2.673804e-11,0.0011574064,0.0034783657,19,4.9338015e-23,7.486784e-23,0,6.5093586e-10,0.7408062219619751,2.3954803e-20,2.673804e-11,19,0.0333779938519001
sequential,c_mov,0.05,0.3,0.77,0,rrg,10,2.673804e-11,0.0011574056,0.0034783669,17,1.8194718e-20,2.5731212e-20,0,8.192023e-10,0.7325931787490845,2.2133571e-10,2.673804e-11,17,0.0333779938519001
sequential,c_mov,0.05,0.3,0.78,0,rrg,34,2.8634878e-10,0.0011574068,0.0034783666,13,5.4970375e-14,7.7739844e-14,0,1.2049128,0.7898387312889099,9.590858e-05,2.862938e-10,13,0.0333779975771904
sequential,c_mov,0.05,0.3,0.79,0,rrg,97,9.951455e-11,0.0011574003,0.0034783708,13,9.532277e-11,1.3480675e-10,0,0.0115231415,0.644727885723114,0.047117714,1.2849428e-10,13,0.033377986401319504
sequential,c_mov,0.05,0.3,0.8,0,rrg,17,7.0547657e-10,0.001157407,0.003478367,10,6.7457306e-10,9.539903e-10,0,0.6934782,0.7351444363594055,0.4465131,9.097319e-10,10,0.0333779975771904
sequential,c_mov,0.05,0.3,0.81,0,rrg,22,4.706153e-09,0.0012183231,0.003558317,7,4.6511212e-20,6.577678e-20,0,1.1501033,0.7331421375274658,2.7188019e-10,4.706153e-09,7,0.035134732723236084
sequential,c_mov,0.05,0.3,0.82,0,rrg,96,1.8609247e-08,0.0012860065,0.0036438962,6,7.40948e-40,0.0,0,3.312373e-07,0.7045853137969971,3.795812e-32,1.8609247e-08,6,0.03708666190505028
sequential,c_mov,0.05,0.3,0.83,0,rrg,65,1.4071024e-07,0.0013616526,0.0037357772,5,0.0,0.0,0,1.8262826,0.7447973489761353,0.0,1.4071024e-07,5,0.03926822543144226
sequential,c_mov,0.05,0.3,0.84,0,rrg,67,2.6738018e-11,0.0014467472,0.003834734,16,1.849338e-20,2.6153588e-20,0,6.509353e-10,0.6770051717758179,1.6089399e-17,2.673802e-11,16,0.041722483932971954
sequential,c_mov,0.05,0.3,0.85,0,rrg,68,1.6854411e-10,0.0015431972,0.003941661,8,2.012424e-10,2.845997e-10,0,0.4480763,0.7220728397369385,0.43013242,2.5742375e-10,8,0.04450398311018944
sequential,c_mov,0.05,0.3,0.86,0,rrg,69,0.010904558,0.0016534266,0.0040576137,2,0.33741394,0.46854573,0,2.413807,0.7401458621025085,0.6077747,0.3337791,1,0.04768284037709236
sequential,c_mov,0.05,0.3,0.87,0,rrg,39,1.1787563e-10,0.00068129064,0.002359612,7,1.7269293e-10,2.442246e-10,0,0.13316649,0.60430908203125,0.22021091,2.1198472e-10,7,0.0258531142026186
sequential,c_mov,0.05,0.3,0.88,0,rrg,42,1.1878036e-06,0.00058944663,0.0019545057,2,0.0,0.0,0,1.4919407,0.637922465801239,0.0,1.1878036e-06,2,0.027970492839813232
sequential,c_mov,0.05,0.3,0.89,0,rrg,77,0.0062780296,0.00057076296,0.0018047963,1,0.333339,0.4714005,0,1.7257538,0.5538375377655029,0.0046382085,0.33542034,1,0.030492790043354034
sequential,c_mov,0.05,0.3,0.9,0,rrg,46,2.6738046e-11,3.630078e-08,1.0827565e-07,7,1.436942e-33,0.0,0,6.5093597e-10,0.4351348280906677,1.071769e-31,2.6738048e-11,7,3.6311476492301153e-08
sequential,c_mov,0.05,0.3,0.91,0,rrg,48,2.2357667e-10,4.032905e-08,1.1341944e-07,4,3.7224268e-10,5.263154e-10,0,0.5883584,0.4832925796508789,0.49981675,4.466596e-10,3,4.0340744078548596e-08
sequential,c_mov,0.05,0.3,0.92,0,rrg,84,2.6738028e-11,4.5319943e-08,1.1936385e-07,8,4.379049e-38,0.0,0,6.509355e-10,0.46635901927948,8.886655e-33,2.6738028e-11,8,4.531304753641052e-08
sequential,c_mov,0.05,0.3,0.93,0,rrg,55,6.9028455e-10,5.17549e-08,1.2630039e-07,2,2.737476e-12,3.8713754e-12,0,1.4140329,0.5251728892326355,0.0141687095,6.875471e-10,2,5.174831585463835e-08
sequential,c_mov,0.05,0.3,0.94,0,rrg,24,6.4905706e-11,6.026575e-08,1.3454904e-07,4,2.1635244e-11,3.0596855e-11,0,1.5227897e-09,0.3770292103290558,5.076673e-10,4.327048e-11,4,6.025853593882857e-08
sequential,c_mov,0.05,0.3,0.95,0,rrg,90,2.6738044e-11,7.2303536e-08,1.4441136e-07,4,0.0,0.0,0,6.509359e-10,0.4524351954460144,0.0,2.6738044e-11,4,7.230278953329616e-08
sequential,c_mov,0.05,0.3,0.96,0,rrg,59,3.611263e-07,9.037028e-08,1.563211e-07,1,7.525084e-26,0.0,0,1.0575258,0.5655434131622314,3.1496887e-21,3.6112633e-07,1,9.036983783516916e-08
sequential,c_mov,0.05,0.3,0.97,0,rrg,93,2.6738042e-11,1.13820696e-10,1.2084746e-10,3,2.8380624e-29,0.0,0,6.5093586e-10,0.40154924988746643,3.8878e-26,2.6738042e-11,3,1.1374969716149153e-10
sequential,c_mov,0.05,0.3,0.98,0,rrg,30,2.8471436e-10,1.5664464e-10,1.2806974e-10,1,3.2945872e-19,4.655776e-19,0,1.2046479,0.6023239493370056,5.35479e-09,2.8471436e-10,1,1.5659154528613328e-10
sequential,c_mov,0.05,0.3,0.99,0,rrg,31,2.7043853e-11,2.7043853e-11,0.0,1,1.3239692e-14,1.8723751e-14,0,6.597473e-10,6.597473123370889e-10,4.0859297e-13,2.7030614e-11,1,2.7030613858336494e-11
sequential,ov,0.2,0.3,0.0,0,rrg,25,0.1993963,0.19939631,1.4901161e-08,1,0.1993963,0.0,1,2.292514,2.2925143241882324,2.292514,0.0,1,0.0
sequential,ov,0.2,0.3,0.01,0,rrg,88,0.19999757,0.19999757,8.416188e-08,10,0.19999765,3.847463e-08,1,2.1802561,2.188495635986328,2.1725771,6.45717e-08,10,7.9969552757575e-08
sequential,ov,0.2,0.3,0.02,0,rrg,50,0.19999988,0.1999999,3.7990656e-08,13,0.19999997,1.9237316e-08,1,2.1953037,2.169337272644043,2.1907167,7.4505806e-08,3,0.01291671209037304
sequential,ov,0.2,0.3,0.03,0,rrg,87,0.20000005,0.20000002,3.7844256e-08,2,0.46666566,0.37712222,1,1.7575697,2.104522228240967,1.280971,0.26666573,1,0.05290358141064644
sequential,ov,0.2,0.3,0.04,0,rrg,18,0.20000002,0.20000002,3.365156e-08,7,0.7166504,0.3658957,0,1.5994045,2.0890681743621826,0.7742246,0.51665044,1,0.06580571085214615
sequential,ov,0.2,0.3,0.05,0,rrg,73,0.20000008,0.20000002,5.4547204e-08,3,0.20000003,9.023101e-08,1,2.1994333,2.138850688934326,2.196816,7.4505806e-08,11,0.02652076818048954
sequential,ov,0.2,0.3,0.06,0,rrg,26,0.20000002,0.20013723,0.00041292142,7,0.19999994,5.508729e-08,1,2.1939886,2.111008882522583,2.1874807,6.953875e-08,8,0.04076855629682541
sequential,ov,0.2,0.3,0.07,0,rrg,99,0.2,0.19673984,0.014529115,11,0.2,3.9424766e-08,1,2.0675235,2.100806713104248,2.0091932,3.4769375e-08,19,0.04578152298927307
sequential,ov,0.2,0.3,0.08,0,rrg,60,0.20000006,0.19667068,0.014512274,1,0.2,3.2190187e-08,1,2.1893206,2.049391508102417,2.1794279,5.9604645e-08,11,0.08414772897958755
sequential,ov,0.2,0.3,0.09,0,rrg,93,0.20000005,0.20011476,0.0005002258,2,0.19999999,4.3867832e-08,1,2.045183,2.0821585655212402,1.9687744,5.9604645e-08,8,0.040168397128582
sequential,ov,0.2,0.3,0.1,0,rrg,7,0.20000005,0.2,3.7697287e-08,2,0.2,4.3867832e-08,1,2.1475966,2.0369434356689453,2.1139119,5.4637592e-08,11,0.06675460934638977
sequential,ov,0.2,0.3,0.11,0,rrg,28,0.2,0.19678542,0.014547299,6,0.19999999,1.2166748e-08,0,2.1341267,2.0341169834136963,2.0416086,2.4835268e-08,15,0.07041335850954056
sequential,ov,0.2,0.3,0.12,0,rrg,54,0.19999997,0.19595894,0.014896218,11,0.20003015,4.2631553e-05,1,2.1781344,1.980125069618225,2.1579206,3.0184785e-05,15,0.1277543604373932
sequential,ov,0.2,0.3,0.13,0,rrg,45,0.19999996,0.195443,0.02122543,16,0.46665037,0.37710056,0,1.703189,1.9458045959472656,1.1615833,0.2666504,10,0.14054709672927856
sequential,ov,0.2,0.3,0.14,0,rrg,91,0.2014229,0.18656856,0.034479633,3,0.20088387,0.0005619255,1,2.2012553,1.9708009958267212,2.199161,0.00053902966,17,0.1603064090013504
sequential,ov,0.2,0.3,0.15,0,rrg,46,0.20011646,0.19706263,0.014669614,10,0.20039679,0.0005003914,1,2.0205784,1.9506908655166626,1.9103488,0.0003771186,18,0.14008980989456177
sequential,ov,0.2,0.3,0.16,0,rrg,61,0.2000667,0.18252622,0.036686175,13,0.20023291,0.00032930388,0,2.1577258,2.0072731971740723,2.1229858,0.00025506815,19,0.0863361582159996
sequential,ov,0.2,0.3,0.17,0,rrg,1,0.19955046,0.19506593,0.011924865,16,0.7311726,0.38017926,1,1.508655,1.9935152530670166,0.64815885,0.5356439,1,0.1066640242934227
sequential,ov,0.2,0.3,0.18,0,rrg,14,0.20000003,0.18790796,0.028568655,11,0.20022164,0.00023175248,1,2.1562138,1.9687211513519287,2.1257565,0.00022161007,20,0.13880760967731476
sequential,ov,0.2,0.3,0.19,0,rrg,39,0.10115026,0.19628608,0.02299549,20,0.39525238,0.43429345,0,1.9664189,1.9984047412872314,0.6867919,0.36153564,1,0.09476952254772186
sequential,ov,0.2,0.3,0.2,0,rrg,44,0.20502691,0.19883215,0.015137471,5,0.17969799,0.04024881,1,2.1590104,1.939699411392212,2.0958493,0.029503971,11,0.13062813878059387
sequential,ov,0.2,0.3,0.21,0,rrg,30,0.1954376,0.17639644,0.036809497,12,0.4416674,0.3962506,0,1.814228,1.9526218175888062,1.344886,0.29583874,2,0.14034771919250488
sequential,ov,0.2,0.3,0.22,0,rrg,55,0.16873579,0.19453827,0.012086888,18,0.1595063,0.05502479,0,2.1197052,1.9470813274383545,1.9932836,0.048801173,10,0.12145248800516129
sequential,ov,0.2,0.3,0.23,0,rrg,12,0.08293657,0.18170495,0.036374457,20,0.11357895,0.08031269,0,2.1462088,1.9527642726898193,1.4109896,0.08593344,11,0.1456136405467987
sequential,ov,0.2,0.3,0.24,0,rrg,5,0.20005283,0.18392183,0.027482217,5,0.4672399,0.37671894,1,1.7569294,1.9319273233413696,1.2784148,0.267218,9,0.20126724243164062
sequential,ov,0.2,0.3,0.25,0,rrg,6,0.1886103,0.17022246,0.047602393,13,0.43790674,0.39756742,0,1.8645276,1.9378325939178467,1.4184183,0.29163,6,0.19108933210372925
sequential,ov,0.2,0.3,0.26,0,rrg,51,0.20107247,0.17616358,0.03750856,2,0.1966378,0.004827578,0,2.0733163,1.9404189586639404,2.0005753,0.0044346848,18,0.17570123076438904
sequential,ov,0.2,0.3,0.27,0,rrg,95,0.20494348,0.1752039,0.041353755,1,0.1987375,0.0029450918,0,2.0469058,1.9373884201049805,1.9595385,0.006205966,17,0.2034234255552292
sequential,ov,0.2,0.3,0.28,0,rrg,89,0.20271234,0.15857036,0.049576897,4,0.463797,0.37926975,0,1.8319337,1.9709312915802002,1.3998728,0.27372804,10,0.21750418841838837
sequential,ov,0.2,0.3,0.29,0,rrg,9,0.19998124,0.17671007,0.040520325,6,0.47823057,0.36925757,0,1.7466171,1.919086217880249,1.261686,0.27904168,9,0.20439454913139343
sequential,ov,0.2,0.3,0.3,0,rrg,20,0.20035057,0.15610355,0.053661432,4,0.212467,0.01843028,0,1.8508383,1.9810148477554321,1.6645595,0.0133313835,19,0.18399283289909363
sequential,ov,0.2,0.3,0.31,0,rrg,36,0.17666963,0.16137348,0.054406375,10,0.12771557,0.069832206,0,2.2869706,2.019749641418457,2.1118891,0.07611876,13,0.1513565480709076
sequential,ov,0.2,0.3,0.32,0,rrg,22,0.2362385,0.16068843,0.056538455,2,0.42794207,0.4204843,0,1.6276779,1.9472684860229492,0.6176162,0.3483311,1,0.1649644374847412
sequential,ov,0.2,0.3,0.33,0,rrg,29,0.10064344,0.1708754,0.042797964,18,0.39365527,0.43506905,0,1.9541411,1.894593596458435,0.65980643,0.36010745,3,0.23002389073371887
sequential,ov,0.2,0.3,0.34,0,rrg,70,0.21014345,0.18136723,0.052219123,6,0.17851184,0.048636507,0,2.0751877,1.9101409912109375,1.9933304,0.035277326,18,0.22047677636146545
sequential,ov,0.2,0.3,0.35,0,rrg,49,0.122066274,0.15601191,0.05891652,15,0.37842682,0.43960354,0,2.0426307,2.015326976776123,1.4143845,0.3289286,2,0.1710255742073059
sequential,ov,0.2,0.3,0.36,0,rrg,42,0.13971412,0.15456505,0.07441128,12,0.13545658,0.09586947,0,2.0928006,1.9138495922088623,1.4409221,0.08888521,11,0.18065692484378815
sequential,ov,0.2,0.3,0.37,0,rrg,38,0.17458256,0.16065075,0.05907838,9,0.41760102,0.41908172,0,1.7765309,1.9773105382919312,1.1598674,0.33857012,2,0.15430204570293427
sequential,ov,0.2,0.3,0.38,0,rrg,11,0.15339857,0.16944823,0.062595665,14,0.13491285,0.09544933,0,1.9253843,1.8928543329238892,1.2181498,0.08377987,13,0.18577584624290466
sequential,ov,0.2,0.3,0.39,0,rrg,79,0.063696936,0.17046607,0.057459407,19,0.09662875,0.06833068,0,2.2006676,1.935272455215454,1.3264345,0.075396426,12,0.16916969418525696
sequential,ov,0.2,0.3,0.4,0,rrg,21,0.20556825,0.15247312,0.060614582,3,0.46996582,0.3748178,0,1.8019183,1.894325613975525,1.3477255,0.26848322,10,0.23122277855873108
sequential,ov,0.2,0.3,0.41,0,rrg,16,0.057133857,0.13317797,0.073821485,18,0.08780184,0.062508285,0,2.20276,1.9715442657470703,1.3881172,0.06875721,16,0.18526054918766022
sequential,ov,0.2,0.3,0.42,0,rrg,58,0.07035065,0.15902677,0.069383256,18,0.36772072,0.4490681,0,2.290451,1.8777978420257568,0.71589094,0.3442695,4,0.21459528803825378
sequential,ov,0.2,0.3,0.43,0,rrg,2,0.308816,0.15209211,0.07932054,2,0.07100553,0.10041699,0,1.6964504,1.9716157913208008,0.5800262,0.23781045,8,0.17233383655548096
sequential,ov,0.2,0.3,0.44,0,rrg,75,0.12906179,0.15011275,0.06290016,13,0.12960987,0.12444913,0,2.0836537,1.914685606956482,1.3812046,0.11176276,12,0.21677246689796448
sequential,ov,0.2,0.3,0.45,0,rrg,37,0.1872702,0.18870994,0.071357794,8,0.47127077,0.37973565,0,1.8116608,1.9224083423614502,1.2965189,0.32520458,4,0.23202569782733917
sequential,ov,0.2,0.3,0.46,0,rrg,84,0.07856669,0.12180233,0.061084524,15,0.3865551,0.43864128,0,2.1863527,2.0112712383270264,0.61770403,0.3603662,3,0.20592980086803436
sequential,ov,0.2,0.3,0.47,0,rrg,96,0.064754024,0.16294889,0.08064284,19,0.10749212,0.0763384,0,2.1259856,1.8596760034561157,1.2783839,0.08590744,16,0.19272305071353912
sequential,ov,0.2,0.3,0.48,0,rrg,56,0.18489632,0.1282249,0.068225786,5,0.42989025,0.40339252,0,1.8062979,1.8987176418304443,1.3034282,0.29840854,9,0.2197214812040329
sequential,ov,0.2,0.3,0.49,0,rrg,0,0.28443387,0.16510847,0.09523469,3,0.24438648,0.03327915,0,1.8478657,1.8824565410614014,1.6615329,0.04004738,19,0.22309724986553192
sequential,ov,0.2,0.3,0.5,0,rrg,24,0.042582165,0.12017387,0.07957004,18,0.34022963,0.46660453,0,2.3993022,1.9513965845108032,0.70918465,0.3406311,6,0.18216852843761444
sequential,ov,0.2,0.3,0.51,0,rrg,78,0.11801356,0.12588632,0.067431636,11,0.053221032,0.07526591,0,1.9713154,1.9266958236694336,0.6329902,0.09255888,12,0.17723870277404785
sequential,ov,0.2,0.3,0.52,0,rrg,76,0.12354852,0.14308092,0.063044354,13,0.08094336,0.06942665,0,2.116922,1.935180902481079,1.4283943,0.07326758,15,0.2242380678653717
sequential,ov,0.2,0.3,0.53,0,rrg,77,0.09870034,0.15043113,0.0843629,12,0.11748403,0.08311972,0,2.0759585,1.9117333889007568,1.2700437,0.084583916,15,0.2563686966896057
sequential,ov,0.2,0.3,0.54,0,rrg,4,0.20000002,0.1225459,0.08056985,5,1.0,0.0,0,1.2833619,1.7958590984344482,0.0,0.79999995,1,0.22092477977275848
sequential,ov,0.2,0.3,0.55,0,rrg,65,0.055594068,0.114826776,0.09134611,14,0.05567794,0.0787405,0,1.9884381,1.8476320505142212,0.6168095,0.074209295,13,0.21196290850639343
sequential,ov,0.2,0.3,0.56,0,rrg,48,0.22204582,0.13128856,0.08277968,3,0.19720085,0.11969474,0,2.1578543,1.8571598529815674,2.036945,0.11523488,13,0.22210891544818878
sequential,ov,0.2,0.3,0.57,0,rrg,67,0.06715417,0.13086231,0.08521895,15,0.071226165,0.06804646,0,2.1857457,1.8559964895248413,1.4285889,0.059745464,17,0.18082283437252045
sequential,ov,0.2,0.3,0.58,0,rrg,90,0.081994645,0.11847482,0.08986549,13,0.084672265,0.07275152,0,2.04559,1.8545076847076416,1.3409543,0.061076563,16,0.2224745750427246
sequential,ov,0.2,0.3,0.59,0,rrg,83,0.16799703,0.106243595,0.086865366,5,0.06241868,0.08827334,0,2.1343195,1.8192192316055298,0.6561151,0.11841769,9,0.14796240627765656
sequential,ov,0.2,0.3,0.6,0,rrg,17,0.08819096,0.09749529,0.060583837,11,0.39094648,0.43640807,0,2.0998244,1.856092095375061,0.66901714,0.3615495,3,0.2556498646736145
sequential,ov,0.2,0.3,0.61,0,rrg,27,0.09367638,0.09377193,0.064819336,10,0.33333334,0.4714045,0,1.7450885,1.8738065958023071,7.66822e-21,0.3645588,2,0.20146048069000244
sequential,ov,0.2,0.3,0.62,0,rrg,8,0.04802258,0.12069081,0.09722615,14,9.393834e-32,0.0,0,1.8258077,1.7251453399658203,2.6997632e-29,0.04802258,14,0.1902330070734024
sequential,ov,0.2,0.3,0.63,0,rrg,59,0.023546861,0.10539371,0.06798166,19,0.0036081935,0.0051027564,0,2.2040262,1.829627275466919,0.6725042,0.019938668,20,0.24737957119941711
sequential,ov,0.2,0.3,0.64,0,rrg,23,0.013567678,0.1171971,0.09078309,18,0.021109255,0.029852996,0,1.7839009,1.7495129108428955,0.6746195,0.025631815,18,0.20814785361289978
sequential,ov,0.2,0.3,0.65,0,rrg,92,0.14096157,0.10803281,0.0773869,6,0.38686636,0.43848047,0,1.5594904,1.8052030801773071,0.68732864,0.33987916,8,0.22764065861701965
sequential,ov,0.2,0.3,0.66,0,rrg,74,0.005838169,0.12493469,0.08194395,20,0.0017918021,0.0025339907,0,1.613158,1.7427409887313843,0.4816436,0.004046367,20,0.280072957277298
sequential,ov,0.2,0.3,0.67,0,rrg,94,0.26095584,0.11731933,0.09583834,3,0.33333334,0.4714045,0,1.0453585,1.7109556198120117,9.604046e-19,0.4203186,3,0.2309073656797409
sequential,ov,0.2,0.3,0.68,0,rrg,85,0.12547432,0.13117024,0.08853093,9,0.028930737,0.040914237,0,2.061009,1.7213537693023682,0.61039037,0.09654359,16,0.2631991505622864
sequential,ov,0.2,0.3,0.69,0,rrg,57,0.0583528,0.099199094,0.07475904,14,1.6041016e-11,2.2685421e-11,0,1.6088678,1.7493524551391602,1.940061e-09,0.0583528,15,0.24336834251880646
sequential,ov,0.2,0.3,0.7,0,rrg,69,0.16088654,0.1273053,0.08937829,5,0.06075327,0.05616754,0,1.9738667,1.763708472251892,1.2740868,0.10013327,15,0.24968628585338593
sequential,ov,0.2,0.3,0.71,0,rrg,32,0.0031752144,0.10427902,0.09810147,20,1.4400524e-08,2.029621e-08,0,1.1902623,1.727209448814392,2.4019419e-05,0.0031752,20,0.22489003837108612
sequential,ov,0.2,0.3,0.72,0,rrg,41,0.33528113,0.10221942,0.09763157,2,0.33333334,0.4714045,0,1.48147,1.6904170513153076,1.832024e-39,0.44509372,1,0.21577703952789307
sequential,ov,0.2,0.3,0.73,0,rrg,47,0.029291043,0.10343562,0.08303134,17,0.03743446,0.05294032,0,1.9320635,1.708727478981018,0.44042256,0.047198143,15,0.23486272990703583
sequential,ov,0.2,0.3,0.74,0,rrg,86,0.07117314,0.087591745,0.062201336,11,0.34334353,0.46448806,0,2.195876,1.794325590133667,0.64625233,0.34704748,6,0.22433646023273468
sequential,ov,0.2,0.3,0.75,0,rrg,34,0.12892032,0.099984095,0.08206754,6,0.36385158,0.45137507,0,1.8152039,1.6843459606170654,0.65946954,0.3457885,7,0.23910124599933624
sequential,ov,0.2,0.3,0.76,0,rrg,62,0.11716809,0.105219744,0.08339827,8,0.3577238,0.45513922,0,1.7664688,1.6451539993286133,0.6265096,0.3479989,7,0.23859763145446777
sequential,ov,0.2,0.3,0.77,0,rrg,13,0.013173476,0.09847002,0.084896006,19,0.0039857696,0.0056367298,0,1.5185518,1.6238006353378296,0.5094847,0.009187706,19,0.22097942233085632
sequential,ov,0.2,0.3,0.78,0,rrg,82,0.013754441,0.10051026,0.08383754,19,0.0,0.0,0,1.3507448,1.6350263357162476,0.0,0.013754441,19,0.23702271282672882
sequential,ov,0.2,0.3,0.79,0,rrg,52,0.1390754,0.11120349,0.080983594,6,0.38880304,0.4374885,0,1.7352334,1.6346158981323242,0.61375135,0.34244457,8,0.2598475515842438
sequential,ov,0.2,0.3,0.8,0,rrg,3,0.16355136,0.10545655,0.08269606,5,0.3665061,0.44881785,0,1.801679,1.6234893798828125,0.8418278,0.3546777,6,0.24598363041877747
sequential,ov,0.2,0.3,0.81,0,rrg,10,0.0621897,0.10096896,0.08428092,11,0.35376704,0.45764047,0,2.08935,1.6153510808944702,0.72045135,0.33362952,9,0.23955081403255463
sequential,ov,0.2,0.3,0.82,0,rrg,64,0.026252426,0.100982994,0.08738146,16,4.270813e-14,6.039841e-14,0,1.5668423,1.58428156375885,5.7914368e-12,0.026252426,16,0.23492926359176636
sequential,ov,0.2,0.3,0.83,0,rrg,33,0.11898443,0.1050188,0.08824392,5,0.037703764,0.053321175,0,1.6820046,1.5852495431900024,0.6472835,0.08128067,13,0.24720798432826996
sequential,ov,0.2,0.3,0.84,0,rrg,97,0.17981261,0.10266146,0.09096263,3,0.6666667,0.47140452,0,1.3548,1.5775994062423706,0.0,0.6067291,1,0.2591865360736847
sequential,ov,0.2,0.3,0.85,0,rrg,66,0.0022775824,0.096429266,0.091801524,15,4.4810503e-10,6.3371625e-10,0,1.3733047,1.5929172039031982,4.1065206e-07,0.002277582,15,0.23577475547790527
sequential,ov,0.2,0.3,0.86,0,rrg,98,0.039434735,0.10249879,0.09155783,11,0.33333412,0.471404,0,2.0801167,1.6096067428588867,0.00013671693,0.34647748,7,0.25226983428001404
sequential,ov,0.2,0.3,0.87,0,rrg,35,0.032808702,0.107189454,0.09331707,12,0.33333337,0.4714045,0,2.1178954,1.573858380317688,4.1854673e-06,0.3442695,7,0.24497422575950623
sequential,ov,0.2,0.3,0.88,0,rrg,68,0.17206804,0.11335394,0.09453466,3,0.03629261,0.051325496,0,1.7190202,1.5286569595336914,0.50151765,0.13577543,8,0.23668892681598663
sequential,ov,0.2,0.3,0.89,0,rrg,71,0.34404767,0.103922516,0.09588935,1,0.41823545,0.4243083,0,0.6436838,1.4948140382766724,0.47776866,0.36311376,1,0.24653176963329315
sequential,ov,0.2,0.3,0.9,0,rrg,40,0.054691788,0.07973753,0.06525471,6,0.091038994,0.12503342,0,1.3293039,1.5692232847213745,0.5254323,0.10574939,7,0.2420864999294281
sequential,ov,0.2,0.3,0.91,0,rrg,72,0.028850198,0.082454324,0.067511186,9,1.0628209e-18,1.5030556e-18,0,1.0811858,1.5665267705917358,5.383561e-16,0.028850198,9,0.2598627805709839
sequential,ov,0.2,0.3,0.92,0,rrg,43,0.08371383,0.08942415,0.069419876,3,0.33333334,0.4714045,0,1.256762,1.6208277940750122,6.4032907e-18,0.3612379,3,0.28904464840888977
sequential,ov,0.2,0.3,0.93,0,rrg,15,0.042353455,0.09030814,0.07434064,6,0.33333334,0.4714045,0,2.0451539,1.671512484550476,7.84722e-33,0.34745118,5,0.2787832021713257
sequential,ov,0.2,0.3,0.94,0,rrg,80,0.26860666,0.098314695,0.07749368,1,0.33333695,0.47140196,0,1.0642798,1.6089776754379272,0.00033635958,0.42286527,1,0.26734742522239685
sequential,ov,0.2,0.3,0.95,0,rrg,81,0.07183804,0.06425631,0.015699705,2,7.247023e-20,8.997156e-20,0,1.5294777,1.7179172039031982,2.0161457e-17,0.07183804,4,0.23624388873577118
sequential,ov,0.2,0.3,0.96,0,rrg,63,0.07112575,0.062360894,0.017033441,2,0.33333334,0.4714045,0,1.8392342,1.7650270462036133,4.3245507e-12,0.35704193,2,0.27734535932540894
sequential,ov,0.2,0.3,0.97,0,rrg,19,0.05418111,0.059353754,0.0188036,2,0.33333334,0.4714045,0,1.9322745,1.7417001724243164,0.0,0.3513937,2,0.2507513165473938
sequential,ov,0.2,0.3,0.98,0,rrg,53,0.084529854,0.061940104,0.02258975,1,0.33333334,0.4714045,0,1.8213531,1.6464128494262695,4.347618e-26,0.36150995,1,0.20043015480041504
sequential,ov,0.2,0.3,0.99,0,rrg,31,0.03935036,0.03935036,0.0,1,1.2113177e-31,0.0,0,1.4714729,1.4714728593826294,5.591034e-29,0.03935036,1,0.03935036063194275
sequential,mov,0.2,0.3,0.0,0,rrg,55,0.1993963,0.19939631,1.4901161e-08,1,0.1993963,0.0,0,2.292514,2.2925143241882324,2.292514,0.0,1,0.0
sequential,mov,0.2,0.3,0.01,0,rrg,0,0.1999893,0.19282296,0.0188005,15,0.19694318,0.0047337324,0,2.2139084,2.2260782718658447,2.224993,0.0034473985,5,0.007946002297103405
sequential,mov,0.2,0.3,0.02,0,rrg,11,0.19968589,0.18398885,0.03607505,13,0.195504,0.0064898618,0,2.2275274,2.2451658248901367,2.2348082,0.0047172657,9,0.014632673934102058
sequential,mov,0.2,0.3,0.03,0,rrg,32,0.20095463,0.16043921,0.057332203,1,0.19077025,0.008307953,0,2.2567055,2.28629469871521,2.2827318,0.01069355,8,0.023831656202673912
sequential,mov,0.2,0.3,0.04,0,rrg,23,0.19852231,0.1534296,0.058223467,6,0.18778817,0.011388964,0,2.2731729,2.31611704826355,2.295043,0.010734141,14,0.030640672892332077
sequential,mov,0.2,0.3,0.05,0,rrg,68,0.1891552,0.1518946,0.05714831,10,0.17712228,0.034960452,0,2.2887857,2.318587303161621,2.299692,0.028949946,11,0.03131117299199104
sequential,mov,0.2,0.3,0.06,0,rrg,17,0.2024972,0.15347788,0.057454888,1,0.19984712,0.00090009614,0,2.240466,2.32548451423645,2.26261,0.002650072,18,0.03113182820379734
sequential,mov,0.2,0.3,0.07,0,rrg,42,0.21199828,0.16357198,0.049441516,1,0.19148655,0.016113073,0,2.272987,2.3517801761627197,2.3062751,0.020511726,15,0.03455955162644386
sequential,mov,0.2,0.3,0.08,0,rrg,36,0.20688401,0.1466951,0.05596683,1,0.18348084,0.03430741,0,2.340334,2.3737616539001465,2.3803356,0.029234806,14,0.0403829924762249
sequential,mov,0.2,0.3,0.09,0,rrg,16,0.069286905,0.1293763,0.055975456,16,0.104601316,0.07402788,0,2.3478315,2.3447823524475098,1.6013559,0.08150568,3,0.05205688625574112
sequential,mov,0.2,0.3,0.1,0,rrg,71,0.21246497,0.13504595,0.0616495,3,0.19621015,0.009317488,0,2.2504127,2.356646776199341,2.281764,0.016254837,18,0.04851967468857765
sequential,mov,0.2,0.3,0.11,0,rrg,2,0.219558,0.1352953,0.055108402,1,0.27854612,0.09781544,0,2.114645,2.3323416709899902,2.0496516,0.072558545,4,0.05625138804316521
sequential,mov,0.2,0.3,0.12,0,rrg,41,0.20370823,0.13630821,0.05318757,3,0.2874677,0.12795156,0,2.1097689,2.321437358856201,2.0442014,0.106174804,3,0.07247181236743927
sequential,mov,0.2,0.3,0.13,0,rrg,92,0.21719065,0.13081746,0.06677948,2,0.19847198,0.012707238,0,2.1971912,2.3220677375793457,2.2146866,0.01871866,20,0.06106442213058472
sequential,mov,0.2,0.3,0.14,0,rrg,95,0.2925048,0.13833568,0.06604243,1,0.044054437,0.062300235,0,1.6682318,2.3263981342315674,0.7693394,0.24845035,1,0.06318997591733932
sequential,mov,0.2,0.3,0.15,0,rrg,20,0.40440762,0.14877911,0.08544699,1,0.1366113,0.10438032,0,1.7162498,2.2650158405303955,1.3306528,0.2677963,1,0.08194109052419662
sequential,mov,0.2,0.3,0.16,0,rrg,31,0.16404533,0.18153305,0.17101504,9,0.14517765,0.08780558,0,2.3048651,2.189605951309204,2.182501,0.08253032,7,0.120039202272892
sequential,mov,0.2,0.3,0.17,0,rrg,80,0.44849995,0.16239718,0.091970555,1,0.14062534,0.13204655,0,1.641011,2.240384578704834,1.3242087,0.3078746,1,0.07669124752283096
sequential,mov,0.2,0.3,0.18,0,rrg,30,0.18396346,0.152177,0.06487222,7,0.15394026,0.040052496,0,2.2887137,2.2981841564178467,2.2628546,0.04680893,15,0.07532911002635956
sequential,mov,0.2,0.3,0.19,0,rrg,39,0.23609532,0.19244176,0.1648869,2,0.13456236,0.06210036,0,2.3339622,2.1660563945770264,2.300801,0.101532966,4,0.09833744168281555
sequential,mov,0.2,0.3,0.2,0,rrg,67,0.09975472,0.1897357,0.16458325,15,0.11550362,0.111003965,0,2.229137,2.2240355014801025,1.396594,0.09463201,2,0.09031008183956146
sequential,mov,0.2,0.3,0.21,0,rrg,9,0.17532638,0.18762706,0.19705373,9,0.13526408,0.09629351,0,2.1192477,2.037865161895752,1.4916214,0.07682196,9,0.10983668267726898
sequential,mov,0.2,0.3,0.22,0,rrg,69,0.24006829,0.14396115,0.06529183,2,0.14395122,0.10197699,0,2.0097547,2.219794750213623,1.4767227,0.09611706,5,0.06442752480506897
sequential,mov,0.2,0.3,0.23,0,rrg,12,0.09041646,0.14822248,0.06462075,16,0.08441643,0.06040958,0,2.3495317,2.1658987998962402,1.5529232,0.05427761,15,0.0767466276884079
sequential,mov,0.2,0.3,0.24,0,rrg,13,0.124854475,0.13125294,0.07650911,11,0.10932675,0.06671954,0,2.4596348,2.138322591781616,2.2909913,0.06676456,9,0.0895041823387146
sequential,mov,0.2,0.3,0.25,0,rrg,97,0.1990428,0.14227834,0.068871714,5,0.3954494,0.41203064,0,1.6916059,2.2517380714416504,0.7694662,0.32910183,1,0.0767395943403244
sequential,mov,0.2,0.3,0.26,0,rrg,90,0.22005917,0.13853638,0.078627795,4,0.21281703,0.023459911,0,2.1867218,2.093248128890991,2.1989331,0.024225151,20,0.06882317364215851
sequential,mov,0.2,0.3,0.27,0,rrg,89,0.15591642,0.20713392,0.19570799,12,0.16823904,0.10746253,0,2.2511442,2.025963068008423,2.102186,0.09406792,10,0.13445799052715302
sequential,mov,0.2,0.3,0.28,0,rrg,76,0.15424454,0.17211834,0.1999722,10,0.12868594,0.07006172,0,2.3750703,2.0350282192230225,2.2046304,0.061213348,15,0.1367286592721939
sequential,mov,0.2,0.3,0.29,0,rrg,33,0.26765946,0.16971141,0.20061596,2,0.20220006,0.066139445,0,2.0266452,2.098708391189575,2.0146716,0.08186,6,0.11462245881557465
sequential,mov,0.2,0.3,0.3,0,rrg,6,0.28652406,0.18377948,0.20210446,2,0.14226376,0.15359233,0,2.0205245,2.084794521331787,1.4066806,0.19151165,3,0.13849252462387085
sequential,mov,0.2,0.3,0.31,0,rrg,43,0.18444529,0.14172621,0.095346764,7,0.13690245,0.060440343,0,2.3415372,2.0816986560821533,2.2101705,0.051715225,12,0.0840049609541893
sequential,mov,0.2,0.3,0.32,0,rrg,47,0.16478284,0.12307545,0.0849319,6,0.015133199,0.020361884,0,2.129318,2.1452107429504395,0.7754054,0.14964963,3,0.08568210154771805
sequential,mov,0.2,0.3,0.33,0,rrg,65,0.47991335,0.15854113,0.1654815,2,0.04576984,0.06472423,0,1.4562825,1.966102957725525,0.5562566,0.43414354,2,0.13370917737483978
sequential,mov,0.2,0.3,0.34,0,rrg,27,0.25868055,0.1900745,0.18408456,5,0.10785677,0.1525325,0,1.8570503,1.9424670934677124,0.6926673,0.19408362,7,0.17655816674232483
sequential,mov,0.2,0.3,0.35,0,rrg,3,0.1676256,0.14889613,0.20475887,5,0.16114861,0.055639043,0,2.2366395,2.0868353843688965,2.2053936,0.050008792,14,0.11680614948272705
sequential,mov,0.2,0.3,0.36,0,rrg,78,0.15038307,0.2584442,0.32189742,7,0.107122935,0.048453417,0,2.4325366,1.7465355396270752,2.2843478,0.05957806,16,0.25356942415237427
sequential,mov,0.2,0.3,0.37,0,rrg,34,0.3608436,0.16843453,0.21658646,2,0.1289842,0.09102906,0,1.9072932,1.8807045221328735,1.5702907,0.2318594,3,0.1324445903301239
sequential,mov,0.2,0.3,0.38,0,rrg,86,0.146644,0.2946511,0.36052722,10,0.118099116,0.13895757,0,2.3625276,1.5651953220367432,1.3396401,0.13956581,10,0.3038991689682007
sequential,mov,0.2,0.3,0.39,0,rrg,75,0.3165078,0.2659406,0.2876599,6,1.3922158e-08,1.9688903e-08,0,1.5450866,1.718410849571228,1.5611448e-06,0.3165078,4,0.21125748753547668
sequential,mov,0.2,0.3,0.4,0,rrg,21,0.41955307,0.2151616,0.21072295,2,0.12931801,0.18288328,0,1.5691434,1.9608720541000366,0.61997235,0.29023507,4,0.17196272313594818
sequential,mov,0.2,0.3,0.41,0,rrg,7,0.70712066,0.1979078,0.22787957,2,0.08194659,0.115889974,1,0.8619118,1.9329249858856201,0.6652598,0.62517405,2,0.1695430427789688
sequential,mov,0.2,0.3,0.42,0,rrg,81,0.30150935,0.15132329,0.20604509,2,0.10068823,0.14239466,0,1.8704808,1.8958799839019775,0.65336984,0.20119135,6,0.16777917742729187
sequential,mov,0.2,0.3,0.43,0,rrg,5,0.3808349,0.2389898,0.33187798,4,0.108252265,0.15309182,1,1.0103273,1.5989854335784912,0.63674134,0.27258265,5,0.2221669703722
sequential,mov,0.2,0.3,0.44,0,rrg,29,0.25736138,0.19387455,0.27589542,3,0.26425323,0.30546114,0,2.2356522,1.7601035833358765,1.1052966,0.2830883,7,0.21418876945972443
sequential,mov,0.2,0.3,0.45,0,rrg,98,0.16318004,0.17721151,0.2770322,4,0.11547649,0.037275136,0,2.478008,1.811707854270935,2.3923614,0.050311327,14,0.17638447880744934
sequential,mov,0.2,0.3,0.46,0,rrg,53,0.19258784,0.1949828,0.27773005,4,0.09233419,0.07509779,0,2.0706856,1.8393748998641968,1.308581,0.10025364,6,0.17070379853248596
sequential,mov,0.2,0.3,0.47,0,rrg,22,0.12894619,0.22813888,0.3286472,8,0.0713264,0.100870766,0,1.845269,1.669342041015625,0.59449583,0.114308454,7,0.23300640285015106
sequential,mov,0.2,0.3,0.48,0,rrg,77,0.35355088,0.21163061,0.28005615,3,3.275178e-05,4.6318015e-05,0,1.5567079,1.6111348867416382,0.0016698992,0.35351813,4,0.2242954969406128
sequential,mov,0.2,0.3,0.49,0,rrg,19,0.14574212,0.28810236,0.33482924,10,0.121432185,0.05227493,0,2.1793983,1.5410852432250977,2.030793,0.052557524,17,0.31455710530281067
sequential,mov,0.2,0.3,0.5,0,rrg,25,0.2627071,0.17613532,0.27318805,3,0.3733971,0.4456005,1,1.3538935,1.6922874450683594,0.6766457,0.38083744,4,0.18458884954452515
sequential,mov,0.2,0.3,0.51,0,rrg,4,0.1266132,0.24000266,0.32942075,9,0.37502673,0.4421158,0,2.0963295,1.4780951738357544,1.5346456,0.3338382,6,0.2530534863471985
sequential,mov,0.2,0.3,0.52,0,rrg,54,0.9999996,0.18607,0.27975222,2,4.5620994e-13,6.451783e-13,1,6.3006555e-06,1.6809278726577759,4.57422e-11,0.9999996,1,0.2425665408372879
sequential,mov,0.2,0.3,0.53,0,rrg,70,0.13915895,0.13089249,0.21175016,5,0.08820301,0.04412627,0,2.527725,1.7227928638458252,2.386565,0.058502603,11,0.15476396679878235
sequential,mov,0.2,0.3,0.54,0,rrg,52,0.13990135,0.22800517,0.33239815,7,0.09402826,0.06712027,0,2.1789434,1.5031017065048218,1.4607207,0.054138184,14,0.22616061568260193
sequential,mov,0.2,0.3,0.55,0,rrg,10,0.050592184,0.23286593,0.2799485,16,0.0597284,0.084468715,0,1.816414,1.6293556690216064,0.7380368,0.07659246,17,0.2884424030780792
sequential,mov,0.2,0.3,0.56,0,rrg,49,0.08680229,0.20493436,0.3005852,10,0.38103166,0.441558,0,1.9292057,1.6189062595367432,0.73048335,0.35209754,4,0.21687057614326477
sequential,mov,0.2,0.3,0.57,0,rrg,88,0.9999988,0.25913355,0.3351767,2,0.03476934,0.047201175,1,2.0601257e-05,1.5750629901885986,0.69271684,0.96522945,1,0.2492823600769043
sequential,mov,0.2,0.3,0.58,0,rrg,60,0.033110853,0.2510235,0.338402,14,0.06818656,0.09306183,1,2.1585836,1.5015228986740112,1.3165776,0.076028235,10,0.25609034299850464
sequential,mov,0.2,0.3,0.59,0,rrg,40,0.07576119,0.3427848,0.39079788,16,0.0,0.0,0,1.3046145,1.2426503896713257,0.0,0.07576119,15,0.37213653326034546
sequential,mov,0.2,0.3,0.6,0,rrg,91,0.30662417,0.22293451,0.3387536,5,0.25293112,0.35769862,1,1.3496419,1.6444756984710693,0.28718665,0.35513917,5,0.2694895267486572
sequential,mov,0.2,0.3,0.61,0,rrg,24,0.014465337,0.29265645,0.37079188,18,0.333125,0.4711099,0,2.2451496,1.4339245557785034,0.0021790448,0.33794677,10,0.369920551776886
sequential,mov,0.2,0.3,0.62,0,rrg,82,0.015130689,0.28230032,0.37471873,17,0.0,0.0,0,1.3547738,1.427574872970581,0.0,0.015130688,19,0.28483811020851135
sequential,mov,0.2,0.3,0.63,0,rrg,93,1.0,0.3035925,0.40424722,1,0.119685434,0.14584996,1,1.5273968e-09,1.3864387273788452,1.2703121,0.8803146,4,0.3325135111808777
sequential,mov,0.2,0.3,0.64,0,rrg,87,0.99999976,0.1643852,0.22358355,1,0.36717463,0.4493905,1,4.078169e-06,1.718898057937622,0.6339585,0.6328253,1,0.19741997122764587
sequential,mov,0.2,0.3,0.65,0,rrg,79,0.072534375,0.2087647,0.28724527,12,0.13922568,0.1700277,0,2.172818,1.611396074295044,1.3025513,0.13736683,10,0.2478192299604416
sequential,mov,0.2,0.3,0.66,0,rrg,28,0.014982639,0.15913607,0.21859916,16,0.0017119842,0.0024211113,0,0.88315624,1.6630089282989502,0.5440535,0.013270654,19,0.20575006306171417
sequential,mov,0.2,0.3,0.67,0,rrg,94,0.19360343,0.28523886,0.3225079,9,0.33333334,0.4714045,0,1.6285428,1.4912059307098389,1.81156e-07,0.39786783,5,0.3222842812538147
sequential,mov,0.2,0.3,0.68,0,rrg,85,0.072235934,0.16688846,0.22701126,13,0.0044674207,0.0063178875,0,1.6511883,1.7284390926361084,0.613844,0.067768514,14,0.22846660017967224
sequential,mov,0.2,0.3,0.69,0,rrg,61,0.095427126,0.24894452,0.34066013,10,0.0,0.0,0,0.7127811,1.4294164180755615,0.0,0.095427126,10,0.2714703679084778
sequential,mov,0.2,0.3,0.7,0,rrg,56,0.11270685,0.19539997,0.2794648,9,0.1309899,0.18524769,0,1.8242965,1.642972707748413,0.5206279,0.16855885,10,0.28365108370780945
sequential,mov,0.2,0.3,0.71,0,rrg,62,0.08084591,0.22792526,0.2919175,11,0.107367046,0.15183994,0,1.7608724,1.5965793132781982,0.20948426,0.13431568,12,0.2802911400794983
sequential,mov,0.2,0.3,0.72,0,rrg,96,0.07183161,0.17303063,0.23210257,12,0.039028548,0.055194702,0,2.0015395,1.5959227085113525,0.6285631,0.06297242,14,0.25828850269317627
sequential,mov,0.2,0.3,0.73,0,rrg,26,0.2905992,0.2761443,0.33549863,6,0.33335948,0.47138605,1,0.6026875,1.3795511722564697,0.0023836202,0.4301736,6,0.337329626083374
sequential,mov,0.2,0.3,0.74,0,rrg,63,0.07839284,0.21771657,0.2952779,11,0.33371794,0.47113264,0,1.8893626,1.5559885501861572,0.031682283,0.3590795,7,0.310901939868927
sequential,mov,0.2,0.3,0.75,0,rrg,38,0.26058155,0.1975433,0.29664394,4,0.35811374,0.45489568,0,1.681194,1.577510952949524,0.7063234,0.39541343,5,0.25271907448768616
sequential,mov,0.2,0.3,0.76,0,rrg,35,0.033669308,0.16065267,0.2367615,14,0.33333334,0.4714045,0,2.1127293,1.6733808517456055,8.673994e-24,0.34455645,4,0.21875257790088654
sequential,mov,0.2,0.3,0.77,0,rrg,57,0.06108388,0.20039186,0.29577753,12,0.017347267,0.02453274,0,1.8318987,1.5639917850494385,0.6743761,0.04373661,14,0.2563791573047638
sequential,mov,0.2,0.3,0.78,0,rrg,73,0.99999803,0.24073055,0.33345163,3,8.017848e-34,0.0,1,2.969039e-05,1.4591447114944458,1.257182e-31,0.99999803,2,0.2976219356060028
sequential,mov,0.2,0.3,0.79,0,rrg,46,0.3895547,0.21450643,0.2981865,4,0.06943022,0.08622201,1,1.1356062,1.528931736946106,1.0674167,0.3201245,7,0.25597262382507324
sequential,mov,0.2,0.3,0.8,0,rrg,1,0.2636124,0.19487327,0.29730815,4,0.5241386,0.40967306,1,1.7322158,1.5749709606170654,0.4501195,0.43626782,5,0.2740176320075989
sequential,mov,0.2,0.3,0.81,0,rrg,8,0.119289465,0.17122114,0.29207447,6,0.018391892,0.026009379,0,1.9840281,1.548487663269043,0.6553033,0.10089757,10,0.25930142402648926
sequential,mov,0.2,0.3,0.82,0,rrg,64,0.024255468,0.17053577,0.29979977,12,0.0,0.0,0,1.5182008,1.5112636089324951,0.0,0.024255468,14,0.2657269537448883
sequential,mov,0.2,0.3,0.83,0,rrg,66,0.0022742245,0.17792547,0.30658787,17,5.224584e-21,7.388625e-21,0,1.3741716,1.509160041809082,6.3192314e-18,0.0022742245,17,0.2794717848300934
sequential,mov,0.2,0.3,0.84,0,rrg,99,0.09060779,0.18844104,0.31290197,8,0.03470648,0.049082376,1,2.0535603,1.5173856019973755,0.7179076,0.06490908,11,0.2966665029525757
sequential,mov,0.2,0.3,0.85,0,rrg,37,0.016474029,0.19662885,0.3216029,12,0.33333328,0.47140443,0,2.2098503,1.4817935228347778,1.2612952e-06,0.33882463,7,0.3313923180103302
sequential,mov,0.2,0.3,0.86,0,rrg,72,0.016716352,0.20825614,0.32878095,11,0.0,0.0,0,1.0473074,1.4371052980422974,0.0,0.016716352,12,0.33131179213523865
sequential,mov,0.2,0.3,0.87,0,rrg,74,0.0073052654,0.22182208,0.33667174,11,0.02556946,0.036160674,0,1.968687,1.4741301536560059,0.5814075,0.028004548,11,0.35522791743278503
sequential,mov,0.2,0.3,0.88,0,rrg,44,1.0,0.238117,0.3447756,1,0.0,0.0,1,6.10412e-11,1.4187074899673462,0.0,1.0,1,0.38185563683509827
sequential,mov,0.2,0.3,0.89,0,rrg,45,0.08964016,0.16855283,0.268557,6,0.36664525,0.449704,0,1.9901124,1.5426806211471558,0.62622577,0.3367652,6,0.32550227642059326
sequential,mov,0.2,0.3,0.9,0,rrg,14,1.0,0.17372148,0.28119877,1,3.088803e-16,4.3682273e-16,1,2.1019309e-16,1.50265371799469,1.04184754e-13,1.0,1,0.32544490694999695
sequential,mov,0.2,0.3,0.91,0,rrg,15,0.06548889,0.08061941,0.05990314,6,0.33861026,0.46771783,0,2.0242345,1.6722774505615234,0.2531328,0.34988606,5,0.25051429867744446
sequential,mov,0.2,0.3,0.92,0,rrg,48,0.0025250737,0.082448594,0.06320993,8,3.8084343e-25,0.0,0,1.3276352,1.627220869064331,2.1047441e-22,0.0025250737,8,0.23806235194206238
sequential,mov,0.2,0.3,0.93,0,rrg,18,0.10063768,0.09385471,0.059344575,3,0.6666667,0.47140452,0,1.925437,1.6697951555252075,1.2502116e-33,0.6331208,1,0.2717050611972809
sequential,mov,0.2,0.3,0.94,0,rrg,50,0.20186631,0.09270733,0.06403875,1,0.33333334,0.4714045,1,1.4492304,1.627669334411621,9.612172e-12,0.4006221,1,0.21145492792129517
sequential,mov,0.2,0.3,0.95,0,rrg,83,0.050347887,0.0638936,0.034835223,4,1.6845733e-17,2.3823463e-17,0,1.8031354,1.6883611679077148,7.511441e-15,0.050347883,4,0.17128829658031464
sequential,mov,0.2,0.3,0.96,0,rrg,59,0.006676094,0.06163316,0.032617047,4,1.4775404e-32,0.0,0,2.090081,1.671585202217102,1.456214e-29,0.006676094,4,0.19963914155960083
sequential,mov,0.2,0.3,0.97,0,rrg,58,0.08371384,0.07841301,0.007439214,1,0.33333334,0.4714045,0,1.2567477,1.5344467163085938,2.7362914e-15,0.36123797,1,0.2634471356868744
sequential,mov,0.2,0.3,0.98,0,rrg,51,0.06789239,0.07531294,0.007420551,2,8.2796036e-12,1.1709052e-11,0,1.2485873,1.6756670475006104,2.0571028e-08,0.06789239,2,0.21440178155899048
sequential,mov,0.2,0.3,0.99,0,rrg,84,0.08255404,0.08255404,0.0,1,0.33333334,0.4714045,0,2.104625,2.1046249866485596,5.7165067e-12,0.36085138,1,0.36085137724876404
sequential,c_mov,0.2,0.3,0.0,0,rrg,88,0.1993963,0.19939631,1.4901161e-08,1,0.1993963,0.0,1,2.292514,2.2925143241882324,2.292514,0.0,1,0.0
sequential,c_mov,0.2,0.3,0.01,0,rrg,91,0.19999747,0.19999753,9.593617e-08,15,0.19999748,8.603189e-09,1,2.2038603,2.1579267978668213,2.203859,9.934108e-09,20,0.026562562212347984
sequential,c_mov,0.2,0.3,0.02,0,rrg,99,0.19999987,0.19999988,4.1882604e-08,16,0.19999982,5.3033624e-08,1,2.2010374,2.1316237449645996,2.2008445,4.4703484e-08,7,0.03958011418581009
sequential,c_mov,0.2,0.3,0.03,0,rrg,46,0.19999994,0.19999996,4.4703484e-08,15,0.19999997,3.101924e-08,1,2.1161292,2.115856409072876,2.0989425,3.4769375e-08,10,0.05207032710313797
sequential,c_mov,0.2,0.3,0.04,0,rrg,54,0.19999997,0.2,2.5375764e-08,16,0.2,1.4901161e-08,1,2.1947505,2.130492925643921,2.1844509,4.4703484e-08,9,0.026237020269036293
sequential,c_mov,0.2,0.3,0.05,0,rrg,50,0.20000012,0.2,3.9705373e-08,1,0.19999999,4.2146848e-08,1,2.1683135,2.057777166366577,2.1500444,1.3411045e-07,6,0.06623699516057968
sequential,c_mov,0.2,0.3,0.06,0,rrg,44,0.2,0.2,3.0899706e-08,7,0.2,2.1073424e-08,1,2.1937606,2.0673818588256836,2.1870024,1.9868216e-08,20,0.05333295464515686
sequential,c_mov,0.2,0.3,0.07,0,rrg,73,0.2,0.20000002,3.5576033e-08,10,0.2,2.1073424e-08,1,2.0254743,2.0612080097198486,1.9224125,1.9868216e-08,18,0.05291669815778732
sequential,c_mov,0.2,0.3,0.08,0,rrg,14,0.19999999,0.2,4.9757382e-08,14,0.20000005,1.2166748e-08,1,2.1743073,2.056893825531006,2.152685,5.9604645e-08,8,0.06583255529403687
sequential,c_mov,0.2,0.3,0.09,0,rrg,25,0.20000003,0.2,4.782321e-08,4,0.19999999,4.9421562e-08,1,2.161324,2.0509605407714844,2.1355884,5.9604645e-08,10,0.06622318923473358
sequential,c_mov,0.2,0.3,0.1,0,rrg,93,0.19999996,0.19999999,3.7697287e-08,16,0.19999997,3.7500435e-08,1,2.046922,1.9717925786972046,1.9714127,2.9802322e-08,15,0.11999921500682831
sequential,c_mov,0.2,0.3,0.11,0,rrg,60,0.19999997,0.20000002,4.0260723e-08,16,0.20000006,4.3015945e-08,1,2.155215,2.0314817428588867,2.1244485,9.437402e-08,5,0.05250003933906555
sequential,c_mov,0.2,0.3,0.12,0,rrg,1,0.20000002,0.2,3.7252903e-08,9,0.73281246,0.37675586,1,1.5128595,1.9862769842147827,0.64752036,0.5328125,1,0.0799739807844162
sequential,c_mov,0.2,0.3,0.13,0,rrg,26,0.2,0.2,2.7069303e-08,9,0.19999999,1.4901161e-08,1,2.1460395,2.0008344650268555,2.1052227,1.9868216e-08,13,0.06666333228349686
sequential,c_mov,0.2,0.3,0.14,0,rrg,12,0.20000005,0.2,3.5419657e-08,2,0.20000003,4.6329593e-08,0,2.13943,1.9490339756011963,2.1040242,4.9670536e-08,10,0.10582989454269409
sequential,c_mov,0.2,0.3,0.15,0,rrg,24,0.19962387,0.18728456,0.032211997,14,0.46408418,0.37896195,0,1.8000982,1.9131866693496704,1.3395591,0.2693766,4,0.16031475365161896
sequential,c_mov,0.2,0.3,0.16,0,rrg,87,0.19878095,0.18257765,0.03421513,10,0.4620544,0.38042697,1,1.7642708,2.055274486541748,1.2868208,0.27168897,3,0.05815581604838371
sequential,c_mov,0.2,0.3,0.17,0,rrg,7,0.1819421,0.17620549,0.042083055,15,0.17168258,0.027977087,1,2.2225428,1.9676764011383057,2.1859334,0.022362327,15,0.15419380366802216
sequential,c_mov,0.2,0.3,0.18,0,rrg,36,0.19833206,0.19139305,0.020873029,16,0.1949855,0.006404207,0,2.1604455,1.9091951847076416,2.1151114,0.004905855,16,0.17117011547088623
sequential,c_mov,0.2,0.3,0.19,0,rrg,5,0.20094433,0.17741692,0.041322395,1,0.46640635,0.3773079,1,1.7582382,1.8933792114257812,1.277999,0.26724175,7,0.20753943920135498
sequential,c_mov,0.2,0.3,0.2,0,rrg,0,0.20278609,0.18472123,0.03528783,1,0.19434941,0.010675901,0,2.0000482,1.9456958770751953,1.9173441,0.00843669,14,0.13578835129737854
sequential,c_mov,0.2,0.3,0.21,0,rrg,15,0.2,0.18102957,0.031013273,9,0.4666667,0.37712362,0,1.7361431,1.8905055522918701,1.199497,0.26666668,13,0.20796699821949005
sequential,c_mov,0.2,0.3,0.22,0,rrg,10,0.19885862,0.17002335,0.05884121,13,0.46072212,0.38139755,0,1.7706295,1.9255958795547485,1.2987112,0.27303538,5,0.17080165445804596
sequential,c_mov,0.2,0.3,0.23,0,rrg,69,0.20107037,0.17914452,0.054334603,3,0.20095642,0.00026811796,0,1.9773272,1.9152357578277588,1.8775293,0.00028827786,18,0.1572210043668747
sequential,c_mov,0.2,0.3,0.24,0,rrg,16,0.18832456,0.17694677,0.04914264,12,0.16683447,0.050860647,0,2.1205645,1.9015929698944092,1.9962263,0.040788308,16,0.21063132584095
sequential,c_mov,0.2,0.3,0.25,0,rrg,18,0.20405732,0.14673601,0.05759942,3,0.7375565,0.37115106,0,1.508375,1.961778998374939,0.6729383,0.53349924,1,0.178851917386055
sequential,c_mov,0.2,0.3,0.26,0,rrg,17,0.19999999,0.15989542,0.056281995,4,0.49429464,0.35917866,0,1.7129824,1.9200366735458374,1.1649494,0.29429463,6,0.1804654896259308
sequential,c_mov,0.2,0.3,0.27,0,rrg,32,0.18931341,0.15968539,0.054331366,8,0.17860472,0.027761877,0,2.211839,2.0193724632263184,2.1760826,0.022001678,15,0.12651550769805908
sequential,c_mov,0.2,0.3,0.28,0,rrg,2,0.19923003,0.15291505,0.05706812,5,0.19670914,0.0045559984,0,1.9706732,1.9423242807388306,1.8669297,0.0034551371,20,0.20122238993644714
sequential,c_mov,0.2,0.3,0.29,0,rrg,97,0.20019953,0.14251837,0.05420815,3,0.7353689,0.37424487,0,1.5019735,1.9642823934555054,0.61872536,0.53516936,2,0.21937331557273865
sequential,c_mov,0.2,0.3,0.3,0,rrg,41,0.2012935,0.12777035,0.06012289,2,0.47543073,0.3712274,0,1.7374349,1.9581482410430908,1.1901919,0.27843794,11,0.2004191130399704
sequential,c_mov,0.2,0.3,0.31,0,rrg,31,0.18406364,0.1325113,0.056693524,6,0.1629437,0.021974035,0,2.1708686,1.9949760437011719,2.0969927,0.022657609,17,0.19122567772865295
sequential,c_mov,0.2,0.3,0.32,0,rrg,42,0.19090347,0.12811548,0.07463738,4,0.18299909,0.020730158,0,2.1141257,2.0231680870056152,2.0457428,0.017315507,20,0.1560198813676834
sequential,c_mov,0.2,0.3,0.33,0,rrg,71,0.21337216,0.15124741,0.062045265,2,0.4466885,0.39227256,0,1.7633204,1.933091402053833,1.2721304,0.29110223,11,0.23208816349506378
sequential,c_mov,0.2,0.3,0.34,0,rrg,40,0.17861255,0.14337477,0.061799664,6,0.1754388,0.073687255,0,2.115498,1.9458673000335693,1.9685167,0.0657946,16,0.22931940853595734
sequential,c_mov,0.2,0.3,0.35,0,rrg,30,0.18179497,0.13067465,0.0601209,3,0.4313321,0.40515164,0,1.8374934,1.9493863582611084,1.328231,0.31320107,8,0.19363892078399658
sequential,c_mov,0.2,0.3,0.36,0,rrg,92,0.15528402,0.14895883,0.07339479,10,0.37147018,0.44688532,0,1.7171909,1.8874200582504272,0.6719044,0.34695783,3,0.22094985842704773
sequential,c_mov,0.2,0.3,0.37,0,rrg,3,0.16369449,0.15414645,0.05180261,10,0.42176166,0.4108398,0,1.8314308,1.9364643096923828,1.2890759,0.31152588,12,0.2555699348449707
sequential,c_mov,0.2,0.3,0.38,0,rrg,89,0.20442744,0.13670814,0.08967767,5,0.43038392,0.4032056,0,1.8632997,1.95016610622406,1.4100124,0.3044252,10,0.21689367294311523
sequential,c_mov,0.2,0.3,0.39,0,rrg,80,0.22603151,0.11974611,0.061977215,2,0.33333337,0.4714045,0,1.4577432,1.9866249561309814,4.324123e-06,0.4086771,1,0.2122301608324051
sequential,c_mov,0.2,0.3,0.4,0,rrg,13,0.06941283,0.13011348,0.07414561,17,0.06636966,0.054705292,0,2.2188008,1.9916799068450928,1.4848491,0.04608978,16,0.19701792299747467
sequential,c_mov,0.2,0.3,0.41,0,rrg,22,0.14676636,0.10270123,0.058645483,4,0.44984564,0.41436407,0,1.7048723,1.9889538288116455,0.49679825,0.4009235,1,0.19669407606124878
sequential,c_mov,0.2,0.3,0.42,0,rrg,95,0.18597358,0.12052499,0.0848946,3,0.023442872,0.033153225,0,1.7910614,1.991184949874878,0.69380563,0.1625307,10,0.17579711973667145
sequential,c_mov,0.2,0.3,0.43,0,rrg,8,0.16572922,0.10435669,0.07742517,5,0.17776197,0.06732548,0,2.0599597,2.0106401443481445,1.9572965,0.058591485,13,0.1530601978302002
sequential,c_mov,0.2,0.3,0.44,0,rrg,47,0.1506018,0.11290556,0.06911327,3,0.1481091,0.059863765,0,2.0808845,1.9544105529785156,1.9498092,0.05520147,15,0.17084316909313202
sequential,c_mov,0.2,0.3,0.45,0,rrg,34,0.1575808,0.1272422,0.08534995,4,0.4077609,0.41955593,0,1.9337298,1.94612717628479,1.3943678,0.31143272,12,0.23114940524101257
sequential,c_mov,0.2,0.3,0.46,0,rrg,11,0.08275873,0.10044769,0.06990822,11,0.09509605,0.07415549,0,2.021395,1.959676742553711,1.2662901,0.06750981,14,0.20655067265033722
sequential,c_mov,0.2,0.3,0.47,0,rrg,62,0.17115198,0.11488316,0.076209806,5,0.4473729,0.40210208,0,1.8464715,1.9526103734970093,1.208455,0.35368952,4,0.22870001196861267
sequential,c_mov,0.2,0.3,0.48,0,rrg,78,0.10659213,0.11157988,0.08137155,9,0.07864507,0.08391202,0,2.0659146,2.0229146480560303,1.2889056,0.08684047,13,0.21415074169635773
sequential,c_mov,0.2,0.3,0.49,0,rrg,4,0.2,0.12682214,0.09202781,3,1.0,0.0,0,1.2833618,1.924983024597168,0.0,0.8,1,0.26969629526138306
sequential,c_mov,0.2,0.3,0.5,0,rrg,61,0.12859724,0.09064059,0.07327315,4,0.02819313,0.039871104,0,1.6360819,1.9754877090454102,0.68252033,0.10040412,8,0.1548842191696167
sequential,c_mov,0.2,0.3,0.51,0,rrg,65,0.058397453,0.100881435,0.09785486,14,0.027809197,0.0321987,0,2.0761468,1.9973691701889038,0.8828388,0.040283766,18,0.18777893483638763
sequential,c_mov,0.2,0.3,0.52,0,rrg,59,0.028026205,0.10855983,0.097748786,18,0.050963674,0.05232905,0,2.2552245,1.920310378074646,1.4211599,0.041621607,17,0.14399948716163635
sequential,c_mov,0.2,0.3,0.53,0,rrg,45,0.1471227,0.10518302,0.08743085,3,0.33333334,0.4714045,0,1.8457366,1.919445276260376,5.657057e-32,0.38237426,1,0.18275488913059235
sequential,c_mov,0.2,0.3,0.54,0,rrg,43,0.08353454,0.080373034,0.049925867,7,0.33333865,0.47140077,0,1.2831029,2.005727529525757,0.000818708,0.36117283,2,0.18106169998645782
sequential,c_mov,0.2,0.3,0.55,0,rrg,20,0.3716588,0.11091056,0.09305931,1,9.326392e-19,1.3189512e-18,0,1.3965687,1.9148271083831787,2.0529982e-16,0.3716588,2,0.1751580387353897
sequential,c_mov,0.2,0.3,0.56,0,rrg,6,0.09133159,0.09028621,0.083838254,8,0.37977377,0.44223875,0,2.0038671,1.936732292175293,0.7133059,0.34932828,4,0.21370644867420197
sequential,c_mov,0.2,0.3,0.57,0,rrg,28,0.02683955,0.08382543,0.082812995,17,0.038428072,0.045322694,0,2.26679,1.978859305381775,1.3663087,0.038563948,15,0.1511867344379425
sequential,c_mov,0.2,0.3,0.58,0,rrg,35,0.03499962,0.08830635,0.07784783,17,0.33333334,0.4714045,0,2.081402,2.0489745140075684,1.24596896e-23,0.34499988,6,0.20220203697681427
sequential,c_mov,0.2,0.3,0.59,0,rrg,19,0.15107134,0.10002377,0.07966554,4,0.42492962,0.41114333,0,1.8795347,1.9126155376434326,1.2995751,0.3325468,8,0.18555399775505066
sequential,c_mov,0.2,0.3,0.6,0,rrg,82,0.029567683,0.113728926,0.09546686,18,0.031092942,0.04397206,0,1.8920141,1.8783366680145264,0.52811617,0.040948838,19,0.19333074986934662
sequential,c_mov,0.2,0.3,0.61,0,rrg,83,0.03457834,0.09733823,0.0824477,18,0.038636297,0.03012325,0,2.2423503,1.9095754623413086,1.5554982,0.027110184,17,0.18935184180736542
sequential,c_mov,0.2,0.3,0.62,0,rrg,84,0.11655063,0.099125065,0.05500911,9,0.3738389,0.4444228,0,1.956235,1.9444801807403564,1.3048586,0.33167794,13,0.24847754836082458
sequential,c_mov,0.2,0.3,0.63,0,rrg,74,0.045869324,0.1143898,0.09044911,17,0.06636654,0.047676977,0,2.217708,1.8337526321411133,1.3865399,0.05107676,15,0.21004164218902588
sequential,c_mov,0.2,0.3,0.64,0,rrg,66,0.007493896,0.120151475,0.10141486,20,0.0031365566,0.00443576,0,1.5140688,1.7949411869049072,0.5800656,0.0056345216,20,0.20259857177734375
sequential,c_mov,0.2,0.3,0.65,0,rrg,49,0.13968818,0.108300366,0.07799745,7,0.33647382,0.46919963,0,1.8540126,1.8467047214508057,0.71260184,0.37675557,1,0.18317610025405884
sequential,c_mov,0.2,0.3,0.66,0,rrg,81,0.06518299,0.11828828,0.10563172,13,1.7618602e-22,2.4830855e-22,0,1.5212212,1.804157018661499,4.099793e-20,0.06518299,14,0.17530474066734314
sequential,c_mov,0.2,0.3,0.67,0,rrg,63,0.17624725,0.092999205,0.073261015,3,0.41470075,0.41687283,0,1.9628797,1.8513810634613037,1.3331851,0.315371,7,0.16683241724967957
sequential,c_mov,0.2,0.3,0.68,0,rrg,33,0.12667246,0.11585842,0.07711054,7,0.03689811,0.043092363,0,1.864163,1.9100770950317383,0.8107864,0.08977435,14,0.20578937232494354
sequential,c_mov,0.2,0.3,0.69,0,rrg,75,0.045096394,0.10210749,0.07189756,19,9.548943e-25,0.0,0,1.5413423,1.8234987258911133,4.3028876e-22,0.045096394,17,0.22648052871227264
sequential,c_mov,0.2,0.3,0.7,0,rrg,64,0.09103015,0.10980129,0.102595255,8,0.016574439,0.023439797,0,1.5574394,1.8061048984527588,0.56943357,0.074455716,13,0.19737760722637177
sequential,c_mov,0.2,0.3,0.71,0,rrg,57,0.14530282,0.09755355,0.081407726,4,0.081421986,0.11514808,0,2.102543,1.8261640071868896,0.6654784,0.12985626,10,0.18087932467460632
sequential,c_mov,0.2,0.3,0.72,0,rrg,53,0.1331715,0.12115546,0.12115533,6,0.3550997,0.4567919,0,1.8272514,1.764944076538086,0.6192681,0.35595742,4,0.2309025079011917
sequential,c_mov,0.2,0.3,0.73,0,rrg,56,0.21158133,0.12594011,0.12623863,5,0.4491558,0.41453218,0,1.6099088,1.7112782001495361,0.54520744,0.3786287,3,0.24553386867046356
sequential,c_mov,0.2,0.3,0.74,0,rrg,94,0.2816075,0.10362854,0.108256444,2,0.46876946,0.41063046,0,1.4940464,1.7426837682724,0.31558293,0.37490034,2,0.2019476443529129
sequential,c_mov,0.2,0.3,0.75,0,rrg,79,0.0075050765,0.07883749,0.054588348,18,9.977471e-16,1.4110274e-15,0,1.725363,1.7989113330841064,2.344064e-13,0.0075050765,18,0.20041029155254364
sequential,c_mov,0.2,0.3,0.76,0,rrg,29,0.065353855,0.10766063,0.10233815,13,0.36182192,0.45260695,0,2.290835,1.7620012760162354,0.64463013,0.34003732,8,0.21708734333515167
sequential,c_mov,0.2,0.3,0.77,0,rrg,48,0.058447793,0.10166381,0.10380578,13,0.06089027,0.044245467,0,2.2204752,1.7543046474456787,1.2121271,0.04140767,14,0.18822428584098816
sequential,c_mov,0.2,0.3,0.78,0,rrg,58,0.05276032,0.10631492,0.107234195,14,0.33333334,0.4714045,0,2.0750687,1.650731086730957,3.110747e-33,0.3509201,5,0.20392033457756042
sequential,c_mov,0.2,0.3,0.79,0,rrg,76,0.015642527,0.11006154,0.10533265,19,7.428477e-12,1.05054515e-11,0,1.3784547,1.666581153869629,1.1306435e-09,0.015642527,19,0.2068583071231842
sequential,c_mov,0.2,0.3,0.8,0,rrg,9,0.101713344,0.108807206,0.10641611,7,0.37316975,0.44591308,0,1.8768946,1.6748908758163452,0.60428673,0.33926532,7,0.20573627948760986
sequential,c_mov,0.2,0.3,0.81,0,rrg,21,0.21372269,0.108513065,0.10911225,3,0.38124502,0.44144326,0,1.0622066,1.6542699337005615,0.64808184,0.35666254,4,0.20023605227470398
sequential,c_mov,0.2,0.3,0.82,0,rrg,96,0.024742017,0.10304606,0.109730296,16,8.859896e-17,1.2529785e-16,0,1.7946889,1.6736845970153809,1.6072906e-14,0.024742017,15,0.19408732652664185
sequential,c_mov,0.2,0.3,0.83,0,rrg,98,0.039737467,0.107250266,0.11140737,14,0.33333337,0.4714045,0,2.0664513,1.6631014347076416,5.4567276e-06,0.3465791,6,0.20470279455184937
sequential,c_mov,0.2,0.3,0.84,0,rrg,67,0.044063374,0.11125555,0.11359179,13,0.017117612,0.02420796,0,1.7574546,1.6376537084579468,0.7067163,0.031805404,12,0.19593262672424316
sequential,c_mov,0.2,0.3,0.85,0,rrg,68,0.16844678,0.11477188,0.11652416,4,0.026073629,0.036839426,0,1.7790785,1.6248114109039307,0.73788995,0.14237314,9,0.20780739188194275
sequential,c_mov,0.2,0.3,0.86,0,rrg,37,0.037640333,0.10710897,0.12149465,10,0.34268144,0.46493542,0,2.2718341,1.6104308366775513,0.23668958,0.336532,6,0.21055296063423157
sequential,c_mov,0.2,0.3,0.87,0,rrg,38,0.47565272,0.11236855,0.12455036,1,0.33333334,0.4714045,0,0.89716077,1.5579699277877808,0.0,0.49188423,1,0.2008812427520752
sequential,c_mov,0.2,0.3,0.88,0,rrg,70,0.25381008,0.07996933,0.069467604,1,5.503315e-15,7.781732e-15,0,0.566503,1.610458254814148,3.4044629e-13,0.25381008,5,0.1745203286409378
sequential,c_mov,0.2,0.3,0.89,0,rrg,39,0.052396286,0.0629618,0.047266856,7,0.33333334,0.4714045,0,1.4476892,1.7037395238876343,1.189323e-28,0.35079876,3,0.16610974073410034
sequential,c_mov,0.2,0.3,0.9,0,rrg,72,0.02448956,0.06377484,0.049422253,8,0.020481965,0.028965838,0,1.9286033,1.7290046215057373,0.75205487,0.02864512,8,0.14739727973937988
sequential,c_mov,0.2,0.3,0.91,0,rrg,77,0.09736289,0.06581853,0.05094271,2,3.8030905e-20,5.37822e-20,0,1.7272546,1.7083004713058472,9.026979e-18,0.0973629,5,0.16061562299728394
sequential,c_mov,0.2,0.3,0.92,0,rrg,51,0.067898065,0.059574705,0.053963866,4,2.0588312e-17,2.9116268e-17,0,1.2485933,1.6972354650497437,1.02201835e-14,0.067898065,5,0.1678352952003479
sequential,c_mov,0.2,0.3,0.93,0,rrg,52,0.08452983,0.0580722,0.05779078,3,0.33333334,0.4714045,0,1.8213531,1.759060025215149,7.038895e-30,0.36150995,2,0.18201398849487305
sequential,c_mov,0.2,0.3,0.94,0,rrg,23,0.0013426086,0.053596333,0.061357167,6,1.1878911e-30,0.0,0,1.5470325,1.7480980157852173,6.9287126e-28,0.0013426086,6,0.15207715332508087
sequential,c_mov,0.2,0.3,0.95,0,rrg,85,0.03069803,0.06403397,0.0621569,3,8.0171515e-20,1.1337964e-19,0,1.7674958,1.7881749868392944,4.9229373e-17,0.03069803,4,0.1822199523448944
sequential,c_mov,0.2,0.3,0.96,0,rrg,90,0.17231275,0.0723654,0.06695023,1,1.7387054e-23,0.0,0,1.6594399,1.7933130264282227,3.935412e-21,0.17231275,3,0.22009962797164917
sequential,c_mov,0.2,0.3,0.97,0,rrg,27,0.09367645,0.039049093,0.039200693,1,0.33333334,0.4714045,0,1.7450882,1.8379297256469727,1.0159019e-15,0.36455882,1,0.23602841794490814
sequential,c_mov,0.2,0.3,0.98,0,rrg,86,0.019916313,0.011735301,0.008181011,1,0.33333334,0.4714045,0,2.1866682,1.8843486309051514,9.018671e-08,0.3399721,1,0.17176319658756256
sequential,c_mov,0.2,0.3,0.99,0,rrg,55,0.0035407087,0.0035407087,0.0,1,2.1498972e-37,0.0,0,1.5847465,1.5847464799880981,1.7926236e-33,0.0035407087,1,0.0035407086834311485
sequential,ov,0.4,0.3,0.0,0,rrg,18,0.39723024,0.3972302,2.9802322e-08,1,0.39723024,0.0,1,1.8001581,1.8001582622528076,1.8001581,0.0,1,0.0
sequential,ov,0.4,0.3,0.01,0,rrg,69,0.3999568,0.39995676,6.989264e-08,9,0.3999568,1.7206379e-08,1,1.7077569,1.6990487575531006,1.7077562,9.934108e-09,17,0.009843800216913223
sequential,ov,0.4,0.3,0.02,0,rrg,1,0.39999482,0.39999467,8.4029864e-08,1,0.39999476,2.9802322e-08,0,1.7043421,1.681337594985962,1.7043422,2.9802322e-08,19,0.028711015358567238
sequential,ov,0.4,0.3,0.03,0,rrg,0,0.39999974,0.40833974,0.03635355,3,0.3999997,4.2146848e-08,0,1.7032998,1.680315613746643,1.7023,2.9802322e-08,16,0.020252840593457222
sequential,ov,0.4,0.3,0.04,0,rrg,39,0.39999995,0.40872684,0.03803962,8,0.39999995,0.0,1,1.7034408,1.6703256368637085,1.7031965,0.0,20,0.031192118301987648
sequential,ov,0.4,0.3,0.05,0,rrg,32,0.4,0.40870148,0.037928786,9,0.39999998,3.847463e-08,1,1.6993845,1.6663602590560913,1.6916838,3.973643e-08,13,0.03697996214032173
sequential,ov,0.4,0.3,0.06,0,rrg,74,0.39999995,0.42624363,0.06247248,14,0.45830607,0.082457244,1,1.6353818,1.6181367635726929,1.5251955,0.05830611,9,0.07774073630571365
sequential,ov,0.4,0.3,0.07,0,rrg,52,0.3999999,0.40875143,0.03814677,19,0.39999995,1.7206379e-08,1,1.7023582,1.6478698253631592,1.7000114,4.9670536e-08,12,0.047086700797080994
sequential,ov,0.4,0.3,0.08,0,rrg,77,0.39999998,0.4,5.7325913e-08,14,0.4,4.866699e-08,1,1.7020637,1.6441619396209717,1.6941477,4.9670536e-08,10,0.06025604531168938
sequential,ov,0.4,0.3,0.09,0,rrg,41,0.40000004,0.41750455,0.052513566,5,0.4,5.1619136e-08,1,1.7029426,1.5952255725860596,1.7012386,3.973643e-08,13,0.1032862514257431
sequential,ov,0.4,0.3,0.1,0,rrg,67,0.39999995,0.4087522,0.038150214,13,0.6,0.2828427,1,1.5296935,1.634010910987854,1.1100196,0.20000005,2,0.05984727293252945
sequential,ov,0.4,0.3,0.11,0,rrg,82,0.40000004,0.4,4.0535543e-08,3,0.39999998,1.7206379e-08,1,1.6447465,1.6341921091079712,1.5331386,4.9670536e-08,11,0.06456529349088669
sequential,ov,0.4,0.3,0.12,0,rrg,16,0.40000004,0.42625675,0.06250365,6,0.4,6.203848e-08,0,1.6752424,1.5758512020111084,1.6387271,5.9604645e-08,14,0.12191083282232285
sequential,ov,0.4,0.3,0.13,0,rrg,81,0.39999995,0.4262568,0.062503636,16,0.4,3.847463e-08,1,1.6695192,1.5714792013168335,1.6195483,6.953875e-08,15,0.12906953692436218
sequential,ov,0.4,0.3,0.14,0,rrg,48,0.39999998,0.4,5.771195e-08,7,0.4,0.0,0,1.6747001,1.6180492639541626,1.6379586,2.9802322e-08,17,0.08040856570005417
sequential,ov,0.4,0.3,0.15,0,rrg,68,0.39999995,0.43255225,0.06576362,18,0.79999995,0.28284273,1,1.3819207,1.5439426898956299,0.5505225,0.4,1,0.15881036221981049
sequential,ov,0.4,0.3,0.16,0,rrg,17,0.4,0.42544833,0.060651112,9,0.4,1.7206379e-08,1,1.7008171,1.5856294631958008,1.6949606,9.934108e-09,20,0.11329279094934464
sequential,ov,0.4,0.3,0.17,0,rrg,53,0.40000004,0.4175045,0.052513547,4,0.59999996,0.28284273,1,1.5248584,1.566657304763794,1.1004125,0.20000005,6,0.12666963040828705
sequential,ov,0.4,0.3,0.18,0,rrg,31,0.4,0.42623463,0.062450975,9,0.4,6.438037e-08,1,1.6734349,1.560158371925354,1.6268171,5.9604645e-08,15,0.12786313891410828
sequential,ov,0.4,0.3,0.19,0,rrg,5,0.39999998,0.4175045,0.05251357,8,0.45834813,0.082516685,0,1.6251602,1.559497594833374,1.4945784,0.05834816,12,0.1429053097963333
sequential,ov,0.4,0.3,0.2,0,rrg,80,0.39999998,0.4175149,0.05254344,13,0.4,2.9802322e-08,1,1.6790717,1.5370378494262695,1.6436273,3.973643e-08,18,0.16660860180854797
sequential,ov,0.4,0.3,0.21,0,rrg,86,0.5750444,0.45342112,0.081660144,5,0.46666667,0.4109609,0,1.2611495,1.5007067918777466,0.5201635,0.39168146,3,0.18827411532402039
sequential,ov,0.4,0.3,0.22,0,rrg,46,0.39999995,0.4179638,0.05439148,15,0.59999996,0.28284276,1,1.5272807,1.5562708377838135,1.1019832,0.2,9,0.1333846151828766
sequential,ov,0.4,0.3,0.23,0,rrg,75,0.4,0.39914793,0.049018715,7,0.39999995,7.500087e-08,1,1.6580666,1.5774867534637451,1.5931683,6.953875e-08,18,0.15715935826301575
sequential,ov,0.4,0.3,0.24,0,rrg,98,0.40056753,0.40965828,0.046071284,2,0.59477264,0.28661305,0,1.5154787,1.5513570308685303,1.0651151,0.20541656,3,0.1403665989637375
sequential,ov,0.4,0.3,0.25,0,rrg,35,0.40016326,0.40722784,0.047770523,3,0.4002006,0.00028368342,1,1.6607943,1.5711640119552612,1.6066885,0.00025500855,14,0.1323670595884323
sequential,ov,0.4,0.3,0.26,0,rrg,94,0.40045843,0.39793676,0.051620685,2,0.6849801,0.16994067,1,1.4846334,1.5596117973327637,1.0448828,0.28452167,6,0.18127235770225525
sequential,ov,0.4,0.3,0.27,0,rrg,56,0.40000004,0.43517008,0.09459705,6,0.45959678,0.084282584,1,1.6515956,1.4916526079177856,1.5575801,0.059596796,16,0.22851014137268066
sequential,ov,0.4,0.3,0.28,0,rrg,84,0.5750758,0.4388259,0.08994839,3,0.4604173,0.40286598,0,1.273562,1.487484335899353,0.5334998,0.38544258,3,0.22280462086200714
sequential,ov,0.4,0.3,0.29,0,rrg,45,0.60987127,0.43748266,0.08734624,2,0.27084804,0.19158694,0,1.270112,1.5044466257095337,1.0307723,0.33902323,4,0.20574641227722168
sequential,ov,0.4,0.3,0.3,0,rrg,93,0.39999998,0.40881878,0.06372623,13,0.5080324,0.15278083,1,1.5936389,1.5149747133255005,1.3749541,0.10803238,16,0.21620789170265198
sequential,ov,0.4,0.3,0.31,0,rrg,89,0.39999998,0.40961963,0.0732892,9,0.5999992,0.28284162,1,1.5237979,1.5176507234573364,1.0947982,0.19999921,16,0.22088086605072021
sequential,ov,0.4,0.3,0.32,0,rrg,11,0.4086729,0.44727033,0.11320821,8,0.48298955,0.14235355,1,1.5878012,1.4864760637283325,1.4047407,0.112644404,16,0.21535465121269226
sequential,ov,0.4,0.3,0.33,0,rrg,4,0.38902164,0.42413005,0.08630902,18,0.26558185,0.18821861,0,1.677999,1.4867873191833496,1.0572153,0.14056142,16,0.22712039947509766
sequential,ov,0.4,0.3,0.34,0,rrg,7,0.39999998,0.4528916,0.11661782,12,0.39999995,5.441135e-08,1,1.6229866,1.423534631729126,1.5130903,4.9670536e-08,20,0.2521587014198303
sequential,ov,0.4,0.3,0.35,0,rrg,28,0.39999995,0.39156216,0.043731086,11,0.79999995,0.2828428,0,1.3780476,1.5271068811416626,0.532615,0.4,3,0.25571951270103455
sequential,ov,0.4,0.3,0.36,0,rrg,8,0.40000004,0.4069631,0.0754218,7,0.59999394,0.28283408,1,1.5151218,1.5122581720352173,1.0588654,0.19999392,15,0.2355894148349762
sequential,ov,0.4,0.3,0.37,0,rrg,20,0.40023094,0.4303692,0.10894458,5,0.60082775,0.2825406,0,1.5078526,1.4568204879760742,1.046884,0.21024895,11,0.2755576968193054
sequential,ov,0.4,0.3,0.38,0,rrg,40,0.4,0.42514688,0.09819643,8,0.8,0.28284273,0,1.3696604,1.4693008661270142,0.49266675,0.4,5,0.2774856686592102
sequential,ov,0.4,0.3,0.39,0,rrg,61,0.39999998,0.42580014,0.08713857,12,0.39999995,2.9802322e-08,0,1.6292671,1.5052741765975952,1.5209966,1.9868216e-08,20,0.21164019405841827
sequential,ov,0.4,0.3,0.4,0,rrg,10,0.34388795,0.43260723,0.10535431,19,0.6666667,0.47140452,0,1.420029,1.445767879486084,4.2297407e-07,0.55203736,1,0.28700125217437744
sequential,ov,0.4,0.3,0.41,0,rrg,64,0.4,0.40461126,0.07846077,11,0.79999995,0.2828428,0,1.3801612,1.4996711015701294,0.53551686,0.40000007,5,0.26911476254463196
sequential,ov,0.4,0.3,0.42,0,rrg,71,0.39999998,0.4171082,0.10626929,12,0.6000001,0.2828427,0,1.4823331,1.5075628757476807,0.9544139,0.20000005,13,0.25978368520736694
sequential,ov,0.4,0.3,0.43,0,rrg,14,0.29382208,0.42205063,0.12659849,18,0.26663485,0.18854089,0,1.7966574,1.5019217729568481,1.0091668,0.16869418,19,0.3014584481716156
sequential,ov,0.4,0.3,0.44,0,rrg,23,0.5156237,0.41082883,0.10844232,3,0.2606827,0.18447605,0,1.436647,1.4625768661499023,1.0335288,0.254941,11,0.3140513002872467
sequential,ov,0.4,0.3,0.45,0,rrg,22,0.39999998,0.40905905,0.12443084,11,0.71296746,0.22110498,0,1.4420456,1.5283483266830444,0.844178,0.3129675,10,0.29740309715270996
sequential,ov,0.4,0.3,0.46,0,rrg,91,0.2650991,0.404293,0.1308139,18,0.6666886,0.47137347,0,1.6617733,1.5269700288772583,0.0005873004,0.57827836,1,0.32406336069107056
sequential,ov,0.4,0.3,0.47,0,rrg,83,0.5003456,0.40035114,0.089285284,4,0.17175333,0.24289587,0,1.4978497,1.5206931829452515,0.45206746,0.3385352,9,0.2915109395980835
sequential,ov,0.4,0.3,0.48,0,rrg,42,0.7141978,0.4044849,0.11386008,1,0.27672124,0.19605857,1,1.0355355,1.5283584594726562,0.98159665,0.43747655,2,0.28206557035446167
sequential,ov,0.4,0.3,0.49,0,rrg,73,0.40196773,0.42625827,0.11003586,9,0.60103816,0.28211147,0,1.5073934,1.4779162406921387,1.0478812,0.20038228,16,0.3000059127807617
sequential,ov,0.4,0.3,0.5,0,rrg,63,0.26701114,0.43366528,0.15289572,18,0.45677948,0.4127986,0,1.8237897,1.482438564300537,0.5680607,0.36777577,8,0.27673161029815674
sequential,ov,0.4,0.3,0.51,0,rrg,66,0.39999998,0.43788975,0.099620834,15,0.6289549,0.26475427,0,1.5073525,1.4756906032562256,1.021728,0.22895491,10,0.2711232602596283
sequential,ov,0.4,0.3,0.52,0,rrg,47,0.4001542,0.42612702,0.14078228,11,0.5830143,0.29558635,0,1.5166607,1.419181227684021,1.0675588,0.21703708,14,0.3240238130092621
sequential,ov,0.4,0.3,0.53,0,rrg,85,0.4,0.43871602,0.1527976,12,0.59999996,0.2828427,0,1.4882965,1.4235095977783203,0.9780197,0.2,19,0.34079986810684204
sequential,ov,0.4,0.3,0.54,0,rrg,50,0.39990053,0.43317246,0.16951369,13,0.79738045,0.28654736,0,1.3703469,1.454352855682373,0.5028781,0.40265274,7,0.328094482421875
sequential,ov,0.4,0.3,0.55,0,rrg,6,0.65868205,0.4289708,0.17323723,3,0.4171209,0.42474055,1,1.1269498,1.4569025039672852,0.6088005,0.46910644,2,0.3190194070339203
sequential,ov,0.4,0.3,0.56,0,rrg,60,0.3732805,0.38410124,0.07625689,14,0.13250577,0.18738042,0,1.581926,1.5447882413864136,0.46213245,0.25692222,16,0.3248163163661957
sequential,ov,0.4,0.3,0.57,0,rrg,62,0.4122603,0.3593617,0.09177306,6,0.47927415,0.40929914,0,1.3967955,1.5844876766204834,0.48313132,0.34185407,14,0.36628395318984985
sequential,ov,0.4,0.3,0.58,0,rrg,29,0.4019702,0.3795814,0.102278106,8,0.66791636,0.2491159,0,1.4690732,1.5649187564849854,0.93156767,0.2672597,16,0.36911123991012573
sequential,ov,0.4,0.3,0.59,0,rrg,72,0.3809814,0.40385714,0.17829506,10,0.57102144,0.31530675,0,1.566923,1.5302555561065674,1.1038457,0.2766107,14,0.3357033431529999
sequential,ov,0.4,0.3,0.6,0,rrg,96,0.240234,0.39885804,0.09813403,19,0.30842507,0.22876298,0,1.8755413,1.51631498336792,0.92770386,0.22834708,17,0.34160590171813965
sequential,ov,0.4,0.3,0.61,0,rrg,27,0.4122748,0.43072367,0.16447064,10,0.62077266,0.2692288,0,1.4910489,1.445163607597351,1.0080327,0.21552889,17,0.33618634939193726
sequential,ov,0.4,0.3,0.62,0,rrg,3,0.30003563,0.358433,0.08945855,14,0.4561602,0.4129281,0,1.6888901,1.5495765209197998,0.5167278,0.35614583,14,0.36602073907852173
sequential,ov,0.4,0.3,0.63,0,rrg,90,0.27610666,0.40139824,0.17140643,15,0.0021201416,0.002969278,0,1.6353781,1.4781302213668823,0.03258917,0.27398652,18,0.39243239164352417
sequential,ov,0.4,0.3,0.64,0,rrg,92,0.60290945,0.38167295,0.102643564,1,0.3333415,0.4713987,1,1.1865602,1.5192360877990723,0.00033537715,0.5342949,4,0.3882310390472412
sequential,ov,0.4,0.3,0.65,0,rrg,76,0.36349547,0.3980927,0.17192554,11,0.47054657,0.41036767,0,1.523571,1.4933871030807495,0.45574185,0.3493812,12,0.34724119305610657
sequential,ov,0.4,0.3,0.66,0,rrg,87,0.24913308,0.40952888,0.16549876,17,0.33333334,0.4714045,0,1.769252,1.4674243927001953,8.604281e-20,0.4163777,6,0.35463055968284607
sequential,ov,0.4,0.3,0.67,0,rrg,58,0.24761955,0.3883046,0.102602504,18,0.6666667,0.47140452,0,1.7624905,1.5130592584609985,2.9774305e-11,0.5841268,1,0.38966506719589233
sequential,ov,0.4,0.3,0.68,0,rrg,33,0.28875533,0.37180418,0.10042417,14,0.16344963,0.23115267,0,1.8287228,1.5654946565628052,0.5086537,0.2597014,16,0.3696204721927643
sequential,ov,0.4,0.3,0.69,0,rrg,95,0.368935,0.39903757,0.20203982,10,0.6666667,0.47140452,0,1.3383118,1.4463565349578857,2.2152976e-12,0.54368836,3,0.38238054513931274
sequential,ov,0.4,0.3,0.7,0,rrg,97,0.34905475,0.44053093,0.205273,14,0.33333334,0.4714045,0,1.5261495,1.3935942649841309,1.8239803e-07,0.44968495,6,0.38008755445480347
sequential,ov,0.4,0.3,0.71,0,rrg,57,0.43767384,0.45854577,0.1991895,8,0.23368542,0.1889977,0,1.5885,1.3431376218795776,1.1295342,0.22079432,17,0.3938932418823242
sequential,ov,0.4,0.3,0.72,0,rrg,24,0.3009723,0.3837989,0.16773182,13,0.3163302,0.22923644,0,1.7994978,1.538238286972046,0.9987986,0.21600609,17,0.3874308168888092
sequential,ov,0.4,0.3,0.73,0,rrg,21,0.39184776,0.4490797,0.20129958,11,0.76263905,0.3356791,0,1.4087881,1.3403761386871338,0.6367596,0.4400784,8,0.42122745513916016
sequential,ov,0.4,0.3,0.74,0,rrg,59,0.9999982,0.4100032,0.22050306,2,7.278515e-08,1.0293375e-07,1,2.8257093e-05,1.419997215270996,3.972291e-06,0.9999981,1,0.4180815815925598
sequential,ov,0.4,0.3,0.75,0,rrg,55,0.16167533,0.34372845,0.09818501,20,0.13230418,0.18695223,0,1.9956282,1.6198618412017822,0.5743465,0.18605061,17,0.3657035231590271
sequential,ov,0.4,0.3,0.76,0,rrg,34,0.41940504,0.41789308,0.1763873,9,0.33333334,0.4714045,0,1.4752191,1.3962812423706055,1.3844218e-26,0.473135,6,0.40811052918434143
sequential,ov,0.4,0.3,0.77,0,rrg,54,0.31771016,0.40109497,0.17972441,13,0.46373558,0.411457,0,1.6170361,1.4294054508209229,0.5612309,0.3578322,13,0.3785756826400757
sequential,ov,0.4,0.3,0.78,0,rrg,78,0.58967006,0.40379697,0.1836152,3,0.20929246,0.29598424,1,1.2671832,1.4192579984664917,0.22015779,0.40584913,12,0.3933292031288147
sequential,ov,0.4,0.3,0.79,0,rrg,13,0.33568034,0.40156907,0.18394311,10,0.33333334,0.4714045,1,1.6008986,1.4346225261688232,3.7948055e-07,0.44522676,5,0.3892046809196472
sequential,ov,0.4,0.3,0.8,0,rrg,2,0.42009732,0.40046945,0.18110749,8,0.33333334,0.4714045,0,1.4938811,1.4233663082122803,2.5897144e-31,0.47336578,5,0.3967760503292084
sequential,ov,0.4,0.3,0.81,0,rrg,9,0.43560675,0.3977248,0.18431415,7,0.7734201,0.3204324,0,1.3506202,1.420996904373169,0.5898821,0.414711,10,0.3937009572982788
sequential,ov,0.4,0.3,0.82,0,rrg,65,0.39968836,0.3980154,0.18800342,7,0.8366758,0.2309753,0,1.3651255,1.4143359661102295,0.48158488,0.43698743,6,0.3985624313354492
sequential,ov,0.4,0.3,0.83,0,rrg,99,0.17280003,0.39755034,0.19265947,17,0.105225354,0.14881112,0,1.9246733,1.416967511177063,0.5713549,0.16282536,17,0.40286898612976074
sequential,ov,0.4,0.3,0.84,0,rrg,36,0.36893496,0.40782368,0.19157106,8,0.6666667,0.47140452,0,1.3383119,1.3907296657562256,2.4674523e-21,0.54368836,2,0.41976505517959595
sequential,ov,0.4,0.3,0.85,0,rrg,37,0.47781557,0.40701285,0.20039143,6,0.6666667,0.47140452,0,0.6921643,1.3968886137008667,4.9633403e-38,0.5073948,2,0.4107692837715149
sequential,ov,0.4,0.3,0.86,0,rrg,38,0.5312502,0.40103927,0.20734894,4,0.6666667,0.47140452,0,1.2408063,1.4476016759872437,4.2840914e-19,0.48958325,2,0.4036027789115906
sequential,ov,0.4,0.3,0.87,0,rrg,70,0.22087021,0.3908398,0.21205235,12,0.42025742,0.42353797,0,1.9481196,1.4635659456253052,0.5974317,0.34663403,11,0.3969312012195587
sequential,ov,0.4,0.3,0.88,0,rrg,43,0.37828675,0.40147328,0.21739864,5,4.7395574e-08,6.7027464e-08,0,1.5081788,1.4281039237976074,1.2692573e-06,0.3782867,9,0.40530216693878174
sequential,ov,0.4,0.3,0.89,0,rrg,12,0.1933987,0.4007657,0.22946227,10,0.3333336,0.47140434,0,1.863648,1.4232234954833984,2.1319976e-05,0.39779928,6,0.40756312012672424
sequential,ov,0.4,0.3,0.9,0,rrg,44,0.246191,0.42147723,0.23096512,9,0.33333334,0.4714045,0,1.7835786,1.378421664237976,1.5993851e-27,0.41539702,4,0.4086334705352783
sequential,ov,0.4,0.3,0.91,0,rrg,15,0.30393198,0.44118804,0.23545754,6,0.6666667,0.47140452,0,1.4880018,1.3328056335449219,0.0,0.565356,1,0.407974511384964
sequential,ov,0.4,0.3,0.92,0,rrg,79,0.2607615,0.45843834,0.24432763,7,0.49312678,0.408364,0,1.8218241,1.3132017850875854,0.5008417,0.40620628,3,0.38833487033843994
sequential,ov,0.4,0.3,0.93,0,rrg,49,0.99999887,0.49894696,0.25011054,1,0.6666667,0.47140452,1,1.8200592e-05,1.2119108438491821,0.0,0.33333373,7,0.40925469994544983
sequential,ov,0.4,0.3,0.94,0,rrg,19,0.17710234,0.42005935,0.1601663,6,0.3333335,0.47140443,0,1.8858664,1.4009952545166016,9.014469e-06,0.39236727,4,0.42723631858825684
sequential,ov,0.4,0.3,0.95,0,rrg,51,0.29094145,0.47545686,0.13597432,5,0.33333334,0.4714045,0,1.6941538,1.2821710109710693,0.0,0.43031383,3,0.44173556566238403
sequential,ov,0.4,0.3,0.96,0,rrg,88,0.5907958,0.5232282,0.11325028,2,0.5104574,0.40851608,1,1.1850767,1.1728743314743042,0.2303925,0.35314122,3,0.44634461402893066
sequential,ov,0.4,0.3,0.97,0,rrg,25,0.51688814,0.4961896,0.12209942,2,0.6385967,0.45286283,0,0.69257665,1.1679127216339111,0.13119306,0.46630064,2,0.5154600739479065
sequential,ov,0.4,0.3,0.98,0,rrg,26,0.6346309,0.48600447,0.14862646,1,1.980138e-06,2.8003376e-06,0,1.0850661,1.4047939777374268,8.0761725e-05,0.63462895,1,0.5402108430862427
sequential,ov,0.4,0.3,0.99,0,rrg,30,0.33737808,0.33737808,0.0,1,0.33333334,0.4714045,0,1.724522,1.7245219945907593,1.7993997e-22,0.44579268,1,0.44579267501831055
sequential,mov,0.4,0.3,0.0,0,rrg,5,0.39723024,0.3972302,2.9802322e-08,1,0.39723024,0.0,0,1.8001581,1.8001582622528076,1.8001581,0.0,1,0.0
sequential,mov,0.4,0.3,0.01,0,rrg,50,0.3999568,0.39220756,0.031355515,11,0.3999568,1.7206379e-08,0,1.7077569,1.7250906229019165,1.7077569,9.934108e-09,18,0.014181159436702728
sequential,mov,0.4,0.3,0.02,0,rrg,23,0.4003338,0.3849967,0.044162914,7,0.4009198,0.0011296311,0,1.7039287,1.7375150918960571,1.7055755,0.00086518127,12,0.024709705263376236
sequential,mov,0.4,0.3,0.03,0,rrg,12,0.4029597,0.370545,0.053732965,3,0.4041265,0.0053160945,0,1.69987,1.761290192604065,1.7044073,0.004623135,11,0.05089467763900757
sequential,mov,0.4,0.3,0.04,0,rrg,27,0.4000001,0.3806259,0.045850888,11,0.40000007,5.1619136e-08,0,1.703302,1.7576204538345337,1.7030092,5.9604645e-08,20,0.039452020078897476
sequential,mov,0.4,0.3,0.05,0,rrg,37,0.39999995,0.3767844,0.057799667,14,0.40028837,0.00015383774,0,1.703197,1.762216329574585,1.7032942,0.00028842688,18,0.03940076380968094
sequential,mov,0.4,0.3,0.06,0,rrg,66,0.39999998,0.38341498,0.05593016,10,0.44247165,0.05976017,0,1.6718618,1.7553484439849854,1.6245836,0.042471677,13,0.06650940328836441
sequential,mov,0.4,0.3,0.07,0,rrg,19,0.29212654,0.34300482,0.068985716,14,0.21230738,0.17094272,0,1.938864,1.8281662464141846,1.2711258,0.16412982,7,0.09074850380420685
sequential,mov,0.4,0.3,0.08,0,rrg,25,0.38911724,0.36158043,0.06095106,10,0.35273352,0.07062156,0,1.774755,1.7816823720932007,1.8021275,0.0544541,14,0.09691178053617477
sequential,mov,0.4,0.3,0.09,0,rrg,44,0.40377852,0.39299482,0.06417143,9,0.4002359,0.0062004933,0,1.708437,1.732582688331604,1.7272698,0.004638096,20,0.06491030007600784
sequential,mov,0.4,0.3,0.1,0,rrg,64,0.3897182,0.37747228,0.09145245,13,0.35834825,0.07146774,0,1.7716897,1.7540977001190186,1.8006768,0.05692191,10,0.08904264867305756
sequential,mov,0.4,0.3,0.11,0,rrg,73,0.413768,0.3605669,0.0856203,2,0.37251678,0.042520296,0,1.7198108,1.7906248569488525,1.7683681,0.0412512,16,0.11065880209207535
sequential,mov,0.4,0.3,0.12,0,rrg,22,0.40271255,0.4056097,0.088495396,12,0.473538,0.095387526,0,1.6426909,1.6892808675765991,1.5514809,0.07082543,10,0.11829178035259247
sequential,mov,0.4,0.3,0.13,0,rrg,36,0.4017412,0.3982281,0.10601648,13,0.39600727,0.15395209,0,1.7226468,1.7016944885253906,1.6934892,0.14486592,10,0.1443105787038803
sequential,mov,0.4,0.3,0.14,0,rrg,28,0.40172789,0.4093969,0.101792485,12,0.46147564,0.09421334,0,1.6569067,1.6801846027374268,1.5837408,0.0701888,10,0.12195334583520889
sequential,mov,0.4,0.3,0.15,0,rrg,60,0.46375582,0.40522724,0.105856314,4,0.14218117,0.20106824,0,1.5129204,1.6818161010742188,0.55020547,0.32157466,4,0.1681119203567505
sequential,mov,0.4,0.3,0.16,0,rrg,97,0.40552905,0.3625862,0.062972054,6,0.39916453,0.009464816,0,1.7083619,1.7786028385162354,1.7288245,0.007742902,19,0.10674991458654404
sequential,mov,0.4,0.3,0.17,0,rrg,4,0.40253493,0.35271642,0.10628793,8,0.45180276,0.07768819,0,1.6678976,1.7799646854400635,1.6137657,0.058955193,13,0.1358344852924347
sequential,mov,0.4,0.3,0.18,0,rrg,14,0.46207103,0.42188793,0.08027822,4,0.14247361,0.1840793,0,1.5005727,1.6546821594238281,0.63873434,0.31959742,2,0.1270812451839447
sequential,mov,0.4,0.3,0.19,0,rrg,76,0.40021822,0.42321125,0.121703,13,0.40123203,0.0006796573,0,1.6826723,1.646898865699768,1.6586838,0.0010138154,20,0.17527638375759125
sequential,mov,0.4,0.3,0.2,0,rrg,58,0.40233698,0.3567198,0.11155079,6,0.44804478,0.05570244,0,1.6742526,1.773438811302185,1.6038553,0.04570781,18,0.15223078429698944
sequential,mov,0.4,0.3,0.21,0,rrg,38,0.5687642,0.4370401,0.13029332,5,0.46565422,0.34883308,0,1.2956483,1.6074514389038086,0.68885636,0.28502136,5,0.19782382249832153
sequential,mov,0.4,0.3,0.22,0,rrg,0,0.36578685,0.38063404,0.08899665,15,0.45228848,0.1708254,0,1.7300354,1.721544623374939,1.5868171,0.18831937,6,0.14489851891994476
sequential,mov,0.4,0.3,0.23,0,rrg,32,0.49122638,0.43718448,0.107044674,5,0.13584904,0.19211957,1,1.495845,1.6298933029174805,0.5489964,0.35537735,3,0.1792185753583908
sequential,mov,0.4,0.3,0.24,0,rrg,55,0.37255156,0.43723136,0.14548442,13,0.16517596,0.23359407,0,1.6838953,1.6166388988494873,0.50303453,0.2893598,8,0.23732566833496094
sequential,mov,0.4,0.3,0.25,0,rrg,52,0.51979655,0.44856063,0.12950736,5,0.26391676,0.18671271,1,1.4642452,1.5887073278427124,1.1437448,0.2558798,5,0.19241535663604736
sequential,mov,0.4,0.3,0.26,0,rrg,33,0.28974053,0.38963944,0.12642846,17,0.3157791,0.23136833,0,1.8431748,1.6751333475112915,1.0353733,0.2191989,7,0.18724139034748077
sequential,mov,0.4,0.3,0.27,0,rrg,98,0.40893582,0.39510894,0.13721044,5,0.36920348,0.044751655,0,1.7348243,1.673672080039978,1.7827344,0.03973232,18,0.2050042450428009
sequential,mov,0.4,0.3,0.28,0,rrg,43,0.42104316,0.419128,0.1182462,8,0.25236216,0.18521152,0,1.6805836,1.6349973678588867,1.2662262,0.20461564,7,0.2061946839094162
sequential,mov,0.4,0.3,0.29,0,rrg,57,0.49858612,0.38235885,0.12183708,4,0.14354475,0.20300218,0,1.4846665,1.6904261112213135,0.5480458,0.35504135,2,0.16573068499565125
sequential,mov,0.4,0.3,0.3,0,rrg,81,0.51394033,0.40839052,0.11256212,4,0.2741917,0.19378918,1,1.4424304,1.6504631042480469,1.1632651,0.23974861,6,0.1966741532087326
sequential,mov,0.4,0.3,0.31,0,rrg,18,0.49396235,0.44082898,0.15754533,5,0.3958079,0.033185277,1,1.5570998,1.5755993127822876,1.6700219,0.09815445,14,0.22703233361244202
sequential,mov,0.4,0.3,0.32,0,rrg,90,0.39061618,0.44894797,0.16363244,13,0.103272945,0.14605,0,1.6960475,1.5298008918762207,0.63010913,0.28734323,8,0.29474779963493347
sequential,mov,0.4,0.3,0.33,0,rrg,15,0.4206728,0.39705008,0.13148099,7,0.6045349,0.27414984,0,1.507796,1.6561870574951172,1.1212373,0.19823568,8,0.20920142531394958
sequential,mov,0.4,0.3,0.34,0,rrg,72,0.3477457,0.45067507,0.19092022,13,0.14244696,0.19824952,0,1.8148218,1.5312392711639404,0.6232617,0.2553362,13,0.326084166765213
sequential,mov,0.4,0.3,0.35,0,rrg,95,0.4515458,0.45940495,0.15783274,7,0.28800073,0.20383915,0,1.600752,1.5019619464874268,1.0739881,0.16354509,16,0.2851063013076782
sequential,mov,0.4,0.3,0.36,0,rrg,21,0.36603117,0.4873088,0.1673295,17,0.5469119,0.33240372,0,1.6295005,1.446487307548523,1.2198986,0.28365478,11,0.29128727316856384
sequential,mov,0.4,0.3,0.37,0,rrg,10,0.3438564,0.43372378,0.19491428,13,0.32026863,0.15821002,0,1.8135791,1.5549908876419067,1.6907507,0.13964097,16,0.2724526822566986
sequential,mov,0.4,0.3,0.38,0,rrg,61,0.38967034,0.464211,0.16120206,11,0.2680684,0.19009088,0,1.6988561,1.5268231630325317,1.1379899,0.14156641,18,0.291751503944397
sequential,mov,0.4,0.3,0.39,0,rrg,63,0.3531155,0.42489085,0.1378235,14,0.14155607,0.20019051,0,1.7647111,1.575977087020874,0.5467542,0.25926125,10,0.26324373483657837
sequential,mov,0.4,0.3,0.4,0,rrg,16,0.39421886,0.38400343,0.14633904,8,0.3139079,0.06899282,0,1.8103895,1.6280235052108765,1.8550305,0.09008035,17,0.2503458261489868
sequential,mov,0.4,0.3,0.41,0,rrg,83,0.36133748,0.459181,0.15451197,15,0.12787509,0.16786157,0,1.7600056,1.5065975189208984,0.62542593,0.23592018,13,0.2901805341243744
sequential,mov,0.4,0.3,0.42,0,rrg,45,0.46410975,0.4482738,0.18329358,7,0.08228997,0.11485335,0,1.5679504,1.4797203540802002,0.66523945,0.38181975,5,0.2949349284172058
sequential,mov,0.4,0.3,0.43,0,rrg,79,0.33881867,0.498172,0.21294755,16,0.37634763,0.30069336,0,1.7694191,1.3851350545883179,0.77407104,0.2634081,14,0.346073180437088
sequential,mov,0.4,0.3,0.44,0,rrg,65,0.42502996,0.45358324,0.19152094,8,0.50820136,0.1317933,0,1.605212,1.4879381656646729,1.4836344,0.1388129,18,0.3142159581184387
sequential,mov,0.4,0.3,0.45,0,rrg,84,0.29584235,0.498396,0.213109,17,0.122185,0.1727957,0,1.8484521,1.356144905090332,0.6040204,0.22079913,14,0.351250559091568
sequential,mov,0.4,0.3,0.46,0,rrg,48,0.4507169,0.47860113,0.17936534,9,0.4634243,0.1409551,0,1.5587813,1.4453204870224,1.4645914,0.1244641,19,0.3612395226955414
sequential,mov,0.4,0.3,0.47,0,rrg,71,0.29968995,0.4696808,0.20251478,15,0.37445903,0.2752744,0,1.7769161,1.4500101804733276,0.9155157,0.2745624,10,0.32003796100616455
sequential,mov,0.4,0.3,0.48,0,rrg,11,0.49158135,0.46573,0.18507817,7,0.5145865,0.36597094,1,1.2621762,1.422349214553833,0.43461907,0.3507261,8,0.3325827717781067
sequential,mov,0.4,0.3,0.49,0,rrg,42,0.43434387,0.4963027,0.21783528,9,0.1355205,0.1915276,1,1.5540109,1.373789668083191,0.53763765,0.29882336,11,0.3674589693546295
sequential,mov,0.4,0.3,0.5,0,rrg,75,0.36978576,0.5334823,0.23972476,15,2.2707491e-17,3.206233e-17,1,1.3977739,1.2914655208587646,1.79083e-15,0.36978576,11,0.4208759665489197
sequential,mov,0.4,0.3,0.51,0,rrg,82,0.83944803,0.54442316,0.24419545,3,3.0565551e-33,0.0,1,0.597716,1.2671501636505127,3.3722225e-31,0.83944803,1,0.4076708257198334
sequential,mov,0.4,0.3,0.52,0,rrg,93,0.4827555,0.44106546,0.18690272,7,0.3333352,0.47140312,1,1.4958842,1.4706645011901855,7.8366036e-05,0.49424985,6,0.34059715270996094
sequential,mov,0.4,0.3,0.53,0,rrg,51,0.29094633,0.39849463,0.15798825,15,0.33333334,0.4714045,0,1.6941442,1.579341173171997,4.5574123e-22,0.43031546,4,0.3155575096607208
sequential,mov,0.4,0.3,0.54,0,rrg,53,0.40134713,0.47894877,0.20763527,9,0.5229565,0.33853397,1,1.6027164,1.426261305809021,1.2092247,0.27749255,13,0.35208120942115784
sequential,mov,0.4,0.3,0.55,0,rrg,29,0.62959343,0.45090324,0.16848548,3,0.34369972,0.26065376,0,1.216002,1.4858611822128296,0.919503,0.28678712,12,0.31716522574424744
sequential,mov,0.4,0.3,0.56,0,rrg,54,0.31749192,0.49062532,0.21614125,15,0.53219014,0.40924236,0,1.6485665,1.4255284070968628,0.4449332,0.4263595,9,0.37105146050453186
sequential,mov,0.4,0.3,0.57,0,rrg,99,0.19026347,0.41603646,0.15534224,20,0.08954731,0.12663901,0,1.934284,1.5576199293136597,0.64183295,0.15296847,15,0.2905939221382141
sequential,mov,0.4,0.3,0.58,0,rrg,41,0.3350447,0.5209952,0.21418133,18,0.19659127,0.27802205,1,1.7697567,1.334533929824829,0.44489202,0.30827284,13,0.39905285835266113
sequential,mov,0.4,0.3,0.59,0,rrg,30,0.6311407,0.47731814,0.22284777,4,0.19003467,0.17394589,0,1.2773312,1.395007848739624,1.1590784,0.44110608,7,0.3529689311981201
sequential,mov,0.4,0.3,0.6,0,rrg,88,0.8298311,0.51953,0.21546756,2,0.33333334,0.4714045,1,0.67668474,1.3275699615478516,6.083604e-11,0.6099437,5,0.4352652132511139
sequential,mov,0.4,0.3,0.61,0,rrg,78,0.68882936,0.4577535,0.20430124,3,1.2213e-15,1.727179e-15,1,0.98488456,1.4479598999023438,6.6547875e-14,0.68882936,3,0.3430789113044739
sequential,mov,0.4,0.3,0.62,0,rrg,68,0.3581732,0.4338328,0.22616228,15,0.47149566,0.41023368,1,1.4495398,1.412644863128662,0.5171488,0.35210457,8,0.3373202681541443
sequential,mov,0.4,0.3,0.63,0,rrg,34,0.29356864,0.5180902,0.24973679,17,0.4187682,0.42410362,0,1.6886133,1.2705128192901611,0.6084707,0.34575465,12,0.4360310435295105
sequential,mov,0.4,0.3,0.64,0,rrg,67,0.6319507,0.42261535,0.18787417,3,0.08069916,0.11412585,1,1.1705207,1.49222731590271,0.6453693,0.5512515,3,0.319474995136261
sequential,mov,0.4,0.3,0.65,0,rrg,49,1.0,0.49104714,0.25326225,1,0.46125087,0.4119098,1,1.5768737e-06,1.2916278839111328,0.5271531,0.53874916,4,0.3920595645904541
sequential,mov,0.4,0.3,0.66,0,rrg,59,0.6118917,0.51228786,0.2516835,7,0.1358854,0.19217099,1,1.2796832,1.3172712326049805,0.5501203,0.47600627,7,0.42989426851272583
sequential,mov,0.4,0.3,0.67,0,rrg,70,0.24853826,0.42852917,0.21730807,17,0.2949674,0.2140009,0,1.89486,1.4348104000091553,1.0243515,0.21212132,14,0.3281685709953308
sequential,mov,0.4,0.3,0.68,0,rrg,80,0.09059729,0.49123678,0.25708172,20,9.815046e-31,0.0,1,1.6708602,1.3093022108078003,1.5958245e-28,0.090597294,18,0.40215349197387695
sequential,mov,0.4,0.3,0.69,0,rrg,74,0.37505952,0.4454556,0.1713469,12,0.54860926,0.4139952,1,1.4511008,1.4913164377212524,0.3749288,0.42358938,7,0.36803796887397766
sequential,mov,0.4,0.3,0.7,0,rrg,46,0.37797296,0.43293896,0.22713774,11,0.39260522,0.16815609,1,1.744618,1.470155954360962,1.6410513,0.15365288,14,0.35240548849105835
sequential,mov,0.4,0.3,0.71,0,rrg,89,0.35108504,0.42514628,0.22826123,12,0.47725168,0.40951377,1,1.5753704,1.4524022340774536,0.5513033,0.3602233,11,0.3702765107154846
sequential,mov,0.4,0.3,0.72,0,rrg,31,0.6115507,0.45631474,0.21936244,5,0.118819825,0.1680366,1,1.2915263,1.3853548765182495,0.5568857,0.49273086,6,0.3616131544113159
sequential,mov,0.4,0.3,0.73,0,rrg,92,0.42518365,0.45479202,0.22784236,8,0.35432234,0.066539116,1,1.7058076,1.3706141710281372,1.6839228,0.0708613,20,0.410228967666626
sequential,mov,0.4,0.3,0.74,0,rrg,6,0.6355293,0.42148715,0.23442654,3,0.33330685,0.47136706,1,1.1283758,1.4068152904510498,0.00030973033,0.54515,4,0.39853256940841675
sequential,mov,0.4,0.3,0.75,0,rrg,7,0.31156012,0.39747867,0.1993824,13,0.09499217,0.13433921,1,1.8189838,1.4685523509979248,0.6185253,0.21656795,17,0.3960038423538208
sequential,mov,0.4,0.3,0.76,0,rrg,1,0.39531913,0.4717773,0.25191736,9,0.77812034,0.31219968,0,1.3930213,1.2737274169921875,0.5532197,0.4219438,9,0.4544348120689392
sequential,mov,0.4,0.3,0.77,0,rrg,86,0.4161673,0.46785313,0.25396052,9,0.33333334,0.4714045,0,1.5000949,1.2891147136688232,3.2970022e-26,0.47205576,7,0.4473579525947571
sequential,mov,0.4,0.3,0.78,0,rrg,3,0.5055674,0.4294652,0.22506526,6,0.46077338,0.41200015,0,1.359665,1.3720018863677979,0.4878116,0.37441576,13,0.43474268913269043
sequential,mov,0.4,0.3,0.79,0,rrg,91,0.26366737,0.43604192,0.25955138,15,0.66660017,0.47135752,0,1.6699013,1.3614451885223389,0.00074878824,0.5787111,5,0.452658474445343
sequential,mov,0.4,0.3,0.8,0,rrg,2,0.35132512,0.4526252,0.25902957,12,0.46302724,0.41158307,0,1.5855659,1.3105361461639404,0.56626636,0.34591886,15,0.4452909529209137
sequential,mov,0.4,0.3,0.81,0,rrg,8,0.9999995,0.45935374,0.26479623,2,0.33333334,0.4714045,1,7.668038e-06,1.293836236000061,1.7856848e-08,0.6666665,3,0.4568365514278412
sequential,mov,0.4,0.3,0.82,0,rrg,96,0.22770399,0.4298402,0.23839825,16,0.33333334,0.4714045,0,1.8039745,1.365098237991333,1.4676442e-07,0.40923467,10,0.44577306509017944
sequential,mov,0.4,0.3,0.83,0,rrg,35,0.44088018,0.44280395,0.2397139,6,0.59244186,0.28820917,1,1.4744047,1.3381415605545044,1.0536232,0.22118483,15,0.44839590787887573
sequential,mov,0.4,0.3,0.84,0,rrg,56,0.9254614,0.4425246,0.24713749,2,0.12836559,0.18153635,1,0.2652276,1.321151614189148,0.5193115,0.7970958,2,0.4803028106689453
sequential,mov,0.4,0.3,0.85,0,rrg,69,0.2681231,0.4100852,0.22043243,12,0.460507,0.41205102,1,1.8227379,1.387719988822937,0.54312766,0.3711326,12,0.4627973139286041
sequential,mov,0.4,0.3,0.86,0,rrg,39,0.27285087,0.41689473,0.22479421,11,0.6666667,0.47140452,1,1.6030242,1.347066879272461,2.971058e-12,0.5757164,3,0.4806540310382843
sequential,mov,0.4,0.3,0.87,0,rrg,40,0.369882,0.42642963,0.22920167,6,0.65421396,0.46278915,0,1.3900278,1.3226031064987183,0.076912835,0.5309125,5,0.47538918256759644
sequential,mov,0.4,0.3,0.88,0,rrg,9,0.5849155,0.4301667,0.2376642,4,0.4608204,0.41199118,0,0.678664,1.3187328577041626,0.5459051,0.4008181,9,0.4701402485370636
sequential,mov,0.4,0.3,0.89,0,rrg,13,0.3357296,0.42367506,0.24351875,7,0.33332685,0.47139534,1,1.6011606,1.36262047290802,7.681047e-05,0.4452367,7,0.48854321241378784
sequential,mov,0.4,0.3,0.9,0,rrg,77,0.99999934,0.43330783,0.25386658,1,0.06238948,0.088232055,1,1.0613231e-05,1.3341634273529053,0.6272641,0.93760985,1,0.4946131706237793
sequential,mov,0.4,0.3,0.91,0,rrg,47,0.6583145,0.37049228,0.17887208,1,0.33333334,0.4714045,0,1.0849558,1.4812449216842651,1.7370846e-15,0.5527715,2,0.4457000195980072
sequential,mov,0.4,0.3,0.92,0,rrg,17,0.48126522,0.33465737,0.15616496,2,0.00016818561,0.00023785034,1,1.3996694,1.5293623208999634,0.0014450018,0.481097,3,0.4326145648956299
sequential,mov,0.4,0.3,0.93,0,rrg,20,0.18716839,0.31370893,0.15608019,6,0.33333334,0.4714045,0,1.8817922,1.5479081869125366,3.3829583e-08,0.39572278,6,0.42568573355674744
sequential,mov,0.4,0.3,0.94,0,rrg,85,0.30517566,0.3345941,0.15919398,4,0.33333334,0.4714045,0,1.6616632,1.49326753616333,1.5171034e-16,0.43505856,4,0.4306110143661499
sequential,mov,0.4,0.3,0.95,0,rrg,87,0.24651727,0.34026143,0.17390752,4,0.33333334,0.4714045,0,1.7820256,1.460630178451538,2.4182664e-32,0.41550577,4,0.429649293422699
sequential,mov,0.4,0.3,0.96,0,rrg,24,0.1059615,0.36369753,0.18723927,4,2.3327992e-30,0.0,0,1.5623659,1.3802814483642578,2.2007132e-28,0.1059615,4,0.4331852197647095
sequential,mov,0.4,0.3,0.97,0,rrg,94,0.3689351,0.44960955,0.13122979,2,0.6666667,0.47140452,1,1.3383119,1.3195866346359253,8.874257e-11,0.5436883,2,0.5422598719596863
sequential,mov,0.4,0.3,0.98,0,rrg,26,0.6346903,0.48994702,0.14474328,1,3.0613506e-35,0.0,0,1.0847414,1.3102238178253174,5.8901612e-33,0.6346903,1,0.5415457487106323
sequential,mov,0.4,0.3,0.99,0,rrg,62,0.3452035,0.3452035,0.0,1,0.33333334,0.4714045,0,1.5357062,1.5357061624526978,6.0608617e-16,0.44840112,1,0.4484011232852936
sequential,c_mov,0.4,0.3,0.0,0,rrg,9,0.39723024,0.3972302,2.9802322e-08,1,0.39723024,0.0,0,1.8001581,1.8001582622528076,1.8001581,0.0,1,0.0
sequential,c_mov,0.4,0.3,0.01,0,rrg,0,0.3999567,0.39995676,5.6151876e-08,16,0.3999567,3.4412757e-08,0,1.7049899,1.70530104637146,1.6975724,1.9868216e-08,14,0.0028851465322077274
sequential,c_mov,0.4,0.3,0.02,0,rrg,1,0.39999726,0.3999973,4.6648015e-08,15,0.39999732,3.4412757e-08,0,1.7039509,1.6991535425186157,1.7035856,3.973643e-08,13,0.005695616360753775
sequential,c_mov,0.4,0.3,0.03,0,rrg,48,0.39999983,0.4083399,0.03635343,12,0.39999986,6.438037e-08,0,1.702262,1.6834437847137451,1.6989836,6.953875e-08,9,0.01747279241681099
sequential,c_mov,0.4,0.3,0.04,0,rrg,54,0.39999995,0.4214317,0.051772688,15,0.4,4.2146848e-08,0,1.7034599,1.6480878591537476,1.7024571,5.9604645e-08,10,0.05523598939180374
sequential,c_mov,0.4,0.3,0.05,0,rrg,5,0.39999995,0.42622972,0.062439274,15,0.39999998,6.438037e-08,0,1.6883262,1.6338465213775635,1.670744,6.953875e-08,16,0.06582524627447128
sequential,c_mov,0.4,0.3,0.06,0,rrg,28,0.4,0.42604128,0.061842363,11,0.39999995,5.441135e-08,0,1.68289,1.6308422088623047,1.6598716,5.9604645e-08,16,0.06921515613794327
sequential,c_mov,0.4,0.3,0.07,0,rrg,40,0.39999995,0.43538898,0.070242785,17,0.4000273,3.864164e-05,0,1.7006388,1.6211057901382446,1.6954107,2.7368465e-05,17,0.07636281102895737
sequential,c_mov,0.4,0.3,0.08,0,rrg,33,0.39999998,0.4510098,0.090942696,18,0.45915973,0.08366454,0,1.6588205,1.5861952304840088,1.5801407,0.059159786,11,0.127959743142128
sequential,c_mov,0.4,0.3,0.09,0,rrg,20,0.40254033,0.4297572,0.091978624,5,0.39588812,0.0063368,0,1.7080686,1.6261361837387085,1.7191142,0.006652206,15,0.10505925118923187
sequential,c_mov,0.4,0.3,0.1,0,rrg,16,0.3868626,0.41538626,0.04855066,20,0.35202238,0.07146168,0,1.7746477,1.6411148309707642,1.7898628,0.055761307,12,0.06599004566669464
sequential,c_mov,0.4,0.3,0.11,0,rrg,7,0.4,0.4876067,0.112527035,16,0.4,2.4333495e-08,1,1.6906646,1.5095280408859253,1.672419,1.9868216e-08,20,0.1916196644306183
sequential,c_mov,0.4,0.3,0.12,0,rrg,38,0.39999995,0.48711532,0.0881473,19,0.45834836,0.082517095,0,1.6504288,1.5015100240707397,1.5605327,0.05834843,16,0.17076228559017181
sequential,c_mov,0.4,0.3,0.13,0,rrg,81,0.40133336,0.44173685,0.08895081,8,0.4541287,0.07402314,1,1.6583697,1.5894780158996582,1.587313,0.05279534,14,0.1416260153055191
sequential,c_mov,0.4,0.3,0.14,0,rrg,58,0.40000004,0.45729142,0.07979897,13,0.45842895,0.08242884,0,1.6553,1.5328648090362549,1.5697365,0.058428943,16,0.17099468410015106
sequential,c_mov,0.4,0.3,0.15,0,rrg,68,0.4,0.47975954,0.093380824,14,0.39999998,3.847463e-08,1,1.6676633,1.5016014575958252,1.614047,3.973643e-08,20,0.17157793045043945
sequential,c_mov,0.4,0.3,0.16,0,rrg,31,0.40154302,0.46428865,0.0964562,8,0.44091678,0.069252245,1,1.6742641,1.5223385095596313,1.6135002,0.051868904,17,0.16722844541072845
sequential,c_mov,0.4,0.3,0.17,0,rrg,74,0.4,0.42885295,0.09766253,11,0.70747685,0.24173455,1,1.4748521,1.5713697671890259,0.8917637,0.30747685,4,0.16762188076972961
sequential,c_mov,0.4,0.3,0.18,0,rrg,39,0.39999995,0.48696142,0.11257551,18,0.469507,0.09829781,1,1.6368073,1.4683903455734253,1.5215286,0.06950706,18,0.23507773876190186
sequential,c_mov,0.4,0.3,0.19,0,rrg,89,0.39999995,0.4424142,0.104348,17,0.5070765,0.07665353,1,1.6029065,1.5435740947723389,1.4332567,0.107076585,13,0.16505257785320282
sequential,c_mov,0.4,0.3,0.2,0,rrg,94,0.400935,0.46519104,0.095967576,8,0.5495301,0.019782644,1,1.588433,1.506164312362671,1.3907851,0.14859511,11,0.181423157453537
sequential,c_mov,0.4,0.3,0.21,0,rrg,92,0.52649933,0.46453467,0.107199535,8,0.39079872,0.39105725,1,1.4263811,1.4957499504089355,0.758223,0.401426,2,0.20654599368572235
sequential,c_mov,0.4,0.3,0.22,0,rrg,67,0.54596394,0.45590845,0.09034209,7,0.32509756,0.24069262,1,1.3863367,1.5240721702575684,0.98834085,0.24023294,7,0.17433752119541168
sequential,c_mov,0.4,0.3,0.23,0,rrg,64,0.39999998,0.4937861,0.08706939,17,0.59999985,0.2828425,0,1.5223178,1.4354274272918701,1.0908651,0.19999987,15,0.25986894965171814
sequential,c_mov,0.4,0.3,0.24,0,rrg,52,0.5502994,0.4517908,0.07964049,5,0.3833634,0.27107885,1,1.3602985,1.506518006324768,0.8873403,0.19993027,13,0.17607082426548004
sequential,c_mov,0.4,0.3,0.25,0,rrg,76,0.49302724,0.4795743,0.102993004,10,0.31532165,0.23079176,0,1.439517,1.4401586055755615,0.9157314,0.21299744,17,0.2833917737007141
sequential,c_mov,0.4,0.3,0.26,0,rrg,83,0.39056784,0.46014276,0.09928043,20,0.18559025,0.26246423,0,1.6480802,1.4973887205123901,0.4359558,0.31577954,7,0.20260605216026306
sequential,c_mov,0.4,0.3,0.27,0,rrg,13,0.4850732,0.4779578,0.120434314,7,0.29820085,0.21436763,1,1.4971468,1.461795687675476,1.048502,0.19322522,10,0.2049833983182907
sequential,c_mov,0.4,0.3,0.28,0,rrg,44,0.4000962,0.44596276,0.07312913,8,0.4597284,0.08446861,0,1.6461506,1.529784917831421,1.5447179,0.059760362,15,0.17355641722679138
sequential,c_mov,0.4,0.3,0.29,0,rrg,35,0.57504517,0.4392508,0.089156725,2,0.6666667,0.47140452,1,1.1801044,1.5170162916183472,3.5111384e-08,0.47498497,2,0.20927181839942932
sequential,c_mov,0.4,0.3,0.3,0,rrg,88,0.55239433,0.4501432,0.11238575,8,0.3309072,0.24686041,1,1.3726786,1.5191047191619873,0.9694274,0.248372,12,0.22930672764778137
sequential,c_mov,0.4,0.3,0.31,0,rrg,17,0.47184962,0.46433288,0.12005305,9,0.12896971,0.18182008,1,1.4754449,1.484978437423706,0.52351946,0.34287992,9,0.2662501931190491
sequential,c_mov,0.4,0.3,0.32,0,rrg,84,0.49400806,0.42952412,0.084315546,5,0.46666667,0.4109609,0,1.3899384,1.550005555152893,0.54823905,0.36466935,4,0.18569888174533844
sequential,c_mov,0.4,0.3,0.33,0,rrg,43,0.48364702,0.47506657,0.13806392,9,0.2143588,0.16466962,0,1.5246925,1.4571377038955688,1.1527466,0.2692882,10,0.24587801098823547
sequential,c_mov,0.4,0.3,0.34,0,rrg,22,0.39999998,0.46364087,0.106312655,18,0.49077436,0.07160979,0,1.6312656,1.4898579120635986,1.4968204,0.09077441,15,0.22476354241371155
sequential,c_mov,0.4,0.3,0.35,0,rrg,93,0.5004692,0.48006424,0.13078766,7,0.3266813,0.27955967,1,1.4568901,1.4429845809936523,0.95154685,0.29538763,9,0.2668496370315552
sequential,c_mov,0.4,0.3,0.36,0,rrg,11,0.53083354,0.45576048,0.096654266,6,0.46666637,0.41096058,1,1.3330994,1.5083237886428833,0.53082484,0.3769442,4,0.18633544445037842
sequential,c_mov,0.4,0.3,0.37,0,rrg,4,0.4,0.46229705,0.13373555,14,0.4980642,0.12883554,0,1.6213923,1.4597065448760986,1.4742883,0.09806421,17,0.28009727597236633
sequential,c_mov,0.4,0.3,0.38,0,rrg,42,0.56853807,0.48623806,0.113004446,6,0.27536166,0.19490062,1,1.3663608,1.430700421333313,1.0939379,0.29317638,11,0.2803420126438141
sequential,c_mov,0.4,0.3,0.39,0,rrg,69,0.49480605,0.4653875,0.122559555,8,0.4673777,0.41084683,1,1.3871266,1.4630353450775146,0.5445476,0.3642243,8,0.29757457971572876
sequential,c_mov,0.4,0.3,0.4,0,rrg,19,0.39999998,0.44932985,0.15048657,11,0.40365317,0.0051663537,0,1.6257813,1.4860624074935913,1.5109472,0.0036532085,20,0.26306700706481934
sequential,c_mov,0.4,0.3,0.41,0,rrg,77,0.5953231,0.4748723,0.15385641,6,0.26666665,0.1885618,1,1.2953849,1.4412575960159302,1.0232595,0.3286564,11,0.3039974868297577
sequential,c_mov,0.4,0.3,0.42,0,rrg,32,0.42911452,0.41361904,0.12626533,6,0.4907894,0.06487707,1,1.5982088,1.5332961082458496,1.4963812,0.07692131,19,0.2797442376613617
sequential,c_mov,0.4,0.3,0.43,0,rrg,3,0.40262312,0.47417545,0.14087448,13,0.3979485,0.007225559,0,1.65424,1.4180103540420532,1.5966197,0.0065379343,20,0.30793848633766174
sequential,c_mov,0.4,0.3,0.44,0,rrg,78,0.5299528,0.45295572,0.13599497,6,0.14186059,0.20062114,1,1.4156592,1.4803154468536377,0.49000308,0.38809225,6,0.28809162974357605
sequential,c_mov,0.4,0.3,0.45,0,rrg,79,0.40164497,0.43223086,0.107071415,12,0.4590607,0.08179892,0,1.6086209,1.5008395910263062,1.4608232,0.05825336,20,0.27344629168510437
sequential,c_mov,0.4,0.3,0.46,0,rrg,90,0.4646567,0.45252222,0.117156126,8,0.26725256,0.20782015,0,1.5332344,1.46327543258667,1.0644927,0.2254889,13,0.2983851432800293
sequential,c_mov,0.4,0.3,0.47,0,rrg,15,0.4195244,0.47401118,0.12908201,12,0.44777203,0.07929479,0,1.6178129,1.42887544631958,1.530495,0.0647436,19,0.3248901665210724
sequential,c_mov,0.4,0.3,0.48,0,rrg,12,0.34624946,0.42728153,0.11073795,16,0.22148593,0.17026778,0,1.7997181,1.5141674280166626,1.2099947,0.16996376,17,0.30249303579330444
sequential,c_mov,0.4,0.3,0.49,0,rrg,30,0.39938045,0.46309227,0.14748174,14,0.60222244,0.28128433,0,1.5082918,1.4420859813690186,1.0513455,0.202842,14,0.31894394755363464
sequential,c_mov,0.4,0.3,0.5,0,rrg,34,0.386174,0.43670264,0.11874227,12,0.33333334,0.4714045,0,1.5076357,1.49513840675354,1.5156955e-21,0.46205798,3,0.34883806109428406
sequential,c_mov,0.4,0.3,0.51,0,rrg,37,0.40333924,0.43527523,0.13567536,8,0.64895177,0.27872574,0,1.4883218,1.4815164804458618,0.97246844,0.30239412,14,0.33394479751586914
sequential,c_mov,0.4,0.3,0.52,0,rrg,60,0.41126457,0.43382034,0.13482104,8,0.45963192,0.07952434,0,1.5825359,1.4915274381637573,1.432511,0.078125924,19,0.3258087933063507
sequential,c_mov,0.4,0.3,0.53,0,rrg,71,0.2965786,0.472709,0.17785731,17,0.46643087,0.41099933,0,1.6623334,1.3922799825668335,0.5044538,0.36757135,14,0.41101163625717163
sequential,c_mov,0.4,0.3,0.54,0,rrg,45,0.57500243,0.43415937,0.14440636,4,0.1342272,0.18982594,0,1.3246406,1.4970664978027344,0.5245776,0.44077525,3,0.319915235042572
sequential,c_mov,0.4,0.3,0.55,0,rrg,65,0.39999998,0.4561356,0.14108618,10,0.9084237,0.12950835,0,1.3213688,1.413440465927124,0.31642655,0.5084238,1,0.36789244413375854
sequential,c_mov,0.4,0.3,0.56,0,rrg,50,0.26974046,0.39455232,0.12882054,17,0.6666667,0.47140452,0,1.6270001,1.5441391468048096,1.2076151e-14,0.5767532,1,0.34914228320121765
sequential,c_mov,0.4,0.3,0.57,0,rrg,23,0.5521357,0.43392116,0.09971699,3,0.26555917,0.18778357,0,1.3884912,1.4912444353103638,1.056273,0.28657654,14,0.34522801637649536
sequential,c_mov,0.4,0.3,0.58,0,rrg,27,0.52153665,0.4652471,0.1535422,6,0.33333334,0.4714045,0,1.3545575,1.4148499965667725,1.382237e-11,0.50717884,1,0.3647777736186981
sequential,c_mov,0.4,0.3,0.59,0,rrg,91,0.25113994,0.48791915,0.21151349,17,0.4603343,0.41208416,0,1.8021803,1.3845497369766235,0.512852,0.37662086,9,0.38582199811935425
sequential,c_mov,0.4,0.3,0.6,0,rrg,72,0.32762152,0.48467213,0.19684236,17,0.21327138,0.30161127,0,1.7556955,1.364145040512085,0.38720456,0.32247856,17,0.4092976450920105
sequential,c_mov,0.4,0.3,0.61,0,rrg,57,0.4588522,0.41218895,0.16132541,4,0.41388252,0.42602712,0,1.4684706,1.4887163639068604,0.62451327,0.40573487,8,0.39625030755996704
sequential,c_mov,0.4,0.3,0.62,0,rrg,10,0.3392649,0.45709753,0.20774005,15,0.5186937,0.3716171,0,1.6661541,1.447129487991333,1.160334,0.34209576,10,0.34670132398605347
sequential,c_mov,0.4,0.3,0.63,0,rrg,80,0.080704585,0.4904716,0.21265396,20,0.009888214,0.013984047,1,1.7926217,1.341493844985962,0.12068818,0.070816375,20,0.3726392388343811
sequential,c_mov,0.4,0.3,0.64,0,rrg,49,0.9999998,0.47269663,0.20721573,1,0.6666667,0.47140452,1,3.6154204e-06,1.3835680484771729,8.772469e-27,0.3333334,14,0.38266703486442566
sequential,c_mov,0.4,0.3,0.65,0,rrg,82,0.7459345,0.42800957,0.15282127,1,1.3398036e-14,1.8947685e-14,1,0.81541127,1.4779623746871948,7.412469e-13,0.7459345,1,0.3862413167953491
sequential,c_mov,0.4,0.3,0.66,0,rrg,47,0.6013054,0.4186868,0.14294171,3,0.254706,0.18011437,0,1.2696728,1.5102646350860596,0.9626414,0.34659943,14,0.3805343508720398
sequential,c_mov,0.4,0.3,0.67,0,rrg,85,0.49754274,0.42949367,0.16514805,6,0.41774914,0.42449626,0,1.4027511,1.4973030090332031,0.5953175,0.41476512,7,0.36209505796432495
sequential,c_mov,0.4,0.3,0.68,0,rrg,8,0.82580054,0.43283114,0.19421351,1,0.33333334,0.4714045,1,0.6882375,1.4724197387695312,4.716031e-39,0.6086002,2,0.38043421506881714
sequential,c_mov,0.4,0.3,0.69,0,rrg,46,0.35517982,0.43019542,0.17018431,15,0.3336903,0.4711523,1,1.5107743,1.4772870540618896,0.0042130803,0.45136967,8,0.3944178819656372
sequential,c_mov,0.4,0.3,0.7,0,rrg,61,0.59115493,0.43445864,0.17561169,5,0.117747545,0.16652018,0,1.341888,1.4630082845687866,0.59182274,0.4734074,6,0.41099363565444946
sequential,c_mov,0.4,0.3,0.71,0,rrg,18,0.4336837,0.4780714,0.1664504,10,0.44126657,0.41661242,1,1.3676586,1.3891823291778564,0.5903619,0.36996135,13,0.4155232012271881
sequential,c_mov,0.4,0.3,0.72,0,rrg,70,0.10884411,0.391592,0.13965009,20,0.33334777,0.4713943,0,2.0593407,1.5721957683563232,0.00033488046,0.36960027,10,0.36603957414627075
sequential,c_mov,0.4,0.3,0.73,0,rrg,41,0.39984685,0.4386201,0.18511361,9,0.20585977,0.15765902,1,1.7370701,1.4559112787246704,1.1786785,0.19398709,17,0.3936331570148468
sequential,c_mov,0.4,0.3,0.74,0,rrg,51,0.30657148,0.4232905,0.19165356,15,0.4577233,0.4121123,0,1.6710702,1.4574743509292603,0.51504207,0.3555328,15,0.42599669098854065
sequential,c_mov,0.4,0.3,0.75,0,rrg,73,0.35578716,0.43547043,0.18611702,14,0.33333334,0.4714045,0,1.5088489,1.4354500770568848,2.0937609e-20,0.45192906,10,0.42374667525291443
sequential,c_mov,0.4,0.3,0.76,0,rrg,95,0.4228422,0.41531748,0.18801726,7,0.4727931,0.41005743,0,1.4863055,1.4696277379989624,0.53347,0.334821,15,0.41006383299827576
sequential,c_mov,0.4,0.3,0.77,0,rrg,99,0.21026862,0.4485531,0.19037458,19,0.19811018,0.1495517,0,2.0713444,1.4138137102127075,1.1147866,0.12802064,20,0.4310785233974457
sequential,c_mov,0.4,0.3,0.78,0,rrg,87,0.25065276,0.41960937,0.18880248,17,0.20539643,0.2904744,0,1.8201525,1.4409070014953613,0.40763798,0.28894734,17,0.42951327562332153
sequential,c_mov,0.4,0.3,0.79,0,rrg,66,0.65158087,0.42612085,0.1996685,5,0.33333334,0.4714045,0,1.1205194,1.3919910192489624,2.9165491e-24,0.5505269,6,0.4414845407009125
sequential,c_mov,0.4,0.3,0.8,0,rrg,2,0.44396472,0.43330973,0.21226218,7,0.33333334,0.4714045,0,1.4529077,1.365870714187622,9.209186e-35,0.48132157,8,0.44605565071105957
sequential,c_mov,0.4,0.3,0.81,0,rrg,6,0.6583145,0.4398574,0.2311864,5,0.33333334,0.4714045,1,1.0849558,1.3363590240478516,0.0,0.5527715,6,0.4533863961696625
sequential,c_mov,0.4,0.3,0.82,0,rrg,96,0.25293806,0.43076104,0.23613378,15,0.46064427,0.41202477,0,1.7777938,1.3398644924163818,0.47450432,0.3763316,13,0.4515021741390228
sequential,c_mov,0.4,0.3,0.83,0,rrg,97,0.32311785,0.44287243,0.24145558,13,0.33333334,0.4714045,0,1.5858703,1.3045845031738281,3.0787786e-15,0.4410393,11,0.46291598677635193
sequential,c_mov,0.4,0.3,0.84,0,rrg,98,0.36283684,0.45021945,0.24781871,10,0.33333334,0.4714045,0,1.489908,1.2838172912597656,1.9017559e-09,0.45427895,10,0.46523523330688477
sequential,c_mov,0.4,0.3,0.85,0,rrg,56,0.7893619,0.45591772,0.2550247,3,0.33333334,0.4714045,1,0.51480466,1.2697030305862427,5.2160483e-22,0.59645396,4,0.4660571217536926
sequential,c_mov,0.4,0.3,0.86,0,rrg,36,0.36899793,0.4326339,0.24687077,8,0.6666991,0.4713587,0,1.3388029,1.3230540752410889,0.0010834872,0.54363495,5,0.45695456862449646
sequential,c_mov,0.4,0.3,0.87,0,rrg,75,0.37338904,0.43576133,0.25206858,7,2.3885775e-11,3.3779587e-11,1,1.3954424,1.3266699314117432,1.2150101e-09,0.37338904,9,0.44809287786483765
sequential,c_mov,0.4,0.3,0.88,0,rrg,14,0.33892998,0.43984446,0.26018488,8,0.11575601,0.16370372,0,1.660204,1.3239272832870483,0.5340533,0.22873266,10,0.45274022221565247
sequential,c_mov,0.4,0.3,0.89,0,rrg,21,0.25443012,0.4489355,0.27001423,8,0.6666667,0.47140452,0,1.6982787,1.2908066511154175,6.976895e-11,0.58185667,4,0.48201581835746765
sequential,c_mov,0.4,0.3,0.9,0,rrg,53,0.8049891,0.4684597,0.2760371,2,0.33333334,0.4714045,1,0.49340943,1.2474693059921265,1.0074453e-10,0.60166305,3,0.47283849120140076
sequential,c_mov,0.4,0.3,0.91,0,rrg,86,0.41616717,0.43101245,0.26587895,4,0.33333334,0.4714045,0,1.500095,1.3312321901321411,3.4133495e-24,0.47205576,5,0.45854365825653076
sequential,c_mov,0.4,0.3,0.92,0,rrg,55,0.15353383,0.4265147,0.27641216,7,0.12473797,0.17640613,0,1.9555887,1.3225464820861816,0.4854778,0.17591591,7,0.45057523250579834
sequential,c_mov,0.4,0.3,0.93,0,rrg,24,0.10602671,0.47759786,0.27014866,7,5.822235e-16,8.233876e-16,0,1.5617131,1.132642388343811,8.4872545e-14,0.10602671,7,0.4889504611492157
sequential,c_mov,0.4,0.3,0.94,0,rrg,25,0.4775953,0.5392636,0.24115184,4,0.66745925,0.4702836,0,0.6976207,1.0568950176239014,0.03069772,0.5066756,3,0.5530521869659424
sequential,c_mov,0.4,0.3,0.95,0,rrg,26,0.6348793,0.55150473,0.26240632,2,1.6538585e-36,0.0,0,1.0844153,1.1289047002792358,2.9037417e-34,0.6348793,2,0.5622352361679077
sequential,c_mov,0.4,0.3,0.96,0,rrg,59,0.9999989,0.5306609,0.2896532,1,0.17708337,0.2504337,1,1.770801e-05,1.1400272846221924,0.4136022,0.82291555,1,0.5440741777420044
sequential,c_mov,0.4,0.3,0.97,0,rrg,29,0.53125,0.3742149,0.118169,1,0.66666657,0.47140446,0,1.2408067,1.5200304985046387,1.5932163e-06,0.48958325,1,0.45112714171409607
sequential,c_mov,0.4,0.3,0.98,0,rrg,62,0.34520343,0.29569727,0.049506143,1,0.33333334,0.4714045,0,1.5357059,1.659641981124878,4.971686e-08,0.44840112,1,0.4318990707397461
sequential,c_mov,0.4,0.3,0.99,0,rrg,63,0.2461913,0.2461913,0.0,1,0.33333334,0.4714045,0,1.7835783,1.7835782766342163,5.8146975e-22,0.41539708,1,0.4153970777988434
sequential,ov,0.05,0.3,0.0,1,rrg,10,0.04985791,0.04985791,0.0,1,0.04985791,0.0,1,2.7788618,2.7788617610931396,2.7788618,0.0,1,0.0
sequential,ov,0.05,0.3,0.01,1,rrg,78,0.049999874,0.04999996,4.1981888e-08,20,0.049999934,9.125061e-09,0,2.6540458,2.600368022918701,2.6342785,6.208817e-08,4,0.015829503536224365
sequential,ov,0.05,0.3,0.02,1,rrg,59,0.050000012,0.06220901,0.026055716,14,0.050000012,1.6935395e-08,1,2.5999532,2.53912353515625,2.5924149,1.4901161e-08,19,0.023505061864852905
sequential,ov,0.05,0.3,0.03,1,rrg,0,0.052771434,0.055884995,0.01084737,8,0.056506116,0.0092010815,1,2.5229495,2.530264377593994,2.5114708,0.00742997,8,0.023479152470827103
sequential,ov,0.05,0.3,0.04,1,rrg,90,0.050000023,0.053081192,0.009460898,5,0.05182242,0.0012897536,0,2.5684853,2.450301170349121,2.5604506,0.0018224058,7,0.03667256981134415
sequential,ov,0.05,0.3,0.05,1,rrg,72,0.065877266,0.052997213,0.0071339677,3,0.3805717,0.43818605,1,1.7870954,2.412468671798706,1.3506981,0.32229155,1,0.03584384545683861
sequential,ov,0.05,0.3,0.06,1,rrg,22,0.051115602,0.048211344,0.013228017,10,0.053043593,0.002113415,0,2.5516384,2.41975474357605,2.5391505,0.0022634107,11,0.02219751849770546
sequential,ov,0.05,0.3,0.07,1,rrg,55,0.050212327,0.05297329,0.021046033,12,0.36865923,0.4464262,0,1.9268953,2.3822875022888184,1.4613832,0.31844687,1,0.05881901830434799
sequential,ov,0.05,0.3,0.08,1,rrg,80,0.038091514,0.047456894,0.020133263,15,0.0354874,0.016652495,0,2.5864177,2.324610471725464,2.5066757,0.013778332,13,0.09038161486387253
sequential,ov,0.05,0.3,0.09,1,rrg,74,0.053001486,0.043996245,0.012926619,3,0.053775948,0.001607658,0,2.5496137,2.4060018062591553,2.5411265,0.0016923373,15,0.055839359760284424
sequential,ov,0.05,0.3,0.1,1,rrg,82,0.04769687,0.04057447,0.01944592,8,0.35652816,0.45500436,0,1.9211204,2.4036691188812256,1.5293328,0.32603744,2,0.04810427501797676
sequential,ov,0.05,0.3,0.11,1,rrg,26,0.051161326,0.047527365,0.017952465,10,0.04917976,0.0073233247,0,2.6572149,2.388442039489746,2.6339931,0.0060148686,15,0.06170175224542618
sequential,ov,0.05,0.3,0.12,1,rrg,19,0.037960235,0.03679931,0.01974537,10,0.04254433,0.020630842,0,2.5149088,2.320702075958252,2.4489377,0.02096113,8,0.04913138598203659
sequential,ov,0.05,0.3,0.13,1,rrg,57,0.068989255,0.06527578,0.039596327,8,0.08016025,0.049636804,0,2.2783866,2.3969125747680664,2.2017162,0.04238883,5,0.02875327132642269
sequential,ov,0.05,0.3,0.14,1,rrg,85,0.006801287,0.03262009,0.025566546,18,0.008708259,0.008084012,0,2.1311626,2.35477614402771,1.508696,0.0065437276,17,0.03711690381169319
sequential,ov,0.05,0.3,0.15,1,rrg,2,0.0021989872,0.05628133,0.042671584,19,0.012848367,0.018170336,0,2.0442126,2.2814834117889404,0.8059415,0.013581363,18,0.07223735749721527
sequential,ov,0.05,0.3,0.16,1,rrg,21,0.15147975,0.057491772,0.035828095,1,0.09641233,0.0825946,1,2.168113,2.3538458347320557,1.4885569,0.08856512,2,0.04087642580270767
sequential,ov,0.05,0.3,0.17,1,rrg,33,0.04490415,0.049178265,0.02489373,12,0.042474136,0.0089963265,0,2.4247553,2.3392863273620605,2.4185135,0.008950627,19,0.034341152757406235
sequential,ov,0.05,0.3,0.18,1,rrg,39,0.006443025,0.035707437,0.022808874,20,0.00810289,0.005663784,0,2.3531427,2.2278518676757812,2.3062475,0.0047832294,20,0.0802006870508194
sequential,ov,0.05,0.3,0.19,1,rrg,36,0.066191986,0.034209188,0.019242126,1,0.36444736,0.44942626,0,1.6693779,2.2117369174957275,1.3763957,0.32428333,2,0.0500158965587616
sequential,ov,0.05,0.3,0.2,1,rrg,81,0.065306924,0.037444107,0.025099779,3,0.04208167,0.02989366,0,2.1456494,2.273775100708008,1.5631409,0.024106732,4,0.0481131449341774
sequential,ov,0.05,0.3,0.21,1,rrg,28,0.023938179,0.039766178,0.022798805,15,0.34304693,0.46456504,0,2.2080362,2.1994917392730713,1.5643187,0.3315991,2,0.0946684256196022
sequential,ov,0.05,0.3,0.22,1,rrg,3,0.036354646,0.028171027,0.020789787,8,0.03899232,0.021751128,0,2.5217826,2.135838031768799,2.4209092,0.020793213,7,0.04762289673089981
sequential,ov,0.05,0.3,0.23,1,rrg,46,0.020790037,0.033471152,0.024309367,12,0.025028788,0.026898952,0,2.4410732,2.250730037689209,2.2645912,0.023787497,6,0.03355226293206215
sequential,ov,0.05,0.3,0.24,1,rrg,60,0.016631903,0.024402808,0.01913124,11,0.027825147,0.033246696,0,2.3713424,2.146334648132324,1.618466,0.027425826,5,0.047164905816316605
sequential,ov,0.05,0.3,0.25,1,rrg,7,0.051249105,0.027467117,0.01974075,3,0.34648547,0.4623852,0,0.9540023,2.1965584754943848,0.6427989,0.3372642,1,0.02989955246448517
sequential,ov,0.05,0.3,0.26,1,rrg,83,0.026000097,0.024535403,0.01930218,10,0.022399575,0.011679979,0,2.7243142,2.1159849166870117,2.6369984,0.01216714,13,0.031934771686792374
sequential,ov,0.05,0.3,0.27,1,rrg,66,0.102079675,0.02451175,0.025498465,1,0.06785264,0.014444501,0,2.133414,2.1194589138031006,2.0728638,0.03422704,5,0.07690012454986572
sequential,ov,0.05,0.3,0.28,1,rrg,49,0.059403718,0.023914926,0.019253418,1,0.021315644,0.030144876,0,1.3233508,2.0768001079559326,0.7199363,0.041116882,1,0.016492675989866257
sequential,ov,0.05,0.3,0.29,1,rrg,25,0.006030177,0.019220242,0.016954089,15,0.0065433583,0.0049475683,0,2.274405,2.1778323650360107,2.2523558,0.004184929,17,0.013432607054710388
sequential,ov,0.05,0.3,0.3,1,rrg,99,0.036653467,0.020811643,0.01744082,7,0.032300364,0.023736538,1,1.4431546,2.1206765174865723,1.2931768,0.020082543,7,0.04610293358564377
sequential,ov,0.05,0.3,0.31,1,rrg,29,0.018763864,0.020862855,0.017768146,10,0.01581859,0.015161546,0,2.0864286,2.1304728984832764,1.4350305,0.014611599,7,0.026848141103982925
sequential,ov,0.05,0.3,0.32,1,rrg,97,0.001520335,0.02398296,0.01940905,18,0.0037907336,0.0038966474,0,2.4038641,2.073772430419922,1.5337721,0.0032839552,16,0.07500865310430527
sequential,ov,0.05,0.3,0.33,1,rrg,65,0.0005764705,0.01585026,0.016301302,18,0.0004601054,0.000334754,0,1.8851227,2.0345981121063232,1.3621553,0.00026794858,19,0.05818191170692444
sequential,ov,0.05,0.3,0.34,1,rrg,6,0.023925355,0.024737969,0.017547976,12,0.34739745,0.46178102,0,1.9898314,2.0903470516204834,0.70457536,0.33942232,3,0.1102742925286293
sequential,ov,0.05,0.3,0.35,1,rrg,67,0.025196983,0.023385143,0.018202832,11,0.027570223,0.0200012,0,2.0955238,2.105590343475342,1.487563,0.019171229,8,0.014437636360526085
sequential,ov,0.05,0.3,0.36,1,rrg,89,0.0025169624,0.017979551,0.01650787,17,0.00861836,0.011210386,0,2.194591,2.0466554164886475,1.4383804,0.008521638,16,0.030229931697249413
sequential,ov,0.05,0.3,0.37,1,rrg,18,0.042503808,0.016081296,0.0141166635,1,0.031332266,0.018882047,0,2.3078287,1.9950307607650757,2.1306317,0.019613177,5,0.029440972954034805
sequential,ov,0.05,0.3,0.38,1,rrg,16,0.019077266,0.018410815,0.0128577985,9,0.33743247,0.4685067,0,2.1485517,1.944366455078125,1.5142714,0.3355933,3,0.09404729306697845
sequential,ov,0.05,0.3,0.39,1,rrg,47,0.035793304,0.012220794,0.015644075,3,0.028320907,0.016870992,0,2.4566157,1.9897487163543701,2.322731,0.018043194,6,0.04253231734037399
sequential,ov,0.05,0.3,0.4,1,rrg,20,0.00085224013,0.0109319445,0.013632013,16,0.0026040378,0.0036826646,0,2.0797079,1.9251165390014648,0.7464084,0.002888117,13,0.07124775648117065
sequential,ov,0.05,0.3,0.41,1,rrg,45,0.00342548,0.00881015,0.008775052,13,0.0037868985,0.0036135898,0,1.7045953,1.9171693325042725,1.0938622,0.0031230266,12,0.039299655705690384
sequential,ov,0.05,0.3,0.42,1,rrg,84,0.009016268,0.01465718,0.018267604,8,0.025506543,0.02574346,0,2.2621698,1.9343723058700562,1.4443256,0.02250112,5,0.027102243155241013
sequential,ov,0.05,0.3,0.43,1,rrg,42,0.008313571,0.015358885,0.013906984,12,0.0073028323,0.010327765,0,1.6596514,1.896472692489624,0.7237985,0.010074023,9,0.04188213497400284
sequential,ov,0.05,0.3,0.44,1,rrg,76,0.027774239,0.011799726,0.01541124,3,0.019879915,0.010190268,0,2.3084052,1.9181430339813232,2.0589783,0.008195494,9,0.024631427600979805
sequential,ov,0.05,0.3,0.45,1,rrg,70,0.020557392,0.010596709,0.013700069,4,0.00958906,0.0029597348,1,2.1848037,1.8149139881134033,2.0755427,0.010968332,8,0.056912414729595184
sequential,ov,0.05,0.3,0.46,1,rrg,32,0.03604503,0.011142863,0.011083984,2,0.34583732,0.4626392,0,1.9025989,1.8686202764511108,1.3621536,0.33284438,5,0.09063149243593216
sequential,ov,0.05,0.3,0.47,1,rrg,4,0.0007660988,0.00874051,0.010641019,17,0.0013114908,0.0018547281,0,1.6764258,1.7941681146621704,0.6593154,0.0015668571,15,0.1036219373345375
sequential,ov,0.05,0.3,0.48,1,rrg,95,0.0027412155,0.0068166098,0.007578398,12,0.0014780476,0.002090275,0,1.4992683,1.9310176372528076,0.56491125,0.002391786,11,0.07147767394781113
sequential,ov,0.05,0.3,0.49,1,rrg,12,0.0031939896,0.0126478225,0.0141953165,11,0.0034313372,0.0048526437,0,2.0073507,1.8115520477294922,0.7107785,0.0044960002,12,0.05860912799835205
sequential,ov,0.05,0.3,0.5,1,rrg,50,5.4623238e-06,0.0117804725,0.013586331,20,8.562794e-06,7.1882264e-06,0,2.0651414,1.9026107788085938,1.4112091,6.74202e-06,19,0.07290694862604141
sequential,ov,0.05,0.3,0.51,1,rrg,40,0.00080336444,0.009256644,0.01150292,15,0.0037870791,0.0053103045,0,2.1201482,1.8431123495101929,1.3880348,0.00401197,11,0.087360680103302
sequential,ov,0.05,0.3,0.52,1,rrg,63,0.00018969519,0.011292015,0.013012007,15,0.00041426453,0.00058585854,0,2.0767195,1.7932672500610352,0.65631336,0.00047749627,14,0.12122315168380737
sequential,ov,0.05,0.3,0.53,1,rrg,88,0.03824791,0.012285013,0.012579571,1,0.016881095,0.023873473,0,1.8518026,1.8420255184173584,0.58533937,0.029630398,6,0.07582055032253265
sequential,ov,0.05,0.3,0.54,1,rrg,75,0.008385598,0.012057678,0.015884878,8,0.013524704,0.009742789,0,2.0602503,1.8325979709625244,1.1755332,0.010729504,9,0.07390539348125458
sequential,ov,0.05,0.3,0.55,1,rrg,51,0.0029528444,0.009564472,0.0112604685,12,0.008314704,0.0100018205,0,2.104221,1.7959293127059937,1.3571056,0.007590808,9,0.11976935714483261
sequential,ov,0.05,0.3,0.56,1,rrg,71,0.0059375833,0.008405763,0.013388828,7,0.0003260872,0.00045471377,0,2.4269812,1.888776421546936,0.7272437,0.005611496,9,0.05682454630732536
sequential,ov,0.05,0.3,0.57,1,rrg,92,0.010445811,0.010256645,0.015220514,5,0.006926479,0.00979552,0,2.0916524,1.7875522375106812,0.71011466,0.010408415,9,0.08833373337984085
sequential,ov,0.05,0.3,0.58,1,rrg,68,0.001585213,0.008083309,0.012152858,13,0.0011860555,0.0011727227,0,1.8416461,1.82109797000885,1.2539784,0.0011976898,15,0.05712936446070671
sequential,ov,0.05,0.3,0.59,1,rrg,87,0.022189384,0.005669913,0.0085189985,2,0.33333334,0.4714045,0,1.5530748,1.9494965076446533,0.0,0.3407298,1,0.08744366466999054
sequential,ov,0.05,0.3,0.6,1,rrg,5,0.0010077186,0.00915961,0.012042491,13,0.0020777832,0.0027476,0,2.1677434,1.8123838901519775,1.2859716,0.0022316407,13,0.08884459733963013
sequential,ov,0.05,0.3,0.61,1,rrg,34,0.025916316,0.0074774646,0.010386388,3,0.0042830477,0.0060571437,0,1.5651817,1.7733274698257446,0.6138042,0.021633267,4,0.03978080302476883
sequential,ov,0.05,0.3,0.62,1,rrg,13,1.7636153e-06,0.007929532,0.010836092,20,6.289368e-20,8.89451e-20,0,2.2549028,1.8481229543685913,3.1949261e-13,1.7636153e-06,20,0.1043325886130333
sequential,ov,0.05,0.3,0.63,1,rrg,61,0.023839712,0.008830229,0.012550457,3,0.3441292,0.46395913,0,1.6805915,1.7211122512817383,0.596384,0.33618262,2,0.0898115485906601
sequential,ov,0.05,0.3,0.64,1,rrg,52,0.052157685,0.008591883,0.01355975,1,0.0103547275,0.014643796,0,1.6429119,1.8054901361465454,0.47830427,0.041802958,4,0.057341318577528
sequential,ov,0.05,0.3,0.65,1,rrg,96,0.0058110086,0.0070044533,0.008063373,9,0.006386479,0.005031747,0,2.0367942,1.7837337255477905,1.4270691,0.004449476,10,0.0869467705488205
sequential,ov,0.05,0.3,0.66,1,rrg,15,0.0054237493,0.0050318968,0.007607792,6,0.005145515,0.0036848278,0,1.7856377,1.6778761148452759,0.8129913,0.0033375986,9,0.0852692723274231
sequential,ov,0.05,0.3,0.67,1,rrg,69,0.00045023795,0.0033794488,0.0036267065,14,0.0007116611,0.0009038946,0,2.0600426,1.7128751277923584,1.3116432,0.00076315604,14,0.06971798837184906
sequential,ov,0.05,0.3,0.68,1,rrg,31,0.004608075,0.0040470096,0.005100808,6,0.011183667,0.015815243,0,1.9931345,1.7195600271224976,0.5203027,0.012718889,6,0.07056080549955368
sequential,ov,0.05,0.3,0.69,1,rrg,23,0.019369312,0.004084049,0.004904657,1,0.0010209802,0.0011620693,0,1.4620515,1.6372636556625366,1.0986041,0.01834833,5,0.07028859108686447
sequential,ov,0.05,0.3,0.7,1,rrg,53,0.0072557097,0.0034313102,0.005402745,4,0.0006460717,0.0009136794,0,1.0236397,1.747571587562561,0.33654973,0.0066096378,5,0.06825610995292664
sequential,ov,0.05,0.3,0.71,1,rrg,30,6.658897e-05,0.0036718673,0.004201632,18,0.0001109159,0.00014316542,0,2.2339313,1.7140229940414429,1.91507,0.00012011643,18,0.0692020058631897
sequential,ov,0.05,0.3,0.72,1,rrg,43,0.004807558,0.004254881,0.0057845563,6,0.0042016073,0.0059419707,0,1.5641581,1.628467321395874,0.5741641,0.0058041266,7,0.08528302609920502
sequential,ov,0.05,0.3,0.73,1,rrg,64,0.011506215,0.004612622,0.007057079,3,0.33333334,0.4714045,0,1.3591266,1.5305842161178589,2.7749982e-09,0.33716872,2,0.10194505751132965
sequential,ov,0.05,0.3,0.74,1,rrg,27,0.00047373847,0.0043731155,0.007098989,13,1.0253044e-07,1.449982e-07,0,0.66374815,1.5536181926727295,9.227908e-05,0.00047363597,14,0.08544333279132843
sequential,ov,0.05,0.3,0.75,1,rrg,58,1.4155263e-05,0.0037000242,0.006892393,19,4.3017892e-13,6.0836487e-13,0,1.5635859,1.6470022201538086,1.9801186e-08,1.4155263e-05,19,0.06856109201908112
sequential,ov,0.05,0.3,0.76,1,rrg,35,0.01150548,0.0035074041,0.0055084745,2,0.33333334,0.4714045,0,1.359783,1.6813758611679077,3.538012e-23,0.33716848,2,0.08456896990537643
sequential,ov,0.05,0.3,0.77,1,rrg,14,7.6815795e-06,0.004289825,0.0068589537,19,4.633503e-11,6.552762e-11,0,1.2960008,1.625016212463379,9.916165e-06,7.681533e-06,19,0.08560400456190109
sequential,ov,0.05,0.3,0.78,1,rrg,93,5.8585945e-05,0.004224353,0.006883927,19,0.0,0.0,0,1.8019876,1.619472861289978,0.0,5.858594e-05,19,0.08553192019462585
sequential,ov,0.05,0.3,0.79,1,rrg,17,0.0001618337,0.0042266566,0.0068825046,15,0.00049935246,0.00070619106,0,1.4246086,1.637940764427185,0.6193257,0.00055329705,14,0.08547671139240265
sequential,ov,0.05,0.3,0.8,1,rrg,1,0.0018804731,0.0043065054,0.006846998,10,2.1071414e-13,2.9795787e-13,0,1.0731753,1.6493985652923584,2.0598905e-10,0.0018804731,10,0.08559626340866089
sequential,ov,0.05,0.3,0.81,1,rrg,8,0.00067304826,0.0044224206,0.0070079495,12,0.000382498,0.00054093386,0,1.5543702,1.6802350282669067,0.5714572,0.0006068474,13,0.08999583125114441
sequential,ov,0.05,0.3,0.82,1,rrg,98,0.00027784306,0.0045825723,0.00716887,13,2.451037e-15,3.4662058e-15,0,2.2004871,1.6903305053710938,1.1028482e-12,0.00027784306,12,0.094925157725811
sequential,ov,0.05,0.3,0.83,1,rrg,37,6.955054e-07,0.004830279,0.0073016775,17,2.5431713e-17,3.596587e-17,0,1.7474849,1.6602022647857666,4.2432283e-11,6.955054e-07,17,0.10048835724592209
sequential,ov,0.05,0.3,0.84,1,rrg,38,0.0043284437,0.0051319594,0.0074229515,5,0.00017070676,0.0002414158,0,0.7130255,1.6546326875686646,0.65338176,0.004157737,7,0.10676874220371246
sequential,ov,0.05,0.3,0.85,1,rrg,9,0.007966814,0.0051729907,0.007671224,3,0.33333334,0.4714045,0,2.1048985,1.7146480083465576,0.0,0.3359889,2,0.1135188415646553
sequential,ov,0.05,0.3,0.86,1,rrg,41,0.0001231065,0.004964196,0.00790829,12,1.4983047e-31,0.0,0,1.4027818,1.6835243701934814,4.139142e-27,0.0001231065,12,0.0976233258843422
sequential,ov,0.05,0.3,0.87,1,rrg,73,8.652838e-05,0.0053436277,0.008085604,12,4.595e-42,0.0,0,1.9793415,1.6948320865631104,8.353905e-37,8.652839e-05,12,0.10512174665927887
sequential,ov,0.05,0.3,0.88,1,rrg,11,0.023924196,0.005807303,0.008267295,1,2.3146557e-18,3.2734173e-18,0,0.112960495,1.6571670770645142,1.6069335e-14,0.023924196,4,0.11389683932065964
sequential,ov,0.05,0.3,0.89,1,rrg,44,0.00015851117,0.0041805506,0.0064926026,9,3.1478052e-08,4.4516685e-08,0,1.8541055,1.7924907207489014,4.0406496e-05,0.00015847968,9,0.12210054695606232
sequential,ov,0.05,0.3,0.9,1,rrg,77,0.0025193477,0.004602682,0.006688158,5,0.0028452214,0.004023751,0,1.1974413,1.7829376459121704,0.5968281,0.003685004,5,0.1343199908733368
sequential,ov,0.05,0.3,0.91,1,rrg,79,0.00018206667,0.0045737624,0.0069123437,7,1.4849425e-13,2.1000259e-13,0,1.769908,1.8530824184417725,4.094592e-09,0.00018206665,7,0.14866238832473755
sequential,ov,0.05,0.3,0.92,1,rrg,48,0.023240086,0.0048509925,0.0071396558,1,0.6666667,0.47140452,0,1.8204154,1.8657805919647217,1.4475551e-21,0.65892,1,0.16695617139339447
sequential,ov,0.05,0.3,0.93,1,rrg,54,0.0022702394,0.0021483006,0.001674631,4,1.3247e-40,0.0,0,1.7027886,1.870658040046692,3.452371e-36,0.0022702394,4,0.09660067409276962
sequential,ov,0.05,0.3,0.94,1,rrg,86,0.0008462722,0.0021111008,0.0017958705,4,8.822377e-19,1.2476723e-18,0,1.9976896,1.8986568450927734,1.0177002e-13,0.00084627216,4,0.1123056411743164
sequential,ov,0.05,0.3,0.95,1,rrg,24,0.00014653473,0.0023607453,0.001865376,4,1.4275172e-37,0.0,0,1.3603181,1.8788493871688843,9.3716816e-33,0.00014653473,4,0.13459421694278717
sequential,ov,0.05,0.3,0.96,1,rrg,56,0.0040769065,0.0029136727,0.0016783668,2,0.33333334,0.4714045,0,1.8245902,2.0084445476531982,6.6183216e-34,0.33469233,2,0.16820549964904785
sequential,ov,0.05,0.3,0.97,1,rrg,94,5.9884704e-05,0.0025258008,0.0017760331,3,0.0,0.0,0,2.2078671,2.0697293281555176,0.0,5.98847e-05,3,0.11270976066589355
sequential,ov,0.05,0.3,0.98,1,rrg,91,0.0041721454,0.003758735,0.00041341037,1,0.33333334,0.4714045,0,2.1417863,2.0006604194641113,0.0,0.33472404,1,0.1690346747636795
sequential,ov,0.05,0.3,0.99,1,rrg,62,0.0033453158,0.0033453158,0.0,1,1.3764297e-12,1.9465653e-12,0,1.8595346,1.8595346212387085,7.3864395e-09,0.0033453156,1,0.0033453155774623156
sequential,mov,0.05,0.3,0.0,1,rrg,20,0.04985791,0.04985791,0.0,1,0.04985791,0.0,0,2.7788618,2.7788617610931396,2.7788618,0.0,1,0.0
sequential,mov,0.05,0.3,0.01,1,rrg,14,0.050072715,0.045450754,0.013158129,15,0.048224103,0.003948471,0,2.714026,2.673689365386963,2.7086353,0.003106163,7,0.0036798473447561264
sequential,mov,0.05,0.3,0.02,1,rrg,41,0.05034656,0.044926293,0.007898172,7,0.050660912,0.00053046236,0,2.7090995,2.741879940032959,2.7129421,0.00046302626,19,0.0066206008195877075
sequential,mov,0.05,0.3,0.03,1,rrg,12,0.040855084,0.0287483,0.016116863,7,0.039521154,0.008170762,0,2.7718897,2.70560359954834,2.7689245,0.0071262033,15,0.010304557159543037
sequential,mov,0.05,0.3,0.04,1,rrg,60,0.04928509,0.035015155,0.016780028,6,0.047468662,0.011893524,0,2.7861588,2.7347571849823,2.778591,0.010582588,13,0.01193062774837017
sequential,mov,0.05,0.3,0.05,1,rrg,5,0.032860648,0.035804946,0.022985615,11,0.03595026,0.020324185,0,2.7312129,2.69572377204895,2.6647131,0.018928045,4,0.014837158843874931
sequential,mov,0.05,0.3,0.06,1,rrg,22,0.05903736,0.046580378,0.024572574,8,0.052081343,0.026796028,0,2.7240336,2.7272486686706543,2.633795,0.022165904,4,0.015174562111496925
sequential,mov,0.05,0.3,0.07,1,rrg,44,0.09805289,0.047196656,0.026228124,1,0.06977051,0.0038884075,0,2.8043025,2.6997504234313965,2.8031666,0.028282389,2,0.022112321108579636
sequential,mov,0.05,0.3,0.08,1,rrg,2,0.024812197,0.03689007,0.024104027,12,0.040434316,0.028616928,0,2.342065,2.6134276390075684,1.7558776,0.032163583,2,0.0178266279399395
sequential,mov,0.05,0.3,0.09,1,rrg,33,0.041574672,0.04654992,0.03018242,10,0.056577742,0.05180853,0,2.7008517,2.6455681324005127,2.607428,0.043531667,1,0.022324489429593086
sequential,mov,0.05,0.3,0.1,1,rrg,82,0.11048093,0.048821054,0.035699986,1,0.07562614,0.020320544,0,2.6876452,2.592787265777588,2.6710978,0.03485478,2,0.019062332808971405
sequential,mov,0.05,0.3,0.11,1,rrg,0,0.4585722,0.05650274,0.09614557,1,0.031263564,0.028787699,1,1.704013,2.5128371715545654,1.5733875,0.42730865,1,0.040400050580501556
sequential,mov,0.05,0.3,0.12,1,rrg,81,0.10290163,0.031230843,0.02440654,1,0.09039714,0.029721463,0,2.6624217,2.5139713287353516,2.655352,0.023885116,3,0.03020077385008335
sequential,mov,0.05,0.3,0.13,1,rrg,71,0.061563082,0.0347035,0.034475055,5,0.017393028,0.013047995,0,1.9934684,2.4487903118133545,1.5711455,0.04417005,4,0.023131050169467926
sequential,mov,0.05,0.3,0.14,1,rrg,62,0.056633294,0.032968212,0.023434931,3,0.050644964,0.026423778,0,2.6849358,2.475944995880127,2.6207583,0.021698663,7,0.02182239480316639
sequential,mov,0.05,0.3,0.15,1,rrg,90,0.17280188,0.039210048,0.038256317,1,0.0843244,0.041568354,0,2.4318392,2.543727397918701,2.3466341,0.088477485,1,0.022826356813311577
sequential,mov,0.05,0.3,0.16,1,rrg,10,0.17828575,0.044432886,0.0434473,1,0.11353465,0.046889346,1,2.3806007,2.2759625911712646,2.3380306,0.0647511,2,0.04114150628447533
sequential,mov,0.05,0.3,0.17,1,rrg,57,0.07381476,0.035592645,0.029169375,4,0.076379605,0.020743618,0,2.6668591,2.3695945739746094,2.6527987,0.01978317,7,0.03462556377053261
sequential,mov,0.05,0.3,0.18,1,rrg,31,0.050775032,0.035395578,0.057101697,4,0.042764798,0.011541033,0,2.2477589,2.215740919113159,2.1599205,0.012140424,15,0.05686245486140251
sequential,mov,0.05,0.3,0.19,1,rrg,27,0.0716119,0.051050145,0.06030577,7,0.068158954,0.05904155,0,2.5565822,2.2827811241149902,2.4014204,0.055024177,6,0.05091230943799019
sequential,mov,0.05,0.3,0.2,1,rrg,87,0.101146355,0.021091744,0.027375512,1,0.057710484,0.041113943,0,2.2939985,2.3023476600646973,1.7107531,0.04343587,3,0.019065149128437042
sequential,mov,0.05,0.3,0.21,1,rrg,59,0.3265348,0.038833257,0.07034765,1,0.07392388,0.06225792,1,1.9719162,2.1984829902648926,1.6621853,0.25261092,3,0.06551115214824677
sequential,mov,0.05,0.3,0.22,1,rrg,88,0.081669345,0.03335112,0.04075591,4,0.06717553,0.041548774,0,2.4919584,2.203958749771118,2.3465803,0.0365922,8,0.03782063350081444
sequential,mov,0.05,0.3,0.23,1,rrg,53,0.058645774,0.027977362,0.039433293,2,0.076931,0.10879687,0,1.6764746,2.1974611282348633,0.6872328,0.096479595,5,0.08564458042383194
sequential,mov,0.05,0.3,0.24,1,rrg,28,0.043808006,0.01802982,0.023590364,3,0.35013756,0.45954403,0,1.9986305,2.194140911102295,1.6012188,0.33113176,1,0.02946978248655796
sequential,mov,0.05,0.3,0.25,1,rrg,52,0.14088222,0.02956747,0.041689698,1,0.060085014,0.08497279,0,2.0172687,2.0429656505584717,0.76426977,0.10704551,3,0.05252271890640259
sequential,mov,0.05,0.3,0.26,1,rrg,23,0.12552519,0.046371367,0.055291355,4,0.08911189,0.07403873,0,2.67617,2.0787949562072754,2.598942,0.08193788,7,0.0794365257024765
sequential,mov,0.05,0.3,0.27,1,rrg,21,0.24666166,0.036102436,0.064330384,1,0.16924937,0.20489028,1,2.0159316,2.0321879386901855,1.2521535,0.218008,3,0.05599968507885933
sequential,mov,0.05,0.3,0.28,1,rrg,32,0.03446788,0.01498987,0.013275225,2,0.34452593,0.46369284,0,1.4094999,2.086254835128784,0.63857573,0.33363006,2,0.06292957067489624
sequential,mov,0.05,0.3,0.29,1,rrg,19,0.025579486,0.012104791,0.010449306,3,0.019782536,0.022630034,0,1.5565157,2.040452241897583,0.854834,0.023051053,4,0.026909712702035904
sequential,mov,0.05,0.3,0.3,1,rrg,11,0.033240046,0.019899743,0.031533625,4,0.012361859,0.009896996,0,1.7392147,2.0330772399902344,1.1952435,0.020878188,4,0.0264588650316
sequential,mov,0.05,0.3,0.31,1,rrg,7,0.03420726,0.016904818,0.03345897,2,0.33334413,0.4713969,0,0.804602,1.9331152439117432,0.002678398,0.34472492,1,0.06275062263011932
sequential,mov,0.05,0.3,0.32,1,rrg,54,0.021233998,0.013453305,0.028697675,2,0.015398052,0.007335849,0,2.34393,2.0747742652893066,2.1199377,0.008581146,9,0.02428366430103779
sequential,mov,0.05,0.3,0.33,1,rrg,24,0.0014910662,0.0123962965,0.016951963,18,0.006044349,0.008548001,0,1.9418111,2.0549745559692383,0.8226788,0.0065413713,10,0.04390333592891693
sequential,mov,0.05,0.3,0.34,1,rrg,43,0.008028416,0.016128251,0.030208405,9,0.012800895,0.018103128,0,1.401873,2.0069475173950195,0.6662733,0.015476967,5,0.026344770565629005
sequential,mov,0.05,0.3,0.35,1,rrg,48,0.028864926,0.010381622,0.009577914,2,0.37886307,0.4427358,0,1.9467217,2.012974739074707,0.32587892,0.3692414,1,0.058459389954805374
sequential,mov,0.05,0.3,0.36,1,rrg,84,0.022510493,0.010987576,0.0077528753,3,0.0051413197,0.0072709243,0,2.054159,2.045048475265503,0.7228849,0.017369173,4,0.040645454078912735
sequential,mov,0.05,0.3,0.37,1,rrg,66,0.026934287,0.014749765,0.028621202,2,0.013071425,0.013537236,0,2.1621242,1.964059829711914,1.5936457,0.017053807,2,0.010823162272572517
sequential,mov,0.05,0.3,0.38,1,rrg,64,0.016480744,0.009564826,0.00719012,5,0.3376063,0.4683852,0,2.2495403,2.0145158767700195,1.466101,0.33455396,3,0.055988747626543045
sequential,mov,0.05,0.3,0.39,1,rrg,1,0.014307387,0.00798124,0.008838476,2,0.0052848347,0.004801115,0,1.7987607,2.0870985984802246,1.3067011,0.0090225525,4,0.007934880442917347
sequential,mov,0.05,0.3,0.4,1,rrg,45,0.009093126,0.006505984,0.0052222763,4,0.0071184933,0.0030300803,0,2.2885215,2.1142630577087402,2.2915277,0.0030537564,13,0.005554807372391224
sequential,mov,0.05,0.3,0.41,1,rrg,34,0.026683794,0.0146311615,0.026289215,2,0.0020041543,0.0028343024,0,1.860572,1.9518846273422241,0.66738397,0.02467964,3,0.0397099032998085
sequential,mov,0.05,0.3,0.42,1,rrg,16,0.02499856,0.015482949,0.029138952,2,0.33598748,0.469539,0,1.3592793,1.839669942855835,0.7253673,0.33901203,1,0.02591170370578766
sequential,mov,0.05,0.3,0.43,1,rrg,76,0.01470255,0.007883398,0.0053514643,4,0.009215576,0.0065858993,0,1.9928058,1.938236951828003,1.8449942,0.00798487,7,0.006814337335526943
sequential,mov,0.05,0.3,0.44,1,rrg,55,0.024739923,0.01899541,0.03828668,3,0.33862457,0.46766326,0,2.0834513,1.9142343997955322,1.432145,0.33628878,2,0.041870467364788055
sequential,mov,0.05,0.3,0.45,1,rrg,79,0.009351864,0.0141860265,0.030872319,6,0.0044132764,0.004051069,0,1.612026,1.7328546047210693,1.1177453,0.00522642,6,0.0104158204048872
sequential,mov,0.05,0.3,0.46,1,rrg,38,0.005529671,0.004324768,0.0034326853,6,0.0013641923,0.0019292026,0,1.8167713,1.8023239374160767,0.638748,0.0041654785,8,0.0035133748315274715
sequential,mov,0.05,0.3,0.47,1,rrg,75,0.008083274,0.014375059,0.032018166,7,0.005678985,0.0080312975,0,1.9841033,1.8523485660552979,0.8008402,0.0083734095,5,0.011289702728390694
sequential,mov,0.05,0.3,0.48,1,rrg,61,0.016208222,0.012802394,0.031510245,3,0.33379754,0.4710766,0,1.8877605,1.8042056560516357,0.6371963,0.33827186,1,0.02616642788052559
sequential,mov,0.05,0.3,0.49,1,rrg,50,0.007602321,0.011876384,0.028057637,5,0.0048865587,0.0015162155,0,2.1038122,1.8584057092666626,2.0493698,0.002715762,9,0.023363081738352776
sequential,mov,0.05,0.3,0.5,1,rrg,30,0.0002981962,0.0051976545,0.01058193,19,0.0008232191,0.0010199534,0,2.1675475,1.7985427379608154,1.4795948,0.0007832409,16,0.005671577528119087
sequential,mov,0.05,0.3,0.51,1,rrg,26,0.0019811864,0.01127287,0.028229117,10,0.0036582705,0.0038818992,0,1.939372,1.8011627197265625,1.272818,0.0030236796,8,0.02214890532195568
sequential,mov,0.05,0.3,0.52,1,rrg,49,0.049854305,0.006671919,0.011214076,1,0.050728247,0.062442962,0,2.046201,1.7524446249008179,1.6362721,0.05856367,1,0.00768287992104888
sequential,mov,0.05,0.3,0.53,1,rrg,36,0.6319901,0.048398208,0.14445516,1,0.08407628,0.11852479,0,0.7918006,1.6470117568969727,0.39989308,0.5479138,1,0.053824346512556076
sequential,mov,0.05,0.3,0.54,1,rrg,8,0.00051307346,0.041981153,0.16276151,17,0.0004779103,0.00067586725,0,1.6705533,1.6005456447601318,0.5329912,0.0006489348,18,0.03281596302986145
sequential,mov,0.05,0.3,0.55,1,rrg,18,0.0014445259,0.0044400077,0.0054848604,12,0.0021710654,0.002371544,0,1.982978,1.7637382745742798,1.2483263,0.0019574172,11,0.0032404419034719467
sequential,mov,0.05,0.3,0.56,1,rrg,73,0.0012150259,0.0030894596,0.005142287,10,0.0012202781,0.00050370686,0,2.2354095,1.8520622253417969,2.1392748,0.00042240924,14,0.0021496452391147614
sequential,mov,0.05,0.3,0.57,1,rrg,74,0.016361177,0.017708156,0.0329153,6,0.013002325,0.011447192,0,2.2505887,1.7398627996444702,1.4372989,0.011021968,5,0.01655697636306286
sequential,mov,0.05,0.3,0.58,1,rrg,17,0.00017198565,0.06595526,0.22071218,19,0.000530022,0.0007495641,0,1.5189289,1.58475661277771,0.60960954,0.0005873504,16,0.04532630741596222
sequential,mov,0.05,0.3,0.59,1,rrg,97,0.014356004,0.02066798,0.061431594,5,0.010752429,0.007792405,0,1.3086638,1.7232078313827515,1.0927458,0.0061791795,8,0.015126951038837433
sequential,mov,0.05,0.3,0.6,1,rrg,51,0.0021533247,0.075746216,0.21988891,9,6.4267674e-35,0.0,0,1.5735445,1.7464606761932373,1.6027655e-31,0.0021533247,9,0.05577363446354866
sequential,mov,0.05,0.3,0.61,1,rrg,13,2.3491733e-05,0.056007512,0.10191918,19,3.418117e-05,3.8321865e-05,0,2.3624158,1.8132493495941162,1.4463927,3.211211e-05,20,0.05108416825532913
sequential,mov,0.05,0.3,0.62,1,rrg,78,0.0073445365,0.0317804,0.0732559,7,0.0014631939,0.0020692686,0,2.004246,1.8666340112686157,0.62615997,0.0058813426,7,0.0313519611954689
sequential,mov,0.05,0.3,0.63,1,rrg,39,0.00011251554,0.060887925,0.21676606,17,0.00018641473,0.00025795534,0,1.9318316,1.673150658607483,1.2817587,0.00021854982,17,0.04725582152605057
sequential,mov,0.05,0.3,0.64,1,rrg,91,0.07459459,0.053023983,0.11431524,4,0.13117905,0.1855152,0,2.163132,1.886465311050415,0.6005209,0.15604392,4,0.0419604666531086
sequential,mov,0.05,0.3,0.65,1,rrg,86,0.00092060317,0.028228585,0.08802489,13,1.2103243e-16,1.711657e-16,0,1.9852488,1.8524703979492188,1.176794e-11,0.0009206032,13,0.022815298289060593
sequential,mov,0.05,0.3,0.66,1,rrg,67,0.0033017225,0.08140147,0.23185319,9,0.0,0.0,0,1.9181323,1.5956388711929321,0.0,0.0033017222,9,0.0586107075214386
sequential,mov,0.05,0.3,0.67,1,rrg,96,0.001828237,0.07360401,0.22196211,11,7.90649e-40,0.0,0,1.7132841,1.5652196407318115,2.6096154e-36,0.001828237,11,0.05470139533281326
sequential,mov,0.05,0.3,0.68,1,rrg,4,0.020227786,0.1027236,0.23654552,7,0.014873077,0.021033708,0,1.6128726,1.6850721836090088,0.60794073,0.021615675,6,0.07575305551290512
sequential,mov,0.05,0.3,0.69,1,rrg,70,0.28704602,0.10379957,0.23680867,3,0.18304835,0.20095153,1,1.9461114,1.6063249111175537,1.1656305,0.22118945,3,0.07886626571416855
sequential,mov,0.05,0.3,0.7,1,rrg,95,0.0026942336,0.055684447,0.21679291,9,0.001072625,0.001516921,0,1.6323984,1.510216474533081,0.6162418,0.001970703,9,0.07026390731334686
sequential,mov,0.05,0.3,0.71,1,rrg,42,0.0052257604,0.0048630736,0.008535963,5,0.0,0.0,0,1.1003907,1.6958948373794556,0.0,0.0052257604,6,0.03645185008645058
sequential,mov,0.05,0.3,0.72,1,rrg,56,0.0040799477,0.056591112,0.21672368,7,0.3333303,0.4714002,0,1.8244648,1.6399608850479126,4.3876807e-05,0.3346903,3,0.07092597335577011
sequential,mov,0.05,0.3,0.73,1,rrg,89,0.00030917395,0.054890234,0.21701631,14,2.53346e-40,0.0,0,0.68012434,1.5919848680496216,1.2077194e-36,0.00030917395,15,0.05346395820379257
sequential,mov,0.05,0.3,0.74,1,rrg,35,0.017200744,0.057007063,0.21665657,5,0.33524546,0.47005802,0,1.849787,1.6429513692855835,0.5007115,0.33715454,2,0.054924409836530685
sequential,mov,0.05,0.3,0.75,1,rrg,92,0.0015650191,0.05472357,0.21708989,7,2.5166026e-32,0.0,0,2.0418484,1.6067092418670654,9.02273e-28,0.0015650191,7,0.036581289023160934
sequential,mov,0.05,0.3,0.76,1,rrg,69,0.0011577939,0.055347443,0.21688282,10,0.000885062,0.0008213195,0,2.307435,1.6432275772094727,2.022296,0.0008649879,11,0.037180982530117035
sequential,mov,0.05,0.3,0.77,1,rrg,47,0.00037982172,0.05232616,0.21746324,12,0.00071137625,0.0009657937,0,2.0963771,1.630666971206665,1.1940185,0.00079977367,8,0.03493000939488411
sequential,mov,0.05,0.3,0.78,1,rrg,29,0.0015211642,0.003739709,0.006209,8,0.0,0.0,0,1.5152069,1.5269032716751099,0.0,0.0015211642,8,0.0027388266753405333
sequential,mov,0.05,0.3,0.79,1,rrg,6,0.021026954,0.05360511,0.21720462,2,0.006672273,0.009436019,0,1.1658187,1.4429681301116943,0.085367195,0.014354681,2,0.03596341609954834
sequential,mov,0.05,0.3,0.8,1,rrg,3,0.00039103502,0.099088944,0.28389084,11,1.74801e-40,0.0,0,1.3143905,1.5157557725906372,1.9592513e-35,0.00039103502,9,0.09398926794528961
sequential,mov,0.05,0.3,0.81,1,rrg,9,0.08402721,0.10619259,0.29245204,3,0.30407178,0.43002245,0,2.1710892,1.5260595083236694,0.102962874,0.33208087,3,0.10001043230295181
sequential,mov,0.05,0.3,0.82,1,rrg,65,0.006400603,0.11226237,0.31378448,4,0.0026278074,0.0037162807,0,1.9558263,1.4737792015075684,0.48028684,0.0047613415,4,0.09345501661300659
sequential,mov,0.05,0.3,0.83,1,rrg,98,0.00026067544,0.11829716,0.3219382,8,1.04737636e-13,1.4812138e-13,0,2.2147694,1.4499198198318481,2.511254e-09,0.00026067544,8,0.09866254031658173
sequential,mov,0.05,0.3,0.84,1,rrg,99,0.99998724,0.12551966,0.33051965,2,1.803447e-05,2.5500849e-05,1,0.00015664208,1.399637222290039,0.002079184,0.9999692,1,0.10466736555099487
sequential,mov,0.05,0.3,0.85,1,rrg,68,9.138944e-06,0.067203,0.2492991,13,1.4936786e-13,1.9990254e-13,0,1.733248,1.4893132448196411,7.610811e-09,9.138944e-06,13,0.04496179521083832
sequential,mov,0.05,0.3,0.86,1,rrg,37,5.5432463e-07,0.071982555,0.2573852,14,3.527767e-30,0.0,0,1.719735,1.4658244848251343,1.612453e-24,5.5432463e-07,14,0.04815200716257095
sequential,mov,0.05,0.3,0.87,1,rrg,40,0.002877551,0.077516995,0.26629797,2,1.9568646e-17,2.7674247e-17,0,0.031854466,1.4467157125473022,2.6990198e-14,0.002877551,2,0.05185289680957794
sequential,mov,0.05,0.3,0.88,1,rrg,72,0.99999845,0.08373689,0.27626374,1,0.33333334,0.4714045,1,2.5999434e-05,1.5657976865768433,0.0,0.66666615,1,0.055933889001607895
sequential,mov,0.05,0.3,0.89,1,rrg,77,0.0018008064,0.0003922431,0.0005128323,1,7.029936e-17,9.9418097e-17,0,1.0845484,1.7086913585662842,5.148449e-12,0.0018008064,1,0.00036460382398217916
sequential,mov,0.05,0.3,0.9,1,rrg,46,0.0002778011,0.00023682092,0.00025733552,4,0.00018154836,0.00015019259,0,1.8412023,1.7711937427520752,1.1504885,0.00015625522,4,0.0002064091677311808
sequential,mov,0.05,0.3,0.91,1,rrg,15,0.000915517,0.00019701064,0.00026639807,1,0.0,0.0,0,1.5657744,1.8189421892166138,0.0,0.0009155169,1,0.00018771363829728216
sequential,mov,0.05,0.3,0.92,1,rrg,80,5.3197316e-05,8.6397966e-05,7.563522e-05,5,2.347204e-39,0.0,0,2.1185253,1.8687963485717773,7.499161e-33,5.3197316e-05,5,7.773766265017912e-05
sequential,mov,0.05,0.3,0.93,1,rrg,83,0.0002546374,8.499067e-05,8.0993676e-05,1,2.303051e-13,3.257006e-13,0,1.5594395,1.835316777229309,7.7922097e-10,0.0002546374,1,7.532954623457044e-05
sequential,mov,0.05,0.3,0.94,1,rrg,85,1.6784278e-06,5.5476103e-05,4.5616576e-05,6,3.6633e-41,0.0,0,2.2431512,1.8815813064575195,1.2309225e-34,1.6784278e-06,6,4.4239077396923676e-05
sequential,mov,0.05,0.3,0.95,1,rrg,25,0.00010787256,6.6007575e-05,4.260647e-05,2,4.0488663e-05,5.7259622e-05,0,1.4770864,1.8092800378799438,0.6439694,7.644619e-05,2,5.25298819411546e-05
sequential,mov,0.05,0.3,0.96,1,rrg,58,1.6135087e-05,4.258646e-05,2.3000035e-05,4,1.3664368e-24,0.0,0,1.5062647,1.8632673025131226,6.971086e-20,1.6135087e-05,4,4.1749786760192364e-05
sequential,mov,0.05,0.3,0.97,1,rrg,93,6.436357e-05,4.88774e-05,1.8862405e-05,1,4.053153e-07,5.732024e-07,0,1.7957103,1.9779900312423706,0.015883151,6.395826e-05,1,4.874227670370601e-05
sequential,mov,0.05,0.3,0.98,1,rrg,94,5.994208e-05,4.0782194e-05,1.9159883e-05,1,4.045891e-12,5.7217534e-12,0,2.2062364,2.0700926780700684,3.0648286e-07,5.9942075e-05,1,4.0782189898891374e-05
sequential,mov,0.05,0.3,0.99,1,rrg,63,2.1437247e-05,2.1437247e-05,0.0,1,5.039383e-13,7.1267645e-13,0,1.9345715,1.9345715045928955,3.9857685e-08,2.1437247e-05,1,2.143724668712821e-05
sequential,c_mov,0.05,0.3,0.0,1,rrg,10,0.04985791,0.04985791,0.0,1,0.04985791,0.0,1,2.7788618,2.7788617610931396,2.7788618,0.0,1,0.0
sequential,c_mov,0.05,0.3,0.01,1,rrg,59,0.049999885,0.049999956,4.1096555e-08,20,0.049999952,1.7340282e-08,1,2.631169,2.6334927082061768,2.6178691,6.3329935e-08,2,0.015829499810934067
sequential,c_mov,0.05,0.3,0.02,1,rrg,21,0.04999998,0.05,3.3100623e-08,16,0.05000001,9.125061e-09,1,2.515344,2.5620434284210205,2.5088575,2.9802322e-08,6,0.015833359211683273
sequential,c_mov,0.05,0.3,0.03,1,rrg,70,0.050000027,0.05,2.3619634e-08,3,0.050000016,2.1615246e-08,1,2.6754522,2.4988903999328613,2.6630132,1.9868216e-08,16,0.015833361074328423
sequential,c_mov,0.05,0.3,0.04,1,rrg,99,0.05000002,0.049999993,2.7362505e-08,4,0.05000001,2.7627491e-08,1,2.5558205,2.4076521396636963,2.528919,2.9802322e-08,11,0.06332560628652573
sequential,c_mov,0.05,0.3,0.05,1,rrg,20,0.050000027,0.04999999,2.85781e-08,1,0.05,2.6516812e-08,0,2.4762695,2.3256523609161377,2.4546244,2.6077032e-08,10,0.06331788003444672
sequential,c_mov,0.05,0.3,0.06,1,rrg,18,0.049957283,0.04536093,0.012872011,13,0.04959509,0.0005961101,0,2.4789722,2.2687668800354004,2.459191,0.00044128796,11,0.06562496721744537
sequential,c_mov,0.05,0.3,0.07,1,rrg,41,0.050046794,0.03966246,0.0115185,3,0.049967036,4.5208188e-05,0,2.462698,2.4035520553588867,2.418176,7.9758465e-05,19,0.03831808641552925
sequential,c_mov,0.05,0.3,0.08,1,rrg,2,0.048500072,0.02956909,0.015996946,3,0.046404462,0.0031763369,0,2.4299421,2.283158779144287,2.4178784,0.0033943679,18,0.07248331606388092
sequential,c_mov,0.05,0.3,0.09,1,rrg,5,0.04372077,0.031821944,0.014704625,6,0.03958581,0.0055346615,0,2.3118289,2.339233875274658,2.2699125,0.005936952,16,0.07187750935554504
sequential,c_mov,0.05,0.3,0.1,1,rrg,14,0.03523244,0.03049852,0.013238936,10,0.036284942,0.015191571,0,2.5849423,2.3621668815612793,2.5345926,0.014670971,8,0.07364428043365479
sequential,c_mov,0.05,0.3,0.11,1,rrg,19,0.047250606,0.027568255,0.014133048,1,0.04339248,0.004344957,0,2.3027124,2.350553274154663,2.2479515,0.0038581255,18,0.05618826299905777
sequential,c_mov,0.05,0.3,0.12,1,rrg,3,0.037721198,0.021481905,0.015028008,4,0.03407448,0.0097675705,0,2.4998925,2.3950018882751465,2.4762433,0.00800687,14,0.04128655791282654
sequential,c_mov,0.05,0.3,0.13,1,rrg,13,0.016227106,0.023297329,0.015888736,12,0.015815783,0.007829505,0,2.5414054,2.3696820735931396,2.4834013,0.006805837,15,0.041099559515714645
sequential,c_mov,0.05,0.3,0.14,1,rrg,52,0.039327316,0.016306993,0.013339947,2,0.037873723,0.017994506,0,2.2943137,2.365177631378174,2.1814818,0.017447626,2,0.024598488584160805
sequential,c_mov,0.05,0.3,0.15,1,rrg,48,0.041125137,0.013722691,0.011547674,1,0.35598397,0.45549816,0,2.0377529,2.3164420127868652,1.5670233,0.32780054,3,0.05724083632230759
sequential,c_mov,0.05,0.3,0.16,1,rrg,29,0.05518354,0.019288857,0.016406791,2,0.038380872,0.015085612,0,2.3451293,2.290679931640625,2.27332,0.019454284,4,0.043283477425575256
sequential,c_mov,0.05,0.3,0.17,1,rrg,25,0.026230207,0.015326629,0.013459419,4,0.023885503,0.009530888,0,2.5795784,2.267648220062256,2.5591455,0.008678789,12,0.08910933881998062
sequential,c_mov,0.05,0.3,0.18,1,rrg,75,0.025651716,0.016922262,0.015052403,4,0.019211259,0.004969168,0,2.499167,2.2501745223999023,2.3839111,0.006713955,16,0.0422947034239769
sequential,c_mov,0.05,0.3,0.19,1,rrg,87,0.041771963,0.018146822,0.017292827,3,0.35624456,0.45527625,0,1.8726552,2.2486698627471924,1.3279244,0.32603878,4,0.0733451321721077
sequential,c_mov,0.05,0.3,0.2,1,rrg,57,0.04484443,0.010550903,0.011691658,1,0.34005168,0.46669766,0,1.7136,2.2783350944519043,0.7728455,0.3415631,1,0.038900457322597504
sequential,c_mov,0.05,0.3,0.21,1,rrg,31,0.025407653,0.012291212,0.010982771,5,0.013618223,0.01413658,0,1.9416823,2.2526679039001465,1.4200335,0.016919658,5,0.07264634221792221
sequential,c_mov,0.05,0.3,0.22,1,rrg,32,0.038071025,0.010362675,0.0100965975,1,0.35141742,0.45864272,0,2.0515828,2.2674317359924316,1.5281659,0.3279396,2,0.039462219923734665
sequential,c_mov,0.05,0.3,0.23,1,rrg,7,0.04887403,0.012779641,0.016244935,2,0.34390762,0.4641081,0,1.0810903,2.165822744369507,0.6906789,0.33905038,1,0.07320638000965118
sequential,c_mov,0.05,0.3,0.24,1,rrg,62,0.025023475,0.013670055,0.013731886,3,0.0067849574,0.0048381686,0,2.115478,2.269087314605713,1.5265447,0.018238518,5,0.058890264481306076
sequential,c_mov,0.05,0.3,0.25,1,rrg,26,0.027637415,0.017346356,0.014853703,5,0.34205186,0.46527037,0,2.079674,2.1880781650543213,1.55544,0.33382726,4,0.10776245594024658
sequential,c_mov,0.05,0.3,0.26,1,rrg,15,0.020128839,0.012883316,0.010836633,4,0.018764699,0.011194735,0,2.3310192,2.233887195587158,2.2261808,0.010985064,7,0.040886394679546356
sequential,c_mov,0.05,0.3,0.27,1,rrg,23,0.03643411,0.009155937,0.0087102,1,0.0062967115,0.006471766,0,1.7639178,2.1652417182922363,1.3272208,0.0301374,3,0.04090422764420509
sequential,c_mov,0.05,0.3,0.28,1,rrg,6,0.027432634,0.010613019,0.0130264545,2,0.3367928,0.46897745,0,1.3996452,2.157684803009033,0.63150936,0.3390181,1,0.024352600798010826
sequential,c_mov,0.05,0.3,0.29,1,rrg,66,0.026206434,0.0122462325,0.009872452,2,0.013593956,0.014165768,0,1.9723656,2.2421696186065674,1.4536458,0.017231407,5,0.04174251854419708
sequential,c_mov,0.05,0.3,0.3,1,rrg,11,0.04000342,0.011315927,0.011672063,2,0.016044736,0.011892886,0,1.8990808,2.1264138221740723,1.4507731,0.023958683,4,0.0566212423145771
sequential,c_mov,0.05,0.3,0.31,1,rrg,28,0.020055441,0.012613824,0.014916353,4,0.33853248,0.46773934,0,2.2289357,2.217867612838745,1.5965018,0.33481935,3,0.056305695325136185
sequential,c_mov,0.05,0.3,0.32,1,rrg,64,0.017050706,0.008655656,0.013399301,4,0.33724022,0.46864778,0,2.2140307,2.111921548843384,1.4197649,0.33511004,2,0.07194136083126068
sequential,c_mov,0.05,0.3,0.33,1,rrg,43,0.011941856,0.0063822954,0.006073702,4,0.005289721,0.004189687,0,1.8882959,2.0052127838134766,1.4424995,0.006652135,7,0.03753754496574402
sequential,c_mov,0.05,0.3,0.34,1,rrg,12,0.0075328615,0.011822555,0.014731375,10,0.0118102105,0.0083756,0,2.280325,2.146181344985962,1.5303683,0.009299258,5,0.040824033319950104
sequential,c_mov,0.05,0.3,0.35,1,rrg,61,0.017228888,0.007415323,0.012710721,2,0.334204,0.47079012,0,1.9195373,2.112435817718506,0.73197484,0.33820567,1,0.03883993625640869
sequential,c_mov,0.05,0.3,0.36,1,rrg,63,0.0058184196,0.008131903,0.013009076,9,0.005984122,0.004326027,0,1.9141936,2.0590453147888184,1.3802099,0.0040446487,12,0.006189861334860325
sequential,c_mov,0.05,0.3,0.37,1,rrg,58,0.011481077,0.008574022,0.014298303,4,0.0076020337,0.0026294203,0,2.3456104,2.0648064613342285,2.1623442,0.0038790435,10,0.007062714546918869
sequential,c_mov,0.05,0.3,0.38,1,rrg,56,0.008723718,0.0063427486,0.011238987,4,0.33435106,0.47068653,0,2.130547,1.9856458902359009,0.6075658,0.33522347,1,0.021422263234853745
sequential,c_mov,0.05,0.3,0.39,1,rrg,81,0.010651907,0.0038463734,0.006353269,2,5.1872695e-18,7.335907e-18,0,1.7434603,1.981629729270935,4.77342e-15,0.010651906,2,0.003626676741987467
sequential,c_mov,0.05,0.3,0.4,1,rrg,82,0.009554342,0.006984871,0.009402248,5,0.011685015,0.011685213,0,2.3064942,2.1795473098754883,2.191759,0.010143257,5,0.02213723585009575
sequential,c_mov,0.05,0.3,0.41,1,rrg,84,0.00607719,0.0025977844,0.002815615,3,0.007515864,0.005625836,0,2.0391052,2.01088809967041,1.3448677,0.0054901335,4,0.005543404258787632
sequential,c_mov,0.05,0.3,0.42,1,rrg,55,0.019437764,0.006162374,0.011123723,2,0.33681062,0.46895173,0,1.979387,2.072117328643799,1.2636961,0.3363353,1,0.052861928939819336
sequential,c_mov,0.05,0.3,0.43,1,rrg,34,0.18730958,0.015087329,0.041052014,1,0.0011926246,0.0016866243,0,1.9647683,2.06001877784729,0.7377281,0.18611695,3,0.04159237816929817
sequential,c_mov,0.05,0.3,0.44,1,rrg,77,0.005339607,0.0037720688,0.00710784,3,0.0034911735,0.004586582,0,2.058714,2.1693949699401855,1.4738044,0.0049360893,4,0.01813904009759426
sequential,c_mov,0.05,0.3,0.45,1,rrg,38,0.010026446,0.04989516,0.20251758,3,0.009473691,0.0072286227,0,2.5437174,2.0273005962371826,2.3092592,0.006107399,5,0.07990173250436783
sequential,c_mov,0.05,0.3,0.46,1,rrg,71,0.050997075,0.006457571,0.014863455,1,0.0005584432,0.000789758,0,2.4966137,1.9217485189437866,0.82613635,0.05043863,2,0.020484639331698418
sequential,c_mov,0.05,0.3,0.47,1,rrg,4,0.0081374245,0.05114047,0.21557604,3,0.0036171332,0.0025607091,0,1.8754659,1.8651155233383179,1.3771214,0.004520291,4,0.0666155219078064
sequential,c_mov,0.05,0.3,0.48,1,rrg,16,0.01559443,0.004123929,0.0070173517,2,0.3344357,0.4702,0,1.4328611,1.9098474979400635,0.6953694,0.3370258,1,0.036208901554346085
sequential,c_mov,0.05,0.3,0.49,1,rrg,42,0.0073235338,0.052443735,0.2173732,4,0.0010688519,0.0015115849,0,1.7505934,1.9102109670639038,0.76834655,0.006254682,4,0.05202885717153549
sequential,c_mov,0.05,0.3,0.5,1,rrg,17,0.00033129402,0.05471635,0.21718386,13,0.0009754724,0.0013351216,0,2.1178815,1.8088436126708984,1.41963,0.001043804,9,0.0679100975394249
sequential,c_mov,0.05,0.3,0.51,1,rrg,67,0.0029138515,0.05326485,0.21744375,4,3.706893e-32,0.0,0,1.9156318,1.8483883142471313,1.2814132e-28,0.0029138515,6,0.06720966100692749
sequential,c_mov,0.05,0.3,0.52,1,rrg,9,0.01031883,0.0042605316,0.010523872,2,0.3336018,0.4712148,0,2.1045337,1.914480209350586,0.741169,0.3365045,2,0.05185045674443245
sequential,c_mov,0.05,0.3,0.53,1,rrg,96,0.0018864936,0.051340055,0.21764155,7,1.3083161e-16,1.8502385e-16,0,1.6899772,1.9193172454833984,2.0669335e-13,0.0018864936,7,0.08350057154893875
sequential,c_mov,0.05,0.3,0.54,1,rrg,73,0.0014139557,0.0057860073,0.011871448,8,0.0011253803,0.0005914938,0,2.204836,1.8830387592315674,2.1311305,0.0006433741,13,0.03684581071138382
sequential,c_mov,0.05,0.3,0.55,1,rrg,92,0.0006559443,0.0030856687,0.0067303823,12,0.0027672916,0.003913541,0,1.7814549,1.7978417873382568,0.7953232,0.0029859396,5,0.019114943221211433
sequential,c_mov,0.05,0.3,0.56,1,rrg,86,0.0009969695,0.055601805,0.21696012,13,9.0876936e-05,0.00012851937,0,2.2076027,1.7423492670059204,0.71998125,0.0009060926,12,0.06911454349756241
sequential,c_mov,0.05,0.3,0.57,1,rrg,60,0.00018614974,0.0058031725,0.010879357,17,8.0071106e-05,0.00011323764,0,1.8059889,1.8287512063980103,0.49663007,0.00014212102,17,0.036395177245140076
sequential,c_mov,0.05,0.3,0.58,1,rrg,90,6.686242e-05,0.0062455507,0.011092241,17,4.712999e-06,3.5162586e-06,0,2.0361004,1.8358678817749023,0.79497963,6.214942e-05,17,0.036410871893167496
sequential,c_mov,0.05,0.3,0.59,1,rrg,46,0.00058333046,0.0069124303,0.011101153,16,0.000854036,0.0007587693,0,2.0024023,1.8265836238861084,1.3382634,0.0006595925,16,0.03711213916540146
sequential,c_mov,0.05,0.3,0.6,1,rrg,49,0.004432712,0.055325646,0.21697508,6,0.008550248,0.010404595,0,2.2288625,1.8090248107910156,1.3882834,0.008391433,6,0.10156778991222382
sequential,c_mov,0.05,0.3,0.61,1,rrg,8,0.0010943268,0.03890671,0.13061479,13,0.0005551164,0.0004429721,0,1.6611928,1.8445336818695068,1.1919171,0.00053921045,14,0.07502445578575134
sequential,c_mov,0.05,0.3,0.62,1,rrg,54,0.0027161485,0.090163514,0.24621676,9,0.00058813393,0.00083174696,0,1.9273523,1.6998029947280884,0.58807564,0.0021280146,9,0.08771523833274841
sequential,c_mov,0.05,0.3,0.63,1,rrg,79,0.0002040245,0.010058046,0.020104105,14,1.879218e-06,2.6576156e-06,0,1.7275945,1.8679955005645752,0.010489856,0.00020214527,14,0.03497275710105896
sequential,c_mov,0.05,0.3,0.64,1,rrg,44,0.00018456657,0.10150771,0.25081438,15,2.1131473e-27,0.0,0,1.8213396,1.7424014806747437,8.724654e-24,0.00018456655,16,0.1304493546485901
sequential,c_mov,0.05,0.3,0.65,1,rrg,40,0.0076548564,0.07489652,0.22247826,7,0.006815335,0.008697948,0,1.4073412,1.8417450189590454,1.3370463,0.008463748,8,0.11671681702136993
sequential,c_mov,0.05,0.3,0.66,1,rrg,47,5.2180163e-05,0.038587607,0.13113697,18,1.8417702e-05,2.6046566e-05,0,1.8333799,1.8965442180633545,0.6478365,3.581109e-05,18,0.07355989515781403
sequential,c_mov,0.05,0.3,0.67,1,rrg,91,0.004537704,0.018808918,0.066255026,4,0.33333334,0.4714045,0,2.1102586,1.7669318914413452,4.4252684e-32,0.3348459,2,0.05019537732005119
sequential,c_mov,0.05,0.3,0.68,1,rrg,1,0.0018808818,0.06896161,0.22356595,6,0.0,0.0,0,1.0692096,1.7477810382843018,0.0,0.0018808818,7,0.09491294622421265
sequential,c_mov,0.05,0.3,0.69,1,rrg,88,0.05704018,0.10307096,0.25009352,5,0.19999212,0.28283158,0,1.705939,1.7242863178253174,0.33764374,0.21900553,4,0.10659031569957733
sequential,c_mov,0.05,0.3,0.7,1,rrg,83,0.0008899751,0.07210096,0.22466952,11,0.0001703837,0.00024095892,0,1.3641542,1.6686413288116455,0.6190451,0.00071959145,11,0.08937026560306549
sequential,c_mov,0.05,0.3,0.71,1,rrg,36,0.6451253,0.035758827,0.14009081,1,0.11875031,0.1678959,0,0.7419878,1.8682836294174194,0.44859684,0.526375,1,0.046491093933582306
sequential,c_mov,0.05,0.3,0.72,1,rrg,65,4.4278808e-05,0.05256754,0.2174155,17,1.7920561e-06,2.5343502e-06,0,1.9204623,1.7498085498809814,0.013862123,4.248675e-05,18,0.05573033541440964
sequential,c_mov,0.05,0.3,0.73,1,rrg,69,0.00015543985,0.05204921,0.21750136,15,0.00038277297,0.0005130948,0,2.1802578,1.783206582069397,1.382034,0.0004077241,12,0.05237244814634323
sequential,c_mov,0.05,0.3,0.74,1,rrg,94,0.0003724369,0.0020028614,0.0030685598,12,0.00018896563,0.00026723772,0,2.2839777,1.841443657875061,0.72215104,0.00031311126,12,0.01825029030442238
sequential,c_mov,0.05,0.3,0.75,1,rrg,72,0.99885076,0.101602614,0.29928806,2,0.33333895,0.47139585,1,0.010144154,1.6682169437408447,0.00012565682,0.66627353,2,0.08459370583295822
sequential,c_mov,0.05,0.3,0.76,1,rrg,24,0.000117272124,0.0516864,0.2175771,14,2.2262389e-27,0.0,0,1.3600963,1.7176927328109741,6.10774e-22,0.00011727212,16,0.051295362412929535
sequential,c_mov,0.05,0.3,0.77,1,rrg,85,8.253963e-06,0.051326543,0.21765457,19,2.867132e-06,4.054737e-06,0,2.4435964,1.745825171470642,0.73246425,5.618453e-06,20,0.05098167061805725
sequential,c_mov,0.05,0.3,0.78,1,rrg,30,7.84376e-06,0.051935572,0.21752012,20,1.4056372e-05,1.9878711e-05,0,1.6033994,1.6965936422348022,0.70085984,1.6670958e-05,19,0.051541030406951904
sequential,c_mov,0.05,0.3,0.79,1,rrg,74,0.00052331446,0.051924337,0.21752255,11,6.099034e-10,8.625337e-10,0,1.9112984,1.7246663570404053,2.2400958e-05,0.0005233139,11,0.05153356119990349
sequential,c_mov,0.05,0.3,0.8,1,rrg,0,0.99999315,0.051907826,0.21752615,1,0.33333334,0.4714045,1,9.313081e-05,1.718090295791626,2.1307714e-07,0.66666436,1,0.05151646211743355
sequential,c_mov,0.05,0.3,0.81,1,rrg,22,0.0015326961,0.0020080523,0.0030620692,7,0.0,0.0,0,1.5184101,1.8076518774032593,0.0,0.0015326961,9,0.01913996785879135
sequential,c_mov,0.05,0.3,0.82,1,rrg,33,6.435081e-05,0.0020336627,0.0031438018,15,7.2225994e-05,0.00010214297,0,1.8050648,1.8235007524490356,0.61099833,9.3676266e-05,15,0.020117808133363724
sequential,c_mov,0.05,0.3,0.83,1,rrg,97,7.141145e-05,0.002150302,0.0031938888,14,0.00016951495,0.00023973033,0,2.1450546,1.7876977920532227,0.7733073,0.00019331876,13,0.02129814773797989
sequential,c_mov,0.05,0.3,0.84,1,rrg,98,0.0003920937,0.0022713374,0.003251328,9,1.5357232e-06,2.1718406e-06,0,2.2462673,1.738614797592163,0.10428938,0.00039055795,9,0.022609934210777283
sequential,c_mov,0.05,0.3,0.85,1,rrg,35,0.011506785,0.0023959076,0.003320327,1,0.33333334,0.4714045,0,1.3585964,1.6874423027038574,5.8155292e-21,0.33716893,1,0.024090120568871498
sequential,c_mov,0.05,0.3,0.86,1,rrg,68,1.0838127e-05,0.0017457776,0.002337575,13,1.5913345e-17,2.2504871e-17,0,1.2630432,1.6908878087997437,2.7527583e-12,1.0838127e-05,13,0.001727625960484147
sequential,c_mov,0.05,0.3,0.87,1,rrg,37,1.4024786e-05,0.0018800303,0.002375432,12,3.909435e-05,5.498915e-05,0,1.9323624,1.7235125303268433,1.2823049,4.3487486e-05,12,0.0018603319767862558
sequential,c_mov,0.05,0.3,0.88,1,rrg,39,6.981192e-05,0.0020304094,0.0024142198,11,8.2596984e-05,0.00011598081,0,1.9800329,1.6956291198730469,0.60232204,0.00010508514,11,0.002009889343753457
sequential,c_mov,0.05,0.3,0.89,1,rrg,76,0.00272203,0.0022061241,0.0024530375,4,2.84e-43,0.0,0,2.3340654,1.663858413696289,1.720132e-39,0.0027220298,4,0.0021792373154312372
sequential,c_mov,0.05,0.3,0.9,1,rrg,45,0.0014767718,0.0021816893,0.0025866213,5,0.0012614696,0.0017839874,0,1.194051,1.5918298959732056,0.63968635,0.001753727,5,0.002135766204446554
sequential,c_mov,0.05,0.3,0.91,1,rrg,78,0.008348855,0.0019911127,0.0026140134,1,0.00049990864,0.00070697756,0,1.637521,1.6313692331314087,0.59892964,0.007848947,1,0.0022070803679525852
sequential,c_mov,0.05,0.3,0.92,1,rrg,80,8.669029e-05,0.0011415172,0.0014239389,6,0.00034815155,0.0004923606,0,2.2062476,1.620328426361084,0.6711223,0.0003770483,5,0.001186466310173273
sequential,c_mov,0.05,0.3,0.93,1,rrg,50,1.4642517e-08,0.0017517972,0.002309973,7,3.1339204e-12,4.432033e-12,0,1.3936939,1.336372971534729,3.5956957e-06,1.4639383e-08,7,0.0018240322824567556
sequential,c_mov,0.05,0.3,0.94,1,rrg,51,0.002158004,0.0020805474,0.0024254054,2,1.4159512e-37,0.0,0,1.569518,1.2783509492874146,3.5041086e-33,0.002158004,3,0.0021612404379993677
sequential,c_mov,0.05,0.3,0.95,1,rrg,53,0.0072435946,0.0020711694,0.0026648543,1,0.0006442837,0.0009111547,0,1.0291013,1.209079384803772,0.3439602,0.006599311,1,0.002167431404814124
sequential,c_mov,0.05,0.3,0.96,1,rrg,89,0.00030917444,0.00066681765,0.0005445579,3,6.101342e-19,8.628601e-19,0,0.68009275,1.232895851135254,2.7142386e-13,0.00030917444,3,0.0005531662609428167
sequential,c_mov,0.05,0.3,0.97,1,rrg,27,0.0006915529,0.0005203931,0.00032642132,2,5.299401e-05,7.494325e-05,0,0.754735,1.352723479270935,0.02363001,0.0006385588,2,0.0005027248407714069
sequential,c_mov,0.05,0.3,0.98,1,rrg,93,6.352536e-05,0.00043480395,0.00037127858,2,3.9583774e-14,5.5979913e-14,0,1.7930434,1.651700735092163,1.1136426e-08,6.352536e-05,2,0.00043480261228978634
sequential,c_mov,0.05,0.3,0.99,1,rrg,95,0.000806077,0.000806077,0.0,1,3.3667247e-10,4.6696036e-10,0,1.5103447,1.5103447437286377,5.5804276e-07,0.0008060766,1,0.0008060766267590225
sequential,ov,0.2,0.3,0.0,1,rrg,81,0.1993963,0.19939631,1.4901161e-08,1,0.1993963,0.0,1,2.292514,2.2925143241882324,2.292514,0.0,1,0.0
sequential,ov,0.2,0.3,0.01,1,rrg,94,0.19999754,0.19999756,7.641841e-08,10,0.19999747,7.4505806e-08,1,2.203832,2.1880860328674316,2.203644,8.940697e-08,3,5.9356295878387755e-08
sequential,ov,0.2,0.3,0.02,1,rrg,35,0.19999991,0.19999988,4.227835e-08,6,0.19999991,2.5809568e-08,1,2.1829915,2.167924642562866,2.1615746,2.4835268e-08,13,0.013331743888556957
sequential,ov,0.2,0.3,0.03,1,rrg,74,0.19999997,0.2,3.8281776e-08,11,0.19999999,3.7500435e-08,1,2.2005794,2.131864309310913,2.1998587,3.973643e-08,7,0.039153680205345154
sequential,ov,0.2,0.3,0.04,1,rrg,45,0.20000009,0.20000002,6.9174135e-08,2,0.20000003,3.9424766e-08,1,2.1918597,2.1350436210632324,2.183028,5.4637592e-08,11,0.013333389535546303
sequential,ov,0.2,0.3,0.05,1,rrg,63,0.2,0.20000002,3.430505e-08,11,0.19999999,2.5809568e-08,1,2.0933988,2.078399181365967,2.0538142,2.9802322e-08,15,0.05289064720273018
sequential,ov,0.2,0.3,0.06,1,rrg,47,0.19999994,0.2,3.7103593e-08,19,0.19999993,3.5471857e-08,1,2.192869,2.032069683074951,2.1768854,2.9802322e-08,12,0.07996054738759995
sequential,ov,0.2,0.3,0.07,1,rrg,17,0.19999997,0.2,4.9533757e-08,13,0.2,2.4333495e-08,1,2.1889076,2.0385568141937256,2.1777918,2.9802322e-08,16,0.07957034558057785
sequential,ov,0.2,0.3,0.08,1,rrg,99,0.19999999,0.2,2.9615473e-08,8,0.4666667,0.37712365,1,1.8051162,2.0246529579162598,1.3531967,0.26666668,3,0.07958254963159561
sequential,ov,0.2,0.3,0.09,1,rrg,13,0.20000002,0.2,4.4579135e-08,7,0.19999999,1.4901161e-08,1,2.064995,2.0904369354248047,2.0015466,2.4835268e-08,14,0.026640664786100388
sequential,ov,0.2,0.3,0.1,1,rrg,84,0.19999999,0.2,3.1785262e-08,13,0.19999999,1.2166748e-08,1,1.8810688,1.9653393030166626,1.7067608,9.934108e-09,20,0.10500001907348633
sequential,ov,0.2,0.3,0.11,1,rrg,32,0.19999996,0.2,2.9238189e-08,18,0.19999999,1.9237316e-08,0,2.038753,2.0256154537200928,1.9621711,2.4835268e-08,16,0.06666658818721771
sequential,ov,0.2,0.3,0.12,1,rrg,61,0.19999997,0.19684361,0.012241766,16,0.19999999,2.4333495e-08,1,2.1587243,1.9365952014923096,2.1322482,2.4835268e-08,17,0.16522781550884247
sequential,ov,0.2,0.3,0.13,1,rrg,85,0.19999991,0.20030841,0.0008373054,20,0.2,2.5809568e-08,0,2.1452496,1.934617280960083,2.1111686,9.437402e-08,14,0.14726081490516663
sequential,ov,0.2,0.3,0.14,1,rrg,55,0.20000006,0.19965205,0.002988462,5,0.20037477,0.0005299018,1,2.0891953,2.0320076942443848,2.0422351,0.00037469962,10,0.058376871049404144
sequential,ov,0.2,0.3,0.15,1,rrg,58,0.20144542,0.19338892,0.021842571,2,0.20280063,0.0019894058,1,2.1376011,1.9326789379119873,2.075085,0.0023188095,13,0.14160338044166565
sequential,ov,0.2,0.3,0.16,1,rrg,98,0.2,0.18477798,0.03189233,10,0.46666566,0.37712222,0,1.7442399,1.9432497024536133,1.229679,0.2666657,9,0.1512715220451355
sequential,ov,0.2,0.3,0.17,1,rrg,42,0.20492172,0.20083788,0.0033097053,2,0.7090357,0.4114856,0,1.4640923,1.904759168624878,0.6590372,0.5559904,1,0.16385693848133087
sequential,ov,0.2,0.3,0.18,1,rrg,48,0.2000001,0.19387244,0.023242546,6,0.20030655,0.0004334944,0,2.0310857,1.9343652725219727,1.9458915,0.00030655166,19,0.1489604264497757
sequential,ov,0.2,0.3,0.19,1,rrg,6,0.20277375,0.18978062,0.026605977,4,0.19821028,0.0031660632,0,2.121446,1.9434328079223633,2.0711253,0.004563456,15,0.13939782977104187
sequential,ov,0.2,0.3,0.2,1,rrg,16,0.19991657,0.17864215,0.043439526,7,0.19964643,0.0002474721,1,2.077678,1.9639869928359985,2.0155458,0.0003233403,19,0.14530116319656372
sequential,ov,0.2,0.3,0.21,1,rrg,90,0.20680161,0.18676326,0.02539975,2,0.19564955,0.003888332,0,2.0690117,1.9623231887817383,1.9974985,0.011152059,17,0.18137039244174957
sequential,ov,0.2,0.3,0.22,1,rrg,80,0.122540876,0.16251831,0.046044923,17,0.12515236,0.05910597,0,2.276008,2.025398015975952,2.175615,0.056588095,11,0.14308547973632812
sequential,ov,0.2,0.3,0.23,1,rrg,20,0.19712883,0.1762039,0.04240626,12,0.17439248,0.040957194,0,2.0202858,1.9857572317123413,1.902265,0.031005735,16,0.15872792899608612
sequential,ov,0.2,0.3,0.24,1,rrg,26,0.15600812,0.1673542,0.048159856,14,0.4157797,0.41560912,0,1.8755552,2.00935697555542,1.3255887,0.31851718,3,0.11630779504776001
sequential,ov,0.2,0.3,0.25,1,rrg,0,0.19004332,0.16755101,0.047606878,13,0.4472017,0.39183208,0,1.8648458,1.9401775598526,1.423749,0.29218802,5,0.19275805354118347
sequential,ov,0.2,0.3,0.26,1,rrg,60,0.15511794,0.1654456,0.039012365,11,0.40664646,0.42903775,0,1.7145525,1.9610754251480103,0.68663925,0.35483575,2,0.15110990405082703
sequential,ov,0.2,0.3,0.27,1,rrg,31,0.13958332,0.16774166,0.05400449,15,0.06735509,0.054616515,0,2.0197933,1.9364356994628906,1.446692,0.07222823,11,0.18213625252246857
sequential,ov,0.2,0.3,0.28,1,rrg,34,0.1999101,0.15016012,0.05189336,3,0.46609655,0.37752706,0,1.7445078,1.9646689891815186,1.2266475,0.26720685,9,0.20870502293109894
sequential,ov,0.2,0.3,0.29,1,rrg,19,0.15794685,0.16018343,0.059939682,13,0.421324,0.41235247,0,1.8548294,1.9523080587387085,1.2930187,0.32233056,7,0.1965814083814621
sequential,ov,0.2,0.3,0.3,1,rrg,53,0.20281719,0.17381337,0.055834003,6,0.20819949,0.008772633,0,1.9993653,1.9899818897247314,1.9282204,0.008104031,20,0.15813201665878296
sequential,ov,0.2,0.3,0.31,1,rrg,73,0.20064102,0.14741036,0.07294996,7,0.73507434,0.37466136,0,1.5007509,1.9857349395751953,0.62046635,0.53443336,3,0.18699494004249573
sequential,ov,0.2,0.3,0.32,1,rrg,88,0.20079166,0.14308569,0.064184904,4,0.4529797,0.3904218,0,1.7857181,2.0563931465148926,1.2605932,0.30971238,4,0.133092999458313
sequential,ov,0.2,0.3,0.33,1,rrg,64,0.18810214,0.17554946,0.047200482,10,0.18188782,0.03200812,0,2.1671524,1.9356422424316406,2.1145313,0.027174791,19,0.18729256093502045
sequential,ov,0.2,0.3,0.34,1,rrg,78,0.060368907,0.13541439,0.059143536,18,0.053871278,0.076185495,0,2.0713112,2.0227982997894287,0.5542118,0.07399425,11,0.10278451442718506
sequential,ov,0.2,0.3,0.35,1,rrg,75,0.08662166,0.15319565,0.07587775,17,0.3833301,0.43993917,0,2.2557163,2.0017690658569336,1.4627916,0.3521082,4,0.18214534223079681
sequential,ov,0.2,0.3,0.36,1,rrg,57,0.12449536,0.16085371,0.0705217,15,0.12565129,0.0552629,0,2.3525138,1.9567196369171143,2.245284,0.05043979,16,0.1972222775220871
sequential,ov,0.2,0.3,0.37,1,rrg,10,0.19728063,0.15198787,0.07283967,7,0.45355675,0.38664484,0,1.8303407,1.8706817626953125,1.3827891,0.27894905,10,0.2237805426120758
sequential,ov,0.2,0.3,0.38,1,rrg,68,0.11847685,0.14677599,0.076746486,15,0.37103772,0.44713446,0,1.8723378,1.9576518535614014,0.6826294,0.33512124,7,0.17841888964176178
sequential,ov,0.2,0.3,0.39,1,rrg,27,0.109413,0.15371445,0.06285197,16,0.11682127,0.08410205,0,1.9362732,2.0085911750793457,1.0969883,0.080350265,11,0.1424119919538498
sequential,ov,0.2,0.3,0.4,1,rrg,87,0.17420833,0.15568462,0.06270735,12,0.47153583,0.39015168,0,1.8051199,1.944324254989624,1.2263955,0.3668467,1,0.17971141636371613
sequential,ov,0.2,0.3,0.41,1,rrg,18,0.053517055,0.14549845,0.075947024,17,0.048889697,0.03584607,0,2.1665123,1.9772758483886719,1.4381799,0.031042203,20,0.1632225662469864
sequential,ov,0.2,0.3,0.42,1,rrg,43,0.08606546,0.15312752,0.0668106,16,0.39670953,0.43359485,0,2.2098515,1.938675880432129,0.73586184,0.368021,4,0.19979238510131836
sequential,ov,0.2,0.3,0.43,1,rrg,59,0.21823798,0.15838009,0.060315788,4,0.17341428,0.12338253,0,1.7280365,1.884766936302185,1.1389359,0.10066828,12,0.2099362313747406
sequential,ov,0.2,0.3,0.44,1,rrg,92,0.11781135,0.17775108,0.10717021,14,2.0332315e-08,2.8754236e-08,0,1.6462218,1.9622093439102173,2.3124562e-06,0.11781133,8,0.15941350162029266
sequential,ov,0.2,0.3,0.45,1,rrg,54,0.058750257,0.16133234,0.08690457,19,6.754057e-08,7.632715e-08,0,1.4826249,1.916804552078247,1.6654127e-05,0.058750186,16,0.2343285083770752
sequential,ov,0.2,0.3,0.46,1,rrg,30,0.20000002,0.20207079,0.081211075,12,1.0,0.0,0,1.2833618,1.8568165302276611,0.0,0.79999995,1,0.20828011631965637
sequential,ov,0.2,0.3,0.47,1,rrg,44,0.03345402,0.1751352,0.08825177,19,0.06570499,0.092920884,0,1.9636275,1.9914562702178955,0.77752876,0.07685632,15,0.15351726114749908
sequential,ov,0.2,0.3,0.48,1,rrg,5,0.20038965,0.17529702,0.086163506,9,0.34340167,0.46444887,0,1.8135703,1.9224538803100586,0.73266834,0.39006153,2,0.1844715178012848
sequential,ov,0.2,0.3,0.49,1,rrg,33,0.10759159,0.13760668,0.09226721,12,0.10924711,0.07729932,0,2.1503866,2.007236957550049,1.454141,0.07338325,14,0.15038356184959412
sequential,ov,0.2,0.3,0.5,1,rrg,50,0.21724871,0.16382542,0.08350026,5,0.2633851,0.07767832,0,1.9174345,1.9038259983062744,1.7280854,0.05760573,18,0.21607959270477295
sequential,ov,0.2,0.3,0.51,1,rrg,28,0.14062881,0.1421374,0.071729876,12,0.42933193,0.41062027,0,2.021535,1.8699142932891846,1.4503328,0.34852138,5,0.2546980381011963
sequential,ov,0.2,0.3,0.52,1,rrg,14,0.16794623,0.14685932,0.114518724,8,0.6666667,0.47140452,0,1.0163265,1.8422253131866455,2.0122285e-16,0.6106846,4,0.23261761665344238
sequential,ov,0.2,0.3,0.53,1,rrg,69,0.14260024,0.14138629,0.09066659,10,0.66670173,0.471355,0,1.4644818,1.96921706199646,0.0014033163,0.61909825,2,0.20157095789909363
sequential,ov,0.2,0.3,0.54,1,rrg,8,0.21759185,0.16416165,0.10346742,4,0.13663353,0.050912507,0,2.2544227,1.9109541177749634,2.1781118,0.08095832,13,0.1798805594444275
sequential,ov,0.2,0.3,0.55,1,rrg,2,0.103517726,0.11119427,0.09530124,11,0.060787544,0.044957187,0,2.14298,1.9746694564819336,1.5308571,0.04526341,17,0.1596129834651947
sequential,ov,0.2,0.3,0.56,1,rrg,65,0.2468211,0.15361197,0.12962288,4,0.52750975,0.34078753,0,1.7037244,1.8397296667099,1.2231823,0.3059086,9,0.2301524579524994
sequential,ov,0.2,0.3,0.57,1,rrg,29,0.19011725,0.12261301,0.07217855,5,0.42656955,0.40696386,0,1.8507156,1.9538981914520264,1.2548022,0.30346957,6,0.2023111879825592
sequential,ov,0.2,0.3,0.58,1,rrg,91,0.11247134,0.11437233,0.11837101,9,0.07305118,0.10330995,0,1.8754672,1.9456987380981445,0.69604605,0.11054162,7,0.14645060896873474
sequential,ov,0.2,0.3,0.59,1,rrg,39,0.098257355,0.08975867,0.07197506,10,0.107231416,0.0758242,0,2.0934758,1.942354440689087,1.1576179,0.07447896,13,0.1884186565876007
sequential,ov,0.2,0.3,0.6,1,rrg,21,0.011057811,0.12157117,0.14955388,18,0.021428451,0.030304406,0,2.031843,1.9312679767608643,0.6707699,0.025114387,17,0.17137423157691956
sequential,ov,0.2,0.3,0.61,1,rrg,97,0.0029161463,0.1048306,0.10858119,20,0.006874004,0.009721309,0,2.023859,1.913791298866272,0.7933369,0.007846053,20,0.23844309151172638
sequential,ov,0.2,0.3,0.62,1,rrg,51,0.10596813,0.09452836,0.061888244,9,0.33333352,0.4714044,0,1.7629675,1.9567253589630127,1.4957533e-05,0.36865583,2,0.1818256974220276
sequential,ov,0.2,0.3,0.63,1,rrg,11,0.09242953,0.08934751,0.07019168,9,0.093695946,0.07297374,0,2.003181,2.005092144012451,1.1165483,0.0628861,14,0.2153136283159256
sequential,ov,0.2,0.3,0.64,1,rrg,66,0.006508774,0.12839597,0.10717442,20,0.006746434,0.009540899,0,1.6817482,1.9025728702545166,0.7447581,0.008916025,20,0.24591746926307678
sequential,ov,0.2,0.3,0.65,1,rrg,7,0.001336259,0.13319454,0.14222091,20,5.733444e-38,0.0,0,1.9695503,1.8490116596221924,4.8908377e-35,0.001336259,20,0.23011557757854462
sequential,ov,0.2,0.3,0.66,1,rrg,72,0.052626226,0.10578036,0.123305,11,0.036699697,0.05190121,0,2.0704553,1.911669135093689,0.69272923,0.054241773,13,0.19173261523246765
sequential,ov,0.2,0.3,0.67,1,rrg,49,0.14185278,0.13827786,0.14707418,6,0.33333984,0.4713999,0,1.0722504,1.8351390361785889,0.00062757015,0.38061106,4,0.2443263828754425
sequential,ov,0.2,0.3,0.68,1,rrg,82,0.075899415,0.14500603,0.14187585,13,0.017182952,0.024300365,0,1.7972997,1.9213693141937256,0.75070864,0.05871646,14,0.22905397415161133
sequential,ov,0.2,0.3,0.69,1,rrg,70,0.13727845,0.12745824,0.112116314,7,0.11011692,0.08152144,0,1.9506271,1.9205421209335327,1.2377095,0.06547204,15,0.23569504916667938
sequential,ov,0.2,0.3,0.7,1,rrg,56,0.06009985,0.12193688,0.12656829,12,0.009693249,0.013708323,0,2.1449385,1.959758996963501,0.824641,0.050406605,17,0.22994117438793182
sequential,ov,0.2,0.3,0.71,1,rrg,96,0.011744588,0.15241078,0.14469948,20,0.33333334,0.4714045,0,2.2146926,1.839472770690918,9.51983e-10,0.3372482,10,0.2856546640396118
sequential,ov,0.2,0.3,0.72,1,rrg,76,0.110989355,0.124754325,0.12401781,11,0.6666667,0.47140452,0,1.748648,1.8838930130004883,1.377472e-32,0.6296702,1,0.24512803554534912
sequential,ov,0.2,0.3,0.73,1,rrg,52,0.05028112,0.11938815,0.12603262,11,0.050724816,0.07173572,0,1.8900846,1.9520509243011475,0.4871299,0.06748518,15,0.22289355099201202
sequential,ov,0.2,0.3,0.74,1,rrg,40,0.17996028,0.1366714,0.1465285,5,0.38303173,0.44048816,0,1.6913745,1.851793885231018,0.6624524,0.3436217,7,0.23214873671531677
sequential,ov,0.2,0.3,0.75,1,rrg,37,0.1695555,0.12651446,0.12527446,6,0.34347168,0.46440166,0,1.7574172,1.8497569561004639,0.7105028,0.3797135,4,0.2261979579925537
sequential,ov,0.2,0.3,0.76,1,rrg,62,0.02216533,0.13424392,0.15086439,17,0.33333334,0.4714045,0,2.3025606,1.789320707321167,7.324291e-22,0.34072176,8,0.23547902703285217
sequential,ov,0.2,0.3,0.77,1,rrg,67,0.012254583,0.1222415,0.1337037,18,0.012789299,0.0180868,0,1.9706391,1.8320420980453491,0.67064446,0.016874159,18,0.18134558200836182
sequential,ov,0.2,0.3,0.78,1,rrg,12,0.036259905,0.15491895,0.14807475,15,0.072823025,0.10298732,0,2.33601,1.7840907573699951,0.6190552,0.084909655,16,0.2520403265953064
sequential,ov,0.2,0.3,0.79,1,rrg,36,0.11804514,0.14234951,0.15067635,9,0.084297754,0.119215034,0,1.9868118,1.7207415103912354,0.59580356,0.12364614,12,0.2373751699924469
sequential,ov,0.2,0.3,0.8,1,rrg,1,0.14240935,0.14007257,0.14958127,7,0.33333334,0.4714045,0,1.0402775,1.7173144817352295,2.4100568e-21,0.3808031,6,0.2387043982744217
sequential,ov,0.2,0.3,0.81,1,rrg,3,0.008238216,0.13951209,0.15363027,19,1.8665126e-08,2.6396476e-08,0,1.5198603,1.7515496015548706,1.7511902e-06,0.008238197,19,0.2309151440858841
sequential,ov,0.2,0.3,0.82,1,rrg,89,0.032922365,0.14673945,0.15465353,13,0.06934646,0.0980707,0,1.9954325,1.7640751600265503,0.7232451,0.080320574,14,0.24323159456253052
sequential,ov,0.2,0.3,0.83,1,rrg,4,0.106918916,0.15052246,0.15605749,8,4.881144e-06,6.9029793e-06,0,1.7059721,1.75363028049469,0.00037977778,0.106914036,11,0.2534182667732239
sequential,ov,0.2,0.3,0.84,1,rrg,38,0.48206648,0.15095383,0.16139731,2,0.0,0.0,0,1.199405,1.7591314315795898,0.0,0.48206648,2,0.26311713457107544
sequential,ov,0.2,0.3,0.85,1,rrg,71,0.011327522,0.13018087,0.14242834,15,0.027227215,0.038505096,0,2.0152435,1.7988821268081665,0.6530213,0.031003056,13,0.25010666251182556
sequential,ov,0.2,0.3,0.86,1,rrg,9,0.032872174,0.13991605,0.1444825,11,0.0052330648,0.007400672,0,1.9160179,1.775382161140442,0.8008156,0.027639112,13,0.2676396667957306
sequential,ov,0.2,0.3,0.87,1,rrg,41,0.5671839,0.14886998,0.14665678,1,0.11766971,0.11039812,0,1.4051925,1.7587945461273193,1.3821106,0.44951418,2,0.286531925201416
sequential,ov,0.2,0.3,0.88,1,rrg,77,0.67354494,0.15427913,0.17874084,1,0.0010754812,0.0015209599,1,1.220194,1.6962920427322388,0.012371198,0.67246944,1,0.29910025000572205
sequential,ov,0.2,0.3,0.89,1,rrg,46,0.036004648,0.08889931,0.07899161,8,0.3392537,0.46727446,0,2.337563,1.728926181793213,0.78309387,0.3394145,6,0.24712033569812775
sequential,ov,0.2,0.3,0.9,1,rrg,15,0.06687637,0.08714055,0.08432487,5,0.33333334,0.4714045,0,1.7261956,1.6588703393936157,2.7283993e-06,0.35562548,4,0.2309216558933258
sequential,ov,0.2,0.3,0.91,1,rrg,79,0.009256883,0.08847419,0.08932393,8,0.007100517,0.010041648,0,1.6514798,1.636065125465393,0.6232884,0.010186144,8,0.2162480354309082
sequential,ov,0.2,0.3,0.92,1,rrg,83,0.1407019,0.09719999,0.09101765,3,0.6666667,0.47140452,0,1.4849972,1.6409815549850464,0.0,0.61976606,1,0.24121160805225372
sequential,ov,0.2,0.3,0.93,1,rrg,23,0.09595055,0.089978494,0.09654602,3,1.04613945e-23,0.0,0,0.92858166,1.6647824048995972,7.9738426e-21,0.09595055,4,0.18618865311145782
sequential,ov,0.2,0.3,0.94,1,rrg,22,0.039433543,0.08875383,0.104431026,3,0.33333334,0.4714045,0,2.0801105,1.786596655845642,4.0577396e-33,0.34647787,3,0.20100705325603485
sequential,ov,0.2,0.3,0.95,1,rrg,86,0.2899406,0.09850608,0.11191147,1,0.33333334,0.4714045,0,0.60209846,1.7272758483886719,2.0901656e-25,0.4299802,1,0.17180392146110535
sequential,ov,0.2,0.3,0.96,1,rrg,24,0.16032255,0.050627045,0.06484492,1,0.33333334,0.4714045,0,1.8154262,2.0084400177001953,5.718655e-17,0.38677418,1,0.10723982751369476
sequential,ov,0.2,0.3,0.97,1,rrg,25,0.0011157839,0.014052211,0.01608188,3,7.535662e-09,1.0655753e-08,0,2.2347589,2.0727126598358154,3.6381282e-06,0.0011157765,3,0.014052189886569977
sequential,ov,0.2,0.3,0.98,1,rrg,93,0.036720015,0.020518184,0.016201833,1,1.337523e-12,1.891529e-12,0,2.0114655,1.9916737079620361,4.72801e-11,0.036720015,1,0.02051817998290062
sequential,ov,0.2,0.3,0.99,1,rrg,95,0.0043156855,0.0043156855,0.0,1,8.685595e-10,1.2283287e-09,0,1.9718778,1.9718778133392334,1.5275135e-06,0.0043156845,1,0.004315684549510479
sequential,mov,0.2,0.3,0.0,1,rrg,2,0.1993963,0.19939631,1.4901161e-08,1,0.1993963,0.0,0,2.292514,2.2925143241882324,2.292514,0.0,1,0.0
sequential,mov,0.2,0.3,0.01,1,rrg,6,0.20001042,0.19413705,0.023144638,9,0.20019154,0.0002776845,0,2.2055333,2.2113146781921387,2.2056315,0.00020142893,13,0.009636687114834785
sequential,mov,0.2,0.3,0.02,1,rrg,37,0.20000081,0.19472489,0.024128562,15,0.2000041,5.9006093e-06,0,2.201027,2.211637258529663,2.2009752,4.465381e-06,19,0.010698601603507996
sequential,mov,0.2,0.3,0.03,1,rrg,5,0.20023514,0.18854761,0.030209325,14,0.18879986,0.020802297,0,2.2508402,2.2131221294403076,2.2603369,0.016504502,7,0.02408975549042225
sequential,mov,0.2,0.3,0.04,1,rrg,44,0.2004082,0.18085824,0.046174187,14,0.2008512,0.0006370521,0,2.201,2.22153902053833,2.2032797,0.000680387,20,0.02742106281220913
sequential,mov,0.2,0.3,0.05,1,rrg,69,0.22408867,0.18899384,0.03833141,1,0.19118984,0.042560857,0,2.1952305,2.2163443565368652,2.1793725,0.032898813,6,0.02509957179427147
sequential,mov,0.2,0.3,0.06,1,rrg,7,0.21484959,0.1785647,0.04362332,3,0.2073931,0.012359411,0,2.2072968,2.243673801422119,2.2241106,0.010473619,14,0.032888226211071014
sequential,mov,0.2,0.3,0.07,1,rrg,76,0.20831695,0.16324432,0.056821246,1,0.19745946,0.004504629,0,2.2326155,2.2820801734924316,2.2524786,0.010857508,17,0.037117354571819305
sequential,mov,0.2,0.3,0.08,1,rrg,4,0.20592894,0.17965314,0.07292639,4,0.29954034,0.14037861,0,2.073924,2.245434045791626,1.9903779,0.101102315,2,0.057567328214645386
sequential,mov,0.2,0.3,0.09,1,rrg,10,0.15782695,0.16046782,0.058599018,13,0.14422105,0.05480591,0,2.354068,2.2401838302612305,2.296644,0.044437993,10,0.06623338162899017
sequential,mov,0.2,0.3,0.1,1,rrg,55,0.5154664,0.18428841,0.09092619,1,0.12802105,0.093903854,1,1.5710733,2.194079875946045,1.430242,0.38744536,1,0.07125601917505264
sequential,mov,0.2,0.3,0.11,1,rrg,16,0.49433425,0.16039585,0.09866913,1,0.14007787,0.09939553,1,1.5843737,2.1771552562713623,1.383337,0.3542564,1,0.09530274569988251
sequential,mov,0.2,0.3,0.12,1,rrg,12,0.14507985,0.1662694,0.04215579,15,0.12094897,0.054816913,0,2.4637814,2.2334437370300293,2.377302,0.05746148,8,0.06091144680976868
sequential,mov,0.2,0.3,0.13,1,rrg,87,0.20372784,0.1592763,0.05897148,8,0.4328955,0.40479302,0,1.7359427,2.16640043258667,1.378644,0.31148636,1,0.07410285621881485
sequential,mov,0.2,0.3,0.14,1,rrg,8,0.19585934,0.16784099,0.056288563,8,0.17288645,0.012303738,0,2.276743,2.2009613513946533,2.280094,0.022972887,17,0.05892229080200195
sequential,mov,0.2,0.3,0.15,1,rrg,38,0.29537123,0.17030504,0.06262978,1,0.12669079,0.08965355,0,1.8486829,2.202512741088867,1.3916483,0.16868044,2,0.07008016854524612
sequential,mov,0.2,0.3,0.16,1,rrg,40,0.23722789,0.15965441,0.0581853,1,0.19878632,0.058222998,0,2.1355505,2.215151786804199,2.1325037,0.042058546,13,0.06228386610746384
sequential,mov,0.2,0.3,0.17,1,rrg,29,0.22492291,0.14325906,0.0721749,1,0.19509739,0.026124187,0,2.2204123,2.2306151390075684,2.240939,0.029825523,14,0.05831914395093918
sequential,mov,0.2,0.3,0.18,1,rrg,34,0.5363749,0.16370639,0.10266009,1,0.21904857,0.21498966,0,1.452578,2.1443450450897217,1.1717533,0.31732634,1,0.09197411686182022
sequential,mov,0.2,0.3,0.19,1,rrg,53,0.23198329,0.1175923,0.06538669,1,0.18450488,0.023584468,0,2.0999558,2.1855459213256836,2.058715,0.047478404,15,0.07548247277736664
sequential,mov,0.2,0.3,0.2,1,rrg,36,0.19408664,0.14774637,0.0655069,6,0.14850143,0.107858256,0,2.0852861,2.2122440338134766,1.4766073,0.08481298,7,0.07347133755683899
sequential,mov,0.2,0.3,0.21,1,rrg,63,0.7650187,0.16563207,0.14737609,1,0.06850169,0.09687532,1,0.9245451,2.127530813217163,0.64627916,0.696517,1,0.11423803865909576
sequential,mov,0.2,0.3,0.22,1,rrg,27,0.21353969,0.14810482,0.07224182,6,0.20902908,0.0056023705,0,2.1218164,2.2003860473632812,2.1005545,0.006293744,20,0.06276411563158035
sequential,mov,0.2,0.3,0.23,1,rrg,83,0.16811079,0.13464732,0.06288162,8,0.43680188,0.39998734,0,1.9357651,2.147490978240967,1.4585956,0.3077795,2,0.10225490480661392
sequential,mov,0.2,0.3,0.24,1,rrg,68,0.22774999,0.15425017,0.064613655,2,0.20485221,0.049869757,0,2.2086902,2.2605690956115723,2.1812038,0.039285596,14,0.053982317447662354
sequential,mov,0.2,0.3,0.25,1,rrg,3,0.14238659,0.11541466,0.07157601,8,0.18238012,0.1396821,0,2.1252036,2.1552975177764893,1.3501192,0.13491793,2,0.09254784882068634
sequential,mov,0.2,0.3,0.26,1,rrg,59,0.2761407,0.13315438,0.064082325,1,0.086369075,0.06286554,0,1.8488743,2.1807522773742676,1.4508562,0.18977161,1,0.07757724821567535
sequential,mov,0.2,0.3,0.27,1,rrg,90,0.23916447,0.12956922,0.06583542,2,0.08106085,0.11463715,0,1.8930687,2.2446258068084717,0.66803455,0.16078216,2,0.08027201890945435
sequential,mov,0.2,0.3,0.28,1,rrg,30,0.34253398,0.14143638,0.08204352,1,0.30227378,0.1396426,0,1.9146746,2.2155051231384277,1.9128357,0.14476614,1,0.07510995119810104
sequential,mov,0.2,0.3,0.29,1,rrg,65,0.27468893,0.1334115,0.073855326,1,0.23810953,0.0008588195,0,2.1063213,2.1871447563171387,2.1726823,0.03657941,19,0.089818574488163
sequential,mov,0.2,0.3,0.3,1,rrg,0,0.17415051,0.12344239,0.07342365,6,0.41474947,0.4158582,0,1.9291816,2.0639405250549316,1.4935752,0.30996743,1,0.10587169229984283
sequential,mov,0.2,0.3,0.31,1,rrg,91,0.14682579,0.16057448,0.17426838,7,0.057824995,0.08177689,0,2.0733232,2.0377466678619385,0.70441985,0.10676692,6,0.1208232194185257
sequential,mov,0.2,0.3,0.32,1,rrg,98,0.19443575,0.17322274,0.17930107,6,0.17659013,0.028941223,0,2.254788,2.1011455059051514,2.1978729,0.027002668,20,0.13750730454921722
sequential,mov,0.2,0.3,0.33,1,rrg,28,0.16319478,0.13010116,0.06470348,5,0.12783201,0.045238923,0,2.4864497,2.1512482166290283,2.4187062,0.044846106,20,0.12176232039928436
sequential,mov,0.2,0.3,0.34,1,rrg,78,0.33650982,0.17899166,0.1915528,2,0.02321182,0.03279897,0,1.81995,2.0355348587036133,0.8178995,0.31329802,3,0.16175122559070587
sequential,mov,0.2,0.3,0.35,1,rrg,86,0.42294946,0.16136028,0.106192686,1,0.12597695,0.10040353,0,1.6989974,2.0995194911956787,1.3135684,0.2969725,1,0.10077697038650513
sequential,mov,0.2,0.3,0.36,1,rrg,88,0.20567136,0.16712102,0.13613296,5,0.11577106,0.08569192,0,2.0382254,2.114844799041748,1.2745284,0.08990029,9,0.11973060667514801
sequential,mov,0.2,0.3,0.37,1,rrg,92,0.3735069,0.137327,0.09091109,1,0.002243978,0.003173464,0,1.6481287,2.177299976348877,0.06307729,0.37126294,2,0.11064466089010239
sequential,mov,0.2,0.3,0.38,1,rrg,51,0.18155788,0.12995887,0.08778863,6,0.37246946,0.40698287,0,1.8150854,2.1302664279937744,0.7709195,0.31385478,3,0.11825037002563477
sequential,mov,0.2,0.3,0.39,1,rrg,93,0.15209675,0.13998786,0.13955124,5,0.09155371,0.08605747,0,2.2969623,2.0888335704803467,1.4692456,0.09699396,9,0.1306905895471573
sequential,mov,0.2,0.3,0.4,1,rrg,19,0.32397848,0.22246571,0.27696425,4,0.15509026,0.11158407,0,1.7931308,1.879656434059143,1.313435,0.16888823,6,0.19525031745433807
sequential,mov,0.2,0.3,0.41,1,rrg,14,0.197548,0.17198983,0.20081508,4,0.45172596,0.41391718,0,1.1922829,2.021117687225342,0.56087476,0.38587657,2,0.1485273391008377
sequential,mov,0.2,0.3,0.42,1,rrg,89,0.19890761,0.16639802,0.20265602,4,1.6545227e-06,2.3398484e-06,0,1.5394319,2.0090572834014893,0.00014322453,0.19890596,5,0.16623520851135254
sequential,mov,0.2,0.3,0.43,1,rrg,57,0.1958726,0.1990323,0.238262,5,0.15468322,0.1837248,0,2.2379503,2.0167288780212402,1.360774,0.18582125,5,0.17480434477329254
sequential,mov,0.2,0.3,0.44,1,rrg,64,0.13277943,0.22582094,0.22681734,13,0.11160311,0.106374316,0,2.2158902,1.9934360980987549,1.553133,0.10249994,10,0.19174034893512726
sequential,mov,0.2,0.3,0.45,1,rrg,74,0.4176955,0.16111794,0.12040554,1,0.064187504,0.090774655,1,1.5035151,2.055368185043335,0.7203128,0.353508,1,0.1209833025932312
sequential,mov,0.2,0.3,0.46,1,rrg,85,0.11446453,0.20415762,0.23917958,11,0.13076289,0.07416831,0,2.5222201,2.0094382762908936,2.389269,0.074647136,10,0.15197226405143738
sequential,mov,0.2,0.3,0.47,1,rrg,52,0.2652691,0.1940152,0.22729422,3,0.122499175,0.08848958,0,2.123998,1.9081580638885498,1.4725319,0.14276992,8,0.17651310563087463
sequential,mov,0.2,0.3,0.48,1,rrg,42,0.42355332,0.14723442,0.12995867,1,0.27064914,0.09896892,0,1.4691051,2.047828197479248,1.7428436,0.15290418,6,0.11250841617584229
sequential,mov,0.2,0.3,0.49,1,rrg,23,0.20521729,0.2483335,0.23629926,9,0.003874956,0.005473853,0,1.0605061,1.8476680517196655,0.040628668,0.20134233,10,0.22270016372203827
sequential,mov,0.2,0.3,0.5,1,rrg,71,0.13412091,0.19963211,0.27885586,7,0.120512895,0.07408696,0,2.2699854,1.8740301132202148,2.0527165,0.06431592,14,0.20214208960533142
sequential,mov,0.2,0.3,0.51,1,rrg,31,0.18663143,0.16162024,0.23920375,4,0.04886521,0.034779657,0,1.9103724,1.9581689834594727,1.4104109,0.13776623,5,0.16351909935474396
sequential,mov,0.2,0.3,0.52,1,rrg,20,0.12351929,0.20479277,0.20016791,10,0.111063845,0.09827842,0,2.2162268,1.9213730096817017,1.4735893,0.08941593,14,0.20196834206581116
sequential,mov,0.2,0.3,0.53,1,rrg,94,0.4056743,0.20391023,0.2310391,3,0.20739353,0.14638284,1,1.859258,1.8598394393920898,2.0677202,0.1989158,8,0.20724177360534668
sequential,mov,0.2,0.3,0.54,1,rrg,80,0.004737092,0.2256399,0.2681343,20,2.6987365e-10,3.8165895e-10,0,1.975934,1.7168216705322266,3.8425814e-08,0.0047370917,20,0.24163147807121277
sequential,mov,0.2,0.3,0.55,1,rrg,97,0.013148228,0.13954112,0.16298214,18,0.0132411895,0.009895174,0,2.0842593,1.8497083187103271,1.494115,0.008858446,19,0.1538783758878708
sequential,mov,0.2,0.3,0.56,1,rrg,67,0.012732302,0.20802529,0.26318386,18,0.0069181733,0.009783775,0,1.8961563,1.7477585077285767,0.6296813,0.011162274,20,0.2328973114490509
sequential,mov,0.2,0.3,0.57,1,rrg,79,0.01611283,0.18528943,0.19881375,18,0.009003709,0.01183453,0,1.7975887,1.8428236246109009,0.78879005,0.013516401,20,0.22560206055641174
sequential,mov,0.2,0.3,0.58,1,rrg,18,0.02017784,0.16113566,0.1439081,19,0.032138843,0.045451183,0,1.9567108,1.843888282775879,0.6380308,0.038864788,18,0.19077226519584656
sequential,mov,0.2,0.3,0.59,1,rrg,95,0.0057531768,0.28587782,0.3209344,18,4.3382246e-05,6.135177e-05,0,1.9931813,1.6012094020843506,0.020824328,0.005709795,20,0.28784316778182983
sequential,mov,0.2,0.3,0.6,1,rrg,70,0.69655406,0.23277685,0.23327722,2,0.0761778,0.10773167,0,1.0832895,1.7483726739883423,0.42345962,0.6203763,2,0.2681002914905548
sequential,mov,0.2,0.3,0.61,1,rrg,24,0.1436273,0.1353532,0.17317241,5,0.23490734,0.33220917,0,1.8478457,1.8332570791244507,0.37267992,0.28278312,6,0.17911872267723083
sequential,mov,0.2,0.3,0.62,1,rrg,21,0.009774319,0.2096597,0.2544513,19,0.022421988,0.03170948,0,2.0195096,1.7047746181488037,0.79939085,0.025680095,19,0.2359834909439087
sequential,mov,0.2,0.3,0.63,1,rrg,62,0.026604867,0.22356395,0.29637703,18,0.024237163,0.03292817,0,1.9503089,1.6150367259979248,1.281805,0.031825412,18,0.24962592124938965
sequential,mov,0.2,0.3,0.64,1,rrg,96,0.005362958,0.2333618,0.3057668,20,0.045959696,0.06499682,0,2.047488,1.6193921566009521,0.67704433,0.047747348,16,0.2873924672603607
sequential,mov,0.2,0.3,0.65,1,rrg,25,0.1149174,0.23007473,0.30720347,8,0.070989855,0.016870894,0,2.2686238,1.618438959121704,2.0809476,0.043927547,17,0.28736841678619385
sequential,mov,0.2,0.3,0.66,1,rrg,46,0.032758374,0.31458205,0.3487526,15,0.3356407,0.4697815,0,2.3324504,1.4328734874725342,0.1170836,0.34194544,10,0.3473384380340576
sequential,mov,0.2,0.3,0.67,1,rrg,77,0.40441704,0.25023222,0.3190624,4,0.21790576,0.30816528,1,1.7134999,1.5522098541259766,0.2932409,0.35271144,6,0.29262450337409973
sequential,mov,0.2,0.3,0.68,1,rrg,22,0.031796362,0.17210478,0.19913827,14,0.12485243,0.16308753,0,2.2195632,1.7044645547866821,1.3131179,0.122561514,11,0.209428071975708
sequential,mov,0.2,0.3,0.69,1,rrg,35,0.025984049,0.16744235,0.22902058,16,0.0086314455,0.012206707,1,1.5602337,1.5103421211242676,0.59334725,0.017352603,17,0.22493486106395721
sequential,mov,0.2,0.3,0.7,1,rrg,49,0.5371499,0.17707703,0.22840737,2,0.1686514,0.12159628,0,1.2383766,1.5729867219924927,1.2930983,0.36849847,5,0.24789853394031525
sequential,mov,0.2,0.3,0.71,1,rrg,15,0.09536588,0.29887384,0.34615028,10,0.47594714,0.40966296,0,1.763745,1.4765576124191284,0.570053,0.44415852,7,0.3564472496509552
sequential,mov,0.2,0.3,0.72,1,rrg,33,0.0053271083,0.29894876,0.34218827,19,0.0072724256,0.010284762,0,1.9842318,1.3818068504333496,0.82239157,0.0090481285,19,0.331883043050766
sequential,mov,0.2,0.3,0.73,1,rrg,82,0.056138832,0.28626198,0.34499013,13,0.022857523,0.032325417,0,1.9007863,1.365333080291748,0.6903217,0.041570466,16,0.33618244528770447
sequential,mov,0.2,0.3,0.74,1,rrg,81,1.0,0.29325733,0.35721532,1,0.0,0.0,1,6.32907e-11,1.3511627912521362,0.0,1.0,1,0.34878236055374146
sequential,mov,0.2,0.3,0.75,1,rrg,99,0.038102727,0.26020974,0.33890378,14,0.33333322,0.47140434,1,2.0817373,1.4262367486953735,2.4148314e-06,0.34603414,8,0.32034870982170105
sequential,mov,0.2,0.3,0.76,1,rrg,50,0.31341016,0.27588737,0.33348513,6,3.785136e-21,5.35292e-21,0,1.24078,1.373920202255249,2.2948735e-19,0.31341016,11,0.3369743227958679
sequential,mov,0.2,0.3,0.77,1,rrg,13,0.22800884,0.2542596,0.31617635,7,0.025667267,0.036298998,1,1.7744042,1.4253357648849487,0.6407004,0.20234156,12,0.3138987720012665
sequential,mov,0.2,0.3,0.78,1,rrg,17,0.79014796,0.31504533,0.35190725,4,0.08527552,0.120597795,1,0.6480771,1.3604638576507568,0.39508685,0.7048724,4,0.37240204215049744
sequential,mov,0.2,0.3,0.79,1,rrg,39,0.04195768,0.27924126,0.3343838,14,0.048729587,0.068913974,0,1.9139715,1.399237036705017,0.5180894,0.06271542,15,0.35635748505592346
sequential,mov,0.2,0.3,0.8,1,rrg,1,0.13049817,0.26675573,0.33400938,10,0.33353546,0.47126168,0,1.336902,1.3671319484710693,0.030452425,0.37663063,8,0.3452794551849365
sequential,mov,0.2,0.3,0.81,1,rrg,9,0.016978452,0.2713832,0.34088668,16,7.774463e-21,1.0994745e-20,0,1.7958289,1.3715553283691406,3.2095443e-18,0.016978452,17,0.3409462869167328
sequential,mov,0.2,0.3,0.82,1,rrg,32,0.028466893,0.2845448,0.3449308,13,8.522901e-19,1.2053202e-18,0,1.6883816,1.3497027158737183,6.627311e-16,0.028466893,15,0.3581157624721527
sequential,mov,0.2,0.3,0.83,1,rrg,66,0.0038658297,0.29930702,0.34923577,16,1.9464e-41,0.0,0,1.3791599,1.3302888870239258,9.09382e-39,0.0038658297,16,0.3772945702075958
sequential,mov,0.2,0.3,0.84,1,rrg,58,0.9999916,0.317698,0.35187402,2,0.0,0.0,1,0.000116663636,1.3273491859436035,0.0,0.9999916,2,0.40058642625808716
sequential,mov,0.2,0.3,0.85,1,rrg,72,0.017860156,0.27220383,0.31459153,13,0.0,0.0,0,1.7480466,1.415840744972229,0.0,0.017860156,14,0.3606213331222534
sequential,mov,0.2,0.3,0.86,1,rrg,41,0.14393614,0.29036218,0.31794515,8,0.33333334,0.4714045,0,0.99202716,1.3921204805374146,3.7085017e-19,0.38131204,6,0.3850990831851959
sequential,mov,0.2,0.3,0.87,1,rrg,73,0.23568532,0.30162424,0.3272453,6,0.4113028,0.3623513,0,1.761642,1.4228999614715576,0.6269997,0.33274105,9,0.3853894770145416
sequential,mov,0.2,0.3,0.88,1,rrg,43,0.14393613,0.32225662,0.35796547,6,0.33333334,0.4714045,0,0.9920234,1.3553911447525024,1.0079962e-08,0.38131204,6,0.4163494408130646
sequential,mov,0.2,0.3,0.89,1,rrg,11,0.53993124,0.3433081,0.3717029,4,3.694826e-18,4.243462e-18,0,1.4107729,1.3738760948181152,1.1047678e-15,0.53993124,4,0.42595815658569336
sequential,mov,0.2,0.3,0.9,1,rrg,75,0.0038817897,0.35483938,0.4112828,9,0.33333334,0.4714045,0,2.3746555,1.293778657913208,3.214671e-15,0.33462727,7,0.44598817825317383
sequential,mov,0.2,0.3,0.91,1,rrg,45,0.99999344,0.40794975,0.4322253,2,9.737917e-06,1.3771493e-05,1,8.917432e-05,1.1201227903366089,0.0003677916,0.9999837,2,0.4724918007850647
sequential,mov,0.2,0.3,0.92,1,rrg,47,1.0,0.3357712,0.40398183,1,4.1527355e-34,0.0,1,1.2377429e-11,1.2515454292297363,1.8929024e-31,1.0,1,0.4083828330039978
sequential,mov,0.2,0.3,0.93,1,rrg,48,0.0001972144,0.24210212,0.34101474,7,5.4343666e-33,0.0,0,1.4396716,1.4241586923599243,1.1245983e-29,0.00019721438,7,0.32508715987205505
sequential,mov,0.2,0.3,0.94,1,rrg,84,0.48205894,0.28396618,0.35564548,2,3.0431042e-07,4.3035996e-07,1,1.1994531,1.4112211465835571,1.4831585e-05,0.48205864,2,0.38078245520591736
sequential,mov,0.2,0.3,0.95,1,rrg,54,0.07072242,0.24461734,0.37784857,2,1.4908e-40,0.0,0,1.2382288,1.451326608657837,5.525507e-37,0.07072242,4,0.3607969284057617
sequential,mov,0.2,0.3,0.96,1,rrg,56,0.021592218,0.28820878,0.41131455,4,0.023369571,0.033049565,0,2.003719,1.5034513473510742,0.6799159,0.030566975,4,0.43343329429626465
sequential,mov,0.2,0.3,0.97,1,rrg,26,0.12631825,0.39584067,0.42802662,2,0.33397517,0.47095132,0,1.4822097,1.1505755186080933,0.14530165,0.3747976,2,0.5761759877204895
sequential,mov,0.2,0.3,0.98,1,rrg,60,0.061210398,0.53060484,0.46939442,2,0.33333334,0.4714045,0,1.9694214,0.9847174882888794,2.0848077e-17,0.3537368,2,0.6768680214881897
sequential,mov,0.2,0.3,0.99,1,rrg,61,0.99999624,0.99999624,0.0,1,5.202533e-27,0.0,1,5.649452e-05,5.6494518503313884e-05,4.538548e-25,0.99999624,1,0.9999962449073792
sequential,c_mov,0.2,0.3,0.0,1,rrg,61,0.1993963,0.19939631,1.4901161e-08,1,0.1993963,0.0,1,2.292514,2.2925143241882324,2.292514,0.0,1,0.0
sequential,c_mov,0.2,0.3,0.01,1,rrg,81,0.19999748,0.19999757,8.547086e-08,16,0.19999743,3.9424766e-08,1,2.2038603,2.194117307662964,2.2038555,5.4637592e-08,12,7.276734237393612e-08
sequential,c_mov,0.2,0.3,0.02,1,rrg,14,0.19999988,0.1999999,3.634784e-08,13,0.19999987,1.2166748e-08,0,2.199375,2.1451117992401123,2.196401,4.967054e-09,19,0.02666344866156578
sequential,c_mov,0.2,0.3,0.03,1,rrg,58,0.2,0.2,2.8662956e-08,10,0.2,4.9421562e-08,1,2.1976688,2.141334056854248,2.190501,4.4703484e-08,11,0.026660168543457985
sequential,c_mov,0.2,0.3,0.04,1,rrg,45,0.2,0.22502545,0.07507634,9,0.2,1.9237316e-08,1,2.1941147,2.058899164199829,2.1861033,1.4901161e-08,20,0.07586038112640381
sequential,c_mov,0.2,0.3,0.05,1,rrg,99,0.19999999,0.21251722,0.054561332,11,0.19999999,1.2166748e-08,1,2.171144,2.0787105560302734,2.1561382,9.934108e-09,18,0.05959327891469002
sequential,c_mov,0.2,0.3,0.06,1,rrg,17,0.19999999,0.21251738,0.054561917,12,0.19999997,4.3015945e-08,1,2.1819394,2.0194339752197266,2.1671045,3.973643e-08,14,0.09084846824407578
sequential,c_mov,0.2,0.3,0.07,1,rrg,55,0.20000005,0.20000005,5.7131913e-08,9,0.20000005,2.1073424e-08,1,2.0571651,2.0423264503479004,2.0019133,1.9868216e-08,19,0.0704086422920227
sequential,c_mov,0.2,0.3,0.08,1,rrg,1,0.19999997,0.2,4.292983e-08,12,0.19999999,1.2166748e-08,0,2.1912634,2.056847095489502,2.1796727,1.4901161e-08,19,0.030839139595627785
sequential,c_mov,0.2,0.3,0.09,1,rrg,84,0.20000005,0.21236849,0.053913027,4,0.2,1.4901161e-08,1,1.912854,1.9931275844573975,1.7936287,4.9670536e-08,13,0.08146287500858307
sequential,c_mov,0.2,0.3,0.1,1,rrg,10,0.20000012,0.22502539,0.075076185,3,0.20000006,5.0164783e-08,0,2.1891325,1.9740883111953735,2.17744,4.9670536e-08,13,0.1175394281744957
sequential,c_mov,0.2,0.3,0.11,1,rrg,74,0.4503473,0.20650056,0.06064399,1,0.13333331,0.09428089,1,1.5945435,2.0182747840881348,1.2459773,0.31701398,2,0.08424295485019684
sequential,c_mov,0.2,0.3,0.12,1,rrg,35,0.20000008,0.21878898,0.05951937,9,0.4666667,0.37712362,1,1.792816,1.9459034204483032,1.3398963,0.26666668,5,0.12734001874923706
sequential,c_mov,0.2,0.3,0.13,1,rrg,24,0.18498257,0.22472104,0.07497159,20,0.1692098,0.05215474,0,2.201635,1.9191439151763916,2.1386545,0.04391436,9,0.14251793920993805
sequential,c_mov,0.2,0.3,0.14,1,rrg,41,0.19999999,0.21626672,0.06644099,13,0.20008148,0.00011528217,0,2.1582084,1.9682092666625977,2.1296127,8.1539154e-05,15,0.120804563164711
sequential,c_mov,0.2,0.3,0.15,1,rrg,94,0.44879186,0.23735452,0.08964481,2,0.13334773,0.09429109,1,1.6427681,1.8877578973770142,1.3315865,0.3154441,4,0.17192324995994568
sequential,c_mov,0.2,0.3,0.16,1,rrg,16,0.20707257,0.20428796,0.07979285,2,0.1960365,0.0088758,1,2.091561,1.923553228378296,2.038235,0.011036083,14,0.15256384015083313
sequential,c_mov,0.2,0.3,0.17,1,rrg,63,0.2827941,0.2203072,0.077695474,3,0.23742296,0.21080008,1,1.7643963,1.8616794347763062,1.1534424,0.19835389,8,0.17993725836277008
sequential,c_mov,0.2,0.3,0.18,1,rrg,11,0.19999999,0.21596082,0.06804234,18,0.19999999,1.2166748e-08,0,1.8973979,1.8271846771240234,1.7643641,9.934108e-09,20,0.19949528574943542
sequential,c_mov,0.2,0.3,0.19,1,rrg,2,0.19999994,0.22509944,0.07679082,19,0.20020227,0.00028607875,0,2.029954,1.8727279901504517,1.9524552,0.00020231803,17,0.15653295814990997
sequential,c_mov,0.2,0.3,0.2,1,rrg,77,0.44968668,0.21179,0.06365279,1,0.13339578,0.094325095,1,1.6379536,1.9338058233261108,1.3174696,0.3162909,1,0.11581561714410782
sequential,c_mov,0.2,0.3,0.21,1,rrg,37,0.20064117,0.19433485,0.03253891,5,0.46673226,0.37707722,0,1.8093228,1.873439073562622,1.3559408,0.26681477,8,0.2049437016248703
sequential,c_mov,0.2,0.3,0.22,1,rrg,13,0.20190053,0.20114979,0.08345222,5,0.20144425,0.0017875602,1,1.9264144,1.9233709573745728,1.7809825,0.0018374225,17,0.14075785875320435
sequential,c_mov,0.2,0.3,0.23,1,rrg,27,0.24388409,0.18431492,0.037329692,1,0.13410789,0.09483286,0,1.856477,1.8599134683609009,1.343318,0.1097762,12,0.23170948028564453
sequential,c_mov,0.2,0.3,0.24,1,rrg,36,0.2007173,0.17955728,0.038685326,6,0.22966938,0.03869369,0,2.0624082,1.862939476966858,1.9628142,0.028952071,14,0.20475256443023682
sequential,c_mov,0.2,0.3,0.25,1,rrg,47,0.24757825,0.18788241,0.04093923,2,0.057076037,0.080717705,1,1.8773334,1.8992090225219727,0.6997113,0.19050221,7,0.1608436554670334
sequential,c_mov,0.2,0.3,0.26,1,rrg,8,0.19972676,0.18531696,0.048746478,11,0.19223289,0.013887644,0,2.112854,1.9002879858016968,2.0631835,0.010584761,17,0.17744570970535278
sequential,c_mov,0.2,0.3,0.27,1,rrg,9,0.2,0.16967957,0.05207054,7,0.19999999,6.774158e-08,0,1.9506129,1.9268934726715088,1.822773,5.4637592e-08,20,0.20821654796600342
sequential,c_mov,0.2,0.3,0.28,1,rrg,6,0.2,0.17610592,0.05213495,10,0.46761546,0.37645447,0,1.7859771,1.9343187808990479,1.3028098,0.26761553,8,0.17509162425994873
sequential,c_mov,0.2,0.3,0.29,1,rrg,87,0.17096426,0.1463485,0.05370226,8,0.4239451,0.41109222,0,1.8660913,2.0377700328826904,1.3423042,0.32163838,4,0.1571744978427887
sequential,c_mov,0.2,0.3,0.3,1,rrg,38,0.26952258,0.17841956,0.048103478,1,0.13870297,0.09611271,0,1.7392566,1.884106993675232,1.1132579,0.1308196,12,0.2141406238079071
sequential,c_mov,0.2,0.3,0.31,1,rrg,68,0.20311071,0.17152098,0.051355004,4,0.44085133,0.39687327,0,1.8412747,1.9105764627456665,1.3915123,0.29373404,8,0.2213185578584671
sequential,c_mov,0.2,0.3,0.32,1,rrg,5,0.19331141,0.16766377,0.046418905,8,0.450201,0.3890497,0,1.7908864,1.9262208938598633,1.3159643,0.2810128,7,0.18898767232894897
sequential,c_mov,0.2,0.3,0.33,1,rrg,86,0.18818347,0.14030789,0.054203402,7,0.43696758,0.39990267,0,1.78188,1.975140929222107,1.259861,0.30136678,4,0.16532722115516663
sequential,c_mov,0.2,0.3,0.34,1,rrg,7,0.19851099,0.15788196,0.063538924,7,0.19144829,0.016507179,0,2.0944397,1.965667963027954,2.0245998,0.013188665,20,0.1718468815088272
sequential,c_mov,0.2,0.3,0.35,1,rrg,3,0.12297349,0.14047524,0.05993304,12,0.13491,0.09597589,0,2.1171174,2.0026214122772217,1.3571137,0.09391884,12,0.19129694998264313
sequential,c_mov,0.2,0.3,0.36,1,rrg,19,0.20212172,0.12782165,0.05941202,3,0.7350853,0.3746459,0,1.4750899,1.961941123008728,0.5566264,0.53296363,4,0.25241661071777344
sequential,c_mov,0.2,0.3,0.37,1,rrg,76,0.19982263,0.1468177,0.055862907,4,0.7251063,0.3887584,0,1.5086048,1.9017887115478516,0.6698053,0.5416195,3,0.27468374371528625
sequential,c_mov,0.2,0.3,0.38,1,rrg,83,0.17719392,0.14326036,0.07514921,6,0.70472425,0.41758302,0,1.5817589,1.968671202659607,0.70681256,0.5695445,2,0.25958332419395447
sequential,c_mov,0.2,0.3,0.39,1,rrg,50,0.18426844,0.12686326,0.053337947,4,0.16135986,0.037674602,0,2.015166,2.056558132171631,1.7856041,0.037342817,19,0.17719760537147522
sequential,c_mov,0.2,0.3,0.4,1,rrg,53,0.20200902,0.14266707,0.06040894,4,0.19410652,0.0136398235,0,2.011633,1.9601926803588867,1.930381,0.010264397,20,0.18105235695838928
sequential,c_mov,0.2,0.3,0.41,1,rrg,57,0.22496022,0.11568044,0.057909843,2,0.082897715,0.08725995,0,1.9444882,2.065793514251709,1.3891903,0.1420625,9,0.17291556298732758
sequential,c_mov,0.2,0.3,0.42,1,rrg,12,0.19188093,0.12236191,0.059645556,2,0.061770003,0.054178733,0,2.0289872,1.9228076934814453,1.4725529,0.13011092,8,0.19323579967021942
sequential,c_mov,0.2,0.3,0.43,1,rrg,39,0.21442467,0.13148496,0.077176444,4,0.07277805,0.061776683,0,1.8864555,2.0512330532073975,1.3635368,0.14164661,9,0.18972057104110718
sequential,c_mov,0.2,0.3,0.44,1,rrg,42,0.18959759,0.11790749,0.06572015,3,0.71250397,0.40658075,0,1.5461887,2.0006418228149414,0.75379777,0.5576301,2,0.2383284866809845
sequential,c_mov,0.2,0.3,0.45,1,rrg,23,0.16622485,0.096182786,0.053181548,3,0.06578747,0.035358567,0,2.1114614,2.0736725330352783,1.6977248,0.10043737,11,0.18002647161483765
sequential,c_mov,0.2,0.3,0.46,1,rrg,20,0.1791313,0.09666447,0.052702498,2,0.06157301,0.08707739,0,1.6837413,2.0348193645477295,0.61241704,0.12128344,7,0.14036493003368378
sequential,c_mov,0.2,0.3,0.47,1,rrg,22,0.15643074,0.09387546,0.059719343,2,0.39307642,0.42958295,0,1.9908626,2.0133559703826904,1.4140459,0.32573387,7,0.15986943244934082
sequential,c_mov,0.2,0.3,0.48,1,rrg,52,0.11617296,0.09090333,0.062772386,6,0.05027609,0.047666498,0,2.0902877,2.060335874557495,1.4333067,0.065896876,12,0.19739048182964325
sequential,c_mov,0.2,0.3,0.49,1,rrg,51,0.17744365,0.101305164,0.06155129,2,0.38550386,0.4391872,0,1.6739928,1.9440065622329712,0.55473703,0.34031072,7,0.2329302281141281
sequential,c_mov,0.2,0.3,0.5,1,rrg,82,0.028022118,0.098552935,0.052186906,20,0.045540605,0.064404145,0,1.9600829,2.054840564727783,0.6839215,0.054881305,12,0.10541826486587524
sequential,c_mov,0.2,0.3,0.51,1,rrg,88,0.14854328,0.0955137,0.0405558,3,0.38719153,0.43831286,0,1.8382825,1.9816668033599854,0.66750056,0.33767712,7,0.22173535823822021
sequential,c_mov,0.2,0.3,0.52,1,rrg,59,0.15513644,0.094589606,0.052214038,2,0.031472895,0.0445094,0,1.7336798,2.0297064781188965,0.6700225,0.123663545,10,0.22318847477436066
sequential,c_mov,0.2,0.3,0.53,1,rrg,92,0.22111161,0.09542858,0.05220243,1,0.04052451,0.056451086,0,1.7646741,1.9987283945083618,0.6098955,0.1805871,6,0.17870379984378815
sequential,c_mov,0.2,0.3,0.54,1,rrg,0,0.14845693,0.11804627,0.0590192,5,0.3804591,0.4418673,0,1.3556184,1.88956618309021,0.72941446,0.3356932,11,0.29192882776260376
sequential,c_mov,0.2,0.3,0.55,1,rrg,89,0.031229407,0.11608777,0.075230636,19,0.081259914,0.11486177,0,1.9373543,1.9189602136611938,0.5941933,0.09161588,13,0.254949152469635
sequential,c_mov,0.2,0.3,0.56,1,rrg,44,0.13096304,0.10025264,0.050107397,7,0.09147125,0.033456776,0,2.3014162,1.9570209980010986,2.106409,0.044471476,16,0.24241551756858826
sequential,c_mov,0.2,0.3,0.57,1,rrg,28,0.08874521,0.08272652,0.04856613,8,0.3567492,0.4557502,0,1.9993165,2.018693208694458,0.77018565,0.3394992,6,0.1855197250843048
sequential,c_mov,0.2,0.3,0.58,1,rrg,91,0.092867956,0.07105031,0.044311833,7,0.035288986,0.049906164,0,2.0131295,2.0094761848449707,0.54623204,0.06624497,12,0.1831621527671814
sequential,c_mov,0.2,0.3,0.59,1,rrg,4,0.065303616,0.08767578,0.05241592,11,0.026910195,0.038056765,0,1.9212921,1.9360727071762085,0.7390178,0.04867807,16,0.19310453534126282
sequential,c_mov,0.2,0.3,0.6,1,rrg,26,0.062951654,0.07987601,0.05260207,10,0.33936366,0.46719882,0,2.0925946,1.9357637166976929,0.6647082,0.3482869,6,0.23770999908447266
sequential,c_mov,0.2,0.3,0.61,1,rrg,48,0.016553434,0.0979584,0.067673944,20,0.02352781,0.023463331,0,2.3333082,1.9062020778656006,1.3971138,0.01902704,20,0.22337301075458527
sequential,c_mov,0.2,0.3,0.62,1,rrg,96,0.030578738,0.09468954,0.06905712,16,0.33555576,0.4698409,0,2.377912,1.8784103393554688,0.6891634,0.34130383,10,0.2451336830854416
sequential,c_mov,0.2,0.3,0.63,1,rrg,78,0.14746922,0.08625002,0.05806876,3,0.10043716,0.11546096,0,1.9910841,1.9726676940917969,1.35301,0.12348641,8,0.15877237915992737
sequential,c_mov,0.2,0.3,0.64,1,rrg,71,0.09088468,0.10211487,0.07690905,10,0.072806396,0.037163284,0,2.3231273,1.8835976123809814,2.1106975,0.038322683,16,0.24094918370246887
sequential,c_mov,0.2,0.3,0.65,1,rrg,29,0.22139183,0.096220076,0.055587586,1,0.33333334,0.4714045,0,1.5480635,1.7994194030761719,1.3907123e-17,0.4071306,3,0.22854368388652802
sequential,c_mov,0.2,0.3,0.66,1,rrg,85,0.061802384,0.07461971,0.058001436,10,0.00778033,0.011003047,0,1.8167549,1.8983204364776611,0.7214529,0.054022055,13,0.19409292936325073
sequential,c_mov,0.2,0.3,0.67,1,rrg,98,0.20752692,0.09052569,0.055558745,1,0.33333436,0.4714038,0,1.5965433,1.8367440700531006,9.272699e-05,0.40250793,2,0.20585890114307404
sequential,c_mov,0.2,0.3,0.68,1,rrg,60,0.06353316,0.08708434,0.08096229,9,0.33333334,0.4714045,0,1.8969816,1.8226773738861084,1.3024031e-13,0.35451105,6,0.2173636257648468
sequential,c_mov,0.2,0.3,0.69,1,rrg,33,0.05716175,0.077000834,0.053708263,12,0.053905714,0.045576673,0,2.1835992,1.8724416494369507,1.5188512,0.03945522,15,0.18126626312732697
sequential,c_mov,0.2,0.3,0.7,1,rrg,49,0.14268069,0.081882894,0.077657595,3,0.35630122,0.4560322,0,1.691819,1.9257667064666748,0.67819405,0.35792565,4,0.1981995403766632
sequential,c_mov,0.2,0.3,0.71,1,rrg,66,0.021850955,0.08156641,0.06077833,16,0.03757513,0.053139262,0,1.9387027,1.7964725494384766,0.6659726,0.044858783,14,0.22318987548351288
sequential,c_mov,0.2,0.3,0.72,1,rrg,75,0.004545162,0.07184803,0.07669223,19,0.33335102,0.471392,0,2.3890035,1.9276397228240967,0.0031366723,0.33483067,7,0.16769996285438538
sequential,c_mov,0.2,0.3,0.73,1,rrg,97,0.009117339,0.06791885,0.060719714,19,3.701999e-14,5.1914954e-14,0,2.1124582,1.8281729221343994,3.2218256e-11,0.009117339,19,0.21044716238975525
sequential,c_mov,0.2,0.3,0.74,1,rrg,80,0.004707727,0.09256214,0.08213736,20,3.4804844e-13,3.6650294e-13,0,1.9482635,1.7441365718841553,8.969331e-11,0.004707727,20,0.2100384533405304
sequential,c_mov,0.2,0.3,0.75,1,rrg,90,0.035365593,0.09409942,0.08088908,14,6.462557e-26,0.0,0,1.6836696,1.7347609996795654,1.5256635e-23,0.035365593,15,0.21072785556316376
sequential,c_mov,0.2,0.3,0.76,1,rrg,32,0.028093617,0.09131268,0.083417065,14,1.9980477e-21,2.8257033e-21,0,1.6876607,1.7356401681900024,9.592481e-19,0.028093616,16,0.19155195355415344
sequential,c_mov,0.2,0.3,0.77,1,rrg,72,0.02093469,0.09605281,0.08055209,18,0.032132767,0.045442592,0,1.981125,1.7814562320709229,0.6142057,0.039110992,16,0.25142645835876465
sequential,c_mov,0.2,0.3,0.78,1,rrg,18,0.017500956,0.100632764,0.079386465,20,0.029319795,0.041464455,0,1.9507983,1.7410650253295898,0.6539363,0.035153445,17,0.25524255633354187
sequential,c_mov,0.2,0.3,0.79,1,rrg,65,0.11255629,0.098176196,0.08075468,9,0.3734201,0.44577077,0,1.8619728,1.7416350841522217,0.66444325,0.33590135,10,0.2523046135902405
sequential,c_mov,0.2,0.3,0.8,1,rrg,15,0.0639348,0.09197801,0.08180941,10,0.33333334,0.4714045,0,1.7242243,1.7300188541412354,1.0636788e-16,0.35464492,7,0.23625166714191437
sequential,c_mov,0.2,0.3,0.81,1,rrg,21,0.034107998,0.09163837,0.08436018,14,0.017329885,0.024508156,0,1.7613984,1.726975679397583,0.63831824,0.028699217,15,0.22843478620052338
sequential,c_mov,0.2,0.3,0.82,1,rrg,64,0.05594591,0.09350465,0.08634062,9,6.1815534e-08,8.742001e-08,0,1.7762675,1.72499418258667,3.3971526e-05,0.055945847,11,0.2388140857219696
sequential,c_mov,0.2,0.3,0.83,1,rrg,34,0.19166836,0.09456365,0.089225255,3,0.44775602,0.41488013,0,1.1345801,1.7224301099777222,0.5041541,0.38386655,4,0.24859678745269775
sequential,c_mov,0.2,0.3,0.84,1,rrg,67,0.010159509,0.08635697,0.08468833,16,0.0050385925,0.0071256463,0,1.906304,1.7600157260894775,0.61451036,0.008425095,15,0.24306006729602814
sequential,c_mov,0.2,0.3,0.85,1,rrg,69,0.15339617,0.089657895,0.08221207,3,0.6666667,0.47140452,0,1.3245405,1.7446062564849854,0.0,0.6155346,3,0.25862690806388855
sequential,c_mov,0.2,0.3,0.86,1,rrg,70,0.13554922,0.08462058,0.08277292,4,0.0,0.0,0,1.6266133,1.7688300609588623,0.0,0.13554922,7,0.23306585848331451
sequential,c_mov,0.2,0.3,0.87,1,rrg,40,0.29504842,0.080466874,0.08445032,1,0.33334962,0.471393,0,1.5645995,1.7758152484893799,0.0005419391,0.43166652,3,0.240530326962471
sequential,c_mov,0.2,0.3,0.88,1,rrg,73,0.13376588,0.06255264,0.059763294,3,0.6666667,0.47140452,0,1.553356,1.7923792600631714,0.0,0.622078,2,0.22459812462329865
sequential,c_mov,0.2,0.3,0.89,1,rrg,43,0.14393613,0.056070853,0.058256637,2,0.33333334,0.4714045,0,0.9920326,1.8138861656188965,5.033376e-29,0.38131204,2,0.18846207857131958
sequential,c_mov,0.2,0.3,0.9,1,rrg,46,0.03632001,0.0472824,0.05370333,5,0.3392675,0.46726495,0,2.3357093,1.896031379699707,0.78292805,0.33950582,3,0.1691766083240509
sequential,c_mov,0.2,0.3,0.91,1,rrg,79,0.008865413,0.0476782,0.056984786,9,0.0068937372,0.009749211,0,1.647051,1.8535635471343994,0.6289612,0.009848869,8,0.14929500222206116
sequential,c_mov,0.2,0.3,0.92,1,rrg,95,0.013084662,0.050739758,0.059862796,7,0.0004269611,0.0006038142,0,1.9642978,1.8738621473312378,0.19744436,0.012657701,7,0.16528648138046265
sequential,c_mov,0.2,0.3,0.93,1,rrg,54,0.07072247,0.055902757,0.06234811,2,1.642659e-16,2.3230707e-16,0,1.2382298,1.85248601436615,2.6165477e-13,0.07072247,3,0.18699076771736145
sequential,c_mov,0.2,0.3,0.94,1,rrg,30,0.20000002,0.053390607,0.067058645,1,1.0,0.0,0,1.2833618,1.9527822732925415,0.0,0.79999995,1,0.20634472370147705
sequential,c_mov,0.2,0.3,0.95,1,rrg,56,0.044418123,0.02406219,0.015423927,1,1.3002846e-35,0.0,0,1.9431567,2.086303472518921,1.3494283e-32,0.044418123,2,0.08760949969291687
sequential,c_mov,0.2,0.3,0.96,1,rrg,25,0.0011175749,0.0189705,0.012960698,4,4.8962363e-07,6.9243237e-07,0,2.2348785,2.121927261352539,0.00017720734,0.0011170852,4,0.09840549528598785
sequential,c_mov,0.2,0.3,0.97,1,rrg,93,0.036720008,0.024921475,0.009072861,1,7.104486e-18,1.004726e-17,0,2.0114658,2.0842771530151367,2.3758476e-15,0.036720008,2,0.13083496689796448
sequential,c_mov,0.2,0.3,0.98,1,rrg,62,0.023389272,0.019022215,0.004367057,1,0.33333334,0.4714045,0,2.3016682,2.120682716369629,4.654371e-35,0.34112975,1,0.17789246141910553
sequential,c_mov,0.2,0.3,0.99,1,rrg,31,0.014655159,0.014655159,0.0,1,1.3751341e-18,1.9447335e-18,0,1.9396974,1.9396973848342896,1.388688e-15,0.014655159,1,0.014655158855021
sequential,ov,0.4,0.3,0.0,1,rrg,99,0.39723024,0.3972302,2.9802322e-08,1,0.39723024,0.0,1,1.8001581,1.8001582622528076,1.8001581,0.0,1,0.0
sequential,ov,0.4,0.3,0.01,1,rrg,4,0.3999568,0.39995676,4.9421562e-08,7,0.3999568,0.0,0,1.7077569,1.6916509866714478,1.7077569,0.0,20,0.019687531515955925
sequential,ov,0.4,0.3,0.02,1,rrg,89,0.3999974,0.4166778,0.05004144,3,0.39999732,5.7067105e-08,1,1.7034461,1.6663057804107666,1.6982416,1.1920929e-07,5,0.032165952026844025
sequential,ov,0.4,0.3,0.03,1,rrg,82,0.3999997,0.40870118,0.037929043,3,0.3999996,6.203848e-08,1,1.6971842,1.6822175979614258,1.6856829,1.291434e-07,3,0.015329557470977306
sequential,ov,0.4,0.3,0.04,1,rrg,60,0.4,0.4087459,0.038122658,6,0.39999995,9.733398e-08,1,1.7012571,1.6646735668182373,1.6951507,9.934107e-08,8,0.03415362164378166
sequential,ov,0.4,0.3,0.05,1,rrg,3,0.39999992,0.41750294,0.05250883,17,0.59999967,0.28284225,1,1.5301417,1.6453851461410522,1.1173943,0.19999973,3,0.05359598994255066
sequential,ov,0.4,0.3,0.06,1,rrg,47,0.39999995,0.40875214,0.03814978,14,0.6582989,0.25186598,1,1.492615,1.6478188037872314,1.0040021,0.2582989,2,0.05109243467450142
sequential,ov,0.4,0.3,0.07,1,rrg,78,0.40000004,0.40875226,0.038150147,5,0.4,1.7206379e-08,1,1.7021556,1.6522718667984009,1.6992782,3.973643e-08,15,0.04708138853311539
sequential,ov,0.4,0.3,0.08,1,rrg,46,0.39999992,0.4087523,0.03815022,20,0.5999939,0.28283408,1,1.5300996,1.6402839422225952,1.1164762,0.19999392,3,0.06583360582590103
sequential,ov,0.4,0.3,0.09,1,rrg,26,0.4,0.40875226,0.038150214,9,0.39999998,2.4333495e-08,1,1.6757452,1.6309022903442383,1.6412865,9.934108e-09,20,0.06414943188428879
sequential,ov,0.4,0.3,0.1,1,rrg,48,0.4,0.40875226,0.03815021,6,0.40000007,1.7206379e-08,1,1.7030329,1.6337854862213135,1.7015682,4.9670536e-08,12,0.06692977994680405
sequential,ov,0.4,0.3,0.11,1,rrg,14,0.39999998,0.39999998,5.4547204e-08,9,0.5999999,0.2828426,1,1.5118973,1.6389156579971313,1.0600677,0.19999993,3,0.061645496636629105
sequential,ov,0.4,0.3,0.12,1,rrg,6,0.39999995,0.40875226,0.03815023,12,0.45834842,0.0825171,1,1.6311911,1.6207637786865234,1.5082651,0.058348477,7,0.07706625759601593
sequential,ov,0.4,0.3,0.13,1,rrg,49,0.39999995,0.40000004,6.3570525e-08,14,0.4,4.866699e-08,1,1.6965959,1.6651233434677124,1.6841841,5.9604645e-08,9,0.02583484910428524
sequential,ov,0.4,0.3,0.14,1,rrg,58,0.4,0.41750455,0.05251357,7,0.4,5.441135e-08,1,1.6945823,1.5581486225128174,1.678884,3.973643e-08,17,0.14791952073574066
sequential,ov,0.4,0.3,0.15,1,rrg,54,0.4000002,0.4087523,0.038150217,2,0.4,3.847463e-08,1,1.6503749,1.6029736995697021,1.5829598,2.1855037e-07,11,0.10291862487792969
sequential,ov,0.4,0.3,0.16,1,rrg,97,0.4,0.40875226,0.038150202,7,0.5999512,0.2827737,1,1.4950994,1.559639811515808,1.0070437,0.19995125,10,0.15089476108551025
sequential,ov,0.4,0.3,0.17,1,rrg,2,0.39999995,0.4175045,0.052513566,13,0.79999924,0.2828422,1,1.3819789,1.5438815355300903,0.55138165,0.39999926,1,0.1548241674900055
sequential,ov,0.4,0.3,0.18,1,rrg,64,0.4,0.4,5.2893874e-08,5,0.40000007,1.2990532e-07,1,1.6754055,1.6026678085327148,1.6400524,1.09275184e-07,10,0.09287291765213013
sequential,ov,0.4,0.3,0.19,1,rrg,29,0.39999998,0.4,7.568851e-08,9,0.39999995,6.203848e-08,1,1.6945169,1.5891376733779907,1.6830846,5.9604645e-08,14,0.10968251526355743
sequential,ov,0.4,0.3,0.2,1,rrg,62,0.40000007,0.4,7.20822e-08,2,0.596875,0.27842328,1,1.5525514,1.6267573833465576,1.1411225,0.19687502,5,0.07010497152805328
sequential,ov,0.4,0.3,0.21,1,rrg,17,0.39999998,0.4087523,0.03815022,12,0.59999996,0.28284273,1,1.5253961,1.543380618095398,1.0927476,0.2,7,0.16218337416648865
sequential,ov,0.4,0.3,0.22,1,rrg,22,0.4,0.4,4.9868824e-08,8,0.6000001,0.28284267,1,1.525285,1.6023805141448975,1.0938082,0.20000009,2,0.08289793878793716
sequential,ov,0.4,0.3,0.23,1,rrg,57,0.4,0.40875226,0.038150214,5,0.4,3.847463e-08,1,1.6932851,1.5555574893951416,1.6717578,2.9802322e-08,18,0.13942503929138184
sequential,ov,0.4,0.3,0.24,1,rrg,76,0.39999995,0.40875226,0.03815022,17,0.59687495,0.2784233,1,1.5017601,1.571696162223816,1.0381945,0.19687508,8,0.11982574313879013
sequential,ov,0.4,0.3,0.25,1,rrg,16,0.40000007,0.4,5.6151876e-08,2,0.8,0.2828427,1,1.3819747,1.5545694828033447,0.5512952,0.39999995,1,0.14875218272209167
sequential,ov,0.4,0.3,0.26,1,rrg,37,0.39999998,0.4,5.4952768e-08,8,0.5999984,0.28284055,1,1.5131239,1.5188735723495483,1.0559052,0.19999845,11,0.19543865323066711
sequential,ov,0.4,0.3,0.27,1,rrg,39,0.40000007,0.40875226,0.03815022,2,0.4,1.5769906e-07,1,1.6435413,1.538561463356018,1.5598863,1.5894572e-07,14,0.15829244256019592
sequential,ov,0.4,0.3,0.28,1,rrg,11,0.4,0.4175045,0.052513566,8,0.5999878,0.28282547,1,1.5099378,1.5255464315414429,1.0489968,0.19998784,10,0.17067387700080872
sequential,ov,0.4,0.3,0.29,1,rrg,30,0.39999998,0.4,4.616956e-08,11,0.8,0.28284273,1,1.3801935,1.5199655294418335,0.53584355,0.4,2,0.19134995341300964
sequential,ov,0.4,0.3,0.3,1,rrg,43,0.39999995,0.4,5.0751527e-08,15,0.6000001,0.2828427,1,1.5262629,1.5418449640274048,1.0978167,0.20000009,5,0.15717650949954987
sequential,ov,0.4,0.3,0.31,1,rrg,84,0.40000004,0.4175045,0.052513555,6,0.59999996,0.2828427,1,1.5104518,1.514227271080017,1.0531381,0.2,12,0.1837528944015503
sequential,ov,0.4,0.3,0.32,1,rrg,70,0.4,0.4175045,0.052513562,7,0.54999995,0.21213204,1,1.6194036,1.5032589435577393,1.277556,0.15000002,15,0.20833507180213928
sequential,ov,0.4,0.3,0.33,1,rrg,91,0.4,0.40875226,0.03815021,5,0.8,0.2828427,1,1.3796017,1.533449411392212,0.5307035,0.4,1,0.1553797423839569
sequential,ov,0.4,0.3,0.34,1,rrg,18,0.39999998,0.4087523,0.03815022,16,0.59999996,0.28284273,1,1.5240725,1.548482894897461,1.0866088,0.2,7,0.148014098405838
sequential,ov,0.4,0.3,0.35,1,rrg,68,0.39999998,0.4175045,0.052513573,11,1.0,0.0,0,1.2602313,1.5050828456878662,8.191559e-09,0.6,1,0.1949920356273651
sequential,ov,0.4,0.3,0.36,1,rrg,59,0.39999998,0.41750455,0.052513547,13,0.4583484,0.08251708,1,1.6131766,1.5008962154388428,1.4774914,0.058348417,15,0.19759544730186462
sequential,ov,0.4,0.3,0.37,1,rrg,88,0.39999995,0.4175045,0.052513573,14,0.59999996,0.28284273,1,1.4932795,1.494842767715454,0.995838,0.2,10,0.1978791505098343
sequential,ov,0.4,0.3,0.38,1,rrg,93,0.39999995,0.4175045,0.05251357,14,0.59999985,0.2828425,1,1.494071,1.510525107383728,0.9909927,0.19999988,12,0.19541069865226746
sequential,ov,0.4,0.3,0.39,1,rrg,0,0.39999998,0.42625684,0.062503785,12,0.6,0.2828427,0,1.5107955,1.4873350858688354,1.0526233,0.20000003,10,0.20742261409759521
sequential,ov,0.4,0.3,0.4,1,rrg,34,0.4,0.39386815,0.02675291,6,0.59999996,0.28284276,1,1.4934413,1.5157054662704468,0.9966588,0.20000009,9,0.21018874645233154
sequential,ov,0.4,0.3,0.41,1,rrg,56,0.40039694,0.39288706,0.031112788,1,0.59569734,0.285934,0,1.5324273,1.5124897956848145,1.1176625,0.20443499,8,0.22181007266044617
sequential,ov,0.4,0.3,0.42,1,rrg,74,0.45132452,0.40336594,0.054079577,2,0.28129858,0.16786909,0,1.5465539,1.4954895973205566,1.1397969,0.17002594,17,0.25082483887672424
sequential,ov,0.4,0.3,0.43,1,rrg,55,0.39999995,0.40196863,0.016471332,14,0.8,0.28284273,0,1.3694403,1.5007655620574951,0.49056485,0.4,3,0.23637768626213074
sequential,ov,0.4,0.3,0.44,1,rrg,41,0.40042216,0.41169968,0.044297937,5,0.43222073,0.04530867,0,1.6532644,1.5225178003311157,1.5630198,0.032117892,15,0.1983705312013626
sequential,ov,0.4,0.3,0.45,1,rrg,20,0.38155976,0.39340585,0.05684964,18,0.349678,0.069922924,0,1.7063327,1.5297685861587524,1.6772723,0.055295933,17,0.22918502986431122
sequential,ov,0.4,0.3,0.46,1,rrg,95,0.40000004,0.37928107,0.055779725,6,0.59999996,0.28284273,1,1.493215,1.5227811336517334,0.99529094,0.20000003,13,0.2530253827571869
sequential,ov,0.4,0.3,0.47,1,rrg,8,0.39999992,0.39081976,0.06894575,17,0.40465677,0.0065856627,0,1.629371,1.5107239484786987,1.5216341,0.0046568415,18,0.2575080096721649
sequential,ov,0.4,0.3,0.48,1,rrg,86,0.21015427,0.38817158,0.07178065,19,0.21760368,0.15922375,0,2.0121722,1.522278070449829,1.167727,0.14755227,16,0.25393280386924744
sequential,ov,0.4,0.3,0.49,1,rrg,1,0.3551302,0.38223213,0.0790948,17,0.6666667,0.47140452,1,1.3851418,1.5163568258285522,2.6219186e-07,0.54828995,2,0.2999449670314789
sequential,ov,0.4,0.3,0.5,1,rrg,27,0.3153751,0.35945067,0.07997284,16,0.26188004,0.18521626,0,1.844677,1.6087477207183838,1.1255354,0.15649693,15,0.2177966833114624
sequential,ov,0.4,0.3,0.51,1,rrg,98,0.25383377,0.36252716,0.06083697,18,0.26799503,0.18080896,0,1.873525,1.5465428829193115,1.0469717,0.17518874,17,0.29275065660476685
sequential,ov,0.4,0.3,0.52,1,rrg,21,0.09629579,0.36037835,0.09813606,20,3.1482878e-06,4.4514404e-06,0,2.0470827,1.582688331604004,0.00018313435,0.09629264,15,0.25677067041397095
sequential,ov,0.4,0.3,0.53,1,rrg,63,0.4,0.38356835,0.08950459,11,0.800066,0.28274933,0,1.3795497,1.5240862369537354,0.5310845,0.40006605,4,0.2872122526168823
sequential,ov,0.4,0.3,0.54,1,rrg,81,0.39999992,0.40224737,0.07400145,14,0.8,0.28284273,0,1.3694406,1.4997713565826416,0.49056485,0.4000001,4,0.2895039916038513
sequential,ov,0.4,0.3,0.55,1,rrg,45,0.5750752,0.38254732,0.0948269,1,0.6666667,0.47140452,1,1.1800604,1.524633526802063,9.775154e-18,0.47497496,3,0.31660348176956177
sequential,ov,0.4,0.3,0.56,1,rrg,25,0.40000004,0.39808282,0.05586098,10,0.8,0.28284273,0,1.3698273,1.4928317070007324,0.49409413,0.4,5,0.2730949819087982
sequential,ov,0.4,0.3,0.57,1,rrg,67,0.20101123,0.359972,0.064500175,20,0.12722582,0.1799244,0,1.8488095,1.5409961938858032,0.52480793,0.19422948,19,0.32887059450149536
sequential,ov,0.4,0.3,0.58,1,rrg,31,0.37295985,0.38965183,0.057589218,15,0.532504,0.33953515,0,1.6552324,1.5527520179748535,1.2091931,0.27230042,11,0.24792906641960144
sequential,ov,0.4,0.3,0.59,1,rrg,36,0.07996997,0.3667027,0.09035969,20,0.023645222,0.033439394,0,2.1284351,1.5782687664031982,0.26542047,0.05632475,18,0.279042512178421
sequential,ov,0.4,0.3,0.6,1,rrg,24,0.31199878,0.37210172,0.06428099,17,0.6666667,0.47140452,0,1.4400543,1.5388541221618652,1.6746826e-12,0.5626671,1,0.30945107340812683
sequential,ov,0.4,0.3,0.61,1,rrg,73,0.25027966,0.37214437,0.06766275,19,0.4324057,0.41929066,0,1.8311545,1.5636403560638428,0.6591831,0.34897915,10,0.2898901104927063
sequential,ov,0.4,0.3,0.62,1,rrg,23,0.4266947,0.3609344,0.080497496,3,0.40744296,0.010525859,0,1.5946825,1.571792483329773,1.5117649,0.019251734,19,0.2863710820674896
sequential,ov,0.4,0.3,0.63,1,rrg,96,0.408486,0.36502737,0.08110764,3,0.7837278,0.30585507,0,1.3733422,1.5242429971694946,0.5168768,0.41344354,5,0.34013766050338745
sequential,ov,0.4,0.3,0.64,1,rrg,69,0.42397168,0.39075473,0.061818678,4,0.42374825,0.05171561,0,1.6188531,1.4834340810775757,1.5377499,0.048576813,19,0.32401591539382935
sequential,ov,0.4,0.3,0.65,1,rrg,32,0.4026617,0.37916,0.073049314,8,0.8033493,0.278106,0,1.3770968,1.5138216018676758,0.5360467,0.40068766,6,0.3277967870235443
sequential,ov,0.4,0.3,0.66,1,rrg,12,0.2736232,0.35540515,0.0839406,16,0.44627833,0.39209774,0,1.9430251,1.5750101804733276,1.4537328,0.31159604,12,0.3319352865219116
sequential,ov,0.4,0.3,0.67,1,rrg,94,0.3842327,0.35580114,0.06647562,10,0.596628,0.29251814,0,1.562097,1.5121405124664307,1.073688,0.25824857,16,0.3663965165615082
sequential,ov,0.4,0.3,0.68,1,rrg,38,0.3533233,0.32398897,0.1251976,11,0.008736196,0.012331488,1,1.6121234,1.580835223197937,0.0876326,0.3445871,14,0.35966378450393677
sequential,ov,0.4,0.3,0.69,1,rrg,5,0.43660516,0.3303143,0.13339673,3,0.59571046,0.28603357,0,1.3985555,1.5916374921798706,0.8166879,0.21649122,15,0.3193143308162689
sequential,ov,0.4,0.3,0.7,1,rrg,19,0.25494102,0.3526438,0.07666395,18,0.33333337,0.4714045,0,1.7500066,1.515986680984497,9.756614e-07,0.41831365,8,0.3864443302154541
sequential,ov,0.4,0.3,0.71,1,rrg,44,0.018541507,0.35157698,0.12347974,20,0.05348095,0.07562977,0,2.1063814,1.5274771451950073,0.69552,0.059657957,20,0.3495873808860779
sequential,ov,0.4,0.3,0.72,1,rrg,71,0.39999995,0.34780094,0.102654964,8,0.8,0.28284273,0,1.3620489,1.5252232551574707,0.45401633,0.4,9,0.3796350061893463
sequential,ov,0.4,0.3,0.73,1,rrg,53,0.46712664,0.34707853,0.083627224,1,0.43575832,0.41823515,1,1.4230458,1.5002684593200684,0.53840125,0.3866172,11,0.3818292021751404
sequential,ov,0.4,0.3,0.74,1,rrg,40,0.35118377,0.33516577,0.10803623,10,0.4694954,0.41052127,0,1.561572,1.546845555305481,0.49879444,0.35243413,13,0.38076937198638916
sequential,ov,0.4,0.3,0.75,1,rrg,77,0.23468356,0.33876294,0.1114064,18,0.45787397,0.4125723,0,1.8429523,1.519469141960144,0.4816753,0.37964615,12,0.3985958695411682
sequential,ov,0.4,0.3,0.76,1,rrg,33,0.5396125,0.3505262,0.118876755,1,0.10590964,0.14977884,0,1.3085617,1.5002095699310303,0.52962905,0.43370286,9,0.40998369455337524
sequential,ov,0.4,0.3,0.77,1,rrg,50,0.14921138,0.35785088,0.09741837,20,0.123991184,0.17534994,0,1.6768209,1.5096274614334106,0.53317803,0.17372824,20,0.38927674293518066
sequential,ov,0.4,0.3,0.78,1,rrg,92,0.26003042,0.36625713,0.117912345,17,0.33333334,0.4714045,0,1.7559153,1.4707067012786865,1.1254812e-12,0.42001018,9,0.3957628607749939
sequential,ov,0.4,0.3,0.79,1,rrg,80,0.39910242,0.3586018,0.11464754,11,0.7432105,0.3631552,0,1.4301531,1.4506242275238037,0.60951453,0.45708868,8,0.4134572148323059
sequential,ov,0.4,0.3,0.8,1,rrg,7,0.40848607,0.3605813,0.12649453,8,0.7837278,0.30585507,0,1.3733422,1.4500902891159058,0.5168768,0.41344348,10,0.4042358994483948
sequential,ov,0.4,0.3,0.81,1,rrg,9,0.26366165,0.35322377,0.13506831,16,0.6666667,0.47140452,0,1.6698332,1.4517704248428345,9.0965735e-11,0.57877946,2,0.40586695075035095
sequential,ov,0.4,0.3,0.82,1,rrg,65,0.31218004,0.3574806,0.13869624,12,0.33550334,0.46987763,0,1.608463,1.4357460737228394,0.028881678,0.43522334,9,0.39651936292648315
sequential,ov,0.4,0.3,0.83,1,rrg,66,0.52245337,0.3601247,0.14259851,4,0.3134382,0.22891726,0,1.3458477,1.4241790771484375,0.6818852,0.22092263,15,0.39414942264556885
sequential,ov,0.4,0.3,0.84,1,rrg,35,0.30691725,0.34362108,0.13996232,11,0.69116324,0.43676117,0,1.5307736,1.4397568702697754,0.17755334,0.53986436,5,0.4203307628631592
sequential,ov,0.4,0.3,0.85,1,rrg,72,0.22499911,0.34553784,0.14356205,13,0.33333334,0.4714045,0,1.7301283,1.433688759803772,2.6746177e-08,0.40833303,9,0.41357049345970154
sequential,ov,0.4,0.3,0.86,1,rrg,10,0.4081907,0.35439828,0.14455281,6,0.33333334,0.4714045,0,1.3462186,1.4097915887832642,6.700424e-22,0.46939692,7,0.4140010178089142
sequential,ov,0.4,0.3,0.87,1,rrg,42,0.2636616,0.35113767,0.14915296,11,0.6666667,0.47140452,0,1.6698332,1.4030617475509644,6.2789146e-13,0.57877946,2,0.40934494137763977
sequential,ov,0.4,0.3,0.88,1,rrg,75,0.39999998,0.35698208,0.15257573,6,1.0,0.0,0,1.2602313,1.3792999982833862,0.0,0.6,1,0.3956924378871918
sequential,ov,0.4,0.3,0.89,1,rrg,13,0.53125006,0.35207215,0.15849553,1,0.4666667,0.4109609,0,1.3229039,1.3906978368759155,0.4890879,0.37708333,6,0.3772302567958832
sequential,ov,0.4,0.3,0.9,1,rrg,15,0.050115418,0.34556752,0.16389057,10,0.33333334,0.4714045,0,2.2318525,1.3848130702972412,2.4539373e-21,0.3500385,7,0.3908366560935974
sequential,ov,0.4,0.3,0.91,1,rrg,79,0.53125,0.37961853,0.13944788,1,0.6666667,0.47140452,0,1.2408068,1.287674069404602,5.345178e-15,0.48958334,4,0.397114634513855
sequential,ov,0.4,0.3,0.92,1,rrg,83,0.38473412,0.3608219,0.13675746,4,0.47237942,0.41011274,0,1.4793032,1.2926242351531982,0.4856297,0.3441347,6,0.3857937455177307
sequential,ov,0.4,0.3,0.93,1,rrg,51,0.06897548,0.34513855,0.14375934,7,4.200111e-14,5.939854e-14,0,1.728391,1.2891324758529663,3.128812e-12,0.06897548,7,0.4162864685058594
sequential,ov,0.4,0.3,0.94,1,rrg,52,0.5212762,0.38525042,0.10010592,2,0.33333334,0.4714045,0,0.692253,1.225857138633728,5.53944e-10,0.50709206,3,0.47956106066703796
sequential,ov,0.4,0.3,0.95,1,rrg,85,0.34991252,0.3564598,0.0878615,2,0.6666667,0.47140452,0,1.0878233,1.3353537321090698,1.0454e-40,0.55002916,2,0.47521647810935974
sequential,ov,0.4,0.3,0.96,1,rrg,90,0.3095666,0.35779166,0.098286964,2,0.33333334,0.4714045,0,1.0865183,1.3978179693222046,6.668371e-24,0.43652222,2,0.4567074775695801
sequential,ov,0.4,0.3,0.97,1,rrg,28,0.30393207,0.37371683,0.1089118,2,0.6666667,0.47140452,0,1.488002,1.5018911361694336,1.69671e-21,0.56535596,1,0.46352216601371765
sequential,ov,0.4,0.3,0.98,1,rrg,61,0.5275116,0.4085786,0.11893299,1,0.4298819,0.42011875,0,1.3489702,1.5089031457901,0.55627877,0.41262197,1,0.4126212000846863
sequential,ov,0.4,0.3,0.99,1,rrg,87,0.27197903,0.27197903,0.0,1,0.3531386,0.45804277,0,1.7166307,1.7166306972503662,0.13683943,0.4041877,1,0.40418770909309387
sequential,mov,0.4,0.3,0.0,1,rrg,5,0.39723024,0.3972302,2.9802322e-08,1,0.39723024,0.0,0,1.8001581,1.8001582622528076,1.8001581,0.0,1,0.0
sequential,mov,0.4,0.3,0.01,1,rrg,19,0.4000014,0.3929221,0.02779845,4,0.40033153,0.0004987393,0,1.7077218,1.724151611328125,1.7083362,0.00035985312,9,0.013404661789536476
sequential,mov,0.4,0.3,0.02,1,rrg,24,0.40284038,0.3932336,0.029221566,2,0.39671087,0.005065721,0,1.7098761,1.7211534976959229,1.7251698,0.006129533,4,0.013695651665329933
sequential,mov,0.4,0.3,0.03,1,rrg,33,0.39999986,0.38253397,0.04515596,12,0.40004686,6.638129e-05,0,1.703488,1.7401373386383057,1.7035103,4.6998262e-05,18,0.03053269349038601
sequential,mov,0.4,0.3,0.04,1,rrg,41,0.40040728,0.39356914,0.031704772,9,0.40104374,0.001476102,0,1.7034194,1.7211105823516846,1.705297,0.0011795262,12,0.015346961095929146
sequential,mov,0.4,0.3,0.05,1,rrg,0,0.4029184,0.37985766,0.050280444,6,0.39855862,0.012153215,0,1.7037373,1.756927728652954,1.7264692,0.0106804175,11,0.04146905615925789
sequential,mov,0.4,0.3,0.06,1,rrg,12,0.40334496,0.39326155,0.020328248,6,0.39833465,0.0018061509,0,1.7095128,1.7461118698120117,1.733132,0.0050103166,13,0.0350470244884491
sequential,mov,0.4,0.3,0.07,1,rrg,66,0.40350908,0.3641245,0.06769219,7,0.39770496,0.009589885,0,1.7122808,1.7957093715667725,1.74338,0.007106662,16,0.06104930490255356
sequential,mov,0.4,0.3,0.08,1,rrg,68,0.40350103,0.34208295,0.094978996,8,0.40628943,0.008269823,0,1.6971531,1.8619716167449951,1.7009052,0.006860018,18,0.06429015845060349
sequential,mov,0.4,0.3,0.09,1,rrg,63,0.3309123,0.34321582,0.0694009,11,0.27784842,0.19539268,0,1.8192482,1.8527662754058838,1.1701622,0.16652934,5,0.08928941935300827
sequential,mov,0.4,0.3,0.1,1,rrg,81,0.40993196,0.37545428,0.07205902,4,0.3872465,0.002333029,0,1.7327605,1.7675635814666748,1.7948852,0.022685478,16,0.0988345742225647
sequential,mov,0.4,0.3,0.11,1,rrg,28,0.4146188,0.37149256,0.07068643,4,0.37748656,0.040277738,0,1.6973252,1.8101568222045898,1.7258226,0.037132233,14,0.09374627470970154
sequential,mov,0.4,0.3,0.12,1,rrg,42,0.39894,0.34322986,0.08076896,8,0.39650342,0.007856966,0,1.7147723,1.8437923192977905,1.7264605,0.006445845,17,0.07489097118377686
sequential,mov,0.4,0.3,0.13,1,rrg,92,0.40370467,0.42047453,0.10252855,10,0.36591995,0.060039554,0,1.7355541,1.6758005619049072,1.7756938,0.043988973,13,0.13721980154514313
sequential,mov,0.4,0.3,0.14,1,rrg,87,0.40456635,0.40267563,0.10687444,9,0.40406898,0.0029327963,0,1.6976669,1.7093576192855835,1.7050847,0.002464791,20,0.12681564688682556
sequential,mov,0.4,0.3,0.15,1,rrg,79,0.36707458,0.4194169,0.07782833,17,0.33878672,0.08654642,0,1.8096412,1.686457633972168,1.8083478,0.07216745,12,0.11515222489833832
sequential,mov,0.4,0.3,0.16,1,rrg,77,0.3140933,0.36647502,0.08691656,13,0.13287619,0.17672011,0,1.8875918,1.7762794494628906,0.6811181,0.22690511,3,0.12733173370361328
sequential,mov,0.4,0.3,0.17,1,rrg,89,0.572343,0.40454406,0.103730135,4,0.26837438,0.18978903,1,1.3631458,1.6982142925262451,1.1102843,0.3039686,4,0.164993017911911
sequential,mov,0.4,0.3,0.18,1,rrg,94,0.31287038,0.36301532,0.17048258,14,0.2795694,0.19769242,0,1.8339459,1.746419906616211,1.0853438,0.17527926,6,0.18121130764484406
sequential,mov,0.4,0.3,0.19,1,rrg,98,0.41615942,0.39539155,0.18063231,7,0.37766957,0.05132843,0,1.6871083,1.6868070363998413,1.7214513,0.0405999,17,0.1426345556974411
sequential,mov,0.4,0.3,0.2,1,rrg,65,0.4196187,0.40443414,0.1502342,6,0.25983632,0.18683322,0,1.6641836,1.6940641403198242,1.1792665,0.16755193,12,0.18579161167144775
sequential,mov,0.4,0.3,0.21,1,rrg,6,0.4951621,0.43609977,0.107393265,7,0.32917818,0.24486415,1,1.4687556,1.618793249130249,0.98574966,0.2271256,7,0.17435231804847717
sequential,mov,0.4,0.3,0.22,1,rrg,61,0.4146847,0.4135427,0.12795183,8,0.30669487,0.21861896,0,1.6180876,1.6391528844833374,1.0252641,0.16846663,13,0.19674143195152283
sequential,mov,0.4,0.3,0.23,1,rrg,76,0.51812917,0.45663244,0.20127113,8,0.22106718,0.17252775,1,1.5098858,1.5631906986236572,1.1816243,0.297062,7,0.23384857177734375
sequential,mov,0.4,0.3,0.24,1,rrg,75,0.40289247,0.4448967,0.14985016,11,0.59004676,0.1284173,0,1.5547235,1.5665242671966553,1.3120285,0.1871543,12,0.23360030353069305
sequential,mov,0.4,0.3,0.25,1,rrg,54,0.55840254,0.40768576,0.20043437,5,0.32813323,0.2482795,1,1.3852135,1.6130605936050415,1.0407104,0.25827757,8,0.25418776273727417
sequential,mov,0.4,0.3,0.26,1,rrg,39,0.61025953,0.42612785,0.13009687,3,0.3060977,0.21728656,1,1.2633126,1.6250531673431396,0.98573893,0.30416185,5,0.20041902363300323
sequential,mov,0.4,0.3,0.27,1,rrg,4,0.39851728,0.43832836,0.13595338,11,0.5428243,0.124027416,0,1.5802007,1.6195213794708252,1.372979,0.15448534,14,0.22997994720935822
sequential,mov,0.4,0.3,0.28,1,rrg,45,0.48948616,0.4433976,0.1922695,6,0.24238105,0.16347188,1,1.5175369,1.5581188201904297,1.226069,0.2471051,7,0.23569627106189728
sequential,mov,0.4,0.3,0.29,1,rrg,20,0.38682455,0.43571344,0.20298924,11,0.342479,0.106222026,0,1.7453053,1.58241868019104,1.6993982,0.084319435,18,0.24672409892082214
sequential,mov,0.4,0.3,0.3,1,rrg,10,0.41349173,0.38360667,0.13853364,6,0.34352794,0.22398242,0,1.5738934,1.6714003086090088,1.0547711,0.17847097,9,0.2193976640701294
sequential,mov,0.4,0.3,0.31,1,rrg,47,0.6115542,0.41413742,0.09902705,2,0.6727076,0.46259192,1,1.1248436,1.5804654359817505,0.06585053,0.45652032,4,0.2370051145553589
sequential,mov,0.4,0.3,0.32,1,rrg,25,0.3881225,0.3789498,0.17031623,9,0.4027051,0.059555285,0,1.6883228,1.7459948062896729,1.6348585,0.05707133,19,0.20344237983226776
sequential,mov,0.4,0.3,0.33,1,rrg,40,0.4733891,0.41478762,0.16236918,6,0.3189887,0.19591442,0,1.515957,1.5940576791763306,1.0704235,0.1544004,16,0.263509064912796
sequential,mov,0.4,0.3,0.34,1,rrg,13,0.6444604,0.43207675,0.14721605,3,0.33982024,0.46688518,0,1.0497178,1.5977169275283813,0.06232816,0.54166657,3,0.24688789248466492
sequential,mov,0.4,0.3,0.35,1,rrg,58,0.5727043,0.3955863,0.19721012,4,3.8572183e-14,5.45493e-14,1,1.2613276,1.6551439762115479,1.8790082e-12,0.5727043,2,0.23276467621326447
sequential,mov,0.4,0.3,0.36,1,rrg,71,0.46810657,0.47988623,0.2474977,8,0.27950218,0.19806671,0,1.541056,1.474449872970581,1.1295024,0.18860437,12,0.3104468882083893
sequential,mov,0.4,0.3,0.37,1,rrg,85,0.3179634,0.37633365,0.19719075,11,0.24522157,0.17581967,0,1.8603226,1.6867244243621826,1.2347554,0.13923377,13,0.23093020915985107
sequential,mov,0.4,0.3,0.38,1,rrg,57,0.46758094,0.39678085,0.19472404,6,0.12619516,0.16942416,1,1.6668853,1.6647228002548218,0.66576505,0.34138575,6,0.28159385919570923
sequential,mov,0.4,0.3,0.39,1,rrg,67,0.5053443,0.4423658,0.19438031,7,0.23514426,0.168869,0,1.5207204,1.5724503993988037,1.2141365,0.2702,9,0.2721584439277649
sequential,mov,0.4,0.3,0.4,1,rrg,46,0.67461663,0.39022648,0.1508457,2,0.21295775,0.1579994,1,1.1841506,1.6891282796859741,1.2417997,0.46165887,2,0.20993609726428986
sequential,mov,0.4,0.3,0.41,1,rrg,53,0.60130274,0.42266864,0.19782811,5,0.33333334,0.4714045,1,1.1891732,1.5338791608810425,4.7858974e-14,0.5337676,2,0.3045957684516907
sequential,mov,0.4,0.3,0.42,1,rrg,74,0.29860064,0.41790468,0.22745894,12,0.23697764,0.17364122,0,1.935634,1.5820844173431396,1.2896699,0.13857445,14,0.29143476486206055
sequential,mov,0.4,0.3,0.43,1,rrg,1,0.50872326,0.3835518,0.116652146,5,0.30305335,0.20667332,1,1.4343411,1.7084448337554932,1.1205438,0.20566992,10,0.224134162068367
sequential,mov,0.4,0.3,0.44,1,rrg,56,0.3810699,0.4496737,0.23639691,12,0.13258134,0.093085594,0,1.8857981,1.5011818408966064,1.4686079,0.24848859,7,0.3058381974697113
sequential,mov,0.4,0.3,0.45,1,rrg,21,0.44970757,0.38280764,0.20760879,5,0.058718666,0.07207764,0,1.8092821,1.6881672143936157,0.8025691,0.39098892,4,0.2741086184978485
sequential,mov,0.4,0.3,0.46,1,rrg,29,0.6204095,0.39812544,0.17103648,4,3.3204025e-30,0.0,1,1.1351582,1.6621984243392944,6.0809086e-28,0.6204095,1,0.2660442888736725
sequential,mov,0.4,0.3,0.47,1,rrg,17,0.7073541,0.4472415,0.26199886,4,0.12970018,0.18342376,1,1.0699855,1.4731388092041016,0.53549993,0.57765394,4,0.3291167914867401
sequential,mov,0.4,0.3,0.48,1,rrg,64,0.5461045,0.4275221,0.2208494,4,0.35279402,0.2702118,1,1.3591138,1.5400826930999756,0.8819036,0.26681927,9,0.29147905111312866
sequential,mov,0.4,0.3,0.49,1,rrg,88,0.5560668,0.41610068,0.24059969,5,0.31442842,0.44466895,1,1.3127512,1.5894569158554077,0.10052866,0.49978402,3,0.2778610587120056
sequential,mov,0.4,0.3,0.5,1,rrg,52,0.2778594,0.42423087,0.26440603,14,0.18854547,0.13439073,0,1.9676778,1.5290886163711548,1.3160858,0.10643227,19,0.30761322379112244
sequential,mov,0.4,0.3,0.51,1,rrg,55,0.24756388,0.45409685,0.2110138,19,0.2519245,0.1782337,0,1.9292542,1.5279409885406494,1.1192122,0.16940321,11,0.2774496376514435
sequential,mov,0.4,0.3,0.52,1,rrg,26,0.4309586,0.39108068,0.18272737,4,0.3744839,0.28385252,1,1.5417774,1.6290900707244873,1.006483,0.24006863,8,0.2592443525791168
sequential,mov,0.4,0.3,0.53,1,rrg,70,0.40187183,0.41989008,0.21127275,6,0.53374916,0.32968938,1,1.5783979,1.5109511613845825,1.2181407,0.26687476,12,0.32676684856414795
sequential,mov,0.4,0.3,0.54,1,rrg,35,0.29976407,0.424266,0.24582425,11,0.4294803,0.38004097,0,1.8088585,1.537118673324585,0.7150399,0.32955894,9,0.32557329535484314
sequential,mov,0.4,0.3,0.55,1,rrg,51,0.39999998,0.36622533,0.17053975,9,0.5048532,0.09332256,0,1.5828694,1.6472556591033936,1.3410397,0.10485318,18,0.2585586905479431
sequential,mov,0.4,0.3,0.56,1,rrg,90,0.2629483,0.31785092,0.105767034,15,0.23752101,0.17192934,0,2.0211554,1.7641398906707764,1.2338418,0.14987157,16,0.26155194640159607
sequential,mov,0.4,0.3,0.57,1,rrg,15,0.1494866,0.4052442,0.24619985,20,0.15638123,0.119510375,0,2.219489,1.5477361679077148,1.2296954,0.10655237,20,0.3537655472755432
sequential,mov,0.4,0.3,0.58,1,rrg,62,0.40061328,0.43091545,0.1707771,10,0.83757806,0.22969928,1,1.3632473,1.5056147575378418,0.48332047,0.43696478,6,0.32099995017051697
sequential,mov,0.4,0.3,0.59,1,rrg,7,0.6809709,0.41497642,0.2340662,3,0.46669826,0.41095582,0,1.0565866,1.499980092048645,0.48301277,0.4269587,6,0.34151214361190796
sequential,mov,0.4,0.3,0.6,1,rrg,83,0.36921948,0.41440678,0.2020764,9,0.33333316,0.4714043,0,1.4720132,1.5578644275665283,3.4252446e-06,0.45640635,6,0.3500578701496124
sequential,mov,0.4,0.3,0.61,1,rrg,44,0.16845055,0.44937816,0.2521896,20,0.31685328,0.2709306,0,2.2322242,1.427826166152954,1.100103,0.26070312,13,0.3590114712715149
sequential,mov,0.4,0.3,0.62,1,rrg,14,0.38171422,0.4707387,0.24743839,12,0.36818305,0.08673045,1,1.7456044,1.4030687808990479,1.7086252,0.07552702,20,0.36657747626304626
sequential,mov,0.4,0.3,0.63,1,rrg,36,0.16634004,0.4531483,0.24462041,20,0.054651912,0.07728948,0,1.9636017,1.3795257806777954,0.71342015,0.11168813,20,0.3500325381755829
sequential,mov,0.4,0.3,0.64,1,rrg,22,0.40875843,0.420007,0.16578327,9,0.5508762,0.3185102,1,1.5176792,1.52214777469635,1.0723614,0.25204328,16,0.3341057002544403
sequential,mov,0.4,0.3,0.65,1,rrg,50,0.5008435,0.43437514,0.17777094,7,0.074505456,0.10536476,0,1.5937347,1.4521065950393677,0.6518783,0.42633808,9,0.4097258448600769
sequential,mov,0.4,0.3,0.66,1,rrg,80,0.26606697,0.4674945,0.26827425,16,0.6666667,0.47140452,0,1.6534733,1.3175629377365112,3.9634185e-09,0.57797766,5,0.43436962366104126
sequential,mov,0.4,0.3,0.67,1,rrg,78,0.34685934,0.44156948,0.26233375,11,0.66647303,0.47126767,1,1.4131948,1.3780827522277832,0.001912042,0.55085325,4,0.40945348143577576
sequential,mov,0.4,0.3,0.68,1,rrg,32,0.28025228,0.39165094,0.22859368,13,0.21059042,0.16162969,0,1.9121946,1.5305253267288208,1.1936857,0.14473338,19,0.31459110975265503
sequential,mov,0.4,0.3,0.69,1,rrg,84,0.29700214,0.46430102,0.25252724,16,0.66666365,0.4714024,1,1.5254334,1.3448656797409058,4.243567e-05,0.56766295,3,0.3766408860683441
sequential,mov,0.4,0.3,0.7,1,rrg,99,0.26968446,0.4714631,0.23995672,16,0.45081088,0.41413128,1,1.8419114,1.3505929708480835,0.6034767,0.36091602,13,0.39880087971687317
sequential,mov,0.4,0.3,0.71,1,rrg,9,0.26622716,0.50518835,0.2549043,17,0.23998773,0.16990732,0,1.953878,1.276876449584961,1.1030072,0.15124534,19,0.3965568542480469
sequential,mov,0.4,0.3,0.72,1,rrg,34,0.49530414,0.50259864,0.23302744,10,0.1306348,0.1847212,1,1.5205928,1.302231788635254,0.5100687,0.36466932,14,0.4172828793525696
sequential,mov,0.4,0.3,0.73,1,rrg,86,0.3605615,0.48457366,0.24153605,13,8.03035e-18,1.135663e-17,0,1.3954403,1.3401037454605103,1.9165656e-15,0.3605615,15,0.410519540309906
sequential,mov,0.4,0.3,0.74,1,rrg,96,0.25897056,0.51287496,0.28399038,17,0.4479638,0.4148279,0,1.8134658,1.2153552770614624,0.53693885,0.3616403,12,0.44000014662742615
sequential,mov,0.4,0.3,0.75,1,rrg,27,0.25900835,0.51901793,0.24062426,19,0.14770266,0.2088831,0,1.8590173,1.2348573207855225,0.55979455,0.23403879,20,0.4258219599723816
sequential,mov,0.4,0.3,0.76,1,rrg,8,0.35143167,0.5158655,0.25273803,14,0.0137175135,0.019399494,0,1.7246829,1.2218493223190308,0.18482935,0.33771417,17,0.4491317868232727
sequential,mov,0.4,0.3,0.77,1,rrg,82,0.6892506,0.57854116,0.28095683,6,0.33333346,0.47140443,1,1.0420318,1.043436884880066,5.6463487e-06,0.56308347,5,0.4607694745063782
sequential,mov,0.4,0.3,0.78,1,rrg,49,1.0,0.5457431,0.29425794,1,3.67574e-12,5.198282e-12,1,1.4244902e-10,1.086226224899292,3.412901e-10,1.0,1,0.4490012228488922
sequential,mov,0.4,0.3,0.79,1,rrg,69,0.33521387,0.5250573,0.27552843,15,0.19365977,0.27387625,0,1.6851957,1.1467641592025757,0.42036343,0.30539772,17,0.42535915970802307
sequential,mov,0.4,0.3,0.8,1,rrg,2,0.48127875,0.53020227,0.2721613,11,0.88552743,0.16188857,1,1.2300773,1.1291518211364746,0.21828157,0.4042487,14,0.43004536628723145
sequential,mov,0.4,0.3,0.81,1,rrg,3,1.0,0.5261957,0.27809805,1,0.33333334,0.4714045,1,5.454736e-07,1.1195414066314697,6.735963e-10,0.6666667,1,0.43049225211143494
sequential,mov,0.4,0.3,0.82,1,rrg,97,0.35118368,0.49920094,0.26161328,13,0.4694954,0.41052127,1,1.5506306,1.180831789970398,0.4577807,0.35243416,14,0.4177917242050171
sequential,mov,0.4,0.3,0.83,1,rrg,37,0.53798157,0.506643,0.26665342,6,0.41997573,0.4236442,1,1.3536566,1.1548322439193726,0.59592617,0.42601815,8,0.4305260181427002
sequential,mov,0.4,0.3,0.84,1,rrg,38,0.40132257,0.5042336,0.27481496,11,1.6008229e-05,2.2639053e-05,1,1.4257761,1.1397089958190918,0.0005117806,0.4013066,10,0.4392828345298767
sequential,mov,0.4,0.3,0.85,1,rrg,72,0.2160694,0.5108516,0.28259134,14,0.33333334,0.4714045,0,1.7623446,1.1178841590881348,0.0,0.4053565,10,0.4440627694129944
sequential,mov,0.4,0.3,0.86,1,rrg,73,0.25687864,0.5317808,0.28097767,13,0.33211926,0.4696876,0,1.7364094,1.069564938545227,0.009772294,0.41774547,8,0.44751229882240295
sequential,mov,0.4,0.3,0.87,1,rrg,91,0.99999964,0.5529134,0.28064638,1,0.6666663,0.4714043,1,6.363016e-06,1.018166184425354,5.5313853e-06,0.33333352,12,0.44981274008750916
sequential,mov,0.4,0.3,0.88,1,rrg,11,0.2878743,0.5156549,0.25938526,11,0.33333334,0.4714045,1,1.6784956,1.1030008792877197,2.0147772e-10,0.42929146,7,0.45951998233795166
sequential,mov,0.4,0.3,0.89,1,rrg,43,0.54507387,0.5361583,0.2612768,4,0.51764774,0.40901038,1,0.68908,1.0510576963424683,0.44402698,0.33595645,10,0.46220093965530396
sequential,mov,0.4,0.3,0.9,1,rrg,16,0.29135835,0.53296286,0.27404177,9,0.5214505,0.38929436,1,1.7548422,1.0911363363265991,1.1433488,0.39336622,9,0.48393407464027405
sequential,mov,0.4,0.3,0.91,1,rrg,48,1.0,0.5571112,0.27388063,1,0.33333334,0.4714045,1,3.345701e-07,1.0254164934158325,5.4374154e-09,0.6666667,1,0.5242831707000732
sequential,mov,0.4,0.3,0.92,1,rrg,18,0.9999975,0.5013987,0.23807186,1,0.33333334,0.4714045,1,3.9155766e-05,1.1517378091812134,1.1748864e-37,0.66666585,1,0.5112909078598022
sequential,mov,0.4,0.3,0.93,1,rrg,95,0.4853757,0.4297754,0.15504387,5,0.33333334,0.4714045,1,1.4161757,1.3133379220962524,2.1463673e-16,0.4951252,4,0.49327191710472107
sequential,mov,0.4,0.3,0.94,1,rrg,23,0.5212768,0.42041954,0.1655523,2,3.412735e-36,0.0,0,1.016574,1.2946510314941406,6.5405364e-34,0.5212768,2,0.4941833019256592
sequential,mov,0.4,0.3,0.95,1,rrg,59,0.52127534,0.4002083,0.17445463,2,0.33333334,0.4714045,1,0.6922812,1.349500060081482,1.0887822e-31,0.50709176,2,0.48917800188064575
sequential,mov,0.4,0.3,0.96,1,rrg,60,0.5312275,0.3699347,0.18292215,1,0.6666271,0.47137654,1,1.2410698,1.5136667490005493,0.0004616622,0.48955128,3,0.4847522974014282
sequential,mov,0.4,0.3,0.97,1,rrg,93,0.48472175,0.31616253,0.18179204,1,0.33333176,0.47140232,1,1.4173443,1.604540228843689,2.104607e-05,0.4949057,2,0.48316144943237305
sequential,mov,0.4,0.3,0.98,1,rrg,30,0.4,0.23188318,0.16811682,1,1.0,0.0,1,1.2602313,1.6981384754180908,8.7862946e-11,0.6,1,0.47729313373565674
sequential,mov,0.4,0.3,0.99,1,rrg,31,0.06376651,0.06376651,0.0,1,0.33333275,0.4714037,0,2.1360462,2.1360461711883545,9.7443e-06,0.35458824,1,0.35458824038505554
sequential,c_mov,0.4,0.3,0.0,1,rrg,2,0.39723024,0.3972302,2.9802322e-08,1,0.39723024,0.0,1,1.8001581,1.8001582622528076,1.8001581,0.0,1,0.0
sequential,c_mov,0.4,0.3,0.01,1,rrg,1,0.39995685,0.39995676,7.568851e-08,3,0.3999568,0.0,1,1.7077569,1.6888163089752197,1.7077459,5.9604645e-08,8,0.019687550142407417
sequential,c_mov,0.4,0.3,0.02,1,rrg,40,0.39999485,0.39999464,7.5099486e-08,1,0.39999473,5.7067105e-08,0,1.7043421,1.6952873468399048,1.7043406,1.291434e-07,2,0.008750067092478275
sequential,c_mov,0.4,0.3,0.03,1,rrg,77,0.39999953,0.39999962,5.771195e-08,19,0.39999962,1.3438611e-07,0,1.7035879,1.6827545166015625,1.7034804,1.390775e-07,5,0.02270074188709259
sequential,c_mov,0.4,0.3,0.04,1,rrg,32,0.39999995,0.4234066,0.05630511,12,0.39999995,3.4412757e-08,0,1.7001282,1.6488807201385498,1.6941862,1.9868216e-08,20,0.0484483428299427
sequential,c_mov,0.4,0.3,0.05,1,rrg,4,0.39999995,0.41707015,0.05122531,14,0.39999995,2.4333495e-08,0,1.702329,1.6511907577514648,1.6996037,1.9868216e-08,18,0.053050410002470016
sequential,c_mov,0.4,0.3,0.06,1,rrg,13,0.5750096,0.4170905,0.051287964,1,0.26666817,0.18855967,0,1.3563908,1.6378085613250732,1.10156,0.3083414,1,0.06133605167269707
sequential,c_mov,0.4,0.3,0.07,1,rrg,9,0.39999992,0.44317442,0.08838133,19,0.39999995,4.2146848e-08,0,1.7013755,1.6021400690078735,1.6973008,2.9802322e-08,18,0.08113063126802444
sequential,c_mov,0.4,0.3,0.08,1,rrg,17,0.4,0.43500394,0.07000794,8,0.45834753,0.082515895,1,1.6502151,1.5990856885910034,1.5586556,0.058347564,8,0.09333659708499908
sequential,c_mov,0.4,0.3,0.09,1,rrg,12,0.39999995,0.44904703,0.087544225,14,0.4,2.9802322e-08,0,1.7007079,1.586656093597412,1.6952047,4.9670536e-08,15,0.09580916166305542
sequential,c_mov,0.4,0.3,0.1,1,rrg,35,0.39999542,0.45000172,0.099688604,14,0.39992702,0.00010322467,0,1.6709613,1.5638529062271118,1.6261168,7.452568e-05,15,0.13820502161979675
sequential,c_mov,0.4,0.3,0.11,1,rrg,27,0.3999902,0.4173932,0.1295932,11,0.39978245,0.00030878928,0,1.6974626,1.630277395248413,1.6865162,0.00022188823,17,0.14503858983516693
sequential,c_mov,0.4,0.3,0.12,1,rrg,30,0.40000498,0.43106288,0.1108538,9,0.4583868,0.082606904,1,1.6578498,1.6017277240753174,1.5785309,0.05842192,14,0.15234045684337616
sequential,c_mov,0.4,0.3,0.13,1,rrg,10,0.3999535,0.4100204,0.10269986,14,0.39932337,0.0005047391,0,1.6933941,1.6511344909667969,1.678893,0.0006657143,18,0.1306856870651245
sequential,c_mov,0.4,0.3,0.14,1,rrg,37,0.40099669,0.4357667,0.10676045,6,0.3908451,0.00677931,1,1.6957542,1.57746422290802,1.6926088,0.010151585,16,0.1532992720603943
sequential,c_mov,0.4,0.3,0.15,1,rrg,78,0.39931184,0.40482196,0.08116383,11,0.68954474,0.24516122,1,1.4721122,1.640005350112915,0.94027996,0.2902329,3,0.1513865739107132
sequential,c_mov,0.4,0.3,0.16,1,rrg,0,0.38488996,0.43120694,0.10705248,17,0.36840415,0.033909615,0,1.7584715,1.6060130596160889,1.7545489,0.026063085,15,0.13726723194122314
sequential,c_mov,0.4,0.3,0.17,1,rrg,22,0.40067574,0.41960186,0.124110885,8,0.5999968,0.2795268,1,1.5331066,1.6155130863189697,1.1101619,0.19932108,8,0.1752346158027649
sequential,c_mov,0.4,0.3,0.18,1,rrg,97,0.39996672,0.44115132,0.13351052,10,0.5996545,0.2830874,1,1.524173,1.5907280445098877,1.0968091,0.20054716,10,0.21483609080314636
sequential,c_mov,0.4,0.3,0.19,1,rrg,76,0.40181336,0.41731277,0.118369885,8,0.59223175,0.2817814,1,1.5296934,1.6194753646850586,1.135116,0.20213453,7,0.1824895441532135
sequential,c_mov,0.4,0.3,0.2,1,rrg,58,0.40424144,0.47412643,0.12810987,10,0.48462367,0.13920112,1,1.632989,1.527346134185791,1.5208035,0.1044459,15,0.2014642208814621
sequential,c_mov,0.4,0.3,0.21,1,rrg,11,0.4002126,0.45357004,0.12818405,8,0.40008783,0.0011580983,1,1.6895039,1.5401678085327148,1.6688076,0.0010126928,20,0.19101877510547638
sequential,c_mov,0.4,0.3,0.22,1,rrg,6,0.400217,0.40153843,0.13646156,7,0.6596299,0.25143126,1,1.4753178,1.622888207435608,0.9393789,0.2595537,7,0.21736884117126465
sequential,c_mov,0.4,0.3,0.23,1,rrg,14,0.39997593,0.44727525,0.14313248,12,0.6575932,0.25218266,1,1.4825752,1.5645713806152344,0.95338583,0.25761726,10,0.22853310406208038
sequential,c_mov,0.4,0.3,0.24,1,rrg,64,0.40000233,0.39564446,0.12323394,8,0.39999223,1.1274486e-05,1,1.6389768,1.6472947597503662,1.5459942,1.0073185e-05,20,0.19347597658634186
sequential,c_mov,0.4,0.3,0.25,1,rrg,57,0.40103847,0.4387138,0.14298439,9,0.5943093,0.28674462,1,1.5104641,1.5842124223709106,1.0599046,0.20584182,9,0.20577359199523926
sequential,c_mov,0.4,0.3,0.26,1,rrg,19,0.39997247,0.45881835,0.12294298,13,0.39966854,0.00047477797,0,1.6504894,1.5030887126922607,1.569621,0.0003463129,20,0.25113949179649353
sequential,c_mov,0.4,0.3,0.27,1,rrg,43,0.40146363,0.40330547,0.13314088,7,0.6531639,0.2574012,1,1.4910995,1.6541118621826172,1.0050092,0.26332304,7,0.20640739798545837
sequential,c_mov,0.4,0.3,0.28,1,rrg,99,0.40025178,0.44624472,0.111248076,9,0.5766426,0.0014867224,1,1.5725815,1.529844045639038,1.33777,0.17639084,15,0.24687986075878143
sequential,c_mov,0.4,0.3,0.29,1,rrg,54,0.38434613,0.41773567,0.1453182,12,0.36771926,0.03429049,1,1.753207,1.6219505071640015,1.7555948,0.026325732,20,0.20501916110515594
sequential,c_mov,0.4,0.3,0.3,1,rrg,7,0.39943126,0.3950564,0.091728196,11,0.589571,0.29022124,0,1.5238963,1.5585116147994995,1.0892671,0.21023946,15,0.270741730928421
sequential,c_mov,0.4,0.3,0.31,1,rrg,95,0.57787657,0.41194874,0.14022952,4,0.46657303,0.4104065,1,1.2531884,1.574329137802124,0.49842727,0.3919382,3,0.25817176699638367
sequential,c_mov,0.4,0.3,0.32,1,rrg,82,0.53599405,0.40920433,0.1296802,6,0.21212877,0.15922661,1,1.4623858,1.5972697734832764,1.2062372,0.3238653,6,0.2552482783794403
sequential,c_mov,0.4,0.3,0.33,1,rrg,93,0.5748016,0.42732224,0.1369269,5,0.46666363,0.410957,1,1.2551806,1.5501022338867188,0.4868354,0.3915976,4,0.2766333818435669
sequential,c_mov,0.4,0.3,0.34,1,rrg,53,0.5781852,0.40642792,0.10619308,2,0.46078148,0.41199863,1,1.2539864,1.5841822624206543,0.5117058,0.39861357,4,0.2600298225879669
sequential,c_mov,0.4,0.3,0.35,1,rrg,45,0.5176115,0.429524,0.11096787,6,0.29841742,0.23476097,1,1.4547762,1.5391008853912354,1.0498345,0.25654605,13,0.2721487879753113
sequential,c_mov,0.4,0.3,0.36,1,rrg,3,0.57506347,0.3781815,0.13201867,2,0.4666582,0.41096205,1,1.2632691,1.6290231943130493,0.5272173,0.39169598,5,0.2890790104866028
sequential,c_mov,0.4,0.3,0.37,1,rrg,38,0.47992048,0.41143742,0.12054709,6,0.26377848,0.18661559,1,1.5187199,1.548102855682373,1.1158772,0.216142,13,0.2909562587738037
sequential,c_mov,0.4,0.3,0.38,1,rrg,47,0.57460284,0.3911315,0.14503793,3,0.4655045,0.40945557,1,1.2608087,1.6170114278793335,0.4946269,0.39037538,5,0.26974359154701233
sequential,c_mov,0.4,0.3,0.39,1,rrg,68,0.4000002,0.41714525,0.1160409,9,0.7999993,0.28284365,0,1.3677909,1.5440013408660889,0.47766772,0.40000057,4,0.2715909481048584
sequential,c_mov,0.4,0.3,0.4,1,rrg,79,0.5005878,0.36630934,0.11818237,3,0.46666667,0.4109609,0,1.366111,1.6387656927108765,0.48846766,0.36686262,6,0.27999740839004517
sequential,c_mov,0.4,0.3,0.41,1,rrg,89,0.4556046,0.36358616,0.1272404,4,0.667725,0.46908942,1,1.3297544,1.6399993896484375,0.02026645,0.51296836,2,0.2901827394962311
sequential,c_mov,0.4,0.3,0.42,1,rrg,21,0.35855666,0.4041614,0.124315545,16,0.3413222,0.13492242,0,1.8766664,1.6213146448135376,1.8511511,0.12045447,16,0.23679666221141815
sequential,c_mov,0.4,0.3,0.43,1,rrg,74,0.383159,0.39947453,0.12671554,9,0.54448265,0.3274263,0,1.6271385,1.6100698709487915,1.2151524,0.25364128,12,0.2750413417816162
sequential,c_mov,0.4,0.3,0.44,1,rrg,56,0.402183,0.38537076,0.13991776,6,0.07402327,0.08111714,0,1.7166944,1.6241865158081055,0.860487,0.32815972,10,0.29049110412597656
sequential,c_mov,0.4,0.3,0.45,1,rrg,70,0.49699202,0.35320145,0.09172657,2,0.46695057,0.41091508,1,1.3716341,1.5990105867385864,0.49455774,0.36538008,7,0.31678277254104614
sequential,c_mov,0.4,0.3,0.46,1,rrg,66,0.48781514,0.40213424,0.121612996,5,0.2562254,0.18167864,0,1.50172,1.5653750896453857,1.1107302,0.23158973,14,0.28521814942359924
sequential,c_mov,0.4,0.3,0.47,1,rrg,5,0.46309233,0.4529685,0.2006914,8,0.4608594,0.4119838,0,1.4199104,1.428080677986145,0.519536,0.3601714,11,0.35185909271240234
sequential,c_mov,0.4,0.3,0.48,1,rrg,88,0.53125,0.43863678,0.18249199,6,0.4666667,0.4109609,1,1.3145882,1.527599573135376,0.44991517,0.3770833,6,0.29943448305130005
sequential,c_mov,0.4,0.3,0.49,1,rrg,42,0.39999998,0.42412934,0.13045466,12,0.69361705,0.24511524,0,1.4479446,1.5226247310638428,0.8572638,0.29361704,11,0.31409361958503723
sequential,c_mov,0.4,0.3,0.5,1,rrg,62,0.40000004,0.36697346,0.14639163,7,1.0,0.0,1,1.2602313,1.618825912475586,5.655371e-22,0.59999996,1,0.2905306816101074
sequential,c_mov,0.4,0.3,0.51,1,rrg,75,0.4,0.40554553,0.20657444,10,0.9987793,0.0017263349,0,1.2663044,1.5355316400527954,0.009689689,0.5987793,2,0.3230202794075012
sequential,c_mov,0.4,0.3,0.52,1,rrg,33,0.57864416,0.35047764,0.13747239,2,0.25639644,0.18130353,0,1.3236474,1.67124342918396,1.0279876,0.3222477,10,0.2761200964450836
sequential,c_mov,0.4,0.3,0.53,1,rrg,72,0.29540187,0.3689009,0.14393201,13,0.44673753,0.39627343,0,1.7325394,1.6327041387557983,0.81216484,0.31839642,9,0.27462881803512573
sequential,c_mov,0.4,0.3,0.54,1,rrg,63,0.29875124,0.35274625,0.120493956,14,0.46125284,0.4119094,0,1.6678958,1.6475179195404053,0.53527904,0.36166906,8,0.2831575274467468
sequential,c_mov,0.4,0.3,0.55,1,rrg,84,0.40139547,0.4155674,0.1305563,9,0.7949276,0.29001617,1,1.3729581,1.5401619672775269,0.51889664,0.40460727,4,0.2915962040424347
sequential,c_mov,0.4,0.3,0.56,1,rrg,55,0.26594415,0.37724572,0.14986667,15,0.4512398,0.41403112,0,1.7839526,1.6193492412567139,0.5288686,0.36259174,8,0.3059144914150238
sequential,c_mov,0.4,0.3,0.57,1,rrg,85,0.3644475,0.3998074,0.14952834,14,0.7085766,0.41213492,0,1.4543787,1.5470962524414062,0.64991146,0.50327426,3,0.29413989186286926
sequential,c_mov,0.4,0.3,0.58,1,rrg,28,0.39099455,0.4201705,0.17548883,10,0.7385157,0.36979467,0,1.4308519,1.523557424545288,0.5947574,0.46448612,3,0.3316554129123688
sequential,c_mov,0.4,0.3,0.59,1,rrg,81,0.41490805,0.37446487,0.13639814,8,0.7917513,0.29450813,0,1.3753986,1.6040540933609009,0.547208,0.40327933,5,0.2981727719306946
sequential,c_mov,0.4,0.3,0.6,1,rrg,96,0.26589057,0.42226133,0.20020893,15,0.6666667,0.47140452,0,1.6546985,1.5304094552993774,3.440568e-28,0.5780365,3,0.3033595681190491
sequential,c_mov,0.4,0.3,0.61,1,rrg,49,0.68588054,0.41098276,0.20237195,2,0.26666707,0.18856208,1,1.1067923,1.5499550104141235,1.0230814,0.41921344,4,0.2856799364089966
sequential,c_mov,0.4,0.3,0.62,1,rrg,65,0.35083634,0.42893276,0.21214439,13,0.14439227,0.2030666,0,1.6666418,1.4790369272232056,0.4662833,0.26026672,13,0.32182779908180237
sequential,c_mov,0.4,0.3,0.63,1,rrg,31,0.31872657,0.4468522,0.21864812,15,0.31589726,0.11240033,0,1.8995528,1.4809553623199463,1.8145176,0.10481729,17,0.26717621088027954
sequential,c_mov,0.4,0.3,0.64,1,rrg,71,0.47866574,0.3849428,0.21710221,6,0.56087166,0.41722584,0,1.3585495,1.569991111755371,0.34947395,0.40131643,6,0.3225931227207184
sequential,c_mov,0.4,0.3,0.65,1,rrg,51,0.40068355,0.3721221,0.23220454,7,0.43577203,0.04882821,0,1.6180774,1.6324679851531982,1.4825977,0.035544198,20,0.2779635488986969
sequential,c_mov,0.4,0.3,0.66,1,rrg,61,0.6375892,0.38526857,0.23693304,4,0.4663624,0.41101053,0,1.1436919,1.5854265689849854,0.48481548,0.41283402,8,0.3384583294391632
sequential,c_mov,0.4,0.3,0.67,1,rrg,34,0.5387455,0.38411266,0.25256824,4,0.33339837,0.47135857,1,1.414958,1.5672996044158936,0.0013369989,0.5128501,3,0.29343467950820923
sequential,c_mov,0.4,0.3,0.68,1,rrg,73,0.22653231,0.34292647,0.18791623,17,0.39996076,0.43206754,0,1.9196041,1.6698808670043945,0.7493457,0.3422167,11,0.31630560755729675
sequential,c_mov,0.4,0.3,0.69,1,rrg,8,0.23261741,0.33131307,0.19713515,15,0.2068607,0.15799521,0,1.9204031,1.6918809413909912,1.1071486,0.12932158,16,0.2896775007247925
sequential,c_mov,0.4,0.3,0.7,1,rrg,50,0.16044769,0.3775837,0.23607714,19,0.085948646,0.10775015,0,2.1460087,1.5680196285247803,1.4010452,0.12623699,17,0.33863452076911926
sequential,c_mov,0.4,0.3,0.71,1,rrg,92,0.3539631,0.44648257,0.26402313,10,0.27731222,0.03144803,0,1.8882301,1.442866325378418,1.8682467,0.07665088,20,0.37269121408462524
sequential,c_mov,0.4,0.3,0.72,1,rrg,39,0.9999991,0.42991847,0.2848174,2,0.088939905,0.12578002,1,1.5337611e-05,1.4210790395736694,0.5494012,0.9110592,1,0.39275261759757996
sequential,c_mov,0.4,0.3,0.73,1,rrg,25,0.51962084,0.38559732,0.21405993,3,0.44175982,0.4164739,0,1.3630025,1.5918365716934204,0.5737371,0.39811382,8,0.3579547107219696
sequential,c_mov,0.4,0.3,0.74,1,rrg,15,0.14437233,0.36703533,0.21707842,18,0.15484099,0.123119846,0,2.2129486,1.5970174074172974,1.2211088,0.10671689,19,0.3727129101753235
sequential,c_mov,0.4,0.3,0.75,1,rrg,52,0.78145826,0.43104768,0.24002102,3,0.12884374,0.18221132,0,0.6817267,1.42691969871521,0.56217456,0.65261453,2,0.3761235773563385
sequential,c_mov,0.4,0.3,0.76,1,rrg,83,0.3948352,0.38620567,0.22316852,10,0.58379525,0.295031,0,1.5506918,1.5143277645111084,1.0935677,0.21865477,17,0.38741856813430786
sequential,c_mov,0.4,0.3,0.77,1,rrg,46,0.5307896,0.3988746,0.24259172,4,0.65971637,0.4665676,1,1.2448095,1.471448302268982,0.045322884,0.4827865,6,0.38024622201919556
sequential,c_mov,0.4,0.3,0.78,1,rrg,26,0.3452037,0.4188134,0.27565822,10,0.33333334,0.4714045,1,1.5357058,1.4302586317062378,5.976141e-22,0.4484012,7,0.399080365896225
sequential,c_mov,0.4,0.3,0.79,1,rrg,67,0.247424,0.41866803,0.27567258,16,7.253541e-23,1.0587912e-22,0,1.6293745,1.3988549709320068,6.267232e-21,0.247424,16,0.3937000334262848
sequential,c_mov,0.4,0.3,0.8,1,rrg,16,0.2012302,0.41561842,0.27787146,16,0.49116406,0.4084395,1,2.0942714,1.4224408864974976,0.4982972,0.42408732,8,0.4015519618988037
sequential,c_mov,0.4,0.3,0.81,1,rrg,18,0.99996924,0.42828012,0.28109473,3,0.33318114,0.47118846,1,0.00039972807,1.3811028003692627,0.0015109815,0.6667881,1,0.40089353919029236
sequential,c_mov,0.4,0.3,0.82,1,rrg,98,0.13427576,0.39705646,0.25372058,17,6.5016887e-26,0.0,0,1.8190328,1.4552069902420044,6.758518e-24,0.13427576,17,0.3874330520629883
sequential,c_mov,0.4,0.3,0.83,1,rrg,36,0.15594497,0.41321602,0.25304407,16,0.23773105,0.1794541,0,2.2633412,1.4299911260604858,1.1586018,0.1857494,16,0.4036080837249756
sequential,c_mov,0.4,0.3,0.84,1,rrg,69,0.4595298,0.42126885,0.255422,6,0.33333334,0.4714045,0,1.5322673,1.385053038597107,7.562791e-11,0.48650992,7,0.4148491621017456
sequential,c_mov,0.4,0.3,0.85,1,rrg,41,0.29918033,0.4136239,0.26839998,9,0.0008679011,0.0012273975,0,1.7619616,1.3724266290664673,0.035901412,0.29831243,13,0.4058067500591278
sequential,c_mov,0.4,0.3,0.86,1,rrg,91,0.9999999,0.43051848,0.2809545,1,0.6666656,0.4714038,1,2.3681284e-06,1.3245168924331665,1.536921e-05,0.33333433,12,0.42293092608451843
sequential,c_mov,0.4,0.3,0.87,1,rrg,44,0.022133103,0.3908836,0.24465494,13,1.160164e-16,1.6407194e-16,0,2.1063476,1.4180058240890503,2.4576439e-14,0.022133103,13,0.4343714416027069
sequential,c_mov,0.4,0.3,0.88,1,rrg,48,0.9999973,0.4242182,0.23134975,1,0.33333334,0.4714045,1,4.1431747e-05,1.3559802770614624,2.8198855e-08,0.6666658,2,0.4716067612171173
sequential,c_mov,0.4,0.3,0.89,1,rrg,80,0.2718085,0.37219802,0.16022228,8,0.6666667,0.47140452,0,1.6112297,1.4787577390670776,1.2340864e-19,0.5760638,2,0.4542395770549774
sequential,c_mov,0.4,0.3,0.9,1,rrg,20,0.1496211,0.38337797,0.16682373,10,2.2010825e-07,3.1127092e-07,0,1.8654745,1.4614932537078857,1.9377438e-05,0.14962088,10,0.4432552754878998
sequential,c_mov,0.4,0.3,0.91,1,rrg,86,0.3578932,0.41182587,0.16169606,5,9.858038e-16,1.3941371e-15,0,1.403749,1.4034940004348755,2.1464575e-13,0.3578932,9,0.47837352752685547
sequential,c_mov,0.4,0.3,0.92,1,rrg,87,0.25963372,0.42119458,0.1737881,7,0.33333334,0.4714045,0,1.7398361,1.3824539184570312,5.770795e-12,0.41987792,6,0.4944905936717987
sequential,c_mov,0.4,0.3,0.93,1,rrg,23,0.7568678,0.44829252,0.17492482,1,4.9119277e-20,6.9465135e-20,0,0.7233476,1.298866868019104,4.5191615e-18,0.7568678,1,0.5057716965675354
sequential,c_mov,0.4,0.3,0.94,1,rrg,24,0.32087275,0.4198918,0.15814249,4,0.6666667,0.47140452,0,1.3808662,1.3318897485733032,1.9452786e-21,0.5597091,1,0.49248358607292175
sequential,c_mov,0.4,0.3,0.95,1,rrg,90,0.2489526,0.51131356,0.24753326,5,0.33333334,0.4714045,0,1.6436709,1.0704834461212158,1.0856965e-22,0.41631755,5,0.5625532865524292
sequential,c_mov,0.4,0.3,0.96,1,rrg,59,0.5212671,0.58641607,0.24972647,3,0.33333334,0.4714045,1,0.6924707,0.875262975692749,1.2426411e-18,0.5070891,3,0.6116287112236023
sequential,c_mov,0.4,0.3,0.97,1,rrg,60,0.53125006,0.6104891,0.28817654,2,0.6666667,0.47140452,1,1.2408066,0.9200798869132996,6.57283e-14,0.48958334,3,0.6495789885520935
sequential,c_mov,0.4,0.3,0.98,1,rrg,29,0.9987799,0.65135086,0.34742904,1,0.101307265,0.1432701,1,0.011329481,0.7498823404312134,0.49614504,0.8974726,1,0.7312126159667969
sequential,c_mov,0.4,0.3,0.99,1,rrg,94,0.30392694,0.30392694,0.0,1,0.6664632,0.47126073,0,1.4882188,1.4882187843322754,0.0020298986,0.56515425,1,0.5651542544364929
sequential,ov,0.05,0.3,0.0,2,rrg,70,0.04985791,0.04985791,0.0,1,0.04985791,0.0,1,2.7788618,2.7788617610931396,2.7788618,0.0,1,0.0
sequential,ov,0.05,0.3,0.01,2,rrg,57,0.04999997,0.049999967,3.239075e-08,9,0.049999952,2.0741538e-08,1,2.6984107,2.575010061264038,2.6941757,2.4835268e-08,12,0.03165896609425545
sequential,ov,0.05,0.3,0.02,2,rrg,25,0.04999998,0.05,3.34551e-08,15,0.05000001,3.041687e-09,0,2.6375692,2.555781364440918,2.6345575,2.9802322e-08,9,3.0857819410812226e-08
sequential,ov,0.05,0.3,0.03,2,rrg,48,0.0019029228,0.03556644,0.016061801,20,0.0055025746,0.0042777695,0,2.3250818,2.517091751098633,1.7049948,0.004867973,12,0.037269819527864456
sequential,ov,0.05,0.3,0.04,2,rrg,53,0.049745966,0.04162244,0.012310773,5,0.049021374,0.0012140194,1,2.4211051,2.5268714427948,2.3729413,0.0009029868,16,0.005018566269427538
sequential,ov,0.05,0.3,0.05,2,rrg,60,0.04115377,0.04072485,0.011513693,13,0.038606226,0.0064936504,0,2.6648767,2.4684252738952637,2.637654,0.006802375,12,0.053165845572948456
sequential,ov,0.05,0.3,0.06,2,rrg,34,0.03693617,0.032186482,0.01809384,11,0.037690166,0.011434575,0,2.4431217,2.4119246006011963,2.3699234,0.011031877,5,0.0528382882475853
sequential,ov,0.05,0.3,0.07,2,rrg,6,0.034996502,0.026282202,0.018866083,9,0.034520764,0.009877351,0,2.3878067,2.4532485008239746,2.298445,0.008501687,8,0.022514518350362778
sequential,ov,0.05,0.3,0.08,2,rrg,16,0.045881923,0.028095523,0.016700367,3,0.042814214,0.0074115624,1,2.5839734,2.4674763679504395,2.5524023,0.0071001,8,0.03872726112604141
sequential,ov,0.05,0.3,0.09,2,rrg,8,0.002059897,0.026400547,0.014622635,20,0.002569663,0.0012729223,0,2.4355931,2.4102859497070312,2.4113863,0.0011794146,20,0.08925221860408783
sequential,ov,0.05,0.3,0.1,2,rrg,51,0.036855105,0.022000214,0.016609402,5,0.03372403,0.011015286,0,2.6081762,2.3881192207336426,2.5326397,0.009259856,10,0.055695585906505585
sequential,ov,0.05,0.3,0.11,2,rrg,14,0.050473657,0.02075957,0.016454577,1,0.3615074,0.45153126,0,1.9690117,2.3013970851898193,1.585907,0.32198384,4,0.0873948335647583
sequential,ov,0.05,0.3,0.12,2,rrg,10,0.011316739,0.019652113,0.014084203,12,0.012482446,0.009192141,0,2.6368747,2.3727476596832275,2.6084101,0.008270565,11,0.0562458261847496
sequential,ov,0.05,0.3,0.13,2,rrg,95,0.016131299,0.0204236,0.0138108255,12,0.02085465,0.012591275,0,2.5052311,2.370483875274658,2.408438,0.013318752,7,0.056961603462696075
sequential,ov,0.05,0.3,0.14,2,rrg,31,0.03876742,0.018945973,0.015959434,4,0.032487925,0.004550026,0,2.3554084,2.311607837677002,2.2893794,0.006382867,12,0.0619649775326252
sequential,ov,0.05,0.3,0.15,2,rrg,20,0.50639474,0.038426053,0.10808295,1,0.02048195,0.015443263,0,1.599949,2.271700620651245,1.4174533,0.4859128,1,0.08794789016246796
sequential,ov,0.05,0.3,0.16,2,rrg,13,0.04613748,0.02391451,0.034326058,3,0.041913953,0.003751569,0,2.1684434,2.3197715282440186,2.1433423,0.004944856,15,0.049049101769924164
sequential,ov,0.05,0.3,0.17,2,rrg,7,0.006709107,0.062039774,0.18402687,13,0.3347888,0.47037873,0,2.3592033,2.231724977493286,0.8131187,0.33411428,4,0.10485146939754486
sequential,ov,0.05,0.3,0.18,2,rrg,64,0.013276247,0.016717365,0.020648278,9,0.013187998,0.0076245074,0,2.4956598,2.279893636703491,2.4579487,0.006942017,10,0.02568300999701023
sequential,ov,0.05,0.3,0.19,2,rrg,49,0.016976112,0.023256442,0.0281894,8,0.018394344,0.012055429,0,2.5865345,2.2702090740203857,2.559749,0.010315274,9,0.04653414338827133
sequential,ov,0.05,0.3,0.2,2,rrg,56,0.11809818,0.069097966,0.1805966,3,0.06846788,0.024068339,1,1.9701452,2.1297192573547363,1.857719,0.0496303,5,0.10044535249471664
sequential,ov,0.05,0.3,0.21,2,rrg,47,0.0001282262,0.026723873,0.039309815,20,0.00038863192,0.00040222425,0,2.1171906,2.132861375808716,1.5194478,0.00034588986,20,0.0940806120634079
sequential,ov,0.05,0.3,0.22,2,rrg,65,0.018274924,0.013324721,0.011716768,6,0.023984687,0.029843062,0,2.0005825,2.1826908588409424,1.4385976,0.026141176,5,0.07092873007059097
sequential,ov,0.05,0.3,0.23,2,rrg,3,0.0026801233,0.014800154,0.018049175,12,0.0031835886,0.0039064162,0,1.9432571,2.074937582015991,1.4339285,0.0035000928,12,0.10279913991689682
sequential,ov,0.05,0.3,0.24,2,rrg,85,0.007943774,0.01236253,0.0115742,11,0.011456582,0.01151733,0,2.3745234,2.212820291519165,2.2452881,0.009650122,8,0.0756242647767067
sequential,ov,0.05,0.3,0.25,2,rrg,73,0.058738314,0.015554895,0.017198509,1,0.3436195,0.46430206,0,1.4494177,2.14884090423584,0.674979,0.3426266,1,0.07215474545955658
sequential,ov,0.05,0.3,0.26,2,rrg,91,0.016693182,0.013138357,0.017794894,7,0.016128818,0.010806707,0,2.2180285,2.0973799228668213,1.9436413,0.008982233,8,0.06982817500829697
sequential,ov,0.05,0.3,0.27,2,rrg,83,0.0391059,0.016965304,0.014902396,2,0.34526387,0.46319887,0,1.6864538,2.136903762817383,0.6433055,0.3344381,3,0.11941492557525635
sequential,ov,0.05,0.3,0.28,2,rrg,88,0.0014796264,0.010457644,0.010569778,15,0.0030389105,0.0028009086,0,2.0536675,2.158168315887451,1.4750729,0.0025457018,13,0.06800193339586258
sequential,ov,0.05,0.3,0.29,2,rrg,45,0.0029451577,0.008254226,0.010153393,9,0.0026186462,0.001874094,0,2.3297935,2.1139025688171387,2.1299498,0.0016587367,12,0.05764482542872429
sequential,ov,0.05,0.3,0.3,2,rrg,40,0.0023904773,0.009437808,0.010682239,12,0.0016345518,0.00043832278,0,2.0921636,2.0495946407318115,2.1002479,0.0007559255,15,0.057438623160123825
sequential,ov,0.05,0.3,0.31,2,rrg,19,0.012044622,0.009250737,0.010808088,8,0.33560374,0.46980733,0,1.9165349,2.0182719230651855,0.71044755,0.33507776,3,0.0874159187078476
sequential,ov,0.05,0.3,0.32,2,rrg,4,0.0004145484,0.049931236,0.1766172,17,0.0005648274,0.00041943832,0,2.081068,1.9854475259780884,1.5752333,0.00042664458,17,0.14332538843154907
sequential,ov,0.05,0.3,0.33,2,rrg,71,0.00021347615,0.01780015,0.04175531,18,0.00031217368,0.00033335356,0,1.9651316,2.1510536670684814,1.409751,0.00027511723,19,0.045213278383016586
sequential,ov,0.05,0.3,0.34,2,rrg,28,0.00042835096,0.009559379,0.012923492,13,0.0006326758,0.0008190662,0,1.9443985,2.0371317863464355,1.4591316,0.00070298015,15,0.0807638019323349
sequential,ov,0.05,0.3,0.35,2,rrg,99,0.000557043,0.004434278,0.004808351,13,0.001820634,0.002445383,0,1.7052801,2.0741963386535645,1.3442892,0.001883237,15,0.007890853099524975
sequential,ov,0.05,0.3,0.36,2,rrg,98,0.00041883852,0.019165834,0.04164647,16,0.0035984518,0.0050211796,0,2.352756,2.077934503555298,1.4602827,0.003673998,12,0.08922690153121948
sequential,ov,0.05,0.3,0.37,2,rrg,55,0.0003429269,0.013837236,0.014058192,16,0.0030559348,0.004308611,0,1.8211287,1.9378917217254639,1.1569886,0.0031578552,15,0.11164718866348267
sequential,ov,0.05,0.3,0.38,2,rrg,46,0.007746614,0.049329236,0.176717,9,0.011807588,0.008346768,0,2.0192297,1.9799766540527344,1.5250411,0.009217112,5,0.06058434396982193
sequential,ov,0.05,0.3,0.39,2,rrg,21,0.002998525,0.018868264,0.042427786,11,0.0053720865,0.007055876,0,2.2259727,1.9756361246109009,2.100498,0.0058609988,9,0.0779702439904213
sequential,ov,0.05,0.3,0.4,2,rrg,35,0.018977253,0.058260806,0.17901239,6,0.007961214,0.011258856,0,2.185086,1.8448047637939453,0.75389045,0.014286965,4,0.05466752126812935
sequential,ov,0.05,0.3,0.41,2,rrg,69,0.012593651,0.012176095,0.010530161,9,0.34171748,0.46558926,0,2.3871818,2.1091268062591553,0.76476747,0.33751962,2,0.11371439695358276
sequential,ov,0.05,0.3,0.42,2,rrg,77,0.036806073,0.048531182,0.17903437,2,0.023619568,0.015966488,0,2.111033,1.9101543426513672,1.5262761,0.013186507,5,0.06097247451543808
sequential,ov,0.05,0.3,0.43,2,rrg,80,0.050000004,0.060559314,0.18170168,3,1.0,0.0,0,1.1282793,1.8860032558441162,1.1448486e-34,0.95,1,0.14669674634933472
sequential,ov,0.05,0.3,0.44,2,rrg,68,0.026538802,0.017896164,0.038438644,2,0.3438666,0.46401176,0,2.1370132,2.006509304046631,1.5166491,0.33164635,5,0.09663394093513489
sequential,ov,0.05,0.3,0.45,2,rrg,42,0.02008265,0.008695366,0.010297644,4,0.015954727,0.012864252,0,1.7892514,1.9511905908584595,1.335753,0.011747959,4,0.019084636121988297
sequential,ov,0.05,0.3,0.46,2,rrg,39,0.014473385,0.013038333,0.036078025,3,0.010619052,0.0021777842,0,2.1964185,1.8805179595947266,2.0476058,0.0038543334,8,0.04718983918428421
sequential,ov,0.05,0.3,0.47,2,rrg,82,0.006108085,0.0148389265,0.036351126,8,0.0076040477,0.005500697,0,2.4116032,2.073441982269287,2.2314217,0.0053827483,9,0.04505880922079086
sequential,ov,0.05,0.3,0.48,2,rrg,1,0.0026792258,0.0026469475,0.0032153612,8,1.2473156e-05,1.7639706e-05,0,1.7346807,1.8667075634002686,0.006528104,0.0026667528,8,0.021766576915979385
sequential,ov,0.05,0.3,0.49,2,rrg,12,6.9484304e-05,0.0031032606,0.0055141184,16,0.00014820152,0.00018379389,0,2.1655378,1.9129436016082764,1.350687,0.00014644524,17,0.03584691137075424
sequential,ov,0.05,0.3,0.5,2,rrg,38,0.00801724,0.012414282,0.034797594,6,0.3343573,0.47068214,0,2.2420115,1.8169548511505127,0.792974,0.3349818,1,0.04777846857905388
sequential,ov,0.05,0.3,0.51,2,rrg,5,1.0579204e-05,0.04553905,0.18629204,18,1.82738e-06,2.5843055e-06,0,1.6066947,1.6571204662322998,0.49098334,8.751825e-06,18,0.06109776347875595
sequential,ov,0.05,0.3,0.52,2,rrg,92,0.018870037,0.048580065,0.18527257,3,0.33333334,0.4714045,0,1.1318362,1.8474359512329102,1.04937005e-36,0.33962333,2,0.08156831562519073
sequential,ov,0.05,0.3,0.53,2,rrg,75,0.0003763909,0.05860572,0.18589978,18,0.00093491003,0.0013221625,0,1.743128,1.8492813110351562,0.77638465,0.0010603737,15,0.13100780546665192
sequential,ov,0.05,0.3,0.54,2,rrg,18,0.0005828108,0.047018215,0.18558386,10,0.003963565,0.005605327,0,2.0511227,1.582397699356079,0.65357107,0.004157835,8,0.06441324204206467
sequential,ov,0.05,0.3,0.55,2,rrg,44,0.00025895672,0.012641286,0.03350364,16,0.00016668341,0.00023572595,0,1.8175719,1.8592195510864258,0.59488624,0.0002530023,16,0.05848696082830429
sequential,ov,0.05,0.3,0.56,2,rrg,15,0.007426259,0.049546544,0.18552917,6,0.011599225,0.013084889,0,2.1254966,1.6012157201766968,1.3670715,0.010799814,6,0.07484797388315201
sequential,ov,0.05,0.3,0.57,2,rrg,97,0.00010195977,0.013121319,0.03487759,15,6.6788736e-05,4.7695434e-05,0,1.8504769,1.7274353504180908,1.3296456,3.943253e-05,17,0.05282943323254585
sequential,ov,0.05,0.3,0.58,2,rrg,62,0.0045363037,0.016028985,0.04480814,8,0.0042690258,0.004033226,0,2.1371496,1.732600212097168,1.3999437,0.0036960773,9,0.0550268180668354
sequential,ov,0.05,0.3,0.59,2,rrg,43,1.5271433e-05,0.04278063,0.16266838,19,2.2114676e-08,3.031716e-08,0,2.1464117,1.7698990106582642,0.0020646453,1.52493185e-05,19,0.0553608164191246
sequential,ov,0.05,0.3,0.6,2,rrg,29,0.00037335153,0.049516097,0.17114623,13,6.998125e-05,9.8968434e-05,0,0.005785001,1.554552435874939,0.001836826,0.0003033703,14,0.06743782758712769
sequential,ov,0.05,0.3,0.61,2,rrg,66,0.03815333,0.05300759,0.18016298,3,0.2869698,0.3821984,0,2.1664789,1.6147706508636475,1.6795763,0.27739063,4,0.11044750362634659
sequential,ov,0.05,0.3,0.62,2,rrg,50,0.00074844586,0.008617523,0.023281695,12,0.002795417,0.003575955,0,2.3835592,1.6909606456756592,1.5092732,0.0026826246,11,0.04359579086303711
sequential,ov,0.05,0.3,0.63,2,rrg,58,0.0005356073,0.049383685,0.20038934,12,0.00076252705,0.0010783741,0,1.7281743,1.6168991327285767,0.7555173,0.00094106095,13,0.08191603422164917
sequential,ov,0.05,0.3,0.64,2,rrg,32,0.0020703834,0.0022788774,0.0036175507,7,0.027894014,0.039448094,0,2.1163912,1.589928388595581,0.8099993,0.028584143,4,0.051333166658878326
sequential,ov,0.05,0.3,0.65,2,rrg,36,0.0037096713,0.006833136,0.013051777,9,9.339018e-05,0.00013207368,0,1.7606027,1.6359338760375977,0.43846235,0.003616281,10,0.054775167256593704
sequential,ov,0.05,0.3,0.66,2,rrg,90,1.604978e-05,0.051595688,0.2023979,16,6.2624727e-06,8.856473e-06,0,1.7097383,1.4883456230163574,0.5065951,1.1612399e-05,16,0.10104574263095856
sequential,ov,0.05,0.3,0.67,2,rrg,9,0.0077340105,0.0064458014,0.012511097,5,0.0038927412,0.0050410237,0,2.0088375,1.5708781480789185,1.4363432,0.0060262117,8,0.03955727070569992
sequential,ov,0.05,0.3,0.68,2,rrg,72,0.010509154,0.006308292,0.012530967,4,5.380938e-21,7.609774e-21,0,1.6259444,1.74905526638031,2.8726707e-16,0.010509153,8,0.07136160880327225
sequential,ov,0.05,0.3,0.69,2,rrg,33,0.004162852,0.004062506,0.011509117,5,0.004715312,0.006668458,0,1.0326619,1.6540495157241821,0.37794816,0.0061029294,6,0.06934710592031479
sequential,ov,0.05,0.3,0.7,2,rrg,61,0.00503216,0.0021946437,0.004610995,3,0.00025893812,0.0003661938,0,1.9311041,1.6057751178741455,0.6370453,0.004773222,5,0.05184619501233101
sequential,ov,0.05,0.3,0.71,2,rrg,79,3.999515e-05,0.053459425,0.20693281,14,8.096512e-17,1.1450197e-16,0,0.0004615053,1.4272788763046265,4.673765e-15,3.999515e-05,14,0.10207442194223404
sequential,ov,0.05,0.3,0.72,2,rrg,93,0.00018575581,0.0038075321,0.010897401,11,0.0010639934,0.0015047139,0,2.04616,1.7516028881072998,0.77644706,0.0011259121,7,0.069050133228302
sequential,ov,0.05,0.3,0.73,2,rrg,52,0.00013419735,0.053108744,0.20702717,12,5.46537e-12,7.729201e-12,0,1.3120191,1.502315640449524,2.352085e-08,0.00013419735,12,0.06867235153913498
sequential,ov,0.05,0.3,0.74,2,rrg,59,0.023969699,0.053335905,0.20697527,3,2.5990666e-08,3.675635e-08,0,0.115109585,1.5584436655044556,6.999785e-05,0.023969673,6,0.10279911756515503
sequential,ov,0.05,0.3,0.75,2,rrg,0,5.7710295e-05,0.0048421295,0.011585926,13,6.5415625e-05,7.626716e-05,0,2.1611044,1.6983973979949951,1.8297094,6.914352e-05,13,0.07008034735918045
sequential,ov,0.05,0.3,0.76,2,rrg,67,0.0048883576,0.050003044,0.2074377,5,0.33333334,0.4714045,0,1.6486436,1.500749945640564,1.2013743e-32,0.33496282,2,0.11510682106018066
sequential,ov,0.05,0.3,0.77,2,rrg,96,0.00045482366,0.0042265714,0.011636653,7,0.0004651169,0.0006577746,0,1.6647156,1.563338279724121,0.5566445,0.0006167248,7,0.03732913359999657
sequential,ov,0.05,0.3,0.78,2,rrg,37,0.00042209987,0.052247327,0.20717603,9,0.0,0.0,0,1.8269348,1.5197951793670654,0.0,0.00042209987,9,0.10087994486093521
sequential,ov,0.05,0.3,0.79,2,rrg,26,9.819366e-06,0.05215902,0.20721072,14,1.1933318e-09,1.6876261e-09,0,1.3925033,1.5186994075775146,0.00023559506,9.818173e-06,13,0.1007557287812233
sequential,ov,0.05,0.3,0.8,2,rrg,2,0.00029653485,0.05215798,0.20719962,10,7.3319427e-13,1.0368932e-12,0,1.40636,1.522744059562683,3.0058838e-09,0.00029653485,10,0.10083281993865967
sequential,ov,0.05,0.3,0.81,2,rrg,11,0.007984834,0.054881103,0.21223384,4,0.31796876,0.4496757,0,2.114147,1.5270609855651855,0.065723196,0.32063034,4,0.10612025111913681
sequential,ov,0.05,0.3,0.82,2,rrg,89,0.050586756,0.0568533,0.21504067,2,2.1278852e-21,3.0091843e-21,0,2.29598,1.495896577835083,3.5982883e-17,0.050586756,4,0.09370431303977966
sequential,ov,0.05,0.3,0.83,2,rrg,41,2.466354e-05,0.057987154,0.22414333,10,0.0,0.0,0,1.557705,1.4464573860168457,3.179178e-39,2.466354e-05,10,0.09701965004205704
sequential,ov,0.05,0.3,0.84,2,rrg,74,0.004690173,0.06373081,0.23872896,3,0.33348438,0.47129777,0,2.0368135,1.431183099746704,0.49296895,0.33474568,2,0.1052047610282898
sequential,ov,0.05,0.3,0.85,2,rrg,76,1.0310044e-05,0.068271115,0.24846005,9,2.0156754e-06,2.8505954e-06,0,1.3141212,1.4091932773590088,0.43536887,8.294369e-06,9,0.09042023867368698
sequential,ov,0.05,0.3,0.86,2,rrg,78,0.00062662835,0.07323461,0.25698447,5,2.8048686e-05,3.9666833e-05,0,1.5655733,1.412643313407898,0.40141895,0.00059857965,5,0.09696811437606812
sequential,ov,0.05,0.3,0.87,2,rrg,17,4.196749e-06,0.078822225,0.26595727,8,0.0,0.0,0,1.0733991,1.4027873277664185,0.0,4.196749e-06,8,0.10437074303627014
sequential,ov,0.05,0.3,0.88,2,rrg,81,3.0823885e-05,0.085387655,0.2758208,7,0.00013744355,0.00019437452,0,1.9485463,1.4316807985305786,0.64663416,0.00014771818,6,0.1130664274096489
sequential,ov,0.05,0.3,0.89,2,rrg,84,1.3820086e-06,0.09313698,0.28683284,9,8.666288e-07,1.2255982e-06,0,1.4186593,1.3846832513809204,0.49807727,1.3272984e-06,10,0.12332253158092499
sequential,ov,0.05,0.3,0.9,2,rrg,94,0.02085208,0.102446996,0.2992427,2,8.145198e-32,0.0,0,1.2493973,1.3727262020111084,8.287595e-29,0.02085208,3,0.13565121591091156
sequential,ov,0.05,0.3,0.91,2,rrg,22,2.1045034e-06,0.11151234,0.31412384,6,0.0,0.0,0,1.0773562,1.380290150642395,7.567e-42,2.1045034e-06,6,0.14840592443943024
sequential,ov,0.05,0.3,0.92,2,rrg,54,8.373324e-07,0.12545104,0.33054426,7,6.122648e-10,8.658732e-10,0,1.3715906,1.416625738143921,0.0030238659,8.367201e-07,7,0.1669563353061676
sequential,ov,0.05,0.3,0.93,2,rrg,86,8.036956e-07,0.14337234,0.34971184,7,9.070177e-14,1.2827167e-13,0,1.1722529,1.4230270385742188,8.376426e-08,8.036955e-07,7,0.19080697000026703
sequential,ov,0.05,0.3,0.94,2,rrg,87,0.00028492932,0.16726856,0.3724059,4,7.384965e-11,1.0443917e-10,0,1.9092119,1.4648022651672363,3.2283588e-05,0.00028492927,4,0.22260892391204834
sequential,ov,0.05,0.3,0.95,2,rrg,23,1.5320643e-06,0.20066655,0.39966652,5,4.49623e-24,0.0,0,1.4494787,1.3759037256240845,2.8594434e-18,1.5320643e-06,5,0.2670750021934509
sequential,ov,0.05,0.3,0.96,2,rrg,24,0.0019366205,0.25083312,0.43253192,2,0.33333334,0.4714045,0,2.2664719,1.3575022220611572,3.059223e-21,0.3339789,2,0.3338436484336853
sequential,ov,0.05,0.3,0.97,2,rrg,27,0.99999994,0.33379877,0.47107565,1,3.1151675e-17,4.4055123e-17,1,1.7536438e-06,1.0545085668563843,1.2927635e-13,0.99999994,1,0.33379876613616943
sequential,ov,0.05,0.3,0.98,2,rrg,30,0.0013503502,0.000698192,0.0006521582,1,8.559133e-16,1.210444e-15,0,1.8522155,1.5817615985870361,5.1125805e-12,0.0013503502,1,0.0006981919868849218
sequential,ov,0.05,0.3,0.99,2,rrg,63,4.6033725e-05,4.6033725e-05,0.0,1,2.9847207e-15,4.221033e-15,0,1.3113075,1.3113075494766235,9.5980036e-11,4.603372e-05,1,4.6033721446292475e-05
sequential,mov,0.05,0.3,0.0,2,rrg,23,0.04985791,0.04985791,0.0,1,0.04985791,0.0,0,2.7788618,2.7788617610931396,2.7788618,0.0,1,0.0
sequential,mov,0.05,0.3,0.01,2,rrg,2,0.04070722,0.037834525,0.012050623,11,0.038462784,0.003682932,0,2.7841082,2.7440738677978516,2.7781525,0.003333427,12,0.005638974718749523
sequential,mov,0.05,0.3,0.02,2,rrg,6,0.049173392,0.038321055,0.011503452,3,0.04836313,0.0015124446,0,2.7723851,2.7729837894439697,2.7747586,0.0014053596,19,0.006848841905593872
sequential,mov,0.05,0.3,0.03,2,rrg,4,0.051252887,0.03909018,0.019989261,7,0.052283753,0.004562267,0,2.7293897,2.6722166538238525,2.7322557,0.004563225,16,0.012334994040429592
sequential,mov,0.05,0.3,0.04,2,rrg,32,0.054080717,0.033154186,0.018918155,4,0.054726396,0.0027096719,0,2.7526922,2.707810401916504,2.7564657,0.0025709893,19,0.01032157614827156
sequential,mov,0.05,0.3,0.05,2,rrg,1,0.09293542,0.042279083,0.026031833,1,0.07640329,0.025050065,0,2.7376814,2.6485178470611572,2.7223384,0.025417497,5,0.01784178614616394
sequential,mov,0.05,0.3,0.06,2,rrg,18,0.07300797,0.035763316,0.023647487,2,0.06500396,0.0041465117,0,2.7154152,2.6176393032073975,2.7124498,0.008004005,17,0.015993991866707802
sequential,mov,0.05,0.3,0.07,2,rrg,34,0.1152329,0.042436056,0.035164133,1,0.087536216,0.009425188,0,2.6719155,2.5928635597229004,2.669439,0.027696678,4,0.01924208737909794
sequential,mov,0.05,0.3,0.08,2,rrg,44,0.05325195,0.035178524,0.027170623,5,0.064849205,0.055806607,0,2.805948,2.6133460998535156,2.73047,0.047831234,1,0.019962090998888016
sequential,mov,0.05,0.3,0.09,2,rrg,92,0.07133981,0.022649184,0.019458346,1,0.07049401,0.060468912,0,2.6485476,2.5496058464050293,2.5238018,0.056476522,1,0.019969191402196884
sequential,mov,0.05,0.3,0.1,2,rrg,21,0.023668483,0.024892494,0.020097183,8,0.029523754,0.026271515,0,2.8438473,2.5436794757843018,2.7571392,0.022816122,6,0.01904195174574852
sequential,mov,0.05,0.3,0.11,2,rrg,17,0.036321573,0.041485943,0.063261405,7,0.03518844,0.019725354,0,2.758348,2.408842086791992,2.7140057,0.018071963,9,0.032508380711078644
sequential,mov,0.05,0.3,0.12,2,rrg,83,0.12712583,0.036103476,0.042832233,2,0.09054495,0.048092153,0,2.6476543,2.455049991607666,2.5791476,0.05617636,2,0.021724939346313477
sequential,mov,0.05,0.3,0.13,2,rrg,80,0.34373564,0.03326003,0.07363781,1,0.15935744,0.10175542,0,1.9376144,2.3590030670166016,2.0739114,0.18437819,1,0.02071527950465679
sequential,mov,0.05,0.3,0.14,2,rrg,56,0.38266373,0.047330227,0.08223302,1,0.14308101,0.20228252,1,1.3076477,2.218270778656006,0.5934436,0.2705747,1,0.035451047122478485
sequential,mov,0.05,0.3,0.15,2,rrg,73,0.24099033,0.033816747,0.052472662,1,0.09550243,0.05998372,0,2.3035018,2.405449628829956,2.2539177,0.1454879,1,0.02120102569460869
sequential,mov,0.05,0.3,0.16,2,rrg,31,0.080650404,0.01562084,0.023036586,1,0.063571446,0.037809905,0,2.5085046,2.256197690963745,2.2997105,0.04084787,1,0.008815296925604343
sequential,mov,0.05,0.3,0.17,2,rrg,72,0.17009859,0.023889275,0.036782213,1,6.9624377e-09,9.846374e-09,0,1.8072655,2.2363593578338623,9.586389e-07,0.17009859,1,0.015460127964615822
sequential,mov,0.05,0.3,0.18,2,rrg,40,0.018172652,0.04025067,0.13802597,3,0.017438306,0.011793039,0,2.3448546,2.1797499656677246,2.307669,0.010956161,7,0.04295167326927185
sequential,mov,0.05,0.3,0.19,2,rrg,58,0.05434962,0.05023275,0.15408538,2,0.032012817,0.0053727687,0,2.6050327,2.126296281814575,2.4508393,0.022336802,4,0.059779275208711624
sequential,mov,0.05,0.3,0.2,2,rrg,68,0.0057115573,0.0058347555,0.0057389517,8,0.09945633,0.13710289,0,2.532244,2.2251315116882324,2.2290657,0.0980039,1,0.009070279076695442
sequential,mov,0.05,0.3,0.21,2,rrg,66,0.0481988,0.061512697,0.16473123,3,0.03541556,0.007750161,0,2.7074132,2.056225299835205,2.6157951,0.0127832405,10,0.06084383279085159
sequential,mov,0.05,0.3,0.22,2,rrg,9,0.107076064,0.018573727,0.027128974,1,0.08246986,0.109319635,0,2.1899784,2.1497015953063965,1.5256467,0.111191034,3,0.04249376431107521
sequential,mov,0.05,0.3,0.23,2,rrg,95,0.11208324,0.028150588,0.06193829,2,0.10308824,0.12323136,0,2.5928688,2.1958961486816406,2.3073475,0.119111836,3,0.04043593257665634
sequential,mov,0.05,0.3,0.24,2,rrg,89,0.10594886,0.013435168,0.023416054,1,0.0013518835,0.0019011308,0,2.015108,2.1751086711883545,0.7279157,0.10459697,2,0.028639692813158035
sequential,mov,0.05,0.3,0.25,2,rrg,77,0.022102144,0.0066201994,0.0088627,3,0.01707484,0.008287089,0,2.2645295,2.1337437629699707,2.1477377,0.008201557,4,0.016185114160180092
sequential,mov,0.05,0.3,0.26,2,rrg,20,0.28193212,0.026990458,0.06109859,1,0.014784609,0.020908596,0,2.3021793,2.1329855918884277,0.83391905,0.2671475,1,0.024422353133559227
sequential,mov,0.05,0.3,0.27,2,rrg,42,0.0571385,0.06205667,0.19581272,4,0.03629573,0.028430456,0,1.542198,2.048438549041748,1.2930423,0.029032925,5,0.08398334681987762
sequential,mov,0.05,0.3,0.28,2,rrg,35,0.3078608,0.058683228,0.16349867,2,0.16895552,0.16663209,0,2.1006317,2.0411672592163086,1.165685,0.19746493,3,0.06388705968856812
sequential,mov,0.05,0.3,0.29,2,rrg,38,0.0074736117,0.0077965083,0.011507587,7,0.009878894,0.008279642,0,2.3068683,2.117976188659668,2.209336,0.007133603,8,0.011141596361994743
sequential,mov,0.05,0.3,0.3,2,rrg,67,0.02135334,0.0051705227,0.0065271687,1,0.3383617,0.46786657,0,2.0757225,2.14753794670105,1.5079209,0.33542275,2,0.035710807889699936
sequential,mov,0.05,0.3,0.31,2,rrg,8,0.0037169354,0.042637248,0.15679912,11,0.0026911285,0.00080734247,0,2.3486276,2.0101399421691895,2.3171856,0.0010923337,16,0.052431635558605194
sequential,mov,0.05,0.3,0.32,2,rrg,3,0.003647308,0.0054006595,0.009269872,6,0.0030821685,0.0030202393,0,1.8983325,1.9611618518829346,1.4007984,0.0029230018,9,0.004474836401641369
sequential,mov,0.05,0.3,0.33,2,rrg,41,0.006772086,0.054303855,0.21365453,6,0.004761892,0.0034106988,0,1.9799422,1.9657671451568604,1.2846551,0.0027008764,10,0.05722050741314888
sequential,mov,0.05,0.3,0.34,2,rrg,65,0.0025362903,0.053784747,0.21373443,10,0.0030872177,0.0033687702,0,2.0275955,1.8478367328643799,1.240077,0.0029403695,9,0.06472374498844147
sequential,mov,0.05,0.3,0.35,2,rrg,11,0.01454246,0.0043664356,0.006920755,2,0.3341056,0.47085512,0,1.9347272,1.979706048965454,0.6571196,0.3374045,1,0.020177718251943588
sequential,mov,0.05,0.3,0.36,2,rrg,19,0.030363074,0.004880864,0.009641919,2,0.01190864,0.016841361,0,1.0142761,1.8109188079833984,0.33568826,0.022029666,2,0.004160205367952585
sequential,mov,0.05,0.3,0.37,2,rrg,7,0.004861454,0.05245673,0.217406,4,0.3281491,0.4640729,0,1.6649665,1.750144600868225,0.031281676,0.32976958,2,0.06847315281629562
sequential,mov,0.05,0.3,0.38,2,rrg,94,0.68123245,0.11073985,0.25920892,2,1.8795398e-20,2.658072e-20,0,0.9996949,1.9455372095108032,2.4017146e-18,0.68123245,2,0.11955513805150986
sequential,mov,0.05,0.3,0.39,2,rrg,24,0.13010448,0.05817727,0.15563549,3,0.13684742,0.179163,0,2.5529149,2.0879178047180176,2.2700596,0.16665718,4,0.07163725793361664
sequential,mov,0.05,0.3,0.4,2,rrg,69,0.36308497,0.10238625,0.2592785,3,0.21658193,0.30629307,0,1.3291005,1.7947132587432861,0.30284742,0.33761024,3,0.10434470325708389
sequential,mov,0.05,0.3,0.41,2,rrg,74,0.01037619,0.1021659,0.29929325,3,0.1483086,0.20396625,0,2.502338,1.7976453304290771,2.1145399,0.14632374,4,0.11797519028186798
sequential,mov,0.05,0.3,0.42,2,rrg,50,0.01364641,0.052601237,0.21723329,2,0.003473493,0.0049112854,0,2.3795583,1.9142128229141235,0.6566288,0.0101729175,3,0.052482444792985916
sequential,mov,0.05,0.3,0.43,2,rrg,13,0.04199914,0.0035981804,0.009160702,1,0.0017968984,0.002541198,0,1.78024,2.007392406463623,0.67778915,0.04020224,1,0.0032240182626992464
sequential,mov,0.05,0.3,0.44,2,rrg,28,0.002867168,0.10096242,0.2996804,5,0.0019714662,0.001184027,0,2.2365606,1.813359260559082,2.044091,0.0014021759,6,0.1010112538933754
sequential,mov,0.05,0.3,0.45,2,rrg,12,0.00027631907,0.051208872,0.21767548,11,0.0009708658,0.0013028951,0,2.1834898,1.843981385231018,1.4265628,0.0009962618,6,0.050882041454315186
sequential,mov,0.05,0.3,0.46,2,rrg,51,0.0051607266,0.0018454709,0.0026231338,3,0.0006222511,0.0008799959,0,2.0597801,1.983883261680603,0.76876116,0.0045384755,1,0.0015050676884129643
sequential,mov,0.05,0.3,0.47,2,rrg,36,0.0051390333,0.05093568,0.21773428,2,0.0004039244,0.000571207,0,1.8709579,1.869076132774353,0.5952192,0.004735109,2,0.05097224563360214
sequential,mov,0.05,0.3,0.48,2,rrg,99,0.0015251988,0.101162516,0.29961863,5,0.0027073126,0.003368721,0,2.4598646,1.7305700778961182,2.250966,0.0027795394,6,0.10106979310512543
sequential,mov,0.05,0.3,0.49,2,rrg,64,0.004708772,0.051072687,0.21770504,3,0.00072514446,0.0010255091,0,1.3190619,1.772538185119629,0.54825276,0.0039836275,4,0.051082544028759
sequential,mov,0.05,0.3,0.5,2,rrg,43,6.224774e-05,0.0011232977,0.0019761156,17,6.820521e-06,9.645673e-06,0,2.0566769,1.8934671878814697,0.59197026,5.5427216e-05,17,0.0009519162704236805
sequential,mov,0.05,0.3,0.51,2,rrg,87,0.00068857573,0.10130538,0.2995724,9,4.959889e-05,7.014342e-05,0,1.7410333,1.664776086807251,0.7078407,0.00063897687,10,0.10087817907333374
sequential,mov,0.05,0.3,0.52,2,rrg,55,5.6042918e-05,0.05147932,0.21762024,19,0.00015327692,0.0002167663,0,1.8167497,1.7604515552520752,0.6051633,0.00017195789,14,0.051157742738723755
sequential,mov,0.05,0.3,0.53,2,rrg,86,8.434238e-05,0.05153335,0.21760604,16,7.488483e-05,7.006164e-05,0,1.657738,1.7979586124420166,1.2381669,6.557311e-05,15,0.05114736035466194
sequential,mov,0.05,0.3,0.54,2,rrg,30,0.0033952345,0.15092559,0.35668665,6,0.00019534293,0.0002762566,0,1.9764733,1.5779520273208618,0.6245088,0.0031998914,6,0.15072903037071228
sequential,mov,0.05,0.3,0.55,2,rrg,29,0.00012896511,0.05069725,0.21778642,12,4.4540182e-05,6.298933e-05,0,1.5861776,1.751592993736267,0.6153471,8.752855e-05,13,0.05063983052968979
sequential,mov,0.05,0.3,0.56,2,rrg,48,2.7625292e-05,0.0010333589,0.0016126378,17,1.7829205e-05,1.3404636e-05,0,1.7474008,1.8606452941894531,1.2299286,1.2927208e-05,20,0.0009673734894022346
sequential,mov,0.05,0.3,0.57,2,rrg,37,0.00051692175,0.05102079,0.21771817,7,0.0009788293,0.0013842738,0,1.9032017,1.6979150772094727,0.55960995,0.0011511366,7,0.050874728709459305
sequential,mov,0.05,0.3,0.58,2,rrg,14,0.007055467,0.15062933,0.35680723,4,0.003778442,0.0023051312,0,2.0806873,1.4943935871124268,1.8390833,0.0032770252,4,0.15042106807231903
sequential,mov,0.05,0.3,0.59,2,rrg,81,2.8469121e-05,0.14409138,0.3119891,17,2.5973968e-06,3.6732738e-06,0,1.8982761,1.680382490158081,0.5825808,2.5871725e-05,17,0.15016433596611023
sequential,mov,0.05,0.3,0.6,2,rrg,91,0.0034569837,0.1504704,0.35687494,4,9.878672e-10,1.3970552e-09,0,0.69835216,1.4919089078903198,2.4676921e-05,0.0034569828,4,0.15042158961296082
sequential,mov,0.05,0.3,0.61,2,rrg,97,2.3642948e-05,0.12616996,0.30204386,17,3.084725e-19,4.36246e-19,0,1.7857357,1.6691560745239258,1.4720499e-13,2.3642948e-05,18,0.13264690339565277
sequential,mov,0.05,0.3,0.62,2,rrg,62,0.00038679317,0.05600039,0.21790749,10,0.00025747664,0.00036412693,0,1.5757267,1.7620670795440674,0.6954088,0.0003864077,10,0.055920809507369995
sequential,mov,0.05,0.3,0.63,2,rrg,25,2.099382e-06,0.12741303,0.309816,20,2.7364827e-10,3.869937e-10,0,1.2375757,1.5646241903305054,0.00012025313,2.0991083e-06,20,0.133064866065979
sequential,mov,0.05,0.3,0.64,2,rrg,78,0.0011026415,0.08310489,0.2366102,7,0.00020635857,0.0002918351,0,1.8198175,1.8377511501312256,0.74666125,0.0008962829,7,0.08951638638973236
sequential,mov,0.05,0.3,0.65,2,rrg,26,1.7467339e-05,0.16813925,0.35787538,19,2.6113863e-05,3.6930578e-05,0,1.2348014,1.5390956401824951,0.6812902,3.193631e-05,19,0.16893430054187775
sequential,mov,0.05,0.3,0.66,2,rrg,61,0.10985102,0.05849979,0.21752602,2,7.112165e-13,1.0058121e-12,0,2.0729744,1.788823127746582,2.3264197e-09,0.109851025,3,0.06584836542606354
sequential,mov,0.05,0.3,0.67,2,rrg,15,0.00014200354,0.096829824,0.25099546,9,0.0,0.0,0,1.4353132,1.7381395101547241,0.0,0.00014200354,10,0.09677731990814209
sequential,mov,0.05,0.3,0.68,2,rrg,59,0.55801755,0.14778484,0.318388,3,0.018540163,0.02621975,0,1.5335629,1.548843264579773,0.7679777,0.5394774,3,0.1467973291873932
sequential,mov,0.05,0.3,0.69,2,rrg,71,9.530244e-05,0.2010208,0.39950168,13,4.9937527e-05,2.0089981e-05,0,2.1081386,1.4119656085968018,1.7415161,4.5364915e-05,17,0.20099513232707977
sequential,mov,0.05,0.3,0.7,2,rrg,47,8.373177e-06,0.19999972,0.39884692,19,1.9969099e-05,2.8240569e-05,0,1.6069583,1.3228384256362915,0.6098141,2.2760158e-05,18,0.19998565316200256
sequential,mov,0.05,0.3,0.71,2,rrg,22,4.944646e-05,0.20017557,0.39975178,16,7.568236e-05,5.638375e-05,0,1.7663336,1.2906434535980225,1.0012347,5.92002e-05,16,0.2001877725124359
sequential,mov,0.05,0.3,0.72,2,rrg,45,1.2469436e-05,0.15056714,0.3567986,19,2.3684265e-06,3.330772e-06,0,1.5517545,1.4570510387420654,0.45199314,1.0101009e-05,19,0.15051811933517456
sequential,mov,0.05,0.3,0.73,2,rrg,75,0.0013437457,0.20054205,0.39970776,7,0.0010861574,0.0010692464,0,1.9464146,1.2763912677764893,1.3430867,0.0010553246,8,0.20050778985023499
sequential,mov,0.05,0.3,0.74,2,rrg,98,8.771438e-05,0.20015445,0.39990956,13,1.2826814e-05,9.475617e-06,0,1.0741552,1.2261666059494019,0.86578554,7.488757e-05,14,0.20017865300178528
sequential,mov,0.05,0.3,0.75,2,rrg,46,0.00039112772,0.20035493,0.3997989,9,1.0370846e-32,0.0,0,1.3138168,1.3303862810134888,9.7088555e-27,0.0003911277,9,0.20036861300468445
sequential,mov,0.05,0.3,0.76,2,rrg,33,0.0036665609,0.2003279,0.3998316,5,0.00029970644,0.0004238487,0,1.6396087,1.2599960565567017,0.6071618,0.0033668547,5,0.2003462016582489
sequential,mov,0.05,0.3,0.77,2,rrg,54,2.5088764e-05,0.25014833,0.43291172,16,4.4967015e-05,6.359296e-05,0,1.5656885,1.2871673107147217,0.6734071,5.3329935e-05,17,0.2501347064971924
sequential,mov,0.05,0.3,0.78,2,rrg,76,2.1045112e-06,0.25011152,0.43292794,20,4.82901e-12,6.829251e-12,0,1.0773567,1.1793544292449951,4.0120144e-06,2.1045064e-06,20,0.25010907649993896
sequential,mov,0.05,0.3,0.79,2,rrg,85,0.00074926915,0.2501318,0.4329168,6,0.0,0.0,0,2.1503263,1.2424380779266357,9.2048e-41,0.0007492692,6,0.25013282895088196
sequential,mov,0.05,0.3,0.8,2,rrg,0,1.6285478e-05,0.25008455,0.43292922,16,5.0777046e-05,7.180959e-05,0,2.001073,1.2219080924987793,0.65777904,5.620554e-05,14,0.2500867545604706
sequential,mov,0.05,0.3,0.81,2,rrg,5,5.6489685e-06,0.26325727,0.44028232,18,4.9242693e-12,6.9629922e-12,0,0.6775702,1.1496493816375732,6.455468e-07,5.648964e-06,18,0.2632576823234558
sequential,mov,0.05,0.3,0.82,2,rrg,96,0.00015632632,0.27787852,0.4478265,10,1.2508838e-34,0.0,0,1.2972752,1.1718827486038208,2.3396485e-30,0.00015632632,10,0.27787888050079346
sequential,mov,0.05,0.3,0.83,2,rrg,70,0.999885,0.294214,0.45556575,5,9.5957654e-30,0.0,1,0.0013695629,1.1618717908859253,7.2281773e-28,0.999885,5,0.2942143976688385
sequential,mov,0.05,0.3,0.84,2,rrg,39,0.00065300416,0.2501098,0.43294728,5,7.541731e-11,1.06656184e-10,0,1.6774325,1.2336335182189941,2.6192478e-07,0.0006530041,5,0.2501102089881897
sequential,mov,0.05,0.3,0.85,2,rrg,10,5.1751173e-05,0.26673988,0.4421694,10,4.7205507e-05,5.2491636e-05,0,1.9376311,1.2038547992706299,1.0922194,5.032799e-05,10,0.26674026250839233
sequential,mov,0.05,0.3,0.86,2,rrg,79,3.999422e-05,0.28578386,0.4517061,10,1.74208e-22,2.4830855e-22,0,0.0007522836,1.1267797946929932,2.9123818e-20,3.999422e-05,10,0.28578564524650574
sequential,mov,0.05,0.3,0.87,2,rrg,16,1.0,0.30776232,0.46148682,1,0.0,0.0,1,5.8095184e-10,1.2098593711853027,0.0,1.0,1,0.30776432156562805
sequential,mov,0.05,0.3,0.88,2,rrg,49,8.678287e-06,0.2500759,0.43296438,9,1.9083769e-05,2.6988528e-05,0,1.7622331,1.3098108768463135,0.66666657,2.1976533e-05,9,0.2500780522823334
sequential,mov,0.05,0.3,0.89,2,rrg,82,0.00018227367,0.2728108,0.445307,6,1.1269736e-30,0.0,0,2.0470517,1.181756854057312,1.4359723e-25,0.00018227367,6,0.27281269431114197
sequential,mov,0.05,0.3,0.9,2,rrg,52,0.00025907182,0.30007657,0.45820642,5,1.910781e-05,2.7022525e-05,0,1.4700155,1.077289342880249,0.3330863,0.000239964,5,0.3000794053077698
sequential,mov,0.05,0.3,0.91,2,rrg,84,1.7986555e-06,0.33338624,0.47136503,9,1.0996879e-06,1.555041e-06,0,1.5237085,0.9905112385749817,0.5754874,1.6990958e-06,9,0.33338555693626404
sequential,mov,0.05,0.3,0.92,2,rrg,53,1.0,0.37505782,0.48407745,1,0.0,0.0,1,3.1668185e-10,0.8752769231796265,0.0,1.0,1,0.37505775690078735
sequential,mov,0.05,0.3,0.93,2,rrg,88,1.5931391e-05,0.28577882,0.4517096,5,3.1478163e-07,4.448626e-07,0,0.11297661,0.9917248487472534,0.007638438,1.5616608e-05,5,0.28577879071235657
sequential,mov,0.05,0.3,0.94,2,rrg,57,1.0,0.33340648,0.47135004,1,0.0,0.0,1,3.9987037e-07,1.1389230489730835,0.0,1.0,1,0.3334064781665802
sequential,mov,0.05,0.3,0.95,2,rrg,90,9.2185206e-07,0.20008704,0.3999509,5,1.8888342e-09,2.671215e-09,0,1.7720423,1.3669078350067139,0.0060393536,9.199632e-07,5,0.2000870406627655
sequential,mov,0.05,0.3,0.96,2,rrg,27,0.99998724,0.25010818,0.4329429,1,0.0,0.0,1,0.00015610567,1.2656362056732178,0.0,0.9999873,1,0.2501082122325897
sequential,mov,0.05,0.3,0.97,2,rrg,60,3.5710389e-06,0.00014850576,0.00017579981,3,5.1649126e-24,0.0,0,1.5863737,1.6874679327011108,1.5157072e-18,3.5710389e-06,3,0.00014850575826130807
sequential,mov,0.05,0.3,0.98,2,rrg,93,0.00039590988,0.00022097176,0.00017493812,1,1.3128792e-24,0.0,0,2.1647134,1.7380201816558838,4.5334348e-20,0.00039590988,1,0.00022097176406532526
sequential,mov,0.05,0.3,0.99,2,rrg,63,4.6033638e-05,4.6033638e-05,0.0,1,2.7448656e-16,3.8817302e-16,0,1.3113248,1.3113248348236084,1.13812425e-10,4.6033634e-05,1,4.6033634134801105e-05
sequential,c_mov,0.05,0.3,0.0,2,rrg,53,0.04985791,0.04985791,0.0,1,0.04985791,0.0,1,2.7788618,2.7788617610931396,2.7788618,0.0,1,0.0
sequential,c_mov,0.05,0.3,0.01,2,rrg,16,0.049999952,0.04999995,2.523867e-08,11,0.049999956,1.9594696e-08,1,2.6984048,2.6154277324676514,2.6949809,1.9868216e-08,12,0.01582949422299862
sequential,c_mov,0.05,0.3,0.02,2,rrg,56,0.049999993,0.050000012,3.228346e-08,14,0.049999982,3.086975e-08,1,2.4050505,2.5281124114990234,2.3630946,2.6077032e-08,15,0.03165896609425545
sequential,c_mov,0.05,0.3,0.03,2,rrg,57,0.050000016,0.05,2.873549e-08,7,0.049999986,1.6095093e-08,1,2.5550723,2.4978346824645996,2.5333445,2.9802322e-08,8,0.03165122866630554
sequential,c_mov,0.05,0.3,0.04,2,rrg,3,0.050000004,0.050000004,2.3751465e-08,9,0.049999993,8.047547e-09,0,2.4791627,2.478867292404175,2.4550493,1.1175871e-08,16,0.015833355486392975
sequential,c_mov,0.05,0.3,0.05,2,rrg,0,0.049999967,0.0499917,0.0001272117,19,0.049999993,1.8501858e-08,0,2.6142466,2.3673434257507324,2.5985413,2.6077032e-08,16,0.0795021802186966
sequential,c_mov,0.05,0.3,0.06,2,rrg,18,0.051339563,0.040950753,0.012215624,1,0.049439203,0.0017765618,0,2.3485894,2.4446771144866943,2.3237522,0.0019003613,16,0.022621048614382744
sequential,c_mov,0.05,0.3,0.07,2,rrg,4,0.048721857,0.039670877,0.010397535,5,0.04538268,0.0027071792,0,2.714071,2.466024160385132,2.6900074,0.0035838548,15,0.03938209265470505
sequential,c_mov,0.05,0.3,0.08,2,rrg,27,0.051029563,0.034157123,0.015481661,1,0.048923258,0.0016511923,1,2.6146932,2.4170470237731934,2.5924215,0.0021063015,18,0.038638338446617126
sequential,c_mov,0.05,0.3,0.09,2,rrg,32,0.045906607,0.032446872,0.016338686,6,0.043006808,0.008676508,0,2.4175453,2.2851405143737793,2.4090307,0.0071765915,14,0.0868019238114357
sequential,c_mov,0.05,0.3,0.1,2,rrg,41,0.04234495,0.02903093,0.013833512,2,0.038581166,0.0055464734,0,2.5393803,2.392057180404663,2.4920623,0.004355025,20,0.040798772126436234
sequential,c_mov,0.05,0.3,0.11,2,rrg,20,0.05148656,0.027125588,0.0159502,1,0.044827063,0.0041002384,0,2.3720415,2.3498783111572266,2.2797883,0.0066594942,13,0.07139859348535538
sequential,c_mov,0.05,0.3,0.12,2,rrg,9,0.046386223,0.026818857,0.017284937,5,0.04389048,0.008428074,0,2.1470213,2.2645649909973145,2.117726,0.0071120798,13,0.07210318744182587
sequential,c_mov,0.05,0.3,0.13,2,rrg,15,0.049545612,0.025259059,0.015437952,1,0.04104364,0.00808182,0,2.131126,2.2287840843200684,2.0584445,0.008501973,14,0.10580247640609741
sequential,c_mov,0.05,0.3,0.14,2,rrg,44,0.012501477,0.016892437,0.010974549,12,0.017282123,0.013976021,0,2.2391114,2.2957425117492676,1.6749519,0.013114839,6,0.05765063688158989
sequential,c_mov,0.05,0.3,0.15,2,rrg,35,0.051748507,0.018595701,0.01542863,2,0.04588659,0.006617528,0,2.193388,2.34975004196167,2.13604,0.007419883,10,0.02397819794714451
sequential,c_mov,0.05,0.3,0.16,2,rrg,1,0.032229938,0.014106384,0.013997022,3,0.035529684,0.019218316,0,2.4888568,2.2477762699127197,2.3585587,0.019051662,4,0.05608431622385979
sequential,c_mov,0.05,0.3,0.17,2,rrg,42,0.034487415,0.020541478,0.014584104,5,0.036246713,0.021208066,0,2.4155624,2.2069406509399414,2.3522875,0.019373873,7,0.12135916948318481
sequential,c_mov,0.05,0.3,0.18,2,rrg,74,0.041293442,0.018879484,0.012557575,1,0.3535311,0.45712337,0,2.028911,2.206759214401245,1.5823184,0.32690004,4,0.07405882328748703
sequential,c_mov,0.05,0.3,0.19,2,rrg,46,0.025615115,0.017771851,0.013575321,6,0.021045985,0.0016855284,0,2.5000134,2.1993296146392822,2.446966,0.0045691286,15,0.07343737781047821
sequential,c_mov,0.05,0.3,0.2,2,rrg,66,0.04417107,0.013989809,0.0128722275,1,0.3491892,0.46060228,0,1.6374364,2.190186023712158,0.62367177,0.3344655,2,0.07272468507289886
sequential,c_mov,0.05,0.3,0.21,2,rrg,6,0.017985849,0.014361726,0.015805358,6,0.019819433,0.015438919,0,2.1171734,2.1090612411499023,1.2576308,0.01382415,8,0.12082858383655548
sequential,c_mov,0.05,0.3,0.22,2,rrg,96,0.052950643,0.014660528,0.013500011,1,0.033190038,0.009903844,0,2.2506688,2.180023670196533,2.1585429,0.019760603,4,0.05787581205368042
sequential,c_mov,0.05,0.3,0.23,2,rrg,77,0.039299432,0.012814427,0.013025217,2,0.032890815,0.02432807,0,1.9247524,2.1876533031463623,1.1621485,0.019791003,4,0.0555526539683342
sequential,c_mov,0.05,0.3,0.24,2,rrg,94,0.06269578,0.015792029,0.016960965,1,0.00029231622,0.0004133896,0,1.4034717,2.0222649574279785,0.041380744,0.06240346,6,0.10646364837884903
sequential,c_mov,0.05,0.3,0.25,2,rrg,92,0.026344536,0.009049704,0.008153712,2,0.33955875,0.46700278,0,2.001287,2.1520307064056396,1.4916795,0.33588943,3,0.07199152559041977
sequential,c_mov,0.05,0.3,0.26,2,rrg,69,0.03152134,0.0078122965,0.008872907,2,0.34042987,0.46646744,0,1.2228862,2.13088321685791,0.7408424,0.33674392,1,0.08701223880052567
sequential,c_mov,0.05,0.3,0.27,2,rrg,24,0.02947516,0.011971152,0.0122631425,5,0.34492138,0.4632523,0,2.0679033,2.1026148796081543,1.5057179,0.33157033,2,0.07104586809873581
sequential,c_mov,0.05,0.3,0.28,2,rrg,21,0.016952485,0.010961342,0.012497215,4,0.016814403,0.013955927,0,2.4900494,2.105577230453491,2.341383,0.013202563,5,0.07138829678297043
sequential,c_mov,0.05,0.3,0.29,2,rrg,80,0.049905952,0.006964937,0.011306877,1,0.6773917,0.45623708,0,1.4115021,2.121077299118042,0.74052954,0.63930637,1,0.035374052822589874
sequential,c_mov,0.05,0.3,0.3,2,rrg,83,0.03238252,0.011000596,0.010698413,3,0.34649184,0.46213514,0,1.9928322,2.0992023944854736,1.3838106,0.330969,3,0.07136885076761246
sequential,c_mov,0.05,0.3,0.31,2,rrg,17,0.0068664025,0.0055728457,0.0046852534,9,0.0051048584,0.0020046707,0,2.3684244,2.0520377159118652,2.2518137,0.0018199378,15,0.03734729811549187
sequential,c_mov,0.05,0.3,0.32,2,rrg,87,0.01908989,0.0045536496,0.004860816,1,0.012076038,0.009467655,0,2.0879123,2.068089246749878,1.5595223,0.0097020725,2,0.0034509312827140093
sequential,c_mov,0.05,0.3,0.33,2,rrg,73,0.032332473,0.006116975,0.0073848628,1,0.34071863,0.4662016,0,1.9748954,2.0660033226013184,1.3087445,0.33672556,1,0.07008741796016693
sequential,c_mov,0.05,0.3,0.34,2,rrg,29,0.004384512,0.006550307,0.008360258,8,0.0052780868,0.005149686,0,2.019407,1.974542260169983,1.3821102,0.004358648,6,0.0209379680454731
sequential,c_mov,0.05,0.3,0.35,2,rrg,72,0.010262346,0.00701386,0.007837326,5,3.7627866e-05,5.321132e-05,0,1.8835477,2.0875332355499268,0.0075291847,0.010224718,4,0.020828161388635635
sequential,c_mov,0.05,0.3,0.36,2,rrg,19,0.032621115,0.007060121,0.008493757,1,0.33333334,0.4714045,0,1.0041707,1.9561586380004883,2.1446683e-21,0.34420705,1,0.07086657732725143
sequential,c_mov,0.05,0.3,0.37,2,rrg,95,0.017469272,0.004352456,0.0055965576,2,0.33565208,0.4697735,0,1.7101315,2.0296356678009033,0.6605747,0.33683768,1,0.0199245847761631
sequential,c_mov,0.05,0.3,0.38,2,rrg,34,0.0037847583,0.0033171843,0.002994388,8,0.0019834032,0.0028047718,0,1.9684598,2.0794644355773926,0.66849643,0.0032448156,6,0.0027983752079308033
sequential,c_mov,0.05,0.3,0.39,2,rrg,13,0.025827713,0.0065245843,0.0069595757,1,0.0018310938,0.0025895527,0,1.7469097,2.0552685260772705,0.67100483,0.02399662,3,0.037832144647836685
sequential,c_mov,0.05,0.3,0.4,2,rrg,36,0.006883999,0.002934345,0.002805548,2,0.0014500115,0.0010971088,0,1.8925952,2.0791659355163574,0.82980114,0.0054339874,4,0.019121795892715454
sequential,c_mov,0.05,0.3,0.41,2,rrg,8,0.0028086118,0.0049863067,0.0052950224,10,0.0019026842,0.0004706245,0,2.136663,2.114692211151123,2.0842292,0.00090592756,16,0.0201562587171793
sequential,c_mov,0.05,0.3,0.42,2,rrg,50,0.008214928,0.0037193776,0.0056893565,2,0.0031538436,0.004460208,0,2.3531144,2.1200480461120605,0.6454187,0.0058921524,4,0.019248856231570244
sequential,c_mov,0.05,0.3,0.43,2,rrg,67,0.007662351,0.002931781,0.003896833,3,0.3342805,0.47073624,0,2.1141868,2.0709049701690674,0.75323564,0.3349403,2,0.03524676710367203
sequential,c_mov,0.05,0.3,0.44,2,rrg,11,0.008060495,0.002796208,0.0028355203,2,0.33333334,0.4714045,0,2.0798352,2.07895827293396,0.0,0.33602014,1,0.03504078462719917
sequential,c_mov,0.05,0.3,0.45,2,rrg,61,0.0068258247,0.004171272,0.0064051687,4,0.009375648,0.011435159,0,1.9389215,2.0772886276245117,1.3890475,0.009882792,3,0.003098680404946208
sequential,c_mov,0.05,0.3,0.46,2,rrg,65,0.008419862,0.008916995,0.0142141385,5,0.005422406,0.0049141776,0,2.036243,1.8880603313446045,1.1479648,0.005316322,7,0.006610645446926355
sequential,c_mov,0.05,0.3,0.47,2,rrg,33,0.023171863,0.0029489673,0.0051466804,1,0.01808519,0.019567471,0,1.9588499,1.9823484420776367,1.2620916,0.019816622,1,0.0027438371907919645
sequential,c_mov,0.05,0.3,0.48,2,rrg,14,0.4116833,0.023877557,0.08916454,1,0.17125459,0.16115405,0,1.5968591,1.9538185596466064,1.1747918,0.24042869,1,0.014885234646499157
sequential,c_mov,0.05,0.3,0.49,2,rrg,39,0.0163003,0.0036160846,0.0049302583,1,0.0034306354,0.0048515275,0,1.7084575,1.929466962814331,0.61211807,0.0128696645,3,0.01934990845620632
sequential,c_mov,0.05,0.3,0.5,2,rrg,47,0.00027247975,0.003000151,0.008058535,13,0.0006359291,0.00079849386,0,1.9877845,2.0433425903320312,1.4340782,0.00062958413,13,0.025041595101356506
sequential,c_mov,0.05,0.3,0.51,2,rrg,31,0.005699222,0.024955269,0.08994307,4,0.0038889742,0.0054998402,0,1.9320711,1.9375803470611572,0.60578537,0.005788715,6,0.046772755682468414
sequential,c_mov,0.05,0.3,0.52,2,rrg,10,0.00014914153,0.001215491,0.0011722288,16,0.00017309922,0.00014031307,0,2.0305095,1.9978511333465576,1.3922577,0.00012338538,19,0.0017540358239784837
sequential,c_mov,0.05,0.3,0.53,2,rrg,88,0.0014850259,0.031366207,0.12190352,9,0.0010156767,0.0006499741,0,2.0124414,1.9927189350128174,1.9448982,0.00058741984,12,0.07044096291065216
sequential,c_mov,0.05,0.3,0.54,2,rrg,86,0.00023347918,0.021598935,0.090313666,13,0.00042871796,0.00034503842,0,2.1845837,2.0052061080932617,1.4693013,0.00035089054,14,0.03741748258471489
sequential,c_mov,0.05,0.3,0.55,2,rrg,22,1.7732846e-05,0.0020161583,0.0031891128,20,1.8278204e-05,1.8187855e-05,0,1.795008,1.9458125829696655,1.1486536,1.6359287e-05,20,0.03498176112771034
sequential,c_mov,0.05,0.3,0.56,2,rrg,75,0.00031618314,0.024038896,0.0906188,14,0.00046653792,0.0006596423,0,1.74735,1.8389110565185547,0.69377214,0.0005717985,13,0.04555024951696396
sequential,c_mov,0.05,0.3,0.57,2,rrg,30,0.0038948248,0.050491195,0.14755416,5,0.00037371562,0.0005285137,0,2.0895185,1.9049501419067383,0.78472704,0.003521109,6,0.06687291711568832
sequential,c_mov,0.05,0.3,0.58,2,rrg,43,0.0013564602,0.030605992,0.121195175,6,0.0024135055,0.0020383007,0,2.3359487,1.8902761936187744,1.5299301,0.001961352,4,0.05265767127275467
sequential,c_mov,0.05,0.3,0.59,2,rrg,97,0.0020817863,0.052330863,0.14795779,8,0.015155807,0.02090177,0,2.1506956,1.7454770803451538,1.5429578,0.015346763,5,0.07446597516536713
sequential,c_mov,0.05,0.3,0.6,2,rrg,23,4.463238e-05,0.04885453,0.14607725,16,8.07079e-05,0.00010933908,0,1.8293246,1.7559598684310913,0.7200381,9.10271e-05,15,0.06527916342020035
sequential,c_mov,0.05,0.3,0.61,2,rrg,76,6.9726695e-05,0.017458567,0.069103226,15,8.7618275e-05,9.205908e-05,0,1.889916,1.844186782836914,1.3445877,7.8838355e-05,15,0.05025652050971985
sequential,c_mov,0.05,0.3,0.62,2,rrg,84,1.59005e-05,0.0016895212,0.0023077712,19,1.9609028e-05,1.4444445e-05,0,1.8107821,1.717922568321228,1.3439804,1.4308862e-05,19,0.039491914212703705
sequential,c_mov,0.05,0.3,0.63,2,rrg,60,1.6754517e-05,0.001779238,0.0032158426,19,3.3364504e-05,4.7184527e-05,0,1.7753531,1.6670033931732178,0.573137,3.894934e-05,17,0.018341707065701485
sequential,c_mov,0.05,0.3,0.64,2,rrg,70,0.3093978,0.017010216,0.06715667,1,0.0029499556,0.004171867,1,1.8571942,1.7492249011993408,0.8035865,0.30644783,2,0.033513143658638
sequential,c_mov,0.05,0.3,0.65,2,rrg,38,0.0037533122,0.002697865,0.0081833135,2,0.33316267,0.47116318,0,2.4885125,1.5849087238311768,0.0017697593,0.33441377,1,0.019362540915608406
sequential,c_mov,0.05,0.3,0.66,2,rrg,40,0.00044840356,0.0018065393,0.0033535205,9,0.0006925829,0.0005330221,0,1.9156685,1.707301378250122,1.2997918,0.000543115,8,0.034740149974823
sequential,c_mov,0.05,0.3,0.67,2,rrg,64,0.0036834574,0.0011146655,0.0013751533,2,0.00033976047,0.00048049388,0,1.1230518,1.6953353881835938,0.49788424,0.0033436967,3,0.01779826357960701
sequential,c_mov,0.05,0.3,0.68,2,rrg,37,0.00061231386,0.0023650522,0.0052013234,9,0.0010767179,0.0015205427,0,1.8932843,1.5833420753479004,0.55485886,0.0012787796,8,0.03547278419137001
sequential,c_mov,0.05,0.3,0.69,2,rrg,93,0.00039576564,0.0017645333,0.0031737844,9,3.6526706e-22,5.15991e-22,0,2.1647134,1.6809498071670532,4.527931e-17,0.00039576564,10,0.034857336431741714
sequential,c_mov,0.05,0.3,0.7,2,rrg,68,0.004888356,0.0017086815,0.0030862086,2,0.33333334,0.4714045,0,1.648656,1.6077492237091064,3.1416408e-15,0.33496282,1,0.03476160019636154
sequential,c_mov,0.05,0.3,0.71,2,rrg,85,0.0014061445,0.0019820393,0.005215889,6,9.91581e-05,0.00014023072,0,2.0335126,1.5622906684875488,0.7088948,0.0013069863,5,0.01860283501446247
sequential,c_mov,0.05,0.3,0.72,2,rrg,28,0.00014976438,0.002578709,0.0057117012,12,6.828714e-05,4.8301255e-05,0,1.9511167,1.6679723262786865,0.50082666,8.147724e-05,15,0.019130844622850418
sequential,c_mov,0.05,0.3,0.73,2,rrg,55,5.8508427e-05,0.0027042748,0.005728808,14,6.571298e-06,9.293219e-06,0,1.1049,1.5946438312530518,0.18328993,5.1937128e-05,14,0.019260887056589127
sequential,c_mov,0.05,0.3,0.74,2,rrg,26,4.6913032e-05,0.002435204,0.005762511,15,5.6862482e-05,8.0415695e-05,0,1.5691801,1.4977298974990845,0.36516765,7.250016e-05,13,0.002512038918212056
sequential,c_mov,0.05,0.3,0.75,2,rrg,63,8.032582e-05,0.0023116183,0.005786312,11,0.0001890483,0.00026735466,0,1.3985085,1.6289011240005493,0.57943815,0.00021582357,9,0.0023568198084831238
sequential,c_mov,0.05,0.3,0.76,2,rrg,81,5.555607e-05,0.0017928772,0.0052147307,12,1.7852839e-05,2.5247728e-05,0,1.7858692,1.601700782775879,0.62344795,3.770323e-05,15,0.018253762274980545
sequential,c_mov,0.05,0.3,0.77,2,rrg,51,0.0024091122,0.0027661412,0.0057532405,5,0.004808529,0.0063309115,0,2.0613925,1.5783332586288452,1.3132734,0.005163424,4,0.01932646334171295
sequential,c_mov,0.05,0.3,0.78,2,rrg,99,5.1888128e-05,0.0022218965,0.0052833864,12,1.3049611e-05,1.8454915e-05,0,1.334459,1.474600076675415,0.49854407,3.883852e-05,13,0.01866219937801361
sequential,c_mov,0.05,0.3,0.79,2,rrg,52,0.00022043225,0.00097040925,0.00154813,9,1.3953278e-05,1.9732914e-05,0,1.3687857,1.5235790014266968,0.6430626,0.00020647897,9,0.017408888787031174
sequential,c_mov,0.05,0.3,0.8,2,rrg,2,0.00034787337,0.0021504925,0.0052327407,9,0.0,0.0,0,1.3617235,1.413222312927246,0.0,0.00034787334,9,0.018584225326776505
sequential,c_mov,0.05,0.3,0.81,2,rrg,5,2.3094726e-05,0.0022445947,0.005351917,12,2.8091525e-05,3.9727413e-05,0,0.80883497,1.3953771591186523,0.36598316,3.5789766e-05,11,0.019542444497346878
sequential,c_mov,0.05,0.3,0.82,2,rrg,89,0.004343082,0.0023664748,0.0054728715,3,8.657544e-10,1.2243616e-09,0,2.21039,1.4196820259094238,5.763486e-06,0.0043430813,3,0.020624689757823944
sequential,c_mov,0.05,0.3,0.83,2,rrg,98,4.2724514e-05,0.0022411104,0.005610272,10,4.5794987e-08,6.476389e-08,0,1.0661013,1.3694312572479248,0.0050669685,4.267872e-05,9,0.021567873656749725
sequential,c_mov,0.05,0.3,0.84,2,rrg,90,4.552261e-06,0.002362872,0.005756281,14,1.7248347e-05,2.4392848e-05,0,1.8182017,1.3877590894699097,0.6923497,1.8765768e-05,11,0.022896824404597282
sequential,c_mov,0.05,0.3,0.85,2,rrg,7,0.0048883487,0.0025066484,0.005913968,2,0.33333334,0.4714045,0,1.6486654,1.3575190305709839,4.66432e-40,0.33496276,1,0.024416467174887657
sequential,c_mov,0.05,0.3,0.86,2,rrg,71,2.4560512e-05,0.0023288045,0.0060874443,8,1.6940234e-05,1.807272e-05,0,2.02229,1.3319822549819946,1.0567118,1.924133e-05,8,0.0022319729905575514
sequential,c_mov,0.05,0.3,0.87,2,rrg,91,0.003457001,0.0025032659,0.006282859,2,5.0309644e-25,0.0,0,0.6982018,1.1752153635025024,3.3963374e-20,0.0034570012,2,0.002401959616690874
sequential,c_mov,0.05,0.3,0.88,2,rrg,12,8.997296e-06,0.0024233365,0.006533236,8,1.1220005e-06,1.5867482e-06,0,1.5098352,1.2195490598678589,0.54934764,7.8752955e-06,8,0.002313818782567978
sequential,c_mov,0.05,0.3,0.89,2,rrg,45,6.488242e-06,0.002642457,0.006781385,8,2.9571519e-09,4.1820445e-09,0,1.0741941,1.203648328781128,0.0011544434,6.4852848e-06,8,0.002523084171116352
sequential,c_mov,0.05,0.3,0.9,2,rrg,78,0.00037462154,0.002905833,0.007058545,5,2.6030105e-22,3.6677602e-22,0,1.5732096,1.2202630043029785,6.140666e-17,0.00037462157,5,0.002774561056867242
sequential,c_mov,0.05,0.3,0.91,2,rrg,79,3.999485e-05,0.0031868024,0.007387125,5,1.851319e-11,2.61816e-11,0,0.0010369691,1.1999398469924927,1.5784485e-07,3.9994833e-05,5,0.0030409586615860462
sequential,c_mov,0.05,0.3,0.92,2,rrg,48,7.677885e-06,0.0035800363,0.0077458983,5,1.5153742e-06,2.1430626e-06,0,1.4598066,1.355886459350586,0.51143205,6.162511e-06,5,0.0034159913193434477
sequential,c_mov,0.05,0.3,0.93,2,rrg,49,2.603624e-06,0.0040901424,0.008154068,6,0.0,0.0,0,1.2663201,1.3315232992172241,0.0,2.603624e-06,6,0.0039029079489409924
sequential,c_mov,0.05,0.3,0.94,2,rrg,82,0.001710841,0.004771223,0.008621092,3,0.0006682388,0.0009450323,0,2.1032386,1.3281431198120117,0.58255154,0.0012385191,2,0.004552822094410658
sequential,c_mov,0.05,0.3,0.95,2,rrg,54,8.2171533e-07,0.005238643,0.009381086,5,1.5379671e-12,2.1750139e-12,0,1.3693184,1.143928050994873,2.3746954e-06,8.2171374e-07,5,0.0051343380473554134
sequential,c_mov,0.05,0.3,0.96,2,rrg,25,1.6653865e-06,0.006436699,0.010131062,4,1.0397873e-09,1.4704813e-09,0,1.3604301,1.0598506927490234,0.0007609493,1.6643468e-06,4,0.006300741340965033
sequential,c_mov,0.05,0.3,0.97,2,rrg,58,0.00078083377,0.008504552,0.010937849,2,0.000253273,0.00035818215,0,1.1839836,0.9353621006011963,0.5029934,0.00052756077,2,0.008337588980793953
sequential,c_mov,0.05,0.3,0.98,2,rrg,59,0.023972932,0.012261016,0.011711917,1,0.0,0.0,0,0.11314632,0.7877278923988342,0.0,0.023972934,1,0.012239912524819374
sequential,c_mov,0.05,0.3,0.99,2,rrg,62,0.00021481277,0.00021481277,0.0,1,4.783993e-06,6.6768675e-06,0,1.3847679,1.3847678899765015,0.018592408,0.00021002877,1,0.00021002876746933907
sequential,ov,0.2,0.3,0.0,2,rrg,87,0.1993963,0.19939631,1.4901161e-08,1,0.1993963,0.0,1,2.292514,2.2925143241882324,2.292514,0.0,1,0.0
sequential,ov,0.2,0.3,0.01,2,rrg,55,0.19999745,0.19999751,6.3132404e-08,14,0.1999975,7.400743e-08,1,2.2035377,2.2019975185394287,2.2031515,5.4637592e-08,7,4.94221801261574e-08
sequential,ov,0.2,0.3,0.02,2,rrg,98,0.19999991,0.1999999,4.6885408e-08,8,0.19999991,4.3867832e-08,1,2.2009945,2.139573812484741,2.2004128,3.973643e-08,13,0.039580125361680984
sequential,ov,0.2,0.3,0.03,2,rrg,17,0.20000008,0.2,4.5320114e-08,2,0.2,3.2190187e-08,1,2.1946478,2.130275249481201,2.1892383,7.4505806e-08,4,0.026666605845093727
sequential,ov,0.2,0.3,0.04,2,rrg,93,0.19999997,0.19999997,5.5555557e-08,10,0.2,3.101924e-08,1,2.1903465,2.1203904151916504,2.1776028,3.4769375e-08,13,0.03958297520875931
sequential,ov,0.2,0.3,0.05,2,rrg,19,0.19999997,0.2,3.0355974e-08,15,0.4664062,0.37675524,1,1.8179821,2.068211078643799,1.3953338,0.2664062,3,0.06622356921434402
sequential,ov,0.2,0.3,0.06,2,rrg,9,0.19999991,0.2,4.2146848e-08,20,0.19999999,2.5809568e-08,1,2.193673,2.1323094367980957,2.186284,7.947286e-08,2,5.06639494801675e-08
sequential,ov,0.2,0.3,0.07,2,rrg,78,0.20000002,0.2,4.432939e-08,5,0.19999999,8.603189e-09,1,2.191195,2.0392961502075195,2.1763132,2.4835268e-08,13,0.07955650985240936
sequential,ov,0.2,0.3,0.08,2,rrg,51,0.20000003,0.2,2.7069303e-08,3,0.46666613,0.37712288,1,1.8049984,2.032146453857422,1.3527327,0.26666617,3,0.05332028865814209
sequential,ov,0.2,0.3,0.09,2,rrg,74,0.19999997,0.20000002,4.1483077e-08,13,0.2,3.6500243e-08,0,2.0677953,2.007603645324707,2.0080547,3.973643e-08,17,0.06666508316993713
sequential,ov,0.2,0.3,0.1,2,rrg,64,0.20012015,0.19101001,0.026621964,1,0.19920713,0.0011414543,1,2.1497645,2.0105042457580566,2.1184082,0.00091302395,10,0.08915768563747406
sequential,ov,0.2,0.3,0.11,2,rrg,39,0.20000002,0.19654226,0.010345261,10,0.2000022,1.5699819e-06,0,2.0628626,2.0256001949310303,1.9961586,2.2053719e-06,17,0.07284440100193024
sequential,ov,0.2,0.3,0.12,2,rrg,54,0.20000288,0.19065645,0.030074295,14,0.2000171,2.404149e-05,1,2.1356566,1.9963452816009521,2.097418,1.7931065e-05,18,0.08793119341135025
sequential,ov,0.2,0.3,0.13,2,rrg,23,0.18891552,0.18713272,0.030460052,17,0.17244558,0.034464065,1,2.2242243,1.9918534755706787,2.1948442,0.026873546,11,0.11969610303640366
sequential,ov,0.2,0.3,0.14,2,rrg,86,0.19999994,0.19660738,0.010797862,15,0.46668077,0.3771136,0,1.8050908,1.9309756755828857,1.3489418,0.26668087,7,0.15224798023700714
sequential,ov,0.2,0.3,0.15,2,rrg,32,0.16572365,0.18523028,0.029193735,17,0.15897627,0.05074023,1,2.0739696,2.014385461807251,1.9899968,0.045589197,10,0.12298475205898285
sequential,ov,0.2,0.3,0.16,2,rrg,18,0.192171,0.1785761,0.037345868,13,0.45028806,0.38923088,1,1.8516136,1.995544672012329,1.4265575,0.2857906,4,0.14346987009048462
sequential,ov,0.2,0.3,0.17,2,rrg,10,0.19990157,0.19304444,0.029104099,14,0.19807638,0.0028848604,1,2.065765,1.8975355625152588,1.9991217,0.002111271,17,0.1532866656780243
sequential,ov,0.2,0.3,0.18,2,rrg,63,0.20664243,0.17820333,0.048306827,1,0.20579302,0.0043033278,1,1.9787554,1.9918102025985718,1.8809398,0.0035757471,11,0.09456068277359009
sequential,ov,0.2,0.3,0.19,2,rrg,60,0.19137014,0.18973413,0.024289224,17,0.18271811,0.022756454,1,2.223489,1.8911482095718384,2.1986923,0.018211668,14,0.18583135306835175
sequential,ov,0.2,0.3,0.2,2,rrg,57,0.19375339,0.18208733,0.034767393,15,0.45198163,0.38784474,0,1.7863252,1.8996403217315674,1.3116449,0.2832093,5,0.1939423531293869
sequential,ov,0.2,0.3,0.21,2,rrg,5,0.20018755,0.19784051,0.02105189,4,0.1997664,0.00028996164,0,2.1210072,1.889190435409546,2.0636494,0.0004211416,17,0.16452616453170776
sequential,ov,0.2,0.3,0.22,2,rrg,40,0.19985984,0.16151565,0.059324645,10,0.46080652,0.38145438,1,1.7153953,1.935497522354126,1.1941398,0.27646407,5,0.18628990650177002
sequential,ov,0.2,0.3,0.23,2,rrg,16,0.08544201,0.1805891,0.04195204,19,0.082089104,0.036137808,0,2.3585696,1.8742622137069702,2.289215,0.030118689,13,0.20699632167816162
sequential,ov,0.2,0.3,0.24,2,rrg,45,0.19173306,0.16698465,0.04914196,11,0.44882235,0.39034462,0,1.8342649,1.9414961338043213,1.3602132,0.28713316,6,0.1869802623987198
sequential,ov,0.2,0.3,0.25,2,rrg,73,0.20000006,0.15544577,0.07004246,6,0.46666834,0.3771224,0,1.75362,1.984473466873169,1.2581292,0.26666835,8,0.14948907494544983
sequential,ov,0.2,0.3,0.26,2,rrg,66,0.19998793,0.17117496,0.06560916,9,0.49474964,0.35891768,0,1.7642605,1.9026527404785156,1.2590302,0.29476166,8,0.20566508173942566
sequential,ov,0.2,0.3,0.27,2,rrg,52,0.08942435,0.16604945,0.06644091,16,0.37650454,0.44354388,0,2.2106822,1.9127161502838135,1.4413557,0.34317252,3,0.23342792689800262
sequential,ov,0.2,0.3,0.28,2,rrg,11,0.04673127,0.16200829,0.07595927,19,0.087088175,0.09381244,0,2.197073,1.9681276082992554,1.4127722,0.07336175,13,0.20680896937847137
sequential,ov,0.2,0.3,0.29,2,rrg,91,0.1997157,0.1896291,0.035189766,11,0.46452868,0.3786452,1,1.8090569,1.8949123620986938,1.350049,0.26898795,8,0.19108352065086365
sequential,ov,0.2,0.3,0.3,2,rrg,27,0.19999996,0.15674782,0.06494055,7,0.7333333,0.3771237,0,1.4761037,1.9122461080551147,0.5570479,0.5333335,4,0.2334059476852417
sequential,ov,0.2,0.3,0.31,2,rrg,37,0.19136874,0.17328334,0.08421899,11,0.1832826,0.023308659,0,2.1166232,1.9482192993164062,2.043659,0.01928019,16,0.1643260419368744
sequential,ov,0.2,0.3,0.32,2,rrg,53,0.12747352,0.1800221,0.068905555,18,0.40132067,0.4282337,0,2.0874376,1.8513723611831665,1.4556347,0.3436034,5,0.23125424981117249
sequential,ov,0.2,0.3,0.33,2,rrg,33,0.08562302,0.16054915,0.07097598,16,0.38794124,0.43792808,0,2.1016648,1.917191505432129,0.68938494,0.35940018,3,0.18348650634288788
sequential,ov,0.2,0.3,0.34,2,rrg,61,0.20323579,0.17248394,0.052167177,6,0.7138329,0.40470138,0,1.501185,1.867431402206421,0.6469249,0.55175513,2,0.2266790121793747
sequential,ov,0.2,0.3,0.35,2,rrg,2,0.20337768,0.1635422,0.06910823,6,0.7139347,0.40455744,0,1.5008153,1.9060510396957397,0.6469647,0.5516061,1,0.17534248530864716
sequential,ov,0.2,0.3,0.36,2,rrg,25,0.20000811,0.16495727,0.05296087,7,0.46779385,0.37632883,0,1.7337149,1.8698021173477173,1.1960322,0.26778576,11,0.2109164446592331
sequential,ov,0.2,0.3,0.37,2,rrg,67,0.022380112,0.12612736,0.07700712,18,0.04074547,0.04494007,0,2.2062876,1.9727357625961304,1.4764012,0.035620447,15,0.1508737951517105
sequential,ov,0.2,0.3,0.38,2,rrg,69,0.13735731,0.15326463,0.084502555,13,0.4120753,0.41936123,0,1.9672549,1.8847640752792358,1.3706865,0.33253753,6,0.21315939724445343
sequential,ov,0.2,0.3,0.39,2,rrg,36,0.21912654,0.17444065,0.07957879,5,0.20101438,0.012476604,0,1.9618785,1.9415937662124634,1.8499627,0.018112147,18,0.1927909404039383
sequential,ov,0.2,0.3,0.4,2,rrg,95,0.19076875,0.1564131,0.077628046,9,0.39421842,0.43479425,0,1.2661363,1.8916972875595093,0.674217,0.33603787,5,0.1826063096523285
sequential,ov,0.2,0.3,0.41,2,rrg,50,0.20723514,0.16128524,0.087235115,5,0.1500568,0.10630468,0,1.8178756,1.931801199913025,1.0703179,0.080978386,14,0.16993114352226257
sequential,ov,0.2,0.3,0.42,2,rrg,14,0.00722784,0.121555604,0.07753372,19,0.032318417,0.04570107,0,2.1565294,1.9706075191497803,0.706472,0.034723856,18,0.17835451662540436
sequential,ov,0.2,0.3,0.43,2,rrg,90,0.06871644,0.14924285,0.07933964,18,0.120332025,0.08834125,0,2.1039467,1.9438505172729492,1.2630702,0.09742653,13,0.2307291477918625
sequential,ov,0.2,0.3,0.44,2,rrg,21,0.16280046,0.14487264,0.08749536,9,0.40940428,0.41825137,0,1.9280882,1.9807624816894531,1.418382,0.31152922,7,0.18445052206516266
sequential,ov,0.2,0.3,0.45,2,rrg,43,7.978678e-05,0.15066881,0.088357896,20,1.4244719e-22,2.0158784e-22,0,1.769948,1.9690077304840088,7.770122e-20,7.978678e-05,20,0.18827155232429504
sequential,ov,0.2,0.3,0.46,2,rrg,77,0.08994072,0.15105967,0.06864699,15,0.39013377,0.4368156,0,2.0135744,1.8993831872940063,0.614076,0.36015353,4,0.2357105314731598
sequential,ov,0.2,0.3,0.47,2,rrg,41,0.19727053,0.16080913,0.07689004,7,0.19126475,0.011212415,0,1.9262781,1.9040883779525757,1.783966,0.012571752,19,0.23372343182563782
sequential,ov,0.2,0.3,0.48,2,rrg,83,0.08726201,0.13139355,0.06502647,13,0.060709238,0.085842155,0,1.8756641,2.0128495693206787,0.6981397,0.089783676,12,0.18678084015846252
sequential,ov,0.2,0.3,0.49,2,rrg,49,0.14748906,0.15991345,0.087075196,11,0.13668546,0.09144839,0,2.074296,1.9696800708770752,1.4025406,0.08258382,14,0.21027953922748566
sequential,ov,0.2,0.3,0.5,2,rrg,3,0.037402105,0.14550468,0.071217276,20,0.047367994,0.06698847,0,2.19118,1.9979403018951416,0.6702978,0.059835363,12,0.1950071156024933
sequential,ov,0.2,0.3,0.51,2,rrg,35,0.052175924,0.124249935,0.07052535,19,0.35577342,0.4563653,0,2.2364364,2.0320050716400146,0.71511143,0.33838144,5,0.17605015635490417
sequential,ov,0.2,0.3,0.52,2,rrg,20,0.15771215,0.13657957,0.07874484,7,0.08061783,0.06501228,0,2.016869,1.9823678731918335,1.4566187,0.07809169,13,0.22243018448352814
sequential,ov,0.2,0.3,0.53,2,rrg,0,0.17697464,0.15893327,0.07703739,7,0.12985544,0.059366792,0,2.2020228,1.8982231616973877,2.039259,0.07088963,15,0.23155418038368225
sequential,ov,0.2,0.3,0.54,2,rrg,30,0.048567124,0.124133684,0.07173846,16,0.068049155,0.065438084,0,2.1408808,1.9626535177230835,1.2550874,0.05247483,14,0.21355804800987244
sequential,ov,0.2,0.3,0.55,2,rrg,22,0.2391791,0.12709124,0.09203385,3,0.20093675,0.01773189,0,2.046602,2.038541793823242,1.9841474,0.03824235,18,0.20290029048919678
sequential,ov,0.2,0.3,0.56,2,rrg,15,0.06694775,0.12802213,0.07233479,16,0.072383754,0.056350242,0,2.1504111,1.8925063610076904,1.3279512,0.050067842,18,0.2502727508544922
sequential,ov,0.2,0.3,0.57,2,rrg,97,0.0880348,0.15529513,0.094903484,15,0.038801685,0.054873865,0,1.7736284,1.8537651300430298,0.77258205,0.068146616,17,0.24896030128002167
sequential,ov,0.2,0.3,0.58,2,rrg,72,0.05276956,0.119619906,0.082027964,16,0.34755838,0.46167472,0,2.2249892,1.9069944620132446,0.7175916,0.33669814,11,0.2738240361213684
sequential,ov,0.2,0.3,0.59,2,rrg,88,0.057714455,0.1415736,0.10053679,16,0.06469531,0.09149291,0,1.9421179,1.888157844543457,0.67008394,0.08393339,16,0.24840697646141052
sequential,ov,0.2,0.3,0.6,2,rrg,96,0.100494266,0.1365044,0.088457294,14,0.36229372,0.45152792,0,2.0609448,1.8316749334335327,1.3992442,0.33787104,9,0.2834596335887909
sequential,ov,0.2,0.3,0.61,2,rrg,99,0.020790579,0.118976675,0.0823039,19,0.33333334,0.4714045,0,2.3204763,1.9851891994476318,9.841458e-10,0.34026352,6,0.23445554077625275
sequential,ov,0.2,0.3,0.62,2,rrg,89,0.14788216,0.108479455,0.06999887,5,0.45510575,0.40666363,0,2.0744162,1.956089973449707,1.4153391,0.39024803,4,0.25551849603652954
sequential,ov,0.2,0.3,0.63,2,rrg,31,0.08719169,0.13799648,0.066643514,15,0.16356511,0.11567828,0,2.0525148,1.862796425819397,1.248086,0.13450123,16,0.29067569971084595
sequential,ov,0.2,0.3,0.64,2,rrg,28,0.15316916,0.11454413,0.06298631,4,0.05401187,0.07263073,0,1.8892701,1.8740791082382202,0.7348449,0.10149831,12,0.2286052256822586
sequential,ov,0.2,0.3,0.65,2,rrg,84,0.076062106,0.12278217,0.04905116,17,0.17504366,0.12842637,0,2.2954366,1.7872560024261475,1.0636362,0.14968961,14,0.29995498061180115
sequential,ov,0.2,0.3,0.66,2,rrg,85,0.17345299,0.111782,0.07021784,4,0.37057683,0.4474007,0,1.2955303,1.8623825311660767,0.6494879,0.3539075,6,0.22034159302711487
sequential,ov,0.2,0.3,0.67,2,rrg,79,0.045273263,0.111937806,0.10518016,16,9.153387e-22,1.294586e-21,0,1.9956933,1.898171067237854,6.9773827e-19,0.045273263,15,0.22966936230659485
sequential,ov,0.2,0.3,0.68,2,rrg,80,0.00973624,0.124828264,0.11284142,18,0.024325406,0.033840004,0,2.15271,1.8081886768341064,1.4213768,0.027040139,17,0.28014981746673584
sequential,ov,0.2,0.3,0.69,2,rrg,12,0.14790562,0.119894005,0.061090745,7,0.39110205,0.43633038,0,1.7182521,1.8402239084243774,0.5621955,0.34180018,8,0.2301236093044281
sequential,ov,0.2,0.3,0.7,2,rrg,59,0.12757063,0.12531725,0.10619246,11,0.37670764,0.4439242,0,1.8505014,1.8124256134033203,0.71645075,0.33418408,10,0.26785463094711304
sequential,ov,0.2,0.3,0.71,2,rrg,75,0.18006332,0.1249377,0.109116025,4,0.38416508,0.43988878,0,1.4165988,1.7746518850326538,0.57318383,0.3425227,8,0.24507901072502136
sequential,ov,0.2,0.3,0.72,2,rrg,1,0.012153,0.10205674,0.07365435,18,4.9681614e-23,7.486784e-23,0,1.8987927,1.771122694015503,1.3837812e-20,0.012153,18,0.2778279781341553
sequential,ov,0.2,0.3,0.73,2,rrg,81,0.09373991,0.11664878,0.109699965,10,0.05306005,0.07503824,0,2.2344444,1.8550924062728882,0.6266676,0.08430669,14,0.2692713737487793
sequential,ov,0.2,0.3,0.74,2,rrg,46,0.13772099,0.112606384,0.102791026,5,0.33333334,0.4714045,0,2.0477855,1.827721357345581,8.6486765e-15,0.3792403,7,0.30046650767326355
sequential,ov,0.2,0.3,0.75,2,rrg,38,0.10100781,0.11100427,0.10578063,9,0.35938,0.452991,0,2.1628897,1.7666898965835571,1.465793,0.34095594,10,0.275682270526886
sequential,ov,0.2,0.3,0.76,2,rrg,34,0.0705825,0.09908894,0.07431179,13,0.012223502,0.017286643,0,1.6415104,1.7203658819198608,0.71962255,0.058358997,15,0.30111461877822876
sequential,ov,0.2,0.3,0.77,2,rrg,71,0.0048139635,0.11750239,0.11152928,19,0.0,0.0,0,1.8600671,1.6346795558929443,0.0,0.0048139635,19,0.2942349314689636
sequential,ov,0.2,0.3,0.78,2,rrg,6,0.093020506,0.11462121,0.11136217,10,1.2563742e-15,1.6588552e-15,0,1.7242495,1.6497728824615479,2.3417593e-13,0.093020506,13,0.29357993602752686
sequential,ov,0.2,0.3,0.79,2,rrg,7,0.19949146,0.116707936,0.111231,3,0.33333334,0.4714045,0,1.3606746,1.6475356817245483,0.0,0.3998305,7,0.30782851576805115
sequential,ov,0.2,0.3,0.8,2,rrg,4,0.0807971,0.11129856,0.10966052,12,0.058879673,0.083268434,0,1.9132224,1.6758750677108765,0.5352064,0.08581204,14,0.30602243542671204
sequential,ov,0.2,0.3,0.81,2,rrg,8,0.121426575,0.10999821,0.111300096,8,0.6682275,0.46919706,0,1.7209535,1.6693882942199707,0.09214314,0.6246303,2,0.31991690397262573
sequential,ov,0.2,0.3,0.82,2,rrg,65,0.13610032,0.10936431,0.11431829,6,0.6666667,0.47140452,0,1.5316124,1.6665120124816895,0.0,0.6212999,2,0.3029893636703491
sequential,ov,0.2,0.3,0.83,2,rrg,56,0.082945414,0.10775265,0.11743488,9,0.33333334,0.4714045,0,2.0923417,1.6746023893356323,0.0,0.36098182,9,0.28425249457359314
sequential,ov,0.2,0.3,0.84,2,rrg,58,0.00014091589,0.10922254,0.1208647,16,5.708331e-18,8.072789e-18,0,1.588027,1.6488254070281982,1.7123942e-14,0.00014091589,16,0.2794301509857178
sequential,ov,0.2,0.3,0.85,2,rrg,68,0.2855164,0.11647043,0.1213924,2,0.33333334,0.4714045,0,0.69165313,1.6530836820602417,6.455742e-19,0.42850545,4,0.2980409264564514
sequential,ov,0.2,0.3,0.86,2,rrg,70,0.47050568,0.1040795,0.11671642,1,3.8524733e-22,5.4504614e-22,0,1.3122433,1.7214982509613037,1.5289512e-19,0.47050568,3,0.2884090840816498
sequential,ov,0.2,0.3,0.87,2,rrg,42,0.13335595,0.07521485,0.059693195,4,0.33333334,0.4714045,0,1.7263701,1.752237319946289,6.5462658e-15,0.3777853,5,0.27372533082962036
sequential,ov,0.2,0.3,0.88,2,rrg,44,0.05858395,0.07027606,0.05964187,6,1.957584e-16,2.768442e-16,0,1.6409278,1.754281997680664,7.219951e-14,0.05858395,8,0.2649601101875305
sequential,ov,0.2,0.3,0.89,2,rrg,76,0.091482684,0.071338974,0.062185016,5,0.33333334,0.4714045,0,1.9344596,1.7645875215530396,1.8948412e-21,0.36382756,5,0.28372156620025635
sequential,ov,0.2,0.3,0.9,2,rrg,13,0.104523644,0.0693246,0.06487713,4,0.6666667,0.47140452,0,1.8496599,1.747600793838501,0.0,0.63182545,1,0.2757109999656677
sequential,ov,0.2,0.3,0.91,2,rrg,47,0.16794607,0.065412186,0.06725954,1,0.6666667,0.47140452,0,1.0163348,1.7362871170043945,1.3569958e-36,0.61068463,1,0.23614130914211273
sequential,ov,0.2,0.3,0.92,2,rrg,48,0.029887855,0.05259018,0.0600927,4,0.33496046,0.4702582,0,2.2781773,1.8263746500015259,0.6371577,0.34166884,3,0.18931812047958374
sequential,ov,0.2,0.3,0.93,2,rrg,82,0.015512709,0.05543423,0.06390707,5,0.0038557567,0.005452864,0,1.382129,1.7262029647827148,0.5307124,0.011656952,5,0.16612674295902252
sequential,ov,0.2,0.3,0.94,2,rrg,24,0.031406526,0.061067212,0.067562185,3,2.9263819e-36,0.0,0,1.9933933,1.7410181760787964,1.9128616e-33,0.031406526,4,0.1912415623664856
sequential,ov,0.2,0.3,0.95,2,rrg,62,0.0028038458,0.06629874,0.07317133,4,6.8204805e-05,9.645616e-05,0,1.4652208,1.6670688390731812,0.021589218,0.0027356409,4,0.22260722517967224
sequential,ov,0.2,0.3,0.96,2,rrg,26,0.16506436,0.08217095,0.0737095,1,0.33333334,0.4714045,0,1.5844496,1.7139220237731934,1.2431818e-24,0.38835478,1,0.2775716185569763
sequential,ov,0.2,0.3,0.97,2,rrg,92,0.016908275,0.054540336,0.06473185,2,0.33333334,0.4714045,0,2.1879404,1.7560728788375854,0.0,0.33896944,2,0.24064333736896515
sequential,ov,0.2,0.3,0.98,2,rrg,29,0.0010795281,0.07335378,0.07227425,2,1.4276481e-08,2.0189994e-08,0,1.4086853,1.5403475761413574,7.4606255e-06,0.0010795138,2,0.19147774577140808
sequential,ov,0.2,0.3,0.99,2,rrg,94,0.14562793,0.14562793,0.0,1,0.33333334,0.4714045,0,1.6720097,1.6720097064971924,0.0,0.381876,1,0.38187599182128906
sequential,mov,0.2,0.3,0.0,2,rrg,20,0.1993963,0.19939631,1.4901161e-08,1,0.1993963,0.0,0,2.292514,2.2925143241882324,2.292514,0.0,1,0.0
sequential,mov,0.2,0.3,0.01,2,rrg,11,0.20006728,0.19196384,0.028917026,13,0.20026998,0.00033118835,0,2.204071,2.217620372772217,2.2051601,0.00024520853,16,0.009490562602877617
sequential,mov,0.2,0.3,0.02,2,rrg,1,0.2014082,0.19805431,0.009251189,3,0.19940068,0.0015647152,0,2.209555,2.215036392211914,2.2150848,0.0020075243,10,0.006107287015765905
sequential,mov,0.2,0.3,0.03,2,rrg,3,0.2000042,0.18960916,0.023382531,11,0.20048243,0.00064060645,0,2.1975636,2.2395689487457275,2.1969287,0.00047822297,20,0.02648029290139675
sequential,mov,0.2,0.3,0.04,2,rrg,6,0.21114162,0.18996584,0.03170476,4,0.20484392,0.005525113,0,2.205067,2.2476911544799805,2.215987,0.0072467127,14,0.025052372366189957
sequential,mov,0.2,0.3,0.05,2,rrg,16,0.16167529,0.1652071,0.03313898,10,0.14894062,0.058068637,0,2.3684454,2.319154739379883,2.314064,0.04841226,8,0.03547411412000656
sequential,mov,0.2,0.3,0.06,2,rrg,29,0.19787918,0.18519738,0.0321105,12,0.18568654,0.017968979,0,2.260725,2.268409013748169,2.2714827,0.015142416,9,0.02746768668293953
sequential,mov,0.2,0.3,0.07,2,rrg,4,0.07902027,0.13915196,0.061270326,16,0.09599172,0.072501004,0,2.2817738,2.321284770965576,1.5877379,0.06965163,3,0.041449300944805145
sequential,mov,0.2,0.3,0.08,2,rrg,38,0.1955541,0.17260043,0.049021818,8,0.1892515,0.009974566,0,2.260771,2.317920446395874,2.278594,0.008916602,18,0.039383791387081146
sequential,mov,0.2,0.3,0.09,2,rrg,33,0.1657217,0.13387646,0.061910205,8,0.13749455,0.04544469,0,2.3760962,2.3160526752471924,2.347741,0.052244574,12,0.05867787450551987
sequential,mov,0.2,0.3,0.1,2,rrg,59,0.2344563,0.15962908,0.065061584,3,0.16935813,0.05489758,0,2.2800622,2.310051441192627,2.2925692,0.06509815,4,0.04931173473596573
sequential,mov,0.2,0.3,0.11,2,rrg,84,0.201094,0.15136151,0.060630973,6,0.18229099,0.045489803,0,2.2934797,2.3242340087890625,2.3020391,0.036470737,14,0.04910673946142197
sequential,mov,0.2,0.3,0.12,2,rrg,70,0.3367111,0.15805802,0.082648136,1,0.15832901,0.1124506,0,1.8734033,2.2108311653137207,1.4712499,0.17838211,1,0.06058775261044502
sequential,mov,0.2,0.3,0.13,2,rrg,45,0.40465218,0.19326487,0.08161471,1,0.17768236,0.12543836,0,1.6770291,2.2254905700683594,1.3908736,0.22696982,1,0.06846363842487335
sequential,mov,0.2,0.3,0.14,2,rrg,51,0.5260971,0.17004146,0.111518644,1,0.10378519,0.08391437,1,1.5852852,2.194427728652954,1.5108118,0.42231193,1,0.08296005427837372
sequential,mov,0.2,0.3,0.15,2,rrg,96,0.25298414,0.12313952,0.07256988,1,0.20299852,0.026744867,0,2.2109284,2.2404255867004395,2.266901,0.049985606,13,0.05831766873598099
sequential,mov,0.2,0.3,0.16,2,rrg,42,0.26293096,0.13760993,0.07352134,2,0.2031452,0.044914566,0,2.0578773,2.1804842948913574,2.083405,0.05978575,11,0.08116135001182556
sequential,mov,0.2,0.3,0.17,2,rrg,35,0.20027636,0.13367549,0.07785356,4,0.26573494,0.050545465,0,2.0419183,2.193031072616577,1.9616303,0.06938893,8,0.07371112704277039
sequential,mov,0.2,0.3,0.18,2,rrg,75,0.3061317,0.1414688,0.075917035,1,0.14656226,0.115853004,0,1.8970746,2.104060649871826,1.4014974,0.15956943,3,0.08107979595661163
sequential,mov,0.2,0.3,0.19,2,rrg,68,0.4961587,0.19877632,0.15062179,2,0.17246918,0.13304678,0,1.4460881,2.0963587760925293,1.3222708,0.32368952,3,0.12699894607067108
sequential,mov,0.2,0.3,0.2,2,rrg,14,0.14640227,0.14488365,0.14965989,8,0.22166042,0.14889975,0,2.2067842,2.1026995182037354,2.0354087,0.14614253,5,0.11342992633581161
sequential,mov,0.2,0.3,0.21,2,rrg,39,0.16933511,0.13065812,0.06587627,7,0.13662595,0.034229316,0,2.3414054,2.201185941696167,2.290872,0.04229835,17,0.08336348086595535
sequential,mov,0.2,0.3,0.22,2,rrg,24,0.40246508,0.14813797,0.15547185,2,0.0638136,0.054712,0,1.7625502,2.1522037982940674,1.4458281,0.3386515,2,0.11062754690647125
sequential,mov,0.2,0.3,0.23,2,rrg,53,0.24844088,0.1181386,0.08037682,2,0.18868457,0.04225275,0,2.2595978,2.2605366706848145,2.2903452,0.05975631,10,0.06596839427947998
sequential,mov,0.2,0.3,0.24,2,rrg,25,0.3119247,0.15639247,0.14534917,2,0.2813538,0.14840296,0,1.9833868,2.138810634613037,1.964434,0.14446406,4,0.11472593247890472
sequential,mov,0.2,0.3,0.25,2,rrg,46,0.17909625,0.16294798,0.12650792,8,0.030246787,0.042775415,0,2.2600324,2.212440252304077,0.80764335,0.14884947,2,0.08973929286003113
sequential,mov,0.2,0.3,0.26,2,rrg,47,0.18405126,0.17101714,0.19350472,6,0.25987417,0.14452115,0,2.1031537,2.04793381690979,1.8883606,0.14854355,5,0.15332111716270447
sequential,mov,0.2,0.3,0.27,2,rrg,32,0.48605472,0.2193273,0.21007067,4,0.11179324,0.15398104,1,1.5686964,2.0284581184387207,0.71516734,0.37426147,4,0.1767445206642151
sequential,mov,0.2,0.3,0.28,2,rrg,22,0.528659,0.15354654,0.15578367,2,0.13748139,0.0980332,0,1.5229144,2.0525710582733154,1.3654972,0.39117756,2,0.12063608318567276
sequential,mov,0.2,0.3,0.29,2,rrg,65,0.3888782,0.14335273,0.08493568,1,0.29968777,0.16709606,0,1.8658216,2.094844341278076,1.9369806,0.18305402,5,0.11284992843866348
sequential,mov,0.2,0.3,0.3,2,rrg,44,0.24064621,0.11934781,0.06400483,2,0.13840705,0.097525015,0,1.989925,2.1871492862701416,1.3794092,0.10223916,4,0.09607444703578949
sequential,mov,0.2,0.3,0.31,2,rrg,66,0.18362385,0.12353782,0.07574741,6,0.09009627,0.08403326,0,2.0068426,2.1635754108428955,1.4597249,0.10595105,3,0.0834532082080841
sequential,mov,0.2,0.3,0.32,2,rrg,13,0.25045022,0.13817468,0.15869749,3,0.42989293,0.40370947,0,1.6862321,2.1007630825042725,1.3802267,0.32025713,2,0.1174626499414444
sequential,mov,0.2,0.3,0.33,2,rrg,77,0.20417549,0.10818498,0.057931162,2,0.19080633,0.10130602,0,2.086541,2.1245100498199463,1.8372103,0.08287096,9,0.08944891393184662
sequential,mov,0.2,0.3,0.34,2,rrg,28,0.2727292,0.16035488,0.16198026,2,0.021699995,0.030684825,0,2.0242352,2.0558364391326904,0.77910525,0.25102922,5,0.15965910255908966
sequential,mov,0.2,0.3,0.35,2,rrg,94,0.23838148,0.16697465,0.20519687,3,0.113877065,0.08797457,0,1.971134,1.9499223232269287,1.4515357,0.12450441,4,0.1571086198091507
sequential,mov,0.2,0.3,0.36,2,rrg,58,0.09149043,0.14133835,0.212184,8,0.101377666,0.06843541,0,2.5499618,1.938348412513733,2.434963,0.060254365,12,0.16953399777412415
sequential,mov,0.2,0.3,0.37,2,rrg,61,0.18997656,0.18555799,0.28333828,5,0.16057171,0.092872985,0,2.3794143,1.8307430744171143,2.2867486,0.08635839,10,0.19927427172660828
sequential,mov,0.2,0.3,0.38,2,rrg,27,0.20812005,0.10499821,0.07586633,4,0.7318832,0.3791726,0,1.505009,2.0931973457336426,0.7341342,0.5320751,1,0.12932078540325165
sequential,mov,0.2,0.3,0.39,2,rrg,85,0.13741139,0.1609839,0.25928262,4,0.11845971,0.08806612,0,2.4084275,1.9059377908706665,2.2152445,0.0879819,5,0.14104075729846954
sequential,mov,0.2,0.3,0.4,2,rrg,34,0.046430483,0.16921505,0.28200838,13,0.060521226,0.04393155,0,2.1953485,1.9102857112884521,1.3210438,0.045044396,14,0.1737789809703827
sequential,mov,0.2,0.3,0.41,2,rrg,23,0.52277863,0.18298388,0.21876626,2,0.14853518,0.21001153,1,1.3454638,1.8415180444717407,0.4860319,0.37424347,3,0.17970842123031616
sequential,mov,0.2,0.3,0.42,2,rrg,76,0.12821905,0.13113983,0.20829457,6,0.06357424,0.089904845,0,2.0791392,1.9927040338516235,0.7309015,0.10631136,7,0.12615087628364563
sequential,mov,0.2,0.3,0.43,2,rrg,56,0.12465946,0.11700766,0.21113767,5,0.050462905,0.05027914,0,2.0443275,2.033764600753784,1.3988885,0.07419655,7,0.12063546478748322
sequential,mov,0.2,0.3,0.44,2,rrg,78,0.6940126,0.1982949,0.30535373,3,0.04177281,0.05769309,1,1.0981936,1.7301523685455322,0.67862797,0.6522398,3,0.19382721185684204
sequential,mov,0.2,0.3,0.45,2,rrg,7,0.095672145,0.116530575,0.21024226,7,0.104291044,0.09259567,0,2.0769844,1.9838119745254517,1.3723278,0.07761195,6,0.10931142419576645
sequential,mov,0.2,0.3,0.46,2,rrg,74,0.1191225,0.0891585,0.06794546,6,8.598246e-24,0.0,0,1.6529222,1.9482132196426392,9.406049e-22,0.1191225,7,0.12817835807800293
sequential,mov,0.2,0.3,0.47,2,rrg,79,0.12314987,0.16652754,0.26692227,7,0.009635298,0.013626369,0,1.8546073,1.8810036182403564,0.58991843,0.11351457,6,0.15809382498264313
sequential,mov,0.2,0.3,0.48,2,rrg,36,0.06077106,0.15320021,0.28427103,9,0.012738708,0.018015238,0,2.3350348,1.8961559534072876,0.7323354,0.048032355,13,0.20250289142131805
sequential,mov,0.2,0.3,0.49,2,rrg,49,0.08423184,0.15550438,0.26906028,8,0.044406246,0.007319443,0,2.3671896,1.848425269126892,2.1875727,0.039825596,14,0.17820677161216736
sequential,mov,0.2,0.3,0.5,2,rrg,17,0.23171107,0.10636995,0.21263565,2,0.07082795,0.058344405,1,2.1092603,1.8796892166137695,1.5287863,0.16088313,4,0.12144216150045395
sequential,mov,0.2,0.3,0.51,2,rrg,37,0.06258837,0.06787768,0.052948177,9,8.221435e-18,1.1626864e-17,0,1.5954708,1.8690569400787354,6.5679866e-15,0.06258837,7,0.10575632750988007
sequential,mov,0.2,0.3,0.52,2,rrg,72,0.03161123,0.12455256,0.2135958,16,0.012417983,0.01756168,0,1.9361641,1.7503392696380615,0.65526515,0.02295506,17,0.16003566980361938
sequential,mov,0.2,0.3,0.53,2,rrg,54,0.01672201,0.18738255,0.313614,19,0.036680523,0.04863102,1,2.2398782,1.6771507263183594,1.4969882,0.039162148,16,0.2398625612258911
sequential,mov,0.2,0.3,0.54,2,rrg,41,0.042161137,0.19012031,0.28198642,15,0.055764165,0.07886243,0,2.015817,1.6534045934677124,0.66489625,0.06981788,13,0.23775728046894073
sequential,mov,0.2,0.3,0.55,2,rrg,63,0.12301824,0.16419554,0.25102895,7,0.016169889,0.022867678,1,1.8429445,1.7142794132232666,0.71145225,0.10684836,10,0.23038968443870544
sequential,mov,0.2,0.3,0.56,2,rrg,21,0.087189816,0.19016413,0.3103576,9,0.062160034,0.05629673,0,2.2703974,1.6639668941497803,1.3325851,0.057784777,10,0.2116117775440216
sequential,mov,0.2,0.3,0.57,2,rrg,0,0.0030182968,0.16254851,0.28988403,20,0.0072508533,0.0102542555,0,1.7432473,1.5464746952056885,0.6322351,0.008256952,19,0.1823108047246933
sequential,mov,0.2,0.3,0.58,2,rrg,31,0.020726997,0.1884727,0.31314382,14,1.2112207e-15,1.7129248e-15,0,1.4256159,1.5856519937515259,4.3070137e-13,0.020726997,15,0.25159117579460144
sequential,mov,0.2,0.3,0.59,2,rrg,92,0.007735491,0.2625639,0.34755817,19,0.017357085,0.024546625,0,1.9462796,1.4312207698822021,0.6963584,0.019935582,18,0.30770963430404663
sequential,mov,0.2,0.3,0.6,2,rrg,71,0.038084768,0.21106276,0.30496255,17,0.034476824,0.048757594,0,1.9965055,1.6701399087905884,0.7098122,0.047171745,16,0.2820849120616913
sequential,mov,0.2,0.3,0.61,2,rrg,19,0.044700816,0.12865843,0.24865289,9,0.33333609,0.47140256,1,1.6837169,1.7975893020629883,0.0029329536,0.34823087,4,0.16893097758293152
sequential,mov,0.2,0.3,0.62,2,rrg,80,0.014002325,0.121508814,0.21345319,18,0.01994264,0.014979084,0,2.2371883,1.8520666360855103,1.5011839,0.015275198,18,0.16772738099098206
sequential,mov,0.2,0.3,0.63,2,rrg,95,0.05525459,0.18044034,0.24600881,13,0.3369834,0.468844,0,2.043205,1.579355001449585,0.67190886,0.34810066,5,0.23955416679382324
sequential,mov,0.2,0.3,0.64,2,rrg,93,0.2912475,0.20327668,0.3085376,4,0.3514148,0.45915335,1,0.90272564,1.5949372053146362,0.7464204,0.41233435,5,0.24176907539367676
sequential,mov,0.2,0.3,0.65,2,rrg,10,0.9999989,0.22486643,0.3026415,2,0.028314658,0.04004297,1,1.8707698e-05,1.5456527471542358,0.6354778,0.9716843,1,0.28042298555374146
sequential,mov,0.2,0.3,0.66,2,rrg,97,0.023176325,0.2193797,0.3039117,16,0.015769254,0.022298995,0,1.7946007,1.602541208267212,0.75495726,0.023492718,17,0.29069432616233826
sequential,mov,0.2,0.3,0.67,2,rrg,9,0.23523004,0.2159859,0.30594876,6,0.026803905,0.03790645,1,1.5934017,1.6121059656143188,0.6997214,0.20842613,11,0.2876763343811035
sequential,mov,0.2,0.3,0.68,2,rrg,69,0.082511865,0.093714334,0.1504856,8,0.30325115,0.4288619,0,2.1209166,1.8161128759384155,0.1422544,0.33075508,9,0.1952172815799713
sequential,mov,0.2,0.3,0.69,2,rrg,98,0.06868077,0.17141679,0.2864637,10,0.08055157,0.060397696,1,2.3357322,1.610295057296753,2.1292655,0.05297337,13,0.22379040718078613
sequential,mov,0.2,0.3,0.7,2,rrg,5,0.0032451903,0.11364867,0.1574402,20,0.0034576952,0.0048899194,0,1.7247167,1.700840711593628,0.71975964,0.004539425,20,0.17457516491413116
sequential,mov,0.2,0.3,0.71,2,rrg,2,0.057056196,0.18816285,0.28502175,12,0.3638074,0.4514017,0,2.2650673,1.5063879489898682,0.70776635,0.34478867,5,0.2547284960746765
sequential,mov,0.2,0.3,0.72,2,rrg,26,0.20091452,0.22570741,0.30162016,7,0.40178442,0.4311197,0,1.5940167,1.481687307357788,0.35326362,0.3348129,11,0.3050287067890167
sequential,mov,0.2,0.3,0.73,2,rrg,73,0.08374742,0.1358527,0.22063819,9,0.37797317,0.44322172,0,2.1857152,1.6748126745224,0.6541113,0.35005733,5,0.23479361832141876
sequential,mov,0.2,0.3,0.74,2,rrg,83,0.045670256,0.18116957,0.2898443,12,4.0971197e-21,5.7941615e-21,0,0.85838056,1.523438572883606,1.8409903e-18,0.045670256,15,0.2756194472312927
sequential,mov,0.2,0.3,0.75,2,rrg,60,0.0074609756,0.16601753,0.25086465,20,0.0024945133,0.0035277747,1,1.3067789,1.6306995153427124,0.6186161,0.004981505,20,0.26722365617752075
sequential,mov,0.2,0.3,0.76,2,rrg,40,0.12867378,0.15284477,0.25090346,6,0.3674055,0.44925413,1,1.7684251,1.7470823526382446,0.64091706,0.34215245,6,0.25619950890541077
sequential,mov,0.2,0.3,0.77,2,rrg,48,0.012842529,0.16218254,0.28989238,19,0.33333334,0.4714045,0,2.274337,1.6379194259643555,8.507525e-15,0.33761418,10,0.2891480624675751
sequential,mov,0.2,0.3,0.78,2,rrg,50,0.6840267,0.20028126,0.31036434,3,0.0,0.0,0,0.93303955,1.578773856163025,0.0,0.6840267,3,0.3037818670272827
sequential,mov,0.2,0.3,0.79,2,rrg,57,0.059596542,0.18173483,0.29199973,10,0.33333334,0.4714045,0,2.0100198,1.588571310043335,3.1145767e-19,0.35319886,7,0.2886698842048645
sequential,mov,0.2,0.3,0.8,2,rrg,8,0.111753,0.19999483,0.3117253,7,0.6666263,0.47137597,0,1.734113,1.5678901672363281,0.00046899216,0.6293753,4,0.3006892502307892
sequential,mov,0.2,0.3,0.81,2,rrg,12,0.26862282,0.21230926,0.33099377,5,0.33333334,0.4714045,0,1.0639815,1.5396593809127808,3.7372057e-09,0.4228743,5,0.2921335697174072
sequential,mov,0.2,0.3,0.82,2,rrg,64,0.28994113,0.21160372,0.34376898,4,0.3333331,0.4714042,1,0.602099,1.5548685789108276,3.5153407e-06,0.42998016,4,0.2874669134616852
sequential,mov,0.2,0.3,0.83,2,rrg,89,0.08533,0.207462,0.35398877,6,0.37648305,0.44404903,0,2.3570464,1.6076070070266724,0.6376624,0.34803972,4,0.2727188169956207
sequential,mov,0.2,0.3,0.84,2,rrg,67,0.015517309,0.21328817,0.36442524,14,7.027546e-23,9.904085e-23,0,1.9037127,1.563896894454956,5.408685e-20,0.015517309,13,0.26178422570228577
sequential,mov,0.2,0.3,0.85,2,rrg,99,0.023389261,0.22397326,0.37373042,8,0.33333334,0.4714045,0,2.3016677,1.5401651859283447,6.0821344e-09,0.34112975,5,0.2744787931442261
sequential,mov,0.2,0.3,0.86,2,rrg,91,0.90263677,0.23748349,0.38325688,3,0.045694467,0.06462173,1,0.319438,1.4828733205795288,0.6812584,0.85694236,2,0.2687332034111023
sequential,mov,0.2,0.3,0.87,2,rrg,43,0.0020926371,0.18248978,0.34943348,13,0.006867025,0.00971144,0,2.007152,1.5706064701080322,0.7801927,0.0075645708,13,0.22426770627498627
sequential,mov,0.2,0.3,0.88,2,rrg,15,0.02008116,0.19418895,0.3608364,8,0.0,0.0,0,1.6948608,1.5358117818832397,0.0,0.02008116,10,0.24152736365795135
sequential,mov,0.2,0.3,0.89,2,rrg,81,0.04550253,0.20879339,0.37344006,6,9.801109e-09,1.3860862e-08,0,1.9399347,1.5217801332473755,2.0243713e-06,0.045502517,7,0.26127883791923523
sequential,mov,0.2,0.3,0.9,2,rrg,18,1.0,0.22473025,0.38810676,1,0.33333325,0.4714044,1,4.4702904e-07,1.4830942153930664,1.4062954e-06,0.66666675,2,0.2826823890209198
sequential,mov,0.2,0.3,0.91,2,rrg,82,0.0155127,0.1385341,0.30524287,7,0.0038557705,0.005452883,0,1.3821368,1.6488431692123413,0.53071254,0.01165693,8,0.23998624086380005
sequential,mov,0.2,0.3,0.92,2,rrg,52,0.009623801,0.15316628,0.3207887,7,0.33333337,0.4714045,0,2.3731298,1.6752533912658691,0.00019238272,0.3365412,4,0.26805758476257324
sequential,mov,0.2,0.3,0.93,2,rrg,30,0.07094795,0.17317307,0.338246,2,0.018388687,0.02600553,0,2.0177703,1.5678952932357788,0.62454814,0.052559268,4,0.25784629583358765
sequential,mov,0.2,0.3,0.94,2,rrg,55,1.0,0.19057143,0.3624406,1,0.0,0.0,1,6.4135925e-08,1.458488941192627,0.0,1.0,1,0.294124573469162
sequential,mov,0.2,0.3,0.95,2,rrg,86,0.019512407,0.028713584,0.019925836,4,0.33333334,0.4714045,0,2.1783206,1.746185302734375,4.8120025e-26,0.33983746,2,0.15327537059783936
sequential,mov,0.2,0.3,0.96,2,rrg,88,0.05844374,0.031041965,0.021756224,1,0.00018590462,0.0002629088,0,1.6438593,1.6332647800445557,0.017104605,0.058257837,2,0.10698911547660828
sequential,mov,0.2,0.3,0.97,2,rrg,90,0.019720694,0.021904314,0.017249355,2,0.0,0.0,0,1.4394313,1.6296467781066895,0.0,0.019720694,2,0.12322931736707687
sequential,mov,0.2,0.3,0.98,2,rrg,62,0.0019530951,0.02299522,0.021042125,2,4.1578887e-09,5.880143e-09,0,1.4474949,1.7247302532196045,3.1937905e-06,0.001953091,2,0.17498277127742767
sequential,mov,0.2,0.3,0.99,2,rrg,87,0.04403739,0.04403739,0.0,1,0.33333334,0.4714045,1,2.001966,2.0019659996032715,1.2202518e-11,0.34801245,1,0.34801244735717773
sequential,c_mov,0.2,0.3,0.0,2,rrg,18,0.1993963,0.19939631,1.4901161e-08,1,0.1993963,0.0,1,2.292514,2.2925143241882324,2.292514,0.0,1,0.0
sequential,c_mov,0.2,0.3,0.01,2,rrg,87,0.19999754,0.19999753,8.501501e-08,6,0.19999743,5.771195e-08,1,2.20374,2.1975550651550293,2.2031927,1.3411045e-07,2,6.283322306899208e-08
sequential,c_mov,0.2,0.3,0.02,2,rrg,91,0.19999987,0.1999999,4.331601e-08,14,0.45833328,0.3653386,1,1.9181964,2.1592955589294434,1.4835472,0.2583334,1,0.02583337388932705
sequential,c_mov,0.2,0.3,0.03,2,rrg,10,0.20000002,0.2,3.9705373e-08,5,0.19999999,1.9237316e-08,1,2.200816,2.1614339351654053,2.2007678,2.4835268e-08,12,0.025000030174851418
sequential,c_mov,0.2,0.3,0.04,2,rrg,32,0.2,0.2,4.1749853e-08,8,0.2,1.4901161e-08,1,2.1967745,2.134232521057129,2.190718,1.4901161e-08,18,0.026640653610229492
sequential,c_mov,0.2,0.3,0.05,2,rrg,63,0.19999997,0.2,2.7476384e-08,16,0.19999999,1.2166748e-08,1,2.0897713,2.111673355102539,2.044215,4.967054e-09,20,0.02666667476296425
sequential,c_mov,0.2,0.3,0.06,2,rrg,98,0.19999997,0.2,4.782321e-08,9,0.19999997,1.02157216e-07,1,2.172284,2.103433609008789,2.1579926,9.437402e-08,4,0.039999235421419144
sequential,c_mov,0.2,0.3,0.07,2,rrg,19,0.19999997,0.2,3.494632e-08,16,0.19999997,2.5809568e-08,1,2.1679068,2.015089511871338,2.149176,2.4835268e-08,15,0.10622356086969376
sequential,c_mov,0.2,0.3,0.08,2,rrg,17,0.19999999,0.2,2.4485107e-08,12,0.45833334,0.3653385,1,1.7717882,2.0557210445404053,1.3402063,0.25833336,3,0.03958337381482124
sequential,c_mov,0.2,0.3,0.09,2,rrg,51,0.19999999,0.2,2.5593586e-08,13,0.2,3.101924e-08,1,2.076313,2.0535247325897217,2.01834,2.9802322e-08,14,0.06666667014360428
sequential,c_mov,0.2,0.3,0.1,2,rrg,23,0.2000001,0.2,3.9283712e-08,1,0.19999997,5.575504e-08,1,2.144418,2.0176377296447754,2.1136441,1.3411045e-07,7,0.07916659116744995
sequential,c_mov,0.2,0.3,0.11,2,rrg,40,0.20000003,0.2,3.195943e-08,2,0.45833334,0.3653385,1,1.843182,2.018174648284912,1.3458967,0.25833333,4,0.06624835729598999
sequential,c_mov,0.2,0.3,0.12,2,rrg,9,0.19999999,0.2,4.407823e-08,14,0.19999997,1.9237316e-08,1,2.0638473,2.0016369819641113,1.998373,1.9868216e-08,15,0.07822898775339127
sequential,c_mov,0.2,0.3,0.13,2,rrg,60,0.19999997,0.20000002,4.318767e-08,15,0.19999997,4.3015945e-08,1,2.1637843,1.960834264755249,2.137925,3.4769375e-08,15,0.11832991987466812
sequential,c_mov,0.2,0.3,0.14,2,rrg,20,0.20000002,0.2,3.5262584e-08,4,0.20000003,2.1073424e-08,0,2.045546,1.89932382106781,1.9692272,1.4901161e-08,17,0.1595800817012787
sequential,c_mov,0.2,0.3,0.15,2,rrg,64,0.20000003,0.19353357,0.027710766,5,0.46666667,0.3771236,1,1.788039,1.9825270175933838,1.3013467,0.26666668,4,0.0853717178106308
sequential,c_mov,0.2,0.3,0.16,2,rrg,55,0.19558088,0.19349496,0.023823878,17,0.18581833,0.019888084,1,2.1146276,1.949068307876587,2.0837722,0.015496473,11,0.14058712124824524
sequential,c_mov,0.2,0.3,0.17,2,rrg,54,0.20011185,0.19538054,0.01305931,1,0.19993,6.861368e-05,1,2.137418,1.9346081018447876,2.1000192,0.00018185377,14,0.13924863934516907
sequential,c_mov,0.2,0.3,0.18,2,rrg,78,0.19989909,0.1934702,0.02844662,16,0.19823545,0.0025972754,1,2.0680723,1.9222967624664307,1.9974742,0.0018941909,13,0.137966126203537
sequential,c_mov,0.2,0.3,0.19,2,rrg,15,0.20007873,0.1990356,0.0023025265,2,0.19996594,5.912156e-05,0,2.051646,1.9047495126724243,1.9724802,0.00011278689,15,0.14842870831489563
sequential,c_mov,0.2,0.3,0.2,2,rrg,3,0.19999997,0.18989715,0.030222826,13,0.2000003,3.8656955e-07,0,2.1013708,1.8958289623260498,2.0375485,3.327926e-07,19,0.1456625759601593
sequential,c_mov,0.2,0.3,0.21,2,rrg,93,0.15620168,0.18581156,0.030330598,19,0.42025182,0.41318354,1,1.9387074,1.8964776992797852,1.4039205,0.32342982,4,0.1690869927406311
sequential,c_mov,0.2,0.3,0.22,2,rrg,1,0.1998647,0.18942837,0.032735486,13,0.19938715,0.00097499066,0,1.9766238,1.86626398563385,1.8140742,0.00075959164,20,0.20351135730743408
sequential,c_mov,0.2,0.3,0.23,2,rrg,31,0.19950283,0.16869958,0.045257397,10,0.19654353,0.0050095115,0,2.1209817,1.951505422592163,2.073983,0.0037365854,18,0.16557493805885315
sequential,c_mov,0.2,0.3,0.24,2,rrg,11,0.20023228,0.18537188,0.023289468,4,0.19994903,0.00012703249,0,2.0119863,1.8652780055999756,1.9065633,0.0002832661,18,0.21180517971515656
sequential,c_mov,0.2,0.3,0.25,2,rrg,34,0.1635305,0.16873237,0.046192653,13,0.14549468,0.10291821,0,2.0540223,1.9133412837982178,1.3823878,0.090984516,11,0.18237601220607758
sequential,c_mov,0.2,0.3,0.26,2,rrg,35,0.20536728,0.17825618,0.036252227,2,0.47567773,0.3708107,0,1.7925066,1.863541603088379,1.329127,0.27031043,8,0.22696232795715332
sequential,c_mov,0.2,0.3,0.27,2,rrg,70,0.20244125,0.14266802,0.054229137,2,0.18936469,0.00832522,0,1.9969347,1.9896453619003296,1.9097782,0.013076559,20,0.1551995575428009
sequential,c_mov,0.2,0.3,0.28,2,rrg,96,0.20246081,0.13687088,0.045678783,1,0.4607834,0.38128522,0,1.7575887,2.0321497917175293,1.2579898,0.27337018,6,0.16970010101795197
sequential,c_mov,0.2,0.3,0.29,2,rrg,84,0.22751768,0.1661084,0.043575946,1,0.13236025,0.0950455,0,1.9307473,1.9105749130249023,1.3140522,0.09515742,11,0.2011018693447113
sequential,c_mov,0.2,0.3,0.3,2,rrg,45,0.21997105,0.16129047,0.05386693,2,0.37353107,0.44570175,0,1.5647982,1.8650367259979248,0.69086814,0.36645928,4,0.2645086944103241
sequential,c_mov,0.2,0.3,0.31,2,rrg,66,0.20616232,0.14295068,0.049127452,1,0.36255172,0.45216182,0,1.5917335,1.9074714183807373,0.6896016,0.37283573,4,0.26713845133781433
sequential,c_mov,0.2,0.3,0.32,2,rrg,24,0.26833242,0.16521908,0.06316556,2,0.10071219,0.07937502,0,1.7830882,1.9420688152313232,1.2500846,0.16762023,9,0.17285698652267456
sequential,c_mov,0.2,0.3,0.33,2,rrg,38,0.20000169,0.1630105,0.05214519,6,0.46667174,0.37712005,0,1.7914804,1.8412011861801147,1.3050252,0.26667002,12,0.26924389600753784
sequential,c_mov,0.2,0.3,0.34,2,rrg,68,0.2835937,0.15865792,0.063076,2,0.4116296,0.42694876,0,1.2185832,1.8772894144058228,0.663634,0.34956834,4,0.2303113490343094
sequential,c_mov,0.2,0.3,0.35,2,rrg,22,0.26045582,0.1538673,0.05039853,1,0.12425705,0.06567204,0,1.9399302,1.8943735361099243,1.5116953,0.13619877,10,0.2088358849287033
sequential,c_mov,0.2,0.3,0.36,2,rrg,48,0.14929748,0.1489931,0.054278936,13,0.40735543,0.42093402,0,1.9865975,1.9061695337295532,1.4450861,0.31593674,7,0.2511524558067322
sequential,c_mov,0.2,0.3,0.37,2,rrg,44,0.16955607,0.13021772,0.047738824,6,0.09533963,0.08739582,0,1.9919426,1.9563207626342773,1.3633351,0.102107175,10,0.22415348887443542
sequential,c_mov,0.2,0.3,0.38,2,rrg,50,0.19984983,0.13538268,0.06472854,3,0.1975656,0.0027004501,0,1.856981,1.9017698764801025,1.6717067,0.002402708,20,0.23425249755382538
sequential,c_mov,0.2,0.3,0.39,2,rrg,12,0.20048836,0.1354375,0.058674935,2,0.46633282,0.37735996,0,1.7357492,1.9653079509735107,1.1947707,0.26716334,10,0.2112317532300949
sequential,c_mov,0.2,0.3,0.4,2,rrg,26,0.18773983,0.13864036,0.06405664,3,0.40803012,0.42493924,0,1.6276565,1.9054120779037476,0.63622576,0.33052623,6,0.22804167866706848
sequential,c_mov,0.2,0.3,0.41,2,rrg,77,0.1998301,0.12609491,0.04426618,1,0.46788058,0.37634653,0,1.7059848,1.9803472757339478,1.1691788,0.27310917,9,0.19434820115566254
sequential,c_mov,0.2,0.3,0.42,2,rrg,46,0.28754738,0.13457942,0.06310059,1,0.38424113,0.43984872,0,1.6523644,1.9676513671875,0.6777492,0.37827465,1,0.19341537356376648
sequential,c_mov,0.2,0.3,0.43,2,rrg,41,0.18699506,0.13191606,0.05034784,2,0.12383214,0.087792784,0,1.8698993,1.946781873703003,1.1992583,0.067710675,16,0.22940373420715332
sequential,c_mov,0.2,0.3,0.44,2,rrg,39,0.1772285,0.121195056,0.047706563,2,0.12401807,0.10464128,0,1.9834563,2.010706901550293,1.240846,0.10569203,9,0.1654605120420456
sequential,c_mov,0.2,0.3,0.45,2,rrg,85,0.18883522,0.11971235,0.04275183,1,0.37107995,0.4471101,0,1.1964324,1.9283373355865479,0.6639821,0.3585318,5,0.25461113452911377
sequential,c_mov,0.2,0.3,0.46,2,rrg,33,0.16800527,0.109618284,0.0552374,6,0.42614684,0.41009948,0,1.8328052,1.966961145401001,1.3010898,0.32582805,6,0.18996776640415192
sequential,c_mov,0.2,0.3,0.47,2,rrg,4,0.07063651,0.11367874,0.040346842,17,0.09647274,0.07002185,0,2.046314,1.9411640167236328,1.2039694,0.07292723,18,0.31380683183670044
sequential,c_mov,0.2,0.3,0.48,2,rrg,13,0.1930301,0.12252714,0.06448379,3,0.69134253,0.4365076,0,1.4917251,1.9064279794692993,0.63207346,0.57764745,4,0.25329357385635376
sequential,c_mov,0.2,0.3,0.49,2,rrg,89,0.19966698,0.092482746,0.05064822,1,0.41655037,0.4142934,0,1.9274154,1.995246171951294,1.4030589,0.31667197,6,0.16886861622333527
sequential,c_mov,0.2,0.3,0.5,2,rrg,82,0.04378414,0.105268046,0.057857372,16,0.040311288,0.048953198,0,2.140356,1.9576431512832642,1.2413431,0.047089998,16,0.21859049797058105
sequential,c_mov,0.2,0.3,0.51,2,rrg,30,0.071214564,0.09611164,0.053442582,14,0.09555345,0.06882897,0,2.114393,1.9154707193374634,1.2047943,0.07181526,13,0.25220543146133423
sequential,c_mov,0.2,0.3,0.52,2,rrg,28,0.1175599,0.108351745,0.062449545,8,0.024411341,0.034522846,0,1.9222045,2.0214438438415527,0.68172556,0.09314856,12,0.20975375175476074
sequential,c_mov,0.2,0.3,0.53,2,rrg,57,0.16815406,0.09401725,0.052607913,2,0.3933415,0.42950967,0,1.8455667,2.0290942192077637,1.2406678,0.32937655,9,0.22164826095104218
sequential,c_mov,0.2,0.3,0.54,2,rrg,71,0.108365014,0.10418044,0.044253588,11,0.12088788,0.085486956,0,1.9850446,1.9964771270751953,1.2532474,0.08476621,11,0.21495604515075684
sequential,c_mov,0.2,0.3,0.55,2,rrg,7,0.17687339,0.10517321,0.06361032,2,0.33354518,0.47125477,0,1.6763723,1.9695240259170532,0.007766984,0.39207926,4,0.2552223205566406
sequential,c_mov,0.2,0.3,0.56,2,rrg,2,0.0986615,0.08061434,0.04524129,8,0.6666667,0.47140452,0,1.9687612,2.004978656768799,1.1501568e-38,0.6337795,1,0.20805449783802032
sequential,c_mov,0.2,0.3,0.57,2,rrg,79,0.11303052,0.11080352,0.06344834,11,0.008267927,0.011692613,0,1.8923562,1.903381586074829,0.6221847,0.10476259,14,0.27010685205459595
sequential,c_mov,0.2,0.3,0.58,2,rrg,6,0.09473486,0.097940944,0.05032693,10,4.4629857e-07,5.62905e-07,0,1.7554328,1.8802545070648193,2.9726112e-05,0.09473442,14,0.28265243768692017
sequential,c_mov,0.2,0.3,0.59,2,rrg,88,0.1622416,0.10017975,0.06772524,3,0.035811413,0.050644983,0,1.8896343,1.9195964336395264,0.72395843,0.12643018,13,0.25009602308273315
sequential,c_mov,0.2,0.3,0.6,2,rrg,99,0.09080035,0.09600094,0.06629333,9,0.359583,0.45334333,0,2.2064154,1.9758144617080688,1.4889799,0.33735046,8,0.20210357010364532
sequential,c_mov,0.2,0.3,0.61,2,rrg,0,0.003359858,0.105139576,0.062874295,20,0.0019634506,0.0017974625,0,1.7932535,1.8890485763549805,0.71547866,0.0020520836,20,0.3212679624557495
sequential,c_mov,0.2,0.3,0.62,2,rrg,14,0.044901036,0.09070309,0.051064607,17,0.057828784,0.057179112,0,2.2017376,2.0231263637542725,1.3402523,0.04759999,15,0.2600392699241638
sequential,c_mov,0.2,0.3,0.63,2,rrg,67,0.05705304,0.09195197,0.063826896,16,0.06744345,0.0527096,0,2.1650975,2.065854787826538,1.4410232,0.048425775,14,0.21555408835411072
sequential,c_mov,0.2,0.3,0.64,2,rrg,21,0.08028413,0.0813715,0.05078653,9,0.36350176,0.4515863,0,2.1813223,1.9689003229141235,0.77223897,0.33674037,7,0.23542144894599915
sequential,c_mov,0.2,0.3,0.65,2,rrg,69,0.07602007,0.08779585,0.0745898,11,0.33333668,0.47140214,0,2.1026256,1.8680827617645264,0.00081750564,0.35867003,6,0.28604087233543396
sequential,c_mov,0.2,0.3,0.66,2,rrg,86,0.057484522,0.098106764,0.06864293,15,0.35508883,0.45679885,0,2.276247,1.8657352924346924,0.74081725,0.33592734,10,0.25217562913894653
sequential,c_mov,0.2,0.3,0.67,2,rrg,73,0.012129135,0.09348434,0.07377309,17,0.33333334,0.4714045,0,2.2725635,1.8564558029174805,1.2591594e-08,0.3373764,8,0.24811820685863495
sequential,c_mov,0.2,0.3,0.68,2,rrg,37,0.04962645,0.106483,0.07133854,16,0.05468063,0.07733009,0,1.9359814,1.8501815795898438,0.6257115,0.07122278,16,0.26776304841041565
sequential,c_mov,0.2,0.3,0.69,2,rrg,27,0.2982457,0.09814735,0.07258097,1,0.6666667,0.47140452,0,1.4321842,1.848191499710083,3.656334e-32,0.56725144,4,0.2460729330778122
sequential,c_mov,0.2,0.3,0.7,2,rrg,83,0.123692095,0.08899106,0.061531585,7,0.037514787,0.036021218,0,1.9851443,1.8311313390731812,1.3965477,0.0861773,12,0.22263264656066895
sequential,c_mov,0.2,0.3,0.71,2,rrg,97,0.069985,0.09737463,0.067283824,13,0.06312034,0.08300653,0,2.019217,1.7444448471069336,1.232779,0.08047142,14,0.26280614733695984
sequential,c_mov,0.2,0.3,0.72,2,rrg,29,0.009952626,0.08390625,0.06799859,16,0.027688505,0.03915746,0,2.0097191,1.8344730138778687,0.733398,0.031006048,16,0.2040029764175415
sequential,c_mov,0.2,0.3,0.73,2,rrg,47,0.16794617,0.07815785,0.0644235,3,0.6666667,0.47140452,0,1.0163264,1.7660220861434937,7.532229e-24,0.61068463,2,0.22053563594818115
sequential,c_mov,0.2,0.3,0.74,2,rrg,36,0.034292616,0.079517424,0.06654561,14,0.06559192,0.058772154,0,2.3249526,1.7740342617034912,1.4192991,0.054099005,13,0.24683280289173126
sequential,c_mov,0.2,0.3,0.75,2,rrg,61,0.10557423,0.08712342,0.06472291,9,0.6666679,0.4714028,0,1.8267828,1.7985639572143555,0.00020532036,0.631474,1,0.2532428503036499
sequential,c_mov,0.2,0.3,0.76,2,rrg,74,0.08703013,0.07741256,0.06566913,10,4.118048e-33,0.0,0,1.6790469,1.7869253158569336,8.629107e-31,0.087030135,12,0.20613273978233337
sequential,c_mov,0.2,0.3,0.77,2,rrg,94,0.14136846,0.08806073,0.06423221,5,0.33333334,0.4714045,0,1.69277,1.821773886680603,1.417066e-37,0.38045618,3,0.26760172843933105
sequential,c_mov,0.2,0.3,0.78,2,rrg,53,0.03856092,0.07096633,0.06275255,13,0.33333334,0.4714045,0,2.1114073,1.8311641216278076,1.2176026e-08,0.34618697,5,0.2191256582736969
sequential,c_mov,0.2,0.3,0.79,2,rrg,58,0.00047652313,0.08154142,0.06709843,20,0.00052375224,0.0007406975,0,1.6784023,1.7683290243148804,0.51077205,0.00068259327,20,0.2330288589000702
sequential,c_mov,0.2,0.3,0.8,2,rrg,5,0.007031616,0.0846802,0.064718045,18,0.029345157,0.04150032,0,1.9488388,1.7981640100479126,0.7764713,0.03168903,16,0.25013458728790283
sequential,c_mov,0.2,0.3,0.81,2,rrg,8,0.11225302,0.085274085,0.06286695,6,0.6666667,0.47140452,0,1.7239743,1.7974261045455933,3.8721684e-36,0.62924904,1,0.2615218758583069
sequential,c_mov,0.2,0.3,0.82,2,rrg,65,0.13986556,0.08048937,0.062292702,5,0.6666667,0.47140452,0,1.4938595,1.8070839643478394,0.0,0.62004477,1,0.24033223092556
sequential,c_mov,0.2,0.3,0.83,2,rrg,72,0.16561575,0.075539604,0.061406843,3,0.37756142,0.44345132,0,1.8069929,1.8270158767700195,0.71073216,0.34431052,6,0.21744048595428467
sequential,c_mov,0.2,0.3,0.84,2,rrg,42,0.16444638,0.06381528,0.057389837,2,0.40078235,0.4316885,0,1.6688936,1.817284345626831,0.35213622,0.3459669,4,0.20496037602424622
sequential,c_mov,0.2,0.3,0.85,2,rrg,43,0.017448355,0.05627675,0.055060524,11,0.020915583,0.014796451,0,2.2778816,1.7987120151519775,1.4402019,0.015099435,12,0.19839614629745483
sequential,c_mov,0.2,0.3,0.86,2,rrg,75,0.20443751,0.057056196,0.057891198,1,0.33348724,0.4712957,0,1.0327977,1.7692235708236694,0.005896346,0.40132526,1,0.2108699083328247
sequential,c_mov,0.2,0.3,0.87,2,rrg,76,0.09025441,0.045086045,0.04331597,3,0.33333334,0.4714045,0,1.9602705,1.8203117847442627,0.0,0.36341813,2,0.1959122121334076
sequential,c_mov,0.2,0.3,0.88,2,rrg,16,0.00944436,0.04123223,0.0433071,10,1.4060947e-06,1.8853412e-06,0,2.1025407,1.803503394126892,0.0008546568,0.009442954,10,0.18192343413829803
sequential,c_mov,0.2,0.3,0.89,2,rrg,80,0.0006509351,0.044204526,0.04420122,11,7.848834e-15,1.1099913e-14,0,1.5105531,1.7707852125167847,2.8712224e-10,0.0006509351,11,0.19767794013023376
sequential,c_mov,0.2,0.3,0.9,2,rrg,49,0.013855377,0.048632197,0.04414675,8,2.7426242e-23,3.743392e-23,0,1.4132957,1.7931855916976929,9.104593e-21,0.013855378,9,0.21742352843284607
sequential,c_mov,0.2,0.3,0.91,2,rrg,81,0.045492124,0.052525274,0.0449436,5,0.0,0.0,0,1.9398152,1.833870768547058,0.0,0.045492124,7,0.24005691707134247
sequential,c_mov,0.2,0.3,0.92,2,rrg,52,0.009587604,0.053412594,0.047608595,7,0.33333334,0.4714045,0,2.3727233,1.8201401233673096,3.4081265e-07,0.33652923,6,0.26438137888908386
sequential,c_mov,0.2,0.3,0.93,2,rrg,56,0.076019116,0.059675235,0.04771833,3,0.3675097,0.4491926,0,2.1741874,1.7410659790039062,0.63424915,0.34217,3,0.25407543778419495
sequential,c_mov,0.2,0.3,0.94,2,rrg,25,0.15489598,0.065678075,0.06149198,1,0.33598992,0.4695373,0,1.8027077,1.652261734008789,0.16162251,0.38230872,1,0.24608254432678223
sequential,c_mov,0.2,0.3,0.95,2,rrg,90,0.01972062,0.047824685,0.051261853,3,1.8322e-41,0.0,0,1.4394354,1.6227773427963257,1.0919376e-38,0.01972062,4,0.2188340127468109
sequential,c_mov,0.2,0.3,0.96,2,rrg,59,0.056289807,0.054843143,0.055122297,2,0.33333334,0.4714045,0,2.0681195,1.6690728664398193,0.0,0.3520966,2,0.2686098515987396
sequential,c_mov,0.2,0.3,0.97,2,rrg,92,0.017164329,0.05435653,0.06364527,2,0.33333334,0.4714045,0,2.1732001,1.5364874601364136,3.9045762e-22,0.3390548,2,0.24077868461608887
sequential,c_mov,0.2,0.3,0.98,2,rrg,62,0.001958249,0.07294712,0.07098887,2,0.0,0.0,0,1.4464357,1.219235897064209,0.0,0.001958249,2,0.1916351318359375
sequential,c_mov,0.2,0.3,0.99,2,rrg,95,0.14393571,0.14393571,0.0,1,0.33333334,0.4714045,0,0.99206513,0.9920651316642761,4.8134878e-35,0.3813119,1,0.38131189346313477
sequential,ov,0.4,0.3,0.0,2,rrg,14,0.39723024,0.3972302,2.9802322e-08,1,0.39723024,0.0,1,1.8001581,1.8001582622528076,1.8001581,0.0,1,0.0
sequential,ov,0.4,0.3,0.01,2,rrg,32,0.39995673,0.39995676,5.8476378e-08,14,0.3999567,4.2146848e-08,1,1.6831633,1.704228401184082,1.6497984,2.9802322e-08,15,4.867712988243511e-08
sequential,ov,0.4,0.3,0.02,2,rrg,64,0.3999946,0.39999464,7.884953e-08,11,0.3999946,2.4333495e-08,1,1.7018048,1.7020893096923828,1.6958274,1.9868216e-08,17,6.55651035685878e-08
sequential,ov,0.4,0.3,0.03,2,rrg,40,0.3999994,0.39999932,5.5355358e-08,1,0.3999993,2.9802322e-08,1,1.7008032,1.6832091808319092,1.6913451,1.09275184e-07,3,0.018747616559267044
sequential,ov,0.4,0.3,0.04,2,rrg,7,0.3999999,0.39999998,6.86101e-08,15,0.39999995,2.9802322e-08,1,1.7034835,1.6749109029769897,1.7030762,2.9802322e-08,18,0.029979929327964783
sequential,ov,0.4,0.3,0.05,2,rrg,86,0.40000004,0.4,5.575504e-08,2,0.4,4.866699e-08,1,1.7034576,1.6711469888687134,1.7021317,4.9670536e-08,13,0.029841329902410507
sequential,ov,0.4,0.3,0.06,2,rrg,5,0.39999995,0.4,6.03451e-08,10,0.79999393,0.28283837,1,1.3821292,1.6303300857543945,0.5525202,0.39999393,1,0.07870793342590332
sequential,ov,0.4,0.3,0.07,2,rrg,33,0.40000007,0.4,5.7325913e-08,1,0.39999998,3.847463e-08,0,1.6756752,1.660928726196289,1.5924791,7.947286e-08,7,0.0399780347943306
sequential,ov,0.4,0.3,0.08,2,rrg,69,0.39999995,0.40476543,0.020772064,14,0.39999998,2.9802322e-08,1,1.7031775,1.6692371368408203,1.7022157,3.973643e-08,15,0.030773837119340897
sequential,ov,0.4,0.3,0.09,2,rrg,77,0.4000001,0.41659433,0.049833037,4,0.39999998,6.438037e-08,1,1.6964818,1.6340900659561157,1.6827472,1.1920929e-07,7,0.05868776887655258
sequential,ov,0.4,0.3,0.1,2,rrg,11,0.4,0.40873957,0.038094953,6,0.39999998,7.094371e-08,1,1.6566683,1.6454254388809204,1.582045,7.947286e-08,9,0.05123310536146164
sequential,ov,0.4,0.3,0.11,2,rrg,97,0.39999998,0.40875068,0.038143333,12,0.39999998,2.4333495e-08,1,1.6998273,1.64111328125,1.6927862,1.9868216e-08,18,0.05249236896634102
sequential,ov,0.4,0.3,0.12,2,rrg,67,0.40000007,0.40874892,0.038135536,6,0.4000001,1.154239e-07,1,1.6998215,1.6304422616958618,1.692791,9.934107e-08,9,0.06817658245563507
sequential,ov,0.4,0.3,0.13,2,rrg,94,0.39999995,0.4087518,0.038148064,20,0.39999998,3.847463e-08,1,1.7000834,1.608411431312561,1.6898557,3.973643e-08,17,0.08247892558574677
sequential,ov,0.4,0.3,0.14,2,rrg,36,0.39999998,0.40875226,0.03815021,14,0.4,1.7206379e-08,1,1.6575286,1.5861170291900635,1.5914856,3.973643e-08,16,0.11247710138559341
sequential,ov,0.4,0.3,0.15,2,rrg,82,0.40000004,0.4087522,0.038150147,5,0.39999995,3.847463e-08,1,1.6898963,1.5843586921691895,1.6767645,9.934107e-08,11,0.11980348825454712
sequential,ov,0.4,0.3,0.16,2,rrg,60,0.39999995,0.4175045,0.05251352,16,0.4,4.2146848e-08,1,1.6995493,1.6059749126434326,1.6914674,3.973643e-08,14,0.06916788220405579
sequential,ov,0.4,0.3,0.17,2,rrg,84,0.39999995,0.4,3.462717e-08,17,0.39999998,2.9802322e-08,1,1.6640059,1.6013857126235962,1.6069776,1.9868216e-08,19,0.09874697774648666
sequential,ov,0.4,0.3,0.18,2,rrg,83,0.39999995,0.4,7.330402e-08,11,0.59999996,0.28284273,1,1.4950997,1.572940468788147,1.0066928,0.2,7,0.1298218071460724
sequential,ov,0.4,0.3,0.19,2,rrg,6,0.4,0.40875226,0.038150184,5,0.7999451,0.28280386,1,1.382061,1.543125867843628,0.54760003,0.3999451,2,0.15650740265846252
sequential,ov,0.4,0.3,0.2,2,rrg,89,0.39999995,0.4087523,0.038150184,16,0.59999996,0.28284273,1,1.5108033,1.5718834400177002,1.0542992,0.20000005,5,0.11666662991046906
sequential,ov,0.4,0.3,0.21,2,rrg,65,0.4,0.40875226,0.038150202,4,0.59999996,0.28284273,1,1.5093879,1.569739580154419,1.0351667,0.2,4,0.11958281695842743
sequential,ov,0.4,0.3,0.22,2,rrg,70,0.39999998,0.4,4.161668e-08,9,0.59999996,0.28284273,1,1.5247482,1.5681928396224976,1.0905576,0.20000003,5,0.12999971210956573
sequential,ov,0.4,0.3,0.23,2,rrg,54,0.4,0.4,5.1187172e-08,7,0.4,6.438037e-08,1,1.6485661,1.5985299348831177,1.5776707,5.9604645e-08,10,0.09000003337860107
sequential,ov,0.4,0.3,0.24,2,rrg,18,0.4,0.4,4.7590493e-08,6,0.39999998,1.7206379e-08,1,1.6678568,1.5673363208770752,1.6170845,3.973643e-08,18,0.13870607316493988
sequential,ov,0.4,0.3,0.25,2,rrg,1,0.4,0.40875226,0.038150225,6,0.5999878,0.28282544,1,1.5264031,1.5402623414993286,1.0978545,0.19998784,11,0.16246172785758972
sequential,ov,0.4,0.3,0.26,2,rrg,24,0.39999995,0.40875226,0.03815018,11,0.5999878,0.28282547,1,1.526545,1.5362600088119507,1.0989517,0.19998784,12,0.1564878672361374
sequential,ov,0.4,0.3,0.27,2,rrg,79,0.40000004,0.40875226,0.038150173,4,0.575,0.24748732,1,1.5877277,1.5341230630874634,1.1903996,0.17499997,14,0.17124634981155396
sequential,ov,0.4,0.3,0.28,2,rrg,72,0.40000004,0.40875226,0.038150225,4,0.59999996,0.28284273,1,1.5281777,1.5539205074310303,1.1074287,0.20000003,7,0.14750154316425323
sequential,ov,0.4,0.3,0.29,2,rrg,48,0.39999998,0.4,5.997602e-08,8,0.5999878,0.2828255,1,1.5079787,1.5316921472549438,1.0395957,0.19998781,13,0.1696471869945526
sequential,ov,0.4,0.3,0.3,2,rrg,0,0.40000007,0.40875226,0.038150184,3,0.6,0.2828427,1,1.4933028,1.5146520137786865,0.9961056,0.19999999,11,0.18980561196804047
sequential,ov,0.4,0.3,0.31,2,rrg,78,0.40000004,0.4087523,0.03815022,7,0.4000001,3.4412757e-08,1,1.6219828,1.530051827430725,1.5097028,3.973643e-08,16,0.16246230900287628
sequential,ov,0.4,0.3,0.32,2,rrg,10,0.5750451,0.40875226,0.0381502,1,0.32501504,0.24067444,0,1.3252859,1.5012792348861694,0.96439105,0.25003007,4,0.2053748369216919
sequential,ov,0.4,0.3,0.33,2,rrg,71,0.39999998,0.40343362,0.06871489,11,0.79843754,0.28174436,1,1.3717339,1.5634156465530396,0.46706143,0.3984376,4,0.13889366388320923
sequential,ov,0.4,0.3,0.34,2,rrg,42,0.4000341,0.39798108,0.008811777,1,0.5994727,0.2832148,1,1.5110558,1.5304534435272217,1.0541645,0.20053726,5,0.18389573693275452
sequential,ov,0.4,0.3,0.35,2,rrg,73,0.39999995,0.42166728,0.080007635,14,0.4,2.4333495e-08,1,1.6282462,1.4609782695770264,1.5174003,5.9604645e-08,20,0.2575567364692688
sequential,ov,0.4,0.3,0.36,2,rrg,35,0.39999995,0.39729348,0.009567314,14,1.0,0.0,1,1.2602313,1.5052921772003174,9.881442e-19,0.6,1,0.22966906428337097
sequential,ov,0.4,0.3,0.37,2,rrg,8,0.4,0.39965692,0.0010642468,7,0.8,0.2828427,1,1.3698457,1.4718579053878784,0.49438146,0.4,4,0.2610458433628082
sequential,ov,0.4,0.3,0.38,2,rrg,92,0.39664808,0.39967173,0.0010461571,19,0.3854173,0.020824576,1,1.693344,1.502511739730835,1.6621052,0.015890002,18,0.20919577777385712
sequential,ov,0.4,0.3,0.39,2,rrg,75,0.4000001,0.40403873,0.018343236,5,0.6,0.2828427,1,1.509224,1.5041593313217163,1.0458065,0.2,14,0.22528687119483948
sequential,ov,0.4,0.3,0.4,2,rrg,19,0.40000004,0.38994148,0.043036576,4,0.77500004,0.26692688,0,1.4361564,1.486337423324585,0.6160381,0.375,8,0.27813833951950073
sequential,ov,0.4,0.3,0.41,2,rrg,22,0.4,0.39415818,0.04756148,11,0.8,0.28284267,1,1.3698461,1.5193555355072021,0.494396,0.4,6,0.24502810835838318
sequential,ov,0.4,0.3,0.42,2,rrg,59,0.40001175,0.3998107,0.02304321,3,0.40001717,2.4262587e-05,0,1.6448827,1.5268728733062744,1.5645876,2.1070242e-05,17,0.21327514946460724
sequential,ov,0.4,0.3,0.43,2,rrg,66,0.40000007,0.3735719,0.06408646,2,0.6000001,0.2828427,0,1.4823055,1.5471519231796265,0.95414543,0.19999997,17,0.28418460488319397
sequential,ov,0.4,0.3,0.44,2,rrg,30,0.4,0.3845492,0.044109754,2,1.0,0.0,0,1.2602313,1.5233114957809448,2.9385985e-10,0.6,1,0.24866993725299835
sequential,ov,0.4,0.3,0.45,2,rrg,13,0.40000004,0.35732612,0.07049065,2,0.799994,0.28283837,0,1.3703759,1.6301978826522827,0.49933597,0.3999939,4,0.23794105648994446
sequential,ov,0.4,0.3,0.46,2,rrg,31,0.25412712,0.37600625,0.06951474,19,0.46074048,0.41184375,0,1.7981106,1.5874760150909424,0.52317446,0.37568033,6,0.2818743586540222
sequential,ov,0.4,0.3,0.47,2,rrg,87,0.3999992,0.3925374,0.10779589,7,0.5999834,0.28285447,0,1.4935472,1.5255343914031982,0.9974451,0.20001686,17,0.29310065507888794
sequential,ov,0.4,0.3,0.48,2,rrg,12,0.5303236,0.39139846,0.068834074,1,0.4668764,0.41072088,0,1.3251051,1.5152066946029663,0.49714556,0.37656486,11,0.33008667826652527
sequential,ov,0.4,0.3,0.49,2,rrg,63,0.32850727,0.37207124,0.12161221,16,0.5166745,0.3543702,0,1.721991,1.6125586032867432,1.2131493,0.30032262,9,0.26067763566970825
sequential,ov,0.4,0.3,0.5,2,rrg,90,0.39896992,0.37352225,0.1148571,10,0.59621775,0.2855541,0,1.4890046,1.5932724475860596,0.9747288,0.20409508,14,0.2896503508090973
sequential,ov,0.4,0.3,0.51,2,rrg,41,0.399693,0.37689316,0.11905703,10,0.39800653,0.0028256795,0,1.6329376,1.6143862009048462,1.5288315,0.0021019082,19,0.26007431745529175
sequential,ov,0.4,0.3,0.52,2,rrg,43,0.22800784,0.35702455,0.09631486,16,0.11267588,0.15917054,0,2.0983706,1.6510854959487915,0.57142204,0.18851137,15,0.2956428527832031
sequential,ov,0.4,0.3,0.53,2,rrg,98,0.38444948,0.34623334,0.09668478,9,0.54814184,0.32071388,0,1.5854107,1.6637775897979736,1.2126348,0.24667466,16,0.3338952958583832
sequential,ov,0.4,0.3,0.54,2,rrg,17,0.39037055,0.32853815,0.09823934,10,0.3779758,0.028859776,0,1.6743861,1.6928017139434814,1.5999871,0.02307563,20,0.27904337644577026
sequential,ov,0.4,0.3,0.55,2,rrg,85,0.30320898,0.3453384,0.124887615,15,0.6666687,0.4714016,0,1.4920671,1.623516321182251,6.324801e-05,0.565595,2,0.34570521116256714
sequential,ov,0.4,0.3,0.56,2,rrg,91,0.1512082,0.3257105,0.10470818,18,0.19867933,0.18183486,0,2.132527,1.6979433298110962,1.2807916,0.14669798,17,0.2955530881881714
sequential,ov,0.4,0.3,0.57,2,rrg,49,0.5002607,0.32739145,0.11587018,1,0.6666667,0.47140452,0,1.279096,1.7065833806991577,1.1680434e-07,0.4999131,2,0.285686731338501
sequential,ov,0.4,0.3,0.58,2,rrg,51,0.4837911,0.37499046,0.09030053,2,0.33333334,0.4714045,0,1.5589857,1.5767953395843506,3.8661045e-25,0.49459705,2,0.30921971797943115
sequential,ov,0.4,0.3,0.59,2,rrg,88,0.34764168,0.3837816,0.16068844,15,0.5114091,0.34964392,0,1.70822,1.538381814956665,1.302318,0.2711381,13,0.3428700566291809
sequential,ov,0.4,0.3,0.6,2,rrg,3,0.41120458,0.3063705,0.098652534,2,0.20085903,0.15175632,0,1.7033806,1.7182031869888306,1.3110703,0.21034555,16,0.3637520968914032
sequential,ov,0.4,0.3,0.61,2,rrg,52,0.34608802,0.31702563,0.11325486,12,0.4736255,0.40994862,0,1.420608,1.6581666469573975,0.48489475,0.3582628,12,0.3636626601219177
sequential,ov,0.4,0.3,0.62,2,rrg,25,0.36286157,0.35429192,0.1806641,12,0.7383631,0.37001044,1,1.4838375,1.5963728427886963,0.6556308,0.47401634,4,0.33836546540260315
sequential,ov,0.4,0.3,0.63,2,rrg,53,0.3999993,0.3557249,0.18105507,7,0.800376,0.282311,0,1.3702991,1.5858843326568604,0.49939016,0.4003767,8,0.36496371030807495
sequential,ov,0.4,0.3,0.64,2,rrg,95,0.22739926,0.32438654,0.11223849,17,0.45606148,0.4129502,0,1.9101055,1.6549514532089233,0.53861654,0.38026175,9,0.35547780990600586
sequential,ov,0.4,0.3,0.65,2,rrg,46,0.36164257,0.3862355,0.1821461,15,0.36427274,0.04606434,0,1.7291152,1.5457329750061035,1.5894588,0.044306595,18,0.3096275329589844
sequential,ov,0.4,0.3,0.66,2,rrg,81,0.08352461,0.38426012,0.18202694,20,0.33333334,0.4714045,0,2.127153,1.5377824306488037,1.7662223e-12,0.36117485,9,0.3239695429801941
sequential,ov,0.4,0.3,0.67,2,rrg,4,0.114787824,0.3468453,0.12499452,20,0.33333346,0.47140443,0,2.1856875,1.6301567554473877,4.0591754e-06,0.37159583,9,0.3189414143562317
sequential,ov,0.4,0.3,0.68,2,rrg,99,0.2636615,0.39225376,0.17112039,16,0.6666667,0.47140452,0,1.6698332,1.4835718870162964,7.3875956e-24,0.5787795,4,0.3952576518058777
sequential,ov,0.4,0.3,0.69,2,rrg,28,0.1504038,0.38140276,0.17361143,20,0.37822604,0.44308516,0,2.1996229,1.5078810453414917,0.74439317,0.33857524,16,0.39230793714523315
sequential,ov,0.4,0.3,0.7,2,rrg,62,0.08769087,0.344312,0.115674876,20,0.08035924,0.10189427,0,2.1741447,1.5804133415222168,0.87307054,0.098288916,19,0.40314221382141113
sequential,ov,0.4,0.3,0.71,2,rrg,47,0.4620252,0.4043715,0.17325866,5,0.46666667,0.4109609,0,1.4057183,1.4280147552490234,0.45389304,0.35400844,15,0.376568078994751
sequential,ov,0.4,0.3,0.72,2,rrg,58,0.095724404,0.39137965,0.169525,20,0.33333334,0.4714045,0,2.2136106,1.4738621711730957,9.2464835e-15,0.36524144,12,0.36044710874557495
sequential,ov,0.4,0.3,0.73,2,rrg,96,0.40145144,0.37270567,0.17708993,5,0.7680171,0.3280733,0,1.3781891,1.479217767715454,0.53760445,0.431499,9,0.38772210478782654
sequential,ov,0.4,0.3,0.74,2,rrg,44,0.39680198,0.3814687,0.17118968,10,0.38453603,0.071922265,0,1.672198,1.4983201026916504,1.6012497,0.059369605,19,0.3630087971687317
sequential,ov,0.4,0.3,0.75,2,rrg,50,0.40000004,0.3731876,0.17404044,5,0.99999994,8.4293696e-08,0,1.2602316,1.4961984157562256,1.3480725e-06,0.5999999,2,0.3839056193828583
sequential,ov,0.4,0.3,0.76,2,rrg,29,0.3482346,0.3225058,0.11307878,10,0.5256202,0.34661394,0,1.661249,1.6366723775863647,1.1862583,0.2885439,17,0.40608057379722595
sequential,ov,0.4,0.3,0.77,2,rrg,38,0.032422736,0.34327266,0.19590576,20,0.12016135,0.13132776,0,2.142023,1.5504155158996582,0.8681741,0.109214686,20,0.4044639468193054
sequential,ov,0.4,0.3,0.78,2,rrg,20,0.39999995,0.33577132,0.1838232,7,0.80570287,0.2747777,0,1.3670348,1.562939167022705,0.4885881,0.40570283,12,0.4341878890991211
sequential,ov,0.4,0.3,0.79,2,rrg,34,0.3838412,0.34248793,0.19047962,8,0.49083614,0.40845397,0,1.4744041,1.553025484085083,0.46792364,0.36288908,15,0.44710153341293335
sequential,ov,0.4,0.3,0.8,2,rrg,2,0.13293837,0.34449524,0.19333264,19,0.06830756,0.09660148,0,1.5173392,1.5544776916503906,0.6693509,0.11262035,20,0.4593859612941742
sequential,ov,0.4,0.3,0.81,2,rrg,9,0.22994542,0.35281333,0.19939986,15,0.6666724,0.47139648,0,1.9079994,1.554682731628418,0.00020351331,0.5900125,4,0.4794963598251343
sequential,ov,0.4,0.3,0.82,2,rrg,68,0.36692762,0.35936385,0.2042314,8,0.33333334,0.4714045,0,1.610776,1.5334385633468628,1.6798685e-24,0.45564255,10,0.47360631823539734
sequential,ov,0.4,0.3,0.83,2,rrg,37,0.11537821,0.35891506,0.21037607,16,0.33333334,0.4714045,0,2.1234858,1.5285264253616333,1.499248e-08,0.37179276,14,0.4747014343738556
sequential,ov,0.4,0.3,0.84,2,rrg,39,0.21448939,0.37414056,0.2076054,14,0.30589363,0.21807222,0,1.7772264,1.4912745952606201,0.9755785,0.23439717,15,0.4811380207538605
sequential,ov,0.4,0.3,0.85,2,rrg,74,0.24704932,0.3721592,0.20779039,12,0.6666667,0.47140452,0,1.7673228,1.4984526634216309,6.915117e-13,0.5843169,5,0.5012030601501465
sequential,ov,0.4,0.3,0.86,2,rrg,76,0.2997556,0.3749325,0.21345772,9,0.3350273,0.47021124,0,1.7405685,1.488663673400879,0.04371347,0.4315579,11,0.49480077624320984
sequential,ov,0.4,0.3,0.87,2,rrg,45,0.53125,0.38040718,0.22051279,3,0.6666667,0.47140452,0,1.2408067,1.470047116279602,1.3249838e-36,0.48958334,8,0.4996761679649353
sequential,ov,0.4,0.3,0.88,2,rrg,15,0.19413894,0.3677673,0.22500691,11,1.1851329e-23,0.0,0,1.8166026,1.48943293094635,1.4854733e-21,0.19413894,12,0.5005100965499878
sequential,ov,0.4,0.3,0.89,2,rrg,16,0.33738905,0.38234732,0.228809,6,0.33333507,0.4714033,0,1.7244658,1.4647454023361206,9.314242e-05,0.44579458,9,0.5281605124473572
sequential,ov,0.4,0.3,0.9,2,rrg,80,0.24816288,0.38607025,0.23973994,8,0.6666667,0.47140452,0,1.7578173,1.4422826766967773,7.492189e-34,0.5839457,5,0.5364397764205933
sequential,ov,0.4,0.3,0.91,2,rrg,23,1.0,0.40113842,0.24812074,1,0.33333334,0.4714045,1,8.7589896e-08,1.408410668373108,5.130209e-15,0.6666667,1,0.5311955213546753
sequential,ov,0.4,0.3,0.92,2,rrg,93,0.4,0.32623827,0.13723178,2,1.0,0.0,0,1.2602313,1.5846755504608154,0.0,0.6,1,0.5142640471458435
sequential,ov,0.4,0.3,0.93,2,rrg,21,0.29425406,0.31563184,0.14369376,4,0.6666667,0.47140452,0,1.5394076,1.6313868761062622,9.302548e-26,0.568582,3,0.502015233039856
sequential,ov,0.4,0.3,0.94,2,rrg,55,0.33685428,0.3189141,0.15490451,3,0.33333334,0.4714045,0,1.5969491,1.6477036476135254,1.8824247e-19,0.44561806,4,0.49082720279693604
sequential,ov,0.4,0.3,0.95,2,rrg,56,0.4,0.3153228,0.16946594,2,1.0,0.0,0,1.2602313,1.6578747034072876,0.0,0.6,1,0.4998679757118225
sequential,ov,0.4,0.3,0.96,2,rrg,57,0.09403331,0.29415277,0.18346108,4,0.33333334,0.4714045,0,2.0457458,1.7572896480560303,1.0102021e-13,0.3646778,4,0.474834680557251
sequential,ov,0.4,0.3,0.97,2,rrg,26,0.2392975,0.36085925,0.16455474,3,0.6666667,0.47140452,0,1.8172597,1.661137580871582,1.9338602e-31,0.58690083,1,0.5115536451339722
sequential,ov,0.4,0.3,0.98,2,rrg,27,0.593496,0.42164013,0.1718559,1,0.33333334,0.4714045,0,1.2023711,1.5830765962600708,4.478397e-16,0.53116536,1,0.4738800525665283
sequential,ov,0.4,0.3,0.99,2,rrg,61,0.24978423,0.24978423,0.0,1,0.33333334,0.4714045,0,1.9637821,1.9637820720672607,4.710279e-22,0.41659474,1,0.4165947437286377
sequential,mov,0.4,0.3,0.0,2,rrg,57,0.39723024,0.3972302,2.9802322e-08,1,0.39723024,0.0,0,1.8001581,1.8001582622528076,1.8001581,0.0,1,0.0
sequential,mov,0.4,0.3,0.01,2,rrg,10,0.3999568,0.4001356,0.00056372304,7,0.39995673,8.4293696e-08,0,1.7077569,1.7075077295303345,1.7077488,5.9604645e-08,8,0.00046382550499401987
sequential,mov,0.4,0.3,0.02,2,rrg,2,0.3193289,0.39252624,0.025145229,19,0.2757522,0.19485047,0,1.8243408,1.7198148965835571,1.1398844,0.16918123,2,0.02478611096739769
sequential,mov,0.4,0.3,0.03,2,rrg,12,0.40038973,0.39896065,0.01328553,6,0.40131095,0.001564256,0,1.7038618,1.719184160232544,1.7087255,0.0011690557,12,0.015191294252872467
sequential,mov,0.4,0.3,0.04,2,rrg,9,0.40010864,0.38450372,0.044023197,7,0.40050235,0.00021673871,0,1.7038602,1.7332273721694946,1.7055794,0.00039370856,13,0.03134835511445999
sequential,mov,0.4,0.3,0.05,2,rrg,16,0.36562407,0.3608294,0.064560704,14,0.32862043,0.10213023,0,1.8460414,1.8088268041610718,1.8693129,0.08395473,6,0.06003087759017944
sequential,mov,0.4,0.3,0.06,2,rrg,59,0.40007874,0.3697776,0.08639731,9,0.40221205,0.0025140902,0,1.7009217,1.7643579244613647,1.6994995,0.0021333296,14,0.03488825634121895
sequential,mov,0.4,0.3,0.07,2,rrg,99,0.4090752,0.3400628,0.09496637,1,0.40303874,0.012636848,0,1.7006555,1.854447603225708,1.7329851,0.010738432,14,0.06116344779729843
sequential,mov,0.4,0.3,0.08,2,rrg,28,0.3583696,0.34643084,0.09694524,14,0.33340743,0.093105935,0,1.8562702,1.8483312129974365,1.8599548,0.07944969,6,0.06167531758546829
sequential,mov,0.4,0.3,0.09,2,rrg,80,0.46106297,0.33796805,0.08975986,1,0.39281452,0.036393967,0,1.6182241,1.8800039291381836,1.7047647,0.06824844,11,0.08714263141155243
sequential,mov,0.4,0.3,0.1,2,rrg,30,0.40937117,0.35793754,0.06768662,2,0.40694427,0.02713722,0,1.7037311,1.8473079204559326,1.7323542,0.0261314,14,0.0597429983317852
sequential,mov,0.4,0.3,0.11,2,rrg,53,0.3928653,0.36982867,0.08371976,12,0.37714574,0.024461795,0,1.760202,1.7923434972763062,1.8015579,0.020056337,16,0.06204729527235031
sequential,mov,0.4,0.3,0.12,2,rrg,47,0.38756517,0.3352988,0.117489666,10,0.36909118,0.03402918,0,1.785589,1.8689918518066406,1.8356323,0.026848445,16,0.10836634784936905
sequential,mov,0.4,0.3,0.13,2,rrg,31,0.27552336,0.3638652,0.10440304,17,0.2580776,0.1926538,0,1.9455847,1.8240001201629639,1.1578051,0.16623646,5,0.13024011254310608
sequential,mov,0.4,0.3,0.14,2,rrg,37,0.37830874,0.34652802,0.09371027,11,0.36229444,0.04251757,0,1.8031,1.865369439125061,1.8383728,0.034550607,14,0.09991921484470367
sequential,mov,0.4,0.3,0.15,2,rrg,48,0.51404357,0.3626905,0.09527858,2,0.19521487,0.16143467,1,1.5172477,1.8520517349243164,1.2502947,0.31882867,2,0.11720238626003265
sequential,mov,0.4,0.3,0.16,2,rrg,68,0.3862841,0.29739028,0.09763976,3,0.38790202,0.009448076,0,1.7822778,2.0026659965515137,1.8158685,0.008337895,20,0.10016902536153793
sequential,mov,0.4,0.3,0.17,2,rrg,61,0.5117578,0.39634702,0.14190756,4,0.21942942,0.16639146,0,1.4737886,1.779576063156128,1.162443,0.29232836,3,0.168942391872406
sequential,mov,0.4,0.3,0.18,2,rrg,21,0.38996467,0.31685883,0.12009995,9,0.39562905,0.12318445,0,1.7582328,1.9096676111221313,1.7445741,0.10542893,10,0.12362615019083023
sequential,mov,0.4,0.3,0.19,2,rrg,44,0.49536723,0.35008094,0.15272672,2,0.10414485,0.14662348,0,1.5468929,1.8016878366470337,0.680479,0.3912224,2,0.1498289555311203
sequential,mov,0.4,0.3,0.2,2,rrg,56,0.4068728,0.33723432,0.14523321,7,0.4165306,0.01761834,0,1.7087032,1.8745038509368896,1.7370573,0.019387066,20,0.1561516970396042
sequential,mov,0.4,0.3,0.21,2,rrg,69,0.51734126,0.40491223,0.17582151,5,0.23912589,0.17291203,1,1.4869999,1.7060067653656006,1.2053577,0.27821538,9,0.22022667527198792
sequential,mov,0.4,0.3,0.22,2,rrg,46,0.41519684,0.33702326,0.12103544,3,0.22505552,0.17686059,0,1.7128611,1.8609859943389893,1.2646673,0.20140569,6,0.15121912956237793
sequential,mov,0.4,0.3,0.23,2,rrg,90,0.5762873,0.33972472,0.13692413,2,0.27514145,0.19457445,0,1.3502704,1.8765499591827393,1.0883032,0.30114588,4,0.15357670187950134
sequential,mov,0.4,0.3,0.24,2,rrg,89,0.62102515,0.31231308,0.13473904,1,0.23490568,0.16721869,1,1.2976803,1.9191080331802368,1.1512893,0.38611948,1,0.16377779841423035
sequential,mov,0.4,0.3,0.25,2,rrg,93,0.4068209,0.34232688,0.173161,4,0.38895336,0.027367806,0,1.7286415,1.8173717260360718,1.7804995,0.031701267,19,0.14727960526943207
sequential,mov,0.4,0.3,0.26,2,rrg,45,0.38265234,0.3393246,0.16922292,10,0.3538262,0.039919287,0,1.797053,1.8272981643676758,1.8386463,0.039330494,18,0.16858245432376862
sequential,mov,0.4,0.3,0.27,2,rrg,65,0.5230188,0.2961473,0.120600864,1,0.26864138,0.19138859,1,1.4679459,1.9230406284332275,1.1454229,0.2543774,3,0.15935799479484558
sequential,mov,0.4,0.3,0.28,2,rrg,64,0.48104084,0.37442166,0.063949086,1,0.21872854,0.16584198,1,1.5580717,1.7880367040634155,1.2414088,0.26231232,5,0.1568021923303604
sequential,mov,0.4,0.3,0.29,2,rrg,88,0.35551414,0.34494823,0.14847738,12,0.25087333,0.11587914,0,1.9861108,1.8215535879135132,1.962855,0.1418607,10,0.16310526430606842
sequential,mov,0.4,0.3,0.3,2,rrg,63,0.32747796,0.29941946,0.16873597,8,0.18159942,0.15853608,0,1.8884102,1.8344404697418213,1.3238624,0.18507768,11,0.21866564452648163
sequential,mov,0.4,0.3,0.31,2,rrg,3,0.36899927,0.38128528,0.21121189,11,0.048840865,0.06888449,0,1.7503372,1.6773360967636108,0.768652,0.3201584,8,0.2759126126766205
sequential,mov,0.4,0.3,0.32,2,rrg,43,0.38501948,0.4069396,0.2397043,9,0.11488119,0.1622922,0,1.9594817,1.6592779159545898,0.64693344,0.2701383,9,0.25894051790237427
sequential,mov,0.4,0.3,0.33,2,rrg,85,0.39950576,0.3994372,0.2063532,6,0.5580929,0.32845372,0,1.5849707,1.6459213495254517,1.1914035,0.28279233,8,0.24128171801567078
sequential,mov,0.4,0.3,0.34,2,rrg,50,0.44104746,0.45467263,0.24856557,5,0.37691173,0.04299165,0,1.7147908,1.5019102096557617,1.8428974,0.06413571,18,0.26077190041542053
sequential,mov,0.4,0.3,0.35,2,rrg,33,0.18096527,0.34401068,0.19306456,17,0.20228486,0.17291461,0,2.189323,1.7794055938720703,1.3317233,0.14196311,14,0.23732538521289825
sequential,mov,0.4,0.3,0.36,2,rrg,51,0.35812986,0.3860674,0.25100788,11,0.1397669,0.18617484,0,1.8900542,1.6894142627716064,0.75680566,0.24820125,8,0.2588266432285309
sequential,mov,0.4,0.3,0.37,2,rrg,7,0.5652153,0.39545748,0.18494871,4,0.08821591,0.1246912,1,1.3908027,1.7099663019180298,0.6583509,0.47699937,2,0.25710824131965637
sequential,mov,0.4,0.3,0.38,2,rrg,4,0.10521159,0.37128997,0.22425924,19,0.10739418,0.1518783,0,2.199933,1.690142273902893,0.6111365,0.14246471,13,0.23124714195728302
sequential,mov,0.4,0.3,0.39,2,rrg,96,0.3403598,0.3009435,0.1490963,8,0.2544106,0.055385906,0,1.9607186,1.8897409439086914,1.9724464,0.085949205,15,0.2119559496641159
sequential,mov,0.4,0.3,0.4,2,rrg,11,0.548689,0.34178278,0.14664936,2,0.13423547,0.18983762,1,1.3460132,1.749452829360962,0.49789822,0.41445354,1,0.20830678939819336
sequential,mov,0.4,0.3,0.41,2,rrg,14,0.4278022,0.33818832,0.18500313,2,0.48288962,0.40896478,1,1.4224768,1.7314532995224,0.5425257,0.34028888,5,0.22216694056987762
sequential,mov,0.4,0.3,0.42,2,rrg,26,0.35982454,0.5042309,0.2858333,14,0.3590118,0.10742382,0,1.7819036,1.3464992046356201,1.7186953,0.09699789,17,0.31463736295700073
sequential,mov,0.4,0.3,0.43,2,rrg,0,0.4868626,0.37013152,0.22936347,4,0.3333383,0.471401,1,1.4701862,1.649166464805603,0.00016486018,0.49561587,3,0.3319340944290161
sequential,mov,0.4,0.3,0.44,2,rrg,25,0.57839835,0.3916821,0.2508241,5,0.41999426,0.3486695,1,1.2898594,1.5996068716049194,0.75663203,0.3443049,7,0.28143513202667236
sequential,mov,0.4,0.3,0.45,2,rrg,42,0.8009626,0.44115537,0.3314577,5,0.117630005,0.16635394,1,0.82149285,1.4564621448516846,0.59745866,0.6833326,2,0.3100031018257141
sequential,mov,0.4,0.3,0.46,2,rrg,84,0.59992456,0.42017403,0.26103437,5,0.11746541,0.16606192,1,1.2380315,1.5586802959442139,0.58975315,0.48245916,3,0.32889458537101746
sequential,mov,0.4,0.3,0.47,2,rrg,82,0.6871832,0.4499147,0.25057653,4,0.3562959,0.27519965,1,1.0860746,1.4926477670669556,0.8712587,0.3308873,7,0.3124893605709076
sequential,mov,0.4,0.3,0.48,2,rrg,17,0.3576705,0.3772822,0.19475834,11,0.18251431,0.25811422,0,1.7613544,1.675904631614685,0.50975525,0.30173782,10,0.24816906452178955
sequential,mov,0.4,0.3,0.49,2,rrg,49,0.5488299,0.32715517,0.20029661,2,0.41833648,0.42284092,0,1.3335134,1.7648403644561768,0.63244385,0.42964387,2,0.23227408528327942
sequential,mov,0.4,0.3,0.5,2,rrg,52,0.37371147,0.41075793,0.2778191,11,0.28374824,0.10408169,0,1.9050531,1.5363190174102783,1.8801192,0.089963235,16,0.2349775731563568
sequential,mov,0.4,0.3,0.51,2,rrg,23,0.99999785,0.45088997,0.26114193,2,0.044801537,0.06335895,1,3.3760072e-05,1.4651044607162476,0.7121413,0.9551963,1,0.33154281973838806
sequential,mov,0.4,0.3,0.52,2,rrg,35,0.3984646,0.31309107,0.21938808,5,0.794697,0.29034227,1,1.3870107,1.7759987115859985,0.5512948,0.4058148,4,0.22717103362083435
sequential,mov,0.4,0.3,0.53,2,rrg,66,0.6714592,0.28526866,0.1550262,1,0.18184431,0.2571667,0,1.1063664,1.8567451238632202,0.33401474,0.48961487,1,0.2215484380722046
sequential,mov,0.4,0.3,0.54,2,rrg,20,0.39446396,0.3265822,0.20243688,6,0.35365012,0.0976211,0,1.7513576,1.7549419403076172,1.699452,0.07642275,19,0.24178838729858398
sequential,mov,0.4,0.3,0.55,2,rrg,34,0.43844083,0.32470292,0.21352902,4,0.31882653,0.26765564,0,1.5461206,1.7344850301742554,1.0140448,0.26394555,11,0.2583824098110199
sequential,mov,0.4,0.3,0.56,2,rrg,94,0.32866153,0.34140903,0.23408763,10,0.18701597,0.16825233,1,1.857701,1.6883538961410522,1.2705113,0.19449054,13,0.27386608719825745
sequential,mov,0.4,0.3,0.57,2,rrg,95,0.035625618,0.36405715,0.24620849,20,0.044783596,0.06333357,0,1.99273,1.622056245803833,0.71220464,0.056658804,20,0.31438493728637695
sequential,mov,0.4,0.3,0.58,2,rrg,73,0.37491816,0.40652084,0.2372388,11,0.09014433,0.12748332,1,1.6424365,1.531036615371704,0.63277465,0.28477383,15,0.33564677834510803
sequential,mov,0.4,0.3,0.59,2,rrg,38,0.072896264,0.40593916,0.2740283,19,0.07629046,0.059716225,0,2.2710342,1.5335872173309326,1.4982653,0.051991705,20,0.27883216738700867
sequential,mov,0.4,0.3,0.6,2,rrg,13,0.36782038,0.436232,0.27030885,10,0.32268322,0.030975541,0,1.8013238,1.4420382976531982,1.8234326,0.04513718,20,0.32636311650276184
sequential,mov,0.4,0.3,0.61,2,rrg,60,0.53520036,0.37896973,0.22255434,4,0.2672399,0.19368988,1,1.4402262,1.5734138488769531,1.0674404,0.26796046,16,0.32852450013160706
sequential,mov,0.4,0.3,0.62,2,rrg,8,0.34647077,0.46037728,0.2848327,13,0.6475715,0.45849895,1,1.491875,1.3504067659378052,0.103943326,0.5320812,3,0.37935882806777954
sequential,mov,0.4,0.3,0.63,2,rrg,54,0.27321061,0.40705976,0.287803,11,4.209429e-11,5.952764e-11,1,1.5817583,1.5217312574386597,1.962262e-09,0.27321061,13,0.33915796875953674
sequential,mov,0.4,0.3,0.64,2,rrg,5,0.39375725,0.42811304,0.28457195,9,0.41742077,0.42462373,1,1.5224919,1.4481348991394043,0.6535577,0.3804983,10,0.3277263045310974
sequential,mov,0.4,0.3,0.65,2,rrg,76,0.47078833,0.41230488,0.29856303,8,0.34948167,0.46009257,0,1.5301872,1.53040611743927,0.7122977,0.4738069,3,0.31918030977249146
sequential,mov,0.4,0.3,0.66,2,rrg,36,0.38521096,0.39904732,0.25820538,9,0.5693638,0.3066862,1,1.5392075,1.5259042978286743,1.0573182,0.23473608,15,0.340737521648407
sequential,mov,0.4,0.3,0.67,2,rrg,40,0.25346544,0.382101,0.28402278,10,0.33333334,0.4714045,1,1.7467954,1.5144102573394775,0.0,0.4178218,8,0.3217998743057251
sequential,mov,0.4,0.3,0.68,2,rrg,72,0.32101935,0.43057886,0.29964277,11,0.70350856,0.41254672,1,1.6317227,1.4154064655303955,0.7892167,0.5164316,4,0.3517666161060333
sequential,mov,0.4,0.3,0.69,2,rrg,92,0.85802436,0.49697047,0.34473413,5,0.5981503,0.43120024,1,0.5868337,1.2067878246307373,0.2602996,0.35452446,11,0.34288740158081055
sequential,mov,0.4,0.3,0.7,2,rrg,18,0.999998,0.4223053,0.2855332,2,0.66666657,0.47140443,1,3.0434583e-05,1.428154706954956,1.8709603e-06,0.33333388,13,0.3557192385196686
sequential,mov,0.4,0.3,0.71,2,rrg,29,0.08478749,0.3754918,0.29556352,18,0.0797519,0.11278623,0,1.7821279,1.486114263534546,0.61296165,0.108014405,18,0.33907434344291687
sequential,mov,0.4,0.3,0.72,2,rrg,83,0.55007416,0.47483283,0.29315078,8,0.20673694,0.2923702,1,1.3796494,1.365752935409546,0.3070886,0.390095,12,0.39495521783828735
sequential,mov,0.4,0.3,0.73,2,rrg,27,0.7944599,0.324233,0.23739928,2,0.33331022,0.47137186,0,0.7744025,1.5918395519256592,0.00027342507,0.59813017,2,0.3457026779651642
sequential,mov,0.4,0.3,0.74,2,rrg,81,0.22760686,0.3979913,0.30661684,11,0.21850361,0.17266855,0,2.0634632,1.5439764261245728,1.2098627,0.14263466,17,0.3254091143608093
sequential,mov,0.4,0.3,0.75,2,rrg,55,0.37308782,0.38991642,0.28820577,8,0.33333334,0.4714045,0,1.5405322,1.380077600479126,7.756443e-17,0.45769596,7,0.38565945625305176
sequential,mov,0.4,0.3,0.76,2,rrg,22,0.68737155,0.39371637,0.34006208,5,0.40464744,0.42994118,1,1.0859883,1.3860191106796265,0.70098656,0.49114123,5,0.3580355644226074
sequential,mov,0.4,0.3,0.77,2,rrg,58,0.15153946,0.34957808,0.29714823,16,0.40755352,0.42867163,0,2.2583737,1.4681462049484253,0.66642267,0.35704038,10,0.3605661392211914
sequential,mov,0.4,0.3,0.78,2,rrg,70,0.47268954,0.40168053,0.32653418,6,0.38193622,0.44107231,1,1.5310409,1.2890651226043701,0.7403786,0.4422936,6,0.3796895742416382
sequential,mov,0.4,0.3,0.79,2,rrg,91,0.21536592,0.39648443,0.32211268,13,0.001323556,0.0018717906,0,1.843848,1.4124103784561157,0.05281132,0.21404237,16,0.38664278388023376
sequential,mov,0.4,0.3,0.8,2,rrg,1,0.34654832,0.3879841,0.3294533,8,0.33333373,0.47140422,1,1.4732339,1.323981761932373,2.2914799e-05,0.44884905,5,0.3786371350288391
sequential,mov,0.4,0.3,0.81,2,rrg,6,0.39999998,0.38981378,0.337332,6,1.0,0.0,1,1.2602313,1.316339135169983,1.4414356e-12,0.6,3,0.3741898536682129
sequential,mov,0.4,0.3,0.82,2,rrg,32,0.11893178,0.38648283,0.34576115,15,0.33333334,0.4714045,1,2.1233737,1.3245487213134766,1.275299e-09,0.37297726,8,0.35874804854393005
sequential,mov,0.4,0.3,0.83,2,rrg,97,0.21953316,0.39831004,0.34920603,10,0.38637602,0.438733,1,2.0343835,1.2845878601074219,0.7266963,0.35346738,7,0.3552931249141693
sequential,mov,0.4,0.3,0.84,2,rrg,98,0.16928887,0.40825704,0.35660094,12,0.32051513,0.41766134,0,2.1512733,1.2406293153762817,0.83681196,0.34287453,7,0.3694835603237152
sequential,mov,0.4,0.3,0.85,2,rrg,67,0.99999905,0.42150122,0.36490288,3,5.0828156e-28,0.0,1,1.7840332e-05,1.1602064371109009,4.7557614e-26,0.99999905,1,0.3674198091030121
sequential,mov,0.4,0.3,0.86,2,rrg,39,0.026988275,0.37959582,0.3426797,13,1.3043761e-19,1.8446658e-19,0,0.12412362,1.2282613515853882,1.5347532e-17,0.026988275,13,0.32189565896987915
sequential,mov,0.4,0.3,0.87,2,rrg,71,0.34626028,0.4065211,0.34104362,5,0.48209453,0.40903288,1,1.6760765,1.3049622774124146,0.5214293,0.36667442,5,0.34445592761039734
sequential,mov,0.4,0.3,0.88,2,rrg,41,0.10582462,0.40625057,0.35450095,11,1.3655875e-35,0.0,0,1.5637336,1.2623825073242188,1.7666157e-33,0.10582462,11,0.3505098819732666
sequential,mov,0.4,0.3,0.89,2,rrg,74,0.24790269,0.43291932,0.35811886,7,0.6666667,0.47140452,0,1.7600644,1.2313977479934692,3.9526594e-26,0.5840325,2,0.3752763867378235
sequential,mov,0.4,0.3,0.9,2,rrg,75,0.16451147,0.4512797,0.37062725,9,0.39224145,0.43576422,1,2.177139,1.1780164241790771,0.68735975,0.33740428,5,0.3547196090221405
sequential,mov,0.4,0.3,0.91,2,rrg,77,0.30956674,0.48682642,0.37459993,5,0.33333334,0.4714045,1,1.0865192,1.0554298162460327,1.9627907e-16,0.43652225,4,0.37800920009613037
sequential,mov,0.4,0.3,0.92,2,rrg,78,0.37596604,0.5118183,0.3896266,4,0.33331552,0.47137937,1,1.4523352,1.0382122993469238,0.00022073668,0.45863757,3,0.3758353590965271
sequential,mov,0.4,0.3,0.93,2,rrg,79,1.0,0.53258455,0.41192564,1,0.6666667,0.47140452,1,9.9999083e-14,0.9712172746658325,1.1962768e-13,0.33333334,4,0.3655391037464142
sequential,mov,0.4,0.3,0.94,2,rrg,15,0.21387066,0.4550328,0.39412323,5,0.0,0.0,0,1.7970501,1.1309069395065308,0.0,0.21387066,5,0.37118884921073914
sequential,mov,0.4,0.3,0.95,2,rrg,19,0.24660213,0.5037161,0.4149807,4,0.6663632,0.47119007,0,1.7702358,0.9947935342788696,0.0030568705,0.5841625,2,0.4029250144958496
sequential,mov,0.4,0.3,0.96,2,rrg,24,1.0,0.56799453,0.44113785,1,0.6666667,0.47140452,1,2.6800337e-20,0.8009325265884399,7.568504e-09,0.33333334,3,0.3576156198978424
sequential,mov,0.4,0.3,0.97,2,rrg,86,1.0,0.42399266,0.42014766,1,0.33333334,0.4714045,1,6.0203786e-11,1.067910075187683,5.391058e-32,0.6666667,1,0.36570969223976135
sequential,mov,0.4,0.3,0.98,2,rrg,62,0.009704629,0.13598898,0.12628436,2,5.29217e-12,7.484259e-12,0,1.3380165,1.6018650531768799,7.379691e-10,0.009704629,2,0.21523119509220123
sequential,mov,0.4,0.3,0.99,2,rrg,87,0.262278,0.262278,0.0,1,0.33333334,0.4714045,0,1.8656722,1.86567223072052,0.0,0.42075935,1,0.4207593500614166
sequential,c_mov,0.4,0.3,0.0,2,rrg,19,0.39723024,0.3972302,2.9802322e-08,1,0.39723024,0.0,0,1.8001581,1.8001582622528076,1.8001581,0.0,1,0.0
sequential,c_mov,0.4,0.3,0.01,2,rrg,13,0.39995667,0.39995676,6.989264e-08,16,0.3999567,2.4333495e-08,0,1.7046357,1.7057790756225586,1.6966068,4.9670536e-08,13,0.002885176334530115
sequential,c_mov,0.4,0.3,0.02,2,rrg,27,0.39999738,0.41708398,0.051276118,3,0.39999735,2.4333495e-08,0,1.7039167,1.6653913259506226,1.7037773,9.934108e-09,20,0.03857686370611191
sequential,c_mov,0.4,0.3,0.03,2,rrg,31,0.39999995,0.40875182,0.038148746,3,0.39999983,5.441135e-08,0,1.703444,1.6788438558578491,1.703091,1.390775e-07,6,0.026144344359636307
sequential,c_mov,0.4,0.3,0.04,2,rrg,33,0.39999998,0.43413377,0.068289585,16,0.39999995,0.0,0,1.7034546,1.6268513202667236,1.7030296,2.9802322e-08,14,0.07157287001609802
sequential,c_mov,0.4,0.3,0.05,2,rrg,2,0.40000004,0.41747904,0.052437197,5,0.4,4.2146848e-08,0,1.7020526,1.6558220386505127,1.6985817,4.9670536e-08,13,0.04155946895480156
sequential,c_mov,0.4,0.3,0.06,2,rrg,71,0.4,0.42314607,0.06398749,15,0.40000382,4.670573e-06,1,1.6947093,1.6452823877334595,1.6834034,3.8146973e-06,16,0.06587018072605133
sequential,c_mov,0.4,0.3,0.07,2,rrg,26,0.4001351,0.42604178,0.06255263,5,0.39969084,0.00044951387,0,1.692878,1.626267433166504,1.6649075,0.0004442831,16,0.08085592836141586
sequential,c_mov,0.4,0.3,0.08,2,rrg,9,0.40002972,0.4129673,0.09364306,11,0.40011314,0.00016008076,0,1.7031908,1.6458232402801514,1.7021204,0.0001231134,19,0.10890189558267593
sequential,c_mov,0.4,0.3,0.09,2,rrg,42,0.40090004,0.42164755,0.065252185,5,0.39758393,0.003732967,1,1.7054062,1.651837706565857,1.7187077,0.0033161044,16,0.07582491636276245
sequential,c_mov,0.4,0.3,0.1,2,rrg,63,0.40003565,0.41525143,0.07892261,11,0.40012923,0.00018279089,0,1.6951704,1.6398155689239502,1.6858793,0.00014113386,18,0.10757304728031158
sequential,c_mov,0.4,0.3,0.11,2,rrg,72,0.40003815,0.4372793,0.09069077,11,0.5985871,0.2805659,1,1.5423825,1.5917840003967285,1.1285373,0.19857438,9,0.1604650765657425
sequential,c_mov,0.4,0.3,0.12,2,rrg,4,0.39999998,0.42022452,0.06623919,12,0.40003136,2.7110718e-05,0,1.6873252,1.6429498195648193,1.6596136,3.139178e-05,19,0.09108239412307739
sequential,c_mov,0.4,0.3,0.13,2,rrg,48,0.40027454,0.43143648,0.0879979,9,0.45781612,0.081729226,1,1.6593986,1.6012418270111084,1.581881,0.05787452,17,0.13468974828720093
sequential,c_mov,0.4,0.3,0.14,2,rrg,82,0.39999995,0.4331402,0.102221176,10,0.40000972,1.37189345e-05,1,1.68812,1.620300054550171,1.6651734,9.775162e-06,20,0.13562807440757751
sequential,c_mov,0.4,0.3,0.15,2,rrg,54,0.4,0.39953795,0.07207483,11,0.45852247,0.082492284,1,1.6498301,1.6780887842178345,1.539337,0.05852248,14,0.10305644571781158
sequential,c_mov,0.4,0.3,0.16,2,rrg,14,0.40073058,0.4594423,0.09987707,12,0.40057865,0.0017307006,1,1.68636,1.548238754272461,1.668187,0.0014436444,20,0.1560492217540741
sequential,c_mov,0.4,0.3,0.17,2,rrg,78,0.40036714,0.4069758,0.09071174,9,0.5995704,0.28314865,1,1.5244613,1.6067454814910889,1.0634,0.20077975,6,0.1521330028772354
sequential,c_mov,0.4,0.3,0.18,2,rrg,60,0.4,0.4327835,0.0886079,13,0.516854,0.08262831,1,1.5928633,1.5464130640029907,1.4110155,0.116854034,14,0.18222130835056305
sequential,c_mov,0.4,0.3,0.19,2,rrg,7,0.40014067,0.44207224,0.09321613,14,0.40051082,0.00047991326,1,1.6803559,1.556504726409912,1.6544999,0.00046396255,20,0.16643843054771423
sequential,c_mov,0.4,0.3,0.2,2,rrg,65,0.40081143,0.41474253,0.09119601,8,0.6602338,0.24987334,1,1.487671,1.5937200784683228,1.002605,0.2594223,4,0.17910023033618927
sequential,c_mov,0.4,0.3,0.21,2,rrg,67,0.40112668,0.4643507,0.09088764,10,0.44146267,0.09447354,1,1.6790545,1.5339276790618896,1.6303374,0.07505714,13,0.17835155129432678
sequential,c_mov,0.4,0.3,0.22,2,rrg,97,0.39809343,0.4864158,0.08896265,17,0.5039807,0.10093696,1,1.6299733,1.4641295671463013,1.4924644,0.13046002,16,0.2163453996181488
sequential,c_mov,0.4,0.3,0.23,2,rrg,5,0.40216178,0.44216552,0.092488095,9,0.654105,0.25639012,1,1.4895964,1.5394943952560425,1.0077494,0.26207158,4,0.18868818879127502
sequential,c_mov,0.4,0.3,0.24,2,rrg,1,0.40258873,0.46337262,0.09195903,10,0.39526072,0.0060774675,1,1.6677444,1.520789623260498,1.6273934,0.0073280134,19,0.1881704181432724
sequential,c_mov,0.4,0.3,0.25,2,rrg,69,0.4,0.458043,0.115731016,11,0.4583224,0.08248038,1,1.6215038,1.4690158367156982,1.493658,0.05832245,20,0.2748405337333679
sequential,c_mov,0.4,0.3,0.26,2,rrg,68,0.40027115,0.44912085,0.10095272,12,0.5992821,0.28335178,0,1.5098065,1.4851430654525757,1.0476485,0.20080829,14,0.24923889338970184
sequential,c_mov,0.4,0.3,0.27,2,rrg,24,0.57501996,0.46211043,0.12541483,5,0.5250126,0.40977782,1,1.2438585,1.4851939678192139,0.43181923,0.3333393,7,0.270734041929245
sequential,c_mov,0.4,0.3,0.28,2,rrg,79,0.57503873,0.4300534,0.121198505,5,0.49832845,0.37948173,1,1.2834486,1.5552732944488525,0.5428238,0.30668905,5,0.21656224131584167
sequential,c_mov,0.4,0.3,0.29,2,rrg,50,0.40000004,0.432494,0.10362702,12,0.7168296,0.2002318,0,1.4435794,1.5282648801803589,0.8607445,0.31682953,6,0.2217363566160202
sequential,c_mov,0.4,0.3,0.3,2,rrg,90,0.4960847,0.44408187,0.09470004,7,0.46673378,0.4108847,0,1.3635014,1.516137719154358,0.45337746,0.36529443,4,0.2227814644575119
sequential,c_mov,0.4,0.3,0.31,2,rrg,49,0.46987593,0.44481754,0.09940633,8,0.6837435,0.4472543,0,1.3052673,1.5035659074783325,0.1255434,0.4929646,1,0.2437584102153778
sequential,c_mov,0.4,0.3,0.32,2,rrg,22,0.57498235,0.43422037,0.11745608,5,0.6666186,0.47137055,1,1.1806161,1.4926639795303345,0.00054174854,0.4749578,2,0.3007132411003113
sequential,c_mov,0.4,0.3,0.33,2,rrg,94,0.57528514,0.4345902,0.096104376,3,0.29958132,0.21538866,1,1.3445053,1.562461256980896,1.0281264,0.27570382,5,0.1804322749376297
sequential,c_mov,0.4,0.3,0.34,2,rrg,3,0.49686873,0.40981364,0.08492272,4,0.26677707,0.18863991,0,1.4648229,1.5700657367706299,1.043733,0.23009168,11,0.19361256062984467
sequential,c_mov,0.4,0.3,0.35,2,rrg,70,0.4980797,0.42371216,0.083708026,6,0.50432116,0.40829402,1,1.3665183,1.5433093309402466,0.47870293,0.33829463,4,0.2381012737751007
sequential,c_mov,0.4,0.3,0.36,2,rrg,95,0.4,0.42063966,0.09804064,10,0.45857134,0.08260424,0,1.6370941,1.5479307174682617,1.5304064,0.05857138,18,0.23870734870433807
sequential,c_mov,0.4,0.3,0.37,2,rrg,75,0.49759334,0.4253169,0.11729209,6,0.49957788,0.4056753,1,1.3815205,1.5325284004211426,0.50665325,0.33371344,5,0.258060097694397
sequential,c_mov,0.4,0.3,0.38,2,rrg,37,0.29618046,0.43987483,0.10490052,19,0.46743083,0.41079438,0,1.6953464,1.5125877857208252,0.5692491,0.3686141,4,0.24093453586101532
sequential,c_mov,0.4,0.3,0.39,2,rrg,62,0.20982322,0.46368176,0.12899615,20,0.24212177,0.17120603,0,1.9767153,1.4900034666061401,1.0686096,0.1721807,17,0.2659381926059723
sequential,c_mov,0.4,0.3,0.4,2,rrg,46,0.40392792,0.41362652,0.07526111,5,0.39726838,0.009883459,0,1.6465764,1.5640803575515747,1.5867163,0.008508553,20,0.19952645897865295
sequential,c_mov,0.4,0.3,0.41,2,rrg,15,0.34714624,0.41578192,0.11416564,17,0.30527794,0.22217695,0,1.7740357,1.54389488697052,1.1453861,0.19068497,14,0.2759104371070862
sequential,c_mov,0.4,0.3,0.42,2,rrg,74,0.4005058,0.37526396,0.10198243,6,0.62111497,0.26905882,0,1.5000954,1.6572601795196533,1.0217782,0.22060914,12,0.23614108562469482
sequential,c_mov,0.4,0.3,0.43,2,rrg,93,0.40405887,0.40537468,0.122844905,8,0.5980031,0.2843079,0,1.5264162,1.5764350891113281,1.122844,0.20334987,12,0.2557566165924072
sequential,c_mov,0.4,0.3,0.44,2,rrg,11,0.54598004,0.43332148,0.1146853,4,0.2671194,0.18888275,1,1.370985,1.5128101110458374,0.9882121,0.27886066,8,0.27589449286460876
sequential,c_mov,0.4,0.3,0.45,2,rrg,53,0.4001828,0.4646058,0.12414306,13,0.79268056,0.29319394,0,1.387736,1.4603973627090454,0.5718398,0.40725848,6,0.3149762749671936
sequential,c_mov,0.4,0.3,0.46,2,rrg,61,0.40894195,0.4297135,0.11184476,7,0.22496043,0.1491535,0,1.6599311,1.5062910318374634,1.2672731,0.18398154,15,0.29649609327316284
sequential,c_mov,0.4,0.3,0.47,2,rrg,44,0.4104128,0.45176306,0.11587674,9,0.12627552,0.16993119,0,1.7370323,1.4849088191986084,0.6633084,0.28413728,11,0.300029993057251
sequential,c_mov,0.4,0.3,0.48,2,rrg,56,0.40439028,0.40410596,0.086069666,5,0.59148574,0.28886598,0,1.5189937,1.534482717514038,1.1054406,0.2099777,14,0.2935355603694916
sequential,c_mov,0.4,0.3,0.49,2,rrg,45,0.49719074,0.4518489,0.16375844,8,0.4666668,0.4109609,0,1.3639691,1.4567854404449463,0.45710897,0.36573014,8,0.31665271520614624
sequential,c_mov,0.4,0.3,0.5,2,rrg,43,0.4966745,0.45445886,0.14151874,9,0.2967094,0.22124264,0,1.4683957,1.4861533641815186,1.010528,0.22288811,16,0.3321271240711212
sequential,c_mov,0.4,0.3,0.51,2,rrg,8,0.34730104,0.43085614,0.11710605,17,0.66714305,0.46909946,1,1.4174368,1.5191386938095093,0.021091694,0.54888433,1,0.34008675813674927
sequential,c_mov,0.4,0.3,0.52,2,rrg,98,0.18685637,0.42012295,0.1980036,19,0.40027,0.43192452,0,2.0710785,1.5251625776290894,0.67076635,0.33798453,11,0.3047792613506317
sequential,c_mov,0.4,0.3,0.53,2,rrg,80,0.40053955,0.44658476,0.15882991,12,0.7908729,0.29575047,0,1.3839431,1.5228852033615112,0.5708054,0.40894732,6,0.32083457708358765
sequential,c_mov,0.4,0.3,0.54,2,rrg,12,0.66964906,0.44328365,0.1938097,2,0.18685739,0.26425624,0,1.0892391,1.4846370220184326,0.44143543,0.48279166,1,0.30980849266052246
sequential,c_mov,0.4,0.3,0.55,2,rrg,87,0.51669407,0.43235093,0.18855174,5,0.407084,0.4288746,0,1.4019537,1.515018343925476,0.64383036,0.43181404,4,0.3177582323551178
sequential,c_mov,0.4,0.3,0.56,2,rrg,77,0.39216575,0.43500796,0.18108429,14,0.3827852,0.12223527,1,1.7534852,1.4935497045516968,1.7090131,0.100359045,20,0.31564491987228394
sequential,c_mov,0.4,0.3,0.57,2,rrg,47,0.4367161,0.4371934,0.19072826,9,0.33333334,0.4714045,0,1.4659467,1.4888916015625,1.4775456e-14,0.47890535,2,0.3075283169746399
sequential,c_mov,0.4,0.3,0.58,2,rrg,0,0.25572535,0.37673238,0.13671182,17,0.29108563,0.21004148,1,1.8911662,1.6039230823516846,1.0424881,0.20584385,18,0.3147810101509094
sequential,c_mov,0.4,0.3,0.59,2,rrg,73,0.39422405,0.45571232,0.20083962,12,0.139005,0.19658278,1,1.6398883,1.4535068273544312,0.56722397,0.270413,15,0.3199533224105835
sequential,c_mov,0.4,0.3,0.6,2,rrg,85,0.38345736,0.42815763,0.16324295,12,0.36189643,0.11349551,0,1.7278033,1.5278594493865967,1.6465584,0.09815077,20,0.34618881344795227
sequential,c_mov,0.4,0.3,0.61,2,rrg,52,0.37488827,0.42391768,0.2049022,11,0.5777321,0.3304129,0,1.5899302,1.4953491687774658,1.1078839,0.3320759,12,0.3359695374965668
sequential,c_mov,0.4,0.3,0.62,2,rrg,64,0.40472248,0.3685806,0.20412385,5,0.33511877,0.4699457,1,1.4742665,1.5789434909820557,0.030773384,0.46626496,2,0.3185427784919739
sequential,c_mov,0.4,0.3,0.63,2,rrg,41,0.13853334,0.49208164,0.20556545,20,0.003985446,0.004659255,0,1.6893315,1.3331518173217773,0.056892585,0.13454789,20,0.3608309030532837
sequential,c_mov,0.4,0.3,0.64,2,rrg,38,0.13771945,0.44023794,0.20353568,20,0.16460013,0.13059074,0,2.2447488,1.4743945598602295,1.2990171,0.11869365,20,0.33388257026672363
sequential,c_mov,0.4,0.3,0.65,2,rrg,59,0.3058076,0.3893454,0.164569,15,0.12237886,0.17306985,0,1.8128622,1.556314468383789,0.5290992,0.22431473,18,0.3484158515930176
sequential,c_mov,0.4,0.3,0.66,2,rrg,99,0.40000015,0.37109032,0.19135816,9,0.84375,0.2209709,0,1.3497453,1.622444748878479,0.43819603,0.44374982,4,0.3584628701210022
sequential,c_mov,0.4,0.3,0.67,2,rrg,91,0.4971411,0.4281084,0.24740197,9,0.17699666,0.13602524,0,1.5629491,1.501382827758789,1.305869,0.32014444,15,0.36959728598594666
sequential,c_mov,0.4,0.3,0.68,2,rrg,32,0.32308945,0.40472612,0.19861573,13,0.49187064,0.3814056,1,1.7003921,1.5622270107269287,1.1258993,0.33011165,14,0.3498343825340271
sequential,c_mov,0.4,0.3,0.69,2,rrg,66,0.4852221,0.43954068,0.23793335,8,0.3334684,0.47130904,0,1.4163448,1.477297067642212,0.0026311073,0.49493894,4,0.3684914708137512
sequential,c_mov,0.4,0.3,0.7,2,rrg,25,0.64917195,0.4736929,0.24003942,5,0.34876987,0.2663299,1,1.1675955,1.403683066368103,0.88176996,0.30040208,17,0.3860301971435547
sequential,c_mov,0.4,0.3,0.71,2,rrg,83,0.27702913,0.36199582,0.2380722,12,0.33333334,0.4714045,1,1.695861,1.5653624534606934,8.985184e-10,0.42567638,5,0.3665357232093811
sequential,c_mov,0.4,0.3,0.72,2,rrg,6,0.40000004,0.3861416,0.23602687,9,0.79634565,0.28029436,1,1.3723112,1.5062780380249023,0.5165291,0.3963456,10,0.3901389241218567
sequential,c_mov,0.4,0.3,0.73,2,rrg,51,0.5860629,0.46485695,0.22676165,7,0.560019,0.4169787,0,1.2080435,1.421539068222046,0.36346832,0.3646647,12,0.3859768807888031
sequential,c_mov,0.4,0.3,0.74,2,rrg,58,0.08231553,0.4333406,0.24079555,19,0.3333335,0.4714044,0,2.2245934,1.4434070587158203,5.4577504e-06,0.36077166,16,0.4268491268157959
sequential,c_mov,0.4,0.3,0.75,2,rrg,34,0.55839384,0.4159113,0.23075508,6,0.33333334,0.4714045,0,1.2864897,1.4815332889556885,3.3306532e-12,0.5194646,3,0.39291656017303467
sequential,c_mov,0.4,0.3,0.76,2,rrg,40,0.24381733,0.41980457,0.24346909,14,0.24101056,0.18314852,1,1.9166919,1.477063536643982,1.083196,0.15973812,19,0.4017704427242279
sequential,c_mov,0.4,0.3,0.77,2,rrg,23,0.6688758,0.4250044,0.25516528,5,0.16237079,0.22962698,1,1.1084758,1.4549925327301025,0.5329736,0.506505,4,0.4099774956703186
sequential,c_mov,0.4,0.3,0.78,2,rrg,89,0.45858082,0.44161072,0.24326615,8,0.6540101,0.4627147,1,1.358598,1.4189881086349487,0.07659627,0.50114983,5,0.4251152575016022
sequential,c_mov,0.4,0.3,0.79,2,rrg,21,0.29436588,0.42249125,0.2526642,13,0.6634554,0.4691503,0,1.5405095,1.4482407569885254,0.023884906,0.5653334,3,0.4263227880001068
sequential,c_mov,0.4,0.3,0.8,2,rrg,10,0.7159846,0.42513162,0.24787104,4,3.9361467e-07,5.5665527e-07,0,0.9648317,1.4456100463867188,8.7866365e-06,0.71598417,1,0.41769981384277344
sequential,c_mov,0.4,0.3,0.81,2,rrg,16,0.73678786,0.41097206,0.24482198,3,0.4027942,0.43077207,0,0.97005403,1.467763900756836,0.6600078,0.5094684,3,0.40202873945236206
sequential,c_mov,0.4,0.3,0.82,2,rrg,96,0.39499918,0.40501395,0.2681205,10,0.76266766,0.3356386,0,1.3950372,1.4325700998306274,0.55799574,0.4389993,6,0.39425957202911377
sequential,c_mov,0.4,0.3,0.83,2,rrg,35,0.39999998,0.41678384,0.29106855,7,0.79999995,0.28284276,1,1.3620489,1.3931280374526978,0.4540163,0.4,9,0.39827725291252136
sequential,c_mov,0.4,0.3,0.84,2,rrg,36,0.39999995,0.42178762,0.30524677,8,0.95,0.07071067,1,1.3386725,1.3762893676757812,0.19832279,0.55,3,0.40944623947143555
sequential,c_mov,0.4,0.3,0.85,2,rrg,39,0.041993972,0.42498928,0.31760937,15,0.11068821,0.15650038,0,2.13062,1.3695862293243408,0.5708219,0.12465189,15,0.4008265733718872
sequential,c_mov,0.4,0.3,0.86,2,rrg,76,0.30897677,0.4515281,0.3131534,9,0.3346211,0.47049654,0,1.6332779,1.3051499128341675,0.13190667,0.43503776,7,0.42126330733299255
sequential,c_mov,0.4,0.3,0.87,2,rrg,92,0.8036125,0.46242863,0.3229171,3,0.5384235,0.41184875,1,0.7256393,1.2821862697601318,0.22218882,0.39611402,7,0.4201969802379608
sequential,c_mov,0.4,0.3,0.88,2,rrg,17,0.17897844,0.4339584,0.32017756,9,0.07115591,0.100629665,0,1.8545668,1.329133152961731,0.6614914,0.1308154,12,0.4249202311038971
sequential,c_mov,0.4,0.3,0.89,2,rrg,81,0.0868154,0.4397663,0.3239128,10,0.33333334,0.4714045,0,2.1019554,1.299225926399231,1.6500048e-32,0.3622718,9,0.4570606052875519
sequential,c_mov,0.4,0.3,0.9,2,rrg,18,1.0,0.46593657,0.3230308,1,0.6666667,0.47140452,1,1.246004e-08,1.2229039669036865,4.3942936e-34,0.33333334,10,0.46606603264808655
sequential,c_mov,0.4,0.3,0.91,2,rrg,20,0.5339819,0.40544087,0.28460452,3,0.6666667,0.47140452,0,1.2372464,1.3588687181472778,0.0,0.4886727,5,0.4806852340698242
sequential,c_mov,0.4,0.3,0.92,2,rrg,84,0.5934961,0.3882398,0.29866394,2,0.33333334,0.4714045,1,1.202371,1.3736531734466553,0.0,0.53116536,3,0.47940024733543396
sequential,c_mov,0.4,0.3,0.93,2,rrg,86,0.99999994,0.3587257,0.30842206,1,0.33333334,0.4714045,1,3.0807464e-06,1.3980391025543213,1.9848354e-21,0.6666667,1,0.4719524383544922
sequential,c_mov,0.4,0.3,0.94,2,rrg,55,0.3355636,0.25177935,0.1761342,3,0.33333334,0.4714045,0,1.6012881,1.6310138702392578,1.175212e-08,0.4451879,3,0.4394809305667877
sequential,c_mov,0.4,0.3,0.95,2,rrg,88,0.5212819,0.23499441,0.18853448,1,0.3333331,0.4714042,0,0.69225127,1.6369459629058838,4.0335067e-06,0.5070937,2,0.4383313059806824
sequential,c_mov,0.4,0.3,0.96,2,rrg,57,0.09403467,0.16341844,0.13718405,3,0.3333334,0.47140446,0,2.0457559,1.8731169700622559,5.6069007e-06,0.36467814,3,0.4211394786834717
sequential,c_mov,0.4,0.3,0.97,2,rrg,28,0.06376651,0.18654634,0.15150255,3,0.33333334,0.4714045,0,2.1360462,1.8155708312988281,6.3184233e-35,0.35458884,3,0.43995991349220276
sequential,c_mov,0.4,0.3,0.98,2,rrg,29,0.09587255,0.24793626,0.15206371,2,0.33333334,0.4714045,0,2.0504355,1.655333399772644,2.6962897e-24,0.36529085,2,0.4826454520225525
sequential,c_mov,0.4,0.3,0.99,2,rrg,30,0.39999998,0.39999998,0.0,1,1.0,0.0,0,1.2602313,1.2602312564849854,3.4891315e-25,0.6,1,0.6000000238418579
sequential,ov,0.05,0.3,0.0,3,rrg,73,0.04985791,0.04985791,0.0,1,0.04985791,0.0,0,2.7788618,2.7788617610931396,2.7788618,0.0,1,0.0
sequential,ov,0.05,0.3,0.01,3,rrg,85,0.052059542,0.04811102,0.007936887,2,0.047757044,0.006520204,0,2.729709,2.7045695781707764,2.7177231,0.0049646855,4,0.003316557500511408
sequential,ov,0.05,0.3,0.02,3,rrg,96,0.05787193,0.055586733,0.013431938,5,0.05654204,0.003647571,1,2.6942697,2.6866822242736816,2.6887064,0.0038035575,12,0.007876565679907799
sequential,ov,0.05,0.3,0.03,3,rrg,33,0.05223996,0.047292262,0.017939841,4,0.051228672,0.0008056343,1,2.7059286,2.4938292503356934,2.7020292,0.0010112847,16,0.03744521737098694
sequential,ov,0.05,0.3,0.04,3,rrg,93,0.06976295,0.05063101,0.01485327,3,0.060409587,0.008075117,0,2.5339167,2.529029130935669,2.4957697,0.01030678,8,0.02193438448011875
sequential,ov,0.05,0.3,0.05,3,rrg,45,0.050139565,0.04527404,0.013667881,13,0.05042802,0.00028836017,0,2.579576,2.3986639976501465,2.563395,0.00029738,17,0.037114217877388
sequential,ov,0.05,0.3,0.06,3,rrg,6,0.073771015,0.044905223,0.021039417,2,0.06154521,0.028073497,1,2.6196103,2.4781975746154785,2.5328825,0.022198318,3,0.026143303140997887
sequential,ov,0.05,0.3,0.07,3,rrg,86,0.038844034,0.036146857,0.017562464,12,0.039291862,0.010751455,0,2.4673607,2.481865644454956,2.4490716,0.010264696,8,0.010418638586997986
sequential,ov,0.05,0.3,0.08,3,rrg,0,0.025357543,0.03458991,0.016338537,15,0.02672637,0.012518396,0,2.4441257,2.4871325492858887,2.3813927,0.01146699,6,0.009036450646817684
sequential,ov,0.05,0.3,0.09,3,rrg,80,0.03348404,0.03282981,0.014816881,10,0.03204177,0.012352614,1,2.5493565,2.4177727699279785,2.4885092,0.012087029,9,0.027452748268842697
sequential,ov,0.05,0.3,0.1,3,rrg,3,0.010577743,0.03029569,0.019743975,15,0.017074963,0.01151422,0,2.5525298,2.417390823364258,2.4603717,0.013013014,7,0.040219709277153015
sequential,ov,0.05,0.3,0.11,3,rrg,57,0.043331064,0.03489623,0.01434168,6,0.04128963,0.011902167,0,2.426484,2.417433261871338,2.3559155,0.011003748,17,0.04584340378642082
sequential,ov,0.05,0.3,0.12,3,rrg,17,0.025065186,0.026332919,0.019274035,10,0.019742507,0.007903502,0,2.5355031,2.3278212547302246,2.4360008,0.008189099,14,0.058721572160720825
sequential,ov,0.05,0.3,0.13,3,rrg,62,0.03978684,0.03021733,0.02294506,9,0.026707137,0.0052569634,0,2.3746445,2.272707223892212,2.1913722,0.013079706,10,0.07415223866701126
sequential,ov,0.05,0.3,0.14,3,rrg,44,0.051026978,0.030507987,0.021917801,5,0.052343804,0.0067063817,0,2.486906,2.3399767875671387,2.469497,0.005877131,16,0.0445939265191555
sequential,ov,0.05,0.3,0.15,3,rrg,23,0.055974536,0.029579544,0.021299465,4,0.044760857,0.012341298,0,2.66803,2.314560651779175,2.6135092,0.014375876,13,0.09218351542949677
sequential,ov,0.05,0.3,0.16,3,rrg,14,0.03471281,0.019600166,0.017617356,4,0.032265287,0.020919912,0,2.1403487,2.2841408252716064,1.9887229,0.020539122,6,0.07473920285701752
sequential,ov,0.05,0.3,0.17,3,rrg,40,0.027149154,0.016120387,0.015517432,5,0.025415728,0.012924992,0,2.470175,2.2543182373046875,2.3897696,0.012736334,10,0.05909809470176697
sequential,ov,0.05,0.3,0.18,3,rrg,54,0.0015155952,0.01570608,0.015743922,17,0.0037514,0.0042419676,0,2.2837567,2.2139649391174316,1.5381728,0.0032462014,17,0.028051257133483887
sequential,ov,0.05,0.3,0.19,3,rrg,92,0.027665278,0.015488207,0.023091372,4,0.02337865,0.016714403,0,2.134291,2.20428466796875,1.4405292,0.01415689,6,0.042451586574316025
sequential,ov,0.05,0.3,0.2,3,rrg,16,0.0018890139,0.017211873,0.018352255,17,0.0040060948,0.005113277,0,2.0502346,2.166160821914673,1.4857363,0.0041054157,15,0.07492104917764664
sequential,ov,0.05,0.3,0.21,3,rrg,11,0.0026602764,0.018521143,0.026702838,13,0.0034847364,0.0022583306,0,2.4208822,2.233099937438965,2.3289294,0.0020484717,17,0.04296981170773506
sequential,ov,0.05,0.3,0.22,3,rrg,36,0.025186379,0.014143947,0.02213509,3,0.01660428,0.006779544,0,2.4437656,2.0805177688598633,2.262789,0.008582098,11,0.09027989953756332
sequential,ov,0.05,0.3,0.23,3,rrg,4,0.064700134,0.017644908,0.027934304,2,0.056928713,0.040520422,0,2.559173,2.3009438514709473,2.4978821,0.04066443,4,0.04348243027925491
sequential,ov,0.05,0.3,0.24,3,rrg,38,0.0078059966,0.015729744,0.02384609,8,0.009085896,0.006700228,0,2.2746725,2.091571092605591,2.0962121,0.005483426,12,0.0578153133392334
sequential,ov,0.05,0.3,0.25,3,rrg,20,0.00016941357,0.005781536,0.00765607,19,0.00015649533,0.0002213178,0,1.9908682,2.0684311389923096,0.6999807,0.00021296651,20,0.0381426066160202
sequential,ov,0.05,0.3,0.26,3,rrg,78,0.010329506,0.015663283,0.016168566,9,0.020365031,0.022833461,0,2.4360492,2.1105945110321045,2.2478545,0.018120015,7,0.044508181512355804
sequential,ov,0.05,0.3,0.27,3,rrg,12,0.030567875,0.026149804,0.027176,8,0.025605122,0.011320988,0,2.3457668,2.112980365753174,2.0551007,0.009198342,11,0.07850508391857147
sequential,ov,0.05,0.3,0.28,3,rrg,8,0.046877284,0.01702463,0.024153193,4,0.35771683,0.45417553,0,1.853552,2.1310558319091797,1.3500754,0.32457557,2,0.043305642902851105
sequential,ov,0.05,0.3,0.29,3,rrg,7,0.00065541366,0.018355805,0.025547117,16,0.0020097906,0.0027247886,0,2.1488693,1.972582221031189,1.3915726,0.0021166885,14,0.060744840651750565
sequential,ov,0.05,0.3,0.3,3,rrg,46,0.00094311027,0.015132983,0.025425585,17,0.002890268,0.003690157,0,2.1088724,1.9538625478744507,1.4516302,0.0028230797,16,0.07530136406421661
sequential,ov,0.05,0.3,0.31,3,rrg,68,0.008213301,0.014552964,0.020577455,10,0.0037714327,0.0014958465,0,1.9264513,1.9915145635604858,1.7572584,0.0044418685,16,0.07745563983917236
sequential,ov,0.05,0.3,0.32,3,rrg,58,0.0028426202,0.017040962,0.024834177,14,0.004963376,0.0063179936,0,2.3207831,2.0244178771972656,2.0762792,0.0052417945,14,0.09231159836053848
sequential,ov,0.05,0.3,0.33,3,rrg,27,0.023485042,0.01376068,0.022602724,3,0.0029134068,0.0041201795,0,1.4862056,2.005723237991333,0.635722,0.020571636,6,0.028267547488212585
sequential,ov,0.05,0.3,0.34,3,rrg,69,0.010079465,0.016870458,0.022713037,8,0.014825243,0.019055927,0,2.1002507,1.941998839378357,1.4857916,0.016353011,9,0.09149540960788727
sequential,ov,0.05,0.3,0.35,3,rrg,56,0.03200881,0.0097521255,0.019413596,2,0.33871183,0.4676015,0,1.6716288,1.89934504032135,1.2130923,0.33862445,2,0.07315699756145477
sequential,ov,0.05,0.3,0.36,3,rrg,84,0.009806956,0.009100173,0.023312077,4,0.33415067,0.47082764,0,1.5844293,1.990797758102417,0.7985925,0.335785,2,0.055303312838077545
sequential,ov,0.05,0.3,0.37,3,rrg,72,0.0024359585,0.015639864,0.024456728,11,0.0057096872,0.006775869,0,2.306002,1.8559505939483643,1.4163631,0.0052551213,11,0.04630798101425171
sequential,ov,0.05,0.3,0.38,3,rrg,74,0.01682618,0.012959564,0.024765885,4,0.33624873,0.46934313,0,1.959913,1.8808200359344482,1.3197511,0.3360267,3,0.07478590309619904
sequential,ov,0.05,0.3,0.39,3,rrg,87,0.0034290282,0.0088312365,0.013417798,12,0.002233809,0.0021236443,0,2.0537064,1.8861936330795288,1.9180307,0.0023689242,13,0.04414426162838936
sequential,ov,0.05,0.3,0.4,3,rrg,79,0.06831242,0.012668535,0.023244971,2,0.0498921,0.06747023,0,1.9241802,1.7959518432617188,1.2623625,0.06972909,5,0.07514160126447678
sequential,ov,0.05,0.3,0.41,3,rrg,91,0.0014648724,0.01157424,0.02035548,13,0.0057259686,0.008064475,0,1.8671844,1.8335214853286743,1.3040451,0.006182873,12,0.07592925429344177
sequential,ov,0.05,0.3,0.42,3,rrg,64,0.00048328834,0.01400808,0.02979991,14,0.00036962636,0.00024495737,0,2.079171,1.8416061401367188,1.8333782,0.00023001658,18,0.05731717497110367
sequential,ov,0.05,0.3,0.43,3,rrg,60,9.137921e-05,0.015024203,0.029159188,18,1.02641114e-23,0.0,0,1.877547,1.9793198108673096,6.54385e-20,9.137921e-05,18,0.10810728371143341
sequential,ov,0.05,0.3,0.44,3,rrg,5,0.031329382,0.0073542097,0.012953927,2,0.334711,0.4704334,0,1.6723871,1.884210228919983,0.5949279,0.3423988,1,0.04077718406915665
sequential,ov,0.05,0.3,0.45,3,rrg,29,0.0073493863,0.011592085,0.022056412,8,0.031165361,0.044074476,0,1.795641,1.7383750677108765,0.39922914,0.033615157,4,0.04176201671361923
sequential,ov,0.05,0.3,0.46,3,rrg,63,0.0112701105,0.0067310715,0.0112316515,3,0.33596453,0.46954417,0,2.4003754,2.002537488937378,1.5763336,0.33445883,2,0.0554782971739769
sequential,ov,0.05,0.3,0.47,3,rrg,88,3.77403e-06,0.0077720443,0.019612245,18,9.4084027e-07,1.3305491e-06,0,1.4973524,1.8534882068634033,0.44927073,2.8331897e-06,18,0.06929710507392883
sequential,ov,0.05,0.3,0.48,3,rrg,70,0.0033535797,0.008302745,0.009702374,13,0.004897691,0.0045910613,0,2.049054,1.8779186010360718,1.4020809,0.0037798306,11,0.0579206757247448
sequential,ov,0.05,0.3,0.49,3,rrg,55,0.015258952,0.0077982517,0.020278567,2,0.012481476,0.012201734,0,2.2411754,1.8807904720306396,2.1489983,0.012427017,4,0.038469452410936356
sequential,ov,0.05,0.3,0.5,3,rrg,98,0.0033647562,0.008143843,0.0202657,9,0.33363533,0.47119114,0,2.5408797,1.925408959388733,0.8423025,0.33415294,2,0.03876163810491562
sequential,ov,0.05,0.3,0.51,3,rrg,39,0.0016875206,0.018201223,0.0320907,11,0.0014728516,0.0017549646,0,1.9459358,1.7314532995224,0.9758768,0.0017158367,11,0.04291222617030144
sequential,ov,0.05,0.3,0.52,3,rrg,43,0.0002350971,0.008602334,0.019847274,17,6.5319204e-05,8.152125e-05,0,1.5367154,1.8070049285888672,0.5810356,0.0001697779,18,0.036240436136722565
sequential,ov,0.05,0.3,0.53,3,rrg,32,0.0006532847,0.007838884,0.020211894,12,1.8826384e-35,0.0,0,1.9299246,1.8960673809051514,1.8754706e-31,0.0006532848,13,0.006975059397518635
sequential,ov,0.05,0.3,0.54,3,rrg,97,0.00043503437,0.0029615718,0.0037683654,14,0.00027661797,0.0003175881,0,1.631923,1.7311937808990479,1.1129396,0.0003493045,14,0.0042057642713189125
sequential,ov,0.05,0.3,0.55,3,rrg,31,0.0035071545,0.0021281205,0.00222049,5,0.0013215641,0.0017648941,0,2.141778,1.7931022644042969,1.4293121,0.0023915041,9,0.002083579543977976
sequential,ov,0.05,0.3,0.56,3,rrg,10,0.0024870045,0.01301536,0.027092697,8,6.2386896e-10,8.822839e-10,0,0.41405097,1.5777034759521484,4.868917e-06,0.0024870038,9,0.03978247195482254
sequential,ov,0.05,0.3,0.57,3,rrg,28,0.0026150641,0.014189107,0.027216092,11,0.003467445,0.002665383,0,2.040806,1.7465496063232422,1.3792338,0.002595757,12,0.05829115957021713
sequential,ov,0.05,0.3,0.58,3,rrg,42,0.006370964,0.0075773397,0.019132352,6,0.00731423,0.0072305123,0,2.2194123,1.7817976474761963,1.912717,0.0065012486,6,0.053766123950481415
sequential,ov,0.05,0.3,0.59,3,rrg,22,0.00022994853,0.008155588,0.020136543,12,0.00028949228,0.00025691494,0,2.0724657,1.725506067276001,1.4530915,0.00021284277,12,0.03995247185230255
sequential,ov,0.05,0.3,0.6,3,rrg,67,0.0016782347,0.013782154,0.026719257,12,0.33336326,0.47138333,0,2.5193672,1.6657867431640625,0.67304784,0.3338628,3,0.07450622320175171
sequential,ov,0.05,0.3,0.61,3,rrg,2,0.029389394,0.00342033,0.006944065,1,0.031220175,0.04204642,0,0.9243382,1.6389245986938477,1.0780641,0.03901463,3,0.03649163246154785
sequential,ov,0.05,0.3,0.62,3,rrg,26,0.00012267489,0.008340537,0.020398665,13,0.0009557432,0.0013516169,0,2.0186677,1.5994025468826294,0.7493771,0.0009966273,9,0.03751121088862419
sequential,ov,0.05,0.3,0.63,3,rrg,24,0.0019476742,0.006366114,0.019492945,6,0.0010601295,0.0014992496,0,1.5006629,1.6954548358917236,0.6500292,0.0017093542,7,0.020779523998498917
sequential,ov,0.05,0.3,0.64,3,rrg,53,2.1375574e-05,0.0041497513,0.010242374,17,1.1245912e-14,1.5904121e-14,0,1.7698675,1.7074921131134033,7.513598e-11,2.1375576e-05,17,0.020318951457738876
sequential,ov,0.05,0.3,0.65,3,rrg,25,2.9351264e-05,0.003868054,0.01024164,17,1.6282765e-34,0.0,0,1.7337147,1.658664345741272,2.8681955e-30,2.9351264e-05,17,0.03618345409631729
sequential,ov,0.05,0.3,0.66,3,rrg,66,0.09002792,0.007463035,0.019501286,1,0.33845875,0.46782243,0,0.30766073,1.5990369319915771,0.3919053,0.35821724,1,0.05455310270190239
sequential,ov,0.05,0.3,0.67,3,rrg,30,0.007195072,0.0050830008,0.015873529,3,0.00043156694,0.0006103278,0,2.3207793,1.7289161682128906,0.6881294,0.006763505,3,0.01855098083615303
sequential,ov,0.05,0.3,0.68,3,rrg,83,0.00045851924,0.0028805523,0.0044807317,14,1.0645259e-14,1.5054669e-14,0,1.5561622,1.642891526222229,1.1576146e-09,0.00045851924,14,0.019252043217420578
sequential,ov,0.05,0.3,0.69,3,rrg,1,4.2106654e-05,0.006391611,0.016008299,16,2.366741e-05,3.3470773e-05,0,1.8760636,1.6616337299346924,0.50364494,3.770296e-05,16,0.03610963001847267
sequential,ov,0.05,0.3,0.7,3,rrg,65,0.0014653512,0.008541649,0.018185362,7,1.1663613e-36,0.0,0,2.0011928,1.5423047542572021,1.08489505e-33,0.0014653512,8,0.05439602583646774
sequential,ov,0.05,0.3,0.71,3,rrg,99,0.0006593451,0.008135176,0.018194737,10,6.470634e-14,9.150858e-14,0,2.4836643,1.5922757387161255,1.1709797e-08,0.0006593451,10,0.03768102824687958
sequential,ov,0.05,0.3,0.72,3,rrg,76,0.00010975143,0.00772372,0.01818816,12,4.3884774e-28,0.0,0,1.9090178,1.5844262838363647,1.5051142e-24,0.00010975144,13,0.05358298867940903
sequential,ov,0.05,0.3,0.73,3,rrg,34,0.010867024,0.008426898,0.018185578,5,0.00035502078,0.00050207524,0,1.6357346,1.5094482898712158,0.37175396,0.010512003,5,0.03798399120569229
sequential,ov,0.05,0.3,0.74,3,rrg,94,3.0695625e-07,0.0069706887,0.018266916,20,6.759343e-36,0.0,0,1.2948425,1.594968557357788,7.96869e-29,3.0695625e-07,20,0.036376841366291046
sequential,ov,0.05,0.3,0.75,3,rrg,90,0.0050823973,0.0062466073,0.016042316,5,6.064992e-36,0.0,0,1.9125179,1.541999101638794,1.0029436e-32,0.0050823973,5,0.0522526279091835
sequential,ov,0.05,0.3,0.76,3,rrg,71,0.00042447285,0.008377117,0.018199915,13,0.00020515377,0.00016488536,0,1.7398006,1.510607123374939,1.1549239,0.00021931907,13,0.05407940596342087
sequential,ov,0.05,0.3,0.77,3,rrg,81,0.00071391463,0.008260619,0.018248715,9,0.0007389607,0.0010450482,0,1.9915435,1.4224817752838135,0.64016896,0.0009769322,9,0.05396653339266777
sequential,ov,0.05,0.3,0.78,3,rrg,47,0.011506769,0.008205041,0.018269366,4,0.33333334,0.4714045,0,1.3585944,1.4186056852340698,3.2751767e-31,0.33716893,2,0.05391266196966171
sequential,ov,0.05,0.3,0.79,3,rrg,51,2.265354e-05,0.007688074,0.018315265,17,3.36729e-30,0.0,0,1.16223,1.4355838298797607,2.6178862e-25,2.265354e-05,17,0.037112828344106674
sequential,ov,0.05,0.3,0.8,3,rrg,9,2.4829755e-05,0.007683512,0.018316926,17,5.971486e-05,8.4449566e-05,0,1.9214848,1.4452838897705078,0.23094313,6.7991445e-05,15,0.03710828721523285
sequential,ov,0.05,0.3,0.81,3,rrg,13,0.0016855114,0.008082337,0.018707825,5,0.0,0.0,0,1.6695375,1.4195656776428223,0.0,0.0016855114,5,0.03905394673347473
sequential,ov,0.05,0.3,0.82,3,rrg,35,0.015766619,0.008437281,0.019158244,3,9.8811925e-17,1.3974117e-16,0,1.1234206,1.4047856330871582,3.5329924e-15,0.015766619,4,0.04112956300377846
sequential,ov,0.05,0.3,0.83,3,rrg,37,0.00048499115,0.008005965,0.019628702,8,1.0395825e-37,0.0,0,2.0881362,1.4209940433502197,4.883001e-34,0.00048499115,8,0.042621318250894547
sequential,ov,0.05,0.3,0.84,3,rrg,41,0.00013996412,0.0084758885,0.020139815,9,1.3779516e-09,1.9282043e-09,0,0.6794963,1.3790812492370605,0.00054391543,0.00013996275,9,0.04525470361113548
sequential,ov,0.05,0.3,0.85,3,rrg,75,0.001535763,0.009030819,0.02068156,4,0.0,0.0,0,1.5152797,1.4256545305252075,0.0,0.001535763,4,0.04826154187321663
sequential,ov,0.05,0.3,0.86,3,rrg,77,0.04608993,0.0095635345,0.021307983,2,0.024444768,0.034570124,0,0.9303061,1.4192181825637817,0.28724357,0.03980808,3,0.05159645155072212
sequential,ov,0.05,0.3,0.87,3,rrg,15,0.00016065469,0.0069783176,0.020305146,6,0.0,0.0,0,2.1272182,1.442142367362976,0.0,0.00016065469,6,0.05364935100078583
sequential,ov,0.05,0.3,0.88,3,rrg,48,0.07862828,0.0077066994,0.021609323,1,0.33348224,0.4712993,0,0.40608227,1.3628082275390625,0.012840365,0.35939386,1,0.058242347091436386
sequential,ov,0.05,0.3,0.89,3,rrg,49,0.00010779792,0.0012568648,0.0032537302,5,0.0,0.0,0,1.5608022,1.449830174446106,0.0,0.00010779792,5,0.03086252138018608
sequential,ov,0.05,0.3,0.9,3,rrg,18,0.00064402114,0.0013707677,0.003391418,4,2.2317497e-29,0.0,0,1.9636194,1.4387924671173096,1.5884016e-26,0.00064402114,4,0.033936984837055206
sequential,ov,0.05,0.3,0.91,3,rrg,50,3.4725622e-06,0.0014514906,0.0035657506,8,6.991687e-33,0.0,0,1.5823463,1.380501627922058,2.5242588e-28,3.4725624e-06,8,0.037636175751686096
sequential,ov,0.05,0.3,0.92,3,rrg,82,7.07662e-05,0.001632479,0.0037428734,4,9.051987e-19,1.2801444e-18,0,1.2966037,1.3552772998809814,6.597599e-14,7.07662e-05,4,0.042340248823165894
sequential,ov,0.05,0.3,0.93,3,rrg,19,2.0075279e-06,0.0018555754,0.003951228,7,0.0,0.0,0,0.6852174,1.3636655807495117,0.0,2.0075279e-06,7,0.04837874323129654
sequential,ov,0.05,0.3,0.94,3,rrg,52,6.8995637e-06,0.0021645005,0.0041888133,6,0.0,0.0,0,1.369547,1.4767422676086426,0.0,6.8995637e-06,6,0.056441530585289
sequential,ov,0.05,0.3,0.95,3,rrg,21,0.0006461287,0.0025960223,0.004465217,3,3.6155883e-22,5.1053063e-22,0,1.0622374,1.4981788396835327,1.1770516e-18,0.0006461287,3,0.06772845983505249
sequential,ov,0.05,0.3,0.96,3,rrg,89,4.0939518e-05,0.0030834947,0.00487181,3,9.5068885e-29,0.0,0,1.3594718,1.607163667678833,1.00290676e-22,4.0939518e-05,3,0.08449903875589371
sequential,ov,0.05,0.3,0.97,3,rrg,59,3.6977348e-05,0.004097684,0.0052470774,3,0.0,0.0,0,1.5602309,1.6897202730178833,0.0,3.6977348e-05,3,0.11265174299478531
sequential,ov,0.05,0.3,0.98,3,rrg,61,0.011506772,0.00612804,0.005378732,1,0.33333334,0.4714045,0,1.3586105,1.7544684410095215,8.424004e-38,0.33716893,1,0.1689591258764267
sequential,ov,0.05,0.3,0.99,3,rrg,95,0.00074930897,0.00074930897,0.0,1,1.6375577e-23,0.0,0,2.1503265,2.1503264904022217,1.0377722e-18,0.0007493089,1,0.0007493089069612324
sequential,mov,0.05,0.3,0.0,3,rrg,7,0.04985791,0.04985791,0.0,1,0.04985791,0.0,0,2.7788618,2.7788617610931396,2.7788618,0.0,1,0.0
sequential,mov,0.05,0.3,0.01,3,rrg,19,0.050024852,0.04665012,0.010912337,16,0.05009849,6.669611e-05,0,2.7023995,2.689018726348877,2.702953,7.3640294e-05,20,0.002888796851038933
sequential,mov,0.05,0.3,0.02,3,rrg,16,0.0369691,0.043373946,0.010845123,16,0.033236843,0.007826585,0,2.759355,2.7379143238067627,2.7417405,0.008109599,7,0.007360182702541351
sequential,mov,0.05,0.3,0.03,3,rrg,17,0.0629339,0.047095414,0.008782293,1,0.059110682,0.0025085346,0,2.7941837,2.7531723976135254,2.790468,0.0038232182,12,0.006826487835496664
sequential,mov,0.05,0.3,0.04,3,rrg,22,0.063561484,0.036961056,0.022930263,2,0.05633161,0.007287125,0,2.7548552,2.633082866668701,2.7399623,0.009272322,13,0.012874051928520203
sequential,mov,0.05,0.3,0.05,3,rrg,20,0.05363712,0.04327549,0.022480909,9,0.050033685,0.012432188,0,2.7312431,2.6623620986938477,2.7127438,0.010457967,16,0.01481114886701107
sequential,mov,0.05,0.3,0.06,3,rrg,9,0.07326029,0.046191078,0.026146604,3,0.05204038,0.012209573,0,2.795013,2.6601309776306152,2.7482722,0.021219911,8,0.017646899446845055
sequential,mov,0.05,0.3,0.07,3,rrg,53,0.07139576,0.044354737,0.031951744,4,0.05748268,0.013571,0,2.7221162,2.6115167140960693,2.6978502,0.015545086,12,0.01794302463531494
sequential,mov,0.05,0.3,0.08,3,rrg,44,0.06470613,0.038129512,0.029971993,5,0.0547981,0.018228669,0,2.7122734,2.566833257675171,2.685917,0.01992173,5,0.016138490289449692
sequential,mov,0.05,0.3,0.09,3,rrg,1,0.053873576,0.052475385,0.04502433,10,0.057845514,0.036889687,0,2.7665505,2.5215139389038086,2.7086868,0.030160213,6,0.024751776829361916
sequential,mov,0.05,0.3,0.1,3,rrg,13,0.080364406,0.04804427,0.039526146,4,0.05797255,0.0061579417,0,2.7421799,2.576542377471924,2.7065532,0.022391858,10,0.024279199540615082
sequential,mov,0.05,0.3,0.11,3,rrg,38,0.09371664,0.04768873,0.045471083,3,0.07794332,0.028679324,0,2.6941812,2.4622368812561035,2.6844618,0.0311269,7,0.02637525275349617
sequential,mov,0.05,0.3,0.12,3,rrg,26,0.08676134,0.049331777,0.0503962,5,0.08423681,0.021268431,0,2.6102898,2.4943628311157227,2.6140769,0.020651842,9,0.027339553460478783
sequential,mov,0.05,0.3,0.13,3,rrg,36,0.049925186,0.04856678,0.044457268,9,0.03328564,0.019558938,0,2.6251943,2.526310682296753,2.4263415,0.019579927,13,0.027233798056840897
sequential,mov,0.05,0.3,0.14,3,rrg,51,0.04796895,0.036520824,0.04061383,6,0.052782785,0.040673465,0,2.5002837,2.5011067390441895,1.7606153,0.03679313,5,0.023885762318968773
sequential,mov,0.05,0.3,0.15,3,rrg,2,0.12712906,0.041818004,0.057019155,3,0.13369958,0.12009439,0,2.4751165,2.381523609161377,2.4431775,0.11101981,2,0.030875224620103836
sequential,mov,0.05,0.3,0.16,3,rrg,4,0.056872174,0.036206156,0.059033044,3,0.03375112,0.0056924485,0,2.4831564,2.3056676387786865,2.3879411,0.023121053,8,0.027466218918561935
sequential,mov,0.05,0.3,0.17,3,rrg,6,0.07205368,0.023744712,0.035144508,2,0.10024043,0.12207547,1,2.6390743,2.3078198432922363,2.4774377,0.10566416,2,0.02478010579943657
sequential,mov,0.05,0.3,0.18,3,rrg,48,0.09512957,0.035109915,0.057405792,3,0.37520954,0.44293344,0,1.1585871,2.096229076385498,0.9468613,0.3275772,1,0.03868383169174194
sequential,mov,0.05,0.3,0.19,3,rrg,79,0.13837123,0.031823825,0.05278091,2,0.086211,0.037849277,0,1.9193928,2.2438182830810547,1.8382639,0.052160222,4,0.033953938633203506
sequential,mov,0.05,0.3,0.2,3,rrg,35,0.14450303,0.022124885,0.031835802,1,0.11232269,0.10501832,0,2.5083861,2.161224842071533,2.433946,0.10948789,2,0.037124887108802795
sequential,mov,0.05,0.3,0.21,3,rrg,77,0.06290566,0.02172222,0.027279919,3,4.2896488e-08,5.94769e-08,0,0.4590955,2.143115997314453,4.2052407e-06,0.06290562,4,0.04162851721048355
sequential,mov,0.05,0.3,0.22,3,rrg,66,0.3095775,0.034416888,0.06897132,1,0.16855462,0.17464449,0,1.525133,2.1423470973968506,1.4027343,0.20742112,1,0.033439330756664276
sequential,mov,0.05,0.3,0.23,3,rrg,14,0.21758375,0.020501018,0.046778772,1,0.006739998,0.0039491816,0,2.182389,2.096891403198242,1.6209124,0.21084374,2,0.029980778694152832
sequential,mov,0.05,0.3,0.24,3,rrg,84,0.034649286,0.011185224,0.01057911,1,0.3434528,0.4629523,0,1.8721879,2.135498523712158,1.4328741,0.3334798,2,0.039558034390211105
sequential,mov,0.05,0.3,0.25,3,rrg,63,0.019287901,0.007390924,0.0074887043,3,0.3395801,0.4669888,0,2.239268,1.9244506359100342,1.5604883,0.33351588,1,0.021144775673747063
sequential,mov,0.05,0.3,0.26,3,rrg,93,0.019372506,0.008727107,0.005893484,2,0.014110472,0.010482113,0,2.077505,1.982316017150879,1.5604753,0.009080729,6,0.006102484650909901
sequential,mov,0.05,0.3,0.27,3,rrg,37,0.009772274,0.058034103,0.21628448,8,0.0061837626,0.005998931,0,2.1470602,2.0035271644592285,1.4992946,0.0066127093,7,0.07078497111797333
sequential,mov,0.05,0.3,0.28,3,rrg,61,0.010956402,0.0074208966,0.0072104977,5,0.33545026,0.4699116,0,2.512562,2.0860557556152344,1.7122116,0.33486855,1,0.02131267823278904
sequential,mov,0.05,0.3,0.29,3,rrg,21,0.012035979,0.056917578,0.21650694,5,0.009217251,0.0011246075,0,2.5093396,1.9456589221954346,2.35019,0.0028187286,11,0.05365937948226929
sequential,mov,0.05,0.3,0.3,3,rrg,0,0.0026404702,0.0055666035,0.0069511207,12,0.004306502,0.0031183965,0,2.18219,1.9670565128326416,1.52875,0.0034263453,11,0.004864378832280636
sequential,mov,0.05,0.3,0.31,3,rrg,30,0.026508316,0.009539692,0.009256792,2,0.020983862,0.0115729915,0,2.3258533,1.8318523168563843,2.0876997,0.011735613,3,0.02241930551826954
sequential,mov,0.05,0.3,0.32,3,rrg,95,0.029445611,0.0057791746,0.006601526,1,0.00714938,0.005040287,0,1.9112068,1.9157459735870361,1.2552346,0.02229623,1,0.004793158732354641
sequential,mov,0.05,0.3,0.33,3,rrg,29,0.018544968,0.007877996,0.0082310485,3,0.00056263304,0.0007956833,0,1.3787588,1.870227575302124,0.76182437,0.017982336,2,0.005977804772555828
sequential,mov,0.05,0.3,0.34,3,rrg,74,0.039961506,0.058697872,0.21621947,2,0.33568117,0.46975303,0,0.8651581,1.8129783868789673,0.47289383,0.34430587,2,0.07088487595319748
sequential,mov,0.05,0.3,0.35,3,rrg,25,0.0074964557,0.006071481,0.007044998,6,0.0063862707,0.004914197,0,1.8052843,1.9419231414794922,1.2142062,0.0040814555,8,0.003907291684299707
sequential,mov,0.05,0.3,0.36,3,rrg,3,0.0032991613,0.0042437688,0.006486554,6,0.0046163527,0.005625881,0,1.6911042,1.8781293630599976,1.0496565,0.004840948,5,0.0032699131406843662
sequential,mov,0.05,0.3,0.37,3,rrg,24,0.008932152,0.0055092643,0.006537127,5,0.004795619,0.0034170335,0,1.7454973,1.9277445077896118,1.1969293,0.004136533,8,0.004316228441894054
sequential,mov,0.05,0.3,0.38,3,rrg,18,0.006749875,0.05533399,0.21682025,7,0.0023281826,0.0032925473,0,0.86489624,1.8270047903060913,0.56955683,0.004578141,9,0.054242223501205444
sequential,mov,0.05,0.3,0.39,3,rrg,12,0.023399832,0.005520831,0.008256229,2,0.005342394,0.0075552864,0,0.6096333,1.8728158473968506,0.19783537,0.018057438,1,0.004144524224102497
sequential,mov,0.05,0.3,0.4,3,rrg,56,0.28171813,0.032472976,0.06772766,1,0.12378266,0.024755925,0,2.2532935,2.0381016731262207,2.3306572,0.15793549,1,0.02623584493994713
sequential,mov,0.05,0.3,0.41,3,rrg,10,0.15458736,0.0113010015,0.03316731,1,0.025168924,0.035577133,0,0.8647803,1.8073348999023438,0.8283158,0.12941843,1,0.0167933888733387
sequential,mov,0.05,0.3,0.42,3,rrg,27,0.009967084,0.002056938,0.0027026387,1,8.932008e-22,1.2628055e-21,0,0.7520987,1.794748067855835,8.055365e-18,0.009967084,1,0.0022975283209234476
sequential,mov,0.05,0.3,0.43,3,rrg,92,0.089410566,0.014187597,0.036631197,2,0.057920516,0.06619065,0,2.1513116,1.944597601890564,1.2423899,0.07225985,2,0.011402426287531853
sequential,mov,0.05,0.3,0.44,3,rrg,8,0.1746887,0.031154811,0.08028907,2,0.124076694,0.1466361,0,2.2229693,1.9590387344360352,1.5419315,0.1541623,2,0.023161398246884346
sequential,mov,0.05,0.3,0.45,3,rrg,67,0.013531101,0.0062232083,0.011580584,3,0.0162761,0.018570093,0,2.4473317,1.9247157573699951,2.170528,0.016568493,3,0.017601070925593376
sequential,mov,0.05,0.3,0.46,3,rrg,34,0.00959964,0.041284278,0.1687928,2,7.96644e-30,0.0,0,1.356047,1.753548264503479,7.2390676e-27,0.00959964,3,0.040364574640989304
sequential,mov,0.05,0.3,0.47,3,rrg,90,0.036761105,0.09200448,0.26843324,3,0.26012918,0.3678782,0,2.143221,1.7615684270858765,0.18609466,0.2723829,3,0.10309772193431854
sequential,mov,0.05,0.3,0.48,3,rrg,78,0.0036390042,0.06150915,0.22006449,3,0.00066938595,0.0007818294,0,2.0636215,1.6702277660369873,1.3461337,0.0029696182,3,0.06739698350429535
sequential,mov,0.05,0.3,0.49,3,rrg,15,0.0034512833,0.05089739,0.21774073,2,0.0013266937,0.0010293322,0,1.8813806,1.767828345298767,1.2190667,0.0021245896,2,0.05063103511929512
sequential,mov,0.05,0.3,0.5,3,rrg,76,0.0011688772,0.052276075,0.17686024,7,0.00040579526,0.00034116858,0,1.9666715,1.78841233253479,1.3297948,0.00076308195,10,0.05441265180706978
sequential,mov,0.05,0.3,0.51,3,rrg,42,0.00011639263,0.05156816,0.21760216,19,9.509314e-06,1.34482e-05,0,2.5734303,1.8187808990478516,0.71952206,0.000106883315,19,0.05490671843290329
sequential,mov,0.05,0.3,0.52,3,rrg,87,0.0003866535,0.0513282,0.21765682,16,8.8111625e-07,1.2460866e-06,0,1.532709,1.7832767963409424,0.002103435,0.00038577235,13,0.05113400146365166
sequential,mov,0.05,0.3,0.53,3,rrg,62,5.2817104e-05,0.04110742,0.17305797,19,6.193986e-07,8.7596135e-07,0,1.6995202,1.8713562488555908,0.004302202,5.2197705e-05,19,0.040896885097026825
sequential,mov,0.05,0.3,0.54,3,rrg,83,0.0010515557,0.050889023,0.21774259,7,0.0008256806,0.00073519815,0,1.4951607,1.6949613094329834,1.1126026,0.00071534,8,0.050893425941467285
sequential,mov,0.05,0.3,0.55,3,rrg,85,0.0013176308,0.06260923,0.2201779,7,1.3248951e-05,1.8736846e-05,0,0.96386313,1.643288016319275,0.05416821,0.0013043819,8,0.06848009675741196
sequential,mov,0.05,0.3,0.56,3,rrg,65,0.0038385815,0.01210178,0.04729375,3,0.0002810543,0.0003974708,0,0.72409445,1.744024634361267,0.5292506,0.0035575272,4,0.021526047959923744
sequential,mov,0.05,0.3,0.57,3,rrg,59,0.00024520844,0.011732044,0.047036707,20,0.00012249393,0.0001732326,0,1.138248,1.8099390268325806,0.56670725,0.00020423008,19,0.017650829628109932
sequential,mov,0.05,0.3,0.58,3,rrg,97,0.0005318114,0.012398073,0.046541184,11,0.00055778096,0.0005280566,0,2.1334715,1.886695146560669,1.3647574,0.00046395723,11,0.021804099902510643
sequential,mov,0.05,0.3,0.59,3,rrg,68,0.0010522001,0.041035935,0.17368971,7,0.00089903333,0.0006359526,0,1.7810245,1.792764663696289,1.1063081,0.0005482999,9,0.037414684891700745
sequential,mov,0.05,0.3,0.6,3,rrg,89,0.00015350206,0.052724987,0.17695259,17,0.000666258,0.0009422311,0,1.8604116,1.7624397277832031,0.74582213,0.0007174253,9,0.0585414357483387
sequential,mov,0.05,0.3,0.61,3,rrg,60,0.00029562443,0.101504706,0.27137297,15,0.00057280244,0.00080949714,0,2.0320473,1.6188514232635498,0.23659818,0.0006708084,10,0.10727377235889435
sequential,mov,0.05,0.3,0.62,3,rrg,43,0.0018965623,0.10159819,0.2711349,6,0.0018841261,0.0019979847,0,1.2243478,1.58890700340271,1.2244198,0.0018479563,6,0.10375630855560303
sequential,mov,0.05,0.3,0.63,3,rrg,80,0.01783372,0.09151047,0.27016142,3,0.0018825853,0.002662378,1,2.2571168,1.6860742568969727,0.39467457,0.015951136,3,0.08780831098556519
sequential,mov,0.05,0.3,0.64,3,rrg,82,0.00036765568,0.07163794,0.22904302,14,0.00019996236,0.0002827895,0,1.6010052,1.7562141418457031,0.6171209,0.00032251424,13,0.08763061463832855
sequential,mov,0.05,0.3,0.65,3,rrg,99,0.001299051,0.050488524,0.21783318,2,4.3855525e-05,6.202108e-05,0,2.6405106,1.7177947759628296,0.64844155,0.0012551955,3,0.05055560544133186
sequential,mov,0.05,0.3,0.66,3,rrg,81,0.00040712632,0.049479816,0.12159145,13,0.00012793676,0.00018092988,0,1.7873253,1.8764448165893555,0.6825399,0.00027918958,12,0.043262191116809845
sequential,mov,0.05,0.3,0.67,3,rrg,71,0.00015372713,0.08180765,0.23195642,18,0.0009560515,0.00135205,0,1.6802524,1.7110408544540405,0.7620735,0.0010072835,7,0.0808149129152298
sequential,mov,0.05,0.3,0.68,3,rrg,23,2.8561104e-05,0.042163596,0.12389307,19,9.046461e-05,0.00012757251,0,1.6355941,1.7488237619400024,0.6642664,9.9641846e-05,17,0.04562218487262726
sequential,mov,0.05,0.3,0.69,3,rrg,32,0.00038727402,0.0745653,0.22861122,11,2.9280556e-18,4.140896e-18,0,1.9356601,1.6879972219467163,9.767995e-14,0.00038727405,10,0.09209699928760529
sequential,mov,0.05,0.3,0.7,3,rrg,55,6.119418e-05,0.094319046,0.24509719,18,3.8737544e-11,5.478316e-11,0,1.3083516,1.5606021881103516,5.2545596e-07,6.119414e-05,19,0.09902261942625046
sequential,mov,0.05,0.3,0.71,3,rrg,75,0.056199785,0.09685202,0.24468042,4,3.920158e-39,0.0,0,1.637846,1.5946763753890991,3.2281597e-36,0.056199785,4,0.08519037812948227
sequential,mov,0.05,0.3,0.72,3,rrg,39,0.0002559492,0.07961877,0.23611502,13,1.1102362e-05,1.570111e-05,0,1.8886281,1.6395801305770874,0.791215,0.00024484683,13,0.09446476399898529
sequential,mov,0.05,0.3,0.73,3,rrg,69,0.00063373504,0.07046231,0.23008014,11,0.0002950797,0.0003544023,0,1.8995652,1.5935198068618774,1.1854328,0.00044514667,11,0.06697322428226471
sequential,mov,0.05,0.3,0.74,3,rrg,91,6.2554274e-05,0.07602367,0.23013858,17,6.549829e-35,0.0,0,1.7314197,1.635258674621582,1.0999159e-30,6.2554274e-05,17,0.0939628928899765
sequential,mov,0.05,0.3,0.75,3,rrg,45,3.0343865e-05,0.10128242,0.24778712,18,5.1117593e-05,7.2291194e-05,0,1.7996548,1.6547931432724,0.5363011,6.123221e-05,18,0.10936349630355835
sequential,mov,0.05,0.3,0.76,3,rrg,40,0.00050493894,0.081015795,0.23810901,11,2.7094223e-28,0.0,0,1.6383243,1.605383276939392,2.2110107e-24,0.00050493894,12,0.09575650095939636
sequential,mov,0.05,0.3,0.77,3,rrg,5,0.41104847,0.10155658,0.24778211,3,0.16877544,0.23868452,0,1.8462481,1.6080036163330078,0.4092202,0.3057916,4,0.11103026568889618
sequential,mov,0.05,0.3,0.78,3,rrg,49,0.000553279,0.10160321,0.29941607,10,0.00014598061,0.00020644774,0,1.5674306,1.4790587425231934,0.55743325,0.00040729842,10,0.13395771384239197
sequential,mov,0.05,0.3,0.79,3,rrg,58,0.0001342398,0.10116478,0.29961136,13,6.819561e-05,9.6443146e-05,0,1.7686379,1.5233619213104248,0.71739787,0.00011294221,12,0.13398252427577972
sequential,mov,0.05,0.3,0.8,3,rrg,11,5.9317983e-05,0.1011128,0.299637,15,3.6552006e-05,2.6041735e-05,0,1.8229717,1.4935029745101929,1.2839848,2.2765978e-05,15,0.13401788473129272
sequential,mov,0.05,0.3,0.81,3,rrg,28,8.9601934e-05,0.10641736,0.30650485,13,6.707471e-13,9.485796e-13,0,1.3679805,1.4434195756912231,3.5296213e-07,8.9601934e-05,14,0.14106717705726624
sequential,mov,0.05,0.3,0.82,3,rrg,64,0.00022006266,0.11232266,0.31385002,12,2.5341607e-05,3.58079e-05,0,1.5437433,1.4325271844863892,0.52085435,0.00019472104,12,0.1488988846540451
sequential,mov,0.05,0.3,0.83,3,rrg,96,0.9999235,0.11891176,0.3217229,2,0.0018665227,0.0026395703,1,0.0008548134,1.417889952659607,0.6342972,0.99805707,2,0.1576368361711502
sequential,mov,0.05,0.3,0.84,3,rrg,33,1.0,0.063848555,0.2417259,1,0.0,0.0,1,7.656521e-11,1.5039317607879639,0.0,1.0,1,0.10511202365159988
sequential,mov,0.05,0.3,0.85,3,rrg,98,0.0055988994,0.001438982,0.0025569,2,0.3335258,0.47126836,0,1.9028792,1.6007983684539795,0.41249946,0.33500704,2,0.04545312002301216
sequential,mov,0.05,0.3,0.86,3,rrg,70,0.0010234027,0.0011223266,0.0023926944,5,0.0031831383,0.004501637,0,1.5352448,1.5574216842651367,0.62644225,0.0035242725,2,0.02463926188647747
sequential,mov,0.05,0.3,0.87,3,rrg,72,3.203544e-06,0.0012282517,0.0028577673,11,4.072164e-18,5.7589096e-18,0,1.6293169,1.5202138423919678,1.9969523e-13,3.203544e-06,11,0.026318959891796112
sequential,mov,0.05,0.3,0.88,3,rrg,41,0.00014239912,0.0013657566,0.0030711517,7,8.44032e-07,1.1936415e-06,0,0.6880218,1.4922947883605957,0.0012746807,0.0001415551,7,0.028525466099381447
sequential,mov,0.05,0.3,0.89,3,rrg,73,1.5484526e-05,0.0014846553,0.0032084065,7,1.3499671e-06,1.9091417e-06,0,2.3290973,1.5578533411026,0.5925944,1.4134559e-05,7,0.03110865317285061
sequential,mov,0.05,0.3,0.9,3,rrg,46,0.00029580883,0.0016329689,0.0033337483,6,0.00048637425,0.0006878371,0,1.8972044,1.4808719158172607,0.67481416,0.00058497716,6,0.03421824052929878
sequential,mov,0.05,0.3,0.91,3,rrg,47,0.011506581,0.0017265116,0.003491909,1,0.33333334,0.4714045,0,1.3589461,1.4295985698699951,3.980931e-05,0.33716884,1,0.03790959343314171
sequential,mov,0.05,0.3,0.92,3,rrg,50,3.4786428e-06,0.00046139082,0.00049048115,6,9.3873025e-09,1.3275652e-08,0,1.5903406,1.4390888214111328,0.005151775,3.4692555e-06,6,0.00046107976231724024
sequential,mov,0.05,0.3,0.93,3,rrg,52,6.8965533e-06,0.00051369984,0.00048915466,5,1.6834688e-14,2.3807845e-14,0,1.369565,1.417984962463379,1.4740457e-09,6.8965533e-06,5,0.0005135786486789584
sequential,mov,0.05,0.3,0.94,3,rrg,86,0.00051203783,0.00059533323,0.00047920793,4,2.9485124e-08,4.1698264e-08,0,2.210597,1.4261125326156616,0.0010455566,0.0005120083,4,0.0005952262436039746
sequential,mov,0.05,0.3,0.95,3,rrg,54,0.0007288939,0.0006119922,0.0005233574,3,0.0,0.0,0,1.4968328,1.269205093383789,3.61192e-40,0.00072889385,3,0.0006118696765042841
sequential,mov,0.05,0.3,0.96,3,rrg,88,1.8710846e-06,0.00058276695,0.00058147084,3,4.1210828e-07,5.828091e-07,0,1.4973162,1.212294578552246,0.4492493,1.4589763e-06,3,0.0005826138658449054
sequential,mov,0.05,0.3,0.97,3,rrg,57,0.0011884513,0.0007762029,0.00054876343,1,9.3e-43,0.0,0,0.68588156,1.1085125207901,2.4040347e-37,0.0011884513,1,0.0007761904853396118
sequential,mov,0.05,0.3,0.98,3,rrg,94,2.829258e-07,0.00056989625,0.0005696133,2,4.3640713e-09,6.1717293e-09,0,1.3005149,1.3093727827072144,0.011572954,2.7856174e-07,2,0.0005698940949514508
sequential,mov,0.05,0.3,0.99,3,rrg,31,0.0011395095,0.0011395095,0.0,1,0.0,0.0,0,1.3182342,1.3182342052459717,0.0,0.0011395095,1,0.001139509491622448
sequential,c_mov,0.05,0.3,0.0,3,rrg,80,0.04985791,0.04985791,0.0,1,0.04985791,0.0,1,2.7788618,2.7788617610931396,2.7788618,0.0,1,0.0
sequential,c_mov,0.05,0.3,0.01,3,rrg,96,0.049999997,0.049999975,3.411235e-08,6,0.049999982,4.775545e-08,1,2.5637298,2.642677068710327,2.561923,3.8494665e-08,4,3.1292437085994607e-08
sequential,c_mov,0.05,0.3,0.02,3,rrg,48,0.049999997,0.050000012,4.087647e-08,13,0.049999997,2.5988184e-08,0,2.5606103,2.491039514541626,2.5471427,2.2351742e-08,12,0.03165896236896515
sequential,c_mov,0.05,0.3,0.03,3,rrg,55,0.049999993,0.08109256,0.09327763,14,0.050000023,2.787752e-08,0,2.5418224,2.4301400184631348,2.5332658,2.9802322e-08,10,0.053774259984493256
sequential,c_mov,0.05,0.3,0.04,3,rrg,16,0.049945105,0.045879513,0.010936932,11,0.04884818,0.00093105616,0,2.643689,2.512087106704712,2.6279895,0.0012383634,10,0.018618792295455933
sequential,c_mov,0.05,0.3,0.05,3,rrg,6,0.3041876,0.05515764,0.058315717,1,0.02272725,0.018432377,1,1.9853343,2.463052988052368,1.627396,0.28146034,1,0.031565163284540176
sequential,c_mov,0.05,0.3,0.06,3,rrg,11,0.05282491,0.042767376,0.017462756,5,0.048512403,0.005002869,0,2.7015095,2.41296648979187,2.6804516,0.0055878498,13,0.0730104148387909
sequential,c_mov,0.05,0.3,0.07,3,rrg,17,0.052379902,0.035911568,0.017908715,4,0.04911749,0.0031302748,0,2.6593547,2.3822929859161377,2.641495,0.0032624106,16,0.0569818839430809
sequential,c_mov,0.05,0.3,0.08,3,rrg,18,0.046204668,0.038469836,0.016423468,7,0.045042884,0.005807665,0,2.5184155,2.416877031326294,2.5020525,0.004850425,16,0.04384497553110123
sequential,c_mov,0.05,0.3,0.09,3,rrg,14,0.02318641,0.028732445,0.017770592,12,0.02500681,0.015276923,0,2.6507547,2.352534532546997,2.5760534,0.012975906,10,0.09191551804542542
sequential,c_mov,0.05,0.3,0.1,3,rrg,0,0.059144173,0.025796618,0.017977908,1,0.050792802,0.005207558,0,2.2887902,2.4220619201660156,2.2050817,0.008351368,12,0.030235877260565758
sequential,c_mov,0.05,0.3,0.11,3,rrg,33,0.17610799,0.02799887,0.036039326,1,0.14923677,0.16617855,1,2.4428275,2.4102816581726074,2.3299332,0.16560437,2,0.0372219942510128
sequential,c_mov,0.05,0.3,0.12,3,rrg,25,0.04468355,0.02668791,0.013789058,3,0.039143357,0.0054310174,0,2.5234816,2.442962169647217,2.4913356,0.0062402077,15,0.00934784859418869
sequential,c_mov,0.05,0.3,0.13,3,rrg,42,0.037366807,0.020744357,0.010512868,1,0.036795314,0.0033035749,0,2.320256,2.325299024581909,2.2470644,0.0028666768,19,0.04217657446861267
sequential,c_mov,0.05,0.3,0.14,3,rrg,27,0.05443729,0.015352962,0.014141345,1,0.0127979,0.011758261,0,1.9507911,2.3614118099212646,1.4430842,0.04163939,2,0.02471286803483963
sequential,c_mov,0.05,0.3,0.15,3,rrg,24,0.03239993,0.023331057,0.021615257,5,0.027996369,0.00780639,0,2.5641901,2.282770872116089,2.5271902,0.007934651,8,0.042377766221761703
sequential,c_mov,0.05,0.3,0.16,3,rrg,53,0.020587748,0.010568168,0.008445187,4,0.01878777,0.010477338,0,2.5053184,2.3616747856140137,2.3860939,0.009786676,4,0.03937408700585365
sequential,c_mov,0.05,0.3,0.17,3,rrg,38,0.024224259,0.017732533,0.021669175,6,0.024065362,0.006873693,0,2.2653208,2.2090389728546143,2.2281554,0.005936671,13,0.040972232818603516
sequential,c_mov,0.05,0.3,0.18,3,rrg,8,0.04679277,0.016235752,0.023298731,3,0.3591948,0.45317835,0,1.8297641,2.1680657863616943,1.3449031,0.32378924,3,0.07151979207992554
sequential,c_mov,0.05,0.3,0.19,3,rrg,44,0.022233298,0.010270995,0.009462244,3,0.02233371,0.013755703,0,2.4583287,2.2340710163116455,2.3932776,0.012807448,5,0.0399116650223732
sequential,c_mov,0.05,0.3,0.2,3,rrg,9,0.02484749,0.008687289,0.0082121305,2,0.016764032,0.0017851912,0,2.5952241,2.2639975547790527,2.506633,0.008083458,5,0.00599519582465291
sequential,c_mov,0.05,0.3,0.21,3,rrg,1,0.011921545,0.0095601585,0.0122703295,6,0.013501748,0.00868215,0,2.5577753,2.229069232940674,2.542122,0.007576953,4,0.022843582555651665
sequential,c_mov,0.05,0.3,0.22,3,rrg,79,0.030036006,0.004911114,0.006468729,1,0.015339526,0.017080668,0,1.6295351,2.1545581817626953,1.3246012,0.02078539,3,0.037112362682819366
sequential,c_mov,0.05,0.3,0.23,3,rrg,5,0.040759973,0.00860618,0.010422891,1,0.33833632,0.467907,0,1.5894815,2.1696224212646484,0.6583175,0.34191704,1,0.03739319369196892
sequential,c_mov,0.05,0.3,0.24,3,rrg,35,0.042125616,0.0090035,0.011310091,1,0.0415245,0.040840812,0,2.1506739,2.2293875217437744,1.6988363,0.038669523,3,0.039330512285232544
sequential,c_mov,0.05,0.3,0.25,3,rrg,30,0.029638471,0.0076217526,0.009112839,2,0.021497337,0.0074034156,0,2.4169395,2.153808116912842,2.245913,0.0096064,4,0.037091199308633804
sequential,c_mov,0.05,0.3,0.26,3,rrg,56,0.017902765,0.008514974,0.016654149,2,0.33776388,0.46827182,0,2.2904449,2.053983211517334,1.65932,0.33487043,2,0.03876623883843422
sequential,c_mov,0.05,0.3,0.27,3,rrg,74,0.039117254,0.008275462,0.009251676,1,0.3360311,0.4695085,0,0.99732244,2.086528778076172,0.6718728,0.34367463,1,0.07159869372844696
sequential,c_mov,0.05,0.3,0.28,3,rrg,15,0.013580755,0.0066967644,0.006122083,3,0.014430675,0.008095711,0,2.3829367,2.1202635765075684,2.1481555,0.006894324,6,0.021839957684278488
sequential,c_mov,0.05,0.3,0.29,3,rrg,13,0.009934317,0.0047380775,0.004212777,4,0.0049390323,0.005522447,0,1.6773218,2.0811514854431152,1.2638549,0.006804328,4,0.03644265979528427
sequential,c_mov,0.05,0.3,0.3,3,rrg,67,0.011767399,0.0041972687,0.0038130954,2,0.33587444,0.46961138,0,2.4548419,2.129528045654297,1.6354595,0.33471468,1,0.036442577838897705
sequential,c_mov,0.05,0.3,0.31,3,rrg,29,0.015388992,0.0030595507,0.0036803067,1,0.0010977288,0.0015524231,0,1.9524137,2.1071219444274902,0.7856081,0.014291263,1,0.0029025853145867586
sequential,c_mov,0.05,0.3,0.32,3,rrg,84,0.010928658,0.0072492287,0.016804695,2,0.3347166,0.47042948,0,2.1448271,1.976485013961792,0.7954943,0.335593,3,0.053640831261873245
sequential,c_mov,0.05,0.3,0.33,3,rrg,63,0.014199679,0.0044011273,0.005197724,2,0.33694434,0.46885526,0,2.2420478,2.035344362258911,1.4261347,0.33445552,1,0.03631357103586197
sequential,c_mov,0.05,0.3,0.34,3,rrg,77,0.022960767,0.0047433437,0.0058805193,1,0.0008449625,0.0011949575,0,1.9272648,2.0999741554260254,0.80301696,0.022115804,1,0.0037741430569440126
sequential,c_mov,0.05,0.3,0.35,3,rrg,52,0.0062299,0.0037796404,0.0036016495,4,0.0044431263,0.0032001988,0,2.251552,2.0841705799102783,2.098624,0.0036081614,8,0.01957114040851593
sequential,c_mov,0.05,0.3,0.36,3,rrg,95,0.014211534,0.0065785213,0.016900152,2,0.0043640407,0.0031576005,0,1.8554014,1.9325507879257202,1.2151418,0.009847493,2,0.020345475524663925
sequential,c_mov,0.05,0.3,0.37,3,rrg,34,0.010922765,0.0025307233,0.002664634,1,0.00065283285,0.00092324504,0,2.0152135,2.096928358078003,0.70638114,0.010269932,2,0.018757011741399765
sequential,c_mov,0.05,0.3,0.38,3,rrg,47,0.010432138,0.006515266,0.016863478,2,0.3340263,0.4709153,0,2.0219784,1.9151662588119507,0.70252013,0.33611774,2,0.036476004868745804
sequential,c_mov,0.05,0.3,0.39,3,rrg,12,0.00480867,0.001963758,0.0021594907,2,0.00076193456,0.0010775382,0,1.6923499,1.9754339456558228,0.73543096,0.0040467354,2,0.0018306212732568383
sequential,c_mov,0.05,0.3,0.4,3,rrg,51,0.0013230521,0.0024100959,0.0021912686,12,0.0014956347,0.0015254063,0,1.9274585,2.0883047580718994,1.4670963,0.0013385707,11,0.018487948924303055
sequential,c_mov,0.05,0.3,0.41,3,rrg,61,0.0060125813,0.006455137,0.016811932,3,0.33448184,0.4705945,0,2.6093004,2.048286199569702,0.8479449,0.33418903,2,0.05309886485338211
sequential,c_mov,0.05,0.3,0.42,3,rrg,91,0.0043881815,0.0014770825,0.0012817839,1,0.0034519108,0.0024509095,0,2.1325648,2.0117907524108887,2.0202854,0.0025101753,3,0.0011644766200333834
sequential,c_mov,0.05,0.3,0.43,3,rrg,43,0.0048699006,0.0059224414,0.016948242,4,0.0037878712,0.0025366736,0,2.2474456,1.969395399093628,2.0859692,0.0025680184,6,0.01986664906144142
sequential,c_mov,0.05,0.3,0.44,3,rrg,99,0.0029139596,0.0058066314,0.01693376,5,0.00012729429,0.0001800213,0,2.2263596,1.993861198425293,0.74955505,0.0027866652,5,0.036187559366226196
sequential,c_mov,0.05,0.3,0.45,3,rrg,75,0.0039942237,0.0013956372,0.0012191958,1,0.0019767256,0.0014294229,0,1.909388,1.959796667098999,1.3845185,0.002017498,3,0.0010656750528141856
sequential,c_mov,0.05,0.3,0.46,3,rrg,85,0.0035018795,0.0010988069,0.0009963281,1,0.0011378712,0.00085521274,0,1.9345239,1.9645030498504639,1.354314,0.0023640085,2,0.01755884662270546
sequential,c_mov,0.05,0.3,0.47,3,rrg,90,0.009674205,0.005222733,0.017077733,2,0.00030272242,0.00042811412,0,2.002842,1.8748735189437866,0.7393549,0.009371483,2,0.019148938357830048
sequential,c_mov,0.05,0.3,0.48,3,rrg,98,0.0032840534,0.004923225,0.017052105,2,0.3336426,0.471186,0,2.478193,1.8774940967559814,0.77523804,0.33411875,2,0.03540285676717758
sequential,c_mov,0.05,0.3,0.49,3,rrg,22,0.0015720772,0.00080609415,0.0006551211,4,0.0009882614,0.000467915,0,2.2045996,1.9485429525375366,2.0380678,0.0005838157,10,0.0006092418916523457
sequential,c_mov,0.05,0.3,0.5,3,rrg,32,0.0009647572,0.0009409489,0.0010178603,7,0.00051675196,0.0004197593,0,1.9894557,1.7755285501480103,1.3547887,0.00049027003,8,0.0007837032899260521
sequential,c_mov,0.05,0.3,0.51,3,rrg,62,0.00022818957,0.0047295303,0.01709395,19,0.0003461012,0.00028590122,0,1.9553046,1.6877620220184326,1.304334,0.000270038,16,0.01869998313486576
sequential,c_mov,0.05,0.3,0.52,3,rrg,28,0.0006611643,0.004863913,0.01706885,11,0.00058748,0.0005035962,0,1.9142038,1.6921743154525757,1.2313982,0.0004528284,13,0.01884964108467102
sequential,c_mov,0.05,0.3,0.53,3,rrg,83,0.0003846271,0.00079571316,0.00063727313,14,3.989918e-05,5.6392753e-05,0,1.3566325,1.8110430240631104,0.6354366,0.00034472792,14,0.0007527820998802781
sequential,c_mov,0.05,0.3,0.54,3,rrg,4,0.0003996199,0.004659306,0.017103909,12,0.00073228264,0.0010355213,0,1.9994155,1.8484508991241455,0.654961,0.0008654112,8,0.018627285957336426
sequential,c_mov,0.05,0.3,0.55,3,rrg,76,9.691983e-05,0.00063872326,0.000628756,16,0.0002744441,0.00038811873,0,1.7087514,1.819435477256775,0.6693134,0.0003067471,13,0.0006752483313903213
sequential,c_mov,0.05,0.3,0.56,3,rrg,58,4.8255788e-05,0.00080515014,0.0010330123,17,8.601294e-06,1.2118634e-05,0,1.7407696,1.8621413707733154,0.6633763,3.9654497e-05,18,0.0007350128726102412
sequential,c_mov,0.05,0.3,0.57,3,rrg,36,7.090163e-05,0.0009454636,0.0010257139,19,2.8062454e-05,3.9686303e-05,0,1.4480087,1.77681565284729,0.48445866,5.169633e-05,20,0.0009081223979592323
sequential,c_mov,0.05,0.3,0.58,3,rrg,23,8.291488e-05,0.004588763,0.017118337,17,8.8851666e-05,0.000115273644,0,1.9913226,1.7846119403839111,1.2735263,0.0001065505,19,0.018671652302145958
sequential,c_mov,0.05,0.3,0.59,3,rrg,26,0.000101118,0.0010457109,0.0014075873,17,0.0001308481,0.00018504715,0,1.873373,1.7287479639053345,0.69370955,0.0001645541,16,0.001031215419061482
sequential,c_mov,0.05,0.3,0.6,3,rrg,37,0.00049227674,0.0048719957,0.017072149,13,4.5008055e-26,0.0,0,2.0765727,1.7358133792877197,4.747054e-22,0.00049227674,14,0.018943391740322113
sequential,c_mov,0.05,0.3,0.61,3,rrg,10,0.004533415,0.004983532,0.0170545,2,0.00036087135,0.0005103492,0,0.03816361,1.6679471731185913,0.63009655,0.0041725435,2,0.018986808136105537
sequential,c_mov,0.05,0.3,0.62,3,rrg,65,0.003914767,0.00096567656,0.0009078931,1,0.00029798064,0.00042140827,0,0.718007,1.7153297662734985,0.5041866,0.0036167863,1,0.0009129157988354564
sequential,c_mov,0.05,0.3,0.63,3,rrg,93,0.000719425,0.00084477774,0.0008766666,8,0.0010331675,0.0014611193,0,1.1583583,1.807251214981079,0.7753208,0.0012729758,6,0.0007620798423886299
sequential,c_mov,0.05,0.3,0.64,3,rrg,87,0.00042852294,0.0048230444,0.01712726,10,0.0,0.0,0,1.4339896,1.6769330501556396,0.0,0.00042852294,11,0.018835555762052536
sequential,c_mov,0.05,0.3,0.65,3,rrg,49,0.0007107985,0.0009484306,0.0020842024,6,0.00070095435,0.0008769139,0,2.0467274,1.680419683456421,1.2867492,0.0008275875,5,0.0009162431815639138
sequential,c_mov,0.05,0.3,0.66,3,rrg,7,0.00091400644,0.00056798966,0.0005457094,5,0.0010107396,0.0007326449,0,2.061056,1.6814346313476562,1.3677325,0.0007060708,7,0.0005370172439143062
sequential,c_mov,0.05,0.3,0.67,3,rrg,71,0.00040080864,0.004986868,0.01715128,11,0.00024442654,0.00019038263,0,1.747688,1.6533129215240479,1.250955,0.00019878661,13,0.018965546041727066
sequential,c_mov,0.05,0.3,0.68,3,rrg,97,0.00063633535,0.0046364116,0.017109098,10,0.00057203654,0.0005632594,0,2.1605344,1.6571251153945923,1.3552059,0.0005321621,12,0.01864340528845787
sequential,c_mov,0.05,0.3,0.69,3,rrg,20,0.00030001163,0.0049296455,0.017163975,12,0.0006122869,0.0008659044,0,1.8924559,1.522128939628601,0.65099674,0.0007122908,8,0.0190007034689188
sequential,c_mov,0.05,0.3,0.7,3,rrg,59,0.00046690568,0.0009315935,0.0021703937,8,0.00040721215,0.0004883163,0,1.9454865,1.5485966205596924,1.160346,0.00047765244,8,0.0009576959419064224
sequential,c_mov,0.05,0.3,0.71,3,rrg,2,0.010012396,0.004995892,0.017152596,2,1.1585758e-14,1.6384738e-14,0,0.72680545,1.395330548286438,3.751283e-10,0.010012396,2,0.019005676731467247
sequential,c_mov,0.05,0.3,0.72,3,rrg,40,0.00050765043,0.00044909734,0.00064406527,7,1.194929e-15,1.6898848e-15,0,1.6319429,1.5636622905731201,4.7869174e-12,0.00050765043,7,0.0004667200264520943
sequential,c_mov,0.05,0.3,0.73,3,rrg,73,3.2563134e-05,0.0005357594,0.0006340384,18,8.4453706e-05,0.00011673326,0,2.3717382,1.5128954648971558,1.20397,9.275039e-05,16,0.0005622575990855694
sequential,c_mov,0.05,0.3,0.74,3,rrg,3,0.00028643393,0.004390768,0.0171643,9,1.913777e-09,2.7064895e-09,0,2.0177124,1.4614379405975342,5.134565e-05,0.000286432,10,0.01844257116317749
sequential,c_mov,0.05,0.3,0.75,3,rrg,81,9.261353e-05,0.00063538254,0.00071722426,15,1.1392982e-25,0.0,0,1.9613935,1.4591139554977417,6.5960985e-20,9.261353e-05,15,0.0006377021782100201
sequential,c_mov,0.05,0.3,0.76,3,rrg,54,0.000728833,0.0045866827,0.017122563,8,2.8056091e-14,3.9677307e-14,0,1.4976898,1.3601715564727783,9.150092e-10,0.000728833,9,0.018626775592565536
sequential,c_mov,0.05,0.3,0.77,3,rrg,78,0.0018812015,0.0045200246,0.017138286,4,1.0500424e-18,1.4849841e-18,0,1.0704889,1.3595812320709229,5.725248e-14,0.0018812014,3,0.018555130809545517
sequential,c_mov,0.05,0.3,0.78,3,rrg,70,0.0009249539,0.00047860653,0.00067289453,5,5.2316378e-18,7.398653e-18,0,1.5537552,1.4681050777435303,1.5288436e-13,0.0009249539,5,0.0004907942493446171
sequential,c_mov,0.05,0.3,0.79,3,rrg,19,4.434246e-05,0.004300613,0.017181171,14,0.00018664288,0.0002639529,0,1.4747747,1.4216314554214478,0.6359933,0.00020142371,10,0.018356699496507645
sequential,c_mov,0.05,0.3,0.8,3,rrg,21,0.00064612785,0.0044091716,0.017161483,6,1.7149744e-36,0.0,0,1.0622616,1.3840011358261108,1.7149441e-31,0.00064612785,7,0.018447086215019226
sequential,c_mov,0.05,0.3,0.81,3,rrg,31,0.0011394826,0.0045894375,0.01758821,4,0.0,0.0,0,1.3185105,1.4014551639556885,0.0,0.0011394826,4,0.01936723105609417
sequential,c_mov,0.05,0.3,0.82,3,rrg,64,9.718215e-05,0.0047745775,0.018052042,12,4.864414e-23,7.486784e-23,0,1.4215404,1.4061863422393799,3.4418747e-18,9.718215e-05,11,0.020372647792100906
sequential,c_mov,0.05,0.3,0.83,3,rrg,89,4.0830193e-05,0.005045999,0.018539393,12,1.4869391e-33,0.0,0,1.3384068,1.4049651622772217,6.9444296e-28,4.083019e-05,13,0.021560972556471825
sequential,c_mov,0.05,0.3,0.84,3,rrg,66,0.07915998,0.005357592,0.019066686,1,0.33333334,0.4714045,0,0.27671388,1.4120304584503174,0.0,0.35972,1,0.02290458418428898
sequential,c_mov,0.05,0.3,0.85,3,rrg,68,0.00018033617,0.0004370095,0.0006682082,7,0.00031776924,0.00044939356,0,1.6954712,1.4895492792129517,0.58227146,0.0003778813,5,0.00044974955380894244
sequential,c_mov,0.05,0.3,0.86,3,rrg,69,0.00010800384,0.0004324466,0.0006658559,9,1.2070724e-05,1.7070583e-05,0,1.8594682,1.4843580722808838,0.58676964,9.5933116e-05,9,0.00045327842235565186
sequential,c_mov,0.05,0.3,0.87,3,rrg,39,0.00032911234,0.0003943287,0.0005911105,5,2.9906955e-18,4.2294824e-18,0,1.0401665,1.4607974290847778,2.6600128e-12,0.0003291123,6,0.00043248606380075216
sequential,c_mov,0.05,0.3,0.88,3,rrg,72,4.533938e-06,0.00037815145,0.0005776259,9,8.907068e-07,1.2596497e-06,0,1.6721405,1.4920936822891235,0.05018359,3.6432311e-06,10,0.0004184650315437466
sequential,c_mov,0.05,0.3,0.89,3,rrg,41,0.00013995664,0.00039932394,0.0005696992,7,8.80953e-27,0.0,0,0.67959195,1.478831171989441,1.0321123e-21,0.00013995664,7,0.0004414105787873268
sequential,c_mov,0.05,0.3,0.9,3,rrg,45,1.0123907e-05,0.00041853916,0.0005843292,7,6.297055e-24,0.0,0,1.5824565,1.5600621700286865,1.5100762e-18,1.0123907e-05,7,0.0004644859000109136
sequential,c_mov,0.05,0.3,0.91,3,rrg,46,0.00029720442,0.00045763594,0.0005999331,4,0.00048704387,0.00068878406,0,1.8972683,1.5578904151916504,0.67453665,0.000586112,4,0.0005087497411295772
sequential,c_mov,0.05,0.3,0.92,3,rrg,92,0.00035107808,0.00041319663,0.0005541475,3,0.0,0.0,0,1.6403652,1.5332449674606323,0.0,0.00035107808,4,0.000445217767264694
sequential,c_mov,0.05,0.3,0.93,3,rrg,50,3.4728098e-06,0.00037302193,0.000558662,5,5.2903284e-24,0.0,0,1.5823462,1.5237482786178589,6.6982406e-18,3.4728098e-06,5,0.0004113352042622864
sequential,c_mov,0.05,0.3,0.94,3,rrg,82,6.611688e-05,0.00041923803,0.0005771337,4,1.4252473e-30,0.0,0,1.296565,1.5145856142044067,1.2252128e-25,6.611688e-05,4,0.00046420967555604875
sequential,c_mov,0.05,0.3,0.95,3,rrg,86,0.0005148207,0.00048701573,0.0006079329,2,5.9233415e-08,8.37687e-08,0,2.210555,1.5582462549209595,0.0019588626,0.0005147615,3,0.0005410168669186532
sequential,c_mov,0.05,0.3,0.96,3,rrg,88,1.8710821e-06,0.00048006562,0.00067951303,3,4.1210822e-07,5.828091e-07,0,1.4973252,1.3951637744903564,0.4492514,1.4589738e-06,3,0.0005475817597471178
sequential,c_mov,0.05,0.3,0.97,3,rrg,57,0.0016408779,0.00063926954,0.0007171275,1,9.209397e-05,0.00013024053,0,0.70054,1.3523327112197876,0.678343,0.0015487839,1,0.0007294829119928181
sequential,c_mov,0.05,0.3,0.98,3,rrg,60,0.00017030076,8.5291846e-05,8.500891e-05,1,2.5925714e-05,3.6664496e-05,0,1.994856,1.6476860046386719,0.03453594,0.00014437504,1,7.232680218294263e-05
sequential,c_mov,0.05,0.3,0.99,3,rrg,94,2.0834408e-07,2.0834408e-07,0.0,1,5.4135685e-10,7.655942e-10,0,1.2958276,1.2958276271820068,0.0018242866,2.0780271e-07,1,2.078027137031313e-07
sequential,ov,0.2,0.3,0.0,3,rrg,7,0.1993963,0.19939631,1.4901161e-08,1,0.1993963,0.0,1,2.292514,2.2925143241882324,2.292514,0.0,1,0.0
sequential,ov,0.2,0.3,0.01,3,rrg,64,0.19999771,0.19999751,1.2022937e-07,2,0.19999759,4.2146848e-08,1,2.1141298,2.170997381210327,2.064683,1.1920929e-07,6,0.013281343504786491
sequential,ov,0.2,0.3,0.02,3,rrg,78,0.19999985,0.19999982,6.269123e-08,5,0.19999985,8.6460986e-08,1,2.1994376,2.163896083831787,2.1942308,8.443991e-08,7,0.025830138474702835
sequential,ov,0.2,0.3,0.03,3,rrg,88,0.20000003,0.2,4.5564427e-08,4,0.20000003,1.9237316e-08,1,2.2006242,2.1543431282043457,2.2000017,1.4901161e-08,19,0.02622399665415287
sequential,ov,0.2,0.3,0.04,3,rrg,49,0.2,0.20000002,5.2260393e-08,12,0.20000003,4.3867832e-08,1,2.0894973,2.1347408294677734,2.043253,3.973643e-08,15,0.026237035170197487
sequential,ov,0.2,0.3,0.05,3,rrg,12,0.19999997,0.2,3.9283712e-08,12,0.2,3.847463e-08,1,1.991075,2.0859410762786865,1.9002314,3.973643e-08,9,0.05290324240922928
sequential,ov,0.2,0.3,0.06,3,rrg,26,0.19999999,0.19999999,3.8136495e-08,9,0.46614584,0.37638703,1,1.7582389,2.089304208755493,1.2896327,0.26614586,4,0.053306497633457184
sequential,ov,0.2,0.3,0.07,3,rrg,71,0.2,0.2,3.7990656e-08,7,0.19999999,1.4901161e-08,1,2.1101022,2.077190637588501,2.0641415,9.934108e-09,20,0.05333174392580986
sequential,ov,0.2,0.3,0.08,3,rrg,2,0.20000002,0.20000002,3.4466485e-08,7,0.2,3.847463e-08,1,2.1672149,2.1338565349578857,2.1480973,3.4769375e-08,9,0.013281285762786865
sequential,ov,0.2,0.3,0.09,3,rrg,48,0.19999997,0.2,2.9802322e-08,13,0.19999997,4.712161e-08,1,2.1713297,2.0491480827331543,2.1558263,3.973643e-08,12,0.06622399389743805
sequential,ov,0.2,0.3,0.1,3,rrg,5,0.19999994,0.2,3.430505e-08,19,0.2,2.4333495e-08,1,1.9939864,1.957180380821228,1.9073777,5.9604645e-08,10,0.1462361365556717
sequential,ov,0.2,0.3,0.11,3,rrg,34,0.2,0.2,3.195943e-08,8,0.19999999,0.0,1,2.1400077,1.9679450988769531,2.1071618,1.4901161e-08,19,0.1182812824845314
sequential,ov,0.2,0.3,0.12,3,rrg,61,0.2,0.2,3.740162e-08,5,0.2,3.6500243e-08,1,2.1891055,2.005751609802246,2.1784642,2.9802322e-08,16,0.09330645203590393
sequential,ov,0.2,0.3,0.13,3,rrg,30,0.19999997,0.2,4.5686093e-08,11,0.2,2.5809568e-08,1,2.152588,1.97536301612854,2.122801,3.4769375e-08,14,0.10665364563465118
sequential,ov,0.2,0.3,0.14,3,rrg,0,0.19999997,0.2,3.2132654e-08,13,0.19999997,3.7500435e-08,1,2.0209267,1.9475195407867432,1.9234041,3.4769375e-08,12,0.13247396051883698
sequential,ov,0.2,0.3,0.15,3,rrg,75,0.2,0.2,3.8857475e-08,7,0.19999999,3.6500243e-08,1,2.0642297,1.9752929210662842,1.9992414,3.4769375e-08,13,0.09330729395151138
sequential,ov,0.2,0.3,0.16,3,rrg,45,0.20000006,0.20000002,3.60411e-08,2,0.19999999,2.8533552e-08,1,2.0232408,1.8530399799346924,1.9201654,6.953875e-08,12,0.18656089901924133
sequential,ov,0.2,0.3,0.17,3,rrg,67,0.19999997,0.20000002,4.616956e-08,16,0.46666667,0.37712362,1,1.7560464,1.870889663696289,1.2731346,0.26666668,5,0.18582673370838165
sequential,ov,0.2,0.3,0.18,3,rrg,96,0.19999999,0.2,4.0535543e-08,10,0.20000003,2.1073424e-08,1,2.1250358,1.8731448650360107,2.0622702,3.4769375e-08,16,0.17332664132118225
sequential,ov,0.2,0.3,0.19,3,rrg,60,0.19999997,0.2,3.5419657e-08,14,0.19999997,3.2190187e-08,0,2.1012733,1.8540490865707397,2.043184,2.9802322e-08,16,0.18661439418792725
sequential,ov,0.2,0.3,0.2,3,rrg,31,0.19999999,0.19224483,0.025965804,10,0.46665034,0.37710056,0,1.7581627,1.9016920328140259,1.2659189,0.26665035,7,0.11382190138101578
sequential,ov,0.2,0.3,0.21,3,rrg,81,0.2,0.194894,0.034189764,7,0.4666667,0.37712362,1,1.7963083,1.8629249334335327,1.3221895,0.26666668,7,0.1883665919303894
sequential,ov,0.2,0.3,0.22,3,rrg,1,0.19999994,0.19663653,0.010492047,14,0.46666875,0.37711775,0,1.7498238,1.824234962463379,1.2474574,0.26666886,8,0.21676138043403625
sequential,ov,0.2,0.3,0.23,3,rrg,83,0.2,0.18933791,0.037904643,10,0.73333335,0.37712362,1,1.4760998,1.9454996585845947,0.5569791,0.53333336,2,0.15343031287193298
sequential,ov,0.2,0.3,0.24,3,rrg,13,0.19266984,0.19635585,0.025468694,15,0.18427771,0.022319272,0,2.202312,1.870879888534546,2.1683617,0.018245423,16,0.20537617802619934
sequential,ov,0.2,0.3,0.25,3,rrg,35,0.19891281,0.19291508,0.039834436,13,0.19071727,0.01331138,0,1.9003612,1.8303279876708984,1.7271624,0.009818236,18,0.22028474509716034
sequential,ov,0.2,0.3,0.26,3,rrg,47,0.20000538,0.18228765,0.04450128,6,0.20005141,7.269629e-05,0,2.0502949,1.8722221851348877,1.9668427,5.3197145e-05,17,0.187235027551651
sequential,ov,0.2,0.3,0.27,3,rrg,21,0.20024738,0.19093722,0.03658204,5,0.4648271,0.3784315,0,1.6741782,1.8744609355926514,1.0825068,0.26858866,8,0.20207488536834717
sequential,ov,0.2,0.3,0.28,3,rrg,92,0.19999994,0.16523005,0.04745109,6,0.19999999,2.1073424e-08,0,1.9037482,1.8850059509277344,1.7723879,5.4637592e-08,20,0.22155694663524628
sequential,ov,0.2,0.3,0.29,3,rrg,58,0.18738534,0.17279407,0.045770723,11,0.4465631,0.39205775,0,1.7519841,1.9026069641113281,1.1822411,0.29024652,7,0.21588607132434845
sequential,ov,0.2,0.3,0.3,3,rrg,66,0.14288667,0.15451935,0.058059055,13,0.11520138,0.058846302,0,2.2780313,1.922410249710083,2.1174242,0.064649716,15,0.24789312481880188
sequential,ov,0.2,0.3,0.31,3,rrg,39,0.20000029,0.15820034,0.059962798,6,0.73333526,0.37712088,0,1.4761046,1.8838417530059814,0.5570861,0.533335,4,0.21738140285015106
sequential,ov,0.2,0.3,0.32,3,rrg,52,0.15746017,0.16251664,0.037775125,11,0.18128692,0.07917946,0,1.9885156,1.8527119159698486,1.848869,0.07573771,15,0.26324382424354553
sequential,ov,0.2,0.3,0.33,3,rrg,99,0.2061267,0.15851429,0.05915897,4,0.4070692,0.42597336,0,1.6330161,1.9163671731948853,0.6549099,0.32830635,6,0.20310422778129578
sequential,ov,0.2,0.3,0.34,3,rrg,85,0.09079754,0.1637628,0.064015456,16,0.08064885,0.077869475,0,2.0245538,1.88076651096344,1.3319874,0.073560074,14,0.22399120032787323
sequential,ov,0.2,0.3,0.35,3,rrg,77,0.21276781,0.15317856,0.058155064,2,0.44885883,0.3907368,0,1.6777639,1.8825184106826782,1.1428769,0.2887304,7,0.20586733520030975
sequential,ov,0.2,0.3,0.36,3,rrg,29,0.17029022,0.16119339,0.04127444,12,0.4024168,0.43094176,0,1.6834404,1.8522090911865234,0.5819726,0.3456495,9,0.2934792935848236
sequential,ov,0.2,0.3,0.37,3,rrg,87,0.15262206,0.1486828,0.05536629,11,0.41718486,0.4170205,0,1.8632078,1.9341322183609009,1.3010181,0.3345448,6,0.19508212804794312
sequential,ov,0.2,0.3,0.38,3,rrg,8,0.19537626,0.16481462,0.03615979,6,0.4527575,0.38735247,0,1.7764329,1.8252815008163452,1.3057357,0.28246167,11,0.2828039526939392
sequential,ov,0.2,0.3,0.39,3,rrg,57,0.28097203,0.16138846,0.060258955,2,0.40387323,0.4285118,0,1.6438097,1.825769066810608,0.73809415,0.3564508,10,0.32328367233276367
sequential,ov,0.2,0.3,0.4,3,rrg,74,0.08261555,0.15499243,0.050566792,17,0.078083135,0.07392523,0,2.2018702,1.9165338277816772,1.1919256,0.067675374,15,0.21251893043518066
sequential,ov,0.2,0.3,0.41,3,rrg,68,0.11409607,0.14795417,0.040649176,17,0.39282286,0.43547738,0,1.8294692,1.8324439525604248,0.5943932,0.35479084,8,0.2978077828884125
sequential,ov,0.2,0.3,0.42,3,rrg,25,0.18977156,0.15763548,0.049171086,7,0.16385819,0.04726064,0,2.135032,1.8269588947296143,2.053479,0.035891857,20,0.3046031892299652
sequential,ov,0.2,0.3,0.43,3,rrg,97,0.13653156,0.16343506,0.077322654,13,0.07887934,0.1033269,0,1.8700055,1.8207792043685913,0.79128903,0.11652917,15,0.28612786531448364
sequential,ov,0.2,0.3,0.44,3,rrg,69,0.16987894,0.1481199,0.05392863,10,0.14880437,0.052716933,0,2.0927196,1.900848627090454,1.9486588,0.04140511,16,0.21975579857826233
sequential,ov,0.2,0.3,0.45,3,rrg,37,0.017317802,0.1405819,0.060224734,20,0.017003821,0.024047036,0,1.8540226,1.8597421646118164,0.75038224,0.022776423,20,0.24867863953113556
sequential,ov,0.2,0.3,0.46,3,rrg,65,0.13666065,0.16975671,0.06225357,16,0.39127395,0.4362446,0,1.8276963,1.8310222625732422,0.7013126,0.3457204,6,0.278094083070755
sequential,ov,0.2,0.3,0.47,3,rrg,62,0.022143293,0.15915051,0.074548095,19,0.048048805,0.06795127,0,1.98553,1.7985244989395142,0.6408813,0.055429906,18,0.29150232672691345
sequential,ov,0.2,0.3,0.48,3,rrg,55,0.21720046,0.13133511,0.06407619,1,0.45103016,0.38845772,0,1.7656486,1.8356244564056396,1.2850822,0.28803664,10,0.24614247679710388
sequential,ov,0.2,0.3,0.49,3,rrg,56,0.051206548,0.17091398,0.08678988,19,0.044878494,0.057403743,0,2.164579,1.7689626216888428,1.3983585,0.056125656,17,0.24300308525562286
sequential,ov,0.2,0.3,0.5,3,rrg,73,0.045528237,0.16282234,0.056525923,19,0.05721475,0.08091388,0,1.9189956,1.782947301864624,0.60029465,0.07239083,16,0.30479636788368225
sequential,ov,0.2,0.3,0.51,3,rrg,33,0.16099384,0.13900582,0.06355571,6,0.6792051,0.45367247,0,1.5697038,1.772334098815918,0.63381386,0.60046357,3,0.3194078505039215
sequential,ov,0.2,0.3,0.52,3,rrg,72,0.20018268,0.14999147,0.07588326,4,0.73264694,0.37809438,0,1.5067161,1.7731815576553345,0.64473456,0.53395885,5,0.28453677892684937
sequential,ov,0.2,0.3,0.53,3,rrg,3,0.17549649,0.14984164,0.090913974,8,0.6979928,0.42710266,0,1.5458745,1.6643359661102295,0.6393694,0.57684165,4,0.26471999287605286
sequential,ov,0.2,0.3,0.54,3,rrg,23,0.12321374,0.14084117,0.07070796,13,0.6666667,0.47140452,0,1.6018527,1.7771985530853271,2.7191044e-31,0.6255954,1,0.2470455914735794
sequential,ov,0.2,0.3,0.55,3,rrg,6,0.12305219,0.15890811,0.09072999,14,0.6666667,0.47140452,0,1.6044335,1.7811838388442993,3.6272955e-32,0.6256493,1,0.26044175028800964
sequential,ov,0.2,0.3,0.56,3,rrg,28,0.053638678,0.1423446,0.05604735,18,0.33353782,0.47126,0,1.9144202,1.8662258386611938,0.008432107,0.35100842,8,0.2657110095024109
sequential,ov,0.2,0.3,0.57,3,rrg,79,0.3961071,0.15092322,0.078884386,1,0.33333334,0.4714045,0,1.2433311,1.7591378688812256,3.5319095e-25,0.46536908,3,0.2608591914176941
sequential,ov,0.2,0.3,0.58,3,rrg,20,0.29864112,0.16818461,0.084012516,2,0.39961728,0.43222684,0,1.6252104,1.766047716140747,0.6427582,0.36659646,4,0.2630369961261749
sequential,ov,0.2,0.3,0.59,3,rrg,22,0.08188705,0.14668198,0.07609305,17,0.38461122,0.43965417,0,2.2804978,1.8028934001922607,0.60135746,0.35731554,5,0.20576906204223633
sequential,ov,0.2,0.3,0.6,3,rrg,4,0.09776853,0.15415701,0.06841392,17,0.39226708,0.43575156,0,1.953154,1.7024154663085938,0.61691976,0.35967752,5,0.26159024238586426
sequential,ov,0.2,0.3,0.61,3,rrg,98,0.14070195,0.16536024,0.08003686,12,0.6666667,0.47140452,0,1.484997,1.7184470891952515,7.73945e-35,0.619766,3,0.26620596647262573
sequential,ov,0.2,0.3,0.62,3,rrg,15,0.17981264,0.14899418,0.07233585,7,0.6666667,0.47140452,0,1.3548003,1.7865641117095947,2.3971817e-29,0.6067291,2,0.20761725306510925
sequential,ov,0.2,0.3,0.63,3,rrg,94,0.04721252,0.1390654,0.057339188,19,4.839851e-13,6.844582e-13,0,1.8455622,1.858555793762207,4.847577e-11,0.047212522,19,0.20507657527923584
sequential,ov,0.2,0.3,0.64,3,rrg,59,0.100637354,0.1673978,0.06711675,19,0.38729212,0.43825424,0,2.0056832,1.747412085533142,0.7043948,0.3537091,7,0.2449657917022705
sequential,ov,0.2,0.3,0.65,3,rrg,50,0.25663066,0.16464609,0.06883883,2,0.43326795,0.40082446,0,1.6401916,1.7637840509414673,1.058585,0.31894228,7,0.2325689047574997
sequential,ov,0.2,0.3,0.66,3,rrg,11,0.14070183,0.17456913,0.07189317,15,0.6666667,0.47140452,0,1.484997,1.7236897945404053,1.0275772e-36,0.61976606,2,0.2560541331768036
sequential,ov,0.2,0.3,0.67,3,rrg,18,0.14703535,0.15352431,0.067051545,9,0.11832032,0.08739163,0,2.0267272,1.8073291778564453,1.2822142,0.06962646,13,0.18721076846122742
sequential,ov,0.2,0.3,0.68,3,rrg,36,0.15553737,0.16682036,0.08041933,10,0.1187562,0.10297941,0,2.0007625,1.853804588317871,1.2332139,0.1005164,12,0.22274699807167053
sequential,ov,0.2,0.3,0.69,3,rrg,82,0.12412205,0.1485562,0.06278505,14,0.40694892,0.428828,0,1.8956615,1.773816466331482,0.70497465,0.36516514,3,0.2218119204044342
sequential,ov,0.2,0.3,0.7,3,rrg,91,0.14458422,0.15032989,0.081254445,11,0.33333334,0.4714045,0,1.6772882,1.6324535608291626,6.232463e-21,0.38152805,5,0.2183419167995453
sequential,ov,0.2,0.3,0.71,3,rrg,63,0.043822005,0.15095533,0.066031754,20,0.087082945,0.12312381,0,1.3459255,1.8223813772201538,0.59869057,0.10166192,12,0.21605798602104187
sequential,ov,0.2,0.3,0.72,3,rrg,70,0.04266087,0.13549383,0.064510494,19,0.034900114,0.049356215,0,1.8930156,1.8039230108261108,0.7556515,0.049120408,19,0.21019597351551056
sequential,ov,0.2,0.3,0.73,3,rrg,44,0.20186122,0.15860929,0.08209888,6,2.8832856e-10,4.0775816e-10,0,1.0550274,1.7393239736557007,1.5504055e-08,0.20186122,9,0.20739904046058655
sequential,ov,0.2,0.3,0.74,3,rrg,86,0.11531956,0.134371,0.07776587,11,0.36219177,0.45238134,0,1.9993224,1.788872480392456,0.6496135,0.34291473,7,0.20391862094402313
sequential,ov,0.2,0.3,0.75,3,rrg,27,0.21039,0.14105232,0.07241743,3,0.13945648,0.04361946,0,2.2266138,1.7311804294586182,2.0961735,0.07093352,15,0.21992643177509308
sequential,ov,0.2,0.3,0.76,3,rrg,24,0.1887086,0.13964161,0.07492521,5,0.71504873,0.40298203,0,1.5383056,1.763058066368103,0.675327,0.5553818,2,0.22057096660137177
sequential,ov,0.2,0.3,0.77,3,rrg,54,0.09090271,0.11860988,0.07866651,12,0.08574465,0.07170173,0,2.1072419,1.7030433416366577,1.4711633,0.06839345,15,0.19205258786678314
sequential,ov,0.2,0.3,0.78,3,rrg,9,0.11958945,0.11679441,0.079576425,10,0.38370204,0.4386938,0,1.8656774,1.6804628372192383,0.6545588,0.33462545,7,0.20543260872364044
sequential,ov,0.2,0.3,0.79,3,rrg,90,0.10668161,0.124656975,0.089164875,12,3.0421575e-08,4.30226e-08,0,1.5537348,1.6687673330307007,3.6588137e-06,0.10668158,13,0.21121124923229218
sequential,ov,0.2,0.3,0.8,3,rrg,10,0.020131255,0.12210695,0.09026155,17,0.022431038,0.03172175,0,1.8576685,1.6831785440444946,0.7067197,0.029140957,17,0.2099074423313141
sequential,ov,0.2,0.3,0.81,3,rrg,14,0.28994086,0.12525475,0.09093314,2,0.33333334,0.4714045,0,0.6021001,1.6588116884231567,0.0,0.42998028,3,0.2192898988723755
sequential,ov,0.2,0.3,0.82,3,rrg,32,0.13545944,0.11475624,0.0845223,8,0.6666667,0.47140452,0,1.3109006,1.713907241821289,1.8096406e-38,0.62151355,1,0.20601299405097961
sequential,ov,0.2,0.3,0.83,3,rrg,38,0.294769,0.11312038,0.08687586,1,0.33333334,0.4714045,0,1.5648314,1.7366524934768677,5.3060287e-24,0.4315897,1,0.18098904192447662
sequential,ov,0.2,0.3,0.84,3,rrg,40,0.013503542,0.101556316,0.07638688,14,0.020808393,0.029427435,0,1.791873,1.7468047142028809,0.7091329,0.025309503,14,0.1650046855211258
sequential,ov,0.2,0.3,0.85,3,rrg,41,0.15465838,0.10407884,0.07295857,5,0.015611564,0.022078086,0,1.8322198,1.7480777502059937,0.63230115,0.1390468,7,0.17225991189479828
sequential,ov,0.2,0.3,0.86,3,rrg,42,0.17512827,0.09382916,0.067104936,2,0.36961985,0.44795606,0,1.6853805,1.7019996643066406,0.63534933,0.35542288,3,0.16652551293373108
sequential,ov,0.2,0.3,0.87,3,rrg,43,0.06146229,0.082938865,0.06427224,8,0.34373018,0.4642275,0,2.0140295,1.6849148273468018,0.24469769,0.34342393,3,0.1498701274394989
sequential,ov,0.2,0.3,0.88,3,rrg,76,0.13626704,0.08463264,0.06643156,4,0.33333334,0.4714045,0,1.323683,1.6523994207382202,7.4002693e-10,0.37875566,1,0.13358542323112488
sequential,ov,0.2,0.3,0.89,3,rrg,46,0.02786324,0.07993204,0.06743505,8,0.03381296,0.04781875,0,1.8097186,1.680996060371399,0.6533406,0.043100704,8,0.1112680733203888
sequential,ov,0.2,0.3,0.9,3,rrg,16,0.013380766,0.09836607,0.08190782,9,0.0,0.0,0,1.1340234,1.569023609161377,0.0,0.013380766,9,0.13213898241519928
sequential,ov,0.2,0.3,0.91,3,rrg,80,0.028967736,0.109673776,0.084021136,7,4.456427e-09,6.302339e-09,0,1.1183717,1.5828752517700195,4.878278e-07,0.028967733,8,0.14728763699531555
sequential,ov,0.2,0.3,0.92,3,rrg,17,0.20239174,0.12096781,0.08404281,2,0.061142426,0.07054762,0,2.0174706,1.6024106740951538,1.3431221,0.14124931,4,0.16260024905204773
sequential,ov,0.2,0.3,0.93,3,rrg,51,0.0011226254,0.08934484,0.08378243,7,0.0,0.0,0,1.3462259,1.5479129552841187,0.0,0.0011226254,7,0.15865090489387512
sequential,ov,0.2,0.3,0.94,3,rrg,19,0.25380737,0.09867901,0.08047027,1,2.9542788e-08,4.177981e-08,0,0.5666472,1.5803099870681763,1.4866685e-05,0.25380734,3,0.18114297091960907
sequential,ov,0.2,0.3,0.95,3,rrg,84,0.12817569,0.06515297,0.041731223,1,0.37077522,0.4449981,0,2.0245354,1.781943917274475,1.2319993,0.3386167,2,0.16477099061012268
sequential,ov,0.2,0.3,0.96,3,rrg,89,0.070337065,0.051533908,0.031181483,2,0.0011153949,0.0015774068,0,1.4087191,1.6661555767059326,0.047755495,0.06922167,2,0.12034338712692261
sequential,ov,0.2,0.3,0.97,3,rrg,93,0.08371382,0.04640576,0.03396957,1,0.33333334,0.4714045,0,1.2567583,1.709145426750183,0.0,0.3612379,1,0.1388758420944214
sequential,ov,0.2,0.3,0.98,3,rrg,53,0.0015407593,0.028401893,0.026861133,2,4.3493185e-07,6.1508655e-07,0,1.9321052,1.914897084236145,3.1871885e-05,0.0015403243,2,0.028395550325512886
sequential,ov,0.2,0.3,0.99,3,rrg,95,0.05555731,0.05555731,0.0,1,1.4964394e-06,1.9986303e-06,0,1.8917705,1.8917704820632935,0.00012734375,0.055555817,1,0.05555581673979759
sequential,mov,0.2,0.3,0.0,3,rrg,51,0.1993963,0.19939631,1.4901161e-08,1,0.1993963,0.0,0,2.292514,2.2925143241882324,2.292514,0.0,1,0.0
sequential,mov,0.2,0.3,0.01,3,rrg,17,0.19980901,0.1961538,0.01247053,16,0.19689299,0.0046634264,0,2.212702,2.2190396785736084,2.2207565,0.003424714,4,0.006057484541088343
sequential,mov,0.2,0.3,0.02,3,rrg,27,0.19418772,0.172738,0.03629051,7,0.18962723,0.014197234,0,2.2389235,2.2843363285064697,2.2483807,0.011864036,13,0.02606401965022087
sequential,mov,0.2,0.3,0.03,3,rrg,42,0.19896887,0.18132405,0.025848098,6,0.193002,0.0064305477,0,2.2482285,2.2874865531921387,2.2635803,0.007937923,13,0.02032206393778324
sequential,mov,0.2,0.3,0.04,3,rrg,18,0.19783823,0.16628146,0.048525795,8,0.1865245,0.016869897,0,2.255954,2.298189163208008,2.270241,0.014110222,11,0.028225785121321678
sequential,mov,0.2,0.3,0.05,3,rrg,91,0.19809307,0.16021803,0.058546785,8,0.1809345,0.027246227,0,2.301794,2.3018009662628174,2.317377,0.019942254,12,0.03282451257109642
sequential,mov,0.2,0.3,0.06,3,rrg,25,0.1671202,0.16273169,0.05898135,13,0.1661069,0.06613522,0,2.3218448,2.283390998840332,2.267086,0.06157462,6,0.04164375737309456
sequential,mov,0.2,0.3,0.07,3,rrg,41,0.20496187,0.16071448,0.062111348,6,0.15505177,0.07799251,0,2.2801943,2.2997822761535645,2.1387403,0.06420236,3,0.04100281745195389
sequential,mov,0.2,0.3,0.08,3,rrg,37,0.057974,0.14643572,0.053940233,19,0.09067134,0.06423778,0,2.3310888,2.3176331520080566,1.5933944,0.07134668,3,0.045523885637521744
sequential,mov,0.2,0.3,0.09,3,rrg,47,0.16251361,0.1768655,0.05159635,16,0.1590705,0.03872385,0,2.3472772,2.2304890155792236,2.3404872,0.035109214,13,0.043907858431339264
sequential,mov,0.2,0.3,0.1,3,rrg,35,0.2145363,0.19217907,0.04860464,8,0.20568478,0.009045912,0,2.2126136,2.257204532623291,2.230775,0.011227052,19,0.048461079597473145
sequential,mov,0.2,0.3,0.11,3,rrg,4,0.26154926,0.16877663,0.07026125,1,0.25960967,0.028067173,0,2.0855122,2.201347827911377,2.1153843,0.023669133,17,0.04688863456249237
sequential,mov,0.2,0.3,0.12,3,rrg,38,0.21384148,0.14625296,0.06548926,4,0.19739543,0.04238161,0,2.2543752,2.3212497234344482,2.2737734,0.04143351,12,0.050882238894701004
sequential,mov,0.2,0.3,0.13,3,rrg,68,0.2801177,0.18310988,0.07776786,2,0.12148082,0.084186204,0,2.0224364,2.2689218521118164,1.5657462,0.15863687,2,0.06825682520866394
sequential,mov,0.2,0.3,0.14,3,rrg,10,0.08450799,0.15663639,0.07379622,17,0.10075263,0.074556276,0,2.274336,2.266289234161377,1.5057244,0.0725833,11,0.08059098571538925
sequential,mov,0.2,0.3,0.15,3,rrg,48,0.47089243,0.16599235,0.11300016,1,0.1755784,0.12678148,1,1.5267357,2.1823740005493164,1.3230512,0.29531404,1,0.08010057359933853
sequential,mov,0.2,0.3,0.16,3,rrg,85,0.3474208,0.17887206,0.07197672,1,0.13397352,0.112261295,0,1.8526186,2.214571714401245,1.4425097,0.21344729,2,0.0897330716252327
sequential,mov,0.2,0.3,0.17,3,rrg,0,0.60762227,0.1860845,0.122046545,1,0.181598,0.1872151,1,0.918411,2.115671157836914,1.2674661,0.42602423,1,0.08480088412761688
sequential,mov,0.2,0.3,0.18,3,rrg,16,0.13078982,0.12817419,0.057028707,11,0.12375015,0.08838807,0,2.2053773,2.232165575027466,1.5264531,0.08015355,7,0.06814964860677719
sequential,mov,0.2,0.3,0.19,3,rrg,98,0.251634,0.14898002,0.06376878,1,0.2143693,0.024138728,0,2.1458552,2.2591159343719482,2.1553643,0.037264705,19,0.0671805739402771
sequential,mov,0.2,0.3,0.2,3,rrg,21,0.47095338,0.16424088,0.09180986,1,0.13835232,0.097299844,0,1.6474521,2.235836982727051,1.4168514,0.33260104,1,0.08772002905607224
sequential,mov,0.2,0.3,0.21,3,rrg,64,0.43066463,0.18405119,0.13989773,2,0.054983336,0.07774594,1,1.5153908,2.1600170135498047,0.657216,0.37568128,2,0.11804928630590439
sequential,mov,0.2,0.3,0.22,3,rrg,22,0.14380096,0.1491153,0.06497372,12,0.17014039,0.22090931,0,2.0164025,2.2147650718688965,1.1857038,0.19921054,3,0.0967116728425026
sequential,mov,0.2,0.3,0.23,3,rrg,36,0.19752522,0.15216401,0.18901023,2,0.14386725,0.03656042,0,2.2832935,2.2099764347076416,2.2423556,0.05365796,15,0.10232869535684586
sequential,mov,0.2,0.3,0.24,3,rrg,3,0.18274549,0.17811075,0.18891615,8,0.42487,0.4071993,0,1.9203149,2.1360769271850586,1.5260925,0.3027118,3,0.13226039707660675
sequential,mov,0.2,0.3,0.25,3,rrg,93,0.19702147,0.1409224,0.081354305,4,0.15908454,0.12887743,0,1.9672593,2.1705291271209717,1.3947401,0.1170252,5,0.09910737723112106
sequential,mov,0.2,0.3,0.26,3,rrg,24,0.2031451,0.1255922,0.065384686,2,0.17925276,0.0464316,0,2.2348244,2.1897408962249756,2.2258015,0.03676326,19,0.10740622133016586
sequential,mov,0.2,0.3,0.27,3,rrg,86,0.34503683,0.16813596,0.08303197,1,0.22755428,0.06498698,0,2.000443,2.1806814670562744,2.0357673,0.117482565,4,0.08672486245632172
sequential,mov,0.2,0.3,0.28,3,rrg,72,0.13551778,0.12184528,0.06530769,8,0.13535915,0.10115687,0,2.174511,2.188389539718628,1.4991833,0.09018656,4,0.0909423753619194
sequential,mov,0.2,0.3,0.29,3,rrg,11,0.2681877,0.16295946,0.10205769,3,0.23674928,0.16286449,0,2.125834,2.1703991889953613,2.0528467,0.16350181,2,0.08050893247127533
sequential,mov,0.2,0.3,0.3,3,rrg,61,0.47940868,0.19012372,0.18442674,2,0.1808625,0.12867025,1,1.4824754,2.0372040271759033,1.351317,0.29854617,4,0.12951849400997162
sequential,mov,0.2,0.3,0.31,3,rrg,99,0.17489962,0.10104706,0.05952917,3,0.14412665,0.054504674,0,2.3724275,2.1803407669067383,2.2916698,0.060682476,12,0.09089674055576324
sequential,mov,0.2,0.3,0.32,3,rrg,58,0.1905116,0.1470423,0.06885913,5,0.05285792,0.07475174,0,1.7915103,2.132045030593872,0.63729864,0.13765368,4,0.10643746703863144
sequential,mov,0.2,0.3,0.33,3,rrg,90,0.14227313,0.10120852,0.039277464,5,0.036439307,0.051532965,0,1.8266201,2.135371685028076,0.69906217,0.10583382,4,0.083952896296978
sequential,mov,0.2,0.3,0.34,3,rrg,52,0.22702129,0.14250547,0.08156225,4,0.071993865,0.057581328,0,2.117276,2.0374832153320312,1.5504866,0.15502742,4,0.11065258830785751
sequential,mov,0.2,0.3,0.35,3,rrg,15,0.46788117,0.21305999,0.19500779,2,0.22133283,0.16250905,0,1.357788,1.94870924949646,1.153381,0.24654834,5,0.17159657180309296
sequential,mov,0.2,0.3,0.36,3,rrg,79,0.51406664,0.12836671,0.10293288,1,0.11429446,0.08607345,0,1.5702171,2.093062162399292,1.5135579,0.39977217,1,0.1115138903260231
sequential,mov,0.2,0.3,0.37,3,rrg,67,0.45343474,0.20652613,0.26295474,3,0.13783433,0.102633476,1,1.7378958,1.8598417043685913,1.3826302,0.3156004,4,0.17310377955436707
sequential,mov,0.2,0.3,0.38,3,rrg,76,0.17308015,0.17772117,0.1570893,7,0.2669543,0.17544392,0,2.1963563,2.0206849575042725,2.0557642,0.15755256,7,0.1680201143026352
sequential,mov,0.2,0.3,0.39,3,rrg,2,0.8267314,0.18498127,0.21668589,1,0.05450478,0.0770814,1,0.7164914,1.962376356124878,0.6069148,0.77222663,1,0.1493547260761261
sequential,mov,0.2,0.3,0.4,3,rrg,54,0.088196784,0.11828363,0.07426338,13,0.11063344,0.14341828,0,2.1870284,2.027444839477539,1.3706938,0.1275448,7,0.13004723191261292
sequential,mov,0.2,0.3,0.41,3,rrg,83,0.5169119,0.13343711,0.1147242,1,0.40117252,0.43150946,1,1.3692626,1.953526496887207,0.62741405,0.43779814,1,0.13604189455509186
sequential,mov,0.2,0.3,0.42,3,rrg,39,0.18402173,0.18454893,0.23288243,4,0.18682708,0.0403517,0,2.2048151,1.937044382095337,2.1635227,0.038289476,17,0.161097913980484
sequential,mov,0.2,0.3,0.43,3,rrg,32,0.22437195,0.16177051,0.19963574,3,0.40982008,0.38575852,0,1.7633109,1.8801807165145874,1.5052458,0.30187577,7,0.1862519383430481
sequential,mov,0.2,0.3,0.44,3,rrg,29,0.33529127,0.18428685,0.090963855,1,0.26319787,0.27352473,0,1.6733656,2.0021040439605713,1.1164821,0.27547836,5,0.16564910113811493
sequential,mov,0.2,0.3,0.45,3,rrg,57,0.17944767,0.21806607,0.25276458,7,0.44122615,0.4029471,0,1.8659933,1.8461049795150757,1.4176989,0.33807883,5,0.2355460822582245
sequential,mov,0.2,0.3,0.46,3,rrg,23,0.14939581,0.122557744,0.08779345,6,0.38417563,0.4398832,0,1.7218418,1.9462578296661377,0.67512625,0.33437696,2,0.11961598694324493
sequential,mov,0.2,0.3,0.47,3,rrg,69,0.18583503,0.15043989,0.19513519,5,0.051874116,0.045694366,0,1.9818635,1.9127088785171509,1.5132755,0.13396092,6,0.15704132616519928
sequential,mov,0.2,0.3,0.48,3,rrg,31,0.20792699,0.13011235,0.09001935,5,0.33333334,0.4714045,0,1.5700394,1.9740102291107178,1.6829945e-14,0.40264234,1,0.11370350420475006
sequential,mov,0.2,0.3,0.49,3,rrg,44,0.14141867,0.1868396,0.24211854,7,0.09777885,0.030910416,0,2.2333064,1.8894844055175781,2.0281765,0.04363982,18,0.1844322830438614
sequential,mov,0.2,0.3,0.5,3,rrg,50,0.2171015,0.19296451,0.26626268,4,0.33401433,0.47092372,0,1.300063,1.7855005264282227,0.03155386,0.4050195,3,0.20642873644828796
sequential,mov,0.2,0.3,0.51,3,rrg,55,0.07517696,0.2145712,0.25996563,16,0.046147484,0.035515998,0,2.062661,1.785093903541565,1.3717102,0.036507156,20,0.207863450050354
sequential,mov,0.2,0.3,0.52,3,rrg,56,0.06757182,0.16941236,0.24702197,11,0.10177439,0.14393069,0,1.9072692,1.8732582330703735,0.70636195,0.124298304,6,0.1792384535074234
sequential,mov,0.2,0.3,0.53,3,rrg,80,0.01742622,0.15137866,0.20843549,19,0.0,0.0,0,1.0453681,1.8639955520629883,0.0,0.01742622,20,0.14033225178718567
sequential,mov,0.2,0.3,0.54,3,rrg,5,0.18296999,0.12609836,0.1425324,4,0.021492392,0.030394834,1,1.7113712,1.8996257781982422,0.59920174,0.1614776,5,0.13717220723628998
sequential,mov,0.2,0.3,0.55,3,rrg,43,0.054430857,0.15952167,0.19865996,15,0.3466829,0.4622542,0,2.1610591,1.9191229343414307,0.7639463,0.33812737,5,0.18650197982788086
sequential,mov,0.2,0.3,0.56,3,rrg,63,0.09329805,0.18217966,0.2348139,12,0.08692188,0.09685175,0,2.2454293,1.9103883504867554,1.49589,0.092214294,8,0.16381564736366272
sequential,mov,0.2,0.3,0.57,3,rrg,81,0.13049516,0.18371134,0.2054557,10,0.37167835,0.44676566,1,1.8386313,1.8144477605819702,0.7251212,0.3384867,5,0.1916423738002777
sequential,mov,0.2,0.3,0.58,3,rrg,94,0.059884574,0.17686656,0.24023017,15,0.08190217,0.09093546,0,2.2201784,1.7877117395401,1.5206417,0.07720531,14,0.2221403867006302
sequential,mov,0.2,0.3,0.59,3,rrg,65,0.10389231,0.15669206,0.21124856,9,0.33333334,0.4714045,0,1.4815642,1.8016372919082642,1.2240527e-24,0.36796412,3,0.17914387583732605
sequential,mov,0.2,0.3,0.6,3,rrg,77,0.089184605,0.1188123,0.082804754,13,0.056536403,0.07995454,0,1.9931879,1.9716625213623047,0.74678236,0.0862646,10,0.1108383759856224
sequential,mov,0.2,0.3,0.61,3,rrg,84,0.12442629,0.24803117,0.26373515,12,0.37609658,0.4412556,0,2.038723,1.7176986932754517,1.2816526,0.33203942,7,0.2730216383934021
sequential,mov,0.2,0.3,0.62,3,rrg,92,0.1001379,0.19709876,0.23588386,11,0.0,0.0,0,1.4835865,1.7557092905044556,0.0,0.1001379,9,0.182399183511734
sequential,mov,0.2,0.3,0.63,3,rrg,82,0.07503774,0.26792797,0.30469236,16,0.23234804,0.32858977,0,1.94998,1.6269556283950806,0.20624836,0.2573606,7,0.2590413987636566
sequential,mov,0.2,0.3,0.64,3,rrg,45,0.15070246,0.20804556,0.2693073,6,0.07893852,0.0560502,1,2.1276138,1.7438068389892578,1.4441271,0.07176394,14,0.21011309325695038
sequential,mov,0.2,0.3,0.65,3,rrg,13,0.009853229,0.18461761,0.24643737,19,0.010785877,0.015253533,0,1.6939691,1.7297284603118896,0.72285527,0.014070286,20,0.21842189133167267
sequential,mov,0.2,0.3,0.66,3,rrg,28,0.09387137,0.18743327,0.2039436,12,0.33795694,0.46536767,0,1.9539597,1.8012529611587524,0.6756411,0.35733712,3,0.19812360405921936
sequential,mov,0.2,0.3,0.67,3,rrg,20,0.2686259,0.227578,0.264563,5,0.13078167,0.14391957,0,1.8995682,1.7119899988174438,1.3160256,0.17958242,7,0.22407527267932892
sequential,mov,0.2,0.3,0.68,3,rrg,75,0.33946422,0.17958358,0.20925978,4,0.25599697,0.3565168,1,1.6870699,1.750708818435669,0.23255722,0.3639362,3,0.19856500625610352
sequential,mov,0.2,0.3,0.69,3,rrg,34,0.7944578,0.18830982,0.25173005,2,1.0410891e-23,0.0,1,0.80596644,1.7323640584945679,7.3727585e-21,0.79445773,2,0.22421927750110626
sequential,mov,0.2,0.3,0.7,3,rrg,96,0.10457426,0.16087028,0.20842966,10,0.0386816,0.054704048,1,1.9097432,1.7786623239517212,0.6736774,0.07353969,11,0.18668752908706665
sequential,mov,0.2,0.3,0.71,3,rrg,40,0.0046051103,0.17616162,0.24307899,20,0.0034813285,0.004923342,0,1.6792235,1.678214430809021,0.6732407,0.0050163656,20,0.219755619764328
sequential,mov,0.2,0.3,0.72,3,rrg,88,0.15187797,0.21997985,0.29821777,6,0.36676466,0.44963315,1,1.7178832,1.6255576610565186,0.6051589,0.350528,6,0.2543158531188965
sequential,mov,0.2,0.3,0.73,3,rrg,74,0.032018233,0.20263982,0.29726598,18,5.1451865e-10,7.1970124e-10,0,1.9821688,1.7249618768692017,9.518234e-08,0.032018233,18,0.2250034511089325
sequential,mov,0.2,0.3,0.74,3,rrg,33,0.11835295,0.22651938,0.29958397,9,0.4003903,0.431869,0,1.9981565,1.6051915884017944,0.66588694,0.36093935,6,0.2667589783668518
sequential,mov,0.2,0.3,0.75,3,rrg,9,0.09827446,0.2239368,0.29859328,10,0.33303323,0.47098017,0,1.8424191,1.6754792928695679,0.0028614525,0.3657914,4,0.26037460565567017
sequential,mov,0.2,0.3,0.76,3,rrg,62,0.076131426,0.18184136,0.24666555,11,0.0,0.0,0,1.9945275,1.672187089920044,0.0,0.076131426,12,0.19818739593029022
sequential,mov,0.2,0.3,0.77,3,rrg,87,0.037610263,0.23735718,0.30010092,16,0.045741588,0.06468837,0,2.1409159,1.5689184665679932,0.6716202,0.05827834,14,0.25279781222343445
sequential,mov,0.2,0.3,0.78,3,rrg,71,0.99999994,0.23817837,0.30118665,1,3.332e-41,0.0,1,1.5728207e-06,1.5415966510772705,5.517117e-39,0.99999994,1,0.2551713287830353
sequential,mov,0.2,0.3,0.79,3,rrg,60,0.0094558,0.15856452,0.21941541,19,0.026051419,0.03684227,0,1.9931259,1.7057632207870483,0.6868958,0.029203353,18,0.19588065147399902
sequential,mov,0.2,0.3,0.8,3,rrg,1,0.112209976,0.19201197,0.24803835,9,0.35310456,0.45806462,0,1.9539458,1.6245425939559937,0.63577986,0.3509654,5,0.22215931117534637
sequential,mov,0.2,0.3,0.81,3,rrg,6,0.14170241,0.19596939,0.25411975,6,0.15257704,0.1376539,0,2.085899,1.582923412322998,1.1836079,0.1170373,9,0.21523034572601318
sequential,mov,0.2,0.3,0.82,3,rrg,97,0.06062848,0.23602779,0.2944447,12,0.00026338347,0.0003724805,0,1.4257145,1.4807071685791016,0.014458935,0.0603651,12,0.26234397292137146
sequential,mov,0.2,0.3,0.83,3,rrg,66,0.05627015,0.24714175,0.3014934,12,0.01874524,0.026509773,0,1.8922839,1.478959083557129,0.63067347,0.03752491,13,0.2756612300872803
sequential,mov,0.2,0.3,0.84,3,rrg,70,0.011338934,0.25830832,0.30748364,15,0.00056224794,0.00079513865,0,1.8092476,1.44617760181427,0.6424195,0.0107766865,15,0.29098695516586304
sequential,mov,0.2,0.3,0.85,3,rrg,7,0.9999988,0.2742121,0.3110936,1,0.0,0.0,1,1.9580122e-05,1.4176299571990967,0.0,0.9999988,1,0.30905070900917053
sequential,mov,0.2,0.3,0.86,3,rrg,8,0.41322458,0.22229794,0.2518044,3,0.2590035,0.3177871,0,1.5713614,1.5178279876708984,0.9160433,0.34979066,6,0.2596551477909088
sequential,mov,0.2,0.3,0.87,3,rrg,73,0.035785727,0.2318657,0.30487004,11,7.152827e-06,1.0115446e-05,0,1.6602157,1.4532439708709717,0.0010457288,0.035778575,12,0.28015297651290894
sequential,mov,0.2,0.3,0.88,3,rrg,12,0.33180365,0.24829201,0.31249884,3,9.091091e-09,1.2856744e-08,1,1.550539,1.432100772857666,1.0213984e-06,0.33180365,6,0.3018378019332886
sequential,mov,0.2,0.3,0.89,3,rrg,46,0.027888713,0.22426556,0.2994339,10,0.033803914,0.047805957,0,1.8104283,1.4561524391174316,0.65344757,0.043100152,10,0.28285157680511475
sequential,mov,0.2,0.3,0.9,3,rrg,14,0.28994092,0.2410154,0.28556165,3,0.33333334,0.4714045,0,0.6020988,1.330819845199585,1.6252331e-21,0.4299803,3,0.3045383095741272
sequential,mov,0.2,0.3,0.91,3,rrg,78,0.45596933,0.23599683,0.2996056,2,1.5342879e-12,2.1698082e-12,1,1.327146,1.3917006254196167,2.3084888e-10,0.45596933,2,0.2907180190086365
sequential,mov,0.2,0.3,0.92,3,rrg,49,0.08542557,0.208846,0.30684397,4,0.043860078,0.062027518,1,1.80723,1.3952569961547852,0.6082775,0.072335266,6,0.2702621519565582
sequential,mov,0.2,0.3,0.93,3,rrg,19,0.25371787,0.22769322,0.32389873,2,1.911367e-06,2.6622201e-06,0,0.57062674,1.2932875156402588,0.00069711544,0.25371596,4,0.33216673135757446
sequential,mov,0.2,0.3,0.94,3,rrg,53,0.001540537,0.22352655,0.3496219,6,2.1733385e-12,3.073565e-12,0,1.9321537,1.4051971435546875,3.403503e-09,0.001540537,6,0.3508903980255127
sequential,mov,0.2,0.3,0.95,3,rrg,89,0.07516594,0.2679208,0.3672319,3,7.225584e-37,0.0,0,1.2448276,1.2998892068862915,3.8831717e-34,0.07516594,4,0.42113861441612244
sequential,mov,0.2,0.3,0.96,3,rrg,26,0.14070083,0.31612927,0.3961733,2,0.6666313,0.47137952,1,1.4850528,1.3144010305404663,0.0004182698,0.619731,2,0.5077110528945923
sequential,mov,0.2,0.3,0.97,3,rrg,59,0.0690546,0.37477505,0.4421366,2,0.33333334,0.4714045,0,1.8807259,1.2579742670059204,0.0,0.35635152,2,0.4705406725406647
sequential,mov,0.2,0.3,0.98,3,rrg,30,1.0,0.52774704,0.47225294,1,1.9888605e-13,2.8126733e-13,1,3.002116e-09,0.9467949271202087,5.598136e-12,1.0,1,0.5277470350265503
sequential,mov,0.2,0.3,0.99,3,rrg,95,0.055523787,0.055523787,0.0,1,9.361914e-33,0.0,0,1.8936356,1.893635630607605,2.2938557e-30,0.055523787,1,0.05552378669381142
sequential,c_mov,0.2,0.3,0.0,3,rrg,2,0.1993963,0.19939631,1.4901161e-08,1,0.1993963,0.0,1,2.292514,2.2925143241882324,2.292514,0.0,1,0.0
sequential,c_mov,0.2,0.3,0.01,3,rrg,22,0.19999744,0.19999751,8.8596146e-08,17,0.19999759,7.790519e-08,0,2.2034278,2.2007174491882324,2.2024705,1.390775e-07,2,8.319814526203118e-08
sequential,c_mov,0.2,0.3,0.02,3,rrg,83,0.19999997,0.1999999,4.930911e-08,3,0.19999988,2.1073424e-08,1,2.1989617,2.1753270626068115,2.1979516,7.947286e-08,3,0.004072893876582384
sequential,c_mov,0.2,0.3,0.03,3,rrg,8,0.19999997,0.2,3.264681e-08,12,0.19999994,2.5809568e-08,0,2.1989439,2.157731771469116,2.1962414,2.4835268e-08,13,0.0175026748329401
sequential,c_mov,0.2,0.3,0.04,3,rrg,34,0.20000002,0.2250344,0.075103305,4,0.2,4.3015945e-08,1,2.1685822,2.060767412185669,2.1481905,3.973643e-08,14,0.062484048306941986
sequential,c_mov,0.2,0.3,0.05,3,rrg,26,0.19999997,0.2125127,0.054541785,12,0.19999999,1.4901161e-08,1,2.1459181,2.0998473167419434,2.1176653,1.9868216e-08,18,0.041695378720760345
sequential,c_mov,0.2,0.3,0.06,3,rrg,78,0.2,0.22503456,0.075103685,13,0.20000003,1.7206379e-08,1,2.193467,2.0407798290252686,2.178779,1.9868216e-08,20,0.07586058974266052
sequential,c_mov,0.2,0.3,0.07,3,rrg,61,0.19999997,0.2,4.0672255e-08,15,0.28344905,0.118014775,1,2.0666103,2.033799648284912,1.9709457,0.0834491,7,0.07914459705352783
sequential,c_mov,0.2,0.3,0.08,3,rrg,75,0.19999999,0.21251735,0.05456193,11,0.19999997,5.0164783e-08,1,2.1721396,2.092442750930786,2.1500041,4.4703484e-08,8,0.04170101881027222
sequential,c_mov,0.2,0.3,0.09,3,rrg,45,0.2,0.21251734,0.054561947,5,0.2,1.4901161e-08,1,2.0611274,2.0159378051757812,1.9790941,1.4901161e-08,19,0.0770992860198021
sequential,c_mov,0.2,0.3,0.1,3,rrg,96,0.19999999,0.2,4.0672255e-08,11,0.2,1.9237316e-08,1,2.171768,2.05741286277771,2.1444738,1.9868216e-08,17,0.03836803138256073
sequential,c_mov,0.2,0.3,0.11,3,rrg,49,0.20000002,0.21251735,0.05456193,6,0.4666667,0.3771236,1,1.7541823,2.0042338371276855,1.2628603,0.26666665,4,0.0775289386510849
sequential,c_mov,0.2,0.3,0.12,3,rrg,29,0.19999999,0.20000002,4.5442434e-08,11,0.2,8.603189e-09,0,1.956644,1.9639980792999268,1.8104944,1.9868216e-08,18,0.11415059864521027
sequential,c_mov,0.2,0.3,0.13,3,rrg,30,0.4503473,0.22503471,0.075104184,1,0.13333333,0.0942809,1,1.6439385,1.937502145767212,1.342042,0.31701398,1,0.10555212199687958
sequential,c_mov,0.2,0.3,0.14,3,rrg,0,0.19999999,0.20618773,0.026971707,9,0.4666667,0.3771236,1,1.776438,1.9646666049957275,1.2880925,0.26666668,3,0.10912438482046127
sequential,c_mov,0.2,0.3,0.15,3,rrg,51,0.19999997,0.21251504,0.05455183,14,0.2,2.7205674e-08,0,2.1528244,1.8960282802581787,2.1209185,3.973643e-08,16,0.15395501255989075
sequential,c_mov,0.2,0.3,0.16,3,rrg,4,0.20000131,0.19188982,0.08167981,4,0.4666675,0.377123,0,1.7958025,1.9467071294784546,1.3231031,0.26666704,6,0.13023392856121063
sequential,c_mov,0.2,0.3,0.17,3,rrg,81,0.20000032,0.22642641,0.09790949,10,0.4666699,0.37712133,1,1.7958609,1.907801628112793,1.3205308,0.26666972,8,0.1516137570142746
sequential,c_mov,0.2,0.3,0.18,3,rrg,64,0.20004985,0.2202672,0.10429477,8,0.19963871,0.00064496446,1,2.093525,1.9187276363372803,2.037112,0.00047102073,20,0.1664033979177475
sequential,c_mov,0.2,0.3,0.19,3,rrg,47,0.20005125,0.18166101,0.07786298,5,0.28312752,0.11865454,0,1.9860064,1.9801628589630127,1.851421,0.08417479,12,0.15199412405490875
sequential,c_mov,0.2,0.3,0.2,3,rrg,67,0.20002058,0.16040614,0.048611145,4,0.46622577,0.37743565,1,1.7436626,2.048779010772705,1.2306197,0.26711443,5,0.11058908700942993
sequential,c_mov,0.2,0.3,0.21,3,rrg,17,0.18208064,0.16145179,0.051668003,12,0.17220376,0.036068115,0,2.1086154,2.0355048179626465,2.04331,0.03071245,15,0.11956999450922012
sequential,c_mov,0.2,0.3,0.22,3,rrg,7,0.5294156,0.22027457,0.12921588,2,0.12748939,0.0904394,1,1.4754622,1.9045798778533936,1.2608448,0.4019262,2,0.19937510788440704
sequential,c_mov,0.2,0.3,0.23,3,rrg,10,0.19996294,0.17089334,0.053954124,6,0.1986537,0.0016855829,0,2.0754397,1.9790079593658447,2.0114405,0.001809443,20,0.15772219002246857
sequential,c_mov,0.2,0.3,0.24,3,rrg,15,0.19913396,0.14734875,0.058223944,3,0.5562448,0.3352872,0,1.6686076,1.9842898845672607,1.108311,0.3634201,2,0.1926865577697754
sequential,c_mov,0.2,0.3,0.25,3,rrg,88,0.19649757,0.15590522,0.0642281,7,0.456315,0.38455695,1,1.7746943,1.9600731134414673,1.3019537,0.27585086,8,0.2075873613357544
sequential,c_mov,0.2,0.3,0.26,3,rrg,41,0.19270961,0.16029485,0.08235382,7,0.18399662,0.023238027,0,2.1961558,1.9509035348892212,2.1628106,0.01900435,20,0.24661505222320557
sequential,c_mov,0.2,0.3,0.27,3,rrg,38,0.29251528,0.1751248,0.09234388,2,0.1313256,0.09301814,0,1.7677027,1.9278351068496704,1.2665898,0.16118968,11,0.20334534347057343
sequential,c_mov,0.2,0.3,0.28,3,rrg,19,0.2002703,0.14682965,0.048074532,2,0.06262039,0.05030301,0,2.0089126,2.0230460166931152,1.4847126,0.13764991,11,0.1995902955532074
sequential,c_mov,0.2,0.3,0.29,3,rrg,48,0.21140909,0.14795445,0.050949726,1,0.12133738,0.091334924,1,1.9401002,2.026419162750244,1.2864312,0.09751127,8,0.15528637170791626
sequential,c_mov,0.2,0.3,0.3,3,rrg,25,0.21558823,0.17443049,0.08727691,4,0.14223696,0.037180368,0,2.139409,1.9343976974487305,2.014496,0.073351264,15,0.23818078637123108
sequential,c_mov,0.2,0.3,0.31,3,rrg,99,0.25292152,0.17487648,0.07924698,2,0.3828651,0.44057673,0,1.6763489,1.935265302658081,0.6786584,0.36810875,4,0.21783967316150665
sequential,c_mov,0.2,0.3,0.32,3,rrg,71,0.6038282,0.17022312,0.11154751,1,0.065330304,0.09239099,1,1.2214164,1.8673732280731201,0.6529804,0.53849787,3,0.2673773169517517
sequential,c_mov,0.2,0.3,0.33,3,rrg,18,0.16426045,0.15266763,0.0721524,11,0.14819008,0.045018923,0,2.0468516,1.9679009914398193,1.9199867,0.036949646,16,0.20873555541038513
sequential,c_mov,0.2,0.3,0.34,3,rrg,12,0.19732442,0.1401599,0.05789202,5,0.19085385,0.013014862,1,2.0220964,1.9681682586669922,1.9389668,0.010113671,20,0.179721862077713
sequential,c_mov,0.2,0.3,0.35,3,rrg,86,0.16672452,0.1138031,0.05297528,4,0.3918436,0.43003812,0,1.9232173,2.0595455169677734,1.3818096,0.33039793,6,0.2168664038181305
sequential,c_mov,0.2,0.3,0.36,3,rrg,39,0.28699118,0.15610294,0.06169016,1,0.6666667,0.47140452,0,1.4354453,1.8936939239501953,1.1120629e-30,0.57100296,1,0.24323979020118713
sequential,c_mov,0.2,0.3,0.37,3,rrg,35,0.1983083,0.12242055,0.0544138,3,0.19499356,0.0070770388,0,1.902345,2.0516037940979004,1.7187179,0.0055673816,20,0.18789350986480713
sequential,c_mov,0.2,0.3,0.38,3,rrg,20,0.21861744,0.12928925,0.054990623,1,0.35170785,0.4589638,0,1.818231,1.9938840866088867,0.7671115,0.3878313,3,0.20049312710762024
sequential,c_mov,0.2,0.3,0.39,3,rrg,24,0.17509429,0.13456559,0.060762495,8,0.42441282,0.40762645,0,1.8988187,1.929508924484253,1.4190626,0.30061653,8,0.24386636912822723
sequential,c_mov,0.2,0.3,0.4,3,rrg,1,0.21110348,0.13976838,0.051042568,1,0.4264605,0.4092641,0,1.6483389,1.9053056240081787,1.1805817,0.310574,7,0.23804990947246552
sequential,c_mov,0.2,0.3,0.41,3,rrg,60,0.13853793,0.14423561,0.04386766,11,0.13876425,0.057661057,0,2.240901,1.908141851425171,2.156585,0.053862203,17,0.24918290972709656
sequential,c_mov,0.2,0.3,0.42,3,rrg,3,0.19909357,0.112409174,0.06067081,3,0.7289653,0.38330096,0,1.4841722,1.950402021408081,0.590991,0.5380035,2,0.18584491312503815
sequential,c_mov,0.2,0.3,0.43,3,rrg,57,0.2879554,0.110994816,0.066846915,1,0.38391185,0.44002226,0,1.657322,1.9470828771591187,0.7085057,0.37873995,2,0.18020786345005035
sequential,c_mov,0.2,0.3,0.44,3,rrg,77,0.20541656,0.1408018,0.05526126,1,0.46607232,0.37754464,0,1.7480193,1.8788328170776367,1.2497716,0.26906654,11,0.22104474902153015
sequential,c_mov,0.2,0.3,0.45,3,rrg,16,0.09412669,0.12243651,0.046265133,16,0.09290751,0.066517435,0,2.170244,1.9192829132080078,1.5111965,0.06153195,16,0.20669111609458923
sequential,c_mov,0.2,0.3,0.46,3,rrg,68,0.1621384,0.11174822,0.060765184,6,0.3857007,0.43908465,0,1.7504375,1.907383680343628,0.6757264,0.3350121,9,0.2546994090080261
sequential,c_mov,0.2,0.3,0.47,3,rrg,84,0.14508653,0.11263484,0.052459903,6,0.39335725,0.43040705,0,2.055373,1.9379160404205322,1.4026569,0.32167163,8,0.21840007603168488
sequential,c_mov,0.2,0.3,0.48,3,rrg,11,0.19915615,0.103195585,0.056080204,2,0.7346554,0.3752539,0,1.4807515,1.9693530797958374,0.5806982,0.5354993,2,0.2060350924730301
sequential,c_mov,0.2,0.3,0.49,3,rrg,58,0.24854748,0.11273362,0.059223704,1,0.39385727,0.43282452,0,1.6846603,2.001340389251709,0.7315941,0.35565853,2,0.19559460878372192
sequential,c_mov,0.2,0.3,0.5,3,rrg,87,0.12459856,0.11766293,0.057152428,11,0.40487698,0.42765284,0,1.9024168,1.9717988967895508,1.2600231,0.35398975,1,0.16580933332443237
sequential,c_mov,0.2,0.3,0.51,3,rrg,23,0.123307236,0.11856697,0.044018578,10,0.6666667,0.47140452,0,1.6003525,1.8715654611587524,3.632566e-14,0.6255643,1,0.26803550124168396
sequential,c_mov,0.2,0.3,0.52,3,rrg,62,0.11858732,0.110955514,0.060601056,9,0.03691904,0.052211404,0,2.1140358,1.903314232826233,0.60164994,0.08166829,11,0.20052984356880188
sequential,c_mov,0.2,0.3,0.53,3,rrg,40,0.017912552,0.11644499,0.055313606,20,0.02209944,0.022169909,0,2.1349573,1.918121337890625,1.448651,0.01881121,20,0.19949358701705933
sequential,c_mov,0.2,0.3,0.54,3,rrg,69,0.10771014,0.096034646,0.04560639,9,0.094717175,0.059044175,0,2.2294312,1.9738118648529053,2.0531213,0.058675762,14,0.21127860248088837
sequential,c_mov,0.2,0.3,0.55,3,rrg,5,0.09511562,0.09657131,0.052388784,11,0.07405258,0.059014123,1,2.1151545,1.9064233303070068,1.2883815,0.053927917,14,0.18181326985359192
sequential,c_mov,0.2,0.3,0.56,3,rrg,54,0.021850029,0.07890159,0.047608122,19,0.042911112,0.06068458,0,2.0619702,1.9343464374542236,0.6609618,0.05019361,17,0.1953975260257721
sequential,c_mov,0.2,0.3,0.57,3,rrg,36,0.16605599,0.09050403,0.059892654,3,0.13273954,0.049189575,0,2.1453307,1.8400459289550781,1.9360228,0.050403368,13,0.17299006879329681
sequential,c_mov,0.2,0.3,0.58,3,rrg,27,0.08636107,0.09795596,0.053555697,11,0.071179986,0.06786294,0,2.137523,1.9136383533477783,1.13322,0.06595407,12,0.19347360730171204
sequential,c_mov,0.2,0.3,0.59,3,rrg,74,0.03826042,0.08632639,0.058843125,15,0.04356711,0.038441006,0,2.1494958,1.741999864578247,1.3332863,0.031526934,16,0.2001057118177414
sequential,c_mov,0.2,0.3,0.6,3,rrg,94,0.03889019,0.08360509,0.05895949,13,0.054310437,0.076806545,0,1.8520852,1.7893794775009155,0.5183268,0.067273825,11,0.1882563680410385
sequential,c_mov,0.2,0.3,0.61,3,rrg,14,0.08922622,0.099054165,0.06000247,11,0.37977287,0.4422395,0,1.9296713,1.7674671411514282,0.63389474,0.35003078,8,0.26258793473243713
sequential,c_mov,0.2,0.3,0.62,3,rrg,53,0.0025829764,0.089895934,0.06842272,20,0.01383941,0.019571882,0,2.0371563,1.7711150646209717,0.7734155,0.014700402,19,0.16391336917877197
sequential,c_mov,0.2,0.3,0.63,3,rrg,21,0.1945946,0.11209446,0.07054892,3,0.4414065,0.39631724,0,1.6787192,1.7674000263214111,1.068881,0.29497632,11,0.23539912700653076
sequential,c_mov,0.2,0.3,0.64,3,rrg,59,0.09619595,0.09168019,0.04260223,12,0.36571538,0.45025703,0,2.0429082,1.6963984966278076,0.5904927,0.33365008,12,0.29585903882980347
sequential,c_mov,0.2,0.3,0.65,3,rrg,65,0.08719195,0.09933428,0.050053895,11,0.3346989,0.47044188,0,1.7871217,1.7175228595733643,0.039291095,0.36103177,5,0.2699892520904541
sequential,c_mov,0.2,0.3,0.66,3,rrg,13,0.014538947,0.07723082,0.05591585,20,0.023386516,0.03307353,0,1.9315002,1.783888816833496,0.54678583,0.02823283,19,0.2024492770433426
sequential,c_mov,0.2,0.3,0.67,3,rrg,66,0.05406878,0.0903426,0.063142814,13,0.06675831,0.06323669,0,2.116043,1.6951448917388916,1.367353,0.05237933,14,0.2177131474018097
sequential,c_mov,0.2,0.3,0.68,3,rrg,76,0.14302324,0.10342202,0.06690728,5,0.38126376,0.4380079,0,1.9111865,1.671689748764038,1.3262657,0.3330773,9,0.24431011080741882
sequential,c_mov,0.2,0.3,0.69,3,rrg,80,0.017209826,0.10277788,0.06375227,20,3.6425815e-14,5.1513884e-14,0,1.1014907,1.6616789102554321,1.0279497e-11,0.017209826,20,0.2634611129760742
sequential,c_mov,0.2,0.3,0.7,3,rrg,33,0.11177144,0.090663776,0.05925384,7,0.6666667,0.47140452,0,1.7335982,1.6496464014053345,4.9989896e-10,0.6294095,1,0.2517405152320862
sequential,c_mov,0.2,0.3,0.71,3,rrg,9,0.099021405,0.10898344,0.059012305,11,0.33341566,0.47134632,0,1.8416774,1.7011266946792603,0.0041956026,0.3662581,3,0.2575109302997589
sequential,c_mov,0.2,0.3,0.72,3,rrg,85,0.033403322,0.102337316,0.05798328,19,6.310604e-23,9.1694005e-23,0,2.0147996,1.588523030281067,2.6478387e-20,0.033403322,19,0.24245285987854004
sequential,c_mov,0.2,0.3,0.73,3,rrg,97,0.06377994,0.104377106,0.064248554,14,1.5197313e-36,0.0,0,1.2080672,1.615216851234436,4.341729e-34,0.06377994,16,0.23872029781341553
sequential,c_mov,0.2,0.3,0.74,3,rrg,82,0.04381673,0.11528407,0.0590628,19,0.33333334,0.4714045,0,1.9740456,1.630282998085022,0.0,0.3479389,8,0.27074477076530457
sequential,c_mov,0.2,0.3,0.75,3,rrg,37,0.0026237648,0.106986046,0.0637534,20,2.0626865e-29,0.0,0,1.4129446,1.6169824600219727,1.0508515e-26,0.0026237648,20,0.2367846518754959
sequential,c_mov,0.2,0.3,0.76,3,rrg,6,0.12210993,0.11644405,0.06437587,10,0.6666667,0.47140452,0,1.6191462,1.613222360610962,9.319e-41,0.6259634,1,0.26519036293029785
sequential,c_mov,0.2,0.3,0.77,3,rrg,93,0.14154434,0.116739586,0.066031404,8,0.36632442,0.4498944,0,1.3523395,1.6205637454986572,0.60747886,0.3475237,7,0.25101393461227417
sequential,c_mov,0.2,0.3,0.78,3,rrg,92,0.09673739,0.112722136,0.06233013,12,0.003954224,0.005592117,0,1.7095455,1.6444261074066162,0.09603826,0.092783175,14,0.25550809502601624
sequential,c_mov,0.2,0.3,0.79,3,rrg,73,0.04513089,0.116505645,0.06592972,17,1.9652736e-12,2.7226194e-12,0,1.6064119,1.6025346517562866,2.7787406e-10,0.04513089,17,0.25249752402305603
sequential,c_mov,0.2,0.3,0.8,3,rrg,28,0.05710422,0.11987164,0.06400136,16,0.33333334,0.4714045,0,1.712721,1.6160542964935303,1.5485359e-20,0.3523681,7,0.2680320143699646
sequential,c_mov,0.2,0.3,0.81,3,rrg,31,0.07583783,0.124191225,0.06467495,13,0.38814834,0.43782216,0,2.2504742,1.600946307182312,0.6349617,0.36286905,4,0.2638133764266968
sequential,c_mov,0.2,0.3,0.82,3,rrg,32,0.13411325,0.13503882,0.07647485,9,0.6666667,0.47140452,0,1.3652384,1.5433744192123413,1.3957621e-26,0.62196225,2,0.2573886513710022
sequential,c_mov,0.2,0.3,0.83,3,rrg,98,0.140702,0.13635497,0.08089422,8,0.6666667,0.47140452,0,1.4849974,1.5485838651657104,7.874164e-19,0.619766,2,0.23678268492221832
sequential,c_mov,0.2,0.3,0.84,3,rrg,70,0.06675973,0.1362428,0.0838652,12,0.077196054,0.09064012,0,1.5655758,1.5508745908737183,1.1023134,0.081335194,11,0.2129485160112381
sequential,c_mov,0.2,0.3,0.85,3,rrg,72,0.12866277,0.1386902,0.0842085,8,0.6666667,0.47140452,0,1.5029861,1.533272385597229,0.0,0.62377906,1,0.2235986292362213
sequential,c_mov,0.2,0.3,0.86,3,rrg,42,0.16963659,0.13750727,0.08713803,6,0.3692013,0.44820005,0,1.6996696,1.5170094966888428,0.6361977,0.3540109,1,0.19554421305656433
sequential,c_mov,0.2,0.3,0.87,3,rrg,43,0.074438706,0.1320836,0.09126603,9,0.3510406,0.45939577,0,2.0012367,1.5041409730911255,0.36636153,0.34043896,4,0.18230532109737396
sequential,c_mov,0.2,0.3,0.88,3,rrg,44,0.19243996,0.13772891,0.093933046,5,0.065106906,0.092075065,0,1.0679218,1.4624782800674438,0.45018685,0.12925355,6,0.16920845210552216
sequential,c_mov,0.2,0.3,0.89,3,rrg,46,0.032927576,0.1396644,0.103329055,10,1.1531621e-33,0.0,0,1.6651844,1.4588886499404907,4.2238723e-31,0.032927576,10,0.18087591230869293
sequential,c_mov,0.2,0.3,0.9,3,rrg,79,0.31108972,0.15182391,0.10440458,1,0.42399797,0.42216024,0,1.6068436,1.414121389389038,0.564097,0.34636524,4,0.19622935354709625
sequential,c_mov,0.2,0.3,0.91,3,rrg,50,0.2894988,0.1333185,0.09429899,1,0.3333505,0.47139236,0,0.61807984,1.3804134130477905,0.00078121776,0.42981577,1,0.1860756129026413
sequential,c_mov,0.2,0.3,0.92,3,rrg,52,0.25855485,0.112912275,0.079820365,1,0.0012236559,0.0017305107,0,1.5733825,1.4660170078277588,0.02123844,0.25733116,3,0.15582934021949768
sequential,c_mov,0.2,0.3,0.93,3,rrg,55,0.1526728,0.09206536,0.061829325,2,0.40098485,0.43159547,0,1.3762687,1.4505635499954224,0.5255558,0.35009387,1,0.14128826558589935
sequential,c_mov,0.2,0.3,0.94,3,rrg,56,0.015506385,0.07717831,0.05225341,6,5.243686e-12,7.415693e-12,0,1.3159248,1.4715948104858398,1.3656192e-09,0.015506384,6,0.11186373978853226
sequential,c_mov,0.2,0.3,0.95,3,rrg,89,0.07516878,0.084972486,0.040895183,3,2.8459806e-38,0.0,0,1.2448318,1.5094726085662842,2.4072666e-35,0.07516878,3,0.1311323046684265
sequential,c_mov,0.2,0.3,0.96,3,rrg,90,0.106683195,0.08632785,0.043846175,2,3.7719936e-32,0.0,0,1.5536124,1.5770262479782104,2.2441094e-29,0.106683195,2,0.1449710577726364
sequential,c_mov,0.2,0.3,0.97,3,rrg,91,0.14597538,0.079137124,0.047881115,1,0.33336917,0.47137916,0,1.671589,1.5857242345809937,0.001657777,0.38195595,1,0.15779732167720795
sequential,c_mov,0.2,0.3,0.98,3,rrg,95,0.05544605,0.04588124,0.0095648095,1,0.0,0.0,0,1.8935701,1.5429682731628418,0.0,0.055446047,1,0.0458812415599823
sequential,c_mov,0.2,0.3,0.99,3,rrg,63,0.03631639,0.03631639,0.0,1,5.6929407e-34,0.0,0,1.1923649,1.1923649311065674,2.3155491e-30,0.03631639,1,0.036316391080617905
sequential,ov,0.4,0.3,0.0,3,rrg,53,0.39723024,0.3972302,2.9802322e-08,1,0.39723024,0.0,1,1.8001581,1.8001582622528076,1.8001581,0.0,1,0.0
sequential,ov,0.4,0.3,0.01,3,rrg,47,0.39995688,0.39995676,4.7590493e-08,1,0.39995673,6.438037e-08,1,1.7076482,1.689631462097168,1.7073307,1.291434e-07,3,0.019687529653310776
sequential,ov,0.4,0.3,0.02,3,rrg,18,0.39999476,0.39999467,1.2233481e-07,6,0.39999473,4.2146848e-08,1,1.7043425,1.6909290552139282,1.7043406,2.9802322e-08,18,0.018730539828538895
sequential,ov,0.4,0.3,0.03,3,rrg,31,0.3999996,0.39999938,7.5394574e-08,1,0.39999947,2.4333495e-08,1,1.7036611,1.6919357776641846,1.703661,1.1920929e-07,3,0.00984381977468729
sequential,ov,0.4,0.3,0.04,3,rrg,44,0.39999995,0.39999998,8.739757e-08,7,0.39999995,8.4293696e-08,1,1.7029914,1.6915836334228516,1.7012686,7.947286e-08,12,0.008750085718929768
sequential,ov,0.4,0.3,0.05,3,rrg,98,0.4,0.40000004,6.426531e-08,9,0.39999998,4.2146848e-08,1,1.6976181,1.6544444561004639,1.6850768,4.9670536e-08,11,0.0498388446867466
sequential,ov,0.4,0.3,0.06,3,rrg,6,0.40000004,0.4,6.179941e-08,4,0.40000007,9.733398e-08,1,1.700198,1.6584110260009766,1.6934885,8.940697e-08,8,0.04872533679008484
sequential,ov,0.4,0.3,0.07,3,rrg,13,0.39999992,0.4,6.5632804e-08,19,0.59999925,0.28284165,1,1.5266161,1.642045259475708,1.1000823,0.19999932,1,0.05968473479151726
sequential,ov,0.4,0.3,0.08,3,rrg,12,0.4,0.4,5.1619136e-08,7,0.4,6.438037e-08,1,1.699544,1.6704599857330322,1.6919037,5.9604645e-08,7,0.02873048186302185
sequential,ov,0.4,0.3,0.09,3,rrg,92,0.39999995,0.39999998,5.6151876e-08,11,0.39999998,6.438037e-08,1,1.6710784,1.6367346048355103,1.6274595,4.9670536e-08,16,0.05999971553683281
sequential,ov,0.4,0.3,0.1,3,rrg,80,0.39999998,0.4,4.0535543e-08,7,0.59999996,0.28284273,1,1.5094615,1.6383739709854126,1.0339078,0.2,1,0.05873016640543938
sequential,ov,0.4,0.3,0.11,3,rrg,74,0.40000004,0.4,6.795975e-08,4,0.59999925,0.28284165,1,1.5120901,1.6439828872680664,1.0620062,0.19999926,3,0.04998017102479935
sequential,ov,0.4,0.3,0.12,3,rrg,94,0.40000015,0.4,6.3570525e-08,1,0.39999998,4.2146848e-08,1,1.6961737,1.651672601699829,1.6820091,1.7881393e-07,5,0.03996031731367111
sequential,ov,0.4,0.3,0.13,3,rrg,45,0.4,0.4,4.7590493e-08,6,0.39999998,3.847463e-08,1,1.7028128,1.6190593242645264,1.7007827,3.973643e-08,17,0.09718684107065201
sequential,ov,0.4,0.3,0.14,3,rrg,10,0.40000004,0.4,6.7632236e-08,5,0.59921867,0.28173783,1,1.5299315,1.598590612411499,1.1177936,0.19921876,7,0.11741641908884048
sequential,ov,0.4,0.3,0.15,3,rrg,71,0.4,0.4,4.9421562e-08,4,0.4,3.847463e-08,1,1.6706024,1.6177375316619873,1.6235701,2.9802322e-08,15,0.0785936489701271
sequential,ov,0.4,0.3,0.16,3,rrg,87,0.39999995,0.4,4.4703484e-08,17,0.6,0.2828427,1,1.5119456,1.6129728555679321,1.0604681,0.20000005,1,0.0699755996465683
sequential,ov,0.4,0.3,0.17,3,rrg,32,0.40000007,0.4,5.0751527e-08,2,0.39999998,2.9802322e-08,1,1.6994877,1.5759022235870361,1.6905704,9.934107e-08,11,0.12982149422168732
sequential,ov,0.4,0.3,0.18,3,rrg,62,0.4,0.4,4.9868824e-08,8,0.4,3.847463e-08,0,1.6570826,1.5921262502670288,1.5896997,2.9802322e-08,18,0.09997808188199997
sequential,ov,0.4,0.3,0.19,3,rrg,99,0.40010962,0.39470428,0.022081634,1,0.39649227,0.0049608103,1,1.694882,1.6063315868377686,1.6927677,0.0036173165,13,0.10947471857070923
sequential,ov,0.4,0.3,0.2,3,rrg,39,0.4,0.3908744,0.033439025,6,0.59999996,0.28284273,1,1.525106,1.5894434452056885,1.092591,0.2,7,0.14296016097068787
sequential,ov,0.4,0.3,0.21,3,rrg,2,0.40000182,0.39913037,0.0037910894,1,0.5968755,0.278424,1,1.5307904,1.5813719034194946,1.0708628,0.1968761,11,0.12132630497217178
sequential,ov,0.4,0.3,0.22,3,rrg,29,0.40000007,0.38499725,0.04313022,5,0.596875,0.27842325,1,1.5004758,1.5986623764038086,1.0316118,0.19687502,11,0.15091489255428314
sequential,ov,0.4,0.3,0.23,3,rrg,96,0.39999995,0.39918563,0.0038922352,17,0.40000007,2.9802322e-08,1,1.6695282,1.5511424541473389,1.619533,1.09275184e-07,19,0.16048483550548553
sequential,ov,0.4,0.3,0.24,3,rrg,54,0.38292068,0.38493735,0.043150347,18,0.34957543,0.07427561,1,1.7709242,1.6211140155792236,1.7632354,0.058911473,12,0.1299109160900116
sequential,ov,0.4,0.3,0.25,3,rrg,52,0.39999995,0.40016738,0.00041023493,18,0.6,0.2828427,1,1.5102398,1.5592564344406128,1.0515441,0.20000005,6,0.1391741782426834
sequential,ov,0.4,0.3,0.26,3,rrg,40,0.26798606,0.3934681,0.028789112,20,0.6666667,0.4714045,1,1.6398789,1.5521981716156006,4.5001198e-07,0.577338,1,0.1766757369041443
sequential,ov,0.4,0.3,0.27,3,rrg,95,0.40051123,0.40009576,0.00026435728,2,0.59370834,0.28566375,1,1.5075444,1.563238263130188,1.030014,0.20484942,2,0.12057455629110336
sequential,ov,0.4,0.3,0.28,3,rrg,27,0.40000004,0.39279616,0.031652983,4,0.40000057,8.1489964e-07,1,1.6448219,1.5001274347305298,1.56433,5.861123e-07,18,0.24910631775856018
sequential,ov,0.4,0.3,0.29,3,rrg,24,0.40001526,0.39916363,0.0038092725,2,0.7968771,0.28066054,1,1.3971401,1.5357199907302856,0.56744057,0.39687204,3,0.17275944352149963
sequential,ov,0.4,0.3,0.3,3,rrg,89,0.39999998,0.39015687,0.03503416,12,0.6,0.2828427,1,1.4932959,1.585616111755371,0.9959423,0.20000005,6,0.15263022482395172
sequential,ov,0.4,0.3,0.31,3,rrg,91,0.39999995,0.3981122,0.0057997573,12,0.59375006,0.2740042,1,1.5381434,1.5012493133544922,1.0980335,0.19375022,15,0.23457297682762146
sequential,ov,0.4,0.3,0.32,3,rrg,41,0.39999998,0.39110273,0.035006713,13,0.79375005,0.2785285,1,1.3959025,1.5686088800430298,0.5358331,0.39375004,3,0.16106879711151123
sequential,ov,0.4,0.3,0.33,3,rrg,51,0.39999998,0.39898387,0.004589675,13,0.6,0.2828427,1,1.5082934,1.5328106880187988,1.0414866,0.20000005,9,0.18336525559425354
sequential,ov,0.4,0.3,0.34,3,rrg,85,0.40000004,0.398957,0.0045846864,3,0.54999995,0.21213204,0,1.6028548,1.5325158834457397,1.2272592,0.15000004,16,0.1977439820766449
sequential,ov,0.4,0.3,0.35,3,rrg,50,0.40000004,0.39748046,0.011042573,5,0.6,0.2828427,0,1.4936646,1.5494180917739868,0.9977357,0.2,11,0.15751448273658752
sequential,ov,0.4,0.3,0.36,3,rrg,9,0.39999998,0.3726818,0.048758496,7,0.39999998,2.4333495e-08,0,1.6228749,1.609984040260315,1.5129743,1.9868216e-08,19,0.18660128116607666
sequential,ov,0.4,0.3,0.37,3,rrg,66,0.40000004,0.38452035,0.041114673,8,0.79999965,0.2828424,0,1.3703772,1.5520837306976318,0.49926457,0.39999962,3,0.20410580933094025
sequential,ov,0.4,0.3,0.38,3,rrg,8,0.4000001,0.3868757,0.03749359,6,0.7999878,0.28283405,0,1.3695723,1.541685700416565,0.49072614,0.39998773,4,0.22606897354125977
sequential,ov,0.4,0.3,0.39,3,rrg,70,0.37896603,0.38617107,0.04038806,18,0.5466809,0.32723185,0,1.6030102,1.5647135972976685,1.2016217,0.26074883,6,0.19780953228473663
sequential,ov,0.4,0.3,0.4,3,rrg,76,0.40133142,0.38671356,0.037770204,3,0.4002049,0.0011239044,0,1.6488612,1.5415081977844238,1.5787139,0.0013538202,20,0.22668084502220154
sequential,ov,0.4,0.3,0.41,3,rrg,28,0.40000004,0.38039342,0.038431656,7,0.79999995,0.2828428,0,1.3703234,1.5607963800430298,0.49850532,0.4,3,0.23799049854278564
sequential,ov,0.4,0.3,0.42,3,rrg,77,0.40359426,0.37050655,0.050353233,2,0.24338718,0.17455095,0,1.6795306,1.6136236190795898,1.1505705,0.17024511,13,0.20249347388744354
sequential,ov,0.4,0.3,0.43,3,rrg,7,0.35118502,0.36916664,0.056733526,15,0.46950278,0.41051993,0,1.577975,1.586432695388794,0.54917085,0.3524406,6,0.2350493222475052
sequential,ov,0.4,0.3,0.44,3,rrg,4,0.40005177,0.36522764,0.059719067,7,0.601191,0.28200328,0,1.5112004,1.605594277381897,1.0598313,0.20113923,10,0.22476346790790558
sequential,ov,0.4,0.3,0.45,3,rrg,97,0.36098433,0.36688468,0.08024661,16,0.32925984,0.085408665,0,1.828662,1.6020952463150024,1.8352836,0.06990115,16,0.2381720244884491
sequential,ov,0.4,0.3,0.46,3,rrg,5,0.39216745,0.31886747,0.10629694,8,0.5822909,0.2961463,0,1.5312631,1.687883973121643,1.0725608,0.22016418,14,0.25798478722572327
sequential,ov,0.4,0.3,0.47,3,rrg,58,0.42674664,0.31163764,0.11466836,2,0.6074123,0.27774984,0,1.4535123,1.73948073387146,0.95651406,0.20150328,9,0.22940289974212646
sequential,ov,0.4,0.3,0.48,3,rrg,16,0.37639508,0.33335838,0.097455025,11,0.56165624,0.31317315,0,1.5951515,1.6533104181289673,1.1697307,0.24442689,11,0.2841513752937317
sequential,ov,0.4,0.3,0.49,3,rrg,0,0.39908192,0.35789487,0.08557039,10,0.55982727,0.31371263,0,1.5566295,1.614526391029358,1.1649753,0.23986667,12,0.2903791666030884
sequential,ov,0.4,0.3,0.5,3,rrg,72,0.4432393,0.35800973,0.09707961,3,0.41885057,0.054949008,0,1.6279905,1.647439956665039,1.5951538,0.05733165,19,0.24390149116516113
sequential,ov,0.4,0.3,0.51,3,rrg,82,0.18303873,0.30031934,0.10408248,17,0.3779205,0.44325328,0,2.0386317,1.7476345300674438,0.7773504,0.34975907,10,0.287431001663208
sequential,ov,0.4,0.3,0.52,3,rrg,33,0.39984414,0.3263175,0.10479343,5,0.59357435,0.28749627,0,1.5041639,1.7033227682113647,1.0165521,0.20654213,13,0.2792889475822449
sequential,ov,0.4,0.3,0.53,3,rrg,75,0.38105297,0.323278,0.10624617,8,0.7503908,0.3530007,0,1.42637,1.6678708791732788,0.5956395,0.45592487,2,0.3155887722969055
sequential,ov,0.4,0.3,0.54,3,rrg,55,0.38423413,0.32946938,0.10312269,8,0.75251895,0.34999102,0,1.4159784,1.7001430988311768,0.58420044,0.4527363,2,0.2796920835971832
sequential,ov,0.4,0.3,0.55,3,rrg,3,0.35694906,0.31493372,0.0859189,8,0.6668973,0.47107843,0,1.3817437,1.6789896488189697,0.0042282576,0.54745305,3,0.3423112630844116
sequential,ov,0.4,0.3,0.56,3,rrg,69,0.4577312,0.34741402,0.106726944,2,0.47910893,0.40931594,0,1.2503297,1.6411449909210205,0.5185265,0.34013477,9,0.29068097472190857
sequential,ov,0.4,0.3,0.57,3,rrg,38,0.035432618,0.29400134,0.11966501,20,0.078425325,0.110909894,0,2.1857524,1.768262267112732,0.6406171,0.09023595,20,0.29248321056365967
sequential,ov,0.4,0.3,0.58,3,rrg,19,0.038244486,0.33461362,0.10567419,20,0.089105815,0.12601465,0,2.22207,1.6659444570541382,0.65790164,0.101853974,19,0.31605401635169983
sequential,ov,0.4,0.3,0.59,3,rrg,46,0.149757,0.30950114,0.11566465,18,2.301785e-10,2.9938482e-10,0,1.9006122,1.725353479385376,1.1296133e-08,0.149757,16,0.2955128252506256
sequential,ov,0.4,0.3,0.6,3,rrg,79,0.12626444,0.34993377,0.095046654,19,0.18932112,0.15500952,0,2.379751,1.5982478857040405,1.314066,0.147233,17,0.32542353868484497
sequential,ov,0.4,0.3,0.61,3,rrg,35,0.38938135,0.32271644,0.1012847,6,0.3333334,0.47140446,0,1.0836921,1.703357458114624,3.4038047e-05,0.46312705,4,0.306908518075943
sequential,ov,0.4,0.3,0.62,3,rrg,36,0.39361814,0.35116795,0.087833695,8,0.579685,0.29785383,0,1.5422761,1.6506717205047607,1.1148273,0.21818776,15,0.31147801876068115
sequential,ov,0.4,0.3,0.63,3,rrg,56,0.30685756,0.3256703,0.10789184,10,0.16058482,0.1774732,0,1.9163686,1.7078365087509155,1.2303122,0.2136501,15,0.3157203495502472
sequential,ov,0.4,0.3,0.64,3,rrg,83,0.33286336,0.31362882,0.094101146,8,0.5056157,0.3502914,0,1.7916955,1.6936982870101929,1.3908316,0.2720054,15,0.3359837830066681
sequential,ov,0.4,0.3,0.65,3,rrg,48,0.4015257,0.32231933,0.075139455,3,0.84486765,0.2193903,0,1.357924,1.6422380208969116,0.46440485,0.44334188,5,0.4007655680179596
sequential,ov,0.4,0.3,0.66,3,rrg,20,0.30652598,0.3200769,0.076127715,10,0.45099667,0.41408855,0,1.6628045,1.6832317113876343,0.52767485,0.34882137,12,0.34422567486763
sequential,ov,0.4,0.3,0.67,3,rrg,84,0.10110261,0.30062562,0.11083559,19,0.12856703,0.18182126,0,2.0781326,1.675305962562561,0.5964274,0.16226791,16,0.315975159406662
sequential,ov,0.4,0.3,0.68,3,rrg,86,0.30281043,0.3239569,0.10192775,11,0.33333334,0.4714045,0,1.6752741,1.6342689990997314,4.9523824e-14,0.43427014,5,0.33034026622772217
sequential,ov,0.4,0.3,0.69,3,rrg,43,0.38220853,0.32160014,0.09531457,8,0.552525,0.32115114,0,1.5714575,1.6829948425292969,1.1559123,0.25080895,14,0.3229946494102478
sequential,ov,0.4,0.3,0.7,3,rrg,88,0.33422533,0.32119954,0.091112316,10,8.465664e-08,1.1972041e-07,0,1.7959796,1.646716833114624,4.390329e-06,0.33422527,16,0.3887886106967926
sequential,ov,0.4,0.3,0.71,3,rrg,11,0.23745877,0.28621078,0.10962866,15,0.39555785,0.43414629,0,1.913634,1.7194738388061523,0.69846106,0.35026172,13,0.3245028853416443
sequential,ov,0.4,0.3,0.72,3,rrg,25,0.334688,0.3197854,0.114977285,10,0.092285365,0.13051116,0,1.7410347,1.6192041635513306,0.58403593,0.24240263,17,0.36644917726516724
sequential,ov,0.4,0.3,0.73,3,rrg,64,0.024037965,0.2935648,0.12325751,20,2.2707758e-12,3.2102754e-12,0,1.5006855,1.686737298965454,1.7048628e-10,0.024037965,20,0.3283674120903015
sequential,ov,0.4,0.3,0.74,3,rrg,59,0.29670522,0.31767732,0.113627866,11,0.27312613,0.21712637,0,1.8819625,1.6925312280654907,1.0867423,0.17991829,17,0.3537290096282959
sequential,ov,0.4,0.3,0.75,3,rrg,93,0.08683032,0.32740366,0.12247964,20,0.05188295,0.07334693,0,2.003662,1.6028286218643188,0.7394188,0.08080127,20,0.3904494345188141
sequential,ov,0.4,0.3,0.76,3,rrg,67,0.41182116,0.3245285,0.12675203,4,0.7817352,0.30867308,0,1.3895766,1.6448924541473389,0.5794095,0.41432443,10,0.3832237720489502
sequential,ov,0.4,0.3,0.77,3,rrg,15,0.12833306,0.30330807,0.12798104,19,0.33333635,0.4714024,0,2.049083,1.6648374795913696,0.0001156155,0.37610802,13,0.4035565257072449
sequential,ov,0.4,0.3,0.78,3,rrg,42,0.25997388,0.32005805,0.13101019,14,0.46799955,0.41074896,0,1.8399844,1.6375255584716797,0.53856426,0.38134158,12,0.39557918906211853
sequential,ov,0.4,0.3,0.79,3,rrg,1,0.29887426,0.3213204,0.12942995,11,0.431973,0.41943058,0,1.6704562,1.6364295482635498,0.597356,0.3343184,15,0.39154118299484253
sequential,ov,0.4,0.3,0.8,3,rrg,14,0.29550102,0.3255186,0.1326692,12,0.33333334,0.4714045,0,1.7143083,1.6190866231918335,2.977576e-26,0.43183365,10,0.40734997391700745
sequential,ov,0.4,0.3,0.81,3,rrg,17,0.4,0.32512644,0.13835947,5,1.0,0.0,0,1.2602313,1.614884376525879,0.0,0.6,1,0.404521107673645
sequential,ov,0.4,0.3,0.82,3,rrg,65,0.19801494,0.32050937,0.14152153,14,0.047400862,0.067034945,0,2.085226,1.6346092224121094,0.752261,0.15061408,18,0.3932494819164276
sequential,ov,0.4,0.3,0.83,3,rrg,34,0.16954651,0.32286862,0.14966491,15,4.6807e-06,6.505929e-06,0,2.0609055,1.613433837890625,0.00022719362,0.16954184,16,0.4071541428565979
sequential,ov,0.4,0.3,0.84,3,rrg,68,0.39366013,0.33077797,0.15225928,8,6.37199e-11,9.011354e-11,0,1.4815408,1.58138906955719,4.1200185e-09,0.39366016,11,0.42172688245773315
sequential,ov,0.4,0.3,0.85,3,rrg,37,0.24788563,0.33011118,0.16265129,12,0.33333334,0.4714045,0,1.775414,1.5690629482269287,4.49288e-37,0.41596186,10,0.4248204231262207
sequential,ov,0.4,0.3,0.86,3,rrg,90,0.4,0.3412921,0.17457035,5,1.0,0.0,0,1.2602313,1.5231082439422607,0.0,0.6,1,0.42714792490005493
sequential,ov,0.4,0.3,0.87,3,rrg,73,0.51389945,0.33908385,0.18317786,3,0.22037639,0.16581644,0,1.4348569,1.5263208150863647,1.0420285,0.29352304,12,0.4145418405532837
sequential,ov,0.4,0.3,0.88,3,rrg,78,0.030128477,0.3217992,0.18389255,12,0.3333334,0.4714045,0,2.2556858,1.5296694040298462,6.5532217e-06,0.34337607,11,0.4303598701953888
sequential,ov,0.4,0.3,0.89,3,rrg,49,0.52111304,0.34583053,0.16938485,2,0.33333334,0.4714045,0,0.6953065,1.462306261062622,0.0,0.5070377,4,0.44109994173049927
sequential,ov,0.4,0.3,0.9,3,rrg,81,0.34520376,0.3276764,0.16798611,5,0.33333334,0.4714045,0,1.5357063,1.538793921470642,1.1908875e-22,0.44840124,5,0.4348953366279602
sequential,ov,0.4,0.3,0.91,3,rrg,21,0.3580158,0.3256021,0.17698704,4,0.6666985,0.47135943,0,1.376107,1.5390889644622803,0.0005434589,0.5472962,3,0.4334509074687958
sequential,ov,0.4,0.3,0.92,3,rrg,22,0.39495277,0.32138434,0.1874112,3,0.7626667,0.33564004,0,1.3951569,1.5595808029174805,0.5579992,0.43901575,4,0.4191688299179077
sequential,ov,0.4,0.3,0.93,3,rrg,23,0.30393225,0.31618804,0.19830336,4,0.6666667,0.47140452,0,1.4880022,1.5747560262680054,0.0,0.56535596,2,0.42508479952812195
sequential,ov,0.4,0.3,0.94,3,rrg,57,0.72560906,0.31863555,0.21429525,1,0.33333334,0.4714045,0,0.5875929,1.5880937576293945,7.488326e-18,0.575203,1,0.40329280495643616
sequential,ov,0.4,0.3,0.95,3,rrg,26,0.22110513,0.23729444,0.12413228,3,0.33333334,0.4714045,0,1.7638282,1.7878526449203491,5.026487e-07,0.40703502,3,0.36941632628440857
sequential,ov,0.4,0.3,0.96,3,rrg,60,0.048533477,0.24137896,0.13851401,4,0.13478021,0.19060801,0,2.0710735,1.7937843799591064,0.5389551,0.15095805,4,0.3600994944572449
sequential,ov,0.4,0.3,0.97,3,rrg,61,0.335561,0.29504436,0.084750205,2,0.3333387,0.4714007,0,1.6012931,1.739515781402588,0.00011408887,0.4451816,2,0.4301975965499878
sequential,ov,0.4,0.3,0.98,3,rrg,30,0.32556996,0.25133464,0.07423531,1,0.33398703,0.47094297,0,1.8652648,1.8755664825439453,0.071485125,0.44120297,1,0.41678470373153687
sequential,ov,0.4,0.3,0.99,3,rrg,63,0.17709924,0.17709924,0.0,1,0.33333334,0.4714045,0,1.8858682,1.8858681917190552,3.3477308e-27,0.3923664,1,0.3923664093017578
sequential,mov,0.4,0.3,0.0,3,rrg,64,0.39723024,0.3972302,2.9802322e-08,1,0.39723024,0.0,0,1.8001581,1.8001582622528076,1.8001581,0.0,1,0.0
sequential,mov,0.4,0.3,0.01,3,rrg,8,0.39997834,0.3897795,0.038520854,15,0.3999784,3.4412757e-08,0,1.7059884,1.7305864095687866,1.7059885,7.947286e-08,17,0.013801868073642254
sequential,mov,0.4,0.3,0.02,3,rrg,11,0.39999875,0.3811672,0.049763624,8,0.39999866,2.9802322e-08,0,1.7037815,1.7484604120254517,1.703781,7.947286e-08,20,0.027565035969018936
sequential,mov,0.4,0.3,0.03,3,rrg,70,0.40259677,0.3870626,0.041876376,1,0.3961198,0.005211622,0,1.7111665,1.7417821884155273,1.734131,0.0064769886,8,0.02261359617114067
sequential,mov,0.4,0.3,0.04,3,rrg,28,0.40004012,0.39510074,0.011487029,11,0.4001743,0.0001877749,0,1.7036612,1.7352187633514404,1.7044915,0.00016087294,18,0.019056368619203568
sequential,mov,0.4,0.3,0.05,3,rrg,25,0.40039814,0.3650031,0.07171578,9,0.40111157,0.0014020277,0,1.7034997,1.7968841791152954,1.7057587,0.0010824403,16,0.03844115138053894
sequential,mov,0.4,0.3,0.06,3,rrg,62,0.37040254,0.33729416,0.08487315,11,0.33070144,0.08405641,0,1.853052,1.8569892644882202,1.8885899,0.06601284,9,0.06514529883861542
sequential,mov,0.4,0.3,0.07,3,rrg,19,0.21134199,0.34409654,0.077223495,18,0.23181541,0.16462964,0,2.0952425,1.8566776514053345,1.2821848,0.16136801,2,0.06849706918001175
sequential,mov,0.4,0.3,0.08,3,rrg,34,0.39524454,0.34433988,0.086744234,9,0.34950745,0.07064573,0,1.7871481,1.8619571924209595,1.8442987,0.051325902,10,0.055368125438690186
sequential,mov,0.4,0.3,0.09,3,rrg,46,0.4080513,0.37470973,0.05449998,2,0.40254053,0.0012345455,0,1.7021867,1.8068487644195557,1.7283468,0.005510807,17,0.04284163564443588
sequential,mov,0.4,0.3,0.1,3,rrg,55,0.41313338,0.32332048,0.08969352,1,0.3619627,0.066899374,0,1.7367523,1.923754096031189,1.810629,0.051170647,14,0.08358833193778992
sequential,mov,0.4,0.3,0.11,3,rrg,58,0.39441082,0.3180428,0.09869302,7,0.38323113,0.017539848,0,1.7543049,1.9298473596572876,1.7990423,0.015416145,17,0.08522707223892212
sequential,mov,0.4,0.3,0.12,3,rrg,4,0.21046704,0.3075591,0.08033402,17,0.23796459,0.16875853,0,2.0820684,1.9445959329605103,1.2634021,0.1678089,3,0.10056819021701813
sequential,mov,0.4,0.3,0.13,3,rrg,65,0.31403026,0.32035956,0.112224415,12,0.23037218,0.12220842,0,2.1105468,1.9103742837905884,2.1026926,0.14276506,7,0.11852119117975235
sequential,mov,0.4,0.3,0.14,3,rrg,43,0.396236,0.37106153,0.092713565,10,0.3821975,0.020113759,0,1.7454319,1.836450219154358,1.7849056,0.022231707,17,0.08614428341388702
sequential,mov,0.4,0.3,0.15,3,rrg,50,0.42929292,0.28885457,0.11575227,1,0.4782338,0.10056435,0,1.5952345,1.9421838521957397,1.5588404,0.087837346,12,0.0979931429028511
sequential,mov,0.4,0.3,0.16,3,rrg,77,0.38926893,0.30989853,0.084853485,5,0.321876,0.010220452,0,1.8843163,1.9088140726089478,1.9958123,0.06739295,15,0.1066645160317421
sequential,mov,0.4,0.3,0.17,3,rrg,66,0.40044555,0.3185254,0.08920347,6,0.35540548,0.06679641,0,1.7610357,1.9583098888397217,1.8173233,0.06279818,14,0.09281636774539948
sequential,mov,0.4,0.3,0.18,3,rrg,61,0.42387104,0.31664008,0.10314039,3,0.25058225,0.17906052,0,1.649043,1.9394985437393188,1.1477807,0.17328878,5,0.13528379797935486
sequential,mov,0.4,0.3,0.19,3,rrg,75,0.39656278,0.3177677,0.10346866,7,0.37550175,0.08851608,0,1.7487801,1.8862384557724,1.7766482,0.07557724,12,0.09975083917379379
sequential,mov,0.4,0.3,0.2,3,rrg,49,0.36768195,0.35129467,0.12664206,7,0.08605674,0.121698424,0,1.7739868,1.8450111150741577,0.6910359,0.2816252,4,0.17027032375335693
sequential,mov,0.4,0.3,0.21,3,rrg,57,0.4107655,0.3484122,0.1642196,4,0.37246165,0.027533395,0,1.7376736,1.8564866781234741,1.8025461,0.03830387,19,0.14955775439739227
sequential,mov,0.4,0.3,0.22,3,rrg,59,0.43656638,0.32288936,0.13927758,3,0.10906514,0.14093137,0,1.6465209,1.9225566387176514,0.7151809,0.32750127,3,0.1515737771987915
sequential,mov,0.4,0.3,0.23,3,rrg,9,0.3428706,0.31165695,0.09210468,8,0.32819915,0.10551497,0,1.899881,1.9418134689331055,1.8873984,0.094266094,13,0.1295984834432602
sequential,mov,0.4,0.3,0.24,3,rrg,14,0.37685788,0.39146116,0.16100188,10,0.10919818,0.15442947,0,1.6985482,1.7217096090316772,0.6561999,0.2676597,7,0.21172752976417542
sequential,mov,0.4,0.3,0.25,3,rrg,81,0.4283131,0.32510418,0.1898382,3,0.46666083,0.114244744,0,1.6175404,1.8580204248428345,1.587142,0.09422549,14,0.17460981011390686
sequential,mov,0.4,0.3,0.26,3,rrg,7,0.4111341,0.3348278,0.14946175,5,0.22217728,0.1774691,0,1.7194989,1.8400218486785889,1.2493026,0.20444356,9,0.21261461079120636
sequential,mov,0.4,0.3,0.27,3,rrg,99,0.53326046,0.34833354,0.18138069,2,0.18170737,0.256973,1,1.407642,1.8294222354888916,0.42000684,0.35946083,2,0.18824341893196106
sequential,mov,0.4,0.3,0.28,3,rrg,89,0.4923602,0.29776138,0.11237152,1,0.36823264,0.3125936,1,1.3340316,1.9110043048858643,0.8975484,0.30534592,3,0.160845085978508
sequential,mov,0.4,0.3,0.29,3,rrg,3,0.4403149,0.33979967,0.16171701,4,0.38894954,0.10096115,0,1.5935084,1.8538316488265991,1.548957,0.092232965,18,0.18784239888191223
sequential,mov,0.4,0.3,0.3,3,rrg,95,0.5019756,0.3387987,0.1841122,2,0.21121989,0.15957646,1,1.5122023,1.7876125574111938,1.2008743,0.29075572,3,0.19868844747543335
sequential,mov,0.4,0.3,0.31,3,rrg,33,0.37099123,0.374904,0.19584078,7,0.11573785,0.16202109,0,1.6964357,1.7160365581512451,0.65819365,0.2552534,8,0.2458784580230713
sequential,mov,0.4,0.3,0.32,3,rrg,20,0.33088055,0.34143588,0.09278401,12,0.11915311,0.16850793,0,1.7749449,1.857227087020874,0.5895411,0.22944663,3,0.1623435765504837
sequential,mov,0.4,0.3,0.33,3,rrg,37,0.27328718,0.2875873,0.1381276,12,0.24043004,0.17106369,0,2.0159264,1.9678995609283447,1.2658418,0.14933433,8,0.1681360900402069
sequential,mov,0.4,0.3,0.34,3,rrg,63,0.28547773,0.2987692,0.15631656,11,0.21100356,0.15980257,0,1.9668195,1.9083906412124634,1.2601007,0.14188977,8,0.16090667247772217
sequential,mov,0.4,0.3,0.35,3,rrg,13,0.6355209,0.37467676,0.19255862,4,0.36062226,0.28355175,1,1.2038887,1.6932704448699951,0.90859646,0.31309047,8,0.2504982650279999
sequential,mov,0.4,0.3,0.36,3,rrg,82,0.2677244,0.27390325,0.1610379,8,0.24542828,0.18500112,0,1.9907458,1.8582639694213867,1.294083,0.1561868,8,0.18126180768013
sequential,mov,0.4,0.3,0.37,3,rrg,30,0.38518092,0.2789011,0.10955839,5,0.52590597,0.33579004,0,1.6433128,1.9339473247528076,1.3268201,0.26915386,4,0.172325998544693
sequential,mov,0.4,0.3,0.38,3,rrg,68,0.30304602,0.29755217,0.18258303,9,0.027089395,0.03831019,0,1.7264103,1.8843481540679932,0.7841849,0.27595663,4,0.20207051932811737
sequential,mov,0.4,0.3,0.39,3,rrg,1,0.09752784,0.22417851,0.14159122,19,0.10186398,0.143915,0,2.208242,2.0420680046081543,0.6935146,0.13423894,8,0.16545161604881287
sequential,mov,0.4,0.3,0.4,3,rrg,41,0.7195353,0.33146846,0.29343462,3,0.43471208,0.41855907,1,0.9962525,1.660220742225647,0.66022784,0.4717997,3,0.2541009187698364
sequential,mov,0.4,0.3,0.41,3,rrg,17,0.4380214,0.27146918,0.2182657,3,0.5552125,0.31445375,0,1.4122455,1.8823859691619873,0.9865008,0.25712052,4,0.18583837151527405
sequential,mov,0.4,0.3,0.42,3,rrg,10,0.4890656,0.32344157,0.20581849,3,0.15301098,0.2163902,1,1.4806901,1.830863356590271,0.52591133,0.3360546,5,0.2290690690279007
sequential,mov,0.4,0.3,0.43,3,rrg,2,0.699525,0.29685944,0.2412537,2,0.33333334,0.4714045,1,0.7634525,1.82867431640625,8.4163915e-18,0.56650835,2,0.21938209235668182
sequential,mov,0.4,0.3,0.44,3,rrg,56,0.12066882,0.26838046,0.23080242,16,5.3789984e-14,7.6070525e-14,0,1.7289568,1.876146674156189,4.7286736e-12,0.12066882,11,0.21203693747520447
sequential,mov,0.4,0.3,0.45,3,rrg,90,0.40683454,0.36095098,0.26894724,5,0.3041675,0.023910241,0,1.8710533,1.7091079950332642,2.0334818,0.10266703,16,0.28817328810691833
sequential,mov,0.4,0.3,0.46,3,rrg,26,0.25479534,0.27857977,0.20880076,10,0.20616208,0.1474122,0,2.0208964,1.8964147567749023,1.3841152,0.1212303,13,0.2132815420627594
sequential,mov,0.4,0.3,0.47,3,rrg,0,0.17447501,0.25093272,0.20966253,12,0.27678347,0.19734952,0,2.2733614,1.869834542274475,1.1773227,0.21862514,4,0.19860395789146423
sequential,mov,0.4,0.3,0.48,3,rrg,91,0.6669629,0.34186006,0.23302351,2,0.3239912,0.23342995,1,1.1272945,1.7015129327774048,0.9958246,0.3429717,7,0.2745286524295807
sequential,mov,0.4,0.3,0.49,3,rrg,88,0.2304051,0.24886712,0.20260729,10,0.2913901,0.25154182,0,2.2102346,1.9330562353134155,1.9480511,0.21641874,7,0.21945258975028992
sequential,mov,0.4,0.3,0.5,3,rrg,5,0.23751104,0.25369877,0.1698853,12,0.16443174,0.14167863,0,2.126423,1.9045190811157227,1.4730078,0.14527096,11,0.20639793574810028
sequential,mov,0.4,0.3,0.51,3,rrg,27,0.2704546,0.29286087,0.26231316,8,0.22012746,0.18690339,1,1.9557669,1.7105998992919922,1.2600828,0.17462964,9,0.2504009008407593
sequential,mov,0.4,0.3,0.52,3,rrg,21,0.44868585,0.3734052,0.263098,7,0.6630922,0.25644058,0,1.4379668,1.6433223485946655,1.1090935,0.29773575,8,0.30327218770980835
sequential,mov,0.4,0.3,0.53,3,rrg,84,0.023191363,0.22473876,0.14291047,18,0.0,0.0,0,1.6162716,1.8986570835113525,0.0,0.023191363,19,0.1755557358264923
sequential,mov,0.4,0.3,0.54,3,rrg,6,0.29792306,0.39375252,0.2680585,11,0.25080606,0.28376445,1,1.971373,1.607836365699768,1.0826455,0.28017673,10,0.3497024178504944
sequential,mov,0.4,0.3,0.55,3,rrg,76,0.12961921,0.28955022,0.23360239,16,0.04457818,0.063043065,0,2.0505562,1.832366943359375,0.73814243,0.08778459,19,0.24760802090168
sequential,mov,0.4,0.3,0.56,3,rrg,74,0.41821572,0.3379855,0.22182384,6,0.556266,0.31784436,1,1.4724665,1.6720540523529053,1.0606157,0.24980587,11,0.28091028332710266
sequential,mov,0.4,0.3,0.57,3,rrg,67,0.2419706,0.4183742,0.2877438,16,0.2195397,0.17213407,0,1.9882352,1.4428209066390991,1.1604246,0.14138192,16,0.3943312168121338
sequential,mov,0.4,0.3,0.58,3,rrg,83,0.16515097,0.39180285,0.28450343,15,0.06182918,0.08743966,0,2.1949508,1.520268201828003,0.70774573,0.1168795,16,0.3357287049293518
sequential,mov,0.4,0.3,0.59,3,rrg,39,0.21758279,0.36217815,0.2654574,13,0.16028301,0.14379711,1,2.1705112,1.5968607664108276,1.2817998,0.14478773,16,0.3341738283634186
sequential,mov,0.4,0.3,0.6,3,rrg,54,0.24919371,0.37160647,0.2881349,11,0.4294733,0.4202555,1,1.8360292,1.577588438987732,0.56905526,0.34640872,11,0.3409588932991028
sequential,mov,0.4,0.3,0.61,3,rrg,48,0.22459796,0.38961405,0.2971193,13,0.44982457,0.4143692,0,2.0009882,1.5765998363494873,0.54758006,0.3749586,10,0.3851708471775055
sequential,mov,0.4,0.3,0.62,3,rrg,29,0.14086655,0.3723835,0.31880608,12,0.33308125,0.47104803,1,1.9255211,1.527101755142212,0.0025935194,0.38003674,10,0.3654390275478363
sequential,mov,0.4,0.3,0.63,3,rrg,52,0.7803652,0.3800319,0.2963796,3,0.5604977,0.41711697,1,0.8102947,1.4870599508285522,0.36370865,0.36629072,12,0.37955716252326965
sequential,mov,0.4,0.3,0.64,3,rrg,60,0.029818775,0.4005657,0.31254712,19,0.029827185,0.03127756,0,2.1155188,1.4660595655441284,1.3929943,0.028797926,20,0.4106625020503998
sequential,mov,0.4,0.3,0.65,3,rrg,42,0.12064483,0.3597332,0.2779553,18,0.17182483,0.24299702,0,1.9745866,1.5131049156188965,0.4386458,0.21203977,14,0.36304423213005066
sequential,mov,0.4,0.3,0.66,3,rrg,87,0.9999928,0.40404916,0.30270046,2,0.09018748,0.12754436,1,0.00010655883,1.4002554416656494,0.54027104,0.9098053,2,0.3996812701225281
sequential,mov,0.4,0.3,0.67,3,rrg,32,0.32613352,0.40491948,0.31730896,10,0.062240507,0.08802136,1,1.3289965,1.421195387840271,0.69700736,0.263893,13,0.40031734108924866
sequential,mov,0.4,0.3,0.68,3,rrg,92,0.39451283,0.44579834,0.33061373,8,0.33333334,0.4714045,1,1.4999336,1.4241974353790283,3.771309e-28,0.46483764,9,0.43621626496315
sequential,mov,0.4,0.3,0.69,3,rrg,16,0.6731633,0.35453337,0.25727242,3,0.33333278,0.47140372,0,1.0782329,1.64310622215271,8.706626e-06,0.55772054,4,0.372395783662796
sequential,mov,0.4,0.3,0.7,3,rrg,31,0.39018407,0.36081803,0.2686997,6,0.13496618,0.11116651,1,1.7777288,1.5734217166900635,1.4559431,0.2552179,12,0.3633149564266205
sequential,mov,0.4,0.3,0.71,3,rrg,86,0.3103822,0.3715419,0.2855198,8,0.33333334,0.4714045,0,1.6297951,1.5522737503051758,1.1309041e-09,0.43679404,7,0.389089971780777
sequential,mov,0.4,0.3,0.72,3,rrg,12,0.99999976,0.42691755,0.32687876,2,2.1637535e-38,0.0,1,4.432639e-06,1.4197733402252197,3.0048574e-36,0.99999976,1,0.46720433235168457
sequential,mov,0.4,0.3,0.73,3,rrg,47,0.9960003,0.426232,0.31457663,3,0.4666667,0.4109609,1,0.031396616,1.4063936471939087,0.42035484,0.53200006,6,0.4312375485897064
sequential,mov,0.4,0.3,0.74,3,rrg,22,0.38526586,0.35356626,0.3053517,6,0.43459573,0.4185954,0,1.5816842,1.5660942792892456,0.6540946,0.36049291,11,0.4018095135688782
sequential,mov,0.4,0.3,0.75,3,rrg,24,0.39999995,0.34279913,0.31555817,6,0.9999166,0.000117870695,1,1.2602831,1.5441465377807617,0.00088531565,0.5999167,5,0.39805394411087036
sequential,mov,0.4,0.3,0.76,3,rrg,93,0.041538887,0.33897012,0.28476486,19,0.048545748,0.06865405,0,1.853446,1.5977675914764404,0.69675034,0.062392045,19,0.4045496881008148
sequential,mov,0.4,0.3,0.77,3,rrg,94,0.35404935,0.35893592,0.30522078,7,0.6101683,0.4369677,1,1.8675541,1.564607858657837,0.15171297,0.49215186,5,0.40308886766433716
sequential,mov,0.4,0.3,0.78,3,rrg,40,0.2521437,0.35454398,0.2894595,12,0.44731832,0.4149908,1,1.809161,1.5611666440963745,0.56403977,0.36327043,12,0.40876826643943787
sequential,mov,0.4,0.3,0.79,3,rrg,44,0.2566748,0.3177053,0.29407462,10,0.33333334,0.4714045,1,1.7290477,1.634020209312439,2.1960754e-15,0.41889158,9,0.3814982771873474
sequential,mov,0.4,0.3,0.8,3,rrg,15,0.12352089,0.3315303,0.2971437,15,0.33333334,0.4714045,0,2.0507524,1.5798416137695312,7.145839e-24,0.37450695,10,0.38749051094055176
sequential,mov,0.4,0.3,0.81,3,rrg,18,0.2705625,0.34244883,0.30083007,10,0.6666667,0.4714045,1,1.6208109,1.5542688369750977,6.51098e-07,0.57647914,4,0.38836103677749634
sequential,mov,0.4,0.3,0.82,3,rrg,96,0.248813,0.34644258,0.3085733,10,0.098494224,0.13929187,1,2.0189452,1.5504289865493774,0.65120757,0.18143189,12,0.3688836395740509
sequential,mov,0.4,0.3,0.83,3,rrg,97,0.07132978,0.34916082,0.31518754,15,0.07480537,0.05632758,0,2.246852,1.5307499170303345,1.3954328,0.051028777,16,0.38442307710647583
sequential,mov,0.4,0.3,0.84,3,rrg,98,0.3399981,0.3566814,0.3216484,7,0.33333334,0.4714045,1,1.3494145,1.4985164403915405,3.319494e-25,0.446666,7,0.40262001752853394
sequential,mov,0.4,0.3,0.85,3,rrg,35,0.2789758,0.35274678,0.3353536,8,0.34858206,0.46100047,0,1.8352554,1.508643388748169,0.7414992,0.41107655,8,0.3972630202770233
sequential,mov,0.4,0.3,0.86,3,rrg,36,0.0868154,0.35914835,0.34558302,10,0.33333334,0.4714045,0,2.101956,1.4838889837265015,2.31832e-09,0.3622718,8,0.39233770966529846
sequential,mov,0.4,0.3,0.87,3,rrg,69,0.521275,0.38016656,0.3498336,4,0.33333334,0.4714045,0,0.6922826,1.4354959726333618,3.2599774e-09,0.5070917,5,0.3952866792678833
sequential,mov,0.4,0.3,0.88,3,rrg,38,0.065608345,0.36839437,0.361607,9,0.00012563267,0.00017743955,0,2.2165735,1.4973019361495972,0.003306984,0.06548271,10,0.3860311508178711
sequential,mov,0.4,0.3,0.89,3,rrg,71,1.0,0.39591077,0.3654405,1,0.0,0.0,1,2.413796e-07,1.4319545030593872,0.0,1.0,1,0.41516268253326416
sequential,mov,0.4,0.3,0.9,3,rrg,72,0.005792495,0.33549982,0.32673958,10,2.7081491e-25,0.0,0,1.7517592,1.575190782546997,3.7596278e-22,0.005792495,10,0.35667699575424194
sequential,mov,0.4,0.3,0.91,3,rrg,73,0.83607715,0.37211743,0.3243536,2,3.4187093e-37,0.0,0,0.63831925,1.5558305978775024,4.539325e-35,0.83607715,1,0.3956722915172577
sequential,mov,0.4,0.3,0.92,3,rrg,45,0.48728216,0.3194549,0.29955646,2,0.007608076,0.010759444,1,1.5702826,1.663259506225586,0.7183845,0.4796741,3,0.34792542457580566
sequential,mov,0.4,0.3,0.93,3,rrg,78,0.026518064,0.29589865,0.3125464,7,0.31864953,0.4506385,0,2.2096372,1.6850367784500122,0.085333824,0.32748887,5,0.3516028821468353
sequential,mov,0.4,0.3,0.94,3,rrg,79,0.027443402,0.34074494,0.3160177,6,1.8923788e-12,2.6762275e-12,0,2.068379,1.5979032516479492,6.1683125e-10,0.027443402,6,0.3556184470653534
sequential,mov,0.4,0.3,0.95,3,rrg,80,1.0,0.40338793,0.31030396,1,0.33333334,0.4714045,1,4.3110436e-08,1.5039050579071045,9.504625e-12,0.6666667,1,0.4212511479854584
sequential,mov,0.4,0.3,0.96,3,rrg,51,0.18363099,0.25423226,0.0955385,3,0.379492,0.44239238,1,2.0319898,1.8798956871032715,0.7554672,0.348385,3,0.35989680886268616
sequential,mov,0.4,0.3,0.97,3,rrg,85,0.16654177,0.28804833,0.08718344,3,0.38913265,0.34408227,0,2.2267694,1.8130279779434204,0.7858797,0.33361873,3,0.4300629198551178
sequential,mov,0.4,0.3,0.98,3,rrg,53,0.3669275,0.34308457,0.02384293,1,0.33333334,0.4714045,1,1.6107758,1.5692082643508911,1.463178e-16,0.4556425,2,0.5055316686630249
sequential,mov,0.4,0.3,0.99,3,rrg,23,0.3098122,0.3098122,0.0,1,0.667851,0.46972966,0,1.4996248,1.4996248483657837,0.043648977,0.56221163,1,0.5622116327285767
sequential,c_mov,0.4,0.3,0.0,3,rrg,1,0.39723024,0.3972302,2.9802322e-08,1,0.39723024,0.0,0,1.8001581,1.8001582622528076,1.8001581,0.0,1,0.0
sequential,c_mov,0.4,0.3,0.01,3,rrg,11,0.39995676,0.39995676,5.24724e-08,9,0.39995673,3.847463e-08,0,1.7024307,1.7067521810531616,1.6966062,1.9868216e-08,15,4.27166604310969e-08
sequential,c_mov,0.4,0.3,0.02,3,rrg,0,0.39999953,0.40881246,0.038413752,4,0.40000537,4.8076977e-06,0,1.703725,1.6836925745010376,1.7035965,6.4373016e-06,6,0.018432701006531715
sequential,c_mov,0.4,0.3,0.03,3,rrg,49,0.36547866,0.3956104,0.056432016,18,0.33789918,0.086014345,0,1.8218876,1.7108724117279053,1.8231688,0.07190194,4,0.03925029933452606
sequential,c_mov,0.4,0.3,0.04,3,rrg,22,0.40002126,0.4194017,0.05830999,4,0.45818493,0.08215214,0,1.6642978,1.6604446172714233,1.5771817,0.058177877,3,0.03823241591453552
sequential,c_mov,0.4,0.3,0.05,3,rrg,64,0.4,0.41577634,0.055700395,12,0.4,2.4333495e-08,0,1.703324,1.667872667312622,1.7028271,1.9868216e-08,17,0.043731410056352615
sequential,c_mov,0.4,0.3,0.06,3,rrg,8,0.40000004,0.40532303,0.041564275,10,0.40003446,2.4404007e-05,0,1.7018958,1.6931684017181396,1.6984149,3.4481287e-05,17,0.03505953401327133
sequential,c_mov,0.4,0.3,0.07,3,rrg,35,0.40052414,0.42575336,0.06634395,7,0.39929613,0.0010874709,0,1.7058249,1.6504745483398438,1.7139508,0.0012279948,14,0.07515817135572433
sequential,c_mov,0.4,0.3,0.08,3,rrg,28,0.4000302,0.41644868,0.08200323,14,0.40013835,0.0001751465,0,1.7026712,1.664682149887085,1.701656,0.00012868643,20,0.09027936309576035
sequential,c_mov,0.4,0.3,0.09,3,rrg,16,0.39860022,0.3912707,0.080860265,12,0.38770914,0.018130323,0,1.727266,1.7162244319915771,1.7496032,0.013463001,15,0.08125225454568863
sequential,c_mov,0.4,0.3,0.1,3,rrg,75,0.38837582,0.38884407,0.12166714,12,0.35358596,0.07163943,0,1.7717527,1.7293007373809814,1.7941774,0.055944014,14,0.12714721262454987
sequential,c_mov,0.4,0.3,0.11,3,rrg,17,0.39844462,0.40666562,0.07540895,14,0.44825545,0.095703155,0,1.680252,1.689252495765686,1.6259083,0.07416121,7,0.08838757127523422
sequential,c_mov,0.4,0.3,0.12,3,rrg,3,0.40079886,0.43851385,0.1116984,14,0.400839,0.0018373971,0,1.696532,1.6112178564071655,1.6915998,0.0016245345,20,0.14967259764671326
sequential,c_mov,0.4,0.3,0.13,3,rrg,19,0.3986357,0.4268914,0.13061094,12,0.38886857,0.017804114,0,1.7114563,1.642329216003418,1.7181692,0.013507764,17,0.17202353477478027
sequential,c_mov,0.4,0.3,0.14,3,rrg,25,0.40058303,0.41937408,0.08712506,8,0.40141067,0.0008705994,0,1.687258,1.6648428440093994,1.6689777,0.0009965897,20,0.14303269982337952
sequential,c_mov,0.4,0.3,0.15,3,rrg,87,0.3981464,0.39448047,0.14197381,11,0.3892041,0.011850587,1,1.697925,1.7111622095108032,1.7031736,0.009115686,18,0.15949712693691254
sequential,c_mov,0.4,0.3,0.16,3,rrg,45,0.4444159,0.39250892,0.109327346,6,0.1779239,0.15844077,1,1.6877502,1.7232497930526733,1.33526,0.266492,6,0.15129010379314423
sequential,c_mov,0.4,0.3,0.17,3,rrg,47,0.40032429,0.42005825,0.1752876,9,0.5222825,0.08496938,1,1.5959272,1.6538976430892944,1.4194517,0.1219582,13,0.21500363945960999
sequential,c_mov,0.4,0.3,0.18,3,rrg,18,0.39834908,0.3804589,0.14019151,9,0.7049718,0.26174194,1,1.4673775,1.720574140548706,0.8937724,0.33011714,3,0.19533799588680267
sequential,c_mov,0.4,0.3,0.19,3,rrg,14,0.38570517,0.40426293,0.15762281,11,0.10904881,0.15421832,0,1.6925626,1.679491400718689,0.64285463,0.27665636,9,0.2369392216205597
sequential,c_mov,0.4,0.3,0.2,3,rrg,40,0.38582614,0.3993672,0.1705268,13,0.3447455,0.06554386,1,1.7814862,1.6986980438232422,1.8064504,0.051220257,20,0.2225676029920578
sequential,c_mov,0.4,0.3,0.21,3,rrg,24,0.40205315,0.38289565,0.14262542,6,0.6845453,0.25103408,1,1.4741547,1.7158801555633545,0.9408884,0.29345977,5,0.18650148808956146
sequential,c_mov,0.4,0.3,0.22,3,rrg,74,0.398477,0.35686845,0.13548432,8,0.7231378,0.2021543,1,1.4750612,1.7705888748168945,0.9004302,0.3246608,5,0.21016547083854675
sequential,c_mov,0.4,0.3,0.23,3,rrg,96,0.4008043,0.3740739,0.15498044,8,0.4691541,0.10183685,1,1.655315,1.7276045083999634,1.5742882,0.07380658,19,0.21912595629692078
sequential,c_mov,0.4,0.3,0.24,3,rrg,99,0.4006985,0.3651591,0.10423971,5,0.5309059,0.09238808,1,1.6058444,1.7527778148651123,1.4391693,0.13020737,15,0.17642317712306976
sequential,c_mov,0.4,0.3,0.25,3,rrg,29,0.3998785,0.41684985,0.13503835,11,0.3943393,0.004641598,1,1.6805462,1.6104352474212646,1.6478237,0.0055392087,20,0.2328961342573166
sequential,c_mov,0.4,0.3,0.26,3,rrg,13,0.57650787,0.4410984,0.14442816,4,0.5303271,0.41049498,1,1.2422162,1.5988588333129883,0.43334123,0.33815777,6,0.2638780176639557
sequential,c_mov,0.4,0.3,0.27,3,rrg,34,0.38620394,0.36545378,0.1140643,9,0.39280188,0.12459188,0,1.7395594,1.7030057907104492,1.7043352,0.10263311,17,0.21516084671020508
sequential,c_mov,0.4,0.3,0.28,3,rrg,95,0.38122785,0.3382526,0.106818736,8,0.5481862,0.32598215,1,1.5781435,1.7622772455215454,1.1534746,0.25915098,6,0.19943585991859436
sequential,c_mov,0.4,0.3,0.29,3,rrg,43,0.3984458,0.40069914,0.1635249,10,0.437893,0.080100715,0,1.647816,1.6571699380874634,1.5517464,0.062301736,19,0.2361171692609787
sequential,c_mov,0.4,0.3,0.3,3,rrg,58,0.39975655,0.3505397,0.14067033,8,0.5976578,0.28450757,0,1.4951954,1.759333848953247,1.0048426,0.20247757,12,0.219356507062912
sequential,c_mov,0.4,0.3,0.31,3,rrg,92,0.44042873,0.38511783,0.14133593,6,0.13633707,0.19168492,1,1.534178,1.7001384496688843,0.54941106,0.30409166,7,0.23725517094135284
sequential,c_mov,0.4,0.3,0.32,3,rrg,2,0.5079779,0.43310514,0.1217291,7,0.4556117,0.4130464,1,1.3810979,1.6174176931381226,0.5937498,0.3803809,4,0.24030153453350067
sequential,c_mov,0.4,0.3,0.33,3,rrg,89,0.40497798,0.37589383,0.16704063,7,0.68853503,0.24390326,1,1.5010624,1.7131646871566772,0.98576576,0.2937951,9,0.25850439071655273
sequential,c_mov,0.4,0.3,0.34,3,rrg,31,0.3625781,0.36492127,0.14472002,9,0.3279599,0.10785226,1,1.8284091,1.73477041721344,1.8139095,0.09009701,19,0.2542088031768799
sequential,c_mov,0.4,0.3,0.35,3,rrg,39,0.38983226,0.34191075,0.13035733,5,0.55731755,0.3131402,1,1.5980725,1.7936147451400757,1.2546529,0.23929316,7,0.20965175330638885
sequential,c_mov,0.4,0.3,0.36,3,rrg,98,0.44432795,0.41370782,0.13840431,9,0.4035512,0.43043163,1,1.5038885,1.6372277736663818,0.6675744,0.41122475,3,0.29238200187683105
sequential,c_mov,0.4,0.3,0.37,3,rrg,78,0.18497206,0.4044086,0.17768718,17,0.43775943,0.41762954,0,2.1901321,1.6590211391448975,0.6519806,0.3761021,6,0.2851552665233612
sequential,c_mov,0.4,0.3,0.38,3,rrg,23,0.40059575,0.4056087,0.1710706,10,0.7922569,0.2937385,0,1.385579,1.580291986465454,0.57287616,0.40749303,7,0.32664433121681213
sequential,c_mov,0.4,0.3,0.39,3,rrg,7,0.36540458,0.3075794,0.14211243,7,0.5308169,0.33963045,0,1.6269472,1.8181731700897217,1.1950147,0.27087528,9,0.25791463255882263
sequential,c_mov,0.4,0.3,0.4,3,rrg,37,0.2462406,0.33971295,0.15897645,15,0.44135106,0.4165886,0,1.8568896,1.7489200830459595,0.6293635,0.35927084,4,0.2596244812011719
sequential,c_mov,0.4,0.3,0.41,3,rrg,6,0.5338696,0.39576784,0.16593073,5,0.19644757,0.16117026,1,1.4469848,1.6452178955078125,1.1495509,0.33742204,10,0.30882078409194946
sequential,c_mov,0.4,0.3,0.42,3,rrg,4,0.23104022,0.36819384,0.15444793,16,0.45256498,0.41372284,0,1.8818145,1.6971311569213867,0.543459,0.37555158,6,0.29951345920562744
sequential,c_mov,0.4,0.3,0.43,3,rrg,91,0.67030144,0.35123512,0.19477716,2,0.33333334,0.4714045,1,1.061239,1.785968542098999,1.6796725e-20,0.55676717,1,0.2512318193912506
sequential,c_mov,0.4,0.3,0.44,3,rrg,38,0.37775436,0.36955625,0.14818962,10,0.12370389,0.1035818,0,1.779254,1.686789870262146,1.3638085,0.25405046,12,0.2897399067878723
sequential,c_mov,0.4,0.3,0.45,3,rrg,80,0.6506073,0.35432094,0.17137206,2,0.33333334,0.4714045,1,1.0998667,1.7494659423828125,6.232987e-25,0.5502024,1,0.26346611976623535
sequential,c_mov,0.4,0.3,0.46,3,rrg,62,0.3521322,0.35906118,0.14231388,12,0.5277515,0.3411785,0,1.7052509,1.7199678421020508,1.3173451,0.27307257,11,0.27981385588645935
sequential,c_mov,0.4,0.3,0.47,3,rrg,52,0.5824956,0.30701914,0.12260992,1,0.41580448,0.42525807,1,1.2751437,1.786720633506775,0.6304872,0.44502744,1,0.24571165442466736
sequential,c_mov,0.4,0.3,0.48,3,rrg,88,0.42838508,0.36810306,0.12756078,6,0.13762905,0.117840156,0,1.6991739,1.6815721988677979,1.3649164,0.29075602,11,0.2857207655906677
sequential,c_mov,0.4,0.3,0.49,3,rrg,55,0.38456652,0.2595436,0.130216,4,0.7457593,0.35955054,0,1.4256874,1.8895397186279297,0.6372009,0.45938507,1,0.24595627188682556
sequential,c_mov,0.4,0.3,0.5,3,rrg,67,0.2518774,0.2963967,0.14021765,14,0.41738594,0.42415294,0,1.8028749,1.8256895542144775,0.60129684,0.3334268,5,0.21252381801605225
sequential,c_mov,0.4,0.3,0.51,3,rrg,51,0.2209811,0.29955986,0.11937664,14,0.23402019,0.18001975,1,2.0397425,1.825409173965454,1.2405901,0.16035981,15,0.25391140580177307
sequential,c_mov,0.4,0.3,0.52,3,rrg,63,0.26867777,0.30693084,0.13014747,12,0.39446095,0.4346765,0,1.8145115,1.8068549633026123,0.6355129,0.36176494,4,0.23728618025779724
sequential,c_mov,0.4,0.3,0.53,3,rrg,48,0.18566442,0.30685398,0.1548929,15,0.19808857,0.14220798,0,2.1348448,1.7985910177230835,1.2337557,0.13620044,15,0.24656033515930176
sequential,c_mov,0.4,0.3,0.54,3,rrg,84,0.09323927,0.33022004,0.14649102,19,0.06750977,0.047759864,0,2.1667309,1.711295485496521,1.5676517,0.036430005,20,0.24542386829853058
sequential,c_mov,0.4,0.3,0.55,3,rrg,54,0.23594101,0.29380143,0.1780277,12,0.42414594,0.422107,1,1.8842177,1.8005688190460205,0.58856195,0.34549895,7,0.2409033477306366
sequential,c_mov,0.4,0.3,0.56,3,rrg,94,0.29838735,0.326544,0.17955184,12,0.31027514,0.2613961,1,2.0110447,1.7473552227020264,1.7838007,0.24247976,8,0.21081149578094482
sequential,c_mov,0.4,0.3,0.57,3,rrg,10,0.68144953,0.32295558,0.16513477,1,0.46741268,0.41084123,1,1.0622932,1.7712072134017944,0.5246311,0.42640385,2,0.24401934444904327
sequential,c_mov,0.4,0.3,0.58,3,rrg,77,0.5292945,0.28662044,0.16360024,3,0.17966218,0.1673607,0,1.5256736,1.782954216003418,1.3079581,0.3496323,7,0.25159525871276855
sequential,c_mov,0.4,0.3,0.59,3,rrg,36,0.19363697,0.31602743,0.13449416,16,0.39258453,0.43559483,0,2.029477,1.736822485923767,0.7042277,0.33862782,9,0.2787613272666931
sequential,c_mov,0.4,0.3,0.6,3,rrg,50,0.7783532,0.3582099,0.18018399,1,0.47927895,0.40929866,0,0.8342884,1.6078379154205322,0.5133167,0.44683877,4,0.2893963158130646
sequential,c_mov,0.4,0.3,0.61,3,rrg,86,0.3051747,0.2749439,0.13879126,8,0.3333325,0.4714034,0,1.661668,1.736676812171936,1.2415701e-05,0.4350574,2,0.2932785749435425
sequential,c_mov,0.4,0.3,0.62,3,rrg,32,0.25989336,0.2972365,0.14623877,13,0.44968244,0.40608892,1,1.9261222,1.716723084449768,1.2697296,0.34151253,9,0.27573516964912415
sequential,c_mov,0.4,0.3,0.63,3,rrg,57,0.54342574,0.27776098,0.17190737,1,0.44501707,0.41558743,0,1.3264831,1.7486498355865479,0.5847225,0.4027915,4,0.26251983642578125
sequential,c_mov,0.4,0.3,0.64,3,rrg,15,0.2130715,0.3137382,0.16019872,14,0.48263776,0.40898603,0,2.0018165,1.744035005569458,0.53882855,0.41161394,2,0.24700193107128143
sequential,c_mov,0.4,0.3,0.65,3,rrg,82,0.19562002,0.29980442,0.16383898,14,0.33333334,0.4714045,0,1.8447723,1.745326042175293,6.735712e-20,0.39854002,5,0.2688346207141876
sequential,c_mov,0.4,0.3,0.66,3,rrg,61,0.33552012,0.34306082,0.20613806,11,0.33330777,0.47136682,0,1.6016966,1.640661597251892,0.00033556696,0.44514635,2,0.2812327444553375
sequential,c_mov,0.4,0.3,0.67,3,rrg,33,0.28079683,0.35171458,0.20268175,14,0.08741685,0.12362609,0,1.7629546,1.606398582458496,0.5804348,0.19337998,13,0.2828873097896576
sequential,c_mov,0.4,0.3,0.68,3,rrg,44,0.26880154,0.38456675,0.19650894,15,0.33829927,0.4679326,1,1.6588109,1.5616518259048462,0.07727236,0.41796792,4,0.3261277973651886
sequential,c_mov,0.4,0.3,0.69,3,rrg,93,0.10749477,0.3023252,0.15138477,18,0.11758118,0.1662849,0,2.080568,1.7414499521255493,0.6045422,0.15341277,15,0.24627931416034698
sequential,c_mov,0.4,0.3,0.7,3,rrg,30,0.5000516,0.3216773,0.14416812,2,0.4186765,0.424137,0,1.4112369,1.6860347986221313,0.6779993,0.41467205,4,0.2971126139163971
sequential,c_mov,0.4,0.3,0.71,3,rrg,68,0.39800462,0.26978913,0.17179462,8,0.25614104,0.18862648,0,1.6910408,1.7829004526138306,1.165023,0.17568628,14,0.2590792775154114
sequential,c_mov,0.4,0.3,0.72,3,rrg,73,0.49573007,0.2867817,0.2144124,2,0.22584547,0.17099339,0,1.4745468,1.7110159397125244,1.0887076,0.2698846,10,0.3015132546424866
sequential,c_mov,0.4,0.3,0.73,3,rrg,46,0.44805828,0.30652004,0.21753567,4,0.1911903,0.1943229,0,1.6197436,1.683289885520935,1.2044554,0.26332507,13,0.3296307623386383
sequential,c_mov,0.4,0.3,0.74,3,rrg,65,0.027496941,0.26272818,0.22783068,18,0.080995694,0.11454521,0,2.192315,1.724987268447876,0.63908815,0.09016133,16,0.29418498277664185
sequential,c_mov,0.4,0.3,0.75,3,rrg,41,0.53124994,0.28187165,0.22312696,3,0.6666667,0.47140452,1,1.2408066,1.6963552236557007,1.5464065e-19,0.48958334,2,0.30652299523353577
sequential,c_mov,0.4,0.3,0.76,3,rrg,70,0.050359998,0.2757602,0.22087176,18,0.33333334,0.4714045,0,2.2015138,1.7189480066299438,1.3847928e-14,0.35011998,10,0.3023546636104584
sequential,c_mov,0.4,0.3,0.77,3,rrg,26,0.2318191,0.27475148,0.20616005,12,0.33333433,0.4714038,0,1.7553369,1.6870006322860718,2.2082566e-05,0.41060534,5,0.2940080463886261
sequential,c_mov,0.4,0.3,0.78,3,rrg,97,0.07496472,0.29325205,0.20924807,19,0.04042118,0.05716418,0,2.0298383,1.6858251094818115,0.6543338,0.06540942,18,0.2953697741031647
sequential,c_mov,0.4,0.3,0.79,3,rrg,59,0.27435723,0.28893313,0.21510176,10,2.8572547e-10,4.0407686e-10,0,1.6559291,1.6807434558868408,1.4169608e-08,0.27435723,10,0.2894229590892792
sequential,c_mov,0.4,0.3,0.8,3,rrg,5,0.5318288,0.28086793,0.21908869,2,0.46682692,0.41093498,0,1.3237537,1.6945712566375732,0.5012881,0.37711605,8,0.2934609055519104
sequential,c_mov,0.4,0.3,0.81,3,rrg,9,0.31170025,0.26529586,0.21609147,8,0.11807365,0.16698137,0,1.8258753,1.717565655708313,0.6091095,0.22197373,11,0.2909780442714691
sequential,c_mov,0.4,0.3,0.82,3,rrg,66,0.37076908,0.26114908,0.22111234,4,0.42247513,0.42271373,0,1.5644828,1.7127978801727295,0.6471501,0.36778125,8,0.300150990486145
sequential,c_mov,0.4,0.3,0.83,3,rrg,69,0.15837383,0.25571287,0.22580701,11,0.3797625,0.44224516,0,2.169102,1.7193410396575928,0.6817518,0.33969545,9,0.2992957830429077
sequential,c_mov,0.4,0.3,0.84,3,rrg,71,0.2685406,0.26741076,0.22963054,7,0.11225199,0.15370907,1,1.859088,1.6841959953308105,0.65187216,0.19698824,11,0.3048548102378845
sequential,c_mov,0.4,0.3,0.85,3,rrg,72,0.011045094,0.27091983,0.23649761,14,0.002026675,0.0028661513,0,1.9133692,1.6595169305801392,0.5371939,0.009018418,14,0.3286243677139282
sequential,c_mov,0.4,0.3,0.86,3,rrg,42,0.13111891,0.28928623,0.23388465,11,0.33333334,0.4714045,0,1.9634634,1.6193584203720093,1.33237e-29,0.37703964,7,0.3543407618999481
sequential,c_mov,0.4,0.3,0.87,3,rrg,12,0.999991,0.3013852,0.23845805,1,1.8884548e-18,2.6706781e-18,1,0.00013120405,1.5761629343032837,1.4677108e-16,0.999991,1,0.3530040979385376
sequential,c_mov,0.4,0.3,0.88,3,rrg,76,0.29179677,0.24334311,0.13264802,6,2.5891966e-06,3.6616768e-06,0,1.7999218,1.7016401290893555,0.00018779044,0.29179418,8,0.2992013394832611
sequential,c_mov,0.4,0.3,0.89,3,rrg,79,0.035102803,0.23900093,0.13777718,10,1.2698375e-13,1.7958215e-13,0,2.0758462,1.6911193132400513,4.5695905e-11,0.035102803,10,0.2998974025249481
sequential,c_mov,0.4,0.3,0.9,3,rrg,81,0.356262,0.25944778,0.12765306,4,0.43828854,0.41747248,0,1.5738646,1.6522623300552368,0.54363996,0.34713218,6,0.32642239332199097
sequential,c_mov,0.4,0.3,0.91,3,rrg,83,0.19444841,0.2436155,0.12809716,7,0.33333334,0.4714045,0,2.071418,1.6685210466384888,1.8696675e-16,0.3981495,5,0.33142605423927307
sequential,c_mov,0.4,0.3,0.92,3,rrg,20,0.22746788,0.24493629,0.13450296,5,0.33470953,0.47043446,0,1.7528273,1.6230876445770264,0.0233424,0.40777978,4,0.3227907419204712
sequential,c_mov,0.4,0.3,0.93,3,rrg,53,0.36692742,0.24746469,0.14358231,3,0.33333334,0.4714045,1,1.6107761,1.6043678522109985,0.0,0.45564246,2,0.3106822967529297
sequential,c_mov,0.4,0.3,0.94,3,rrg,85,0.24387488,0.22756124,0.14585978,3,0.33333334,0.4714045,0,2.0170858,1.6032600402832031,6.894768e-19,0.41462493,2,0.2865292727947235
sequential,c_mov,0.4,0.3,0.95,3,rrg,21,0.4031397,0.22430198,0.15957862,1,0.40529844,0.42965502,0,1.4960011,1.5204752683639526,0.64718705,0.39574814,2,0.260913610458374
sequential,c_mov,0.4,0.3,0.96,3,rrg,56,0.09867802,0.18739673,0.15028672,3,0.0,0.0,0,1.7006844,1.4983439445495605,0.0,0.09867802,3,0.23385091125965118
sequential,c_mov,0.4,0.3,0.97,3,rrg,90,0.39999998,0.22424106,0.16480482,1,1.0,0.0,0,1.2602313,1.3894246816635132,0.0,0.6,1,0.2903280556201935
sequential,c_mov,0.4,0.3,0.98,3,rrg,27,0.27364227,0.1387212,0.13492107,1,0.00021686727,0.00030669666,1,1.6658069,1.4348435401916504,0.0033384839,0.27342543,1,0.1386127769947052
sequential,c_mov,0.4,0.3,0.99,3,rrg,60,0.003800124,0.003800124,0.0,1,1.5125222e-15,2.1390295e-15,0,1.2038803,1.2038803100585938,3.29155e-12,0.003800124,1,0.003800123929977417
sequential,ov,0.05,0.3,0.0,4,rrg,74,0.04985791,0.04985791,0.0,1,0.04985791,0.0,0,2.7788618,2.7788617610931396,2.7788618,0.0,1,0.0
sequential,ov,0.05,0.3,0.01,4,rrg,50,0.051060665,0.043888994,0.012528616,6,0.050438028,0.0003110318,0,2.7090886,2.6858673095703125,2.7079036,0.0006226413,16,0.005707284435629845
sequential,ov,0.05,0.3,0.02,4,rrg,37,0.052519742,0.0456404,0.010829038,7,0.050043713,0.005076354,0,2.752724,2.7479586601257324,2.7500238,0.0039517335,13,0.006424325052648783
sequential,ov,0.05,0.3,0.03,4,rrg,85,0.04079019,0.035853162,0.018147552,11,0.036013898,0.011075673,0,2.7995777,2.713117837905884,2.7718475,0.009524197,10,0.010056750848889351
sequential,ov,0.05,0.3,0.04,4,rrg,77,0.032009587,0.03739419,0.020120107,12,0.030466609,0.01461344,1,2.7765818,2.7100744247436523,2.7463577,0.014290978,4,0.010347628965973854
sequential,ov,0.05,0.3,0.05,4,rrg,83,0.062124543,0.031915605,0.019858342,1,0.053590316,0.0055240747,0,2.799486,2.6213326454162598,2.784469,0.008534223,14,0.026900967583060265
sequential,ov,0.05,0.3,0.06,4,rrg,61,0.027883276,0.037821606,0.049816865,10,0.028854206,0.012132332,0,2.597485,2.497084617614746,2.5819666,0.010385528,8,0.018421074375510216
sequential,ov,0.05,0.3,0.07,4,rrg,22,0.04277462,0.026425278,0.030214097,3,0.038862113,0.010337485,0,2.564781,2.5247292518615723,2.5403428,0.009326026,12,0.016819588840007782
sequential,ov,0.05,0.3,0.08,4,rrg,89,0.019792184,0.021704663,0.014868611,11,0.33914742,0.46729657,0,2.235631,2.471073627471924,1.617547,0.33411667,2,0.06421370804309845
sequential,ov,0.05,0.3,0.09,4,rrg,33,0.16548766,0.03257972,0.035998117,1,0.035468895,0.03301256,1,2.1037147,2.512540340423584,1.654232,0.13001876,2,0.037174634635448456
sequential,ov,0.05,0.3,0.1,4,rrg,49,0.02296605,0.027553473,0.014591364,12,0.34243524,0.46499395,0,2.1935139,2.5548949241638184,1.5704384,0.33188677,2,0.042965393513441086
sequential,ov,0.05,0.3,0.11,4,rrg,45,0.049500417,0.020961761,0.0186643,4,0.0459031,0.0043088393,0,2.622314,2.492518424987793,2.6117194,0.0051701977,17,0.024221576750278473
sequential,ov,0.05,0.3,0.12,4,rrg,92,0.055711757,0.021643236,0.016501805,1,0.04285091,0.0035139574,0,2.756745,2.45273756980896,2.7232506,0.012860849,7,0.04229239001870155
sequential,ov,0.05,0.3,0.13,4,rrg,23,0.015530391,0.035376824,0.06823585,10,0.11375808,0.14891908,0,2.3961046,2.35882568359375,2.1937869,0.10764182,5,0.05684516578912735
sequential,ov,0.05,0.3,0.14,4,rrg,10,0.026998792,0.030006478,0.026797006,9,0.02700509,0.01434956,1,2.6199658,2.3728387355804443,2.5722246,0.012901716,9,0.01809403859078884
sequential,ov,0.05,0.3,0.15,4,rrg,73,0.0023113382,0.025230343,0.022277009,18,0.005453015,0.0057541365,0,2.1645966,2.294194221496582,1.6428999,0.0046825693,16,0.046651192009449005
sequential,ov,0.05,0.3,0.16,4,rrg,99,0.041892186,0.029313961,0.020795196,6,0.055102825,0.030058285,0,2.4987996,2.302985668182373,2.4144154,0.02388003,6,0.04631798714399338
sequential,ov,0.05,0.3,0.17,4,rrg,67,0.0034263718,0.0137159955,0.012899504,14,0.008560781,0.008423176,0,2.2525527,2.340830087661743,1.5174459,0.007418657,12,0.02422124519944191
sequential,ov,0.05,0.3,0.18,4,rrg,1,0.016387323,0.019510223,0.0138666015,9,0.026351571,0.019740693,0,2.3981047,2.2634971141815186,2.2534726,0.020074269,5,0.043630920350551605
sequential,ov,0.05,0.3,0.19,4,rrg,32,0.012501284,0.057856273,0.19755867,10,0.015092477,0.012100767,0,2.1351142,2.255119562149048,1.629316,0.010925382,5,0.05342299863696098
sequential,ov,0.05,0.3,0.2,4,rrg,14,0.03791911,0.017736327,0.01518199,3,0.35249767,0.45797104,0,2.0741835,2.235092878341675,1.5787859,0.32917428,3,0.056472551077604294
sequential,ov,0.05,0.3,0.21,4,rrg,93,0.04685701,0.016299773,0.014799863,2,0.03977901,0.0035129122,0,2.4353948,2.306527614593506,2.4101398,0.0070779994,11,0.011439109221100807
sequential,ov,0.05,0.3,0.22,4,rrg,24,0.037288733,0.061951738,0.20208181,3,0.3490493,0.46035206,0,1.9355905,2.160027265548706,1.4052087,0.33004698,4,0.1044187992811203
sequential,ov,0.05,0.3,0.23,4,rrg,68,0.028356,0.017630467,0.02192856,3,0.34420833,0.46373048,0,2.1697135,2.2608938217163086,1.6207272,0.33191034,1,0.029013967141509056
sequential,ov,0.05,0.3,0.24,4,rrg,54,0.0074914587,0.011249897,0.009989016,12,0.0060645626,0.0027815723,0,2.3350787,2.2414557933807373,2.2768662,0.0026763382,17,0.0074888295494019985
sequential,ov,0.05,0.3,0.25,4,rrg,76,0.00072466,0.013668942,0.014505706,19,0.0047583953,0.0066304333,0,2.3837585,2.2059476375579834,1.4408029,0.004906421,15,0.010815827175974846
sequential,ov,0.05,0.3,0.26,4,rrg,35,0.03296528,0.0146698,0.015946168,3,0.0051698843,0.00731132,0,2.0559525,2.1347410678863525,0.7758021,0.027795395,4,0.040917061269283295
sequential,ov,0.05,0.3,0.27,4,rrg,5,0.013200261,0.018336233,0.021610985,9,0.010978565,0.0101296455,0,2.1897178,2.195723295211792,2.0543606,0.010278974,8,0.01453834306448698
sequential,ov,0.05,0.3,0.28,4,rrg,88,0.0053302697,0.013880299,0.01738221,13,0.0065676426,0.0048959274,0,2.0603776,2.232530355453491,1.5918545,0.004790886,12,0.026770705357193947
sequential,ov,0.05,0.3,0.29,4,rrg,69,0.00027701084,0.0072935773,0.008778911,18,0.0008844621,0.0011218868,0,2.0948899,2.131260395050049,1.5023516,0.00085281633,16,0.03886217623949051
sequential,ov,0.05,0.3,0.3,4,rrg,18,0.0016898558,0.06199491,0.20802824,14,0.0031026073,0.003864918,0,1.9565495,2.076087474822998,1.2650388,0.0031612979,15,0.07635311037302017
sequential,ov,0.05,0.3,0.31,4,rrg,15,0.018239556,0.05762603,0.2084518,5,0.0014640205,0.0020704377,0,1.4518073,2.0607476234436035,0.6793168,0.016775535,3,0.05482930690050125
sequential,ov,0.05,0.3,0.32,4,rrg,20,0.011471721,0.011757711,0.015029738,8,0.008363457,0.005929553,0,1.9944551,2.1256325244903564,1.552206,0.0045395503,10,0.00974280945956707
sequential,ov,0.05,0.3,0.33,4,rrg,29,0.0065296274,0.011998707,0.0154148545,11,0.0013488241,0.0018470647,0,2.0474093,2.2258944511413574,0.80111986,0.0051808036,13,0.04098311811685562
sequential,ov,0.05,0.3,0.34,4,rrg,65,0.0040512565,0.05642972,0.20799366,14,0.008634516,0.010526891,0,2.2417035,2.0752341747283936,1.4183311,0.0083522275,10,0.0717916339635849
sequential,ov,0.05,0.3,0.35,4,rrg,95,0.0056923735,0.010419014,0.0131934825,12,0.016091691,0.012527533,0,1.8790833,2.1043951511383057,1.4152079,0.014194232,5,0.02438611350953579
sequential,ov,0.05,0.3,0.36,4,rrg,36,0.0006008669,0.009850445,0.011194465,16,0.0009202813,0.0006836871,0,2.0493844,2.0609607696533203,1.5467466,0.00071999227,16,0.02515648677945137
sequential,ov,0.05,0.3,0.37,4,rrg,62,4.9769315e-05,0.0101199355,0.012177912,20,4.4347733e-05,6.271717e-05,0,1.6300641,2.2046990394592285,0.6071442,6.0937502e-05,20,0.055851392447948456
sequential,ov,0.05,0.3,0.38,4,rrg,25,0.0002756092,0.006441044,0.0120655345,16,8.300006e-06,1.1737982e-05,0,2.0849056,2.1198887825012207,0.66393846,0.0002673092,15,0.005072548519819975
sequential,ov,0.05,0.3,0.39,4,rrg,59,0.01244062,0.062327623,0.20692484,10,0.01356732,0.008135217,0,2.4912937,2.0221469402313232,2.4212415,0.008005354,11,0.10577291250228882
sequential,ov,0.05,0.3,0.4,4,rrg,38,0.032361783,0.0650792,0.20760317,6,0.018441526,0.010717964,0,2.187831,1.9089386463165283,1.843305,0.014363986,7,0.09106854349374771
sequential,ov,0.05,0.3,0.41,4,rrg,66,0.00014119767,0.013370345,0.019447327,20,0.00019158794,0.00027094627,0,1.5486345,1.9985367059707642,0.63273233,0.00023865381,20,0.027396535500884056
sequential,ov,0.05,0.3,0.42,4,rrg,7,0.020092884,0.007853624,0.012609087,3,0.007646075,0.00678991,0,2.0779219,2.0208020210266113,1.456409,0.012446809,5,0.053620338439941406
sequential,ov,0.05,0.3,0.43,4,rrg,82,0.00015070692,0.05477168,0.21211152,18,0.00017052249,9.325573e-05,0,2.2178903,1.9767755270004272,2.0813935,8.153322e-05,20,0.05500022694468498
sequential,ov,0.05,0.3,0.44,4,rrg,3,0.013810988,0.05731552,0.21203618,5,0.010211452,0.005024208,0,2.2607236,1.8793556690216064,2.0204513,0.0040711057,13,0.0886802077293396
sequential,ov,0.05,0.3,0.45,4,rrg,48,4.6350633e-05,0.0029663201,0.003598136,17,9.917247e-05,0.00012449763,0,1.9895047,2.0281200408935547,1.4160103,9.944255e-05,17,0.0043261051177978516
sequential,ov,0.05,0.3,0.46,4,rrg,2,0.0033385968,0.008445417,0.012200758,12,0.00010440347,0.00014764881,0,2.2053378,2.011949062347412,0.75071543,0.0032341934,11,0.056797921657562256
sequential,ov,0.05,0.3,0.47,4,rrg,9,0.013545589,0.05814191,0.212062,5,0.0020013498,0.0023319742,0,2.2744298,1.9181753396987915,1.4832759,0.011544239,7,0.07477591931819916
sequential,ov,0.05,0.3,0.48,4,rrg,8,0.0008880235,0.056916617,0.2121384,14,0.0015350207,0.002040109,0,1.9773519,1.81228506565094,1.4502944,0.0017064215,12,0.0888715535402298
sequential,ov,0.05,0.3,0.49,4,rrg,72,2.288474e-06,0.009873083,0.015855495,20,1.3576141e-05,1.9199564e-05,0,1.7178893,1.9774730205535889,0.757837,1.4338966e-05,20,0.05816273018717766
sequential,ov,0.05,0.3,0.5,4,rrg,98,0.0059974827,0.05418555,0.21267204,5,0.0029492069,0.0021994386,0,1.7845219,1.8366371393203735,1.1665007,0.0030482758,6,0.08546216785907745
sequential,ov,0.05,0.3,0.51,4,rrg,46,0.0020613896,0.0050124507,0.008375247,9,0.0014986112,0.00084093004,0,2.2106721,2.0166115760803223,2.0705645,0.000684514,16,0.03779713436961174
sequential,ov,0.05,0.3,0.52,4,rrg,34,0.000380294,0.0057065273,0.010951993,16,0.0005288235,0.0007478695,0,1.6947027,1.9350254535675049,0.6507101,0.00065558817,13,0.008132296614348888
sequential,ov,0.05,0.3,0.53,4,rrg,81,0.008174181,0.058671813,0.2119422,7,0.32726237,0.4614991,0,2.4763582,1.8085267543792725,0.72346777,0.32874218,4,0.10476143658161163
sequential,ov,0.05,0.3,0.54,4,rrg,51,0.0012529859,0.008775292,0.016137501,10,0.0004696589,0.000664193,0,1.4037768,1.9154808521270752,0.5703151,0.0008873161,12,0.025479281321167946
sequential,ov,0.05,0.3,0.55,4,rrg,87,0.010751381,0.0068016397,0.012491777,4,0.008083831,0.011432262,0,1.5419601,1.7306888103485107,0.6964905,0.011667624,5,0.03789646551012993
sequential,ov,0.05,0.3,0.56,4,rrg,63,5.976486e-05,0.0075332606,0.0132436585,17,4.4720367e-05,5.45406e-05,0,1.9680959,1.911434531211853,1.2346857,5.6204964e-05,18,0.023745832964777946
sequential,ov,0.05,0.3,0.57,4,rrg,0,0.0065395758,0.012718642,0.020382416,7,0.0010074753,0.00072327815,0,2.3046951,1.854553461074829,1.5850328,0.005532101,8,0.05856534093618393
sequential,ov,0.05,0.3,0.58,4,rrg,52,0.0150490785,0.056967873,0.2106431,5,0.3346279,0.47049183,0,2.0199971,1.7823063135147095,0.70807934,0.33705512,3,0.10525234043598175
sequential,ov,0.05,0.3,0.59,4,rrg,40,3.2545733e-05,0.05278138,0.21162727,17,2.1735926e-09,3.0739242e-09,0,1.9145341,1.6613247394561768,0.00032362077,3.2543558e-05,17,0.08418912440538406
sequential,ov,0.05,0.3,0.6,4,rrg,16,0.0067945546,0.0053866142,0.014024669,3,0.021304272,0.030128792,0,0.9904502,1.6781400442123413,0.42914975,0.023569124,3,0.00642261141911149
sequential,ov,0.05,0.3,0.61,4,rrg,12,5.290181e-05,0.059055794,0.21074145,17,1.9680544e-36,0.0,0,1.7452121,1.6478796005249023,5.114083e-31,5.290181e-05,18,0.07334315031766891
sequential,ov,0.05,0.3,0.62,4,rrg,57,0.040134896,0.009471136,0.016551986,3,0.0050225756,0.007048487,0,1.2391918,1.8484382629394531,0.6510628,0.035112318,3,0.024413110688328743
sequential,ov,0.05,0.3,0.63,4,rrg,70,0.0052896347,0.055057902,0.21128389,6,0.00018155559,0.0002567584,0,2.2237384,1.7795188426971436,0.7439757,0.005108079,7,0.06963881105184555
sequential,ov,0.05,0.3,0.64,4,rrg,11,0.0010227879,0.0042653815,0.008584235,9,0.00033951818,0.0004801512,0,1.0120666,1.8722203969955444,0.57910687,0.0006832697,11,0.021064285188913345
sequential,ov,0.05,0.3,0.65,4,rrg,86,0.0053263265,0.057061307,0.21098141,6,0.0001340043,0.00018951068,0,2.2388093,1.6725413799285889,0.65690976,0.005192322,7,0.07158730924129486
sequential,ov,0.05,0.3,0.66,4,rrg,58,0.055387154,0.055788886,0.21114166,2,0.3463035,0.46250612,0,0.90662414,1.7371078729629517,0.6512596,0.33882555,2,0.08684711903333664
sequential,ov,0.05,0.3,0.67,4,rrg,64,7.629598e-06,0.005651401,0.012370386,18,4.3339707e-05,6.12916e-05,0,1.9289043,1.9390910863876343,0.6116641,4.5882905e-05,18,0.023187613114714622
sequential,ov,0.05,0.3,0.68,4,rrg,78,5.5866538e-05,0.005614049,0.011794533,16,3.6240675e-05,5.1252056e-05,0,1.5219355,1.7716232538223267,0.5956313,5.4862856e-05,17,0.022484447807073593
sequential,ov,0.05,0.3,0.69,4,rrg,91,2.9000112e-06,0.05225598,0.21424562,19,3.8512692e-07,5.4465175e-07,0,1.95098,1.671945571899414,0.5517363,2.5148843e-06,19,0.05342552065849304
sequential,ov,0.05,0.3,0.7,4,rrg,4,0.030397855,0.052502297,0.21426786,2,5.262038e-07,7.441645e-07,0,1.7399642,1.7864278554916382,5.919763e-05,0.030397328,3,0.0695846900343895
sequential,ov,0.05,0.3,0.71,4,rrg,60,0.00037336347,0.053029936,0.21612823,11,5.4077336e-22,7.653383e-22,0,1.5416243,1.6371915340423584,1.4428305e-17,0.00037336347,11,0.06933162361383438
sequential,ov,0.05,0.3,0.72,4,rrg,13,1.87374e-05,0.0035047766,0.007537056,18,5.0359566e-05,7.121726e-05,0,1.8027405,1.8111953735351562,0.6068363,5.6603563e-05,18,0.020748240873217583
sequential,ov,0.05,0.3,0.73,4,rrg,6,0.00030800988,0.052661043,0.2173873,10,0.00083743274,0.0011843088,0,1.8765297,1.6869548559188843,0.69784355,0.0009401028,8,0.052916496992111206
sequential,ov,0.05,0.3,0.74,4,rrg,27,0.0013151468,0.05176112,0.21755217,7,8.035215e-30,0.0,0,1.7662141,1.7176777124404907,5.546769e-26,0.0013151468,9,0.06852740049362183
sequential,ov,0.05,0.3,0.75,4,rrg,71,0.006859886,0.0028639778,0.0050711087,3,0.33383343,0.4710509,0,2.413052,1.7741845846176147,1.430336,0.33511987,1,0.019706405699253082
sequential,ov,0.05,0.3,0.76,4,rrg,31,0.0101830205,0.05242405,0.21744172,3,0.0015137418,0.0021407541,0,2.2514658,1.5863897800445557,0.6848047,0.008669279,4,0.05273532122373581
sequential,ov,0.05,0.3,0.77,4,rrg,44,0.99999934,0.05152185,0.21762188,1,1.3082398e-29,0.0,1,1.0504251e-05,1.591652750968933,1.006839e-25,0.99999934,1,0.05183756351470947
sequential,ov,0.05,0.3,0.78,4,rrg,39,6.418318e-05,0.001083326,0.0028421518,14,6.303464e-05,8.914443e-05,0,1.8023107,1.6369819641113281,0.68587345,8.4429026e-05,13,0.0013885119697079062
sequential,ov,0.05,0.3,0.79,4,rrg,28,0.012341069,0.0013104748,0.0028543787,1,0.00071271247,0.0005620012,0,2.228891,1.6346356868743896,1.3220185,0.011628357,1,0.0016158197540789843
sequential,ov,0.05,0.3,0.8,4,rrg,17,0.00012745798,0.000633997,0.0013229877,11,2.555154e-32,0.0,0,1.9339851,1.5645979642868042,2.1609928e-28,0.00012745798,12,0.0006270714802667499
sequential,ov,0.05,0.3,0.81,4,rrg,19,4.3888973e-05,0.0006489298,0.0013531254,14,3.1113585e-05,4.4001248e-05,0,2.11896,1.5283327102661133,0.6000778,4.5743243e-05,15,0.0006461836164817214
sequential,ov,0.05,0.3,0.82,4,rrg,96,0.000450967,0.00067657814,0.0013844867,7,2.8702832e-06,4.059193e-06,0,1.1028078,1.5026280879974365,0.0022073786,0.0004480967,6,0.0006758461822755635
sequential,ov,0.05,0.3,0.83,4,rrg,97,2.1302809e-05,0.0006886011,0.001424089,14,8.620575e-06,1.1241653e-05,0,2.0164704,1.5300005674362183,0.5440041,1.4813161e-05,14,0.0006886222399771214
sequential,ov,0.05,0.3,0.84,4,rrg,90,0.0020011265,0.00072961114,0.0014581551,2,3.4018937e-29,0.0,0,1.7033905,1.4933700561523438,1.2567272e-25,0.0020011265,2,0.0007304606260731816
sequential,ov,0.05,0.3,0.85,4,rrg,41,0.0060003544,0.0006444439,0.0014674648,1,2.6606738e-25,0.0,0,1.6324068,1.4740668535232544,2.402648e-22,0.0060003544,1,0.000645398220513016
sequential,ov,0.05,0.3,0.86,4,rrg,42,2.078026e-07,0.0002615838,0.00033448523,14,4.626302e-23,6.4837456e-23,0,1.3465592,1.4623384475708008,4.481213e-16,2.078026e-07,14,0.00026263456675224006
sequential,ov,0.05,0.3,0.87,4,rrg,43,0.000111804795,0.0002815161,0.000338844,8,3.2065828e-14,4.5347928e-14,0,1.9062134,1.4718981981277466,8.066544e-09,0.00011180479,9,0.0002826589916367084
sequential,ov,0.05,0.3,0.88,4,rrg,75,6.45628e-05,0.00029579384,0.0003489961,8,6.7327007e-16,9.521476e-16,0,1.2663465,1.4346914291381836,2.872937e-12,6.45628e-05,9,0.0002970502828247845
sequential,ov,0.05,0.3,0.89,4,rrg,47,6.653967e-06,0.00031690917,0.00035720758,9,9.8534375e-12,1.3934646e-11,0,1.2395486,1.449470043182373,6.669126e-06,6.6539574e-06,9,0.00031830210355110466
sequential,ov,0.05,0.3,0.9,4,rrg,79,4.8166644e-06,0.00034787494,0.0003602738,9,0.0,0.0,0,1.359083,1.4713468551635742,0.0,4.8166644e-06,9,0.0003494174452498555
sequential,ov,0.05,0.3,0.91,4,rrg,80,0.00017278692,0.0003855494,0.0003603002,6,1.0696227e-14,1.5112962e-14,0,1.5731574,1.4881755113601685,2.267758e-11,0.00017278692,8,0.00038726674392819405
sequential,ov,0.05,0.3,0.92,4,rrg,84,3.0913777e-06,0.00041195797,0.00037381926,8,1.0751e-41,0.0,0,1.1724564,1.4792262315750122,2.0394243e-35,3.0913777e-06,8,0.0004138906951993704
sequential,ov,0.05,0.3,0.93,4,rrg,53,0.0002445911,0.00047025032,0.00036395638,5,1.3642247e-30,0.0,0,1.7923572,1.5240660905838013,1.4415946e-26,0.0002445911,6,0.0004724596510641277
sequential,ov,0.05,0.3,0.94,4,rrg,21,0.00051542773,0.0005078603,0.00038031576,3,8.978029e-06,1.2696849e-05,0,1.9537947,1.4793514013290405,0.69250655,0.0005064497,3,0.0005104379379190505
sequential,ov,0.05,0.3,0.95,4,rrg,55,1.0604502e-05,0.0005030811,0.00042039092,5,5.3731596e-06,7.598795e-06,0,2.0414803,1.3772532939910889,0.058000147,8.907994e-06,5,0.00047685991739854217
sequential,ov,0.05,0.3,0.96,4,rrg,56,0.00014901023,0.0006261999,0.0003809448,4,0.00023738784,0.0003357171,0,0.87363243,1.2112005949020386,0.51974136,0.00028705792,4,0.0005938475951552391
sequential,ov,0.05,0.3,0.97,4,rrg,94,0.0011884505,0.0006945371,0.00034968462,1,0.0,0.0,0,0.6858814,1.3591628074645996,0.0,0.0011884505,1,0.0006023756577633321
sequential,ov,0.05,0.3,0.98,4,rrg,26,0.00033875316,0.00032800884,1.0744334e-05,1,0.00010575483,0.00014955991,0,1.748245,1.7255523204803467,0.5676199,0.00023299833,1,0.00022500810155179352
sequential,ov,0.05,0.3,0.99,4,rrg,30,0.00012954113,0.00012954113,0.0,1,6.4140218e-06,8.676915e-06,0,1.5789499,1.5789499282836914,0.08294898,0.00012312712,1,0.00012312711623962969
sequential,mov,0.05,0.3,0.0,4,rrg,1,0.04985791,0.04985791,0.0,1,0.04985791,0.0,0,2.7788618,2.7788617610931396,2.7788618,0.0,1,0.0
sequential,mov,0.05,0.3,0.01,4,rrg,0,0.048536606,0.042940646,0.009582058,7,0.047584206,0.0037460332,0,2.7272592,2.7323970794677734,2.7271347,0.0032141556,14,0.005455707665532827
sequential,mov,0.05,0.3,0.02,4,rrg,22,0.05116892,0.037990373,0.015821492,3,0.05039156,0.0012227596,0,2.755165,2.7055444717407227,2.7555256,0.0013745986,18,0.008013791404664516
sequential,mov,0.05,0.3,0.03,4,rrg,36,0.06418028,0.040515125,0.016860235,1,0.059638515,0.0024885703,0,2.7564332,2.7119462490081787,2.7574499,0.0045417636,18,0.010000739246606827
sequential,mov,0.05,0.3,0.04,4,rrg,30,0.044855792,0.032813117,0.018846132,6,0.04301336,0.0071005234,0,2.8103492,2.690823793411255,2.8037786,0.006038513,19,0.011762604117393494
sequential,mov,0.05,0.3,0.05,4,rrg,60,0.06936025,0.032595772,0.020757588,1,0.060145155,0.008363089,0,2.7766159,2.6952056884765625,2.77071,0.009215095,13,0.011638643220067024
sequential,mov,0.05,0.3,0.06,4,rrg,21,0.067138866,0.03825422,0.029108,4,0.060025558,0.018520845,0,2.8561945,2.6705689430236816,2.845435,0.018202003,9,0.019696442410349846
sequential,mov,0.05,0.3,0.07,4,rrg,27,0.13922122,0.03508979,0.0334508,1,0.09141823,0.024230964,0,2.6993978,2.5982820987701416,2.7110302,0.047802996,1,0.01959099806845188
sequential,mov,0.05,0.3,0.08,4,rrg,98,0.1257438,0.053309016,0.03696883,2,0.061801046,0.04384801,0,2.3358564,2.6340463161468506,1.591071,0.06394276,1,0.02192716859281063
sequential,mov,0.05,0.3,0.09,4,rrg,6,0.07458751,0.036428917,0.026261568,2,0.0753105,0.0044249427,0,2.6277974,2.5595619678497314,2.6419063,0.0036751032,20,0.01695859618484974
sequential,mov,0.05,0.3,0.1,4,rrg,5,0.033370543,0.039342724,0.032555886,10,0.033209633,0.02393031,0,2.3435013,2.59527325630188,1.7700058,0.02208612,7,0.021199677139520645
sequential,mov,0.05,0.3,0.11,4,rrg,2,0.09961423,0.04292914,0.028021075,2,0.0702206,0.014282257,0,2.6877072,2.580308675765991,2.6325321,0.029393636,7,0.02296515181660652
sequential,mov,0.05,0.3,0.12,4,rrg,10,0.15363082,0.056703247,0.045125443,1,0.11190192,0.016828096,1,2.3236156,2.5271406173706055,2.2145758,0.041728903,5,0.0300920307636261
sequential,mov,0.05,0.3,0.13,4,rrg,94,0.14213625,0.029527128,0.039478403,1,0.07473385,0.025540294,0,2.1408956,2.4883594512939453,2.2020888,0.06740239,1,0.015734340995550156
sequential,mov,0.05,0.3,0.14,4,rrg,18,0.16486126,0.048601322,0.05132209,2,0.057033762,0.040375303,0,2.262204,2.5067801475524902,1.4769126,0.10782749,2,0.04302772507071495
sequential,mov,0.05,0.3,0.15,4,rrg,87,0.07310536,0.028355518,0.023560314,2,0.05055589,0.024539882,0,2.2285597,2.421848773956299,2.1275418,0.030463792,6,0.03755452111363411
sequential,mov,0.05,0.3,0.16,4,rrg,3,0.06329886,0.0395126,0.056928173,4,0.043138724,0.020358164,0,2.5749605,2.410799741744995,2.4425192,0.021660902,6,0.023655757308006287
sequential,mov,0.05,0.3,0.17,4,rrg,92,0.07840296,0.034038644,0.049956456,2,0.04886012,0.006800059,0,2.684959,2.2221767902374268,2.6292565,0.029542834,5,0.041852664202451706
sequential,mov,0.05,0.3,0.18,4,rrg,41,0.051962644,0.018999567,0.024332404,2,0.057612073,0.025707366,0,2.3986452,2.2477591037750244,2.338176,0.024498982,7,0.06397919356822968
sequential,mov,0.05,0.3,0.19,4,rrg,83,0.11779742,0.035752013,0.06786769,2,0.14995709,0.1880994,0,1.6543412,2.1429264545440674,0.89974123,0.16611959,4,0.0717155709862709
sequential,mov,0.05,0.3,0.2,4,rrg,14,0.22955579,0.06379409,0.14049885,2,0.22362645,0.29208472,0,1.8483692,2.3911080360412598,1.6599613,0.27735475,2,0.06060671806335449
sequential,mov,0.05,0.3,0.21,4,rrg,35,0.3519211,0.034384646,0.07432321,1,0.01184569,0.010439379,0,1.9048381,2.188800811767578,1.5852357,0.3400754,1,0.042691800743341446
sequential,mov,0.05,0.3,0.22,4,rrg,13,0.012000554,0.016742438,0.009610166,13,0.011795272,0.009303402,0,2.4867964,2.318263530731201,2.4017076,0.008830086,9,0.04134724289178848
sequential,mov,0.05,0.3,0.23,4,rrg,23,0.018747352,0.010672575,0.015163768,4,0.16653009,0.21718864,0,1.7364988,2.2036633491516113,1.273156,0.16028096,1,0.014474515803158283
sequential,mov,0.05,0.3,0.24,4,rrg,4,0.048811153,0.05811105,0.21437486,2,0.014511739,0.014566418,0,1.9801499,1.9583085775375366,1.5154411,0.034299415,5,0.08999989181756973
sequential,mov,0.05,0.3,0.25,4,rrg,20,0.010047219,0.059607923,0.21503451,9,0.008649024,0.009091977,0,2.0241475,2.0503907203674316,1.582352,0.008842173,6,0.0729038268327713
sequential,mov,0.05,0.3,0.26,4,rrg,28,0.058119256,0.06280802,0.21409231,2,0.010821205,0.009111307,0,2.0463307,2.0876564979553223,1.4466952,0.047298048,2,0.05974140763282776
sequential,mov,0.05,0.3,0.27,4,rrg,81,0.012227421,0.059417464,0.21480435,7,0.33856085,0.4674542,0,2.5014994,1.8674800395965576,0.800363,0.33448505,4,0.10432156175374985
sequential,mov,0.05,0.3,0.28,4,rrg,89,0.07178714,0.014374867,0.019414783,1,0.047441598,0.01245058,0,2.761456,2.069688558578491,2.7020943,0.024345547,4,0.04094024375081062
sequential,mov,0.05,0.3,0.29,4,rrg,49,0.01779068,0.076979734,0.22641043,6,0.15294872,0.20498008,0,2.4538271,1.9746068716049194,2.1353219,0.14817645,5,0.1184290200471878
sequential,mov,0.05,0.3,0.3,4,rrg,29,0.015565173,0.10373767,0.2942613,4,0.031473186,0.03507403,0,2.4047687,1.802309274673462,2.1582124,0.02776543,4,0.12035147845745087
sequential,mov,0.05,0.3,0.31,4,rrg,52,0.024561588,0.0057446384,0.0077644596,2,0.33360747,0.4569755,0,1.8566749,2.0723586082458496,0.75870186,0.32774898,2,0.036981936544179916
sequential,mov,0.05,0.3,0.32,4,rrg,57,0.014405669,0.05545426,0.21676512,4,0.000664755,0.0009401056,0,1.9606249,1.9478378295898438,0.6692074,0.013740913,4,0.07118307054042816
sequential,mov,0.05,0.3,0.33,4,rrg,77,0.96508193,0.1021456,0.29298338,2,9.395825e-06,1.3287358e-05,1,0.1797494,1.807186484336853,0.0033539934,0.9650726,2,0.11701059341430664
sequential,mov,0.05,0.3,0.34,4,rrg,70,0.053258546,0.008990384,0.014594955,1,0.0063316603,0.006981558,0,2.173296,2.0233867168426514,1.5327721,0.046926886,3,0.040812522172927856
sequential,mov,0.05,0.3,0.35,4,rrg,15,0.04301847,0.106947005,0.297332,3,0.008537172,0.012073383,0,1.2999408,1.707428216934204,0.7626359,0.0344813,5,0.13876204192638397
sequential,mov,0.05,0.3,0.36,4,rrg,76,0.026795547,0.0535006,0.21651956,2,0.009393484,0.005205469,0,2.1739817,1.894428014755249,1.6113058,0.017402062,2,0.05339610576629639
sequential,mov,0.05,0.3,0.37,4,rrg,9,0.024664698,0.006585262,0.0073609385,1,0.0037349334,0.0052819937,0,2.0208638,1.9606727361679077,0.647763,0.020929763,4,0.0541011281311512
sequential,mov,0.05,0.3,0.38,4,rrg,48,0.005118335,0.0032180634,0.0024540825,5,0.0040087965,0.0028327066,0,2.2826996,1.952392578125,2.1260383,0.0029953774,5,0.0024478293489664793
sequential,mov,0.05,0.3,0.39,4,rrg,53,0.0033467999,0.0027577695,0.004197244,4,0.010523421,0.013455919,0,2.1149218,1.9181864261627197,1.428547,0.01026949,3,0.01942908950150013
sequential,mov,0.05,0.3,0.4,4,rrg,40,0.0037533126,0.10245135,0.29920718,7,0.0025112622,0.0018900365,0,1.79875,1.7316585779190063,1.3003908,0.0017796358,8,0.11788493394851685
sequential,mov,0.05,0.3,0.41,4,rrg,68,0.013152507,0.052410044,0.21741661,2,0.3337547,0.47110686,0,1.4375013,1.8084688186645508,0.7446869,0.33729613,2,0.0687667578458786
sequential,mov,0.05,0.3,0.42,4,rrg,58,0.016045744,0.052721135,0.2173594,2,0.3337853,0.47108525,0,1.9385706,1.8081138134002686,0.66685444,0.33822998,2,0.06882964074611664
sequential,mov,0.05,0.3,0.43,4,rrg,90,0.009588008,0.0018333523,0.0021640686,1,0.0029598393,0.004185845,0,1.4216651,1.9949111938476562,0.66856426,0.0066281683,1,0.0018332216423004866
sequential,mov,0.05,0.3,0.44,4,rrg,32,0.003018243,0.0015131731,0.0013240711,3,0.0025787253,0.0036468685,0,1.366084,1.9756510257720947,0.57334286,0.0035848066,2,0.0013567059068009257
sequential,mov,0.05,0.3,0.45,4,rrg,7,0.0054616667,0.051567603,0.21759029,2,0.0,0.0,0,1.0916528,1.8424831628799438,0.0,0.0054616667,3,0.05157424136996269
sequential,mov,0.05,0.3,0.46,4,rrg,71,0.015042303,0.051772702,0.21756145,2,0.3357912,0.46966654,0,2.270468,1.8387237787246704,1.5726227,0.33588958,2,0.06771638989448547
sequential,mov,0.05,0.3,0.47,4,rrg,31,0.0104453275,0.051355064,0.2176459,2,0.0010721873,0.001516302,0,2.2828922,1.7735309600830078,0.67439437,0.00937314,2,0.051266949623823166
sequential,mov,0.05,0.3,0.48,4,rrg,61,0.0020146968,0.0009257354,0.0008663634,5,0.001854838,0.0016795857,0,2.2461293,1.8835853338241577,1.947003,0.0016172631,4,0.0008111929637379944
sequential,mov,0.05,0.3,0.49,4,rrg,24,0.018859388,0.101728305,0.29945025,3,0.33333334,0.4714045,0,1.1357002,1.6678237915039062,0.0,0.3396198,3,0.11762521415948868
sequential,mov,0.05,0.3,0.5,4,rrg,44,1.0,0.050714962,0.2177817,1,3.0993e-40,0.0,1,8.396317e-10,1.73544442653656,2.2581366e-36,1.0,1,0.05075153708457947
sequential,mov,0.05,0.3,0.51,4,rrg,96,0.0010865853,0.05064245,0.2177984,6,0.0008096357,0.0011449978,0,1.4654225,1.7429325580596924,0.5524316,0.0011718307,3,0.05061398819088936
sequential,mov,0.05,0.3,0.52,4,rrg,33,1.0,0.050820887,0.21775773,1,1.1045006e-13,1.5619998e-13,1,3.531504e-13,1.7778371572494507,1.3877792e-10,1.0,1,0.05070771649479866
sequential,mov,0.05,0.3,0.53,4,rrg,51,0.001076461,0.00079781236,0.0006413666,6,0.0,0.0,0,1.1796798,1.7955782413482666,0.0,0.001076461,4,0.0007853485876694322
sequential,mov,0.05,0.3,0.54,4,rrg,85,0.00043489176,0.0012369149,0.001904874,11,0.00023205091,0.00032816955,0,1.7703545,1.8499454259872437,0.5125513,0.00037701483,14,0.0011560486163944006
sequential,mov,0.05,0.3,0.55,4,rrg,91,4.2549458e-05,0.0010552544,0.0018503595,20,8.094592e-05,0.00011447482,0,1.9098635,1.8916375637054443,0.62290186,9.512907e-05,19,0.0009951640386134386
sequential,mov,0.05,0.3,0.56,4,rrg,97,0.0009756314,0.0011916965,0.0018883907,8,0.00080031663,0.0007827064,0,2.0107074,1.9452232122421265,1.9150405,0.00079638016,9,0.0010673066135495901
sequential,mov,0.05,0.3,0.57,4,rrg,75,0.00014589023,0.00043660362,0.00048686063,13,3.686028e-05,5.2128307e-05,0,1.5021179,1.8407552242279053,0.57545125,0.00010902994,13,0.0003894716501235962
sequential,mov,0.05,0.3,0.58,4,rrg,95,0.0014663709,0.0005498851,0.00054666,2,0.002920152,0.004129719,0,1.6001537,1.7684285640716553,0.7205265,0.0034089424,1,0.0005925209843553603
sequential,mov,0.05,0.3,0.59,4,rrg,39,0.00019212537,0.00088083994,0.001336812,14,0.00038211152,0.0005403873,0,1.8186667,1.873199224472046,0.64323866,0.0004461533,10,0.0007804984343238175
sequential,mov,0.05,0.3,0.6,4,rrg,67,0.0020400288,0.00069895847,0.00086782814,2,6.5833382e-21,9.310291e-21,0,1.7375,1.8543697595596313,1.342324e-17,0.0020400288,2,0.0006264781695790589
sequential,mov,0.05,0.3,0.61,4,rrg,59,0.00049957266,0.0008017031,0.00074969366,12,0.00096416817,0.0011641971,0,2.0735345,1.843041181564331,1.0961426,0.0009370414,4,0.00066063751000911
sequential,mov,0.05,0.3,0.62,4,rrg,47,2.0878135e-05,0.0005291842,0.0007184166,19,8.716549e-06,1.2326625e-05,0,1.3036275,1.7777111530303955,0.5369707,1.5675514e-05,19,0.0004657589888665825
sequential,mov,0.05,0.3,0.63,4,rrg,37,0.001275365,0.00050004956,0.00039662523,1,0.00062832696,0.00045039662,0,1.6804167,1.8602250814437866,1.1670969,0.00064703805,5,0.0004082877712789923
sequential,mov,0.05,0.3,0.64,4,rrg,50,1.1733887e-05,0.0008440233,0.0010075788,20,4.37135e-08,6.1820224e-08,0,1.4747508,1.8106005191802979,0.00792813,1.1690173e-05,20,0.0007724466850049794
sequential,mov,0.05,0.3,0.65,4,rrg,93,0.0008582593,0.0005105882,0.0006907593,3,0.0,0.0,0,1.1784208,1.8297812938690186,0.0,0.0008582592,3,0.00045631741522811353
sequential,mov,0.05,0.3,0.66,4,rrg,69,0.00019282232,0.00065318216,0.0009480822,11,0.00032387418,0.00035021352,0,1.9477445,1.8303442001342773,1.3671789,0.00028061066,11,0.0006082627223804593
sequential,mov,0.05,0.3,0.67,4,rrg,79,9.658412e-05,0.0004082724,0.0006974118,14,0.00015609006,0.00020765084,0,1.9727795,1.8478597402572632,0.81694275,0.00017580717,11,0.0003851050278171897
sequential,mov,0.05,0.3,0.68,4,rrg,54,0.0002391835,0.00050685095,0.0008134378,9,0.00026326755,0.00021943449,0,1.8663604,1.8694846630096436,1.2350738,0.00018281373,9,0.0004776639980264008
sequential,mov,0.05,0.3,0.69,4,rrg,55,0.00020558764,0.0004379358,0.00074023043,10,0.00014043537,0.00013033758,0,1.9064006,1.7912566661834717,1.4436574,0.00013745834,13,0.0004575788916554302
sequential,mov,0.05,0.3,0.7,4,rrg,38,0.001195571,0.00031989074,0.00031896506,1,0.00031751735,0.00022486661,0,1.9464656,1.8726075887680054,1.2802757,0.0008780537,1,0.0003335228539071977
sequential,mov,0.05,0.3,0.71,4,rrg,43,0.0006438324,0.00059034984,0.0009893579,5,0.000176062,0.0002489893,0,1.8197167,1.7488216161727905,0.5733647,0.00046777035,6,0.0005863545811735094
sequential,mov,0.05,0.3,0.72,4,rrg,73,0.00069493294,0.0005945907,0.0009917949,5,0.00067475374,0.000708111,0,2.3549287,1.7229206562042236,2.0738087,0.00067415653,5,0.0005993239465169609
sequential,mov,0.05,0.3,0.73,4,rrg,99,0.00070430356,0.0004952371,0.0009726422,4,3.0382302e-05,4.296706e-05,0,1.8779576,1.7537301778793335,0.68467855,0.00067392125,4,0.0005140530993230641
sequential,mov,0.05,0.3,0.74,4,rrg,64,1.5338595e-05,0.00043334966,0.00097576366,20,1.2818852e-05,9.068307e-06,0,1.9532171,1.683218240737915,1.1755805,7.705988e-06,20,0.00043995847227051854
sequential,mov,0.05,0.3,0.75,4,rrg,82,2.6762085e-05,0.0004534667,0.00097164843,17,1.159532e-05,1.1836099e-05,0,1.8632021,1.680124044418335,1.2120028,1.5890511e-05,19,0.0004542535752989352
sequential,mov,0.05,0.3,0.76,4,rrg,65,4.4916545e-05,0.00030437228,0.00074588525,14,6.293538e-26,0.0,0,1.5721794,1.6339000463485718,1.2554149e-20,4.491654e-05,13,0.00030895686359144747
sequential,mov,0.05,0.3,0.77,4,rrg,46,0.000121849305,0.00045329198,0.00097647874,8,0.00015898641,0.00020927713,0,2.074565,1.6806714534759521,1.1968962,0.00018474272,6,0.0004664844018407166
sequential,mov,0.05,0.3,0.78,4,rrg,84,5.657082e-05,0.00031682715,0.00069184264,14,3.0616702e-05,2.383173e-05,0,1.9024609,1.6691938638687134,1.1067618,2.6991644e-05,16,0.00032466475386172533
sequential,mov,0.05,0.3,0.79,4,rrg,8,2.610996e-05,0.00031147382,0.0006936844,14,1.3106542e-06,1.8535449e-06,0,2.0924447,1.644884705543518,0.11152355,2.4799307e-05,14,0.00032163847936317325
sequential,mov,0.05,0.3,0.8,4,rrg,11,0.0005828034,0.0004821531,0.00097087666,5,3.654892e-05,5.167927e-05,0,0.7018074,1.5758185386657715,0.5797251,0.00054625445,5,0.0004923551459796727
sequential,mov,0.05,0.3,0.81,4,rrg,12,0.00018150156,0.00047369424,0.0009969455,6,2.5898647e-05,3.6626217e-05,0,1.6704931,1.6246931552886963,0.25836223,0.00015560292,9,0.0004791964893229306
sequential,mov,0.05,0.3,0.82,4,rrg,34,6.576176e-05,0.00048788998,0.0010226298,9,1.22539925e-20,1.7329763e-20,0,1.4010837,1.6224790811538696,1.3853339e-15,6.576176e-05,9,0.0004949113354086876
sequential,mov,0.05,0.3,0.83,4,rrg,66,9.904266e-06,0.0005127811,0.0010473111,13,6.33909e-07,8.964826e-07,0,1.4791477,1.6256321668624878,0.58047056,9.270357e-06,13,0.0005202671163715422
sequential,mov,0.05,0.3,0.84,4,rrg,72,1.4940171e-07,0.0005516074,0.0010720853,16,4.948659e-16,5.6746623e-16,0,1.6373717,1.5817832946777344,6.4103567e-10,1.4940171e-07,16,0.0005603999015875161
sequential,mov,0.05,0.3,0.85,4,rrg,42,2.2968452e-07,0.0005909002,0.001097687,15,2.006072e-08,2.8370142e-08,0,1.3111786,1.5644603967666626,0.012217112,2.096238e-07,15,0.0006007931660860777
sequential,mov,0.05,0.3,0.86,4,rrg,74,0.00076798553,0.0006338944,0.0011244939,3,3.494636e-05,4.9421615e-05,0,1.7743701,1.5785672664642334,0.45344773,0.00073303917,3,0.0006446911720559001
sequential,mov,0.05,0.3,0.87,4,rrg,45,0.00065300456,0.0006207531,0.0011676031,3,3.554e-41,0.0,0,1.677432,1.535720944404602,2.3289731e-36,0.00065300456,3,0.000621585117187351
sequential,mov,0.05,0.3,0.88,4,rrg,78,1.2707026e-05,0.0006155275,0.00121642,10,2.292103e-17,3.2414687e-17,0,1.5596447,1.469317078590393,6.4827627e-12,1.2707026e-05,10,0.0006148773245513439
sequential,mov,0.05,0.3,0.89,4,rrg,16,0.0034568442,0.0006697532,0.0012565389,1,5.447796e-35,0.0,0,0.69866604,1.4360953569412231,7.3080036e-30,0.0034568442,1,0.000669663364533335
sequential,mov,0.05,0.3,0.9,4,rrg,80,0.00017277898,0.00039098272,0.00093933975,4,3.5038716e-25,0.0,0,1.5731573,1.5038130283355713,1.19147685e-20,0.00017277898,4,0.0003909579827450216
sequential,mov,0.05,0.3,0.91,4,rrg,17,0.00015238517,0.00041230084,0.0009879163,3,4.0567557e-26,0.0,0,1.9341583,1.4930062294006348,1.5503631e-21,0.00015238517,3,0.00041229737689718604
sequential,mov,0.05,0.3,0.92,4,rrg,19,4.547669e-06,0.00044479434,0.0010432985,7,7.9950556e-24,0.0,0,2.0700414,1.4371472597122192,2.2084262e-17,4.547669e-06,7,0.00044479386997409165
sequential,mov,0.05,0.3,0.93,4,rrg,86,0.0032003745,0.00050768844,0.0011010551,1,2.83677e-40,0.0,0,2.0906212,1.3465780019760132,1.1976124e-35,0.0032003745,1,0.0005076883244328201
sequential,mov,0.05,0.3,0.94,4,rrg,56,2.7887736e-05,5.8907888e-05,6.741768e-05,5,6.0437766e-11,8.547191e-11,0,0.00039028068,1.2225438356399536,1.2222077e-06,2.7887676e-05,5,5.8907880884362385e-05
sequential,mov,0.05,0.3,0.95,4,rrg,88,2.8293765e-05,6.5112064e-05,7.2271905e-05,4,5.6575915e-26,0.0,0,1.7266207,1.4669748544692993,3.5844535e-21,2.8293764e-05,4,6.511206447612494e-05
sequential,mov,0.05,0.3,0.96,4,rrg,25,0.0002063663,7.431673e-05,7.8137076e-05,1,1.1562457e-34,0.0,0,1.6961752,1.402060627937317,7.6495416e-29,0.0002063663,1,7.431673293467611e-05
sequential,mov,0.05,0.3,0.97,4,rrg,26,5.1168092e-05,3.0300223e-05,1.9766647e-05,1,8.637426e-20,1.2215166e-19,0,1.76825,1.3040212392807007,2.9080155e-15,5.1168096e-05,1,3.03002234431915e-05
sequential,mov,0.05,0.3,0.98,4,rrg,62,3.5974634e-05,1.9866278e-05,1.6108355e-05,1,2.218411e-20,3.1373064e-20,0,0.65953296,1.0719066858291626,3.4533633e-15,3.5974634e-05,1,1.9866278307745233e-05
sequential,mov,0.05,0.3,0.99,4,rrg,63,3.7579198e-06,3.7579198e-06,0.0,1,6.9221775e-25,0.0,0,1.4842801,1.4842801094055176,1.3741239e-18,3.75792e-06,1,3.757920012503746e-06
sequential,c_mov,0.05,0.3,0.0,4,rrg,8,0.04985791,0.04985791,0.0,1,0.04985791,0.0,0,2.7788618,2.7788617610931396,2.7788618,0.0,1,0.0
sequential,c_mov,0.05,0.3,0.01,4,rrg,22,0.04872272,0.042143546,0.012830062,9,0.04716897,0.0034118784,0,2.7477062,2.714367389678955,2.7473443,0.0026414357,14,0.004997621290385723
sequential,c_mov,0.05,0.3,0.02,4,rrg,44,0.044419207,0.039179284,0.014058106,10,0.04309761,0.008493011,1,2.7575276,2.71885347366333,2.7505577,0.0075477827,12,0.007551477290689945
sequential,c_mov,0.05,0.3,0.03,4,rrg,10,0.044746555,0.04397429,0.012548384,14,0.04482271,0.00949769,1,2.7319727,2.6569437980651855,2.7158191,0.008979638,6,0.006418031640350819
sequential,c_mov,0.05,0.3,0.04,4,rrg,15,0.051801868,0.03506827,0.015079321,1,0.048997667,0.002163056,0,2.7260303,2.5195975303649902,2.707305,0.002804201,19,0.024095650762319565
sequential,c_mov,0.05,0.3,0.05,4,rrg,3,0.048831884,0.03815688,0.020064997,6,0.046961013,0.0046189595,0,2.6260068,2.508143663406372,2.610686,0.0037105766,15,0.027837812900543213
sequential,c_mov,0.05,0.3,0.06,4,rrg,1,0.050198466,0.040070783,0.016996669,5,0.04930013,0.0010501385,0,2.3388681,2.482503652572632,2.2924986,0.0012167878,20,0.015374787151813507
sequential,c_mov,0.05,0.3,0.07,4,rrg,32,0.13524906,0.03837498,0.026691968,1,0.11701337,0.09548329,0,2.4207573,2.536451816558838,2.323745,0.09609743,3,0.05395228788256645
sequential,c_mov,0.05,0.3,0.08,4,rrg,0,0.030502988,0.030682892,0.013769624,12,0.03449417,0.017596837,0,2.7123122,2.500791311264038,2.6703103,0.017201032,5,0.046478692442178726
sequential,c_mov,0.05,0.3,0.09,4,rrg,77,0.14323497,0.041886825,0.0339498,1,0.14075257,0.15913525,1,2.446032,2.3978476524353027,2.2836695,0.15040304,4,0.07873517274856567
sequential,c_mov,0.05,0.3,0.1,4,rrg,93,0.064714916,0.030939395,0.018572833,1,0.051429857,0.0010295134,0,2.5631788,2.412019968032837,2.5190206,0.013285059,6,0.02761797234416008
sequential,c_mov,0.05,0.3,0.11,4,rrg,11,0.053858247,0.025920903,0.014113197,1,0.043005347,0.008477675,0,2.483964,2.3479456901550293,2.4071984,0.010852896,11,0.06043737381696701
sequential,c_mov,0.05,0.3,0.12,4,rrg,21,0.055895034,0.034107853,0.019494273,3,0.051576987,0.011941876,0,2.6897337,2.3434669971466064,2.6728916,0.011631033,15,0.04763615131378174
sequential,c_mov,0.05,0.3,0.13,4,rrg,33,0.040857743,0.023822706,0.013052984,3,0.03180404,0.016332608,1,2.6125891,2.344848155975342,2.4972873,0.017506294,7,0.030645161867141724
sequential,c_mov,0.05,0.3,0.14,4,rrg,12,0.02717861,0.020478819,0.01244107,7,0.03289522,0.02679593,0,2.4250684,2.3117117881774902,2.3011365,0.021749884,5,0.07480399310588837
sequential,c_mov,0.05,0.3,0.15,4,rrg,56,0.050078698,0.019408608,0.012572615,1,0.037692696,0.009238456,0,2.6637726,2.3205056190490723,2.5851715,0.012385999,8,0.05790705233812332
sequential,c_mov,0.05,0.3,0.16,4,rrg,28,0.030437492,0.015889859,0.010641256,3,0.024021128,0.007941826,0,2.4438856,2.256680727005005,2.2942612,0.009387026,10,0.04219667613506317
sequential,c_mov,0.05,0.3,0.17,4,rrg,52,0.04094422,0.017006002,0.010442129,1,0.35123107,0.45878196,0,1.9271232,2.224625587463379,1.4276233,0.3290837,2,0.04008789360523224
sequential,c_mov,0.05,0.3,0.18,4,rrg,5,0.027184619,0.013278225,0.007997511,3,0.025695123,0.01356994,0,2.4865158,2.250566244125366,2.4735203,0.013240722,4,0.040992945432662964
sequential,c_mov,0.05,0.3,0.19,4,rrg,50,0.022678146,0.015907127,0.011024706,7,0.02210147,0.013715519,0,2.4406955,2.314805030822754,2.3854997,0.012971568,4,0.03978846222162247
sequential,c_mov,0.05,0.3,0.2,4,rrg,24,0.027663881,0.012332905,0.010090795,2,0.34165403,0.46552983,0,2.1636424,2.156285047531128,1.4910401,0.3342339,2,0.055024076253175735
sequential,c_mov,0.05,0.3,0.21,4,rrg,68,0.018972855,0.012774346,0.009726526,6,0.34050712,0.46639475,0,2.2929194,2.23614764213562,1.6185384,0.33326188,3,0.10567138344049454
sequential,c_mov,0.05,0.3,0.22,4,rrg,38,0.025226433,0.011311849,0.010708405,3,0.01601552,0.0069348733,0,2.424523,2.20835542678833,2.2732537,0.009210913,3,0.02254122868180275
sequential,c_mov,0.05,0.3,0.23,4,rrg,57,0.03260012,0.0124165565,0.010815707,2,0.026090428,0.013406898,0,2.2256029,2.0744833946228027,2.076765,0.013537613,4,0.05562077835202217
sequential,c_mov,0.05,0.3,0.24,4,rrg,41,0.027565401,0.011092277,0.01084774,3,0.013752192,0.012749444,0,2.0473204,2.121147871017456,1.5233355,0.015984653,2,0.02311013452708721
sequential,c_mov,0.05,0.3,0.25,4,rrg,14,0.045021903,0.013040131,0.019691817,2,0.33956572,0.46705985,0,0.9549841,1.9828084707260132,0.6362693,0.34210828,2,0.039024777710437775
sequential,c_mov,0.05,0.3,0.26,4,rrg,40,0.011465831,0.007694713,0.0047101136,3,0.010717798,0.0054404153,0,2.3921278,2.167088270187378,2.3370528,0.0053677685,8,0.021190539002418518
sequential,c_mov,0.05,0.3,0.27,4,rrg,7,0.017330065,0.00794803,0.0061205607,2,0.01184208,0.004551535,0,2.4377704,2.2160134315490723,2.2063553,0.0054879845,10,0.07011284679174423
sequential,c_mov,0.05,0.3,0.28,4,rrg,48,0.014508958,0.008928733,0.0058275713,6,0.010362179,0.005278428,0,2.3881373,2.0462565422058105,2.297259,0.005404245,10,0.039661556482315063
sequential,c_mov,0.05,0.3,0.29,4,rrg,9,0.024374848,0.0065409355,0.0067928825,1,0.003837075,0.00542644,0,1.8605564,1.9716144800186157,0.61430126,0.020537773,4,0.053944624960422516
sequential,c_mov,0.05,0.3,0.3,4,rrg,78,0.01219802,0.0031495392,0.0038454728,1,0.0061775516,0.0011510801,0,2.3225322,2.096379041671753,2.2231238,0.006020468,4,0.003005713690072298
sequential,c_mov,0.05,0.3,0.31,4,rrg,31,0.0047615487,0.004347995,0.004197219,8,0.0070461556,0.008680284,0,2.2894073,2.050755739212036,1.3614202,0.0073908125,4,0.036762792617082596
sequential,c_mov,0.05,0.3,0.32,4,rrg,45,0.012197738,0.0040676934,0.0044188304,3,0.008297424,0.007156424,0,1.9460534,2.0191009044647217,1.1418041,0.007411635,3,0.03592681884765625
sequential,c_mov,0.05,0.3,0.33,4,rrg,86,0.017992435,0.009060309,0.018952163,2,0.0319731,0.04003597,0,2.2794447,1.8356602191925049,1.6502107,0.033024665,5,0.07148168981075287
sequential,c_mov,0.05,0.3,0.34,4,rrg,76,0.01058901,0.0028095942,0.0034054918,1,0.0006137148,0.0008679238,0,1.9940728,2.003598690032959,0.69237876,0.0099752955,2,0.01879655383527279
sequential,c_mov,0.05,0.3,0.35,4,rrg,6,0.0060365293,0.004454254,0.0039133863,8,0.0033266917,0.0024565803,0,1.5718111,1.9092864990234375,1.1603423,0.0027098376,11,0.03615367040038109
sequential,c_mov,0.05,0.3,0.36,4,rrg,29,0.016453678,0.0034134039,0.0044320486,1,0.0,0.0,0,1.1812907,1.867414116859436,0.0,0.016453678,2,0.019362952560186386
sequential,c_mov,0.05,0.3,0.37,4,rrg,58,0.016594175,0.0052779075,0.0051995763,1,0.3372096,0.46867758,0,2.0891874,1.9534339904785156,1.2504809,0.33498845,3,0.06935419142246246
sequential,c_mov,0.05,0.3,0.38,4,rrg,81,0.007844453,0.0039145704,0.0040332032,5,0.33485368,0.47033316,0,2.4888263,2.0013020038604736,0.73200375,0.3344278,3,0.06892453134059906
sequential,c_mov,0.05,0.3,0.39,4,rrg,87,0.00747157,0.0072367275,0.01693046,6,4.5768294e-12,6.472614e-12,0,0.7005957,1.7740285396575928,6.4096017e-09,0.0074715703,4,0.037240494042634964
sequential,c_mov,0.05,0.3,0.4,4,rrg,98,0.013531349,0.0037125866,0.004887889,2,0.0063251597,0.004487368,0,1.9087249,2.025949001312256,1.2858096,0.007206189,4,0.01952335424721241
sequential,c_mov,0.05,0.3,0.41,4,rrg,60,0.0043102764,0.0051438557,0.017022043,3,0.0015682443,0.0022178323,0,1.6355835,1.820601463317871,0.5066355,0.0030050029,4,0.019292080774903297
sequential,c_mov,0.05,0.3,0.42,4,rrg,4,0.01486003,0.007707647,0.017083438,3,0.0057773697,0.007358291,0,1.9356166,1.7941265106201172,1.4356099,0.009950372,5,0.06992212682962418
sequential,c_mov,0.05,0.3,0.43,4,rrg,23,0.014894432,0.0021691236,0.0032512364,1,0.33387744,0.4710198,0,2.0767477,1.9540669918060303,0.76688695,0.33775404,1,0.018170708790421486
sequential,c_mov,0.05,0.3,0.44,4,rrg,83,0.011504415,0.0066719106,0.016979791,2,0.33333334,0.4714045,0,1.360501,1.8557192087173462,3.6989562e-23,0.33716813,2,0.052912332117557526
sequential,c_mov,0.05,0.3,0.45,4,rrg,92,0.012861597,0.0063154353,0.017106252,2,0.33490023,0.47030047,0,1.6379956,1.803606629371643,0.7640281,0.3360536,2,0.052550993859767914
sequential,c_mov,0.05,0.3,0.46,4,rrg,71,0.011445229,0.005925742,0.017015567,2,0.3354156,0.46993408,0,2.4071555,1.8882900476455688,1.60467,0.33506617,2,0.052398283034563065
sequential,c_mov,0.05,0.3,0.47,4,rrg,61,0.0013589003,0.005293687,0.017016739,7,0.0012708061,0.0014231206,0,2.1674309,1.862998604774475,1.7874721,0.0013686847,8,0.03560931235551834
sequential,c_mov,0.05,0.3,0.48,4,rrg,35,0.010976021,0.0015100973,0.0026006582,1,0.00076056086,0.0005370126,0,2.301565,1.9672527313232422,1.4943813,0.01021546,2,0.017953183501958847
sequential,c_mov,0.05,0.3,0.49,4,rrg,90,0.0074830037,0.005022335,0.017085873,2,0.0013943127,0.0019718558,0,1.3421416,1.7014013528823853,0.6110527,0.006088691,2,0.018893947824835777
sequential,c_mov,0.05,0.3,0.5,4,rrg,75,0.00068621,0.005165887,0.017010668,12,0.00053585233,0.00038337306,0,1.9431348,1.686521291732788,1.2448072,0.00030705592,16,0.01893211528658867
sequential,c_mov,0.05,0.3,0.51,4,rrg,19,0.00021319314,0.004734454,0.017094968,18,0.00017451773,0.00015793197,0,1.8638393,1.6818269491195679,1.3406106,0.00015153918,19,0.01864514872431755
sequential,c_mov,0.05,0.3,0.52,4,rrg,80,0.00027166237,0.0046352493,0.017122403,15,7.813843e-30,0.0,0,1.5652503,1.741217851638794,9.5735734e-26,0.00027166237,11,0.01851777359843254
sequential,c_mov,0.05,0.3,0.53,4,rrg,65,0.0007204103,0.0048721153,0.017067567,9,0.00023877672,0.0003376206,0,1.39977,1.7036501169204712,0.57680786,0.00048163361,11,0.018731076270341873
sequential,c_mov,0.05,0.3,0.54,4,rrg,39,0.00034033068,0.0044602943,0.017144406,14,0.00031425135,0.00024839563,0,1.8181167,1.763273000717163,1.3175457,0.00020408367,14,0.018475186079740524
sequential,c_mov,0.05,0.3,0.55,4,rrg,42,0.00030795328,0.0050271368,0.01706768,15,0.00020237807,0.00019020138,0,1.8614293,1.7530771493911743,1.8776135,0.00021384377,15,0.03543222323060036
sequential,c_mov,0.05,0.3,0.56,4,rrg,26,0.0013335597,0.004724764,0.017101571,5,0.0006217411,0.00048596927,0,1.6606457,1.7245941162109375,1.1229008,0.00071181863,10,0.01873748004436493
sequential,c_mov,0.05,0.3,0.57,4,rrg,73,0.00023281484,0.0045787627,0.017138869,12,0.0003051569,0.00036110036,0,2.174046,1.7056419849395752,1.3507303,0.0003140129,10,0.018535146489739418
sequential,c_mov,0.05,0.3,0.58,4,rrg,43,0.00014931861,0.004624901,0.017142657,13,0.00069356756,0.0009808509,0,1.8331796,1.8020700216293335,0.74957293,0.0007433388,6,0.03512438386678696
sequential,c_mov,0.05,0.3,0.59,4,rrg,2,0.0011629692,0.0004040611,0.000410035,2,2.892043e-21,4.0900733e-21,0,2.086817,1.7296117544174194,6.8801893e-18,0.0011629692,2,0.00039612356340512633
sequential,c_mov,0.05,0.3,0.6,4,rrg,27,0.0012511496,0.0044762376,0.017148526,4,1.8485684e-26,0.0,0,1.9315041,1.6574747562408447,9.569115e-23,0.0012511496,4,0.018466344103217125
sequential,c_mov,0.05,0.3,0.61,4,rrg,17,0.0003079068,0.0005389092,0.0007125128,11,0.00051736896,0.00073167024,0,2.1287858,1.6335405111312866,0.73453045,0.00062000455,6,0.000500392634421587
sequential,c_mov,0.05,0.3,0.62,4,rrg,49,0.0029359001,0.0007102661,0.0010394818,2,0.33355948,0.47124466,0,2.492515,1.6467304229736328,0.73763376,0.33408582,1,0.017211567610502243
sequential,c_mov,0.05,0.3,0.63,4,rrg,70,0.0030579334,0.004514425,0.017144784,2,0.00047373984,0.00033788529,0,2.4291222,1.747656226158142,0.7964125,0.0025841936,2,0.018540313467383385
sequential,c_mov,0.05,0.3,0.64,4,rrg,97,2.261457e-05,0.00044941832,0.00068880897,18,2.2614031e-05,2.4346362e-05,0,2.0631337,1.6915104389190674,1.2195984,2.2528146e-05,18,0.00037401154986582696
sequential,c_mov,0.05,0.3,0.65,4,rrg,84,6.477873e-05,0.00051313743,0.00077513856,10,2.7692467e-05,1.959089e-05,0,1.4438565,1.657781958580017,0.9988815,3.7086265e-05,12,0.0004729038046207279
sequential,c_mov,0.05,0.3,0.66,4,rrg,13,7.0588554e-05,0.0042704814,0.017183593,14,0.00012892614,0.00018232912,0,1.5983918,1.5889618396759033,0.66713864,0.00015245566,11,0.018292689695954323
sequential,c_mov,0.05,0.3,0.67,4,rrg,47,6.6775315e-06,0.0046040835,0.01712314,18,4.1758166e-09,5.9054965e-09,0,1.1224542,1.5348663330078125,0.0016505223,6.6733555e-06,18,0.01861049234867096
sequential,c_mov,0.05,0.3,0.68,4,rrg,66,5.7785173e-06,0.00027730834,0.00045226293,17,1.0448417e-18,1.4776294e-18,0,1.6421556,1.7824519872665405,1.13585024e-13,5.778517e-06,17,0.00030987910577096045
sequential,c_mov,0.05,0.3,0.69,4,rrg,30,6.0506354e-05,0.004450687,0.017151318,14,9.552096e-05,0.00013508704,0,1.7094433,1.6270685195922852,0.79805547,0.00011568974,13,0.018485751003026962
sequential,c_mov,0.05,0.3,0.7,4,rrg,46,3.523606e-05,0.00036430807,0.0005034262,14,7.625587e-12,1.0784209e-11,0,1.8524355,1.7673981189727783,4.7805675e-06,3.523605e-05,14,0.00037947826785966754
sequential,c_mov,0.05,0.3,0.71,4,rrg,16,0.0018040093,0.00049583404,0.0007314905,2,3.9248127e-05,5.5505232e-05,0,1.6985853,1.6801410913467407,0.7631433,0.0017647613,2,0.00046826014295220375
sequential,c_mov,0.05,0.3,0.72,4,rrg,36,1.8765436e-06,0.00055561954,0.0007392704,19,1.8710143e-06,2.646005e-06,0,1.7313555,1.6477218866348267,0.6984174,2.4965204e-06,19,0.0005306333187036216
sequential,c_mov,0.05,0.3,0.73,4,rrg,79,0.00012747043,0.0042605074,0.017187448,12,0.00017284614,0.00019211453,0,2.0861468,1.6287975311279297,1.3277946,0.00016351382,11,0.018279410898685455
sequential,c_mov,0.05,0.3,0.74,4,rrg,37,0.00014251769,0.00038721756,0.00072576455,10,5.3506914e-23,7.486784e-23,0,1.2676052,1.6784684658050537,1.2836287e-18,0.00014251769,10,0.00036750963772647083
sequential,c_mov,0.05,0.3,0.75,4,rrg,69,2.2047347e-05,0.0043708025,0.01717158,16,4.6472112e-05,6.552033e-05,0,1.6387403,1.5223748683929443,0.6322163,5.3631473e-05,15,0.01837397925555706
sequential,c_mov,0.05,0.3,0.76,4,rrg,54,8.1251696e-05,0.00444815,0.017158112,12,0.00017251306,0.00024251356,0,1.7445189,1.525051236152649,0.7232922,0.00019822216,11,0.018444575369358063
sequential,c_mov,0.05,0.3,0.77,4,rrg,62,4.0195886e-05,0.00050628267,0.0007193383,15,5.5486752e-36,0.0,0,0.6604026,1.6086124181747437,2.0607735e-31,4.0195886e-05,15,0.0005059054819867015
sequential,c_mov,0.05,0.3,0.78,4,rrg,94,0.0025043522,0.0044187065,0.017159289,2,0.0002867826,0.00040557186,0,0.715038,1.6049200296401978,0.6027142,0.0022175696,2,0.018453216180205345
sequential,c_mov,0.05,0.3,0.79,4,rrg,82,1.7173017e-05,0.004315602,0.017176943,16,3.3408713e-05,4.4556138e-05,0,2.162681,1.6225048303604126,1.2927388,3.6569956e-05,16,0.018343962728977203
sequential,c_mov,0.05,0.3,0.8,4,rrg,18,0.00039205432,0.004313863,0.017177178,8,4.7045654e-05,4.522227e-05,0,1.7988423,1.5905935764312744,0.57828057,0.00034500868,9,0.01834501512348652
sequential,c_mov,0.05,0.3,0.81,4,rrg,20,0.00064599735,0.004513439,0.017600866,5,3.5884616e-36,0.0,0,1.0622281,1.5626691579818726,2.3694094e-31,0.00064599735,5,0.019283795729279518
sequential,c_mov,0.05,0.3,0.82,4,rrg,64,3.7959074e-07,0.0047238236,0.018059984,18,2.5373856e-07,3.588405e-07,0,1.5472398,1.5794140100479126,0.4977702,3.8026883e-07,18,0.02031591162085533
sequential,c_mov,0.05,0.3,0.83,4,rrg,89,0.07915989,0.005000136,0.018546525,1,0.33333334,0.4714045,0,0.27671278,1.583067774772644,0.0,0.35971996,1,0.02150947041809559
sequential,c_mov,0.05,0.3,0.84,4,rrg,96,0.00044300358,0.00036482044,0.0005093784,5,0.0,0.0,0,1.0810179,1.6656687259674072,0.0,0.00044300358,5,0.0003709510201588273
sequential,c_mov,0.05,0.3,0.85,4,rrg,34,5.7192952e-05,0.0003598548,0.0005254329,11,8.188691e-09,1.157913e-08,0,1.5072529,1.703782558441162,0.00019470247,5.7184763e-05,11,0.00036633515264838934
sequential,c_mov,0.05,0.3,0.86,4,rrg,67,0.0020400444,0.00038159353,0.00053739455,1,0.0,0.0,0,1.7375038,1.7170354127883911,0.0,0.0020400444,1,0.000388516578823328
sequential,c_mov,0.05,0.3,0.87,4,rrg,99,0.00065984816,0.0002541145,0.00028846308,2,4.1114236e-05,5.8144306e-05,0,1.9200324,1.7151280641555786,0.71850896,0.00061873393,2,0.0002615729463286698
sequential,c_mov,0.05,0.3,0.88,4,rrg,72,1.8102354e-07,0.0002167605,0.00027586037,12,5.3686753e-13,6.5095585e-13,0,1.6063484,1.6938890218734741,1.3616289e-05,1.81023e-07,12,0.00021357950754463673
sequential,c_mov,0.05,0.3,0.89,4,rrg,74,0.00036468028,0.00023352214,0.00028173142,3,4.51191e-36,0.0,0,1.6283624,1.6972416639328003,3.1376982e-30,0.00036468028,3,0.00023084251733962446
sequential,c_mov,0.05,0.3,0.9,4,rrg,91,1.4462706e-06,0.00021944269,0.000292845,10,5.74642e-40,0.0,0,1.8369204,1.7110134363174438,1.1627021e-33,1.4462706e-06,10,0.0002168310311390087
sequential,c_mov,0.05,0.3,0.91,4,rrg,51,0.00061189156,0.00024354814,0.0002991117,2,0.0,0.0,0,1.1769307,1.6895639896392822,0.0,0.00061189156,2,0.000240816138102673
sequential,c_mov,0.05,0.3,0.92,4,rrg,53,0.0002442908,0.00019772585,0.0002854871,2,0.0,0.0,0,1.7943296,1.7398996353149414,0.0,0.0002442908,2,0.0001945705444086343
sequential,c_mov,0.05,0.3,0.93,4,rrg,85,6.7188164e-05,0.00019127526,0.00030452045,3,4.55e-43,0.0,0,1.7248626,1.725195050239563,3.8710366e-38,6.7188164e-05,3,0.00018749675655271858
sequential,c_mov,0.05,0.3,0.94,4,rrg,55,4.086922e-05,0.00021211275,0.0003242601,5,1.3892459e-05,1.9646903e-05,0,2.0362566,1.7226600646972656,0.5962471,2.7515533e-05,5,0.00020761661289725453
sequential,c_mov,0.05,0.3,0.95,4,rrg,88,3.5085595e-05,0.0002450914,0.00034592493,4,5.1214187e-07,7.242464e-07,0,1.7771851,1.6576303243637085,0.06698179,3.4573455e-05,4,0.00024498897255398333
sequential,c_mov,0.05,0.3,0.96,4,rrg,25,0.00020636675,0.0002976057,0.00036850036,2,3.0585915e-26,0.0,0,1.6961706,1.627740502357483,1.2457087e-20,0.00020636675,2,0.0002976057003252208
sequential,c_mov,0.05,0.3,0.97,4,rrg,59,5.7520152e-05,0.0003280215,0.0004211358,2,5.9754485e-28,0.0,0,2.2665997,1.60493004322052,1.0385685e-23,5.7520152e-05,2,0.00032802156056277454
sequential,c_mov,0.05,0.3,0.98,4,rrg,95,0.0009227881,0.0004632729,0.0004595152,1,5.5465207e-36,0.0,0,1.0639102,1.274095058441162,1.3084515e-31,0.0009227881,1,0.00046327291056513786
sequential,c_mov,0.05,0.3,0.99,4,rrg,63,3.757892e-06,3.757892e-06,0.0,1,9.404653e-37,0.0,0,1.4842799,1.4842798709869385,8.952485e-31,3.757892e-06,1,3.7578920455416664e-06
sequential,ov,0.2,0.3,0.0,4,rrg,38,0.1993963,0.19939631,1.4901161e-08,1,0.1993963,0.0,1,2.292514,2.2925143241882324,2.292514,0.0,1,0.0
sequential,ov,0.2,0.3,0.01,4,rrg,8,0.19999765,0.19999757,8.276519e-08,4,0.19999759,3.9424766e-08,1,2.1866078,2.168163299560547,2.1715472,6.45717e-08,10,0.013281315565109253
sequential,ov,0.2,0.3,0.02,4,rrg,75,0.19999994,0.19999991,4.318767e-08,8,0.19999991,2.4333495e-08,1,2.2010844,2.190077304840088,2.2007103,2.9802322e-08,15,4.842877388000488e-08
sequential,ov,0.2,0.3,0.03,4,rrg,11,0.20000002,0.2,3.60411e-08,5,0.19999999,8.603189e-09,1,2.186846,2.15847110748291,2.18054,2.4835268e-08,13,0.013320349156856537
sequential,ov,0.2,0.3,0.04,4,rrg,92,0.20000002,0.20000002,3.365156e-08,8,0.4666667,0.37712365,1,1.8178089,2.133718490600586,1.3954754,0.26666665,2,0.039999622851610184
sequential,ov,0.2,0.3,0.05,4,rrg,76,0.19999997,0.2,4.382563e-08,15,0.46665034,0.37710065,1,1.7585281,2.0886874198913574,1.2801331,0.26665044,3,0.0524991974234581
sequential,ov,0.2,0.3,0.06,4,rrg,12,0.19999997,0.2,4.1349043e-08,13,0.7166342,0.36588326,1,1.5989386,2.090148448944092,0.7808159,0.5166343,1,0.051665037870407104
sequential,ov,0.2,0.3,0.07,4,rrg,74,0.2,0.2,4.1882604e-08,9,0.19999999,3.2190187e-08,0,2.1935575,2.1213111877441406,2.1858625,3.4769375e-08,15,0.02666650339961052
sequential,ov,0.2,0.3,0.08,4,rrg,78,0.20000513,0.19261602,0.025523944,9,0.20013438,0.00018974871,1,2.089684,2.139021396636963,2.0462725,0.00013581415,12,0.021278370171785355
sequential,ov,0.2,0.3,0.09,4,rrg,28,0.20001045,0.18692458,0.030622514,10,0.20006274,8.398331e-05,1,2.0932558,2.0737411975860596,2.0534694,6.170571e-05,18,0.08137626200914383
sequential,ov,0.2,0.3,0.1,4,rrg,63,0.20003837,0.19536687,0.013517104,12,0.2002203,0.00016668743,0,2.0688329,2.0086140632629395,2.0099187,0.00020755331,18,0.11283441632986069
sequential,ov,0.2,0.3,0.11,4,rrg,17,0.20002301,0.18699345,0.02291229,12,0.46682,0.3770152,0,1.7553942,2.042123794555664,1.2709765,0.26679704,6,0.10063381493091583
sequential,ov,0.2,0.3,0.12,4,rrg,16,0.19560489,0.20427692,0.016028218,20,0.18620472,0.020798184,1,2.0265307,2.036790370941162,1.9552622,0.016475325,7,0.07531703263521194
sequential,ov,0.2,0.3,0.13,4,rrg,53,0.200059,0.20530319,0.017763702,15,0.20052451,0.00044647697,1,2.1786518,2.024916172027588,2.1601467,0.0004956275,17,0.1029457077383995
sequential,ov,0.2,0.3,0.14,4,rrg,41,0.2827806,0.18919536,0.040569156,1,0.13347268,0.094367914,1,1.8435905,1.9733686447143555,1.3751947,0.1493079,10,0.15948906540870667
sequential,ov,0.2,0.3,0.15,4,rrg,98,0.121211216,0.19305454,0.035451286,19,0.39858088,0.4327104,0,1.8537568,2.050846576690674,0.70493394,0.35817704,1,0.0846516564488411
sequential,ov,0.2,0.3,0.16,4,rrg,48,0.15079018,0.1820997,0.03989916,18,0.13863963,0.053222086,0,2.3306947,2.058117389678955,2.2555132,0.043022737,7,0.0872812271118164
sequential,ov,0.2,0.3,0.17,4,rrg,87,0.20014104,0.19514611,0.021792123,8,0.20001602,1.5592002e-05,0,1.9789613,1.9791110754013062,1.8820467,0.00012502074,20,0.11777715384960175
sequential,ov,0.2,0.3,0.18,4,rrg,85,0.20473434,0.18062872,0.035268918,3,0.19475098,0.006735146,0,2.1667879,2.045553684234619,2.1449196,0.0099833505,17,0.10681535303592682
sequential,ov,0.2,0.3,0.19,4,rrg,46,0.20016402,0.17232215,0.04907279,9,0.19812559,0.00819846,0,2.0780947,1.9854999780654907,2.011494,0.006784151,19,0.18705782294273376
sequential,ov,0.2,0.3,0.2,4,rrg,62,0.18700607,0.1438117,0.063560486,9,0.18296121,0.019100476,0,2.1315873,2.114314556121826,2.0772374,0.016632477,17,0.11787549406290054
sequential,ov,0.2,0.3,0.21,4,rrg,27,0.13747153,0.13032359,0.055446953,11,0.13532327,0.05438779,0,2.059797,2.1708767414093018,1.8862811,0.049331486,11,0.1255384087562561
sequential,ov,0.2,0.3,0.22,4,rrg,58,0.1557023,0.16565074,0.054273963,16,0.15298994,0.05242356,0,2.1963413,2.1348071098327637,2.1553984,0.048521284,6,0.0638691633939743
sequential,ov,0.2,0.3,0.23,4,rrg,80,0.19150528,0.15667865,0.05261456,8,0.16141118,0.04600159,0,2.2055194,2.0964181423187256,2.1700819,0.03513692,12,0.13971439003944397
sequential,ov,0.2,0.3,0.24,4,rrg,35,0.1537209,0.1269936,0.05924782,10,0.15242924,0.041238993,0,2.2463002,2.144137382507324,2.1925936,0.038173158,17,0.14534857869148254
sequential,ov,0.2,0.3,0.25,4,rrg,64,0.23176743,0.13308361,0.05900099,1,0.14058787,0.1008254,0,2.0260339,2.136941432952881,1.4837323,0.09117957,6,0.14635992050170898
sequential,ov,0.2,0.3,0.26,4,rrg,19,0.030812912,0.09636398,0.056469336,19,0.33333334,0.4714045,0,2.0923834,2.1623408794403076,2.7793013e-07,0.3436043,4,0.15332169830799103
sequential,ov,0.2,0.3,0.27,4,rrg,45,0.067024216,0.13349853,0.056531332,16,0.08858744,0.07298007,0,2.3192556,2.0976767539978027,2.1422083,0.060121864,11,0.15534421801567078
sequential,ov,0.2,0.3,0.28,4,rrg,59,0.17356265,0.10330012,0.06622252,6,0.42011014,0.41247767,0,1.8489211,2.1625359058380127,1.4087139,0.31200948,4,0.12791094183921814
sequential,ov,0.2,0.3,0.29,4,rrg,6,0.18940899,0.11877294,0.045466404,2,0.17045565,0.015790703,0,2.1994152,2.211789131164551,2.165159,0.01937364,20,0.11195478588342667
sequential,ov,0.2,0.3,0.3,4,rrg,49,0.15142535,0.12807035,0.06281832,9,0.33334386,0.47139707,0,1.5740814,2.0597083568573,0.0014657929,0.38379788,2,0.18060028553009033
sequential,ov,0.2,0.3,0.31,4,rrg,68,0.17937416,0.10590299,0.06291947,5,0.68176746,0.45004877,0,1.3281243,2.1310853958129883,0.48047435,0.59177446,1,0.1712014228105545
sequential,ov,0.2,0.3,0.32,4,rrg,7,0.12501393,0.13163425,0.059877228,12,0.1273986,0.07376037,0,2.256594,2.1393489837646484,2.1099942,0.06938853,8,0.15622451901435852
sequential,ov,0.2,0.3,0.33,4,rrg,42,0.093112685,0.11427672,0.06560875,13,0.121617824,0.086011976,0,1.9526141,2.079334259033203,1.2237862,0.09058026,6,0.11769513785839081
sequential,ov,0.2,0.3,0.34,4,rrg,29,0.22309254,0.1241136,0.064905554,2,0.4095433,0.4271159,0,1.5957954,2.15867280960083,0.7297633,0.33249208,3,0.11559490114450455
sequential,ov,0.2,0.3,0.35,4,rrg,22,0.012700894,0.102529004,0.07065177,19,0.017343342,0.017031498,0,2.2845292,2.1374189853668213,1.3968483,0.01388337,19,0.13038881123065948
sequential,ov,0.2,0.3,0.36,4,rrg,81,0.17213391,0.11333398,0.092585415,5,0.6914427,0.43636584,0,1.5609725,2.0208096504211426,0.71554255,0.58451265,1,0.11777031421661377
sequential,ov,0.2,0.3,0.37,4,rrg,73,0.1933065,0.106147364,0.064929634,2,0.18158603,0.07667913,0,2.1476254,2.110149383544922,2.0382621,0.076075755,9,0.17648974061012268
sequential,ov,0.2,0.3,0.38,4,rrg,52,0.07120004,0.085503615,0.058374885,10,0.07442718,0.05691975,0,2.3176022,2.188533067703247,1.6367769,0.050693836,11,0.09949813783168793
sequential,ov,0.2,0.3,0.39,4,rrg,13,0.048039317,0.08920445,0.070450135,12,0.08604747,0.06736755,0,2.301432,2.1819422245025635,1.5552378,0.07003436,5,0.07548274099826813
sequential,ov,0.2,0.3,0.4,4,rrg,54,0.14997585,0.10392238,0.07937284,5,0.40315214,0.4225742,0,1.9773475,2.00038480758667,1.5028858,0.31350648,5,0.15284143388271332
sequential,ov,0.2,0.3,0.41,4,rrg,50,0.17756967,0.09364019,0.06601575,4,0.15689135,0.11232185,0,1.9308689,2.055481433868408,1.1530458,0.09770145,5,0.12151256948709488
sequential,ov,0.2,0.3,0.42,4,rrg,34,0.043337725,0.10688822,0.083537415,14,0.06420862,0.04756423,0,2.3652844,1.9868358373641968,1.4471736,0.049761694,12,0.1380663812160492
sequential,ov,0.2,0.3,0.43,4,rrg,37,0.023956241,0.08176099,0.0554906,17,0.019457428,0.015875356,0,2.0328135,2.049600601196289,1.4587952,0.014452313,19,0.1516299843788147
sequential,ov,0.2,0.3,0.44,4,rrg,91,0.010313258,0.07457675,0.044240937,19,0.02949678,0.041714743,0,2.01561,2.14845609664917,0.63440305,0.03293453,17,0.11094535887241364
sequential,ov,0.2,0.3,0.45,4,rrg,51,0.024087159,0.08017453,0.061897166,15,0.020887693,0.023406591,0,1.9772283,2.0798332691192627,1.4961596,0.02285517,18,0.0720076933503151
sequential,ov,0.2,0.3,0.46,4,rrg,70,0.10583148,0.10505911,0.07965774,10,0.37781087,0.44198903,0,2.1979554,2.0061779022216797,1.508072,0.3326454,6,0.1456921398639679
sequential,ov,0.2,0.3,0.47,4,rrg,61,0.020320512,0.08850873,0.07352442,17,0.04713418,0.049274683,0,2.44985,1.8788293600082397,1.5411988,0.040360678,16,0.12292452156543732
sequential,ov,0.2,0.3,0.48,4,rrg,14,0.07103246,0.095314704,0.06638369,13,0.06093963,0.05269316,0,2.1709652,2.0775437355041504,1.5553306,0.04843968,14,0.13996794819831848
sequential,ov,0.2,0.3,0.49,4,rrg,93,0.33853498,0.10286939,0.07456958,1,0.37286282,0.44608787,0,0.6400689,1.933874487876892,0.60267174,0.40664887,3,0.20611825585365295
sequential,ov,0.2,0.3,0.5,4,rrg,9,0.22658964,0.060421456,0.06335053,1,0.38620427,0.43882298,0,1.4388293,1.969796895980835,0.6205419,0.35599223,2,0.12252803891897202
sequential,ov,0.2,0.3,0.51,4,rrg,82,0.080160595,0.09018527,0.054056503,11,0.03927153,0.055538334,0,1.7436187,2.0634765625,0.77814084,0.06599173,10,0.1284693330526352
sequential,ov,0.2,0.3,0.52,4,rrg,47,0.16005132,0.08199813,0.055680767,2,0.11248958,0.030822078,0,2.3501222,2.1185505390167236,2.2879217,0.047561746,12,0.13700702786445618
sequential,ov,0.2,0.3,0.53,4,rrg,20,0.10417193,0.046785463,0.04436044,3,0.36580014,0.44956154,0,2.145385,2.078803539276123,1.5035267,0.33559048,4,0.10542969405651093
sequential,ov,0.2,0.3,0.54,4,rrg,0,0.08379399,0.070836976,0.060644794,8,0.04413945,0.06242261,0,1.7868421,1.9395898580551147,0.7521185,0.07207078,7,0.11919357627630234
sequential,ov,0.2,0.3,0.55,4,rrg,1,0.100726925,0.060585547,0.052929875,7,0.6666667,0.47140452,0,1.9231641,1.9847056865692139,0.0,0.63309103,1,0.12965098023414612
sequential,ov,0.2,0.3,0.56,4,rrg,97,0.026436003,0.068888225,0.06225558,14,0.33333352,0.47140437,0,2.2634177,1.945547103881836,1.6397998e-05,0.34214512,5,0.14640775322914124
sequential,ov,0.2,0.3,0.57,4,rrg,26,0.03194491,0.061374158,0.05562231,13,0.043372642,0.04151733,0,2.1943862,1.9508711099624634,1.4563662,0.03349701,14,0.09320903569459915
sequential,ov,0.2,0.3,0.58,4,rrg,21,0.12009937,0.0657478,0.06237179,4,0.045290124,0.06404991,0,1.1993966,1.9609606266021729,0.73130137,0.085323244,6,0.067938432097435
sequential,ov,0.2,0.3,0.59,4,rrg,55,0.015402312,0.0642746,0.05624318,15,0.04703946,0.06652384,0,2.0424643,1.895212173461914,0.68788266,0.05217356,12,0.16203704476356506
sequential,ov,0.2,0.3,0.6,4,rrg,86,0.027890682,0.087091826,0.085137516,14,0.003179162,0.004496014,0,1.8815268,1.9079434871673584,0.72956824,0.02471152,15,0.13289491832256317
sequential,ov,0.2,0.3,0.61,4,rrg,15,0.14161886,0.06407775,0.08745552,3,0.6777831,0.45568353,0,1.6938293,1.9307785034179688,0.7495137,0.60834396,1,0.10080859810113907
sequential,ov,0.2,0.3,0.62,4,rrg,57,0.028241051,0.06715945,0.0892336,11,0.020436939,0.025796697,0,1.9055613,1.9288564920425415,1.2626442,0.026861422,12,0.07828317582607269
sequential,ov,0.2,0.3,0.63,4,rrg,2,0.039506067,0.07258858,0.09115325,10,0.027043475,0.038245246,0,1.6347541,1.8461652994155884,0.58914256,0.040212166,11,0.10394924879074097
sequential,ov,0.2,0.3,0.64,4,rrg,33,0.0032609035,0.047709435,0.05384429,17,4.9045092e-15,6.9360093e-15,0,1.6248536,1.844429612159729,1.3629565e-12,0.0032609038,17,0.08467051386833191
sequential,ov,0.2,0.3,0.65,4,rrg,5,0.03323704,0.076756194,0.09263295,11,0.022112831,0.012743026,0,2.2640884,1.8577591180801392,1.9908015,0.014207173,14,0.10635075718164444
sequential,ov,0.2,0.3,0.66,4,rrg,56,0.004748078,0.06889755,0.085711405,15,0.0005271552,0.00074491545,0,1.664327,1.7933454513549805,0.08733637,0.004220923,16,0.10536670684814453
sequential,ov,0.2,0.3,0.67,4,rrg,96,0.12172659,0.07196464,0.067132875,5,0.3605779,0.4533693,0,1.9039936,1.8193857669830322,0.682401,0.3466643,3,0.139120414853096
sequential,ov,0.2,0.3,0.68,4,rrg,69,0.0009297716,0.06442046,0.08898005,18,2.0328546e-09,2.8748903e-09,0,1.3070797,1.7753909826278687,1.5843578e-06,0.00092976954,18,0.1052812784910202
sequential,ov,0.2,0.3,0.69,4,rrg,30,0.16403964,0.06646486,0.08896131,4,0.40832672,0.42172602,0,1.9292997,2.004667043685913,1.398228,0.3219677,3,0.09520687907934189
sequential,ov,0.2,0.3,0.7,4,rrg,31,0.0027915512,0.08072644,0.08983407,18,0.0,0.0,0,1.7599552,1.8255293369293213,4.6075e-41,0.0027915512,17,0.11935976892709732
sequential,ov,0.2,0.3,0.71,4,rrg,77,0.111625776,0.069783784,0.09393451,6,0.12867399,0.18197249,0,1.5639074,1.826904296875,0.60918355,0.16588257,5,0.08948978781700134
sequential,ov,0.2,0.3,0.72,4,rrg,24,0.00082800817,0.0714563,0.07759771,20,0.00019083783,0.00026988544,0,1.7969174,1.8210769891738892,0.51167387,0.00063717033,20,0.1006878986954689
sequential,ov,0.2,0.3,0.73,4,rrg,36,0.027736843,0.059762705,0.07111475,12,0.05506216,0.072811075,0,2.252715,1.862113356590271,1.098262,0.059481934,8,0.08063404262065887
sequential,ov,0.2,0.3,0.74,4,rrg,32,0.11510739,0.06314726,0.07462275,5,1.7117154e-28,0.0,0,1.728682,1.868964433670044,1.07558095e-26,0.11510739,7,0.10478992760181427
sequential,ov,0.2,0.3,0.75,4,rrg,10,0.092156045,0.07578342,0.07314543,7,0.3530866,0.45807615,0,2.069176,1.748802900314331,0.7024414,0.34429872,5,0.1313515305519104
sequential,ov,0.2,0.3,0.76,4,rrg,67,0.13910018,0.07131253,0.07684609,6,0.33333388,0.47140414,0,1.1703588,1.7008510828018188,0.00024161355,0.3796995,1,0.08287323266267776
sequential,ov,0.2,0.3,0.77,4,rrg,40,0.02780913,0.054979056,0.0677635,12,0.010497127,0.014845179,0,2.0527275,1.7488969564437866,0.7288423,0.019766837,12,0.07885223627090454
sequential,ov,0.2,0.3,0.78,4,rrg,88,0.031760905,0.065004475,0.07730117,11,0.0058134426,0.008214969,0,1.6414534,1.7343511581420898,0.5057611,0.02594746,12,0.09817809611558914
sequential,ov,0.2,0.3,0.79,4,rrg,71,0.010148316,0.061159797,0.07948321,11,0.00073835655,0.001044194,0,1.4558122,1.801710844039917,0.086426415,0.009409959,13,0.09452004730701447
sequential,ov,0.2,0.3,0.8,4,rrg,3,0.0008008136,0.062252205,0.07899919,17,0.0003765381,0.0005325053,0,1.9605371,1.7677638530731201,0.66278666,0.00064347597,19,0.09561251103878021
sequential,ov,0.2,0.3,0.81,4,rrg,4,0.0007539062,0.06540525,0.07984081,17,0.0011291582,0.001596871,0,1.6121922,1.7534863948822021,0.63738805,0.0013804602,16,0.10058212280273438
sequential,ov,0.2,0.3,0.82,4,rrg,89,0.005453751,0.068724625,0.08074066,13,0.00035022924,0.000495299,0,2.0044901,1.7571625709533691,0.62507993,0.0051035215,14,0.10597202181816101
sequential,ov,0.2,0.3,0.83,4,rrg,65,0.0018845975,0.07231552,0.08167066,13,0.0070447954,0.009862963,0,2.2216716,1.734278917312622,1.2865673,0.007578666,13,0.11169330775737762
sequential,ov,0.2,0.3,0.84,4,rrg,66,5.73701e-05,0.07637909,0.08246112,16,2.7315393e-05,3.8604354e-05,0,1.4748818,1.6689774990081787,0.081231974,4.6414763e-05,16,0.11786890774965286
sequential,ov,0.2,0.3,0.85,4,rrg,99,0.014686574,0.08140721,0.08276164,11,6.7239775e-06,9.50914e-06,0,1.9553903,1.67945396900177,0.024412448,0.01467985,12,0.1256605088710785
sequential,ov,0.2,0.3,0.86,4,rrg,39,0.020531615,0.08618231,0.083683595,10,5.3580875e-26,0.0,0,1.3823371,1.659396767616272,5.2581218e-23,0.020531615,11,0.13358385860919952
sequential,ov,0.2,0.3,0.87,4,rrg,72,0.14262617,0.09126381,0.0848006,5,0.002105723,0.0029779417,0,1.7601086,1.6805847883224487,0.70906717,0.14052044,6,0.14229369163513184
sequential,ov,0.2,0.3,0.88,4,rrg,43,0.0007778491,0.08625265,0.08609499,10,0.0,0.0,0,2.0381188,1.6794840097427368,0.0,0.00077784917,10,0.13798387348651886
sequential,ov,0.2,0.3,0.89,4,rrg,44,0.00043079935,0.09103027,0.083437525,10,2.3375542e-21,3.3056506e-21,0,1.4006214,1.6620887517929077,8.7585146e-17,0.00043079935,10,0.1475616842508316
sequential,ov,0.2,0.3,0.9,4,rrg,79,0.22625612,0.09869663,0.08159482,1,0.1351154,0.09646413,0,1.9879309,1.694283127784729,0.96307516,0.09114071,7,0.16091474890708923
sequential,ov,0.2,0.3,0.91,4,rrg,18,0.12482616,0.06499374,0.04518006,1,0.0,0.0,0,1.6622857,1.587522268295288,0.0,0.12482616,4,0.16187717020511627
sequential,ov,0.2,0.3,0.92,4,rrg,83,0.038474675,0.051895574,0.035037067,5,0.33333334,0.4714045,0,2.1168544,1.5407483577728271,0.0,0.34615824,3,0.1612669974565506
sequential,ov,0.2,0.3,0.93,4,rrg,84,0.06687613,0.053241346,0.03647412,4,0.33333334,0.4714045,0,1.7261813,1.4523675441741943,0.0,0.3556254,2,0.1342611461877823
sequential,ov,0.2,0.3,0.94,4,rrg,23,0.08253255,0.05086863,0.038833357,3,0.33333334,0.4714045,0,2.054671,1.4052376747131348,0.0,0.36084417,1,0.09725318104028702
sequential,ov,0.2,0.3,0.95,4,rrg,25,0.1016513,0.045267098,0.040621813,1,2.7130434e-07,3.836823e-07,0,0.32881773,1.2767692804336548,1.4933737e-05,0.101651035,1,0.04526698589324951
sequential,ov,0.2,0.3,0.96,4,rrg,90,0.006319291,0.031162243,0.03269915,3,8.1312755e-11,1.1499359e-10,0,2.1443152,1.513985276222229,1.8266045e-09,0.0063192905,3,0.031162232160568237
sequential,ov,0.2,0.3,0.97,4,rrg,60,0.035125326,0.039442148,0.033930123,2,0.0,0.0,0,0.80582696,1.303857445716858,0.0,0.035125326,2,0.03944214805960655
sequential,ov,0.2,0.3,0.98,4,rrg,94,0.00021331802,0.04160037,0.04138705,2,3.1012662e-18,4.1989016e-18,0,1.5734366,1.5528688430786133,2.0875925e-14,0.00021331802,2,0.04160036891698837
sequential,ov,0.2,0.3,0.99,4,rrg,95,0.08298728,0.08298728,0.0,1,1.0106405e-10,1.4292616e-10,0,1.5322982,1.53229820728302,1.3227846e-08,0.08298728,1,0.08298727869987488
sequential,mov,0.2,0.3,0.0,4,rrg,5,0.1993963,0.19939631,1.4901161e-08,1,0.1993963,0.0,0,2.292514,2.2925143241882324,2.292514,0.0,1,0.0
sequential,mov,0.2,0.3,0.01,4,rrg,0,0.20000288,0.19061778,0.021780115,3,0.1999967,2.2944723e-06,0,2.2018328,2.235960006713867,2.2021906,6.1790147e-06,18,0.009972907602787018
sequential,mov,0.2,0.3,0.02,4,rrg,3,0.1989896,0.18357238,0.025307918,9,0.19677101,0.003692687,0,2.2220707,2.264103651046753,2.23087,0.0027302355,14,0.017811281606554985
sequential,mov,0.2,0.3,0.03,4,rrg,33,0.16298495,0.13204211,0.06178247,10,0.1571153,0.035421245,0,2.360106,2.400564670562744,2.3615568,0.030385787,9,0.028595026582479477
sequential,mov,0.2,0.3,0.04,4,rrg,27,0.19155477,0.15859738,0.053831708,10,0.18212153,0.009051234,0,2.2897825,2.3521246910095215,2.3065016,0.011475131,11,0.018365325406193733
sequential,mov,0.2,0.3,0.05,4,rrg,93,0.19874212,0.114756845,0.062193025,2,0.19499558,0.0029289685,0,2.2522519,2.4108710289001465,2.277817,0.0037820388,20,0.037881284952163696
sequential,mov,0.2,0.3,0.06,4,rrg,50,0.2057042,0.11049098,0.06107465,1,0.2705011,0.11242727,0,2.1829293,2.425783157348633,2.138814,0.08439604,2,0.04571542143821716
sequential,mov,0.2,0.3,0.07,4,rrg,35,0.17702046,0.11876099,0.0621964,4,0.26607144,0.14921077,0,2.1758952,2.4203102588653564,2.092839,0.11778271,2,0.05257638171315193
sequential,mov,0.2,0.3,0.08,4,rrg,4,0.14301667,0.1187102,0.055688106,7,0.14196739,0.06299662,0,2.4026349,2.4113285541534424,2.3463547,0.059014443,6,0.059588540345430374
sequential,mov,0.2,0.3,0.09,4,rrg,95,0.19204141,0.08993493,0.052822866,1,0.1770642,0.0062072403,0,2.289881,2.441420078277588,2.3136103,0.014977212,19,0.04180215299129486
sequential,mov,0.2,0.3,0.1,4,rrg,29,0.19607657,0.11637984,0.0655524,3,0.2013303,0.1556218,0,2.0297039,2.408740282058716,1.3550686,0.13260679,2,0.0522497296333313
sequential,mov,0.2,0.3,0.11,4,rrg,41,0.58751816,0.13837829,0.12609951,1,0.12820105,0.09083456,1,1.4255071,2.384199380874634,1.4197855,0.45931712,1,0.07593751698732376
sequential,mov,0.2,0.3,0.12,4,rrg,19,0.17977877,0.12350209,0.061581075,5,0.1498533,0.018633753,0,2.5004425,2.4239320755004883,2.531356,0.029925471,19,0.06267836689949036
sequential,mov,0.2,0.3,0.13,4,rrg,2,0.14818946,0.13440928,0.07195708,9,0.12210403,0.024687959,0,2.5155694,2.378411293029785,2.5140038,0.026085429,17,0.05127284675836563
sequential,mov,0.2,0.3,0.14,4,rrg,99,0.23350736,0.116369344,0.07739128,3,0.18545969,0.0692969,0,2.2972877,2.35115647315979,2.2886846,0.059172153,6,0.06356821954250336
sequential,mov,0.2,0.3,0.15,4,rrg,68,0.18790747,0.11389645,0.06372971,2,0.15441628,0.058480002,0,2.4630442,2.340261936187744,2.4663486,0.04388674,16,0.06351436674594879
sequential,mov,0.2,0.3,0.16,4,rrg,75,0.40366626,0.11761473,0.10036752,1,0.25749323,0.057943393,1,1.8033569,2.3944625854492188,1.9938602,0.14617302,1,0.054238926619291306
sequential,mov,0.2,0.3,0.17,4,rrg,97,0.25847438,0.1169045,0.08139404,1,0.20110555,0.054643538,0,2.1545951,2.25642728805542,2.133362,0.057368815,10,0.08357308059930801
sequential,mov,0.2,0.3,0.18,4,rrg,30,0.13450135,0.112952486,0.072139315,9,0.33328882,0.4713416,0,1.254807,2.253619432449341,0.00052570115,0.3781226,1,0.09061537683010101
sequential,mov,0.2,0.3,0.19,4,rrg,42,0.15823662,0.108907804,0.07878924,6,6.153144e-18,8.70186e-18,0,1.4340495,2.29610013961792,1.0916944e-15,0.15823662,2,0.06692095845937729
sequential,mov,0.2,0.3,0.2,4,rrg,58,0.14141047,0.088146225,0.052702304,3,0.16057181,0.1467498,0,2.1902368,2.3525681495666504,1.4478284,0.12304839,2,0.06345177441835403
sequential,mov,0.2,0.3,0.21,4,rrg,13,0.20313957,0.093262896,0.05626801,1,0.12697624,0.043824654,0,2.369623,2.341287851333618,2.2948153,0.076163344,6,0.07570412009954453
sequential,mov,0.2,0.3,0.22,4,rrg,7,0.116827875,0.10496298,0.06285813,9,0.121593714,0.057263914,0,2.3958917,2.310175657272339,2.3243225,0.054606702,11,0.08191503584384918
sequential,mov,0.2,0.3,0.23,4,rrg,81,0.27434018,0.10420115,0.07093678,1,0.2537017,0.15200849,0,2.1034875,2.2884058952331543,2.0171766,0.124904655,4,0.07969705760478973
sequential,mov,0.2,0.3,0.24,4,rrg,16,0.5662226,0.14507015,0.13167536,1,0.085457586,0.1164568,1,1.3656257,2.234070301055908,0.8011684,0.480765,1,0.10959120839834213
sequential,mov,0.2,0.3,0.25,4,rrg,47,0.31569922,0.09614979,0.108531035,3,0.048945125,0.06921886,0,1.7593515,2.241262674331665,0.71762896,0.2667541,2,0.08012907207012177
sequential,mov,0.2,0.3,0.26,4,rrg,25,0.20584485,0.11177765,0.08975342,3,0.1575985,0.026239675,0,2.2343636,2.1572906970977783,2.1784666,0.04824635,12,0.09553071856498718
sequential,mov,0.2,0.3,0.27,4,rrg,79,0.1458696,0.1046444,0.069344856,6,0.0544983,0.07448986,0,1.9081576,2.261056661605835,0.8422505,0.10067258,4,0.07517335563898087
sequential,mov,0.2,0.3,0.28,4,rrg,55,0.14739914,0.07639758,0.071771026,4,0.06459484,0.046850644,0,2.2614098,2.2089056968688965,1.5919008,0.0828043,5,0.06918690353631973
sequential,mov,0.2,0.3,0.29,4,rrg,72,0.12059119,0.0762427,0.05216454,3,0.10849931,0.062033717,0,2.2836733,2.246763229370117,2.1136274,0.051913504,9,0.07258424907922745
sequential,mov,0.2,0.3,0.3,4,rrg,67,0.17324992,0.08274911,0.058978025,2,0.106998265,0.08190312,0,2.3480916,2.2695746421813965,2.113755,0.0921993,2,0.05006185173988342
sequential,mov,0.2,0.3,0.31,4,rrg,28,0.48333764,0.1426357,0.116037734,1,0.118793696,0.16718142,1,1.3466543,2.172065019607544,0.6665808,0.36454394,2,0.1037641316652298
sequential,mov,0.2,0.3,0.32,4,rrg,73,0.3365698,0.09681949,0.07964786,1,0.1334518,0.095576964,0,1.833703,2.252254009246826,1.3318595,0.20311798,3,0.0792403370141983
sequential,mov,0.2,0.3,0.33,4,rrg,23,0.19862147,0.10172721,0.09632987,3,0.14893259,0.054076742,0,2.0808952,2.116502046585083,1.8140813,0.053457152,7,0.0743444561958313
sequential,mov,0.2,0.3,0.34,4,rrg,15,0.18287235,0.07731077,0.08166458,2,0.42741966,0.40718395,0,1.9454799,2.215277910232544,1.450995,0.30777636,3,0.08181031048297882
sequential,mov,0.2,0.3,0.35,4,rrg,12,0.33377787,0.07666267,0.075844094,1,0.1953432,0.11962043,1,1.7648157,2.1232705116271973,1.5538243,0.15703176,2,0.061174966394901276
sequential,mov,0.2,0.3,0.36,4,rrg,54,0.14394379,0.081994034,0.06973231,4,0.33334735,0.4713946,0,0.99203765,2.115776300430298,0.0006735874,0.38130057,2,0.0995846837759018
sequential,mov,0.2,0.3,0.37,4,rrg,96,0.27397925,0.06812741,0.05845052,1,0.33333334,0.4714045,0,0.8407745,2.0870110988616943,7.2439346e-12,0.42465973,1,0.06188466399908066
sequential,mov,0.2,0.3,0.38,4,rrg,59,0.11253627,0.055420827,0.033925265,2,0.37724015,0.44036686,0,2.2370915,2.2811732292175293,1.6636204,0.3269386,2,0.06429257243871689
sequential,mov,0.2,0.3,0.39,4,rrg,71,0.09876511,0.06344275,0.046386953,5,0.080794014,0.03740828,0,2.5807722,2.2419238090515137,2.4548419,0.03590181,12,0.0418500192463398
sequential,mov,0.2,0.3,0.4,4,rrg,17,0.18772903,0.06430188,0.052565493,2,0.43807995,0.39737695,0,1.8947417,2.19583797454834,1.5256218,0.2911631,3,0.08323028683662415
sequential,mov,0.2,0.3,0.41,4,rrg,84,0.11965753,0.08364152,0.08285017,6,0.09203758,0.057025004,0,2.556689,2.1626477241516113,2.3655462,0.05403271,6,0.07362090796232224
sequential,mov,0.2,0.3,0.42,4,rrg,52,0.04130163,0.061285853,0.066818535,9,0.043526232,0.048818655,0,2.1878784,2.07322096824646,1.546599,0.044707958,7,0.0850885733962059
sequential,mov,0.2,0.3,0.43,4,rrg,53,0.57849044,0.079029456,0.12505913,1,0.04523896,0.03351045,1,1.4691724,2.053960084915161,1.4922734,0.53325146,1,0.08822121471166611
sequential,mov,0.2,0.3,0.44,4,rrg,49,0.21971694,0.085921995,0.07902657,3,0.0947331,0.08070791,0,2.0354123,2.0440170764923096,1.5426854,0.12498385,4,0.09210467338562012
sequential,mov,0.2,0.3,0.45,4,rrg,82,0.10154546,0.073471084,0.070721924,4,0.031859957,0.030351648,0,2.278405,2.045067310333252,1.5283521,0.069685504,6,0.0978555902838707
sequential,mov,0.2,0.3,0.46,4,rrg,87,0.14656116,0.08285858,0.066889636,4,0.059805047,0.0845771,0,2.000454,1.9229261875152588,0.73277444,0.10865877,4,0.09398169815540314
sequential,mov,0.2,0.3,0.47,4,rrg,98,0.08713073,0.064035125,0.053476486,6,0.09498066,0.08671302,0,2.5037787,2.0328245162963867,2.236429,0.079093635,5,0.09883382171392441
sequential,mov,0.2,0.3,0.48,4,rrg,64,0.09314144,0.06690815,0.0783431,4,0.03495486,0.049256433,0,2.540173,2.1113734245300293,0.82351667,0.065834835,4,0.06667985022068024
sequential,mov,0.2,0.3,0.49,4,rrg,63,0.09860208,0.043032415,0.022720383,1,0.0045311633,0.0064033465,0,1.7944533,2.0985732078552246,0.63594234,0.09407091,2,0.050662070512771606
sequential,mov,0.2,0.3,0.5,4,rrg,85,0.032745373,0.043843634,0.024400597,13,0.041870695,0.034235682,0,2.2175503,2.0681583881378174,1.3919557,0.03095557,10,0.04987791180610657
sequential,mov,0.2,0.3,0.51,4,rrg,8,0.24722569,0.11086856,0.16527994,3,0.073793076,0.072659604,1,2.021375,1.9872379302978516,1.4336376,0.17343263,5,0.11959467828273773
sequential,mov,0.2,0.3,0.52,4,rrg,88,0.05302524,0.095969334,0.16453831,8,0.048336178,0.0343029,0,1.9940592,1.9379287958145142,1.3723927,0.030661099,10,0.11778894811868668
sequential,mov,0.2,0.3,0.53,4,rrg,31,0.025979761,0.08314815,0.15076937,13,0.016226964,0.013087435,0,2.0867002,1.924245834350586,1.5722569,0.013799553,14,0.11010490357875824
sequential,mov,0.2,0.3,0.54,4,rrg,76,0.25405663,0.046142466,0.054794755,1,0.6666667,0.47140452,1,0.60598326,1.8824106454849243,1.4597368e-25,0.5819811,1,0.05588976666331291
sequential,mov,0.2,0.3,0.55,4,rrg,89,0.030116307,0.037736528,0.035850536,11,0.023581875,0.016535515,0,2.2918718,2.080441474914551,1.9830021,0.014813322,14,0.05909547954797745
sequential,mov,0.2,0.3,0.56,4,rrg,46,0.0062225536,0.07827251,0.16793792,17,0.012658685,0.017902084,0,2.0730276,1.8919340372085571,0.74889106,0.01473287,12,0.06672969460487366
sequential,mov,0.2,0.3,0.57,4,rrg,9,0.1535343,0.07059261,0.09153706,2,0.36287844,0.45196384,0,1.7731272,1.902716040611267,0.6468472,0.3549663,2,0.11595741659402847
sequential,mov,0.2,0.3,0.58,4,rrg,39,0.01856382,0.06545567,0.14631343,13,0.015393822,0.021770151,0,1.687293,1.8343416452407837,0.64853007,0.021581762,13,0.06995712220668793
sequential,mov,0.2,0.3,0.59,4,rrg,48,0.005539191,0.07089246,0.14583652,18,0.010338413,0.009875145,0,2.240491,1.9135843515396118,1.487162,0.008492015,18,0.132786825299263
sequential,mov,0.2,0.3,0.6,4,rrg,91,0.021291718,0.049344283,0.0366051,15,8.833843e-08,1.2492941e-07,0,2.0757933,1.8268921375274658,0.00014924545,0.021291628,13,0.10108213126659393
sequential,mov,0.2,0.3,0.61,4,rrg,43,0.009665552,0.06342305,0.14652859,15,0.018490894,0.023331348,0,2.2244065,1.976378083229065,1.2938447,0.019000033,13,0.09867678582668304
sequential,mov,0.2,0.3,0.62,4,rrg,36,0.006623081,0.09235016,0.16570294,17,0.0,0.0,0,2.2294948,1.8013254404067993,0.0,0.0066230805,18,0.12154364585876465
sequential,mov,0.2,0.3,0.63,4,rrg,1,0.06477817,0.06967463,0.14590856,6,0.35764113,0.4551909,0,2.237788,1.8125842809677124,0.6916135,0.33604845,3,0.08919766545295715
sequential,mov,0.2,0.3,0.64,4,rrg,44,0.013042236,0.07160626,0.1467666,14,0.017317457,0.01368429,0,2.142986,1.7885183095932007,1.457184,0.012970044,12,0.10629725456237793
sequential,mov,0.2,0.3,0.65,4,rrg,14,0.009231434,0.092344776,0.16504452,19,1.2912337e-19,1.8260802e-19,0,1.1255788,1.8122355937957764,4.5881343e-17,0.009231434,17,0.10580619424581528
sequential,mov,0.2,0.3,0.66,4,rrg,80,0.03084373,0.049709134,0.09250656,9,0.032830257,0.031996403,0,2.0651858,1.9502410888671875,1.1237454,0.02826006,7,0.08793822675943375
sequential,mov,0.2,0.3,0.67,4,rrg,26,0.06990128,0.06003488,0.09565919,6,0.051531296,0.07287625,0,0.7919592,1.7079282999038696,0.29919836,0.074831724,7,0.07048265635967255
sequential,mov,0.2,0.3,0.68,4,rrg,66,0.0082206875,0.06951876,0.14673017,16,0.01461281,0.013539723,0,2.330448,1.7097489833831787,1.4749438,0.011872581,14,0.07774873077869415
sequential,mov,0.2,0.3,0.69,4,rrg,10,0.03471082,0.09345672,0.16513322,11,0.33333334,0.4714045,0,2.0130599,1.6415297985076904,5.995155e-18,0.3449036,3,0.12721969187259674
sequential,mov,0.2,0.3,0.7,4,rrg,62,0.015447041,0.06098333,0.14821033,10,0.008575273,0.012127265,0,1.8303994,1.789458990097046,0.72069186,0.013724285,11,0.08167000114917755
sequential,mov,0.2,0.3,0.71,4,rrg,92,0.43653414,0.08410621,0.16895466,2,0.23005317,0.3253443,1,1.4013275,1.7335599660873413,0.20632894,0.37556455,2,0.08702914416790009
sequential,mov,0.2,0.3,0.72,4,rrg,6,0.104478985,0.05384866,0.08385514,3,2.7922813e-18,3.948882e-18,0,0.33485493,1.6318906545639038,4.963347e-15,0.104478985,4,0.07115969806909561
sequential,mov,0.2,0.3,0.73,4,rrg,86,0.01455662,0.03469808,0.06522286,12,2.3344833e-22,3.3060744e-22,0,1.8507181,1.7431762218475342,4.9016454e-19,0.01455662,11,0.0702667385339737
sequential,mov,0.2,0.3,0.74,4,rrg,34,0.002748263,0.036783237,0.035441548,19,0.007049279,0.009969185,0,1.9752073,1.7522386312484741,0.665911,0.007965366,15,0.0643562525510788
sequential,mov,0.2,0.3,0.75,4,rrg,94,0.00017896185,0.045544364,0.06413069,20,1.7778613e-24,0.0,0,1.5731972,1.698821783065796,4.36814e-21,0.00017896185,20,0.09499256312847137
sequential,mov,0.2,0.3,0.76,4,rrg,51,0.0010348576,0.04759223,0.06339982,20,2.8478327e-19,4.027439e-19,0,1.4745586,1.6495128870010376,9.552063e-16,0.0010348576,20,0.09718216955661774
sequential,mov,0.2,0.3,0.77,4,rrg,40,0.021837544,0.048460394,0.06443368,10,0.0051834444,0.0073304977,0,2.0492082,1.6692399978637695,0.7141919,0.016654098,12,0.08276232331991196
sequential,mov,0.2,0.3,0.78,4,rrg,37,0.020178173,0.051178224,0.06520831,11,0.0049954625,0.0070646508,0,1.6625332,1.634788155555725,0.63038474,0.01518271,13,0.08604391664266586
sequential,mov,0.2,0.3,0.79,4,rrg,74,0.003394522,0.052050464,0.06520254,18,1.9724778e-30,0.0,0,2.1878207,1.6427996158599854,4.475242e-27,0.003394522,19,0.10203798115253448
sequential,mov,0.2,0.3,0.8,4,rrg,11,0.10233134,0.05187852,0.06533153,3,0.33333334,0.4714045,1,1.6811744,1.6405376195907593,0.0,0.3674438,2,0.10191748291254044
sequential,mov,0.2,0.3,0.81,4,rrg,18,0.11815749,0.0491287,0.066024795,2,7.524575e-28,0.0,0,1.6808676,1.6354796886444092,2.0892653e-25,0.11815748,4,0.08787272125482559
sequential,mov,0.2,0.3,0.82,4,rrg,32,0.09078379,0.0452859,0.06579161,2,0.0,0.0,0,1.7343422,1.6318233013153076,0.0,0.0907838,4,0.086201973259449
sequential,mov,0.2,0.3,0.83,4,rrg,65,0.0014754104,0.04258161,0.06674181,17,7.218677e-08,1.0208752e-07,0,2.1681283,1.625478744506836,4.716871e-05,0.0014753382,17,0.08591459691524506
sequential,mov,0.2,0.3,0.84,4,rrg,69,0.002796601,0.04513491,0.067977846,15,0.002720312,0.00384708,0,1.5547447,1.5922248363494873,0.6139248,0.0036524918,15,0.09118057787418365
sequential,mov,0.2,0.3,0.85,4,rrg,90,0.0064916178,0.047732625,0.06942611,11,3.680256e-18,5.2046676e-18,0,2.1290684,1.5954036712646484,9.075813e-15,0.0064916178,11,0.09688139706850052
sequential,mov,0.2,0.3,0.86,4,rrg,38,0.28994077,0.050355565,0.07114367,1,0.33333334,0.4714045,1,0.6021061,1.5557811260223389,1.24414884e-14,0.42998028,1,0.10327690839767456
sequential,mov,0.2,0.3,0.87,4,rrg,70,0.052988872,0.031779595,0.026445134,3,0.33715376,0.46872643,0,1.8735933,1.6284247636795044,0.4965527,0.34717587,1,0.07808513194322586
sequential,mov,0.2,0.3,0.88,4,rrg,45,0.034313533,0.029286802,0.027180724,6,0.016474115,0.023297919,0,1.8054259,1.5202282667160034,0.7393017,0.027911961,7,0.0539565272629261
sequential,mov,0.2,0.3,0.89,4,rrg,77,0.06859372,0.028095078,0.028141225,2,4.0204294e-25,0.0,0,0.24999082,1.4355660676956177,5.413553e-23,0.06859372,3,0.0568326860666275
sequential,mov,0.2,0.3,0.9,4,rrg,78,0.08022903,0.023566399,0.02600067,1,0.0041037244,0.0058035427,1,1.7940823,1.532363772392273,0.7206375,0.0761253,2,0.0555729866027832
sequential,mov,0.2,0.3,0.91,4,rrg,83,0.038588565,0.017395847,0.018064033,3,0.3333439,0.47139707,0,2.1182818,1.5246723890304565,0.0024143765,0.3461856,1,0.08484432846307755
sequential,mov,0.2,0.3,0.92,4,rrg,20,0.020971386,0.014796787,0.016648619,3,0.33208537,0.46626288,0,2.401689,1.4663035869598389,0.7250088,0.33588836,1,0.05442086607217789
sequential,mov,0.2,0.3,0.93,4,rrg,21,0.045837883,0.013801932,0.017274529,1,4.6892225e-22,6.633308e-22,0,0.8325406,1.3246819972991943,7.093526e-18,0.045837883,1,0.013373485766351223
sequential,mov,0.2,0.3,0.94,4,rrg,22,0.0013018405,0.008440833,0.0120315235,6,0.00087884016,0.0012428677,0,1.4408042,1.3803385496139526,0.009099566,0.0013127871,6,0.008044138550758362
sequential,mov,0.2,0.3,0.95,4,rrg,24,0.0014139288,0.009617437,0.012819443,5,5.8825273e-05,8.319126e-05,0,0.012181736,1.3546708822250366,0.15721318,0.0013551036,5,0.0092241819947958
sequential,mov,0.2,0.3,0.96,4,rrg,56,0.005131341,0.011666691,0.013572978,2,0.001207847,0.0016996558,0,1.9594121,1.6880569458007812,0.5764894,0.003923494,2,0.011190421879291534
sequential,mov,0.2,0.3,0.97,4,rrg,57,0.0038423503,0.013920554,0.015000791,2,0.00032874788,0.00046491966,0,1.4928535,1.5206050872802734,0.24454999,0.0035136025,2,0.013810972683131695
sequential,mov,0.2,0.3,0.98,4,rrg,60,0.03512557,0.018959329,0.01616624,1,3.9538905e-34,0.0,0,0.8058278,1.534480094909668,7.1702297e-31,0.03512557,1,0.018959328532218933
sequential,mov,0.2,0.3,0.99,4,rrg,61,0.0027930865,0.0027930865,0.0,1,3.5069045e-33,0.0,0,2.2631323,2.263132333755493,2.6480818e-29,0.0027930865,1,0.0027930864598602057
sequential,c_mov,0.2,0.3,0.0,4,rrg,38,0.1993963,0.19939631,1.4901161e-08,1,0.1993963,0.0,1,2.292514,2.2925143241882324,2.292514,0.0,1,0.0
sequential,c_mov,0.2,0.3,0.01,4,rrg,16,0.19999763,0.19999756,8.283223e-08,6,0.19999762,7.74287e-08,1,2.18662,2.1868958473205566,2.1715865,6.953875e-08,12,8.29497963650283e-08
sequential,c_mov,0.2,0.3,0.02,4,rrg,0,0.19999993,0.19999988,4.1349043e-08,4,0.19999993,3.101924e-08,0,2.2001498,2.177492618560791,2.1971815,2.4835268e-08,14,0.012916704639792442
sequential,c_mov,0.2,0.3,0.03,4,rrg,12,0.2000418,0.19814357,0.004287448,4,0.19986065,0.00026254996,1,2.2007577,2.191575050354004,2.2037926,0.00020782153,8,0.004282971378415823
sequential,c_mov,0.2,0.3,0.04,4,rrg,8,0.20000173,0.1943715,0.024213586,10,0.20000982,1.2609013e-05,1,2.1683552,2.1395511627197266,2.1519735,9.223819e-06,18,0.030404740944504738
sequential,c_mov,0.2,0.3,0.05,4,rrg,92,0.2008549,0.2000669,0.00035239136,1,0.4664915,0.37724766,1,1.7591748,2.0711796283721924,1.2902186,0.2671268,2,0.06757138669490814
sequential,c_mov,0.2,0.3,0.06,4,rrg,10,0.19920956,0.19409972,0.014552969,14,0.19574676,0.006402934,0,2.2094054,2.1323976516723633,2.2027664,0.004882435,10,0.061990976333618164
sequential,c_mov,0.2,0.3,0.07,4,rrg,17,0.20000006,0.19935052,0.0042047896,17,0.4666964,0.37706804,0,1.7567617,2.093841075897217,1.2782141,0.26669636,4,0.07091014087200165
sequential,c_mov,0.2,0.3,0.08,4,rrg,11,0.20000002,0.18531652,0.033635378,13,0.46668687,0.37710935,1,1.8175104,2.108440399169922,1.3932589,0.26668686,3,0.07102861255407333
sequential,c_mov,0.2,0.3,0.09,4,rrg,2,0.18591592,0.19622348,0.0069200965,17,0.17850006,0.031022497,0,2.1267507,2.0929055213928223,2.076355,0.026759326,8,0.07800538837909698
sequential,c_mov,0.2,0.3,0.1,4,rrg,41,0.28556257,0.17455766,0.05882356,1,0.13521953,0.095632724,1,1.84749,2.142941474914551,1.381512,0.15034305,3,0.05718062072992325
sequential,c_mov,0.2,0.3,0.11,4,rrg,75,0.20037156,0.17970017,0.0463039,9,0.20122087,0.0007050353,1,2.089185,2.135895252227783,2.045912,0.0009463827,18,0.058523643761873245
sequential,c_mov,0.2,0.3,0.12,4,rrg,28,0.17480007,0.17597456,0.049232673,16,0.16280985,0.052144263,1,2.2053964,2.12809419631958,2.1535466,0.045165252,7,0.06120812147855759
sequential,c_mov,0.2,0.3,0.13,4,rrg,5,0.20082515,0.17586198,0.046887256,5,0.20046984,0.00019554267,0,2.18492,2.1394879817962646,2.16757,0.0003553281,18,0.0492812804877758
sequential,c_mov,0.2,0.3,0.14,4,rrg,76,0.20226184,0.17435513,0.043026254,4,0.7337249,0.3765694,1,1.5096076,2.1192336082458496,0.69137794,0.5321874,1,0.07855230569839478
sequential,c_mov,0.2,0.3,0.15,4,rrg,33,0.17228465,0.16964445,0.05233249,16,0.16138351,0.036931016,0,2.3103437,2.1576812267303467,2.2847602,0.030181905,7,0.03448966518044472
sequential,c_mov,0.2,0.3,0.16,4,rrg,78,0.1119874,0.1532854,0.05644688,13,0.12651208,0.077587806,1,2.1684885,2.0826780796051025,1.9990946,0.077981815,7,0.12597019970417023
sequential,c_mov,0.2,0.3,0.17,4,rrg,58,0.19772556,0.16923238,0.044892363,7,0.19311212,0.003978107,0,2.1007016,2.0660364627838135,2.0510826,0.005247429,18,0.1314547210931778
sequential,c_mov,0.2,0.3,0.18,4,rrg,25,0.19937147,0.14297718,0.05693601,6,0.19082439,0.0044335485,0,2.1050305,2.1428656578063965,2.0714293,0.008547072,18,0.09627634286880493
sequential,c_mov,0.2,0.3,0.19,4,rrg,35,0.20024803,0.14627585,0.059447844,2,0.20075218,0.0006686122,0,2.112359,2.1761887073516846,2.0660408,0.0005380511,20,0.07983661442995071
sequential,c_mov,0.2,0.3,0.2,4,rrg,4,0.13802196,0.14995399,0.060726494,14,0.1408372,0.06312544,0,2.3347006,2.1602561473846436,2.269893,0.060130488,10,0.10357008129358292
sequential,c_mov,0.2,0.3,0.21,4,rrg,7,0.19337095,0.152101,0.05206108,7,0.18660319,0.011307151,0,2.1209502,2.126274585723877,2.087477,0.00888515,20,0.13491715490818024
sequential,c_mov,0.2,0.3,0.22,4,rrg,3,0.20233427,0.11966945,0.06707166,3,0.19773324,0.002463041,0,2.229268,2.13710618019104,2.2344296,0.0046010218,20,0.16570620238780975
sequential,c_mov,0.2,0.3,0.23,4,rrg,9,0.20916303,0.10535823,0.06982251,2,0.4413835,0.3961537,0,1.7985104,2.1829965114593506,1.3949417,0.29500416,6,0.140329509973526
sequential,c_mov,0.2,0.3,0.24,4,rrg,53,0.096314795,0.10102238,0.06233704,10,0.12159827,0.08666744,1,2.2021425,2.2550296783447266,1.4854641,0.08949334,3,0.058783866465091705
sequential,c_mov,0.2,0.3,0.25,4,rrg,27,0.20401475,0.101301335,0.058341213,1,0.196223,0.011476082,0,2.0143888,2.238255023956299,1.870478,0.00952581,20,0.08038860559463501
sequential,c_mov,0.2,0.3,0.26,4,rrg,84,0.16737211,0.10503404,0.061633177,5,0.43487224,0.40634897,0,1.8981231,2.1650195121765137,1.3673038,0.34024945,3,0.18043318390846252
sequential,c_mov,0.2,0.3,0.27,4,rrg,47,0.1591171,0.11343141,0.06833447,5,0.12625186,0.047412496,0,2.2623215,2.147942066192627,2.1606991,0.03637622,16,0.15061728656291962
sequential,c_mov,0.2,0.3,0.28,4,rrg,13,0.09928749,0.09424609,0.0588522,10,0.0824859,0.026854273,0,2.41449,2.238898754119873,2.343689,0.02801962,16,0.12587234377861023
sequential,c_mov,0.2,0.3,0.29,4,rrg,23,0.15966131,0.084370695,0.064379185,5,0.4043114,0.42366266,0,1.8856453,2.1705129146575928,1.3070126,0.31723964,7,0.1552727222442627
sequential,c_mov,0.2,0.3,0.3,4,rrg,81,0.16768652,0.07043789,0.050825123,2,0.68694854,0.4427216,0,1.5633388,2.1709396839141846,0.7096254,0.59048927,2,0.15924641489982605
sequential,c_mov,0.2,0.3,0.31,4,rrg,18,0.16476254,0.08428242,0.081588656,4,0.05612184,0.07936827,0,1.7971165,2.2314200401306152,0.73232895,0.111042686,5,0.09500714391469955
sequential,c_mov,0.2,0.3,0.32,4,rrg,50,0.08674162,0.06908947,0.050504558,7,0.17849298,0.14766124,0,2.0867789,2.1729278564453125,1.2277781,0.14957911,8,0.16403217613697052
sequential,c_mov,0.2,0.3,0.33,4,rrg,55,0.103917345,0.07471313,0.061848696,4,0.050005,0.036679342,0,2.2348933,2.142357349395752,1.5648662,0.053912353,10,0.15545280277729034
sequential,c_mov,0.2,0.3,0.34,4,rrg,15,0.16497162,0.081165716,0.058890752,4,0.69220304,0.4352907,0,1.6253865,2.147585391998291,0.78185123,0.58613986,1,0.14004699885845184
sequential,c_mov,0.2,0.3,0.35,4,rrg,59,0.11789555,0.07341165,0.051611505,5,0.37900874,0.43915403,0,2.205761,2.1755928993225098,1.6543525,0.32695648,5,0.12652036547660828
sequential,c_mov,0.2,0.3,0.36,4,rrg,98,0.08840464,0.06127072,0.04422711,6,0.3573765,0.45442218,0,2.3032727,2.1867613792419434,1.5822906,0.33875838,4,0.12810038030147552
sequential,c_mov,0.2,0.3,0.37,4,rrg,54,0.12558433,0.06954478,0.05885154,3,0.33333334,0.4714045,0,1.4123815,2.157383441925049,1.196292e-08,0.3751948,2,0.11673802137374878
sequential,c_mov,0.2,0.3,0.38,4,rrg,82,0.09390877,0.074377924,0.050160058,6,0.06209837,0.074555755,0,2.2943616,2.161705493927002,1.6048406,0.0805006,7,0.13945160806179047
sequential,c_mov,0.2,0.3,0.39,4,rrg,26,0.09820275,0.0845079,0.053993866,8,0.09079105,0.050740134,0,2.4954667,2.137568950653076,2.332458,0.046983898,12,0.16945351660251617
sequential,c_mov,0.2,0.3,0.4,4,rrg,77,0.1075014,0.09848951,0.06538248,8,0.06391508,0.08811038,0,1.5695087,2.078260898590088,0.7579474,0.0975911,7,0.13632477819919586
sequential,c_mov,0.2,0.3,0.41,4,rrg,45,0.09714414,0.065085605,0.04606009,4,0.10713345,0.07213626,0,2.2799463,2.1902146339416504,2.1494224,0.06428256,4,0.06545476615428925
sequential,c_mov,0.2,0.3,0.42,4,rrg,52,0.039494187,0.063666925,0.051479165,15,0.03795667,0.040304173,0,2.2071133,2.161468744277954,1.5815778,0.037714973,10,0.13110491633415222
sequential,c_mov,0.2,0.3,0.43,4,rrg,79,0.098552205,0.066301875,0.050548125,5,0.0786645,0.1112334,0,1.9965695,2.084357738494873,0.67679673,0.11150109,6,0.1256347894668579
sequential,c_mov,0.2,0.3,0.44,4,rrg,42,0.09739528,0.07087579,0.049848765,5,0.11905251,0.08479888,0,1.9349539,2.1562843322753906,1.2303901,0.08658742,7,0.12664368748664856
sequential,c_mov,0.2,0.3,0.45,4,rrg,73,0.12023845,0.082655236,0.06773348,5,0.0706869,0.05000999,0,2.0907645,2.0603208541870117,1.4825401,0.049551558,8,0.09443594515323639
sequential,c_mov,0.2,0.3,0.46,4,rrg,49,0.15101178,0.06670125,0.07139893,3,0.33333334,0.4714045,0,1.5774513,2.0489161014556885,2.2786583e-06,0.38367057,1,0.12345881760120392
sequential,c_mov,0.2,0.3,0.47,4,rrg,30,0.16415186,0.06176252,0.058056686,3,0.39698827,0.42734984,0,1.8666779,2.079514980316162,1.3601017,0.3243957,4,0.0970863401889801
sequential,c_mov,0.2,0.3,0.48,4,rrg,1,0.101007015,0.067025796,0.06983359,4,0.6666667,0.47140452,0,1.9158949,2.0326881408691406,2.874696e-27,0.6329977,1,0.1434345841407776
sequential,c_mov,0.2,0.3,0.49,4,rrg,37,0.038753834,0.05477796,0.037854616,13,0.025466546,0.036015138,0,1.8931475,2.0946455001831055,0.79587513,0.038384493,10,0.11122991144657135
sequential,c_mov,0.2,0.3,0.5,4,rrg,68,0.17204358,0.063003756,0.062184762,2,0.68593866,0.44414982,0,1.5092932,2.102842330932617,0.6740256,0.5900468,1,0.09847460687160492
sequential,c_mov,0.2,0.3,0.51,4,rrg,97,0.041263808,0.04885424,0.05091114,8,0.335421,0.46993527,0,2.1579752,2.185619831085205,0.7722829,0.34500024,2,0.11450328677892685
sequential,c_mov,0.2,0.3,0.52,4,rrg,71,0.0389363,0.056104384,0.06397576,10,0.029223451,0.023194069,0,2.0124686,2.0738518238067627,1.42843,0.021579532,12,0.09735983610153198
sequential,c_mov,0.2,0.3,0.53,4,rrg,89,0.030794729,0.06901995,0.083884485,10,0.022816584,0.015571936,0,2.2828302,2.061025619506836,1.9310251,0.014156696,13,0.08648702502250671
sequential,c_mov,0.2,0.3,0.54,4,rrg,6,0.04504609,0.04187625,0.056987707,4,0.035535585,0.034022577,0,2.2502155,2.0387978553771973,1.3156654,0.03374407,6,0.06644804775714874
sequential,c_mov,0.2,0.3,0.55,4,rrg,90,0.047249045,0.055825643,0.074164085,6,0.06709374,0.07400728,0,2.2882838,2.053050994873047,1.3960851,0.06212707,5,0.07243213057518005
sequential,c_mov,0.2,0.3,0.56,4,rrg,20,0.02826566,0.05887433,0.06015705,11,0.33776048,0.46830547,0,2.3874435,1.9466995000839233,0.7624132,0.3383281,5,0.11331047862768173
sequential,c_mov,0.2,0.3,0.57,4,rrg,64,0.021863943,0.04112315,0.043203782,11,0.0053301174,0.0075379247,0,2.400225,2.0074520111083984,0.7008576,0.016533826,11,0.07379486411809921
sequential,c_mov,0.2,0.3,0.58,4,rrg,66,0.007248307,0.034295455,0.031281482,19,0.017776554,0.01812756,0,2.3344007,2.1008472442626953,1.5533524,0.015360452,12,0.07215206325054169
sequential,c_mov,0.2,0.3,0.59,4,rrg,83,0.03861155,0.0606803,0.07421694,10,0.33333334,0.4714045,0,2.107522,1.9419529438018799,8.235713e-20,0.34620383,3,0.12974348664283752
sequential,c_mov,0.2,0.3,0.6,4,rrg,44,0.009973793,0.038670827,0.03978973,16,0.015282921,0.015904494,0,2.1536138,1.9546257257461548,1.4780899,0.012852422,15,0.0633121207356453
sequential,c_mov,0.2,0.3,0.61,4,rrg,56,0.009341589,0.051905893,0.077723615,16,0.0059651397,0.008435829,0,2.0541365,1.9767663478851318,0.70559543,0.009078859,16,0.0931830033659935
sequential,c_mov,0.2,0.3,0.62,4,rrg,86,0.01430658,0.08314229,0.09020442,16,8.9527165e-13,1.2661053e-12,0,1.844693,1.8602641820907593,6.0939137e-10,0.01430658,17,0.1162167564034462
sequential,c_mov,0.2,0.3,0.63,4,rrg,43,0.010532548,0.064617455,0.08582334,15,0.0041262005,0.0030820398,0,2.018136,1.8999688625335693,1.2749381,0.006406347,18,0.08058147877454758
sequential,c_mov,0.2,0.3,0.64,4,rrg,14,0.00688423,0.043427773,0.055728734,17,0.012525038,0.01771308,0,1.8658669,1.8717997074127197,0.6108199,0.014819781,14,0.061991266906261444
sequential,c_mov,0.2,0.3,0.65,4,rrg,57,0.017274773,0.062714465,0.08165441,13,0.01080921,0.012575908,0,1.8521456,1.9260799884796143,1.2315542,0.01391272,15,0.09765071421861649
sequential,c_mov,0.2,0.3,0.66,4,rrg,80,0.019157508,0.05826686,0.07835508,13,0.016056668,0.022200672,0,1.9922951,1.9315805435180664,0.6218703,0.021962777,14,0.08474424481391907
sequential,c_mov,0.2,0.3,0.67,4,rrg,94,0.00019648399,0.077191964,0.093609214,20,7.14276e-18,1.0101389e-17,0,1.5695435,1.8448444604873657,1.2999632e-14,0.00019648399,20,0.12297803163528442
sequential,c_mov,0.2,0.3,0.68,4,rrg,87,0.21890925,0.07094149,0.09303783,3,3.6539e-41,0.0,0,1.625055,1.8113523721694946,3.3907575e-38,0.21890925,5,0.10533322393894196
sequential,c_mov,0.2,0.3,0.69,4,rrg,21,0.05638129,0.053350113,0.07389629,5,0.0078592,0.008212826,0,2.1254704,1.8658430576324463,1.3149145,0.048522085,7,0.09505955874919891
sequential,c_mov,0.2,0.3,0.7,4,rrg,36,0.009394694,0.046196133,0.061742496,16,0.048857737,0.06909528,0,2.3099566,1.9167983531951904,0.37982893,0.051989306,5,0.06681433320045471
sequential,c_mov,0.2,0.3,0.71,4,rrg,63,0.021277582,0.057491012,0.08354839,9,1.5699904e-10,2.2203019e-10,0,1.8108118,1.793562650680542,2.7570215e-07,0.021277582,9,0.09116528183221817
sequential,c_mov,0.2,0.3,0.72,4,rrg,34,0.0021640437,0.06172496,0.08311271,18,1.7204751e-05,2.4331193e-05,0,1.8902245,1.879277229309082,0.0024753627,0.002146839,19,0.12285691499710083
sequential,c_mov,0.2,0.3,0.73,4,rrg,67,0.13921258,0.071173295,0.086076595,4,0.33333716,0.4714018,0,1.1701199,1.9138845205307007,0.003757446,0.3797337,1,0.11835277080535889
sequential,c_mov,0.2,0.3,0.74,4,rrg,51,0.0009899554,0.06530915,0.08657664,19,1.06736905e-13,1.5094878e-13,0,1.5160251,1.855268120765686,2.2597037e-10,0.0009899554,20,0.09788672626018524
sequential,c_mov,0.2,0.3,0.75,4,rrg,40,0.036117617,0.055431403,0.0774433,8,0.00900684,0.0074143545,0,2.1874645,1.857865333557129,1.3788409,0.027110776,10,0.09487048536539078
sequential,c_mov,0.2,0.3,0.76,4,rrg,46,0.018034272,0.05203746,0.06549766,12,0.03024807,0.02145891,0,2.321329,1.9035463333129883,1.4772846,0.024236644,10,0.08096526563167572
sequential,c_mov,0.2,0.3,0.77,4,rrg,32,0.2018068,0.050738145,0.07969478,2,0.10690536,0.151187,0,1.4959733,1.8248050212860107,0.37558946,0.1741743,4,0.08018195629119873
sequential,c_mov,0.2,0.3,0.78,4,rrg,22,0.013809299,0.05598117,0.073276915,15,0.012150089,0.008070933,0,2.2451172,1.8623462915420532,2.0673265,0.00687225,15,0.11271663755178452
sequential,c_mov,0.2,0.3,0.79,4,rrg,29,0.2769938,0.06756945,0.1039871,2,0.38106146,0.44154212,0,1.3556948,1.7610015869140625,0.5978151,0.37793648,1,0.1178666353225708
sequential,c_mov,0.2,0.3,0.8,4,rrg,19,0.029973006,0.05656941,0.10089761,7,0.33333334,0.4714045,0,2.0557253,1.7278016805648804,2.4975504e-06,0.3433243,4,0.09611497819423676
sequential,c_mov,0.2,0.3,0.81,4,rrg,24,0.0032188955,0.06233398,0.11066789,14,0.011684832,0.016524546,0,2.0479789,1.666052222251892,0.72394395,0.012757511,11,0.08447592705488205
sequential,c_mov,0.2,0.3,0.82,4,rrg,96,0.30586398,0.06644109,0.11480437,2,0.45357546,0.4134938,0,1.2589592,1.6192172765731812,0.3147436,0.35162082,2,0.08874252438545227
sequential,c_mov,0.2,0.3,0.83,4,rrg,65,0.0009763944,0.04785039,0.08923928,14,0.00638219,0.0090257805,0,2.0557454,1.6248010396957397,0.65863615,0.0067076553,10,0.07399620860815048
sequential,c_mov,0.2,0.3,0.84,4,rrg,99,0.016723972,0.04910802,0.087548174,8,3.3933626e-05,4.7989393e-05,0,1.9738569,1.5905073881149292,0.14988844,0.016690038,8,0.07720444351434708
sequential,c_mov,0.2,0.3,0.85,4,rrg,69,0.00090224174,0.05099823,0.08943464,13,1.7651062e-25,0.0,0,1.2614927,1.5637387037277222,3.679612e-22,0.00090224174,13,0.0810559019446373
sequential,c_mov,0.2,0.3,0.86,4,rrg,70,0.03118185,0.05448094,0.09145755,5,0.33333334,0.4714045,0,1.803528,1.586578607559204,4.9953273e-05,0.34372726,2,0.08669458329677582
sequential,c_mov,0.2,0.3,0.87,4,rrg,39,0.018514449,0.056305245,0.09464195,6,5.078475e-38,0.0,0,1.4432784,1.5687810182571411,1.1292364e-34,0.018514449,6,0.06695637851953506
sequential,c_mov,0.2,0.3,0.88,4,rrg,72,0.25381324,0.05945386,0.097847536,2,3.7055972e-07,5.2405056e-07,0,0.5665303,1.5792096853256226,9.226721e-06,0.25381288,2,0.07099276036024094
sequential,c_mov,0.2,0.3,0.89,4,rrg,74,0.0064878147,0.041784976,0.08184256,6,0.0012451155,0.0017608594,0,2.3191886,1.6712684631347656,0.68855023,0.0052426993,6,0.0543728806078434
sequential,c_mov,0.2,0.3,0.9,4,rrg,48,4.8548474e-05,0.045251675,0.08506608,10,1.7679379e-16,2.5002417e-16,0,1.6456625,1.5960910320281982,1.0738653e-12,4.8548474e-05,10,0.0592232421040535
sequential,c_mov,0.2,0.3,0.91,4,rrg,93,0.28994054,0.050225273,0.08827608,1,0.33333334,0.4714045,0,0.6021035,1.5783401727676392,3.2538813e-15,0.4299802,1,0.06578060984611511
sequential,c_mov,0.2,0.3,0.92,4,rrg,85,0.0007251034,0.020249743,0.0261983,8,5.1000968e-21,7.212614e-21,0,1.7763608,1.69611394405365,6.0982456e-18,0.00072510337,8,0.02024909108877182
sequential,c_mov,0.2,0.3,0.93,4,rrg,95,0.0829872,0.023036918,0.026874637,1,2.5496081e-15,3.6056905e-15,0,1.5322978,1.6835463047027588,2.76424e-13,0.0829872,1,0.02303682640194893
sequential,c_mov,0.2,0.3,0.94,4,rrg,88,0.013855374,0.013044852,0.011991145,3,4.4269248e-29,0.0,0,1.4132955,1.7085036039352417,1.7447508e-26,0.013855374,3,0.013044838793575764
sequential,c_mov,0.2,0.3,0.95,4,rrg,91,0.0208325,0.012882687,0.013129676,2,2.08743e-23,0.0,0,2.087177,1.7674916982650757,4.8319526e-20,0.0208325,2,0.012882684357464314
sequential,c_mov,0.2,0.3,0.96,4,rrg,60,0.035125278,0.010895226,0.013990566,1,2.6180006e-34,0.0,0,0.805827,1.6875591278076172,7.8318505e-31,0.035125278,1,0.010895226150751114
sequential,c_mov,0.2,0.3,0.97,4,rrg,61,0.0027930902,0.0028185418,0.0002235283,2,1.6e-43,0.0,0,2.2631326,1.9814680814743042,2.152508e-39,0.0027930902,2,0.0028185418341308832
sequential,c_mov,0.2,0.3,0.98,4,rrg,62,0.0031041473,0.0028312698,0.0002728775,1,9.117e-42,0.0,0,1.8755454,1.8406349420547485,6.6028444e-38,0.0031041473,1,0.0028312697540968657
sequential,c_mov,0.2,0.3,0.99,4,rrg,31,0.0025583932,0.0025583932,0.0,1,4.972978e-12,7.032853e-12,0,1.805724,1.805724024772644,1.5013375e-08,0.0025583932,1,0.002558393171057105
sequential,ov,0.4,0.3,0.0,4,rrg,77,0.39723024,0.3972302,2.9802322e-08,1,0.39723024,0.0,1,1.8001581,1.8001582622528076,1.8001581,0.0,1,0.0
sequential,ov,0.4,0.3,0.01,4,rrg,9,0.3999568,0.39995676,4.4703484e-08,4,0.3999568,5.7067105e-08,0,1.7077235,1.6993086338043213,1.7073668,4.9670536e-08,5,0.009843780659139156
sequential,ov,0.4,0.3,0.02,4,rrg,15,0.3999975,0.4166778,0.050041445,3,0.39999732,1.7206379e-08,0,1.7011708,1.6598060131072998,1.6946114,1.6887982e-07,5,0.042156197130680084
sequential,ov,0.4,0.3,0.03,4,rrg,91,0.3999998,0.39999986,5.9230945e-08,17,0.3999999,5.1619136e-08,1,1.7000858,1.6970008611679077,1.693252,9.934107e-08,6,0.008598024025559425
sequential,ov,0.4,0.3,0.04,4,rrg,14,0.39999998,0.41699862,0.051011913,8,0.4000001,8.603189e-08,1,1.7010523,1.6605695486068726,1.6954404,1.09275184e-07,5,0.03883720189332962
sequential,ov,0.4,0.3,0.05,4,rrg,13,0.40000007,0.4,6.215767e-08,1,0.575,0.24748738,1,1.5371695,1.681441068649292,1.1867183,0.17500001,2,0.021509092301130295
sequential,ov,0.4,0.3,0.06,4,rrg,5,0.39999995,0.42624402,0.06247339,11,0.6582693,0.25195813,1,1.4765387,1.6229126453399658,0.95042133,0.25826934,4,0.07497135549783707
sequential,ov,0.4,0.3,0.07,4,rrg,81,0.39999998,0.40874892,0.038135536,10,0.39999998,2.4333495e-08,1,1.7033201,1.664750337600708,1.7027774,1.9868216e-08,20,0.029961219057440758
sequential,ov,0.4,0.3,0.08,4,rrg,10,0.40000004,0.40875226,0.038150102,5,0.4,3.847463e-08,1,1.7034754,1.652268648147583,1.703381,1.9868216e-08,17,0.051214080303907394
sequential,ov,0.4,0.3,0.09,4,rrg,49,0.39999995,0.4,4.8514668e-08,14,0.39999998,2.4333495e-08,1,1.7021693,1.6629183292388916,1.6993637,2.9802322e-08,17,0.04457993432879448
sequential,ov,0.4,0.3,0.1,4,rrg,28,0.39999995,0.40875226,0.0381502,15,0.39999998,1.7206379e-08,1,1.6932857,1.6074752807617188,1.656983,1.9868216e-08,18,0.09999813139438629
sequential,ov,0.4,0.3,0.11,4,rrg,35,0.39999992,0.4,6.251388e-08,18,0.4,3.847463e-08,1,1.6893973,1.6596758365631104,1.6674875,7.947286e-08,9,0.04149169474840164
sequential,ov,0.4,0.3,0.12,4,rrg,92,0.39999995,0.40875226,0.03815024,13,0.39999998,1.7206379e-08,1,1.6753466,1.633152723312378,1.6334375,3.973643e-08,14,0.06583621352910995
sequential,ov,0.4,0.3,0.13,4,rrg,95,0.5750453,0.435009,0.07001809,1,0.26666665,0.1885618,0,1.3520622,1.574654221534729,1.0894259,0.30837864,2,0.12011078745126724
sequential,ov,0.4,0.3,0.14,4,rrg,73,0.39999998,0.40862623,0.03829302,13,0.4,7.094371e-08,1,1.6564065,1.6027904748916626,1.5830437,5.9604645e-08,14,0.10295574367046356
sequential,ov,0.4,0.3,0.15,4,rrg,7,0.4,0.3985363,0.006544305,6,0.4,5.7067105e-08,1,1.6632378,1.615258812904358,1.602275,4.9670536e-08,13,0.10176589339971542
sequential,ov,0.4,0.3,0.16,4,rrg,26,0.4,0.4215842,0.07031752,7,0.4,1.7206379e-08,1,1.6715692,1.5352025032043457,1.6290611,9.934108e-09,18,0.17674961686134338
sequential,ov,0.4,0.3,0.17,4,rrg,43,0.4,0.4076007,0.038125463,6,0.60496753,0.27939638,1,1.509399,1.6082509756088257,1.0551014,0.20496756,4,0.096835657954216
sequential,ov,0.4,0.3,0.18,4,rrg,38,0.39999995,0.41404048,0.061200988,13,0.59999996,0.28284273,1,1.4916801,1.548236608505249,0.98811054,0.20000005,8,0.14901801943778992
sequential,ov,0.4,0.3,0.19,4,rrg,85,0.39999995,0.41013756,0.037435636,18,0.4,4.2146848e-08,1,1.697832,1.5961501598358154,1.6863548,3.973643e-08,18,0.10891358554363251
sequential,ov,0.4,0.3,0.2,4,rrg,18,0.41494748,0.399563,0.006247805,1,0.591323,0.28748378,1,1.5210395,1.5391271114349365,1.1047812,0.2120971,7,0.1889648735523224
sequential,ov,0.4,0.3,0.21,4,rrg,79,0.4,0.398966,0.004507003,5,0.59687495,0.27842328,1,1.5452423,1.5758670568466187,1.1208423,0.19687502,9,0.13499322533607483
sequential,ov,0.4,0.3,0.22,4,rrg,0,0.39999998,0.40939528,0.03752862,9,0.39999995,1.7206379e-08,1,1.6755803,1.5732033252716064,1.6407052,1.9868216e-08,16,0.13828898966312408
sequential,ov,0.4,0.3,0.23,4,rrg,55,0.39999998,0.40742493,0.038207974,10,0.45752898,0.081358336,1,1.630415,1.547677755355835,1.5063049,0.057529032,13,0.16762617230415344
sequential,ov,0.4,0.3,0.24,4,rrg,78,0.39999995,0.4121805,0.062167875,15,0.8,0.28284273,1,1.3754629,1.5469602346420288,0.5190672,0.4,4,0.15986944735050201
sequential,ov,0.4,0.3,0.25,4,rrg,3,0.4000001,0.40073213,0.0031911791,2,0.39999998,8.070507e-08,1,1.6677533,1.572221040725708,1.6140695,9.934107e-08,13,0.13109110295772552
sequential,ov,0.4,0.3,0.26,4,rrg,62,0.40000004,0.40937304,0.040856164,5,0.4048793,0.006900303,1,1.6495421,1.5269535779953003,1.566759,0.004879286,13,0.1878206431865692
sequential,ov,0.4,0.3,0.27,4,rrg,32,0.40000013,0.4055261,0.03952607,2,0.6624842,0.2506264,1,1.4735368,1.5390185117721558,0.9317785,0.26248422,7,0.185294046998024
sequential,ov,0.4,0.3,0.28,4,rrg,84,0.4,0.41404256,0.06121011,7,0.4,5.1619136e-08,1,1.6815828,1.5245187282562256,1.6485924,4.9670536e-08,16,0.1705530732870102
sequential,ov,0.4,0.3,0.29,4,rrg,44,0.3999999,0.41279274,0.061736986,18,0.4624577,0.078224376,1,1.580934,1.4988853931427002,1.3885189,0.0624578,16,0.22480817139148712
sequential,ov,0.4,0.3,0.3,4,rrg,54,0.37500277,0.40811878,0.038318794,20,0.27640745,0.19544958,1,1.6894437,1.5142112970352173,1.0193578,0.15140653,14,0.19476443529129028
sequential,ov,0.4,0.3,0.31,4,rrg,8,0.4,0.41727614,0.051828466,8,0.59999996,0.28284273,1,1.5115715,1.4745967388153076,1.0561434,0.2,12,0.23253877460956573
sequential,ov,0.4,0.3,0.32,4,rrg,31,0.39999998,0.41797748,0.053977855,12,0.4,5.7067105e-08,1,1.6535122,1.4840388298034668,1.5794767,3.973643e-08,18,0.2317749708890915
sequential,ov,0.4,0.3,0.33,4,rrg,2,0.39999998,0.42268556,0.07016594,13,0.8,0.2828427,1,1.3803962,1.4946184158325195,0.53812015,0.4,5,0.2253132313489914
sequential,ov,0.4,0.3,0.34,4,rrg,27,0.39999992,0.40866765,0.03774483,18,0.79999954,0.2828425,0,1.3698201,1.500783085823059,0.49391147,0.3999997,5,0.20828399062156677
sequential,ov,0.4,0.3,0.35,4,rrg,25,0.40000004,0.42554444,0.0858156,5,0.8,0.28284267,1,1.369815,1.4748048782348633,0.49357316,0.4,4,0.2247283011674881
sequential,ov,0.4,0.3,0.36,4,rrg,34,0.4,0.42553896,0.08582045,7,0.39999995,0.0,1,1.6542956,1.4779049158096313,1.5819749,5.9604645e-08,16,0.22667360305786133
sequential,ov,0.4,0.3,0.37,4,rrg,64,0.68085104,0.42808515,0.08425534,2,0.26666668,0.18856183,1,1.1056844,1.4260761737823486,0.96829176,0.41418436,5,0.2871014177799225
sequential,ov,0.4,0.3,0.38,4,rrg,56,0.40000013,0.42928267,0.07071842,4,0.8,0.28284267,1,1.3698294,1.445918083190918,0.4941126,0.39999995,5,0.2519366145133972
sequential,ov,0.4,0.3,0.39,4,rrg,89,0.46192694,0.4122781,0.041557986,2,0.46667787,0.41094816,0,1.4063778,1.4981385469436646,0.454183,0.35396445,5,0.21098875999450684
sequential,ov,0.4,0.3,0.4,4,rrg,97,0.39999998,0.4067738,0.029526316,14,0.59999996,0.2828427,0,1.4941365,1.4399971961975098,1.000832,0.20000003,13,0.29777076840400696
sequential,ov,0.4,0.3,0.41,4,rrg,6,0.4,0.4140551,0.055028487,8,0.59999996,0.28284273,0,1.4840971,1.4807524681091309,0.96037585,0.20000003,12,0.24288716912269592
sequential,ov,0.4,0.3,0.42,4,rrg,63,0.40000004,0.41056934,0.061327703,6,1.0,0.0,0,1.2602313,1.4959274530410767,1.5299277e-10,0.59999996,2,0.2520505487918854
sequential,ov,0.4,0.3,0.43,4,rrg,29,0.40000004,0.41264635,0.042593475,8,0.600022,0.28282717,1,1.5106966,1.4604365825653076,1.0534266,0.200022,8,0.27196207642555237
sequential,ov,0.4,0.3,0.44,4,rrg,65,0.39999998,0.41182405,0.048692983,12,0.6,0.28284273,0,1.4932387,1.4455450773239136,0.99550265,0.20000005,15,0.2938789427280426
sequential,ov,0.4,0.3,0.45,4,rrg,57,0.39999998,0.40742642,0.057795133,13,0.59999996,0.28284273,0,1.4985844,1.4819647073745728,1.0081996,0.20000003,15,0.2772981822490692
sequential,ov,0.4,0.3,0.46,4,rrg,50,0.40000004,0.41446218,0.057549782,7,0.40004906,6.265754e-05,0,1.6240542,1.5165845155715942,1.5107765,4.9054623e-05,17,0.2089078426361084
sequential,ov,0.4,0.3,0.47,4,rrg,17,0.39999998,0.41857952,0.053957235,12,1.0,0.0,0,1.2602313,1.459576964378357,5.825461e-10,0.6,1,0.296476274728775
sequential,ov,0.4,0.3,0.48,4,rrg,82,0.4967768,0.38540092,0.04750712,1,0.46667087,0.41095617,0,1.371727,1.5128276348114014,0.49308965,0.36558807,10,0.2946510910987854
sequential,ov,0.4,0.3,0.49,4,rrg,22,0.5007265,0.3894755,0.08425842,3,0.4666671,0.41096047,0,1.3663846,1.5182390213012695,0.49271357,0.3669084,11,0.3182801902294159
sequential,ov,0.4,0.3,0.5,4,rrg,42,0.25497916,0.38651088,0.090477,18,0.4610751,0.4119235,0,1.7670008,1.5171029567718506,0.47375336,0.3760403,12,0.33719319105148315
sequential,ov,0.4,0.3,0.51,4,rrg,86,0.53124994,0.38351065,0.06679037,1,0.26666668,0.18856183,1,1.38288,1.5424411296844482,0.94678134,0.26458326,11,0.2815551161766052
sequential,ov,0.4,0.3,0.52,4,rrg,90,0.40009838,0.3919921,0.09201366,8,0.60002124,0.2828277,0,1.5074948,1.5452332496643066,1.0365417,0.20001157,13,0.29357412457466125
sequential,ov,0.4,0.3,0.53,4,rrg,30,0.38263267,0.39167064,0.05407135,16,0.5440462,0.32644507,0,1.5847492,1.517034888267517,1.1730083,0.25016466,12,0.2957924008369446
sequential,ov,0.4,0.3,0.54,4,rrg,21,0.40017292,0.38173893,0.06771462,6,0.4324371,0.045550916,0,1.632866,1.5186188220977783,1.5343958,0.03237936,17,0.30533725023269653
sequential,ov,0.4,0.3,0.55,4,rrg,98,0.49784738,0.3782178,0.08286348,2,0.6666667,0.47140452,0,1.2819166,1.5097200870513916,1.4712436e-12,0.5007176,4,0.37267565727233887
sequential,ov,0.4,0.3,0.56,4,rrg,16,0.5732958,0.3647799,0.09294157,2,0.6666667,0.47140452,1,1.1826785,1.5481102466583252,7.33169e-23,0.47556806,5,0.36395055055618286
sequential,ov,0.4,0.3,0.57,4,rrg,59,0.56148255,0.37559628,0.06623529,1,0.44967496,0.41440547,1,1.2845047,1.5018399953842163,0.50887144,0.40415254,7,0.38171958923339844
sequential,ov,0.4,0.3,0.58,4,rrg,23,0.41509527,0.37732288,0.0456429,1,0.7921875,0.29389128,0,1.376478,1.542858362197876,0.55376,0.40278077,6,0.3169898986816406
sequential,ov,0.4,0.3,0.59,4,rrg,60,0.4085512,0.3621348,0.07204465,6,0.37557706,0.05111695,0,1.6948577,1.5998932123184204,1.6902531,0.037142932,19,0.30028674006462097
sequential,ov,0.4,0.3,0.6,4,rrg,93,0.15789562,0.35109577,0.07784451,20,0.08472553,0.10681426,0,2.0163987,1.5613983869552612,0.7845638,0.12483574,19,0.36565548181533813
sequential,ov,0.4,0.3,0.61,4,rrg,58,0.25320366,0.3398686,0.068097815,17,0.46081567,0.4119921,0,1.8270569,1.6290194988250732,0.5756489,0.37641445,9,0.3282656967639923
sequential,ov,0.4,0.3,0.62,4,rrg,37,0.3879689,0.3589129,0.067716844,11,0.34657216,0.08804553,0,1.7286121,1.558600902557373,1.6741403,0.09305822,20,0.3696663975715637
sequential,ov,0.4,0.3,0.63,4,rrg,71,0.25292778,0.36450532,0.07714128,18,0.46068874,0.4120163,0,1.823044,1.5363216400146484,0.56235796,0.3763795,13,0.39125537872314453
sequential,ov,0.4,0.3,0.64,4,rrg,69,0.53129965,0.37227455,0.07324642,1,0.28740528,0.20467336,0,1.4155728,1.5138529539108276,1.0109987,0.24389438,16,0.3861325681209564
sequential,ov,0.4,0.3,0.65,4,rrg,61,0.3885619,0.35791522,0.05779508,10,0.22730376,0.17294554,0,1.7175823,1.51284921169281,1.0781008,0.18165295,20,0.4110334813594818
sequential,ov,0.4,0.3,0.66,4,rrg,87,0.36701354,0.3491035,0.076387435,11,0.4737592,0.40882286,0,1.527243,1.500976800918579,0.50985855,0.34924993,16,0.426729291677475
sequential,ov,0.4,0.3,0.67,4,rrg,20,0.26652315,0.33475518,0.09105719,16,0.6666667,0.47140452,0,1.6502863,1.552411437034607,9.8432444e-20,0.5778256,3,0.4083588123321533
sequential,ov,0.4,0.3,0.68,4,rrg,45,0.40237233,0.34693843,0.086459875,3,0.78478783,0.30435592,0,1.3873315,1.5570952892303467,0.59535074,0.41442132,7,0.3899756968021393
sequential,ov,0.4,0.3,0.69,4,rrg,1,0.2374745,0.3261143,0.09203778,18,0.44155407,0.41620815,0,1.9116408,1.556524395942688,0.5622388,0.36156318,16,0.4117721915245056
sequential,ov,0.4,0.3,0.7,4,rrg,53,0.30393207,0.35503572,0.089942716,15,0.6666667,0.47140452,0,1.4880021,1.533252477645874,5.6578058e-18,0.56535596,4,0.41225093603134155
sequential,ov,0.4,0.3,0.71,4,rrg,33,0.40000004,0.37590042,0.085143074,7,1.0,0.0,0,1.2602313,1.4770400524139404,1.08750784e-35,0.59999996,3,0.40094414353370667
sequential,ov,0.4,0.3,0.72,4,rrg,70,0.34516826,0.36354598,0.09738437,14,0.3334125,0.47134852,0,1.5359399,1.4832099676132202,0.002706974,0.44831026,8,0.4125419557094574
sequential,ov,0.4,0.3,0.73,4,rrg,51,0.4161569,0.36799738,0.076041855,3,0.53544784,0.331148,0,1.5712515,1.4944794178009033,1.1593465,0.26993778,15,0.40533027052879333
sequential,ov,0.4,0.3,0.74,4,rrg,96,0.39999998,0.3507958,0.09383332,7,1.0,0.0,0,1.2602313,1.5114306211471558,0.0,0.6,1,0.4041416049003601
sequential,ov,0.4,0.3,0.75,4,rrg,24,0.23947403,0.33728433,0.10423023,17,0.44943193,0.41446465,0,1.8907726,1.5479975938796997,0.53523606,0.36960724,14,0.39253583550453186
sequential,ov,0.4,0.3,0.76,4,rrg,48,0.41068482,0.33874112,0.10142926,4,0.16881259,0.1678527,0,1.6490427,1.5284746885299683,1.2041138,0.24187224,15,0.3854641020298004
sequential,ov,0.4,0.3,0.77,4,rrg,75,0.34388793,0.31751588,0.12269191,10,0.6666667,0.47140452,0,1.420029,1.5200774669647217,1.387789e-34,0.55203736,4,0.38756150007247925
sequential,ov,0.4,0.3,0.78,4,rrg,19,0.5043382,0.32740217,0.13139121,2,0.33333334,0.4714045,1,1.3226929,1.508691668510437,3.351009e-15,0.50144607,5,0.3900795578956604
sequential,ov,0.4,0.3,0.79,4,rrg,52,0.39999995,0.31585333,0.12475215,7,0.8,0.28284273,0,1.3694406,1.525633692741394,0.49056482,0.4,10,0.3852267265319824
sequential,ov,0.4,0.3,0.8,4,rrg,4,0.27817288,0.3139505,0.12553279,14,0.41938463,0.42386833,0,1.7420105,1.5283541679382324,0.5966643,0.34000632,15,0.39250147342681885
sequential,ov,0.4,0.3,0.81,4,rrg,11,0.35461646,0.3193163,0.12809004,10,0.343448,0.46441728,0,1.6380314,1.5119231939315796,0.14074503,0.44142413,6,0.40164047479629517
sequential,ov,0.4,0.3,0.82,4,rrg,66,0.4,0.3169532,0.13158272,5,0.8,0.28284273,0,1.362049,1.5053499937057495,0.45401624,0.4,12,0.39951789379119873
sequential,ov,0.4,0.3,0.83,4,rrg,67,0.3188279,0.31386784,0.13535848,10,0.33333334,0.4714045,0,1.6043795,1.5127067565917969,2.351046e-19,0.4396093,7,0.4059927463531494
sequential,ov,0.4,0.3,0.84,4,rrg,99,0.39999998,0.31443542,0.14137608,7,1.0,0.0,0,1.2602313,1.5061776638031006,0.0,0.6,1,0.40353381633758545
sequential,ov,0.4,0.3,0.85,4,rrg,36,0.42071784,0.30835447,0.14451501,4,0.8514662,0.2100586,0,1.3397537,1.5238215923309326,0.45390812,0.4307483,7,0.39000198245048523
sequential,ov,0.4,0.3,0.86,4,rrg,68,0.30792707,0.28818035,0.13118678,8,0.33333334,0.4714045,0,1.6417636,1.554918646812439,1.3446632e-09,0.4359757,6,0.38277387619018555
sequential,ov,0.4,0.3,0.87,4,rrg,39,0.46197268,0.2841715,0.13463421,1,0.6666723,0.4713966,0,1.3210871,1.5483213663101196,0.00011637876,0.5126701,4,0.3783870041370392
sequential,ov,0.4,0.3,0.88,4,rrg,40,0.34388798,0.26841924,0.12995073,6,0.6666667,0.47140452,0,1.420029,1.56680166721344,2.6270229e-28,0.5520373,3,0.36660900712013245
sequential,ov,0.4,0.3,0.89,4,rrg,72,0.4,0.2612319,0.13388872,3,1.0,0.0,0,1.2602313,1.5799654722213745,4.6185967e-34,0.6,1,0.3494744896888733
sequential,ov,0.4,0.3,0.9,4,rrg,41,0.40848598,0.24726796,0.13273926,2,0.7837278,0.3058551,0,1.3733422,1.6118905544281006,0.5168769,0.41344354,4,0.32434171438217163
sequential,ov,0.4,0.3,0.91,4,rrg,74,0.05044836,0.23120806,0.12982889,9,5.994781e-15,8.4779e-15,0,1.3131918,1.6374253034591675,5.698596e-13,0.05044836,9,0.32313239574432373
sequential,ov,0.4,0.3,0.92,4,rrg,12,0.41940534,0.25834665,0.12471633,1,0.33333334,0.4714045,0,1.4752183,1.6742963790893555,1.1258175e-33,0.4731351,2,0.36151280999183655
sequential,ov,0.4,0.3,0.93,4,rrg,76,0.13853812,0.23670384,0.118384756,5,4.11452e-27,0.0,0,1.6138134,1.7012808322906494,5.328332e-25,0.13853812,6,0.346387654542923
sequential,ov,0.4,0.3,0.94,4,rrg,46,0.11586544,0.2534133,0.120745756,5,1.6453699e-19,2.3269046e-19,0,1.7732159,1.7152624130249023,1.6840883e-17,0.11586544,6,0.38116756081581116
sequential,ov,0.4,0.3,0.95,4,rrg,47,0.24619141,0.2811537,0.11395745,4,0.33333334,0.4714045,0,1.7835784,1.7028229236602783,2.4992633e-37,0.41539717,3,0.4341880679130554
sequential,ov,0.4,0.3,0.96,4,rrg,80,0.08297108,0.2899816,0.12595066,4,0.33333334,0.4714045,0,2.156831,1.6823608875274658,2.9326306e-19,0.36099038,3,0.43885451555252075
sequential,ov,0.4,0.3,0.97,4,rrg,88,0.35698074,0.35901833,0.04585157,2,8.55147e-12,1.2093606e-11,0,1.5838519,1.524027705192566,4.9163834e-10,0.3569807,3,0.4647999107837677
sequential,ov,0.4,0.3,0.98,4,rrg,83,0.41616696,0.36004728,0.056119666,1,0.33333334,0.4714045,0,1.5000955,1.49406099319458,3.2238302e-07,0.47205564,2,0.5187065601348877
sequential,ov,0.4,0.3,0.99,4,rrg,94,0.3039312,0.3039312,0.0,1,0.6666667,0.47140452,0,1.488006,1.4880059957504272,2.1113415e-30,0.56535625,1,0.5653562545776367
sequential,mov,0.4,0.3,0.0,4,rrg,36,0.39723024,0.3972302,2.9802322e-08,1,0.39723024,0.0,0,1.8001581,1.8001582622528076,1.8001581,0.0,1,0.0
sequential,mov,0.4,0.3,0.01,4,rrg,48,0.3999568,0.39963517,0.0014550555,8,0.3999717,2.1024265e-05,0,1.7077547,1.7099004983901978,1.707745,1.4881293e-05,8,0.0024088143836706877
sequential,mov,0.4,0.3,0.02,4,rrg,42,0.40025154,0.384844,0.043832835,5,0.40108857,0.0010091384,0,1.7037381,1.739013433456421,1.705535,0.0008370181,13,0.027730664238333702
sequential,mov,0.4,0.3,0.03,4,rrg,67,0.40025064,0.3889595,0.034142554,4,0.40066418,0.0009395235,0,1.7035515,1.725865125656128,1.7048861,0.0007479489,10,0.01983850635588169
sequential,mov,0.4,0.3,0.04,4,rrg,41,0.40000007,0.3898925,0.035760913,9,0.40010682,0.00015125099,0,1.7032127,1.72499680519104,1.702978,0.00010701021,18,0.02753908932209015
sequential,mov,0.4,0.3,0.05,4,rrg,24,0.40330526,0.39762038,0.043684453,4,0.39734825,0.0043020714,0,1.7096409,1.722116231918335,1.725726,0.005957047,12,0.039264384657144547
sequential,mov,0.4,0.3,0.06,4,rrg,96,0.39999995,0.4073797,0.06575277,17,0.4014099,0.001722326,0,1.7022287,1.6894025802612305,1.701675,0.0014099578,11,0.04766707494854927
sequential,mov,0.4,0.3,0.07,4,rrg,66,0.40283507,0.38671046,0.03757507,7,0.43960294,0.06165848,0,1.693298,1.7263424396514893,1.6441861,0.045781147,9,0.04783998429775238
sequential,mov,0.4,0.3,0.08,4,rrg,65,0.40038326,0.43757305,0.08325601,14,0.40094972,0.001343192,0,1.6930606,1.636495590209961,1.6755873,0.0010775527,19,0.11154890060424805
sequential,mov,0.4,0.3,0.09,4,rrg,94,0.40039963,0.4038524,0.045299646,10,0.40234995,0.0016674954,0,1.7004709,1.6785465478897095,1.6996074,0.0022167265,17,0.06297759711742401
sequential,mov,0.4,0.3,0.1,4,rrg,39,0.53596425,0.42300195,0.0938252,3,0.22273034,0.17055875,0,1.4562745,1.6501859426498413,1.199348,0.3132339,2,0.10928239673376083
sequential,mov,0.4,0.3,0.11,4,rrg,4,0.38794968,0.41186577,0.09085319,16,0.4109782,0.13293876,0,1.7195582,1.6814829111099243,1.664487,0.11335084,9,0.1242559403181076
sequential,mov,0.4,0.3,0.12,4,rrg,64,0.4900885,0.42465505,0.09418932,5,0.1299459,0.1827484,1,1.5347737,1.6318145990371704,0.5757609,0.3601426,1,0.14539237320423126
sequential,mov,0.4,0.3,0.13,4,rrg,62,0.5350991,0.4090166,0.10930216,3,0.3186837,0.23417579,1,1.410691,1.6805986166000366,1.0096998,0.23038334,3,0.1075148731470108
sequential,mov,0.4,0.3,0.14,4,rrg,18,0.54587257,0.43770248,0.11058816,4,0.26671377,0.18859504,1,1.4094067,1.5998144149780273,1.1054271,0.2791588,4,0.14325587451457977
sequential,mov,0.4,0.3,0.15,4,rrg,78,0.56595325,0.4391295,0.10715629,4,0.23962753,0.17307593,1,1.38562,1.5920237302780151,1.1272525,0.32632574,2,0.13093653321266174
sequential,mov,0.4,0.3,0.16,4,rrg,63,0.40000007,0.42375278,0.08062114,11,0.40047374,0.0006700717,0,1.6761264,1.6267105340957642,1.6403751,0.00047385693,16,0.12333007156848907
sequential,mov,0.4,0.3,0.17,4,rrg,22,0.48770404,0.44106597,0.09524247,6,0.46662888,0.4109119,0,1.3901492,1.5984166860580444,0.5230091,0.36253023,2,0.15170887112617493
sequential,mov,0.4,0.3,0.18,4,rrg,23,0.40329215,0.40454054,0.106476024,5,0.46473217,0.08037309,0,1.6513984,1.6390345096588135,1.5767202,0.06144004,13,0.14322541654109955
sequential,mov,0.4,0.3,0.19,4,rrg,46,0.41312584,0.41677618,0.098217905,5,0.29458776,0.1771696,0,1.6412139,1.6412982940673828,1.2452643,0.13261615,8,0.12408982217311859
sequential,mov,0.4,0.3,0.2,4,rrg,3,0.45771402,0.41618457,0.060531214,3,0.2562063,0.18181387,1,1.5903571,1.6518487930297852,1.1860541,0.20150769,4,0.1030719131231308
sequential,mov,0.4,0.3,0.21,4,rrg,99,0.39999995,0.43301392,0.10730122,16,0.5381264,0.101466745,0,1.5783669,1.5739589929580688,1.3607368,0.13812648,11,0.17451155185699463
sequential,mov,0.4,0.3,0.22,4,rrg,92,0.48030293,0.4286295,0.110132225,5,0.3766838,0.29684573,1,1.4701428,1.6160967350006104,0.87486553,0.26709643,6,0.17385351657867432
sequential,mov,0.4,0.3,0.23,4,rrg,95,0.4,0.416404,0.09862161,12,0.4,4.2146848e-08,0,1.6465715,1.6547645330429077,1.5731367,3.973643e-08,20,0.12912732362747192
sequential,mov,0.4,0.3,0.24,4,rrg,89,0.40000004,0.3954961,0.08155602,11,0.4000012,1.6858739e-06,0,1.6664764,1.6843345165252686,1.6185547,1.202027e-06,20,0.13502857089042664
sequential,mov,0.4,0.3,0.25,4,rrg,40,0.3877391,0.40612927,0.06622677,16,0.47236824,0.40836176,0,1.495582,1.6373409032821655,0.5764154,0.33963943,3,0.15288157761096954
sequential,mov,0.4,0.3,0.26,4,rrg,69,0.3856339,0.42272264,0.09748352,16,0.3534924,0.077532314,0,1.7904662,1.6506487131118774,1.8151976,0.06230126,14,0.13430316746234894
sequential,mov,0.4,0.3,0.27,4,rrg,9,0.4241561,0.4145894,0.1050239,4,0.47585782,0.40966257,0,1.3733319,1.613494873046875,0.5360308,0.33445165,3,0.19564732909202576
sequential,mov,0.4,0.3,0.28,4,rrg,13,0.5900155,0.41411018,0.0660607,1,0.2626897,0.18581352,1,1.3067482,1.6679573059082031,1.022755,0.32732576,1,0.10689200460910797
sequential,mov,0.4,0.3,0.29,4,rrg,86,0.5288514,0.44700927,0.09483474,5,0.26927745,0.18660745,1,1.4298621,1.57832932472229,1.0796429,0.25957397,6,0.16284850239753723
sequential,mov,0.4,0.3,0.3,4,rrg,33,0.44983706,0.42176118,0.11846536,3,0.6053149,0.27909264,0,1.4659624,1.5818527936935425,1.0807917,0.21129741,8,0.19804500043392181
sequential,mov,0.4,0.3,0.31,4,rrg,58,0.4622209,0.43094912,0.09188986,6,0.2523547,0.18207791,0,1.594431,1.6040456295013428,1.1760612,0.20986617,8,0.17682203650474548
sequential,mov,0.4,0.3,0.32,4,rrg,50,0.5111057,0.43582964,0.08612648,5,0.1402918,0.1869936,0,1.5007268,1.5820302963256836,0.6174282,0.37081394,2,0.21699246764183044
sequential,mov,0.4,0.3,0.33,4,rrg,43,0.515849,0.47984344,0.12727393,7,0.4652522,0.4111952,1,1.3594066,1.467586874961853,0.5589426,0.37336412,5,0.26463425159454346
sequential,mov,0.4,0.3,0.34,4,rrg,54,0.51731014,0.46019086,0.12760815,6,0.15125327,0.21388724,1,1.454524,1.5247225761413574,0.5367695,0.3660569,5,0.24310067296028137
sequential,mov,0.4,0.3,0.35,4,rrg,44,0.5090654,0.4116013,0.11488261,3,0.14045615,0.19863279,1,1.4624738,1.606147050857544,0.53423154,0.36860922,5,0.22247791290283203
sequential,mov,0.4,0.3,0.36,4,rrg,27,0.3912576,0.41835952,0.1306124,14,0.4808024,0.40915003,0,1.4702364,1.5902142524719238,0.53851426,0.35038316,6,0.21146440505981445
sequential,mov,0.4,0.3,0.37,4,rrg,32,0.5431806,0.4138991,0.10153389,4,0.27595904,0.1803922,1,1.4247853,1.6061477661132812,1.1815351,0.26722154,7,0.23121409118175507
sequential,mov,0.4,0.3,0.38,4,rrg,91,0.49916193,0.42573023,0.09024174,4,0.27461514,0.19433904,1,1.4853494,1.5802900791168213,1.1035562,0.22454679,9,0.19614696502685547
sequential,mov,0.4,0.3,0.39,4,rrg,98,0.40234873,0.43525037,0.14256811,8,0.5821931,0.25148547,0,1.5831348,1.5512969493865967,1.1726527,0.1804651,13,0.25911980867385864
sequential,mov,0.4,0.3,0.4,4,rrg,83,0.49015746,0.42640534,0.17215626,4,0.2602406,0.18427348,0,1.4883176,1.5429505109786987,1.0620736,0.22991686,8,0.24297794699668884
sequential,mov,0.4,0.3,0.41,4,rrg,0,0.61193204,0.43845788,0.16775492,3,0.11265987,0.15932512,1,1.2980622,1.516757607460022,0.60562104,0.4992722,3,0.24960282444953918
sequential,mov,0.4,0.3,0.42,4,rrg,1,0.42948285,0.41629848,0.17184809,4,0.58350873,0.29494137,0,1.5061785,1.5747708082199097,1.1039525,0.2263189,8,0.21666249632835388
sequential,mov,0.4,0.3,0.43,4,rrg,61,0.5191465,0.42602533,0.16998984,4,0.25926724,0.18356052,0,1.459224,1.5431797504425049,1.1186544,0.25987923,9,0.27875861525535583
sequential,mov,0.4,0.3,0.44,4,rrg,11,0.371044,0.45545197,0.18104422,14,0.13342239,0.18868777,0,1.688795,1.5048575401306152,0.56837,0.2571037,9,0.28622883558273315
sequential,mov,0.4,0.3,0.45,4,rrg,10,0.5282018,0.42801937,0.17319562,4,0.24417453,0.18149483,1,1.4738758,1.5723155736923218,1.1841917,0.2840273,7,0.23727640509605408
sequential,mov,0.4,0.3,0.46,4,rrg,90,0.31443796,0.4372317,0.16564214,18,0.44764817,0.4149014,0,1.6993107,1.5143940448760986,0.6076494,0.34283552,6,0.2474503219127655
sequential,mov,0.4,0.3,0.47,4,rrg,93,0.4086755,0.40421906,0.16134696,7,0.38079843,0.13401845,0,1.7443795,1.5658023357391357,1.754376,0.13394092,16,0.26874229311943054
sequential,mov,0.4,0.3,0.48,4,rrg,12,0.41789523,0.42517525,0.1457655,7,0.49831295,0.11203766,0,1.6008682,1.5875098705291748,1.458478,0.097754724,17,0.25369375944137573
sequential,mov,0.4,0.3,0.49,4,rrg,6,0.2393542,0.4076295,0.18615289,18,0.11256903,0.14831412,0,1.85637,1.566712498664856,0.68445516,0.18196492,11,0.25693297386169434
sequential,mov,0.4,0.3,0.5,4,rrg,20,0.4161951,0.40014973,0.13452908,7,0.39211893,0.013986985,0,1.6879334,1.5470976829528809,1.6916758,0.024076134,18,0.29121044278144836
sequential,mov,0.4,0.3,0.51,4,rrg,26,0.39985797,0.4586894,0.22567661,11,0.15967415,0.20935257,1,1.646007,1.4429634809494019,0.61533815,0.27723178,8,0.31145769357681274
sequential,mov,0.4,0.3,0.52,4,rrg,71,0.39550203,0.37709934,0.1615096,6,0.33858892,0.08079318,0,1.7989867,1.5906689167022705,1.7932104,0.06200317,19,0.2932543158531189
sequential,mov,0.4,0.3,0.53,4,rrg,8,0.43225443,0.43875998,0.1202063,7,0.5485551,0.32448298,1,1.5498221,1.5230205059051514,1.1822978,0.26219642,13,0.28561389446258545
sequential,mov,0.4,0.3,0.54,4,rrg,57,0.39111623,0.4040324,0.18958008,6,0.24638003,0.17946787,0,1.6851366,1.5593459606170654,1.0829448,0.16563864,15,0.32916125655174255
sequential,mov,0.4,0.3,0.55,4,rrg,45,0.2621819,0.4711,0.21473895,18,0.53155714,0.40921858,0,1.7579674,1.392921805381775,0.44950834,0.44416317,7,0.3784583806991577
sequential,mov,0.4,0.3,0.56,4,rrg,30,0.2815362,0.41674775,0.18674739,17,0.21407592,0.16551284,0,1.8753659,1.4955947399139404,1.1231413,0.14849736,17,0.3404504060745239
sequential,mov,0.4,0.3,0.57,4,rrg,47,0.28227115,0.43237716,0.18766749,17,0.1382495,0.17411086,0,1.842786,1.4533864259719849,0.6671746,0.21172862,15,0.36724942922592163
sequential,mov,0.4,0.3,0.58,4,rrg,2,0.2596193,0.41458374,0.17834042,18,0.538616,0.41186887,1,1.7593011,1.4866673946380615,0.421985,0.45205495,5,0.3510567545890808
sequential,mov,0.4,0.3,0.59,4,rrg,17,0.426923,0.46680704,0.21050698,8,0.60325557,0.28054225,0,1.4798721,1.4303075075149536,1.1073269,0.2057188,13,0.3197738528251648
sequential,mov,0.4,0.3,0.6,4,rrg,29,0.9999989,0.4768994,0.22574812,1,0.18879783,0.13558137,1,1.8157105e-05,1.3634923696517944,1.086536,0.8112011,1,0.3985315263271332
sequential,mov,0.4,0.3,0.61,4,rrg,7,0.2905115,0.4411021,0.18993156,16,0.14737763,0.20842342,1,1.8314698,1.4586626291275024,0.5364023,0.24421477,14,0.3436287045478821
sequential,mov,0.4,0.3,0.62,4,rrg,35,0.73318183,0.45184898,0.19555461,3,0.099295825,0.14042541,1,0.940441,1.420365571975708,0.53693366,0.63388604,2,0.3709809482097626
sequential,mov,0.4,0.3,0.63,4,rrg,59,0.38470927,0.482984,0.2151143,10,0.47243738,0.41010496,1,1.4931775,1.3353018760681152,0.53611284,0.34420097,13,0.37524348497390747
sequential,mov,0.4,0.3,0.64,4,rrg,5,0.49754846,0.4437707,0.18861954,6,0.27958462,0.19812463,1,1.4786685,1.4275591373443604,1.0801225,0.21796386,15,0.3684455454349518
sequential,mov,0.4,0.3,0.65,4,rrg,16,0.40000024,0.43348008,0.19426063,9,0.678668,0.24571697,1,1.4538386,1.4364104270935059,0.89220786,0.2786678,15,0.37933462858200073
sequential,mov,0.4,0.3,0.66,4,rrg,81,0.99999696,0.46226478,0.22089088,2,0.504472,0.40829727,1,4.3598164e-05,1.3497463464736938,0.456889,0.49552703,7,0.418994277715683
sequential,mov,0.4,0.3,0.67,4,rrg,49,0.72966987,0.41925463,0.18002316,2,0.11208776,0.15851602,1,0.9711189,1.461309790611267,0.55136055,0.61758214,2,0.3882119357585907
sequential,mov,0.4,0.3,0.68,4,rrg,87,0.3493955,0.41051656,0.15453736,12,0.33333334,0.4714045,0,1.5252916,1.4615333080291748,5.187935e-12,0.4497985,8,0.4073934555053711
sequential,mov,0.4,0.3,0.69,4,rrg,31,0.52149165,0.39501825,0.15624851,2,1.5836449e-19,2.239612e-19,1,1.3257588,1.464646577835083,9.20487e-18,0.52149165,6,0.3992888629436493
sequential,mov,0.4,0.3,0.7,4,rrg,21,0.26738816,0.4146536,0.20319493,17,4.0195265e-20,5.610968e-20,0,1.6255693,1.4439845085144043,2.4308913e-18,0.26738816,17,0.4047478139400482
sequential,mov,0.4,0.3,0.71,4,rrg,14,0.34388775,0.42801794,0.19422103,14,0.6666667,0.47140452,1,1.4200287,1.4259099960327148,3.6863664e-38,0.5520374,4,0.3869803547859192
sequential,mov,0.4,0.3,0.72,4,rrg,38,0.4061548,0.39916688,0.16941021,7,0.28549495,0.20192759,1,1.6059608,1.4823577404022217,0.9541299,0.15011002,19,0.37611162662506104
sequential,mov,0.4,0.3,0.73,4,rrg,79,0.36893517,0.39265543,0.1522047,10,0.666666,0.47140402,1,1.3383126,1.525254249572754,1.1412486e-05,0.5436876,3,0.3477618098258972
sequential,mov,0.4,0.3,0.74,4,rrg,76,0.15772986,0.42540836,0.19780058,20,0.17059548,0.24125846,0,1.9921832,1.4363181591033936,0.50049275,0.22317211,18,0.3812452554702759
sequential,mov,0.4,0.3,0.75,4,rrg,68,0.40293777,0.4214496,0.1855962,8,0.15417136,0.21803124,0,1.700968,1.446773648262024,0.49774483,0.28848395,15,0.3654826879501343
sequential,mov,0.4,0.3,0.76,4,rrg,73,0.32340896,0.40231648,0.19111672,14,0.45320228,0.41357797,1,1.5953321,1.4492204189300537,0.52143556,0.3453993,11,0.3645932972431183
sequential,mov,0.4,0.3,0.77,4,rrg,72,0.40001136,0.46620002,0.21926752,10,0.9999941,8.3731975e-06,0,1.2602894,1.316460132598877,8.029127e-05,0.59998274,3,0.4332900047302246
sequential,mov,0.4,0.3,0.78,4,rrg,34,0.9982209,0.45998988,0.2263706,2,0.000113333896,0.00016027833,1,0.015757313,1.3317325115203857,0.0025879208,0.9981076,1,0.41755467653274536
sequential,mov,0.4,0.3,0.79,4,rrg,19,0.3850289,0.41843122,0.19764651,9,0.5846794,0.29431713,1,1.5295655,1.4354631900787354,1.0105377,0.2208441,16,0.3634799122810364
sequential,mov,0.4,0.3,0.8,4,rrg,15,0.40040553,0.4168563,0.19809534,8,0.9741931,0.03649647,0,1.3193296,1.4258242845535278,0.12702724,0.57378757,3,0.3976942300796509
sequential,mov,0.4,0.3,0.81,4,rrg,25,0.41096056,0.41778034,0.20318997,7,0.65143424,0.26414603,1,1.4887284,1.4310122728347778,0.96536213,0.27390972,15,0.3895011842250824
sequential,mov,0.4,0.3,0.82,4,rrg,97,0.5100763,0.41777343,0.20886067,5,0.45983052,0.41218182,0,1.3754753,1.4226527214050293,0.5717631,0.37686157,11,0.406083345413208
sequential,mov,0.4,0.3,0.83,4,rrg,37,0.3669138,0.40766925,0.21520263,6,0.33313152,0.4711191,0,1.6108807,1.4346132278442383,0.0019807713,0.4554361,8,0.40893298387527466
sequential,mov,0.4,0.3,0.84,4,rrg,70,0.34520358,0.4056937,0.22465107,8,0.33333334,0.4714045,0,1.5357058,1.4336857795715332,5.708901e-14,0.4484012,8,0.40703174471855164
sequential,mov,0.4,0.3,0.85,4,rrg,74,0.14651649,0.40852994,0.23262092,15,0.061638538,0.08717006,0,1.7766132,1.4299334287643433,0.63772535,0.110477366,14,0.40589675307273865
sequential,mov,0.4,0.3,0.86,4,rrg,75,0.35118383,0.4200656,0.23844045,7,0.46949235,0.4105131,0,1.5506355,1.3932182788848877,0.45787284,0.3524311,10,0.4237641394138336
sequential,mov,0.4,0.3,0.87,4,rrg,77,0.35293177,0.41854113,0.25094575,6,0.68826073,0.44086593,1,1.4705606,1.3795318603515625,0.21921103,0.5274287,7,0.43569186329841614
sequential,mov,0.4,0.3,0.88,4,rrg,60,0.04962872,0.42354533,0.2611077,12,7.4052085e-05,0.00010472547,0,1.5869385,1.3696640729904175,0.0037853718,0.049554665,12,0.4276115894317627
sequential,mov,0.4,0.3,0.89,4,rrg,80,0.21760379,0.4575361,0.24598868,11,0.1682251,0.11988258,0,2.01003,1.3499222993850708,1.2387892,0.09569022,11,0.4619826376438141
sequential,mov,0.4,0.3,0.9,4,rrg,82,0.7838617,0.47884408,0.24794537,2,0.33333334,0.4714045,0,0.8020818,1.2705398797988892,0.0,0.5946205,2,0.5109068155288696
sequential,mov,0.4,0.3,0.91,4,rrg,51,0.2472646,0.44659504,0.24280557,8,0.33412609,0.47084495,0,1.6574988,1.3046679496765137,0.022308161,0.41496214,7,0.5011236667633057
sequential,mov,0.4,0.3,0.92,4,rrg,52,0.29168075,0.51027024,0.28210485,7,0.6666667,0.47140452,0,1.5520772,1.1464779376983643,9.247165e-25,0.5694397,2,0.5020373463630676
sequential,mov,0.4,0.3,0.93,4,rrg,84,0.2914204,0.55379665,0.29279655,7,0.33333507,0.4714033,1,1.3281953,1.0159356594085693,0.00037951977,0.43047175,5,0.49181464314460754
sequential,mov,0.4,0.3,0.94,4,rrg,85,0.99999607,0.5989716,0.29655808,1,0.33333334,0.4714045,1,5.7822224e-05,0.9551555514335632,4.3261443e-18,0.6666654,1,0.5013644099235535
sequential,mov,0.4,0.3,0.95,4,rrg,53,0.30393207,0.51914334,0.2595693,5,0.6666667,0.47140452,0,1.4880021,1.1434690952301025,6.1067196e-33,0.56535596,1,0.46809715032577515
sequential,mov,0.4,0.3,0.96,4,rrg,56,0.3438879,0.5734691,0.2652031,4,0.6666667,0.47140452,1,1.420029,1.0529242753982544,2.715806e-16,0.55203736,1,0.44346073269844055
sequential,mov,0.4,0.3,0.97,4,rrg,88,0.35700256,0.6501288,0.26549414,3,7.56397e-40,0.0,0,1.5837796,0.9291389584541321,1.2914089e-37,0.3570026,2,0.407179594039917
sequential,mov,0.4,0.3,0.98,4,rrg,28,0.5934961,0.79674137,0.20324531,2,0.33333334,0.4714045,1,1.2023709,0.6012749075889587,6.376478e-15,0.53116536,1,0.43225157260894775
sequential,mov,0.4,0.3,0.99,4,rrg,55,0.9999952,0.9999952,0.0,1,0.6666667,0.47140452,1,6.84588e-05,6.845880125183612e-05,1.0427979e-27,0.33333492,1,0.33333492279052734
sequential,c_mov,0.4,0.3,0.0,4,rrg,58,0.39723024,0.3972302,2.9802322e-08,1,0.39723024,0.0,0,1.8001581,1.8001582622528076,1.8001581,0.0,1,0.0
sequential,c_mov,0.4,0.3,0.01,4,rrg,66,0.3999568,0.39995676,5.654593e-08,4,0.39995673,9.2659185e-08,0,1.7077569,1.7073043584823608,1.7077489,6.953875e-08,5,4.967053612858763e-08
sequential,c_mov,0.4,0.3,0.02,4,rrg,6,0.39999735,0.40833753,0.036354247,9,0.39999732,3.847463e-08,0,1.7039859,1.6818479299545288,1.7039651,3.973643e-08,16,0.022614696994423866
sequential,c_mov,0.4,0.3,0.03,4,rrg,17,0.39999986,0.4344968,0.06900297,12,0.39999983,5.1619136e-08,0,1.7030212,1.6279627084732056,1.6986736,3.973643e-08,18,0.06985779106616974
sequential,c_mov,0.4,0.3,0.04,4,rrg,43,0.4,0.45202646,0.07948834,14,0.4,4.2146848e-08,1,1.6952977,1.5907655954360962,1.6842003,3.973643e-08,16,0.09774724394083023
sequential,c_mov,0.4,0.3,0.05,4,rrg,9,0.40000007,0.40870148,0.03792876,3,0.4,4.2146848e-08,0,1.6959027,1.6646957397460938,1.687611,5.9604645e-08,9,0.038631632924079895
sequential,c_mov,0.4,0.3,0.06,4,rrg,4,0.4,0.41750398,0.05251202,7,0.40000007,0.0,0,1.6958308,1.6518595218658447,1.6870035,5.9604645e-08,12,0.042504917830228806
sequential,c_mov,0.4,0.3,0.07,4,rrg,47,0.40000007,0.43498343,0.06996699,6,0.4583484,0.08251704,0,1.635088,1.60024094581604,1.522076,0.05834837,11,0.09496501833200455
sequential,c_mov,0.4,0.3,0.08,4,rrg,27,0.40000007,0.4629423,0.09100314,9,0.4,1.7206379e-08,0,1.7012246,1.552519679069519,1.6965437,6.953875e-08,16,0.13292396068572998
sequential,c_mov,0.4,0.3,0.09,4,rrg,71,0.39999995,0.44208837,0.073205724,16,0.4,4.2146848e-08,0,1.6876401,1.5927741527557373,1.6655382,7.947286e-08,12,0.0890805721282959
sequential,c_mov,0.4,0.3,0.1,4,rrg,45,0.39999995,0.44862756,0.07501325,16,0.44226488,0.05977165,0,1.6796346,1.5799955129623413,1.6041254,0.04226495,14,0.11324498802423477
sequential,c_mov,0.4,0.3,0.11,4,rrg,15,0.4,0.45164028,0.09487058,10,0.4,3.847463e-08,0,1.6808872,1.567091703414917,1.6545658,2.9802322e-08,18,0.11337077617645264
sequential,c_mov,0.4,0.3,0.12,4,rrg,13,0.39999998,0.48203135,0.09776861,15,0.4,4.2146848e-08,1,1.6868304,1.5075595378875732,1.6670185,4.9670536e-08,17,0.16077207028865814
sequential,c_mov,0.4,0.3,0.13,4,rrg,79,0.4,0.467089,0.082557574,12,0.5653515,0.013708993,1,1.5752149,1.5332729816436768,1.353972,0.1653515,9,0.13798800110816956
sequential,c_mov,0.4,0.3,0.14,4,rrg,56,0.39999998,0.46132952,0.07553073,13,0.45834836,0.08251701,1,1.6446457,1.5347703695297241,1.5511657,0.0583484,13,0.14601953327655792
sequential,c_mov,0.4,0.3,0.15,4,rrg,54,0.40000004,0.4569091,0.07801826,8,0.45834836,0.08251716,1,1.655809,1.5409772396087646,1.5712196,0.058348488,11,0.14432212710380554
sequential,c_mov,0.4,0.3,0.16,4,rrg,44,0.40000007,0.45981175,0.08173173,8,0.4583478,0.082516156,1,1.647921,1.5278968811035156,1.5400449,0.05834776,16,0.14687661826610565
sequential,c_mov,0.4,0.3,0.17,4,rrg,10,0.40000007,0.46856394,0.08419344,9,0.44865474,0.06880821,1,1.6643369,1.5161105394363403,1.5939113,0.048654784,15,0.15734532475471497
sequential,c_mov,0.4,0.3,0.18,4,rrg,7,0.39999998,0.49021348,0.110819414,15,0.45834842,0.08251706,1,1.6464962,1.4660316705703735,1.5476114,0.058348447,13,0.1903509944677353
sequential,c_mov,0.4,0.3,0.19,4,rrg,77,0.40000004,0.49045867,0.08247803,13,0.45834848,0.08251716,1,1.643693,1.462368130683899,1.5440961,0.058348447,16,0.1934729814529419
sequential,c_mov,0.4,0.3,0.2,4,rrg,49,0.57504517,0.47646666,0.09979014,3,0.26666665,0.1885618,1,1.3531301,1.4692107439041138,1.0863088,0.30837852,4,0.20037837326526642
sequential,c_mov,0.4,0.3,0.21,4,rrg,86,0.57504517,0.46041614,0.09776397,3,0.26666665,0.1885618,1,1.3289468,1.5123975276947021,1.0128045,0.30837852,4,0.16097886860370636
sequential,c_mov,0.4,0.3,0.22,4,rrg,64,0.5330747,0.44896096,0.07537709,6,0.311238,0.22674754,1,1.4096469,1.517150640487671,1.007195,0.22226286,9,0.1683550626039505
sequential,c_mov,0.4,0.3,0.23,4,rrg,24,0.4,0.48085672,0.09694925,15,0.45834842,0.08251714,0,1.6518275,1.4375240802764893,1.565015,0.058348447,16,0.22565022110939026
sequential,c_mov,0.4,0.3,0.24,4,rrg,28,0.49905723,0.45990324,0.0897351,8,0.26666665,0.18856181,1,1.4460355,1.5059248208999634,0.9964919,0.23239058,10,0.1962895691394806
sequential,c_mov,0.4,0.3,0.25,4,rrg,21,0.40148216,0.45819655,0.07592758,9,0.46131483,0.08050155,0,1.6553105,1.461445689201355,1.5767893,0.060820807,16,0.22470355033874512
sequential,c_mov,0.4,0.3,0.26,4,rrg,34,0.4879168,0.47111326,0.11708378,8,0.107146405,0.15124005,1,1.4906596,1.4464492797851562,0.61047083,0.38077042,4,0.2544706463813782
sequential,c_mov,0.4,0.3,0.27,4,rrg,16,0.5749823,0.44581795,0.0889195,3,0.52501506,0.4097782,1,1.2466487,1.4452415704727173,0.4417931,0.33335432,7,0.2557477653026581
sequential,c_mov,0.4,0.3,0.28,4,rrg,1,0.40000007,0.4470717,0.09613357,8,0.59999996,0.28284273,0,1.5033895,1.489549994468689,1.032395,0.2,10,0.21503666043281555
sequential,c_mov,0.4,0.3,0.29,4,rrg,5,0.49967566,0.46423596,0.09708147,8,0.51217884,0.40861145,1,1.3600775,1.4777615070343018,0.46679044,0.34562024,3,0.20662513375282288
sequential,c_mov,0.4,0.3,0.3,4,rrg,59,0.5007809,0.45976052,0.08025593,8,0.32501507,0.24067447,1,1.4447323,1.477304220199585,0.9520666,0.22527535,12,0.21590539813041687
sequential,c_mov,0.4,0.3,0.31,4,rrg,32,0.5750451,0.44956526,0.07535826,2,0.6313135,0.44850096,1,1.2375199,1.479946255683899,0.16595718,0.4396318,1,0.21016184985637665
sequential,c_mov,0.4,0.3,0.32,4,rrg,91,0.4655279,0.4375975,0.10002324,5,0.3312156,0.24718761,1,1.4775383,1.5065251588821411,0.904824,0.21972485,8,0.21618863940238953
sequential,c_mov,0.4,0.3,0.33,4,rrg,41,0.39999995,0.433997,0.076148696,18,0.78030753,0.26999742,0,1.4342334,1.5307294130325317,0.5991178,0.38030759,3,0.1950952410697937
sequential,c_mov,0.4,0.3,0.34,4,rrg,39,0.46202555,0.45977253,0.09647013,7,0.46666667,0.4109609,0,1.4289366,1.4816515445709229,0.53806776,0.35400853,6,0.21310527622699738
sequential,c_mov,0.4,0.3,0.35,4,rrg,33,0.39999995,0.43262807,0.085061766,15,0.8,0.2828427,0,1.3808142,1.5475587844848633,0.54215854,0.40000007,2,0.19447027146816254
sequential,c_mov,0.4,0.3,0.36,4,rrg,96,0.39999998,0.43973216,0.07343456,19,0.61064345,0.2756251,0,1.5044286,1.4810236692428589,1.0174972,0.21064346,13,0.22774755954742432
sequential,c_mov,0.4,0.3,0.37,4,rrg,19,0.46524337,0.45178825,0.07254987,8,0.47013578,0.41042703,1,1.4274321,1.482649564743042,0.55727595,0.35161188,7,0.24070200324058533
sequential,c_mov,0.4,0.3,0.38,4,rrg,85,0.5935528,0.45509082,0.07324895,1,0.52501506,0.4097782,1,1.2137599,1.4631190299987793,0.43575883,0.33950257,5,0.22770008444786072
sequential,c_mov,0.4,0.3,0.39,4,rrg,95,0.4620253,0.45636815,0.088765755,9,0.46666667,0.4109609,0,1.4156991,1.5113651752471924,0.49507308,0.35400844,6,0.22932107746601105
sequential,c_mov,0.4,0.3,0.4,4,rrg,92,0.49174833,0.43071255,0.07355146,5,0.52508515,0.40968853,1,1.3685018,1.5496224164962769,0.44507805,0.36102903,3,0.2016448676586151
sequential,c_mov,0.4,0.3,0.41,4,rrg,37,0.40764803,0.45505017,0.10056952,10,0.5718194,0.3041806,0,1.5349125,1.4855577945709229,1.1546673,0.23003364,11,0.23850147426128387
sequential,c_mov,0.4,0.3,0.42,4,rrg,8,0.55952567,0.45326257,0.073701665,3,0.45651188,0.41285482,1,1.2959986,1.4827008247375488,0.54343015,0.3966633,2,0.23233625292778015
sequential,c_mov,0.4,0.3,0.43,4,rrg,78,0.5312498,0.42713585,0.08725556,6,0.26666668,0.18856183,1,1.3956474,1.5391424894332886,0.99202925,0.26458314,7,0.2381695806980133
sequential,c_mov,0.4,0.3,0.44,4,rrg,99,0.40657744,0.44745523,0.08946063,9,0.8152671,0.2612518,0,1.3710188,1.4815590381622314,0.541768,0.40868962,3,0.2507093846797943
sequential,c_mov,0.4,0.3,0.45,4,rrg,3,0.49685526,0.4503335,0.10219046,5,0.26666662,0.18856177,1,1.4865499,1.489366888999939,1.0998416,0.23018865,11,0.23755916953086853
sequential,c_mov,0.4,0.3,0.46,4,rrg,48,0.4942171,0.45504776,0.08573117,8,0.33349237,0.24359652,0,1.4622209,1.4736276865005493,0.98633575,0.2146101,14,0.2656944990158081
sequential,c_mov,0.4,0.3,0.47,4,rrg,62,0.52525985,0.4458681,0.07473232,5,0.13710026,0.19388904,1,1.3479357,1.5051156282424927,0.5434989,0.3881596,7,0.21382315456867218
sequential,c_mov,0.4,0.3,0.48,4,rrg,81,0.5462889,0.42984238,0.1255029,5,0.51852465,0.409088,1,1.2942972,1.5295066833496094,0.45371225,0.33642837,8,0.2783684730529785
sequential,c_mov,0.4,0.3,0.49,4,rrg,31,0.52093416,0.4292572,0.08703554,5,0.24306433,0.17517215,1,1.4928818,1.5045130252838135,1.1213446,0.27786985,11,0.273780882358551
sequential,c_mov,0.4,0.3,0.5,4,rrg,0,0.4015416,0.43780452,0.100895986,9,0.40024623,0.0003481681,1,1.6487898,1.5195165872573853,1.5793401,0.001295348,19,0.2328580617904663
sequential,c_mov,0.4,0.3,0.51,4,rrg,82,0.60668576,0.4136446,0.08428605,1,0.46666667,0.4109609,0,1.2100844,1.54482901096344,0.52868557,0.4022286,3,0.2611684799194336
sequential,c_mov,0.4,0.3,0.52,4,rrg,53,0.39999998,0.42500448,0.086150795,13,0.6510556,0.2545407,0,1.4881073,1.5002453327178955,0.9827315,0.2510556,12,0.2913798391819
sequential,c_mov,0.4,0.3,0.53,4,rrg,35,0.69700843,0.430301,0.118443824,2,0.13333334,0.1885618,1,1.0192777,1.5296213626861572,0.47982576,0.5636751,1,0.2716904282569885
sequential,c_mov,0.4,0.3,0.54,4,rrg,57,0.4162403,0.40350157,0.098918706,5,0.393747,0.0088430615,0,1.6702511,1.603589415550232,1.6531938,0.022493303,17,0.2122906744480133
sequential,c_mov,0.4,0.3,0.55,4,rrg,93,0.30889463,0.3842205,0.111058384,15,0.18700294,0.13339199,0,1.9902492,1.5647900104522705,1.3562026,0.1218917,18,0.32107675075531006
sequential,c_mov,0.4,0.3,0.56,4,rrg,55,0.74683493,0.40575108,0.14081684,1,0.420786,0.42333958,1,0.92734396,1.5168176889419556,0.6205228,0.49482563,4,0.33388572931289673
sequential,c_mov,0.4,0.3,0.57,4,rrg,36,0.39394644,0.3535924,0.0963314,10,0.61608773,0.2780054,0,1.5288566,1.639121413230896,1.0809004,0.25095782,13,0.2702813446521759
sequential,c_mov,0.4,0.3,0.58,4,rrg,23,0.4000007,0.38226625,0.11591365,8,0.80045223,0.28220314,0,1.3800362,1.571671724319458,0.53624165,0.40045157,5,0.33222323656082153
sequential,c_mov,0.4,0.3,0.59,4,rrg,25,0.39999992,0.34043127,0.08727045,6,0.79999995,0.28284276,1,1.3691806,1.6494935750961304,0.4913288,0.40000007,7,0.3157476484775543
sequential,c_mov,0.4,0.3,0.6,4,rrg,2,0.2610342,0.36673498,0.1173754,16,0.45715904,0.41265544,1,1.805431,1.5960519313812256,0.5929759,0.37014702,6,0.31407707929611206
sequential,c_mov,0.4,0.3,0.61,4,rrg,75,0.39999998,0.36177412,0.07596392,9,0.81442505,0.24930184,0,1.3656994,1.5458109378814697,0.50846046,0.4144251,6,0.3206295073032379
sequential,c_mov,0.4,0.3,0.62,4,rrg,50,0.6588156,0.38167155,0.111846164,1,0.06581715,0.09307951,0,1.129713,1.5815938711166382,0.68202925,0.59299845,1,0.3030790686607361
sequential,c_mov,0.4,0.3,0.63,4,rrg,87,0.35918355,0.3693429,0.08321472,13,0.5780497,0.42290685,0,1.5048006,1.560134768486023,0.33480427,0.4583219,2,0.32331177592277527
sequential,c_mov,0.4,0.3,0.64,4,rrg,46,0.36245593,0.35228714,0.10396069,12,0.2748414,0.19434159,0,1.6922494,1.6395719051361084,1.0220569,0.15402174,16,0.2767900228500366
sequential,c_mov,0.4,0.3,0.65,4,rrg,94,0.40024698,0.38663635,0.07517801,7,0.7968025,0.28736463,0,1.3837472,1.569183588027954,0.5622474,0.40311515,8,0.34859469532966614
sequential,c_mov,0.4,0.3,0.66,4,rrg,89,0.33558333,0.35494646,0.12369794,14,0.33333483,0.47140345,0,1.601267,1.6318557262420654,4.873943e-05,0.4451929,2,0.2847709059715271
sequential,c_mov,0.4,0.3,0.67,4,rrg,98,0.5034168,0.35370535,0.105188765,3,0.6666667,0.47140452,0,1.2753726,1.6191942691802979,5.689067e-31,0.49886107,1,0.3150775134563446
sequential,c_mov,0.4,0.3,0.68,4,rrg,12,0.41926965,0.3703583,0.12652838,5,0.33333334,0.4714045,0,1.4260924,1.5842634439468384,2.9547336e-18,0.4730899,2,0.3174946904182434
sequential,c_mov,0.4,0.3,0.69,4,rrg,63,0.40041167,0.3578446,0.10212149,5,0.5932997,0.28770077,0,1.4894073,1.6079601049423218,0.9820366,0.20683753,16,0.3016219139099121
sequential,c_mov,0.4,0.3,0.7,4,rrg,52,0.39999995,0.34636205,0.10598909,5,0.8206751,0.2536037,0,1.361679,1.597281813621521,0.46857274,0.42067513,5,0.3222558796405792
sequential,c_mov,0.4,0.3,0.71,4,rrg,30,0.5314969,0.35619944,0.09196005,1,0.48325297,0.40893468,0,1.3356466,1.5790879726409912,0.52529806,0.36057934,8,0.3272436857223511
sequential,c_mov,0.4,0.3,0.72,4,rrg,67,0.39843947,0.32615077,0.11029444,6,0.33333334,0.4714045,0,1.0776825,1.6543233394622803,1.018322e-21,0.46614647,3,0.31151920557022095
sequential,c_mov,0.4,0.3,0.73,4,rrg,70,0.38605046,0.34230134,0.09371754,6,0.47131225,0.41025922,0,1.4831351,1.6540148258209229,0.5079648,0.34262875,9,0.31206828355789185
sequential,c_mov,0.4,0.3,0.74,4,rrg,22,0.35407248,0.35297948,0.109481156,9,0.44340256,0.40583742,0,1.6504184,1.6307491064071655,0.7599487,0.34128824,12,0.3496395945549011
sequential,c_mov,0.4,0.3,0.75,4,rrg,69,0.60517895,0.3337252,0.12823679,1,0.09934825,0.14049964,0,1.3905109,1.671874761581421,0.59953326,0.5058307,2,0.31616681814193726
sequential,c_mov,0.4,0.3,0.76,4,rrg,76,0.21349943,0.306537,0.08943778,17,0.1388691,0.19639057,0,1.8554996,1.6813331842422485,0.54062045,0.21003558,16,0.3129662275314331
sequential,c_mov,0.4,0.3,0.77,4,rrg,83,0.4161674,0.3492039,0.16414069,4,0.33333337,0.4714045,0,1.5000948,1.6059640645980835,1.2229693e-06,0.4720558,4,0.336570680141449
sequential,c_mov,0.4,0.3,0.78,4,rrg,97,0.5107407,0.3492915,0.17416446,2,0.46003237,0.41214257,0,1.3751687,1.5747454166412354,0.5739406,0.3768812,6,0.34439897537231445
sequential,c_mov,0.4,0.3,0.79,4,rrg,29,0.9971663,0.33033544,0.17317288,1,0.084032096,0.11883934,1,0.024963247,1.6061303615570068,0.61156803,0.91313416,1,0.33403676748275757
sequential,c_mov,0.4,0.3,0.8,4,rrg,11,0.364121,0.29699183,0.08471696,4,0.33333334,0.4714045,0,1.6252855,1.6881271600723267,1.8750025e-31,0.454707,3,0.30084115266799927
sequential,c_mov,0.4,0.3,0.81,4,rrg,14,0.3530894,0.29183367,0.08727561,5,0.6666667,0.47140452,1,1.391686,1.6948204040527344,4.930191e-11,0.5489702,1,0.2941123843193054
sequential,c_mov,0.4,0.3,0.82,4,rrg,65,0.31104463,0.2879551,0.08908189,8,0.14556773,0.20586383,0,1.7998861,1.7125450372695923,0.5044408,0.24924926,13,0.280282586812973
sequential,c_mov,0.4,0.3,0.83,4,rrg,68,0.30269295,0.3136796,0.1713231,8,0.4323388,0.4193122,0,1.6739862,1.637651801109314,0.5656521,0.3352255,9,0.3069761395454407
sequential,c_mov,0.4,0.3,0.84,4,rrg,90,0.35373133,0.32205796,0.19282807,5,0.34532735,0.46315646,0,1.6193451,1.6083314418792725,0.14548297,0.43924975,4,0.3144514560699463
sequential,c_mov,0.4,0.3,0.85,4,rrg,38,0.38700458,0.3202051,0.20161629,3,0.55382305,0.3207559,1,1.5422769,1.6027387380599976,1.0806687,0.25157177,10,0.30626189708709717
sequential,c_mov,0.4,0.3,0.86,4,rrg,40,0.34389147,0.31539163,0.20828873,4,0.66658515,0.4713469,0,1.4201001,1.5997297763824463,0.0008793902,0.5519547,2,0.3347032368183136
sequential,c_mov,0.4,0.3,0.87,4,rrg,72,0.40017554,0.3132715,0.21602109,2,0.9967019,0.004664279,0,1.2736883,1.605533480644226,0.02321259,0.5965263,2,0.3291817307472229
sequential,c_mov,0.4,0.3,0.88,4,rrg,73,0.31804058,0.30605817,0.22332522,4,0.6910324,0.43694615,1,1.5983278,1.6317018270492554,0.67755413,0.53628737,2,0.30805453658103943
sequential,c_mov,0.4,0.3,0.89,4,rrg,42,0.07720764,0.30534786,0.23285572,11,0.2661843,0.37644142,0,2.0563352,1.6366137266159058,0.2632681,0.29192019,7,0.30212417244911194
sequential,c_mov,0.4,0.3,0.9,4,rrg,74,0.14651382,0.32816452,0.23220262,10,0.061636437,0.08716709,0,1.7766094,1.5945274829864502,0.637724,0.11047438,9,0.3031873106956482
sequential,c_mov,0.4,0.3,0.91,4,rrg,80,0.21760097,0.34040135,0.24277155,8,0.16822338,0.11988165,0,2.0100331,1.561664342880249,1.2387909,0.095689714,9,0.32154372334480286
sequential,c_mov,0.4,0.3,0.92,4,rrg,18,0.9999988,0.3458727,0.26136655,1,0.33333412,0.47140396,1,2.0259762e-05,1.469062089920044,2.7995558e-05,0.6666655,1,0.3591572344303131
sequential,c_mov,0.4,0.3,0.93,4,rrg,51,0.25138858,0.25039414,0.092604406,5,0.33655033,0.4691463,0,1.689302,1.667805790901184,0.07371265,0.41391256,1,0.3149597644805908
sequential,c_mov,0.4,0.3,0.94,4,rrg,20,0.26857617,0.24943762,0.10203973,3,0.447121,0.415041,0,1.7611803,1.649727463722229,0.5368211,0.3575956,3,0.29797324538230896
sequential,c_mov,0.4,0.3,0.95,4,rrg,84,0.26858166,0.25519723,0.11144572,3,0.33336198,0.47138426,1,1.5209957,1.5660710334777832,0.004596102,0.4228319,2,0.3049736022949219
sequential,c_mov,0.4,0.3,0.96,4,rrg,88,0.35863715,0.25180596,0.12439608,1,2.2463815e-20,3.176863e-20,0,1.5783757,1.5720487833023071,3.0235817e-18,0.35863718,2,0.27711066603660583
sequential,c_mov,0.4,0.3,0.97,4,rrg,26,0.34513867,0.21636902,0.12496234,1,0.33348298,0.47129875,1,1.5372412,1.5653963088989258,0.004076431,0.4482299,1,0.25073274970054626
sequential,c_mov,0.4,0.3,0.98,4,rrg,60,0.0471613,0.15198258,0.10482127,2,1.807179e-08,2.5557368e-08,0,1.5714215,1.5794551372528076,1.7500093e-06,0.04716128,2,0.15198256075382233
sequential,c_mov,0.4,0.3,0.99,4,rrg,61,0.25680384,0.25680384,0.0,1,1.4545027e-21,2.0568228e-21,0,1.5874887,1.5874886512756348,2.7359252e-19,0.25680384,1,0.25680384039878845
