method,metric,graph,rho,delta,lambda,sim,O,MO,O_tilde,MO_tilde,SE,MSE,rank,precision,recall,f1
path_weight,N/A,rrg,0.0,0.05,0.3,0,0.95,0.95000243,0.0,0.0,10.812961617315922,14.239043,,,,
path_weight,N/A,rrg,0.1,0.05,0.3,0,0.96,0.9536321,0.2,0.17740497,9.698099882617074,10.7740755,,,,
path_weight,N/A,rrg,0.2,0.05,0.3,0,0.97,0.97162247,0.4,0.4134141,8.622634232003511,9.40992,,,,
path_weight,N/A,rrg,0.30000000000000004,0.05,0.3,0,0.97,0.95741445,0.4,0.31956238,4.202478452784977,6.792812,,,,
path_weight,N/A,rrg,0.4,0.05,0.3,0,0.98,0.9752855,0.6,0.54829973,3.5554368578523308,4.9097404,,,,
path_weight,N/A,rrg,0.5,0.05,0.3,0,0.99,0.98076844,0.8,0.6753145,1.5203821348481645,4.107548,,,,
path_weight,N/A,rrg,0.6000000000000001,0.05,0.3,0,1.0,0.99515474,1.0,0.91165495,0.9510906123528816,2.1895878,,,,
path_weight,N/A,rrg,0.7000000000000001,0.05,0.3,0,1.0,0.9979092,1.0,0.95986134,0.6279506218851248,1.4181623,,,,
path_weight,N/A,rrg,0.8,0.05,0.3,0,1.0,0.99930376,1.0,0.9862653,0.33550891566730867,0.6809537,,,,
path_weight,N/A,rrg,0.9,0.05,0.3,0,1.0,0.9999385,1.0,0.9987709,0.1582231229409714,0.2519638,,,,
path_weight,N/A,rrg,1.0,0.05,0.3,0,1.0,0.9999614,1.0,0.9992271,6.094223719206039e-05,0.033881668,,,,
path_weight,N/A,rrg,0.0,0.1,0.3,0,0.9,0.9000016,0.0,0.0,9.565720863095194,10.7081995,,,,
path_weight,N/A,rrg,0.1,0.1,0.3,0,0.91,0.9038925,0.10000000000000012,0.09424398,8.245718082655792,8.085697,,,,
path_weight,N/A,rrg,0.2,0.1,0.3,0,0.95,0.9151755,0.49999999999999944,0.3708361,6.7137073706601225,5.9935718,,,,
path_weight,N/A,rrg,0.30000000000000004,0.1,0.3,0,0.95,0.92680573,0.49999999999999944,0.40585276,6.7533680986650415,5.3362813,,,,
path_weight,N/A,rrg,0.4,0.1,0.3,0,0.96,0.9474408,0.5999999999999995,0.53303033,5.182648679575484,4.463584,,,,
path_weight,N/A,rrg,0.5,0.1,0.3,0,0.97,0.9573234,0.6999999999999996,0.6258325,4.622724159401555,3.1328754,,,,
path_weight,N/A,rrg,0.6000000000000001,0.1,0.3,0,0.98,0.9707244,0.7999999999999998,0.73207784,3.7332198028223695,2.3610253,,,,
path_weight,N/A,rrg,0.7000000000000001,0.1,0.3,0,0.98,0.97844803,0.7999999999999998,0.7877437,3.5613317987482946,1.7056754,,,,
path_weight,N/A,rrg,0.8,0.1,0.3,0,1.0,0.98849076,1.0,0.89677155,1.7354361951984658,1.0304439,,,,
path_weight,N/A,rrg,0.9,0.1,0.3,0,1.0,0.9974799,1.0,0.97541124,0.10906927366038359,0.3356973,,,,
path_weight,N/A,rrg,1.0,0.1,0.3,0,1.0,0.9999494,1.0,0.9994938,2.675351219850757e-05,0.03764824,,,,
path_weight,N/A,rrg,0.0,0.2,0.3,0,0.82,0.80000967,0.0,0.0,5.38775208945581,6.836265,,,,
path_weight,N/A,rrg,0.1,0.2,0.3,0,0.84,0.8195714,0.11111111111111117,0.09977562,4.671196975523936,5.5739155,,,,
path_weight,N/A,rrg,0.2,0.2,0.3,0,0.85,0.85841006,0.16666666666666677,0.17483042,4.168056837336394,5.243263,,,,
path_weight,N/A,rrg,0.30000000000000004,0.2,0.3,0,0.86,0.8684998,0.22222222222222235,0.23322427,3.4416414267281703,4.262333,,,,
path_weight,N/A,rrg,0.4,0.2,0.3,0,0.86,0.8924083,0.22222222222222235,0.33376676,2.7206097891136913,3.5504522,,,,
path_weight,N/A,rrg,0.5,0.2,0.3,0,0.89,0.91037005,0.3888888888888891,0.4615169,1.9439519199364446,2.4925675,,,,
path_weight,N/A,rrg,0.6000000000000001,0.2,0.3,0,0.94,0.93543845,0.6666666666666664,0.6501205,1.4028911750739659,1.8383536,,,,
path_weight,N/A,rrg,0.7000000000000001,0.2,0.3,0,0.96,0.9488137,0.7777777777777777,0.732154,0.8758970303748691,1.1423812,,,,
path_weight,N/A,rrg,0.8,0.2,0.3,0,0.97,0.9630245,0.8333333333333333,0.8021555,0.5716245808751136,0.79492617,,,,
path_weight,N/A,rrg,0.9,0.2,0.3,0,0.98,0.98152274,0.8888888888888888,0.89637274,0.1655153699220953,0.41008332,,,,
path_weight,N/A,rrg,1.0,0.2,0.3,0,1.0,0.9998986,1.0,0.9994365,4.403706169291692e-05,0.04733011,,,,
path_weight,N/A,rrg,0.0,0.3,0.3,0,0.72,0.70003074,0.0,0.0,3.862110531816725,4.7643957,,,,
path_weight,N/A,rrg,0.1,0.3,0.3,0,0.74,0.73306334,0.07142857142857148,0.086803965,2.9776724896609226,3.9814565,,,,
path_weight,N/A,rrg,0.2,0.3,0.3,0,0.77,0.76853675,0.17857142857142871,0.19341871,2.730564751961252,3.35328,,,,
path_weight,N/A,rrg,0.30000000000000004,0.3,0.3,0,0.81,0.7995578,0.3214285714285717,0.30972326,2.1699949752651917,2.7972066,,,,
path_weight,N/A,rrg,0.4,0.3,0.3,0,0.82,0.8361114,0.35714285714285704,0.37880096,1.4831606733484681,2.501888,,,,
path_weight,N/A,rrg,0.5,0.3,0.3,0,0.86,0.86878496,0.5,0.48841104,1.2791001975686118,2.0083282,,,,
path_weight,N/A,rrg,0.6000000000000001,0.3,0.3,0,0.88,0.8976681,0.5714285714285715,0.5867176,0.9701216876408836,1.5019146,,,,
path_weight,N/A,rrg,0.7000000000000001,0.3,0.3,0,0.89,0.9183107,0.6071428571428572,0.6928176,0.6614968495221928,0.9264986,,,,
path_weight,N/A,rrg,0.8,0.3,0.3,0,0.93,0.950997,0.7500000000000002,0.81067306,0.4931518398011173,0.6101122,,,,
path_weight,N/A,rrg,0.9,0.3,0.3,0,0.96,0.973044,0.857142857142857,0.898954,0.24878538471697412,0.28964338,,,,
path_weight,N/A,rrg,1.0,0.3,0.3,0,1.0,0.99975103,1.0,0.99911016,5.72672834116339e-05,0.087340325,,,,
path_weight,N/A,rrg,0.0,0.4,0.3,0,0.59,0.6000866,0.0,0.0,3.7636226928922865,3.4515421,,,,
path_weight,N/A,rrg,0.1,0.4,0.3,0,0.62,0.64881676,0.07317073170731714,0.09607516,3.4768457677116285,3.0211608,,,,
path_weight,N/A,rrg,0.2,0.4,0.3,0,0.65,0.68403304,0.14634146341463428,0.18241352,3.1489239824390056,2.637221,,,,
path_weight,N/A,rrg,0.30000000000000004,0.4,0.3,0,0.67,0.7181208,0.19512195121951234,0.2623746,2.995190754461495,2.1522746,,,,
path_weight,N/A,rrg,0.4,0.4,0.3,0,0.73,0.75440127,0.34146341463414637,0.3949605,2.540048905791432,1.7155057,,,,
path_weight,N/A,rrg,0.5,0.4,0.3,0,0.77,0.80055726,0.43902439024390255,0.5016122,1.9077021889530577,1.5295197,,,,
path_weight,N/A,rrg,0.6000000000000001,0.4,0.3,0,0.83,0.85077745,0.5853658536585366,0.6266458,1.476130939325334,1.2543591,,,,
path_weight,N/A,rrg,0.7000000000000001,0.4,0.3,0,0.87,0.8847374,0.6829268292682927,0.71587956,1.0443007327137286,0.8495538,,,,
path_weight,N/A,rrg,0.8,0.4,0.3,0,0.92,0.9266626,0.804878048780488,0.82315767,0.34463015452586787,0.61376876,,,,
path_weight,N/A,rrg,0.9,0.4,0.3,0,0.94,0.9577171,0.8536585365853657,0.89767253,0.08498334456528031,0.26907384,,,,
path_weight,N/A,rrg,1.0,0.4,0.3,0,1.0,0.9996447,1.0,0.99913275,8.217422956842116e-05,0.10850713,,,,
path_weight,N/A,rrg,0.0,0.05,0.3,1,0.95,0.95000243,0.0,0.0,14.185858288611088,14.239043,,,,
path_weight,N/A,rrg,0.1,0.05,0.3,1,0.96,0.969528,0.2,0.24708435,9.825458516563065,10.99797,,,,
path_weight,N/A,rrg,0.2,0.05,0.3,1,0.97,0.9748889,0.4,0.44334984,8.817434306054313,8.231514,,,,
path_weight,N/A,rrg,0.30000000000000004,0.05,0.3,1,0.98,0.98621786,0.6,0.68521065,5.940452608673765,6.045286,,,,
path_weight,N/A,rrg,0.4,0.05,0.3,1,0.99,0.99127257,0.8,0.82089007,4.641057089992148,4.84755,,,,
path_weight,N/A,rrg,0.5,0.05,0.3,1,0.98,0.9868388,0.6,0.7552596,2.389105858094628,3.5615177,,,,
path_weight,N/A,rrg,0.6000000000000001,0.05,0.3,1,1.0,0.9983382,1.0,0.9678334,1.539889247810596,2.245745,,,,
path_weight,N/A,rrg,0.7000000000000001,0.05,0.3,1,1.0,0.998645,1.0,0.97361493,0.7372341921276727,1.3535836,,,,
path_weight,N/A,rrg,0.8,0.05,0.3,1,1.0,0.9992063,1.0,0.9843735,0.4178912062994954,0.6447219,,,,
path_weight,N/A,rrg,0.9,0.05,0.3,1,1.0,0.9999142,1.0,0.99828696,0.13263665846194667,0.21485172,,,,
path_weight,N/A,rrg,1.0,0.05,0.3,1,1.0,0.9999714,1.0,0.99942774,9.190878307311727e-06,0.022896845,,,,
path_weight,N/A,rrg,0.0,0.1,0.3,1,0.95,0.9000016,0.0,0.0,18.715981669178873,10.7081995,,,,
path_weight,N/A,rrg,0.1,0.1,0.3,1,0.96,0.9182954,0.2,0.10904104,16.26371063249227,8.911444,,,,
path_weight,N/A,rrg,0.2,0.1,0.3,1,0.96,0.9508124,0.2,0.16895501,10.71955958883687,8.626779,,,,
path_weight,N/A,rrg,0.30000000000000004,0.1,0.3,1,0.96,0.9465293,0.2,0.15755296,10.770598695433641,6.4250207,,,,
path_weight,N/A,rrg,0.4,0.1,0.3,1,0.97,0.9531138,0.4,0.29901385,9.793707255950983,4.773804,,,,
path_weight,N/A,rrg,0.5,0.1,0.3,1,0.98,0.966665,0.6,0.47367075,7.4436254660540415,3.970347,,,,
path_weight,N/A,rrg,0.6000000000000001,0.1,0.3,1,0.98,0.97091436,0.6,0.5077374,5.916066636623459,2.3264933,,,,
path_weight,N/A,rrg,0.7000000000000001,0.1,0.3,1,0.99,0.9875856,0.8,0.7631484,1.9319619181224181,2.1455393,,,,
path_weight,N/A,rrg,0.8,0.1,0.3,1,1.0,0.99901915,1.0,0.98075825,0.5740456655394175,1.1596287,,,,
path_weight,N/A,rrg,0.9,0.1,0.3,1,1.0,0.99981046,1.0,0.9962232,0.3033455133103103,0.59711266,,,,
path_weight,N/A,rrg,1.0,0.1,0.3,1,1.0,0.9999875,1.0,0.99974966,8.620003118026554e-05,0.037812456,,,,
path_weight,N/A,rrg,0.0,0.2,0.3,1,0.85,0.80000967,0.0,0.0,4.905788001969543,6.836265,,,,
path_weight,N/A,rrg,0.1,0.2,0.3,1,0.86,0.8296944,0.06666666666666672,0.055460405,4.007899318149622,6.252025,,,,
path_weight,N/A,rrg,0.2,0.2,0.3,1,0.88,0.8565567,0.20000000000000015,0.17295684,3.1168095472573,5.178951,,,,
path_weight,N/A,rrg,0.30000000000000004,0.2,0.3,1,0.89,0.86154884,0.2666666666666669,0.22414328,2.6957573607467147,4.198912,,,,
path_weight,N/A,rrg,0.4,0.2,0.3,1,0.91,0.87883186,0.4000000000000003,0.30481172,2.4676249082704915,3.2762635,,,,
path_weight,N/A,rrg,0.5,0.2,0.3,1,0.94,0.9134082,0.5999999999999998,0.50961465,2.2606363171022785,2.8352575,,,,
path_weight,N/A,rrg,0.6000000000000001,0.2,0.3,1,0.95,0.93721575,0.6666666666666664,0.61426884,1.8010119886758824,2.2399447,,,,
path_weight,N/A,rrg,0.7000000000000001,0.2,0.3,1,0.96,0.93493813,0.7333333333333332,0.62831753,1.1678811319787363,1.2115177,,,,
path_weight,N/A,rrg,0.8,0.2,0.3,1,0.97,0.96197814,0.7999999999999998,0.7619241,0.8099680200166876,0.71918154,,,,
path_weight,N/A,rrg,0.9,0.2,0.3,1,1.0,0.9814602,1.0,0.8864503,0.261640019566787,0.36685005,,,,
path_weight,N/A,rrg,1.0,0.2,0.3,1,1.0,0.9999442,1.0,0.999628,1.1914659861686242e-05,0.03365417,,,,
path_weight,N/A,rrg,0.0,0.3,0.3,1,0.71,0.70003074,0.0,0.0,8.302692959795241,4.7643957,,,,
path_weight,N/A,rrg,0.1,0.3,0.3,1,0.75,0.7344896,0.13793103448275873,0.13090885,7.890002503814992,4.104517,,,,
path_weight,N/A,rrg,0.2,0.3,0.3,1,0.8,0.76621133,0.31034482758620713,0.277923,7.553812317907833,3.4175303,,,,
path_weight,N/A,rrg,0.30000000000000004,0.3,0.3,1,0.8,0.79436356,0.31034482758620713,0.31763428,6.044203197781949,2.7519214,,,,
path_weight,N/A,rrg,0.4,0.3,0.3,1,0.84,0.84357417,0.44827586206896547,0.47277987,3.9583432702126102,2.5727148,,,,
path_weight,N/A,rrg,0.5,0.3,0.3,1,0.89,0.87376696,0.6206896551724139,0.5876877,3.752900519765542,2.122542,,,,
path_weight,N/A,rrg,0.6000000000000001,0.3,0.3,1,0.91,0.8850841,0.6896551724137933,0.63497037,1.2680970391628714,1.4231933,,,,
path_weight,N/A,rrg,0.7000000000000001,0.3,0.3,1,0.95,0.90600866,0.8275862068965516,0.7183957,0.8964638498818874,1.0443039,,,,
path_weight,N/A,rrg,0.8,0.3,0.3,1,0.96,0.9431188,0.8620689655172413,0.8144952,0.3867883568524806,0.7902293,,,,
path_weight,N/A,rrg,0.9,0.3,0.3,1,0.98,0.9733203,0.9310344827586207,0.9099167,0.1769931541578895,0.430615,,,,
path_weight,N/A,rrg,1.0,0.3,0.3,1,1.0,0.9997081,1.0,0.9989926,0.00041339669059214506,0.08346452,,,,
path_weight,N/A,rrg,0.0,0.4,0.3,1,0.6,0.6000866,0.0,0.0,2.850403789350722,3.4515421,,,,
path_weight,N/A,rrg,0.1,0.4,0.3,1,0.64,0.6406201,0.10000000000000009,0.11634275,2.740608528516511,2.8635166,,,,
path_weight,N/A,rrg,0.2,0.4,0.3,1,0.68,0.6895179,0.20000000000000018,0.20479457,2.5087969130998204,2.671246,,,,
path_weight,N/A,rrg,0.30000000000000004,0.4,0.3,1,0.73,0.7293402,0.325,0.32432505,1.9877956238430514,2.2379014,,,,
path_weight,N/A,rrg,0.4,0.4,0.3,1,0.75,0.76693124,0.37500000000000006,0.40797243,1.8437771389210393,1.8288928,,,,
path_weight,N/A,rrg,0.5,0.4,0.3,1,0.81,0.80832654,0.5250000000000001,0.5310113,1.727888010488738,1.5241561,,,,
path_weight,N/A,rrg,0.6000000000000001,0.4,0.3,1,0.85,0.84625655,0.625,0.6256821,1.4837723577254085,1.2739811,,,,
path_weight,N/A,rrg,0.7000000000000001,0.4,0.3,1,0.89,0.8926713,0.7250000000000001,0.72890484,0.5735301447338805,0.93593866,,,,
path_weight,N/A,rrg,0.8,0.4,0.3,1,0.92,0.927574,0.8000000000000002,0.8177444,0.4830057891635886,0.5548628,,,,
path_weight,N/A,rrg,0.9,0.4,0.3,1,0.97,0.9638155,0.9249999999999999,0.9107468,0.2836597285618237,0.35147426,,,,
path_weight,N/A,rrg,1.0,0.4,0.3,1,1.0,0.99955183,1.0,0.9988785,0.00013701506959287708,0.13202907,,,,
path_weight,N/A,rrg,0.0,0.05,0.3,2,0.93,0.95000243,0.0,0.0,14.230084572638189,14.239043,,,,
path_weight,N/A,rrg,0.1,0.05,0.3,2,0.93,0.9488242,0.0,0.17585485,11.482448550126344,9.380549,,,,
path_weight,N/A,rrg,0.2,0.05,0.3,2,0.96,0.96183556,0.42857142857142766,0.44010267,9.57919530670154,7.3947453,,,,
path_weight,N/A,rrg,0.30000000000000004,0.05,0.3,2,0.96,0.97111803,0.42857142857142766,0.5094916,9.972758348988568,5.799027,,,,
path_weight,N/A,rrg,0.4,0.05,0.3,2,0.98,0.9767791,0.7142857142857139,0.6827508,6.140061274893068,4.1060033,,,,
path_weight,N/A,rrg,0.5,0.05,0.3,2,0.98,0.9792977,0.7142857142857139,0.7071847,5.513757922427578,3.3872015,,,,
path_weight,N/A,rrg,0.6000000000000001,0.05,0.3,2,0.98,0.9827845,0.7142857142857139,0.7438739,3.6817667907582194,2.5475254,,,,
path_weight,N/A,rrg,0.7000000000000001,0.05,0.3,2,0.99,0.9844436,0.8571428571428569,0.76453686,2.5943686982922163,1.5751189,,,,
path_weight,N/A,rrg,0.8,0.05,0.3,2,1.0,0.9958853,1.0,0.9444771,0.9452110058681967,0.8841705,,,,
path_weight,N/A,rrg,0.9,0.05,0.3,2,1.0,0.99921876,1.0,0.9889609,0.23905200659714684,0.3877681,,,,
path_weight,N/A,rrg,1.0,0.05,0.3,2,1.0,0.9999674,1.0,0.99953413,2.1532982443996595e-05,0.030754456,,,,
path_weight,N/A,rrg,0.0,0.1,0.3,2,0.93,0.9000016,0.0,0.0,8.757773236981302,10.7081995,,,,
path_weight,N/A,rrg,0.1,0.1,0.3,2,0.96,0.91504914,0.42857142857142766,0.26097706,6.262956402040616,8.053866,,,,
path_weight,N/A,rrg,0.2,0.1,0.3,2,0.96,0.92878306,0.42857142857142766,0.2963879,5.457446838668794,7.1714954,,,,
path_weight,N/A,rrg,0.30000000000000004,0.1,0.3,2,0.97,0.94540143,0.5714285714285707,0.4228355,4.2443538208608915,5.984612,,,,
path_weight,N/A,rrg,0.4,0.1,0.3,2,0.98,0.9525774,0.7142857142857139,0.47419757,3.635904607888552,5.0624857,,,,
path_weight,N/A,rrg,0.5,0.1,0.3,2,0.98,0.9735131,0.7142857142857139,0.6536368,2.6428983857068165,4.2068467,,,,
path_weight,N/A,rrg,0.6000000000000001,0.1,0.3,2,0.98,0.9731742,0.7142857142857139,0.65082186,1.9593410812545142,2.8723273,,,,
path_weight,N/A,rrg,0.7000000000000001,0.1,0.3,2,0.98,0.9832096,0.7142857142857139,0.74860847,1.05990935951716,1.841914,,,,
path_weight,N/A,rrg,0.8,0.1,0.3,2,0.99,0.9956389,0.8571428571428569,0.9322396,1.166900533930205,0.9221428,,,,
path_weight,N/A,rrg,0.9,0.1,0.3,2,1.0,0.99854493,1.0,0.9795932,0.5346502835295343,0.45388007,,,,
path_weight,N/A,rrg,1.0,0.1,0.3,2,1.0,0.999987,1.0,0.9998144,5.933090327529027e-06,0.022122119,,,,
path_weight,N/A,rrg,0.0,0.2,0.3,2,0.77,0.80000967,0.0,0.0,6.251978301957333,6.836265,,,,
path_weight,N/A,rrg,0.1,0.2,0.3,2,0.81,0.8175005,0.17391304347826103,0.19248341,5.722488248531691,5.106055,,,,
path_weight,N/A,rrg,0.2,0.2,0.3,2,0.85,0.8450096,0.3478260869565216,0.34040847,5.023572423180756,4.487106,,,,
path_weight,N/A,rrg,0.30000000000000004,0.2,0.3,2,0.89,0.8722441,0.5217391304347826,0.48427442,3.422906973407885,3.857181,,,,
path_weight,N/A,rrg,0.4,0.2,0.3,2,0.9,0.8934444,0.5652173913043479,0.5560484,2.844343355229446,3.279743,,,,
path_weight,N/A,rrg,0.5,0.2,0.3,2,0.93,0.9174815,0.6956521739130437,0.65968573,1.9049140510223181,2.6674218,,,,
path_weight,N/A,rrg,0.6000000000000001,0.2,0.3,2,0.95,0.9331448,0.7826086956521737,0.7291259,1.6913569697952318,2.1082146,,,,
path_weight,N/A,rrg,0.7000000000000001,0.2,0.3,2,0.97,0.9534171,0.8695652173913042,0.811052,1.0545793279540945,1.542314,,,,
path_weight,N/A,rrg,0.8,0.2,0.3,2,0.98,0.9610677,0.9130434782608695,0.8435158,0.7430162624325511,0.77347296,,,,
path_weight,N/A,rrg,0.9,0.2,0.3,2,0.99,0.9868419,0.9565217391304347,0.9434999,0.5216035138524703,0.47433993,,,,
path_weight,N/A,rrg,1.0,0.2,0.3,2,1.0,0.9998463,1.0,0.9993313,6.700980745523648e-05,0.054681137,,,,
path_weight,N/A,rrg,0.0,0.3,0.3,2,0.7,0.70003074,0.0,0.0,3.7370882539846932,4.7643957,,,,
path_weight,N/A,rrg,0.1,0.3,0.3,2,0.75,0.73588353,0.1666666666666668,0.11809161,3.296706216311062,4.0562935,,,,
path_weight,N/A,rrg,0.2,0.3,0.3,2,0.76,0.7744205,0.20000000000000015,0.21006896,2.8965283653148783,3.7952204,,,,
path_weight,N/A,rrg,0.30000000000000004,0.3,0.3,2,0.8,0.8063107,0.3333333333333336,0.3404443,2.439244351129401,3.0729053,,,,
path_weight,N/A,rrg,0.4,0.3,0.3,2,0.81,0.841302,0.3666666666666669,0.40933058,2.0953650626510187,2.7098706,,,,
path_weight,N/A,rrg,0.5,0.3,0.3,2,0.83,0.85985434,0.4333333333333333,0.48117274,2.0584546986266936,2.0644464,,,,
path_weight,N/A,rrg,0.6000000000000001,0.3,0.3,2,0.86,0.88983995,0.5333333333333333,0.60039616,1.6046827514461564,1.4949411,,,,
path_weight,N/A,rrg,0.7000000000000001,0.3,0.3,2,0.92,0.91989875,0.7333333333333335,0.7377037,1.279251735232441,1.0035647,,,,
path_weight,N/A,rrg,0.8,0.3,0.3,2,0.92,0.94868934,0.7333333333333335,0.8208255,0.5885802064511981,0.72429156,,,,
path_weight,N/A,rrg,0.9,0.3,0.3,2,0.96,0.96926343,0.8666666666666666,0.8941899,0.2751427265430602,0.40460777,,,,
path_weight,N/A,rrg,1.0,0.3,0.3,2,1.0,0.9996844,1.0,0.9989471,9.161706807430073e-05,0.103340276,,,,
path_weight,N/A,rrg,0.0,0.4,0.3,2,0.66,0.6000866,0.0,0.0,3.8927644694540233,3.4515421,,,,
path_weight,N/A,rrg,0.1,0.4,0.3,2,0.7,0.6480718,0.1176470588235292,0.102027476,3.333977752821228,3.0309396,,,,
path_weight,N/A,rrg,0.2,0.4,0.3,2,0.72,0.704003,0.17647058823529396,0.16849744,2.3380862983514836,2.892377,,,,
path_weight,N/A,rrg,0.30000000000000004,0.4,0.3,2,0.76,0.73578596,0.2941176470588235,0.27449703,1.9828097754323384,2.3817675,,,,
path_weight,N/A,rrg,0.4,0.4,0.3,2,0.78,0.7734067,0.35294117647058826,0.3650256,1.6560464551832457,1.9840732,,,,
path_weight,N/A,rrg,0.5,0.4,0.3,2,0.78,0.8177338,0.35294117647058826,0.4536147,1.1283291923596974,1.758012,,,,
path_weight,N/A,rrg,0.6000000000000001,0.4,0.3,2,0.85,0.85902196,0.5588235294117646,0.5989509,0.9884598363860237,1.3686492,,,,
path_weight,N/A,rrg,0.7000000000000001,0.4,0.3,2,0.89,0.8981026,0.6764705882352942,0.7030343,0.7576119163082465,1.09421,,,,
path_weight,N/A,rrg,0.8,0.4,0.3,2,0.93,0.9296617,0.7941176470588237,0.793209,0.5373196612187641,0.71332586,,,,
path_weight,N/A,rrg,0.9,0.4,0.3,2,0.94,0.968075,0.8235294117647057,0.8975809,0.3581968945110613,0.40555885,,,,
path_weight,N/A,rrg,1.0,0.4,0.3,2,1.0,0.99968064,1.0,0.9990599,8.594925964822336e-05,0.10132684,,,,
path_weight,N/A,rrg,0.0,0.05,0.3,3,0.91,0.95000243,0.0,0.0,15.853493462408697,14.239043,,,,
path_weight,N/A,rrg,0.1,0.05,0.3,3,0.93,0.96460557,0.2222222222222225,0.3610469,12.990208273911357,10.04776,,,,
path_weight,N/A,rrg,0.2,0.05,0.3,3,0.93,0.96905917,0.2222222222222225,0.39261284,11.993380265142711,8.817882,,,,
path_weight,N/A,rrg,0.30000000000000004,0.05,0.3,3,0.94,0.9730122,0.33333333333333254,0.5264278,7.91917383548423,6.3533287,,,,
path_weight,N/A,rrg,0.4,0.05,0.3,3,0.95,0.97201586,0.44444444444444375,0.5883716,4.879756672341492,4.038311,,,,
path_weight,N/A,rrg,0.5,0.05,0.3,3,0.95,0.97497755,0.44444444444444375,0.61517197,3.8631708748972953,3.1934757,,,,
path_weight,N/A,rrg,0.6000000000000001,0.05,0.3,3,0.95,0.97149813,0.44444444444444375,0.6395576,3.238829226052666,2.0536656,,,,
path_weight,N/A,rrg,0.7000000000000001,0.05,0.3,3,0.96,0.9796522,0.555555555555555,0.7307153,2.4436933576746545,1.6538526,,,,
path_weight,N/A,rrg,0.8,0.05,0.3,3,0.96,0.9865186,0.555555555555555,0.8238425,0.9535211255685926,0.9230858,,,,
path_weight,N/A,rrg,0.9,0.05,0.3,3,0.97,0.9913665,0.6666666666666663,0.8952566,0.445409845786358,0.29024795,,,,
path_weight,N/A,rrg,1.0,0.05,0.3,3,1.0,0.9999665,1.0,0.9996277,8.546495001163418e-06,0.024414418,,,,
path_weight,N/A,rrg,0.0,0.1,0.3,3,0.9,0.9000016,0.0,0.0,8.889781965962321,10.7081995,,,,
path_weight,N/A,rrg,0.1,0.1,0.3,3,0.92,0.91420984,0.20000000000000023,0.1890497,7.07058447675279,7.948733,,,,
path_weight,N/A,rrg,0.2,0.1,0.3,3,0.94,0.92431307,0.39999999999999936,0.34575447,6.31475311348743,6.272529,,,,
path_weight,N/A,rrg,0.30000000000000004,0.1,0.3,3,0.96,0.93651474,0.5999999999999995,0.48586437,6.378437499242604,4.9703293,,,,
path_weight,N/A,rrg,0.4,0.1,0.3,3,0.96,0.9462616,0.5999999999999995,0.5275012,6.156068286095238,4.411643,,,,
path_weight,N/A,rrg,0.5,0.1,0.3,3,0.98,0.9529261,0.7999999999999998,0.6295288,5.650282324183135,3.6487527,,,,
path_weight,N/A,rrg,0.6000000000000001,0.1,0.3,3,0.97,0.9645092,0.6999999999999996,0.69556165,3.0112229703511395,2.6762164,,,,
path_weight,N/A,rrg,0.7000000000000001,0.1,0.3,3,0.99,0.9790593,0.8999999999999999,0.81120324,2.6616936561572704,2.2239263,,,,
path_weight,N/A,rrg,0.8,0.1,0.3,3,1.0,0.993144,1.0,0.93583333,0.3079720149669201,1.2071033,,,,
path_weight,N/A,rrg,0.9,0.1,0.3,3,1.0,0.9964019,1.0,0.96525675,0.11302728854811477,0.5055638,,,,
path_weight,N/A,rrg,1.0,0.1,0.3,3,1.0,0.9999572,1.0,0.9995719,1.227628518742045e-05,0.026647331,,,,
path_weight,N/A,rrg,0.0,0.2,0.3,3,0.85,0.80000967,0.0,0.0,6.793407401993955,6.836265,,,,
path_weight,N/A,rrg,0.1,0.2,0.3,3,0.87,0.8416672,0.13333333333333344,0.1121465,5.214134397935186,6.3554826,,,,
path_weight,N/A,rrg,0.2,0.2,0.3,3,0.89,0.8497007,0.2666666666666669,0.21016288,4.793266438744345,5.1386724,,,,
path_weight,N/A,rrg,0.30000000000000004,0.2,0.3,3,0.9,0.8801866,0.3333333333333336,0.294406,3.777333704539003,4.507775,,,,
path_weight,N/A,rrg,0.4,0.2,0.3,3,0.92,0.9059934,0.466666666666667,0.42677125,3.6453418473435284,3.771574,,,,
path_weight,N/A,rrg,0.5,0.2,0.3,3,0.94,0.9250877,0.5999999999999998,0.54568785,2.898284401549645,2.876627,,,,
path_weight,N/A,rrg,0.6000000000000001,0.2,0.3,3,0.94,0.9324727,0.5999999999999998,0.59713674,2.324524592611783,2.0995078,,,,
path_weight,N/A,rrg,0.7000000000000001,0.2,0.3,3,0.97,0.9561877,0.7999999999999998,0.7324553,1.6342982383267384,1.4782735,,,,
path_weight,N/A,rrg,0.8,0.2,0.3,3,0.98,0.97348326,0.8666666666666666,0.83044404,0.711654441499401,1.0269077,,,,
path_weight,N/A,rrg,0.9,0.2,0.3,3,0.99,0.98957926,0.9333333333333332,0.9306644,0.2300344543383701,0.44739884,,,,
path_weight,N/A,rrg,1.0,0.2,0.3,3,1.0,0.99987775,1.0,0.9991845,7.111451616818442e-05,0.049936663,,,,
path_weight,N/A,rrg,0.0,0.3,0.3,3,0.74,0.70003074,0.0,0.0,7.5091951875784435,4.7643957,,,,
path_weight,N/A,rrg,0.1,0.3,0.3,3,0.78,0.7295775,0.15384615384615397,0.1435899,7.209337608465271,3.8483188,,,,
path_weight,N/A,rrg,0.2,0.3,0.3,3,0.81,0.7744234,0.26923076923076944,0.22192702,5.135470644618519,3.6423156,,,,
path_weight,N/A,rrg,0.30000000000000004,0.3,0.3,3,0.83,0.81088203,0.34615384615384603,0.3224043,3.0050856218355078,3.3683949,,,,
path_weight,N/A,rrg,0.4,0.3,0.3,3,0.85,0.83691126,0.423076923076923,0.40275258,2.440486494101918,2.8749247,,,,
path_weight,N/A,rrg,0.5,0.3,0.3,3,0.88,0.861088,0.5384615384615385,0.50185263,2.5371668533548983,2.2405372,,,,
path_weight,N/A,rrg,0.6000000000000001,0.3,0.3,3,0.91,0.89693123,0.653846153846154,0.6224612,1.0286413855982415,1.8398695,,,,
path_weight,N/A,rrg,0.7000000000000001,0.3,0.3,3,0.95,0.9242356,0.8076923076923075,0.734785,0.6801562354069662,1.1499121,,,,
path_weight,N/A,rrg,0.8,0.3,0.3,3,0.96,0.9496362,0.846153846153846,0.8135901,0.43925037881571116,0.80570626,,,,
path_weight,N/A,rrg,0.9,0.3,0.3,3,0.97,0.97556406,0.8846153846153845,0.9038878,0.1601858229195599,0.42223224,,,,
path_weight,N/A,rrg,1.0,0.3,0.3,3,1.0,0.9997695,1.0,0.99911284,0.00014298898360851612,0.102566116,,,,
path_weight,N/A,rrg,0.0,0.4,0.3,3,0.52,0.6000866,0.0,0.0,2.369738383362028,3.4515421,,,,
path_weight,N/A,rrg,0.1,0.4,0.3,3,0.6,0.6400607,0.1666666666666666,0.18177995,2.14243741245941,2.7843904,,,,
path_weight,N/A,rrg,0.2,0.4,0.3,3,0.65,0.6869848,0.27083333333333337,0.27251142,1.7691319969461186,2.380191,,,,
path_weight,N/A,rrg,0.30000000000000004,0.4,0.3,3,0.67,0.7268089,0.31250000000000006,0.35435918,1.3945414975240331,2.0493422,,,,
path_weight,N/A,rrg,0.4,0.4,0.3,3,0.7,0.7621956,0.3749999999999999,0.430735,0.9738643988143048,1.6031398,,,,
path_weight,N/A,rrg,0.5,0.4,0.3,3,0.74,0.8016072,0.4583333333333333,0.52562076,0.8358537742992455,1.3125836,,,,
path_weight,N/A,rrg,0.6000000000000001,0.4,0.3,3,0.78,0.84295374,0.5416666666666667,0.63271594,0.6295233062348344,1.0721502,,,,
path_weight,N/A,rrg,0.7000000000000001,0.4,0.3,3,0.85,0.8840858,0.6874999999999999,0.7398851,0.4335366938075041,0.7341369,,,,
path_weight,N/A,rrg,0.8,0.4,0.3,3,0.91,0.9232613,0.8125000000000001,0.8379224,0.29292724548123344,0.527405,,,,
path_weight,N/A,rrg,0.9,0.4,0.3,3,0.94,0.95759284,0.8749999999999999,0.90849227,0.10117865840949436,0.31648433,,,,
path_weight,N/A,rrg,1.0,0.4,0.3,3,1.0,0.999569,1.0,0.99910134,8.232985645218814e-05,0.11437212,,,,
path_weight,N/A,rrg,0.0,0.05,0.3,4,0.97,0.95000243,0.0,0.0,30.60426275333277,14.239043,,,,
path_weight,N/A,rrg,0.1,0.05,0.3,4,0.98,0.9616636,0.3333333333333333,0.20688328,24.818162109029416,11.297733,,,,
path_weight,N/A,rrg,0.2,0.05,0.3,4,0.98,0.9769528,0.3333333333333333,0.30259722,15.160941625169308,11.578387,,,,
path_weight,N/A,rrg,0.30000000000000004,0.05,0.3,4,0.98,0.9800158,0.3333333333333333,0.33351025,8.576860831106398,8.510467,,,,
path_weight,N/A,rrg,0.4,0.05,0.3,4,1.0,0.99237776,1.0,0.7621342,4.88942700204867,4.207168,,,,
path_weight,N/A,rrg,0.5,0.05,0.3,4,1.0,0.9978457,1.0,0.9330015,4.081495760307337,3.080187,,,,
path_weight,N/A,rrg,0.6000000000000001,0.05,0.3,4,1.0,0.9984257,1.0,0.9501391,1.6574490835376676,2.222901,,,,
path_weight,N/A,rrg,0.7000000000000001,0.05,0.3,4,1.0,0.9985598,1.0,0.95418423,1.0556642358045998,1.5398109,,,,
path_weight,N/A,rrg,0.8,0.05,0.3,4,1.0,0.9996864,1.0,0.98965204,0.6998326072625463,0.71265304,,,,
path_weight,N/A,rrg,0.9,0.05,0.3,4,1.0,0.9999901,1.0,0.9996702,0.1735812272373041,0.34841633,,,,
path_weight,N/A,rrg,1.0,0.05,0.3,4,1.0,0.9999831,1.0,0.9994356,9.020439302711407e-05,0.024534283,,,,
path_weight,N/A,rrg,0.0,0.1,0.3,4,0.88,0.9000016,0.0,0.0,9.309476451626688,10.7081995,,,,
path_weight,N/A,rrg,0.1,0.1,0.3,4,0.88,0.89185846,0.0,0.09693344,7.053615939380122,7.4215617,,,,
path_weight,N/A,rrg,0.2,0.1,0.3,4,0.92,0.9221997,0.33333333333333365,0.33954388,5.832998113494695,6.1770372,,,,
path_weight,N/A,rrg,0.30000000000000004,0.1,0.3,4,0.93,0.93882006,0.4166666666666671,0.44971147,5.240245174335842,5.4424653,,,,
path_weight,N/A,rrg,0.4,0.1,0.3,4,0.94,0.9444389,0.49999999999999956,0.5191953,5.0180175436517755,4.559938,,,,
path_weight,N/A,rrg,0.5,0.1,0.3,4,0.94,0.9642937,0.49999999999999956,0.626916,3.3631267839084296,3.5320969,,,,
path_weight,N/A,rrg,0.6000000000000001,0.1,0.3,4,0.94,0.9601158,0.49999999999999956,0.60069007,1.831868988665286,2.1246166,,,,
path_weight,N/A,rrg,0.7000000000000001,0.1,0.3,4,0.95,0.96250474,0.5833333333333329,0.65694207,1.452608080272108,1.3301685,,,,
path_weight,N/A,rrg,0.8,0.1,0.3,4,0.98,0.9876796,0.8333333333333331,0.8903031,1.1847559147211093,0.7968725,,,,
path_weight,N/A,rrg,0.9,0.1,0.3,4,0.99,0.99294615,0.9166666666666666,0.9397234,0.502449058223288,0.37667605,,,,
path_weight,N/A,rrg,1.0,0.1,0.3,4,1.0,0.999958,1.0,0.99964976,9.894440067099957e-06,0.027861169,,,,
path_weight,N/A,rrg,0.0,0.2,0.3,4,0.82,0.80000967,0.0,0.0,9.054538464501583,6.836265,,,,
path_weight,N/A,rrg,0.1,0.2,0.3,4,0.84,0.8362487,0.11111111111111117,0.10883689,7.252348946036757,6.096742,,,,
path_weight,N/A,rrg,0.2,0.2,0.3,4,0.88,0.862982,0.33333333333333354,0.30451646,6.165755411923685,5.214551,,,,
path_weight,N/A,rrg,0.30000000000000004,0.2,0.3,4,0.91,0.87759286,0.5000000000000003,0.4236092,5.664705248177604,3.9428103,,,,
path_weight,N/A,rrg,0.4,0.2,0.3,4,0.93,0.90693057,0.6111111111111115,0.54159194,4.547683348019819,3.59832,,,,
path_weight,N/A,rrg,0.5,0.2,0.3,4,0.94,0.9281215,0.6666666666666664,0.6253123,3.2198171792856125,3.0604026,,,,
path_weight,N/A,rrg,0.6000000000000001,0.2,0.3,4,0.97,0.95072144,0.8333333333333333,0.75265616,2.202326502867227,2.3838315,,,,
path_weight,N/A,rrg,0.7000000000000001,0.2,0.3,4,0.98,0.9708115,0.8888888888888888,0.8456389,1.2811841510018867,1.7311839,,,,
path_weight,N/A,rrg,0.8,0.2,0.3,4,0.99,0.9820218,0.9444444444444444,0.90426266,0.7155732682295174,1.059805,,,,
path_weight,N/A,rrg,0.9,0.2,0.3,4,1.0,0.994879,1.0,0.9723077,0.3589213507829135,0.663533,,,,
path_weight,N/A,rrg,1.0,0.2,0.3,4,1.0,0.99979407,1.0,0.9988548,0.0003159414445475403,0.07343908,,,,
path_weight,N/A,rrg,0.0,0.3,0.3,4,0.64,0.70003074,0.0,0.0,4.595608304033521,4.7643957,,,,
path_weight,N/A,rrg,0.1,0.3,0.3,4,0.71,0.73259413,0.1944444444444443,0.20742507,4.286638929476609,3.9216812,,,,
path_weight,N/A,rrg,0.2,0.3,0.3,4,0.75,0.7605727,0.3055555555555555,0.31475547,4.156166132879683,3.17196,,,,
path_weight,N/A,rrg,0.30000000000000004,0.3,0.3,4,0.77,0.79959655,0.36111111111111116,0.39341304,3.6129943707437144,2.8680925,,,,
path_weight,N/A,rrg,0.4,0.3,0.3,4,0.81,0.8359013,0.4722222222222224,0.5087284,3.1551040078599413,2.389532,,,,
path_weight,N/A,rrg,0.5,0.3,0.3,4,0.85,0.8670814,0.5833333333333333,0.61224574,2.274065235925533,1.9419954,,,,
path_weight,N/A,rrg,0.6000000000000001,0.3,0.3,4,0.88,0.89202696,0.6666666666666666,0.689586,1.8620645818766375,1.5413319,,,,
path_weight,N/A,rrg,0.7000000000000001,0.3,0.3,4,0.9,0.9199334,0.7222222222222223,0.76435846,1.0591122901030632,1.0745813,,,,
path_weight,N/A,rrg,0.8,0.3,0.3,4,0.94,0.94923383,0.8333333333333331,0.8551354,0.7056530951092593,0.7509732,,,,
path_weight,N/A,rrg,0.9,0.3,0.3,4,0.97,0.9734738,0.9166666666666666,0.9254517,0.393166551054269,0.40056178,,,,
path_weight,N/A,rrg,1.0,0.3,0.3,4,1.0,0.99958694,1.0,0.9988514,0.00017112857131588226,0.11595127,,,,
path_weight,N/A,rrg,0.0,0.4,0.3,4,0.61,0.6000866,0.0,0.0,4.058193581173154,3.4515421,,,,
path_weight,N/A,rrg,0.1,0.4,0.3,4,0.65,0.6528132,0.10256410256410266,0.10327057,3.278602072452821,3.1877635,,,,
path_weight,N/A,rrg,0.2,0.4,0.3,4,0.66,0.6956599,0.1282051282051283,0.17250958,3.1351981665491255,2.7864947,,,,
path_weight,N/A,rrg,0.30000000000000004,0.4,0.3,4,0.72,0.74860466,0.282051282051282,0.30429575,2.3655738867608447,2.6118276,,,,
path_weight,N/A,rrg,0.4,0.4,0.3,4,0.77,0.78499085,0.4102564102564103,0.4265573,2.1836179838996217,2.1938124,,,,
path_weight,N/A,rrg,0.5,0.4,0.3,4,0.8,0.82504636,0.48717948717948734,0.52050656,2.1319273106192735,1.8693389,,,,
path_weight,N/A,rrg,0.6000000000000001,0.4,0.3,4,0.83,0.8703937,0.564102564102564,0.629135,1.4714570375238858,1.5391815,,,,
path_weight,N/A,rrg,0.7000000000000001,0.4,0.3,4,0.88,0.90272796,0.6923076923076923,0.73490644,0.8732268142973532,1.1227446,,,,
path_weight,N/A,rrg,0.8,0.4,0.3,4,0.9,0.93161666,0.7435897435897436,0.8090033,0.5259194870810613,0.6874758,,,,
path_weight,N/A,rrg,0.9,0.4,0.3,4,0.94,0.96728593,0.846153846153846,0.90971136,0.3807286743299936,0.41356874,,,,
path_weight,N/A,rrg,1.0,0.4,0.3,4,1.0,0.999458,1.0,0.9986085,0.0003288697423316002,0.14810213,,,,
path_weight,N/A,rrg,0.0,0.05,0.3,5,0.91,0.95000243,0.0,0.0,12.472754574621831,14.239043,,,,
path_weight,N/A,rrg,0.1,0.05,0.3,5,0.94,0.95883566,0.33333333333333254,0.42155632,8.892434560528345,7.773387,,,,
path_weight,N/A,rrg,0.2,0.05,0.3,5,0.96,0.9708574,0.555555555555555,0.63165635,5.95305342198569,5.586358,,,,
path_weight,N/A,rrg,0.30000000000000004,0.05,0.3,5,0.97,0.9804884,0.6666666666666663,0.74840635,4.051649507510353,4.7114735,,,,
path_weight,N/A,rrg,0.4,0.05,0.3,5,0.99,0.9756202,0.8888888888888887,0.7436171,2.7875412782671702,3.6267023,,,,
path_weight,N/A,rrg,0.5,0.05,0.3,5,1.0,0.98825675,1.0,0.8845679,2.433577213693107,2.9429853,,,,
path_weight,N/A,rrg,0.6000000000000001,0.05,0.3,5,1.0,0.9911003,1.0,0.9100025,1.9812653548707766,2.3400702,,,,
path_weight,N/A,rrg,0.7000000000000001,0.05,0.3,5,1.0,0.9949855,1.0,0.9472177,0.707539904973259,1.5182517,,,,
path_weight,N/A,rrg,0.8,0.05,0.3,5,1.0,0.99750656,1.0,0.97303593,0.32388300040823625,0.80276227,,,,
path_weight,N/A,rrg,0.9,0.05,0.3,5,1.0,0.9978009,1.0,0.9761278,0.12018948937444168,0.30430713,,,,
path_weight,N/A,rrg,1.0,0.05,0.3,5,1.0,0.99995303,1.0,0.999478,2.064117950874069e-05,0.03451251,,,,
path_weight,N/A,rrg,0.0,0.1,0.3,5,0.9,0.9000016,0.0,0.0,9.54187798475352,10.7081995,,,,
path_weight,N/A,rrg,0.1,0.1,0.3,5,0.92,0.92063063,0.20000000000000023,0.12529363,8.093785729769655,8.911824,,,,
path_weight,N/A,rrg,0.2,0.1,0.3,5,0.96,0.936028,0.5999999999999995,0.4839758,5.371840208663031,6.4240575,,,,
path_weight,N/A,rrg,0.30000000000000004,0.1,0.3,5,0.97,0.94944304,0.6999999999999996,0.5806363,5.135198620173048,5.5789013,,,,
path_weight,N/A,rrg,0.4,0.1,0.3,5,0.97,0.96042764,0.6999999999999996,0.63884586,5.122710439912798,4.79735,,,,
path_weight,N/A,rrg,0.5,0.1,0.3,5,0.98,0.9782873,0.7999999999999998,0.7865277,4.310446717233773,3.6990044,,,,
path_weight,N/A,rrg,0.6000000000000001,0.1,0.3,5,0.99,0.983471,0.8999999999999999,0.844837,3.6095195019658233,2.6649969,,,,
path_weight,N/A,rrg,0.7000000000000001,0.1,0.3,5,0.99,0.992497,0.8999999999999999,0.9230471,2.8601790935492524,1.8218894,,,,
path_weight,N/A,rrg,0.8,0.1,0.3,5,0.98,0.9894418,0.7999999999999998,0.8989579,0.3229228350743817,0.9327907,,,,
path_weight,N/A,rrg,0.9,0.1,0.3,5,1.0,0.9989428,1.0,0.9895325,0.19299959806280143,0.5046795,,,,
path_weight,N/A,rrg,1.0,0.1,0.3,5,1.0,0.9999322,1.0,0.99932194,2.934364634840039e-05,0.03810477,,,,
path_weight,N/A,rrg,0.0,0.2,0.3,5,0.82,0.80000967,0.0,0.0,7.197256593659604,6.836265,,,,
path_weight,N/A,rrg,0.1,0.2,0.3,5,0.85,0.83155596,0.16666666666666677,0.1511574,6.173806587313015,5.89926,,,,
path_weight,N/A,rrg,0.2,0.2,0.3,5,0.87,0.8694498,0.27777777777777796,0.276917,5.810157313319614,5.4230647,,,,
path_weight,N/A,rrg,0.30000000000000004,0.2,0.3,5,0.88,0.8941964,0.33333333333333354,0.3618581,4.759056443140256,4.6037884,,,,
path_weight,N/A,rrg,0.4,0.2,0.3,5,0.9,0.9052827,0.4444444444444447,0.45786706,3.906259783373195,3.343006,,,,
path_weight,N/A,rrg,0.5,0.2,0.3,5,0.91,0.9311006,0.5000000000000003,0.56638074,2.988717170874183,2.8003068,,,,
path_weight,N/A,rrg,0.6000000000000001,0.2,0.3,5,0.95,0.940206,0.7222222222222221,0.68488145,1.5941574469497135,1.7879274,,,,
path_weight,N/A,rrg,0.7000000000000001,0.2,0.3,5,0.96,0.9561601,0.7777777777777777,0.7614733,1.4647905209543257,1.3622926,,,,
path_weight,N/A,rrg,0.8,0.2,0.3,5,0.99,0.9724751,0.9444444444444444,0.86057866,0.2240773935703128,0.8293289,,,,
path_weight,N/A,rrg,0.9,0.2,0.3,5,1.0,0.98733795,1.0,0.93420875,0.11968075211016566,0.38879576,,,,
path_weight,N/A,rrg,1.0,0.2,0.3,5,1.0,0.9998781,1.0,0.9993225,2.6130869462447263e-05,0.047153596,,,,
path_weight,N/A,rrg,0.0,0.3,0.3,5,0.69,0.70003074,0.0,0.0,4.857088253984694,4.7643957,,,,
path_weight,N/A,rrg,0.1,0.3,0.3,5,0.73,0.7243663,0.1290322580645162,0.12670352,4.4898326881357296,3.795156,,,,
path_weight,N/A,rrg,0.2,0.3,0.3,5,0.79,0.7586757,0.32258064516129054,0.29293308,4.266359765610881,3.1443968,,,,
path_weight,N/A,rrg,0.30000000000000004,0.3,0.3,5,0.81,0.7915625,0.38709677419354865,0.36526725,4.001575847531073,2.6938336,,,,
path_weight,N/A,rrg,0.4,0.3,0.3,5,0.85,0.83000565,0.5161290322580645,0.4847541,3.3619660903479103,2.3288016,,,,
path_weight,N/A,rrg,0.5,0.3,0.3,5,0.89,0.8584695,0.6451612903225807,0.5855005,2.9747630160737697,1.8007817,,,,
path_weight,N/A,rrg,0.6000000000000001,0.3,0.3,5,0.92,0.890953,0.7419354838709679,0.67399,1.7784304390924595,1.4217246,,,,
path_weight,N/A,rrg,0.7000000000000001,0.3,0.3,5,0.94,0.92382103,0.8064516129032256,0.76631445,1.5370070856688671,1.1393286,,,,
path_weight,N/A,rrg,0.8,0.3,0.3,5,0.96,0.9508819,0.8709677419354838,0.84597546,0.6861693458903776,0.7482683,,,,
path_weight,N/A,rrg,0.9,0.3,0.3,5,0.98,0.97490144,0.9354838709677419,0.9202056,0.2830284335057805,0.4403118,,,,
path_weight,N/A,rrg,1.0,0.3,0.3,5,1.0,0.99969393,1.0,0.9990118,8.409896735255183e-05,0.098115996,,,,
path_weight,N/A,rrg,0.0,0.4,0.3,5,0.64,0.6000866,0.0,0.0,2.3941376269552435,3.4515421,,,,
path_weight,N/A,rrg,0.1,0.4,0.3,5,0.65,0.64370424,0.027777777777777804,0.084355146,2.2619099451197675,2.8655632,,,,
path_weight,N/A,rrg,0.2,0.4,0.3,5,0.69,0.68469846,0.1388888888888887,0.18599404,2.0929241467987834,2.418044,,,,
path_weight,N/A,rrg,0.30000000000000004,0.4,0.3,5,0.79,0.7263765,0.41666666666666674,0.30363286,1.9387260109482947,1.9317932,,,,
path_weight,N/A,rrg,0.4,0.4,0.3,5,0.8,0.76930255,0.44444444444444453,0.3903457,1.711914539094796,1.7761723,,,,
path_weight,N/A,rrg,0.5,0.4,0.3,5,0.8,0.8067299,0.44444444444444453,0.4772817,1.496504978373934,1.4554521,,,,
path_weight,N/A,rrg,0.6000000000000001,0.4,0.3,5,0.85,0.85039985,0.5833333333333333,0.58152616,1.297126217110462,1.210369,,,,
path_weight,N/A,rrg,0.7000000000000001,0.4,0.3,5,0.91,0.8847266,0.7500000000000001,0.69330424,1.2009431387694993,0.8006441,,,,
path_weight,N/A,rrg,0.8,0.4,0.3,5,0.93,0.9270834,0.8055555555555557,0.7936694,0.29042130996259763,0.6434215,,,,
path_weight,N/A,rrg,0.9,0.4,0.3,5,0.98,0.95976996,0.9444444444444444,0.89145,0.13820863950674062,0.3522712,,,,
path_weight,N/A,rrg,1.0,0.4,0.3,5,1.0,0.99959326,1.0,0.99886906,0.00016275851542278498,0.121051654,,,,
path_weight,N/A,rrg,0.0,0.05,0.3,6,0.98,0.95000243,0.0,0.0,34.011041279638924,14.239043,,,,
path_weight,N/A,rrg,0.1,0.05,0.3,6,0.99,0.99098796,0.5,0.52598363,9.571384783927293,12.050441,,,,
path_weight,N/A,rrg,0.2,0.05,0.3,6,0.99,0.9940905,0.5,0.62855494,6.593383200840036,8.4044,,,,
path_weight,N/A,rrg,0.30000000000000004,0.05,0.3,6,0.99,0.9980107,0.5,0.8340766,3.8440660977788617,5.1109734,,,,
path_weight,N/A,rrg,0.4,0.05,0.3,6,1.0,0.99937785,1.0,0.9698309,1.603247930986629,3.7780218,,,,
path_weight,N/A,rrg,0.5,0.05,0.3,6,1.0,0.9994201,1.0,0.9718224,1.2806457662976254,3.2081082,,,,
path_weight,N/A,rrg,0.6000000000000001,0.05,0.3,6,1.0,0.9996575,1.0,0.9831639,0.8701698029245272,1.9531096,,,,
path_weight,N/A,rrg,0.7000000000000001,0.05,0.3,6,1.0,0.9998359,1.0,0.9918622,0.778888531875726,1.5340918,,,,
path_weight,N/A,rrg,0.8,0.05,0.3,6,1.0,0.9999604,1.0,0.99802494,0.8294805227090761,0.72815865,,,,
path_weight,N/A,rrg,0.9,0.05,0.3,6,1.0,0.9999962,1.0,0.99980927,0.14030995345732367,0.3932126,,,,
path_weight,N/A,rrg,1.0,0.05,0.3,6,1.0,0.999985,1.0,0.9992486,7.009542766598137e-06,0.012416431,,,,
path_weight,N/A,rrg,0.0,0.1,0.3,6,0.86,0.9000016,0.0,0.0,8.557074918499858,10.7081995,,,,
path_weight,N/A,rrg,0.1,0.1,0.3,6,0.9,0.91004974,0.2857142857142859,0.3077994,6.527936615542421,7.2798023,,,,
path_weight,N/A,rrg,0.2,0.1,0.3,6,0.91,0.92683774,0.35714285714285743,0.40596023,6.1770537447071865,6.1511164,,,,
path_weight,N/A,rrg,0.30000000000000004,0.1,0.3,6,0.92,0.9371756,0.42857142857142894,0.4884925,5.029432495082486,5.1771917,,,,
path_weight,N/A,rrg,0.4,0.1,0.3,6,0.93,0.9428479,0.5000000000000004,0.5505138,4.81451866995706,3.6930196,,,,
path_weight,N/A,rrg,0.5,0.1,0.3,6,0.95,0.967376,0.6428571428571426,0.73393947,4.234767590284587,3.1265414,,,,
path_weight,N/A,rrg,0.6000000000000001,0.1,0.3,6,0.96,0.9787053,0.7142857142857141,0.82441837,3.7830756805784027,2.4226744,,,,
path_weight,N/A,rrg,0.7000000000000001,0.1,0.3,6,0.97,0.9757086,0.7857142857142856,0.80648685,2.6300601767069502,1.6460642,,,,
path_weight,N/A,rrg,0.8,0.1,0.3,6,0.99,0.9809977,0.9285714285714285,0.86424786,1.8022132447204953,1.0588117,,,,
path_weight,N/A,rrg,0.9,0.1,0.3,6,0.99,0.9971013,0.9285714285714285,0.97816694,1.1098241366470603,0.6638893,,,,
path_weight,N/A,rrg,1.0,0.1,0.3,6,1.0,0.99984854,1.0,0.9989173,0.00011691161788113676,0.06157373,,,,
path_weight,N/A,rrg,0.0,0.2,0.3,6,0.76,0.80000967,0.0,0.0,7.6865420436412935,6.836265,,,,
path_weight,N/A,rrg,0.1,0.2,0.3,6,0.79,0.83057183,0.1250000000000001,0.07397464,6.537689796613181,6.0076585,,,,
path_weight,N/A,rrg,0.2,0.2,0.3,6,0.8,0.84998095,0.16666666666666682,0.21046765,5.035484399187237,4.9111266,,,,
path_weight,N/A,rrg,0.30000000000000004,0.2,0.3,6,0.83,0.8662488,0.29166666666666646,0.28555778,4.543862184098636,4.054866,,,,
path_weight,N/A,rrg,0.4,0.2,0.3,6,0.86,0.8915293,0.4166666666666666,0.47964588,4.0952710999592234,2.9844904,,,,
path_weight,N/A,rrg,0.5,0.2,0.3,6,0.88,0.90186083,0.5,0.55004126,3.4436832180266013,2.2593684,,,,
path_weight,N/A,rrg,0.6000000000000001,0.2,0.3,6,0.91,0.92170787,0.6250000000000001,0.6569947,3.048715628849462,1.5836278,,,,
path_weight,N/A,rrg,0.7000000000000001,0.2,0.3,6,0.95,0.9465823,0.7916666666666665,0.7804666,2.6122948268514223,1.1931857,,,,
path_weight,N/A,rrg,0.8,0.2,0.3,6,0.97,0.964196,0.8749999999999999,0.85613364,2.452984521136246,0.75570756,,,,
path_weight,N/A,rrg,0.9,0.2,0.3,6,0.99,0.9873113,0.9583333333333333,0.94767225,0.45336942599268903,0.3106132,,,,
path_weight,N/A,rrg,1.0,0.2,0.3,6,1.0,0.99986917,1.0,0.9994546,2.377166438860813e-05,0.046656266,,,,
path_weight,N/A,rrg,0.0,0.3,0.3,6,0.73,0.70003074,0.0,0.0,4.335114987383131,4.7643957,,,,
path_weight,N/A,rrg,0.1,0.3,0.3,6,0.79,0.7274232,0.2222222222222224,0.1803798,3.958510890442143,3.8903942,,,,
path_weight,N/A,rrg,0.2,0.3,0.3,6,0.8,0.7692907,0.25925925925925947,0.2462641,2.8246870051100723,3.5503054,,,,
path_weight,N/A,rrg,0.30000000000000004,0.3,0.3,6,0.82,0.793917,0.3333333333333332,0.32848632,2.0984348300360165,2.7537122,,,,
path_weight,N/A,rrg,0.4,0.3,0.3,6,0.84,0.82809305,0.40740740740740733,0.41277137,1.6299759425016207,2.3979774,,,,
path_weight,N/A,rrg,0.5,0.3,0.3,6,0.88,0.8680431,0.5555555555555556,0.54061013,1.4147707418727982,2.037368,,,,
path_weight,N/A,rrg,0.6000000000000001,0.3,0.3,6,0.88,0.88757026,0.5555555555555556,0.59905154,1.1729190019602038,1.5496812,,,,
path_weight,N/A,rrg,0.7000000000000001,0.3,0.3,6,0.9,0.92200685,0.6296296296296298,0.7161351,0.6379369525915484,0.9434185,,,,
path_weight,N/A,rrg,0.8,0.3,0.3,6,0.94,0.94184226,0.7777777777777776,0.78732955,0.3180044367891006,0.5443919,,,,
path_weight,N/A,rrg,0.9,0.3,0.3,6,0.97,0.9706398,0.8888888888888888,0.8930735,0.1673306105953674,0.3129076,,,,
path_weight,N/A,rrg,1.0,0.3,0.3,6,1.0,0.9997464,1.0,0.99906,8.638992662438883e-05,0.09818063,,,,
path_weight,N/A,rrg,0.0,0.4,0.3,6,0.63,0.6000866,0.0,0.0,3.616498307058547,3.4515421,,,,
path_weight,N/A,rrg,0.1,0.4,0.3,6,0.66,0.65350497,0.08108108108108115,0.07964816,2.5108322293759375,3.2394211,,,,
path_weight,N/A,rrg,0.2,0.4,0.3,6,0.69,0.69055176,0.162162162162162,0.17693435,2.3293871626029206,2.7071862,,,,
path_weight,N/A,rrg,0.30000000000000004,0.4,0.3,6,0.73,0.7399232,0.27027027027027023,0.2926565,2.08918050129983,2.3902826,,,,
path_weight,N/A,rrg,0.4,0.4,0.3,6,0.8,0.7778367,0.4594594594594596,0.41900775,1.6627350810439918,2.0818503,,,,
path_weight,N/A,rrg,0.5,0.4,0.3,6,0.83,0.81897545,0.5405405405405405,0.5378527,1.5189404630212848,1.704552,,,,
path_weight,N/A,rrg,0.6000000000000001,0.4,0.3,6,0.87,0.8640997,0.6486486486486487,0.63829017,1.0419088300933421,1.4037423,,,,
path_weight,N/A,rrg,0.7000000000000001,0.4,0.3,6,0.89,0.9062457,0.7027027027027027,0.73482203,0.7250287218017718,1.2349222,,,,
path_weight,N/A,rrg,0.8,0.4,0.3,6,0.91,0.94059783,0.7567567567567568,0.8237103,0.656923936152966,0.80858976,,,,
path_weight,N/A,rrg,0.9,0.4,0.3,6,0.94,0.9648094,0.8378378378378377,0.90011066,0.31280947959797584,0.2365669,,,,
path_weight,N/A,rrg,1.0,0.4,0.3,6,1.0,0.9996776,1.0,0.999128,6.649589032469459e-05,0.09423485,,,,
path_weight,N/A,rrg,0.0,0.05,0.3,7,0.97,0.95000243,0.0,0.0,14.779208298529301,14.239043,,,,
path_weight,N/A,rrg,0.1,0.05,0.3,7,0.98,0.9598528,0.3333333333333333,0.19941188,11.951800330068119,11.4960575,,,,
path_weight,N/A,rrg,0.2,0.05,0.3,7,0.98,0.9590421,0.3333333333333333,0.19624017,8.962651280024186,8.8345785,,,,
path_weight,N/A,rrg,0.30000000000000004,0.05,0.3,7,0.99,0.9694085,0.6666666666666666,0.3953239,9.251203909407357,7.367672,,,,
path_weight,N/A,rrg,0.4,0.05,0.3,7,0.99,0.97758,0.6666666666666666,0.4714756,6.080907309286333,5.6704698,,,,
path_weight,N/A,rrg,0.5,0.05,0.3,7,0.99,0.98170686,0.6666666666666666,0.5222865,2.468276549401724,3.8747082,,,,
path_weight,N/A,rrg,0.6000000000000001,0.05,0.3,7,1.0,0.99613816,1.0,0.885953,1.7119353332144547,2.490814,,,,
path_weight,N/A,rrg,0.7000000000000001,0.05,0.3,7,1.0,0.9984741,1.0,0.951599,0.6605010667607893,1.5375657,,,,
path_weight,N/A,rrg,0.8,0.05,0.3,7,1.0,0.9992082,1.0,0.9742856,0.35275893494388333,1.0245663,,,,
path_weight,N/A,rrg,0.9,0.05,0.3,7,1.0,0.9999169,1.0,0.997238,0.07925755669070045,0.41418195,,,,
path_weight,N/A,rrg,1.0,0.05,0.3,7,1.0,0.99999595,1.0,0.9998649,3.231681440038985e-05,0.014772867,,,,
path_weight,N/A,rrg,0.0,0.1,0.3,7,0.87,0.9000016,0.0,0.0,8.121092376461894,10.7081995,,,,
path_weight,N/A,rrg,0.1,0.1,0.3,7,0.92,0.91119295,0.38461538461538497,0.36020106,5.928382771932211,7.7919464,,,,
path_weight,N/A,rrg,0.2,0.1,0.3,7,0.94,0.9248832,0.5384615384615381,0.48235703,4.01222893046798,6.3417163,,,,
path_weight,N/A,rrg,0.30000000000000004,0.1,0.3,7,0.94,0.9357376,0.5384615384615381,0.5213544,3.6730124709125618,4.9282126,,,,
path_weight,N/A,rrg,0.4,0.1,0.3,7,0.95,0.9564259,0.6153846153846151,0.64737344,2.8409496526153544,4.2584987,,,,
path_weight,N/A,rrg,0.5,0.1,0.3,7,0.95,0.95443267,0.6153846153846151,0.63710266,2.3456298479920084,3.044376,,,,
path_weight,N/A,rrg,0.6000000000000001,0.1,0.3,7,0.96,0.9626969,0.6923076923076921,0.7069552,1.0451705775287474,1.8405973,,,,
path_weight,N/A,rrg,0.7000000000000001,0.1,0.3,7,0.97,0.98045135,0.769230769230769,0.83645916,0.864039174299136,1.1576791,,,,
path_weight,N/A,rrg,0.8,0.1,0.3,7,0.97,0.9882132,0.769230769230769,0.8945328,0.800397090635972,0.6250534,,,,
path_weight,N/A,rrg,0.9,0.1,0.3,7,0.98,0.9941077,0.846153846153846,0.949128,0.43453263326316305,0.25452584,,,,
path_weight,N/A,rrg,1.0,0.1,0.3,7,1.0,0.99994653,1.0,0.9995886,2.7864963346973342e-05,0.035466503,,,,
path_weight,N/A,rrg,0.0,0.2,0.3,7,0.87,0.80000967,0.0,0.0,12.795134539559568,6.836265,,,,
path_weight,N/A,rrg,0.1,0.2,0.3,7,0.89,0.83409035,0.15384615384615397,0.107577614,10.470086801193654,6.1312532,,,,
path_weight,N/A,rrg,0.2,0.2,0.3,7,0.93,0.8522443,0.46153846153846195,0.30048352,10.294305624633346,4.871448,,,,
path_weight,N/A,rrg,0.30000000000000004,0.2,0.3,7,0.95,0.8823126,0.6153846153846151,0.3815576,7.957925027335127,4.565866,,,,
path_weight,N/A,rrg,0.4,0.2,0.3,7,0.95,0.9068197,0.6153846153846151,0.46193218,6.728007353444837,3.7604089,,,,
path_weight,N/A,rrg,0.5,0.2,0.3,7,0.97,0.9361378,0.769230769230769,0.6102557,3.6443565990272715,3.4037192,,,,
path_weight,N/A,rrg,0.6000000000000001,0.2,0.3,7,0.98,0.9520577,0.846153846153846,0.69643027,3.3930028241127035,2.8338962,,,,
path_weight,N/A,rrg,0.7000000000000001,0.2,0.3,7,0.98,0.9642551,0.846153846153846,0.75471723,1.7679512310113452,2.018569,,,,
path_weight,N/A,rrg,0.8,0.2,0.3,7,0.99,0.9787586,0.923076923076923,0.84952366,1.113457796300499,1.3381424,,,,
path_weight,N/A,rrg,0.9,0.2,0.3,7,1.0,0.99192697,1.0,0.941499,0.829333667872469,0.62135875,,,,
path_weight,N/A,rrg,1.0,0.2,0.3,7,1.0,0.9999207,1.0,0.9993899,1.6620565720487755e-05,0.032051373,,,,
path_weight,N/A,rrg,0.0,0.3,0.3,7,0.66,0.70003074,0.0,0.0,3.336012509355787,4.7643957,,,,
path_weight,N/A,rrg,0.1,0.3,0.3,7,0.71,0.727482,0.14705882352941158,0.16891526,3.0965339780749366,3.7557616,,,,
path_weight,N/A,rrg,0.2,0.3,0.3,7,0.77,0.76989347,0.3235294117647059,0.29296187,2.386673935592396,3.1585598,,,,
path_weight,N/A,rrg,0.30000000000000004,0.3,0.3,7,0.82,0.7928369,0.4705882352941175,0.38744876,2.1252809504007413,2.496489,,,,
path_weight,N/A,rrg,0.4,0.3,0.3,7,0.83,0.8229658,0.49999999999999983,0.48428452,1.8875969375203794,2.0849845,,,,
path_weight,N/A,rrg,0.5,0.3,0.3,7,0.87,0.85439825,0.6176470588235293,0.5796027,1.6014538139081105,1.6846887,,,,
path_weight,N/A,rrg,0.6000000000000001,0.3,0.3,7,0.88,0.8748574,0.6470588235294118,0.6425338,1.4204042406477735,1.2472222,,,,
path_weight,N/A,rrg,0.7000000000000001,0.3,0.3,7,0.92,0.90899676,0.7647058823529412,0.73767936,1.0683824340094359,0.9632573,,,,
path_weight,N/A,rrg,0.8,0.3,0.3,7,0.93,0.93475693,0.7941176470588237,0.8052634,0.6513674462231733,0.61513484,,,,
path_weight,N/A,rrg,0.9,0.3,0.3,7,0.98,0.9684805,0.9411764705882353,0.91020817,0.4119232159524323,0.30639258,,,,
path_weight,N/A,rrg,1.0,0.3,0.3,7,1.0,0.9996774,1.0,0.99905044,8.89642468939179e-05,0.099936545,,,,
path_weight,N/A,rrg,0.0,0.4,0.3,7,0.54,0.6000866,0.0,0.0,2.8409187234136795,3.4515421,,,,
path_weight,N/A,rrg,0.1,0.4,0.3,7,0.59,0.64344877,0.1086956521739129,0.12294384,2.607903903586408,2.9592066,,,,
path_weight,N/A,rrg,0.2,0.4,0.3,7,0.64,0.678443,0.21739130434782605,0.23712336,2.4006551172213046,2.4314044,,,,
path_weight,N/A,rrg,0.30000000000000004,0.4,0.3,7,0.71,0.7270529,0.3695652173913042,0.38365182,1.9673911727319822,2.1330442,,,,
path_weight,N/A,rrg,0.4,0.4,0.3,7,0.74,0.77391654,0.4347826086956521,0.47816294,1.5394899408160603,1.8388045,,,,
path_weight,N/A,rrg,0.5,0.4,0.3,7,0.78,0.81452334,0.5217391304347826,0.563797,1.2947624135206497,1.5815932,,,,
path_weight,N/A,rrg,0.6000000000000001,0.4,0.3,7,0.84,0.85030097,0.6521739130434782,0.6722031,1.1474829153444808,1.0617328,,,,
path_weight,N/A,rrg,0.7000000000000001,0.4,0.3,7,0.86,0.88692605,0.6956521739130435,0.7386655,0.47388003167203807,0.7976133,,,,
path_weight,N/A,rrg,0.8,0.4,0.3,7,0.91,0.92194426,0.8043478260869565,0.82562333,0.3017672414172827,0.5403688,,,,
path_weight,N/A,rrg,0.9,0.4,0.3,7,0.94,0.9603621,0.8695652173913042,0.90965784,0.15104232754289457,0.3950407,,,,
path_weight,N/A,rrg,1.0,0.4,0.3,7,1.0,0.99948156,1.0,0.9988718,0.00018159161729238698,0.13719292,,,,
path_weight,N/A,rrg,0.0,0.05,0.3,8,0.94,0.95000243,0.0,0.0,11.83029161533228,14.239043,,,,
path_weight,N/A,rrg,0.1,0.05,0.3,8,0.96,0.9696799,0.3333333333333333,0.3974559,11.3672100011073,11.2136135,,,,
path_weight,N/A,rrg,0.2,0.05,0.3,8,0.97,0.9657312,0.5,0.41943234,6.3519366814129485,7.700502,,,,
path_weight,N/A,rrg,0.30000000000000004,0.05,0.3,8,0.98,0.98146266,0.6666666666666666,0.6833243,5.744435302593574,5.8725834,,,,
path_weight,N/A,rrg,0.4,0.05,0.3,8,0.98,0.98348624,0.6666666666666666,0.70779043,4.24868507543706,4.9493117,,,,
path_weight,N/A,rrg,0.5,0.05,0.3,8,0.98,0.9872521,0.6666666666666666,0.7583225,3.793204074122834,3.745164,,,,
path_weight,N/A,rrg,0.6000000000000001,0.05,0.3,8,0.98,0.9819736,0.6666666666666666,0.6893401,2.4061538006445455,2.5126064,,,,
path_weight,N/A,rrg,0.7000000000000001,0.05,0.3,8,0.99,0.9884796,0.8333333333333334,0.8127366,0.968363091228172,1.8246207,,,,
path_weight,N/A,rrg,0.8,0.05,0.3,8,1.0,0.9978472,1.0,0.9653552,0.5225546667639154,0.7262532,,,,
path_weight,N/A,rrg,0.9,0.05,0.3,8,1.0,0.9997501,1.0,0.9958503,0.39020811957823726,0.3088806,,,,
path_weight,N/A,rrg,1.0,0.05,0.3,8,1.0,0.99997026,1.0,0.99950415,7.606901154985961e-05,0.03525115,,,,
path_weight,N/A,rrg,0.0,0.1,0.3,8,0.88,0.9000016,0.0,0.0,8.193668489209085,10.7081995,,,,
path_weight,N/A,rrg,0.1,0.1,0.3,8,0.9,0.9095953,0.16666666666666682,0.18114716,7.3521012714953216,7.9217353,,,,
path_weight,N/A,rrg,0.2,0.1,0.3,8,0.92,0.9287471,0.33333333333333365,0.3595273,6.671596017189424,6.8570595,,,,
path_weight,N/A,rrg,0.30000000000000004,0.1,0.3,8,0.93,0.94226885,0.4166666666666671,0.46410295,5.415007233804729,5.72905,,,,
path_weight,N/A,rrg,0.4,0.1,0.3,8,0.95,0.9571129,0.5833333333333329,0.62007356,4.793275326657882,4.6837883,,,,
path_weight,N/A,rrg,0.5,0.1,0.3,8,0.95,0.9623939,0.5833333333333329,0.65049756,3.9653756545682586,3.8868585,,,,
path_weight,N/A,rrg,0.6000000000000001,0.1,0.3,8,0.95,0.97336686,0.5833333333333329,0.7243696,3.0785036365047307,3.319471,,,,
path_weight,N/A,rrg,0.7000000000000001,0.1,0.3,8,0.96,0.9767378,0.6666666666666664,0.77471846,2.103371692147067,2.1546035,,,,
path_weight,N/A,rrg,0.8,0.1,0.3,8,0.98,0.98315465,0.8333333333333331,0.855808,1.1387267439905326,0.99235505,,,,
path_weight,N/A,rrg,0.9,0.1,0.3,8,0.99,0.99696654,0.9166666666666666,0.97315586,0.3649384103973746,0.30504236,,,,
path_weight,N/A,rrg,1.0,0.1,0.3,8,1.0,0.9999544,1.0,0.99961996,2.3556785701938104e-05,0.035484817,,,,
path_weight,N/A,rrg,0.0,0.2,0.3,8,0.79,0.80000967,0.0,0.0,4.9931883477718495,6.836265,,,,
path_weight,N/A,rrg,0.1,0.2,0.3,8,0.84,0.8179484,0.2380952380952378,0.15552434,4.135527802135373,5.3194017,,,,
path_weight,N/A,rrg,0.2,0.2,0.3,8,0.84,0.8325686,0.2380952380952378,0.25383598,3.6212657623772992,4.166046,,,,
path_weight,N/A,rrg,0.30000000000000004,0.2,0.3,8,0.86,0.86673665,0.33333333333333315,0.38138512,3.115018930411521,3.4704752,,,,
path_weight,N/A,rrg,0.4,0.2,0.3,8,0.91,0.8889026,0.5714285714285715,0.5260406,2.6604149168109417,2.702919,,,,
path_weight,N/A,rrg,0.5,0.2,0.3,8,0.93,0.9068525,0.6666666666666669,0.60043055,2.1082422702862735,2.1857204,,,,
path_weight,N/A,rrg,0.6000000000000001,0.2,0.3,8,0.95,0.9323516,0.7619047619047616,0.7027922,1.2075376339818502,1.8363777,,,,
path_weight,N/A,rrg,0.7000000000000001,0.2,0.3,8,0.96,0.94857955,0.8095238095238093,0.7677021,1.0701797408970866,1.2810562,,,,
path_weight,N/A,rrg,0.8,0.2,0.3,8,0.97,0.9693849,0.857142857142857,0.854597,0.700255481526214,0.8766956,,,,
path_weight,N/A,rrg,0.9,0.2,0.3,8,0.98,0.9879493,0.9047619047619047,0.94032085,0.3105909813928997,0.43756196,,,,
path_weight,N/A,rrg,1.0,0.2,0.3,8,1.0,0.999836,1.0,0.99921876,7.772899082693421e-05,0.08335144,,,,
path_weight,N/A,rrg,0.0,0.3,0.3,8,0.65,0.70003074,0.0,0.0,2.9965058260061777,4.7643957,,,,
path_weight,N/A,rrg,0.1,0.3,0.3,8,0.69,0.7310868,0.11428571428571407,0.12946157,2.7937999281262806,3.986578,,,,
path_weight,N/A,rrg,0.2,0.3,0.3,8,0.73,0.7691422,0.22857142857142848,0.2572584,2.4026651737358917,3.3344545,,,,
path_weight,N/A,rrg,0.30000000000000004,0.3,0.3,8,0.77,0.80058944,0.34285714285714286,0.37564322,1.7962971502891452,2.85763,,,,
path_weight,N/A,rrg,0.4,0.3,0.3,8,0.83,0.83464384,0.5142857142857141,0.513545,1.2942353214491233,2.368404,,,,
path_weight,N/A,rrg,0.5,0.3,0.3,8,0.86,0.86234045,0.6,0.60384727,1.0411818158296025,1.6503929,,,,
path_weight,N/A,rrg,0.6000000000000001,0.3,0.3,8,0.89,0.8892833,0.6857142857142857,0.68414885,0.8193031472957992,1.2660301,,,,
path_weight,N/A,rrg,0.7000000000000001,0.3,0.3,8,0.92,0.91037315,0.7714285714285716,0.75061333,0.5679497576596139,0.8371356,,,,
path_weight,N/A,rrg,0.8,0.3,0.3,8,0.95,0.93868417,0.857142857142857,0.8301705,0.3018722338818952,0.47778815,,,,
path_weight,N/A,rrg,0.9,0.3,0.3,8,0.99,0.96967673,0.9714285714285714,0.9179837,0.20405482798394403,0.31736535,,,,
path_weight,N/A,rrg,1.0,0.3,0.3,8,1.0,0.99966085,1.0,0.9990302,7.667912623482514e-05,0.10669927,,,,
path_weight,N/A,rrg,0.0,0.4,0.3,8,0.55,0.6000866,0.0,0.0,2.5331289315912446,3.4515421,,,,
path_weight,N/A,rrg,0.1,0.4,0.3,8,0.61,0.6433812,0.13333333333333322,0.13280682,2.3124261539884223,2.8651276,,,,
path_weight,N/A,rrg,0.2,0.4,0.3,8,0.65,0.6793968,0.22222222222222218,0.25659314,2.1828366778679644,2.4814775,,,,
path_weight,N/A,rrg,0.30000000000000004,0.4,0.3,8,0.7,0.7248325,0.33333333333333315,0.35270634,1.7351038579272529,2.1915963,,,,
path_weight,N/A,rrg,0.4,0.4,0.3,8,0.75,0.7634302,0.44444444444444436,0.4580186,1.6152918916233512,1.7674817,,,,
path_weight,N/A,rrg,0.5,0.4,0.3,8,0.78,0.8036888,0.5111111111111111,0.54715806,1.4892055112302562,1.348276,,,,
path_weight,N/A,rrg,0.6000000000000001,0.4,0.3,8,0.85,0.84597206,0.6666666666666666,0.6605739,1.34360169555379,0.98449004,,,,
path_weight,N/A,rrg,0.7000000000000001,0.4,0.3,8,0.89,0.8819465,0.7555555555555555,0.7421261,1.2884536375412923,0.7528886,,,,
path_weight,N/A,rrg,0.8,0.4,0.3,8,0.92,0.92721486,0.8222222222222223,0.8354727,0.540500243048103,0.56714845,,,,
path_weight,N/A,rrg,0.9,0.4,0.3,8,0.95,0.9589384,0.8888888888888887,0.9047189,0.11223556425332452,0.32574022,,,,
path_weight,N/A,rrg,1.0,0.4,0.3,8,1.0,0.9994356,1.0,0.99874437,0.0003173275048395161,0.14180209,,,,
path_weight,N/A,rrg,0.0,0.05,0.3,9,0.98,0.95000243,0.0,0.0,20.86939571460596,14.239043,,,,
path_weight,N/A,rrg,0.1,0.05,0.3,9,1.0,0.9905125,1.0,0.6782537,5.306878001671362,8.421425,,,,
path_weight,N/A,rrg,0.2,0.05,0.3,9,1.0,0.99287355,1.0,0.7372882,4.322903653827165,7.346251,,,,
path_weight,N/A,rrg,0.30000000000000004,0.05,0.3,9,1.0,0.9939257,1.0,0.76703835,3.034899356420391,5.077338,,,,
path_weight,N/A,rrg,0.4,0.05,0.3,9,1.0,0.99606305,1.0,0.8355283,2.5350865449929056,3.8193107,,,,
path_weight,N/A,rrg,0.5,0.05,0.3,9,1.0,0.99624467,1.0,0.84191537,2.357423457744689,2.8936954,,,,
path_weight,N/A,rrg,0.6000000000000001,0.05,0.3,9,1.0,0.9981551,1.0,0.91554546,2.0908554072879144,2.5267642,,,,
path_weight,N/A,rrg,0.7000000000000001,0.05,0.3,9,1.0,0.9991449,1.0,0.95899844,1.6324292834255107,1.5305307,,,,
path_weight,N/A,rrg,0.8,0.05,0.3,9,1.0,0.9996927,1.0,0.9848662,1.2416315546534147,0.94530237,,,,
path_weight,N/A,rrg,0.9,0.05,0.3,9,1.0,0.9999679,1.0,0.99839616,0.4961379304450619,0.3772774,,,,
path_weight,N/A,rrg,1.0,0.05,0.3,9,1.0,0.9999969,1.0,0.999845,2.6841165468382394e-06,0.0096242875,,,,
path_weight,N/A,rrg,0.0,0.1,0.3,9,0.93,0.9000016,0.0,0.0,6.661921629658609,10.7081995,,,,
path_weight,N/A,rrg,0.1,0.1,0.3,9,0.95,0.91447157,0.2857142857142846,0.18951766,5.659814261738204,8.558597,,,,
path_weight,N/A,rrg,0.2,0.1,0.3,9,0.95,0.9098032,0.2857142857142846,0.18149114,5.795807179090454,6.148125,,,,
path_weight,N/A,rrg,0.30000000000000004,0.1,0.3,9,0.97,0.93145853,0.5714285714285707,0.3685187,5.111444294728177,4.9033356,,,,
path_weight,N/A,rrg,0.4,0.1,0.3,9,0.97,0.9386806,0.5714285714285707,0.39478943,3.2677076371293974,3.9908364,,,,
path_weight,N/A,rrg,0.5,0.1,0.3,9,0.97,0.9490339,0.5714285714285707,0.45659497,3.033721822921762,2.948132,,,,
path_weight,N/A,rrg,0.6000000000000001,0.1,0.3,9,0.98,0.96888,0.7142857142857139,0.61635846,2.44905653623939,2.5983527,,,,
path_weight,N/A,rrg,0.7000000000000001,0.1,0.3,9,0.99,0.9755201,0.8571428571428569,0.71020275,1.2664914552021713,1.6404537,,,,
path_weight,N/A,rrg,0.8,0.1,0.3,9,0.99,0.9837537,0.8571428571428569,0.7869019,0.6890559207261328,1.2024724,,,,
path_weight,N/A,rrg,0.9,0.1,0.3,9,1.0,0.9960749,1.0,0.94689626,0.09470774053989008,0.6575401,,,,
path_weight,N/A,rrg,1.0,0.1,0.3,9,1.0,0.9999853,1.0,0.99978966,3.883418003517862e-06,0.01745252,,,,
path_weight,N/A,rrg,0.0,0.2,0.3,9,0.69,0.80000967,0.0,0.0,5.335529456093991,6.836265,,,,
path_weight,N/A,rrg,0.1,0.2,0.3,9,0.72,0.81928766,0.09677419354838716,0.1565409,4.644249700633185,5.4769497,,,,
path_weight,N/A,rrg,0.2,0.2,0.3,9,0.75,0.8511713,0.19354838709677433,0.2872959,3.9569170792708586,4.809635,,,,
path_weight,N/A,rrg,0.30000000000000004,0.2,0.3,9,0.79,0.8699561,0.32258064516129054,0.43466932,2.71591671678274,3.8031693,,,,
path_weight,N/A,rrg,0.4,0.2,0.3,9,0.81,0.8884321,0.38709677419354865,0.5181315,2.1828075719816007,2.9978204,,,,
path_weight,N/A,rrg,0.5,0.2,0.3,9,0.83,0.89729697,0.45161290322580644,0.58190733,1.6976565599741549,2.2546253,,,,
path_weight,N/A,rrg,0.6000000000000001,0.2,0.3,9,0.87,0.92320925,0.5806451612903226,0.70430064,1.4326120045537925,1.889893,,,,
path_weight,N/A,rrg,0.7000000000000001,0.2,0.3,9,0.89,0.9432966,0.6451612903225807,0.780719,1.151711411413717,1.210789,,,,
path_weight,N/A,rrg,0.8,0.2,0.3,9,0.9,0.9592476,0.6774193548387099,0.83733886,0.7372921185970732,0.68844604,,,,
path_weight,N/A,rrg,0.9,0.2,0.3,9,0.94,0.9812996,0.8064516129032256,0.9303333,0.30742916587763347,0.34957296,,,,
path_weight,N/A,rrg,1.0,0.2,0.3,9,1.0,0.999667,1.0,0.9989248,8.908138879677945e-05,0.09951676,,,,
path_weight,N/A,rrg,0.0,0.3,0.3,9,0.66,0.70003074,0.0,0.0,3.0610347871878183,4.7643957,,,,
path_weight,N/A,rrg,0.1,0.3,0.3,9,0.71,0.73136884,0.14705882352941158,0.17093037,2.9294994038899187,3.7506542,,,,
path_weight,N/A,rrg,0.2,0.3,0.3,9,0.75,0.7656474,0.2647058823529411,0.27743194,2.553470619601663,3.3742063,,,,
path_weight,N/A,rrg,0.30000000000000004,0.3,0.3,9,0.78,0.80382866,0.35294117647058826,0.37947017,2.3741987836005527,2.9982073,,,,
path_weight,N/A,rrg,0.4,0.3,0.3,9,0.82,0.8310852,0.4705882352941175,0.49467313,2.023756190621073,2.2125227,,,,
path_weight,N/A,rrg,0.5,0.3,0.3,9,0.84,0.86747986,0.5294117647058822,0.5830967,1.6385291691028718,1.9434612,,,,
path_weight,N/A,rrg,0.6000000000000001,0.3,0.3,9,0.88,0.8908098,0.6470588235294118,0.67349064,0.8249647840661141,1.364409,,,,
path_weight,N/A,rrg,0.7000000000000001,0.3,0.3,9,0.9,0.91651326,0.7058823529411765,0.74636525,0.5774360190592589,0.9813938,,,,
path_weight,N/A,rrg,0.8,0.3,0.3,9,0.92,0.9395788,0.7647058823529412,0.81478447,0.373605273256469,0.6082511,,,,
path_weight,N/A,rrg,0.9,0.3,0.3,9,0.95,0.97329164,0.8529411764705881,0.91548854,0.15332605729306106,0.39983237,,,,
path_weight,N/A,rrg,1.0,0.3,0.3,9,1.0,0.9995998,1.0,0.9988218,0.00015963076747736978,0.12778556,,,,
path_weight,N/A,rrg,0.0,0.4,0.3,9,0.61,0.6000866,0.0,0.0,2.4605754340383736,3.4515421,,,,
path_weight,N/A,rrg,0.1,0.4,0.3,9,0.65,0.6491238,0.10256410256410266,0.10227784,1.935032550646384,3.059071,,,,
path_weight,N/A,rrg,0.2,0.4,0.3,9,0.7,0.68357253,0.23076923076923067,0.22133787,1.6325919267060356,2.5415654,,,,
path_weight,N/A,rrg,0.30000000000000004,0.4,0.3,9,0.76,0.72259665,0.38461538461538464,0.33088982,1.413803245545188,2.0298784,,,,
path_weight,N/A,rrg,0.4,0.4,0.3,9,0.79,0.76992136,0.4615384615384617,0.42077348,1.1384543930463742,1.6957153,,,,
path_weight,N/A,rrg,0.5,0.4,0.3,9,0.83,0.8093845,0.564102564102564,0.5206295,0.952882837710439,1.3487744,,,,
path_weight,N/A,rrg,0.6000000000000001,0.4,0.3,9,0.9,0.84987396,0.7435897435897436,0.6290148,0.7802505772644427,1.0803226,,,,
path_weight,N/A,rrg,0.7000000000000001,0.4,0.3,9,0.94,0.8928288,0.846153846153846,0.7394661,0.5449800855552267,0.8005095,,,,
path_weight,N/A,rrg,0.8,0.4,0.3,9,0.97,0.9305859,0.923076923076923,0.82799727,0.18961155811021208,0.4884848,,,,
path_weight,N/A,rrg,0.9,0.4,0.3,9,0.98,0.96531343,0.9487179487179487,0.9113331,0.06868459422276646,0.2643525,,,,
path_weight,N/A,rrg,1.0,0.4,0.3,9,1.0,0.99963355,1.0,0.9990596,8.705853433078127e-05,0.105519034,,,,
random,N/A,rrg,0.0,0.05,0.3,0,0.98,0.95000243,0.0,0.0,18.792351265753425,14.239043,,,,
random,N/A,rrg,0.1,0.05,0.3,0,0.98,0.96578234,0.0,0.0,12.147455130236265,10.944287,,,,
random,N/A,rrg,0.2,0.05,0.3,0,1.0,0.97594947,1.0,0.29862505,3.6303918152830716,6.9596105,,,,
random,N/A,rrg,0.30000000000000004,0.05,0.3,0,1.0,0.994875,1.0,0.7960197,2.3237093824601227,3.8715212,,,,
random,N/A,rrg,0.4,0.05,0.3,0,0.99,0.9881523,0.5,0.45771438,2.4027298826630688,2.4833033,,,,
random,N/A,rrg,0.5,0.05,0.3,0,1.0,0.988263,1.0,0.46732202,2.020015698212222,1.9658782,,,,
random,N/A,rrg,0.6000000000000001,0.05,0.3,0,1.0,0.99935335,1.0,0.96867955,0.7719205916836966,1.1324675,,,,
random,N/A,rrg,0.7000000000000001,0.05,0.3,0,1.0,0.98962736,1.0,0.51756084,0.9910479821941408,0.7775119,,,,
random,N/A,rrg,0.8,0.05,0.3,0,1.0,0.9986754,1.0,0.93727475,0.23990830597743731,0.3622878,,,,
random,N/A,rrg,0.9,0.05,0.3,0,1.0,0.9999608,1.0,0.9980427,0.1799122207877316,0.253768,,,,
random,N/A,rrg,1.0,0.05,0.3,0,1.0,0.9999961,1.0,0.9998063,8.060521807030955e-06,0.01497087,,,,
random,N/A,rrg,0.0,0.1,0.3,0,0.93,0.9000016,0.0,0.0,9.70650647138682,10.7081995,,,,
random,N/A,rrg,0.1,0.1,0.3,0,0.94,0.90848196,0.1428571428571415,0.006779231,7.588868113263968,7.8133893,,,,
random,N/A,rrg,0.2,0.1,0.3,0,0.95,0.94035506,0.2857142857142846,0.2511132,6.151450038314314,6.0519233,,,,
random,N/A,rrg,0.30000000000000004,0.1,0.3,0,0.95,0.9413256,0.2857142857142846,0.30177712,4.7875046436870266,3.9337637,,,,
random,N/A,rrg,0.4,0.1,0.3,0,0.98,0.9632039,0.7142857142857139,0.5760579,1.7482765184289883,2.5392544,,,,
random,N/A,rrg,0.5,0.1,0.3,0,0.99,0.96119326,0.8571428571428569,0.4983523,1.4939041894929561,1.734159,,,,
random,N/A,rrg,0.6000000000000001,0.1,0.3,0,0.98,0.97015834,0.7142857142857139,0.62283623,1.0766673832455191,1.103573,,,,
random,N/A,rrg,0.7000000000000001,0.1,0.3,0,0.99,0.9778273,0.8571428571428569,0.7257302,0.9190031829690739,0.89575994,,,,
random,N/A,rrg,0.8,0.1,0.3,0,1.0,0.9943083,1.0,0.9240826,0.26779176631010815,0.4639401,,,,
random,N/A,rrg,0.9,0.1,0.3,0,1.0,0.9987621,1.0,0.9826043,0.29585926765671827,0.23407201,,,,
random,N/A,rrg,1.0,0.1,0.3,0,1.0,0.9999561,1.0,0.9993722,2.297136689586296e-05,0.031530146,,,,
random,N/A,rrg,0.0,0.2,0.3,0,0.81,0.80000967,0.0,0.0,8.641482806161129,6.836265,,,,
random,N/A,rrg,0.1,0.2,0.3,0,0.82,0.82657224,0.0526315789473679,0.054513946,8.55370392290982,5.8127327,,,,
random,N/A,rrg,0.2,0.2,0.3,0,0.88,0.87128645,0.3684210526315788,0.3300216,4.419712775889948,4.591991,,,,
random,N/A,rrg,0.30000000000000004,0.2,0.3,0,0.87,0.86009234,0.3157894736842103,0.2769097,5.8377473913136235,3.4869132,,,,
random,N/A,rrg,0.4,0.2,0.3,0,0.86,0.9073351,0.2631578947368418,0.44748166,2.7550117662169775,2.6118374,,,,
random,N/A,rrg,0.5,0.2,0.3,0,0.95,0.93311536,0.7368421052631576,0.65616244,1.049129583699489,2.0220923,,,,
random,N/A,rrg,0.6000000000000001,0.2,0.3,0,0.97,0.95339376,0.8421052631578946,0.7727885,2.0905130981728113,1.5598145,,,,
random,N/A,rrg,0.7000000000000001,0.2,0.3,0,0.99,0.97028905,0.9473684210526315,0.85825115,1.2046139796116841,1.0330886,,,,
random,N/A,rrg,0.8,0.2,0.3,0,0.97,0.9762745,0.8421052631578946,0.8708251,1.7243280390806521,0.69640976,,,,
random,N/A,rrg,0.9,0.2,0.3,0,0.99,0.9901273,0.9473684210526315,0.9479776,0.0953364821354802,0.2691269,,,,
random,N/A,rrg,1.0,0.2,0.3,0,1.0,0.99988794,1.0,0.99941,0.0002882921900125278,0.06765673,,,,
random,N/A,rrg,0.0,0.3,0.3,0,0.77,0.70003074,0.0,0.0,6.6972664766409435,4.7643957,,,,
random,N/A,rrg,0.1,0.3,0.3,0,0.78,0.73970765,0.04347826086956526,0.07438446,5.6400690325093255,4.1920605,,,,
random,N/A,rrg,0.2,0.3,0.3,0,0.85,0.78012383,0.3478260869565216,0.21439275,4.172408065694699,3.4287062,,,,
random,N/A,rrg,0.30000000000000004,0.3,0.3,0,0.86,0.81033224,0.39130434782608686,0.34145916,4.162910070497828,2.644215,,,,
random,N/A,rrg,0.4,0.3,0.3,0,0.86,0.8524533,0.39130434782608686,0.40623626,3.029316076501813,2.5532088,,,,
random,N/A,rrg,0.5,0.3,0.3,0,0.92,0.8873413,0.6521739130434784,0.5288507,2.602987585789717,1.9915628,,,,
random,N/A,rrg,0.6000000000000001,0.3,0.3,0,0.95,0.9198249,0.7826086956521737,0.6545302,0.9561037478915902,1.5730666,,,,
random,N/A,rrg,0.7000000000000001,0.3,0.3,0,0.92,0.93371195,0.6521739130434784,0.68998235,1.1347331937938956,0.9043686,,,,
random,N/A,rrg,0.8,0.3,0.3,0,0.98,0.9723558,0.9130434782608695,0.88232803,0.33287776373672073,0.5354118,,,,
random,N/A,rrg,0.9,0.3,0.3,0,0.99,0.9890522,0.9565217391304347,0.9525635,0.11778846255332934,0.39625967,,,,
random,N/A,rrg,1.0,0.3,0.3,0,1.0,0.99981534,1.0,0.99919665,4.8154721292684556e-05,0.079185955,,,,
random,N/A,rrg,0.0,0.4,0.3,0,0.67,0.6000866,0.0,0.0,3.0148030329439375,3.4515421,,,,
random,N/A,rrg,0.1,0.4,0.3,0,0.68,0.6536871,0.030303030303030335,0.08427228,2.6798145429468274,2.9750237,,,,
random,N/A,rrg,0.2,0.4,0.3,0,0.72,0.69044167,0.15151515151515133,0.22980207,2.814849387525996,2.3199832,,,,
random,N/A,rrg,0.30000000000000004,0.4,0.3,0,0.78,0.74355394,0.3333333333333333,0.30486313,1.8750753844283452,2.3791819,,,,
random,N/A,rrg,0.4,0.4,0.3,0,0.82,0.7916345,0.4545454545454543,0.45344657,1.5559858870413004,1.8580197,,,,
random,N/A,rrg,0.5,0.4,0.3,0,0.85,0.8340585,0.5454545454545453,0.55286556,1.3111523340753835,1.4165727,,,,
random,N/A,rrg,0.6000000000000001,0.4,0.3,0,0.88,0.8559435,0.6363636363636364,0.62890697,1.0423508308904803,0.9523141,,,,
random,N/A,rrg,0.7000000000000001,0.4,0.3,0,0.91,0.9060802,0.7272727272727273,0.7233076,0.9168438568456219,0.9371256,,,,
random,N/A,rrg,0.8,0.4,0.3,0,0.95,0.94097334,0.8484848484848483,0.8323733,0.4336498414843645,0.54401577,,,,
random,N/A,rrg,0.9,0.4,0.3,0,1.0,0.97482896,1.0,0.9270971,0.14955410791452325,0.31607106,,,,
random,N/A,rrg,1.0,0.4,0.3,0,1.0,0.9997302,1.0,0.999182,0.0001084076711217625,0.10759425,,,,
random,N/A,rrg,0.0,0.05,0.3,1,0.98,0.95000243,0.0,0.0,24.914036084021244,14.239043,,,,
random,N/A,rrg,0.1,0.05,0.3,1,0.97,0.96941704,-0.5,0.0026416252,6.297347232997024,7.3315406,,,,
random,N/A,rrg,0.2,0.05,0.3,1,0.97,0.9682876,-0.5,0.018187791,5.385984294402042,5.8379226,,,,
random,N/A,rrg,0.30000000000000004,0.05,0.3,1,0.96,0.98276347,-1.0,0.3247316,2.6429093995190867,3.1216166,,,,
random,N/A,rrg,0.4,0.05,0.3,1,1.0,0.9856216,1.0,0.42899817,1.6371711372365545,2.3982644,,,,
random,N/A,rrg,0.5,0.05,0.3,1,1.0,0.99734235,1.0,0.882703,1.4666590118206162,1.5342963,,,,
random,N/A,rrg,0.6000000000000001,0.05,0.3,1,1.0,0.99211097,1.0,0.6214918,1.0712976984748952,1.0891932,,,,
random,N/A,rrg,0.7000000000000001,0.05,0.3,1,1.0,0.9979185,1.0,0.90572983,0.7295876053371151,0.84576845,,,,
random,N/A,rrg,0.8,0.05,0.3,1,1.0,0.9987357,1.0,0.9405446,0.6282930549485428,0.44946817,,,,
random,N/A,rrg,0.9,0.05,0.3,1,1.0,0.99998397,1.0,0.999199,0.3652029232368902,0.28232646,,,,
random,N/A,rrg,1.0,0.05,0.3,1,1.0,0.9999969,1.0,0.999845,1.404555803889824e-06,0.0077238507,,,,
random,N/A,rrg,0.0,0.1,0.3,1,0.92,0.9000016,0.0,0.0,9.730436639538675,10.7081995,,,,
random,N/A,rrg,0.1,0.1,0.3,1,0.92,0.91807044,0.0,0.0,6.86487906151656,8.216001,,,,
random,N/A,rrg,0.2,0.1,0.3,1,0.95,0.92654335,0.3749999999999991,0.28997186,5.742557273354407,6.123333,,,,
random,N/A,rrg,0.30000000000000004,0.1,0.3,1,0.94,0.9427872,0.24999999999999895,0.25902298,4.8952092651070345,4.3166785,,,,
random,N/A,rrg,0.4,0.1,0.3,1,1.0,0.9653923,1.0,0.67195255,1.892841590651455,3.2294848,,,,
random,N/A,rrg,0.5,0.1,0.3,1,0.99,0.9845158,0.8749999999999998,0.81385267,1.297213087564855,2.1065948,,,,
random,N/A,rrg,0.6000000000000001,0.1,0.3,1,0.99,0.9842025,0.8749999999999998,0.80176544,0.9785654206322557,1.2425303,,,,
random,N/A,rrg,0.7000000000000001,0.1,0.3,1,1.0,0.98358047,1.0,0.8122879,1.048963615194355,0.920303,,,,
random,N/A,rrg,0.8,0.1,0.3,1,1.0,0.9972333,1.0,0.9665547,0.3750535187059697,0.49894568,,,,
random,N/A,rrg,0.9,0.1,0.3,1,1.0,0.99850106,1.0,0.98159665,0.1013728013362577,0.1795948,,,,
random,N/A,rrg,1.0,0.1,0.3,1,1.0,0.9999439,1.0,0.9992986,7.677225254967542e-05,0.04215547,,,,
random,N/A,rrg,0.0,0.2,0.3,1,0.81,0.80000967,0.0,0.0,7.777335576966489,6.836265,,,,
random,N/A,rrg,0.1,0.2,0.3,1,0.81,0.82215124,0.0,0.014787725,6.189160041332996,5.7158856,,,,
random,N/A,rrg,0.2,0.2,0.3,1,0.84,0.86037195,0.15789473684210487,0.17685567,5.335713910738368,5.545691,,,,
random,N/A,rrg,0.30000000000000004,0.2,0.3,1,0.89,0.87329763,0.4210526315789473,0.40598035,5.150587342327483,3.2812371,,,,
random,N/A,rrg,0.4,0.2,0.3,1,0.88,0.87672484,0.3684210526315788,0.4331966,3.814035460406385,2.2932465,,,,
random,N/A,rrg,0.5,0.2,0.3,1,0.95,0.90595376,0.7368421052631576,0.601036,2.903738784501065,1.5700933,,,,
random,N/A,rrg,0.6000000000000001,0.2,0.3,1,0.96,0.9288632,0.7894736842105261,0.6653518,1.3282821243708565,1.2894691,,,,
random,N/A,rrg,0.7000000000000001,0.2,0.3,1,0.94,0.95378023,0.6842105263157892,0.7755784,0.889266685663616,1.0396973,,,,
random,N/A,rrg,0.8,0.2,0.3,1,0.96,0.96318656,0.7894736842105261,0.8133126,0.751592114226026,0.56827253,,,,
random,N/A,rrg,0.9,0.2,0.3,1,0.99,0.98261917,0.9473684210526315,0.91311985,0.29795358638915254,0.30381832,,,,
random,N/A,rrg,1.0,0.2,0.3,1,1.0,0.9998483,1.0,0.9992011,7.736186096236598e-05,0.06443545,,,,
random,N/A,rrg,0.0,0.3,0.3,1,0.69,0.70003074,0.0,0.0,5.473635037431959,4.7643957,,,,
random,N/A,rrg,0.1,0.3,0.3,1,0.73,0.7412355,0.1290322580645162,0.04606137,3.4903598433180814,4.321694,,,,
random,N/A,rrg,0.2,0.3,0.3,1,0.75,0.78658354,0.19354838709677433,0.22791353,3.0655178374915253,3.5938175,,,,
random,N/A,rrg,0.30000000000000004,0.3,0.3,1,0.75,0.8061731,0.19354838709677433,0.23635395,2.4535444256380985,2.9363086,,,,
random,N/A,rrg,0.4,0.3,0.3,1,0.83,0.84530973,0.45161290322580644,0.4844887,1.9233684102283803,2.2026556,,,,
random,N/A,rrg,0.5,0.3,0.3,1,0.87,0.8839019,0.5806451612903226,0.5996746,1.1532763114992504,1.5844098,,,,
random,N/A,rrg,0.6000000000000001,0.3,0.3,1,0.9,0.8987427,0.6774193548387099,0.67823356,0.8117332538497647,1.2953926,,,,
random,N/A,rrg,0.7000000000000001,0.3,0.3,1,0.91,0.9432863,0.7096774193548389,0.79266274,0.968024069548662,0.7983064,,,,
random,N/A,rrg,0.8,0.3,0.3,1,0.95,0.9579876,0.8387096774193548,0.86081403,0.6599630617132536,0.5626532,,,,
random,N/A,rrg,0.9,0.3,0.3,1,0.96,0.98468745,0.8709677419354838,0.9462874,0.40630768095382436,0.31953558,,,,
random,N/A,rrg,1.0,0.3,0.3,1,1.0,0.99967796,1.0,0.99896026,0.00010040755864318037,0.10850772,,,,
random,N/A,rrg,0.0,0.4,0.3,1,0.56,0.6000866,0.0,0.0,4.523279403516981,3.4515421,,,,
random,N/A,rrg,0.1,0.4,0.3,1,0.62,0.6607013,0.13636363636363624,0.09250534,3.4520621910419345,3.1543264,,,,
random,N/A,rrg,0.2,0.4,0.3,1,0.71,0.69692034,0.3409090909090908,0.29000223,2.6796092602484656,2.4938207,,,,
random,N/A,rrg,0.30000000000000004,0.4,0.3,1,0.7,0.74732125,0.318181818181818,0.3535898,1.6462465868974718,2.1891205,,,,
random,N/A,rrg,0.4,0.4,0.3,1,0.75,0.7786165,0.43181818181818177,0.48091334,2.462179343009568,1.6871468,,,,
random,N/A,rrg,0.5,0.4,0.3,1,0.79,0.8341026,0.5227272727272727,0.5797939,1.263009874659631,1.4430717,,,,
random,N/A,rrg,0.6000000000000001,0.4,0.3,1,0.85,0.86624527,0.659090909090909,0.68525994,0.9266489311327594,1.2113491,,,,
random,N/A,rrg,0.7000000000000001,0.4,0.3,1,0.92,0.9147892,0.8181818181818182,0.7952084,0.495275048866488,0.94369704,,,,
random,N/A,rrg,0.8,0.4,0.3,1,0.95,0.9410908,0.8863636363636362,0.86591446,0.3568502538417582,0.6295111,,,,
random,N/A,rrg,0.9,0.4,0.3,1,0.96,0.9628478,0.909090909090909,0.91307414,0.1336798505750032,0.3015776,,,,
random,N/A,rrg,1.0,0.4,0.3,1,1.0,0.9996308,1.0,0.99916035,0.00018128245070037443,0.12107646,,,,
random,N/A,rrg,0.0,0.05,0.3,2,0.91,0.95000243,0.0,0.0,13.286429386938726,14.239043,,,,
random,N/A,rrg,0.1,0.05,0.3,2,0.91,0.93138385,0.0,0.0,8.786679987514454,8.326071,,,,
random,N/A,rrg,0.2,0.05,0.3,2,0.91,0.94596505,0.0,0.0,5.340595528853759,5.820092,,,,
random,N/A,rrg,0.30000000000000004,0.05,0.3,2,0.94,0.9591911,0.33333333333333254,0.42366844,3.1895154498517497,3.7999918,,,,
random,N/A,rrg,0.4,0.05,0.3,2,0.97,0.9761557,0.6666666666666663,0.71561193,2.252668427896816,2.3242884,,,,
random,N/A,rrg,0.5,0.05,0.3,2,0.98,0.98045045,0.7777777777777775,0.78167534,1.1325435934517651,1.4826626,,,,
random,N/A,rrg,0.6000000000000001,0.05,0.3,2,0.96,0.9758513,0.555555555555555,0.63310283,1.4151950423920077,0.99174964,,,,
random,N/A,rrg,0.7000000000000001,0.05,0.3,2,0.98,0.9951283,0.7777777777777775,0.93492156,1.0132313659879164,0.7245895,,,,
random,N/A,rrg,0.8,0.05,0.3,2,0.99,0.98869807,0.8888888888888887,0.8761313,0.5864673840642708,0.58784634,,,,
random,N/A,rrg,0.9,0.05,0.3,2,1.0,0.99745214,1.0,0.97143036,0.20639490782126468,0.24201815,,,,
random,N/A,rrg,1.0,0.05,0.3,2,1.0,0.9999352,1.0,0.99927974,2.955653391530545e-05,0.032381143,,,,
random,N/A,rrg,0.0,0.1,0.3,2,0.92,0.9000016,0.0,0.0,11.938384265652566,10.7081995,,,,
random,N/A,rrg,0.1,0.1,0.3,2,0.93,0.9094897,0.12500000000000017,0.09949166,8.911234644083244,7.608972,,,,
random,N/A,rrg,0.2,0.1,0.3,2,0.92,0.93332964,0.0,0.18151458,5.127436171614631,5.369528,,,,
random,N/A,rrg,0.30000000000000004,0.1,0.3,2,0.94,0.941452,0.24999999999999895,0.36905512,3.0332365442240166,3.6696289,,,,
random,N/A,rrg,0.4,0.1,0.3,2,0.93,0.9459087,0.12500000000000017,0.35102198,2.388913329238193,2.633658,,,,
random,N/A,rrg,0.5,0.1,0.3,2,0.97,0.95164454,0.6249999999999994,0.40491185,1.8616529764661869,1.9565701,,,,
random,N/A,rrg,0.6000000000000001,0.1,0.3,2,0.97,0.9584522,0.6249999999999994,0.50058645,1.7002405599358696,1.3419529,,,,
random,N/A,rrg,0.7000000000000001,0.1,0.3,2,1.0,0.985867,1.0,0.8335993,0.535670373183594,0.96294093,,,,
random,N/A,rrg,0.8,0.1,0.3,2,1.0,0.9912077,1.0,0.9007336,0.1898372975526211,0.45958215,,,,
random,N/A,rrg,0.9,0.1,0.3,2,1.0,0.9983652,1.0,0.97996825,0.1074078533009936,0.27195966,,,,
random,N/A,rrg,1.0,0.1,0.3,2,1.0,0.99997574,1.0,0.99969673,1.2171099842880178e-05,0.02721801,,,,
random,N/A,rrg,0.0,0.2,0.3,2,0.84,0.80000967,0.0,0.0,7.626919064477169,6.836265,,,,
random,N/A,rrg,0.1,0.2,0.3,2,0.87,0.8148351,0.18750000000000014,0.13942066,7.113433459413268,5.09216,,,,
random,N/A,rrg,0.2,0.2,0.3,2,0.85,0.8665733,0.06250000000000004,0.17292376,4.991120273470326,4.808557,,,,
random,N/A,rrg,0.30000000000000004,0.2,0.3,2,0.88,0.86328834,0.25000000000000017,0.29476666,5.897219372805888,3.1018536,,,,
random,N/A,rrg,0.4,0.2,0.3,2,0.88,0.8747679,0.25000000000000017,0.33105835,3.2771879875679115,2.4268813,,,,
random,N/A,rrg,0.5,0.2,0.3,2,0.96,0.9323235,0.7499999999999998,0.619258,2.366525630907799,1.8851033,,,,
random,N/A,rrg,0.6000000000000001,0.2,0.3,2,0.95,0.93235564,0.6874999999999998,0.6450327,1.4723038608759504,1.6171681,,,,
random,N/A,rrg,0.7000000000000001,0.2,0.3,2,0.98,0.9642257,0.8749999999999999,0.7927331,0.6545097522243752,1.0252142,,,,
random,N/A,rrg,0.8,0.2,0.3,2,0.99,0.9719249,0.9375,0.82965523,0.37807239260783815,0.5933602,,,,
random,N/A,rrg,0.9,0.2,0.3,2,0.99,0.9903903,0.9375,0.9397757,0.3031326010331526,0.2367976,,,,
random,N/A,rrg,1.0,0.2,0.3,2,1.0,0.9999382,1.0,0.9996136,2.3812254857246182e-05,0.038879428,,,,
random,N/A,rrg,0.0,0.3,0.3,2,0.6,0.70003074,0.0,0.0,3.4169991426565685,4.7643957,,,,
random,N/A,rrg,0.1,0.3,0.3,2,0.65,0.7262941,0.1250000000000001,0.15443087,2.9708651161440662,3.775707,,,,
random,N/A,rrg,0.2,0.3,0.3,2,0.69,0.7486489,0.22499999999999992,0.2064293,2.599020206341844,2.834561,,,,
random,N/A,rrg,0.30000000000000004,0.3,0.3,2,0.74,0.79012024,0.35000000000000003,0.37338454,2.1727263252043785,2.3307426,,,,
random,N/A,rrg,0.4,0.3,0.3,2,0.76,0.8309593,0.4000000000000001,0.45750636,1.9140534557838373,2.0658627,,,,
random,N/A,rrg,0.5,0.3,0.3,2,0.85,0.84611434,0.625,0.6018742,1.320194851571975,1.2867318,,,,
random,N/A,rrg,0.6000000000000001,0.3,0.3,2,0.89,0.9041202,0.7250000000000001,0.75141895,1.0484161064430062,1.2924374,,,,
random,N/A,rrg,0.7000000000000001,0.3,0.3,2,0.9,0.9228469,0.7500000000000001,0.7916248,0.8180518490474198,0.8420701,,,,
random,N/A,rrg,0.8,0.3,0.3,2,0.95,0.9453262,0.8749999999999999,0.85645723,0.7786973068902199,0.4851009,,,,
random,N/A,rrg,0.9,0.3,0.3,2,0.97,0.97286415,0.9249999999999999,0.9315929,0.21138056558968665,0.26645476,,,,
random,N/A,rrg,1.0,0.3,0.3,2,1.0,0.9995057,1.0,0.99876285,0.00016416168970081538,0.1263489,,,,
random,N/A,rrg,0.0,0.4,0.3,2,0.59,0.6000866,0.0,0.0,2.1361761904451577,3.4515421,,,,
random,N/A,rrg,0.1,0.4,0.3,2,0.64,0.6455329,0.12195121951219522,0.14741431,1.891369938015344,2.7058938,,,,
random,N/A,rrg,0.2,0.4,0.3,2,0.7,0.6813524,0.26829268292682923,0.23772345,1.6329369069880015,2.24197,,,,
random,N/A,rrg,0.30000000000000004,0.4,0.3,2,0.76,0.72759485,0.4146341463414635,0.33852264,1.4214002724353736,1.7540089,,,,
random,N/A,rrg,0.4,0.4,0.3,2,0.82,0.77625215,0.5609756097560975,0.47543073,0.9406975857507558,1.5362796,,,,
random,N/A,rrg,0.5,0.4,0.3,2,0.85,0.81659895,0.6341463414634146,0.5768248,0.517461192472221,1.312004,,,,
random,N/A,rrg,0.6000000000000001,0.4,0.3,2,0.85,0.8462951,0.6341463414634146,0.6477331,0.5546202981316875,0.8770455,,,,
random,N/A,rrg,0.7000000000000001,0.4,0.3,2,0.92,0.8897474,0.804878048780488,0.74573225,0.5431582384616139,0.6365136,,,,
random,N/A,rrg,0.8,0.4,0.3,2,0.94,0.9434496,0.8536585365853657,0.85978216,0.4229998960974855,0.43782556,,,,
random,N/A,rrg,0.9,0.4,0.3,2,0.97,0.9675061,0.9268292682926829,0.92279947,0.1147522758564557,0.20694242,,,,
random,N/A,rrg,1.0,0.4,0.3,2,1.0,0.9995791,1.0,0.9989724,0.00010042424534193088,0.11835013,,,,
random,N/A,rrg,0.0,0.05,0.3,3,0.93,0.95000243,0.0,0.0,12.10322753986231,14.239043,,,,
random,N/A,rrg,0.1,0.05,0.3,3,0.94,0.95383155,0.1428571428571415,0.17803577,8.78540838170973,8.826502,,,,
random,N/A,rrg,0.2,0.05,0.3,3,0.96,0.9627549,0.42857142857142766,0.44612846,5.51503936902969,5.946684,,,,
random,N/A,rrg,0.30000000000000004,0.05,0.3,3,0.96,0.9632517,0.42857142857142766,0.44481406,3.4175121538119275,3.871889,,,,
random,N/A,rrg,0.4,0.05,0.3,3,0.95,0.9707149,0.2857142857142846,0.481543,3.7292732265396955,2.3575737,,,,
random,N/A,rrg,0.5,0.05,0.3,3,0.96,0.9678187,0.42857142857142766,0.5726914,3.975209527319296,1.8907771,,,,
random,N/A,rrg,0.6000000000000001,0.05,0.3,3,0.98,0.98059916,0.7142857142857139,0.7150137,1.6486551353557701,1.3423685,,,,
random,N/A,rrg,0.7000000000000001,0.05,0.3,3,1.0,0.9954207,1.0,0.938584,1.4625833703481943,1.0043174,,,,
random,N/A,rrg,0.8,0.05,0.3,3,0.99,0.9962745,0.8571428571428569,0.94153625,0.3640008806498287,0.62551904,,,,
random,N/A,rrg,0.9,0.05,0.3,3,1.0,0.996491,1.0,0.95098954,0.08024331310271501,0.18093868,,,,
random,N/A,rrg,1.0,0.05,0.3,3,1.0,0.9999795,1.0,0.9997071,0.00013599996839973238,0.04521431,,,,
random,N/A,rrg,0.0,0.1,0.3,3,0.97,0.9000016,0.0,0.0,42.0623995969209,10.7081995,,,,
random,N/A,rrg,0.1,0.1,0.3,3,0.97,0.95709914,0.0,0.0,10.947096424559009,9.755233,,,,
random,N/A,rrg,0.2,0.1,0.3,3,0.97,0.9703344,0.0,0.0,6.765822790666895,5.804341,,,,
random,N/A,rrg,0.30000000000000004,0.1,0.3,3,0.97,0.98335147,0.0,0.429167,5.127705720610546,3.4183254,,,,
random,N/A,rrg,0.4,0.1,0.3,3,0.98,0.9846489,0.3333333333333333,0.39445972,7.091349325666502,3.217111,,,,
random,N/A,rrg,0.5,0.1,0.3,3,0.99,0.9941937,0.6666666666666666,0.7750041,2.9698744100006342,1.858168,,,,
random,N/A,rrg,0.6000000000000001,0.1,0.3,3,1.0,0.9988932,1.0,0.9644117,1.860052222869668,0.99042404,,,,
random,N/A,rrg,0.7000000000000001,0.1,0.3,3,1.0,0.99731797,1.0,0.91778874,0.7456597828603515,0.687289,,,,
random,N/A,rrg,0.8,0.1,0.3,3,1.0,0.99963754,1.0,0.98801666,1.171327263437625,0.44547343,,,,
random,N/A,rrg,0.9,0.1,0.3,3,1.0,0.9995445,1.0,0.98494166,0.31845380404669,0.27511322,,,,
random,N/A,rrg,1.0,0.1,0.3,3,1.0,0.99977136,1.0,0.992322,0.0010189139750081402,0.066820234,,,,
random,N/A,rrg,0.0,0.2,0.3,3,0.79,0.80000967,0.0,0.0,5.313109364464963,6.836265,,,,
random,N/A,rrg,0.1,0.2,0.3,3,0.82,0.8121401,0.1428571428571425,0.116916396,5.206347697866908,5.158282,,,,
random,N/A,rrg,0.2,0.2,0.3,3,0.83,0.8568298,0.19047619047619016,0.17925115,3.8915090737838214,4.682489,,,,
random,N/A,rrg,0.30000000000000004,0.2,0.3,3,0.9,0.87341887,0.5238095238095238,0.37898475,2.3404653614335222,2.9781654,,,,
random,N/A,rrg,0.4,0.2,0.3,3,0.88,0.8883681,0.4285714285714285,0.488832,1.4939043429535763,2.3135335,,,,
random,N/A,rrg,0.5,0.2,0.3,3,0.9,0.91083086,0.5238095238095238,0.4883237,1.683761967435065,1.8472769,,,,
random,N/A,rrg,0.6000000000000001,0.2,0.3,3,0.97,0.94179434,0.857142857142857,0.74204063,1.2092119400634616,1.3009698,,,,
random,N/A,rrg,0.7000000000000001,0.2,0.3,3,0.97,0.9576253,0.857142857142857,0.81341875,0.9827816624395876,0.9029463,,,,
random,N/A,rrg,0.8,0.2,0.3,3,0.98,0.980465,0.9047619047619047,0.90673214,0.48022990628414525,0.68285346,,,,
random,N/A,rrg,0.9,0.2,0.3,3,0.99,0.99317056,0.9523809523809523,0.96648425,0.2387572804749772,0.32791382,,,,
random,N/A,rrg,1.0,0.2,0.3,3,1.0,0.99990225,1.0,0.99953437,2.4009384596055398e-05,0.04574698,,,,
random,N/A,rrg,0.0,0.3,0.3,3,0.76,0.70003074,0.0,0.0,7.088790982256178,4.7643957,,,,
random,N/A,rrg,0.1,0.3,0.3,3,0.8,0.7408567,0.16666666666666682,0.11018806,6.238645958144064,4.0612345,,,,
random,N/A,rrg,0.2,0.3,0.3,3,0.8,0.779144,0.16666666666666682,0.16430797,5.43221455683624,3.6811163,,,,
random,N/A,rrg,0.30000000000000004,0.3,0.3,3,0.83,0.8009952,0.29166666666666646,0.26731396,4.29846091512114,2.6576319,,,,
random,N/A,rrg,0.4,0.3,0.3,3,0.85,0.8744024,0.3749999999999999,0.45636997,2.6584176060506777,2.7774875,,,,
random,N/A,rrg,0.5,0.3,0.3,3,0.86,0.8649861,0.4166666666666666,0.45893466,2.46940355250695,1.8186777,,,,
random,N/A,rrg,0.6000000000000001,0.3,0.3,3,0.93,0.9156478,0.7083333333333335,0.6592344,1.3524821050918712,1.423426,,,,
random,N/A,rrg,0.7000000000000001,0.3,0.3,3,0.97,0.9511672,0.8749999999999999,0.81125766,2.1595629483068475,1.0310326,,,,
random,N/A,rrg,0.8,0.3,0.3,3,0.97,0.9637272,0.8749999999999999,0.8514353,0.5973813051497264,0.5417289,,,,
random,N/A,rrg,0.9,0.3,0.3,3,0.98,0.98339796,0.9166666666666666,0.932848,0.2347912135560233,0.3152054,,,,
random,N/A,rrg,1.0,0.3,0.3,3,1.0,0.9998644,1.0,0.9994347,2.9774594527505507e-05,0.048878923,,,,
random,N/A,rrg,0.0,0.4,0.3,3,0.67,0.6000866,0.0,0.0,5.452421180078717,3.4515421,,,,
random,N/A,rrg,0.1,0.4,0.3,3,0.69,0.6453511,0.06060606060606033,0.098002926,5.069479401697343,2.9435349,,,,
random,N/A,rrg,0.2,0.4,0.3,3,0.68,0.68929994,0.030303030303030335,0.17884967,3.2228975932005177,2.5051248,,,,
random,N/A,rrg,0.30000000000000004,0.4,0.3,3,0.74,0.7619469,0.212121212121212,0.27837855,3.108212871896179,2.3737953,,,,
random,N/A,rrg,0.4,0.4,0.3,3,0.82,0.7784117,0.4545454545454543,0.44107103,3.8693201186180293,1.6283164,,,,
random,N/A,rrg,0.5,0.4,0.3,3,0.83,0.81614065,0.48484848484848464,0.5294562,3.956786619314101,1.2706538,,,,
random,N/A,rrg,0.6000000000000001,0.4,0.3,3,0.9,0.8848853,0.696969696969697,0.6657813,0.7215339378951476,1.3072674,,,,
random,N/A,rrg,0.7000000000000001,0.4,0.3,3,0.92,0.91686106,0.7575757575757577,0.75379026,0.41893625095415815,0.7883549,,,,
random,N/A,rrg,0.8,0.4,0.3,3,0.96,0.9502455,0.8787878787878787,0.8629978,0.3553654069749184,0.52539825,,,,
random,N/A,rrg,0.9,0.4,0.3,3,0.97,0.9755436,0.909090909090909,0.9255063,0.25058798235684326,0.22957508,,,,
random,N/A,rrg,1.0,0.4,0.3,3,1.0,0.99972415,1.0,0.9991635,7.299837531664207e-05,0.09037586,,,,
random,N/A,rrg,0.0,0.05,0.3,4,0.93,0.95000243,0.0,0.0,13.163434582556402,14.239043,,,,
random,N/A,rrg,0.1,0.05,0.3,4,0.93,0.9454795,0.0,0.0,9.444699949503548,9.804272,,,,
random,N/A,rrg,0.2,0.05,0.3,4,0.94,0.9520736,0.1428571428571415,0.17263265,6.24994022637944,5.7495937,,,,
random,N/A,rrg,0.30000000000000004,0.05,0.3,4,0.96,0.9704673,0.42857142857142766,0.50392276,2.2845029863129214,3.7407444,,,,
random,N/A,rrg,0.4,0.05,0.3,4,0.98,0.98233545,0.7142857142857139,0.7781075,1.7762892484612012,2.7113154,,,,
random,N/A,rrg,0.5,0.05,0.3,4,0.97,0.98233956,0.5714285714285707,0.7038113,1.0814499768323673,1.5763332,,,,
random,N/A,rrg,0.6000000000000001,0.05,0.3,4,0.99,0.97982544,0.8571428571428569,0.697912,0.768860509223583,1.072611,,,,
random,N/A,rrg,0.7000000000000001,0.05,0.3,4,0.98,0.9883522,0.7142857142857139,0.81105727,1.1992338289663642,0.87182665,,,,
random,N/A,rrg,0.8,0.05,0.3,4,1.0,0.991913,1.0,0.88374203,0.34113854171513447,0.48244107,,,,
random,N/A,rrg,0.9,0.05,0.3,4,1.0,0.9994144,1.0,0.99168336,0.10552399902078652,0.2114862,,,,
random,N/A,rrg,1.0,0.05,0.3,4,1.0,0.99997765,1.0,0.99968064,4.536290537763171e-05,0.028690286,,,,
random,N/A,rrg,0.0,0.1,0.3,4,0.9,0.9000016,0.0,0.0,8.169520096531778,10.7081995,,,,
random,N/A,rrg,0.1,0.1,0.3,4,0.92,0.90832984,0.20000000000000023,0.17909479,7.024247091249392,7.2593412,,,,
random,N/A,rrg,0.2,0.1,0.3,4,0.94,0.9282545,0.39999999999999936,0.35795394,4.735649955009081,5.272702,,,,
random,N/A,rrg,0.30000000000000004,0.1,0.3,4,0.93,0.94751406,0.3000000000000003,0.4221824,4.2226644347319615,4.651911,,,,
random,N/A,rrg,0.4,0.1,0.3,4,0.93,0.95492315,0.3000000000000003,0.55337125,3.3854934058581603,2.865507,,,,
random,N/A,rrg,0.5,0.1,0.3,4,0.95,0.9570986,0.49999999999999944,0.536024,2.605008699159273,1.5841783,,,,
random,N/A,rrg,0.6000000000000001,0.1,0.3,4,0.98,0.9837406,0.7999999999999998,0.8238352,1.7962912527665527,1.3847814,,,,
random,N/A,rrg,0.7000000000000001,0.1,0.3,4,1.0,0.9780456,1.0,0.80297464,0.8382561488102976,0.77979505,,,,
random,N/A,rrg,0.8,0.1,0.3,4,1.0,0.98458254,1.0,0.8611141,0.35604968831759765,0.3561617,,,,
random,N/A,rrg,0.9,0.1,0.3,4,1.0,0.9931913,1.0,0.93201905,0.3053097771655177,0.30015832,,,,
random,N/A,rrg,1.0,0.1,0.3,4,1.0,0.9999273,1.0,0.99927247,3.4676353653413586e-05,0.03715401,,,,
random,N/A,rrg,0.0,0.2,0.3,4,0.82,0.80000967,0.0,0.0,6.523446893647397,6.836265,,,,
random,N/A,rrg,0.1,0.2,0.3,4,0.83,0.82780045,0.05555555555555559,0.054883283,5.297804222464688,5.819695,,,,
random,N/A,rrg,0.2,0.2,0.3,4,0.83,0.8367636,0.05555555555555559,0.12841684,5.283022612936208,4.0680537,,,,
random,N/A,rrg,0.30000000000000004,0.2,0.3,4,0.9,0.86333007,0.4444444444444447,0.3450888,4.480450552501918,3.3241367,,,,
random,N/A,rrg,0.4,0.2,0.3,4,0.92,0.9146637,0.5555555555555559,0.49936917,2.5843060205314896,2.8362796,,,,
random,N/A,rrg,0.5,0.2,0.3,4,0.91,0.9142693,0.5000000000000003,0.48498076,2.4436581956298054,1.8986057,,,,
random,N/A,rrg,0.6000000000000001,0.2,0.3,4,0.94,0.9405071,0.6666666666666664,0.67618144,1.2853092754515825,1.350484,,,,
random,N/A,rrg,0.7000000000000001,0.2,0.3,4,0.97,0.9559735,0.8333333333333333,0.77131784,0.8557929331700547,0.8707024,,,,
random,N/A,rrg,0.8,0.2,0.3,4,0.99,0.97053427,0.9444444444444444,0.83090454,0.6744565808211586,0.5955751,,,,
random,N/A,rrg,0.9,0.2,0.3,4,0.99,0.98864526,0.9444444444444444,0.9350265,0.5109443119367612,0.34476194,,,,
random,N/A,rrg,1.0,0.2,0.3,4,1.0,0.99990594,1.0,0.99947727,2.427095443020267e-05,0.046299472,,,,
random,N/A,rrg,0.0,0.3,0.3,4,0.7,0.70003074,0.0,0.0,4.887626126299146,4.7643957,,,,
random,N/A,rrg,0.1,0.3,0.3,4,0.75,0.74018973,0.1666666666666668,0.16314054,3.691114177450736,3.973601,,,,
random,N/A,rrg,0.2,0.3,0.3,4,0.75,0.76270515,0.1666666666666668,0.16289721,3.5879510195405313,3.156166,,,,
random,N/A,rrg,0.30000000000000004,0.3,0.3,4,0.79,0.7928448,0.3000000000000002,0.2827627,2.823005502147357,2.5340867,,,,
random,N/A,rrg,0.4,0.3,0.3,4,0.82,0.8454167,0.3999999999999999,0.46601126,2.0381026256760446,1.8976227,,,,
random,N/A,rrg,0.5,0.3,0.3,4,0.85,0.8599824,0.5,0.5328889,1.4694151149243124,1.6595312,,,,
random,N/A,rrg,0.6000000000000001,0.3,0.3,4,0.87,0.90532964,0.5666666666666668,0.6686709,0.9048856897201657,1.0473051,,,,
random,N/A,rrg,0.7000000000000001,0.3,0.3,4,0.91,0.9171105,0.7000000000000002,0.7220075,0.8365436833415767,0.8028953,,,,
random,N/A,rrg,0.8,0.3,0.3,4,0.98,0.9478666,0.9333333333333332,0.8400392,0.5655034572388223,0.53590125,,,,
random,N/A,rrg,0.9,0.3,0.3,4,1.0,0.9861083,1.0,0.9557037,0.21346794364345326,0.2500365,,,,
random,N/A,rrg,1.0,0.3,0.3,4,1.0,0.99971414,1.0,0.9990464,7.077466467842772e-05,0.09794596,,,,
random,N/A,rrg,0.0,0.4,0.3,4,0.64,0.6000866,0.0,0.0,3.2202321446630693,3.4515421,,,,
random,N/A,rrg,0.1,0.4,0.3,4,0.68,0.6491162,0.11111111111111122,0.12606712,2.4907166916868886,3.027722,,,,
random,N/A,rrg,0.2,0.4,0.3,4,0.71,0.69926345,0.1944444444444443,0.19963712,1.6016398032835566,2.6660526,,,,
random,N/A,rrg,0.30000000000000004,0.4,0.3,4,0.79,0.72420037,0.41666666666666674,0.35256916,2.134066680550595,2.0271451,,,,
random,N/A,rrg,0.4,0.4,0.3,4,0.81,0.7960981,0.4722222222222224,0.46180487,1.2695345046374926,1.6271911,,,,
random,N/A,rrg,0.5,0.4,0.3,4,0.9,0.82169145,0.7222222222222223,0.5892887,1.2041793913567849,1.2656952,,,,
random,N/A,rrg,0.6000000000000001,0.4,0.3,4,0.92,0.858359,0.7777777777777779,0.64373606,1.1339020217536377,1.1196561,,,,
random,N/A,rrg,0.7000000000000001,0.4,0.3,4,0.93,0.8992197,0.8055555555555557,0.73806113,0.36536907376243855,0.7214141,,,,
random,N/A,rrg,0.8,0.4,0.3,4,0.95,0.9368364,0.8611111111111109,0.83859223,0.30326396025223323,0.45720288,,,,
random,N/A,rrg,0.9,0.4,0.3,4,0.96,0.96395195,0.8888888888888888,0.9014533,0.08991750386959278,0.2515317,,,,
random,N/A,rrg,1.0,0.4,0.3,4,1.0,0.99964094,1.0,0.99900174,8.871263278988642e-05,0.10697399,,,,
random,N/A,rrg,0.0,0.05,0.3,5,0.93,0.95000243,0.0,0.0,14.760803833807621,14.239043,,,,
random,N/A,rrg,0.1,0.05,0.3,5,0.94,0.944358,0.1428571428571415,0.08786607,9.145443796628788,8.88253,,,,
random,N/A,rrg,0.2,0.05,0.3,5,0.95,0.95559907,0.2857142857142846,0.4226935,3.979091751513388,4.938684,,,,
random,N/A,rrg,0.30000000000000004,0.05,0.3,5,0.94,0.94642615,0.1428571428571415,0.16233304,3.2213484341878154,3.6078124,,,,
random,N/A,rrg,0.4,0.05,0.3,5,0.95,0.9577793,0.2857142857142846,0.37065056,1.3533151060780886,2.307534,,,,
random,N/A,rrg,0.5,0.05,0.3,5,0.96,0.966463,0.42857142857142766,0.49609932,1.005703124305979,1.5521077,,,,
random,N/A,rrg,0.6000000000000001,0.05,0.3,5,1.0,0.99391115,1.0,0.9197652,0.6634569930136307,1.196953,,,,
random,N/A,rrg,0.7000000000000001,0.05,0.3,5,1.0,0.9961406,1.0,0.94773567,0.8291081378070315,0.83734834,,,,
random,N/A,rrg,0.8,0.05,0.3,5,1.0,0.99741465,1.0,0.9643633,0.4295449834276505,0.50736606,,,,
random,N/A,rrg,0.9,0.05,0.3,5,1.0,0.99655306,1.0,0.9494285,0.05936714551280689,0.21245617,,,,
random,N/A,rrg,1.0,0.05,0.3,5,1.0,0.9999493,1.0,0.9992751,2.3623259203992916e-05,0.028963067,,,,
random,N/A,rrg,0.0,0.1,0.3,5,0.96,0.9000016,0.0,0.0,29.2813957641038,10.7081995,,,,
random,N/A,rrg,0.1,0.1,0.3,5,0.96,0.93437445,0.0,0.0,17.377347446597415,8.992229,,,,
random,N/A,rrg,0.2,0.1,0.3,5,0.98,0.96392626,0.5,0.24716482,5.6805797418379225,6.9999976,,,,
random,N/A,rrg,0.30000000000000004,0.1,0.3,5,0.97,0.9647617,0.25,0.22105134,7.477004874302151,4.0378237,,,,
random,N/A,rrg,0.4,0.1,0.3,5,0.97,0.9720168,0.25,0.3742561,2.40462282855822,2.7889826,,,,
random,N/A,rrg,0.5,0.1,0.3,5,0.99,0.98563135,0.75,0.6515355,1.3867893870347603,1.7375321,,,,
random,N/A,rrg,0.6000000000000001,0.1,0.3,5,0.99,0.99198556,0.75,0.7640746,1.3456794193644344,1.1462351,,,,
random,N/A,rrg,0.7000000000000001,0.1,0.3,5,1.0,0.9958619,1.0,0.90622556,0.6425015078660816,0.8299844,,,,
random,N/A,rrg,0.8,0.1,0.3,5,1.0,0.9971851,1.0,0.9342359,0.33573934984506637,0.3655748,,,,
random,N/A,rrg,0.9,0.1,0.3,5,1.0,0.99936086,1.0,0.9842632,0.12145549675637204,0.18037279,,,,
random,N/A,rrg,1.0,0.1,0.3,5,1.0,0.9999724,1.0,0.9993097,6.8776276160594755e-06,0.013895527,,,,
random,N/A,rrg,0.0,0.2,0.3,5,0.78,0.80000967,0.0,0.0,5.245489964440549,6.836265,,,,
random,N/A,rrg,0.1,0.2,0.3,5,0.79,0.8240717,0.0454545454545455,0.011771012,4.082115855455956,5.7580857,,,,
random,N/A,rrg,0.2,0.2,0.3,5,0.83,0.8273231,0.227272727272727,0.2335927,2.7593755164883076,3.7211838,,,,
random,N/A,rrg,0.30000000000000004,0.2,0.3,5,0.86,0.8665883,0.3636363636363635,0.36512452,3.14063525239353,3.1739843,,,,
random,N/A,rrg,0.4,0.2,0.3,5,0.89,0.8804503,0.5,0.4768537,2.0777606440109584,2.1582077,,,,
random,N/A,rrg,0.5,0.2,0.3,5,0.89,0.90875375,0.5,0.5528122,1.1966138949936118,1.7355288,,,,
random,N/A,rrg,0.6000000000000001,0.2,0.3,5,0.95,0.929052,0.7727272727272725,0.6996721,0.8913269327688232,1.2697738,,,,
random,N/A,rrg,0.7000000000000001,0.2,0.3,5,0.94,0.94939595,0.727272727272727,0.7725568,0.5742049610595322,0.9605031,,,,
random,N/A,rrg,0.8,0.2,0.3,5,0.96,0.9591925,0.818181818181818,0.82781696,0.27215197306949485,0.52134264,,,,
random,N/A,rrg,0.9,0.2,0.3,5,0.98,0.97997266,0.909090909090909,0.908904,0.08998199682494565,0.22745675,,,,
random,N/A,rrg,1.0,0.2,0.3,5,1.0,0.9998948,1.0,0.9995216,2.7621281951867045e-05,0.0450568,,,,
random,N/A,rrg,0.0,0.3,0.3,5,0.78,0.70003074,0.0,0.0,6.981795437822584,4.7643957,,,,
random,N/A,rrg,0.1,0.3,0.3,5,0.8,0.72785383,0.090909090909091,0.101606846,6.073748481571134,3.7911062,,,,
random,N/A,rrg,0.2,0.3,0.3,5,0.79,0.78977334,0.0454545454545455,0.15445876,3.2338149811707058,3.8950677,,,,
random,N/A,rrg,0.30000000000000004,0.3,0.3,5,0.83,0.8191459,0.227272727272727,0.30277413,2.673684634830545,2.841945,,,,
random,N/A,rrg,0.4,0.3,0.3,5,0.88,0.85255355,0.4545454545454545,0.40024763,1.9420922712169875,2.2566683,,,,
random,N/A,rrg,0.5,0.3,0.3,5,0.89,0.8922013,0.5,0.5256929,1.3830775789047407,1.8760663,,,,
random,N/A,rrg,0.6000000000000001,0.3,0.3,5,0.96,0.909539,0.818181818181818,0.6551384,1.014309234791655,1.2694651,,,,
random,N/A,rrg,0.7000000000000001,0.3,0.3,5,0.97,0.9448197,0.8636363636363635,0.76535237,0.8930028831594536,0.88872313,,,,
random,N/A,rrg,0.8,0.3,0.3,5,0.96,0.9671404,0.818181818181818,0.85396683,0.295574170479446,0.6094312,,,,
random,N/A,rrg,0.9,0.3,0.3,5,1.0,0.98796165,1.0,0.94801736,0.026700146350187075,0.20330791,,,,
random,N/A,rrg,1.0,0.3,0.3,5,1.0,0.9999142,1.0,0.99961,1.4043399587861959e-05,0.03801807,,,,
random,N/A,rrg,0.0,0.4,0.3,5,0.62,0.6000866,0.0,0.0,3.2487085152361135,3.4515421,,,,
random,N/A,rrg,0.1,0.4,0.3,5,0.68,0.64182,0.1578947368421054,0.12368431,3.0476487976368194,2.7962344,,,,
random,N/A,rrg,0.2,0.4,0.3,5,0.71,0.6912272,0.2368421052631578,0.22061014,2.355935883949391,2.3979795,,,,
random,N/A,rrg,0.30000000000000004,0.4,0.3,5,0.75,0.742324,0.34210526315789475,0.32105926,1.5154282927693665,2.0250022,,,,
random,N/A,rrg,0.4,0.4,0.3,5,0.75,0.7759239,0.34210526315789475,0.43845335,1.3871045955014687,1.6720362,,,,
random,N/A,rrg,0.5,0.4,0.3,5,0.86,0.82562464,0.631578947368421,0.5900756,0.9224455322942129,1.1805711,,,,
random,N/A,rrg,0.6000000000000001,0.4,0.3,5,0.84,0.86186415,0.5789473684210525,0.6394536,0.743759835027032,1.083667,,,,
random,N/A,rrg,0.7000000000000001,0.4,0.3,5,0.96,0.9122304,0.894736842105263,0.77922404,0.9343004654865713,0.69144785,,,,
random,N/A,rrg,0.8,0.4,0.3,5,0.95,0.9342261,0.8684210526315789,0.83671427,0.4435832593110296,0.47164792,,,,
random,N/A,rrg,0.9,0.4,0.3,5,0.94,0.96658915,0.8421052631578946,0.9081968,0.24160651834402216,0.23510367,,,,
random,N/A,rrg,1.0,0.4,0.3,5,1.0,0.99964285,1.0,0.9990594,9.833156790082347e-05,0.10570474,,,,
random,N/A,rrg,0.0,0.05,0.3,6,0.94,0.95000243,0.0,0.0,10.792961617315923,14.239043,,,,
random,N/A,rrg,0.1,0.05,0.3,6,0.94,0.9453936,0.0,0.0,6.0150694887668985,8.994511,,,,
random,N/A,rrg,0.2,0.05,0.3,6,0.94,0.95272845,0.0,0.21449278,4.335787440414297,6.0381713,,,,
random,N/A,rrg,0.30000000000000004,0.05,0.3,6,0.96,0.9595147,0.3333333333333333,0.22543915,2.9296571204116826,3.654045,,,,
random,N/A,rrg,0.4,0.05,0.3,6,0.99,0.9702642,0.8333333333333334,0.5776136,2.4778056586085513,3.2579553,,,,
random,N/A,rrg,0.5,0.05,0.3,6,0.95,0.97271276,0.16666666666666666,0.43838617,1.461638817533074,1.9360029,,,,
random,N/A,rrg,0.6000000000000001,0.05,0.3,6,0.96,0.97957605,0.3333333333333333,0.6807111,1.6163666962082754,1.1404333,,,,
random,N/A,rrg,0.7000000000000001,0.05,0.3,6,1.0,0.99210215,1.0,0.88367647,0.4092412891513523,0.6976302,,,,
random,N/A,rrg,0.8,0.05,0.3,6,1.0,0.99827474,1.0,0.9720465,0.3304339306768005,0.5276495,,,,
random,N/A,rrg,0.9,0.05,0.3,6,1.0,0.9995434,1.0,0.9924457,0.20156079313311173,0.23850794,,,,
random,N/A,rrg,1.0,0.05,0.3,6,1.0,0.9999875,1.0,0.9997914,2.7008971341997344e-06,0.015480575,,,,
random,N/A,rrg,0.0,0.1,0.3,6,0.9,0.9000016,0.0,0.0,10.165939087620645,10.7081995,,,,
random,N/A,rrg,0.1,0.1,0.3,6,0.91,0.9119795,0.10000000000000012,0.102017745,7.122903887915518,7.360145,,,,
random,N/A,rrg,0.2,0.1,0.3,6,0.92,0.9323791,0.20000000000000023,0.32771242,6.037715695429147,5.358666,,,,
random,N/A,rrg,0.30000000000000004,0.1,0.3,6,0.93,0.9251557,0.3000000000000003,0.32154027,4.683752559799586,3.8793051,,,,
random,N/A,rrg,0.4,0.1,0.3,6,0.91,0.9645356,0.10000000000000012,0.5519917,4.295578012251115,2.8113892,,,,
random,N/A,rrg,0.5,0.1,0.3,6,0.95,0.95284617,0.49999999999999944,0.55927587,1.4701219173292452,1.7871177,,,,
random,N/A,rrg,0.6000000000000001,0.1,0.3,6,0.95,0.967307,0.49999999999999944,0.6885097,1.2248261137657712,1.2302995,,,,
random,N/A,rrg,0.7000000000000001,0.1,0.3,6,0.99,0.98335683,0.8999999999999999,0.83378017,0.6476537301640812,1.035628,,,,
random,N/A,rrg,0.8,0.1,0.3,6,1.0,0.99351645,1.0,0.939069,0.33701520497322457,0.5464998,,,,
random,N/A,rrg,0.9,0.1,0.3,6,1.0,0.99851775,1.0,0.9853729,0.15282012538739603,0.2123943,,,,
random,N/A,rrg,1.0,0.1,0.3,6,1.0,0.9999332,1.0,0.99933153,2.204341012581114e-05,0.034526337,,,,
random,N/A,rrg,0.0,0.2,0.3,6,0.77,0.80000967,0.0,0.0,10.364954976990903,6.836265,,,,
random,N/A,rrg,0.1,0.2,0.3,6,0.79,0.8398579,0.08695652173913052,0.021419054,7.322690746195218,6.243212,,,,
random,N/A,rrg,0.2,0.2,0.3,6,0.86,0.8399983,0.39130434782608686,0.35996926,8.466501416244709,3.8996506,,,,
random,N/A,rrg,0.30000000000000004,0.2,0.3,6,0.87,0.8846562,0.4347826086956521,0.4195015,3.5722053052515417,3.0420165,,,,
random,N/A,rrg,0.4,0.2,0.3,6,0.88,0.9003978,0.47826086956521735,0.48101473,2.569846582342289,2.3746252,,,,
random,N/A,rrg,0.5,0.2,0.3,6,0.94,0.93631136,0.7391304347826084,0.72742707,2.4924673572746077,2.3088865,,,,
random,N/A,rrg,0.6000000000000001,0.2,0.3,6,0.93,0.9377825,0.6956521739130437,0.68525654,0.9790116718392428,1.1900895,,,,
random,N/A,rrg,0.7000000000000001,0.2,0.3,6,0.94,0.96527815,0.7391304347826084,0.8247249,1.6110486412017853,1.0757335,,,,
random,N/A,rrg,0.8,0.2,0.3,6,0.94,0.9708415,0.7391304347826084,0.86266965,0.9871166501239695,0.60101414,,,,
random,N/A,rrg,0.9,0.2,0.3,6,0.98,0.98665446,0.9130434782608695,0.94019336,0.10826721634496883,0.2855109,,,,
random,N/A,rrg,1.0,0.2,0.3,6,1.0,0.9998856,1.0,0.9995025,5.568246588762596e-05,0.052885514,,,,
random,N/A,rrg,0.0,0.3,0.3,6,0.64,0.70003074,0.0,0.0,4.219554837236647,4.7643957,,,,
random,N/A,rrg,0.1,0.3,0.3,6,0.68,0.73631215,0.11111111111111122,0.14679453,3.424630441243495,3.9149473,,,,
random,N/A,rrg,0.2,0.3,0.3,6,0.73,0.76740295,0.24999999999999992,0.2908205,3.2933029556593927,3.1002374,,,,
random,N/A,rrg,0.30000000000000004,0.3,0.3,6,0.75,0.8061586,0.3055555555555555,0.35824147,2.3661183379266677,2.7147422,,,,
random,N/A,rrg,0.4,0.3,0.3,6,0.79,0.8198879,0.41666666666666674,0.40449005,1.9371911103093762,1.8516754,,,,
random,N/A,rrg,0.5,0.3,0.3,6,0.85,0.8603971,0.5833333333333333,0.5695225,1.8979172536515654,1.5227332,,,,
random,N/A,rrg,0.6000000000000001,0.3,0.3,6,0.84,0.8879433,0.5555555555555555,0.6334588,0.9621780747351889,1.081894,,,,
random,N/A,rrg,0.7000000000000001,0.3,0.3,6,0.92,0.9221852,0.7777777777777779,0.782261,0.9408643330655448,0.85982955,,,,
random,N/A,rrg,0.8,0.3,0.3,6,0.96,0.95109665,0.8888888888888888,0.8646178,0.4638423267524852,0.6537181,,,,
random,N/A,rrg,0.9,0.3,0.3,6,0.98,0.9744026,0.9444444444444444,0.9266637,0.2030232867432031,0.22125107,,,,
random,N/A,rrg,1.0,0.3,0.3,6,1.0,0.9996787,1.0,0.99910676,8.049139246746335e-05,0.09957415,,,,
random,N/A,rrg,0.0,0.4,0.3,6,0.64,0.6000866,0.0,0.0,4.399888855287764,3.4515421,,,,
random,N/A,rrg,0.1,0.4,0.3,6,0.68,0.6363293,0.11111111111111122,0.13067658,4.2107705607052415,2.742288,,,,
random,N/A,rrg,0.2,0.4,0.3,6,0.72,0.69525504,0.22222222222222213,0.20224063,3.4084185643840663,2.471198,,,,
random,N/A,rrg,0.30000000000000004,0.4,0.3,6,0.73,0.74528754,0.24999999999999992,0.31818482,2.3639365574351467,2.291793,,,,
random,N/A,rrg,0.4,0.4,0.3,6,0.8,0.77850366,0.44444444444444453,0.42263034,1.1022628813185253,1.7140542,,,,
random,N/A,rrg,0.5,0.4,0.3,6,0.83,0.8158818,0.5277777777777777,0.5598014,2.0400209228756485,1.5000125,,,,
random,N/A,rrg,0.6000000000000001,0.4,0.3,6,0.87,0.8545576,0.6388888888888888,0.61431885,0.836134171406568,1.1035839,,,,
random,N/A,rrg,0.7000000000000001,0.4,0.3,6,0.91,0.91585153,0.7500000000000001,0.7756965,0.6960061957176233,0.7923401,,,,
random,N/A,rrg,0.8,0.4,0.3,6,0.95,0.9440432,0.8611111111111109,0.8515164,0.34466476922738726,0.49210587,,,,
random,N/A,rrg,0.9,0.4,0.3,6,0.97,0.96688896,0.9166666666666666,0.91123635,0.11509681456970478,0.26460832,,,,
random,N/A,rrg,1.0,0.4,0.3,6,1.0,0.999694,1.0,0.9991494,7.037342439632551e-05,0.09663723,,,,
random,N/A,rrg,0.0,0.05,0.3,7,0.96,0.95000243,0.0,0.0,14.84557273944727,14.239043,,,,
random,N/A,rrg,0.1,0.05,0.3,7,0.96,0.9485158,0.0,0.1715133,8.601417306233822,7.3375006,,,,
random,N/A,rrg,0.2,0.05,0.3,7,0.96,0.9578598,0.0,0.0,6.662664789270589,7.252786,,,,
random,N/A,rrg,0.30000000000000004,0.05,0.3,7,0.97,0.9621036,0.25,0.11049118,4.480058317930246,4.2929378,,,,
random,N/A,rrg,0.4,0.05,0.3,7,0.99,0.98612976,0.75,0.68383384,2.450834068116047,2.3061912,,,,
random,N/A,rrg,0.5,0.05,0.3,7,0.96,0.9824105,0.0,0.48693264,3.318000587074137,1.7949159,,,,
random,N/A,rrg,0.6000000000000001,0.05,0.3,7,1.0,0.9950632,1.0,0.88213885,1.5601825938811285,1.1833675,,,,
random,N/A,rrg,0.7000000000000001,0.05,0.3,7,1.0,0.999457,1.0,0.9866067,1.2849539871551952,0.9131683,,,,
random,N/A,rrg,0.8,0.05,0.3,7,0.99,0.9888832,0.75,0.72745115,0.6992483959804622,0.35959598,,,,
random,N/A,rrg,0.9,0.05,0.3,7,1.0,0.9999244,1.0,0.998114,0.6230422861622616,0.2713361,,,,
random,N/A,rrg,1.0,0.05,0.3,7,1.0,0.99999374,1.0,0.99984354,3.9955769571899905e-05,0.024253426,,,,
random,N/A,rrg,0.0,0.1,0.3,7,0.91,0.9000016,0.0,0.0,14.886724695912271,10.7081995,,,,
random,N/A,rrg,0.1,0.1,0.3,7,0.93,0.9368921,0.2222222222222225,0.20409673,6.267589600147224,7.4919825,,,,
random,N/A,rrg,0.2,0.1,0.3,7,0.93,0.9435642,0.2222222222222225,0.19234549,7.213328236803375,6.879137,,,,
random,N/A,rrg,0.30000000000000004,0.1,0.3,7,0.95,0.9534692,0.44444444444444375,0.42298874,2.5477710896250643,3.526866,,,,
random,N/A,rrg,0.4,0.1,0.3,7,0.92,0.94585663,0.11111111111111124,0.30276302,1.4118122114895084,2.3907926,,,,
random,N/A,rrg,0.5,0.1,0.3,7,0.96,0.9623065,0.555555555555555,0.5701654,1.08675299882508,2.4206524,,,,
random,N/A,rrg,0.6000000000000001,0.1,0.3,7,0.97,0.9667084,0.6666666666666663,0.61489004,0.9199603758878885,1.2439477,,,,
random,N/A,rrg,0.7000000000000001,0.1,0.3,7,0.96,0.98222816,0.555555555555555,0.73776335,1.1607386408762765,1.0387785,,,,
random,N/A,rrg,0.8,0.1,0.3,7,0.99,0.9942589,0.8888888888888887,0.9330346,0.28183014070593887,0.5781368,,,,
random,N/A,rrg,0.9,0.1,0.3,7,1.0,0.99616617,1.0,0.95912474,0.1101845450296337,0.19949703,,,,
random,N/A,rrg,1.0,0.1,0.3,7,1.0,0.9999749,1.0,0.99972117,9.48419493414024e-06,0.024746811,,,,
random,N/A,rrg,0.0,0.2,0.3,7,0.87,0.80000967,0.0,0.0,15.305551052048886,6.836265,,,,
random,N/A,rrg,0.1,0.2,0.3,7,0.86,0.8472287,-0.07692307692307698,0.00069321657,7.486683164737217,6.5947533,,,,
random,N/A,rrg,0.2,0.2,0.3,7,0.92,0.8521399,0.38461538461538497,0.22125167,12.099942676932388,4.486131,,,,
random,N/A,rrg,0.30000000000000004,0.2,0.3,7,0.9,0.9083457,0.23076923076923098,0.22899227,3.7936912623670027,4.2564335,,,,
random,N/A,rrg,0.4,0.2,0.3,7,0.93,0.9403603,0.46153846153846195,0.5142723,3.025902329318715,2.8912623,,,,
random,N/A,rrg,0.5,0.2,0.3,7,0.96,0.94682986,0.6923076923076921,0.63193625,4.695656409340893,2.1550581,,,,
random,N/A,rrg,0.6000000000000001,0.2,0.3,7,0.97,0.9671572,0.769230769230769,0.74823,1.951341367743239,1.533591,,,,
random,N/A,rrg,0.7000000000000001,0.2,0.3,7,0.98,0.96820724,0.846153846153846,0.77569675,0.7524464546318491,1.2320579,,,,
random,N/A,rrg,0.8,0.2,0.3,7,0.98,0.9781156,0.846153846153846,0.8339306,0.4147673846900291,0.4272232,,,,
random,N/A,rrg,0.9,0.2,0.3,7,0.99,0.99242043,0.923076923076923,0.94057304,0.459689873224349,0.33778754,,,,
random,N/A,rrg,1.0,0.2,0.3,7,1.0,0.9998739,1.0,0.9990291,0.00012097806947081176,0.051799327,,,,
random,N/A,rrg,0.0,0.3,0.3,7,0.64,0.70003074,0.0,0.0,2.478972409258131,4.7643957,,,,
random,N/A,rrg,0.1,0.3,0.3,7,0.66,0.71596694,0.05555555555555561,0.071067035,2.085894768482139,3.6837943,,,,
random,N/A,rrg,0.2,0.3,0.3,7,0.76,0.7378643,0.3333333333333333,0.22890016,1.5555536053953023,2.7094278,,,,
random,N/A,rrg,0.30000000000000004,0.3,0.3,7,0.75,0.779617,0.3055555555555555,0.3464824,1.6280892326896386,2.326661,,,,
random,N/A,rrg,0.4,0.3,0.3,7,0.74,0.81264496,0.27777777777777773,0.37421677,1.4447774312139778,1.9264206,,,,
random,N/A,rrg,0.5,0.3,0.3,7,0.84,0.85506773,0.5555555555555555,0.5672945,1.0029932864650692,1.4083127,,,,
random,N/A,rrg,0.6000000000000001,0.3,0.3,7,0.86,0.8776183,0.611111111111111,0.6616009,0.843764195496394,0.9898146,,,,
random,N/A,rrg,0.7000000000000001,0.3,0.3,7,0.89,0.9129655,0.6944444444444444,0.7328937,0.7764007196987999,0.7436667,,,,
random,N/A,rrg,0.8,0.3,0.3,7,0.95,0.954958,0.8611111111111109,0.8729803,0.27198992568797903,0.41650382,,,,
random,N/A,rrg,0.9,0.3,0.3,7,0.96,0.9755153,0.8888888888888888,0.92730415,0.2576318996376789,0.22539198,,,,
random,N/A,rrg,1.0,0.3,0.3,7,1.0,0.9996215,1.0,0.9989477,8.795789412239541e-05,0.10957054,,,,
random,N/A,rrg,0.0,0.4,0.3,7,0.54,0.6000866,0.0,0.0,2.9076998198721147,3.4515421,,,,
random,N/A,rrg,0.1,0.4,0.3,7,0.58,0.6412912,0.08695652173913028,0.099658586,2.6113939242643873,2.8494256,,,,
random,N/A,rrg,0.2,0.4,0.3,7,0.65,0.68654007,0.23913043478260868,0.28099856,2.2494545942026263,2.2389572,,,,
random,N/A,rrg,0.30000000000000004,0.4,0.3,7,0.73,0.7274404,0.41304347826086946,0.37736505,2.209529466562907,1.9691017,,,,
random,N/A,rrg,0.4,0.4,0.3,7,0.77,0.77806497,0.5,0.47294107,1.702399652510317,1.8121015,,,,
random,N/A,rrg,0.5,0.4,0.3,7,0.79,0.81385225,0.5434782608695653,0.58167,1.766100576962171,1.1400338,,,,
random,N/A,rrg,0.6000000000000001,0.4,0.3,7,0.77,0.8604941,0.5,0.64839315,0.9250776859861527,1.0279651,,,,
random,N/A,rrg,0.7000000000000001,0.4,0.3,7,0.87,0.90094566,0.717391304347826,0.7659454,0.8844347036428368,0.81651765,,,,
random,N/A,rrg,0.8,0.4,0.3,7,0.96,0.932596,0.9130434782608695,0.8621865,0.7116865839057382,0.55374694,,,,
random,N/A,rrg,0.9,0.4,0.3,7,0.96,0.96336037,0.9130434782608695,0.9237012,0.27377574096947405,0.2869295,,,,
random,N/A,rrg,1.0,0.4,0.3,7,1.0,0.99950814,1.0,0.9989297,0.00013770109187509407,0.13473359,,,,
random,N/A,rrg,0.0,0.05,0.3,8,0.94,0.95000243,0.0,0.0,14.339779396856938,14.239043,,,,
random,N/A,rrg,0.1,0.05,0.3,8,0.96,0.97398347,0.3333333333333333,0.43462616,5.909032077130405,7.7282424,,,,
random,N/A,rrg,0.2,0.05,0.3,8,0.96,0.96196663,0.3333333333333333,0.3446291,4.957138347771441,4.9811907,,,,
random,N/A,rrg,0.30000000000000004,0.05,0.3,8,0.96,0.9603048,0.3333333333333333,0.3004942,3.0061030634535086,3.746088,,,,
random,N/A,rrg,0.4,0.05,0.3,8,0.97,0.9825364,0.5,0.6171554,2.5132587009496428,2.0918741,,,,
random,N/A,rrg,0.5,0.05,0.3,8,0.97,0.97218496,0.5,0.4223016,2.31129902052224,1.5301417,,,,
random,N/A,rrg,0.6000000000000001,0.05,0.3,8,0.99,0.9843753,0.8333333333333334,0.7004903,0.866793985708942,1.3003342,,,,
random,N/A,rrg,0.7000000000000001,0.05,0.3,8,0.99,0.9884802,0.8333333333333334,0.7894479,0.5534342593889601,0.8053739,,,,
random,N/A,rrg,0.8,0.05,0.3,8,0.99,0.99635893,0.8333333333333334,0.93211454,0.9553424973126663,0.59340787,,,,
random,N/A,rrg,0.9,0.05,0.3,8,1.0,0.9995288,1.0,0.9922062,0.12409653099243383,0.17390406,,,,
random,N/A,rrg,1.0,0.05,0.3,8,1.0,0.99997795,1.0,0.99963236,7.742677887229614e-06,0.02042785,,,,
random,N/A,rrg,0.0,0.1,0.3,8,0.86,0.9000016,0.0,0.0,11.161528825512796,10.7081995,,,,
random,N/A,rrg,0.1,0.1,0.3,8,0.87,0.9067415,0.07142857142857148,0.09684424,10.14515338645747,7.241605,,,,
random,N/A,rrg,0.2,0.1,0.3,8,0.89,0.9102747,0.21428571428571447,0.28696397,7.089761142440059,4.8322334,,,,
random,N/A,rrg,0.30000000000000004,0.1,0.3,8,0.89,0.9246638,0.21428571428571447,0.35923567,6.047244005577174,3.250583,,,,
random,N/A,rrg,0.4,0.1,0.3,8,0.93,0.9518181,0.5000000000000004,0.63219106,4.108626448946571,2.982047,,,,
random,N/A,rrg,0.5,0.1,0.3,8,0.92,0.9483612,0.42857142857142894,0.62640125,3.965124648311664,2.1430209,,,,
random,N/A,rrg,0.6000000000000001,0.1,0.3,8,0.97,0.9720005,0.7857142857142856,0.78712654,1.678814485965641,1.4703751,,,,
random,N/A,rrg,0.7000000000000001,0.1,0.3,8,0.96,0.9738939,0.7142857142857141,0.80389076,1.7282312236481225,0.79720825,,,,
random,N/A,rrg,0.8,0.1,0.3,8,0.94,0.97828984,0.5714285714285711,0.83306783,0.7981721783901575,0.57932115,,,,
random,N/A,rrg,0.9,0.1,0.3,8,1.0,0.9950705,1.0,0.96501094,0.09450511688371335,0.14956266,,,,
random,N/A,rrg,1.0,0.1,0.3,8,1.0,0.99992234,1.0,0.9994451,8.287842880655092e-05,0.057983913,,,,
random,N/A,rrg,0.0,0.2,0.3,8,0.79,0.80000967,0.0,0.0,4.382017793610778,6.836265,,,,
random,N/A,rrg,0.1,0.2,0.3,8,0.83,0.82505053,0.19047619047619016,0.1860725,3.626843487323794,4.9210644,,,,
random,N/A,rrg,0.2,0.2,0.3,8,0.81,0.8210972,0.09523809523809534,0.14575197,3.488023809576812,3.9123995,,,,
random,N/A,rrg,0.30000000000000004,0.2,0.3,8,0.85,0.8455571,0.2857142857142855,0.1938035,2.0917409368303588,3.1563468,,,,
random,N/A,rrg,0.4,0.2,0.3,8,0.9,0.8767946,0.5238095238095238,0.4208001,2.166535509789194,2.3492222,,,,
random,N/A,rrg,0.5,0.2,0.3,8,0.92,0.9011486,0.6190476190476192,0.57503825,1.4259440828388064,1.7551538,,,,
random,N/A,rrg,0.6000000000000001,0.2,0.3,8,0.92,0.9319508,0.6190476190476192,0.69829017,1.0557679041246697,1.2497947,,,,
random,N/A,rrg,0.7000000000000001,0.2,0.3,8,0.95,0.9360651,0.7619047619047616,0.69155174,0.658519533955133,0.7998016,,,,
random,N/A,rrg,0.8,0.2,0.3,8,0.96,0.9542752,0.8095238095238093,0.79035664,0.4877890874904216,0.54956365,,,,
random,N/A,rrg,0.9,0.2,0.3,8,1.0,0.98435855,1.0,0.930511,0.10510850031012296,0.25740185,,,,
random,N/A,rrg,1.0,0.2,0.3,8,1.0,0.99977297,1.0,0.99891794,8.933985277984647e-05,0.09359865,,,,
random,N/A,rrg,0.0,0.3,0.3,8,0.72,0.70003074,0.0,0.0,5.223186276445631,4.7643957,,,,
random,N/A,rrg,0.1,0.3,0.3,8,0.76,0.75315964,0.14285714285714296,0.14148793,3.6458234800047933,4.228176,,,,
random,N/A,rrg,0.2,0.3,0.3,8,0.81,0.77237517,0.3214285714285717,0.272945,3.615939887202497,3.0637696,,,,
random,N/A,rrg,0.30000000000000004,0.3,0.3,8,0.77,0.80997556,0.17857142857142871,0.28381968,2.5567282136325424,2.7163393,,,,
random,N/A,rrg,0.4,0.3,0.3,8,0.78,0.8486081,0.21428571428571447,0.3554191,2.3693124893028314,2.2198153,,,,
random,N/A,rrg,0.5,0.3,0.3,8,0.84,0.88795006,0.4285714285714285,0.5431304,1.4943240598831091,1.8331963,,,,
random,N/A,rrg,0.6000000000000001,0.3,0.3,8,0.88,0.909189,0.5714285714285715,0.67310774,0.9962343947963042,1.3972349,,,,
random,N/A,rrg,0.7000000000000001,0.3,0.3,8,0.92,0.9212636,0.7142857142857144,0.7279181,0.6341170066762547,0.92267233,,,,
random,N/A,rrg,0.8,0.3,0.3,8,0.96,0.96669406,0.857142857142857,0.8827221,0.4983179593325382,0.69259953,,,,
random,N/A,rrg,0.9,0.3,0.3,8,0.99,0.98461586,0.9642857142857143,0.9460239,0.1364219410341714,0.32287526,,,,
random,N/A,rrg,1.0,0.3,0.3,8,1.0,0.99969757,1.0,0.9989189,0.00010105929962023613,0.09435293,,,,
random,N/A,rrg,0.0,0.4,0.3,8,0.61,0.6000866,0.0,0.0,2.7205754340383743,3.4515421,,,,
random,N/A,rrg,0.1,0.4,0.3,8,0.65,0.6486733,0.10256410256410266,0.13785532,2.3861943261886616,2.8333163,,,,
random,N/A,rrg,0.2,0.4,0.3,8,0.7,0.6856635,0.23076923076923067,0.16706754,2.0352586633049725,2.4146898,,,,
random,N/A,rrg,0.30000000000000004,0.4,0.3,8,0.78,0.73792756,0.43589743589743596,0.38536194,1.7495366441043023,1.9393094,,,,
random,N/A,rrg,0.4,0.4,0.3,8,0.78,0.7751204,0.43589743589743596,0.44739756,1.3986810345659177,1.6169728,,,,
random,N/A,rrg,0.5,0.4,0.3,8,0.85,0.81621253,0.6153846153846153,0.54540753,1.384208176416832,1.3783455,,,,
random,N/A,rrg,0.6000000000000001,0.4,0.3,8,0.89,0.8718155,0.717948717948718,0.6750325,0.5598014242421944,1.1074849,,,,
random,N/A,rrg,0.7000000000000001,0.4,0.3,8,0.92,0.89528966,0.7948717948717949,0.74717236,0.8222223045653116,0.74112624,,,,
random,N/A,rrg,0.8,0.4,0.3,8,0.95,0.92813903,0.8717948717948717,0.8275699,0.33190130982432975,0.4159805,,,,
random,N/A,rrg,0.9,0.4,0.3,8,0.95,0.97140855,0.8717948717948717,0.92449254,0.2085661615885802,0.2641818,,,,
random,N/A,rrg,1.0,0.4,0.3,8,1.0,0.99958014,1.0,0.9989224,0.000134557041312697,0.120844744,,,,
random,N/A,rrg,0.0,0.05,0.3,9,0.92,0.95000243,0.0,0.0,13.070084572638189,14.239043,,,,
random,N/A,rrg,0.1,0.05,0.3,9,0.93,0.9374052,0.12500000000000017,0.13775085,9.33890972142131,7.287134,,,,
random,N/A,rrg,0.2,0.05,0.3,9,0.93,0.9336305,0.12500000000000017,0.13094158,6.701864509063682,5.500519,,,,
random,N/A,rrg,0.30000000000000004,0.05,0.3,9,0.91,0.9423867,-0.12500000000000017,0.1826028,5.464104102944715,3.536813,,,,
random,N/A,rrg,0.4,0.05,0.3,9,0.99,0.9589609,0.8749999999999998,0.4964994,2.4210814520069737,2.5719912,,,,
random,N/A,rrg,0.5,0.05,0.3,9,0.97,0.9632681,0.6249999999999994,0.5272971,3.36755145511126,1.7342404,,,,
random,N/A,rrg,0.6000000000000001,0.05,0.3,9,0.99,0.9746609,0.8749999999999998,0.69814235,1.874793911833324,1.5389293,,,,
random,N/A,rrg,0.7000000000000001,0.05,0.3,9,0.96,0.9748295,0.4999999999999993,0.66541004,1.7531379381862109,0.8387954,,,,
random,N/A,rrg,0.8,0.05,0.3,9,1.0,0.9974802,1.0,0.9694295,0.42928886050368376,0.5028047,,,,
random,N/A,rrg,0.9,0.05,0.3,9,1.0,0.99386245,1.0,0.9222128,0.18696427979585586,0.2906801,,,,
random,N/A,rrg,1.0,0.05,0.3,9,1.0,0.9998524,1.0,0.9981524,0.00025012078697479517,0.06801925,,,,
random,N/A,rrg,0.0,0.1,0.3,9,0.88,0.9000016,0.0,0.0,13.718035106411843,10.7081995,,,,
random,N/A,rrg,0.1,0.1,0.3,9,0.89,0.9135172,0.08333333333333341,0.10364585,9.374544862285308,7.659567,,,,
random,N/A,rrg,0.2,0.1,0.3,9,0.92,0.9287158,0.33333333333333365,0.3594389,6.116461785755414,4.9188743,,,,
random,N/A,rrg,0.30000000000000004,0.1,0.3,9,0.92,0.92559534,0.33333333333333365,0.31638604,5.993432607563834,4.400583,,,,
random,N/A,rrg,0.4,0.1,0.3,9,0.92,0.9390753,0.33333333333333365,0.34277895,2.8783147865343226,2.926771,,,,
random,N/A,rrg,0.5,0.1,0.3,9,0.96,0.97998786,0.6666666666666664,0.7998888,2.7401459477621986,2.4458983,,,,
random,N/A,rrg,0.6000000000000001,0.1,0.3,9,0.98,0.98532784,0.8333333333333331,0.8720324,1.1852531727266966,1.2910117,,,,
random,N/A,rrg,0.7000000000000001,0.1,0.3,9,0.97,0.98704994,0.7499999999999998,0.86955446,1.0110313394872632,0.92798865,,,,
random,N/A,rrg,0.8,0.1,0.3,9,1.0,0.9945526,1.0,0.95648795,0.3822801009418734,0.48440716,,,,
random,N/A,rrg,0.9,0.1,0.3,9,1.0,0.99909425,1.0,0.99246955,0.46174007823121704,0.26986212,,,,
random,N/A,rrg,1.0,0.1,0.3,9,1.0,0.9999177,1.0,0.9993137,0.000119566463515456,0.04919699,,,,
random,N/A,rrg,0.0,0.2,0.3,9,0.82,0.80000967,0.0,0.0,5.9885061311275605,6.836265,,,,
random,N/A,rrg,0.1,0.2,0.3,9,0.83,0.8041069,0.05555555555555559,0.031925585,4.787158093625459,5.120245,,,,
random,N/A,rrg,0.2,0.2,0.3,9,0.87,0.8577822,0.27777777777777796,0.2749952,3.6861291751713527,4.499101,,,,
random,N/A,rrg,0.30000000000000004,0.2,0.3,9,0.89,0.86789954,0.3888888888888891,0.32263044,3.1773131019481244,3.2822022,,,,
random,N/A,rrg,0.4,0.2,0.3,9,0.88,0.8971936,0.33333333333333354,0.43781754,2.2898376269566274,2.3818824,,,,
random,N/A,rrg,0.5,0.2,0.3,9,0.93,0.9205921,0.6111111111111115,0.60933137,1.80768501351669,1.8541533,,,,
random,N/A,rrg,0.6000000000000001,0.2,0.3,9,0.96,0.9356621,0.7777777777777777,0.6730937,1.2687827936733884,1.4513975,,,,
random,N/A,rrg,0.7000000000000001,0.2,0.3,9,0.96,0.96664727,0.7777777777777777,0.80520606,0.8778557244582983,0.9305313,,,,
random,N/A,rrg,0.8,0.2,0.3,9,1.0,0.969032,1.0,0.85011387,0.3225688098060562,0.5050823,,,,
random,N/A,rrg,0.9,0.2,0.3,9,1.0,0.9918499,1.0,0.9566074,0.0480002672452805,0.21498069,,,,
random,N/A,rrg,1.0,0.2,0.3,9,1.0,0.99989724,1.0,0.99942887,3.355374793693287e-05,0.05431385,,,,
random,N/A,rrg,0.0,0.3,0.3,9,0.75,0.70003074,0.0,0.0,10.196368954668287,4.7643957,,,,
random,N/A,rrg,0.1,0.3,0.3,9,0.77,0.7660488,0.08000000000000007,0.012149525,7.099483863924309,5.16597,,,,
random,N/A,rrg,0.2,0.3,0.3,9,0.79,0.7865595,0.16000000000000014,0.1578138,7.354360085110163,3.7222674,,,,
random,N/A,rrg,0.30000000000000004,0.3,0.3,9,0.87,0.83568877,0.48,0.4121174,5.792368814005435,2.955821,,,,
random,N/A,rrg,0.4,0.3,0.3,9,0.88,0.88893133,0.52,0.52936196,3.0420538715276986,2.8708558,,,,
random,N/A,rrg,0.5,0.3,0.3,9,0.9,0.90442365,0.6000000000000001,0.556982,2.6922226833908915,2.1476,,,,
random,N/A,rrg,0.6000000000000001,0.3,0.3,9,0.9,0.9262978,0.6000000000000001,0.6648113,2.15500014274223,1.4841969,,,,
random,N/A,rrg,0.7000000000000001,0.3,0.3,9,0.9,0.93269515,0.6000000000000001,0.6882472,1.0345907198962834,0.9853448,,,,
random,N/A,rrg,0.8,0.3,0.3,9,0.96,0.9653424,0.8399999999999999,0.84640515,0.7602975795233506,0.6775248,,,,
random,N/A,rrg,0.9,0.3,0.3,9,0.98,0.9839797,0.9199999999999999,0.93233186,0.29629733336115105,0.31390792,,,,
random,N/A,rrg,1.0,0.3,0.3,9,1.0,0.99971634,1.0,0.9988644,0.00013418111417177998,0.11433146,,,,
random,N/A,rrg,0.0,0.4,0.3,9,0.65,0.6000866,0.0,0.0,5.603601520130366,3.4515421,,,,
random,N/A,rrg,0.1,0.4,0.3,9,0.67,0.6455604,0.0571428571428572,0.06915655,5.19484960457416,3.016568,,,,
random,N/A,rrg,0.2,0.4,0.3,9,0.76,0.7174606,0.3142857142857143,0.25724876,3.612483925263115,2.690288,,,,
random,N/A,rrg,0.30000000000000004,0.4,0.3,9,0.8,0.76691085,0.42857142857142866,0.402929,2.2133379677988954,2.526749,,,,
random,N/A,rrg,0.4,0.4,0.3,9,0.79,0.80984604,0.4000000000000001,0.43650192,2.863136136337303,2.211159,,,,
random,N/A,rrg,0.5,0.4,0.3,9,0.89,0.8483318,0.6857142857142857,0.5815138,1.8033050666298434,1.4411072,,,,
random,N/A,rrg,0.6000000000000001,0.4,0.3,9,0.9,0.88402015,0.7142857142857143,0.6850902,1.6617746553543356,1.2228049,,,,
random,N/A,rrg,0.7000000000000001,0.4,0.3,9,0.93,0.9149923,0.8000000000000002,0.7539311,0.5487351217075492,0.8238546,,,,
random,N/A,rrg,0.8,0.4,0.3,9,0.94,0.9445289,0.8285714285714284,0.83132595,0.6821337521453839,0.6329341,,,,
random,N/A,rrg,0.9,0.4,0.3,9,0.97,0.976324,0.9142857142857143,0.93066174,0.18044477564369807,0.26321977,,,,
random,N/A,rrg,1.0,0.4,0.3,9,1.0,0.99962586,1.0,0.99893004,0.00013207444880217206,0.11076625,,,,
