method,metric,graph,rho,delta,lambda,sim,O,MO,O_tilde,MO_tilde,SE,MSE,rank,precision,recall,f1
random,N/A,powerlaw,0.0,0.05,0.3,0,0.95,0.9496646,0.0,0.0,6.786202555627204,7.3219123,117.8,0.0,0.0,0.0
random,N/A,powerlaw,0.1,0.05,0.3,0,0.9466666666666667,0.9480178,-0.06666666666666593,-0.032716867,2.2087342189303807,3.8293326,112.0,0.3333333333333333,0.06666666666666667,0.1111111111111111
random,N/A,powerlaw,0.2,0.05,0.3,0,0.9633333333333334,0.95424294,0.26666666666666816,0.09095689,1.9452328957266338,3.0021937,85.06666666666666,0.8333333333333334,0.3333333333333333,0.47619047619047616
random,N/A,powerlaw,0.30000000000000004,0.05,0.3,0,0.95,0.96473825,0.0,0.2994643,1.5059454285611276,2.1078377,72.13333333333334,0.5,0.26666666666666666,0.3478260869565218
random,N/A,powerlaw,0.4,0.05,0.3,0,0.97,0.96972567,0.4,0.398548,1.299225692590629,1.8500057,52.266666666666666,0.8,0.5333333333333333,0.64
random,N/A,powerlaw,0.5,0.05,0.3,0,0.9733333333333334,0.97438955,0.4666666666666682,0.49120414,1.181842738385561,1.2214015,29.933333333333334,0.7692307692307693,0.6666666666666666,0.7142857142857142
random,N/A,powerlaw,0.6000000000000001,0.05,0.3,0,0.96,0.9809828,0.2,0.62219,0.8730604249858133,0.9823309,31.4,0.6363636363636364,0.4666666666666667,0.5384615384615385
random,N/A,powerlaw,0.7000000000000001,0.05,0.3,0,0.9733333333333334,0.98868173,0.4666666666666682,0.775143,0.7020485690711568,0.7326891,19.2,0.7692307692307693,0.6666666666666666,0.7142857142857142
random,N/A,powerlaw,0.8,0.05,0.3,0,0.9833333333333333,0.99208474,0.666666666666666,0.8427497,0.42007254011872475,0.4424065,11.333333333333334,0.8125,0.8666666666666667,0.8387096774193549
random,N/A,powerlaw,0.9,0.05,0.3,0,0.9966666666666667,0.99470806,0.9333333333333341,0.89486647,0.21113072966582364,0.41729745,8.0,0.9375,1.0,0.967741935483871
random,N/A,powerlaw,1.0,0.05,0.3,0,1.0,0.9979478,1.0,0.9592297,0.08908522824036852,0.19267304,8.0,1.0,1.0,1.0
random,N/A,powerlaw,0.0,0.1,0.3,0,0.92,0.90011513,0.0,0.0,4.885794905735689,7.522523,144.04166666666666,0.0,0.0,0.0
random,N/A,powerlaw,0.1,0.1,0.3,0,0.9233333333333333,0.9040081,0.04166666666666626,0.038974453,2.1943525980337473,3.5961783,114.25,0.6666666666666666,0.08333333333333333,0.14814814814814814
random,N/A,powerlaw,0.2,0.1,0.3,0,0.9233333333333333,0.9186858,0.04166666666666626,0.18592067,2.0073047748762183,2.610465,108.16666666666667,0.5555555555555556,0.20833333333333334,0.30303030303030304
random,N/A,powerlaw,0.30000000000000004,0.1,0.3,0,0.9433333333333334,0.9265802,0.29166666666666663,0.26495564,1.6885993343907355,2.0765853,67.375,0.7692307692307693,0.4166666666666667,0.5405405405405406
random,N/A,powerlaw,0.4,0.1,0.3,0,0.9566666666666667,0.935675,0.45833333333333304,0.3560088,1.3479677880272807,1.900257,41.041666666666664,0.9230769230769231,0.5,0.6486486486486487
random,N/A,powerlaw,0.5,0.1,0.3,0,0.9366666666666666,0.94792825,0.2083333333333327,0.47868228,1.2376503678724637,1.3895912,43.208333333333336,0.6470588235294118,0.4583333333333333,0.5365853658536585
random,N/A,powerlaw,0.6000000000000001,0.1,0.3,0,0.9666666666666667,0.9627948,0.5833333333333333,0.62751895,0.813091042549045,1.1616,22.666666666666668,0.7916666666666666,0.7916666666666666,0.7916666666666666
random,N/A,powerlaw,0.7000000000000001,0.1,0.3,0,0.9633333333333334,0.96608144,0.541666666666667,0.66042346,0.7143004415383637,0.9119052,21.958333333333332,0.8421052631578947,0.6666666666666666,0.744186046511628
random,N/A,powerlaw,0.8,0.1,0.3,0,0.9633333333333334,0.9828833,0.541666666666667,0.82863545,0.6596289525054708,0.55720955,19.916666666666668,0.8095238095238095,0.7083333333333334,0.7555555555555556
random,N/A,powerlaw,0.9,0.1,0.3,0,0.9933333333333333,0.9903344,0.9166666666666661,0.9032325,0.38605557275510943,0.4015573,12.875,0.9583333333333334,0.9583333333333334,0.9583333333333334
random,N/A,powerlaw,1.0,0.1,0.3,0,1.0,0.99876636,1.0,0.9876494,0.19079613171386295,0.19287144,12.5,1.0,1.0,1.0
random,N/A,powerlaw,0.0,0.2,0.3,0,0.8133333333333334,0.800396,0.0,0.0,3.8020912198621604,5.9908457,164.19642857142858,0.0,0.0,0.0
random,N/A,powerlaw,0.1,0.2,0.3,0,0.84,0.8124117,0.1428571428571426,0.0601977,2.4430901954628808,3.5137305,120.03571428571429,0.8333333333333334,0.17857142857142858,0.29411764705882354
random,N/A,powerlaw,0.2,0.2,0.3,0,0.8366666666666667,0.84250957,0.12499999999999993,0.2109855,2.250771019338995,2.3015816,90.66071428571429,0.6666666666666666,0.25,0.36363636363636365
random,N/A,powerlaw,0.30000000000000004,0.2,0.3,0,0.8766666666666667,0.8497691,0.3392857142857144,0.24735525,1.9717617698129053,2.2099087,70.98214285714286,0.88,0.39285714285714285,0.5432098765432098
random,N/A,powerlaw,0.4,0.2,0.3,0,0.8633333333333333,0.8834986,0.2678571428571425,0.4163373,1.484266390059778,1.603787,63.94642857142857,0.8,0.35714285714285715,0.4938271604938272
random,N/A,powerlaw,0.5,0.2,0.3,0,0.8866666666666667,0.90092874,0.39285714285714307,0.50366086,1.3230046901719053,1.284302,53.142857142857146,0.8055555555555556,0.5178571428571429,0.6304347826086957
random,N/A,powerlaw,0.6000000000000001,0.2,0.3,0,0.92,0.92752707,0.5714285714285716,0.6369164,0.7952966284013484,0.85789245,40.107142857142854,0.8478260869565217,0.6964285714285714,0.7647058823529412
random,N/A,powerlaw,0.7000000000000001,0.2,0.3,0,0.9333333333333333,0.9481305,0.6428571428571429,0.7401379,0.8292457061861799,0.72256166,37.589285714285715,0.9090909090909091,0.7142857142857143,0.8
random,N/A,powerlaw,0.8,0.2,0.3,0,0.95,0.9652999,0.7321428571428569,0.8261553,0.7514882202174791,0.5591991,31.839285714285715,0.8867924528301887,0.8392857142857143,0.8623853211009174
random,N/A,powerlaw,0.9,0.2,0.3,0,0.98,0.985713,0.8928571428571428,0.9284233,0.2813674818839107,0.30862212,29.785714285714285,0.9629629629629629,0.9285714285714286,0.9454545454545454
random,N/A,powerlaw,1.0,0.2,0.3,0,1.0,0.99884886,1.0,0.99423283,0.24353723735435703,0.17365722,28.5,1.0,1.0,1.0
random,N/A,powerlaw,0.0,0.3,0.3,0,0.67,0.70145744,0.0,0.0,3.142944636949347,5.267416,150.65656565656565,0.0,0.0,0.0
random,N/A,powerlaw,0.1,0.3,0.3,0,0.72,0.72534996,0.15151515151515133,0.08003054,1.8278110822389866,2.9428275,122.0909090909091,0.8,0.20202020202020202,0.32258064516129037
random,N/A,powerlaw,0.2,0.3,0.3,0,0.7333333333333333,0.76076245,0.19191919191919166,0.19864844,1.5698596853942126,2.359205,116.21212121212122,0.7714285714285715,0.2727272727272727,0.4029850746268656
random,N/A,powerlaw,0.30000000000000004,0.3,0.3,0,0.79,0.79059577,0.36363636363636365,0.2985783,1.308512000126346,1.8718331,89.14141414141415,0.8913043478260869,0.41414141414141414,0.5655172413793104
random,N/A,powerlaw,0.4,0.3,0.3,0,0.8133333333333334,0.82607573,0.4343434343434343,0.4174222,0.9968837432336136,1.3156042,81.31313131313131,0.8909090909090909,0.494949494949495,0.6363636363636364
random,N/A,powerlaw,0.5,0.3,0.3,0,0.8333333333333334,0.86033934,0.49494949494949503,0.5321918,0.8197564453636762,1.0447471,73.0,0.9016393442622951,0.5555555555555556,0.6875
random,N/A,powerlaw,0.6000000000000001,0.3,0.3,0,0.89,0.88407046,0.6666666666666666,0.6116817,0.5530714729018831,0.75674856,65.0909090909091,0.9342105263157895,0.7171717171717171,0.8114285714285714
random,N/A,powerlaw,0.7000000000000001,0.3,0.3,0,0.93,0.9178137,0.787878787878788,0.7247083,0.5345794764925862,0.60447294,57.01010101010101,0.975609756097561,0.8080808080808081,0.8839779005524863
random,N/A,powerlaw,0.8,0.3,0.3,0,0.93,0.9446928,0.787878787878788,0.8147426,0.3986240384732986,0.38059953,53.696969696969695,0.975609756097561,0.8080808080808081,0.8839779005524863
random,N/A,powerlaw,0.9,0.3,0.3,0,0.9666666666666667,0.9739498,0.898989898989899,0.9127421,0.18383746543888926,0.20539625,50.96969696969697,0.968421052631579,0.9292929292929293,0.9484536082474226
random,N/A,powerlaw,1.0,0.3,0.3,0,1.0,0.99958986,1.0,0.9986262,0.06790966978293834,0.06103107,50.0,1.0,1.0,1.0
random,N/A,powerlaw,0.0,0.4,0.3,0,0.5666666666666667,0.6010748,0.0,0.0,2.227441913912792,3.8207254,145.80769230769232,0.0,0.0,0.0
random,N/A,powerlaw,0.1,0.4,0.3,0,0.58,0.64396334,0.03076923076923071,0.10751019,1.7869262423223222,2.8204727,135.54615384615386,0.5666666666666667,0.13076923076923078,0.21250000000000002
random,N/A,powerlaw,0.2,0.4,0.3,0,0.6566666666666666,0.6879031,0.20769230769230762,0.21765558,1.4942163334207776,2.2158682,114.25384615384615,0.7755102040816326,0.2923076923076923,0.4245810055865921
random,N/A,powerlaw,0.30000000000000004,0.4,0.3,0,0.7,0.7265935,0.3076923076923076,0.31464216,1.1943597505252566,1.8075472,100.15384615384616,0.8333333333333334,0.38461538461538464,0.5263157894736842
random,N/A,powerlaw,0.4,0.4,0.3,0,0.7433333333333333,0.7723385,0.40769230769230763,0.42931283,1.113635571050122,1.51624,92.47692307692307,0.9076923076923077,0.45384615384615384,0.6051282051282051
random,N/A,powerlaw,0.5,0.4,0.3,0,0.7766666666666666,0.81313115,0.4846153846153845,0.5315692,1.3073626059957153,1.2554684,87.33846153846154,0.8705882352941177,0.5692307692307692,0.6883720930232559
random,N/A,powerlaw,0.6000000000000001,0.4,0.3,0,0.82,0.85383177,0.5846153846153845,0.6335949,0.9103103705068865,0.90429056,79.13846153846154,0.8725490196078431,0.6846153846153846,0.7672413793103448
random,N/A,powerlaw,0.7000000000000001,0.4,0.3,0,0.85,0.88835335,0.6538461538461539,0.72013134,0.6377749661642295,0.7655713,74.72307692307692,0.9292929292929293,0.7076923076923077,0.8034934497816595
random,N/A,powerlaw,0.8,0.4,0.3,0,0.9266666666666666,0.9316585,0.8307692307692307,0.82868594,0.42637151661432804,0.43993264,67.56923076923077,0.9655172413793104,0.8615384615384616,0.9105691056910569
random,N/A,powerlaw,0.9,0.4,0.3,0,0.98,0.9676197,0.9538461538461538,0.91883117,0.1982672440806939,0.24446696,65.96923076923076,0.984375,0.9692307692307692,0.9767441860465116
random,N/A,powerlaw,1.0,0.4,0.3,0,1.0,0.99931663,1.0,0.99828696,0.1357033073172072,0.1095733,65.5,1.0,1.0,1.0
random,N/A,powerlaw,0.0,0.05,0.3,1,0.9533333333333334,0.94999987,0.0,0.0,12.34187126475346,10.791525,132.07142857142858,0.0,0.0,0.0
random,N/A,powerlaw,0.1,0.05,0.3,1,0.9533333333333334,0.95072836,0.0,0.014569721,2.0715067939753466,3.2291582,105.07142857142857,0.5,0.21428571428571427,0.3
random,N/A,powerlaw,0.2,0.05,0.3,1,0.9633333333333334,0.9567993,0.21428571428571463,0.13598883,1.862873363626975,2.3350666,70.71428571428571,0.7142857142857143,0.35714285714285715,0.4761904761904762
random,N/A,powerlaw,0.30000000000000004,0.05,0.3,1,0.9633333333333334,0.9605245,0.21428571428571463,0.21049206,1.79266614879323,2.0562065,59.5,0.8,0.2857142857142857,0.4210526315789473
random,N/A,powerlaw,0.4,0.05,0.3,1,0.9666666666666667,0.96841043,0.28571428571428537,0.36821032,1.1327252508853707,1.6533266,34.714285714285715,0.75,0.42857142857142855,0.5454545454545454
random,N/A,powerlaw,0.5,0.05,0.3,1,0.97,0.97618216,0.3571428571428561,0.5236445,1.1617784383427503,1.1336508,22.714285714285715,0.6923076923076923,0.6428571428571429,0.6666666666666666
random,N/A,powerlaw,0.6000000000000001,0.05,0.3,1,0.9666666666666667,0.98407286,0.28571428571428537,0.6814581,0.7761410632302835,0.9428838,18.571428571428573,0.6428571428571429,0.6428571428571429,0.6428571428571429
random,N/A,powerlaw,0.7000000000000001,0.05,0.3,1,0.98,0.9828952,0.5714285714285707,0.6579048,0.6627448274820983,0.8215708,12.785714285714286,0.75,0.8571428571428571,0.7999999999999999
random,N/A,powerlaw,0.8,0.05,0.3,1,0.98,0.99330527,0.5714285714285707,0.8661057,0.5758247038029642,0.41064548,8.5,0.7,1.0,0.8235294117647058
random,N/A,powerlaw,0.9,0.05,0.3,1,0.9933333333333333,0.995803,0.8571428571428561,0.9160602,0.2723533144996563,0.40434417,7.5,0.875,1.0,0.9333333333333333
random,N/A,powerlaw,1.0,0.05,0.3,1,1.0,0.99875873,1.0,0.9751747,0.04744218010975782,0.19403407,7.5,1.0,1.0,1.0
random,N/A,powerlaw,0.0,0.1,0.3,1,0.9066666666666666,0.900389,0.0,0.0,7.905880461789196,8.998074,141.5,0.0,0.0,0.0
random,N/A,powerlaw,0.1,0.1,0.3,1,0.9033333333333333,0.9023645,-0.03571428571428533,0.019831916,2.4365141330320133,3.5125628,110.28571428571429,0.4,0.07142857142857142,0.12121212121212122
random,N/A,powerlaw,0.2,0.1,0.3,1,0.91,0.91529053,0.035714285714286524,0.14959714,1.7880960586187302,2.6300395,95.71428571428571,0.5714285714285714,0.14285714285714285,0.2285714285714286
random,N/A,powerlaw,0.30000000000000004,0.1,0.3,1,0.92,0.9227966,0.1428571428571437,0.22495101,1.5050231700397643,2.1422026,74.25,0.6428571428571429,0.32142857142857145,0.4285714285714286
random,N/A,powerlaw,0.4,0.1,0.3,1,0.9533333333333334,0.93996584,0.5000000000000006,0.3973139,1.1462737411699513,1.5362552,46.07142857142857,0.8181818181818182,0.6428571428571429,0.7200000000000001
random,N/A,powerlaw,0.5,0.1,0.3,1,0.9433333333333334,0.95393634,0.3928571428571434,0.53756446,1.0962069463018425,1.2111894,41.535714285714285,0.7894736842105263,0.5357142857142857,0.6382978723404255
random,N/A,powerlaw,0.6000000000000001,0.1,0.3,1,0.96,0.9618765,0.5714285714285713,0.61727625,0.9524125575486987,1.2400305,31.178571428571427,0.9,0.6428571428571429,0.75
random,N/A,powerlaw,0.7000000000000001,0.1,0.3,1,0.9666666666666667,0.9716282,0.6428571428571431,0.7151739,0.5460421048735332,0.8093288,20.178571428571427,0.8461538461538461,0.7857142857142857,0.8148148148148148
random,N/A,powerlaw,0.8,0.1,0.3,1,0.9766666666666667,0.980412,0.7500000000000003,0.8033551,0.5432908521748927,0.6072497,18.75,0.92,0.8214285714285714,0.8679245283018867
random,N/A,powerlaw,0.9,0.1,0.3,1,0.9866666666666667,0.9919042,0.8571428571428574,0.91872585,0.28975635658326854,0.33110803,15.392857142857142,0.9615384615384616,0.8928571428571429,0.9259259259259259
random,N/A,powerlaw,1.0,0.1,0.3,1,1.0,0.99790305,1.0,0.9789486,0.11607085242888789,0.20104013,14.5,1.0,1.0,1.0
random,N/A,powerlaw,0.0,0.2,0.3,1,0.8066666666666666,0.80078495,0.0,0.0,3.8656147345642733,6.5145783,165.48275862068965,0.0,0.0,0.0
random,N/A,powerlaw,0.1,0.2,0.3,1,0.81,0.8120247,0.017241379310345223,0.05642027,1.6992502532261327,2.8127995,135.17241379310346,0.5555555555555556,0.08620689655172414,0.1492537313432836
random,N/A,powerlaw,0.2,0.2,0.3,1,0.83,0.8377484,0.12068965517241369,0.18554553,1.5453053129063306,2.2382042,89.06896551724138,0.6666666666666666,0.2413793103448276,0.35443037974683544
random,N/A,powerlaw,0.30000000000000004,0.2,0.3,1,0.8633333333333333,0.85667044,0.29310344827586193,0.28052846,1.4736974760585677,2.1395757,83.15517241379311,0.7931034482758621,0.39655172413793105,0.5287356321839081
random,N/A,powerlaw,0.4,0.2,0.3,1,0.88,0.8785422,0.3793103448275863,0.3903181,1.2020437342901305,1.6159115,72.06896551724138,0.84375,0.46551724137931033,0.6
random,N/A,powerlaw,0.5,0.2,0.3,1,0.9033333333333333,0.8978842,0.5,0.48740917,0.9372891934783477,1.2630264,52.12068965517241,0.8372093023255814,0.6206896551724138,0.7128712871287128
random,N/A,powerlaw,0.6000000000000001,0.2,0.3,1,0.9133333333333333,0.9295233,0.5517241379310345,0.646228,0.7562645274661037,0.9635892,45.46551724137931,0.8333333333333334,0.6896551724137931,0.7547169811320755
random,N/A,powerlaw,0.7000000000000001,0.2,0.3,1,0.9233333333333333,0.94271797,0.6034482758620691,0.71246135,0.6681509718682308,0.7598058,39.51724137931034,0.8723404255319149,0.7068965517241379,0.780952380952381
random,N/A,powerlaw,0.8,0.2,0.3,1,0.9566666666666667,0.96482056,0.7758620689655172,0.82340974,0.5972029344498379,0.61517555,33.96551724137931,0.9090909090909091,0.8620689655172413,0.8849557522123893
random,N/A,powerlaw,0.9,0.2,0.3,1,0.9766666666666667,0.98233634,0.8793103448275863,0.91133374,0.4034049417053588,0.3478413,30.43103448275862,0.9636363636363636,0.9137931034482759,0.9380530973451328
random,N/A,powerlaw,1.0,0.2,0.3,1,1.0,0.9989964,1.0,0.9949621,0.17700473315067392,0.16612403,29.5,1.0,1.0,1.0
random,N/A,powerlaw,0.0,0.3,0.3,1,0.7266666666666667,0.7023463,0.0,0.0,3.0842924541488808,5.8056927,159.5,0.0,0.0,0.0
random,N/A,powerlaw,0.1,0.3,0.3,1,0.74,0.73273903,0.04878048780487796,0.102107614,1.9512166650673441,3.3547664,139.91463414634146,0.6428571428571429,0.10975609756097561,0.1875
random,N/A,powerlaw,0.2,0.3,0.3,1,0.7866666666666666,0.760491,0.21951219512195103,0.19534342,1.5868747103816236,2.5591927,102.96341463414635,0.78125,0.3048780487804878,0.43859649122807015
random,N/A,powerlaw,0.30000000000000004,0.3,0.3,1,0.7866666666666666,0.8062241,0.21951219512195103,0.34898874,1.3748465625869135,1.8947268,90.6951219512195,0.78125,0.3048780487804878,0.43859649122807015
random,N/A,powerlaw,0.4,0.3,0.3,1,0.82,0.82728,0.34146341463414615,0.41972825,1.2242752577855105,2.0013134,80.5,0.78,0.47560975609756095,0.5909090909090909
random,N/A,powerlaw,0.5,0.3,0.3,1,0.8733333333333333,0.8572015,0.5365853658536583,0.52025294,1.053076930112278,1.4447358,65.39024390243902,0.8928571428571429,0.6097560975609756,0.7246376811594203
random,N/A,powerlaw,0.6000000000000001,0.3,0.3,1,0.9,0.8837251,0.6341463414634146,0.6093618,0.7856004301884533,1.163073,54.86585365853659,0.9482758620689655,0.6707317073170732,0.7857142857142858
random,N/A,powerlaw,0.7000000000000001,0.3,0.3,1,0.8966666666666666,0.9135789,0.6219512195121949,0.709659,0.6504154830697962,0.80827284,48.08536585365854,0.8805970149253731,0.7195121951219512,0.7919463087248323
random,N/A,powerlaw,0.8,0.3,0.3,1,0.94,0.94782186,0.7804878048780486,0.82470185,0.49310795067905927,0.5650117,44.829268292682926,0.9444444444444444,0.8292682926829268,0.883116883116883
random,N/A,powerlaw,0.9,0.3,0.3,1,0.9766666666666667,0.9715733,0.9146341463414634,0.9044974,0.504654148235457,0.4181866,42.52439024390244,0.9746835443037974,0.9390243902439024,0.9565217391304348
random,N/A,powerlaw,1.0,0.3,0.3,1,1.0,0.9987683,1.0,0.99586207,0.2703573439998006,0.17873475,41.5,1.0,1.0,1.0
random,N/A,powerlaw,0.0,0.4,0.3,1,0.5966666666666667,0.6025467,0.0,0.0,2.402170460731708,4.2070427,152.07438016528926,0.0,0.0,0.0
random,N/A,powerlaw,0.1,0.4,0.3,1,0.63,0.6432825,0.08264462809917354,0.10249199,1.7787961395381773,2.85598,138.10743801652893,0.6666666666666666,0.1652892561983471,0.26490066225165565
random,N/A,powerlaw,0.2,0.4,0.3,1,0.69,0.69066674,0.2314049586776858,0.22171168,1.645670415569746,2.322022,117.5702479338843,0.8181818181818182,0.2975206611570248,0.4363636363636364
random,N/A,powerlaw,0.30000000000000004,0.4,0.3,1,0.69,0.7281843,0.2314049586776858,0.31610653,1.4808149986738905,1.8755323,105.09917355371901,0.71875,0.38016528925619836,0.4972972972972973
random,N/A,powerlaw,0.4,0.4,0.3,1,0.7666666666666667,0.7786147,0.4214876033057852,0.44299042,1.1491245298722916,1.3444695,92.51239669421487,0.8072289156626506,0.5537190082644629,0.6568627450980393
random,N/A,powerlaw,0.5,0.4,0.3,1,0.8066666666666666,0.8166394,0.5206611570247933,0.53866136,0.9215178165999316,1.1954861,81.24793388429752,0.8620689655172413,0.6198347107438017,0.721153846153846
random,N/A,powerlaw,0.6000000000000001,0.4,0.3,1,0.8233333333333334,0.8517967,0.5619834710743802,0.6271177,0.6837133646281777,0.87245005,74.98347107438016,0.84,0.6942148760330579,0.7601809954751132
random,N/A,powerlaw,0.7000000000000001,0.4,0.3,1,0.88,0.89342344,0.7024793388429752,0.73185134,0.7145521738701873,0.7526505,67.99173553719008,0.9473684210526315,0.743801652892562,0.8333333333333333
random,N/A,powerlaw,0.8,0.4,0.3,1,0.9166666666666666,0.9293047,0.793388429752066,0.82212937,0.5952242384751806,0.5522156,64.79338842975207,0.9285714285714286,0.859504132231405,0.8927038626609443
random,N/A,powerlaw,0.9,0.4,0.3,1,0.94,0.9653044,0.8512396694214874,0.9127052,0.4547819075914197,0.3546038,62.099173553719005,0.9724770642201835,0.8760330578512396,0.9217391304347826
random,N/A,powerlaw,1.0,0.4,0.3,1,0.9933333333333333,0.9988825,0.9834710743801652,0.99718827,0.33668523973947884,0.1608347,61.01652892561984,1.0,0.9834710743801653,0.9916666666666667
random,N/A,powerlaw,0.0,0.05,0.3,2,0.93,0.9498888,0.0,0.0,13.119410981092118,9.476979,162.38095238095238,0.0,0.0,0.0
random,N/A,powerlaw,0.1,0.05,0.3,2,0.94,0.9476445,0.1428571428571415,-0.04478748,2.953776805600926,4.19517,121.57142857142857,0.8,0.19047619047619047,0.3076923076923077
random,N/A,powerlaw,0.2,0.05,0.3,2,0.96,0.95694864,0.42857142857142766,0.140883,1.8515554413894233,2.3143086,72.85714285714286,1.0,0.42857142857142855,0.6
random,N/A,powerlaw,0.30000000000000004,0.05,0.3,2,0.9566666666666667,0.95965934,0.3809523809523805,0.19497672,1.759956305185357,1.706186,47.23809523809524,0.8333333333333334,0.47619047619047616,0.6060606060606061
random,N/A,powerlaw,0.4,0.05,0.3,2,0.9733333333333334,0.9720819,0.6190476190476195,0.44287676,1.474332007237215,1.4030246,40.80952380952381,0.9333333333333333,0.6666666666666666,0.7777777777777778
random,N/A,powerlaw,0.5,0.05,0.3,2,0.9633333333333334,0.97601074,0.47619047619047644,0.5212792,0.873379238195368,1.1570158,28.428571428571427,0.8125,0.6190476190476191,0.7027027027027026
random,N/A,powerlaw,0.6000000000000001,0.05,0.3,2,0.9766666666666667,0.98378265,0.6666666666666666,0.6763726,1.018671172102259,0.7335187,14.952380952380953,0.85,0.8095238095238095,0.8292682926829269
random,N/A,powerlaw,0.7000000000000001,0.05,0.3,2,0.9733333333333334,0.983477,0.6190476190476195,0.67027307,0.6697388589878922,0.7418752,24.571428571428573,0.9333333333333333,0.6666666666666666,0.7777777777777778
random,N/A,powerlaw,0.8,0.05,0.3,2,0.99,0.9905249,0.8571428571428569,0.8109182,0.5205438370928976,0.44178227,13.666666666666666,0.95,0.9047619047619048,0.9268292682926829
random,N/A,powerlaw,0.9,0.05,0.3,2,0.9833333333333333,0.99427795,0.761904761904761,0.885813,0.3250515201973856,0.33073595,13.19047619047619,0.9444444444444444,0.8095238095238095,0.8717948717948718
random,N/A,powerlaw,1.0,0.05,0.3,2,1.0,0.9981889,1.0,0.9638586,0.03817496797461909,0.15740608,11.0,1.0,1.0,1.0
random,N/A,powerlaw,0.0,0.1,0.3,2,0.9466666666666667,0.90011513,0.0,0.0,4.505817490331685,7.497058,163.5625,0.0,0.0,0.0
random,N/A,powerlaw,0.1,0.1,0.3,2,0.9466666666666667,0.9049524,0.0,0.048428502,2.2117968185353925,3.3998322,115.25,0.5,0.0625,0.1111111111111111
random,N/A,powerlaw,0.2,0.1,0.3,2,0.9466666666666667,0.9155019,0.0,0.15404496,2.01074203034172,2.7426417,99.125,0.5,0.1875,0.2727272727272727
random,N/A,powerlaw,0.30000000000000004,0.1,0.3,2,0.9566666666666667,0.92859536,0.18750000000000014,0.2851306,1.8302235171861754,2.3912833,44.25,0.6363636363636364,0.4375,0.5185185185185185
random,N/A,powerlaw,0.4,0.1,0.3,2,0.9633333333333334,0.93431276,0.3125000000000009,0.34237045,1.365346564239323,2.0165782,34.875,0.7272727272727273,0.5,0.5925925925925926
random,N/A,powerlaw,0.5,0.1,0.3,2,0.96,0.9485428,0.24999999999999947,0.4848346,1.2338649172597578,1.604406,31.6875,0.6666666666666666,0.5,0.5714285714285715
random,N/A,powerlaw,0.6000000000000001,0.1,0.3,2,0.96,0.95535886,0.24999999999999947,0.55307406,1.030601985532648,1.117143,24.875,0.6428571428571429,0.5625,0.6000000000000001
random,N/A,powerlaw,0.7000000000000001,0.1,0.3,2,0.9833333333333333,0.9728481,0.6874999999999991,0.7281682,1.033178665698653,0.8523773,17.0625,0.8666666666666667,0.8125,0.8387096774193549
random,N/A,powerlaw,0.8,0.1,0.3,2,0.9733333333333334,0.98105466,0.500000000000001,0.81032825,0.5990515986435425,0.56599003,12.6875,0.7222222222222222,0.8125,0.7647058823529411
random,N/A,powerlaw,0.9,0.1,0.3,2,0.9966666666666667,0.9899135,0.9375000000000007,0.89901894,0.39215907836292224,0.43275604,9.3125,1.0,0.9375,0.967741935483871
random,N/A,powerlaw,1.0,0.1,0.3,2,1.0,0.99873525,1.0,0.9873379,0.21766094706958947,0.2023198,8.5,1.0,1.0,1.0
random,N/A,powerlaw,0.0,0.2,0.3,2,0.8,0.8007849,0.0,0.0,4.061668902840503,6.5127892,149.75,0.0,0.0,0.0
random,N/A,powerlaw,0.1,0.2,0.3,2,0.8333333333333334,0.82026345,0.16666666666666666,0.09777652,1.745244955629496,2.7599244,123.76666666666667,1.0,0.16666666666666666,0.2857142857142857
random,N/A,powerlaw,0.2,0.2,0.3,2,0.85,0.8349417,0.24999999999999972,0.17145687,1.5486694048566865,2.088029,93.2,0.8947368421052632,0.2833333333333333,0.43037974683544306
random,N/A,powerlaw,0.30000000000000004,0.2,0.3,2,0.8633333333333333,0.8602344,0.31666666666666626,0.29841858,1.1067155387924927,1.6442609,74.78333333333333,0.8518518518518519,0.38333333333333336,0.5287356321839081
random,N/A,powerlaw,0.4,0.2,0.3,2,0.8633333333333333,0.88634765,0.31666666666666626,0.42949936,1.091590491143635,1.3642124,68.2,0.8518518518518519,0.38333333333333336,0.5287356321839081
random,N/A,powerlaw,0.5,0.2,0.3,2,0.89,0.9062919,0.44999999999999996,0.5296135,0.7508280981550756,1.1425242,52.81666666666667,0.8648648648648649,0.5333333333333333,0.6597938144329898
random,N/A,powerlaw,0.6000000000000001,0.2,0.3,2,0.92,0.92588,0.6000000000000001,0.62793994,0.8035385525881306,0.86959106,46.96666666666667,0.95,0.6333333333333333,0.7599999999999999
random,N/A,powerlaw,0.7000000000000001,0.2,0.3,2,0.9333333333333333,0.94121784,0.6666666666666666,0.7049312,0.6122659283498697,0.7172697,39.38333333333333,0.9,0.75,0.8181818181818182
random,N/A,powerlaw,0.8,0.2,0.3,2,0.97,0.96409935,0.8499999999999999,0.8197895,0.43183934106551153,0.46328938,32.8,0.9636363636363636,0.8833333333333333,0.9217391304347826
random,N/A,powerlaw,0.9,0.2,0.3,2,0.97,0.98203766,0.8499999999999999,0.90983444,0.32866102613283454,0.32234472,32.03333333333333,1.0,0.85,0.9189189189189189
random,N/A,powerlaw,1.0,0.2,0.3,2,1.0,0.99882734,1.0,0.99411356,0.14340735727152923,0.13543409,30.5,1.0,1.0,1.0
random,N/A,powerlaw,0.0,0.3,0.3,2,0.7266666666666667,0.7014575,0.0,0.0,2.910514660621331,4.993654,153.08536585365854,0.0,0.0,0.0
random,N/A,powerlaw,0.1,0.3,0.3,2,0.7633333333333333,0.7337289,0.1341463414634145,0.10809645,2.0791214731906,3.2953992,116.42682926829268,0.8666666666666667,0.15853658536585366,0.2680412371134021
random,N/A,powerlaw,0.2,0.3,0.3,2,0.7833333333333333,0.7567493,0.20731707317073164,0.1852057,1.833447544692656,2.6226523,99.2560975609756,0.7297297297297297,0.32926829268292684,0.45378151260504207
random,N/A,powerlaw,0.30000000000000004,0.3,0.3,2,0.8333333333333334,0.79687685,0.3902439024390245,0.3196173,1.5013374733929048,1.9572676,87.03658536585365,0.8809523809523809,0.45121951219512196,0.5967741935483871
random,N/A,powerlaw,0.4,0.3,0.3,2,0.85,0.82835776,0.45121951219512185,0.42506596,1.3591279458362744,1.7982348,76.95121951219512,0.8627450980392157,0.5365853658536586,0.6616541353383459
random,N/A,powerlaw,0.5,0.3,0.3,2,0.8666666666666667,0.85997903,0.5121951219512196,0.5309848,0.840092140041317,1.3703125,59.36585365853659,0.875,0.5975609756097561,0.7101449275362318
random,N/A,powerlaw,0.6000000000000001,0.3,0.3,2,0.89,0.88967043,0.5975609756097561,0.63043934,1.084318003099244,1.0421317,57.08536585365854,0.9298245614035088,0.6463414634146342,0.7625899280575541
random,N/A,powerlaw,0.7000000000000001,0.3,0.3,2,0.9066666666666666,0.91901326,0.6585365853658535,0.72872627,0.7022937588539461,0.90957654,50.02439024390244,0.9090909090909091,0.7317073170731707,0.8108108108108109
random,N/A,powerlaw,0.8,0.3,0.3,2,0.9433333333333334,0.94581604,0.7926829268292683,0.81850505,0.5524120470925186,0.62228405,44.548780487804876,0.9452054794520548,0.8414634146341463,0.8903225806451612
random,N/A,powerlaw,0.9,0.3,0.3,2,0.9866666666666667,0.97191346,0.951219512195122,0.9059211,0.3868248489854417,0.40311208,41.90243902439025,1.0,0.9512195121951219,0.975
random,N/A,powerlaw,1.0,0.3,0.3,2,1.0,0.9987394,1.0,0.99577755,0.2440871225624509,0.192383,41.5,1.0,1.0,1.0
random,N/A,powerlaw,0.0,0.4,0.3,2,0.53,0.60212076,0.0,0.0,2.0265028293103544,3.81094,151.0921985815603,0.0,0.0,0.0
random,N/A,powerlaw,0.1,0.4,0.3,2,0.5466666666666666,0.64475346,0.035460992907801296,0.10714985,1.5401346596546266,2.5171273,139.03546099290782,0.5925925925925926,0.11347517730496454,0.19047619047619047
random,N/A,powerlaw,0.2,0.4,0.3,2,0.63,0.69144785,0.21276595744680848,0.22450806,1.2723578232584556,2.1538472,117.80851063829788,0.7884615384615384,0.2907801418439716,0.4248704663212435
random,N/A,powerlaw,0.30000000000000004,0.4,0.3,2,0.6433333333333333,0.72927797,0.24113475177304955,0.31958744,1.2031753758889587,1.8231734,109.83687943262412,0.7575757575757576,0.3546099290780142,0.48309178743961356
random,N/A,powerlaw,0.4,0.4,0.3,2,0.7433333333333333,0.77131945,0.45390070921985803,0.42525136,0.885993618058416,1.5900192,99.41134751773049,0.8636363636363636,0.5390070921985816,0.6637554585152838
random,N/A,powerlaw,0.5,0.4,0.3,2,0.75,0.8089689,0.4680851063829787,0.5198767,0.7358040211937138,0.9671995,91.8936170212766,0.875,0.5460992907801419,0.6724890829694323
random,N/A,powerlaw,0.6000000000000001,0.4,0.3,2,0.7833333333333333,0.85041726,0.5390070921985816,0.6240499,0.607879743776334,0.8295467,83.81560283687944,0.8958333333333334,0.6099290780141844,0.7257383966244726
random,N/A,powerlaw,0.7000000000000001,0.4,0.3,2,0.8333333333333334,0.88484424,0.6453900709219859,0.7105761,0.5810345269393762,0.63166064,77.73758865248227,0.9252336448598131,0.7021276595744681,0.7983870967741936
random,N/A,powerlaw,0.8,0.4,0.3,2,0.9033333333333333,0.9238748,0.7943262411347517,0.8086726,0.45504047412730264,0.64148057,74.15602836879432,0.9666666666666667,0.8226950354609929,0.8888888888888888
random,N/A,powerlaw,0.9,0.4,0.3,2,0.9566666666666667,0.9600122,0.9078014184397163,0.8994976,0.3350322197480071,0.36277935,71.77304964539007,0.9776119402985075,0.9290780141843972,0.9527272727272726
random,N/A,powerlaw,1.0,0.4,0.3,2,1.0,0.9989519,1.0,0.99736583,0.20359340790380662,0.16441602,71.0,1.0,1.0,1.0
random,N/A,powerlaw,0.0,0.05,0.3,3,0.9733333333333334,0.9499575,0.0,0.0,6.948797438326675,7.975198,113.75,0.0,0.0,0.0
random,N/A,powerlaw,0.1,0.05,0.3,3,0.9733333333333334,0.95233727,0.0,0.04755507,1.8526910567187307,3.6192782,96.625,0.5,0.125,0.2
random,N/A,powerlaw,0.2,0.05,0.3,3,0.9733333333333334,0.9589495,0.0,0.17968756,1.9208511866718168,2.533241,99.875,0.5,0.125,0.2
random,N/A,powerlaw,0.30000000000000004,0.05,0.3,3,0.9733333333333334,0.9674717,0.0,0.34998703,1.6754757456402656,1.8293128,36.5,0.5,0.375,0.42857142857142855
random,N/A,powerlaw,0.4,0.05,0.3,3,0.9833333333333333,0.97447324,0.3749999999999969,0.48989844,1.2317874817930832,1.466866,33.25,0.7142857142857143,0.625,0.6666666666666666
random,N/A,powerlaw,0.5,0.05,0.3,3,0.9833333333333333,0.9739437,0.3749999999999969,0.4793169,0.8424557067546032,1.3774475,32.25,0.7142857142857143,0.625,0.6666666666666666
random,N/A,powerlaw,0.6000000000000001,0.05,0.3,3,0.99,0.9846875,0.624999999999999,0.6940103,0.9190834091513715,0.9647597,12.0,0.8571428571428571,0.75,0.7999999999999999
random,N/A,powerlaw,0.7000000000000001,0.05,0.3,3,0.9866666666666667,0.9888418,0.5,0.77702504,0.5268356446838792,0.733657,13.75,0.8333333333333334,0.625,0.7142857142857143
random,N/A,powerlaw,0.8,0.05,0.3,3,0.9833333333333333,0.9902645,0.3749999999999969,0.8054549,0.6092364911543556,0.49180803,20.25,0.8,0.5,0.6153846153846154
random,N/A,powerlaw,0.9,0.05,0.3,3,0.9966666666666667,0.9933033,0.875000000000001,0.86617976,0.16356952767814992,0.35710713,4.5,0.8888888888888888,1.0,0.9411764705882353
random,N/A,powerlaw,1.0,0.05,0.3,3,1.0,0.99822813,1.0,0.96459275,0.048071532379200706,0.14568579,4.5,1.0,1.0,1.0
random,N/A,powerlaw,0.0,0.1,0.3,3,0.8766666666666667,0.90000063,0.0,0.0,7.94847974760257,8.266834,157.72972972972974,0.0,0.0,0.0
random,N/A,powerlaw,0.1,0.1,0.3,3,0.9033333333333333,0.9020644,0.21621621621621587,0.020637643,2.4101426813600937,2.8123975,109.13513513513513,0.9,0.24324324324324326,0.3829787234042553
random,N/A,powerlaw,0.2,0.1,0.3,3,0.8866666666666667,0.9140318,0.08108108108108118,0.1403126,2.157453878766941,2.289431,73.83783783783784,0.6666666666666666,0.16216216216216217,0.26086956521739135
random,N/A,powerlaw,0.30000000000000004,0.1,0.3,3,0.9233333333333333,0.9274471,0.37837837837837823,0.27446622,1.5703162940348345,1.7308382,63.054054054054056,0.85,0.4594594594594595,0.5964912280701754
random,N/A,powerlaw,0.4,0.1,0.3,3,0.9333333333333333,0.9386401,0.45945945945945943,0.3863973,1.2263139655479185,1.3924276,50.2972972972973,0.9047619047619048,0.5135135135135135,0.6551724137931034
random,N/A,powerlaw,0.5,0.1,0.3,3,0.94,0.9476133,0.5135135135135129,0.47612968,1.0449867433686928,1.1340362,42.945945945945944,0.88,0.5945945945945946,0.7096774193548386
random,N/A,powerlaw,0.6000000000000001,0.1,0.3,3,0.9466666666666667,0.9633038,0.5675675675675673,0.6330357,0.7663192558473177,0.8639348,32.5945945945946,0.8387096774193549,0.7027027027027027,0.7647058823529411
random,N/A,powerlaw,0.7000000000000001,0.1,0.3,3,0.9566666666666667,0.9738858,0.6486486486486486,0.7388561,0.6786437934097933,0.6075183,28.864864864864863,0.9285714285714286,0.7027027027027027,0.7999999999999999
random,N/A,powerlaw,0.8,0.1,0.3,3,0.99,0.981382,0.9189189189189189,0.81381893,0.5626366713106207,0.4858937,21.2972972972973,0.9473684210526315,0.972972972972973,0.9599999999999999
random,N/A,powerlaw,0.9,0.1,0.3,3,0.9933333333333333,0.9875414,0.9459459459459456,0.875413,0.18405401701227447,0.35233805,19.783783783783782,1.0,0.9459459459459459,0.9722222222222222
random,N/A,powerlaw,1.0,0.1,0.3,3,1.0,0.9960828,1.0,0.9608276,0.059460274346887394,0.17349225,19.0,1.0,1.0,1.0
random,N/A,powerlaw,0.0,0.2,0.3,3,0.8,0.8007849,0.0,0.0,4.399812976492577,6.7212267,139.45,0.0,0.0,0.0
random,N/A,powerlaw,0.1,0.2,0.3,3,0.81,0.8165717,0.05000000000000006,0.07924513,1.9008147975268912,3.1288793,135.5,0.6666666666666666,0.1,0.1739130434782609
random,N/A,powerlaw,0.2,0.2,0.3,3,0.8033333333333333,0.8331508,0.0166666666666665,0.16246718,1.6548785101998795,2.4190543,102.48333333333333,0.5238095238095238,0.18333333333333332,0.2716049382716049
random,N/A,powerlaw,0.30000000000000004,0.2,0.3,3,0.86,0.8590943,0.29999999999999977,0.29269585,1.4854557044693633,2.0508814,86.06666666666666,0.8,0.4,0.5333333333333333
random,N/A,powerlaw,0.4,0.2,0.3,3,0.8866666666666667,0.88202655,0.43333333333333346,0.40780875,1.0933316205627148,1.5699397,63.31666666666667,0.8095238095238095,0.5666666666666667,0.6666666666666666
random,N/A,powerlaw,0.5,0.2,0.3,3,0.89,0.8951135,0.44999999999999996,0.47350144,0.9525654348941002,1.2492533,54.333333333333336,0.7647058823529411,0.65,0.7027027027027027
random,N/A,powerlaw,0.6000000000000001,0.2,0.3,3,0.8966666666666666,0.9269461,0.48333333333333295,0.6332914,0.9125703511904595,0.99144787,50.36666666666667,0.8372093023255814,0.6,0.6990291262135923
random,N/A,powerlaw,0.7000000000000001,0.2,0.3,3,0.9066666666666666,0.93899596,0.533333333333333,0.69377804,0.6652225210847214,0.7328368,44.03333333333333,0.8076923076923077,0.7,0.75
random,N/A,powerlaw,0.8,0.2,0.3,3,0.95,0.96477497,0.7499999999999997,0.8231809,0.558665185688544,0.55273867,34.13333333333333,0.8947368421052632,0.85,0.8717948717948718
random,N/A,powerlaw,0.9,0.2,0.3,3,0.9766666666666667,0.98186064,0.8833333333333334,0.90894586,0.27489135378170687,0.27238134,32.516666666666666,0.9491525423728814,0.9333333333333333,0.9411764705882353
random,N/A,powerlaw,1.0,0.2,0.3,3,1.0,0.99904,1.0,0.99518114,0.20339128932551526,0.156176,30.5,1.0,1.0,1.0
random,N/A,powerlaw,0.0,0.3,0.3,3,0.7266666666666667,0.7014575,0.0,0.0,2.9823897724638897,5.172176,166.5,0.0,0.0,0.0
random,N/A,powerlaw,0.1,0.3,0.3,3,0.76,0.7267351,0.1219512195121951,0.084670074,2.2810954991373538,3.4008904,114.6829268292683,0.6923076923076923,0.21951219512195122,0.3333333333333333
random,N/A,powerlaw,0.2,0.3,0.3,3,0.78,0.7585093,0.19512195121951226,0.19110103,1.7811521531939078,2.4274902,102.90243902439025,0.7222222222222222,0.3170731707317073,0.44067796610169496
random,N/A,powerlaw,0.30000000000000004,0.3,0.3,3,0.8,0.79588604,0.2682926829268294,0.31629848,1.3388761117556691,1.8106073,84.4390243902439,0.7619047619047619,0.3902439024390244,0.5161290322580646
random,N/A,powerlaw,0.4,0.3,0.3,3,0.8366666666666667,0.8221601,0.40243902439024387,0.40430632,1.243386762645827,1.4647547,70.1951219512195,0.8235294117647058,0.5121951219512195,0.6315789473684211
random,N/A,powerlaw,0.5,0.3,0.3,3,0.8566666666666667,0.8628059,0.475609756097561,0.54045373,1.0495194769822438,1.1742228,63.207317073170735,0.9148936170212766,0.524390243902439,0.6666666666666667
random,N/A,powerlaw,0.6000000000000001,0.3,0.3,3,0.87,0.89035887,0.5243902439024389,0.6327453,0.9031163256964955,0.95689625,54.951219512195124,0.8771929824561403,0.6097560975609756,0.7194244604316546
random,N/A,powerlaw,0.7000000000000001,0.3,0.3,3,0.9066666666666666,0.91864514,0.6585365853658535,0.7274932,0.6349625741551822,0.5990595,48.353658536585364,0.8648648648648649,0.7804878048780488,0.8205128205128206
random,N/A,powerlaw,0.8,0.3,0.3,3,0.9466666666666667,0.94624734,0.8048780487804877,0.81994975,0.3638806456550834,0.5233949,44.073170731707314,0.9459459459459459,0.8536585365853658,0.8974358974358975
random,N/A,powerlaw,0.9,0.3,0.3,3,0.9833333333333333,0.97569114,0.9390243902439023,0.91857487,0.39985215342963454,0.40280953,42.24390243902439,0.9873417721518988,0.9512195121951219,0.968944099378882
random,N/A,powerlaw,1.0,0.3,0.3,3,1.0,0.9991337,1.0,0.99709827,0.17601860811953549,0.13172239,41.5,1.0,1.0,1.0
random,N/A,powerlaw,0.0,0.4,0.3,3,0.6033333333333334,0.6010748,0.0,0.0,2.221137753395633,3.9223096,152.25210084033614,0.0,0.0,0.0
random,N/A,powerlaw,0.1,0.4,0.3,3,0.6366666666666667,0.6459017,0.08403361344537814,0.112369105,2.0385455355980455,3.0682447,126.66386554621849,0.75,0.12605042016806722,0.2158273381294964
random,N/A,powerlaw,0.2,0.4,0.3,3,0.6766666666666666,0.6870781,0.18487394957983175,0.21558756,1.4271024340879415,2.1628153,116.16806722689076,0.7619047619047619,0.2689075630252101,0.3975155279503106
random,N/A,powerlaw,0.30000000000000004,0.4,0.3,3,0.7133333333333334,0.7292048,0.2773109243697479,0.32118794,1.3524944696098258,1.7038231,98.45378151260505,0.7796610169491526,0.3865546218487395,0.5168539325842697
random,N/A,powerlaw,0.4,0.4,0.3,3,0.7766666666666666,0.7714116,0.43697478991596617,0.4269893,1.155244444488195,1.5366333,87.59663865546219,0.8939393939393939,0.4957983193277311,0.6378378378378378
random,N/A,powerlaw,0.5,0.4,0.3,3,0.8266666666666667,0.81531703,0.5630252100840335,0.53704864,0.9242287863996406,1.1349692,77.75630252100841,0.9240506329113924,0.6134453781512605,0.7373737373737375
random,N/A,powerlaw,0.6000000000000001,0.4,0.3,3,0.8366666666666667,0.85214067,0.588235294117647,0.6293557,0.7141046757972049,0.98584574,74.34453781512605,0.8888888888888888,0.6722689075630253,0.7655502392344498
random,N/A,powerlaw,0.7000000000000001,0.4,0.3,3,0.85,0.89275724,0.6218487394957982,0.7311707,0.6411205027379512,0.7227882,69.01680672268908,0.9111111111111111,0.6890756302521008,0.784688995215311
random,N/A,powerlaw,0.8,0.4,0.3,3,0.9333333333333333,0.9272055,0.8319327731092437,0.8175234,0.4940467732579855,0.5101196,62.02521008403362,0.9805825242718447,0.8487394957983193,0.9099099099099098
random,N/A,powerlaw,0.9,0.4,0.3,3,0.96,0.96488523,0.8991596638655461,0.9119766,0.35070803564927605,0.33322537,60.7563025210084,0.9734513274336283,0.9243697478991597,0.9482758620689655
random,N/A,powerlaw,1.0,0.4,0.3,3,1.0,0.99902946,1.0,0.9975671,0.20291124930833715,0.14048274,60.0,1.0,1.0,1.0
random,N/A,powerlaw,0.0,0.05,0.3,4,0.9466666666666667,0.9498886,0.0,0.0,9.035053086190741,8.845245,143.8125,0.0,0.0,0.0
random,N/A,powerlaw,0.1,0.05,0.3,4,0.9466666666666667,0.9559018,0.0,0.119996905,2.0098041066130525,2.8426473,106.0625,0.5,0.125,0.2
random,N/A,powerlaw,0.2,0.05,0.3,4,0.95,0.9543333,0.06249999999999935,0.088696726,2.14412217823175,2.029729,93.625,0.6,0.1875,0.2857142857142857
random,N/A,powerlaw,0.30000000000000004,0.05,0.3,4,0.95,0.96021575,0.06249999999999935,0.206084,1.664748856461715,2.192674,71.0625,0.5555555555555556,0.3125,0.39999999999999997
random,N/A,powerlaw,0.4,0.05,0.3,4,0.9566666666666667,0.97450966,0.18750000000000014,0.49132657,1.5755813367936773,1.3553666,41.75,0.6363636363636364,0.4375,0.5185185185185185
random,N/A,powerlaw,0.5,0.05,0.3,4,0.9533333333333334,0.974623,0.12500000000000078,0.4935889,1.2006382408350134,1.2166101,27.375,0.5714285714285714,0.5,0.5333333333333333
random,N/A,powerlaw,0.6000000000000001,0.05,0.3,4,0.96,0.97665834,0.24999999999999947,0.5342048,0.8986986845418747,0.9329881,24.125,0.6428571428571429,0.5625,0.6000000000000001
random,N/A,powerlaw,0.7000000000000001,0.05,0.3,4,0.98,0.988774,0.6249999999999998,0.7759792,0.7675311312327167,0.6124375,9.5,0.7272727272727273,1.0,0.8421052631578948
random,N/A,powerlaw,0.8,0.05,0.3,4,0.99,0.98860115,0.8124999999999999,0.77252984,0.3374635681192444,0.5903333,11.3125,0.8823529411764706,0.9375,0.9090909090909091
random,N/A,powerlaw,0.9,0.05,0.3,4,0.9733333333333334,0.993433,0.500000000000001,0.868952,0.5253482295873508,0.37139738,12.3125,0.75,0.75,0.75
random,N/A,powerlaw,1.0,0.05,0.3,4,1.0,0.99600995,1.0,0.92037636,0.02648078158461471,0.20191361,8.5,1.0,1.0,1.0
random,N/A,powerlaw,0.0,0.1,0.3,4,0.9166666666666666,0.9001164,0.0,0.0,5.948236681162651,7.853418,123.36,0.0,0.0,0.0
random,N/A,powerlaw,0.1,0.1,0.3,4,0.9166666666666666,0.9026276,0.0,0.025141293,2.2077222594868546,3.2831845,92.96,0.5,0.12,0.1935483870967742
random,N/A,powerlaw,0.2,0.1,0.3,4,0.93,0.91662496,0.16000000000000095,0.16527815,1.8416179663876733,2.7819335,82.8,0.7,0.28,0.4
random,N/A,powerlaw,0.30000000000000004,0.1,0.3,4,0.93,0.93355376,0.16000000000000095,0.33476332,1.7077343082288674,1.9052086,66.68,0.6666666666666666,0.32,0.43243243243243246
random,N/A,powerlaw,0.4,0.1,0.3,4,0.95,0.934535,0.39999999999999974,0.34458748,1.4540030981027512,1.9175118,39.72,0.7777777777777778,0.56,0.6511627906976745
random,N/A,powerlaw,0.5,0.1,0.3,4,0.95,0.9468112,0.39999999999999974,0.46749225,1.3159336440112028,1.517036,37.72,0.75,0.6,0.6666666666666665
random,N/A,powerlaw,0.6000000000000001,0.1,0.3,4,0.9666666666666667,0.95810467,0.6000000000000003,0.58055854,0.9123204198461357,1.0940776,26.24,0.8571428571428571,0.72,0.782608695652174
random,N/A,powerlaw,0.7000000000000001,0.1,0.3,4,0.96,0.9691309,0.5199999999999998,0.690949,0.7146431954140543,0.88742125,21.28,0.8095238095238095,0.68,0.7391304347826089
random,N/A,powerlaw,0.8,0.1,0.3,4,0.97,0.9825664,0.6399999999999998,0.82546103,0.5650484367001631,0.56657803,19.12,0.8333333333333334,0.8,0.816326530612245
random,N/A,powerlaw,0.9,0.1,0.3,4,0.9933333333333333,0.99206644,0.9199999999999995,0.920572,0.3543069449301549,0.39630473,13.2,1.0,0.92,0.9583333333333334
random,N/A,powerlaw,1.0,0.1,0.3,4,1.0,0.99886554,1.0,0.9886422,0.19010749042458297,0.16709062,13.0,1.0,1.0,1.0
random,N/A,powerlaw,0.0,0.2,0.3,4,0.7866666666666666,0.80039257,0.0,0.0,4.669057950752114,6.975511,148.375,0.0,0.0,0.0
random,N/A,powerlaw,0.1,0.2,0.3,4,0.8033333333333333,0.810789,0.07812500000000022,0.052084338,1.843589019407533,3.0208664,123.953125,0.7272727272727273,0.125,0.21333333333333335
random,N/A,powerlaw,0.2,0.2,0.3,4,0.8366666666666667,0.8388015,0.23437500000000017,0.19242238,1.5311365332902107,2.3190675,94.53125,0.8947368421052632,0.265625,0.40963855421686746
random,N/A,powerlaw,0.30000000000000004,0.2,0.3,4,0.8566666666666667,0.8557187,0.3281250000000002,0.27717456,1.3026271470536255,1.7781533,79.09375,0.8181818181818182,0.421875,0.5567010309278351
random,N/A,powerlaw,0.4,0.2,0.3,4,0.88,0.8805689,0.4375000000000001,0.4016702,0.9610702988385363,1.5339992,60.796875,0.8888888888888888,0.5,0.64
random,N/A,powerlaw,0.5,0.2,0.3,4,0.88,0.9024693,0.4375000000000001,0.5113873,0.9691173901764265,1.0965136,62.625,0.9117647058823529,0.484375,0.6326530612244898
random,N/A,powerlaw,0.6000000000000001,0.2,0.3,4,0.92,0.9192548,0.6250000000000002,0.5954799,0.8061371245075151,0.9370001,47.921875,0.9545454545454546,0.65625,0.7777777777777778
random,N/A,powerlaw,0.7000000000000001,0.2,0.3,4,0.9333333333333333,0.9422057,0.6875000000000001,0.7104603,0.4845495623683951,0.6415215,38.78125,0.8793103448275862,0.796875,0.8360655737704917
random,N/A,powerlaw,0.8,0.2,0.3,4,0.9533333333333334,0.96506315,0.7812500000000002,0.8249722,0.411935913396729,0.46176693,36.171875,0.9310344827586207,0.84375,0.8852459016393444
random,N/A,powerlaw,0.9,0.2,0.3,4,0.9766666666666667,0.9810283,0.8906250000000001,0.904955,0.3008721670201127,0.29504186,33.609375,0.9672131147540983,0.921875,0.944
random,N/A,powerlaw,1.0,0.2,0.3,4,1.0,0.9993361,1.0,0.99667406,0.1354701795189403,0.10298114,32.5,1.0,1.0,1.0
random,N/A,powerlaw,0.0,0.3,0.3,4,0.6633333333333333,0.7000129,0.0,0.0,2.6443626063098495,4.338594,162.86138613861385,0.0,0.0,0.0
random,N/A,powerlaw,0.1,0.3,0.3,4,0.7033333333333334,0.72457874,0.11881188118811892,0.08188958,1.9423177525539246,2.9557028,130.05940594059405,0.75,0.1782178217821782,0.28800000000000003
random,N/A,powerlaw,0.2,0.3,0.3,4,0.7266666666666667,0.7563144,0.18811881188118817,0.18767966,1.540869338660132,2.243352,107.35643564356435,0.7714285714285715,0.26732673267326734,0.39705882352941174
random,N/A,powerlaw,0.30000000000000004,0.3,0.3,4,0.76,0.7938339,0.28712871287128716,0.3127501,1.1510437726741682,1.7309672,97.56435643564356,0.7959183673469388,0.38613861386138615,0.52
random,N/A,powerlaw,0.4,0.3,0.3,4,0.7933333333333333,0.82340056,0.38613861386138615,0.41130984,0.9863459193548821,1.4942359,87.65346534653466,0.8679245283018868,0.45544554455445546,0.5974025974025974
random,N/A,powerlaw,0.5,0.3,0.3,4,0.83,0.8539868,0.49504950495049493,0.51326835,0.8041793067147607,1.1641667,74.4059405940594,0.8571428571428571,0.594059405940594,0.7017543859649122
random,N/A,powerlaw,0.6000000000000001,0.3,0.3,4,0.8933333333333333,0.8930735,0.6831683168316831,0.643563,0.6604184960706042,0.8111726,63.00990099009901,0.9367088607594937,0.7326732673267327,0.8222222222222223
random,N/A,powerlaw,0.7000000000000001,0.3,0.3,4,0.91,0.9195135,0.7326732673267328,0.7317002,0.4670538215508598,0.6265554,58.00990099009901,0.9404761904761905,0.7821782178217822,0.8540540540540541
random,N/A,powerlaw,0.8,0.3,0.3,4,0.9333333333333333,0.9464219,0.801980198019802,0.82139874,0.38049844626484197,0.54876107,54.42574257425743,0.9764705882352941,0.8217821782178217,0.8924731182795699
random,N/A,powerlaw,0.9,0.3,0.3,4,0.9666666666666667,0.9704653,0.900990099009901,0.9015468,0.1763195403303933,0.35357785,51.81188118811881,0.9789473684210527,0.9207920792079208,0.9489795918367347
random,N/A,powerlaw,1.0,0.3,0.3,4,1.0,0.9962043,1.0,0.9873472,0.06594841547739845,0.19008118,51.0,1.0,1.0,1.0
random,N/A,powerlaw,0.0,0.4,0.3,4,0.58,0.6024137,0.0,0.0,2.010826440393844,3.6548762,133.29365079365078,0.0,0.0,0.0
random,N/A,powerlaw,0.1,0.4,0.3,4,0.64,0.6469045,0.14285714285714296,0.11190229,1.5489177058019024,2.79179,125.55555555555556,0.875,0.16666666666666666,0.27999999999999997
random,N/A,powerlaw,0.2,0.4,0.3,4,0.6833333333333333,0.6823581,0.24603174603174613,0.20107427,1.1987650481616716,1.9498262,117.34920634920636,0.8780487804878049,0.2857142857142857,0.4311377245508982
random,N/A,powerlaw,0.30000000000000004,0.4,0.3,4,0.7233333333333334,0.72668666,0.34126984126984145,0.3125685,1.0841995254139871,1.6142071,102.17460317460318,0.8771929824561403,0.3968253968253968,0.5464480874316939
random,N/A,powerlaw,0.4,0.4,0.3,4,0.7533333333333333,0.7714145,0.4126984126984127,0.42506698,0.8026044163525882,1.2849461,84.92857142857143,0.9333333333333333,0.4444444444444444,0.6021505376344086
random,N/A,powerlaw,0.5,0.4,0.3,4,0.8166666666666667,0.8114486,0.5634920634920635,0.52575976,0.7405541219658314,1.0427543,79.51587301587301,0.9382716049382716,0.6031746031746031,0.7342995169082126
random,N/A,powerlaw,0.6000000000000001,0.4,0.3,4,0.85,0.84975535,0.6428571428571428,0.62210804,0.7266030852663304,0.8901361,76.03968253968254,0.9354838709677419,0.6904761904761905,0.7945205479452055
random,N/A,powerlaw,0.7000000000000001,0.4,0.3,4,0.89,0.8885678,0.7380952380952381,0.7197283,0.6294880424862546,0.69335675,70.03174603174604,1.0,0.7380952380952381,0.8493150684931507
random,N/A,powerlaw,0.8,0.4,0.3,4,0.9366666666666666,0.92628497,0.8492063492063492,0.8145936,0.30983760817608746,0.4713324,65.61904761904762,0.9734513274336283,0.873015873015873,0.9205020920502092
random,N/A,powerlaw,0.9,0.4,0.3,4,0.98,0.9608908,0.9523809523809523,0.9016335,0.12195991893209196,0.3175695,63.92857142857143,0.9918032786885246,0.9603174603174603,0.9758064516129032
random,N/A,powerlaw,1.0,0.4,0.3,4,0.99,0.9989449,0.9761904761904762,0.99734616,0.008442222961085825,0.055388622,63.5,0.9767441860465116,1.0,0.988235294117647
deg_centrality,N/A,powerlaw,0.0,0.05,0.3,0,0.9433333333333334,0.9497767,0.0,0.0,8.737282597670083,7.5555573,129.94117647058823,0.0,0.0,0.0
deg_centrality,N/A,powerlaw,0.1,0.05,0.3,0,0.95,0.95189506,0.11764705882352826,0.04217862,2.172505437597404,2.7501104,159.2941176470588,1.0,0.11764705882352941,0.21052631578947367
deg_centrality,N/A,powerlaw,0.2,0.05,0.3,0,0.9533333333333334,0.9558821,0.17647058823529435,0.12156438,1.743639613435254,2.2013297,102.3529411764706,1.0,0.17647058823529413,0.3
deg_centrality,N/A,powerlaw,0.30000000000000004,0.05,0.3,0,0.9566666666666667,0.96325666,0.2352941176470585,0.26840034,1.5066565562208867,1.8636454,89.0,1.0,0.23529411764705882,0.38095238095238093
deg_centrality,N/A,powerlaw,0.4,0.05,0.3,0,0.9766666666666667,0.96844393,0.5882352941176472,0.37168455,1.0304519001438626,1.5388904,35.11764705882353,1.0,0.5882352941176471,0.7407407407407407
deg_centrality,N/A,powerlaw,0.5,0.05,0.3,0,0.9833333333333333,0.9737038,0.7058823529411754,0.47641426,0.8467963612448922,1.2816536,34.35294117647059,1.0,0.7058823529411765,0.8275862068965517
deg_centrality,N/A,powerlaw,0.6000000000000001,0.05,0.3,0,0.9833333333333333,0.97863525,0.7058823529411754,0.57460475,0.767193212593857,1.044602,27.0,1.0,0.7058823529411765,0.8275862068965517
deg_centrality,N/A,powerlaw,0.7000000000000001,0.05,0.3,0,0.99,0.9836328,0.8235294117647056,0.6741114,0.6221149925407156,0.82305056,17.235294117647058,1.0,0.8235294117647058,0.9032258064516129
deg_centrality,N/A,powerlaw,0.8,0.05,0.3,0,0.99,0.98863137,0.8235294117647056,0.77363825,0.4139684320505048,0.5975044,15.823529411764707,1.0,0.8235294117647058,0.9032258064516129
deg_centrality,N/A,powerlaw,0.9,0.05,0.3,0,1.0,0.9936283,1.0,0.873133,0.25697455029516597,0.40523168,9.0,1.0,1.0,1.0
deg_centrality,N/A,powerlaw,1.0,0.05,0.3,0,1.0,0.9986273,1.0,0.9726682,0.16556297363274455,0.18971215,9.0,1.0,1.0,1.0
deg_centrality,N/A,powerlaw,0.0,0.1,0.3,0,0.8966666666666666,0.90005964,0.0,0.0,6.704246171490128,7.9148464,176.61290322580646,0.0,0.0,0.0
deg_centrality,N/A,powerlaw,0.1,0.1,0.3,0,0.8966666666666666,0.9086551,0.0,0.08600596,2.2394175462522776,2.779128,137.25806451612902,0.5,0.06451612903225806,0.1142857142857143
deg_centrality,N/A,powerlaw,0.2,0.1,0.3,0,0.9133333333333333,0.91968924,0.16129032258064557,0.19641311,1.8759177170679349,2.3542278,86.70967741935483,1.0,0.16129032258064516,0.27777777777777773
deg_centrality,N/A,powerlaw,0.30000000000000004,0.1,0.3,0,0.9233333333333333,0.9286678,0.2580645161290327,0.28625214,1.6880962801087163,1.9779476,85.90322580645162,1.0,0.25806451612903225,0.41025641025641024
deg_centrality,N/A,powerlaw,0.4,0.1,0.3,0,0.93,0.9393489,0.32258064516129115,0.39312682,1.3899045240876446,1.6830688,66.03225806451613,1.0,0.3225806451612903,0.4878048780487805
deg_centrality,N/A,powerlaw,0.5,0.1,0.3,0,0.9366666666666666,0.94886273,0.38709677419354854,0.48832214,1.2628208445639455,1.4228181,61.54838709677419,1.0,0.3870967741935484,0.5581395348837209
deg_centrality,N/A,powerlaw,0.6000000000000001,0.1,0.3,0,0.9533333333333334,0.95905906,0.5483870967741941,0.5903463,1.0483214869346242,1.1306086,43.806451612903224,1.0,0.5483870967741935,0.7083333333333333
deg_centrality,N/A,powerlaw,0.7000000000000001,0.1,0.3,0,0.97,0.96905327,0.7096774193548386,0.690348,0.8389592706816857,0.8941437,27.193548387096776,1.0,0.7096774193548387,0.8301886792452831
deg_centrality,N/A,powerlaw,0.8,0.1,0.3,0,0.98,0.9790491,0.8064516129032258,0.7903658,0.6953680579689889,0.6416691,19.741935483870968,1.0,0.8064516129032258,0.8928571428571428
deg_centrality,N/A,powerlaw,0.9,0.1,0.3,0,0.9933333333333333,0.98904335,0.9354838709677415,0.89036816,0.34542164837524286,0.402188,17.0,1.0,0.9354838709677419,0.9666666666666666
deg_centrality,N/A,powerlaw,1.0,0.1,0.3,0,1.0,0.9990391,1.0,0.9903854,0.15668483963699978,0.15465473,16.0,1.0,1.0,1.0
deg_centrality,N/A,powerlaw,0.0,0.2,0.3,0,0.8033333333333333,0.8000035,0.0,0.0,3.7527041765702944,5.7991967,140.79661016949152,0.0,0.0,0.0
deg_centrality,N/A,powerlaw,0.1,0.2,0.3,0,0.8166666666666667,0.82032704,0.0677966101694914,0.10161937,1.7670672375980534,2.2510624,129.94915254237287,0.75,0.1016949152542373,0.17910447761194032
deg_centrality,N/A,powerlaw,0.2,0.2,0.3,0,0.8433333333333334,0.83821833,0.20338983050847476,0.19107738,1.599258200588332,1.8904197,102.76271186440678,0.875,0.23728813559322035,0.37333333333333335
deg_centrality,N/A,powerlaw,0.30000000000000004,0.2,0.3,0,0.8533333333333334,0.8605741,0.2542372881355935,0.30285832,1.4559269253848999,1.65669,92.54237288135593,0.9411764705882353,0.2711864406779661,0.42105263157894735
deg_centrality,N/A,powerlaw,0.4,0.2,0.3,0,0.87,0.87973493,0.33898305084745756,0.39866406,1.2814190937307905,1.4232888,82.57627118644068,1.0,0.3389830508474576,0.5063291139240507
deg_centrality,N/A,powerlaw,0.5,0.2,0.3,0,0.8966666666666666,0.8998482,0.47457627118644036,0.4992323,1.0852232578668028,1.1829385,62.016949152542374,1.0,0.4745762711864407,0.6436781609195402
deg_centrality,N/A,powerlaw,0.6000000000000001,0.2,0.3,0,0.9133333333333333,0.9195797,0.559322033898305,0.59789133,0.9524045654017533,0.9766045,47.66101694915254,1.0,0.559322033898305,0.717391304347826
deg_centrality,N/A,powerlaw,0.7000000000000001,0.2,0.3,0,0.9433333333333334,0.9395689,0.7118644067796611,0.6978391,0.7076086131406742,0.7735293,40.83050847457627,1.0,0.711864406779661,0.8316831683168318
deg_centrality,N/A,powerlaw,0.8,0.2,0.3,0,0.9633333333333334,0.95956016,0.8135593220338985,0.7977972,0.5037632644069602,0.54420555,34.25423728813559,1.0,0.8135593220338984,0.897196261682243
deg_centrality,N/A,powerlaw,0.9,0.2,0.3,0,0.9833333333333333,0.9795505,0.9152542372881354,0.8977506,0.22043611011807362,0.32081085,30.796610169491526,1.0,0.9152542372881356,0.9557522123893806
deg_centrality,N/A,powerlaw,1.0,0.2,0.3,0,1.0,0.9995421,1.0,0.9977105,0.04235326265087914,0.0908148,30.0,1.0,1.0,1.0
deg_centrality,N/A,powerlaw,0.0,0.3,0.3,0,0.72,0.7016179,0.0,0.0,2.873904220676878,5.441622,145.77380952380952,0.0,0.0,0.0
deg_centrality,N/A,powerlaw,0.1,0.3,0.3,0,0.7233333333333334,0.72877556,0.011904761904762178,0.0910164,2.1443946723965213,3.4663668,134.0595238095238,0.5454545454545454,0.07142857142857142,0.1263157894736842
deg_centrality,N/A,powerlaw,0.2,0.3,0.3,0,0.7633333333333333,0.76030993,0.15476190476190474,0.19670093,1.9489713622115687,2.6342463,113.89285714285714,0.8823529411764706,0.17857142857142858,0.297029702970297
deg_centrality,N/A,powerlaw,0.30000000000000004,0.3,0.3,0,0.81,0.78981334,0.3214285714285717,0.29557887,1.6911687268589,2.205715,92.61904761904762,0.9655172413793104,0.3333333333333333,0.495575221238938
deg_centrality,N/A,powerlaw,0.4,0.3,0.3,0,0.83,0.8186263,0.3928571428571428,0.39214277,1.5179870551271437,1.9000103,82.44047619047619,1.0,0.39285714285714285,0.5641025641025641
deg_centrality,N/A,powerlaw,0.5,0.3,0.3,0,0.8566666666666667,0.8483129,0.4880952380952382,0.4916348,1.364909554175132,1.6093102,67.79761904761905,1.0,0.4880952380952381,0.6559999999999999
deg_centrality,N/A,powerlaw,0.6000000000000001,0.3,0.3,0,0.8766666666666667,0.8782963,0.5595238095238098,0.59212136,1.2338169007824558,1.3357112,62.083333333333336,1.0,0.5595238095238095,0.7175572519083969
deg_centrality,N/A,powerlaw,0.7000000000000001,0.3,0.3,0,0.9133333333333333,0.9082977,0.6904761904761905,0.69266826,1.0035312280777449,1.0761817,50.69047619047619,1.0,0.6904761904761905,0.8169014084507042
deg_centrality,N/A,powerlaw,0.8,0.3,0.3,0,0.9366666666666666,0.93828744,0.7738095238095237,0.79317605,0.7797466836269429,0.80645406,46.892857142857146,1.0,0.7738095238095238,0.8724832214765101
deg_centrality,N/A,powerlaw,0.9,0.3,0.3,0,0.96,0.9682953,0.857142857142857,0.8937445,0.5730342247719463,0.531056,44.04761904761905,1.0,0.8571428571428571,0.923076923076923
deg_centrality,N/A,powerlaw,1.0,0.3,0.3,0,1.0,0.99829406,1.0,0.99428266,0.3784999244564666,0.25008896,42.5,1.0,1.0,1.0
deg_centrality,N/A,powerlaw,0.0,0.4,0.3,0,0.5966666666666667,0.60347116,0.0,0.0,2.236795163037229,4.3229065,149.35537190082644,0.0,0.0,0.0
deg_centrality,N/A,powerlaw,0.1,0.4,0.3,0,0.6433333333333333,0.6388904,0.1157024793388429,0.0893232,1.5055686451839092,2.2796993,138.30578512396696,1.0,0.11570247933884298,0.2074074074074074
deg_centrality,N/A,powerlaw,0.2,0.4,0.3,0,0.69,0.6792803,0.2314049586776858,0.19118185,1.332105057233621,1.7808181,118.48760330578513,1.0,0.23140495867768596,0.3758389261744966
deg_centrality,N/A,powerlaw,0.30000000000000004,0.4,0.3,0,0.74,0.7191136,0.35537190082644626,0.29163685,1.2572068179909457,1.5825582,100.00826446280992,1.0,0.35537190082644626,0.524390243902439
deg_centrality,N/A,powerlaw,0.4,0.4,0.3,0,0.7766666666666666,0.75903016,0.44628099173553704,0.39230186,1.122631355111372,1.3219895,91.29752066115702,1.0,0.4462809917355372,0.6171428571428571
deg_centrality,N/A,powerlaw,0.5,0.4,0.3,0,0.8133333333333334,0.7991605,0.5371900826446281,0.4935059,1.0006170082215702,1.1490322,77.89256198347107,1.0,0.5371900826446281,0.6989247311827956
deg_centrality,N/A,powerlaw,0.6000000000000001,0.4,0.3,0,0.8433333333333334,0.839146,0.6115702479338844,0.5943448,0.8568502657558043,0.9399034,75.6694214876033,1.0,0.6115702479338843,0.7589743589743589
deg_centrality,N/A,powerlaw,0.7000000000000001,0.4,0.3,0,0.8733333333333333,0.87914205,0.6859504132231404,0.69521016,0.7308424693940085,0.72277355,69.31404958677686,1.0,0.6859504132231405,0.8137254901960784
deg_centrality,N/A,powerlaw,0.8,0.4,0.3,0,0.9233333333333333,0.9191172,0.8099173553719008,0.79602295,0.5992747991189942,0.5357582,64.34710743801652,1.0,0.8099173553719008,0.8949771689497716
deg_centrality,N/A,powerlaw,0.9,0.4,0.3,0,0.9566666666666667,0.9591089,0.8925619834710744,0.89687735,0.4053203559320577,0.33184153,61.94214876033058,1.0,0.8925619834710744,0.9432314410480349
deg_centrality,N/A,powerlaw,1.0,0.4,0.3,0,0.9966666666666667,0.9990437,0.9917355371900828,0.99758834,0.23597392689434485,0.13214,61.00826446280992,1.0,0.9917355371900827,0.995850622406639
deg_centrality,N/A,powerlaw,0.0,0.05,0.3,1,0.9433333333333334,0.94977754,0.0,0.0,11.057765645218518,8.762829,114.76470588235294,0.0,0.0,0.0
deg_centrality,N/A,powerlaw,0.1,0.05,0.3,1,0.9533333333333334,0.95386636,0.17647058823529435,0.081414156,1.9202603046186877,2.9870923,105.82352941176471,0.8,0.23529411764705882,0.3636363636363636
deg_centrality,N/A,powerlaw,0.2,0.05,0.3,1,0.9633333333333334,0.9587512,0.3529411764705887,0.1786782,1.5709277760106723,2.3862116,101.0,1.0,0.35294117647058826,0.5217391304347826
deg_centrality,N/A,powerlaw,0.30000000000000004,0.05,0.3,1,0.9633333333333334,0.9636448,0.3529411764705887,0.2761167,1.4323692232226657,2.00916,77.82352941176471,1.0,0.35294117647058826,0.5217391304347826
deg_centrality,N/A,powerlaw,0.4,0.05,0.3,1,0.9633333333333334,0.9687657,0.3529411764705887,0.37808052,1.2399497057687883,1.649024,75.41176470588235,1.0,0.35294117647058826,0.5217391304347826
deg_centrality,N/A,powerlaw,0.5,0.05,0.3,1,0.9633333333333334,0.9735313,0.3529411764705887,0.47297093,1.1811399590533778,1.3869056,64.70588235294117,1.0,0.35294117647058826,0.5217391304347826
deg_centrality,N/A,powerlaw,0.6000000000000001,0.05,0.3,1,0.9733333333333334,0.9784912,0.529411764705883,0.5717292,0.9616949449001724,1.1546258,40.294117647058826,1.0,0.5294117647058824,0.6923076923076924
deg_centrality,N/A,powerlaw,0.7000000000000001,0.05,0.3,1,0.9766666666666667,0.983508,0.5882352941176472,0.67162085,0.8591991539858085,0.91850394,24.823529411764707,1.0,0.5882352941176471,0.7407407407407407
deg_centrality,N/A,powerlaw,0.8,0.05,0.3,1,0.9866666666666667,0.9885073,0.7647058823529416,0.7711635,0.6726430469892817,0.70292705,17.352941176470587,1.0,0.7647058823529411,0.8666666666666666
deg_centrality,N/A,powerlaw,0.9,0.05,0.3,1,1.0,0.9935051,1.0,0.87067777,0.45441645538799585,0.48998484,9.0,1.0,1.0,1.0
deg_centrality,N/A,powerlaw,1.0,0.05,0.3,1,1.0,0.9985048,1.0,0.9702288,0.2314519503891077,0.2284412,9.0,1.0,1.0,1.0
deg_centrality,N/A,powerlaw,0.0,0.1,0.3,1,0.8933333333333333,0.90005964,0.0,0.0,7.031837481546645,7.6540294,165.5625,0.0,0.0,0.0
deg_centrality,N/A,powerlaw,0.1,0.1,0.3,1,0.9133333333333333,0.9073769,0.18750000000000014,0.07321612,1.6709570491557824,2.4512117,133.5,0.8,0.25,0.38095238095238093
deg_centrality,N/A,powerlaw,0.2,0.1,0.3,1,0.9233333333333333,0.9169444,0.2812500000000002,0.1689482,1.4404203978412058,1.9756188,71.3125,0.8461538461538461,0.34375,0.4888888888888889
deg_centrality,N/A,powerlaw,0.30000000000000004,0.1,0.3,1,0.93,0.92726666,0.3437500000000006,0.27223253,1.3180774564191355,1.6896722,71.5625,0.8666666666666667,0.40625,0.5531914893617021
deg_centrality,N/A,powerlaw,0.4,0.1,0.3,1,0.9466666666666667,0.9382406,0.5,0.3820373,1.1536805352136215,1.4431129,55.8125,0.9444444444444444,0.53125,0.6799999999999999
deg_centrality,N/A,powerlaw,0.5,0.1,0.3,1,0.9533333333333334,0.949122,0.5625000000000004,0.4909165,0.9942749632215263,1.2051222,49.59375,1.0,0.5625,0.72
deg_centrality,N/A,powerlaw,0.6000000000000001,0.1,0.3,1,0.97,0.95911634,0.7187499999999998,0.59091944,0.8398369485514305,0.9960012,36.53125,1.0,0.71875,0.8363636363636363
deg_centrality,N/A,powerlaw,0.7000000000000001,0.1,0.3,1,0.98,0.96911204,0.8124999999999999,0.6909361,0.6950315005450807,0.7877085,26.6875,1.0,0.8125,0.896551724137931
deg_centrality,N/A,powerlaw,0.8,0.1,0.3,1,0.9866666666666667,0.9791081,0.8750000000000002,0.79095626,0.43577852409023354,0.55364317,20.15625,1.0,0.875,0.9333333333333333
deg_centrality,N/A,powerlaw,0.9,0.1,0.3,1,0.99,0.9891052,0.9062499999999999,0.8909872,0.31856909670322064,0.31785333,17.71875,1.0,0.90625,0.9508196721311475
deg_centrality,N/A,powerlaw,1.0,0.1,0.3,1,1.0,0.99910057,1.0,0.9910003,0.17610909743549774,0.13393295,16.5,1.0,1.0,1.0
deg_centrality,N/A,powerlaw,0.0,0.2,0.3,1,0.7666666666666667,0.80041033,0.0,0.0,4.04893620948098,5.9933457,153.9,0.0,0.0,0.0
deg_centrality,N/A,powerlaw,0.1,0.2,0.3,1,0.8,0.8163445,0.14285714285714285,0.07983464,1.9739318202986833,2.8562284,127.5,1.0,0.14285714285714285,0.25
deg_centrality,N/A,powerlaw,0.2,0.2,0.3,1,0.82,0.8354184,0.2285714285714282,0.17540023,1.672663341297097,2.2740507,103.97142857142858,0.9444444444444444,0.24285714285714285,0.38636363636363635
deg_centrality,N/A,powerlaw,0.30000000000000004,0.2,0.3,1,0.8566666666666667,0.85538745,0.3857142857142857,0.27545074,1.3013405872204362,1.8795612,83.74285714285715,1.0,0.38571428571428573,0.5567010309278351
deg_centrality,N/A,powerlaw,0.4,0.2,0.3,1,0.8733333333333333,0.8756246,0.45714285714285685,0.3768445,1.2210311920531847,1.7229139,74.04285714285714,1.0,0.45714285714285713,0.6274509803921569
deg_centrality,N/A,powerlaw,0.5,0.2,0.3,1,0.8866666666666667,0.89589447,0.5142857142857143,0.4784022,0.9552464681502569,1.3557296,61.042857142857144,1.0,0.5142857142857142,0.6792452830188679
deg_centrality,N/A,powerlaw,0.6000000000000001,0.2,0.3,1,0.9133333333333333,0.91587913,0.6285714285714284,0.57853097,0.7568062011019944,1.1191305,50.27142857142857,1.0,0.6285714285714286,0.7719298245614035
deg_centrality,N/A,powerlaw,0.7000000000000001,0.2,0.3,1,0.9366666666666666,0.9358791,0.7285714285714284,0.67873645,0.6142325051827309,0.8605158,45.142857142857146,1.0,0.7285714285714285,0.8429752066115702
deg_centrality,N/A,powerlaw,0.8,0.2,0.3,1,0.96,0.95588326,0.8285714285714284,0.77896285,0.4410918146875542,0.63041157,39.77142857142857,1.0,0.8285714285714286,0.90625
deg_centrality,N/A,powerlaw,0.9,0.2,0.3,1,0.98,0.97605735,0.9142857142857141,0.88004065,0.22863356104248594,0.3990626,36.15714285714286,1.0,0.9142857142857143,0.955223880597015
deg_centrality,N/A,powerlaw,1.0,0.2,0.3,1,1.0,0.99604785,1.0,0.9801986,0.05964001756977165,0.18010932,35.5,1.0,1.0,1.0
deg_centrality,N/A,powerlaw,0.0,0.3,0.3,1,0.68,0.70174956,0.0,0.0,2.79481414178696,4.6485605,147.42708333333334,0.0,0.0,0.0
deg_centrality,N/A,powerlaw,0.1,0.3,0.3,1,0.7033333333333334,0.7283441,0.07291666666666663,0.089168414,1.8989297982782027,2.379463,135.16666666666666,0.8181818181818182,0.09375,0.16822429906542055
deg_centrality,N/A,powerlaw,0.2,0.3,0.3,1,0.73,0.76053524,0.1562499999999998,0.19710173,1.9993716153225023,2.4066362,108.57291666666667,0.9411764705882353,0.16666666666666666,0.2831858407079646
deg_centrality,N/A,powerlaw,0.30000000000000004,0.3,0.3,1,0.77,0.789981,0.28124999999999994,0.29583007,1.7975962778428807,2.0563889,99.13541666666667,0.9655172413793104,0.2916666666666667,0.44800000000000006
deg_centrality,N/A,powerlaw,0.4,0.3,0.3,1,0.8033333333333333,0.8197556,0.38541666666666663,0.39566094,1.6001113642705753,1.7548187,90.10416666666667,0.9743589743589743,0.3958333333333333,0.5629629629629629
deg_centrality,N/A,powerlaw,0.5,0.3,0.3,1,0.85,0.8485008,0.5312499999999999,0.49204028,1.3124159112757903,1.5035318,70.78125,1.0,0.53125,0.6938775510204082
deg_centrality,N/A,powerlaw,0.6000000000000001,0.3,0.3,1,0.8733333333333333,0.8785789,0.6041666666666665,0.5928888,1.1834998569980317,1.249762,66.53125,1.0,0.6041666666666666,0.7532467532467533
deg_centrality,N/A,powerlaw,0.7000000000000001,0.3,0.3,1,0.8966666666666666,0.9085754,0.6770833333333331,0.6934637,1.0144757661789277,1.0281701,60.010416666666664,1.0,0.6770833333333334,0.8074534161490683
deg_centrality,N/A,powerlaw,0.8,0.3,0.3,1,0.9333333333333333,0.93857145,0.7916666666666666,0.79403704,0.787305155798526,0.74272203,53.84375,1.0,0.7916666666666666,0.8837209302325582
deg_centrality,N/A,powerlaw,0.9,0.3,0.3,1,0.97,0.9685738,0.9062499999999999,0.8946315,0.6453900983397236,0.49218118,49.520833333333336,1.0,0.90625,0.9508196721311475
deg_centrality,N/A,powerlaw,1.0,0.3,0.3,1,0.9966666666666667,0.9985722,0.9895833333333335,0.9952127,0.37112409514772055,0.21336909,48.520833333333336,1.0,0.9895833333333334,0.9947643979057591
deg_centrality,N/A,powerlaw,0.0,0.4,0.3,1,0.5866666666666667,0.6000929,0.0,0.0,2.031464349501674,3.4624267,145.664,1.0,0.008,0.015873015873015872
deg_centrality,N/A,powerlaw,0.1,0.4,0.3,1,0.63,0.6392335,0.10483870967741936,0.097874336,1.4721558422117325,1.9441675,130.312,0.9375,0.12,0.21276595744680846
deg_centrality,N/A,powerlaw,0.2,0.4,0.3,1,0.68,0.68170416,0.22580645161290333,0.20407557,1.3205286719990612,1.5830275,120.336,0.967741935483871,0.24,0.38461538461538464
deg_centrality,N/A,powerlaw,0.30000000000000004,0.4,0.3,1,0.72,0.71908104,0.32258064516129026,0.29753947,1.1773420021031102,1.3718348,107.064,0.9767441860465116,0.336,0.5
deg_centrality,N/A,powerlaw,0.4,0.4,0.3,1,0.75,0.75944257,0.3951612903225806,0.39846674,1.0796141932940904,1.1938391,98.96,0.9807692307692307,0.408,0.576271186440678
deg_centrality,N/A,powerlaw,0.5,0.4,0.3,1,0.7966666666666666,0.7991988,0.5080645161290321,0.4978804,0.9586167792742882,1.0274596,86.112,1.0,0.512,0.6772486772486772
deg_centrality,N/A,powerlaw,0.6000000000000001,0.4,0.3,1,0.83,0.8393799,0.5887096774193548,0.5983565,0.7929201445206512,0.8358423,78.32,1.0,0.592,0.743718592964824
deg_centrality,N/A,powerlaw,0.7000000000000001,0.4,0.3,1,0.8733333333333333,0.87939227,0.6935483870967741,0.69841063,0.6206361086003426,0.65588015,70.496,1.0,0.696,0.820754716981132
deg_centrality,N/A,powerlaw,0.8,0.4,0.3,1,0.9233333333333333,0.9193825,0.8145161290322581,0.79840946,0.4554376314340272,0.45773813,66.88,1.0,0.816,0.8986784140969163
deg_centrality,N/A,powerlaw,0.9,0.4,0.3,1,0.9533333333333334,0.95940036,0.8870967741935485,0.8984773,0.26464875298675816,0.26224038,63.688,1.0,0.888,0.940677966101695
deg_centrality,N/A,powerlaw,1.0,0.4,0.3,1,1.0,0.99939454,1.0,0.998486,0.13518011520042603,0.08958748,63.0,1.0,1.0,1.0
deg_centrality,N/A,powerlaw,0.0,0.05,0.3,2,0.93,0.94992787,0.0,0.0,11.618747294513186,8.574462,135.57142857142858,0.0,0.0,0.0
deg_centrality,N/A,powerlaw,0.1,0.05,0.3,2,0.9366666666666666,0.9499077,0.09523809523809433,-0.00040234695,2.253372899392456,2.764939,113.28571428571429,1.0,0.09523809523809523,0.17391304347826084
deg_centrality,N/A,powerlaw,0.2,0.05,0.3,2,0.9433333333333334,0.9538982,0.19047619047619024,0.07929211,1.8497250190686199,2.1893902,92.38095238095238,0.8333333333333334,0.23809523809523808,0.37037037037037035
deg_centrality,N/A,powerlaw,0.30000000000000004,0.05,0.3,2,0.95,0.9601009,0.2857142857142846,0.20316735,1.5819598259318732,1.7803445,72.95238095238095,0.8,0.38095238095238093,0.5161290322580645
deg_centrality,N/A,powerlaw,0.4,0.05,0.3,2,0.9533333333333334,0.96577334,0.3333333333333333,0.316453,1.4641139473958138,1.535916,61.142857142857146,0.8888888888888888,0.38095238095238093,0.5333333333333333
deg_centrality,N/A,powerlaw,0.5,0.05,0.3,2,0.97,0.97374535,0.5714285714285707,0.47566336,1.1636117626061946,1.3011315,33.333333333333336,1.0,0.5714285714285714,0.7272727272727273
deg_centrality,N/A,powerlaw,0.6000000000000001,0.05,0.3,2,0.9733333333333334,0.97878975,0.6190476190476195,0.57640606,0.9655863983938868,1.0593656,32.80952380952381,1.0,0.6190476190476191,0.7647058823529412
deg_centrality,N/A,powerlaw,0.7000000000000001,0.05,0.3,2,0.9766666666666667,0.98378867,0.6666666666666666,0.67624044,0.8241888291854802,0.83613497,22.761904761904763,1.0,0.6666666666666666,0.8
deg_centrality,N/A,powerlaw,0.8,0.05,0.3,2,0.98,0.98878765,0.7142857142857139,0.7760761,0.5305594209797521,0.6397014,18.666666666666668,1.0,0.7142857142857143,0.8333333333333333
deg_centrality,N/A,powerlaw,0.9,0.05,0.3,2,0.9833333333333333,0.99376506,0.761904761904761,0.8754808,0.4193284057470753,0.41637522,15.238095238095237,1.0,0.7619047619047619,0.8648648648648648
deg_centrality,N/A,powerlaw,1.0,0.05,0.3,2,1.0,0.9987604,1.0,0.97524375,0.1908227984534849,0.19541836,11.0,1.0,1.0,1.0
deg_centrality,N/A,powerlaw,0.0,0.1,0.3,2,0.8866666666666667,0.90011513,0.0,0.0,6.424570468289048,7.7103124,132.05882352941177,0.0,0.0,0.0
deg_centrality,N/A,powerlaw,0.1,0.1,0.3,2,0.89,0.9060709,0.029411764705882065,0.059626207,2.5383603670775723,2.688591,112.76470588235294,1.0,0.029411764705882353,0.05714285714285715
deg_centrality,N/A,powerlaw,0.2,0.1,0.3,2,0.9,0.9163257,0.11764705882352924,0.1622924,2.1445837023991476,2.133492,95.38235294117646,0.75,0.17647058823529413,0.2857142857142857
deg_centrality,N/A,powerlaw,0.30000000000000004,0.1,0.3,2,0.9166666666666666,0.9285252,0.26470588235294057,0.28442824,1.7995123902457575,1.8364758,88.38235294117646,0.9090909090909091,0.29411764705882354,0.4444444444444445
deg_centrality,N/A,powerlaw,0.4,0.1,0.3,2,0.9333333333333333,0.9390098,0.4117647058823528,0.38939485,1.5309769239170556,1.5749443,64.1470588235294,1.0,0.4117647058823529,0.5833333333333334
deg_centrality,N/A,powerlaw,0.5,0.1,0.3,2,0.9433333333333334,0.94872755,0.5,0.4866845,1.3240518862375765,1.3249221,45.23529411764706,1.0,0.5,0.6666666666666666
deg_centrality,N/A,powerlaw,0.6000000000000001,0.1,0.3,2,0.9633333333333334,0.9587248,0.6764705882352944,0.5867722,0.9768222041738069,1.082616,38.411764705882355,1.0,0.6764705882352942,0.8070175438596492
deg_centrality,N/A,powerlaw,0.7000000000000001,0.1,0.3,2,0.9733333333333334,0.9687221,0.7647058823529416,0.6868605,0.7562885768145077,0.8518429,24.08823529411765,1.0,0.7647058823529411,0.8666666666666666
deg_centrality,N/A,powerlaw,0.8,0.1,0.3,2,0.9866666666666667,0.9787199,0.8823529411764708,0.7869536,0.5086211091081012,0.6076691,21.558823529411764,1.0,0.8823529411764706,0.9375
deg_centrality,N/A,powerlaw,0.9,0.1,0.3,2,0.9933333333333333,0.98871744,0.9411764705882348,0.8870443,0.2756071092058728,0.3835909,19.058823529411764,1.0,0.9411764705882353,0.9696969696969697
deg_centrality,N/A,powerlaw,1.0,0.1,0.3,2,1.0,0.998716,1.0,0.9871452,0.1172716527495929,0.1659416,17.5,1.0,1.0,1.0
deg_centrality,N/A,powerlaw,0.0,0.2,0.3,2,0.78,0.8002259,0.0,0.0,4.198476013809363,6.3114247,129.07575757575756,0.0,0.0,0.0
deg_centrality,N/A,powerlaw,0.1,0.2,0.3,2,0.8,0.81579816,0.090909090909091,0.0779493,2.1618973214038406,2.9579756,130.65151515151516,0.8,0.12121212121212122,0.2105263157894737
deg_centrality,N/A,powerlaw,0.2,0.2,0.3,2,0.8066666666666666,0.8416155,0.121212121212121,0.20718195,1.99571262570575,2.299492,113.75757575757575,0.8333333333333334,0.15151515151515152,0.25641025641025644
deg_centrality,N/A,powerlaw,0.30000000000000004,0.2,0.3,2,0.8333333333333334,0.8629551,0.24242424242424251,0.31400058,1.698061064844577,2.0183642,93.68181818181819,0.9444444444444444,0.25757575757575757,0.4047619047619047
deg_centrality,N/A,powerlaw,0.4,0.2,0.3,2,0.8533333333333334,0.88097066,0.3333333333333335,0.40418026,1.5740764460006262,1.7198889,80.42424242424242,0.9583333333333334,0.3484848484848485,0.5111111111111112
deg_centrality,N/A,powerlaw,0.5,0.2,0.3,2,0.88,0.8998697,0.4545454545454545,0.49878225,1.3804596086883483,1.4527446,65.24242424242425,0.96875,0.4696969696969697,0.6326530612244898
deg_centrality,N/A,powerlaw,0.6000000000000001,0.2,0.3,2,0.9033333333333333,0.9187425,0.5606060606060606,0.59325296,1.1066344095304965,1.1961708,56.484848484848484,1.0,0.5606060606060606,0.7184466019417475
deg_centrality,N/A,powerlaw,0.7000000000000001,0.2,0.3,2,0.9233333333333333,0.93873364,0.6515151515151515,0.69332176,0.9363076136736669,0.9330668,45.333333333333336,1.0,0.6515151515151515,0.7889908256880734
deg_centrality,N/A,powerlaw,0.8,0.2,0.3,2,0.95,0.95872307,0.7727272727272725,0.7933819,0.6377005142464924,0.69382894,39.803030303030305,1.0,0.7727272727272727,0.8717948717948718
deg_centrality,N/A,powerlaw,0.9,0.2,0.3,2,0.9766666666666667,0.978713,0.893939393939394,0.89344454,0.40021341098543944,0.41637883,35.303030303030305,1.0,0.8939393939393939,0.944
deg_centrality,N/A,powerlaw,1.0,0.2,0.3,2,1.0,0.9987033,1.0,0.9935092,0.18702636857787308,0.16259386,33.5,1.0,1.0,1.0
deg_centrality,N/A,powerlaw,0.0,0.3,0.3,2,0.7033333333333334,0.7014575,0.0,0.0,3.1431975880345466,5.3763943,144.26966292134833,0.0,0.0,0.0
deg_centrality,N/A,powerlaw,0.1,0.3,0.3,2,0.73,0.7293311,0.08988764044943805,0.09336552,1.946734416880307,2.573619,132.9438202247191,1.0,0.0898876404494382,0.16494845360824742
deg_centrality,N/A,powerlaw,0.2,0.3,0.3,2,0.76,0.7603064,0.19101123595505612,0.19712074,1.8292821120922387,2.1064167,114.64044943820225,0.9473684210526315,0.20224719101123595,0.33333333333333337
deg_centrality,N/A,powerlaw,0.30000000000000004,0.3,0.3,2,0.7966666666666666,0.78754854,0.31460674157303353,0.28837115,1.6063415534479644,1.8136597,86.96629213483146,0.9666666666666667,0.3258426966292135,0.4873949579831933
deg_centrality,N/A,powerlaw,0.4,0.3,0.3,2,0.8466666666666667,0.81746274,0.4831460674157303,0.38857195,1.4297626188838157,1.5378829,78.03370786516854,1.0,0.48314606741573035,0.6515151515151515
deg_centrality,N/A,powerlaw,0.5,0.3,0.3,2,0.87,0.8487785,0.5617977528089887,0.4934674,1.1375527759323567,1.3152504,68.42696629213484,1.0,0.5617977528089888,0.7194244604316548
deg_centrality,N/A,powerlaw,0.6000000000000001,0.3,0.3,2,0.9,0.87876505,0.6629213483146068,0.5939106,0.9443873164738568,1.11309,61.0,1.0,0.6629213483146067,0.7972972972972973
deg_centrality,N/A,powerlaw,0.7000000000000001,0.3,0.3,2,0.91,0.9087559,0.6966292134831461,0.6943681,0.7935196312554218,0.8789005,56.06741573033708,1.0,0.6966292134831461,0.8211920529801325
deg_centrality,N/A,powerlaw,0.8,0.3,0.3,2,0.9533333333333334,0.93873984,0.8426966292134832,0.79480255,0.6105454564833871,0.63326144,49.78651685393258,1.0,0.8426966292134831,0.9146341463414633
deg_centrality,N/A,powerlaw,0.9,0.3,0.3,2,0.9833333333333333,0.9687262,0.943820224719101,0.89524513,0.3603694433803894,0.41227874,45.449438202247194,1.0,0.9438202247191011,0.9710982658959537
deg_centrality,N/A,powerlaw,1.0,0.3,0.3,2,1.0,0.99871564,1.0,0.9956979,0.18667462314749236,0.15083347,45.0,1.0,1.0,1.0
deg_centrality,N/A,powerlaw,0.0,0.4,0.3,2,0.57,0.60213035,0.0,0.0,1.8671748476144505,3.771927,148.33333333333334,0.0,0.0,0.0
deg_centrality,N/A,powerlaw,0.1,0.4,0.3,2,0.6133333333333333,0.63697106,0.10077519379844961,0.087568134,1.378975360234107,2.3685803,135.25581395348837,0.9333333333333333,0.10852713178294573,0.19444444444444445
deg_centrality,N/A,powerlaw,0.2,0.4,0.3,2,0.6666666666666666,0.67589164,0.2248062015503876,0.18539058,1.2309759008100067,1.9781594,124.74418604651163,0.967741935483871,0.23255813953488372,0.375
deg_centrality,N/A,powerlaw,0.30000000000000004,0.4,0.3,2,0.7033333333333334,0.71552634,0.3100775193798451,0.2850079,1.0832203218653567,1.682805,106.0077519379845,0.9761904761904762,0.3178294573643411,0.4795321637426901
deg_centrality,N/A,powerlaw,0.4,0.4,0.3,2,0.75,0.75613636,0.4186046511627908,0.38707653,0.9396555598085876,1.4199616,96.48837209302326,1.0,0.4186046511627907,0.5901639344262295
deg_centrality,N/A,powerlaw,0.5,0.4,0.3,2,0.7866666666666666,0.7963385,0.5038759689922481,0.48812002,0.7630472675859367,1.1855434,86.73643410852713,1.0,0.5038759689922481,0.6701030927835051
deg_centrality,N/A,powerlaw,0.6000000000000001,0.4,0.3,2,0.8433333333333334,0.8361279,0.6356589147286823,0.5881261,0.6363254957071928,0.9578362,80.26356589147287,1.0,0.6356589147286822,0.7772511848341233
deg_centrality,N/A,powerlaw,0.7000000000000001,0.4,0.3,2,0.88,0.87611073,0.7209302325581396,0.6886184,0.45169106704788203,0.73169315,72.54263565891473,1.0,0.7209302325581395,0.8378378378378378
deg_centrality,N/A,powerlaw,0.8,0.4,0.3,2,0.9166666666666666,0.9160935,0.8062015503875969,0.78911066,0.3004485601589488,0.55029005,68.2015503875969,1.0,0.8062015503875969,0.8927038626609441
deg_centrality,N/A,powerlaw,0.9,0.4,0.3,2,0.9566666666666667,0.95607543,0.8992248062015504,0.8896006,0.1884837126354677,0.34358826,66.10077519379846,1.0,0.8992248062015504,0.9469387755102041
deg_centrality,N/A,powerlaw,1.0,0.4,0.3,2,1.0,0.99605703,1.0,0.9900898,0.07389642994309274,0.16389209,65.0,1.0,1.0,1.0
deg_centrality,N/A,powerlaw,0.0,0.05,0.3,3,0.9466666666666667,0.9499192,0.0,0.0,11.563245820991018,9.25944,138.4375,0.0,0.0,0.0
deg_centrality,N/A,powerlaw,0.1,0.05,0.3,3,0.9566666666666667,0.9519625,0.18750000000000014,0.040799033,2.300546071452289,2.805782,99.375,1.0,0.1875,0.3157894736842105
deg_centrality,N/A,powerlaw,0.2,0.05,0.3,3,0.9633333333333334,0.95908517,0.3125000000000009,0.18302317,1.9771278325734747,2.2499366,121.0,1.0,0.3125,0.47619047619047616
deg_centrality,N/A,powerlaw,0.30000000000000004,0.05,0.3,3,0.9633333333333334,0.9641712,0.3125000000000009,0.28457922,1.8567066235589642,1.938067,101.6875,1.0,0.3125,0.47619047619047616
deg_centrality,N/A,powerlaw,0.4,0.05,0.3,3,0.9733333333333334,0.9690857,0.500000000000001,0.3827111,1.4558564746241822,1.6718011,59.5,1.0,0.5,0.6666666666666666
deg_centrality,N/A,powerlaw,0.5,0.05,0.3,3,0.98,0.9738867,0.6249999999999998,0.47857693,1.1672260871479212,1.3974152,36.6875,1.0,0.625,0.7692307692307693
deg_centrality,N/A,powerlaw,0.6000000000000001,0.05,0.3,3,0.9866666666666667,0.9787917,0.7500000000000006,0.5765184,0.9445620123391613,1.1405646,18.4375,1.0,0.75,0.8571428571428571
deg_centrality,N/A,powerlaw,0.7000000000000001,0.05,0.3,3,0.99,0.98378986,0.8124999999999999,0.67632014,0.7244033601692372,0.9118736,17.4375,1.0,0.8125,0.896551724137931
deg_centrality,N/A,powerlaw,0.8,0.05,0.3,3,0.9933333333333333,0.98878825,0.8749999999999992,0.7761266,0.5546338664441759,0.6567591,11.75,1.0,0.875,0.9333333333333333
deg_centrality,N/A,powerlaw,0.9,0.05,0.3,3,1.0,0.99378604,1.0,0.8759212,0.3570110901030656,0.4280407,8.5,1.0,1.0,1.0
deg_centrality,N/A,powerlaw,1.0,0.05,0.3,3,1.0,0.9987846,1.0,0.97573125,0.21723052522060646,0.18597287,8.5,1.0,1.0,1.0
deg_centrality,N/A,powerlaw,0.0,0.1,0.3,3,0.9066666666666666,0.9001131,0.0,0.0,5.691633696792024,7.824903,141.21428571428572,0.0,0.0,0.0
deg_centrality,N/A,powerlaw,0.1,0.1,0.3,3,0.9,0.9024398,-0.07142857142857066,0.023293018,2.360827282071482,3.2198763,144.96428571428572,0.25,0.03571428571428571,0.0625
deg_centrality,N/A,powerlaw,0.2,0.1,0.3,3,0.9133333333333333,0.91729474,0.07142857142857185,0.1720109,1.9415364708765495,2.5360482,94.75,0.6666666666666666,0.14285714285714285,0.23529411764705882
deg_centrality,N/A,powerlaw,0.30000000000000004,0.1,0.3,3,0.9233333333333333,0.92710125,0.17857142857142905,0.27018708,1.6960056287525729,2.1468487,84.92857142857143,0.8571428571428571,0.21428571428571427,0.34285714285714286
deg_centrality,N/A,powerlaw,0.4,0.1,0.3,3,0.9366666666666666,0.9368607,0.32142857142857156,0.36789185,1.4797164544424628,1.8309053,55.57142857142857,0.9090909090909091,0.35714285714285715,0.5128205128205129
deg_centrality,N/A,powerlaw,0.5,0.1,0.3,3,0.95,0.94806296,0.4642857142857141,0.48004147,1.261207594793618,1.5445622,48.107142857142854,1.0,0.4642857142857143,0.6341463414634146
deg_centrality,N/A,powerlaw,0.6000000000000001,0.1,0.3,3,0.9633333333333334,0.9576656,0.6071428571428578,0.5761769,0.9265907452869326,1.3964415,41.142857142857146,1.0,0.6071428571428571,0.7555555555555554
deg_centrality,N/A,powerlaw,0.7000000000000001,0.1,0.3,3,0.9733333333333334,0.96766865,0.714285714285715,0.67632043,0.7758170761118717,1.1179045,29.785714285714285,1.0,0.7142857142857143,0.8333333333333333
deg_centrality,N/A,powerlaw,0.8,0.1,0.3,3,0.9833333333333333,0.9776696,0.821428571428571,0.7764431,0.5788983852868999,0.8292353,21.142857142857142,1.0,0.8214285714285714,0.9019607843137255
deg_centrality,N/A,powerlaw,0.9,0.1,0.3,3,0.9866666666666667,0.987666,0.8571428571428574,0.87652045,0.4695887427155151,0.52786845,16.428571428571427,1.0,0.8571428571428571,0.923076923076923
deg_centrality,N/A,powerlaw,1.0,0.1,0.3,3,1.0,0.997667,1.0,0.97664374,0.15660150423536884,0.2331037,14.5,1.0,1.0,1.0
deg_centrality,N/A,powerlaw,0.0,0.2,0.3,3,0.79,0.8002675,0.0,0.0,4.2803672885246,6.4413786,152.36507936507937,0.0,0.0,0.0
deg_centrality,N/A,powerlaw,0.1,0.2,0.3,3,0.81,0.8193899,0.09523809523809534,0.09573987,2.0554576575844585,2.8629532,123.47619047619048,0.875,0.1111111111111111,0.19718309859154926
deg_centrality,N/A,powerlaw,0.2,0.2,0.3,3,0.8333333333333334,0.8375031,0.2063492063492064,0.18642715,1.79736100861401,2.333743,112.96825396825396,0.9333333333333333,0.2222222222222222,0.358974358974359
deg_centrality,N/A,powerlaw,0.30000000000000004,0.2,0.3,3,0.85,0.858357,0.2857142857142855,0.29083648,1.5226227079003636,1.7906713,96.76190476190476,1.0,0.2857142857142857,0.4444444444444445
deg_centrality,N/A,powerlaw,0.4,0.2,0.3,3,0.8633333333333333,0.8783365,0.34920634920634885,0.39086768,1.3557855991217473,1.5201961,76.4920634920635,1.0,0.3492063492063492,0.5176470588235293
deg_centrality,N/A,powerlaw,0.5,0.2,0.3,3,0.88,0.89900625,0.4285714285714285,0.4943549,1.230448213843516,1.290642,69.42857142857143,1.0,0.42857142857142855,0.6
deg_centrality,N/A,powerlaw,0.6000000000000001,0.2,0.3,3,0.89,0.9191032,0.47619047619047616,0.5949743,1.1145999021834367,1.0680709,51.15873015873016,1.0,0.47619047619047616,0.6451612903225806
deg_centrality,N/A,powerlaw,0.7000000000000001,0.2,0.3,3,0.9266666666666666,0.939097,0.6507936507936506,0.69507706,0.9283185386257533,0.84625256,46.58730158730159,1.0,0.6507936507936508,0.7884615384615385
deg_centrality,N/A,powerlaw,0.8,0.2,0.3,3,0.95,0.9590922,0.7619047619047616,0.79518706,0.6420977066928327,0.61574954,37.285714285714285,1.0,0.7619047619047619,0.8648648648648648
deg_centrality,N/A,powerlaw,0.9,0.2,0.3,3,0.9766666666666667,0.97908723,0.888888888888889,0.8952961,0.41802873211997826,0.37901258,33.285714285714285,1.0,0.8888888888888888,0.9411764705882353
deg_centrality,N/A,powerlaw,1.0,0.2,0.3,3,1.0,0.99908215,1.0,0.9954046,0.2029350263798923,0.14128418,32.0,1.0,1.0,1.0
deg_centrality,N/A,powerlaw,0.0,0.3,0.3,3,0.69,0.7007354,0.0,0.0,3.189642637425672,5.123298,145.70967741935485,0.0,0.0,0.0
deg_centrality,N/A,powerlaw,0.1,0.3,0.3,3,0.7133333333333334,0.7298889,0.07526881720430137,0.09741722,2.0767465852103326,2.5557578,136.70967741935485,0.8888888888888888,0.08602150537634409,0.1568627450980392
deg_centrality,N/A,powerlaw,0.2,0.3,0.3,3,0.7366666666666667,0.75849813,0.15053763440860238,0.19301562,1.9453530410321014,2.1464615,121.78494623655914,1.0,0.15053763440860216,0.2616822429906542
deg_centrality,N/A,powerlaw,0.30000000000000004,0.3,0.3,3,0.7766666666666666,0.78918946,0.27956989247311825,0.29557142,1.766141924901827,1.8051107,95.17204301075269,0.9642857142857143,0.2903225806451613,0.4462809917355372
deg_centrality,N/A,powerlaw,0.4,0.3,0.3,3,0.8133333333333334,0.81951255,0.39784946236559154,0.39689678,1.5789410974984726,1.5350931,87.87096774193549,1.0,0.3978494623655914,0.5692307692307692
deg_centrality,N/A,powerlaw,0.5,0.3,0.3,3,0.84,0.84879136,0.4838709677419355,0.49473265,1.4811098297496061,1.3163332,75.90322580645162,1.0,0.4838709677419355,0.6521739130434783
deg_centrality,N/A,powerlaw,0.6000000000000001,0.3,0.3,3,0.87,0.8787968,0.5806451612903226,0.5949966,1.2446040319479539,1.0766703,65.09677419354838,1.0,0.5806451612903226,0.7346938775510204
deg_centrality,N/A,powerlaw,0.7000000000000001,0.3,0.3,3,0.9,0.9087775,0.6774193548387099,0.69517773,1.0047671201921915,0.8596141,60.89247311827957,1.0,0.6774193548387096,0.8076923076923077
deg_centrality,N/A,powerlaw,0.8,0.3,0.3,3,0.9333333333333333,0.9388533,0.7849462365591399,0.7956769,0.7759977228670649,0.59641266,52.075268817204304,1.0,0.7849462365591398,0.8795180722891566
deg_centrality,N/A,powerlaw,0.9,0.3,0.3,3,0.9666666666666667,0.96885175,0.89247311827957,0.89591736,0.40400194074460755,0.3559313,48.1505376344086,1.0,0.8924731182795699,0.9431818181818181
deg_centrality,N/A,powerlaw,1.0,0.3,0.3,3,1.0,0.9988533,1.0,0.9961684,0.18619709250233552,0.12549798,47.0,1.0,1.0,1.0
deg_centrality,N/A,powerlaw,0.0,0.4,0.3,3,0.5866666666666667,0.6021494,0.0,0.0,2.503202279838175,4.3422894,165.20967741935485,0.0,0.0,0.0
deg_centrality,N/A,powerlaw,0.1,0.4,0.3,3,0.62,0.638523,0.08064516129032256,0.091425166,1.8665884061201787,2.343278,137.66935483870967,0.9166666666666666,0.08870967741935484,0.16176470588235295
deg_centrality,N/A,powerlaw,0.2,0.4,0.3,3,0.6566666666666666,0.6784475,0.1693548387096773,0.19177566,1.7505808159201228,1.9184616,119.36290322580645,0.9565217391304348,0.1774193548387097,0.29931972789115646
deg_centrality,N/A,powerlaw,0.30000000000000004,0.4,0.3,3,0.7133333333333334,0.7188653,0.3064516129032259,0.29336604,1.6157191835647993,1.6225715,105.59677419354838,0.975,0.31451612903225806,0.47560975609756095
deg_centrality,N/A,powerlaw,0.4,0.4,0.3,3,0.7566666666666667,0.7582397,0.41129032258064524,0.3923339,1.5052667817761745,1.3506417,95.33870967741936,0.9636363636363636,0.4274193548387097,0.5921787709497206
deg_centrality,N/A,powerlaw,0.5,0.4,0.3,3,0.7866666666666666,0.7990137,0.4838709677419354,0.49481955,1.373778311399248,1.1779351,87.91129032258064,1.0,0.4838709677419355,0.6521739130434783
deg_centrality,N/A,powerlaw,0.6000000000000001,0.4,0.3,3,0.8366666666666667,0.8387987,0.6048387096774194,0.5948195,1.1014760170840927,0.9804472,76.80645161290323,1.0,0.6048387096774194,0.7537688442211055
deg_centrality,N/A,powerlaw,0.7000000000000001,0.4,0.3,3,0.8733333333333333,0.87878144,0.6935483870967741,0.6953164,0.898175922646531,0.77358335,68.98387096774194,1.0,0.6935483870967742,0.8190476190476191
deg_centrality,N/A,powerlaw,0.8,0.4,0.3,3,0.9033333333333333,0.9187658,0.7661290322580645,0.79581726,0.7560957104491576,0.58151275,66.4274193548387,1.0,0.7661290322580645,0.867579908675799
deg_centrality,N/A,powerlaw,0.9,0.4,0.3,3,0.9633333333333334,0.9587436,0.9112903225806452,0.8963017,0.5284713034857962,0.37914643,63.54838709677419,1.0,0.9112903225806451,0.9535864978902954
deg_centrality,N/A,powerlaw,1.0,0.4,0.3,3,1.0,0.9987262,1.0,0.9967983,0.24388479829342677,0.18555656,62.5,1.0,1.0,1.0
deg_centrality,N/A,powerlaw,0.0,0.05,0.3,4,0.9466666666666667,0.94977725,0.0,0.0,8.98618045551499,7.871301,159.9375,0.0,0.0,0.0
deg_centrality,N/A,powerlaw,0.1,0.05,0.3,4,0.95,0.9498455,0.06249999999999935,0.0013588924,2.695856888583556,2.9453773,149.0625,0.6666666666666666,0.125,0.21052631578947367
deg_centrality,N/A,powerlaw,0.2,0.05,0.3,4,0.95,0.9535007,0.06249999999999935,0.07413856,2.2251388282903286,2.2566354,100.9375,0.6,0.1875,0.2857142857142857
deg_centrality,N/A,powerlaw,0.30000000000000004,0.05,0.3,4,0.9666666666666667,0.96248543,0.3750000000000003,0.25303644,1.809077853305195,1.9571989,71.375,1.0,0.375,0.5454545454545454
deg_centrality,N/A,powerlaw,0.4,0.05,0.3,4,0.9666666666666667,0.9691157,0.3750000000000003,0.38505313,1.6304027465640842,1.579978,55.5625,0.875,0.4375,0.5833333333333334
deg_centrality,N/A,powerlaw,0.5,0.05,0.3,4,0.98,0.97354287,0.6249999999999998,0.4732043,1.1661543875371667,1.3601924,41.25,1.0,0.625,0.7692307692307693
deg_centrality,N/A,powerlaw,0.6000000000000001,0.05,0.3,4,0.9866666666666667,0.9785495,0.7500000000000006,0.5728924,0.9478794514070928,1.107741,25.9375,1.0,0.75,0.8571428571428571
deg_centrality,N/A,powerlaw,0.7000000000000001,0.05,0.3,4,0.9866666666666667,0.9835733,0.7500000000000006,0.6729235,0.8497015238932244,0.91315246,19.75,1.0,0.75,0.8571428571428571
deg_centrality,N/A,powerlaw,0.8,0.05,0.3,4,0.9933333333333333,0.9885738,0.8749999999999992,0.77248937,0.6500192812064988,0.6802988,13.875,1.0,0.875,0.9333333333333333
deg_centrality,N/A,powerlaw,0.9,0.05,0.3,4,0.9933333333333333,0.9935738,0.8749999999999992,0.87204576,0.49819351564913744,0.45535013,11.3125,1.0,0.875,0.9333333333333333
deg_centrality,N/A,powerlaw,1.0,0.05,0.3,4,1.0,0.9985732,1.0,0.9715902,0.2643485470020012,0.21024327,8.5,1.0,1.0,1.0
deg_centrality,N/A,powerlaw,0.0,0.1,0.3,4,0.9066666666666666,0.9001774,0.0,0.0,6.0498175732304755,7.299412,133.17857142857142,0.0,0.0,0.0
deg_centrality,N/A,powerlaw,0.1,0.1,0.3,4,0.9133333333333333,0.9045239,0.07142857142857185,0.04354215,2.085819408491284,2.9741082,113.32142857142857,0.6666666666666666,0.14285714285714285,0.23529411764705882
deg_centrality,N/A,powerlaw,0.2,0.1,0.3,4,0.93,0.91895694,0.2500000000000009,0.18812893,1.8201101641937536,2.4452934,89.25,1.0,0.25,0.4
deg_centrality,N/A,powerlaw,0.30000000000000004,0.1,0.3,4,0.9266666666666666,0.92778414,0.21428571428571436,0.27655792,1.5978307464003718,2.0464652,71.14285714285714,0.8,0.2857142857142857,0.4210526315789473
deg_centrality,N/A,powerlaw,0.4,0.1,0.3,4,0.9366666666666666,0.9387424,0.32142857142857156,0.38633522,1.4343179679464533,1.7238065,65.92857142857143,0.9090909090909091,0.35714285714285715,0.5128205128205129
deg_centrality,N/A,powerlaw,0.5,0.1,0.3,4,0.9533333333333334,0.9492464,0.5000000000000006,0.491562,1.2794994147329313,1.4451408,45.892857142857146,0.9375,0.5357142857142857,0.6818181818181818
deg_centrality,N/A,powerlaw,0.6000000000000001,0.1,0.3,4,0.9666666666666667,0.9588358,0.6428571428571431,0.58762616,1.0518542711411862,1.16119,26.714285714285715,1.0,0.6428571428571429,0.782608695652174
deg_centrality,N/A,powerlaw,0.7000000000000001,0.1,0.3,4,0.9766666666666667,0.9688336,0.7500000000000003,0.68778235,0.8647796743974742,0.9249393,22.785714285714285,1.0,0.75,0.8571428571428571
deg_centrality,N/A,powerlaw,0.8,0.1,0.3,4,0.9833333333333333,0.97886014,0.821428571428571,0.78822565,0.7151066633626036,0.693973,21.285714285714285,1.0,0.8214285714285714,0.9019607843137255
deg_centrality,N/A,powerlaw,0.9,0.1,0.3,4,0.9866666666666667,0.9885791,0.8571428571428574,0.88558793,0.5874078960065511,0.4917139,16.642857142857142,1.0,0.8571428571428571,0.923076923076923
deg_centrality,N/A,powerlaw,1.0,0.1,0.3,4,1.0,0.9985874,1.0,0.9858492,0.26430313182895976,0.20685214,14.5,1.0,1.0,1.0
deg_centrality,N/A,powerlaw,0.0,0.2,0.3,4,0.78,0.80039585,0.0,0.0,4.211884051056429,6.4843736,143.25757575757575,0.0,0.0,0.0
deg_centrality,N/A,powerlaw,0.1,0.2,0.3,4,0.8,0.8151812,0.090909090909091,0.07407335,2.045140224593875,2.7401214,136.5909090909091,0.75,0.13636363636363635,0.23076923076923075
deg_centrality,N/A,powerlaw,0.2,0.2,0.3,4,0.83,0.8382324,0.227272727272727,0.18955794,1.7581602970325116,2.0928707,109.83333333333333,0.9411764705882353,0.24242424242424243,0.3855421686746988
deg_centrality,N/A,powerlaw,0.30000000000000004,0.2,0.3,4,0.8533333333333334,0.8589684,0.3333333333333335,0.29344344,1.590509970973792,1.7748175,93.6969696969697,0.9583333333333334,0.3484848484848485,0.5111111111111112
deg_centrality,N/A,powerlaw,0.4,0.2,0.3,4,0.8666666666666667,0.878945,0.393939393939394,0.39352462,1.6047117343285238,1.6670086,79.87878787878788,1.0,0.3939393939393939,0.5652173913043478
deg_centrality,N/A,powerlaw,0.5,0.2,0.3,4,0.8866666666666667,0.8986898,0.48484848484848503,0.49244446,1.410564494635205,1.451811,68.45454545454545,1.0,0.48484848484848486,0.653061224489796
deg_centrality,N/A,powerlaw,0.6000000000000001,0.2,0.3,4,0.9,0.9185892,0.5454545454545455,0.59213865,1.2177309488412837,1.1787685,56.25757575757576,1.0,0.5454545454545454,0.7058823529411764
deg_centrality,N/A,powerlaw,0.7000000000000001,0.2,0.3,4,0.9266666666666666,0.9385835,0.6666666666666665,0.6923085,1.0019035367230174,0.91308993,48.166666666666664,1.0,0.6666666666666666,0.8
deg_centrality,N/A,powerlaw,0.8,0.2,0.3,4,0.9533333333333334,0.95858806,0.787878787878788,0.7925297,0.7194328825923018,0.7222067,38.39393939393939,1.0,0.7878787878787878,0.8813559322033898
deg_centrality,N/A,powerlaw,0.9,0.2,0.3,4,0.97,0.9785915,0.8636363636363635,0.8927452,0.48524323896250726,0.44616354,34.95454545454545,1.0,0.8636363636363636,0.9268292682926829
deg_centrality,N/A,powerlaw,1.0,0.2,0.3,4,1.0,0.9985911,1.0,0.9929417,0.31098713892455704,0.20617953,33.5,1.0,1.0,1.0
deg_centrality,N/A,powerlaw,0.0,0.3,0.3,4,0.7233333333333334,0.70125794,0.0,0.0,2.8195983841676697,5.08725,148.79518072289156,0.0,0.0,0.0
deg_centrality,N/A,powerlaw,0.1,0.3,0.3,4,0.74,0.72594815,0.060240963855421485,0.08264726,2.0431563169905105,3.0679953,137.3012048192771,0.8571428571428571,0.07228915662650602,0.13333333333333333
deg_centrality,N/A,powerlaw,0.2,0.3,0.3,4,0.74,0.7571247,0.060240963855421485,0.18700674,1.8676575269651077,2.4072144,115.63855421686748,0.6666666666666666,0.12048192771084337,0.20408163265306123
deg_centrality,N/A,powerlaw,0.30000000000000004,0.3,0.3,4,0.7733333333333333,0.78749263,0.18072289156626486,0.28865936,1.6644155376326821,2.080822,100.07228915662651,0.8571428571428571,0.21686746987951808,0.3461538461538462
deg_centrality,N/A,powerlaw,0.4,0.3,0.3,4,0.8,0.81760603,0.27710843373493976,0.38946003,1.5032314747919429,1.8297188,83.03614457831326,0.96,0.2891566265060241,0.44444444444444436
deg_centrality,N/A,powerlaw,0.5,0.3,0.3,4,0.83,0.8455646,0.38554216867469854,0.4830477,1.3326849757849981,1.5766777,71.71084337349397,1.0,0.3855421686746988,0.5565217391304349
deg_centrality,N/A,powerlaw,0.6000000000000001,0.3,0.3,4,0.8566666666666667,0.87556374,0.4819277108433735,0.5834659,1.1303384865931132,1.2451826,61.72289156626506,1.0,0.4819277108433735,0.6504065040650406
deg_centrality,N/A,powerlaw,0.7000000000000001,0.3,0.3,4,0.8933333333333333,0.90556204,0.6144578313253011,0.6838813,0.7728413691259476,0.9931366,52.19277108433735,1.0,0.6144578313253012,0.7611940298507462
deg_centrality,N/A,powerlaw,0.8,0.3,0.3,4,0.9233333333333333,0.9355595,0.7228915662650602,0.7842939,0.5816556650618707,0.75545186,47.30120481927711,1.0,0.7228915662650602,0.8391608391608391
deg_centrality,N/A,powerlaw,0.9,0.3,0.3,4,0.9766666666666667,0.96555865,0.9156626506024097,0.8847121,0.3801648876720888,0.49351466,43.48192771084337,1.0,0.9156626506024096,0.9559748427672956
deg_centrality,N/A,powerlaw,1.0,0.3,0.3,4,1.0,0.9983004,1.0,0.99431074,0.37854986957088177,0.25054342,42.0,1.0,1.0,1.0
deg_centrality,N/A,powerlaw,0.0,0.4,0.3,4,0.59,0.6021495,0.0,0.0,2.0732099794818426,4.0844116,143.64227642276424,0.0,0.0,0.0
deg_centrality,N/A,powerlaw,0.1,0.4,0.3,4,0.6266666666666667,0.6416932,0.08943089430894326,0.09939333,1.4915669509262601,2.278534,126.3170731707317,0.8235294117647058,0.11382113821138211,0.19999999999999998
deg_centrality,N/A,powerlaw,0.2,0.4,0.3,4,0.6766666666666666,0.6832478,0.2113821138211382,0.20384118,1.3273920909801968,1.871333,124.3739837398374,0.8823529411764706,0.24390243902439024,0.3821656050955414
deg_centrality,N/A,powerlaw,0.30000000000000004,0.4,0.3,4,0.7133333333333334,0.71907127,0.30081300813008144,0.2938837,1.3186499116308008,1.8275313,108.48780487804878,0.9743589743589743,0.3089430894308943,0.4691358024691358
deg_centrality,N/A,powerlaw,0.4,0.4,0.3,4,0.77,0.75908136,0.43902439024390255,0.39444935,1.167960745113052,1.5425617,93.2520325203252,0.9821428571428571,0.44715447154471544,0.6145251396648045
deg_centrality,N/A,powerlaw,0.5,0.4,0.3,4,0.8,0.7992021,0.5121951219512196,0.49529305,1.0519006243701812,1.3320398,83.47967479674797,1.0,0.5121951219512195,0.6774193548387097
deg_centrality,N/A,powerlaw,0.6000000000000001,0.4,0.3,4,0.85,0.83886874,0.6341463414634146,0.59499544,0.9352502699608306,1.1041282,77.67479674796748,1.0,0.6341463414634146,0.7761194029850745
deg_centrality,N/A,powerlaw,0.7000000000000001,0.4,0.3,4,0.9,0.8788435,0.7560975609756099,0.69547224,0.7816455308268272,0.87492573,70.32520325203252,1.0,0.7560975609756098,0.8611111111111112
deg_centrality,N/A,powerlaw,0.8,0.4,0.3,4,0.9433333333333334,0.9188442,0.8617886178861789,0.79601437,0.6847008246131547,0.6828806,65.54471544715447,1.0,0.8617886178861789,0.925764192139738
deg_centrality,N/A,powerlaw,0.9,0.4,0.3,4,0.9733333333333334,0.9588319,0.934959349593496,0.8965237,0.46839237328507477,0.462928,62.447154471544714,1.0,0.9349593495934959,0.9663865546218486
deg_centrality,N/A,powerlaw,1.0,0.4,0.3,4,1.0,0.9985914,1.0,0.99645954,0.31093965012347785,0.20528214,62.0,1.0,1.0,1.0
betweenness_centrality,N/A,powerlaw,0.0,0.05,0.3,0,0.97,0.94977623,0.0,0.0,5.777952286673203,7.332784,174.66666666666666,0.0,0.0,0.0
betweenness_centrality,N/A,powerlaw,0.1,0.05,0.3,0,0.97,0.95316243,0.0,0.06742225,1.9882358770872441,3.0512743,133.88888888888889,0.0,0.0,0.0
betweenness_centrality,N/A,powerlaw,0.2,0.05,0.3,0,0.9733333333333334,0.95843625,0.11111111111111358,0.17242868,1.6228166214690964,2.483876,134.55555555555554,1.0,0.1111111111111111,0.19999999999999998
betweenness_centrality,N/A,powerlaw,0.30000000000000004,0.05,0.3,0,0.98,0.9634801,0.3333333333333333,0.27285653,1.389050534996973,2.0743086,111.33333333333333,1.0,0.3333333333333333,0.5
betweenness_centrality,N/A,powerlaw,0.4,0.05,0.3,0,0.9866666666666667,0.9683826,0.5555555555555568,0.3704693,1.1648600648572176,1.7506309,50.333333333333336,1.0,0.5555555555555556,0.7142857142857143
betweenness_centrality,N/A,powerlaw,0.5,0.05,0.3,0,0.9866666666666667,0.97350603,0.5555555555555568,0.4724815,0.9794054741092199,1.4646885,46.888888888888886,1.0,0.5555555555555556,0.7142857142857143
betweenness_centrality,N/A,powerlaw,0.6000000000000001,0.05,0.3,0,0.9933333333333333,0.9790567,0.7777777777777766,0.58300054,0.835318990478666,1.1890103,27.0,1.0,0.7777777777777778,0.8750000000000001
betweenness_centrality,N/A,powerlaw,0.7000000000000001,0.05,0.3,0,0.9966666666666667,0.98405397,0.8888888888888902,0.6825003,0.5706388298708889,0.9224122,11.444444444444445,1.0,0.8888888888888888,0.9411764705882353
betweenness_centrality,N/A,powerlaw,0.8,0.05,0.3,0,1.0,0.9887985,1.0,0.7769681,0.35035343858106216,0.7010594,5.0,1.0,1.0,1.0
betweenness_centrality,N/A,powerlaw,0.9,0.05,0.3,0,1.0,0.99377805,1.0,0.87611544,0.28863438163248883,0.4616038,5.0,1.0,1.0,1.0
betweenness_centrality,N/A,powerlaw,1.0,0.05,0.3,0,1.0,0.99877685,1.0,0.9756461,0.12382848515695409,0.18599877,5.0,1.0,1.0,1.0
betweenness_centrality,N/A,powerlaw,0.0,0.1,0.3,0,0.88,0.90006167,0.0,0.0,6.600393461054976,7.932814,159.72222222222223,0.0,0.0,0.0
betweenness_centrality,N/A,powerlaw,0.1,0.1,0.3,0,0.8766666666666667,0.9079964,-0.027777777777777495,0.07939645,2.435602769362964,2.8058574,125.63888888888889,0.3333333333333333,0.027777777777777776,0.05128205128205128
betweenness_centrality,N/A,powerlaw,0.2,0.1,0.3,0,0.9,0.91467243,0.16666666666666682,0.14619783,2.0110932057549515,2.4510162,112.94444444444444,1.0,0.16666666666666666,0.2857142857142857
betweenness_centrality,N/A,powerlaw,0.30000000000000004,0.1,0.3,0,0.9133333333333333,0.92656034,0.27777777777777773,0.26515025,1.740016006079798,2.0659673,79.97222222222223,1.0,0.2777777777777778,0.4347826086956522
betweenness_centrality,N/A,powerlaw,0.4,0.1,0.3,0,0.93,0.9365,0.4166666666666671,0.3646083,1.502585227719938,1.739713,68.69444444444444,1.0,0.4166666666666667,0.5882352941176471
betweenness_centrality,N/A,powerlaw,0.5,0.1,0.3,0,0.9366666666666666,0.945603,0.47222222222222204,0.45569447,1.3675164654420826,1.4685988,59.44444444444444,1.0,0.4722222222222222,0.6415094339622641
betweenness_centrality,N/A,powerlaw,0.6000000000000001,0.1,0.3,0,0.95,0.95625794,0.5833333333333329,0.5623095,1.2339418116395247,1.2097648,41.69444444444444,1.0,0.5833333333333334,0.7368421052631579
betweenness_centrality,N/A,powerlaw,0.7000000000000001,0.1,0.3,0,0.96,0.9660499,0.6666666666666664,0.6602896,0.9655585006401866,0.95618814,30.944444444444443,1.0,0.6666666666666666,0.8
betweenness_centrality,N/A,powerlaw,0.8,0.1,0.3,0,0.9866666666666667,0.97577596,0.8888888888888891,0.7576101,0.6031294165728711,0.7238787,22.055555555555557,1.0,0.8888888888888888,0.9411764705882353
betweenness_centrality,N/A,powerlaw,0.9,0.1,0.3,0,0.9933333333333333,0.9857719,0.9444444444444441,0.85763115,0.3099536908433539,0.4901655,19.305555555555557,1.0,0.9444444444444444,0.9714285714285714
betweenness_centrality,N/A,powerlaw,1.0,0.1,0.3,0,1.0,0.9957687,1.0,0.95766115,0.10450727448357998,0.22662364,18.5,1.0,1.0,1.0
betweenness_centrality,N/A,powerlaw,0.0,0.2,0.3,0,0.8033333333333333,0.800785,0.0,0.0,4.492391514323353,6.7559023,164.79661016949152,0.0,0.0,0.0
betweenness_centrality,N/A,powerlaw,0.1,0.2,0.3,0,0.8233333333333334,0.81855094,0.10169491525423738,0.08917973,2.0301490276371994,2.5697792,119.71186440677967,0.875,0.11864406779661017,0.208955223880597
betweenness_centrality,N/A,powerlaw,0.2,0.2,0.3,0,0.86,0.83942544,0.2881355932203389,0.19396351,1.676346906570053,2.0782282,96.33898305084746,1.0,0.288135593220339,0.4473684210526315
betweenness_centrality,N/A,powerlaw,0.30000000000000004,0.2,0.3,0,0.8866666666666667,0.8586098,0.42372881355932224,0.29026324,1.47775467059423,1.6231053,81.71186440677967,1.0,0.423728813559322,0.5952380952380952
betweenness_centrality,N/A,powerlaw,0.4,0.2,0.3,0,0.9033333333333333,0.8804842,0.5084745762711863,0.40006638,1.3151147031681574,1.399928,70.88135593220339,1.0,0.5084745762711864,0.6741573033707865
betweenness_centrality,N/A,powerlaw,0.5,0.2,0.3,0,0.92,0.9009853,0.593220338983051,0.50297564,1.0526142183468925,1.1411806,54.79661016949152,1.0,0.5932203389830508,0.7446808510638298
betweenness_centrality,N/A,powerlaw,0.6000000000000001,0.2,0.3,0,0.93,0.9204582,0.6440677966101698,0.6007238,0.8656880046458122,0.89240766,45.559322033898304,1.0,0.6440677966101694,0.7835051546391751
betweenness_centrality,N/A,powerlaw,0.7000000000000001,0.2,0.3,0,0.9533333333333334,0.94018984,0.7627118644067798,0.6997708,0.6806033044955396,0.688663,37.932203389830505,1.0,0.7627118644067796,0.8653846153846153
betweenness_centrality,N/A,powerlaw,0.8,0.2,0.3,0,0.9733333333333334,0.9598737,0.8644067796610172,0.7985778,0.49450043060569254,0.47098088,33.03389830508475,1.0,0.864406779661017,0.9272727272727274
betweenness_centrality,N/A,powerlaw,0.9,0.2,0.3,0,0.9833333333333333,0.9796252,0.9152542372881354,0.8977247,0.32345159581901894,0.26647255,30.508474576271187,1.0,0.9152542372881356,0.9557522123893806
betweenness_centrality,N/A,powerlaw,1.0,0.2,0.3,0,1.0,0.9996169,1.0,0.99807703,0.06791303337336581,0.060129076,30.0,1.0,1.0,1.0
betweenness_centrality,N/A,powerlaw,0.0,0.3,0.3,0,0.71,0.7014575,0.0,0.0,2.6358095308632845,4.9881773,161.35632183908046,0.0,0.0,0.0
betweenness_centrality,N/A,powerlaw,0.1,0.3,0.3,0,0.74,0.7284619,0.10344827586206905,0.09045419,1.625940908952981,2.6243079,129.3793103448276,0.9090909090909091,0.11494252873563218,0.20408163265306123
betweenness_centrality,N/A,powerlaw,0.2,0.3,0.3,0,0.7666666666666667,0.75886405,0.195402298850575,0.19228935,1.3993965762613907,2.1119516,113.24137931034483,0.9047619047619048,0.21839080459770116,0.3518518518518519
betweenness_centrality,N/A,powerlaw,0.30000000000000004,0.3,0.3,0,0.79,0.78913397,0.27586206896551746,0.29368168,1.262370272581882,1.7555654,99.94252873563218,0.9285714285714286,0.2988505747126437,0.4521739130434783
betweenness_centrality,N/A,powerlaw,0.4,0.3,0.3,0,0.82,0.8188376,0.37931034482758613,0.39317712,1.1624430549488183,1.4941306,88.74712643678161,0.9714285714285714,0.39080459770114945,0.5573770491803278
betweenness_centrality,N/A,powerlaw,0.5,0.3,0.3,0,0.8466666666666667,0.85123664,0.47126436781609204,0.50170124,0.879986241145153,1.1081699,70.85057471264368,1.0,0.47126436781609193,0.640625
betweenness_centrality,N/A,powerlaw,0.6000000000000001,0.3,0.3,0,0.89,0.8798876,0.6206896551724139,0.5976706,0.7274854044746125,0.89396954,59.37931034482759,1.0,0.6206896551724138,0.7659574468085107
betweenness_centrality,N/A,powerlaw,0.7000000000000001,0.3,0.3,0,0.92,0.9095351,0.724137931034483,0.6969782,0.663435039034329,0.78740966,53.57471264367816,1.0,0.7241379310344828,0.8400000000000001
betweenness_centrality,N/A,powerlaw,0.8,0.3,0.3,0,0.9433333333333334,0.93960387,0.8045977011494254,0.7976967,0.3795890456683081,0.49508068,48.724137931034484,1.0,0.8045977011494253,0.8917197452229298
betweenness_centrality,N/A,powerlaw,0.9,0.3,0.3,0,0.9766666666666667,0.96957946,0.9195402298850576,0.8981031,0.19823981284188666,0.28400776,44.89655172413793,1.0,0.9195402298850575,0.9580838323353293
betweenness_centrality,N/A,powerlaw,1.0,0.3,0.3,0,1.0,0.99957347,1.0,0.9985713,0.06397435459411965,0.057560973,44.0,1.0,1.0,1.0
betweenness_centrality,N/A,powerlaw,0.0,0.4,0.3,0,0.5466666666666666,0.60314846,0.0,0.0,2.4772788412854974,4.6278605,162.25735294117646,0.0,0.0,0.0
betweenness_centrality,N/A,powerlaw,0.1,0.4,0.3,0,0.5733333333333334,0.63937074,0.05882352941176484,0.09127413,1.7986060607914753,2.548407,133.22058823529412,0.8333333333333334,0.07352941176470588,0.13513513513513514
betweenness_centrality,N/A,powerlaw,0.2,0.4,0.3,0,0.6233333333333333,0.6813272,0.1691176470588235,0.19699751,1.5864212744740105,2.0034738,117.50735294117646,0.96,0.17647058823529413,0.2981366459627329
betweenness_centrality,N/A,powerlaw,0.30000000000000004,0.4,0.3,0,0.6833333333333333,0.7191008,0.3014705882352942,0.29218057,1.5205979150279147,1.8264878,107.04411764705883,1.0,0.3014705882352941,0.46327683615819204
betweenness_centrality,N/A,powerlaw,0.4,0.4,0.3,0,0.73,0.7591121,0.40441176470588236,0.39300254,1.3656594713948804,1.5779335,100.07352941176471,0.9824561403508771,0.4117647058823529,0.5803108808290156
betweenness_centrality,N/A,powerlaw,0.5,0.4,0.3,0,0.7733333333333333,0.799233,0.5,0.49410054,1.161598614419563,1.3005742,86.42647058823529,0.9722222222222222,0.5147058823529411,0.6730769230769229
betweenness_centrality,N/A,powerlaw,0.6000000000000001,0.4,0.3,0,0.8333333333333334,0.8395271,0.6323529411764707,0.5956349,1.027498310861872,1.0753433,77.99264705882354,0.9886363636363636,0.6397058823529411,0.7767857142857143
betweenness_centrality,N/A,powerlaw,0.7000000000000001,0.4,0.3,0,0.8766666666666667,0.8785898,0.7279411764705883,0.69406646,0.8084308410446686,0.86072385,74.3970588235294,1.0,0.7279411764705882,0.8425531914893616
betweenness_centrality,N/A,powerlaw,0.8,0.4,0.3,0,0.9066666666666666,0.9185909,0.7941176470588235,0.79486257,0.6050095347226705,0.65489244,72.07352941176471,1.0,0.7941176470588235,0.8852459016393442
betweenness_centrality,N/A,powerlaw,0.9,0.4,0.3,0,0.9633333333333334,0.95859027,0.9191176470588236,0.8956544,0.4605660526230065,0.41757992,69.08823529411765,1.0,0.9191176470588235,0.9578544061302682
betweenness_centrality,N/A,powerlaw,1.0,0.4,0.3,0,1.0,0.99858886,1.0,0.99644417,0.310982191404419,0.20705318,68.5,1.0,1.0,1.0
betweenness_centrality,N/A,powerlaw,0.0,0.05,0.3,1,0.95,0.9496634,0.0,0.0,6.207748477183001,6.821626,161.93333333333334,0.0,0.0,0.0
betweenness_centrality,N/A,powerlaw,0.1,0.05,0.3,1,0.95,0.9525692,0.0,0.057727102,2.4053648640702447,2.9810622,105.33333333333333,0.0,0.0,0.0
betweenness_centrality,N/A,powerlaw,0.2,0.05,0.3,1,0.9666666666666667,0.9574729,0.3333333333333341,0.15514596,1.7587125903271323,2.2928317,65.06666666666666,1.0,0.3333333333333333,0.5
betweenness_centrality,N/A,powerlaw,0.30000000000000004,0.05,0.3,1,0.97,0.962791,0.4,0.26079682,1.6301514298690767,2.129885,61.4,1.0,0.4,0.5714285714285715
betweenness_centrality,N/A,powerlaw,0.4,0.05,0.3,1,0.9766666666666667,0.96829754,0.5333333333333341,0.37019068,1.4412242836659743,1.7709327,46.93333333333333,1.0,0.5333333333333333,0.6956521739130436
betweenness_centrality,N/A,powerlaw,0.5,0.05,0.3,1,0.9766666666666667,0.9731022,0.5333333333333341,0.46564153,1.1666733908406752,1.3611171,40.46666666666667,0.9,0.6,0.7200000000000001
betweenness_centrality,N/A,powerlaw,0.6000000000000001,0.05,0.3,1,0.9766666666666667,0.9782257,0.5333333333333341,0.56742626,0.944109152727183,1.1266758,27.8,0.9,0.6,0.7200000000000001
betweenness_centrality,N/A,powerlaw,0.7000000000000001,0.05,0.3,1,0.98,0.9831897,0.6,0.66604227,0.7725635187229187,0.88808167,22.933333333333334,0.9090909090909091,0.6666666666666666,0.7692307692307692
betweenness_centrality,N/A,powerlaw,0.8,0.05,0.3,1,0.99,0.98869526,0.8,0.77541715,0.5695833858418978,0.69044024,13.4,1.0,0.8,0.888888888888889
betweenness_centrality,N/A,powerlaw,0.9,0.05,0.3,1,0.9966666666666667,0.99361104,0.9333333333333341,0.8730752,0.373801042528586,0.4581314,9.133333333333333,1.0,0.9333333333333333,0.9655172413793104
betweenness_centrality,N/A,powerlaw,1.0,0.05,0.3,1,1.0,0.99861115,1.0,0.9724088,0.23749991099040926,0.19861111,8.0,1.0,1.0,1.0
betweenness_centrality,N/A,powerlaw,0.0,0.1,0.3,1,0.9133333333333333,0.9001707,0.0,0.0,6.127946695657254,7.5983644,162.92307692307693,0.0,0.0,0.0
betweenness_centrality,N/A,powerlaw,0.1,0.1,0.3,1,0.91,0.9076882,-0.03846153846153807,0.075303696,2.9740549025187177,3.2841842,148.46153846153845,0.3333333333333333,0.038461538461538464,0.06896551724137931
betweenness_centrality,N/A,powerlaw,0.2,0.1,0.3,1,0.92,0.9161486,0.07692307692307741,0.16005237,2.6047988582079946,3.0073614,112.6923076923077,0.75,0.11538461538461539,0.19999999999999998
betweenness_centrality,N/A,powerlaw,0.30000000000000004,0.1,0.3,1,0.9466666666666667,0.9241992,0.3846153846153845,0.24069622,1.9708491726204973,2.201421,65.03846153846153,1.0,0.38461538461538464,0.5555555555555556
betweenness_centrality,N/A,powerlaw,0.4,0.1,0.3,1,0.95,0.9324859,0.4230769230769226,0.32370445,1.7690367022976632,2.1047704,52.46153846153846,1.0,0.4230769230769231,0.5945945945945945
betweenness_centrality,N/A,powerlaw,0.5,0.1,0.3,1,0.96,0.94187397,0.5384615384615381,0.41774586,1.5099756003473634,1.7824316,48.34615384615385,1.0,0.5384615384615384,0.7000000000000001
betweenness_centrality,N/A,powerlaw,0.6000000000000001,0.1,0.3,1,0.9666666666666667,0.95381206,0.6153846153846155,0.5373309,1.2379020334875726,1.4314189,39.19230769230769,1.0,0.6153846153846154,0.761904761904762
betweenness_centrality,N/A,powerlaw,0.7000000000000001,0.1,0.3,1,0.9766666666666667,0.9662602,0.730769230769231,0.6620251,1.0418872261809073,1.1646539,26.846153846153847,1.0,0.7307692307692307,0.8444444444444443
betweenness_centrality,N/A,powerlaw,0.8,0.1,0.3,1,0.9866666666666667,0.9782544,0.8461538461538465,0.78217196,0.949527138915995,0.8568668,20.73076923076923,1.0,0.8461538461538461,0.9166666666666666
betweenness_centrality,N/A,powerlaw,0.9,0.1,0.3,1,0.9933333333333333,0.9877141,0.9230769230769226,0.8769311,0.6194993381542624,0.61514574,14.692307692307692,1.0,0.9230769230769231,0.9600000000000001
betweenness_centrality,N/A,powerlaw,1.0,0.1,0.3,1,1.0,0.9977159,1.0,0.97711986,0.3870047549038902,0.33981448,13.5,1.0,1.0,1.0
betweenness_centrality,N/A,powerlaw,0.0,0.2,0.3,1,0.7766666666666666,0.8015696,0.0,0.0,4.600802748572492,6.906333,138.4179104477612,0.0,0.0,0.0
betweenness_centrality,N/A,powerlaw,0.1,0.2,0.3,1,0.7833333333333333,0.8180176,0.029850746268656903,0.08289062,2.4305681359606623,3.458623,133.46268656716418,0.6,0.08955223880597014,0.1558441558441558
betweenness_centrality,N/A,powerlaw,0.2,0.2,0.3,1,0.8233333333333334,0.83881813,0.2089552238805973,0.18771593,2.0555553347788496,2.6904922,104.3731343283582,0.85,0.2537313432835821,0.39080459770114945
betweenness_centrality,N/A,powerlaw,0.30000000000000004,0.2,0.3,1,0.8333333333333334,0.8560304,0.25373134328358243,0.27445805,1.8481055400975568,2.2988884,91.85074626865672,0.8695652173913043,0.29850746268656714,0.4444444444444444
betweenness_centrality,N/A,powerlaw,0.4,0.2,0.3,1,0.8566666666666667,0.8779438,0.35820895522388085,0.38489175,1.6509111780534196,1.9375358,79.16417910447761,0.9615384615384616,0.373134328358209,0.5376344086021505
betweenness_centrality,N/A,powerlaw,0.5,0.2,0.3,1,0.8833333333333333,0.89831096,0.47761194029850745,0.487533,1.4721180164359065,1.6586896,60.74626865671642,1.0,0.47761194029850745,0.6464646464646464
betweenness_centrality,N/A,powerlaw,0.6000000000000001,0.2,0.3,1,0.9066666666666666,0.91805065,0.5820895522388059,0.5870122,1.2405889783425716,1.3722446,55.91044776119403,1.0,0.582089552238806,0.7358490566037735
betweenness_centrality,N/A,powerlaw,0.7000000000000001,0.2,0.3,1,0.9166666666666666,0.938155,0.626865671641791,0.68832904,1.042161710286312,1.0986713,50.07462686567164,1.0,0.6268656716417911,0.7706422018348624
betweenness_centrality,N/A,powerlaw,0.8,0.2,0.3,1,0.9466666666666667,0.95814455,0.7611940298507462,0.7890673,0.8095025693898656,0.83767915,40.61194029850746,1.0,0.7611940298507462,0.864406779661017
betweenness_centrality,N/A,powerlaw,0.9,0.2,0.3,1,0.97,0.97820514,0.8656716417910447,0.8901637,0.5686050779188999,0.5660219,35.1044776119403,1.0,0.8656716417910447,0.928
betweenness_centrality,N/A,powerlaw,1.0,0.2,0.3,1,1.0,0.99819416,1.0,0.9908994,0.3523752677802945,0.27030432,34.0,1.0,1.0,1.0
betweenness_centrality,N/A,powerlaw,0.0,0.3,0.3,1,0.6966666666666667,0.7007353,0.0,0.0,2.9663658005381097,4.901709,159.06593406593407,0.0,0.0,0.0
betweenness_centrality,N/A,powerlaw,0.1,0.3,0.3,1,0.72,0.7290277,0.07692307692307687,0.09453977,2.0260641834346607,2.4488618,122.37362637362638,0.8888888888888888,0.08791208791208792,0.16
betweenness_centrality,N/A,powerlaw,0.2,0.3,0.3,1,0.7566666666666667,0.7602803,0.19780219780219796,0.19897112,1.8961370644755349,1.995961,114.6043956043956,0.95,0.2087912087912088,0.34234234234234234
betweenness_centrality,N/A,powerlaw,0.30000000000000004,0.3,0.3,1,0.78,0.79146737,0.27472527472527486,0.3031834,1.657770396437485,1.6779946,97.24175824175825,0.9310344827586207,0.2967032967032967,0.45
betweenness_centrality,N/A,powerlaw,0.4,0.3,0.3,1,0.8066666666666666,0.8211186,0.36263736263736257,0.40226364,1.4334333250878202,1.4820318,83.28571428571429,1.0,0.3626373626373626,0.532258064516129
betweenness_centrality,N/A,powerlaw,0.5,0.3,0.3,1,0.8333333333333334,0.8487939,0.45054945054945067,0.4947414,1.2405034656959513,1.2748902,76.2967032967033,1.0,0.45054945054945056,0.6212121212121212
betweenness_centrality,N/A,powerlaw,0.6000000000000001,0.3,0.3,1,0.8666666666666667,0.87909395,0.5604395604395606,0.59598964,1.0838143856085467,1.0404645,64.26373626373626,1.0,0.5604395604395604,0.7183098591549296
betweenness_centrality,N/A,powerlaw,0.7000000000000001,0.3,0.3,1,0.9,0.90897626,0.6703296703296704,0.6958421,0.8722876867744833,0.8213062,56.75824175824176,1.0,0.6703296703296703,0.8026315789473685
betweenness_centrality,N/A,powerlaw,0.8,0.3,0.3,1,0.9366666666666666,0.9390525,0.7912087912087912,0.7963426,0.6243946921794388,0.6063669,50.21978021978022,1.0,0.7912087912087912,0.8834355828220859
betweenness_centrality,N/A,powerlaw,0.9,0.3,0.3,1,0.97,0.9687117,0.901098901098901,0.89544934,0.3998701459918994,0.38907734,47.0,1.0,0.9010989010989011,0.9479768786127168
betweenness_centrality,N/A,powerlaw,1.0,0.3,0.3,1,1.0,0.9986981,1.0,0.9956497,0.16216090380636317,0.15984856,46.0,1.0,1.0,1.0
betweenness_centrality,N/A,powerlaw,0.0,0.4,0.3,1,0.5866666666666667,0.60109407,0.0,0.0,2.182670588015969,3.9651122,144.76612903225808,0.0,0.0,0.0
betweenness_centrality,N/A,powerlaw,0.1,0.4,0.3,1,0.6066666666666667,0.6394922,0.04838709677419359,0.09625865,1.6585597305492075,2.423945,134.0,0.8,0.06451612903225806,0.11940298507462686
betweenness_centrality,N/A,powerlaw,0.2,0.4,0.3,1,0.6666666666666666,0.67821217,0.1935483870967741,0.19332401,1.4567123559827693,1.9946468,120.91935483870968,0.9615384615384616,0.20161290322580644,0.3333333333333333
betweenness_centrality,N/A,powerlaw,0.30000000000000004,0.4,0.3,1,0.7066666666666667,0.719081,0.29032258064516125,0.29577628,1.3463739437675395,1.6881585,103.91935483870968,0.95,0.3064516129032258,0.4634146341463415
betweenness_centrality,N/A,powerlaw,0.4,0.4,0.3,1,0.7533333333333333,0.7592413,0.4032258064516128,0.3964524,1.2413285038924733,1.4339343,95.38709677419355,0.9807692307692307,0.4112903225806452,0.5795454545454546
betweenness_centrality,N/A,powerlaw,0.5,0.4,0.3,1,0.7933333333333333,0.79877526,0.5,0.4955584,1.1130241898211686,1.1664147,82.94354838709677,0.984375,0.5080645161290323,0.6702127659574468
betweenness_centrality,N/A,powerlaw,0.6000000000000001,0.4,0.3,1,0.8233333333333334,0.8399526,0.5725806451612904,0.5987841,1.0342446469599014,0.9619865,76.87903225806451,0.9863013698630136,0.5806451612903226,0.7309644670050762
betweenness_centrality,N/A,powerlaw,0.7000000000000001,0.4,0.3,1,0.8733333333333333,0.8790275,0.6935483870967741,0.69673926,0.8852953424907151,0.7538111,70.04032258064517,1.0,0.6935483870967742,0.8190476190476191
betweenness_centrality,N/A,powerlaw,0.8,0.4,0.3,1,0.91,0.9187373,0.7822580645161291,0.79628605,0.6499975504558799,0.5609348,65.25,1.0,0.782258064516129,0.8778280542986425
betweenness_centrality,N/A,powerlaw,0.9,0.4,0.3,1,0.9566666666666667,0.9587201,0.8951612903225806,0.89651716,0.37272134572329435,0.36434916,63.064516129032256,1.0,0.8951612903225806,0.9446808510638298
betweenness_centrality,N/A,powerlaw,1.0,0.4,0.3,1,1.0,0.99869996,1.0,0.996741,0.18664004524508465,0.15125567,62.5,1.0,1.0,1.0
betweenness_centrality,N/A,powerlaw,0.0,0.05,0.3,2,0.94,0.9498882,0.0,0.0,9.345040293334979,8.3759985,139.61111111111111,0.0,0.0,0.0
betweenness_centrality,N/A,powerlaw,0.1,0.05,0.3,2,0.9466666666666667,0.94856274,0.11111111111111173,-0.026450634,2.332331602234923,2.8576012,134.94444444444446,0.75,0.16666666666666666,0.27272727272727276
betweenness_centrality,N/A,powerlaw,0.2,0.05,0.3,2,0.95,0.9544047,0.16666666666666666,0.090128176,1.8256280536535208,2.2127774,93.61111111111111,0.8,0.2222222222222222,0.3478260869565218
betweenness_centrality,N/A,powerlaw,0.30000000000000004,0.05,0.3,2,0.9533333333333334,0.9606061,0.22222222222222346,0.21387927,1.509377039363893,1.8598359,80.94444444444444,0.8333333333333334,0.2777777777777778,0.4166666666666667
betweenness_centrality,N/A,powerlaw,0.4,0.05,0.3,2,0.9533333333333334,0.96647763,0.22222222222222346,0.33104804,1.3352726812460514,1.540459,70.11111111111111,0.75,0.3333333333333333,0.46153846153846156
betweenness_centrality,N/A,powerlaw,0.5,0.05,0.3,2,0.9566666666666667,0.97091514,0.2777777777777784,0.41960022,1.0879193742026094,1.2867072,56.666666666666664,0.8571428571428571,0.3333333333333333,0.48
betweenness_centrality,N/A,powerlaw,0.6000000000000001,0.05,0.3,2,0.9733333333333334,0.9767377,0.5555555555555568,0.5357913,0.7883912508048341,1.0800556,42.94444444444444,1.0,0.5555555555555556,0.7142857142857143
betweenness_centrality,N/A,powerlaw,0.7000000000000001,0.05,0.3,2,0.9766666666666667,0.981521,0.6111111111111117,0.63124454,0.6323736704531162,0.84491473,28.61111111111111,1.0,0.6111111111111112,0.7586206896551725
betweenness_centrality,N/A,powerlaw,0.8,0.05,0.3,2,0.9833333333333333,0.98624,0.7222222222222217,0.7254144,0.42041925732337065,0.62122744,19.166666666666668,1.0,0.7222222222222222,0.8387096774193548
betweenness_centrality,N/A,powerlaw,0.9,0.05,0.3,2,0.99,0.991049,0.8333333333333334,0.8213791,0.2035578375621983,0.3993028,13.833333333333334,1.0,0.8333333333333334,0.9090909090909091
betweenness_centrality,N/A,powerlaw,1.0,0.05,0.3,2,1.0,0.9960457,1.0,0.92109054,0.04504337960666952,0.18700112,9.5,1.0,1.0,1.0
betweenness_centrality,N/A,powerlaw,0.0,0.1,0.3,2,0.9133333333333333,0.90005755,0.0,0.0,5.8046055899452895,7.917661,170.92307692307693,0.0,0.0,0.0
betweenness_centrality,N/A,powerlaw,0.1,0.1,0.3,2,0.9266666666666666,0.90754557,0.15384615384615355,0.07492325,1.7199706513353268,2.8456986,124.53846153846153,1.0,0.15384615384615385,0.2666666666666667
betweenness_centrality,N/A,powerlaw,0.2,0.1,0.3,2,0.9233333333333333,0.916046,0.11538461538461549,0.15997677,1.4790969339327005,2.3837016,76.73076923076923,0.7142857142857143,0.19230769230769232,0.30303030303030304
betweenness_centrality,N/A,powerlaw,0.30000000000000004,0.1,0.3,2,0.9366666666666666,0.92641866,0.26923076923076905,0.2637629,1.2686717683105597,2.0138412,81.23076923076923,1.0,0.2692307692307692,0.42424242424242425
betweenness_centrality,N/A,powerlaw,0.4,0.1,0.3,2,0.9533333333333334,0.9368138,0.46153846153846195,0.36777383,1.0171033597128372,1.7160759,51.92307692307692,1.0,0.46153846153846156,0.631578947368421
betweenness_centrality,N/A,powerlaw,0.5,0.1,0.3,2,0.9633333333333334,0.94813335,0.5769230769230774,0.48103482,0.8600171932490419,1.4335407,41.5,1.0,0.5769230769230769,0.7317073170731707
betweenness_centrality,N/A,powerlaw,0.6000000000000001,0.1,0.3,2,0.9666666666666667,0.9583899,0.6153846153846155,0.5836592,0.7353178284951398,1.179375,26.5,1.0,0.6153846153846154,0.761904761904762
betweenness_centrality,N/A,powerlaw,0.7000000000000001,0.1,0.3,2,0.9766666666666667,0.9684502,0.730769230769231,0.6843202,0.5580272209442827,0.92164797,23.307692307692307,1.0,0.7307692307692307,0.8444444444444443
betweenness_centrality,N/A,powerlaw,0.8,0.1,0.3,2,0.99,0.97789246,0.8846153846153845,0.77879727,0.3535530028051246,0.6485637,15.923076923076923,1.0,0.8846153846153846,0.9387755102040816
betweenness_centrality,N/A,powerlaw,0.9,0.1,0.3,2,0.99,0.9878901,0.8846153846153845,0.8788315,0.2503303710330207,0.39763564,14.192307692307692,1.0,0.8846153846153846,0.9387755102040816
betweenness_centrality,N/A,powerlaw,1.0,0.1,0.3,2,1.0,0.99820656,1.0,0.98205525,0.07532985042309127,0.15071675,13.5,1.0,1.0,1.0
betweenness_centrality,N/A,powerlaw,0.0,0.2,0.3,2,0.8366666666666667,0.8003959,0.0,0.0,3.899067213619682,6.5743814,150.6530612244898,0.0,0.0,0.0
betweenness_centrality,N/A,powerlaw,0.1,0.2,0.3,2,0.8466666666666667,0.81686085,0.06122448979591842,0.08248803,1.9095111660878081,2.6968362,127.08163265306122,0.6666666666666666,0.12244897959183673,0.20689655172413793
betweenness_centrality,N/A,powerlaw,0.2,0.2,0.3,2,0.87,0.83949226,0.20408163265306117,0.1958695,1.6156795308558511,2.2234318,94.73469387755102,0.9166666666666666,0.22448979591836735,0.36065573770491804
betweenness_centrality,N/A,powerlaw,0.30000000000000004,0.2,0.3,2,0.8833333333333333,0.8607489,0.28571428571428553,0.30236346,1.4590123477131753,1.9222763,91.12244897959184,1.0,0.2857142857142857,0.4444444444444445
betweenness_centrality,N/A,powerlaw,0.4,0.2,0.3,2,0.91,0.88112414,0.44897959183673486,0.40444177,1.1970125246123693,1.6413813,63.12244897959184,1.0,0.4489795918367347,0.6197183098591549
betweenness_centrality,N/A,powerlaw,0.5,0.2,0.3,2,0.9266666666666666,0.8999798,0.5510204081632651,0.4989072,1.0477264471548835,1.3757489,50.0,1.0,0.5510204081632653,0.7105263157894737
betweenness_centrality,N/A,powerlaw,0.6000000000000001,0.2,0.3,2,0.94,0.9199226,0.6326530612244895,0.5988188,0.8232641272636992,1.1373177,41.93877551020408,1.0,0.6326530612244898,0.775
betweenness_centrality,N/A,powerlaw,0.7000000000000001,0.2,0.3,2,0.95,0.94023883,0.6938775510204079,0.7006015,0.6388549765648924,0.87746274,35.38775510204081,1.0,0.6938775510204082,0.819277108433735
betweenness_centrality,N/A,powerlaw,0.8,0.2,0.3,2,0.9666666666666667,0.9599831,0.7959183673469388,0.7995187,0.46338834728086375,0.6347944,28.836734693877553,1.0,0.7959183673469388,0.8863636363636364
betweenness_centrality,N/A,powerlaw,0.9,0.2,0.3,2,0.98,0.9793147,0.8775510204081631,0.89636827,0.34937925773692835,0.38983297,25.653061224489797,1.0,0.8775510204081632,0.9347826086956522
betweenness_centrality,N/A,powerlaw,1.0,0.2,0.3,2,1.0,0.9993053,1.0,0.9965196,0.1359108210687666,0.11666374,25.0,1.0,1.0,1.0
betweenness_centrality,N/A,powerlaw,0.0,0.3,0.3,2,0.7133333333333334,0.7021797,0.0,0.0,2.908172255858226,5.179331,145.06976744186048,0.0,0.0,0.0
betweenness_centrality,N/A,powerlaw,0.1,0.3,0.3,2,0.7433333333333333,0.72687274,0.10465116279069739,0.082912646,1.9376260613353358,2.7229285,125.77906976744185,0.9090909090909091,0.11627906976744186,0.20618556701030924
betweenness_centrality,N/A,powerlaw,0.2,0.3,0.3,2,0.76,0.7572089,0.1627906976744185,0.18477319,1.7787298192433998,2.3612084,116.81395348837209,0.8888888888888888,0.18604651162790697,0.3076923076923077
betweenness_centrality,N/A,powerlaw,0.30000000000000004,0.3,0.3,2,0.8066666666666666,0.78585124,0.325581395348837,0.28094646,1.5595674647525966,2.0028033,105.06976744186046,0.9666666666666667,0.3372093023255814,0.5
betweenness_centrality,N/A,powerlaw,0.4,0.3,0.3,2,0.8233333333333334,0.815475,0.38372093023255816,0.380415,1.469667564917215,1.7402018,83.90697674418605,0.9714285714285714,0.3953488372093023,0.5619834710743802
betweenness_centrality,N/A,powerlaw,0.5,0.3,0.3,2,0.8633333333333333,0.845215,0.5232558139534882,0.48027396,1.2317120429195225,1.456225,72.09302325581395,0.9787234042553191,0.5348837209302325,0.6917293233082706
betweenness_centrality,N/A,powerlaw,0.6000000000000001,0.3,0.3,2,0.9033333333333333,0.8761202,0.6627906976744186,0.58404523,1.0177173169680942,1.1694086,58.81395348837209,0.9830508474576272,0.6744186046511628,0.8
betweenness_centrality,N/A,powerlaw,0.7000000000000001,0.3,0.3,2,0.9333333333333333,0.9058435,0.7674418604651163,0.68384796,0.7841931602796615,0.9225888,52.86046511627907,1.0,0.7674418604651163,0.868421052631579
betweenness_centrality,N/A,powerlaw,0.8,0.3,0.3,2,0.96,0.9358309,0.8604651162790696,0.7845375,0.6093593145217653,0.6841102,47.26744186046512,1.0,0.8604651162790697,0.9249999999999999
betweenness_centrality,N/A,powerlaw,0.9,0.3,0.3,2,0.98,0.9658195,0.9302325581395348,0.8852311,0.44797368780893615,0.43002328,44.19767441860465,1.0,0.9302325581395349,0.963855421686747
betweenness_centrality,N/A,powerlaw,1.0,0.3,0.3,2,1.0,0.9958081,1.0,0.98592484,0.14140496410536205,0.20271859,43.5,1.0,1.0,1.0
betweenness_centrality,N/A,powerlaw,0.0,0.4,0.3,2,0.64,0.6021289,0.0,0.0,1.999069951542859,3.9320142,156.15740740740742,0.0,0.0,0.0
betweenness_centrality,N/A,powerlaw,0.1,0.4,0.3,2,0.6666666666666666,0.6380787,0.07407407407407393,0.090355314,1.620027114598801,2.5171156,128.62037037037038,0.8333333333333334,0.09259259259259259,0.16666666666666666
betweenness_centrality,N/A,powerlaw,0.2,0.4,0.3,2,0.7166666666666667,0.67772615,0.21296296296296297,0.19000433,1.4183370280517684,2.0890768,127.54629629629629,0.9259259259259259,0.23148148148148148,0.3703703703703704
betweenness_centrality,N/A,powerlaw,0.30000000000000004,0.4,0.3,2,0.7366666666666667,0.72244,0.26851851851851855,0.3023871,1.2252930494237062,1.7772859,97.27777777777777,0.8717948717948718,0.3148148148148148,0.4625850340136054
betweenness_centrality,N/A,powerlaw,0.4,0.4,0.3,2,0.7733333333333333,0.76085484,0.3703703703703703,0.39893806,1.1054172574853414,1.5540942,88.37037037037037,0.8846153846153846,0.42592592592592593,0.575
betweenness_centrality,N/A,powerlaw,0.5,0.4,0.3,2,0.81,0.7984774,0.4722222222222224,0.49349776,0.9927222334514352,1.3178791,77.12037037037037,0.9322033898305084,0.5092592592592593,0.6586826347305389
betweenness_centrality,N/A,powerlaw,0.6000000000000001,0.4,0.3,2,0.8566666666666667,0.8365877,0.6018518518518519,0.58928335,0.8081366279346052,1.1043361,68.85185185185185,0.9850746268656716,0.6111111111111112,0.7542857142857143
betweenness_centrality,N/A,powerlaw,0.7000000000000001,0.4,0.3,2,0.8966666666666666,0.8768396,0.7129629629629628,0.69045144,0.6212306616360835,0.8807891,61.351851851851855,0.9873417721518988,0.7222222222222222,0.8342245989304813
betweenness_centrality,N/A,powerlaw,0.8,0.4,0.3,2,0.9133333333333333,0.9157918,0.7592592592592592,0.7883531,0.4884672648119169,0.679022,58.30555555555556,1.0,0.7592592592592593,0.8631578947368421
betweenness_centrality,N/A,powerlaw,0.9,0.4,0.3,2,0.9666666666666667,0.95577127,0.9074074074074074,0.8888365,0.3092398319146566,0.46085724,55.24074074074074,1.0,0.9074074074074074,0.9514563106796117
betweenness_centrality,N/A,powerlaw,1.0,0.4,0.3,2,1.0,0.9957548,1.0,0.9893302,0.12700465791381602,0.21717493,54.5,1.0,1.0,1.0
betweenness_centrality,N/A,powerlaw,0.0,0.05,0.3,3,0.9433333333333334,0.9496627,0.0,0.0,6.655969729338926,6.7879877,169.58823529411765,0.0,0.0,0.0
betweenness_centrality,N/A,powerlaw,0.1,0.05,0.3,3,0.95,0.950449,0.11764705882352826,0.0156207075,2.165533646262431,2.8737543,122.0,1.0,0.11764705882352941,0.21052631578947367
betweenness_centrality,N/A,powerlaw,0.2,0.05,0.3,3,0.95,0.9560685,0.11764705882352826,0.12725809,2.0279576465339186,2.2549512,109.3529411764706,1.0,0.11764705882352941,0.21052631578947367
betweenness_centrality,N/A,powerlaw,0.30000000000000004,0.05,0.3,3,0.95,0.9642631,0.11764705882352826,0.29005116,1.790372813092482,1.9586205,105.23529411764706,1.0,0.11764705882352941,0.21052631578947367
betweenness_centrality,N/A,powerlaw,0.4,0.05,0.3,3,0.95,0.9690697,0.11764705882352826,0.3855397,1.6078842607497557,1.6729007,84.58823529411765,1.0,0.11764705882352941,0.21052631578947367
betweenness_centrality,N/A,powerlaw,0.5,0.05,0.3,3,0.9633333333333334,0.9730764,0.3529411764705887,0.4651364,1.1756830871784967,1.3777659,58.470588235294116,1.0,0.35294117647058826,0.5217391304347826
betweenness_centrality,N/A,powerlaw,0.6000000000000001,0.05,0.3,3,0.98,0.9777253,0.6470588235294114,0.55749184,0.8753649469737089,1.1309875,30.764705882352942,1.0,0.6470588235294118,0.7857142857142858
betweenness_centrality,N/A,powerlaw,0.7000000000000001,0.05,0.3,3,0.9833333333333333,0.9840376,0.7058823529411754,0.6828909,0.7030308678583356,0.8770038,20.705882352941178,1.0,0.7058823529411765,0.8275862068965517
betweenness_centrality,N/A,powerlaw,0.8,0.05,0.3,3,0.9933333333333333,0.98913455,0.8823529411764698,0.7841472,0.5167057059436692,0.65208215,14.470588235294118,1.0,0.8823529411764706,0.9375
betweenness_centrality,N/A,powerlaw,0.9,0.05,0.3,3,0.9966666666666667,0.993797,0.9411764705882358,0.87677145,0.3811615087208663,0.4416099,10.117647058823529,1.0,0.9411764705882353,0.9696969696969697
betweenness_centrality,N/A,powerlaw,1.0,0.05,0.3,3,1.0,0.99879557,1.0,0.9760728,0.21718686036732662,0.18342042,9.0,1.0,1.0,1.0
betweenness_centrality,N/A,powerlaw,0.0,0.1,0.3,3,0.9166666666666666,0.90017474,0.0,0.0,5.9898492775730805,7.684839,148.96,0.0,0.0,0.0
betweenness_centrality,N/A,powerlaw,0.1,0.1,0.3,3,0.9233333333333333,0.9044395,0.08000000000000047,0.04272237,2.74276881538216,3.6913013,148.2,1.0,0.08,0.14814814814814814
betweenness_centrality,N/A,powerlaw,0.2,0.1,0.3,3,0.92,0.9139915,0.0400000000000009,0.13840958,1.990838191959757,2.5595582,88.96,0.6,0.12,0.19999999999999998
betweenness_centrality,N/A,powerlaw,0.30000000000000004,0.1,0.3,3,0.94,0.92265034,0.2799999999999997,0.22514942,1.684486343624411,2.14894,101.68,1.0,0.28,0.43750000000000006
betweenness_centrality,N/A,powerlaw,0.4,0.1,0.3,3,0.95,0.93453085,0.39999999999999974,0.34416255,1.4923141755895357,1.7810223,58.6,1.0,0.4,0.5714285714285715
betweenness_centrality,N/A,powerlaw,0.5,0.1,0.3,3,0.9566666666666667,0.9457543,0.4800000000000002,0.45659336,1.2984708278873007,1.5297009,49.12,1.0,0.48,0.6486486486486487
betweenness_centrality,N/A,powerlaw,0.6000000000000001,0.1,0.3,3,0.9666666666666667,0.95564705,0.6000000000000003,0.55569416,1.1712302444276752,1.2585276,39.4,1.0,0.6,0.7499999999999999
betweenness_centrality,N/A,powerlaw,0.7000000000000001,0.1,0.3,3,0.9766666666666667,0.96596444,0.7200000000000003,0.6590486,0.8329028683433157,0.9836577,27.4,1.0,0.72,0.8372093023255813
betweenness_centrality,N/A,powerlaw,0.8,0.1,0.3,3,0.9866666666666667,0.9755229,0.8400000000000004,0.7548003,0.5553469528587761,0.7533765,20.68,1.0,0.84,0.9130434782608696
betweenness_centrality,N/A,powerlaw,0.9,0.1,0.3,3,0.99,0.9855245,0.8799999999999999,0.8549914,0.3796374035340806,0.5025855,15.16,1.0,0.88,0.9361702127659575
betweenness_centrality,N/A,powerlaw,1.0,0.1,0.3,3,1.0,0.9955082,1.0,0.9550033,0.1106073862812925,0.26740468,13.0,1.0,1.0,1.0
betweenness_centrality,N/A,powerlaw,0.0,0.2,0.3,3,0.8133333333333334,0.8003962,0.0,0.0,4.698065839325191,7.0826154,143.94642857142858,0.0,0.0,0.0
betweenness_centrality,N/A,powerlaw,0.1,0.2,0.3,3,0.8366666666666667,0.8183683,0.12499999999999993,0.090038925,2.1159299160196854,2.898359,141.01785714285714,0.8888888888888888,0.14285714285714285,0.24615384615384617
betweenness_centrality,N/A,powerlaw,0.2,0.2,0.3,3,0.85,0.8379195,0.19642857142857123,0.18798876,1.8378981676200703,2.3162644,93.16071428571429,0.8235294117647058,0.25,0.3835616438356164
betweenness_centrality,N/A,powerlaw,0.30000000000000004,0.2,0.3,3,0.86,0.8573299,0.24999999999999986,0.28523356,1.605651338325965,1.9309682,72.71428571428571,0.8181818181818182,0.32142857142857145,0.46153846153846156
betweenness_centrality,N/A,powerlaw,0.4,0.2,0.3,3,0.88,0.87653035,0.3571428571428571,0.38142633,1.4006636028301294,1.6912051,66.625,0.9166666666666666,0.39285714285714285,0.55
betweenness_centrality,N/A,powerlaw,0.5,0.2,0.3,3,0.9133333333333333,0.89793813,0.5357142857142857,0.4886777,1.2149334252398891,1.4209881,53.625,0.9411764705882353,0.5714285714285714,0.7111111111111111
betweenness_centrality,N/A,powerlaw,0.6000000000000001,0.2,0.3,3,0.9333333333333333,0.9185266,0.6428571428571429,0.59182435,1.0276384805637488,1.142199,46.714285714285715,0.95,0.6785714285714286,0.7916666666666667
betweenness_centrality,N/A,powerlaw,0.7000000000000001,0.2,0.3,3,0.9533333333333334,0.93819284,0.7500000000000001,0.6903508,0.860884158562426,0.87986887,40.035714285714285,0.9772727272727273,0.7678571428571429,0.86
betweenness_centrality,N/A,powerlaw,0.8,0.2,0.3,3,0.9666666666666667,0.9579055,0.8214285714285714,0.7891096,0.615874982850016,0.66053116,32.089285714285715,0.9791666666666666,0.8392857142857143,0.9038461538461539
betweenness_centrality,N/A,powerlaw,0.9,0.2,0.3,3,0.98,0.9778982,0.8928571428571428,0.88927156,0.4697389290713195,0.4252215,29.5,0.9807692307692307,0.9107142857142857,0.9444444444444444
betweenness_centrality,N/A,powerlaw,1.0,0.2,0.3,3,0.9966666666666667,0.99879473,0.9821428571428573,0.9939617,0.30363547165580307,0.17692739,28.553571428571427,1.0,0.9821428571428571,0.9909909909909909
betweenness_centrality,N/A,powerlaw,0.0,0.3,0.3,3,0.6966666666666667,0.70073485,0.0,0.0,2.9955025800828,4.9111843,165.16483516483515,0.0,0.0,0.0
betweenness_centrality,N/A,powerlaw,0.1,0.3,0.3,3,0.7266666666666667,0.7291866,0.09890109890109898,0.095072016,2.1335309169289283,2.4970188,124.9010989010989,1.0,0.0989010989010989,0.17999999999999997
betweenness_centrality,N/A,powerlaw,0.2,0.3,0.3,3,0.7733333333333333,0.75847155,0.25274725274725274,0.19292822,1.88963819720748,2.0006106,112.02197802197803,0.96,0.26373626373626374,0.4137931034482759
betweenness_centrality,N/A,powerlaw,0.30000000000000004,0.3,0.3,3,0.8166666666666667,0.7883191,0.3956043956043956,0.2926644,1.6672701729246928,1.7085617,93.67032967032966,0.9736842105263158,0.4065934065934066,0.5736434108527132
betweenness_centrality,N/A,powerlaw,0.4,0.3,0.3,3,0.85,0.81844616,0.5054945054945055,0.3933345,1.5056567608067537,1.4880271,78.17582417582418,0.9791666666666666,0.5164835164835165,0.6762589928057554
betweenness_centrality,N/A,powerlaw,0.5,0.3,0.3,3,0.8866666666666667,0.8483548,0.6263736263736266,0.49327484,1.3442121785464147,1.2338037,64.02197802197803,0.9672131147540983,0.6483516483516484,0.7763157894736843
betweenness_centrality,N/A,powerlaw,0.6000000000000001,0.3,0.3,3,0.9,0.87860525,0.6703296703296704,0.5943572,1.142163683700438,1.001636,60.879120879120876,0.9841269841269841,0.6813186813186813,0.8051948051948052
betweenness_centrality,N/A,powerlaw,0.7000000000000001,0.3,0.3,3,0.93,0.9084263,0.7692307692307694,0.6940047,0.854150410819572,0.78973734,53.72527472527472,0.9861111111111112,0.7802197802197802,0.8711656441717792
betweenness_centrality,N/A,powerlaw,0.8,0.3,0.3,3,0.9466666666666667,0.93882996,0.8241758241758241,0.79559916,0.711349376094637,0.5850389,49.86813186813187,0.987012987012987,0.8351648351648352,0.9047619047619049
betweenness_centrality,N/A,powerlaw,0.9,0.3,0.3,3,0.9733333333333334,0.96906024,0.9120879120879123,0.89661425,0.494148230350993,0.3820628,47.0,1.0,0.9120879120879121,0.9540229885057472
betweenness_centrality,N/A,powerlaw,1.0,0.3,0.3,3,0.9966666666666667,0.99904805,0.9890109890109892,0.9968191,0.23624467308406694,0.14026274,46.010989010989015,1.0,0.989010989010989,0.994475138121547
betweenness_centrality,N/A,powerlaw,0.0,0.4,0.3,3,0.64,0.6042605,0.0,0.0,2.49252407518161,4.7868857,144.3148148148148,0.0,0.0,0.0
betweenness_centrality,N/A,powerlaw,0.1,0.4,0.3,3,0.6766666666666666,0.64129865,0.10185185185185174,0.09359224,1.7280759197570834,2.5291758,133.92592592592592,0.9230769230769231,0.1111111111111111,0.1983471074380165
betweenness_centrality,N/A,powerlaw,0.2,0.4,0.3,3,0.7133333333333334,0.6804825,0.20370370370370378,0.19260651,1.5536236916536386,2.162213,117.5,0.9583333333333334,0.21296296296296297,0.3484848484848485
betweenness_centrality,N/A,powerlaw,0.30000000000000004,0.4,0.3,3,0.7566666666666667,0.7212805,0.3240740740740742,0.2956996,1.3795789063273776,1.8414491,98.75925925925925,0.972972972972973,0.3333333333333333,0.4965517241379311
betweenness_centrality,N/A,powerlaw,0.4,0.4,0.3,3,0.8066666666666666,0.76045173,0.46296296296296285,0.39468193,1.2238651857022884,1.5512466,81.80555555555556,0.9807692307692307,0.4722222222222222,0.6375
betweenness_centrality,N/A,powerlaw,0.5,0.4,0.3,3,0.8333333333333334,0.8017803,0.5370370370370371,0.49911565,1.0693413814876238,1.2865757,75.78703703703704,0.967741935483871,0.5555555555555556,0.7058823529411765
betweenness_centrality,N/A,powerlaw,0.6000000000000001,0.4,0.3,3,0.8466666666666667,0.84024334,0.5740740740740741,0.5963085,0.9380710684852653,1.0347195,69.14814814814815,0.9558823529411765,0.6018518518518519,0.7386363636363636
betweenness_centrality,N/A,powerlaw,0.7000000000000001,0.4,0.3,3,0.8866666666666667,0.87987745,0.6851851851851853,0.69646055,0.8243187272913693,0.8103642,63.51851851851852,0.9743589743589743,0.7037037037037037,0.8172043010752689
betweenness_centrality,N/A,powerlaw,0.8,0.4,0.3,3,0.9266666666666666,0.91917807,0.7962962962962962,0.7957699,0.6631048371630538,0.5988297,58.46296296296296,0.9886363636363636,0.8055555555555556,0.8877551020408163
betweenness_centrality,N/A,powerlaw,0.9,0.4,0.3,3,0.96,0.95876783,0.8888888888888888,0.8958098,0.4633664754009131,0.38622564,55.47222222222222,1.0,0.8888888888888888,0.9411764705882353
betweenness_centrality,N/A,powerlaw,1.0,0.4,0.3,3,0.9966666666666667,0.99876344,0.9907407407407408,0.99687535,0.29969346695372484,0.17287423,54.50925925925926,1.0,0.9907407407407407,0.9953488372093023
betweenness_centrality,N/A,powerlaw,0.0,0.05,0.3,4,0.94,0.95033324,0.0,0.0,17.168791412887604,10.644233,163.38888888888889,0.0,0.0,0.0
betweenness_centrality,N/A,powerlaw,0.1,0.05,0.3,4,0.9366666666666666,0.95036477,-0.05555555555555494,0.00063484826,2.820012756156608,2.6819715,161.83333333333334,0.0,0.0,0.0
betweenness_centrality,N/A,powerlaw,0.2,0.05,0.3,4,0.95,0.9581608,0.16666666666666666,0.15760198,2.125111547949834,2.3141828,98.16666666666667,0.8,0.2222222222222222,0.3478260869565218
betweenness_centrality,N/A,powerlaw,0.30000000000000004,0.05,0.3,4,0.9566666666666667,0.96079123,0.2777777777777784,0.2105632,1.4793093022230255,1.6870723,82.22222222222223,0.8571428571428571,0.3333333333333333,0.48
betweenness_centrality,N/A,powerlaw,0.4,0.05,0.3,4,0.9733333333333334,0.96673524,0.5555555555555568,0.33024108,1.178637275425841,1.4373367,55.0,1.0,0.5555555555555556,0.7142857142857143
betweenness_centrality,N/A,powerlaw,0.5,0.05,0.3,4,0.9833333333333333,0.9713796,0.7222222222222217,0.423751,0.8353570255203363,1.2380353,23.88888888888889,1.0,0.7222222222222222,0.8387096774193548
betweenness_centrality,N/A,powerlaw,0.6000000000000001,0.05,0.3,4,0.9866666666666667,0.97631866,0.7777777777777783,0.5231954,0.6273772311758303,1.0282229,22.11111111111111,1.0,0.7777777777777778,0.8750000000000001
betweenness_centrality,N/A,powerlaw,0.7000000000000001,0.05,0.3,4,0.99,0.9806783,0.8333333333333334,0.61097366,0.4980356647189064,0.83457714,14.833333333333334,1.0,0.8333333333333334,0.9090909090909091
betweenness_centrality,N/A,powerlaw,0.8,0.05,0.3,4,0.99,0.98599994,0.8333333333333334,0.71812016,0.35227298546607555,0.6203599,13.277777777777779,1.0,0.8333333333333334,0.9090909090909091
betweenness_centrality,N/A,powerlaw,0.9,0.05,0.3,4,1.0,0.99124897,1.0,0.82380503,0.11829254075753282,0.4048519,9.5,1.0,1.0,1.0
betweenness_centrality,N/A,powerlaw,1.0,0.05,0.3,4,1.0,0.9960098,1.0,0.9196611,0.029105491753245474,0.20074426,9.5,1.0,1.0,1.0
betweenness_centrality,N/A,powerlaw,0.0,0.1,0.3,4,0.8933333333333333,0.9001672,0.0,0.0,6.4416369919185215,7.058943,158.25,0.0,0.0,0.0
betweenness_centrality,N/A,powerlaw,0.1,0.1,0.3,4,0.91,0.9068685,0.15625000000000044,0.06712516,2.2855288400093103,2.7751215,128.0625,1.0,0.15625,0.2702702702702703
betweenness_centrality,N/A,powerlaw,0.2,0.1,0.3,4,0.9266666666666666,0.9194274,0.3124999999999999,0.1929243,1.76429198610424,2.1653383,96.25,1.0,0.3125,0.47619047619047616
betweenness_centrality,N/A,powerlaw,0.30000000000000004,0.1,0.3,4,0.9366666666666666,0.92793804,0.40624999999999994,0.27817336,1.3991135211523522,1.7726831,69.875,0.9333333333333333,0.4375,0.5957446808510638
betweenness_centrality,N/A,powerlaw,0.4,0.1,0.3,4,0.94,0.9373396,0.4374999999999996,0.37234643,1.267679947149921,1.5222516,59.90625,0.9375,0.46875,0.625
betweenness_centrality,N/A,powerlaw,0.5,0.1,0.3,4,0.9466666666666667,0.94930786,0.5,0.49222946,1.2009290557752357,1.2712437,42.90625,1.0,0.5,0.6666666666666666
betweenness_centrality,N/A,powerlaw,0.6000000000000001,0.1,0.3,4,0.95,0.95916975,0.5312499999999997,0.5910135,1.082518116028972,1.0466223,40.0,1.0,0.53125,0.6938775510204082
betweenness_centrality,N/A,powerlaw,0.7000000000000001,0.1,0.3,4,0.9633333333333334,0.9690924,0.6562500000000004,0.69040656,0.899734615915677,0.80502117,29.96875,1.0,0.65625,0.7924528301886793
betweenness_centrality,N/A,powerlaw,0.8,0.1,0.3,4,0.98,0.9791217,0.8124999999999999,0.79086715,0.666934889974484,0.56929606,22.625,1.0,0.8125,0.896551724137931
betweenness_centrality,N/A,powerlaw,0.9,0.1,0.3,4,0.9866666666666667,0.98911774,0.8750000000000002,0.89099514,0.3951274263167764,0.34673232,18.46875,1.0,0.875,0.9333333333333333
betweenness_centrality,N/A,powerlaw,1.0,0.1,0.3,4,1.0,0.99911255,1.0,0.9911106,0.20258363290835832,0.12840855,16.5,1.0,1.0,1.0
betweenness_centrality,N/A,powerlaw,0.0,0.2,0.3,4,0.8033333333333333,0.80078477,0.0,0.0,4.35886100707938,6.5323944,129.32203389830508,0.0,0.0,0.0
betweenness_centrality,N/A,powerlaw,0.1,0.2,0.3,4,0.8266666666666667,0.8169848,0.11864406779661009,0.081319116,2.130514088570752,2.797013,133.16949152542372,0.8888888888888888,0.13559322033898305,0.2352941176470588
betweenness_centrality,N/A,powerlaw,0.2,0.2,0.3,4,0.8466666666666667,0.83955806,0.22033898305084748,0.19463019,1.922306884594945,2.2690017,106.10169491525424,0.8823529411764706,0.2542372881355932,0.39473684210526316
betweenness_centrality,N/A,powerlaw,0.30000000000000004,0.2,0.3,4,0.8633333333333333,0.859259,0.3050847457627116,0.29352295,1.7876387676280066,1.9429166,88.11864406779661,0.95,0.3220338983050847,0.48101265822784806
betweenness_centrality,N/A,powerlaw,0.4,0.2,0.3,4,0.8866666666666667,0.87737274,0.42372881355932224,0.38444838,1.512321716389532,1.5751777,67.30508474576271,0.9310344827586207,0.4576271186440678,0.6136363636363636
betweenness_centrality,N/A,powerlaw,0.5,0.2,0.3,4,0.91,0.8986003,0.5423728813559323,0.4910042,1.3805310311512557,1.3315694,53.0,0.9705882352941176,0.559322033898305,0.7096774193548386
betweenness_centrality,N/A,powerlaw,0.6000000000000001,0.2,0.3,4,0.93,0.91953605,0.6440677966101698,0.59609544,1.120676160778303,1.0815239,46.91525423728814,0.975,0.6610169491525424,0.7878787878787878
betweenness_centrality,N/A,powerlaw,0.7000000000000001,0.2,0.3,4,0.9466666666666667,0.9401366,0.7288135593220338,0.69950396,0.7208470026732336,0.83656615,39.101694915254235,0.9777777777777777,0.7457627118644068,0.8461538461538463
betweenness_centrality,N/A,powerlaw,0.8,0.2,0.3,4,0.9666666666666667,0.9586209,0.8305084745762712,0.7922895,0.5445981441537685,0.6221797,34.05084745762712,1.0,0.8305084745762712,0.9074074074074074
betweenness_centrality,N/A,powerlaw,0.9,0.2,0.3,4,0.98,0.9787454,0.8983050847457626,0.89330834,0.3937121005953737,0.3810976,31.10169491525424,1.0,0.8983050847457628,0.9464285714285715
betweenness_centrality,N/A,powerlaw,1.0,0.2,0.3,4,1.0,0.998709,1.0,0.99351966,0.18677138661997128,0.16129906,30.0,1.0,1.0,1.0
betweenness_centrality,N/A,powerlaw,0.0,0.3,0.3,4,0.68,0.7021797,0.0,0.0,3.0986073836832526,5.452451,152.67708333333334,0.0,0.0,0.0
betweenness_centrality,N/A,powerlaw,0.1,0.3,0.3,4,0.7066666666666667,0.7276131,0.08333333333333319,0.08539854,2.201112761240823,2.9764986,142.26041666666666,1.0,0.08333333333333333,0.15384615384615385
betweenness_centrality,N/A,powerlaw,0.2,0.3,0.3,4,0.7333333333333333,0.7600176,0.16666666666666638,0.19420402,1.941954478940464,2.3036726,118.47916666666667,0.8636363636363636,0.19791666666666666,0.3220338983050848
betweenness_centrality,N/A,powerlaw,0.30000000000000004,0.3,0.3,4,0.7733333333333333,0.78774846,0.2916666666666665,0.2873168,1.7454918711465337,1.977336,97.38541666666667,0.9666666666666667,0.3020833333333333,0.46031746031746024
betweenness_centrality,N/A,powerlaw,0.4,0.3,0.3,4,0.8233333333333334,0.8189542,0.4479166666666667,0.39209735,1.5258739619696944,1.635995,82.63541666666667,0.9777777777777777,0.4583333333333333,0.624113475177305
betweenness_centrality,N/A,powerlaw,0.5,0.3,0.3,4,0.8566666666666667,0.84924126,0.5520833333333334,0.49379298,1.274068945429307,1.382658,70.73958333333333,0.9818181818181818,0.5625,0.7152317880794701
betweenness_centrality,N/A,powerlaw,0.6000000000000001,0.3,0.3,4,0.8933333333333333,0.8802304,0.6666666666666665,0.5978462,1.0361486888638083,1.1318952,62.104166666666664,1.0,0.6666666666666666,0.8
betweenness_centrality,N/A,powerlaw,0.7000000000000001,0.3,0.3,4,0.9133333333333333,0.9093046,0.7291666666666666,0.6954695,0.8811621169031258,0.8952897,57.729166666666664,1.0,0.7291666666666666,0.8433734939759037
betweenness_centrality,N/A,powerlaw,0.8,0.3,0.3,4,0.9466666666666667,0.93929046,0.8333333333333333,0.79615384,0.6776894804176525,0.65567434,51.552083333333336,1.0,0.8333333333333334,0.9090909090909091
betweenness_centrality,N/A,powerlaw,0.9,0.3,0.3,4,0.9633333333333334,0.96880656,0.8854166666666667,0.8952609,0.46455457365392,0.42869264,49.510416666666664,1.0,0.8854166666666666,0.9392265193370166
betweenness_centrality,N/A,powerlaw,1.0,0.3,0.3,4,1.0,0.99879164,1.0,0.99594265,0.27014048883133335,0.1707597,48.5,1.0,1.0,1.0
betweenness_centrality,N/A,powerlaw,0.0,0.4,0.3,4,0.6233333333333333,0.60109407,0.0,0.0,2.1529836642471363,3.9030468,156.35398230088495,0.0,0.0,0.0
betweenness_centrality,N/A,powerlaw,0.1,0.4,0.3,4,0.6566666666666666,0.63883364,0.08849557522123891,0.0946077,1.7655577518846193,2.3850448,132.27433628318585,0.9166666666666666,0.09734513274336283,0.176
betweenness_centrality,N/A,powerlaw,0.2,0.4,0.3,4,0.6833333333333333,0.6804732,0.15929203539823023,0.19899213,1.6731818613685103,2.039781,112.40707964601769,0.9090909090909091,0.17699115044247787,0.29629629629629634
betweenness_centrality,N/A,powerlaw,0.30000000000000004,0.4,0.3,4,0.7366666666666667,0.7204453,0.3008849557522125,0.29919636,1.4933874931895392,1.7024208,105.39823008849558,0.9473684210526315,0.3185840707964602,0.4768211920529801
betweenness_centrality,N/A,powerlaw,0.4,0.4,0.3,4,0.7766666666666666,0.761241,0.407079646017699,0.40146545,1.326489164931042,1.4790007,95.47787610619469,1.0,0.40707964601769914,0.578616352201258
betweenness_centrality,N/A,powerlaw,0.5,0.4,0.3,4,0.8133333333333334,0.8011259,0.5044247787610621,0.5014511,1.2176969018003228,1.2342163,82.38053097345133,1.0,0.504424778761062,0.6705882352941176
betweenness_centrality,N/A,powerlaw,0.6000000000000001,0.4,0.3,4,0.8566666666666667,0.8401779,0.6194690265486726,0.5993489,1.051574429388423,0.99758506,71.40707964601769,1.0,0.6194690265486725,0.7650273224043715
betweenness_centrality,N/A,powerlaw,0.7000000000000001,0.4,0.3,4,0.91,0.87987876,0.7610619469026549,0.6988733,0.8979935805506519,0.78223693,64.67256637168141,1.0,0.7610619469026548,0.8643216080402011
betweenness_centrality,N/A,powerlaw,0.8,0.4,0.3,4,0.9333333333333333,0.919681,0.8230088495575222,0.7986518,0.6365947164621015,0.5788042,60.23893805309734,1.0,0.8230088495575221,0.9029126213592232
betweenness_centrality,N/A,powerlaw,0.9,0.4,0.3,4,0.97,0.95877075,0.9203539823008849,0.8966442,0.413896763640172,0.37607777,58.008849557522126,1.0,0.9203539823008849,0.9585253456221198
betweenness_centrality,N/A,powerlaw,1.0,0.4,0.3,4,1.0,0.9987551,1.0,0.9968792,0.27041875971004503,0.18035097,57.0,1.0,1.0,1.0
page_rank,N/A,powerlaw,0.0,0.05,0.3,0,0.9433333333333334,0.9498884,0.0,0.0,9.028216788203824,7.922811,126.94117647058823,0.0,0.0,0.0
page_rank,N/A,powerlaw,0.1,0.05,0.3,0,0.9466666666666667,0.950306,0.05882352941176413,0.008333204,1.9285955373360506,2.6194458,146.58823529411765,0.6666666666666666,0.11764705882352941,0.2
page_rank,N/A,powerlaw,0.2,0.05,0.3,0,0.9533333333333334,0.95729065,0.17647058823529435,0.14771515,1.6819899589068383,2.1338272,70.23529411764706,0.8,0.23529411764705882,0.3636363636363636
page_rank,N/A,powerlaw,0.30000000000000004,0.05,0.3,0,0.9533333333333334,0.9622752,0.17647058823529435,0.2471843,1.3675106713709815,1.7542623,64.76470588235294,0.7142857142857143,0.29411764705882354,0.4166666666666667
page_rank,N/A,powerlaw,0.4,0.05,0.3,0,0.96,0.9673106,0.2941176470588226,0.34766805,1.143783239118293,1.5193927,57.294117647058826,1.0,0.29411764705882354,0.45454545454545453
page_rank,N/A,powerlaw,0.5,0.05,0.3,0,0.9766666666666667,0.9732581,0.5882352941176472,0.46635258,0.8910308151277917,1.2610371,37.88235294117647,1.0,0.5882352941176471,0.7407407407407407
page_rank,N/A,powerlaw,0.6000000000000001,0.05,0.3,0,0.9866666666666667,0.97780794,0.7647058823529416,0.55714715,0.659693182637118,1.0154887,22.823529411764707,1.0,0.7647058823529411,0.8666666666666666
page_rank,N/A,powerlaw,0.7000000000000001,0.05,0.3,0,0.9866666666666667,0.9831942,0.7647058823529416,0.66463196,0.5240603784703277,0.7904302,24.0,1.0,0.7647058823529411,0.8666666666666666
page_rank,N/A,powerlaw,0.8,0.05,0.3,0,0.9933333333333333,0.98819184,0.8823529411764698,0.76436275,0.38432682583699657,0.58533365,15.411764705882353,1.0,0.8823529411764706,0.9375
page_rank,N/A,powerlaw,0.9,0.05,0.3,0,0.9966666666666667,0.99319,0.9411764705882358,0.86410314,0.22749905096194445,0.35646805,10.470588235294118,1.0,0.9411764705882353,0.9696969696969697
page_rank,N/A,powerlaw,1.0,0.05,0.3,0,1.0,0.9981881,1.0,0.9638423,0.07560072989142021,0.15962741,9.0,1.0,1.0,1.0
page_rank,N/A,powerlaw,0.0,0.1,0.3,0,0.87,0.9000575,0.0,0.0,7.763155606354961,8.365444,127.23076923076923,0.0,0.0,0.0
page_rank,N/A,powerlaw,0.1,0.1,0.3,0,0.8733333333333333,0.9061137,0.02564102564102538,0.060596734,2.454018528569401,2.7401974,122.28205128205128,0.6,0.07692307692307693,0.13636363636363635
page_rank,N/A,powerlaw,0.2,0.1,0.3,0,0.8866666666666667,0.9166231,0.1282051282051286,0.1657515,2.1216745358261697,2.1967726,121.76923076923077,0.8571428571428571,0.15384615384615385,0.2608695652173913
page_rank,N/A,powerlaw,0.30000000000000004,0.1,0.3,0,0.9066666666666666,0.9266925,0.2820512820512817,0.26650313,1.788684262592426,1.8182918,91.92307692307692,0.8666666666666667,0.3333333333333333,0.48148148148148145
page_rank,N/A,powerlaw,0.4,0.1,0.3,0,0.9233333333333333,0.9381157,0.4102564102564103,0.38080114,1.551705155463185,1.5773611,63.48717948717949,0.9,0.46153846153846156,0.6101694915254238
page_rank,N/A,powerlaw,0.5,0.1,0.3,0,0.94,0.94961953,0.5384615384615381,0.4959055,1.3294393720215838,1.3184515,48.58974358974359,0.9565217391304348,0.5641025641025641,0.7096774193548387
page_rank,N/A,powerlaw,0.6000000000000001,0.1,0.3,0,0.9633333333333334,0.95896006,0.7179487179487183,0.58936447,1.0393953861842704,1.119288,34.17948717948718,1.0,0.717948717948718,0.835820895522388
page_rank,N/A,powerlaw,0.7000000000000001,0.1,0.3,0,0.9766666666666667,0.96880287,0.8205128205128206,0.6878492,0.769143261230746,0.8771054,24.333333333333332,1.0,0.8205128205128205,0.9014084507042254
page_rank,N/A,powerlaw,0.8,0.1,0.3,0,0.9833333333333333,0.9788011,0.8717948717948714,0.78788877,0.6692300669495309,0.65089446,22.025641025641026,1.0,0.8717948717948718,0.9315068493150686
page_rank,N/A,powerlaw,0.9,0.1,0.3,0,0.9866666666666667,0.9887995,0.8974358974358976,0.8879307,0.47272238839986425,0.42957923,20.58974358974359,1.0,0.8974358974358975,0.945945945945946
page_rank,N/A,powerlaw,1.0,0.1,0.3,0,1.0,0.998797,1.0,0.9879631,0.190526433145839,0.1843213,20.0,1.0,1.0,1.0
page_rank,N/A,powerlaw,0.0,0.2,0.3,0,0.7766666666666666,0.8007847,0.0,0.0,4.431597818720081,6.609668,141.07462686567163,0.0,0.0,0.0
page_rank,N/A,powerlaw,0.1,0.2,0.3,0,0.7766666666666666,0.81815267,0.0,0.08718186,2.2754754314379286,2.7308512,132.50746268656715,0.5,0.07462686567164178,0.12987012987012986
page_rank,N/A,powerlaw,0.2,0.2,0.3,0,0.7966666666666666,0.839816,0.08955223880597021,0.19592506,2.114437654673184,2.2751236,115.76119402985074,0.75,0.13432835820895522,0.2278481012658228
page_rank,N/A,powerlaw,0.30000000000000004,0.2,0.3,0,0.8233333333333334,0.8607949,0.2089552238805973,0.30123287,1.9223848976364097,1.9113684,88.35820895522389,0.9375,0.22388059701492538,0.3614457831325301
page_rank,N/A,powerlaw,0.4,0.2,0.3,0,0.85,0.88186765,0.32835820895522394,0.40701163,1.679529156186076,1.6089803,75.07462686567165,0.9230769230769231,0.3582089552238806,0.5161290322580645
page_rank,N/A,powerlaw,0.5,0.2,0.3,0,0.8733333333333333,0.8997839,0.43283582089552236,0.4969458,1.4789293725621562,1.3834084,70.3731343283582,0.967741935483871,0.44776119402985076,0.6122448979591837
page_rank,N/A,powerlaw,0.6000000000000001,0.2,0.3,0,0.8966666666666666,0.9196625,0.5373134328358208,0.5967301,1.2997891196608014,1.1258777,60.55223880597015,0.9736842105263158,0.5522388059701493,0.7047619047619047
page_rank,N/A,powerlaw,0.7000000000000001,0.2,0.3,0,0.9333333333333333,0.9388586,0.701492537313433,0.69308895,1.0423466318653523,0.9830181,45.97014925373134,1.0,0.7014925373134329,0.8245614035087719
page_rank,N/A,powerlaw,0.8,0.2,0.3,0,0.96,0.95884377,0.8208955223880596,0.7934083,0.6955529307359225,0.7226635,38.37313432835821,1.0,0.8208955223880597,0.9016393442622952
page_rank,N/A,powerlaw,0.9,0.2,0.3,0,0.98,0.9789855,0.9104477611940298,0.89451355,0.417148061504989,0.4373816,35.26865671641791,1.0,0.9104477611940298,0.953125
page_rank,N/A,powerlaw,1.0,0.2,0.3,0,1.0,0.99897647,1.0,0.9948622,0.20388160650403536,0.1724904,34.0,1.0,1.0,1.0
page_rank,N/A,powerlaw,0.0,0.3,0.3,0,0.7266666666666667,0.7000131,0.0,0.0,2.664078595843776,4.6711173,159.1829268292683,0.0,0.0,0.0
page_rank,N/A,powerlaw,0.1,0.3,0.3,0,0.74,0.7309513,0.04878048780487796,0.10313186,1.842574002007904,2.385756,142.5121951219512,0.75,0.07317073170731707,0.13333333333333333
page_rank,N/A,powerlaw,0.2,0.3,0.3,0,0.77,0.7608847,0.15853658536585366,0.2029142,1.641797377572025,2.0155697,118.78048780487805,0.8823529411764706,0.18292682926829268,0.30303030303030304
page_rank,N/A,powerlaw,0.30000000000000004,0.3,0.3,0,0.7933333333333333,0.7920935,0.2439024390243902,0.30694813,1.4734009483101167,1.7369102,100.09756097560975,0.9166666666666666,0.2682926829268293,0.4150943396226415
page_rank,N/A,powerlaw,0.4,0.3,0.3,0,0.8166666666666667,0.8200376,0.32926829268292673,0.40009916,1.3268572948834136,1.487366,81.51219512195122,0.9354838709677419,0.35365853658536583,0.5132743362831859
page_rank,N/A,powerlaw,0.5,0.3,0.3,0,0.8466666666666667,0.8492878,0.43902439024390244,0.49760407,1.1242474761429206,1.2844124,66.8780487804878,1.0,0.43902439024390244,0.6101694915254238
page_rank,N/A,powerlaw,0.6000000000000001,0.3,0.3,0,0.88,0.87901115,0.5609756097560975,0.59668624,0.8602899705255644,1.0497518,56.02439024390244,1.0,0.5609756097560976,0.71875
page_rank,N/A,powerlaw,0.7000000000000001,0.3,0.3,0,0.9166666666666666,0.9089963,0.695121951219512,0.696641,0.64694761604496,0.78610176,49.0,1.0,0.6951219512195121,0.8201438848920863
page_rank,N/A,powerlaw,0.8,0.3,0.3,0,0.9433333333333334,0.93898386,0.7926829268292683,0.796604,0.47196778070957524,0.5687702,45.1219512195122,1.0,0.7926829268292683,0.8843537414965986
page_rank,N/A,powerlaw,0.9,0.3,0.3,0,0.9733333333333334,0.96897036,0.902439024390244,0.89656335,0.24039334784206734,0.31906393,42.52439024390244,1.0,0.9024390243902439,0.9487179487179488
page_rank,N/A,powerlaw,1.0,0.3,0.3,0,1.0,0.9989577,1.0,0.99652547,0.11972490611449566,0.12909494,41.5,1.0,1.0,1.0
page_rank,N/A,powerlaw,0.0,0.4,0.3,0,0.59,0.60126615,0.0,0.0,1.7568284870265614,3.5729778,156.59349593495935,0.0,0.0,0.0
page_rank,N/A,powerlaw,0.1,0.4,0.3,0,0.6433333333333333,0.6387372,0.13008130081300814,0.093975104,1.186820916502523,1.8537468,129.4390243902439,0.9,0.14634146341463414,0.2517482517482518
page_rank,N/A,powerlaw,0.2,0.4,0.3,0,0.68,0.6813877,0.2195121951219514,0.20093998,1.1148609731031374,1.5736918,118.6178861788618,0.9090909090909091,0.24390243902439024,0.38461538461538464
page_rank,N/A,powerlaw,0.30000000000000004,0.4,0.3,0,0.73,0.720709,0.34146341463414637,0.2995554,1.0108495310939152,1.3433874,102.35772357723577,0.9565217391304348,0.35772357723577236,0.5207100591715976
page_rank,N/A,powerlaw,0.4,0.4,0.3,0,0.7666666666666667,0.7593576,0.4308943089430896,0.39648357,0.9027431856182799,1.1781586,93.96747967479675,0.9649122807017544,0.44715447154471544,0.6111111111111112
page_rank,N/A,powerlaw,0.5,0.4,0.3,0,0.8133333333333334,0.8007059,0.5447154471544716,0.5001827,0.7987806160948763,0.9865507,80.51219512195122,1.0,0.5447154471544715,0.7052631578947368
page_rank,N/A,powerlaw,0.6000000000000001,0.4,0.3,0,0.8533333333333334,0.83961296,0.6422764227642278,0.5977592,0.7148921921424153,0.810895,73.03252032520325,1.0,0.6422764227642277,0.7821782178217822
page_rank,N/A,powerlaw,0.7000000000000001,0.4,0.3,0,0.9,0.8793827,0.7560975609756099,0.6974993,0.5643999837612946,0.60666066,67.69918699186992,1.0,0.7560975609756098,0.8611111111111112
page_rank,N/A,powerlaw,0.8,0.4,0.3,0,0.9366666666666666,0.91936547,0.8455284552845528,0.79777354,0.3911703215997501,0.42450058,64.64227642276423,1.0,0.8455284552845529,0.9162995594713657
page_rank,N/A,powerlaw,0.9,0.4,0.3,0,0.9666666666666667,0.95934975,0.9186991869918699,0.8980517,0.28445427575234294,0.26398185,62.80487804878049,1.0,0.9186991869918699,0.9576271186440678
page_rank,N/A,powerlaw,1.0,0.4,0.3,0,1.0,0.9993331,1.0,0.99832743,0.13500216777072574,0.087452635,62.0,1.0,1.0,1.0
page_rank,N/A,powerlaw,0.0,0.05,0.3,1,0.9333333333333333,0.94994336,0.0,0.0,8.658491830811183,7.6360154,187.45,0.0,0.0,0.0
page_rank,N/A,powerlaw,0.1,0.05,0.3,1,0.94,0.9521084,0.099999999999999,0.0432514,2.7611858598453245,3.0899498,124.85,1.0,0.1,0.18181818181818182
page_rank,N/A,powerlaw,0.2,0.05,0.3,1,0.9566666666666667,0.9583909,0.3499999999999998,0.1687594,2.0842853762249716,2.328338,83.65,1.0,0.35,0.5185185185185185
page_rank,N/A,powerlaw,0.30000000000000004,0.05,0.3,1,0.97,0.9638725,0.5499999999999995,0.27826738,1.7118900715792726,1.9461707,62.55,1.0,0.55,0.7096774193548387
page_rank,N/A,powerlaw,0.4,0.05,0.3,1,0.9766666666666667,0.9686078,0.6500000000000001,0.37286603,1.5352594654680483,1.640269,40.4,1.0,0.65,0.787878787878788
page_rank,N/A,powerlaw,0.5,0.05,0.3,1,0.9866666666666667,0.973844,0.8000000000000004,0.4774717,1.2775703888809986,1.3712004,29.85,1.0,0.8,0.888888888888889
page_rank,N/A,powerlaw,0.6000000000000001,0.05,0.3,1,0.9933333333333333,0.9788558,0.8999999999999994,0.5775942,1.0480575495460167,1.0971582,19.1,1.0,0.9,0.9473684210526316
page_rank,N/A,powerlaw,0.7000000000000001,0.05,0.3,1,0.9933333333333333,0.98386467,0.8999999999999994,0.67765844,0.8127865981533245,0.89164,15.6,1.0,0.9,0.9473684210526316
page_rank,N/A,powerlaw,0.8,0.05,0.3,1,0.9933333333333333,0.988855,0.8999999999999994,0.7773523,0.6835148272045586,0.6465802,12.65,1.0,0.9,0.9473684210526316
page_rank,N/A,powerlaw,0.9,0.05,0.3,1,0.9966666666666667,0.9938641,0.9500000000000005,0.8774212,0.4901294787393265,0.41880006,11.7,1.0,0.95,0.9743589743589743
page_rank,N/A,powerlaw,1.0,0.05,0.3,1,1.0,0.9988631,1.0,0.97728777,0.17009795880339346,0.16668637,10.5,1.0,1.0,1.0
page_rank,N/A,powerlaw,0.0,0.1,0.3,1,0.8966666666666666,0.90011513,0.0,0.0,6.393474360408483,7.721948,137.74193548387098,0.0,0.0,0.0
page_rank,N/A,powerlaw,0.1,0.1,0.3,1,0.9033333333333333,0.90420043,0.06451612903225845,0.04090011,2.214248874717601,3.0199895,119.70967741935483,0.6666666666666666,0.12903225806451613,0.2162162162162162
page_rank,N/A,powerlaw,0.2,0.1,0.3,1,0.92,0.9163702,0.22580645161290402,0.16273817,1.7827144430297377,2.3283782,97.7741935483871,0.7692307692307693,0.3225806451612903,0.45454545454545453
page_rank,N/A,powerlaw,0.30000000000000004,0.1,0.3,1,0.9433333333333334,0.9284259,0.451612903225807,0.2834341,1.6047263735733281,2.0146708,80.87096774193549,1.0,0.45161290322580644,0.6222222222222222
page_rank,N/A,powerlaw,0.4,0.1,0.3,1,0.9466666666666667,0.93780637,0.48387096774193566,0.3773468,1.474069866456518,1.6715153,59.87096774193548,1.0,0.4838709677419355,0.6521739130434783
page_rank,N/A,powerlaw,0.5,0.1,0.3,1,0.9533333333333334,0.9484892,0.5483870967741941,0.48429814,1.3241001059700293,1.4213159,49.16129032258065,1.0,0.5483870967741935,0.7083333333333333
page_rank,N/A,powerlaw,0.6000000000000001,0.1,0.3,1,0.9566666666666667,0.9587706,0.5806451612903228,0.5872305,1.2019725660172056,1.1518302,38.41935483870968,1.0,0.5806451612903226,0.7346938775510204
page_rank,N/A,powerlaw,0.7000000000000001,0.1,0.3,1,0.9766666666666667,0.96876365,0.7741935483870971,0.6872764,0.7103541243086353,0.91559917,25.774193548387096,1.0,0.7741935483870968,0.8727272727272727
page_rank,N/A,powerlaw,0.8,0.1,0.3,1,0.9833333333333333,0.97875994,0.8387096774193544,0.78735465,0.5346137989981562,0.6475551,21.129032258064516,1.0,0.8387096774193549,0.9122807017543859
page_rank,N/A,powerlaw,0.9,0.1,0.3,1,0.9966666666666667,0.98875487,0.9677419354838713,0.88741904,0.33370585822327736,0.40476933,16.806451612903224,1.0,0.967741935483871,0.9836065573770492
page_rank,N/A,powerlaw,1.0,0.1,0.3,1,1.0,0.99875164,1.0,0.98750204,0.18670049544011977,0.15112486,16.0,1.0,1.0,1.0
page_rank,N/A,powerlaw,0.0,0.2,0.3,1,0.8,0.800396,0.0,0.0,3.6562719795447642,6.189117,132.28333333333333,0.0,0.0,0.0
page_rank,N/A,powerlaw,0.1,0.2,0.3,1,0.7933333333333333,0.80986273,-0.033333333333333555,0.04742745,1.6916404939965515,2.7655816,132.35,0.42857142857142855,0.1,0.16216216216216217
page_rank,N/A,powerlaw,0.2,0.2,0.3,1,0.8166666666666667,0.8347998,0.08333333333333305,0.1723603,1.3490746192671623,2.1812623,108.41666666666667,0.631578947368421,0.2,0.30379746835443044
page_rank,N/A,powerlaw,0.30000000000000004,0.2,0.3,1,0.8366666666666667,0.8581628,0.18333333333333315,0.28940704,1.1832094870978307,1.8924402,94.9,0.7894736842105263,0.25,0.379746835443038
page_rank,N/A,powerlaw,0.4,0.2,0.3,1,0.8633333333333333,0.8767039,0.31666666666666626,0.38229647,1.0007539588814325,1.6018023,70.7,0.88,0.36666666666666664,0.5176470588235295
page_rank,N/A,powerlaw,0.5,0.2,0.3,1,0.8833333333333333,0.89772195,0.4166666666666664,0.4875951,0.8576009184887391,1.3276893,59.7,0.8787878787878788,0.48333333333333334,0.6236559139784946
page_rank,N/A,powerlaw,0.6000000000000001,0.2,0.3,1,0.91,0.9156854,0.55,0.57759064,0.714847707953513,1.1092726,50.53333333333333,0.9459459459459459,0.5833333333333334,0.7216494845360825
page_rank,N/A,powerlaw,0.7000000000000001,0.2,0.3,1,0.9366666666666666,0.93605685,0.6833333333333331,0.67964995,0.5713619275828683,0.86316854,41.11666666666667,1.0,0.6833333333333333,0.8118811881188119
page_rank,N/A,powerlaw,0.8,0.2,0.3,1,0.9533333333333334,0.9560493,0.7666666666666668,0.7798106,0.4283202920922063,0.63523895,36.916666666666664,1.0,0.7666666666666667,0.8679245283018869
page_rank,N/A,powerlaw,0.9,0.2,0.3,1,0.98,0.9760388,0.8999999999999999,0.87995636,0.2504548225933917,0.4335784,32.25,1.0,0.9,0.9473684210526316
page_rank,N/A,powerlaw,1.0,0.2,0.3,1,1.0,0.99603045,1.0,0.98011285,0.07470604923023627,0.1901432,30.5,1.0,1.0,1.0
page_rank,N/A,powerlaw,0.0,0.3,0.3,1,0.72,0.70142347,0.0,0.0,2.8890314248679116,5.0405793,160.16666666666666,0.0,0.0,0.0
page_rank,N/A,powerlaw,0.1,0.3,0.3,1,0.7433333333333333,0.7270351,0.08333333333333327,0.085779145,1.9660021998190609,2.7546527,126.58333333333333,0.8888888888888888,0.09523809523809523,0.17204301075268819
page_rank,N/A,powerlaw,0.2,0.3,0.3,1,0.7733333333333333,0.7558716,0.1904761904761905,0.18235902,1.765300204557972,2.3280451,125.16666666666667,0.9,0.21428571428571427,0.3461538461538461
page_rank,N/A,powerlaw,0.30000000000000004,0.3,0.3,1,0.82,0.78881866,0.35714285714285704,0.29270616,1.5558779471738295,2.0180588,103.51190476190476,0.96875,0.36904761904761907,0.5344827586206897
page_rank,N/A,powerlaw,0.4,0.3,0.3,1,0.8466666666666667,0.81776226,0.4523809523809525,0.38964477,1.4421765299183165,1.7281557,84.02380952380952,1.0,0.4523809523809524,0.6229508196721312
page_rank,N/A,powerlaw,0.5,0.3,0.3,1,0.8766666666666667,0.84820694,0.5595238095238098,0.49161088,1.2404843186971746,1.4608872,65.86904761904762,1.0,0.5595238095238095,0.7175572519083969
page_rank,N/A,powerlaw,0.6000000000000001,0.3,0.3,1,0.9066666666666666,0.8765801,0.6666666666666665,0.58663905,1.0633997916996876,1.2054213,59.86904761904762,1.0,0.6666666666666666,0.8
page_rank,N/A,powerlaw,0.7000000000000001,0.3,0.3,1,0.9233333333333333,0.90584505,0.7261904761904763,0.6846539,0.7844094716419605,0.9495519,52.30952380952381,1.0,0.7261904761904762,0.8413793103448275
page_rank,N/A,powerlaw,0.8,0.3,0.3,1,0.9433333333333334,0.93580973,0.7976190476190477,0.78501236,0.578925670959262,0.72111297,46.86904761904762,1.0,0.7976190476190477,0.8874172185430463
page_rank,N/A,powerlaw,0.9,0.3,0.3,1,0.9633333333333334,0.96540993,0.8690476190476192,0.8841501,0.3123590578170182,0.42870036,44.357142857142854,1.0,0.8690476190476191,0.9299363057324841
page_rank,N/A,powerlaw,1.0,0.3,0.3,1,1.0,0.99569386,1.0,0.98557776,0.0626333755013473,0.18031713,42.5,1.0,1.0,1.0
page_rank,N/A,powerlaw,0.0,0.4,0.3,1,0.5633333333333334,0.60107434,0.0,0.0,2.072165616957918,3.5629785,157.0229007633588,0.0,0.0,0.0
page_rank,N/A,powerlaw,0.1,0.4,0.3,1,0.6066666666666667,0.6394437,0.09923664122137406,0.09618172,1.4576126814972037,2.015247,129.7709923664122,0.8823529411764706,0.11450381679389313,0.2027027027027027
page_rank,N/A,powerlaw,0.2,0.4,0.3,1,0.65,0.6810936,0.19847328244274812,0.20058684,1.432172771076285,1.7858394,123.21374045801527,0.8611111111111112,0.2366412213740458,0.3712574850299401
page_rank,N/A,powerlaw,0.30000000000000004,0.4,0.3,1,0.69,0.7221072,0.29007633587786247,0.30339697,1.3012340232130566,1.5756698,104.58778625954199,0.9130434782608695,0.32061068702290074,0.4745762711864406
page_rank,N/A,powerlaw,0.4,0.4,0.3,1,0.73,0.76083773,0.381679389312977,0.4004841,1.1768114234779548,1.3489463,100.67175572519083,0.9464285714285714,0.40458015267175573,0.5668449197860963
page_rank,N/A,powerlaw,0.5,0.4,0.3,1,0.77,0.8015231,0.4732824427480916,0.50247145,1.0698925251143736,1.1292768,84.23664122137404,0.984375,0.48091603053435117,0.6461538461538462
page_rank,N/A,powerlaw,0.6000000000000001,0.4,0.3,1,0.81,0.8393646,0.5648854961832062,0.59733,0.9137813609949018,0.9495044,80.73282442748092,1.0,0.5648854961832062,0.7219512195121952
page_rank,N/A,powerlaw,0.7000000000000001,0.4,0.3,1,0.8466666666666667,0.879364,0.648854961832061,0.6975978,0.7638095399822218,0.7420468,74.6412213740458,1.0,0.648854961832061,0.787037037037037
page_rank,N/A,powerlaw,0.8,0.4,0.3,1,0.8966666666666666,0.9192922,0.763358778625954,0.7976872,0.48115158245692546,0.5282555,69.74809160305344,1.0,0.7633587786259542,0.8658008658008659
page_rank,N/A,powerlaw,0.9,0.4,0.3,1,0.9433333333333334,0.9593622,0.8702290076335878,0.8981319,0.32224045064241846,0.30205804,66.80916030534351,1.0,0.8702290076335878,0.9306122448979592
page_rank,N/A,powerlaw,1.0,0.4,0.3,1,0.9966666666666667,0.9993613,0.9923664122137406,0.9983989,0.1636395383676975,0.0842373,66.0,1.0,0.9923664122137404,0.9961685823754789
page_rank,N/A,powerlaw,0.0,0.05,0.3,2,0.9533333333333334,0.94977725,0.0,0.0,7.700431168231732,7.9261003,123.42857142857143,0.0,0.0,0.0
page_rank,N/A,powerlaw,0.1,0.05,0.3,2,0.9533333333333334,0.9519589,0.0,0.04343946,2.4310606601000764,2.9502804,154.71428571428572,0.0,0.0,0.0
page_rank,N/A,powerlaw,0.2,0.05,0.3,2,0.9666666666666667,0.95832396,0.28571428571428537,0.17017604,1.8770191564660055,2.2789922,96.85714285714286,1.0,0.2857142857142857,0.4444444444444445
page_rank,N/A,powerlaw,0.30000000000000004,0.05,0.3,2,0.9633333333333334,0.96453774,0.21428571428571463,0.29390052,1.6602513640384722,1.9666123,93.57142857142857,0.8,0.2857142857142857,0.4210526315789473
page_rank,N/A,powerlaw,0.4,0.05,0.3,2,0.9733333333333334,0.96961343,0.42857142857142927,0.39496416,1.3698546696207328,1.6891212,65.14285714285714,1.0,0.42857142857142855,0.6
page_rank,N/A,powerlaw,0.5,0.05,0.3,2,0.9766666666666667,0.9736524,0.5,0.47538567,1.2122085726687823,1.4200526,46.857142857142854,1.0,0.5,0.6666666666666666
page_rank,N/A,powerlaw,0.6000000000000001,0.05,0.3,2,0.9833333333333333,0.9789868,0.6428571428571415,0.5816,1.037864027494191,1.1749189,23.428571428571427,1.0,0.6428571428571429,0.782608695652174
page_rank,N/A,powerlaw,0.7000000000000001,0.05,0.3,2,0.99,0.9838041,0.7857142857142854,0.67751884,0.6633989808945356,0.9474811,15.785714285714286,1.0,0.7857142857142857,0.88
page_rank,N/A,powerlaw,0.8,0.05,0.3,2,0.99,0.9888025,0.7857142857142854,0.77704316,0.551778890699925,0.7146636,9.928571428571429,1.0,0.7857142857142857,0.88
page_rank,N/A,powerlaw,0.9,0.05,0.3,2,0.9933333333333333,0.99380094,0.8571428571428561,0.8765687,0.36699485330224113,0.4724768,9.071428571428571,1.0,0.8571428571428571,0.923076923076923
page_rank,N/A,powerlaw,1.0,0.05,0.3,2,1.0,0.9987983,1.0,0.9760728,0.17068301012737516,0.18656044,7.5,1.0,1.0,1.0
page_rank,N/A,powerlaw,0.0,0.1,0.3,2,0.8966666666666666,0.90011036,0.0,0.0,6.188624439814586,7.6034408,141.03225806451613,0.0,0.0,0.0
page_rank,N/A,powerlaw,0.1,0.1,0.3,2,0.91,0.9064295,0.1290322580645169,0.06326147,2.54056224544823,3.4627,124.70967741935483,0.8333333333333334,0.16129032258064516,0.27027027027027023
page_rank,N/A,powerlaw,0.2,0.1,0.3,2,0.9133333333333333,0.915424,0.16129032258064557,0.15330544,2.0945178082231775,2.723284,90.93548387096774,0.7272727272727273,0.25806451612903225,0.38095238095238093
page_rank,N/A,powerlaw,0.30000000000000004,0.1,0.3,2,0.9333333333333333,0.92704,0.3548387096774198,0.26959372,1.6642228849384175,2.2824378,58.806451612903224,0.9230769230769231,0.3870967741935484,0.5454545454545454
page_rank,N/A,powerlaw,0.4,0.1,0.3,2,0.9433333333333334,0.93645203,0.451612903225807,0.3638182,1.3510238782399568,1.885562,52.41935483870968,0.9375,0.4838709677419355,0.6382978723404255
page_rank,N/A,powerlaw,0.5,0.1,0.3,2,0.96,0.9491508,0.6129032258064515,0.4909462,1.1229703057556089,1.5662196,46.67741935483871,1.0,0.6129032258064516,0.76
page_rank,N/A,powerlaw,0.6000000000000001,0.1,0.3,2,0.9666666666666667,0.9587427,0.67741935483871,0.5869709,1.022353834047271,1.3123987,31.967741935483872,1.0,0.6774193548387096,0.8076923076923077
page_rank,N/A,powerlaw,0.7000000000000001,0.1,0.3,2,0.9733333333333334,0.9685921,0.7419354838709684,0.68557405,0.8091603487355712,1.03568,28.612903225806452,1.0,0.7419354838709677,0.8518518518518519
page_rank,N/A,powerlaw,0.8,0.1,0.3,2,0.98,0.97858965,0.8064516129032258,0.78565997,0.6779961747989761,0.7666937,20.032258064516128,1.0,0.8064516129032258,0.8928571428571428
page_rank,N/A,powerlaw,0.9,0.1,0.3,2,0.99,0.9885876,0.9032258064516129,0.8857501,0.5157338018159408,0.5264291,17.70967741935484,1.0,0.9032258064516129,0.9491525423728813
page_rank,N/A,powerlaw,1.0,0.1,0.3,2,1.0,0.9986008,1.0,0.9859924,0.31085917584646217,0.20193714,16.0,1.0,1.0,1.0
page_rank,N/A,powerlaw,0.0,0.2,0.3,2,0.8266666666666667,0.8003954,0.0,0.0,4.121485504097927,6.8189855,138.42307692307693,0.0,0.0,0.0
page_rank,N/A,powerlaw,0.1,0.2,0.3,2,0.8433333333333334,0.8140092,0.09615384615384645,0.06820365,1.9156528811847724,2.7077963,120.11538461538461,0.8571428571428571,0.11538461538461539,0.20338983050847456
page_rank,N/A,powerlaw,0.2,0.2,0.3,2,0.85,0.8344462,0.13461538461538453,0.1705911,1.7925216020951902,2.3026748,110.21153846153847,0.7333333333333333,0.21153846153846154,0.32835820895522383
page_rank,N/A,powerlaw,0.30000000000000004,0.2,0.3,2,0.8666666666666667,0.85545045,0.23076923076923098,0.27582043,1.6456840758382059,1.9579638,88.78846153846153,0.7727272727272727,0.3269230769230769,0.45945945945945943
page_rank,N/A,powerlaw,0.4,0.2,0.3,2,0.89,0.87824523,0.3653846153846155,0.39002016,1.5269638249340012,1.7938609,67.38461538461539,0.88,0.4230769230769231,0.5714285714285714
page_rank,N/A,powerlaw,0.5,0.2,0.3,2,0.9166666666666666,0.89583015,0.519230769230769,0.47811893,1.346732846511396,1.6154664,62.55769230769231,1.0,0.5192307692307693,0.6835443037974684
page_rank,N/A,powerlaw,0.6000000000000001,0.2,0.3,2,0.9266666666666666,0.9159621,0.5769230769230768,0.57897806,1.1420027999764029,1.3218646,48.23076923076923,1.0,0.5769230769230769,0.7317073170731707
page_rank,N/A,powerlaw,0.7000000000000001,0.2,0.3,2,0.9466666666666667,0.9358544,0.6923076923076923,0.6786365,0.8562405867724256,1.0571976,40.0,1.0,0.6923076923076923,0.8181818181818181
page_rank,N/A,powerlaw,0.8,0.2,0.3,2,0.9633333333333334,0.9558599,0.7884615384615387,0.7788623,0.5725746714223928,0.7578806,31.846153846153847,1.0,0.7884615384615384,0.8817204301075269
page_rank,N/A,powerlaw,0.9,0.2,0.3,2,0.9833333333333333,0.97586143,0.9038461538461535,0.8790681,0.2830321115212923,0.48069692,28.0,1.0,0.9038461538461539,0.9494949494949495
page_rank,N/A,powerlaw,1.0,0.2,0.3,2,1.0,0.9958647,1.0,0.9792825,0.11467177960784025,0.20317887,26.5,1.0,1.0,1.0
page_rank,N/A,powerlaw,0.0,0.3,0.3,2,0.74,0.7007353,0.0,0.0,2.474546477331833,4.627317,155.12820512820514,0.0,0.0,0.0
page_rank,N/A,powerlaw,0.1,0.3,0.3,2,0.7633333333333333,0.72985363,0.08974358974358967,0.09729967,1.6993899636666305,2.4058154,136.57692307692307,0.8888888888888888,0.10256410256410256,0.1839080459770115
page_rank,N/A,powerlaw,0.2,0.3,0.3,2,0.7933333333333333,0.7598172,0.20512820512820515,0.19742358,1.5206755471450295,2.0396566,104.7948717948718,0.9444444444444444,0.21794871794871795,0.35416666666666674
page_rank,N/A,powerlaw,0.30000000000000004,0.3,0.3,2,0.8133333333333334,0.78869116,0.28205128205128216,0.29390663,1.3677848634912715,1.7939384,94.37179487179488,0.9583333333333334,0.2948717948717949,0.45098039215686275
page_rank,N/A,powerlaw,0.4,0.3,0.3,2,0.8366666666666667,0.8208032,0.3717948717948718,0.40120983,1.2483688552571774,1.5624663,80.28205128205128,0.9393939393939394,0.3974358974358974,0.5585585585585585
page_rank,N/A,powerlaw,0.5,0.3,0.3,2,0.8666666666666667,0.8495419,0.48717948717948734,0.49724078,1.0443125518031673,1.3105489,68.03846153846153,0.9523809523809523,0.5128205128205128,0.6666666666666666
page_rank,N/A,powerlaw,0.6000000000000001,0.3,0.3,2,0.8933333333333333,0.8800712,0.5897435897435896,0.5992552,0.8458937166537993,1.0849243,56.47435897435897,0.9791666666666666,0.6025641025641025,0.7460317460317459
page_rank,N/A,powerlaw,0.7000000000000001,0.3,0.3,2,0.92,0.908998,0.6923076923076925,0.69591475,0.6581811085435227,0.83341527,50.14102564102564,1.0,0.6923076923076923,0.8181818181818181
page_rank,N/A,powerlaw,0.8,0.3,0.3,2,0.95,0.9389848,0.8076923076923075,0.79611635,0.5096005438608011,0.5936241,43.0,1.0,0.8076923076923077,0.8936170212765957
page_rank,N/A,powerlaw,0.9,0.3,0.3,2,0.98,0.96897155,0.923076923076923,0.8963177,0.30855439741863516,0.36777675,40.67948717948718,1.0,0.9230769230769231,0.9600000000000001
page_rank,N/A,powerlaw,1.0,0.3,0.3,2,1.0,0.998922,1.0,0.9963978,0.11998756825794189,0.14171214,39.5,1.0,1.0,1.0
page_rank,N/A,powerlaw,0.0,0.4,0.3,2,0.5966666666666667,0.6021495,0.0,0.0,2.412956660892553,4.2207146,152.6198347107438,0.0,0.0,0.0
page_rank,N/A,powerlaw,0.1,0.4,0.3,2,0.6433333333333333,0.63965416,0.1157024793388429,0.094268255,1.702402816089634,2.3256042,129.35537190082644,1.0,0.11570247933884298,0.2074074074074074
page_rank,N/A,powerlaw,0.2,0.4,0.3,2,0.6766666666666666,0.6823651,0.19834710743801642,0.20162255,1.535196401215959,1.950983,121.97520661157024,0.9285714285714286,0.21487603305785125,0.3489932885906041
page_rank,N/A,powerlaw,0.30000000000000004,0.4,0.3,2,0.72,0.72044414,0.3057851239669421,0.29733443,1.4260319985220193,1.6680981,107.19834710743801,0.9743589743589743,0.3140495867768595,0.475
page_rank,N/A,powerlaw,0.4,0.4,0.3,2,0.7466666666666667,0.7602173,0.3719008264462811,0.39730456,1.3148095805548266,1.4488502,91.27272727272727,0.9591836734693877,0.3884297520661157,0.5529411764705882
page_rank,N/A,powerlaw,0.5,0.4,0.3,2,0.7833333333333333,0.80131245,0.46280991735537186,0.5005975,1.1814904790006164,1.225666,82.42148760330579,0.9666666666666667,0.4793388429752066,0.6408839779005524
page_rank,N/A,powerlaw,0.6000000000000001,0.4,0.3,2,0.8266666666666667,0.8394051,0.5702479338842975,0.59634364,1.0374231244917984,0.99731994,76.79338842975207,1.0,0.5702479338842975,0.7263157894736841
page_rank,N/A,powerlaw,0.7000000000000001,0.4,0.3,2,0.8666666666666667,0.8793875,0.6694214876033059,0.69683963,0.8288847852735429,0.77939796,70.41322314049587,1.0,0.6694214876033058,0.801980198019802
page_rank,N/A,powerlaw,0.8,0.4,0.3,2,0.9133333333333333,0.91936785,0.7851239669421487,0.79733056,0.5429574910236524,0.56249946,64.74380165289256,1.0,0.7851239669421488,0.8796296296296297
page_rank,N/A,powerlaw,0.9,0.4,0.3,2,0.9433333333333334,0.959352,0.859504132231405,0.897831,0.33773049622268414,0.33503473,62.14049586776859,1.0,0.859504132231405,0.9244444444444445
page_rank,N/A,powerlaw,1.0,0.4,0.3,2,1.0,0.9993305,1.0,0.99831724,0.1351389582761372,0.09147668,61.0,1.0,1.0,1.0
page_rank,N/A,powerlaw,0.0,0.05,0.3,3,0.9566666666666667,0.9498884,0.0,0.0,8.871667420176179,7.904686,127.38461538461539,0.0,0.0,0.0
page_rank,N/A,powerlaw,0.1,0.05,0.3,3,0.9533333333333334,0.94828683,-0.07692307692307614,-0.031960208,2.548783988493758,3.2816937,189.6153846153846,0.0,0.0,0.0
page_rank,N/A,powerlaw,0.2,0.05,0.3,3,0.9633333333333334,0.9568726,0.15384615384615483,0.13937242,2.0223249954124443,2.3647332,103.6923076923077,1.0,0.15384615384615385,0.2666666666666667
page_rank,N/A,powerlaw,0.30000000000000004,0.05,0.3,3,0.97,0.9614733,0.3076923076923071,0.2311816,1.6076687230393656,1.959562,56.46153846153846,0.8333333333333334,0.38461538461538464,0.5263157894736842
page_rank,N/A,powerlaw,0.4,0.05,0.3,3,0.98,0.96460605,0.5384615384615381,0.2936973,1.1064014344903037,1.628891,55.15384615384615,0.8888888888888888,0.6153846153846154,0.7272727272727274
page_rank,N/A,powerlaw,0.5,0.05,0.3,3,0.9866666666666667,0.9716024,0.6923076923076928,0.43331236,0.8916593333091941,1.3262887,22.615384615384617,1.0,0.6923076923076923,0.8181818181818181
page_rank,N/A,powerlaw,0.6000000000000001,0.05,0.3,3,0.99,0.9770793,0.769230769230769,0.5426063,0.7544506012906681,1.0888565,26.153846153846153,1.0,0.7692307692307693,0.8695652173913044
page_rank,N/A,powerlaw,0.7000000000000001,0.05,0.3,3,0.9966666666666667,0.9838137,0.9230769230769239,0.676995,0.5879341930806692,0.82986724,9.0,1.0,0.9230769230769231,0.9600000000000001
page_rank,N/A,powerlaw,0.8,0.05,0.3,3,1.0,0.98881185,1.0,0.7767353,0.4074971102170724,0.609126,7.0,1.0,1.0,1.0
page_rank,N/A,powerlaw,0.9,0.05,0.3,3,1.0,0.9938107,1.0,0.87648994,0.25221850870757234,0.39478981,7.0,1.0,1.0,1.0
page_rank,N/A,powerlaw,1.0,0.05,0.3,3,1.0,0.9988095,1.0,0.9762434,0.11815429448601039,0.17745064,7.0,1.0,1.0,1.0
page_rank,N/A,powerlaw,0.0,0.1,0.3,3,0.9233333333333333,0.90005654,0.0,0.0,7.21193047061583,8.620379,155.0,0.0,0.0,0.0
page_rank,N/A,powerlaw,0.1,0.1,0.3,3,0.9233333333333333,0.91082764,0.0,0.107771896,1.5113960424442123,2.3141365,99.30434782608695,0.5,0.21739130434782608,0.30303030303030304
page_rank,N/A,powerlaw,0.2,0.1,0.3,3,0.95,0.91339123,0.3478260869565211,0.13342236,1.5901421031214522,2.5418527,73.82608695652173,0.9,0.391304347826087,0.5454545454545454
page_rank,N/A,powerlaw,0.30000000000000004,0.1,0.3,3,0.9533333333333334,0.9269923,0.39130434782608736,0.26950994,1.1644235900840727,1.8522128,78.82608695652173,1.0,0.391304347826087,0.5625
page_rank,N/A,powerlaw,0.4,0.1,0.3,3,0.96,0.9343187,0.4782608695652169,0.34281564,1.0000512761215163,1.5588553,50.73913043478261,1.0,0.4782608695652174,0.6470588235294118
page_rank,N/A,powerlaw,0.5,0.1,0.3,3,0.97,0.9472596,0.6086956521739126,0.47229767,0.8543384002487691,1.308673,40.17391304347826,1.0,0.6086956521739131,0.7567567567567568
page_rank,N/A,powerlaw,0.6000000000000001,0.1,0.3,3,0.9766666666666667,0.95579153,0.6956521739130437,0.5576652,0.6828778591763883,1.1057633,26.652173913043477,1.0,0.6956521739130435,0.8205128205128205
page_rank,N/A,powerlaw,0.7000000000000001,0.1,0.3,3,0.9766666666666667,0.9661163,0.6956521739130437,0.6609714,0.5247247367755463,0.8636214,26.91304347826087,1.0,0.6956521739130435,0.8205128205128205
page_rank,N/A,powerlaw,0.8,0.1,0.3,3,0.99,0.97611123,0.8695652173913042,0.7609772,0.33120043154588735,0.632444,17.08695652173913,1.0,0.8695652173913043,0.9302325581395349
page_rank,N/A,powerlaw,0.9,0.1,0.3,3,0.9933333333333333,0.986109,0.913043478260869,0.8610116,0.2239991373312887,0.39518967,13.0,1.0,0.9130434782608695,0.9545454545454545
page_rank,N/A,powerlaw,1.0,0.1,0.3,3,1.0,0.99610513,1.0,0.9610293,0.05972136424881527,0.17369385,12.0,1.0,1.0,1.0
page_rank,N/A,powerlaw,0.0,0.2,0.3,3,0.8266666666666667,0.8000036,0.0,0.0,3.696272155063919,6.2197576,149.05769230769232,0.0,0.0,0.0
page_rank,N/A,powerlaw,0.1,0.2,0.3,3,0.8366666666666667,0.81991524,0.057692307692307744,0.09956002,1.7072711190488528,2.6386971,137.94230769230768,0.7142857142857143,0.09615384615384616,0.16949152542372883
page_rank,N/A,powerlaw,0.2,0.2,0.3,3,0.8533333333333334,0.84026456,0.1538461538461542,0.20130846,1.5640570085997318,2.2415898,107.65384615384616,0.9,0.17307692307692307,0.2903225806451613
page_rank,N/A,powerlaw,0.30000000000000004,0.2,0.3,3,0.8766666666666667,0.8571464,0.2884615384615387,0.2857191,1.3619797960931592,1.9276944,91.98076923076923,1.0,0.28846153846153844,0.44776119402985076
page_rank,N/A,powerlaw,0.4,0.2,0.3,3,0.8966666666666666,0.876676,0.4038461538461536,0.38336906,1.1050996650178446,1.5220693,62.92307692307692,0.9565217391304348,0.4230769230769231,0.5866666666666667
page_rank,N/A,powerlaw,0.5,0.2,0.3,3,0.9133333333333333,0.8963262,0.5,0.48162162,1.107452065259597,1.4504153,58.42307692307692,0.9642857142857143,0.5192307692307693,0.6749999999999999
page_rank,N/A,powerlaw,0.6000000000000001,0.2,0.3,3,0.9266666666666666,0.9190384,0.5769230769230768,0.5951848,0.7908369563588074,1.0460694,46.88461538461539,1.0,0.5769230769230769,0.7317073170731707
page_rank,N/A,powerlaw,0.7000000000000001,0.2,0.3,3,0.9466666666666667,0.93928874,0.6923076923076923,0.69643825,0.6138835414682023,0.8011144,39.21153846153846,1.0,0.6923076923076923,0.8181818181818181
page_rank,N/A,powerlaw,0.8,0.2,0.3,3,0.96,0.959062,0.769230769230769,0.7953062,0.5200442497520285,0.6369665,31.346153846153847,1.0,0.7692307692307693,0.8695652173913044
page_rank,N/A,powerlaw,0.9,0.2,0.3,3,0.98,0.9790556,0.8846153846153845,0.895276,0.3533025428012135,0.3753914,27.807692307692307,1.0,0.8846153846153846,0.9387755102040816
page_rank,N/A,powerlaw,1.0,0.2,0.3,3,1.0,0.9990562,1.0,0.99528104,0.19884116441450872,0.13536683,26.5,1.0,1.0,1.0
page_rank,N/A,powerlaw,0.0,0.3,0.3,3,0.73,0.7021797,0.0,0.0,2.7878092034905775,5.3078403,144.4320987654321,0.0,0.0,0.0
page_rank,N/A,powerlaw,0.1,0.3,0.3,3,0.7666666666666667,0.7277317,0.1358024691358027,0.08579681,1.708559400054189,2.4809437,117.54320987654322,1.0,0.13580246913580246,0.2391304347826087
page_rank,N/A,powerlaw,0.2,0.3,0.3,3,0.7833333333333333,0.7604704,0.19753086419753088,0.19572444,1.5611043410692078,1.8181216,104.22222222222223,0.9,0.2222222222222222,0.3564356435643564
page_rank,N/A,powerlaw,0.30000000000000004,0.3,0.3,3,0.81,0.7906892,0.29629629629629656,0.29719093,1.3731094438359985,1.6179912,83.74074074074075,0.9615384615384616,0.30864197530864196,0.4672897196261682
page_rank,N/A,powerlaw,0.4,0.3,0.3,3,0.8366666666666667,0.8203467,0.39506172839506176,0.39677292,1.2036921475068456,1.4289787,74.29629629629629,1.0,0.3950617283950617,0.5663716814159292
page_rank,N/A,powerlaw,0.5,0.3,0.3,3,0.8666666666666667,0.8508674,0.506172839506173,0.4992531,1.067012597185141,1.2038623,66.20987654320987,1.0,0.5061728395061729,0.6721311475409836
page_rank,N/A,powerlaw,0.6000000000000001,0.3,0.3,3,0.8933333333333333,0.87935406,0.6049382716049382,0.5949036,0.9161202598394065,0.96166736,55.97530864197531,1.0,0.6049382716049383,0.7538461538461538
page_rank,N/A,powerlaw,0.7000000000000001,0.3,0.3,3,0.9233333333333333,0.9093156,0.7160493827160495,0.6955063,0.6475585211179022,0.72888833,49.25925925925926,1.0,0.7160493827160493,0.8345323741007193
page_rank,N/A,powerlaw,0.8,0.3,0.3,3,0.9433333333333334,0.939304,0.7901234567901235,0.79619926,0.5107943949275999,0.50790006,45.39506172839506,1.0,0.7901234567901234,0.8827586206896552
page_rank,N/A,powerlaw,0.9,0.3,0.3,3,0.97,0.96929115,0.8888888888888888,0.896888,0.29897405728471643,0.30627868,41.95061728395062,1.0,0.8888888888888888,0.9411764705882353
page_rank,N/A,powerlaw,1.0,0.3,0.3,3,1.0,0.99940145,1.0,0.99799025,0.1086732855563155,0.095704004,41.0,1.0,1.0,1.0
page_rank,N/A,powerlaw,0.0,0.4,0.3,3,0.6,0.6021495,0.0,0.0,2.711078781648068,4.0540676,153.80833333333334,0.0,0.0,0.0
page_rank,N/A,powerlaw,0.1,0.4,0.3,3,0.6533333333333333,0.6390521,0.13333333333333336,0.09275495,1.9853571854454686,2.0449674,134.65833333333333,0.9444444444444444,0.14166666666666666,0.24637681159420294
page_rank,N/A,powerlaw,0.2,0.4,0.3,3,0.71,0.67835563,0.27499999999999997,0.19154468,1.8871367401034944,1.520097,125.28333333333333,1.0,0.275,0.4313725490196079
page_rank,N/A,powerlaw,0.30000000000000004,0.4,0.3,3,0.7466666666666667,0.7195253,0.3666666666666668,0.29502487,1.6899819680559705,1.2841443,106.44166666666666,0.9782608695652174,0.375,0.5421686746987953
page_rank,N/A,powerlaw,0.4,0.4,0.3,3,0.7733333333333333,0.7606438,0.43333333333333335,0.3983765,1.5151209173223914,1.1174866,88.85833333333333,0.9814814814814815,0.44166666666666665,0.6091954022988505
page_rank,N/A,powerlaw,0.5,0.4,0.3,3,0.8166666666666667,0.8005751,0.5416666666666666,0.4987441,1.3318471784659267,0.9400157,81.20833333333333,1.0,0.5416666666666666,0.7027027027027027
page_rank,N/A,powerlaw,0.6000000000000001,0.4,0.3,3,0.85,0.83968174,0.625,0.597039,1.1182360936325508,0.75151694,73.99166666666666,1.0,0.625,0.7692307692307693
page_rank,N/A,powerlaw,0.7000000000000001,0.4,0.3,3,0.8733333333333333,0.87966686,0.6833333333333332,0.69754183,0.7501687167952804,0.5604405,68.96666666666667,1.0,0.6833333333333333,0.8118811881188119
page_rank,N/A,powerlaw,0.8,0.4,0.3,3,0.9133333333333333,0.91964895,0.7833333333333333,0.79803705,0.5618629776417229,0.37451193,64.81666666666666,1.0,0.7833333333333333,0.8785046728971964
page_rank,N/A,powerlaw,0.9,0.4,0.3,3,0.95,0.95963156,0.8749999999999999,0.89853364,0.318458570241557,0.21913172,61.833333333333336,1.0,0.875,0.9333333333333333
page_rank,N/A,powerlaw,1.0,0.4,0.3,3,0.9966666666666667,0.9996122,0.9916666666666668,0.9990253,0.10083553721743531,0.04776383,60.5,1.0,0.9916666666666667,0.99581589958159
page_rank,N/A,powerlaw,0.0,0.05,0.3,4,0.97,0.9498886,0.0,0.0,9.310160867719224,9.287441,127.22222222222223,0.0,0.0,0.0
page_rank,N/A,powerlaw,0.1,0.05,0.3,4,0.9733333333333334,0.9514061,0.11111111111111358,0.030283207,1.8964214704094238,2.7788196,149.44444444444446,1.0,0.1111111111111111,0.19999999999999998
page_rank,N/A,powerlaw,0.2,0.05,0.3,4,0.9733333333333334,0.954151,0.11111111111111358,0.08505822,1.619644991720726,2.2657533,106.22222222222223,0.6666666666666666,0.2222222222222222,0.3333333333333333
page_rank,N/A,powerlaw,0.30000000000000004,0.05,0.3,4,0.9733333333333334,0.9580901,0.11111111111111358,0.1636661,1.4256322907345231,1.9608281,78.11111111111111,0.6,0.3333333333333333,0.42857142857142855
page_rank,N/A,powerlaw,0.4,0.05,0.3,4,0.98,0.96563303,0.3333333333333333,0.31418887,1.1644471675787758,1.6669997,55.77777777777778,0.7142857142857143,0.5555555555555556,0.6250000000000001
page_rank,N/A,powerlaw,0.5,0.05,0.3,4,0.99,0.970835,0.6666666666666666,0.41799626,0.973293073104494,1.4222734,31.11111111111111,0.875,0.7777777777777778,0.823529411764706
page_rank,N/A,powerlaw,0.6000000000000001,0.05,0.3,4,0.9966666666666667,0.9758301,0.8888888888888902,0.5176763,0.7458430791524739,1.154426,14.88888888888889,1.0,0.8888888888888888,0.9411764705882353
page_rank,N/A,powerlaw,0.7000000000000001,0.05,0.3,4,0.9966666666666667,0.98082864,0.8888888888888902,0.6174253,0.5810561989462171,0.92013305,11.666666666666666,1.0,0.8888888888888888,0.9411764705882353
page_rank,N/A,powerlaw,0.8,0.05,0.3,4,0.9966666666666667,0.98582745,0.8888888888888902,0.7171791,0.4065598267805391,0.6823693,9.555555555555555,1.0,0.8888888888888888,0.9411764705882353
page_rank,N/A,powerlaw,0.9,0.05,0.3,4,1.0,0.9908259,1.0,0.81692576,0.19862297664441592,0.4390261,5.0,1.0,1.0,1.0
page_rank,N/A,powerlaw,1.0,0.05,0.3,4,1.0,0.9958248,1.0,0.91668195,0.08897540114702909,0.20375131,5.0,1.0,1.0,1.0
page_rank,N/A,powerlaw,0.0,0.1,0.3,4,0.8966666666666666,0.90017474,0.0,0.0,6.610633830062491,7.854987,139.38709677419354,0.0,0.0,0.0
page_rank,N/A,powerlaw,0.1,0.1,0.3,4,0.9066666666666666,0.9074716,0.09677419354838714,0.07309633,2.734121630126201,3.6086335,130.58064516129033,1.0,0.0967741935483871,0.17647058823529413
page_rank,N/A,powerlaw,0.2,0.1,0.3,4,0.9233333333333333,0.9200876,0.2580645161290327,0.19947694,2.283624039669728,2.7738023,105.12903225806451,1.0,0.25806451612903225,0.41025641025641024
page_rank,N/A,powerlaw,0.30000000000000004,0.1,0.3,4,0.93,0.92887694,0.32258064516129115,0.2875244,2.0797577477312683,2.2798789,80.2258064516129,1.0,0.3225806451612903,0.4878048780487805
page_rank,N/A,powerlaw,0.4,0.1,0.3,4,0.9366666666666666,0.9397229,0.38709677419354854,0.39617383,1.8155255140140418,1.7987317,63.41935483870968,0.875,0.45161290322580644,0.5957446808510638
page_rank,N/A,powerlaw,0.5,0.1,0.3,4,0.9466666666666667,0.94843626,0.48387096774193566,0.48346,1.656247833853893,1.5593492,42.54838709677419,0.8947368421052632,0.5483870967741935,0.6799999999999999
page_rank,N/A,powerlaw,0.6000000000000001,0.1,0.3,4,0.96,0.9594885,0.6129032258064515,0.594176,1.3452220902937573,1.3116618,33.58064516129032,0.9523809523809523,0.6451612903225806,0.7692307692307692
page_rank,N/A,powerlaw,0.7000000000000001,0.1,0.3,4,0.97,0.96857524,0.7096774193548386,0.6852023,1.0988350323231304,1.0142438,26.64516129032258,1.0,0.7096774193548387,0.8301886792452831
page_rank,N/A,powerlaw,0.8,0.1,0.3,4,0.98,0.97857755,0.8064516129032258,0.78540057,0.8162786548021908,0.7655016,21.548387096774192,1.0,0.8064516129032258,0.8928571428571428
page_rank,N/A,powerlaw,0.9,0.1,0.3,4,0.99,0.98884815,0.9032258064516129,0.8882863,0.4707536096335566,0.43309042,17.870967741935484,1.0,0.9032258064516129,0.9491525423728813
page_rank,N/A,powerlaw,1.0,0.1,0.3,4,1.0,0.9988108,1.0,0.9880875,0.2705824531696801,0.18328029,16.0,1.0,1.0,1.0
page_rank,N/A,powerlaw,0.0,0.2,0.3,4,0.8433333333333334,0.8007848,0.0,0.0,3.995156548095124,6.505317,160.91489361702128,0.0,0.0,0.0
page_rank,N/A,powerlaw,0.1,0.2,0.3,4,0.85,0.8209348,0.04255319148936128,0.101146646,1.9831394389898704,2.8102696,120.70212765957447,0.6,0.1276595744680851,0.21052631578947367
page_rank,N/A,powerlaw,0.2,0.2,0.3,4,0.8666666666666667,0.8391323,0.1489361702127659,0.19249278,1.7597224145065509,2.3553026,107.27659574468085,0.7692307692307693,0.2127659574468085,0.33333333333333337
page_rank,N/A,powerlaw,0.30000000000000004,0.2,0.3,4,0.8733333333333333,0.8592787,0.1914893617021272,0.29362148,1.5669529389220105,2.0305026,92.82978723404256,0.7368421052631579,0.2978723404255319,0.4242424242424243
page_rank,N/A,powerlaw,0.4,0.2,0.3,4,0.9,0.87937945,0.36170212765957444,0.39452127,1.405801171967423,1.7866824,65.65957446808511,0.9047619047619048,0.40425531914893614,0.5588235294117647
page_rank,N/A,powerlaw,0.5,0.2,0.3,4,0.92,0.89959145,0.48936170212765967,0.4959794,1.2730783470417832,1.5116903,56.5531914893617,0.9259259259259259,0.5319148936170213,0.6756756756756757
page_rank,N/A,powerlaw,0.6000000000000001,0.2,0.3,4,0.94,0.9190282,0.6170212765957442,0.59354615,0.9712629289720811,1.141821,46.91489361702128,1.0,0.6170212765957447,0.763157894736842
page_rank,N/A,powerlaw,0.7000000000000001,0.2,0.3,4,0.9633333333333334,0.93902427,0.7659574468085109,0.69392025,0.8261761736145553,0.900593,35.659574468085104,1.0,0.7659574468085106,0.8674698795180723
page_rank,N/A,powerlaw,0.8,0.2,0.3,4,0.9733333333333334,0.9589799,0.8297872340425535,0.7940915,0.6410529140863673,0.6494194,28.085106382978722,1.0,0.8297872340425532,0.9069767441860465
page_rank,N/A,powerlaw,0.9,0.2,0.3,4,0.98,0.97899157,0.8723404255319147,0.894544,0.32842685322293863,0.39397958,25.19148936170213,1.0,0.8723404255319149,0.9318181818181819
page_rank,N/A,powerlaw,1.0,0.2,0.3,4,1.0,0.99898285,1.0,0.9948942,0.1504563177066907,0.17012861,24.0,1.0,1.0,1.0
page_rank,N/A,powerlaw,0.0,0.3,0.3,4,0.6866666666666666,0.70219266,0.0,0.0,3.234302899877917,5.6050725,163.36170212765958,0.0,0.0,0.0
page_rank,N/A,powerlaw,0.1,0.3,0.3,4,0.7033333333333334,0.73023915,0.05319148936170229,0.09417662,1.8128889001710031,2.543495,134.20212765957447,0.6923076923076923,0.09574468085106383,0.16822429906542058
page_rank,N/A,powerlaw,0.2,0.3,0.3,4,0.7466666666666667,0.76195747,0.19148936170212782,0.20068277,1.561969152016914,2.0689483,110.23404255319149,0.8461538461538461,0.23404255319148937,0.36666666666666675
page_rank,N/A,powerlaw,0.30000000000000004,0.3,0.3,4,0.78,0.7890865,0.29787234042553207,0.29177877,1.4266184929416919,1.8195276,99.45744680851064,0.9666666666666667,0.30851063829787234,0.467741935483871
page_rank,N/A,powerlaw,0.4,0.3,0.3,4,0.8166666666666667,0.8189203,0.4148936170212766,0.39195693,1.2806027051859894,1.5343254,82.2872340425532,0.975609756097561,0.425531914893617,0.5925925925925927
page_rank,N/A,powerlaw,0.5,0.3,0.3,4,0.86,0.84916025,0.5531914893617021,0.4934989,1.1078744893430759,1.3152674,74.87234042553192,0.9814814814814815,0.5638297872340425,0.7162162162162162
page_rank,N/A,powerlaw,0.6000000000000001,0.3,0.3,4,0.89,0.8790761,0.6489361702127661,0.59395266,0.982462447004425,1.1032857,62.08510638297872,1.0,0.648936170212766,0.7870967741935483
page_rank,N/A,powerlaw,0.7000000000000001,0.3,0.3,4,0.9233333333333333,0.9090621,0.7553191489361702,0.69464177,0.7721098736332278,0.89880735,56.265957446808514,1.0,0.7553191489361702,0.8606060606060607
page_rank,N/A,powerlaw,0.8,0.3,0.3,4,0.95,0.93908674,0.8404255319148934,0.7954608,0.6280448680340575,0.6491215,51.765957446808514,1.0,0.8404255319148937,0.9132947976878613
page_rank,N/A,powerlaw,0.9,0.3,0.3,4,0.9733333333333334,0.96886045,0.9148936170212768,0.89543724,0.4721713968172213,0.494367,48.829787234042556,1.0,0.9148936170212766,0.9555555555555556
page_rank,N/A,powerlaw,1.0,0.3,0.3,4,0.9966666666666667,0.99886686,0.9893617021276597,0.996195,0.27682301488625216,0.16721803,47.5,1.0,0.9893617021276596,0.9946524064171123
page_rank,N/A,powerlaw,0.0,0.4,0.3,4,0.58,0.6010748,0.0,0.0,1.8305450424177054,3.4437695,156.85714285714286,0.0,0.0,0.0
page_rank,N/A,powerlaw,0.1,0.4,0.3,4,0.6266666666666667,0.64156985,0.11111111111111129,0.10151036,1.4020418506365702,2.055332,138.57142857142858,0.9375,0.11904761904761904,0.21126760563380279
page_rank,N/A,powerlaw,0.2,0.4,0.3,4,0.6766666666666666,0.6803503,0.23015873015873017,0.19872269,1.2973018755188988,1.7140163,120.38095238095238,0.967741935483871,0.23809523809523808,0.38216560509554137
page_rank,N/A,powerlaw,0.30000000000000004,0.4,0.3,4,0.7233333333333334,0.71624756,0.34126984126984145,0.2887076,1.1080683199231596,1.5278372,109.61111111111111,1.0,0.3412698412698413,0.5088757396449703
page_rank,N/A,powerlaw,0.4,0.4,0.3,4,0.75,0.75967157,0.4047619047619048,0.39756015,1.0080918846485136,1.1785468,94.96031746031746,1.0,0.40476190476190477,0.576271186440678
page_rank,N/A,powerlaw,0.5,0.4,0.3,4,0.79,0.7997574,0.5000000000000001,0.4980448,0.914541759827711,0.9754555,88.33333333333333,0.9846153846153847,0.5079365079365079,0.6701570680628273
page_rank,N/A,powerlaw,0.6000000000000001,0.4,0.3,4,0.8366666666666667,0.8390862,0.6111111111111112,0.5966316,0.759609652776504,0.78127724,77.42063492063492,1.0,0.6111111111111112,0.7586206896551725
page_rank,N/A,powerlaw,0.7000000000000001,0.4,0.3,4,0.8733333333333333,0.87907773,0.6984126984126984,0.69687986,0.5656857688644318,0.59694654,72.10317460317461,1.0,0.6984126984126984,0.822429906542056
page_rank,N/A,powerlaw,0.8,0.4,0.3,4,0.9066666666666666,0.9190287,0.7777777777777777,0.79702634,0.35562521215390963,0.42974356,66.55555555555556,1.0,0.7777777777777778,0.8750000000000001
page_rank,N/A,powerlaw,0.9,0.4,0.3,4,0.95,0.9590104,0.8809523809523808,0.89724994,0.23731658546536308,0.26075253,64.13492063492063,1.0,0.8809523809523809,0.9367088607594937
page_rank,N/A,powerlaw,1.0,0.4,0.3,4,1.0,0.9989905,1.0,0.99746937,0.09362772989345969,0.1022183,63.5,1.0,1.0,1.0
