method,metric,delta,lambda,rho,sim,graph,selected_sensor,p_inf_selected,cand_mean_p_inf,cand_std_p_inf,rank_in_candidates,neigh_mean_p_inf,neigh_std_p_inf,true_state_t0,entropy_selected,entropy_cand_mean,entropy_neigh_mean,frontier_selected,frontier_rank,frontier_cand_mean
random,N/A,0.05,0.3,0.1,0,er,2,0.08333332,0.08333331,7.450581e-09,1,0.08333332,0.0,0,2.4849067,2.4849066734313965,2.4849067,0.0,1,0.0
random,N/A,0.05,0.3,0.2,0,er,2,0.08333332,0.08333332,0.0,1,0.08333332,0.0,0,2.4849067,2.4849069118499756,2.4849067,0.0,1,0.0
random,N/A,0.05,0.3,0.30000000000000004,0,er,515,0.08333332,0.08333332,0.0,1,0.08333332,0.0,0,2.4849067,2.4849069118499756,2.4849067,0.0,1,0.0
random,N/A,0.05,0.3,0.4,0,er,1,0.08333332,0.08333332,0.0,1,0.08333332,0.0,0,2.4849067,2.4849069118499756,2.4849067,0.0,1,0.0
random,N/A,0.05,0.3,0.5,0,er,0,0.08333332,0.08333333,7.450581e-09,1,0.08333332,0.0,0,2.4849067,2.4849066734313965,2.4849067,0.0,1,0.0
random,N/A,0.05,0.3,0.6000000000000001,0,er,0,0.08333332,0.08333332,0.0,1,0.08333332,0.0,0,2.4849067,2.4849069118499756,2.4849067,0.0,1,0.0
random,N/A,0.05,0.3,0.7000000000000001,0,er,0,0.08333332,0.08333332,0.0,1,0.08333332,0.0,0,2.4849067,2.4849069118499756,2.4849067,0.0,1,0.0
random,N/A,0.05,0.3,0.8,0,er,1,0.08333332,0.08333332,0.0,1,0.08333332,0.0,0,2.4849067,2.4849069118499756,2.4849067,0.0,1,0.0
random,N/A,0.05,0.3,0.9,0,er,0,0.08333332,0.08333331,7.450581e-09,1,0.08333332,0.0,0,2.4849067,2.4849071502685547,2.4849067,0.0,1,0.0
random,N/A,0.05,0.3,1.0,0,er,0,0.08333332,,,1,0.08333332,0.0,0,2.4849067,,2.4849067,0.0,1,
random,N/A,0.1,0.3,0.1,0,er,6,0.08333332,0.08333331,7.450581e-09,1,0.08333332,0.0,0,2.4849067,2.4849066734313965,2.484907,0.0,1,0.0
random,N/A,0.1,0.3,0.2,0,er,512,0.08333332,0.08333332,0.0,1,0.08333332,0.0,0,2.4849067,2.4849069118499756,2.484907,0.0,1,0.0
random,N/A,0.1,0.3,0.30000000000000004,0,er,512,0.08333332,0.08333332,0.0,1,0.08333332,0.0,0,2.4849067,2.4849069118499756,2.484907,0.0,1,0.0
random,N/A,0.1,0.3,0.4,0,er,2,0.08333332,0.08333332,0.0,1,0.08333332,0.0,0,2.4849067,2.4849069118499756,2.4849067,0.0,1,0.0
random,N/A,0.1,0.3,0.5,0,er,0,0.08333332,0.08333333,7.450581e-09,1,0.08333332,0.0,0,2.4849067,2.4849066734313965,2.4849067,0.0,1,0.0
random,N/A,0.1,0.3,0.6000000000000001,0,er,0,0.08333332,0.08333332,0.0,1,0.08333332,0.0,0,2.4849067,2.4849069118499756,2.4849067,0.0,1,0.0
random,N/A,0.1,0.3,0.7000000000000001,0,er,0,0.08333332,0.08333332,0.0,1,0.08333332,0.0,0,2.4849067,2.4849069118499756,2.4849067,0.0,1,0.0
random,N/A,0.1,0.3,0.8,0,er,1,0.08333332,0.08333332,0.0,1,0.08333332,0.0,0,2.4849067,2.4849069118499756,2.4849067,0.0,1,0.0
random,N/A,0.1,0.3,0.9,0,er,0,0.08333332,0.08333331,7.450581e-09,1,0.08333332,0.0,0,2.4849067,2.4849071502685547,2.4849067,0.0,1,0.0
random,N/A,0.1,0.3,1.0,0,er,0,0.08333332,,,1,0.08333332,0.0,0,2.4849067,,2.4849067,0.0,1,
random,N/A,0.2,0.3,0.1,0,er,518,0.08333332,0.08333331,7.450581e-09,1,0.08333332,0.0,0,2.4849067,2.4849066734313965,2.484907,0.0,1,0.0
random,N/A,0.2,0.3,0.2,0,er,0,0.08333332,0.08333332,0.0,1,0.08333332,0.0,1,2.4849067,2.4849069118499756,2.4849067,0.0,1,0.0
random,N/A,0.2,0.3,0.30000000000000004,0,er,512,0.08333332,0.08333332,0.0,1,0.08333332,0.0,0,2.4849067,2.4849069118499756,2.4849067,0.0,1,0.0
random,N/A,0.2,0.3,0.4,0,er,5,0.08333332,0.08333332,0.0,1,0.08333332,0.0,0,2.4849067,2.4849069118499756,2.484907,0.0,1,0.0
random,N/A,0.2,0.3,0.5,0,er,0,0.08333332,0.08333333,7.450581e-09,1,0.08333332,0.0,1,2.4849067,2.4849066734313965,2.4849067,0.0,1,0.0
random,N/A,0.2,0.3,0.6000000000000001,0,er,1,0.08333332,0.08333332,0.0,1,0.08333332,0.0,0,2.4849067,2.4849069118499756,2.4849067,0.0,1,0.0
random,N/A,0.2,0.3,0.7000000000000001,0,er,0,0.08333332,0.08333332,0.0,1,0.08333332,0.0,1,2.4849067,2.4849069118499756,2.4849067,0.0,1,0.0
random,N/A,0.2,0.3,0.8,0,er,0,0.08333332,0.08333332,0.0,1,0.08333332,0.0,1,2.4849067,2.4849069118499756,2.4849067,0.0,1,0.0
random,N/A,0.2,0.3,0.9,0,er,0,0.08333332,0.08333331,7.450581e-09,1,0.08333332,0.0,1,2.4849067,2.4849071502685547,2.4849067,0.0,1,0.0
random,N/A,0.2,0.3,1.0,0,er,0,0.08333332,,,1,0.08333332,0.0,1,2.4849067,,2.4849067,0.0,1,
random,N/A,0.05,0.3,0.1,1,er,513,0.08333332,0.08333331,7.450581e-09,1,0.08333332,0.0,0,2.4849067,2.4849066734313965,2.4849067,0.0,1,0.0
random,N/A,0.05,0.3,0.2,1,er,513,0.08333332,0.08333332,0.0,1,0.08333332,0.0,0,2.4849067,2.4849069118499756,2.4849067,0.0,1,0.0
random,N/A,0.05,0.3,0.30000000000000004,1,er,515,0.08333332,0.08333332,0.0,1,0.08333332,0.0,0,2.4849067,2.4849069118499756,2.4849067,0.0,1,0.0
random,N/A,0.05,0.3,0.4,1,er,4,0.08333332,0.08333332,0.0,1,0.08333332,0.0,0,2.4849067,2.4849069118499756,2.4849067,0.0,1,0.0
random,N/A,0.05,0.3,0.5,1,er,1,0.08333332,0.08333333,7.450581e-09,1,0.08333332,0.0,0,2.4849067,2.4849066734313965,2.4849067,0.0,1,0.0
random,N/A,0.05,0.3,0.6000000000000001,1,er,0,0.08333332,0.08333332,0.0,1,0.08333332,0.0,0,2.4849067,2.4849069118499756,2.4849067,0.0,1,0.0
random,N/A,0.05,0.3,0.7000000000000001,1,er,0,0.08333332,0.08333332,0.0,1,0.08333332,0.0,0,2.4849067,2.4849069118499756,2.4849067,0.0,1,0.0
random,N/A,0.05,0.3,0.8,1,er,1,0.08333332,0.08333332,0.0,1,0.08333332,0.0,0,2.4849067,2.4849069118499756,2.4849067,0.0,1,0.0
random,N/A,0.05,0.3,0.9,1,er,0,0.08333332,0.08333331,7.450581e-09,1,0.08333332,0.0,0,2.4849067,2.4849071502685547,2.4849067,0.0,1,0.0
random,N/A,0.05,0.3,1.0,1,er,0,0.08333332,,,1,0.08333332,0.0,0,2.4849067,,2.4849067,0.0,1,
random,N/A,0.1,0.3,0.1,1,er,8,0.08333332,0.08333331,7.450581e-09,1,0.08333332,0.0,0,2.4849067,2.4849066734313965,2.4849067,0.0,1,0.0
random,N/A,0.1,0.3,0.2,1,er,515,0.08333332,0.08333332,0.0,1,0.08333332,0.0,0,2.4849067,2.4849069118499756,2.4849067,0.0,1,0.0
random,N/A,0.1,0.3,0.30000000000000004,1,er,512,0.08333332,0.08333332,0.0,1,0.08333332,0.0,0,2.4849067,2.4849069118499756,2.484907,0.0,1,0.0
random,N/A,0.1,0.3,0.4,1,er,1,0.08333332,0.08333332,0.0,1,0.08333332,0.0,0,2.4849067,2.4849069118499756,2.4849067,0.0,1,0.0
random,N/A,0.1,0.3,0.5,1,er,0,0.08333332,0.08333333,7.450581e-09,1,0.08333332,0.0,0,2.4849067,2.4849066734313965,2.484907,0.0,1,0.0
random,N/A,0.1,0.3,0.6000000000000001,1,er,1,0.08333332,0.08333332,0.0,1,0.08333332,0.0,0,2.4849067,2.4849069118499756,2.4849067,0.0,1,0.0
random,N/A,0.1,0.3,0.7000000000000001,1,er,0,0.08333332,0.08333332,0.0,1,0.08333332,0.0,0,2.4849067,2.4849069118499756,2.484907,0.0,1,0.0
random,N/A,0.1,0.3,0.8,1,er,0,0.08333332,0.08333332,0.0,1,0.08333332,0.0,0,2.4849067,2.4849069118499756,2.484907,0.0,1,0.0
random,N/A,0.1,0.3,0.9,1,er,0,0.08333332,0.08333331,7.450581e-09,1,0.08333332,0.0,0,2.4849067,2.4849071502685547,2.484907,0.0,1,0.0
random,N/A,0.1,0.3,1.0,1,er,0,0.08333332,,,1,0.08333332,0.0,0,2.4849067,,2.484907,0.0,1,
random,N/A,0.2,0.3,0.1,1,er,0,0.08333332,0.08333331,7.450581e-09,1,0.08333332,0.0,0,2.4849067,2.4849066734313965,2.484907,0.0,1,0.0
random,N/A,0.2,0.3,0.2,1,er,512,0.08333332,0.08333332,0.0,1,0.08333332,0.0,0,2.4849067,2.4849069118499756,2.4849067,0.0,1,0.0
random,N/A,0.2,0.3,0.30000000000000004,1,er,4,0.08333332,0.08333332,0.0,1,0.08333332,0.0,1,2.4849067,2.4849069118499756,2.4849067,0.0,1,0.0
random,N/A,0.2,0.3,0.4,1,er,1,0.08333332,0.08333332,0.0,1,0.08333332,0.0,1,2.4849067,2.4849069118499756,2.4849067,0.0,1,0.0
random,N/A,0.2,0.3,0.5,1,er,1,0.08333332,0.08333333,7.450581e-09,1,0.08333332,0.0,1,2.4849067,2.4849066734313965,2.4849067,0.0,1,0.0
random,N/A,0.2,0.3,0.6000000000000001,1,er,0,0.08333332,0.08333332,0.0,1,0.08333332,0.0,0,2.4849067,2.4849069118499756,2.484907,0.0,1,0.0
random,N/A,0.2,0.3,0.7000000000000001,1,er,0,0.08333332,0.08333332,0.0,1,0.08333332,0.0,0,2.4849067,2.4849069118499756,2.484907,0.0,1,0.0
random,N/A,0.2,0.3,0.8,1,er,0,0.08333332,0.08333332,0.0,1,0.08333332,0.0,0,2.4849067,2.4849069118499756,2.484907,0.0,1,0.0
random,N/A,0.2,0.3,0.9,1,er,0,0.08333332,0.08333331,7.450581e-09,1,0.08333332,0.0,0,2.4849067,2.4849071502685547,2.484907,0.0,1,0.0
random,N/A,0.2,0.3,1.0,1,er,0,0.08333332,,,1,0.08333332,0.0,0,2.4849067,,2.484907,0.0,1,
random,N/A,0.05,0.3,0.1,2,er,10,0.08333332,0.08333331,7.450581e-09,1,0.08333332,0.0,1,2.4849067,2.4849066734313965,2.4849067,0.0,1,0.0
random,N/A,0.05,0.3,0.2,2,er,512,0.08333332,0.08333332,0.0,1,0.08333332,0.0,0,2.4849067,2.4849069118499756,2.4849067,0.0,1,0.0
random,N/A,0.05,0.3,0.30000000000000004,2,er,2,0.08333332,0.08333332,0.0,1,0.08333332,0.0,0,2.4849067,2.4849069118499756,2.4849067,0.0,1,0.0
random,N/A,0.05,0.3,0.4,2,er,2,0.08333332,0.08333332,0.0,1,0.08333332,0.0,0,2.4849067,2.4849069118499756,2.4849067,0.0,1,0.0
random,N/A,0.05,0.3,0.5,2,er,0,0.08333332,0.08333333,7.450581e-09,1,0.08333332,0.0,0,2.4849067,2.4849066734313965,2.484907,0.0,1,0.0
random,N/A,0.05,0.3,0.6000000000000001,2,er,1,0.08333332,0.08333332,0.0,1,0.08333332,0.0,0,2.4849067,2.4849069118499756,2.4849067,0.0,1,0.0
random,N/A,0.05,0.3,0.7000000000000001,2,er,1,0.08333332,0.08333332,0.0,1,0.08333332,0.0,0,2.4849067,2.4849069118499756,2.4849067,0.0,1,0.0
random,N/A,0.05,0.3,0.8,2,er,0,0.08333332,0.08333332,0.0,1,0.08333332,0.0,0,2.4849067,2.4849069118499756,2.484907,0.0,1,0.0
random,N/A,0.05,0.3,0.9,2,er,0,0.08333332,0.08333331,7.450581e-09,1,0.08333332,0.0,0,2.4849067,2.4849071502685547,2.484907,0.0,1,0.0
random,N/A,0.05,0.3,1.0,2,er,0,0.08333332,,,1,0.08333332,0.0,0,2.4849067,,2.484907,0.0,1,
random,N/A,0.1,0.3,0.1,2,er,10,0.08333332,0.08333331,7.450581e-09,1,0.08333332,0.0,0,2.4849067,2.4849066734313965,2.484907,0.0,1,0.0
random,N/A,0.1,0.3,0.2,2,er,520,0.08333332,0.08333332,0.0,1,0.08333332,0.0,1,2.4849067,2.4849069118499756,2.484907,0.0,1,0.0
random,N/A,0.1,0.3,0.30000000000000004,2,er,1,0.08333332,0.08333332,0.0,1,0.08333332,0.0,0,2.4849067,2.4849069118499756,2.484907,0.0,1,0.0
random,N/A,0.1,0.3,0.4,2,er,1,0.08333332,0.08333332,0.0,1,0.08333332,0.0,0,2.4849067,2.4849069118499756,2.484907,0.0,1,0.0
random,N/A,0.1,0.3,0.5,2,er,0,0.08333332,0.08333333,7.450581e-09,1,0.08333332,0.0,0,2.4849067,2.4849066734313965,2.484907,0.0,1,0.0
random,N/A,0.1,0.3,0.6000000000000001,2,er,1,0.08333332,0.08333332,0.0,1,0.08333332,0.0,0,2.4849067,2.4849069118499756,2.484907,0.0,1,0.0
random,N/A,0.1,0.3,0.7000000000000001,2,er,0,0.08333332,0.08333332,0.0,1,0.08333332,0.0,0,2.4849067,2.4849069118499756,2.484907,0.0,1,0.0
random,N/A,0.1,0.3,0.8,2,er,0,0.08333332,0.08333332,0.0,1,0.08333332,0.0,0,2.4849067,2.4849069118499756,2.484907,0.0,1,0.0
random,N/A,0.1,0.3,0.9,2,er,0,0.08333332,0.08333331,7.450581e-09,1,0.08333332,0.0,0,2.4849067,2.4849071502685547,2.484907,0.0,1,0.0
random,N/A,0.1,0.3,1.0,2,er,0,0.08333332,,,1,0.08333332,0.0,0,2.4849067,,2.484907,0.0,1,
random,N/A,0.2,0.3,0.1,2,er,13,0.08333332,0.08333331,7.450581e-09,1,0.08333332,0.0,0,2.4849067,2.4849066734313965,2.4849067,0.0,1,0.0
random,N/A,0.2,0.3,0.2,2,er,514,0.08333332,0.08333332,0.0,1,0.08333332,0.0,0,2.4849067,2.4849069118499756,2.4849067,0.0,1,0.0
random,N/A,0.2,0.3,0.30000000000000004,2,er,0,0.08333332,0.08333332,0.0,1,0.08333332,0.0,0,2.4849067,2.4849069118499756,2.484907,0.0,1,0.0
random,N/A,0.2,0.3,0.4,2,er,1,0.08333332,0.08333332,0.0,1,0.08333332,0.0,1,2.4849067,2.4849069118499756,2.4849067,0.0,1,0.0
random,N/A,0.2,0.3,0.5,2,er,1,0.08333332,0.08333333,7.450581e-09,1,0.08333332,0.0,1,2.4849067,2.4849066734313965,2.4849067,0.0,1,0.0
random,N/A,0.2,0.3,0.6000000000000001,2,er,2,0.08333332,0.08333332,0.0,1,0.08333332,0.0,0,2.4849067,2.4849069118499756,2.484907,0.0,1,0.0
random,N/A,0.2,0.3,0.7000000000000001,2,er,1,0.08333332,0.08333332,0.0,1,0.08333332,0.0,1,2.4849067,2.4849069118499756,2.4849067,0.0,1,0.0
random,N/A,0.2,0.3,0.8,2,er,0,0.08333332,0.08333332,0.0,1,0.08333332,0.0,0,2.4849067,2.4849069118499756,2.484907,0.0,1,0.0
random,N/A,0.2,0.3,0.9,2,er,0,0.08333332,0.08333331,7.450581e-09,1,0.08333332,0.0,0,2.4849067,2.4849071502685547,2.484907,0.0,1,0.0
random,N/A,0.2,0.3,1.0,2,er,0,0.08333332,,,1,0.08333332,0.0,0,2.4849067,,2.484907,0.0,1,
random,N/A,0.05,0.3,0.1,3,er,0,0.08333332,0.08333331,7.450581e-09,1,0.08333332,0.0,0,2.4849067,2.4849066734313965,2.484907,0.0,1,0.0
random,N/A,0.05,0.3,0.2,3,er,512,0.08333332,0.08333332,0.0,1,0.08333332,0.0,0,2.4849067,2.4849069118499756,2.4849067,0.0,1,0.0
random,N/A,0.05,0.3,0.30000000000000004,3,er,514,0.08333332,0.08333332,0.0,1,0.08333332,0.0,0,2.4849067,2.4849069118499756,2.4849067,0.0,1,0.0
random,N/A,0.05,0.3,0.4,3,er,2,0.08333332,0.08333332,0.0,1,0.08333332,0.0,0,2.4849067,2.4849069118499756,2.4849067,0.0,1,0.0
random,N/A,0.05,0.3,0.5,3,er,0,0.08333332,0.08333333,7.450581e-09,1,0.08333332,0.0,0,2.4849067,2.4849066734313965,2.484907,0.0,1,0.0
random,N/A,0.05,0.3,0.6000000000000001,3,er,1,0.08333332,0.08333332,0.0,1,0.08333332,0.0,0,2.4849067,2.4849069118499756,2.4849067,0.0,1,0.0
random,N/A,0.05,0.3,0.7000000000000001,3,er,0,0.08333332,0.08333332,0.0,1,0.08333332,0.0,0,2.4849067,2.4849069118499756,2.484907,0.0,1,0.0
random,N/A,0.05,0.3,0.8,3,er,0,0.08333332,0.08333332,0.0,1,0.08333332,0.0,0,2.4849067,2.4849069118499756,2.484907,0.0,1,0.0
random,N/A,0.05,0.3,0.9,3,er,0,0.08333332,0.08333331,7.450581e-09,1,0.08333332,0.0,0,2.4849067,2.4849071502685547,2.484907,0.0,1,0.0
random,N/A,0.05,0.3,1.0,3,er,0,0.08333332,,,1,0.08333332,0.0,0,2.4849067,,2.484907,0.0,1,
random,N/A,0.1,0.3,0.1,3,er,3,0.08333332,0.08333331,7.450581e-09,1,0.08333332,0.0,0,2.4849067,2.4849066734313965,2.484907,0.0,1,0.0
random,N/A,0.1,0.3,0.2,3,er,5,0.08333332,0.08333332,0.0,1,0.08333332,0.0,0,2.4849067,2.4849069118499756,2.484907,0.0,1,0.0
random,N/A,0.1,0.3,0.30000000000000004,3,er,512,0.08333332,0.08333332,0.0,1,0.08333332,0.0,0,2.4849067,2.4849069118499756,2.4849067,0.0,1,0.0
random,N/A,0.1,0.3,0.4,3,er,4,0.08333332,0.08333332,0.0,1,0.08333332,0.0,0,2.4849067,2.4849069118499756,2.4849067,0.0,1,0.0
random,N/A,0.1,0.3,0.5,3,er,0,0.08333332,0.08333333,7.450581e-09,1,0.08333332,0.0,0,2.4849067,2.4849066734313965,2.4849067,0.0,1,0.0
random,N/A,0.1,0.3,0.6000000000000001,3,er,2,0.08333332,0.08333332,0.0,1,0.08333332,0.0,0,2.4849067,2.4849069118499756,2.4849067,0.0,1,0.0
random,N/A,0.1,0.3,0.7000000000000001,3,er,0,0.08333332,0.08333332,0.0,1,0.08333332,0.0,0,2.4849067,2.4849069118499756,2.4849067,0.0,1,0.0
random,N/A,0.1,0.3,0.8,3,er,0,0.08333332,0.08333332,0.0,1,0.08333332,0.0,0,2.4849067,2.4849069118499756,2.4849067,0.0,1,0.0
random,N/A,0.1,0.3,0.9,3,er,0,0.08333332,0.08333331,7.450581e-09,1,0.08333332,0.0,0,2.4849067,2.4849071502685547,2.4849067,0.0,1,0.0
random,N/A,0.1,0.3,1.0,3,er,0,0.08333332,,,1,0.08333332,0.0,0,2.4849067,,2.4849067,0.0,1,
random,N/A,0.2,0.3,0.1,3,er,516,0.08333332,0.08333331,7.450581e-09,1,0.08333332,0.0,0,2.4849067,2.4849066734313965,2.4849067,0.0,1,0.0
random,N/A,0.2,0.3,0.2,3,er,1,0.08333332,0.08333332,0.0,1,0.08333332,0.0,0,2.4849067,2.4849069118499756,2.484907,0.0,1,0.0
random,N/A,0.2,0.3,0.30000000000000004,3,er,512,0.08333332,0.08333332,0.0,1,0.08333332,0.0,0,2.4849067,2.4849069118499756,2.4849067,0.0,1,0.0
random,N/A,0.2,0.3,0.4,3,er,0,0.08333332,0.08333332,0.0,1,0.08333332,0.0,0,2.4849067,2.4849069118499756,2.484907,0.0,1,0.0
random,N/A,0.2,0.3,0.5,3,er,3,0.08333332,0.08333333,7.450581e-09,1,0.08333332,0.0,0,2.4849067,2.4849066734313965,2.4849067,0.0,1,0.0
random,N/A,0.2,0.3,0.6000000000000001,3,er,1,0.08333332,0.08333332,0.0,1,0.08333332,0.0,0,2.4849067,2.4849069118499756,2.484907,0.0,1,0.0
random,N/A,0.2,0.3,0.7000000000000001,3,er,0,0.08333332,0.08333332,0.0,1,0.08333332,0.0,0,2.4849067,2.4849069118499756,2.484907,0.0,1,0.0
random,N/A,0.2,0.3,0.8,3,er,0,0.08333332,0.08333332,0.0,1,0.08333332,0.0,0,2.4849067,2.4849069118499756,2.484907,0.0,1,0.0
random,N/A,0.2,0.3,0.9,3,er,0,0.08333332,0.08333331,7.450581e-09,1,0.08333332,0.0,0,2.4849067,2.4849071502685547,2.484907,0.0,1,0.0
random,N/A,0.2,0.3,1.0,3,er,0,0.08333332,,,1,0.08333332,0.0,0,2.4849067,,2.484907,0.0,1,
random,N/A,0.05,0.3,0.1,4,er,514,0.08333332,0.08333331,7.450581e-09,1,0.08333332,0.0,0,2.4849067,2.4849066734313965,2.4849067,0.0,1,0.0
random,N/A,0.05,0.3,0.2,4,er,2,0.08333332,0.08333332,0.0,1,0.08333332,0.0,0,2.4849067,2.4849069118499756,2.4849067,0.0,1,0.0
random,N/A,0.05,0.3,0.30000000000000004,4,er,0,0.08333332,0.08333332,0.0,1,0.08333332,0.0,0,2.4849067,2.4849069118499756,2.4849067,0.0,1,0.0
random,N/A,0.05,0.3,0.4,4,er,1,0.08333332,0.08333332,0.0,1,0.08333332,0.0,0,2.4849067,2.4849069118499756,2.4849067,0.0,1,0.0
random,N/A,0.05,0.3,0.5,4,er,1,0.08333332,0.08333333,7.450581e-09,1,0.08333332,0.0,0,2.4849067,2.4849066734313965,2.4849067,0.0,1,0.0
random,N/A,0.05,0.3,0.6000000000000001,4,er,0,0.08333332,0.08333332,0.0,1,0.08333332,0.0,0,2.4849067,2.4849069118499756,2.4849067,0.0,1,0.0
random,N/A,0.05,0.3,0.7000000000000001,4,er,0,0.08333332,0.08333332,0.0,1,0.08333332,0.0,0,2.4849067,2.4849069118499756,2.4849067,0.0,1,0.0
random,N/A,0.05,0.3,0.8,4,er,0,0.08333332,0.08333332,0.0,1,0.08333332,0.0,0,2.4849067,2.4849069118499756,2.4849067,0.0,1,0.0
random,N/A,0.05,0.3,0.9,4,er,0,0.08333332,0.08333331,7.450581e-09,1,0.08333332,0.0,0,2.4849067,2.4849071502685547,2.4849067,0.0,1,0.0
random,N/A,0.05,0.3,1.0,4,er,0,0.08333332,,,1,0.08333332,0.0,0,2.4849067,,2.4849067,0.0,1,
random,N/A,0.1,0.3,0.1,4,er,11,0.08333332,0.08333331,7.450581e-09,1,0.08333332,0.0,0,2.4849067,2.4849066734313965,2.4849067,0.0,1,0.0
random,N/A,0.1,0.3,0.2,4,er,2,0.08333332,0.08333332,0.0,1,0.08333332,0.0,0,2.4849067,2.4849069118499756,2.4849067,0.0,1,0.0
random,N/A,0.1,0.3,0.30000000000000004,4,er,0,0.08333332,0.08333332,0.0,1,0.08333332,0.0,1,2.4849067,2.4849069118499756,2.4849067,0.0,1,0.0
random,N/A,0.1,0.3,0.4,4,er,1,0.08333332,0.08333332,0.0,1,0.08333332,0.0,0,2.4849067,2.4849069118499756,2.4849067,0.0,1,0.0
random,N/A,0.1,0.3,0.5,4,er,0,0.08333332,0.08333333,7.450581e-09,1,0.08333332,0.0,1,2.4849067,2.4849066734313965,2.4849067,0.0,1,0.0
random,N/A,0.1,0.3,0.6000000000000001,4,er,4,0.08333332,0.08333332,0.0,1,0.08333332,0.0,0,2.4849067,2.4849069118499756,2.4849067,0.0,1,0.0
random,N/A,0.1,0.3,0.7000000000000001,4,er,1,0.08333332,0.08333332,0.0,1,0.08333332,0.0,0,2.4849067,2.4849069118499756,2.4849067,0.0,1,0.0
random,N/A,0.1,0.3,0.8,4,er,0,0.08333332,0.08333332,0.0,1,0.08333332,0.0,1,2.4849067,2.4849069118499756,2.4849067,0.0,1,0.0
random,N/A,0.1,0.3,0.9,4,er,0,0.08333332,0.08333331,7.450581e-09,1,0.08333332,0.0,1,2.4849067,2.4849071502685547,2.4849067,0.0,1,0.0
random,N/A,0.1,0.3,1.0,4,er,0,0.08333332,,,1,0.08333332,0.0,1,2.4849067,,2.4849067,0.0,1,
random,N/A,0.2,0.3,0.1,4,er,2,0.08333332,0.08333331,7.450581e-09,1,0.08333332,0.0,0,2.4849067,2.4849066734313965,2.4849067,0.0,1,0.0
random,N/A,0.2,0.3,0.2,4,er,3,0.08333332,0.08333332,0.0,1,0.08333332,0.0,1,2.4849067,2.4849069118499756,2.484907,0.0,1,0.0
random,N/A,0.2,0.3,0.30000000000000004,4,er,1,0.08333332,0.08333332,0.0,1,0.08333332,0.0,0,2.4849067,2.4849069118499756,2.484907,0.0,1,0.0
random,N/A,0.2,0.3,0.4,4,er,1,0.08333332,0.08333332,0.0,1,0.08333332,0.0,0,2.4849067,2.4849069118499756,2.484907,0.0,1,0.0
random,N/A,0.2,0.3,0.5,4,er,0,0.08333332,0.08333333,7.450581e-09,1,0.08333332,0.0,0,2.4849067,2.4849066734313965,2.4849067,0.0,1,0.0
random,N/A,0.2,0.3,0.6000000000000001,4,er,0,0.08333332,0.08333332,0.0,1,0.08333332,0.0,0,2.4849067,2.4849069118499756,2.4849067,0.0,1,0.0
random,N/A,0.2,0.3,0.7000000000000001,4,er,1,0.08333332,0.08333332,0.0,1,0.08333332,0.0,0,2.4849067,2.4849069118499756,2.484907,0.0,1,0.0
random,N/A,0.2,0.3,0.8,4,er,0,0.08333332,0.08333332,0.0,1,0.08333332,0.0,0,2.4849067,2.4849069118499756,2.4849067,0.0,1,0.0
random,N/A,0.2,0.3,0.9,4,er,0,0.08333332,0.08333331,7.450581e-09,1,0.08333332,0.0,0,2.4849067,2.4849071502685547,2.4849067,0.0,1,0.0
random,N/A,0.2,0.3,1.0,4,er,0,0.08333332,,,1,0.08333332,0.0,0,2.4849067,,2.4849067,0.0,1,
random,N/A,0.05,0.3,0.1,5,er,513,0.08333332,0.08333331,7.450581e-09,1,0.08333332,0.0,1,2.4849067,2.4849066734313965,2.4849067,0.0,1,0.0
random,N/A,0.05,0.3,0.2,5,er,512,0.08333332,0.08333332,0.0,1,0.08333332,0.0,0,2.4849067,2.4849069118499756,2.484907,0.0,1,0.0
random,N/A,0.05,0.3,0.30000000000000004,5,er,513,0.08333332,0.08333332,0.0,1,0.08333332,0.0,1,2.4849067,2.4849069118499756,2.4849067,0.0,1,0.0
random,N/A,0.05,0.3,0.4,5,er,3,0.08333332,0.08333332,0.0,1,0.08333332,0.0,0,2.4849067,2.4849069118499756,2.4849067,0.0,1,0.0
random,N/A,0.05,0.3,0.5,5,er,5,0.08333332,0.08333333,7.450581e-09,1,0.08333332,0.0,0,2.4849067,2.4849066734313965,2.4849067,0.0,1,0.0
random,N/A,0.05,0.3,0.6000000000000001,5,er,1,0.08333332,0.08333332,0.0,1,0.08333332,0.0,0,2.4849067,2.4849069118499756,2.4849067,0.0,1,0.0
random,N/A,0.05,0.3,0.7000000000000001,5,er,0,0.08333332,0.08333332,0.0,1,0.08333332,0.0,0,2.4849067,2.4849069118499756,2.484907,0.0,1,0.0
random,N/A,0.05,0.3,0.8,5,er,1,0.08333332,0.08333332,0.0,1,0.08333332,0.0,0,2.4849067,2.4849069118499756,2.4849067,0.0,1,0.0
random,N/A,0.05,0.3,0.9,5,er,0,0.08333332,0.08333331,7.450581e-09,1,0.08333332,0.0,0,2.4849067,2.4849071502685547,2.484907,0.0,1,0.0
random,N/A,0.05,0.3,1.0,5,er,0,0.08333332,,,1,0.08333332,0.0,0,2.4849067,,2.484907,0.0,1,
random,N/A,0.1,0.3,0.1,5,er,2,0.08333332,0.08333331,7.450581e-09,1,0.08333332,0.0,0,2.4849067,2.4849066734313965,2.4849067,0.0,1,0.0
random,N/A,0.1,0.3,0.2,5,er,0,0.08333332,0.08333332,0.0,1,0.08333332,0.0,0,2.4849067,2.4849069118499756,2.4849067,0.0,1,0.0
random,N/A,0.1,0.3,0.30000000000000004,5,er,512,0.08333332,0.08333332,0.0,1,0.08333332,0.0,0,2.4849067,2.4849069118499756,2.484907,0.0,1,0.0
random,N/A,0.1,0.3,0.4,5,er,0,0.08333332,0.08333332,0.0,1,0.08333332,0.0,0,2.4849067,2.4849069118499756,2.4849067,0.0,1,0.0
random,N/A,0.1,0.3,0.5,5,er,3,0.08333332,0.08333333,7.450581e-09,1,0.08333332,0.0,0,2.4849067,2.4849066734313965,2.4849067,0.0,1,0.0
random,N/A,0.1,0.3,0.6000000000000001,5,er,0,0.08333332,0.08333332,0.0,1,0.08333332,0.0,0,2.4849067,2.4849069118499756,2.4849067,0.0,1,0.0
random,N/A,0.1,0.3,0.7000000000000001,5,er,1,0.08333332,0.08333332,0.0,1,0.08333332,0.0,0,2.4849067,2.4849069118499756,2.4849067,0.0,1,0.0
random,N/A,0.1,0.3,0.8,5,er,0,0.08333332,0.08333332,0.0,1,0.08333332,0.0,0,2.4849067,2.4849069118499756,2.4849067,0.0,1,0.0
random,N/A,0.1,0.3,0.9,5,er,0,0.08333332,0.08333331,7.450581e-09,1,0.08333332,0.0,0,2.4849067,2.4849071502685547,2.4849067,0.0,1,0.0
random,N/A,0.1,0.3,1.0,5,er,0,0.08333332,,,1,0.08333332,0.0,0,2.4849067,,2.4849067,0.0,1,
random,N/A,0.2,0.3,0.1,5,er,523,0.08333332,0.08333331,7.450581e-09,1,0.08333332,0.0,1,2.4849067,2.4849066734313965,2.4849067,0.0,1,0.0
random,N/A,0.2,0.3,0.2,5,er,512,0.08333332,0.08333332,0.0,1,0.08333332,0.0,0,2.4849067,2.4849069118499756,2.4849067,0.0,1,0.0
random,N/A,0.2,0.3,0.30000000000000004,5,er,512,0.08333332,0.08333332,0.0,1,0.08333332,0.0,0,2.4849067,2.4849069118499756,2.4849067,0.0,1,0.0
random,N/A,0.2,0.3,0.4,5,er,0,0.08333332,0.08333332,0.0,1,0.08333332,0.0,0,2.4849067,2.4849069118499756,2.484907,0.0,1,0.0
random,N/A,0.2,0.3,0.5,5,er,0,0.08333332,0.08333333,7.450581e-09,1,0.08333332,0.0,0,2.4849067,2.4849066734313965,2.484907,0.0,1,0.0
random,N/A,0.2,0.3,0.6000000000000001,5,er,3,0.08333332,0.08333332,0.0,1,0.08333332,0.0,1,2.4849067,2.4849069118499756,2.484907,0.0,1,0.0
random,N/A,0.2,0.3,0.7000000000000001,5,er,0,0.08333332,0.08333332,0.0,1,0.08333332,0.0,0,2.4849067,2.4849069118499756,2.484907,0.0,1,0.0
random,N/A,0.2,0.3,0.8,5,er,1,0.08333332,0.08333332,0.0,1,0.08333332,0.0,1,2.4849067,2.4849069118499756,2.4849067,0.0,1,0.0
random,N/A,0.2,0.3,0.9,5,er,0,0.08333332,0.08333331,7.450581e-09,1,0.08333332,0.0,0,2.4849067,2.4849071502685547,2.484907,0.0,1,0.0
random,N/A,0.2,0.3,1.0,5,er,0,0.08333332,,,1,0.08333332,0.0,0,2.4849067,,2.484907,0.0,1,
random,N/A,0.05,0.3,0.1,6,er,1,0.08333332,0.08333331,7.450581e-09,1,0.08333332,0.0,0,2.4849067,2.4849066734313965,2.484907,0.0,1,0.0
random,N/A,0.05,0.3,0.2,6,er,513,0.08333332,0.08333332,0.0,1,0.08333332,0.0,0,2.4849067,2.4849069118499756,2.4849067,0.0,1,0.0
random,N/A,0.05,0.3,0.30000000000000004,6,er,1,0.08333332,0.08333332,0.0,1,0.08333332,0.0,0,2.4849067,2.4849069118499756,2.484907,0.0,1,0.0
random,N/A,0.05,0.3,0.4,6,er,0,0.08333332,0.08333332,0.0,1,0.08333332,0.0,0,2.4849067,2.4849069118499756,2.4849067,0.0,1,0.0
random,N/A,0.05,0.3,0.5,6,er,2,0.08333332,0.08333333,7.450581e-09,1,0.08333332,0.0,0,2.4849067,2.4849066734313965,2.484907,0.0,1,0.0
random,N/A,0.05,0.3,0.6000000000000001,6,er,2,0.08333332,0.08333332,0.0,1,0.08333332,0.0,0,2.4849067,2.4849069118499756,2.484907,0.0,1,0.0
random,N/A,0.05,0.3,0.7000000000000001,6,er,0,0.08333332,0.08333332,0.0,1,0.08333332,0.0,0,2.4849067,2.4849069118499756,2.4849067,0.0,1,0.0
random,N/A,0.05,0.3,0.8,6,er,0,0.08333332,0.08333332,0.0,1,0.08333332,0.0,0,2.4849067,2.4849069118499756,2.4849067,0.0,1,0.0
random,N/A,0.05,0.3,0.9,6,er,0,0.08333332,0.08333331,7.450581e-09,1,0.08333332,0.0,0,2.4849067,2.4849071502685547,2.4849067,0.0,1,0.0
random,N/A,0.05,0.3,1.0,6,er,0,0.08333332,,,1,0.08333332,0.0,0,2.4849067,,2.4849067,0.0,1,
random,N/A,0.1,0.3,0.1,6,er,514,0.08333332,0.08333331,7.450581e-09,1,0.08333332,0.0,0,2.4849067,2.4849066734313965,2.484907,0.0,1,0.0
random,N/A,0.1,0.3,0.2,6,er,5,0.08333332,0.08333332,0.0,1,0.08333332,0.0,0,2.4849067,2.4849069118499756,2.484907,0.0,1,0.0
random,N/A,0.1,0.3,0.30000000000000004,6,er,1,0.08333332,0.08333332,0.0,1,0.08333332,0.0,0,2.4849067,2.4849069118499756,2.484907,0.0,1,0.0
random,N/A,0.1,0.3,0.4,6,er,1,0.08333332,0.08333332,0.0,1,0.08333332,0.0,0,2.4849067,2.4849069118499756,2.484907,0.0,1,0.0
random,N/A,0.1,0.3,0.5,6,er,11,0.08333332,0.08333333,7.450581e-09,1,0.08333332,0.0,0,2.4849067,2.4849066734313965,2.484907,0.0,1,0.0
random,N/A,0.1,0.3,0.6000000000000001,6,er,0,0.08333332,0.08333332,0.0,1,0.08333332,0.0,1,2.4849067,2.4849069118499756,2.4849067,0.0,1,0.0
random,N/A,0.1,0.3,0.7000000000000001,6,er,3,0.08333332,0.08333332,0.0,1,0.08333332,0.0,0,2.4849067,2.4849069118499756,2.4849067,0.0,1,0.0
random,N/A,0.1,0.3,0.8,6,er,0,0.08333332,0.08333332,0.0,1,0.08333332,0.0,1,2.4849067,2.4849069118499756,2.4849067,0.0,1,0.0
random,N/A,0.1,0.3,0.9,6,er,0,0.08333332,0.08333331,7.450581e-09,1,0.08333332,0.0,1,2.4849067,2.4849071502685547,2.4849067,0.0,1,0.0
random,N/A,0.1,0.3,1.0,6,er,0,0.08333332,,,1,0.08333332,0.0,1,2.4849067,,2.4849067,0.0,1,
random,N/A,0.2,0.3,0.1,6,er,32,0.08333332,0.08333331,7.450581e-09,1,0.08333332,0.0,0,2.4849067,2.4849066734313965,2.4849067,0.0,1,0.0
random,N/A,0.2,0.3,0.2,6,er,2,0.08333332,0.08333332,0.0,1,0.08333332,0.0,0,2.4849067,2.4849069118499756,2.4849067,0.0,1,0.0
random,N/A,0.2,0.3,0.30000000000000004,6,er,512,0.08333332,0.08333332,0.0,1,0.08333332,0.0,0,2.4849067,2.4849069118499756,2.4849067,0.0,1,0.0
random,N/A,0.2,0.3,0.4,6,er,0,0.08333332,0.08333332,0.0,1,0.08333332,0.0,1,2.4849067,2.4849069118499756,2.4849067,0.0,1,0.0
random,N/A,0.2,0.3,0.5,6,er,0,0.08333332,0.08333333,7.450581e-09,1,0.08333332,0.0,1,2.4849067,2.4849066734313965,2.4849067,0.0,1,0.0
random,N/A,0.2,0.3,0.6000000000000001,6,er,0,0.08333332,0.08333332,0.0,1,0.08333332,0.0,1,2.4849067,2.4849069118499756,2.4849067,0.0,1,0.0
random,N/A,0.2,0.3,0.7000000000000001,6,er,1,0.08333332,0.08333332,0.0,1,0.08333332,0.0,0,2.4849067,2.4849069118499756,2.4849067,0.0,1,0.0
random,N/A,0.2,0.3,0.8,6,er,0,0.08333332,0.08333332,0.0,1,0.08333332,0.0,1,2.4849067,2.4849069118499756,2.4849067,0.0,1,0.0
random,N/A,0.2,0.3,0.9,6,er,0,0.08333332,0.08333331,7.450581e-09,1,0.08333332,0.0,1,2.4849067,2.4849071502685547,2.4849067,0.0,1,0.0
random,N/A,0.2,0.3,1.0,6,er,0,0.08333332,,,1,0.08333332,0.0,1,2.4849067,,2.4849067,0.0,1,
random,N/A,0.05,0.3,0.1,7,er,2,0.08333332,0.08333331,7.450581e-09,1,0.08333332,0.0,0,2.4849067,2.4849066734313965,2.484907,0.0,1,0.0
random,N/A,0.05,0.3,0.2,7,er,516,0.08333332,0.08333332,0.0,1,0.08333332,0.0,0,2.4849067,2.4849069118499756,2.4849067,0.0,1,0.0
random,N/A,0.05,0.3,0.30000000000000004,7,er,512,0.08333332,0.08333332,0.0,1,0.08333332,0.0,0,2.4849067,2.4849069118499756,2.484907,0.0,1,0.0
random,N/A,0.05,0.3,0.4,7,er,0,0.08333332,0.08333332,0.0,1,0.08333332,0.0,0,2.4849067,2.4849069118499756,2.484907,0.0,1,0.0
random,N/A,0.05,0.3,0.5,7,er,0,0.08333332,0.08333333,7.450581e-09,1,0.08333332,0.0,0,2.4849067,2.4849066734313965,2.484907,0.0,1,0.0
random,N/A,0.05,0.3,0.6000000000000001,7,er,0,0.08333332,0.08333332,0.0,1,0.08333332,0.0,0,2.4849067,2.4849069118499756,2.484907,0.0,1,0.0
random,N/A,0.05,0.3,0.7000000000000001,7,er,1,0.08333332,0.08333332,0.0,1,0.08333332,0.0,0,2.4849067,2.4849069118499756,2.4849067,0.0,1,0.0
random,N/A,0.05,0.3,0.8,7,er,0,0.08333332,0.08333332,0.0,1,0.08333332,0.0,0,2.4849067,2.4849069118499756,2.484907,0.0,1,0.0
random,N/A,0.05,0.3,0.9,7,er,0,0.08333332,0.08333331,7.450581e-09,1,0.08333332,0.0,0,2.4849067,2.4849071502685547,2.484907,0.0,1,0.0
random,N/A,0.05,0.3,1.0,7,er,0,0.08333332,,,1,0.08333332,0.0,0,2.4849067,,2.484907,0.0,1,
random,N/A,0.1,0.3,0.1,7,er,1,0.08333332,0.08333331,7.450581e-09,1,0.08333332,0.0,0,2.4849067,2.4849066734313965,2.4849067,0.0,1,0.0
random,N/A,0.1,0.3,0.2,7,er,6,0.08333332,0.08333332,0.0,1,0.08333332,0.0,0,2.4849067,2.4849069118499756,2.484907,0.0,1,0.0
random,N/A,0.1,0.3,0.30000000000000004,7,er,512,0.08333332,0.08333332,0.0,1,0.08333332,0.0,0,2.4849067,2.4849069118499756,2.4849067,0.0,1,0.0
random,N/A,0.1,0.3,0.4,7,er,5,0.08333332,0.08333332,0.0,1,0.08333332,0.0,0,2.4849067,2.4849069118499756,2.484907,0.0,1,0.0
random,N/A,0.1,0.3,0.5,7,er,1,0.08333332,0.08333333,7.450581e-09,1,0.08333332,0.0,0,2.4849067,2.4849066734313965,2.4849067,0.0,1,0.0
random,N/A,0.1,0.3,0.6000000000000001,7,er,1,0.08333332,0.08333332,0.0,1,0.08333332,0.0,0,2.4849067,2.4849069118499756,2.4849067,0.0,1,0.0
random,N/A,0.1,0.3,0.7000000000000001,7,er,2,0.08333332,0.08333332,0.0,1,0.08333332,0.0,0,2.4849067,2.4849069118499756,2.4849067,0.0,1,0.0
random,N/A,0.1,0.3,0.8,7,er,0,0.08333332,0.08333332,0.0,1,0.08333332,0.0,0,2.4849067,2.4849069118499756,2.484907,0.0,1,0.0
random,N/A,0.1,0.3,0.9,7,er,0,0.08333332,0.08333331,7.450581e-09,1,0.08333332,0.0,0,2.4849067,2.4849071502685547,2.484907,0.0,1,0.0
random,N/A,0.1,0.3,1.0,7,er,0,0.08333332,,,1,0.08333332,0.0,0,2.4849067,,2.484907,0.0,1,
random,N/A,0.2,0.3,0.1,7,er,3,0.08333332,0.08333331,7.450581e-09,1,0.08333332,0.0,0,2.4849067,2.4849066734313965,2.484907,0.0,1,0.0
random,N/A,0.2,0.3,0.2,7,er,4,0.08333332,0.08333332,0.0,1,0.08333332,0.0,0,2.4849067,2.4849069118499756,2.4849067,0.0,1,0.0
random,N/A,0.2,0.3,0.30000000000000004,7,er,4,0.08333332,0.08333332,0.0,1,0.08333332,0.0,0,2.4849067,2.4849069118499756,2.4849067,0.0,1,0.0
random,N/A,0.2,0.3,0.4,7,er,2,0.08333332,0.08333332,0.0,1,0.08333332,0.0,0,2.4849067,2.4849069118499756,2.4849067,0.0,1,0.0
random,N/A,0.2,0.3,0.5,7,er,0,0.08333332,0.08333333,7.450581e-09,1,0.08333332,0.0,0,2.4849067,2.4849066734313965,2.4849067,0.0,1,0.0
random,N/A,0.2,0.3,0.6000000000000001,7,er,3,0.08333332,0.08333332,0.0,1,0.08333332,0.0,0,2.4849067,2.4849069118499756,2.484907,0.0,1,0.0
random,N/A,0.2,0.3,0.7000000000000001,7,er,0,0.08333332,0.08333332,0.0,1,0.08333332,0.0,0,2.4849067,2.4849069118499756,2.4849067,0.0,1,0.0
random,N/A,0.2,0.3,0.8,7,er,0,0.08333332,0.08333332,0.0,1,0.08333332,0.0,0,2.4849067,2.4849069118499756,2.4849067,0.0,1,0.0
random,N/A,0.2,0.3,0.9,7,er,0,0.08333332,0.08333331,7.450581e-09,1,0.08333332,0.0,0,2.4849067,2.4849071502685547,2.4849067,0.0,1,0.0
random,N/A,0.2,0.3,1.0,7,er,0,0.08333332,,,1,0.08333332,0.0,0,2.4849067,,2.4849067,0.0,1,
random,N/A,0.05,0.3,0.1,8,er,15,0.08333332,0.08333331,7.450581e-09,1,0.08333332,0.0,0,2.4849067,2.4849066734313965,2.484907,0.0,1,0.0
random,N/A,0.05,0.3,0.2,8,er,5,0.08333332,0.08333332,0.0,1,0.08333332,0.0,0,2.4849067,2.4849069118499756,2.4849067,0.0,1,0.0
random,N/A,0.05,0.3,0.30000000000000004,8,er,0,0.08333332,0.08333332,0.0,1,0.08333332,0.0,0,2.4849067,2.4849069118499756,2.4849067,0.0,1,0.0
random,N/A,0.05,0.3,0.4,8,er,5,0.08333332,0.08333332,0.0,1,0.08333332,0.0,0,2.4849067,2.4849069118499756,2.4849067,0.0,1,0.0
random,N/A,0.05,0.3,0.5,8,er,2,0.08333332,0.08333333,7.450581e-09,1,0.08333332,0.0,0,2.4849067,2.4849066734313965,2.4849067,0.0,1,0.0
random,N/A,0.05,0.3,0.6000000000000001,8,er,0,0.08333332,0.08333332,0.0,1,0.08333332,0.0,0,2.4849067,2.4849069118499756,2.4849067,0.0,1,0.0
random,N/A,0.05,0.3,0.7000000000000001,8,er,1,0.08333332,0.08333332,0.0,1,0.08333332,0.0,0,2.4849067,2.4849069118499756,2.484907,0.0,1,0.0
random,N/A,0.05,0.3,0.8,8,er,0,0.08333332,0.08333332,0.0,1,0.08333332,0.0,0,2.4849067,2.4849069118499756,2.4849067,0.0,1,0.0
random,N/A,0.05,0.3,0.9,8,er,0,0.08333332,0.08333331,7.450581e-09,1,0.08333332,0.0,0,2.4849067,2.4849071502685547,2.4849067,0.0,1,0.0
random,N/A,0.05,0.3,1.0,8,er,0,0.08333332,,,1,0.08333332,0.0,0,2.4849067,,2.4849067,0.0,1,
random,N/A,0.1,0.3,0.1,8,er,5,0.08333332,0.08333331,7.450581e-09,1,0.08333332,0.0,0,2.4849067,2.4849066734313965,2.4849067,0.0,1,0.0
random,N/A,0.1,0.3,0.2,8,er,517,0.08333332,0.08333332,0.0,1,0.08333332,0.0,0,2.4849067,2.4849069118499756,2.4849067,0.0,1,0.0
random,N/A,0.1,0.3,0.30000000000000004,8,er,0,0.08333332,0.08333332,0.0,1,0.08333332,0.0,0,2.4849067,2.4849069118499756,2.4849067,0.0,1,0.0
random,N/A,0.1,0.3,0.4,8,er,3,0.08333332,0.08333332,0.0,1,0.08333332,0.0,0,2.4849067,2.4849069118499756,2.4849067,0.0,1,0.0
random,N/A,0.1,0.3,0.5,8,er,1,0.08333332,0.08333333,7.450581e-09,1,0.08333332,0.0,0,2.4849067,2.4849066734313965,2.4849067,0.0,1,0.0
random,N/A,0.1,0.3,0.6000000000000001,8,er,0,0.08333332,0.08333332,0.0,1,0.08333332,0.0,0,2.4849067,2.4849069118499756,2.4849067,0.0,1,0.0
random,N/A,0.1,0.3,0.7000000000000001,8,er,1,0.08333332,0.08333332,0.0,1,0.08333332,0.0,0,2.4849067,2.4849069118499756,2.4849067,0.0,1,0.0
random,N/A,0.1,0.3,0.8,8,er,0,0.08333332,0.08333332,0.0,1,0.08333332,0.0,0,2.4849067,2.4849069118499756,2.4849067,0.0,1,0.0
random,N/A,0.1,0.3,0.9,8,er,1,0.08333332,0.08333331,7.450581e-09,1,0.08333332,0.0,0,2.4849067,2.4849071502685547,2.4849067,0.0,1,0.0
random,N/A,0.1,0.3,1.0,8,er,0,0.08333332,,,1,0.08333332,0.0,0,2.4849067,,2.4849067,0.0,1,
random,N/A,0.2,0.3,0.1,8,er,514,0.08333332,0.08333331,7.450581e-09,1,0.08333332,0.0,0,2.4849067,2.4849066734313965,2.484907,0.0,1,0.0
random,N/A,0.2,0.3,0.2,8,er,3,0.08333332,0.08333332,0.0,1,0.08333332,0.0,0,2.4849067,2.4849069118499756,2.4849067,0.0,1,0.0
random,N/A,0.2,0.3,0.30000000000000004,8,er,3,0.08333332,0.08333332,0.0,1,0.08333332,0.0,0,2.4849067,2.4849069118499756,2.4849067,0.0,1,0.0
random,N/A,0.2,0.3,0.4,8,er,0,0.08333332,0.08333332,0.0,1,0.08333332,0.0,1,2.4849067,2.4849069118499756,2.4849067,0.0,1,0.0
random,N/A,0.2,0.3,0.5,8,er,0,0.08333332,0.08333333,7.450581e-09,1,0.08333332,0.0,1,2.4849067,2.4849066734313965,2.4849067,0.0,1,0.0
random,N/A,0.2,0.3,0.6000000000000001,8,er,1,0.08333332,0.08333332,0.0,1,0.08333332,0.0,1,2.4849067,2.4849069118499756,2.4849067,0.0,1,0.0
random,N/A,0.2,0.3,0.7000000000000001,8,er,2,0.08333332,0.08333332,0.0,1,0.08333332,0.0,1,2.4849067,2.4849069118499756,2.4849067,0.0,1,0.0
random,N/A,0.2,0.3,0.8,8,er,0,0.08333332,0.08333332,0.0,1,0.08333332,0.0,1,2.4849067,2.4849069118499756,2.4849067,0.0,1,0.0
random,N/A,0.2,0.3,0.9,8,er,0,0.08333332,0.08333331,7.450581e-09,1,0.08333332,0.0,1,2.4849067,2.4849071502685547,2.4849067,0.0,1,0.0
random,N/A,0.2,0.3,1.0,8,er,0,0.08333332,,,1,0.08333332,0.0,1,2.4849067,,2.4849067,0.0,1,
random,N/A,0.05,0.3,0.1,9,er,2,0.08333332,0.08333331,7.450581e-09,1,0.08333332,0.0,0,2.4849067,2.4849066734313965,2.4849067,0.0,1,0.0
random,N/A,0.05,0.3,0.2,9,er,518,0.08333332,0.08333332,0.0,1,0.08333332,0.0,0,2.4849067,2.4849069118499756,2.484907,0.0,1,0.0
random,N/A,0.05,0.3,0.30000000000000004,9,er,512,0.08333332,0.08333332,0.0,1,0.08333332,0.0,0,2.4849067,2.4849069118499756,2.4849067,0.0,1,0.0
random,N/A,0.05,0.3,0.4,9,er,2,0.08333332,0.08333332,0.0,1,0.08333332,0.0,0,2.4849067,2.4849069118499756,2.4849067,0.0,1,0.0
random,N/A,0.05,0.3,0.5,9,er,3,0.08333332,0.08333333,7.450581e-09,1,0.08333332,0.0,0,2.4849067,2.4849066734313965,2.4849067,0.0,1,0.0
random,N/A,0.05,0.3,0.6000000000000001,9,er,0,0.08333332,0.08333332,0.0,1,0.08333332,0.0,0,2.4849067,2.4849069118499756,2.484907,0.0,1,0.0
random,N/A,0.05,0.3,0.7000000000000001,9,er,0,0.08333332,0.08333332,0.0,1,0.08333332,0.0,0,2.4849067,2.4849069118499756,2.484907,0.0,1,0.0
random,N/A,0.05,0.3,0.8,9,er,0,0.08333332,0.08333332,0.0,1,0.08333332,0.0,0,2.4849067,2.4849069118499756,2.484907,0.0,1,0.0
random,N/A,0.05,0.3,0.9,9,er,0,0.08333332,0.08333331,7.450581e-09,1,0.08333332,0.0,0,2.4849067,2.4849071502685547,2.484907,0.0,1,0.0
random,N/A,0.05,0.3,1.0,9,er,0,0.08333332,,,1,0.08333332,0.0,0,2.4849067,,2.484907,0.0,1,
random,N/A,0.1,0.3,0.1,9,er,515,0.08333332,0.08333331,7.450581e-09,1,0.08333332,0.0,0,2.4849067,2.4849066734313965,2.4849067,0.0,1,0.0
random,N/A,0.1,0.3,0.2,9,er,1,0.08333332,0.08333332,0.0,1,0.08333332,0.0,0,2.4849067,2.4849069118499756,2.4849067,0.0,1,0.0
random,N/A,0.1,0.3,0.30000000000000004,9,er,512,0.08333332,0.08333332,0.0,1,0.08333332,0.0,0,2.4849067,2.4849069118499756,2.4849067,0.0,1,0.0
random,N/A,0.1,0.3,0.4,9,er,0,0.08333332,0.08333332,0.0,1,0.08333332,0.0,0,2.4849067,2.4849069118499756,2.4849067,0.0,1,0.0
random,N/A,0.1,0.3,0.5,9,er,0,0.08333332,0.08333333,7.450581e-09,1,0.08333332,0.0,0,2.4849067,2.4849066734313965,2.4849067,0.0,1,0.0
random,N/A,0.1,0.3,0.6000000000000001,9,er,0,0.08333332,0.08333332,0.0,1,0.08333332,0.0,0,2.4849067,2.4849069118499756,2.4849067,0.0,1,0.0
random,N/A,0.1,0.3,0.7000000000000001,9,er,0,0.08333332,0.08333332,0.0,1,0.08333332,0.0,0,2.4849067,2.4849069118499756,2.4849067,0.0,1,0.0
random,N/A,0.1,0.3,0.8,9,er,1,0.08333332,0.08333332,0.0,1,0.08333332,0.0,0,2.4849067,2.4849069118499756,2.4849067,0.0,1,0.0
random,N/A,0.1,0.3,0.9,9,er,0,0.08333332,0.08333331,7.450581e-09,1,0.08333332,0.0,0,2.4849067,2.4849071502685547,2.4849067,0.0,1,0.0
random,N/A,0.1,0.3,1.0,9,er,0,0.08333332,,,1,0.08333332,0.0,0,2.4849067,,2.4849067,0.0,1,
random,N/A,0.2,0.3,0.1,9,er,513,0.08333332,0.08333331,7.450581e-09,1,0.08333332,0.0,1,2.4849067,2.4849066734313965,2.4849067,0.0,1,0.0
random,N/A,0.2,0.3,0.2,9,er,3,0.08333332,0.08333332,0.0,1,0.08333332,0.0,0,2.4849067,2.4849069118499756,2.4849067,0.0,1,0.0
random,N/A,0.2,0.3,0.30000000000000004,9,er,0,0.08333332,0.08333332,0.0,1,0.08333332,0.0,0,2.4849067,2.4849069118499756,2.4849067,0.0,1,0.0
random,N/A,0.2,0.3,0.4,9,er,1,0.08333332,0.08333332,0.0,1,0.08333332,0.0,0,2.4849067,2.4849069118499756,2.4849067,0.0,1,0.0
random,N/A,0.2,0.3,0.5,9,er,0,0.08333332,0.08333333,7.450581e-09,1,0.08333332,0.0,0,2.4849067,2.4849066734313965,2.4849067,0.0,1,0.0
random,N/A,0.2,0.3,0.6000000000000001,9,er,0,0.08333332,0.08333332,0.0,1,0.08333332,0.0,0,2.4849067,2.4849069118499756,2.4849067,0.0,1,0.0
random,N/A,0.2,0.3,0.7000000000000001,9,er,0,0.08333332,0.08333332,0.0,1,0.08333332,0.0,0,2.4849067,2.4849069118499756,2.4849067,0.0,1,0.0
random,N/A,0.2,0.3,0.8,9,er,0,0.08333332,0.08333332,0.0,1,0.08333332,0.0,0,2.4849067,2.4849069118499756,2.4849067,0.0,1,0.0
random,N/A,0.2,0.3,0.9,9,er,0,0.08333332,0.08333331,7.450581e-09,1,0.08333332,0.0,0,2.4849067,2.4849071502685547,2.4849067,0.0,1,0.0
random,N/A,0.2,0.3,1.0,9,er,0,0.08333332,,,1,0.08333332,0.0,0,2.4849067,,2.4849067,0.0,1,
deg_centrality,N/A,0.05,0.3,0.1,0,er,5,0.08333332,0.08333331,7.450581e-09,1,0.08333332,0.0,0,2.4849067,2.4849066734313965,2.4849067,0.0,1,0.0
deg_centrality,N/A,0.05,0.3,0.2,0,er,5,0.08333332,0.08333332,0.0,1,0.08333332,0.0,0,2.4849067,2.4849069118499756,2.4849067,0.0,1,0.0
deg_centrality,N/A,0.05,0.3,0.30000000000000004,0,er,1,0.08333332,0.08333332,0.0,1,0.08333332,0.0,0,2.4849067,2.4849069118499756,2.484907,0.0,1,0.0
deg_centrality,N/A,0.05,0.3,0.4,0,er,0,0.08333332,0.08333332,0.0,1,0.08333332,0.0,1,2.4849067,2.4849069118499756,2.484907,0.0,1,0.0
deg_centrality,N/A,0.05,0.3,0.5,0,er,0,0.08333332,0.08333333,7.450581e-09,1,0.08333332,0.0,1,2.4849067,2.4849066734313965,2.484907,0.0,1,0.0
deg_centrality,N/A,0.05,0.3,0.6000000000000001,0,er,0,0.08333332,0.08333332,0.0,1,0.08333332,0.0,1,2.4849067,2.4849069118499756,2.484907,0.0,1,0.0
deg_centrality,N/A,0.05,0.3,0.7000000000000001,0,er,0,0.08333332,0.08333332,0.0,1,0.08333332,0.0,1,2.4849067,2.4849069118499756,2.484907,0.0,1,0.0
deg_centrality,N/A,0.05,0.3,0.8,0,er,0,0.08333332,0.08333332,0.0,1,0.08333332,0.0,1,2.4849067,2.4849069118499756,2.484907,0.0,1,0.0
deg_centrality,N/A,0.05,0.3,0.9,0,er,0,0.08333332,0.08333331,7.450581e-09,1,0.08333332,0.0,1,2.4849067,2.4849071502685547,2.484907,0.0,1,0.0
deg_centrality,N/A,0.05,0.3,1.0,0,er,0,0.08333332,,,1,0.08333332,0.0,1,2.4849067,,2.484907,0.0,1,
deg_centrality,N/A,0.1,0.3,0.1,0,er,8,0.08333332,0.08333331,7.450581e-09,1,0.08333332,0.0,0,2.4849067,2.4849066734313965,2.4849067,0.0,1,0.0
deg_centrality,N/A,0.1,0.3,0.2,0,er,513,0.08333332,0.08333332,0.0,1,0.08333332,0.0,0,2.4849067,2.4849069118499756,2.4849067,0.0,1,0.0
deg_centrality,N/A,0.1,0.3,0.30000000000000004,0,er,513,0.08333332,0.08333332,0.0,1,0.08333332,0.0,0,2.4849067,2.4849069118499756,2.4849067,0.0,1,0.0
deg_centrality,N/A,0.1,0.3,0.4,0,er,0,0.08333332,0.08333332,0.0,1,0.08333332,0.0,0,2.4849067,2.4849069118499756,2.484907,0.0,1,0.0
deg_centrality,N/A,0.1,0.3,0.5,0,er,0,0.08333332,0.08333333,7.450581e-09,1,0.08333332,0.0,0,2.4849067,2.4849066734313965,2.484907,0.0,1,0.0
deg_centrality,N/A,0.1,0.3,0.6000000000000001,0,er,0,0.08333332,0.08333332,0.0,1,0.08333332,0.0,0,2.4849067,2.4849069118499756,2.484907,0.0,1,0.0
deg_centrality,N/A,0.1,0.3,0.7000000000000001,0,er,0,0.08333332,0.08333332,0.0,1,0.08333332,0.0,0,2.4849067,2.4849069118499756,2.484907,0.0,1,0.0
deg_centrality,N/A,0.1,0.3,0.8,0,er,0,0.08333332,0.08333332,0.0,1,0.08333332,0.0,0,2.4849067,2.4849069118499756,2.484907,0.0,1,0.0
deg_centrality,N/A,0.1,0.3,0.9,0,er,0,0.08333332,0.08333331,7.450581e-09,1,0.08333332,0.0,0,2.4849067,2.4849071502685547,2.484907,0.0,1,0.0
deg_centrality,N/A,0.1,0.3,1.0,0,er,0,0.08333332,,,1,0.08333332,0.0,0,2.4849067,,2.484907,0.0,1,
deg_centrality,N/A,0.2,0.3,0.1,0,er,4,0.08333332,0.08333331,7.450581e-09,1,0.08333332,0.0,0,2.4849067,2.4849066734313965,2.4849067,0.0,1,0.0
deg_centrality,N/A,0.2,0.3,0.2,0,er,513,0.08333332,0.08333332,0.0,1,0.08333332,0.0,1,2.4849067,2.4849069118499756,2.484907,0.0,1,0.0
deg_centrality,N/A,0.2,0.3,0.30000000000000004,0,er,513,0.08333332,0.08333332,0.0,1,0.08333332,0.0,1,2.4849067,2.4849069118499756,2.484907,0.0,1,0.0
deg_centrality,N/A,0.2,0.3,0.4,0,er,3,0.08333332,0.08333332,0.0,1,0.08333332,0.0,1,2.4849067,2.4849069118499756,2.484907,0.0,1,0.0
deg_centrality,N/A,0.2,0.3,0.5,0,er,3,0.08333332,0.08333333,7.450581e-09,1,0.08333332,0.0,1,2.4849067,2.4849066734313965,2.484907,0.0,1,0.0
deg_centrality,N/A,0.2,0.3,0.6000000000000001,0,er,2,0.08333332,0.08333332,0.0,1,0.08333332,0.0,0,2.4849067,2.4849069118499756,2.4849067,0.0,1,0.0
deg_centrality,N/A,0.2,0.3,0.7000000000000001,0,er,2,0.08333332,0.08333332,0.0,1,0.08333332,0.0,0,2.4849067,2.4849069118499756,2.4849067,0.0,1,0.0
deg_centrality,N/A,0.2,0.3,0.8,0,er,1,0.08333332,0.08333332,0.0,1,0.08333332,0.0,0,2.4849067,2.4849069118499756,2.4849067,0.0,1,0.0
deg_centrality,N/A,0.2,0.3,0.9,0,er,1,0.08333332,0.08333331,7.450581e-09,1,0.08333332,0.0,0,2.4849067,2.4849071502685547,2.4849067,0.0,1,0.0
deg_centrality,N/A,0.2,0.3,1.0,0,er,0,0.08333332,,,1,0.08333332,0.0,0,2.4849067,,2.4849067,0.0,1,
deg_centrality,N/A,0.05,0.3,0.1,1,er,529,0.08333332,0.08333331,7.450581e-09,1,0.08333332,0.0,0,2.4849067,2.4849066734313965,2.4849067,0.0,1,0.0
deg_centrality,N/A,0.05,0.3,0.2,1,er,0,0.08333332,0.08333332,0.0,1,0.08333332,0.0,0,2.4849067,2.4849069118499756,2.4849067,0.0,1,0.0
deg_centrality,N/A,0.05,0.3,0.30000000000000004,1,er,0,0.08333332,0.08333332,0.0,1,0.08333332,0.0,0,2.4849067,2.4849069118499756,2.4849067,0.0,1,0.0
deg_centrality,N/A,0.05,0.3,0.4,1,er,0,0.08333332,0.08333332,0.0,1,0.08333332,0.0,0,2.4849067,2.4849069118499756,2.4849067,0.0,1,0.0
deg_centrality,N/A,0.05,0.3,0.5,1,er,0,0.08333332,0.08333333,7.450581e-09,1,0.08333332,0.0,0,2.4849067,2.4849066734313965,2.4849067,0.0,1,0.0
deg_centrality,N/A,0.05,0.3,0.6000000000000001,1,er,0,0.08333332,0.08333332,0.0,1,0.08333332,0.0,0,2.4849067,2.4849069118499756,2.4849067,0.0,1,0.0
deg_centrality,N/A,0.05,0.3,0.7000000000000001,1,er,0,0.08333332,0.08333332,0.0,1,0.08333332,0.0,0,2.4849067,2.4849069118499756,2.4849067,0.0,1,0.0
deg_centrality,N/A,0.05,0.3,0.8,1,er,0,0.08333332,0.08333332,0.0,1,0.08333332,0.0,0,2.4849067,2.4849069118499756,2.4849067,0.0,1,0.0
deg_centrality,N/A,0.05,0.3,0.9,1,er,0,0.08333332,0.08333331,7.450581e-09,1,0.08333332,0.0,0,2.4849067,2.4849071502685547,2.4849067,0.0,1,0.0
deg_centrality,N/A,0.05,0.3,1.0,1,er,0,0.08333332,,,1,0.08333332,0.0,0,2.4849067,,2.4849067,0.0,1,
deg_centrality,N/A,0.1,0.3,0.1,1,er,5,0.08333332,0.08333331,7.450581e-09,1,0.08333332,0.0,0,2.4849067,2.4849066734313965,2.4849067,0.0,1,0.0
deg_centrality,N/A,0.1,0.3,0.2,1,er,1,0.08333332,0.08333332,0.0,1,0.08333332,0.0,0,2.4849067,2.4849069118499756,2.484907,0.0,1,0.0
deg_centrality,N/A,0.1,0.3,0.30000000000000004,1,er,1,0.08333332,0.08333332,0.0,1,0.08333332,0.0,0,2.4849067,2.4849069118499756,2.484907,0.0,1,0.0
deg_centrality,N/A,0.1,0.3,0.4,1,er,1,0.08333332,0.08333332,0.0,1,0.08333332,0.0,0,2.4849067,2.4849069118499756,2.484907,0.0,1,0.0
deg_centrality,N/A,0.1,0.3,0.5,1,er,1,0.08333332,0.08333333,7.450581e-09,1,0.08333332,0.0,0,2.4849067,2.4849066734313965,2.484907,0.0,1,0.0
deg_centrality,N/A,0.1,0.3,0.6000000000000001,1,er,1,0.08333332,0.08333332,0.0,1,0.08333332,0.0,0,2.4849067,2.4849069118499756,2.484907,0.0,1,0.0
deg_centrality,N/A,0.1,0.3,0.7000000000000001,1,er,1,0.08333332,0.08333332,0.0,1,0.08333332,0.0,0,2.4849067,2.4849069118499756,2.484907,0.0,1,0.0
deg_centrality,N/A,0.1,0.3,0.8,1,er,0,0.08333332,0.08333332,0.0,1,0.08333332,0.0,0,2.4849067,2.4849069118499756,2.4849067,0.0,1,0.0
deg_centrality,N/A,0.1,0.3,0.9,1,er,0,0.08333332,0.08333331,7.450581e-09,1,0.08333332,0.0,0,2.4849067,2.4849071502685547,2.4849067,0.0,1,0.0
deg_centrality,N/A,0.1,0.3,1.0,1,er,0,0.08333332,,,1,0.08333332,0.0,0,2.4849067,,2.4849067,0.0,1,
deg_centrality,N/A,0.2,0.3,0.1,1,er,512,0.08333332,0.08333331,7.450581e-09,1,0.08333332,0.0,0,2.4849067,2.4849066734313965,2.4849067,0.0,1,0.0
deg_centrality,N/A,0.2,0.3,0.2,1,er,512,0.08333332,0.08333332,0.0,1,0.08333332,0.0,0,2.4849067,2.4849069118499756,2.4849067,0.0,1,0.0
deg_centrality,N/A,0.2,0.3,0.30000000000000004,1,er,512,0.08333332,0.08333332,0.0,1,0.08333332,0.0,0,2.4849067,2.4849069118499756,2.4849067,0.0,1,0.0
deg_centrality,N/A,0.2,0.3,0.4,1,er,0,0.08333332,0.08333332,0.0,1,0.08333332,0.0,1,2.4849067,2.4849069118499756,2.484907,0.0,1,0.0
deg_centrality,N/A,0.2,0.3,0.5,1,er,0,0.08333332,0.08333333,7.450581e-09,1,0.08333332,0.0,1,2.4849067,2.4849066734313965,2.484907,0.0,1,0.0
deg_centrality,N/A,0.2,0.3,0.6000000000000001,1,er,0,0.08333332,0.08333332,0.0,1,0.08333332,0.0,1,2.4849067,2.4849069118499756,2.484907,0.0,1,0.0
deg_centrality,N/A,0.2,0.3,0.7000000000000001,1,er,0,0.08333332,0.08333332,0.0,1,0.08333332,0.0,1,2.4849067,2.4849069118499756,2.484907,0.0,1,0.0
deg_centrality,N/A,0.2,0.3,0.8,1,er,0,0.08333332,0.08333332,0.0,1,0.08333332,0.0,1,2.4849067,2.4849069118499756,2.484907,0.0,1,0.0
deg_centrality,N/A,0.2,0.3,0.9,1,er,0,0.08333332,0.08333331,7.450581e-09,1,0.08333332,0.0,1,2.4849067,2.4849071502685547,2.484907,0.0,1,0.0
deg_centrality,N/A,0.2,0.3,1.0,1,er,0,0.08333332,,,1,0.08333332,0.0,1,2.4849067,,2.484907,0.0,1,
deg_centrality,N/A,0.05,0.3,0.1,2,er,8,0.08333332,0.08333331,7.450581e-09,1,0.08333332,0.0,0,2.4849067,2.4849066734313965,2.484907,0.0,1,0.0
deg_centrality,N/A,0.05,0.3,0.2,2,er,512,0.08333332,0.08333332,0.0,1,0.08333332,0.0,0,2.4849067,2.4849069118499756,2.4849067,0.0,1,0.0
deg_centrality,N/A,0.05,0.3,0.30000000000000004,2,er,512,0.08333332,0.08333332,0.0,1,0.08333332,0.0,0,2.4849067,2.4849069118499756,2.4849067,0.0,1,0.0
deg_centrality,N/A,0.05,0.3,0.4,2,er,6,0.08333332,0.08333332,0.0,1,0.08333332,0.0,0,2.4849067,2.4849069118499756,2.484907,0.0,1,0.0
deg_centrality,N/A,0.05,0.3,0.5,2,er,6,0.08333332,0.08333333,7.450581e-09,1,0.08333332,0.0,0,2.4849067,2.4849066734313965,2.484907,0.0,1,0.0
deg_centrality,N/A,0.05,0.3,0.6000000000000001,2,er,4,0.08333332,0.08333332,0.0,1,0.08333332,0.0,1,2.4849067,2.4849069118499756,2.4849067,0.0,1,0.0
deg_centrality,N/A,0.05,0.3,0.7000000000000001,2,er,1,0.08333332,0.08333332,0.0,1,0.08333332,0.0,0,2.4849067,2.4849069118499756,2.4849067,0.0,1,0.0
deg_centrality,N/A,0.05,0.3,0.8,2,er,0,0.08333332,0.08333332,0.0,1,0.08333332,0.0,0,2.4849067,2.4849069118499756,2.4849067,0.0,1,0.0
deg_centrality,N/A,0.05,0.3,0.9,2,er,0,0.08333332,0.08333331,7.450581e-09,1,0.08333332,0.0,0,2.4849067,2.4849071502685547,2.4849067,0.0,1,0.0
deg_centrality,N/A,0.05,0.3,1.0,2,er,0,0.08333332,,,1,0.08333332,0.0,0,2.4849067,,2.4849067,0.0,1,
deg_centrality,N/A,0.1,0.3,0.1,2,er,512,0.08333332,0.08333331,7.450581e-09,1,0.08333332,0.0,0,2.4849067,2.4849066734313965,2.4849067,0.0,1,0.0
deg_centrality,N/A,0.1,0.3,0.2,2,er,512,0.08333332,0.08333332,0.0,1,0.08333332,0.0,0,2.4849067,2.4849069118499756,2.4849067,0.0,1,0.0
deg_centrality,N/A,0.1,0.3,0.30000000000000004,2,er,512,0.08333332,0.08333332,0.0,1,0.08333332,0.0,0,2.4849067,2.4849069118499756,2.4849067,0.0,1,0.0
deg_centrality,N/A,0.1,0.3,0.4,2,er,0,0.08333332,0.08333332,0.0,1,0.08333332,0.0,0,2.4849067,2.4849069118499756,2.484907,0.0,1,0.0
deg_centrality,N/A,0.1,0.3,0.5,2,er,0,0.08333332,0.08333333,7.450581e-09,1,0.08333332,0.0,0,2.4849067,2.4849066734313965,2.484907,0.0,1,0.0
deg_centrality,N/A,0.1,0.3,0.6000000000000001,2,er,0,0.08333332,0.08333332,0.0,1,0.08333332,0.0,0,2.4849067,2.4849069118499756,2.484907,0.0,1,0.0
deg_centrality,N/A,0.1,0.3,0.7000000000000001,2,er,0,0.08333332,0.08333332,0.0,1,0.08333332,0.0,0,2.4849067,2.4849069118499756,2.484907,0.0,1,0.0
deg_centrality,N/A,0.1,0.3,0.8,2,er,0,0.08333332,0.08333332,0.0,1,0.08333332,0.0,0,2.4849067,2.4849069118499756,2.484907,0.0,1,0.0
deg_centrality,N/A,0.1,0.3,0.9,2,er,0,0.08333332,0.08333331,7.450581e-09,1,0.08333332,0.0,0,2.4849067,2.4849071502685547,2.484907,0.0,1,0.0
deg_centrality,N/A,0.1,0.3,1.0,2,er,0,0.08333332,,,1,0.08333332,0.0,0,2.4849067,,2.484907,0.0,1,
deg_centrality,N/A,0.2,0.3,0.1,2,er,1,0.08333332,0.08333331,7.450581e-09,1,0.08333332,0.0,0,2.4849067,2.4849066734313965,2.4849067,0.0,1,0.0
deg_centrality,N/A,0.2,0.3,0.2,2,er,1,0.08333332,0.08333332,0.0,1,0.08333332,0.0,0,2.4849067,2.4849069118499756,2.4849067,0.0,1,0.0
deg_centrality,N/A,0.2,0.3,0.30000000000000004,2,er,1,0.08333332,0.08333332,0.0,1,0.08333332,0.0,0,2.4849067,2.4849069118499756,2.4849067,0.0,1,0.0
deg_centrality,N/A,0.2,0.3,0.4,2,er,1,0.08333332,0.08333332,0.0,1,0.08333332,0.0,0,2.4849067,2.4849069118499756,2.4849067,0.0,1,0.0
deg_centrality,N/A,0.2,0.3,0.5,2,er,1,0.08333332,0.08333333,7.450581e-09,1,0.08333332,0.0,0,2.4849067,2.4849066734313965,2.4849067,0.0,1,0.0
deg_centrality,N/A,0.2,0.3,0.6000000000000001,2,er,1,0.08333332,0.08333332,0.0,1,0.08333332,0.0,0,2.4849067,2.4849069118499756,2.4849067,0.0,1,0.0
deg_centrality,N/A,0.2,0.3,0.7000000000000001,2,er,0,0.08333332,0.08333332,0.0,1,0.08333332,0.0,1,2.4849067,2.4849069118499756,2.4849067,0.0,1,0.0
deg_centrality,N/A,0.2,0.3,0.8,2,er,0,0.08333332,0.08333332,0.0,1,0.08333332,0.0,1,2.4849067,2.4849069118499756,2.4849067,0.0,1,0.0
deg_centrality,N/A,0.2,0.3,0.9,2,er,0,0.08333332,0.08333331,7.450581e-09,1,0.08333332,0.0,1,2.4849067,2.4849071502685547,2.4849067,0.0,1,0.0
deg_centrality,N/A,0.2,0.3,1.0,2,er,0,0.08333332,,,1,0.08333332,0.0,1,2.4849067,,2.4849067,0.0,1,
deg_centrality,N/A,0.05,0.3,0.1,3,er,7,0.08333332,0.08333331,7.450581e-09,1,0.08333332,0.0,1,2.4849067,2.4849066734313965,2.4849067,0.0,1,0.0
deg_centrality,N/A,0.05,0.3,0.2,3,er,0,0.08333332,0.08333332,0.0,1,0.08333332,0.0,1,2.4849067,2.4849069118499756,2.484907,0.0,1,0.0
deg_centrality,N/A,0.05,0.3,0.30000000000000004,3,er,0,0.08333332,0.08333332,0.0,1,0.08333332,0.0,1,2.4849067,2.4849069118499756,2.484907,0.0,1,0.0
deg_centrality,N/A,0.05,0.3,0.4,3,er,0,0.08333332,0.08333332,0.0,1,0.08333332,0.0,1,2.4849067,2.4849069118499756,2.484907,0.0,1,0.0
deg_centrality,N/A,0.05,0.3,0.5,3,er,0,0.08333332,0.08333333,7.450581e-09,1,0.08333332,0.0,1,2.4849067,2.4849066734313965,2.484907,0.0,1,0.0
deg_centrality,N/A,0.05,0.3,0.6000000000000001,3,er,0,0.08333332,0.08333332,0.0,1,0.08333332,0.0,1,2.4849067,2.4849069118499756,2.484907,0.0,1,0.0
deg_centrality,N/A,0.05,0.3,0.7000000000000001,3,er,0,0.08333332,0.08333332,0.0,1,0.08333332,0.0,1,2.4849067,2.4849069118499756,2.484907,0.0,1,0.0
deg_centrality,N/A,0.05,0.3,0.8,3,er,0,0.08333332,0.08333332,0.0,1,0.08333332,0.0,1,2.4849067,2.4849069118499756,2.484907,0.0,1,0.0
deg_centrality,N/A,0.05,0.3,0.9,3,er,0,0.08333332,0.08333331,7.450581e-09,1,0.08333332,0.0,1,2.4849067,2.4849071502685547,2.484907,0.0,1,0.0
deg_centrality,N/A,0.05,0.3,1.0,3,er,0,0.08333332,,,1,0.08333332,0.0,1,2.4849067,,2.484907,0.0,1,
deg_centrality,N/A,0.1,0.3,0.1,3,er,516,0.08333332,0.08333331,7.450581e-09,1,0.08333332,0.0,0,2.4849067,2.4849066734313965,2.4849067,0.0,1,0.0
deg_centrality,N/A,0.1,0.3,0.2,3,er,512,0.08333332,0.08333332,0.0,1,0.08333332,0.0,0,2.4849067,2.4849069118499756,2.4849067,0.0,1,0.0
deg_centrality,N/A,0.1,0.3,0.30000000000000004,3,er,512,0.08333332,0.08333332,0.0,1,0.08333332,0.0,0,2.4849067,2.4849069118499756,2.4849067,0.0,1,0.0
deg_centrality,N/A,0.1,0.3,0.4,3,er,4,0.08333332,0.08333332,0.0,1,0.08333332,0.0,0,2.4849067,2.4849069118499756,2.484907,0.0,1,0.0
deg_centrality,N/A,0.1,0.3,0.5,3,er,0,0.08333332,0.08333333,7.450581e-09,1,0.08333332,0.0,0,2.4849067,2.4849066734313965,2.4849067,0.0,1,0.0
deg_centrality,N/A,0.1,0.3,0.6000000000000001,3,er,0,0.08333332,0.08333332,0.0,1,0.08333332,0.0,0,2.4849067,2.4849069118499756,2.4849067,0.0,1,0.0
deg_centrality,N/A,0.1,0.3,0.7000000000000001,3,er,0,0.08333332,0.08333332,0.0,1,0.08333332,0.0,0,2.4849067,2.4849069118499756,2.4849067,0.0,1,0.0
deg_centrality,N/A,0.1,0.3,0.8,3,er,0,0.08333332,0.08333332,0.0,1,0.08333332,0.0,0,2.4849067,2.4849069118499756,2.4849067,0.0,1,0.0
deg_centrality,N/A,0.1,0.3,0.9,3,er,0,0.08333332,0.08333331,7.450581e-09,1,0.08333332,0.0,0,2.4849067,2.4849071502685547,2.4849067,0.0,1,0.0
deg_centrality,N/A,0.1,0.3,1.0,3,er,0,0.08333332,,,1,0.08333332,0.0,0,2.4849067,,2.4849067,0.0,1,
deg_centrality,N/A,0.2,0.3,0.1,3,er,7,0.08333332,0.08333331,7.450581e-09,1,0.08333332,0.0,1,2.4849067,2.4849066734313965,2.4849067,0.0,1,0.0
deg_centrality,N/A,0.2,0.3,0.2,3,er,7,0.08333332,0.08333332,0.0,1,0.08333332,0.0,1,2.4849067,2.4849069118499756,2.4849067,0.0,1,0.0
deg_centrality,N/A,0.2,0.3,0.30000000000000004,3,er,4,0.08333332,0.08333332,0.0,1,0.08333332,0.0,1,2.4849067,2.4849069118499756,2.484907,0.0,1,0.0
deg_centrality,N/A,0.2,0.3,0.4,3,er,2,0.08333332,0.08333332,0.0,1,0.08333332,0.0,0,2.4849067,2.4849069118499756,2.484907,0.0,1,0.0
deg_centrality,N/A,0.2,0.3,0.5,3,er,2,0.08333332,0.08333333,7.450581e-09,1,0.08333332,0.0,0,2.4849067,2.4849066734313965,2.484907,0.0,1,0.0
deg_centrality,N/A,0.2,0.3,0.6000000000000001,3,er,2,0.08333332,0.08333332,0.0,1,0.08333332,0.0,0,2.4849067,2.4849069118499756,2.484907,0.0,1,0.0
deg_centrality,N/A,0.2,0.3,0.7000000000000001,3,er,1,0.08333332,0.08333332,0.0,1,0.08333332,0.0,0,2.4849067,2.4849069118499756,2.4849067,0.0,1,0.0
deg_centrality,N/A,0.2,0.3,0.8,3,er,1,0.08333332,0.08333332,0.0,1,0.08333332,0.0,0,2.4849067,2.4849069118499756,2.4849067,0.0,1,0.0
deg_centrality,N/A,0.2,0.3,0.9,3,er,0,0.08333332,0.08333331,7.450581e-09,1,0.08333332,0.0,0,2.4849067,2.4849071502685547,2.4849067,0.0,1,0.0
deg_centrality,N/A,0.2,0.3,1.0,3,er,0,0.08333332,,,1,0.08333332,0.0,0,2.4849067,,2.4849067,0.0,1,
deg_centrality,N/A,0.05,0.3,0.1,4,er,514,0.08333332,0.08333331,7.450581e-09,1,0.08333332,0.0,0,2.4849067,2.4849066734313965,2.4849067,0.0,1,0.0
deg_centrality,N/A,0.05,0.3,0.2,4,er,514,0.08333332,0.08333332,0.0,1,0.08333332,0.0,0,2.4849067,2.4849069118499756,2.4849067,0.0,1,0.0
deg_centrality,N/A,0.05,0.3,0.30000000000000004,4,er,514,0.08333332,0.08333332,0.0,1,0.08333332,0.0,0,2.4849067,2.4849069118499756,2.4849067,0.0,1,0.0
deg_centrality,N/A,0.05,0.3,0.4,4,er,3,0.08333332,0.08333332,0.0,1,0.08333332,0.0,0,2.4849067,2.4849069118499756,2.484907,0.0,1,0.0
deg_centrality,N/A,0.05,0.3,0.5,4,er,1,0.08333332,0.08333333,7.450581e-09,1,0.08333332,0.0,0,2.4849067,2.4849066734313965,2.4849067,0.0,1,0.0
deg_centrality,N/A,0.05,0.3,0.6000000000000001,4,er,1,0.08333332,0.08333332,0.0,1,0.08333332,0.0,0,2.4849067,2.4849069118499756,2.4849067,0.0,1,0.0
deg_centrality,N/A,0.05,0.3,0.7000000000000001,4,er,1,0.08333332,0.08333332,0.0,1,0.08333332,0.0,0,2.4849067,2.4849069118499756,2.4849067,0.0,1,0.0
deg_centrality,N/A,0.05,0.3,0.8,4,er,1,0.08333332,0.08333332,0.0,1,0.08333332,0.0,0,2.4849067,2.4849069118499756,2.4849067,0.0,1,0.0
deg_centrality,N/A,0.05,0.3,0.9,4,er,0,0.08333332,0.08333331,7.450581e-09,1,0.08333332,0.0,0,2.4849067,2.4849071502685547,2.4849067,0.0,1,0.0
deg_centrality,N/A,0.05,0.3,1.0,4,er,0,0.08333332,,,1,0.08333332,0.0,0,2.4849067,,2.4849067,0.0,1,
deg_centrality,N/A,0.1,0.3,0.1,4,er,0,0.08333332,0.08333331,7.450581e-09,1,0.08333332,0.0,0,2.4849067,2.4849066734313965,2.4849067,0.0,1,0.0
deg_centrality,N/A,0.1,0.3,0.2,4,er,0,0.08333332,0.08333332,0.0,1,0.08333332,0.0,0,2.4849067,2.4849069118499756,2.4849067,0.0,1,0.0
deg_centrality,N/A,0.1,0.3,0.30000000000000004,4,er,0,0.08333332,0.08333332,0.0,1,0.08333332,0.0,0,2.4849067,2.4849069118499756,2.4849067,0.0,1,0.0
deg_centrality,N/A,0.1,0.3,0.4,4,er,0,0.08333332,0.08333332,0.0,1,0.08333332,0.0,0,2.4849067,2.4849069118499756,2.4849067,0.0,1,0.0
deg_centrality,N/A,0.1,0.3,0.5,4,er,0,0.08333332,0.08333333,7.450581e-09,1,0.08333332,0.0,0,2.4849067,2.4849066734313965,2.4849067,0.0,1,0.0
deg_centrality,N/A,0.1,0.3,0.6000000000000001,4,er,0,0.08333332,0.08333332,0.0,1,0.08333332,0.0,0,2.4849067,2.4849069118499756,2.4849067,0.0,1,0.0
deg_centrality,N/A,0.1,0.3,0.7000000000000001,4,er,0,0.08333332,0.08333332,0.0,1,0.08333332,0.0,0,2.4849067,2.4849069118499756,2.4849067,0.0,1,0.0
deg_centrality,N/A,0.1,0.3,0.8,4,er,0,0.08333332,0.08333332,0.0,1,0.08333332,0.0,0,2.4849067,2.4849069118499756,2.4849067,0.0,1,0.0
deg_centrality,N/A,0.1,0.3,0.9,4,er,0,0.08333332,0.08333331,7.450581e-09,1,0.08333332,0.0,0,2.4849067,2.4849071502685547,2.4849067,0.0,1,0.0
deg_centrality,N/A,0.1,0.3,1.0,4,er,0,0.08333332,,,1,0.08333332,0.0,0,2.4849067,,2.4849067,0.0,1,
deg_centrality,N/A,0.2,0.3,0.1,4,er,0,0.08333332,0.08333331,7.450581e-09,1,0.08333332,0.0,0,2.4849067,2.4849066734313965,2.4849067,0.0,1,0.0
deg_centrality,N/A,0.2,0.3,0.2,4,er,0,0.08333332,0.08333332,0.0,1,0.08333332,0.0,0,2.4849067,2.4849069118499756,2.4849067,0.0,1,0.0
deg_centrality,N/A,0.2,0.3,0.30000000000000004,4,er,0,0.08333332,0.08333332,0.0,1,0.08333332,0.0,0,2.4849067,2.4849069118499756,2.4849067,0.0,1,0.0
deg_centrality,N/A,0.2,0.3,0.4,4,er,0,0.08333332,0.08333332,0.0,1,0.08333332,0.0,0,2.4849067,2.4849069118499756,2.4849067,0.0,1,0.0
deg_centrality,N/A,0.2,0.3,0.5,4,er,0,0.08333332,0.08333333,7.450581e-09,1,0.08333332,0.0,0,2.4849067,2.4849066734313965,2.4849067,0.0,1,0.0
deg_centrality,N/A,0.2,0.3,0.6000000000000001,4,er,0,0.08333332,0.08333332,0.0,1,0.08333332,0.0,0,2.4849067,2.4849069118499756,2.4849067,0.0,1,0.0
deg_centrality,N/A,0.2,0.3,0.7000000000000001,4,er,0,0.08333332,0.08333332,0.0,1,0.08333332,0.0,0,2.4849067,2.4849069118499756,2.4849067,0.0,1,0.0
deg_centrality,N/A,0.2,0.3,0.8,4,er,0,0.08333332,0.08333332,0.0,1,0.08333332,0.0,0,2.4849067,2.4849069118499756,2.4849067,0.0,1,0.0
deg_centrality,N/A,0.2,0.3,0.9,4,er,0,0.08333332,0.08333331,7.450581e-09,1,0.08333332,0.0,0,2.4849067,2.4849071502685547,2.4849067,0.0,1,0.0
deg_centrality,N/A,0.2,0.3,1.0,4,er,0,0.08333332,,,1,0.08333332,0.0,0,2.4849067,,2.4849067,0.0,1,
deg_centrality,N/A,0.05,0.3,0.1,5,er,519,0.08333332,0.08333331,7.450581e-09,1,0.08333332,0.0,1,2.4849067,2.4849066734313965,2.4849067,0.0,1,0.0
deg_centrality,N/A,0.05,0.3,0.2,5,er,2,0.08333332,0.08333332,0.0,1,0.08333332,0.0,0,2.4849067,2.4849069118499756,2.4849067,0.0,1,0.0
deg_centrality,N/A,0.05,0.3,0.30000000000000004,5,er,2,0.08333332,0.08333332,0.0,1,0.08333332,0.0,0,2.4849067,2.4849069118499756,2.4849067,0.0,1,0.0
deg_centrality,N/A,0.05,0.3,0.4,5,er,2,0.08333332,0.08333332,0.0,1,0.08333332,0.0,0,2.4849067,2.4849069118499756,2.4849067,0.0,1,0.0
deg_centrality,N/A,0.05,0.3,0.5,5,er,1,0.08333332,0.08333333,7.450581e-09,1,0.08333332,0.0,0,2.4849067,2.4849066734313965,2.4849067,0.0,1,0.0
deg_centrality,N/A,0.05,0.3,0.6000000000000001,5,er,0,0.08333332,0.08333332,0.0,1,0.08333332,0.0,0,2.4849067,2.4849069118499756,2.4849067,0.0,1,0.0
deg_centrality,N/A,0.05,0.3,0.7000000000000001,5,er,0,0.08333332,0.08333332,0.0,1,0.08333332,0.0,0,2.4849067,2.4849069118499756,2.4849067,0.0,1,0.0
deg_centrality,N/A,0.05,0.3,0.8,5,er,0,0.08333332,0.08333332,0.0,1,0.08333332,0.0,0,2.4849067,2.4849069118499756,2.4849067,0.0,1,0.0
deg_centrality,N/A,0.05,0.3,0.9,5,er,0,0.08333332,0.08333331,7.450581e-09,1,0.08333332,0.0,0,2.4849067,2.4849071502685547,2.4849067,0.0,1,0.0
deg_centrality,N/A,0.05,0.3,1.0,5,er,0,0.08333332,,,1,0.08333332,0.0,0,2.4849067,,2.4849067,0.0,1,
deg_centrality,N/A,0.1,0.3,0.1,5,er,6,0.08333332,0.08333331,7.450581e-09,1,0.08333332,0.0,0,2.4849067,2.4849066734313965,2.4849067,0.0,1,0.0
deg_centrality,N/A,0.1,0.3,0.2,5,er,517,0.08333332,0.08333332,0.0,1,0.08333332,0.0,0,2.4849067,2.4849069118499756,2.484907,0.0,1,0.0
deg_centrality,N/A,0.1,0.3,0.30000000000000004,5,er,515,0.08333332,0.08333332,0.0,1,0.08333332,0.0,0,2.4849067,2.4849069118499756,2.484907,0.0,1,0.0
deg_centrality,N/A,0.1,0.3,0.4,5,er,3,0.08333332,0.08333332,0.0,1,0.08333332,0.0,0,2.4849067,2.4849069118499756,2.484907,0.0,1,0.0
deg_centrality,N/A,0.1,0.3,0.5,5,er,1,0.08333332,0.08333333,7.450581e-09,1,0.08333332,0.0,0,2.4849067,2.4849066734313965,2.4849067,0.0,1,0.0
deg_centrality,N/A,0.1,0.3,0.6000000000000001,5,er,1,0.08333332,0.08333332,0.0,1,0.08333332,0.0,0,2.4849067,2.4849069118499756,2.4849067,0.0,1,0.0
deg_centrality,N/A,0.1,0.3,0.7000000000000001,5,er,1,0.08333332,0.08333332,0.0,1,0.08333332,0.0,0,2.4849067,2.4849069118499756,2.4849067,0.0,1,0.0
deg_centrality,N/A,0.1,0.3,0.8,5,er,1,0.08333332,0.08333332,0.0,1,0.08333332,0.0,0,2.4849067,2.4849069118499756,2.4849067,0.0,1,0.0
deg_centrality,N/A,0.1,0.3,0.9,5,er,0,0.08333332,0.08333331,7.450581e-09,1,0.08333332,0.0,1,2.4849067,2.4849071502685547,2.4849067,0.0,1,0.0
deg_centrality,N/A,0.1,0.3,1.0,5,er,0,0.08333332,,,1,0.08333332,0.0,1,2.4849067,,2.4849067,0.0,1,
deg_centrality,N/A,0.2,0.3,0.1,5,er,9,0.08333332,0.08333331,7.450581e-09,1,0.08333332,0.0,1,2.4849067,2.4849066734313965,2.4849067,0.0,1,0.0
deg_centrality,N/A,0.2,0.3,0.2,5,er,517,0.08333332,0.08333332,0.0,1,0.08333332,0.0,0,2.4849067,2.4849069118499756,2.484907,0.0,1,0.0
deg_centrality,N/A,0.2,0.3,0.30000000000000004,5,er,512,0.08333332,0.08333332,0.0,1,0.08333332,0.0,0,2.4849067,2.4849069118499756,2.484907,0.0,1,0.0
deg_centrality,N/A,0.2,0.3,0.4,5,er,2,0.08333332,0.08333332,0.0,1,0.08333332,0.0,0,2.4849067,2.4849069118499756,2.484907,0.0,1,0.0
deg_centrality,N/A,0.2,0.3,0.5,5,er,2,0.08333332,0.08333333,7.450581e-09,1,0.08333332,0.0,0,2.4849067,2.4849066734313965,2.484907,0.0,1,0.0
deg_centrality,N/A,0.2,0.3,0.6000000000000001,5,er,2,0.08333332,0.08333332,0.0,1,0.08333332,0.0,0,2.4849067,2.4849069118499756,2.484907,0.0,1,0.0
deg_centrality,N/A,0.2,0.3,0.7000000000000001,5,er,1,0.08333332,0.08333332,0.0,1,0.08333332,0.0,0,2.4849067,2.4849069118499756,2.4849067,0.0,1,0.0
deg_centrality,N/A,0.2,0.3,0.8,5,er,1,0.08333332,0.08333332,0.0,1,0.08333332,0.0,0,2.4849067,2.4849069118499756,2.4849067,0.0,1,0.0
deg_centrality,N/A,0.2,0.3,0.9,5,er,0,0.08333332,0.08333331,7.450581e-09,1,0.08333332,0.0,1,2.4849067,2.4849071502685547,2.4849067,0.0,1,0.0
deg_centrality,N/A,0.2,0.3,1.0,5,er,0,0.08333332,,,1,0.08333332,0.0,1,2.4849067,,2.4849067,0.0,1,
deg_centrality,N/A,0.05,0.3,0.1,6,er,1,0.08333332,0.08333331,7.450581e-09,1,0.08333332,0.0,0,2.4849067,2.4849066734313965,2.484907,0.0,1,0.0
deg_centrality,N/A,0.05,0.3,0.2,6,er,1,0.08333332,0.08333332,0.0,1,0.08333332,0.0,0,2.4849067,2.4849069118499756,2.484907,0.0,1,0.0
deg_centrality,N/A,0.05,0.3,0.30000000000000004,6,er,1,0.08333332,0.08333332,0.0,1,0.08333332,0.0,0,2.4849067,2.4849069118499756,2.484907,0.0,1,0.0
deg_centrality,N/A,0.05,0.3,0.4,6,er,1,0.08333332,0.08333332,0.0,1,0.08333332,0.0,0,2.4849067,2.4849069118499756,2.484907,0.0,1,0.0
deg_centrality,N/A,0.05,0.3,0.5,6,er,1,0.08333332,0.08333333,7.450581e-09,1,0.08333332,0.0,0,2.4849067,2.4849066734313965,2.484907,0.0,1,0.0
deg_centrality,N/A,0.05,0.3,0.6000000000000001,6,er,1,0.08333332,0.08333332,0.0,1,0.08333332,0.0,0,2.4849067,2.4849069118499756,2.484907,0.0,1,0.0
deg_centrality,N/A,0.05,0.3,0.7000000000000001,6,er,0,0.08333332,0.08333332,0.0,1,0.08333332,0.0,0,2.4849067,2.4849069118499756,2.4849067,0.0,1,0.0
deg_centrality,N/A,0.05,0.3,0.8,6,er,0,0.08333332,0.08333332,0.0,1,0.08333332,0.0,0,2.4849067,2.4849069118499756,2.4849067,0.0,1,0.0
deg_centrality,N/A,0.05,0.3,0.9,6,er,0,0.08333332,0.08333331,7.450581e-09,1,0.08333332,0.0,0,2.4849067,2.4849071502685547,2.4849067,0.0,1,0.0
deg_centrality,N/A,0.05,0.3,1.0,6,er,0,0.08333332,,,1,0.08333332,0.0,0,2.4849067,,2.4849067,0.0,1,
deg_centrality,N/A,0.1,0.3,0.1,6,er,2,0.08333332,0.08333331,7.450581e-09,1,0.08333332,0.0,0,2.4849067,2.4849066734313965,2.484907,0.0,1,0.0
deg_centrality,N/A,0.1,0.3,0.2,6,er,512,0.08333332,0.08333332,0.0,1,0.08333332,0.0,0,2.4849067,2.4849069118499756,2.4849067,0.0,1,0.0
deg_centrality,N/A,0.1,0.3,0.30000000000000004,6,er,512,0.08333332,0.08333332,0.0,1,0.08333332,0.0,0,2.4849067,2.4849069118499756,2.4849067,0.0,1,0.0
deg_centrality,N/A,0.1,0.3,0.4,6,er,0,0.08333332,0.08333332,0.0,1,0.08333332,0.0,0,2.4849067,2.4849069118499756,2.4849067,0.0,1,0.0
deg_centrality,N/A,0.1,0.3,0.5,6,er,0,0.08333332,0.08333333,7.450581e-09,1,0.08333332,0.0,0,2.4849067,2.4849066734313965,2.4849067,0.0,1,0.0
deg_centrality,N/A,0.1,0.3,0.6000000000000001,6,er,0,0.08333332,0.08333332,0.0,1,0.08333332,0.0,0,2.4849067,2.4849069118499756,2.4849067,0.0,1,0.0
deg_centrality,N/A,0.1,0.3,0.7000000000000001,6,er,0,0.08333332,0.08333332,0.0,1,0.08333332,0.0,0,2.4849067,2.4849069118499756,2.4849067,0.0,1,0.0
deg_centrality,N/A,0.1,0.3,0.8,6,er,0,0.08333332,0.08333332,0.0,1,0.08333332,0.0,0,2.4849067,2.4849069118499756,2.4849067,0.0,1,0.0
deg_centrality,N/A,0.1,0.3,0.9,6,er,0,0.08333332,0.08333331,7.450581e-09,1,0.08333332,0.0,0,2.4849067,2.4849071502685547,2.4849067,0.0,1,0.0
deg_centrality,N/A,0.1,0.3,1.0,6,er,0,0.08333332,,,1,0.08333332,0.0,0,2.4849067,,2.4849067,0.0,1,
deg_centrality,N/A,0.2,0.3,0.1,6,er,1,0.08333332,0.08333331,7.450581e-09,1,0.08333332,0.0,0,2.4849067,2.4849066734313965,2.4849067,0.0,1,0.0
deg_centrality,N/A,0.2,0.3,0.2,6,er,0,0.08333332,0.08333332,0.0,1,0.08333332,0.0,0,2.4849067,2.4849069118499756,2.484907,0.0,1,0.0
deg_centrality,N/A,0.2,0.3,0.30000000000000004,6,er,0,0.08333332,0.08333332,0.0,1,0.08333332,0.0,0,2.4849067,2.4849069118499756,2.484907,0.0,1,0.0
deg_centrality,N/A,0.2,0.3,0.4,6,er,0,0.08333332,0.08333332,0.0,1,0.08333332,0.0,0,2.4849067,2.4849069118499756,2.484907,0.0,1,0.0
deg_centrality,N/A,0.2,0.3,0.5,6,er,0,0.08333332,0.08333333,7.450581e-09,1,0.08333332,0.0,0,2.4849067,2.4849066734313965,2.484907,0.0,1,0.0
deg_centrality,N/A,0.2,0.3,0.6000000000000001,6,er,0,0.08333332,0.08333332,0.0,1,0.08333332,0.0,0,2.4849067,2.4849069118499756,2.484907,0.0,1,0.0
deg_centrality,N/A,0.2,0.3,0.7000000000000001,6,er,0,0.08333332,0.08333332,0.0,1,0.08333332,0.0,0,2.4849067,2.4849069118499756,2.484907,0.0,1,0.0
deg_centrality,N/A,0.2,0.3,0.8,6,er,0,0.08333332,0.08333332,0.0,1,0.08333332,0.0,0,2.4849067,2.4849069118499756,2.484907,0.0,1,0.0
deg_centrality,N/A,0.2,0.3,0.9,6,er,0,0.08333332,0.08333331,7.450581e-09,1,0.08333332,0.0,0,2.4849067,2.4849071502685547,2.484907,0.0,1,0.0
deg_centrality,N/A,0.2,0.3,1.0,6,er,0,0.08333332,,,1,0.08333332,0.0,0,2.4849067,,2.484907,0.0,1,
deg_centrality,N/A,0.05,0.3,0.1,7,er,0,0.08333332,0.08333331,7.450581e-09,1,0.08333332,0.0,0,2.4849067,2.4849066734313965,2.4849067,0.0,1,0.0
deg_centrality,N/A,0.05,0.3,0.2,7,er,0,0.08333332,0.08333332,0.0,1,0.08333332,0.0,0,2.4849067,2.4849069118499756,2.4849067,0.0,1,0.0
deg_centrality,N/A,0.05,0.3,0.30000000000000004,7,er,0,0.08333332,0.08333332,0.0,1,0.08333332,0.0,0,2.4849067,2.4849069118499756,2.4849067,0.0,1,0.0
deg_centrality,N/A,0.05,0.3,0.4,7,er,0,0.08333332,0.08333332,0.0,1,0.08333332,0.0,0,2.4849067,2.4849069118499756,2.4849067,0.0,1,0.0
deg_centrality,N/A,0.05,0.3,0.5,7,er,0,0.08333332,0.08333333,7.450581e-09,1,0.08333332,0.0,0,2.4849067,2.4849066734313965,2.4849067,0.0,1,0.0
deg_centrality,N/A,0.05,0.3,0.6000000000000001,7,er,0,0.08333332,0.08333332,0.0,1,0.08333332,0.0,0,2.4849067,2.4849069118499756,2.4849067,0.0,1,0.0
deg_centrality,N/A,0.05,0.3,0.7000000000000001,7,er,0,0.08333332,0.08333332,0.0,1,0.08333332,0.0,0,2.4849067,2.4849069118499756,2.4849067,0.0,1,0.0
deg_centrality,N/A,0.05,0.3,0.8,7,er,0,0.08333332,0.08333332,0.0,1,0.08333332,0.0,0,2.4849067,2.4849069118499756,2.4849067,0.0,1,0.0
deg_centrality,N/A,0.05,0.3,0.9,7,er,0,0.08333332,0.08333331,7.450581e-09,1,0.08333332,0.0,0,2.4849067,2.4849071502685547,2.4849067,0.0,1,0.0
deg_centrality,N/A,0.05,0.3,1.0,7,er,0,0.08333332,,,1,0.08333332,0.0,0,2.4849067,,2.4849067,0.0,1,
deg_centrality,N/A,0.1,0.3,0.1,7,er,5,0.08333332,0.08333331,7.450581e-09,1,0.08333332,0.0,0,2.4849067,2.4849066734313965,2.484907,0.0,1,0.0
deg_centrality,N/A,0.1,0.3,0.2,7,er,516,0.08333332,0.08333332,0.0,1,0.08333332,0.0,0,2.4849067,2.4849069118499756,2.484907,0.0,1,0.0
deg_centrality,N/A,0.1,0.3,0.30000000000000004,7,er,512,0.08333332,0.08333332,0.0,1,0.08333332,0.0,0,2.4849067,2.4849069118499756,2.484907,0.0,1,0.0
deg_centrality,N/A,0.1,0.3,0.4,7,er,5,0.08333332,0.08333332,0.0,1,0.08333332,0.0,0,2.4849067,2.4849069118499756,2.484907,0.0,1,0.0
deg_centrality,N/A,0.1,0.3,0.5,7,er,5,0.08333332,0.08333333,7.450581e-09,1,0.08333332,0.0,0,2.4849067,2.4849066734313965,2.484907,0.0,1,0.0
deg_centrality,N/A,0.1,0.3,0.6000000000000001,7,er,2,0.08333332,0.08333332,0.0,1,0.08333332,0.0,0,2.4849067,2.4849069118499756,2.4849067,0.0,1,0.0
deg_centrality,N/A,0.1,0.3,0.7000000000000001,7,er,2,0.08333332,0.08333332,0.0,1,0.08333332,0.0,0,2.4849067,2.4849069118499756,2.4849067,0.0,1,0.0
deg_centrality,N/A,0.1,0.3,0.8,7,er,0,0.08333332,0.08333332,0.0,1,0.08333332,0.0,0,2.4849067,2.4849069118499756,2.4849067,0.0,1,0.0
deg_centrality,N/A,0.1,0.3,0.9,7,er,0,0.08333332,0.08333331,7.450581e-09,1,0.08333332,0.0,0,2.4849067,2.4849071502685547,2.4849067,0.0,1,0.0
deg_centrality,N/A,0.1,0.3,1.0,7,er,0,0.08333332,,,1,0.08333332,0.0,0,2.4849067,,2.4849067,0.0,1,
deg_centrality,N/A,0.2,0.3,0.1,7,er,1,0.08333332,0.08333331,7.450581e-09,1,0.08333332,0.0,0,2.4849067,2.4849066734313965,2.4849067,0.0,1,0.0
deg_centrality,N/A,0.2,0.3,0.2,7,er,0,0.08333332,0.08333332,0.0,1,0.08333332,0.0,1,2.4849067,2.4849069118499756,2.484907,0.0,1,0.0
deg_centrality,N/A,0.2,0.3,0.30000000000000004,7,er,0,0.08333332,0.08333332,0.0,1,0.08333332,0.0,1,2.4849067,2.4849069118499756,2.484907,0.0,1,0.0
deg_centrality,N/A,0.2,0.3,0.4,7,er,0,0.08333332,0.08333332,0.0,1,0.08333332,0.0,1,2.4849067,2.4849069118499756,2.484907,0.0,1,0.0
deg_centrality,N/A,0.2,0.3,0.5,7,er,0,0.08333332,0.08333333,7.450581e-09,1,0.08333332,0.0,1,2.4849067,2.4849066734313965,2.484907,0.0,1,0.0
deg_centrality,N/A,0.2,0.3,0.6000000000000001,7,er,0,0.08333332,0.08333332,0.0,1,0.08333332,0.0,1,2.4849067,2.4849069118499756,2.484907,0.0,1,0.0
deg_centrality,N/A,0.2,0.3,0.7000000000000001,7,er,0,0.08333332,0.08333332,0.0,1,0.08333332,0.0,1,2.4849067,2.4849069118499756,2.484907,0.0,1,0.0
deg_centrality,N/A,0.2,0.3,0.8,7,er,0,0.08333332,0.08333332,0.0,1,0.08333332,0.0,1,2.4849067,2.4849069118499756,2.484907,0.0,1,0.0
deg_centrality,N/A,0.2,0.3,0.9,7,er,0,0.08333332,0.08333331,7.450581e-09,1,0.08333332,0.0,1,2.4849067,2.4849071502685547,2.484907,0.0,1,0.0
deg_centrality,N/A,0.2,0.3,1.0,7,er,0,0.08333332,,,1,0.08333332,0.0,1,2.4849067,,2.484907,0.0,1,
deg_centrality,N/A,0.05,0.3,0.1,8,er,512,0.08333332,0.08333331,7.450581e-09,1,0.08333332,0.0,0,2.4849067,2.4849066734313965,2.4849067,0.0,1,0.0
deg_centrality,N/A,0.05,0.3,0.2,8,er,0,0.08333332,0.08333332,0.0,1,0.08333332,0.0,0,2.4849067,2.4849069118499756,2.4849067,0.0,1,0.0
deg_centrality,N/A,0.05,0.3,0.30000000000000004,8,er,0,0.08333332,0.08333332,0.0,1,0.08333332,0.0,0,2.4849067,2.4849069118499756,2.4849067,0.0,1,0.0
deg_centrality,N/A,0.05,0.3,0.4,8,er,0,0.08333332,0.08333332,0.0,1,0.08333332,0.0,0,2.4849067,2.4849069118499756,2.4849067,0.0,1,0.0
deg_centrality,N/A,0.05,0.3,0.5,8,er,0,0.08333332,0.08333333,7.450581e-09,1,0.08333332,0.0,0,2.4849067,2.4849066734313965,2.4849067,0.0,1,0.0
deg_centrality,N/A,0.05,0.3,0.6000000000000001,8,er,0,0.08333332,0.08333332,0.0,1,0.08333332,0.0,0,2.4849067,2.4849069118499756,2.4849067,0.0,1,0.0
deg_centrality,N/A,0.05,0.3,0.7000000000000001,8,er,0,0.08333332,0.08333332,0.0,1,0.08333332,0.0,0,2.4849067,2.4849069118499756,2.4849067,0.0,1,0.0
deg_centrality,N/A,0.05,0.3,0.8,8,er,0,0.08333332,0.08333332,0.0,1,0.08333332,0.0,0,2.4849067,2.4849069118499756,2.4849067,0.0,1,0.0
deg_centrality,N/A,0.05,0.3,0.9,8,er,0,0.08333332,0.08333331,7.450581e-09,1,0.08333332,0.0,0,2.4849067,2.4849071502685547,2.4849067,0.0,1,0.0
deg_centrality,N/A,0.05,0.3,1.0,8,er,0,0.08333332,,,1,0.08333332,0.0,0,2.4849067,,2.4849067,0.0,1,
deg_centrality,N/A,0.1,0.3,0.1,8,er,0,0.08333332,0.08333331,7.450581e-09,1,0.08333332,0.0,0,2.4849067,2.4849066734313965,2.4849067,0.0,1,0.0
deg_centrality,N/A,0.1,0.3,0.2,8,er,0,0.08333332,0.08333332,0.0,1,0.08333332,0.0,0,2.4849067,2.4849069118499756,2.4849067,0.0,1,0.0
deg_centrality,N/A,0.1,0.3,0.30000000000000004,8,er,0,0.08333332,0.08333332,0.0,1,0.08333332,0.0,0,2.4849067,2.4849069118499756,2.4849067,0.0,1,0.0
deg_centrality,N/A,0.1,0.3,0.4,8,er,0,0.08333332,0.08333332,0.0,1,0.08333332,0.0,0,2.4849067,2.4849069118499756,2.4849067,0.0,1,0.0
deg_centrality,N/A,0.1,0.3,0.5,8,er,0,0.08333332,0.08333333,7.450581e-09,1,0.08333332,0.0,0,2.4849067,2.4849066734313965,2.4849067,0.0,1,0.0
deg_centrality,N/A,0.1,0.3,0.6000000000000001,8,er,0,0.08333332,0.08333332,0.0,1,0.08333332,0.0,0,2.4849067,2.4849069118499756,2.4849067,0.0,1,0.0
deg_centrality,N/A,0.1,0.3,0.7000000000000001,8,er,0,0.08333332,0.08333332,0.0,1,0.08333332,0.0,0,2.4849067,2.4849069118499756,2.4849067,0.0,1,0.0
deg_centrality,N/A,0.1,0.3,0.8,8,er,0,0.08333332,0.08333332,0.0,1,0.08333332,0.0,0,2.4849067,2.4849069118499756,2.4849067,0.0,1,0.0
deg_centrality,N/A,0.1,0.3,0.9,8,er,0,0.08333332,0.08333331,7.450581e-09,1,0.08333332,0.0,0,2.4849067,2.4849071502685547,2.4849067,0.0,1,0.0
deg_centrality,N/A,0.1,0.3,1.0,8,er,0,0.08333332,,,1,0.08333332,0.0,0,2.4849067,,2.4849067,0.0,1,
deg_centrality,N/A,0.2,0.3,0.1,8,er,5,0.08333332,0.08333331,7.450581e-09,1,0.08333332,0.0,0,2.4849067,2.4849066734313965,2.484907,0.0,1,0.0
deg_centrality,N/A,0.2,0.3,0.2,8,er,1,0.08333332,0.08333332,0.0,1,0.08333332,0.0,0,2.4849067,2.4849069118499756,2.484907,0.0,1,0.0
deg_centrality,N/A,0.2,0.3,0.30000000000000004,8,er,1,0.08333332,0.08333332,0.0,1,0.08333332,0.0,0,2.4849067,2.4849069118499756,2.484907,0.0,1,0.0
deg_centrality,N/A,0.2,0.3,0.4,8,er,1,0.08333332,0.08333332,0.0,1,0.08333332,0.0,0,2.4849067,2.4849069118499756,2.484907,0.0,1,0.0
deg_centrality,N/A,0.2,0.3,0.5,8,er,1,0.08333332,0.08333333,7.450581e-09,1,0.08333332,0.0,0,2.4849067,2.4849066734313965,2.484907,0.0,1,0.0
deg_centrality,N/A,0.2,0.3,0.6000000000000001,8,er,1,0.08333332,0.08333332,0.0,1,0.08333332,0.0,0,2.4849067,2.4849069118499756,2.484907,0.0,1,0.0
deg_centrality,N/A,0.2,0.3,0.7000000000000001,8,er,1,0.08333332,0.08333332,0.0,1,0.08333332,0.0,0,2.4849067,2.4849069118499756,2.484907,0.0,1,0.0
deg_centrality,N/A,0.2,0.3,0.8,8,er,1,0.08333332,0.08333332,0.0,1,0.08333332,0.0,0,2.4849067,2.4849069118499756,2.484907,0.0,1,0.0
deg_centrality,N/A,0.2,0.3,0.9,8,er,0,0.08333332,0.08333331,7.450581e-09,1,0.08333332,0.0,0,2.4849067,2.4849071502685547,2.4849067,0.0,1,0.0
deg_centrality,N/A,0.2,0.3,1.0,8,er,0,0.08333332,,,1,0.08333332,0.0,0,2.4849067,,2.4849067,0.0,1,
deg_centrality,N/A,0.05,0.3,0.1,9,er,514,0.08333332,0.08333331,7.450581e-09,1,0.08333332,0.0,0,2.4849067,2.4849066734313965,2.4849067,0.0,1,0.0
deg_centrality,N/A,0.05,0.3,0.2,9,er,1,0.08333332,0.08333332,0.0,1,0.08333332,0.0,0,2.4849067,2.4849069118499756,2.484907,0.0,1,0.0
deg_centrality,N/A,0.05,0.3,0.30000000000000004,9,er,0,0.08333332,0.08333332,0.0,1,0.08333332,0.0,0,2.4849067,2.4849069118499756,2.484907,0.0,1,0.0
deg_centrality,N/A,0.05,0.3,0.4,9,er,0,0.08333332,0.08333332,0.0,1,0.08333332,0.0,0,2.4849067,2.4849069118499756,2.484907,0.0,1,0.0
deg_centrality,N/A,0.05,0.3,0.5,9,er,0,0.08333332,0.08333333,7.450581e-09,1,0.08333332,0.0,0,2.4849067,2.4849066734313965,2.484907,0.0,1,0.0
deg_centrality,N/A,0.05,0.3,0.6000000000000001,9,er,0,0.08333332,0.08333332,0.0,1,0.08333332,0.0,0,2.4849067,2.4849069118499756,2.484907,0.0,1,0.0
deg_centrality,N/A,0.05,0.3,0.7000000000000001,9,er,0,0.08333332,0.08333332,0.0,1,0.08333332,0.0,0,2.4849067,2.4849069118499756,2.484907,0.0,1,0.0
deg_centrality,N/A,0.05,0.3,0.8,9,er,0,0.08333332,0.08333332,0.0,1,0.08333332,0.0,0,2.4849067,2.4849069118499756,2.484907,0.0,1,0.0
deg_centrality,N/A,0.05,0.3,0.9,9,er,0,0.08333332,0.08333331,7.450581e-09,1,0.08333332,0.0,0,2.4849067,2.4849071502685547,2.484907,0.0,1,0.0
deg_centrality,N/A,0.05,0.3,1.0,9,er,0,0.08333332,,,1,0.08333332,0.0,0,2.4849067,,2.484907,0.0,1,
deg_centrality,N/A,0.1,0.3,0.1,9,er,513,0.08333332,0.08333331,7.450581e-09,1,0.08333333,7.450581e-09,0,2.4849067,2.4849066734313965,2.4849064,0.0,1,0.0
deg_centrality,N/A,0.1,0.3,0.2,9,er,513,0.08333332,0.08333332,0.0,1,0.08333333,7.450581e-09,0,2.4849067,2.4849069118499756,2.4849064,0.0,1,0.0
deg_centrality,N/A,0.1,0.3,0.30000000000000004,9,er,513,0.08333332,0.08333332,0.0,1,0.08333333,7.450581e-09,0,2.4849067,2.4849069118499756,2.4849064,0.0,1,0.0
deg_centrality,N/A,0.1,0.3,0.4,9,er,1,0.08333332,0.08333332,0.0,1,0.08333332,0.0,0,2.4849067,2.4849069118499756,2.484907,0.0,1,0.0
deg_centrality,N/A,0.1,0.3,0.5,9,er,1,0.08333332,0.08333333,7.450581e-09,1,0.08333332,0.0,0,2.4849067,2.4849066734313965,2.484907,0.0,1,0.0
deg_centrality,N/A,0.1,0.3,0.6000000000000001,9,er,1,0.08333332,0.08333332,0.0,1,0.08333332,0.0,0,2.4849067,2.4849069118499756,2.484907,0.0,1,0.0
deg_centrality,N/A,0.1,0.3,0.7000000000000001,9,er,1,0.08333332,0.08333332,0.0,1,0.08333332,0.0,0,2.4849067,2.4849069118499756,2.484907,0.0,1,0.0
deg_centrality,N/A,0.1,0.3,0.8,9,er,1,0.08333332,0.08333332,0.0,1,0.08333332,0.0,0,2.4849067,2.4849069118499756,2.484907,0.0,1,0.0
deg_centrality,N/A,0.1,0.3,0.9,9,er,0,0.08333332,0.08333331,7.450581e-09,1,0.08333332,0.0,0,2.4849067,2.4849071502685547,2.4849067,0.0,1,0.0
deg_centrality,N/A,0.1,0.3,1.0,9,er,0,0.08333332,,,1,0.08333332,0.0,0,2.4849067,,2.4849067,0.0,1,
deg_centrality,N/A,0.2,0.3,0.1,9,er,17,0.08333332,0.08333331,7.450581e-09,1,0.08333332,0.0,0,2.4849067,2.4849066734313965,2.4849067,0.0,1,0.0
deg_centrality,N/A,0.2,0.3,0.2,9,er,3,0.08333332,0.08333332,0.0,1,0.08333332,0.0,0,2.4849067,2.4849069118499756,2.484907,0.0,1,0.0
deg_centrality,N/A,0.2,0.3,0.30000000000000004,9,er,512,0.08333332,0.08333332,0.0,1,0.08333332,0.0,0,2.4849067,2.4849069118499756,2.484907,0.0,1,0.0
deg_centrality,N/A,0.2,0.3,0.4,9,er,1,0.08333332,0.08333332,0.0,1,0.08333332,0.0,0,2.4849067,2.4849069118499756,2.4849067,0.0,1,0.0
deg_centrality,N/A,0.2,0.3,0.5,9,er,3,0.08333332,0.08333333,7.450581e-09,1,0.08333332,0.0,0,2.4849067,2.4849066734313965,2.484907,0.0,1,0.0
deg_centrality,N/A,0.2,0.3,0.6000000000000001,9,er,1,0.08333332,0.08333332,0.0,1,0.08333332,0.0,0,2.4849067,2.4849069118499756,2.4849067,0.0,1,0.0
deg_centrality,N/A,0.2,0.3,0.7000000000000001,9,er,0,0.08333332,0.08333332,0.0,1,0.08333332,0.0,0,2.4849067,2.4849069118499756,2.4849067,0.0,1,0.0
deg_centrality,N/A,0.2,0.3,0.8,9,er,0,0.08333332,0.08333332,0.0,1,0.08333332,0.0,0,2.4849067,2.4849069118499756,2.4849067,0.0,1,0.0
deg_centrality,N/A,0.2,0.3,0.9,9,er,0,0.08333332,0.08333331,7.450581e-09,1,0.08333332,0.0,0,2.4849067,2.4849071502685547,2.4849067,0.0,1,0.0
deg_centrality,N/A,0.2,0.3,1.0,9,er,0,0.08333332,,,1,0.08333332,0.0,0,2.4849067,,2.4849067,0.0,1,
betweenness_centrality,N/A,0.05,0.3,0.1,0,er,1,0.08333332,0.08333331,7.450581e-09,1,0.08333332,0.0,0,2.4849067,2.4849066734313965,2.4849067,0.0,1,0.0
betweenness_centrality,N/A,0.05,0.3,0.2,0,er,1,0.08333332,0.08333332,0.0,1,0.08333332,0.0,0,2.4849067,2.4849069118499756,2.4849067,0.0,1,0.0
betweenness_centrality,N/A,0.05,0.3,0.30000000000000004,0,er,512,0.08333332,0.08333332,0.0,1,0.08333332,0.0,0,2.4849067,2.4849069118499756,2.484907,0.0,1,0.0
betweenness_centrality,N/A,0.05,0.3,0.4,0,er,1,0.08333332,0.08333332,0.0,1,0.08333332,0.0,0,2.4849067,2.4849069118499756,2.4849067,0.0,1,0.0
betweenness_centrality,N/A,0.05,0.3,0.5,0,er,1,0.08333332,0.08333333,7.450581e-09,1,0.08333332,0.0,0,2.4849067,2.4849066734313965,2.4849067,0.0,1,0.0
betweenness_centrality,N/A,0.05,0.3,0.6000000000000001,0,er,0,0.08333332,0.08333332,0.0,1,0.08333332,0.0,0,2.4849067,2.4849069118499756,2.4849067,0.0,1,0.0
betweenness_centrality,N/A,0.05,0.3,0.7000000000000001,0,er,0,0.08333332,0.08333332,0.0,1,0.08333332,0.0,0,2.4849067,2.4849069118499756,2.4849067,0.0,1,0.0
betweenness_centrality,N/A,0.05,0.3,0.8,0,er,0,0.08333332,0.08333332,0.0,1,0.08333332,0.0,0,2.4849067,2.4849069118499756,2.4849067,0.0,1,0.0
betweenness_centrality,N/A,0.05,0.3,0.9,0,er,0,0.08333332,0.08333331,7.450581e-09,1,0.08333332,0.0,0,2.4849067,2.4849071502685547,2.4849067,0.0,1,0.0
betweenness_centrality,N/A,0.05,0.3,1.0,0,er,0,0.08333332,,,1,0.08333332,0.0,0,2.4849067,,2.4849067,0.0,1,
betweenness_centrality,N/A,0.1,0.3,0.1,0,er,8,0.08333332,0.08333331,7.450581e-09,1,0.08333332,0.0,1,2.4849067,2.4849066734313965,2.484907,0.0,1,0.0
betweenness_centrality,N/A,0.1,0.3,0.2,0,er,0,0.08333332,0.08333332,0.0,1,0.08333332,0.0,0,2.4849067,2.4849069118499756,2.484907,0.0,1,0.0
betweenness_centrality,N/A,0.1,0.3,0.30000000000000004,0,er,0,0.08333332,0.08333332,0.0,1,0.08333332,0.0,0,2.4849067,2.4849069118499756,2.484907,0.0,1,0.0
betweenness_centrality,N/A,0.1,0.3,0.4,0,er,0,0.08333332,0.08333332,0.0,1,0.08333332,0.0,0,2.4849067,2.4849069118499756,2.484907,0.0,1,0.0
betweenness_centrality,N/A,0.1,0.3,0.5,0,er,0,0.08333332,0.08333333,7.450581e-09,1,0.08333332,0.0,0,2.4849067,2.4849066734313965,2.484907,0.0,1,0.0
betweenness_centrality,N/A,0.1,0.3,0.6000000000000001,0,er,0,0.08333332,0.08333332,0.0,1,0.08333332,0.0,0,2.4849067,2.4849069118499756,2.484907,0.0,1,0.0
betweenness_centrality,N/A,0.1,0.3,0.7000000000000001,0,er,0,0.08333332,0.08333332,0.0,1,0.08333332,0.0,0,2.4849067,2.4849069118499756,2.484907,0.0,1,0.0
betweenness_centrality,N/A,0.1,0.3,0.8,0,er,0,0.08333332,0.08333332,0.0,1,0.08333332,0.0,0,2.4849067,2.4849069118499756,2.484907,0.0,1,0.0
betweenness_centrality,N/A,0.1,0.3,0.9,0,er,0,0.08333332,0.08333331,7.450581e-09,1,0.08333332,0.0,0,2.4849067,2.4849071502685547,2.484907,0.0,1,0.0
betweenness_centrality,N/A,0.1,0.3,1.0,0,er,0,0.08333332,,,1,0.08333332,0.0,0,2.4849067,,2.484907,0.0,1,
betweenness_centrality,N/A,0.2,0.3,0.1,0,er,516,0.08333332,0.08333331,7.450581e-09,1,0.08333332,0.0,0,2.4849067,2.4849066734313965,2.4849067,0.0,1,0.0
betweenness_centrality,N/A,0.2,0.3,0.2,0,er,516,0.08333332,0.08333332,0.0,1,0.08333332,0.0,0,2.4849067,2.4849069118499756,2.4849067,0.0,1,0.0
betweenness_centrality,N/A,0.2,0.3,0.30000000000000004,0,er,512,0.08333332,0.08333332,0.0,1,0.08333332,0.0,0,2.4849067,2.4849069118499756,2.484907,0.0,1,0.0
betweenness_centrality,N/A,0.2,0.3,0.4,0,er,12,0.08333332,0.08333332,0.0,1,0.08333332,0.0,0,2.4849067,2.4849069118499756,2.4849067,0.0,1,0.0
betweenness_centrality,N/A,0.2,0.3,0.5,0,er,8,0.08333332,0.08333333,7.450581e-09,1,0.08333332,0.0,0,2.4849067,2.4849066734313965,2.4849067,0.0,1,0.0
betweenness_centrality,N/A,0.2,0.3,0.6000000000000001,0,er,0,0.08333332,0.08333332,0.0,1,0.08333332,0.0,0,2.4849067,2.4849069118499756,2.4849067,0.0,1,0.0
betweenness_centrality,N/A,0.2,0.3,0.7000000000000001,0,er,0,0.08333332,0.08333332,0.0,1,0.08333332,0.0,0,2.4849067,2.4849069118499756,2.4849067,0.0,1,0.0
betweenness_centrality,N/A,0.2,0.3,0.8,0,er,0,0.08333332,0.08333332,0.0,1,0.08333332,0.0,0,2.4849067,2.4849069118499756,2.4849067,0.0,1,0.0
betweenness_centrality,N/A,0.2,0.3,0.9,0,er,0,0.08333332,0.08333331,7.450581e-09,1,0.08333332,0.0,0,2.4849067,2.4849071502685547,2.4849067,0.0,1,0.0
betweenness_centrality,N/A,0.2,0.3,1.0,0,er,0,0.08333332,,,1,0.08333332,0.0,0,2.4849067,,2.4849067,0.0,1,
betweenness_centrality,N/A,0.05,0.3,0.1,1,er,512,0.08333332,0.08333331,7.450581e-09,1,0.08333332,0.0,0,2.4849067,2.4849066734313965,2.484907,0.0,1,0.0
betweenness_centrality,N/A,0.05,0.3,0.2,1,er,512,0.08333332,0.08333332,0.0,1,0.08333332,0.0,0,2.4849067,2.4849069118499756,2.484907,0.0,1,0.0
betweenness_centrality,N/A,0.05,0.3,0.30000000000000004,1,er,512,0.08333332,0.08333332,0.0,1,0.08333332,0.0,0,2.4849067,2.4849069118499756,2.484907,0.0,1,0.0
betweenness_centrality,N/A,0.05,0.3,0.4,1,er,7,0.08333332,0.08333332,0.0,1,0.08333332,0.0,0,2.4849067,2.4849069118499756,2.484907,0.0,1,0.0
betweenness_centrality,N/A,0.05,0.3,0.5,1,er,0,0.08333332,0.08333333,7.450581e-09,1,0.08333332,0.0,0,2.4849067,2.4849066734313965,2.4849067,0.0,1,0.0
betweenness_centrality,N/A,0.05,0.3,0.6000000000000001,1,er,0,0.08333332,0.08333332,0.0,1,0.08333332,0.0,0,2.4849067,2.4849069118499756,2.4849067,0.0,1,0.0
betweenness_centrality,N/A,0.05,0.3,0.7000000000000001,1,er,0,0.08333332,0.08333332,0.0,1,0.08333332,0.0,0,2.4849067,2.4849069118499756,2.4849067,0.0,1,0.0
betweenness_centrality,N/A,0.05,0.3,0.8,1,er,0,0.08333332,0.08333332,0.0,1,0.08333332,0.0,0,2.4849067,2.4849069118499756,2.4849067,0.0,1,0.0
betweenness_centrality,N/A,0.05,0.3,0.9,1,er,0,0.08333332,0.08333331,7.450581e-09,1,0.08333332,0.0,0,2.4849067,2.4849071502685547,2.4849067,0.0,1,0.0
betweenness_centrality,N/A,0.05,0.3,1.0,1,er,0,0.08333332,,,1,0.08333332,0.0,0,2.4849067,,2.4849067,0.0,1,
betweenness_centrality,N/A,0.1,0.3,0.1,1,er,513,0.08333332,0.08333331,7.450581e-09,1,0.08333332,0.0,0,2.4849067,2.4849066734313965,2.4849067,0.0,1,0.0
betweenness_centrality,N/A,0.1,0.3,0.2,1,er,513,0.08333332,0.08333332,0.0,1,0.08333332,0.0,0,2.4849067,2.4849069118499756,2.4849067,0.0,1,0.0
betweenness_centrality,N/A,0.1,0.3,0.30000000000000004,1,er,513,0.08333332,0.08333332,0.0,1,0.08333332,0.0,0,2.4849067,2.4849069118499756,2.4849067,0.0,1,0.0
betweenness_centrality,N/A,0.1,0.3,0.4,1,er,1,0.08333332,0.08333332,0.0,1,0.08333332,0.0,0,2.4849067,2.4849069118499756,2.484907,0.0,1,0.0
betweenness_centrality,N/A,0.1,0.3,0.5,1,er,1,0.08333332,0.08333333,7.450581e-09,1,0.08333332,0.0,0,2.4849067,2.4849066734313965,2.484907,0.0,1,0.0
betweenness_centrality,N/A,0.1,0.3,0.6000000000000001,1,er,0,0.08333332,0.08333332,0.0,1,0.08333332,0.0,0,2.4849067,2.4849069118499756,2.4849067,0.0,1,0.0
betweenness_centrality,N/A,0.1,0.3,0.7000000000000001,1,er,0,0.08333332,0.08333332,0.0,1,0.08333332,0.0,0,2.4849067,2.4849069118499756,2.4849067,0.0,1,0.0
betweenness_centrality,N/A,0.1,0.3,0.8,1,er,0,0.08333332,0.08333332,0.0,1,0.08333332,0.0,0,2.4849067,2.4849069118499756,2.4849067,0.0,1,0.0
betweenness_centrality,N/A,0.1,0.3,0.9,1,er,0,0.08333332,0.08333331,7.450581e-09,1,0.08333332,0.0,0,2.4849067,2.4849071502685547,2.4849067,0.0,1,0.0
betweenness_centrality,N/A,0.1,0.3,1.0,1,er,0,0.08333332,,,1,0.08333332,0.0,0,2.4849067,,2.4849067,0.0,1,
betweenness_centrality,N/A,0.2,0.3,0.1,1,er,8,0.08333332,0.08333331,7.450581e-09,1,0.08333332,0.0,1,2.4849067,2.4849066734313965,2.484907,0.0,1,0.0
betweenness_centrality,N/A,0.2,0.3,0.2,1,er,0,0.08333332,0.08333332,0.0,1,0.08333332,0.0,1,2.4849067,2.4849069118499756,2.484907,0.0,1,0.0
betweenness_centrality,N/A,0.2,0.3,0.30000000000000004,1,er,0,0.08333332,0.08333332,0.0,1,0.08333332,0.0,1,2.4849067,2.4849069118499756,2.484907,0.0,1,0.0
betweenness_centrality,N/A,0.2,0.3,0.4,1,er,0,0.08333332,0.08333332,0.0,1,0.08333332,0.0,1,2.4849067,2.4849069118499756,2.484907,0.0,1,0.0
betweenness_centrality,N/A,0.2,0.3,0.5,1,er,0,0.08333332,0.08333333,7.450581e-09,1,0.08333332,0.0,1,2.4849067,2.4849066734313965,2.484907,0.0,1,0.0
betweenness_centrality,N/A,0.2,0.3,0.6000000000000001,1,er,0,0.08333332,0.08333332,0.0,1,0.08333332,0.0,1,2.4849067,2.4849069118499756,2.484907,0.0,1,0.0
betweenness_centrality,N/A,0.2,0.3,0.7000000000000001,1,er,0,0.08333332,0.08333332,0.0,1,0.08333332,0.0,1,2.4849067,2.4849069118499756,2.484907,0.0,1,0.0
betweenness_centrality,N/A,0.2,0.3,0.8,1,er,0,0.08333332,0.08333332,0.0,1,0.08333332,0.0,1,2.4849067,2.4849069118499756,2.484907,0.0,1,0.0
betweenness_centrality,N/A,0.2,0.3,0.9,1,er,0,0.08333332,0.08333331,7.450581e-09,1,0.08333332,0.0,1,2.4849067,2.4849071502685547,2.484907,0.0,1,0.0
betweenness_centrality,N/A,0.2,0.3,1.0,1,er,0,0.08333332,,,1,0.08333332,0.0,1,2.4849067,,2.484907,0.0,1,
betweenness_centrality,N/A,0.05,0.3,0.1,2,er,515,0.08333332,0.08333331,7.450581e-09,1,0.08333332,0.0,0,2.4849067,2.4849066734313965,2.4849067,0.0,1,0.0
betweenness_centrality,N/A,0.05,0.3,0.2,2,er,515,0.08333332,0.08333332,0.0,1,0.08333332,0.0,0,2.4849067,2.4849069118499756,2.4849067,0.0,1,0.0
betweenness_centrality,N/A,0.05,0.3,0.30000000000000004,2,er,515,0.08333332,0.08333332,0.0,1,0.08333332,0.0,0,2.4849067,2.4849069118499756,2.4849067,0.0,1,0.0
betweenness_centrality,N/A,0.05,0.3,0.4,2,er,10,0.08333332,0.08333332,0.0,1,0.08333332,0.0,0,2.4849067,2.4849069118499756,2.484907,0.0,1,0.0
betweenness_centrality,N/A,0.05,0.3,0.5,2,er,10,0.08333332,0.08333333,7.450581e-09,1,0.08333332,0.0,0,2.4849067,2.4849066734313965,2.484907,0.0,1,0.0
betweenness_centrality,N/A,0.05,0.3,0.6000000000000001,2,er,1,0.08333332,0.08333332,0.0,1,0.08333332,0.0,0,2.4849067,2.4849069118499756,2.4849067,0.0,1,0.0
betweenness_centrality,N/A,0.05,0.3,0.7000000000000001,2,er,1,0.08333332,0.08333332,0.0,1,0.08333332,0.0,0,2.4849067,2.4849069118499756,2.4849067,0.0,1,0.0
betweenness_centrality,N/A,0.05,0.3,0.8,2,er,0,0.08333332,0.08333332,0.0,1,0.08333332,0.0,0,2.4849067,2.4849069118499756,2.4849067,0.0,1,0.0
betweenness_centrality,N/A,0.05,0.3,0.9,2,er,0,0.08333332,0.08333331,7.450581e-09,1,0.08333332,0.0,0,2.4849067,2.4849071502685547,2.4849067,0.0,1,0.0
betweenness_centrality,N/A,0.05,0.3,1.0,2,er,0,0.08333332,,,1,0.08333332,0.0,0,2.4849067,,2.4849067,0.0,1,
betweenness_centrality,N/A,0.1,0.3,0.1,2,er,516,0.08333332,0.08333331,7.450581e-09,1,0.08333332,0.0,0,2.4849067,2.4849066734313965,2.4849067,0.0,1,0.0
betweenness_centrality,N/A,0.1,0.3,0.2,2,er,516,0.08333332,0.08333332,0.0,1,0.08333332,0.0,0,2.4849067,2.4849069118499756,2.4849067,0.0,1,0.0
betweenness_centrality,N/A,0.1,0.3,0.30000000000000004,2,er,514,0.08333332,0.08333332,0.0,1,0.08333332,0.0,0,2.4849067,2.4849069118499756,2.4849067,0.0,1,0.0
betweenness_centrality,N/A,0.1,0.3,0.4,2,er,5,0.08333332,0.08333332,0.0,1,0.08333332,0.0,0,2.4849067,2.4849069118499756,2.484907,0.0,1,0.0
betweenness_centrality,N/A,0.1,0.3,0.5,2,er,5,0.08333332,0.08333333,7.450581e-09,1,0.08333332,0.0,0,2.4849067,2.4849066734313965,2.484907,0.0,1,0.0
betweenness_centrality,N/A,0.1,0.3,0.6000000000000001,2,er,1,0.08333332,0.08333332,0.0,1,0.08333332,0.0,0,2.4849067,2.4849069118499756,2.4849067,0.0,1,0.0
betweenness_centrality,N/A,0.1,0.3,0.7000000000000001,2,er,0,0.08333332,0.08333332,0.0,1,0.08333332,0.0,0,2.4849067,2.4849069118499756,2.4849067,0.0,1,0.0
betweenness_centrality,N/A,0.1,0.3,0.8,2,er,0,0.08333332,0.08333332,0.0,1,0.08333332,0.0,0,2.4849067,2.4849069118499756,2.4849067,0.0,1,0.0
betweenness_centrality,N/A,0.1,0.3,0.9,2,er,0,0.08333332,0.08333331,7.450581e-09,1,0.08333332,0.0,0,2.4849067,2.4849071502685547,2.4849067,0.0,1,0.0
betweenness_centrality,N/A,0.1,0.3,1.0,2,er,0,0.08333332,,,1,0.08333332,0.0,0,2.4849067,,2.4849067,0.0,1,
betweenness_centrality,N/A,0.2,0.3,0.1,2,er,5,0.08333332,0.08333331,7.450581e-09,1,0.08333332,0.0,1,2.4849067,2.4849066734313965,2.4849067,0.0,1,0.0
betweenness_centrality,N/A,0.2,0.3,0.2,2,er,513,0.08333332,0.08333332,0.0,1,0.08333332,0.0,0,2.4849067,2.4849069118499756,2.484907,0.0,1,0.0
betweenness_centrality,N/A,0.2,0.3,0.30000000000000004,2,er,513,0.08333332,0.08333332,0.0,1,0.08333332,0.0,0,2.4849067,2.4849069118499756,2.484907,0.0,1,0.0
betweenness_centrality,N/A,0.2,0.3,0.4,2,er,5,0.08333332,0.08333332,0.0,1,0.08333332,0.0,1,2.4849067,2.4849069118499756,2.4849067,0.0,1,0.0
betweenness_centrality,N/A,0.2,0.3,0.5,2,er,0,0.08333332,0.08333333,7.450581e-09,1,0.08333332,0.0,1,2.4849067,2.4849066734313965,2.4849067,0.0,1,0.0
betweenness_centrality,N/A,0.2,0.3,0.6000000000000001,2,er,0,0.08333332,0.08333332,0.0,1,0.08333332,0.0,1,2.4849067,2.4849069118499756,2.4849067,0.0,1,0.0
betweenness_centrality,N/A,0.2,0.3,0.7000000000000001,2,er,0,0.08333332,0.08333332,0.0,1,0.08333332,0.0,1,2.4849067,2.4849069118499756,2.4849067,0.0,1,0.0
betweenness_centrality,N/A,0.2,0.3,0.8,2,er,0,0.08333332,0.08333332,0.0,1,0.08333332,0.0,1,2.4849067,2.4849069118499756,2.4849067,0.0,1,0.0
betweenness_centrality,N/A,0.2,0.3,0.9,2,er,0,0.08333332,0.08333331,7.450581e-09,1,0.08333332,0.0,1,2.4849067,2.4849071502685547,2.4849067,0.0,1,0.0
betweenness_centrality,N/A,0.2,0.3,1.0,2,er,0,0.08333332,,,1,0.08333332,0.0,1,2.4849067,,2.4849067,0.0,1,
betweenness_centrality,N/A,0.05,0.3,0.1,3,er,5,0.08333332,0.08333331,7.450581e-09,1,0.08333332,0.0,0,2.4849067,2.4849066734313965,2.484907,0.0,1,0.0
betweenness_centrality,N/A,0.05,0.3,0.2,3,er,0,0.08333332,0.08333332,0.0,1,0.08333332,0.0,0,2.4849067,2.4849069118499756,2.4849067,0.0,1,0.0
betweenness_centrality,N/A,0.05,0.3,0.30000000000000004,3,er,0,0.08333332,0.08333332,0.0,1,0.08333332,0.0,0,2.4849067,2.4849069118499756,2.4849067,0.0,1,0.0
betweenness_centrality,N/A,0.05,0.3,0.4,3,er,0,0.08333332,0.08333332,0.0,1,0.08333332,0.0,0,2.4849067,2.4849069118499756,2.4849067,0.0,1,0.0
betweenness_centrality,N/A,0.05,0.3,0.5,3,er,0,0.08333332,0.08333333,7.450581e-09,1,0.08333332,0.0,0,2.4849067,2.4849066734313965,2.4849067,0.0,1,0.0
betweenness_centrality,N/A,0.05,0.3,0.6000000000000001,3,er,0,0.08333332,0.08333332,0.0,1,0.08333332,0.0,0,2.4849067,2.4849069118499756,2.4849067,0.0,1,0.0
betweenness_centrality,N/A,0.05,0.3,0.7000000000000001,3,er,0,0.08333332,0.08333332,0.0,1,0.08333332,0.0,0,2.4849067,2.4849069118499756,2.4849067,0.0,1,0.0
betweenness_centrality,N/A,0.05,0.3,0.8,3,er,0,0.08333332,0.08333332,0.0,1,0.08333332,0.0,0,2.4849067,2.4849069118499756,2.4849067,0.0,1,0.0
betweenness_centrality,N/A,0.05,0.3,0.9,3,er,0,0.08333332,0.08333331,7.450581e-09,1,0.08333332,0.0,0,2.4849067,2.4849071502685547,2.4849067,0.0,1,0.0
betweenness_centrality,N/A,0.05,0.3,1.0,3,er,0,0.08333332,,,1,0.08333332,0.0,0,2.4849067,,2.4849067,0.0,1,
betweenness_centrality,N/A,0.1,0.3,0.1,3,er,0,0.08333332,0.08333331,7.450581e-09,1,0.08333332,0.0,0,2.4849067,2.4849066734313965,2.484907,0.0,1,0.0
betweenness_centrality,N/A,0.1,0.3,0.2,3,er,0,0.08333332,0.08333332,0.0,1,0.08333332,0.0,0,2.4849067,2.4849069118499756,2.484907,0.0,1,0.0
betweenness_centrality,N/A,0.1,0.3,0.30000000000000004,3,er,0,0.08333332,0.08333332,0.0,1,0.08333332,0.0,0,2.4849067,2.4849069118499756,2.484907,0.0,1,0.0
betweenness_centrality,N/A,0.1,0.3,0.4,3,er,0,0.08333332,0.08333332,0.0,1,0.08333332,0.0,0,2.4849067,2.4849069118499756,2.484907,0.0,1,0.0
betweenness_centrality,N/A,0.1,0.3,0.5,3,er,0,0.08333332,0.08333333,7.450581e-09,1,0.08333332,0.0,0,2.4849067,2.4849066734313965,2.484907,0.0,1,0.0
betweenness_centrality,N/A,0.1,0.3,0.6000000000000001,3,er,0,0.08333332,0.08333332,0.0,1,0.08333332,0.0,0,2.4849067,2.4849069118499756,2.484907,0.0,1,0.0
betweenness_centrality,N/A,0.1,0.3,0.7000000000000001,3,er,0,0.08333332,0.08333332,0.0,1,0.08333332,0.0,0,2.4849067,2.4849069118499756,2.484907,0.0,1,0.0
betweenness_centrality,N/A,0.1,0.3,0.8,3,er,0,0.08333332,0.08333332,0.0,1,0.08333332,0.0,0,2.4849067,2.4849069118499756,2.484907,0.0,1,0.0
betweenness_centrality,N/A,0.1,0.3,0.9,3,er,0,0.08333332,0.08333331,7.450581e-09,1,0.08333332,0.0,0,2.4849067,2.4849071502685547,2.484907,0.0,1,0.0
betweenness_centrality,N/A,0.1,0.3,1.0,3,er,0,0.08333332,,,1,0.08333332,0.0,0,2.4849067,,2.484907,0.0,1,
betweenness_centrality,N/A,0.2,0.3,0.1,3,er,515,0.08333332,0.08333331,7.450581e-09,1,0.08333332,0.0,0,2.4849067,2.4849066734313965,2.4849067,0.0,1,0.0
betweenness_centrality,N/A,0.2,0.3,0.2,3,er,1,0.08333332,0.08333332,0.0,1,0.08333332,0.0,0,2.4849067,2.4849069118499756,2.484907,0.0,1,0.0
betweenness_centrality,N/A,0.2,0.3,0.30000000000000004,3,er,1,0.08333332,0.08333332,0.0,1,0.08333332,0.0,0,2.4849067,2.4849069118499756,2.484907,0.0,1,0.0
betweenness_centrality,N/A,0.2,0.3,0.4,3,er,1,0.08333332,0.08333332,0.0,1,0.08333332,0.0,0,2.4849067,2.4849069118499756,2.484907,0.0,1,0.0
betweenness_centrality,N/A,0.2,0.3,0.5,3,er,1,0.08333332,0.08333333,7.450581e-09,1,0.08333332,0.0,0,2.4849067,2.4849066734313965,2.484907,0.0,1,0.0
betweenness_centrality,N/A,0.2,0.3,0.6000000000000001,3,er,1,0.08333332,0.08333332,0.0,1,0.08333332,0.0,0,2.4849067,2.4849069118499756,2.484907,0.0,1,0.0
betweenness_centrality,N/A,0.2,0.3,0.7000000000000001,3,er,1,0.08333332,0.08333332,0.0,1,0.08333332,0.0,0,2.4849067,2.4849069118499756,2.484907,0.0,1,0.0
betweenness_centrality,N/A,0.2,0.3,0.8,3,er,1,0.08333332,0.08333332,0.0,1,0.08333332,0.0,0,2.4849067,2.4849069118499756,2.484907,0.0,1,0.0
betweenness_centrality,N/A,0.2,0.3,0.9,3,er,1,0.08333332,0.08333331,7.450581e-09,1,0.08333332,0.0,0,2.4849067,2.4849071502685547,2.484907,0.0,1,0.0
betweenness_centrality,N/A,0.2,0.3,1.0,3,er,0,0.08333332,,,1,0.08333332,0.0,0,2.4849067,,2.4849067,0.0,1,
betweenness_centrality,N/A,0.05,0.3,0.1,4,er,520,0.08333332,0.08333331,7.450581e-09,1,0.08333332,0.0,0,2.4849067,2.4849066734313965,2.484907,0.0,1,0.0
betweenness_centrality,N/A,0.05,0.3,0.2,4,er,520,0.08333332,0.08333332,0.0,1,0.08333332,0.0,0,2.4849067,2.4849069118499756,2.484907,0.0,1,0.0
betweenness_centrality,N/A,0.05,0.3,0.30000000000000004,4,er,515,0.08333332,0.08333332,0.0,1,0.08333332,0.0,0,2.4849067,2.4849069118499756,2.484907,0.0,1,0.0
betweenness_centrality,N/A,0.05,0.3,0.4,4,er,1,0.08333332,0.08333332,0.0,1,0.08333332,0.0,0,2.4849067,2.4849069118499756,2.484907,0.0,1,0.0
betweenness_centrality,N/A,0.05,0.3,0.5,4,er,1,0.08333332,0.08333333,7.450581e-09,1,0.08333332,0.0,0,2.4849067,2.4849066734313965,2.484907,0.0,1,0.0
betweenness_centrality,N/A,0.05,0.3,0.6000000000000001,4,er,1,0.08333332,0.08333332,0.0,1,0.08333332,0.0,0,2.4849067,2.4849069118499756,2.484907,0.0,1,0.0
betweenness_centrality,N/A,0.05,0.3,0.7000000000000001,4,er,1,0.08333332,0.08333332,0.0,1,0.08333332,0.0,0,2.4849067,2.4849069118499756,2.484907,0.0,1,0.0
betweenness_centrality,N/A,0.05,0.3,0.8,4,er,0,0.08333332,0.08333332,0.0,1,0.08333332,0.0,0,2.4849067,2.4849069118499756,2.4849067,0.0,1,0.0
betweenness_centrality,N/A,0.05,0.3,0.9,4,er,0,0.08333332,0.08333331,7.450581e-09,1,0.08333332,0.0,0,2.4849067,2.4849071502685547,2.4849067,0.0,1,0.0
betweenness_centrality,N/A,0.05,0.3,1.0,4,er,0,0.08333332,,,1,0.08333332,0.0,0,2.4849067,,2.4849067,0.0,1,
betweenness_centrality,N/A,0.1,0.3,0.1,4,er,515,0.08333332,0.08333331,7.450581e-09,1,0.08333332,0.0,0,2.4849067,2.4849066734313965,2.484907,0.0,1,0.0
betweenness_centrality,N/A,0.1,0.3,0.2,4,er,515,0.08333332,0.08333332,0.0,1,0.08333332,0.0,0,2.4849067,2.4849069118499756,2.484907,0.0,1,0.0
betweenness_centrality,N/A,0.1,0.3,0.30000000000000004,4,er,515,0.08333332,0.08333332,0.0,1,0.08333332,0.0,0,2.4849067,2.4849069118499756,2.484907,0.0,1,0.0
betweenness_centrality,N/A,0.1,0.3,0.4,4,er,3,0.08333332,0.08333332,0.0,1,0.08333332,0.0,0,2.4849067,2.4849069118499756,2.484907,0.0,1,0.0
betweenness_centrality,N/A,0.1,0.3,0.5,4,er,3,0.08333332,0.08333333,7.450581e-09,1,0.08333332,0.0,0,2.4849067,2.4849066734313965,2.484907,0.0,1,0.0
betweenness_centrality,N/A,0.1,0.3,0.6000000000000001,4,er,3,0.08333332,0.08333332,0.0,1,0.08333332,0.0,0,2.4849067,2.4849069118499756,2.484907,0.0,1,0.0
betweenness_centrality,N/A,0.1,0.3,0.7000000000000001,4,er,3,0.08333332,0.08333332,0.0,1,0.08333332,0.0,0,2.4849067,2.4849069118499756,2.484907,0.0,1,0.0
betweenness_centrality,N/A,0.1,0.3,0.8,4,er,3,0.08333332,0.08333332,0.0,1,0.08333332,0.0,0,2.4849067,2.4849069118499756,2.484907,0.0,1,0.0
betweenness_centrality,N/A,0.1,0.3,0.9,4,er,0,0.08333332,0.08333331,7.450581e-09,1,0.08333332,0.0,0,2.4849067,2.4849071502685547,2.4849067,0.0,1,0.0
betweenness_centrality,N/A,0.1,0.3,1.0,4,er,0,0.08333332,,,1,0.08333332,0.0,0,2.4849067,,2.4849067,0.0,1,
betweenness_centrality,N/A,0.2,0.3,0.1,4,er,0,0.08333332,0.08333331,7.450581e-09,1,0.08333332,0.0,0,2.4849067,2.4849066734313965,2.4849067,0.0,1,0.0
betweenness_centrality,N/A,0.2,0.3,0.2,4,er,0,0.08333332,0.08333332,0.0,1,0.08333332,0.0,0,2.4849067,2.4849069118499756,2.4849067,0.0,1,0.0
betweenness_centrality,N/A,0.2,0.3,0.30000000000000004,4,er,0,0.08333332,0.08333332,0.0,1,0.08333332,0.0,0,2.4849067,2.4849069118499756,2.4849067,0.0,1,0.0
betweenness_centrality,N/A,0.2,0.3,0.4,4,er,0,0.08333332,0.08333332,0.0,1,0.08333332,0.0,0,2.4849067,2.4849069118499756,2.4849067,0.0,1,0.0
betweenness_centrality,N/A,0.2,0.3,0.5,4,er,0,0.08333332,0.08333333,7.450581e-09,1,0.08333332,0.0,0,2.4849067,2.4849066734313965,2.4849067,0.0,1,0.0
betweenness_centrality,N/A,0.2,0.3,0.6000000000000001,4,er,0,0.08333332,0.08333332,0.0,1,0.08333332,0.0,0,2.4849067,2.4849069118499756,2.4849067,0.0,1,0.0
betweenness_centrality,N/A,0.2,0.3,0.7000000000000001,4,er,0,0.08333332,0.08333332,0.0,1,0.08333332,0.0,0,2.4849067,2.4849069118499756,2.4849067,0.0,1,0.0
betweenness_centrality,N/A,0.2,0.3,0.8,4,er,0,0.08333332,0.08333332,0.0,1,0.08333332,0.0,0,2.4849067,2.4849069118499756,2.4849067,0.0,1,0.0
betweenness_centrality,N/A,0.2,0.3,0.9,4,er,0,0.08333332,0.08333331,7.450581e-09,1,0.08333332,0.0,0,2.4849067,2.4849071502685547,2.4849067,0.0,1,0.0
betweenness_centrality,N/A,0.2,0.3,1.0,4,er,0,0.08333332,,,1,0.08333332,0.0,0,2.4849067,,2.4849067,0.0,1,
betweenness_centrality,N/A,0.05,0.3,0.1,5,er,516,0.08333332,0.08333331,7.450581e-09,1,0.08333332,0.0,0,2.4849067,2.4849066734313965,2.484907,0.0,1,0.0
betweenness_centrality,N/A,0.05,0.3,0.2,5,er,512,0.08333332,0.08333332,0.0,1,0.08333332,0.0,0,2.4849067,2.4849069118499756,2.484907,0.0,1,0.0
betweenness_centrality,N/A,0.05,0.3,0.30000000000000004,5,er,512,0.08333332,0.08333332,0.0,1,0.08333332,0.0,0,2.4849067,2.4849069118499756,2.484907,0.0,1,0.0
betweenness_centrality,N/A,0.05,0.3,0.4,5,er,1,0.08333332,0.08333332,0.0,1,0.08333332,0.0,0,2.4849067,2.4849069118499756,2.484907,0.0,1,0.0
betweenness_centrality,N/A,0.05,0.3,0.5,5,er,1,0.08333332,0.08333333,7.450581e-09,1,0.08333332,0.0,0,2.4849067,2.4849066734313965,2.484907,0.0,1,0.0
betweenness_centrality,N/A,0.05,0.3,0.6000000000000001,5,er,0,0.08333332,0.08333332,0.0,1,0.08333332,0.0,0,2.4849067,2.4849069118499756,2.4849067,0.0,1,0.0
betweenness_centrality,N/A,0.05,0.3,0.7000000000000001,5,er,0,0.08333332,0.08333332,0.0,1,0.08333332,0.0,0,2.4849067,2.4849069118499756,2.4849067,0.0,1,0.0
betweenness_centrality,N/A,0.05,0.3,0.8,5,er,0,0.08333332,0.08333332,0.0,1,0.08333332,0.0,0,2.4849067,2.4849069118499756,2.4849067,0.0,1,0.0
betweenness_centrality,N/A,0.05,0.3,0.9,5,er,0,0.08333332,0.08333331,7.450581e-09,1,0.08333332,0.0,0,2.4849067,2.4849071502685547,2.4849067,0.0,1,0.0
betweenness_centrality,N/A,0.05,0.3,1.0,5,er,0,0.08333332,,,1,0.08333332,0.0,0,2.4849067,,2.4849067,0.0,1,
betweenness_centrality,N/A,0.1,0.3,0.1,5,er,513,0.08333332,0.08333331,7.450581e-09,1,0.08333332,0.0,0,2.4849067,2.4849066734313965,2.4849067,0.0,1,0.0
betweenness_centrality,N/A,0.1,0.3,0.2,5,er,0,0.08333332,0.08333332,0.0,1,0.08333332,0.0,0,2.4849067,2.4849069118499756,2.484907,0.0,1,0.0
betweenness_centrality,N/A,0.1,0.3,0.30000000000000004,5,er,0,0.08333332,0.08333332,0.0,1,0.08333332,0.0,0,2.4849067,2.4849069118499756,2.484907,0.0,1,0.0
betweenness_centrality,N/A,0.1,0.3,0.4,5,er,0,0.08333332,0.08333332,0.0,1,0.08333332,0.0,0,2.4849067,2.4849069118499756,2.484907,0.0,1,0.0
betweenness_centrality,N/A,0.1,0.3,0.5,5,er,0,0.08333332,0.08333333,7.450581e-09,1,0.08333332,0.0,0,2.4849067,2.4849066734313965,2.484907,0.0,1,0.0
betweenness_centrality,N/A,0.1,0.3,0.6000000000000001,5,er,0,0.08333332,0.08333332,0.0,1,0.08333332,0.0,0,2.4849067,2.4849069118499756,2.484907,0.0,1,0.0
betweenness_centrality,N/A,0.1,0.3,0.7000000000000001,5,er,0,0.08333332,0.08333332,0.0,1,0.08333332,0.0,0,2.4849067,2.4849069118499756,2.484907,0.0,1,0.0
betweenness_centrality,N/A,0.1,0.3,0.8,5,er,0,0.08333332,0.08333332,0.0,1,0.08333332,0.0,0,2.4849067,2.4849069118499756,2.484907,0.0,1,0.0
betweenness_centrality,N/A,0.1,0.3,0.9,5,er,0,0.08333332,0.08333331,7.450581e-09,1,0.08333332,0.0,0,2.4849067,2.4849071502685547,2.484907,0.0,1,0.0
betweenness_centrality,N/A,0.1,0.3,1.0,5,er,0,0.08333332,,,1,0.08333332,0.0,0,2.4849067,,2.484907,0.0,1,
betweenness_centrality,N/A,0.2,0.3,0.1,5,er,2,0.08333332,0.08333331,7.450581e-09,1,0.08333332,0.0,0,2.4849067,2.4849066734313965,2.4849067,0.0,1,0.0
betweenness_centrality,N/A,0.2,0.3,0.2,5,er,2,0.08333332,0.08333332,0.0,1,0.08333332,0.0,0,2.4849067,2.4849069118499756,2.4849067,0.0,1,0.0
betweenness_centrality,N/A,0.2,0.3,0.30000000000000004,5,er,512,0.08333332,0.08333332,0.0,1,0.08333332,0.0,0,2.4849067,2.4849069118499756,2.484907,0.0,1,0.0
betweenness_centrality,N/A,0.2,0.3,0.4,5,er,2,0.08333332,0.08333332,0.0,1,0.08333332,0.0,0,2.4849067,2.4849069118499756,2.4849067,0.0,1,0.0
betweenness_centrality,N/A,0.2,0.3,0.5,5,er,2,0.08333332,0.08333333,7.450581e-09,1,0.08333332,0.0,0,2.4849067,2.4849066734313965,2.4849067,0.0,1,0.0
betweenness_centrality,N/A,0.2,0.3,0.6000000000000001,5,er,0,0.08333332,0.08333332,0.0,1,0.08333332,0.0,0,2.4849067,2.4849069118499756,2.4849067,0.0,1,0.0
betweenness_centrality,N/A,0.2,0.3,0.7000000000000001,5,er,0,0.08333332,0.08333332,0.0,1,0.08333332,0.0,0,2.4849067,2.4849069118499756,2.4849067,0.0,1,0.0
betweenness_centrality,N/A,0.2,0.3,0.8,5,er,0,0.08333332,0.08333332,0.0,1,0.08333332,0.0,0,2.4849067,2.4849069118499756,2.4849067,0.0,1,0.0
betweenness_centrality,N/A,0.2,0.3,0.9,5,er,0,0.08333332,0.08333331,7.450581e-09,1,0.08333332,0.0,0,2.4849067,2.4849071502685547,2.4849067,0.0,1,0.0
betweenness_centrality,N/A,0.2,0.3,1.0,5,er,0,0.08333332,,,1,0.08333332,0.0,0,2.4849067,,2.4849067,0.0,1,
betweenness_centrality,N/A,0.05,0.3,0.1,6,er,20,0.08333332,0.08333331,7.450581e-09,1,0.08333332,0.0,0,2.4849067,2.4849066734313965,2.4849067,0.0,1,0.0
betweenness_centrality,N/A,0.05,0.3,0.2,6,er,5,0.08333332,0.08333332,0.0,1,0.08333332,0.0,0,2.4849067,2.4849069118499756,2.4849067,0.0,1,0.0
betweenness_centrality,N/A,0.05,0.3,0.30000000000000004,6,er,1,0.08333332,0.08333332,0.0,1,0.08333332,0.0,0,2.4849067,2.4849069118499756,2.484907,0.0,1,0.0
betweenness_centrality,N/A,0.05,0.3,0.4,6,er,1,0.08333332,0.08333332,0.0,1,0.08333332,0.0,0,2.4849067,2.4849069118499756,2.484907,0.0,1,0.0
betweenness_centrality,N/A,0.05,0.3,0.5,6,er,1,0.08333332,0.08333333,7.450581e-09,1,0.08333332,0.0,0,2.4849067,2.4849066734313965,2.484907,0.0,1,0.0
betweenness_centrality,N/A,0.05,0.3,0.6000000000000001,6,er,1,0.08333332,0.08333332,0.0,1,0.08333332,0.0,0,2.4849067,2.4849069118499756,2.484907,0.0,1,0.0
betweenness_centrality,N/A,0.05,0.3,0.7000000000000001,6,er,1,0.08333332,0.08333332,0.0,1,0.08333332,0.0,0,2.4849067,2.4849069118499756,2.484907,0.0,1,0.0
betweenness_centrality,N/A,0.05,0.3,0.8,6,er,1,0.08333332,0.08333332,0.0,1,0.08333332,0.0,0,2.4849067,2.4849069118499756,2.484907,0.0,1,0.0
betweenness_centrality,N/A,0.05,0.3,0.9,6,er,1,0.08333332,0.08333331,7.450581e-09,1,0.08333332,0.0,0,2.4849067,2.4849071502685547,2.484907,0.0,1,0.0
betweenness_centrality,N/A,0.05,0.3,1.0,6,er,0,0.08333332,,,1,0.08333332,0.0,0,2.4849067,,2.4849067,0.0,1,
betweenness_centrality,N/A,0.1,0.3,0.1,6,er,516,0.08333332,0.08333331,7.450581e-09,1,0.08333332,0.0,0,2.4849067,2.4849066734313965,2.4849067,0.0,1,0.0
betweenness_centrality,N/A,0.1,0.3,0.2,6,er,516,0.08333332,0.08333332,0.0,1,0.08333332,0.0,0,2.4849067,2.4849069118499756,2.4849067,0.0,1,0.0
betweenness_centrality,N/A,0.1,0.3,0.30000000000000004,6,er,512,0.08333332,0.08333332,0.0,1,0.08333332,0.0,0,2.4849067,2.4849069118499756,2.484907,0.0,1,0.0
betweenness_centrality,N/A,0.1,0.3,0.4,6,er,0,0.08333332,0.08333332,0.0,1,0.08333332,0.0,0,2.4849067,2.4849069118499756,2.4849067,0.0,1,0.0
betweenness_centrality,N/A,0.1,0.3,0.5,6,er,0,0.08333332,0.08333333,7.450581e-09,1,0.08333332,0.0,0,2.4849067,2.4849066734313965,2.4849067,0.0,1,0.0
betweenness_centrality,N/A,0.1,0.3,0.6000000000000001,6,er,0,0.08333332,0.08333332,0.0,1,0.08333332,0.0,0,2.4849067,2.4849069118499756,2.4849067,0.0,1,0.0
betweenness_centrality,N/A,0.1,0.3,0.7000000000000001,6,er,0,0.08333332,0.08333332,0.0,1,0.08333332,0.0,0,2.4849067,2.4849069118499756,2.4849067,0.0,1,0.0
betweenness_centrality,N/A,0.1,0.3,0.8,6,er,0,0.08333332,0.08333332,0.0,1,0.08333332,0.0,0,2.4849067,2.4849069118499756,2.4849067,0.0,1,0.0
betweenness_centrality,N/A,0.1,0.3,0.9,6,er,0,0.08333332,0.08333331,7.450581e-09,1,0.08333332,0.0,0,2.4849067,2.4849071502685547,2.4849067,0.0,1,0.0
betweenness_centrality,N/A,0.1,0.3,1.0,6,er,0,0.08333332,,,1,0.08333332,0.0,0,2.4849067,,2.4849067,0.0,1,
betweenness_centrality,N/A,0.2,0.3,0.1,6,er,0,0.08333332,0.08333331,7.450581e-09,1,0.08333332,0.0,0,2.4849067,2.4849066734313965,2.4849067,0.0,1,0.0
betweenness_centrality,N/A,0.2,0.3,0.2,6,er,0,0.08333332,0.08333332,0.0,1,0.08333332,0.0,0,2.4849067,2.4849069118499756,2.4849067,0.0,1,0.0
betweenness_centrality,N/A,0.2,0.3,0.30000000000000004,6,er,0,0.08333332,0.08333332,0.0,1,0.08333332,0.0,0,2.4849067,2.4849069118499756,2.4849067,0.0,1,0.0
betweenness_centrality,N/A,0.2,0.3,0.4,6,er,0,0.08333332,0.08333332,0.0,1,0.08333332,0.0,0,2.4849067,2.4849069118499756,2.4849067,0.0,1,0.0
betweenness_centrality,N/A,0.2,0.3,0.5,6,er,0,0.08333332,0.08333333,7.450581e-09,1,0.08333332,0.0,0,2.4849067,2.4849066734313965,2.4849067,0.0,1,0.0
betweenness_centrality,N/A,0.2,0.3,0.6000000000000001,6,er,0,0.08333332,0.08333332,0.0,1,0.08333332,0.0,0,2.4849067,2.4849069118499756,2.4849067,0.0,1,0.0
betweenness_centrality,N/A,0.2,0.3,0.7000000000000001,6,er,0,0.08333332,0.08333332,0.0,1,0.08333332,0.0,0,2.4849067,2.4849069118499756,2.4849067,0.0,1,0.0
betweenness_centrality,N/A,0.2,0.3,0.8,6,er,0,0.08333332,0.08333332,0.0,1,0.08333332,0.0,0,2.4849067,2.4849069118499756,2.4849067,0.0,1,0.0
betweenness_centrality,N/A,0.2,0.3,0.9,6,er,0,0.08333332,0.08333331,7.450581e-09,1,0.08333332,0.0,0,2.4849067,2.4849071502685547,2.4849067,0.0,1,0.0
betweenness_centrality,N/A,0.2,0.3,1.0,6,er,0,0.08333332,,,1,0.08333332,0.0,0,2.4849067,,2.4849067,0.0,1,
betweenness_centrality,N/A,0.05,0.3,0.1,7,er,7,0.08333332,0.08333331,7.450581e-09,1,0.08333332,0.0,0,2.4849067,2.4849066734313965,2.4849067,0.0,1,0.0
betweenness_centrality,N/A,0.05,0.3,0.2,7,er,513,0.08333332,0.08333332,0.0,1,0.08333332,0.0,0,2.4849067,2.4849069118499756,2.4849067,0.0,1,0.0
betweenness_centrality,N/A,0.05,0.3,0.30000000000000004,7,er,513,0.08333332,0.08333332,0.0,1,0.08333332,0.0,0,2.4849067,2.4849069118499756,2.4849067,0.0,1,0.0
betweenness_centrality,N/A,0.05,0.3,0.4,7,er,3,0.08333332,0.08333332,0.0,1,0.08333332,0.0,0,2.4849067,2.4849069118499756,2.484907,0.0,1,0.0
betweenness_centrality,N/A,0.05,0.3,0.5,7,er,1,0.08333332,0.08333333,7.450581e-09,1,0.08333332,0.0,0,2.4849067,2.4849066734313965,2.484907,0.0,1,0.0
betweenness_centrality,N/A,0.05,0.3,0.6000000000000001,7,er,1,0.08333332,0.08333332,0.0,1,0.08333332,0.0,0,2.4849067,2.4849069118499756,2.484907,0.0,1,0.0
betweenness_centrality,N/A,0.05,0.3,0.7000000000000001,7,er,1,0.08333332,0.08333332,0.0,1,0.08333332,0.0,0,2.4849067,2.4849069118499756,2.484907,0.0,1,0.0
betweenness_centrality,N/A,0.05,0.3,0.8,7,er,1,0.08333332,0.08333332,0.0,1,0.08333332,0.0,0,2.4849067,2.4849069118499756,2.484907,0.0,1,0.0
betweenness_centrality,N/A,0.05,0.3,0.9,7,er,1,0.08333332,0.08333331,7.450581e-09,1,0.08333332,0.0,0,2.4849067,2.4849071502685547,2.484907,0.0,1,0.0
betweenness_centrality,N/A,0.05,0.3,1.0,7,er,0,0.08333332,,,1,0.08333332,0.0,0,2.4849067,,2.4849067,0.0,1,
betweenness_centrality,N/A,0.1,0.3,0.1,7,er,6,0.08333332,0.08333331,7.450581e-09,1,0.08333332,0.0,1,2.4849067,2.4849066734313965,2.484907,0.0,1,0.0
betweenness_centrality,N/A,0.1,0.3,0.2,7,er,0,0.08333332,0.08333332,0.0,1,0.08333332,0.0,0,2.4849067,2.4849069118499756,2.4849067,0.0,1,0.0
betweenness_centrality,N/A,0.1,0.3,0.30000000000000004,7,er,0,0.08333332,0.08333332,0.0,1,0.08333332,0.0,0,2.4849067,2.4849069118499756,2.4849067,0.0,1,0.0
betweenness_centrality,N/A,0.1,0.3,0.4,7,er,0,0.08333332,0.08333332,0.0,1,0.08333332,0.0,0,2.4849067,2.4849069118499756,2.4849067,0.0,1,0.0
betweenness_centrality,N/A,0.1,0.3,0.5,7,er,0,0.08333332,0.08333333,7.450581e-09,1,0.08333332,0.0,0,2.4849067,2.4849066734313965,2.4849067,0.0,1,0.0
betweenness_centrality,N/A,0.1,0.3,0.6000000000000001,7,er,0,0.08333332,0.08333332,0.0,1,0.08333332,0.0,0,2.4849067,2.4849069118499756,2.4849067,0.0,1,0.0
betweenness_centrality,N/A,0.1,0.3,0.7000000000000001,7,er,0,0.08333332,0.08333332,0.0,1,0.08333332,0.0,0,2.4849067,2.4849069118499756,2.4849067,0.0,1,0.0
betweenness_centrality,N/A,0.1,0.3,0.8,7,er,0,0.08333332,0.08333332,0.0,1,0.08333332,0.0,0,2.4849067,2.4849069118499756,2.4849067,0.0,1,0.0
betweenness_centrality,N/A,0.1,0.3,0.9,7,er,0,0.08333332,0.08333331,7.450581e-09,1,0.08333332,0.0,0,2.4849067,2.4849071502685547,2.4849067,0.0,1,0.0
betweenness_centrality,N/A,0.1,0.3,1.0,7,er,0,0.08333332,,,1,0.08333332,0.0,0,2.4849067,,2.4849067,0.0,1,
betweenness_centrality,N/A,0.2,0.3,0.1,7,er,517,0.08333332,0.08333331,7.450581e-09,1,0.08333332,0.0,0,2.4849067,2.4849066734313965,2.4849067,0.0,1,0.0
betweenness_centrality,N/A,0.2,0.3,0.2,7,er,4,0.08333332,0.08333332,0.0,1,0.08333332,0.0,0,2.4849067,2.4849069118499756,2.484907,0.0,1,0.0
betweenness_centrality,N/A,0.2,0.3,0.30000000000000004,7,er,512,0.08333332,0.08333332,0.0,1,0.08333332,0.0,1,2.4849067,2.4849069118499756,2.484907,0.0,1,0.0
betweenness_centrality,N/A,0.2,0.3,0.4,7,er,3,0.08333332,0.08333332,0.0,1,0.08333332,0.0,0,2.4849067,2.4849069118499756,2.484907,0.0,1,0.0
betweenness_centrality,N/A,0.2,0.3,0.5,7,er,0,0.08333332,0.08333333,7.450581e-09,1,0.08333332,0.0,0,2.4849067,2.4849066734313965,2.4849067,0.0,1,0.0
betweenness_centrality,N/A,0.2,0.3,0.6000000000000001,7,er,0,0.08333332,0.08333332,0.0,1,0.08333332,0.0,0,2.4849067,2.4849069118499756,2.4849067,0.0,1,0.0
betweenness_centrality,N/A,0.2,0.3,0.7000000000000001,7,er,0,0.08333332,0.08333332,0.0,1,0.08333332,0.0,0,2.4849067,2.4849069118499756,2.4849067,0.0,1,0.0
betweenness_centrality,N/A,0.2,0.3,0.8,7,er,0,0.08333332,0.08333332,0.0,1,0.08333332,0.0,0,2.4849067,2.4849069118499756,2.4849067,0.0,1,0.0
betweenness_centrality,N/A,0.2,0.3,0.9,7,er,0,0.08333332,0.08333331,7.450581e-09,1,0.08333332,0.0,0,2.4849067,2.4849071502685547,2.4849067,0.0,1,0.0
betweenness_centrality,N/A,0.2,0.3,1.0,7,er,0,0.08333332,,,1,0.08333332,0.0,0,2.4849067,,2.4849067,0.0,1,
betweenness_centrality,N/A,0.05,0.3,0.1,8,er,519,0.08333332,0.08333331,7.450581e-09,1,0.08333332,0.0,0,2.4849067,2.4849066734313965,2.4849067,0.0,1,0.0
betweenness_centrality,N/A,0.05,0.3,0.2,8,er,512,0.08333332,0.08333332,0.0,1,0.08333332,0.0,0,2.4849067,2.4849069118499756,2.484907,0.0,1,0.0
betweenness_centrality,N/A,0.05,0.3,0.30000000000000004,8,er,512,0.08333332,0.08333332,0.0,1,0.08333332,0.0,0,2.4849067,2.4849069118499756,2.484907,0.0,1,0.0
betweenness_centrality,N/A,0.05,0.3,0.4,8,er,1,0.08333332,0.08333332,0.0,1,0.08333332,0.0,0,2.4849067,2.4849069118499756,2.484907,0.0,1,0.0
betweenness_centrality,N/A,0.05,0.3,0.5,8,er,1,0.08333332,0.08333333,7.450581e-09,1,0.08333332,0.0,0,2.4849067,2.4849066734313965,2.484907,0.0,1,0.0
betweenness_centrality,N/A,0.05,0.3,0.6000000000000001,8,er,1,0.08333332,0.08333332,0.0,1,0.08333332,0.0,0,2.4849067,2.4849069118499756,2.484907,0.0,1,0.0
betweenness_centrality,N/A,0.05,0.3,0.7000000000000001,8,er,1,0.08333332,0.08333332,0.0,1,0.08333332,0.0,0,2.4849067,2.4849069118499756,2.484907,0.0,1,0.0
betweenness_centrality,N/A,0.05,0.3,0.8,8,er,0,0.08333332,0.08333332,0.0,1,0.08333332,0.0,0,2.4849067,2.4849069118499756,2.4849067,0.0,1,0.0
betweenness_centrality,N/A,0.05,0.3,0.9,8,er,0,0.08333332,0.08333331,7.450581e-09,1,0.08333332,0.0,0,2.4849067,2.4849071502685547,2.4849067,0.0,1,0.0
betweenness_centrality,N/A,0.05,0.3,1.0,8,er,0,0.08333332,,,1,0.08333332,0.0,0,2.4849067,,2.4849067,0.0,1,
betweenness_centrality,N/A,0.1,0.3,0.1,8,er,0,0.08333332,0.08333331,7.450581e-09,1,0.08333332,0.0,0,2.4849067,2.4849066734313965,2.4849067,0.0,1,0.0
betweenness_centrality,N/A,0.1,0.3,0.2,8,er,0,0.08333332,0.08333332,0.0,1,0.08333332,0.0,0,2.4849067,2.4849069118499756,2.4849067,0.0,1,0.0
betweenness_centrality,N/A,0.1,0.3,0.30000000000000004,8,er,0,0.08333332,0.08333332,0.0,1,0.08333332,0.0,0,2.4849067,2.4849069118499756,2.4849067,0.0,1,0.0
betweenness_centrality,N/A,0.1,0.3,0.4,8,er,0,0.08333332,0.08333332,0.0,1,0.08333332,0.0,0,2.4849067,2.4849069118499756,2.4849067,0.0,1,0.0
betweenness_centrality,N/A,0.1,0.3,0.5,8,er,0,0.08333332,0.08333333,7.450581e-09,1,0.08333332,0.0,0,2.4849067,2.4849066734313965,2.4849067,0.0,1,0.0
betweenness_centrality,N/A,0.1,0.3,0.6000000000000001,8,er,0,0.08333332,0.08333332,0.0,1,0.08333332,0.0,0,2.4849067,2.4849069118499756,2.4849067,0.0,1,0.0
betweenness_centrality,N/A,0.1,0.3,0.7000000000000001,8,er,0,0.08333332,0.08333332,0.0,1,0.08333332,0.0,0,2.4849067,2.4849069118499756,2.4849067,0.0,1,0.0
betweenness_centrality,N/A,0.1,0.3,0.8,8,er,0,0.08333332,0.08333332,0.0,1,0.08333332,0.0,0,2.4849067,2.4849069118499756,2.4849067,0.0,1,0.0
betweenness_centrality,N/A,0.1,0.3,0.9,8,er,0,0.08333332,0.08333331,7.450581e-09,1,0.08333332,0.0,0,2.4849067,2.4849071502685547,2.4849067,0.0,1,0.0
betweenness_centrality,N/A,0.1,0.3,1.0,8,er,0,0.08333332,,,1,0.08333332,0.0,0,2.4849067,,2.4849067,0.0,1,
betweenness_centrality,N/A,0.2,0.3,0.1,8,er,513,0.08333332,0.08333331,7.450581e-09,1,0.08333332,0.0,0,2.4849067,2.4849066734313965,2.4849067,0.0,1,0.0
betweenness_centrality,N/A,0.2,0.3,0.2,8,er,513,0.08333332,0.08333332,0.0,1,0.08333332,0.0,0,2.4849067,2.4849069118499756,2.4849067,0.0,1,0.0
betweenness_centrality,N/A,0.2,0.3,0.30000000000000004,8,er,513,0.08333332,0.08333332,0.0,1,0.08333332,0.0,0,2.4849067,2.4849069118499756,2.4849067,0.0,1,0.0
betweenness_centrality,N/A,0.2,0.3,0.4,8,er,1,0.08333332,0.08333332,0.0,1,0.08333332,0.0,0,2.4849067,2.4849069118499756,2.484907,0.0,1,0.0
betweenness_centrality,N/A,0.2,0.3,0.5,8,er,0,0.08333332,0.08333333,7.450581e-09,1,0.08333332,0.0,0,2.4849067,2.4849066734313965,2.4849067,0.0,1,0.0
betweenness_centrality,N/A,0.2,0.3,0.6000000000000001,8,er,0,0.08333332,0.08333332,0.0,1,0.08333332,0.0,0,2.4849067,2.4849069118499756,2.4849067,0.0,1,0.0
betweenness_centrality,N/A,0.2,0.3,0.7000000000000001,8,er,0,0.08333332,0.08333332,0.0,1,0.08333332,0.0,0,2.4849067,2.4849069118499756,2.4849067,0.0,1,0.0
betweenness_centrality,N/A,0.2,0.3,0.8,8,er,0,0.08333332,0.08333332,0.0,1,0.08333332,0.0,0,2.4849067,2.4849069118499756,2.4849067,0.0,1,0.0
betweenness_centrality,N/A,0.2,0.3,0.9,8,er,0,0.08333332,0.08333331,7.450581e-09,1,0.08333332,0.0,0,2.4849067,2.4849071502685547,2.4849067,0.0,1,0.0
betweenness_centrality,N/A,0.2,0.3,1.0,8,er,0,0.08333332,,,1,0.08333332,0.0,0,2.4849067,,2.4849067,0.0,1,
betweenness_centrality,N/A,0.05,0.3,0.1,9,er,6,0.08333332,0.08333331,7.450581e-09,1,0.08333332,0.0,0,2.4849067,2.4849066734313965,2.4849067,0.0,1,0.0
betweenness_centrality,N/A,0.05,0.3,0.2,9,er,6,0.08333332,0.08333332,0.0,1,0.08333332,0.0,0,2.4849067,2.4849069118499756,2.4849067,0.0,1,0.0
betweenness_centrality,N/A,0.05,0.3,0.30000000000000004,9,er,514,0.08333332,0.08333332,0.0,1,0.08333332,0.0,0,2.4849067,2.4849069118499756,2.484907,0.0,1,0.0
betweenness_centrality,N/A,0.05,0.3,0.4,9,er,1,0.08333332,0.08333332,0.0,1,0.08333332,0.0,0,2.4849067,2.4849069118499756,2.484907,0.0,1,0.0
betweenness_centrality,N/A,0.05,0.3,0.5,9,er,0,0.08333332,0.08333333,7.450581e-09,1,0.08333332,0.0,0,2.4849067,2.4849066734313965,2.4849067,0.0,1,0.0
betweenness_centrality,N/A,0.05,0.3,0.6000000000000001,9,er,0,0.08333332,0.08333332,0.0,1,0.08333332,0.0,0,2.4849067,2.4849069118499756,2.4849067,0.0,1,0.0
betweenness_centrality,N/A,0.05,0.3,0.7000000000000001,9,er,0,0.08333332,0.08333332,0.0,1,0.08333332,0.0,0,2.4849067,2.4849069118499756,2.4849067,0.0,1,0.0
betweenness_centrality,N/A,0.05,0.3,0.8,9,er,0,0.08333332,0.08333332,0.0,1,0.08333332,0.0,0,2.4849067,2.4849069118499756,2.4849067,0.0,1,0.0
betweenness_centrality,N/A,0.05,0.3,0.9,9,er,0,0.08333332,0.08333331,7.450581e-09,1,0.08333332,0.0,0,2.4849067,2.4849071502685547,2.4849067,0.0,1,0.0
betweenness_centrality,N/A,0.05,0.3,1.0,9,er,0,0.08333332,,,1,0.08333332,0.0,0,2.4849067,,2.4849067,0.0,1,
betweenness_centrality,N/A,0.1,0.3,0.1,9,er,4,0.08333332,0.08333331,7.450581e-09,1,0.08333332,0.0,0,2.4849067,2.4849066734313965,2.4849067,0.0,1,0.0
betweenness_centrality,N/A,0.1,0.3,0.2,9,er,0,0.08333332,0.08333332,0.0,1,0.08333332,0.0,0,2.4849067,2.4849069118499756,2.484907,0.0,1,0.0
betweenness_centrality,N/A,0.1,0.3,0.30000000000000004,9,er,0,0.08333332,0.08333332,0.0,1,0.08333332,0.0,0,2.4849067,2.4849069118499756,2.484907,0.0,1,0.0
betweenness_centrality,N/A,0.1,0.3,0.4,9,er,0,0.08333332,0.08333332,0.0,1,0.08333332,0.0,0,2.4849067,2.4849069118499756,2.484907,0.0,1,0.0
betweenness_centrality,N/A,0.1,0.3,0.5,9,er,0,0.08333332,0.08333333,7.450581e-09,1,0.08333332,0.0,0,2.4849067,2.4849066734313965,2.484907,0.0,1,0.0
betweenness_centrality,N/A,0.1,0.3,0.6000000000000001,9,er,0,0.08333332,0.08333332,0.0,1,0.08333332,0.0,0,2.4849067,2.4849069118499756,2.484907,0.0,1,0.0
betweenness_centrality,N/A,0.1,0.3,0.7000000000000001,9,er,0,0.08333332,0.08333332,0.0,1,0.08333332,0.0,0,2.4849067,2.4849069118499756,2.484907,0.0,1,0.0
betweenness_centrality,N/A,0.1,0.3,0.8,9,er,0,0.08333332,0.08333332,0.0,1,0.08333332,0.0,0,2.4849067,2.4849069118499756,2.484907,0.0,1,0.0
betweenness_centrality,N/A,0.1,0.3,0.9,9,er,0,0.08333332,0.08333331,7.450581e-09,1,0.08333332,0.0,0,2.4849067,2.4849071502685547,2.484907,0.0,1,0.0
betweenness_centrality,N/A,0.1,0.3,1.0,9,er,0,0.08333332,,,1,0.08333332,0.0,0,2.4849067,,2.484907,0.0,1,
betweenness_centrality,N/A,0.2,0.3,0.1,9,er,512,0.08333332,0.08333331,7.450581e-09,1,0.08333332,0.0,0,2.4849067,2.4849066734313965,2.484907,0.0,1,0.0
betweenness_centrality,N/A,0.2,0.3,0.2,9,er,512,0.08333332,0.08333332,0.0,1,0.08333332,0.0,0,2.4849067,2.4849069118499756,2.484907,0.0,1,0.0
betweenness_centrality,N/A,0.2,0.3,0.30000000000000004,9,er,512,0.08333332,0.08333332,0.0,1,0.08333332,0.0,0,2.4849067,2.4849069118499756,2.484907,0.0,1,0.0
betweenness_centrality,N/A,0.2,0.3,0.4,9,er,0,0.08333332,0.08333332,0.0,1,0.08333332,0.0,0,2.4849067,2.4849069118499756,2.4849067,0.0,1,0.0
betweenness_centrality,N/A,0.2,0.3,0.5,9,er,0,0.08333332,0.08333333,7.450581e-09,1,0.08333332,0.0,0,2.4849067,2.4849066734313965,2.4849067,0.0,1,0.0
betweenness_centrality,N/A,0.2,0.3,0.6000000000000001,9,er,0,0.08333332,0.08333332,0.0,1,0.08333332,0.0,0,2.4849067,2.4849069118499756,2.4849067,0.0,1,0.0
betweenness_centrality,N/A,0.2,0.3,0.7000000000000001,9,er,0,0.08333332,0.08333332,0.0,1,0.08333332,0.0,0,2.4849067,2.4849069118499756,2.4849067,0.0,1,0.0
betweenness_centrality,N/A,0.2,0.3,0.8,9,er,0,0.08333332,0.08333332,0.0,1,0.08333332,0.0,0,2.4849067,2.4849069118499756,2.4849067,0.0,1,0.0
betweenness_centrality,N/A,0.2,0.3,0.9,9,er,0,0.08333332,0.08333331,7.450581e-09,1,0.08333332,0.0,0,2.4849067,2.4849071502685547,2.4849067,0.0,1,0.0
betweenness_centrality,N/A,0.2,0.3,1.0,9,er,0,0.08333332,,,1,0.08333332,0.0,0,2.4849067,,2.4849067,0.0,1,
page_rank,N/A,0.05,0.3,0.1,0,er,4,0.08333332,0.08333331,7.450581e-09,1,0.08333332,0.0,0,2.4849067,2.4849066734313965,2.4849067,0.0,1,0.0
page_rank,N/A,0.05,0.3,0.2,0,er,2,0.08333332,0.08333332,0.0,1,0.08333332,0.0,0,2.4849067,2.4849069118499756,2.4849067,0.0,1,0.0
page_rank,N/A,0.05,0.3,0.30000000000000004,0,er,2,0.08333332,0.08333332,0.0,1,0.08333332,0.0,0,2.4849067,2.4849069118499756,2.4849067,0.0,1,0.0
page_rank,N/A,0.05,0.3,0.4,0,er,2,0.08333332,0.08333332,0.0,1,0.08333332,0.0,0,2.4849067,2.4849069118499756,2.4849067,0.0,1,0.0
page_rank,N/A,0.05,0.3,0.5,0,er,2,0.08333332,0.08333333,7.450581e-09,1,0.08333332,0.0,0,2.4849067,2.4849066734313965,2.4849067,0.0,1,0.0
page_rank,N/A,0.05,0.3,0.6000000000000001,0,er,2,0.08333332,0.08333332,0.0,1,0.08333332,0.0,0,2.4849067,2.4849069118499756,2.4849067,0.0,1,0.0
page_rank,N/A,0.05,0.3,0.7000000000000001,0,er,2,0.08333332,0.08333332,0.0,1,0.08333332,0.0,0,2.4849067,2.4849069118499756,2.4849067,0.0,1,0.0
page_rank,N/A,0.05,0.3,0.8,0,er,1,0.08333332,0.08333332,0.0,1,0.08333332,0.0,0,2.4849067,2.4849069118499756,2.4849067,0.0,1,0.0
page_rank,N/A,0.05,0.3,0.9,0,er,1,0.08333332,0.08333331,7.450581e-09,1,0.08333332,0.0,0,2.4849067,2.4849071502685547,2.4849067,0.0,1,0.0
page_rank,N/A,0.05,0.3,1.0,0,er,0,0.08333332,,,1,0.08333332,0.0,0,2.4849067,,2.4849067,0.0,1,
page_rank,N/A,0.1,0.3,0.1,0,er,514,0.08333332,0.08333331,7.450581e-09,1,0.08333332,0.0,0,2.4849067,2.4849066734313965,2.484907,0.0,1,0.0
page_rank,N/A,0.1,0.3,0.2,0,er,514,0.08333332,0.08333332,0.0,1,0.08333332,0.0,0,2.4849067,2.4849069118499756,2.484907,0.0,1,0.0
page_rank,N/A,0.1,0.3,0.30000000000000004,0,er,514,0.08333332,0.08333332,0.0,1,0.08333332,0.0,0,2.4849067,2.4849069118499756,2.484907,0.0,1,0.0
page_rank,N/A,0.1,0.3,0.4,0,er,0,0.08333332,0.08333332,0.0,1,0.08333332,0.0,0,2.4849067,2.4849069118499756,2.484907,0.0,1,0.0
page_rank,N/A,0.1,0.3,0.5,0,er,0,0.08333332,0.08333333,7.450581e-09,1,0.08333332,0.0,0,2.4849067,2.4849066734313965,2.484907,0.0,1,0.0
page_rank,N/A,0.1,0.3,0.6000000000000001,0,er,0,0.08333332,0.08333332,0.0,1,0.08333332,0.0,0,2.4849067,2.4849069118499756,2.484907,0.0,1,0.0
page_rank,N/A,0.1,0.3,0.7000000000000001,0,er,0,0.08333332,0.08333332,0.0,1,0.08333332,0.0,0,2.4849067,2.4849069118499756,2.484907,0.0,1,0.0
page_rank,N/A,0.1,0.3,0.8,0,er,0,0.08333332,0.08333332,0.0,1,0.08333332,0.0,0,2.4849067,2.4849069118499756,2.484907,0.0,1,0.0
page_rank,N/A,0.1,0.3,0.9,0,er,0,0.08333332,0.08333331,7.450581e-09,1,0.08333332,0.0,0,2.4849067,2.4849071502685547,2.484907,0.0,1,0.0
page_rank,N/A,0.1,0.3,1.0,0,er,0,0.08333332,,,1,0.08333332,0.0,0,2.4849067,,2.484907,0.0,1,
page_rank,N/A,0.2,0.3,0.1,0,er,516,0.08333332,0.08333331,7.450581e-09,1,0.08333332,0.0,0,2.4849067,2.4849066734313965,2.484907,0.0,1,0.0
page_rank,N/A,0.2,0.3,0.2,0,er,516,0.08333332,0.08333332,0.0,1,0.08333332,0.0,0,2.4849067,2.4849069118499756,2.484907,0.0,1,0.0
page_rank,N/A,0.2,0.3,0.30000000000000004,0,er,513,0.08333332,0.08333332,0.0,1,0.08333332,0.0,1,2.4849067,2.4849069118499756,2.484907,0.0,1,0.0
page_rank,N/A,0.2,0.3,0.4,0,er,2,0.08333332,0.08333332,0.0,1,0.08333332,0.0,0,2.4849067,2.4849069118499756,2.484907,0.0,1,0.0
page_rank,N/A,0.2,0.3,0.5,0,er,2,0.08333332,0.08333333,7.450581e-09,1,0.08333332,0.0,0,2.4849067,2.4849066734313965,2.484907,0.0,1,0.0
page_rank,N/A,0.2,0.3,0.6000000000000001,0,er,2,0.08333332,0.08333332,0.0,1,0.08333332,0.0,0,2.4849067,2.4849069118499756,2.484907,0.0,1,0.0
page_rank,N/A,0.2,0.3,0.7000000000000001,0,er,2,0.08333332,0.08333332,0.0,1,0.08333332,0.0,0,2.4849067,2.4849069118499756,2.484907,0.0,1,0.0
page_rank,N/A,0.2,0.3,0.8,0,er,0,0.08333332,0.08333332,0.0,1,0.08333332,0.0,0,2.4849067,2.4849069118499756,2.4849067,0.0,1,0.0
page_rank,N/A,0.2,0.3,0.9,0,er,0,0.08333332,0.08333331,7.450581e-09,1,0.08333332,0.0,0,2.4849067,2.4849071502685547,2.4849067,0.0,1,0.0
page_rank,N/A,0.2,0.3,1.0,0,er,0,0.08333332,,,1,0.08333332,0.0,0,2.4849067,,2.4849067,0.0,1,
page_rank,N/A,0.05,0.3,0.1,1,er,514,0.08333332,0.08333331,7.450581e-09,1,0.08333332,0.0,0,2.4849067,2.4849066734313965,2.4849067,0.0,1,0.0
page_rank,N/A,0.05,0.3,0.2,1,er,514,0.08333332,0.08333332,0.0,1,0.08333332,0.0,0,2.4849067,2.4849069118499756,2.4849067,0.0,1,0.0
page_rank,N/A,0.05,0.3,0.30000000000000004,1,er,514,0.08333332,0.08333332,0.0,1,0.08333332,0.0,0,2.4849067,2.4849069118499756,2.4849067,0.0,1,0.0
page_rank,N/A,0.05,0.3,0.4,1,er,2,0.08333332,0.08333332,0.0,1,0.08333332,0.0,0,2.4849067,2.4849069118499756,2.484907,0.0,1,0.0
page_rank,N/A,0.05,0.3,0.5,1,er,2,0.08333332,0.08333333,7.450581e-09,1,0.08333332,0.0,0,2.4849067,2.4849066734313965,2.484907,0.0,1,0.0
page_rank,N/A,0.05,0.3,0.6000000000000001,1,er,0,0.08333332,0.08333332,0.0,1,0.08333332,0.0,0,2.4849067,2.4849069118499756,2.4849067,0.0,1,0.0
page_rank,N/A,0.05,0.3,0.7000000000000001,1,er,0,0.08333332,0.08333332,0.0,1,0.08333332,0.0,0,2.4849067,2.4849069118499756,2.4849067,0.0,1,0.0
page_rank,N/A,0.05,0.3,0.8,1,er,0,0.08333332,0.08333332,0.0,1,0.08333332,0.0,0,2.4849067,2.4849069118499756,2.4849067,0.0,1,0.0
page_rank,N/A,0.05,0.3,0.9,1,er,0,0.08333332,0.08333331,7.450581e-09,1,0.08333332,0.0,0,2.4849067,2.4849071502685547,2.4849067,0.0,1,0.0
page_rank,N/A,0.05,0.3,1.0,1,er,0,0.08333332,,,1,0.08333332,0.0,0,2.4849067,,2.4849067,0.0,1,
page_rank,N/A,0.1,0.3,0.1,1,er,512,0.08333332,0.08333331,7.450581e-09,1,0.08333332,0.0,0,2.4849067,2.4849066734313965,2.4849067,0.0,1,0.0
page_rank,N/A,0.1,0.3,0.2,1,er,512,0.08333332,0.08333332,0.0,1,0.08333332,0.0,0,2.4849067,2.4849069118499756,2.4849067,0.0,1,0.0
page_rank,N/A,0.1,0.3,0.30000000000000004,1,er,512,0.08333332,0.08333332,0.0,1,0.08333332,0.0,0,2.4849067,2.4849069118499756,2.4849067,0.0,1,0.0
page_rank,N/A,0.1,0.3,0.4,1,er,0,0.08333332,0.08333332,0.0,1,0.08333332,0.0,0,2.4849067,2.4849069118499756,2.4849067,0.0,1,0.0
page_rank,N/A,0.1,0.3,0.5,1,er,0,0.08333332,0.08333333,7.450581e-09,1,0.08333332,0.0,0,2.4849067,2.4849066734313965,2.4849067,0.0,1,0.0
page_rank,N/A,0.1,0.3,0.6000000000000001,1,er,0,0.08333332,0.08333332,0.0,1,0.08333332,0.0,0,2.4849067,2.4849069118499756,2.4849067,0.0,1,0.0
page_rank,N/A,0.1,0.3,0.7000000000000001,1,er,0,0.08333332,0.08333332,0.0,1,0.08333332,0.0,0,2.4849067,2.4849069118499756,2.4849067,0.0,1,0.0
page_rank,N/A,0.1,0.3,0.8,1,er,0,0.08333332,0.08333332,0.0,1,0.08333332,0.0,0,2.4849067,2.4849069118499756,2.4849067,0.0,1,0.0
page_rank,N/A,0.1,0.3,0.9,1,er,0,0.08333332,0.08333331,7.450581e-09,1,0.08333332,0.0,0,2.4849067,2.4849071502685547,2.4849067,0.0,1,0.0
page_rank,N/A,0.1,0.3,1.0,1,er,0,0.08333332,,,1,0.08333332,0.0,0,2.4849067,,2.4849067,0.0,1,
page_rank,N/A,0.2,0.3,0.1,1,er,7,0.08333332,0.08333331,7.450581e-09,1,0.08333332,0.0,0,2.4849067,2.4849066734313965,2.4849067,0.0,1,0.0
page_rank,N/A,0.2,0.3,0.2,1,er,517,0.08333332,0.08333332,0.0,1,0.08333332,0.0,0,2.4849067,2.4849069118499756,2.484907,0.0,1,0.0
page_rank,N/A,0.2,0.3,0.30000000000000004,1,er,517,0.08333332,0.08333332,0.0,1,0.08333332,0.0,0,2.4849067,2.4849069118499756,2.484907,0.0,1,0.0
page_rank,N/A,0.2,0.3,0.4,1,er,2,0.08333332,0.08333332,0.0,1,0.08333332,0.0,0,2.4849067,2.4849069118499756,2.4849067,0.0,1,0.0
page_rank,N/A,0.2,0.3,0.5,1,er,1,0.08333332,0.08333333,7.450581e-09,1,0.08333332,0.0,0,2.4849067,2.4849066734313965,2.4849067,0.0,1,0.0
page_rank,N/A,0.2,0.3,0.6000000000000001,1,er,1,0.08333332,0.08333332,0.0,1,0.08333332,0.0,0,2.4849067,2.4849069118499756,2.4849067,0.0,1,0.0
page_rank,N/A,0.2,0.3,0.7000000000000001,1,er,1,0.08333332,0.08333332,0.0,1,0.08333332,0.0,0,2.4849067,2.4849069118499756,2.4849067,0.0,1,0.0
page_rank,N/A,0.2,0.3,0.8,1,er,1,0.08333332,0.08333332,0.0,1,0.08333332,0.0,0,2.4849067,2.4849069118499756,2.4849067,0.0,1,0.0
page_rank,N/A,0.2,0.3,0.9,1,er,1,0.08333332,0.08333331,7.450581e-09,1,0.08333332,0.0,0,2.4849067,2.4849071502685547,2.4849067,0.0,1,0.0
page_rank,N/A,0.2,0.3,1.0,1,er,0,0.08333332,,,1,0.08333332,0.0,0,2.4849067,,2.4849067,0.0,1,
page_rank,N/A,0.05,0.3,0.1,2,er,518,0.08333332,0.08333331,7.450581e-09,1,0.08333332,0.0,0,2.4849067,2.4849066734313965,2.484907,0.0,1,0.0
page_rank,N/A,0.05,0.3,0.2,2,er,1,0.08333332,0.08333332,0.0,1,0.08333332,0.0,0,2.4849067,2.4849069118499756,2.4849067,0.0,1,0.0
page_rank,N/A,0.05,0.3,0.30000000000000004,2,er,1,0.08333332,0.08333332,0.0,1,0.08333332,0.0,0,2.4849067,2.4849069118499756,2.4849067,0.0,1,0.0
page_rank,N/A,0.05,0.3,0.4,2,er,1,0.08333332,0.08333332,0.0,1,0.08333332,0.0,0,2.4849067,2.4849069118499756,2.4849067,0.0,1,0.0
page_rank,N/A,0.05,0.3,0.5,2,er,1,0.08333332,0.08333333,7.450581e-09,1,0.08333332,0.0,0,2.4849067,2.4849066734313965,2.4849067,0.0,1,0.0
page_rank,N/A,0.05,0.3,0.6000000000000001,2,er,0,0.08333332,0.08333332,0.0,1,0.08333332,0.0,0,2.4849067,2.4849069118499756,2.4849067,0.0,1,0.0
page_rank,N/A,0.05,0.3,0.7000000000000001,2,er,0,0.08333332,0.08333332,0.0,1,0.08333332,0.0,0,2.4849067,2.4849069118499756,2.4849067,0.0,1,0.0
page_rank,N/A,0.05,0.3,0.8,2,er,0,0.08333332,0.08333332,0.0,1,0.08333332,0.0,0,2.4849067,2.4849069118499756,2.4849067,0.0,1,0.0
page_rank,N/A,0.05,0.3,0.9,2,er,0,0.08333332,0.08333331,7.450581e-09,1,0.08333332,0.0,0,2.4849067,2.4849071502685547,2.4849067,0.0,1,0.0
page_rank,N/A,0.05,0.3,1.0,2,er,0,0.08333332,,,1,0.08333332,0.0,0,2.4849067,,2.4849067,0.0,1,
page_rank,N/A,0.1,0.3,0.1,2,er,524,0.08333332,0.08333331,7.450581e-09,1,0.08333332,0.0,0,2.4849067,2.4849066734313965,2.484907,0.0,1,0.0
page_rank,N/A,0.1,0.3,0.2,2,er,5,0.08333332,0.08333332,0.0,1,0.08333332,0.0,0,2.4849067,2.4849069118499756,2.484907,0.0,1,0.0
page_rank,N/A,0.1,0.3,0.30000000000000004,2,er,0,0.08333332,0.08333332,0.0,1,0.08333332,0.0,0,2.4849067,2.4849069118499756,2.484907,0.0,1,0.0
page_rank,N/A,0.1,0.3,0.4,2,er,0,0.08333332,0.08333332,0.0,1,0.08333332,0.0,0,2.4849067,2.4849069118499756,2.484907,0.0,1,0.0
page_rank,N/A,0.1,0.3,0.5,2,er,0,0.08333332,0.08333333,7.450581e-09,1,0.08333332,0.0,0,2.4849067,2.4849066734313965,2.484907,0.0,1,0.0
page_rank,N/A,0.1,0.3,0.6000000000000001,2,er,0,0.08333332,0.08333332,0.0,1,0.08333332,0.0,0,2.4849067,2.4849069118499756,2.484907,0.0,1,0.0
page_rank,N/A,0.1,0.3,0.7000000000000001,2,er,0,0.08333332,0.08333332,0.0,1,0.08333332,0.0,0,2.4849067,2.4849069118499756,2.484907,0.0,1,0.0
page_rank,N/A,0.1,0.3,0.8,2,er,0,0.08333332,0.08333332,0.0,1,0.08333332,0.0,0,2.4849067,2.4849069118499756,2.484907,0.0,1,0.0
page_rank,N/A,0.1,0.3,0.9,2,er,0,0.08333332,0.08333331,7.450581e-09,1,0.08333332,0.0,0,2.4849067,2.4849071502685547,2.484907,0.0,1,0.0
page_rank,N/A,0.1,0.3,1.0,2,er,0,0.08333332,,,1,0.08333332,0.0,0,2.4849067,,2.484907,0.0,1,
page_rank,N/A,0.2,0.3,0.1,2,er,2,0.08333332,0.08333331,7.450581e-09,1,0.08333332,0.0,1,2.4849067,2.4849066734313965,2.4849067,0.0,1,0.0
page_rank,N/A,0.2,0.3,0.2,2,er,0,0.08333332,0.08333332,0.0,1,0.08333332,0.0,0,2.4849067,2.4849069118499756,2.484907,0.0,1,0.0
page_rank,N/A,0.2,0.3,0.30000000000000004,2,er,0,0.08333332,0.08333332,0.0,1,0.08333332,0.0,0,2.4849067,2.4849069118499756,2.484907,0.0,1,0.0
page_rank,N/A,0.2,0.3,0.4,2,er,0,0.08333332,0.08333332,0.0,1,0.08333332,0.0,0,2.4849067,2.4849069118499756,2.484907,0.0,1,0.0
page_rank,N/A,0.2,0.3,0.5,2,er,0,0.08333332,0.08333333,7.450581e-09,1,0.08333332,0.0,0,2.4849067,2.4849066734313965,2.484907,0.0,1,0.0
page_rank,N/A,0.2,0.3,0.6000000000000001,2,er,0,0.08333332,0.08333332,0.0,1,0.08333332,0.0,0,2.4849067,2.4849069118499756,2.484907,0.0,1,0.0
page_rank,N/A,0.2,0.3,0.7000000000000001,2,er,0,0.08333332,0.08333332,0.0,1,0.08333332,0.0,0,2.4849067,2.4849069118499756,2.484907,0.0,1,0.0
page_rank,N/A,0.2,0.3,0.8,2,er,0,0.08333332,0.08333332,0.0,1,0.08333332,0.0,0,2.4849067,2.4849069118499756,2.484907,0.0,1,0.0
page_rank,N/A,0.2,0.3,0.9,2,er,0,0.08333332,0.08333331,7.450581e-09,1,0.08333332,0.0,0,2.4849067,2.4849071502685547,2.484907,0.0,1,0.0
page_rank,N/A,0.2,0.3,1.0,2,er,0,0.08333332,,,1,0.08333332,0.0,0,2.4849067,,2.484907,0.0,1,
page_rank,N/A,0.05,0.3,0.1,3,er,523,0.08333332,0.08333331,7.450581e-09,1,0.08333332,0.0,0,2.4849067,2.4849066734313965,2.4849067,0.0,1,0.0
page_rank,N/A,0.05,0.3,0.2,3,er,523,0.08333332,0.08333332,0.0,1,0.08333332,0.0,0,2.4849067,2.4849069118499756,2.4849067,0.0,1,0.0
page_rank,N/A,0.05,0.3,0.30000000000000004,3,er,0,0.08333332,0.08333332,0.0,1,0.08333332,0.0,0,2.4849067,2.4849069118499756,2.484907,0.0,1,0.0
page_rank,N/A,0.05,0.3,0.4,3,er,0,0.08333332,0.08333332,0.0,1,0.08333332,0.0,0,2.4849067,2.4849069118499756,2.484907,0.0,1,0.0
page_rank,N/A,0.05,0.3,0.5,3,er,0,0.08333332,0.08333333,7.450581e-09,1,0.08333332,0.0,0,2.4849067,2.4849066734313965,2.484907,0.0,1,0.0
page_rank,N/A,0.05,0.3,0.6000000000000001,3,er,0,0.08333332,0.08333332,0.0,1,0.08333332,0.0,0,2.4849067,2.4849069118499756,2.484907,0.0,1,0.0
page_rank,N/A,0.05,0.3,0.7000000000000001,3,er,0,0.08333332,0.08333332,0.0,1,0.08333332,0.0,0,2.4849067,2.4849069118499756,2.484907,0.0,1,0.0
page_rank,N/A,0.05,0.3,0.8,3,er,0,0.08333332,0.08333332,0.0,1,0.08333332,0.0,0,2.4849067,2.4849069118499756,2.484907,0.0,1,0.0
page_rank,N/A,0.05,0.3,0.9,3,er,0,0.08333332,0.08333331,7.450581e-09,1,0.08333332,0.0,0,2.4849067,2.4849071502685547,2.484907,0.0,1,0.0
page_rank,N/A,0.05,0.3,1.0,3,er,0,0.08333332,,,1,0.08333332,0.0,0,2.4849067,,2.484907,0.0,1,
page_rank,N/A,0.1,0.3,0.1,3,er,5,0.08333332,0.08333331,7.450581e-09,1,0.08333332,0.0,0,2.4849067,2.4849066734313965,2.4849067,0.0,1,0.0
page_rank,N/A,0.1,0.3,0.2,3,er,2,0.08333332,0.08333332,0.0,1,0.08333332,0.0,0,2.4849067,2.4849069118499756,2.4849067,0.0,1,0.0
page_rank,N/A,0.1,0.3,0.30000000000000004,3,er,2,0.08333332,0.08333332,0.0,1,0.08333332,0.0,0,2.4849067,2.4849069118499756,2.4849067,0.0,1,0.0
page_rank,N/A,0.1,0.3,0.4,3,er,1,0.08333332,0.08333332,0.0,1,0.08333332,0.0,0,2.4849067,2.4849069118499756,2.484907,0.0,1,0.0
page_rank,N/A,0.1,0.3,0.5,3,er,1,0.08333332,0.08333333,7.450581e-09,1,0.08333332,0.0,0,2.4849067,2.4849066734313965,2.484907,0.0,1,0.0
page_rank,N/A,0.1,0.3,0.6000000000000001,3,er,1,0.08333332,0.08333332,0.0,1,0.08333332,0.0,0,2.4849067,2.4849069118499756,2.484907,0.0,1,0.0
page_rank,N/A,0.1,0.3,0.7000000000000001,3,er,1,0.08333332,0.08333332,0.0,1,0.08333332,0.0,0,2.4849067,2.4849069118499756,2.484907,0.0,1,0.0
page_rank,N/A,0.1,0.3,0.8,3,er,1,0.08333332,0.08333332,0.0,1,0.08333332,0.0,0,2.4849067,2.4849069118499756,2.484907,0.0,1,0.0
page_rank,N/A,0.1,0.3,0.9,3,er,1,0.08333332,0.08333331,7.450581e-09,1,0.08333332,0.0,0,2.4849067,2.4849071502685547,2.484907,0.0,1,0.0
page_rank,N/A,0.1,0.3,1.0,3,er,0,0.08333332,,,1,0.08333332,0.0,0,2.4849067,,2.4849067,0.0,1,
page_rank,N/A,0.2,0.3,0.1,3,er,14,0.08333332,0.08333331,7.450581e-09,1,0.08333332,0.0,0,2.4849067,2.4849066734313965,2.4849067,0.0,1,0.0
page_rank,N/A,0.2,0.3,0.2,3,er,14,0.08333332,0.08333332,0.0,1,0.08333332,0.0,0,2.4849067,2.4849069118499756,2.4849067,0.0,1,0.0
page_rank,N/A,0.2,0.3,0.30000000000000004,3,er,3,0.08333332,0.08333332,0.0,1,0.08333332,0.0,0,2.4849067,2.4849069118499756,2.484907,0.0,1,0.0
page_rank,N/A,0.2,0.3,0.4,3,er,1,0.08333332,0.08333332,0.0,1,0.08333332,0.0,0,2.4849067,2.4849069118499756,2.484907,0.0,1,0.0
page_rank,N/A,0.2,0.3,0.5,3,er,0,0.08333332,0.08333333,7.450581e-09,1,0.08333332,0.0,0,2.4849067,2.4849066734313965,2.4849067,0.0,1,0.0
page_rank,N/A,0.2,0.3,0.6000000000000001,3,er,0,0.08333332,0.08333332,0.0,1,0.08333332,0.0,0,2.4849067,2.4849069118499756,2.4849067,0.0,1,0.0
page_rank,N/A,0.2,0.3,0.7000000000000001,3,er,0,0.08333332,0.08333332,0.0,1,0.08333332,0.0,0,2.4849067,2.4849069118499756,2.4849067,0.0,1,0.0
page_rank,N/A,0.2,0.3,0.8,3,er,0,0.08333332,0.08333332,0.0,1,0.08333332,0.0,0,2.4849067,2.4849069118499756,2.4849067,0.0,1,0.0
page_rank,N/A,0.2,0.3,0.9,3,er,0,0.08333332,0.08333331,7.450581e-09,1,0.08333332,0.0,0,2.4849067,2.4849071502685547,2.4849067,0.0,1,0.0
page_rank,N/A,0.2,0.3,1.0,3,er,0,0.08333332,,,1,0.08333332,0.0,0,2.4849067,,2.4849067,0.0,1,
page_rank,N/A,0.05,0.3,0.1,4,er,514,0.08333332,0.08333331,7.450581e-09,1,0.08333332,0.0,0,2.4849067,2.4849066734313965,2.4849067,0.0,1,0.0
page_rank,N/A,0.05,0.3,0.2,4,er,513,0.08333332,0.08333332,0.0,1,0.08333332,0.0,0,2.4849067,2.4849069118499756,2.484907,0.0,1,0.0
page_rank,N/A,0.05,0.3,0.30000000000000004,4,er,513,0.08333332,0.08333332,0.0,1,0.08333332,0.0,0,2.4849067,2.4849069118499756,2.484907,0.0,1,0.0
page_rank,N/A,0.05,0.3,0.4,4,er,10,0.08333332,0.08333332,0.0,1,0.08333332,0.0,0,2.4849067,2.4849069118499756,2.484907,0.0,1,0.0
page_rank,N/A,0.05,0.3,0.5,4,er,2,0.08333332,0.08333333,7.450581e-09,1,0.08333332,0.0,0,2.4849067,2.4849066734313965,2.4849067,0.0,1,0.0
page_rank,N/A,0.05,0.3,0.6000000000000001,4,er,2,0.08333332,0.08333332,0.0,1,0.08333332,0.0,0,2.4849067,2.4849069118499756,2.4849067,0.0,1,0.0
page_rank,N/A,0.05,0.3,0.7000000000000001,4,er,0,0.08333332,0.08333332,0.0,1,0.08333332,0.0,0,2.4849067,2.4849069118499756,2.4849067,0.0,1,0.0
page_rank,N/A,0.05,0.3,0.8,4,er,0,0.08333332,0.08333332,0.0,1,0.08333332,0.0,0,2.4849067,2.4849069118499756,2.4849067,0.0,1,0.0
page_rank,N/A,0.05,0.3,0.9,4,er,0,0.08333332,0.08333331,7.450581e-09,1,0.08333332,0.0,0,2.4849067,2.4849071502685547,2.4849067,0.0,1,0.0
page_rank,N/A,0.05,0.3,1.0,4,er,0,0.08333332,,,1,0.08333332,0.0,0,2.4849067,,2.4849067,0.0,1,
page_rank,N/A,0.1,0.3,0.1,4,er,3,0.08333332,0.08333331,7.450581e-09,1,0.08333332,0.0,0,2.4849067,2.4849066734313965,2.4849067,0.0,1,0.0
page_rank,N/A,0.1,0.3,0.2,4,er,514,0.08333332,0.08333332,0.0,1,0.08333332,0.0,0,2.4849067,2.4849069118499756,2.484907,0.0,1,0.0
page_rank,N/A,0.1,0.3,0.30000000000000004,4,er,514,0.08333332,0.08333332,0.0,1,0.08333332,0.0,0,2.4849067,2.4849069118499756,2.484907,0.0,1,0.0
page_rank,N/A,0.1,0.3,0.4,4,er,3,0.08333332,0.08333332,0.0,1,0.08333332,0.0,0,2.4849067,2.4849069118499756,2.4849067,0.0,1,0.0
page_rank,N/A,0.1,0.3,0.5,4,er,3,0.08333332,0.08333333,7.450581e-09,1,0.08333332,0.0,0,2.4849067,2.4849066734313965,2.4849067,0.0,1,0.0
page_rank,N/A,0.1,0.3,0.6000000000000001,4,er,1,0.08333332,0.08333332,0.0,1,0.08333332,0.0,0,2.4849067,2.4849069118499756,2.4849067,0.0,1,0.0
page_rank,N/A,0.1,0.3,0.7000000000000001,4,er,1,0.08333332,0.08333332,0.0,1,0.08333332,0.0,0,2.4849067,2.4849069118499756,2.4849067,0.0,1,0.0
page_rank,N/A,0.1,0.3,0.8,4,er,1,0.08333332,0.08333332,0.0,1,0.08333332,0.0,0,2.4849067,2.4849069118499756,2.4849067,0.0,1,0.0
page_rank,N/A,0.1,0.3,0.9,4,er,0,0.08333332,0.08333331,7.450581e-09,1,0.08333332,0.0,0,2.4849067,2.4849071502685547,2.4849067,0.0,1,0.0
page_rank,N/A,0.1,0.3,1.0,4,er,0,0.08333332,,,1,0.08333332,0.0,0,2.4849067,,2.4849067,0.0,1,
page_rank,N/A,0.2,0.3,0.1,4,er,8,0.08333332,0.08333331,7.450581e-09,1,0.08333332,0.0,0,2.4849067,2.4849066734313965,2.4849067,0.0,1,0.0
page_rank,N/A,0.2,0.3,0.2,4,er,2,0.08333332,0.08333332,0.0,1,0.08333332,0.0,0,2.4849067,2.4849069118499756,2.4849067,0.0,1,0.0
page_rank,N/A,0.2,0.3,0.30000000000000004,4,er,2,0.08333332,0.08333332,0.0,1,0.08333332,0.0,0,2.4849067,2.4849069118499756,2.4849067,0.0,1,0.0
page_rank,N/A,0.2,0.3,0.4,4,er,1,0.08333332,0.08333332,0.0,1,0.08333332,0.0,0,2.4849067,2.4849069118499756,2.484907,0.0,1,0.0
page_rank,N/A,0.2,0.3,0.5,4,er,1,0.08333332,0.08333333,7.450581e-09,1,0.08333332,0.0,0,2.4849067,2.4849066734313965,2.484907,0.0,1,0.0
page_rank,N/A,0.2,0.3,0.6000000000000001,4,er,1,0.08333332,0.08333332,0.0,1,0.08333332,0.0,0,2.4849067,2.4849069118499756,2.484907,0.0,1,0.0
page_rank,N/A,0.2,0.3,0.7000000000000001,4,er,1,0.08333332,0.08333332,0.0,1,0.08333332,0.0,0,2.4849067,2.4849069118499756,2.484907,0.0,1,0.0
page_rank,N/A,0.2,0.3,0.8,4,er,1,0.08333332,0.08333332,0.0,1,0.08333332,0.0,0,2.4849067,2.4849069118499756,2.484907,0.0,1,0.0
page_rank,N/A,0.2,0.3,0.9,4,er,1,0.08333332,0.08333331,7.450581e-09,1,0.08333332,0.0,0,2.4849067,2.4849071502685547,2.484907,0.0,1,0.0
page_rank,N/A,0.2,0.3,1.0,4,er,0,0.08333332,,,1,0.08333332,0.0,0,2.4849067,,2.4849067,0.0,1,
page_rank,N/A,0.05,0.3,0.1,5,er,514,0.08333332,0.08333331,7.450581e-09,1,0.08333332,0.0,0,2.4849067,2.4849066734313965,2.4849067,0.0,1,0.0
page_rank,N/A,0.05,0.3,0.2,5,er,1,0.08333332,0.08333332,0.0,1,0.08333332,0.0,0,2.4849067,2.4849069118499756,2.4849067,0.0,1,0.0
page_rank,N/A,0.05,0.3,0.30000000000000004,5,er,1,0.08333332,0.08333332,0.0,1,0.08333332,0.0,0,2.4849067,2.4849069118499756,2.4849067,0.0,1,0.0
page_rank,N/A,0.05,0.3,0.4,5,er,1,0.08333332,0.08333332,0.0,1,0.08333332,0.0,0,2.4849067,2.4849069118499756,2.4849067,0.0,1,0.0
page_rank,N/A,0.05,0.3,0.5,5,er,1,0.08333332,0.08333333,7.450581e-09,1,0.08333332,0.0,0,2.4849067,2.4849066734313965,2.4849067,0.0,1,0.0
page_rank,N/A,0.05,0.3,0.6000000000000001,5,er,1,0.08333332,0.08333332,0.0,1,0.08333332,0.0,0,2.4849067,2.4849069118499756,2.4849067,0.0,1,0.0
page_rank,N/A,0.05,0.3,0.7000000000000001,5,er,1,0.08333332,0.08333332,0.0,1,0.08333332,0.0,0,2.4849067,2.4849069118499756,2.4849067,0.0,1,0.0
page_rank,N/A,0.05,0.3,0.8,5,er,1,0.08333332,0.08333332,0.0,1,0.08333332,0.0,0,2.4849067,2.4849069118499756,2.4849067,0.0,1,0.0
page_rank,N/A,0.05,0.3,0.9,5,er,0,0.08333332,0.08333331,7.450581e-09,1,0.08333332,0.0,0,2.4849067,2.4849071502685547,2.4849067,0.0,1,0.0
page_rank,N/A,0.05,0.3,1.0,5,er,0,0.08333332,,,1,0.08333332,0.0,0,2.4849067,,2.4849067,0.0,1,
page_rank,N/A,0.1,0.3,0.1,5,er,0,0.08333332,0.08333331,7.450581e-09,1,0.08333332,0.0,0,2.4849067,2.4849066734313965,2.4849067,0.0,1,0.0
page_rank,N/A,0.1,0.3,0.2,5,er,0,0.08333332,0.08333332,0.0,1,0.08333332,0.0,0,2.4849067,2.4849069118499756,2.4849067,0.0,1,0.0
page_rank,N/A,0.1,0.3,0.30000000000000004,5,er,0,0.08333332,0.08333332,0.0,1,0.08333332,0.0,0,2.4849067,2.4849069118499756,2.4849067,0.0,1,0.0
page_rank,N/A,0.1,0.3,0.4,5,er,0,0.08333332,0.08333332,0.0,1,0.08333332,0.0,0,2.4849067,2.4849069118499756,2.4849067,0.0,1,0.0
page_rank,N/A,0.1,0.3,0.5,5,er,0,0.08333332,0.08333333,7.450581e-09,1,0.08333332,0.0,0,2.4849067,2.4849066734313965,2.4849067,0.0,1,0.0
page_rank,N/A,0.1,0.3,0.6000000000000001,5,er,0,0.08333332,0.08333332,0.0,1,0.08333332,0.0,0,2.4849067,2.4849069118499756,2.4849067,0.0,1,0.0
page_rank,N/A,0.1,0.3,0.7000000000000001,5,er,0,0.08333332,0.08333332,0.0,1,0.08333332,0.0,0,2.4849067,2.4849069118499756,2.4849067,0.0,1,0.0
page_rank,N/A,0.1,0.3,0.8,5,er,0,0.08333332,0.08333332,0.0,1,0.08333332,0.0,0,2.4849067,2.4849069118499756,2.4849067,0.0,1,0.0
page_rank,N/A,0.1,0.3,0.9,5,er,0,0.08333332,0.08333331,7.450581e-09,1,0.08333332,0.0,0,2.4849067,2.4849071502685547,2.4849067,0.0,1,0.0
page_rank,N/A,0.1,0.3,1.0,5,er,0,0.08333332,,,1,0.08333332,0.0,0,2.4849067,,2.4849067,0.0,1,
page_rank,N/A,0.2,0.3,0.1,5,er,513,0.08333332,0.08333331,7.450581e-09,1,0.08333332,0.0,0,2.4849067,2.4849066734313965,2.4849067,0.0,1,0.0
page_rank,N/A,0.2,0.3,0.2,5,er,513,0.08333332,0.08333332,0.0,1,0.08333332,0.0,0,2.4849067,2.4849069118499756,2.4849067,0.0,1,0.0
page_rank,N/A,0.2,0.3,0.30000000000000004,5,er,0,0.08333332,0.08333332,0.0,1,0.08333332,0.0,0,2.4849067,2.4849069118499756,2.484907,0.0,1,0.0
page_rank,N/A,0.2,0.3,0.4,5,er,0,0.08333332,0.08333332,0.0,1,0.08333332,0.0,0,2.4849067,2.4849069118499756,2.484907,0.0,1,0.0
page_rank,N/A,0.2,0.3,0.5,5,er,0,0.08333332,0.08333333,7.450581e-09,1,0.08333332,0.0,0,2.4849067,2.4849066734313965,2.484907,0.0,1,0.0
page_rank,N/A,0.2,0.3,0.6000000000000001,5,er,0,0.08333332,0.08333332,0.0,1,0.08333332,0.0,0,2.4849067,2.4849069118499756,2.484907,0.0,1,0.0
page_rank,N/A,0.2,0.3,0.7000000000000001,5,er,0,0.08333332,0.08333332,0.0,1,0.08333332,0.0,0,2.4849067,2.4849069118499756,2.484907,0.0,1,0.0
page_rank,N/A,0.2,0.3,0.8,5,er,0,0.08333332,0.08333332,0.0,1,0.08333332,0.0,0,2.4849067,2.4849069118499756,2.484907,0.0,1,0.0
page_rank,N/A,0.2,0.3,0.9,5,er,0,0.08333332,0.08333331,7.450581e-09,1,0.08333332,0.0,0,2.4849067,2.4849071502685547,2.484907,0.0,1,0.0
page_rank,N/A,0.2,0.3,1.0,5,er,0,0.08333332,,,1,0.08333332,0.0,0,2.4849067,,2.484907,0.0,1,
page_rank,N/A,0.05,0.3,0.1,6,er,517,0.08333332,0.08333331,7.450581e-09,1,0.08333332,0.0,0,2.4849067,2.4849066734313965,2.484907,0.0,1,0.0
page_rank,N/A,0.05,0.3,0.2,6,er,1,0.08333332,0.08333332,0.0,1,0.08333332,0.0,0,2.4849067,2.4849069118499756,2.484907,0.0,1,0.0
page_rank,N/A,0.05,0.3,0.30000000000000004,6,er,1,0.08333332,0.08333332,0.0,1,0.08333332,0.0,0,2.4849067,2.4849069118499756,2.484907,0.0,1,0.0
page_rank,N/A,0.05,0.3,0.4,6,er,1,0.08333332,0.08333332,0.0,1,0.08333332,0.0,0,2.4849067,2.4849069118499756,2.484907,0.0,1,0.0
page_rank,N/A,0.05,0.3,0.5,6,er,1,0.08333332,0.08333333,7.450581e-09,1,0.08333332,0.0,0,2.4849067,2.4849066734313965,2.484907,0.0,1,0.0
page_rank,N/A,0.05,0.3,0.6000000000000001,6,er,0,0.08333332,0.08333332,0.0,1,0.08333332,0.0,1,2.4849067,2.4849069118499756,2.4849067,0.0,1,0.0
page_rank,N/A,0.05,0.3,0.7000000000000001,6,er,0,0.08333332,0.08333332,0.0,1,0.08333332,0.0,1,2.4849067,2.4849069118499756,2.4849067,0.0,1,0.0
page_rank,N/A,0.05,0.3,0.8,6,er,0,0.08333332,0.08333332,0.0,1,0.08333332,0.0,1,2.4849067,2.4849069118499756,2.4849067,0.0,1,0.0
page_rank,N/A,0.05,0.3,0.9,6,er,0,0.08333332,0.08333331,7.450581e-09,1,0.08333332,0.0,1,2.4849067,2.4849071502685547,2.4849067,0.0,1,0.0
page_rank,N/A,0.05,0.3,1.0,6,er,0,0.08333332,,,1,0.08333332,0.0,1,2.4849067,,2.4849067,0.0,1,
page_rank,N/A,0.1,0.3,0.1,6,er,5,0.08333332,0.08333331,7.450581e-09,1,0.08333332,0.0,0,2.4849067,2.4849066734313965,2.4849067,0.0,1,0.0
page_rank,N/A,0.1,0.3,0.2,6,er,512,0.08333332,0.08333332,0.0,1,0.08333332,0.0,0,2.4849067,2.4849069118499756,2.4849067,0.0,1,0.0
page_rank,N/A,0.1,0.3,0.30000000000000004,6,er,512,0.08333332,0.08333332,0.0,1,0.08333332,0.0,0,2.4849067,2.4849069118499756,2.4849067,0.0,1,0.0
page_rank,N/A,0.1,0.3,0.4,6,er,0,0.08333332,0.08333332,0.0,1,0.08333332,0.0,0,2.4849067,2.4849069118499756,2.4849067,0.0,1,0.0
page_rank,N/A,0.1,0.3,0.5,6,er,0,0.08333332,0.08333333,7.450581e-09,1,0.08333332,0.0,0,2.4849067,2.4849066734313965,2.4849067,0.0,1,0.0
page_rank,N/A,0.1,0.3,0.6000000000000001,6,er,0,0.08333332,0.08333332,0.0,1,0.08333332,0.0,0,2.4849067,2.4849069118499756,2.4849067,0.0,1,0.0
page_rank,N/A,0.1,0.3,0.7000000000000001,6,er,0,0.08333332,0.08333332,0.0,1,0.08333332,0.0,0,2.4849067,2.4849069118499756,2.4849067,0.0,1,0.0
page_rank,N/A,0.1,0.3,0.8,6,er,0,0.08333332,0.08333332,0.0,1,0.08333332,0.0,0,2.4849067,2.4849069118499756,2.4849067,0.0,1,0.0
page_rank,N/A,0.1,0.3,0.9,6,er,0,0.08333332,0.08333331,7.450581e-09,1,0.08333332,0.0,0,2.4849067,2.4849071502685547,2.4849067,0.0,1,0.0
page_rank,N/A,0.1,0.3,1.0,6,er,0,0.08333332,,,1,0.08333332,0.0,0,2.4849067,,2.4849067,0.0,1,
page_rank,N/A,0.2,0.3,0.1,6,er,3,0.08333332,0.08333331,7.450581e-09,1,0.08333332,0.0,0,2.4849067,2.4849066734313965,2.4849067,0.0,1,0.0
page_rank,N/A,0.2,0.3,0.2,6,er,513,0.08333332,0.08333332,0.0,1,0.08333332,0.0,0,2.4849067,2.4849069118499756,2.484907,0.0,1,0.0
page_rank,N/A,0.2,0.3,0.30000000000000004,6,er,513,0.08333332,0.08333332,0.0,1,0.08333332,0.0,0,2.4849067,2.4849069118499756,2.484907,0.0,1,0.0
page_rank,N/A,0.2,0.3,0.4,6,er,1,0.08333332,0.08333332,0.0,1,0.08333332,0.0,0,2.4849067,2.4849069118499756,2.484907,0.0,1,0.0
page_rank,N/A,0.2,0.3,0.5,6,er,1,0.08333332,0.08333333,7.450581e-09,1,0.08333332,0.0,0,2.4849067,2.4849066734313965,2.484907,0.0,1,0.0
page_rank,N/A,0.2,0.3,0.6000000000000001,6,er,1,0.08333332,0.08333332,0.0,1,0.08333332,0.0,0,2.4849067,2.4849069118499756,2.484907,0.0,1,0.0
page_rank,N/A,0.2,0.3,0.7000000000000001,6,er,1,0.08333332,0.08333332,0.0,1,0.08333332,0.0,0,2.4849067,2.4849069118499756,2.484907,0.0,1,0.0
page_rank,N/A,0.2,0.3,0.8,6,er,1,0.08333332,0.08333332,0.0,1,0.08333332,0.0,0,2.4849067,2.4849069118499756,2.484907,0.0,1,0.0
page_rank,N/A,0.2,0.3,0.9,6,er,0,0.08333332,0.08333331,7.450581e-09,1,0.08333332,0.0,0,2.4849067,2.4849071502685547,2.4849067,0.0,1,0.0
page_rank,N/A,0.2,0.3,1.0,6,er,0,0.08333332,,,1,0.08333332,0.0,0,2.4849067,,2.4849067,0.0,1,
page_rank,N/A,0.05,0.3,0.1,7,er,7,0.08333332,0.08333331,7.450581e-09,1,0.08333332,0.0,0,2.4849067,2.4849066734313965,2.4849067,0.0,1,0.0
page_rank,N/A,0.05,0.3,0.2,7,er,1,0.08333332,0.08333332,0.0,1,0.08333332,0.0,0,2.4849067,2.4849069118499756,2.484907,0.0,1,0.0
page_rank,N/A,0.05,0.3,0.30000000000000004,7,er,1,0.08333332,0.08333332,0.0,1,0.08333332,0.0,0,2.4849067,2.4849069118499756,2.484907,0.0,1,0.0
page_rank,N/A,0.05,0.3,0.4,7,er,1,0.08333332,0.08333332,0.0,1,0.08333332,0.0,0,2.4849067,2.4849069118499756,2.484907,0.0,1,0.0
page_rank,N/A,0.05,0.3,0.5,7,er,1,0.08333332,0.08333333,7.450581e-09,1,0.08333332,0.0,0,2.4849067,2.4849066734313965,2.484907,0.0,1,0.0
page_rank,N/A,0.05,0.3,0.6000000000000001,7,er,1,0.08333332,0.08333332,0.0,1,0.08333332,0.0,0,2.4849067,2.4849069118499756,2.484907,0.0,1,0.0
page_rank,N/A,0.05,0.3,0.7000000000000001,7,er,0,0.08333332,0.08333332,0.0,1,0.08333332,0.0,0,2.4849067,2.4849069118499756,2.4849067,0.0,1,0.0
page_rank,N/A,0.05,0.3,0.8,7,er,0,0.08333332,0.08333332,0.0,1,0.08333332,0.0,0,2.4849067,2.4849069118499756,2.4849067,0.0,1,0.0
page_rank,N/A,0.05,0.3,0.9,7,er,0,0.08333332,0.08333331,7.450581e-09,1,0.08333332,0.0,0,2.4849067,2.4849071502685547,2.4849067,0.0,1,0.0
page_rank,N/A,0.05,0.3,1.0,7,er,0,0.08333332,,,1,0.08333332,0.0,0,2.4849067,,2.4849067,0.0,1,
page_rank,N/A,0.1,0.3,0.1,7,er,512,0.08333332,0.08333331,7.450581e-09,1,0.08333332,0.0,0,2.4849067,2.4849066734313965,2.4849067,0.0,1,0.0
page_rank,N/A,0.1,0.3,0.2,7,er,512,0.08333332,0.08333332,0.0,1,0.08333332,0.0,0,2.4849067,2.4849069118499756,2.4849067,0.0,1,0.0
page_rank,N/A,0.1,0.3,0.30000000000000004,7,er,512,0.08333332,0.08333332,0.0,1,0.08333332,0.0,0,2.4849067,2.4849069118499756,2.4849067,0.0,1,0.0
page_rank,N/A,0.1,0.3,0.4,7,er,2,0.08333332,0.08333332,0.0,1,0.08333332,0.0,0,2.4849067,2.4849069118499756,2.484907,0.0,1,0.0
page_rank,N/A,0.1,0.3,0.5,7,er,2,0.08333332,0.08333333,7.450581e-09,1,0.08333332,0.0,0,2.4849067,2.4849066734313965,2.484907,0.0,1,0.0
page_rank,N/A,0.1,0.3,0.6000000000000001,7,er,1,0.08333332,0.08333332,0.0,1,0.08333332,0.0,0,2.4849067,2.4849069118499756,2.4849067,0.0,1,0.0
page_rank,N/A,0.1,0.3,0.7000000000000001,7,er,1,0.08333332,0.08333332,0.0,1,0.08333332,0.0,0,2.4849067,2.4849069118499756,2.4849067,0.0,1,0.0
page_rank,N/A,0.1,0.3,0.8,7,er,1,0.08333332,0.08333332,0.0,1,0.08333332,0.0,0,2.4849067,2.4849069118499756,2.4849067,0.0,1,0.0
page_rank,N/A,0.1,0.3,0.9,7,er,0,0.08333332,0.08333331,7.450581e-09,1,0.08333332,0.0,1,2.4849067,2.4849071502685547,2.4849067,0.0,1,0.0
page_rank,N/A,0.1,0.3,1.0,7,er,0,0.08333332,,,1,0.08333332,0.0,1,2.4849067,,2.4849067,0.0,1,
page_rank,N/A,0.2,0.3,0.1,7,er,2,0.08333332,0.08333331,7.450581e-09,1,0.08333332,0.0,0,2.4849067,2.4849066734313965,2.4849067,0.0,1,0.0
page_rank,N/A,0.2,0.3,0.2,7,er,2,0.08333332,0.08333332,0.0,1,0.08333332,0.0,0,2.4849067,2.4849069118499756,2.4849067,0.0,1,0.0
page_rank,N/A,0.2,0.3,0.30000000000000004,7,er,2,0.08333332,0.08333332,0.0,1,0.08333332,0.0,0,2.4849067,2.4849069118499756,2.4849067,0.0,1,0.0
page_rank,N/A,0.2,0.3,0.4,7,er,0,0.08333332,0.08333332,0.0,1,0.08333332,0.0,0,2.4849067,2.4849069118499756,2.484907,0.0,1,0.0
page_rank,N/A,0.2,0.3,0.5,7,er,0,0.08333332,0.08333333,7.450581e-09,1,0.08333332,0.0,0,2.4849067,2.4849066734313965,2.484907,0.0,1,0.0
page_rank,N/A,0.2,0.3,0.6000000000000001,7,er,0,0.08333332,0.08333332,0.0,1,0.08333332,0.0,0,2.4849067,2.4849069118499756,2.484907,0.0,1,0.0
page_rank,N/A,0.2,0.3,0.7000000000000001,7,er,0,0.08333332,0.08333332,0.0,1,0.08333332,0.0,0,2.4849067,2.4849069118499756,2.484907,0.0,1,0.0
page_rank,N/A,0.2,0.3,0.8,7,er,0,0.08333332,0.08333332,0.0,1,0.08333332,0.0,0,2.4849067,2.4849069118499756,2.484907,0.0,1,0.0
page_rank,N/A,0.2,0.3,0.9,7,er,0,0.08333332,0.08333331,7.450581e-09,1,0.08333332,0.0,0,2.4849067,2.4849071502685547,2.484907,0.0,1,0.0
page_rank,N/A,0.2,0.3,1.0,7,er,0,0.08333332,,,1,0.08333332,0.0,0,2.4849067,,2.484907,0.0,1,
page_rank,N/A,0.05,0.3,0.1,8,er,17,0.08333332,0.08333331,7.450581e-09,1,0.08333332,0.0,0,2.4849067,2.4849066734313965,2.4849067,0.0,1,0.0
page_rank,N/A,0.05,0.3,0.2,8,er,5,0.08333332,0.08333332,0.0,1,0.08333332,0.0,0,2.4849067,2.4849069118499756,2.484907,0.0,1,0.0
page_rank,N/A,0.05,0.3,0.30000000000000004,8,er,513,0.08333332,0.08333332,0.0,1,0.08333332,0.0,0,2.4849067,2.4849069118499756,2.484907,0.0,1,0.0
page_rank,N/A,0.05,0.3,0.4,8,er,2,0.08333332,0.08333332,0.0,1,0.08333332,0.0,0,2.4849067,2.4849069118499756,2.484907,0.0,1,0.0
page_rank,N/A,0.05,0.3,0.5,8,er,2,0.08333332,0.08333333,7.450581e-09,1,0.08333332,0.0,0,2.4849067,2.4849066734313965,2.484907,0.0,1,0.0
page_rank,N/A,0.05,0.3,0.6000000000000001,8,er,2,0.08333332,0.08333332,0.0,1,0.08333332,0.0,0,2.4849067,2.4849069118499756,2.484907,0.0,1,0.0
page_rank,N/A,0.05,0.3,0.7000000000000001,8,er,0,0.08333332,0.08333332,0.0,1,0.08333332,0.0,0,2.4849067,2.4849069118499756,2.4849067,0.0,1,0.0
page_rank,N/A,0.05,0.3,0.8,8,er,0,0.08333332,0.08333332,0.0,1,0.08333332,0.0,0,2.4849067,2.4849069118499756,2.4849067,0.0,1,0.0
page_rank,N/A,0.05,0.3,0.9,8,er,0,0.08333332,0.08333331,7.450581e-09,1,0.08333332,0.0,0,2.4849067,2.4849071502685547,2.4849067,0.0,1,0.0
page_rank,N/A,0.05,0.3,1.0,8,er,0,0.08333332,,,1,0.08333332,0.0,0,2.4849067,,2.4849067,0.0,1,
page_rank,N/A,0.1,0.3,0.1,8,er,2,0.08333332,0.08333331,7.450581e-09,1,0.08333332,0.0,0,2.4849067,2.4849066734313965,2.4849067,0.0,1,0.0
page_rank,N/A,0.1,0.3,0.2,8,er,2,0.08333332,0.08333332,0.0,1,0.08333332,0.0,0,2.4849067,2.4849069118499756,2.4849067,0.0,1,0.0
page_rank,N/A,0.1,0.3,0.30000000000000004,8,er,512,0.08333332,0.08333332,0.0,1,0.08333332,0.0,0,2.4849067,2.4849069118499756,2.484907,0.0,1,0.0
page_rank,N/A,0.1,0.3,0.4,8,er,2,0.08333332,0.08333332,0.0,1,0.08333332,0.0,0,2.4849067,2.4849069118499756,2.4849067,0.0,1,0.0
page_rank,N/A,0.1,0.3,0.5,8,er,1,0.08333332,0.08333333,7.450581e-09,1,0.08333332,0.0,1,2.4849067,2.4849066734313965,2.4849067,0.0,1,0.0
page_rank,N/A,0.1,0.3,0.6000000000000001,8,er,0,0.08333332,0.08333332,0.0,1,0.08333332,0.0,0,2.4849067,2.4849069118499756,2.4849067,0.0,1,0.0
page_rank,N/A,0.1,0.3,0.7000000000000001,8,er,0,0.08333332,0.08333332,0.0,1,0.08333332,0.0,0,2.4849067,2.4849069118499756,2.4849067,0.0,1,0.0
page_rank,N/A,0.1,0.3,0.8,8,er,0,0.08333332,0.08333332,0.0,1,0.08333332,0.0,0,2.4849067,2.4849069118499756,2.4849067,0.0,1,0.0
page_rank,N/A,0.1,0.3,0.9,8,er,0,0.08333332,0.08333331,7.450581e-09,1,0.08333332,0.0,0,2.4849067,2.4849071502685547,2.4849067,0.0,1,0.0
page_rank,N/A,0.1,0.3,1.0,8,er,0,0.08333332,,,1,0.08333332,0.0,0,2.4849067,,2.4849067,0.0,1,
page_rank,N/A,0.2,0.3,0.1,8,er,13,0.08333332,0.08333331,7.450581e-09,1,0.08333332,0.0,0,2.4849067,2.4849066734313965,2.4849067,0.0,1,0.0
page_rank,N/A,0.2,0.3,0.2,8,er,520,0.08333332,0.08333332,0.0,1,0.08333332,0.0,1,2.4849067,2.4849069118499756,2.484907,0.0,1,0.0
page_rank,N/A,0.2,0.3,0.30000000000000004,8,er,514,0.08333332,0.08333332,0.0,1,0.08333332,0.0,0,2.4849067,2.4849069118499756,2.484907,0.0,1,0.0
page_rank,N/A,0.2,0.3,0.4,8,er,4,0.08333332,0.08333332,0.0,1,0.08333332,0.0,0,2.4849067,2.4849069118499756,2.484907,0.0,1,0.0
page_rank,N/A,0.2,0.3,0.5,8,er,4,0.08333332,0.08333333,7.450581e-09,1,0.08333332,0.0,0,2.4849067,2.4849066734313965,2.484907,0.0,1,0.0
page_rank,N/A,0.2,0.3,0.6000000000000001,8,er,4,0.08333332,0.08333332,0.0,1,0.08333332,0.0,0,2.4849067,2.4849069118499756,2.484907,0.0,1,0.0
page_rank,N/A,0.2,0.3,0.7000000000000001,8,er,4,0.08333332,0.08333332,0.0,1,0.08333332,0.0,0,2.4849067,2.4849069118499756,2.484907,0.0,1,0.0
page_rank,N/A,0.2,0.3,0.8,8,er,1,0.08333332,0.08333332,0.0,1,0.08333332,0.0,0,2.4849067,2.4849069118499756,2.4849067,0.0,1,0.0
page_rank,N/A,0.2,0.3,0.9,8,er,0,0.08333332,0.08333331,7.450581e-09,1,0.08333332,0.0,0,2.4849067,2.4849071502685547,2.4849067,0.0,1,0.0
page_rank,N/A,0.2,0.3,1.0,8,er,0,0.08333332,,,1,0.08333332,0.0,0,2.4849067,,2.4849067,0.0,1,
page_rank,N/A,0.05,0.3,0.1,9,er,6,0.08333332,0.08333331,7.450581e-09,1,0.08333332,0.0,0,2.4849067,2.4849066734313965,2.4849067,0.0,1,0.0
page_rank,N/A,0.05,0.3,0.2,9,er,4,0.08333332,0.08333332,0.0,1,0.08333332,0.0,0,2.4849067,2.4849069118499756,2.4849067,0.0,1,0.0
page_rank,N/A,0.05,0.3,0.30000000000000004,9,er,2,0.08333332,0.08333332,0.0,1,0.08333332,0.0,0,2.4849067,2.4849069118499756,2.484907,0.0,1,0.0
page_rank,N/A,0.05,0.3,0.4,9,er,2,0.08333332,0.08333332,0.0,1,0.08333332,0.0,0,2.4849067,2.4849069118499756,2.484907,0.0,1,0.0
page_rank,N/A,0.05,0.3,0.5,9,er,2,0.08333332,0.08333333,7.450581e-09,1,0.08333332,0.0,0,2.4849067,2.4849066734313965,2.484907,0.0,1,0.0
page_rank,N/A,0.05,0.3,0.6000000000000001,9,er,2,0.08333332,0.08333332,0.0,1,0.08333332,0.0,0,2.4849067,2.4849069118499756,2.484907,0.0,1,0.0
page_rank,N/A,0.05,0.3,0.7000000000000001,9,er,2,0.08333332,0.08333332,0.0,1,0.08333332,0.0,0,2.4849067,2.4849069118499756,2.484907,0.0,1,0.0
page_rank,N/A,0.05,0.3,0.8,9,er,2,0.08333332,0.08333332,0.0,1,0.08333332,0.0,0,2.4849067,2.4849069118499756,2.484907,0.0,1,0.0
page_rank,N/A,0.05,0.3,0.9,9,er,2,0.08333332,0.08333331,7.450581e-09,1,0.08333332,0.0,0,2.4849067,2.4849071502685547,2.484907,0.0,1,0.0
page_rank,N/A,0.05,0.3,1.0,9,er,0,0.08333332,,,1,0.08333332,0.0,0,2.4849067,,2.4849067,0.0,1,
page_rank,N/A,0.1,0.3,0.1,9,er,6,0.08333332,0.08333331,7.450581e-09,1,0.08333332,0.0,0,2.4849067,2.4849066734313965,2.484907,0.0,1,0.0
page_rank,N/A,0.1,0.3,0.2,9,er,0,0.08333332,0.08333332,0.0,1,0.08333332,0.0,0,2.4849067,2.4849069118499756,2.4849067,0.0,1,0.0
page_rank,N/A,0.1,0.3,0.30000000000000004,9,er,0,0.08333332,0.08333332,0.0,1,0.08333332,0.0,0,2.4849067,2.4849069118499756,2.4849067,0.0,1,0.0
page_rank,N/A,0.1,0.3,0.4,9,er,0,0.08333332,0.08333332,0.0,1,0.08333332,0.0,0,2.4849067,2.4849069118499756,2.4849067,0.0,1,0.0
page_rank,N/A,0.1,0.3,0.5,9,er,0,0.08333332,0.08333333,7.450581e-09,1,0.08333332,0.0,0,2.4849067,2.4849066734313965,2.4849067,0.0,1,0.0
page_rank,N/A,0.1,0.3,0.6000000000000001,9,er,0,0.08333332,0.08333332,0.0,1,0.08333332,0.0,0,2.4849067,2.4849069118499756,2.4849067,0.0,1,0.0
page_rank,N/A,0.1,0.3,0.7000000000000001,9,er,0,0.08333332,0.08333332,0.0,1,0.08333332,0.0,0,2.4849067,2.4849069118499756,2.4849067,0.0,1,0.0
page_rank,N/A,0.1,0.3,0.8,9,er,0,0.08333332,0.08333332,0.0,1,0.08333332,0.0,0,2.4849067,2.4849069118499756,2.4849067,0.0,1,0.0
page_rank,N/A,0.1,0.3,0.9,9,er,0,0.08333332,0.08333331,7.450581e-09,1,0.08333332,0.0,0,2.4849067,2.4849071502685547,2.4849067,0.0,1,0.0
page_rank,N/A,0.1,0.3,1.0,9,er,0,0.08333332,,,1,0.08333332,0.0,0,2.4849067,,2.4849067,0.0,1,
page_rank,N/A,0.2,0.3,0.1,9,er,27,0.08333332,0.08333331,7.450581e-09,1,0.08333332,0.0,0,2.4849067,2.4849066734313965,2.484907,0.0,1,0.0
page_rank,N/A,0.2,0.3,0.2,9,er,517,0.08333332,0.08333332,0.0,1,0.08333332,0.0,0,2.4849067,2.4849069118499756,2.4849067,0.0,1,0.0
page_rank,N/A,0.2,0.3,0.30000000000000004,9,er,517,0.08333332,0.08333332,0.0,1,0.08333332,0.0,0,2.4849067,2.4849069118499756,2.4849067,0.0,1,0.0
page_rank,N/A,0.2,0.3,0.4,9,er,3,0.08333332,0.08333332,0.0,1,0.08333332,0.0,0,2.4849067,2.4849069118499756,2.484907,0.0,1,0.0
page_rank,N/A,0.2,0.3,0.5,9,er,3,0.08333332,0.08333333,7.450581e-09,1,0.08333332,0.0,0,2.4849067,2.4849066734313965,2.484907,0.0,1,0.0
page_rank,N/A,0.2,0.3,0.6000000000000001,9,er,3,0.08333332,0.08333332,0.0,1,0.08333332,0.0,0,2.4849067,2.4849069118499756,2.484907,0.0,1,0.0
page_rank,N/A,0.2,0.3,0.7000000000000001,9,er,2,0.08333332,0.08333332,0.0,1,0.08333332,0.0,0,2.4849067,2.4849069118499756,2.4849067,0.0,1,0.0
page_rank,N/A,0.2,0.3,0.8,9,er,2,0.08333332,0.08333332,0.0,1,0.08333332,0.0,0,2.4849067,2.4849069118499756,2.4849067,0.0,1,0.0
page_rank,N/A,0.2,0.3,0.9,9,er,0,0.08333332,0.08333331,7.450581e-09,1,0.08333332,0.0,0,2.4849067,2.4849071502685547,2.4849067,0.0,1,0.0
page_rank,N/A,0.2,0.3,1.0,9,er,0,0.08333332,,,1,0.08333332,0.0,0,2.4849067,,2.4849067,0.0,1,
