method,metric,delta,lambda,rho,sim,graph,selected_sensor,p_inf_selected,cand_mean_p_inf,cand_std_p_inf,rank_in_candidates,neigh_mean_p_inf,neigh_std_p_inf,true_state_t0,entropy_selected,entropy_cand_mean,entropy_neigh_mean,frontier_selected,frontier_rank,frontier_cand_mean
sequential,mov,0.2,0.3,0.0,0,rrg,10,0.1997723,0.19977227,2.9802322e-08,1,0.1997723,0.0,0,2.2179234,2.2179234,2.2179234,0.0,1,0.0
sequential,mov,0.2,0.3,0.0033333333333333335,0,rrg,1,0.2000002,0.19436008,0.023776008,24,0.20000273,4.144443e-06,0,2.1933413,2.204662,2.1934311,3.0646722e-06,44,0.0045652557
sequential,mov,0.2,0.3,0.006666666666666667,0,rrg,9,0.20000064,0.19070552,0.02929209,29,0.20000641,8.840906e-06,0,2.1930213,2.2139323,2.1931975,6.4124665e-06,56,0.008119477
sequential,mov,0.2,0.3,0.01,0,rrg,19,0.19991635,0.19050258,0.03068608,37,0.19870059,0.00178376,0,2.2050273,2.2156951,2.210101,0.0013141682,28,0.0083014425
sequential,mov,0.2,0.3,0.013333333333333334,0,rrg,37,0.20006092,0.19021969,0.03055418,32,0.1999806,0.00013448026,0,2.195496,2.2160726,2.1973107,0.000125284,55,0.010882807
sequential,mov,0.2,0.3,0.016666666666666666,0,rrg,6,0.20060514,0.18139571,0.045786418,13,0.20029213,0.0002628673,0,2.1984513,2.2252579,2.2027428,0.0003197094,52,0.013625601
sequential,mov,0.2,0.3,0.02,0,rrg,42,0.20036134,0.17550053,0.040798414,8,0.20079292,0.0013994201,0,2.1986547,2.2641768,2.2042136,0.0011748523,46,0.02043145
sequential,mov,0.2,0.3,0.023333333333333334,0,rrg,20,0.1951022,0.17470522,0.04263016,29,0.18368162,0.018533329,0,2.249002,2.263106,2.2560523,0.015859848,25,0.02050877
sequential,mov,0.2,0.3,0.02666666666666667,0,rrg,25,0.17696339,0.1715038,0.047929123,43,0.16998036,0.035551537,0,2.297618,2.2642953,2.2968826,0.031166965,19,0.022653084
sequential,mov,0.2,0.3,0.03,0,rrg,59,0.20122012,0.166401,0.055552594,13,0.19769889,0.006839595,0,2.2163067,2.246802,2.227773,0.0054172226,41,0.02316449
sequential,mov,0.2,0.3,0.03333333333333333,0,rrg,113,0.18072605,0.16044053,0.051075097,32,0.16004199,0.024735726,0,2.3531353,2.285369,2.3662536,0.028881123,29,0.029666895
sequential,mov,0.2,0.3,0.03666666666666667,0,rrg,61,0.20439307,0.17119399,0.04872288,4,0.20297043,0.0023614266,0,2.2193513,2.2613077,2.2375717,0.0026919048,50,0.022445701
sequential,mov,0.2,0.3,0.04,0,rrg,123,0.18629198,0.15330273,0.057804536,25,0.179703,0.016005022,0,2.281512,2.2718055,2.2913768,0.013998439,39,0.029361492
sequential,mov,0.2,0.3,0.043333333333333335,0,rrg,47,0.19198175,0.17728235,0.03617051,29,0.18383904,0.027758302,0,2.2429574,2.2822201,2.246956,0.023452958,32,0.026532607
sequential,mov,0.2,0.3,0.04666666666666667,0,rrg,116,0.196702,0.16444322,0.046129197,24,0.1894353,0.010517088,0,2.2693765,2.2885153,2.291537,0.01144899,42,0.03201104
sequential,mov,0.2,0.3,0.05,0,rrg,85,0.19378443,0.1534342,0.057578765,21,0.18934016,0.010744311,0,2.2492664,2.2940753,2.2643611,0.011308203,48,0.033414178
sequential,mov,0.2,0.3,0.05333333333333334,0,rrg,38,0.15969872,0.16598548,0.052526414,43,0.15340862,0.062256083,0,2.318445,2.2880852,2.2718542,0.05638637,9,0.031165643
sequential,mov,0.2,0.3,0.056666666666666664,0,rrg,126,0.11764665,0.1511383,0.05751072,42,0.117384695,0.059475057,0,2.4536006,2.2880778,2.3797817,0.05147256,21,0.038787503
sequential,mov,0.2,0.3,0.06,0,rrg,99,0.21589848,0.1324955,0.06688068,4,0.19079478,0.0016482234,0,2.2495985,2.2807927,2.2767372,0.025103698,40,0.038108192
sequential,mov,0.2,0.3,0.06333333333333334,0,rrg,40,0.1990365,0.15679543,0.052891564,19,0.194266,0.0276248,0,2.246556,2.2845373,2.260348,0.022891015,41,0.03655855
sequential,mov,0.2,0.3,0.06666666666666667,0,rrg,49,0.1909555,0.1477175,0.06329569,21,0.18321301,0.03832043,0,2.2653902,2.2736127,2.2727978,0.032957748,28,0.03715335
sequential,mov,0.2,0.3,0.07,0,rrg,111,0.21510682,0.15523952,0.064440906,6,0.1995549,0.008670672,0,2.240515,2.264547,2.2640798,0.015551914,46,0.03703002
sequential,mov,0.2,0.3,0.07333333333333333,0,rrg,79,0.20163026,0.16904224,0.05444026,19,0.19895053,0.012582399,0,2.2123702,2.2569296,2.2220314,0.010720526,49,0.03463761
sequential,mov,0.2,0.3,0.07666666666666666,0,rrg,112,0.21330728,0.1365914,0.06601351,5,0.20310877,0.008190507,0,2.1982553,2.2802713,2.2135727,0.010484154,55,0.043887112
sequential,mov,0.2,0.3,0.08,0,rrg,210,0.21910222,0.14716722,0.06741058,5,0.20671909,0.0057160556,0,2.2148979,2.2666726,2.2467995,0.012383133,51,0.041676804
sequential,mov,0.2,0.3,0.08333333333333333,0,rrg,64,0.18788332,0.14751647,0.06335315,22,0.17143811,0.017864052,0,2.3037822,2.2892904,2.3190556,0.016445205,53,0.04378054
sequential,mov,0.2,0.3,0.08666666666666667,0,rrg,233,0.21764418,0.14605944,0.06669606,7,0.20888937,0.0022889203,0,2.1818812,2.2745306,2.1986158,0.008754815,55,0.044669703
sequential,mov,0.2,0.3,0.09,0,rrg,120,0.19886278,0.15049437,0.06446886,17,0.19687052,0.004686402,0,2.2293406,2.2886071,2.2473211,0.005068312,59,0.04390909
sequential,mov,0.2,0.3,0.09333333333333334,0,rrg,192,0.21621345,0.16054788,0.065489165,11,0.21042538,0.0062329923,0,2.1876068,2.258908,2.2061365,0.0077469945,58,0.04085054
sequential,mov,0.2,0.3,0.09666666666666666,0,rrg,251,0.23980476,0.16060056,0.0670498,5,0.21719438,0.025989233,0,2.1723065,2.2543335,2.2024143,0.027341276,47,0.048675574
sequential,mov,0.2,0.3,0.1,0,rrg,259,0.47430733,0.16718623,0.07686031,1,0.1430082,0.10111806,0,1.616816,2.2481704,1.3711017,0.33129913,1,0.050040547
sequential,mov,0.2,0.3,0.10333333333333333,0,rrg,172,0.23790005,0.14582948,0.06627857,4,0.19251953,0.0441006,0,2.1459348,2.2847803,2.1395924,0.04538053,32,0.04777315
sequential,mov,0.2,0.3,0.10666666666666667,0,rrg,45,0.2091623,0.15158755,0.06494512,16,0.19128202,0.063474126,0,2.1876078,2.2550645,2.1621277,0.053871278,32,0.062368732
sequential,mov,0.2,0.3,0.11,0,rrg,132,0.20937319,0.16677387,0.059812743,17,0.30453777,0.18628864,0,2.10335,2.2588,2.015811,0.14355057,2,0.058292534
sequential,mov,0.2,0.3,0.11333333333333333,0,rrg,84,0.14312671,0.16233905,0.110263094,32,0.13835527,0.09884548,0,2.218239,2.2260103,1.4442887,0.090646364,7,0.06676917
sequential,mov,0.2,0.3,0.11666666666666667,0,rrg,164,0.23118521,0.15013377,0.06607699,5,0.2148838,0.038317904,0,2.17502,2.2625241,2.2061608,0.03136978,47,0.05659638
sequential,mov,0.2,0.3,0.12,0,rrg,257,0.43917856,0.16210876,0.08035367,1,0.11580702,0.08850757,1,1.6601835,2.2339413,1.3749229,0.32337156,1,0.058569632
sequential,mov,0.2,0.3,0.12333333333333334,0,rrg,81,0.2736459,0.14124802,0.075846456,2,0.19828111,0.050981775,0,2.088132,2.2578456,2.0887628,0.07536479,9,0.051771794
sequential,mov,0.2,0.3,0.12666666666666668,0,rrg,205,0.243668,0.162428,0.09587254,7,0.16282359,0.038500343,0,2.2128274,2.2404501,2.195082,0.08084442,17,0.07743854
sequential,mov,0.2,0.3,0.13,0,rrg,157,0.2659245,0.14477606,0.06560714,2,0.21324019,0.035440724,0,2.1794145,2.2482855,2.2438402,0.052684326,32,0.059145875
sequential,mov,0.2,0.3,0.13333333333333333,0,rrg,271,0.27715862,0.14613733,0.07850424,4,0.05844645,0.08265453,0,1.7426151,2.207328,0.7063582,0.21871217,2,0.071282394
sequential,mov,0.2,0.3,0.13666666666666666,0,rrg,270,0.4652023,0.16188724,0.09075028,1,0.1793135,0.13437346,0,1.4816614,2.2077763,1.2832003,0.28588882,2,0.07906919
sequential,mov,0.2,0.3,0.14,0,rrg,267,0.3406856,0.1415565,0.081629254,2,0.31266633,0.2513168,0,1.9480642,2.2334647,1.7953515,0.24035631,1,0.06252067
sequential,mov,0.2,0.3,0.14333333333333334,0,rrg,166,0.28672248,0.17804664,0.122094646,5,0.24134117,0.020631833,0,2.0282166,2.2004275,2.061443,0.04538132,36,0.08089475
sequential,mov,0.2,0.3,0.14666666666666667,0,rrg,77,0.16190144,0.15317242,0.09136431,28,0.14598799,0.057527427,0,2.3514884,2.2347713,2.3117323,0.05123191,25,0.068249844
sequential,mov,0.2,0.3,0.15,0,rrg,248,0.38786867,0.18061534,0.14157046,3,0.25360987,0.021464266,0,1.8502878,2.177422,1.9994779,0.13425879,7,0.0877333
sequential,mov,0.2,0.3,0.15333333333333332,0,rrg,204,0.2855691,0.16899584,0.08686869,3,0.13625526,0.12007013,0,1.9410038,2.2248433,1.4165511,0.15369399,4,0.075544454
sequential,mov,0.2,0.3,0.15666666666666668,0,rrg,0,0.5403898,0.14340451,0.08623088,1,0.11338011,0.08819521,1,1.51634,2.240912,1.374103,0.42700967,1,0.07357434
sequential,mov,0.2,0.3,0.16,0,rrg,107,0.09586996,0.16908883,0.14429265,44,0.12960927,0.092669174,0,2.2992897,2.1569993,1.550078,0.09765262,9,0.08487808
sequential,mov,0.2,0.3,0.16333333333333333,0,rrg,124,0.34172034,0.15337048,0.11432309,4,0.2661754,0.19522464,0,1.7361089,2.167218,1.6615186,0.20841853,4,0.0746657
sequential,mov,0.2,0.3,0.16666666666666666,0,rrg,90,0.4037382,0.1443265,0.08056591,1,0.2611316,0.12637305,1,1.7902125,2.21817,1.8799648,0.15795349,4,0.06656941
sequential,mov,0.2,0.3,0.17,0,rrg,180,0.2755588,0.14644797,0.095257886,3,0.38863122,0.43222135,0,1.2809014,2.1882885,0.676344,0.36424747,2,0.08452665
sequential,mov,0.2,0.3,0.17333333333333334,0,rrg,33,0.6506854,0.13988537,0.09424857,1,0.13527395,0.19130298,0,0.9115357,2.2083316,0.588033,0.51541144,1,0.07319414
sequential,mov,0.2,0.3,0.17666666666666667,0,rrg,294,0.20415072,0.15631738,0.13238907,15,0.12227353,0.056782182,0,2.3609145,2.1815736,2.2775514,0.081877194,14,0.08108626
sequential,mov,0.2,0.3,0.18,0,rrg,263,0.21527568,0.16152088,0.091943674,14,0.21295182,0.005137962,0,2.1954908,2.2073061,2.2196748,0.005510941,60,0.084439546
sequential,mov,0.2,0.3,0.18333333333333332,0,rrg,281,0.42902964,0.14736588,0.07917788,1,0.107568026,0.07531589,0,1.7817215,2.2491345,1.567275,0.32146162,3,0.082485326
sequential,mov,0.2,0.3,0.18666666666666668,0,rrg,73,0.55402124,0.16219853,0.10546132,2,0.0891322,0.077322595,1,1.569943,2.1697676,1.5305225,0.46488905,1,0.08873227
sequential,mov,0.2,0.3,0.19,0,rrg,272,0.5781396,0.14674959,0.09491325,1,0.11148202,0.08514004,1,1.4219127,2.1682627,1.3613019,0.4666576,1,0.08627589
sequential,mov,0.2,0.3,0.19333333333333333,0,rrg,149,0.2330109,0.13974606,0.067714915,4,0.19065297,0.052726623,0,2.130792,2.2051198,2.122566,0.048716057,35,0.07501923
sequential,mov,0.2,0.3,0.19666666666666666,0,rrg,86,0.13047597,0.14310764,0.13271342,28,0.2858007,0.24364378,0,2.2496188,2.176893,1.990085,0.22382908,4,0.0919456
sequential,mov,0.2,0.3,0.2,0,rrg,83,0.17698854,0.1662315,0.1803019,20,0.12631316,0.025073227,0,2.277781,2.1263998,2.127772,0.05067538,43,0.11133565
sequential,mov,0.2,0.3,0.20333333333333334,0,rrg,135,0.32176366,0.16533202,0.15384188,3,0.16313754,0.11818475,0,1.807073,2.163329,1.3727999,0.15862612,5,0.09206413
sequential,mov,0.2,0.3,0.20666666666666667,0,rrg,91,0.5179813,0.1631821,0.17876801,3,0.1377645,0.097365096,1,1.5538988,2.0905735,1.3835508,0.3802168,3,0.11157111
sequential,mov,0.2,0.3,0.21,0,rrg,236,0.19264907,0.16623922,0.14129439,22,0.17594928,0.1519766,0,1.9534615,2.1353433,1.2755255,0.13548024,8,0.08961813
sequential,mov,0.2,0.3,0.21333333333333335,0,rrg,110,0.21472998,0.14039966,0.074798144,7,0.22093706,0.013779607,0,2.1775544,2.193359,2.1988437,0.015048544,57,0.081265286
sequential,mov,0.2,0.3,0.21666666666666667,0,rrg,292,0.51740324,0.14621878,0.08860422,1,0.076304555,0.10787466,1,1.5024734,2.1450174,0.71964544,0.4410987,1,0.095237456
sequential,mov,0.2,0.3,0.22,0,rrg,8,0.23738451,0.12631522,0.07639042,4,0.049827617,0.041597243,0,1.9403228,2.209955,1.4811851,0.18755688,5,0.0744932
sequential,mov,0.2,0.3,0.22333333333333333,0,rrg,57,0.20216961,0.14736412,0.1359005,12,0.46965277,0.37502158,0,1.816224,2.1299188,1.404561,0.26811728,6,0.09976762
sequential,mov,0.2,0.3,0.22666666666666666,0,rrg,146,0.18590276,0.1287315,0.13046682,12,0.16887844,0.02403633,0,2.329228,2.193719,2.3376615,0.028116345,54,0.075126916
sequential,mov,0.2,0.3,0.23,0,rrg,286,0.2048811,0.14326909,0.13271141,11,0.18590821,0.07126175,0,2.199948,2.1283243,2.121058,0.058434617,34,0.110513166
sequential,mov,0.2,0.3,0.23333333333333334,0,rrg,101,0.21807168,0.13934807,0.076559275,12,0.21304655,0.029718924,0,2.1911173,2.1665852,2.2028325,0.02591314,59,0.083267696
sequential,mov,0.2,0.3,0.23666666666666666,0,rrg,297,0.21232833,0.12567417,0.0738352,8,0.17147408,0.053546254,0,2.2741032,2.1745064,2.2330282,0.04805937,36,0.07871928
sequential,mov,0.2,0.3,0.24,0,rrg,243,0.24633856,0.1444289,0.08371043,8,0.35821033,0.16091564,0,1.9418782,2.198364,1.8584872,0.119710624,13,0.08995653
sequential,mov,0.2,0.3,0.24333333333333335,0,rrg,52,0.79738975,0.15741323,0.1393006,2,0.061316293,0.084444985,1,0.78748345,2.1468565,0.6162761,0.73607343,2,0.11140673
sequential,mov,0.2,0.3,0.24666666666666667,0,rrg,122,0.23191717,0.12119374,0.07681785,4,0.18624784,0.10473418,0,2.183796,2.1481383,2.1070411,0.112545155,12,0.09107824
sequential,mov,0.2,0.3,0.25,0,rrg,105,0.41126552,0.14896344,0.159846,3,0.12180974,0.16963808,0,1.6889665,2.130145,0.6779068,0.28945577,4,0.112960465
sequential,mov,0.2,0.3,0.25333333333333335,0,rrg,196,0.30561268,0.16382232,0.17581901,6,0.080264814,0.11351159,0,1.7334434,2.1019647,0.6883499,0.22534788,9,0.119650744
sequential,mov,0.2,0.3,0.25666666666666665,0,rrg,177,0.24156919,0.13441192,0.102643974,7,0.21024239,0.030341659,0,2.2476451,2.11165,2.3084738,0.03786783,47,0.08984493
sequential,mov,0.2,0.3,0.26,0,rrg,242,0.706892,0.15110299,0.11873751,1,0.14935471,0.15894082,1,0.604996,2.0899074,1.1927806,0.55753726,2,0.1044685
sequential,mov,0.2,0.3,0.2633333333333333,0,rrg,102,0.17948844,0.12671594,0.08538319,10,0.0,0.0,0,0.9801756,2.136542,0.0,0.17948844,10,0.10562315
sequential,mov,0.2,0.3,0.26666666666666666,0,rrg,136,0.19930242,0.16685909,0.17776236,15,0.15746684,0.07369057,0,2.2545176,2.1055808,2.17458,0.081867196,19,0.12717646
sequential,mov,0.2,0.3,0.27,0,rrg,145,0.23269996,0.15161894,0.14708123,5,0.041902382,0.05831121,0,1.8714281,2.0870554,0.6883301,0.19079757,13,0.1293231
sequential,mov,0.2,0.3,0.2733333333333333,0,rrg,184,0.15339985,0.14285158,0.16814594,20,0.13381426,0.09650027,0,2.1215944,2.0719345,1.4745817,0.08268096,23,0.12124821
sequential,mov,0.2,0.3,0.27666666666666667,0,rrg,139,0.20501488,0.13197759,0.06963237,9,0.15787596,0.0692744,0,2.2607546,2.1582365,2.201389,0.080956064,22,0.09557941
sequential,mov,0.2,0.3,0.28,0,rrg,216,0.28377894,0.14241059,0.13569589,5,0.069759615,0.09792017,0,1.9344926,2.1126106,0.7567985,0.21401934,9,0.11139296
sequential,mov,0.2,0.3,0.2833333333333333,0,rrg,23,0.096463814,0.15760586,0.17129032,40,0.2510067,0.33462027,0,2.0505843,2.0977013,0.98017246,0.26377,10,0.13631716
sequential,mov,0.2,0.3,0.2866666666666667,0,rrg,265,0.27401257,0.14418732,0.16902615,3,0.061763663,0.08734698,0,1.8287456,2.0551715,0.7006132,0.21224892,8,0.11360545
sequential,mov,0.2,0.3,0.29,0,rrg,75,0.3770433,0.18249127,0.18536888,5,0.06456011,0.09130178,0,1.7198713,2.072468,0.7181446,0.31248322,9,0.14575188
sequential,mov,0.2,0.3,0.29333333333333333,0,rrg,74,0.23095222,0.13249415,0.14342843,3,0.4317341,0.40242854,0,1.6625727,2.1041842,1.1806267,0.31191662,6,0.11675688
sequential,mov,0.2,0.3,0.2966666666666667,0,rrg,100,0.21778981,0.15435296,0.1805857,8,0.1370642,0.11781996,0,2.018367,2.069667,1.442237,0.12764978,10,0.121042654
sequential,mov,0.2,0.3,0.3,0,rrg,24,0.14889807,0.19196469,0.19439144,28,0.29121754,0.33500436,0,1.9863149,2.0093775,1.0106214,0.26538578,15,0.17371601
sequential,mov,0.2,0.3,0.30333333333333334,0,rrg,291,0.31213295,0.20009895,0.23403494,8,0.069068216,0.09764906,0,1.8519785,2.0187662,0.74323016,0.24306475,13,0.15875237
sequential,mov,0.2,0.3,0.30666666666666664,0,rrg,141,0.15771939,0.17008309,0.20180018,21,0.028978242,0.040981278,0,1.7661151,1.9944195,0.70064884,0.12874115,17,0.14168455
sequential,mov,0.2,0.3,0.31,0,rrg,150,0.14750285,0.19393255,0.23201206,26,0.38336524,0.4373503,0,1.7912552,2.0182657,0.75762486,0.3341976,9,0.15244918
sequential,mov,0.2,0.3,0.31333333333333335,0,rrg,108,0.06692106,0.15488848,0.20276564,40,0.034561135,0.048876826,0,1.6970164,2.0546544,0.68528897,0.056868155,36,0.13101266
sequential,mov,0.2,0.3,0.31666666666666665,0,rrg,179,0.16044384,0.17311984,0.23721024,16,0.14671095,0.04580508,0,2.4036443,1.9922587,2.3778594,0.046032082,36,0.15087731
sequential,mov,0.2,0.3,0.32,0,rrg,158,0.29279378,0.15047221,0.172244,4,0.04689085,0.034991406,0,2.0588708,2.0414433,1.5955286,0.24590294,11,0.1332937
sequential,mov,0.2,0.3,0.3233333333333333,0,rrg,98,0.09147866,0.13272782,0.14952642,35,0.19269119,0.17823608,0,2.168267,2.06038,1.3483633,0.1621983,13,0.114463106
sequential,mov,0.2,0.3,0.32666666666666666,0,rrg,170,0.16628717,0.17394899,0.23805147,15,0.09173725,0.067357466,0,2.0933092,1.9820535,1.5429721,0.07454992,21,0.15535396
sequential,mov,0.2,0.3,0.33,0,rrg,238,0.41558152,0.17664719,0.18163334,4,0.14461379,0.102952,1,1.7021906,2.0489652,1.3554211,0.27096775,11,0.14398853
sequential,mov,0.2,0.3,0.3333333333333333,0,rrg,227,0.21622738,0.1470792,0.16907874,6,0.46107206,0.38808903,0,1.7529634,2.0379775,1.3795795,0.32121977,5,0.13081045
sequential,mov,0.2,0.3,0.33666666666666667,0,rrg,53,0.2525912,0.13154979,0.1284293,3,0.10967195,0.08849255,0,2.0418913,2.117585,1.5003515,0.14291924,14,0.119860135
sequential,mov,0.2,0.3,0.34,0,rrg,129,0.17839085,0.13221931,0.16188453,11,0.14080997,0.042244405,0,2.3996894,2.0709963,2.3512495,0.050459474,30,0.09437184
sequential,mov,0.2,0.3,0.3433333333333333,0,rrg,283,0.48059118,0.13725734,0.10525153,2,0.11090905,0.12090496,1,1.6038871,2.097345,1.3320707,0.3696821,3,0.11726571
sequential,mov,0.2,0.3,0.3466666666666667,0,rrg,161,0.4158935,0.1644086,0.20232965,4,0.05826357,0.07203187,0,1.8484448,2.024659,1.4735006,0.35762993,6,0.16656668
sequential,mov,0.2,0.3,0.35,0,rrg,295,0.34245005,0.1875611,0.2402041,7,0.031024082,0.043874614,0,1.7585806,1.9695386,0.7179828,0.31142598,10,0.15121962
sequential,mov,0.2,0.3,0.35333333333333333,0,rrg,5,0.17370474,0.14856194,0.17400256,12,0.03963575,0.05593942,0,1.5001498,2.0245993,0.6699524,0.134069,14,0.13180585
sequential,mov,0.2,0.3,0.3566666666666667,0,rrg,35,0.2802764,0.1382534,0.18526585,5,0.4078227,0.42855567,0,1.6416076,2.0421143,0.6867145,0.3522694,5,0.123131305
sequential,mov,0.2,0.3,0.36,0,rrg,289,0.34399056,0.18008208,0.23779325,6,0.02932293,0.041468885,0,1.6164777,1.9784921,0.787649,0.3146676,10,0.15731885
sequential,mov,0.2,0.3,0.36333333333333334,0,rrg,209,0.15582508,0.13339683,0.17170003,15,0.118278064,0.096565105,0,2.1841898,2.0313823,1.413277,0.091353774,18,0.1277606
sequential,mov,0.2,0.3,0.36666666666666664,0,rrg,231,0.14308047,0.15544555,0.20368588,19,0.13683502,0.076740116,0,2.3975568,2.0085998,2.2789586,0.063529156,25,0.13162476
sequential,mov,0.2,0.3,0.37,0,rrg,22,0.19145471,0.16890119,0.23380636,11,0.59395385,0.35321146,0,1.6919458,1.9254069,1.1480645,0.4374865,5,0.16504775
sequential,mov,0.2,0.3,0.37333333333333335,0,rrg,290,0.2541238,0.11788125,0.13060586,3,0.029263945,0.041385297,0,1.7996573,2.11531,0.57791567,0.22485988,9,0.113365315
sequential,mov,0.2,0.3,0.37666666666666665,0,rrg,13,0.18867314,0.116556354,0.12633702,5,0.42448023,0.40956652,0,1.8062668,2.0779834,1.4314995,0.30815378,9,0.12279118
sequential,mov,0.2,0.3,0.38,0,rrg,155,0.15665899,0.13613297,0.19180302,13,0.38207114,0.43703103,0,1.9594091,1.9866458,1.4334968,0.3368152,11,0.15313858
sequential,mov,0.2,0.3,0.38333333333333336,0,rrg,273,0.19574861,0.18271856,0.23251085,12,0.15898418,0.056020454,0,2.2456791,1.9843606,2.1648738,0.05255414,40,0.15577099
sequential,mov,0.2,0.3,0.38666666666666666,0,rrg,11,0.10581747,0.15212274,0.22116569,20,0.08025537,0.11349822,0,1.9104475,1.9616166,0.7419668,0.115527846,18,0.15131578
sequential,mov,0.2,0.3,0.39,0,rrg,190,0.15140387,0.1301663,0.13744432,17,0.39084926,0.43077677,0,1.9667578,2.0572536,1.4497553,0.32628492,11,0.14417972
sequential,mov,0.2,0.3,0.3933333333333333,0,rrg,39,0.10402155,0.13331904,0.17904305,25,0.042559814,0.040893387,0,2.1077986,2.0249863,1.3825675,0.061461736,27,0.1280659
sequential,mov,0.2,0.3,0.39666666666666667,0,rrg,244,0.15572043,0.163419,0.20576067,15,0.19481683,0.096603185,0,2.2871394,1.9779218,2.1903389,0.07658779,31,0.17420264
sequential,mov,0.2,0.3,0.4,0,rrg,246,0.13557142,0.17039217,0.24599543,16,0.04383907,0.061997812,0,2.006596,1.937827,0.77334553,0.091732346,18,0.14705582
sequential,mov,0.2,0.3,0.4033333333333333,0,rrg,104,0.08905788,0.18063442,0.25797877,30,0.38032123,0.44128504,0,2.3376136,1.8821347,1.4657739,0.3463218,10,0.17015976
sequential,mov,0.2,0.3,0.4066666666666667,0,rrg,119,0.5548105,0.1707966,0.23760779,5,0.098814964,0.13974036,1,1.4115825,1.9605985,0.5990312,0.45599556,6,0.16849981
sequential,mov,0.2,0.3,0.41,0,rrg,284,0.10915909,0.14409362,0.19641364,22,0.0935662,0.046508845,0,2.3104377,1.9837706,2.1240609,0.04427381,38,0.13716291
sequential,mov,0.2,0.3,0.41333333333333333,0,rrg,142,0.19635406,0.17462875,0.26404178,9,0.07895211,0.060433466,0,2.0619495,1.8786807,1.4498509,0.11740196,16,0.16440964
sequential,mov,0.2,0.3,0.4166666666666667,0,rrg,76,0.14715913,0.1420973,0.20737305,14,0.11066712,0.040241998,0,2.418339,1.9481313,2.3375266,0.050028328,33,0.1368083
sequential,mov,0.2,0.3,0.42,0,rrg,66,0.18325594,0.17756896,0.23335056,17,0.046390373,0.064729564,0,2.0434444,1.9124331,0.7962055,0.13686557,18,0.16974212
sequential,mov,0.2,0.3,0.42333333333333334,0,rrg,12,0.26326814,0.11591414,0.11132768,4,0.5072202,0.3827237,0,1.7929096,2.0022326,1.278957,0.37483534,3,0.12402884
sequential,mov,0.2,0.3,0.4266666666666667,0,rrg,125,0.68985605,0.15481707,0.23277192,5,0.060358554,0.07486193,1,1.1497484,1.8745494,0.8232809,0.62949747,5,0.15785018
sequential,mov,0.2,0.3,0.43,0,rrg,198,0.07526277,0.12958853,0.15449475,37,0.10403835,0.07543393,0,2.22857,1.9812793,1.3983831,0.078950755,25,0.13709019
sequential,mov,0.2,0.3,0.43333333333333335,0,rrg,240,0.30106723,0.20586178,0.29039314,10,0.09022043,0.12759095,1,1.7336093,1.8008683,0.6160937,0.2108468,21,0.22699891
sequential,mov,0.2,0.3,0.43666666666666665,0,rrg,46,0.20621185,0.15952131,0.23393293,11,0.39161527,0.43607473,0,1.6204131,1.8745189,0.6674459,0.34378865,11,0.18070535
sequential,mov,0.2,0.3,0.44,0,rrg,36,0.16702245,0.14237644,0.21062177,11,0.33305043,0.47100446,0,1.5352358,1.9239194,0.0027376302,0.38872457,6,0.15719362
sequential,mov,0.2,0.3,0.44333333333333336,0,rrg,71,0.102035016,0.1460735,0.19253941,30,0.06525208,0.09228038,0,1.9680947,1.9672623,0.68585664,0.09926375,20,0.15727998
sequential,mov,0.2,0.3,0.44666666666666666,0,rrg,82,0.16474259,0.1664477,0.23642966,13,0.11588181,0.0917921,0,1.9775227,1.9044787,1.1229364,0.08869281,17,0.16404383
sequential,mov,0.2,0.3,0.45,0,rrg,31,0.22946726,0.15464292,0.22656968,9,0.085369706,0.12073051,0,1.7684779,1.8981348,0.7202701,0.16185834,16,0.16205065
sequential,mov,0.2,0.3,0.4533333333333333,0,rrg,152,0.70967,0.18586943,0.2649278,6,0.39400867,0.43484628,1,1.0292821,1.8336083,0.65643364,0.5092147,8,0.20478614
sequential,mov,0.2,0.3,0.45666666666666667,0,rrg,50,0.18133688,0.19637991,0.27535453,13,0.46149054,0.37720048,0,1.8877059,1.8432267,1.2855175,0.36464962,11,0.20690675
sequential,mov,0.2,0.3,0.46,0,rrg,215,0.20150304,0.14753447,0.22193673,8,7.938767e-07,1.1227112e-06,0,1.5119624,1.9408493,6.204895e-05,0.20150225,13,0.14265446
sequential,mov,0.2,0.3,0.4633333333333333,0,rrg,143,0.09156136,0.14683658,0.23265702,25,0.041468326,0.029687451,0,2.0175455,1.9442143,1.4094177,0.050093036,39,0.15750784
sequential,mov,0.2,0.3,0.4666666666666667,0,rrg,51,0.15015578,0.16117555,0.24505326,15,0.18386112,0.14045274,0,2.260731,1.8630944,2.046106,0.119757675,20,0.17069176
sequential,mov,0.2,0.3,0.47,0,rrg,29,0.39910486,0.14477754,0.19906116,4,0.06514508,0.09212808,0,1.6658578,1.9151913,0.6867091,0.3339598,11,0.14912075
sequential,mov,0.2,0.3,0.47333333333333333,0,rrg,138,0.119778335,0.14931557,0.22512399,18,0.122086324,0.08638066,0,2.030301,1.9183286,1.2591443,0.08216021,22,0.15310478
sequential,mov,0.2,0.3,0.4766666666666667,0,rrg,131,0.17386149,0.121110186,0.1927099,7,0.18013887,0.2297468,0,1.97788,1.9450737,1.2356855,0.21407044,10,0.12545507
sequential,mov,0.2,0.3,0.48,0,rrg,16,0.40937835,0.18644159,0.28058153,8,0.024927773,0.03525318,1,1.2655003,1.7856792,0.69840354,0.38445058,10,0.18298982
sequential,mov,0.2,0.3,0.48333333333333334,0,rrg,278,0.106778696,0.14573623,0.22197057,21,0.36646807,0.4498077,0,2.208185,1.8979228,0.6116491,0.33579013,13,0.17221364
sequential,mov,0.2,0.3,0.4866666666666667,0,rrg,222,0.4018585,0.17587896,0.26192832,6,0.019115591,0.02703353,0,1.3542368,1.8554006,0.6387266,0.3827429,7,0.17562024
sequential,mov,0.2,0.3,0.49,0,rrg,48,0.15673271,0.17117625,0.25834513,17,3.5756575e-06,5.056743e-06,0,1.5158587,1.843766,0.0003380285,0.15672913,16,0.17809714
sequential,mov,0.2,0.3,0.49333333333333335,0,rrg,154,0.12815082,0.082154624,0.050042234,10,0.014735177,0.020838687,0,2.1182873,2.0304353,0.7955393,0.113415636,13,0.09591701
sequential,mov,0.2,0.3,0.49666666666666665,0,rrg,232,0.1219575,0.20127602,0.30433598,19,0.3432169,0.4645735,0,1.9485399,1.7349803,0.78436184,0.36410227,11,0.2276199
sequential,mov,0.2,0.3,0.5,0,rrg,41,0.03755702,0.17368926,0.26027665,48,0.0438308,0.03452529,0,2.2502007,1.8202248,1.5595423,0.031311795,45,0.17996512
sequential,mov,0.2,0.3,0.5033333333333333,0,rrg,89,0.15971631,0.18540601,0.27860388,10,0.12308911,0.028173883,1,2.392221,1.8092636,2.3317378,0.03876174,45,0.20079225
sequential,mov,0.2,0.3,0.5066666666666667,0,rrg,115,0.36787763,0.17285027,0.2725862,8,0.24626476,0.34827095,1,1.5926905,1.7712349,0.1914467,0.36889064,10,0.20031077
sequential,mov,0.2,0.3,0.51,0,rrg,78,0.20465785,0.14309232,0.23538171,7,0.122546606,0.08729026,0,1.9382886,1.8605728,1.3449074,0.08211125,22,0.17045568
sequential,mov,0.2,0.3,0.5133333333333333,0,rrg,148,0.04705713,0.1484329,0.21819137,43,0.23839559,0.31110328,0,2.215789,1.8555353,1.152007,0.22917892,16,0.17675975
sequential,mov,0.2,0.3,0.5166666666666667,0,rrg,117,0.053606994,0.17450628,0.26385042,41,0.048315156,0.03602768,0,2.1978462,1.8294536,1.3940516,0.030446162,51,0.21878222
sequential,mov,0.2,0.3,0.52,0,rrg,187,0.045491666,0.2618236,0.34484103,45,0.035508856,0.050217107,0,1.7946371,1.6566906,0.7486852,0.050672743,33,0.25489098
sequential,mov,0.2,0.3,0.5233333333333333,0,rrg,140,0.082914,0.19864576,0.28998062,31,0.34540784,0.4631027,0,1.9688596,1.7792135,0.71009463,0.34889683,15,0.23390022
sequential,mov,0.2,0.3,0.5266666666666666,0,rrg,261,0.039955717,0.21916504,0.29705855,49,1.6683491e-20,2.3594004e-20,0,1.3136644,1.726353,1.6182408e-18,0.039955717,49,0.24545537
sequential,mov,0.2,0.3,0.53,0,rrg,249,0.15850367,0.179632,0.2557119,14,0.40264153,0.42359835,1,1.874178,1.8385733,1.278942,0.3168597,18,0.1941669
sequential,mov,0.2,0.3,0.5333333333333333,0,rrg,239,0.03602498,0.16071883,0.23699312,48,0.059685726,0.047717378,0,2.2713463,1.8658897,1.4543821,0.0476774,32,0.1664982
sequential,mov,0.2,0.3,0.5366666666666666,0,rrg,207,0.0090364255,0.16334152,0.25950512,58,0.002208901,0.0031238578,0,2.1481721,1.8203826,0.6158105,0.0068275244,58,0.1999353
sequential,mov,0.2,0.3,0.54,0,rrg,230,0.9999998,0.19190389,0.28390008,4,0.0,0.0,1,4.221182e-06,1.8413087,0.0,0.9999998,3,0.19660915
sequential,mov,0.2,0.3,0.5433333333333333,0,rrg,217,0.09221266,0.21487729,0.28607857,30,0.028402368,0.040167015,0,1.9321051,1.7793218,0.7211838,0.0638103,36,0.2299216
sequential,mov,0.2,0.3,0.5466666666666666,0,rrg,250,0.05894734,0.18213658,0.25653464,40,0.34378374,0.46419147,0,2.1258736,1.7635593,0.71443766,0.34253207,15,0.20451228
sequential,mov,0.2,0.3,0.55,0,rrg,118,0.023293126,0.2312053,0.3146808,55,0.02745512,0.02662627,1,2.0576751,1.7274739,1.3010077,0.022643194,56,0.26054707
sequential,mov,0.2,0.3,0.5533333333333333,0,rrg,97,0.0013756664,0.15206833,0.23234694,59,0.0045142276,0.006384082,0,1.6450438,1.8356179,0.6386046,0.0049727825,60,0.18094414
sequential,mov,0.2,0.3,0.5566666666666666,0,rrg,168,0.14471307,0.20831281,0.29179108,16,0.592572,0.42872572,1,1.5537114,1.748322,0.2725468,0.54433423,8,0.22618333
sequential,mov,0.2,0.3,0.56,0,rrg,27,0.11257479,0.21549691,0.3154577,20,0.36795425,0.44893077,0,1.9583793,1.7511685,0.6002278,0.33623734,18,0.2170939
sequential,mov,0.2,0.3,0.5633333333333334,0,rrg,7,0.35598835,0.15973622,0.23843154,7,0.09316381,0.067325756,0,1.601329,1.8298999,1.2390712,0.26282454,18,0.18233694
sequential,mov,0.2,0.3,0.5666666666666667,0,rrg,299,0.10812974,0.17814216,0.25732046,21,0.0,0.0,0,1.8079884,1.8149803,0.0,0.10812974,23,0.19206223
sequential,mov,0.2,0.3,0.57,0,rrg,70,0.066327326,0.19833684,0.2914289,34,0.16791344,0.19324765,0,2.2100828,1.7549087,1.3216859,0.14660059,26,0.22295302
sequential,mov,0.2,0.3,0.5733333333333334,0,rrg,202,1.0,0.20981923,0.3104424,1,0.10609434,0.081352495,1,1.01615685e-08,1.7234164,1.1289511,0.89390564,6,0.21968436
sequential,mov,0.2,0.3,0.5766666666666667,0,rrg,173,0.08830226,0.18540682,0.260847,28,0.0,0.0,0,1.5802948,1.7734286,0.0,0.08830226,27,0.2305128
sequential,mov,0.2,0.3,0.58,0,rrg,219,0.06156277,0.21782278,0.31731993,32,0.0073416964,0.010382727,0,1.8409197,1.7371657,0.58165914,0.054221075,32,0.21852292
sequential,mov,0.2,0.3,0.5833333333333334,0,rrg,185,0.05439961,0.19760415,0.26280427,45,0.04266425,0.027726352,1,2.344185,1.8343168,2.1582375,0.02600869,57,0.22708787
sequential,mov,0.2,0.3,0.5866666666666667,0,rrg,95,0.01631624,0.20288116,0.27946687,58,0.01770225,0.024728255,0,2.1160989,1.7517802,1.0989786,0.02285142,56,0.23430943
sequential,mov,0.2,0.3,0.59,0,rrg,247,0.42867172,0.19716805,0.27084047,10,0.02189854,0.030969214,0,1.7043723,1.7669293,0.74420935,0.40677318,11,0.22079556
sequential,mov,0.2,0.3,0.5933333333333334,0,rrg,255,0.06320558,0.16157813,0.26349387,30,0.33333233,0.47140306,0,1.8923949,1.8372577,1.5438412e-05,0.35440084,9,0.18322977
sequential,mov,0.2,0.3,0.5966666666666667,0,rrg,234,0.051012542,0.2088745,0.2815862,43,0.031002514,0.024389308,0,1.8596146,1.7677658,1.085904,0.02573193,55,0.22207625
sequential,mov,0.2,0.3,0.6,0,rrg,256,0.059924815,0.17682332,0.24876602,36,0.056052323,0.0465504,0,2.0713787,1.812658,1.2704953,0.0399083,44,0.2025695
sequential,mov,0.2,0.3,0.6033333333333334,0,rrg,68,0.12615256,0.1589098,0.24204116,19,0.40166318,0.42578748,0,2.085331,1.8072922,1.4585932,0.330368,15,0.17521462
sequential,mov,0.2,0.3,0.6066666666666667,0,rrg,69,0.033839278,0.20603043,0.29057127,49,0.08981586,0.08000371,0,2.3351111,1.7818489,1.4542145,0.0785361,31,0.20317058
sequential,mov,0.2,0.3,0.61,0,rrg,218,0.03172226,0.16414304,0.25146568,47,4.949677e-09,6.9999e-09,0,0.8260185,1.7947307,1.2240645e-06,0.03172225,46,0.18346839
sequential,mov,0.2,0.3,0.6133333333333333,0,rrg,109,0.044842653,0.18423766,0.27125007,41,0.025809204,0.036499724,0,2.0214121,1.7431409,0.69494486,0.040756755,41,0.20386666
sequential,mov,0.2,0.3,0.6166666666666667,0,rrg,130,0.4403988,0.19638729,0.27745485,10,0.04353729,0.03190047,1,1.6109061,1.7456801,1.0588144,0.39686155,9,0.2120588
sequential,mov,0.2,0.3,0.62,0,rrg,182,0.1371801,0.17860453,0.26189625,17,0.26261178,0.22071315,0,2.2322466,1.8194737,2.0405362,0.16624369,23,0.20021702
sequential,mov,0.2,0.3,0.6233333333333333,0,rrg,206,0.17231308,0.19812182,0.2770648,18,6.33646e-28,0.0,0,1.6592335,1.7134533,2.583109e-25,0.17231308,21,0.22073506
sequential,mov,0.2,0.3,0.6266666666666667,0,rrg,188,0.029431848,0.18691468,0.266935,51,2.0224517e-16,2.8601788e-16,0,0.13286628,1.7385983,9.293473e-14,0.029431848,52,0.22022542
sequential,mov,0.2,0.3,0.63,0,rrg,229,0.26289934,0.2342127,0.30377567,16,0.31396365,0.22725834,0,1.7784106,1.6826767,1.0806532,0.22633053,27,0.26803115
sequential,mov,0.2,0.3,0.6333333333333333,0,rrg,163,0.2389348,0.23188612,0.32668072,13,0.07785125,0.07798798,0,2.0552506,1.7032375,1.4548697,0.16108356,24,0.24511233
sequential,mov,0.2,0.3,0.6366666666666667,0,rrg,56,0.021420704,0.18487185,0.26783568,53,0.028340593,0.026293103,0,2.1983929,1.7890797,1.4067106,0.021200359,53,0.23177081
sequential,mov,0.2,0.3,0.64,0,rrg,226,0.056669902,0.27184823,0.3405538,45,0.010967414,0.008926771,0,2.2048109,1.5874447,1.4135321,0.045702487,45,0.30391872
sequential,mov,0.2,0.3,0.6433333333333333,0,rrg,147,0.999999,0.18483385,0.26725116,4,0.0262276,0.037091427,1,1.7865967e-05,1.7607225,0.6682842,0.9737714,1,0.23826675
sequential,mov,0.2,0.3,0.6466666666666666,0,rrg,274,0.05504453,0.23948471,0.2997089,46,0.10320825,0.0838321,0,2.219692,1.681422,1.384246,0.08486008,36,0.26526213
sequential,mov,0.2,0.3,0.65,0,rrg,197,0.09862324,0.22375612,0.29267952,28,0.07579386,0.06846927,0,2.153685,1.6649711,1.4297767,0.06766605,35,0.26105052
sequential,mov,0.2,0.3,0.6533333333333333,0,rrg,186,0.07215491,0.26060632,0.3236128,38,0.41255966,0.4265657,0,2.238666,1.5735055,0.66860485,0.38850805,18,0.29882422
sequential,mov,0.2,0.3,0.6566666666666666,0,rrg,287,0.9725745,0.22044541,0.31798673,7,0.06595454,0.0932738,1,0.1617628,1.6657606,0.51319903,0.90661997,4,0.2534809
sequential,mov,0.2,0.3,0.66,0,rrg,277,0.32721618,0.2431071,0.30802462,14,0.3032325,0.4288355,0,1.893207,1.6533395,0.14532273,0.41230452,16,0.27850917
sequential,mov,0.2,0.3,0.6633333333333333,0,rrg,221,0.03803548,0.23018245,0.3044464,49,0.041796982,0.03227513,0,2.1788404,1.6694609,1.3788004,0.029118493,52,0.27075252
sequential,mov,0.2,0.3,0.6666666666666666,0,rrg,258,0.6131941,0.20829473,0.25876135,9,0.02605735,0.03685066,1,1.2166654,1.7119861,0.7215033,0.5871368,5,0.24014038
sequential,mov,0.2,0.3,0.67,0,rrg,280,0.01650129,0.20582084,0.2987069,56,0.0,0.0,0,1.3281425,1.6827201,0.0,0.01650129,55,0.24789147
sequential,mov,0.2,0.3,0.6733333333333333,0,rrg,224,0.10759224,0.20133334,0.26212862,29,0.06680423,0.049278494,0,2.135633,1.6939194,1.4050355,0.047323197,42,0.22318405
sequential,mov,0.2,0.3,0.6766666666666666,0,rrg,220,0.064742886,0.19498059,0.2677964,37,0.022249596,0.031465683,0,1.8591272,1.7479833,0.72748876,0.04383056,44,0.24253894
sequential,mov,0.2,0.3,0.68,0,rrg,199,0.50105464,0.26383632,0.3257638,12,0.03204713,0.045321487,0,1.4162691,1.5905173,0.7490244,0.4690075,12,0.28228083
sequential,mov,0.2,0.3,0.6833333333333333,0,rrg,268,0.04577645,0.25734276,0.32291588,43,0.11986958,0.15532157,0,2.180837,1.5605869,1.3128763,0.12153027,32,0.2828301
sequential,mov,0.2,0.3,0.6866666666666666,0,rrg,103,0.99999726,0.22376806,0.31573388,5,0.25280064,0.3575141,1,4.2828684e-05,1.6017538,0.1843055,0.7471967,6,0.28101984
sequential,mov,0.2,0.3,0.69,0,rrg,288,0.1102906,0.2389864,0.3059736,31,0.025614507,0.036224384,1,2.010861,1.6597861,0.6881447,0.08467609,39,0.27846304
sequential,mov,0.2,0.3,0.6933333333333334,0,rrg,87,1.0,0.22083174,0.29810414,1,0.039200723,0.055438194,1,8.2327195e-10,1.6064993,0.65491205,0.9607993,3,0.26428014
sequential,mov,0.2,0.3,0.6966666666666667,0,rrg,213,0.7251287,0.20598221,0.28088123,6,0.05705903,0.08069365,1,1.0274904,1.6549984,0.6462504,0.66806966,5,0.2588354
sequential,mov,0.2,0.3,0.7,0,rrg,88,0.024928078,0.20624611,0.28299585,55,0.021935478,0.015864836,0,1.9466693,1.644568,1.3180097,0.013626117,58,0.2764136
sequential,mov,0.2,0.3,0.7033333333333334,0,rrg,21,0.082306914,0.23100573,0.31096017,33,9.912666e-37,0.0,1,1.8694055,1.6166973,1.4415053e-33,0.082306914,38,0.28172693
sequential,mov,0.2,0.3,0.7066666666666667,0,rrg,55,0.014593446,0.2107686,0.29871592,53,0.006513901,0.009163436,0,1.145766,1.6098121,0.52652043,0.011332511,54,0.26468766
sequential,mov,0.2,0.3,0.71,0,rrg,128,0.08439258,0.23755017,0.30086708,33,0.38335252,0.44031796,0,2.1022735,1.6028581,0.66500205,0.35522166,22,0.28939417
sequential,mov,0.2,0.3,0.7133333333333334,0,rrg,264,0.096602574,0.18759656,0.25933984,28,0.38898268,0.43739727,0,1.9653565,1.6829183,0.6025558,0.35678184,17,0.25801972
sequential,mov,0.2,0.3,0.7166666666666667,0,rrg,156,0.07434738,0.20206027,0.29142725,34,0.027665518,0.03912495,0,2.132335,1.6483496,0.71313125,0.052447975,40,0.25341526
sequential,mov,0.2,0.3,0.72,0,rrg,44,0.044414625,0.20721526,0.27429095,48,0.33333334,0.4714045,0,1.922405,1.675665,7.595984e-20,0.3481382,20,0.2677546
sequential,mov,0.2,0.3,0.7233333333333334,0,rrg,208,0.07379523,0.22337295,0.2949904,36,0.08160947,0.11481782,0,2.0880632,1.6365393,0.7056079,0.10564605,38,0.27888632
sequential,mov,0.2,0.3,0.7266666666666667,0,rrg,193,0.010623975,0.21328048,0.28939742,55,0.0006952403,0.0009832183,0,2.2053778,1.6302327,0.607878,0.009928734,57,0.2736333
sequential,mov,0.2,0.3,0.73,0,rrg,211,0.02164452,0.21034114,0.27380994,52,0.038200937,0.054024283,0,2.0160902,1.6605269,0.6620611,0.045415778,43,0.27388015
sequential,mov,0.2,0.3,0.7333333333333333,0,rrg,15,0.11594081,0.22146292,0.28321707,31,0.37965155,0.4423055,0,1.9277558,1.6326473,0.63039905,0.3410046,25,0.28674686
sequential,mov,0.2,0.3,0.7366666666666667,0,rrg,94,0.76139265,0.27085158,0.32157922,9,0.33333334,0.4714045,1,0.54946935,1.5041462,6.849746e-22,0.58713084,11,0.34684363
sequential,mov,0.2,0.3,0.74,0,rrg,114,0.0343024,0.2584319,0.3180751,48,0.04560895,0.03448165,0,2.2484138,1.5474464,1.466671,0.034174815,48,0.31394824
sequential,mov,0.2,0.3,0.7433333333333333,0,rrg,54,0.013764391,0.26949582,0.34668586,57,0.011581838,0.016379192,0,2.098352,1.5074514,0.695986,0.016169967,57,0.3217633
sequential,mov,0.2,0.3,0.7466666666666667,0,rrg,245,0.053944647,0.22254927,0.287826,39,0.026270395,0.037151948,0,2.0516567,1.620463,0.708065,0.044251945,45,0.27540156
sequential,mov,0.2,0.3,0.75,0,rrg,14,0.14203513,0.23232858,0.31276733,23,0.33333334,0.4714045,1,1.0673498,1.5673504,1.082859e-39,0.3806784,15,0.29353273
sequential,mov,0.2,0.3,0.7533333333333333,0,rrg,169,0.005420596,0.25737154,0.3168483,59,5.07e-42,0.0,0,1.974672,1.5167239,9.314827e-39,0.005420596,59,0.3170608
sequential,mov,0.2,0.3,0.7566666666666667,0,rrg,181,0.049087293,0.24089041,0.31310886,44,0.11847905,0.13723902,0,2.1898255,1.5678654,1.1842133,0.10511642,39,0.29606515
sequential,mov,0.2,0.3,0.76,0,rrg,235,0.9999895,0.22370861,0.29844332,6,0.0,0.0,1,0.00014020895,1.5897909,0.0,0.9999895,4,0.27814424
sequential,mov,0.2,0.3,0.7633333333333333,0,rrg,106,0.16597785,0.24350542,0.31974977,23,1.1199e-41,0.0,0,1.7058259,1.5308167,1.0287205e-38,0.16597785,34,0.2988633
sequential,mov,0.2,0.3,0.7666666666666667,0,rrg,282,0.1492095,0.22020985,0.2962959,23,0.1099681,0.1555184,0,2.2914734,1.5766926,0.6464325,0.15970461,35,0.28898767
sequential,mov,0.2,0.3,0.77,0,rrg,159,0.1043154,0.24786542,0.33083317,31,0.026802307,0.037904184,0,2.3627229,1.513645,0.7392687,0.07751309,40,0.3072866
sequential,mov,0.2,0.3,0.7733333333333333,0,rrg,252,0.18317099,0.2400699,0.31361446,23,0.37041566,0.44749397,1,1.0402126,1.534513,0.663933,0.35730803,18,0.31061998
sequential,mov,0.2,0.3,0.7766666666666666,0,rrg,28,0.031275786,0.24796505,0.32293242,44,0.0,0.0,0,1.3581185,1.5011991,0.0,0.031275786,49,0.318383
sequential,mov,0.2,0.3,0.78,0,rrg,225,0.13004811,0.26281664,0.33438858,27,0.10247147,0.14491655,0,2.1476064,1.4828598,0.6197992,0.14582084,37,0.33706123
sequential,mov,0.2,0.3,0.7833333333333333,0,rrg,183,0.024178782,0.26055133,0.3373326,52,0.0,0.0,0,1.8237306,1.4804262,0.0,0.024178782,52,0.32528847
sequential,mov,0.2,0.3,0.7866666666666666,0,rrg,134,0.11402495,0.22734915,0.29834586,29,0.3781134,0.4431471,0,1.8601208,1.549353,0.58328205,0.3401051,29,0.3058118
sequential,mov,0.2,0.3,0.79,0,rrg,223,0.22465591,0.25410208,0.3231402,19,0.7049822,0.41721812,1,1.4242206,1.5013126,0.5997839,0.5534658,14,0.3292637
sequential,mov,0.2,0.3,0.7933333333333333,0,rrg,194,0.030155782,0.26987353,0.3362149,48,0.017422425,0.024639027,0,1.7330183,1.4543222,0.6169994,0.027474351,52,0.33116353
sequential,mov,0.2,0.3,0.7966666666666666,0,rrg,18,0.069001734,0.2669455,0.33751985,35,0.34352913,0.46436295,0,2.054075,1.4625161,0.57776874,0.34613812,29,0.3375365
sequential,mov,0.2,0.3,0.8,0,rrg,2,0.13880278,0.2691731,0.33693683,28,0.6666667,0.47140452,1,1.5048195,1.4532945,0.0,0.62039906,12,0.33643892
sequential,mov,0.2,0.3,0.8033333333333333,0,rrg,3,0.2131215,0.27134758,0.33936024,21,0.33333334,0.4714045,1,1.5957797,1.4518335,0.0,0.4043738,19,0.33158687
sequential,mov,0.2,0.3,0.8066666666666666,0,rrg,4,0.06855175,0.27231276,0.34218848,34,0.013980753,0.01977177,0,2.161516,1.449239,0.665786,0.054571,42,0.33029458
sequential,mov,0.2,0.3,0.81,0,rrg,260,0.010799531,0.27601784,0.34400126,52,2.3113812e-06,3.2687867e-06,0,1.3719238,1.4331247,0.00037163365,0.01079722,53,0.33530843
sequential,mov,0.2,0.3,0.8133333333333334,0,rrg,133,0.0063832956,0.28069845,0.34524533,53,0.0,0.0,0,2.111915,1.4333273,0.0,0.0063832956,54,0.34115908
sequential,mov,0.2,0.3,0.8166666666666667,0,rrg,262,0.8184597,0.28556636,0.3464412,9,0.08522314,0.12052371,1,0.47372264,1.4206095,0.6525053,0.73323655,7,0.34717563
sequential,mov,0.2,0.3,0.82,0,rrg,137,0.2899408,0.27404723,0.3422282,16,0.33333334,0.4714045,0,0.6020989,1.4386348,0.0,0.42998028,15,0.3399016
sequential,mov,0.2,0.3,0.8233333333333334,0,rrg,266,0.007544815,0.2724975,0.3459279,50,0.00922672,0.013048553,0,1.8512576,1.453727,0.66788465,0.011741658,50,0.3374946
sequential,mov,0.2,0.3,0.8266666666666667,0,rrg,269,0.037779592,0.27851996,0.34663218,40,0.030505585,0.043141413,0,1.9708931,1.4232272,0.667135,0.04309878,42,0.344873
sequential,mov,0.2,0.3,0.83,0,rrg,144,0.026745595,0.28330413,0.34832132,44,4.5637393e-14,6.4541024e-14,0,1.6425405,1.3951662,2.9268026e-11,0.026745595,46,0.3511756
sequential,mov,0.2,0.3,0.8333333333333334,0,rrg,17,1.0,0.28841394,0.34988615,1,0.33333334,0.4714045,1,2.6162614e-10,1.3847377,0.0,0.6666667,7,0.35768983
sequential,mov,0.2,0.3,0.8366666666666667,0,rrg,275,0.056740217,0.27388462,0.33819634,34,0.33333334,0.4714045,1,1.9345298,1.4123793,0.0,0.35224673,22,0.35138324
sequential,mov,0.2,0.3,0.84,0,rrg,276,0.19447069,0.278392,0.34024116,19,3.6014763e-27,0.0,1,1.8084322,1.4008988,3.913343e-24,0.19447069,30,0.35135722
sequential,mov,0.2,0.3,0.8433333333333334,0,rrg,151,0.029018829,0.28017095,0.34362385,38,0.33333334,0.4714045,0,2.0978742,1.3923016,0.0,0.34300628,24,0.35469177
sequential,mov,0.2,0.3,0.8466666666666667,0,rrg,279,0.99999845,0.28564867,0.34531298,7,0.0,0.0,1,2.5459412e-05,1.3771694,0.0,0.9999984,5,0.35496312
sequential,mov,0.2,0.3,0.85,0,rrg,153,1.0,0.26979163,0.33210543,1,0.0,0.0,1,-0.0,1.4078884,0.0,1.0,1,0.34064227
sequential,mov,0.2,0.3,0.8533333333333334,0,rrg,26,0.41944858,0.2532052,0.31687003,9,0.33333334,0.4714045,0,1.4324551,1.4399127,0.0,0.47314954,10,0.32566342
sequential,mov,0.2,0.3,0.8566666666666667,0,rrg,285,0.6908103,0.24935813,0.3195025,7,0.33333334,0.4714045,1,1.0575908,1.4401356,0.0,0.56360346,9,0.3222455
sequential,mov,0.2,0.3,0.86,0,rrg,30,0.018835202,0.23347037,0.3151729,38,0.33333334,0.4714045,0,2.2067406,1.4492348,0.0,0.33961174,20,0.31114155
sequential,mov,0.2,0.3,0.8633333333333333,0,rrg,32,0.7388897,0.23787029,0.31742018,6,0.14147514,0.100683145,1,0.5742509,1.43041,1.3011209,0.59741455,8,0.30966297
sequential,mov,0.2,0.3,0.8666666666666667,0,rrg,160,0.049479377,0.22027585,0.31216374,30,0.33333334,0.4714045,0,1.9937896,1.4519502,8.765214e-34,0.34982646,17,0.30365363
sequential,mov,0.2,0.3,0.87,0,rrg,34,0.2947691,0.22403184,0.31514785,8,0.33333334,0.4714045,1,1.5647936,1.437725,0.0,0.4315897,8,0.3026555
sequential,mov,0.2,0.3,0.8733333333333333,0,rrg,162,0.027799668,0.2221146,0.31907764,32,0.0,0.0,0,1.730822,1.4344414,0.0,0.027799668,33,0.29929686
sequential,mov,0.2,0.3,0.8766666666666667,0,rrg,165,0.20314133,0.22736666,0.32173446,9,0.33333334,0.4714045,1,1.3599952,1.4265039,0.0,0.4010471,10,0.3066414
sequential,mov,0.2,0.3,0.88,0,rrg,293,0.015640276,0.22804189,0.3261456,33,0.0017162706,0.002427173,0,1.7975842,1.4283798,0.58063436,0.013924005,33,0.30402055
sequential,mov,0.2,0.3,0.8833333333333333,0,rrg,167,1.0,0.23409724,0.32877705,1,0.039460313,0.05580531,1,5.446863e-07,1.4148505,0.5574054,0.96053964,4,0.31222957
sequential,mov,0.2,0.3,0.8866666666666667,0,rrg,296,0.019006371,0.21156871,0.30580154,31,0.0,0.0,0,1.4277844,1.4551816,0.0,0.019006371,31,0.29316002
sequential,mov,0.2,0.3,0.89,0,rrg,298,0.046102416,0.21740331,0.30853367,27,0.03449264,0.04877996,1,1.9400831,1.454152,0.6463751,0.049860116,27,0.3014678
sequential,mov,0.2,0.3,0.8933333333333333,0,rrg,43,0.029009748,0.22341609,0.31157348,28,0.33333334,0.4714045,0,2.1135325,1.4314485,0.0,0.34300324,16,0.31725925
sequential,mov,0.2,0.3,0.8966666666666666,0,rrg,171,0.13195127,0.22992317,0.31448984,11,0.664301,0.4697407,0,1.5886356,1.4054682,0.01841042,0.6203173,7,0.31688514
sequential,mov,0.2,0.3,0.9,0,rrg,174,0.022487957,0.23318014,0.31917536,27,0.022212932,0.03141383,0,1.7944479,1.399529,0.66207445,0.029708916,27,0.3067678
sequential,mov,0.2,0.3,0.9033333333333333,0,rrg,175,0.5451535,0.23916133,0.3229162,5,0.12390869,0.17523335,0,1.3859153,1.379599,0.5767903,0.42124483,7,0.31632492
sequential,mov,0.2,0.3,0.9066666666666666,0,rrg,176,0.9999988,0.2432743,0.3532195,4,0.0,0.0,1,1.8433897e-05,1.3078576,0.0,0.9999988,3,0.33016032
sequential,mov,0.2,0.3,0.91,0,rrg,178,0.012761949,0.21593294,0.3304921,24,0.017670732,0.024984691,0,1.6867329,1.3463641,0.4767638,0.021919532,24,0.30630437
sequential,mov,0.2,0.3,0.9133333333333333,0,rrg,58,0.18254383,0.22312179,0.3351315,6,0.053248852,0.075305246,1,1.946562,1.3145764,0.64212805,0.12929498,14,0.31680712
sequential,mov,0.2,0.3,0.9166666666666666,0,rrg,60,0.12106471,0.22120589,0.3428917,6,0.0,0.0,0,1.0485015,1.297143,0.0,0.1210647,15,0.3330949
sequential,mov,0.2,0.3,0.92,0,rrg,189,1.0,0.22412722,0.34995207,1,0.0,0.0,1,2.523695e-12,1.3109775,0.0,1.0,1,0.3413434
sequential,mov,0.2,0.3,0.9233333333333333,0,rrg,62,0.070027515,0.19017908,0.31708753,14,0.33333334,0.4714045,0,1.5138869,1.3682182,0.0,0.35667583,12,0.31254983
sequential,mov,0.2,0.3,0.9266666666666666,0,rrg,191,0.005749965,0.19537856,0.3232826,20,0.0,0.0,0,1.9698116,1.3618722,0.0,0.005749965,20,0.3103408
sequential,mov,0.2,0.3,0.93,0,rrg,63,0.08371394,0.20435612,0.3281955,11,0.33333334,0.4714045,1,1.2567465,1.3329897,1.5217596e-27,0.36123797,10,0.32480195
sequential,mov,0.2,0.3,0.9333333333333333,0,rrg,65,0.118380815,0.21037829,0.33516648,5,0.6666667,0.47140452,0,1.6722162,1.3368226,3.692995e-21,0.6272064,5,0.32297158
sequential,mov,0.2,0.3,0.9366666666666666,0,rrg,67,0.9999949,0.21521924,0.34319344,2,0.33333334,0.4714045,1,7.4169584e-05,1.3191652,0.0,0.66666496,3,0.30695835
sequential,mov,0.2,0.3,0.94,0,rrg,96,0.051856462,0.1716196,0.29699826,11,1.0674055e-38,0.0,0,1.7504733,1.3924584,1.15314166e-35,0.051856462,11,0.28697366
sequential,mov,0.2,0.3,0.9433333333333334,0,rrg,195,0.21314938,0.1786554,0.30414414,3,0.33333334,0.4714045,0,1.5956297,1.3716455,0.0,0.40438315,4,0.30080625
sequential,mov,0.2,0.3,0.9466666666666667,0,rrg,228,0.08970376,0.17649508,0.31338188,7,0.33333334,0.4714045,0,1.9705375,1.3577831,2.0605973e-23,0.3632346,6,0.2943352
sequential,mov,0.2,0.3,0.95,0,rrg,72,0.032241702,0.1822811,0.32283378,10,0.0,0.0,0,1.6308281,1.3169496,0.0,0.032241702,11,0.2897433
sequential,mov,0.2,0.3,0.9533333333333334,0,rrg,200,0.031920686,0.19299357,0.3315661,10,0.023745975,0.03358188,0,1.9502769,1.2945894,0.71695185,0.034386203,10,0.3081319
sequential,mov,0.2,0.3,0.9566666666666667,0,rrg,201,0.07853608,0.20379418,0.34162614,7,0.33333334,0.4714045,0,1.8690267,1.2452906,3.3607162e-11,0.359512,6,0.32941404
sequential,mov,0.2,0.3,0.96,0,rrg,203,0.05133398,0.21260452,0.3543723,7,0.0,0.0,0,1.5770233,1.1894295,0.0,0.05133398,8,0.32642686
sequential,mov,0.2,0.3,0.9633333333333334,0,rrg,237,0.10154113,0.22681302,0.36687574,6,0.6666667,0.47140452,0,1.900851,1.1521398,0.0,0.6328196,3,0.3512932
sequential,mov,0.2,0.3,0.9666666666666667,0,rrg,80,0.102331266,0.23924771,0.38258272,5,0.33333334,0.4714045,0,1.6810637,1.0768114,0.0,0.36744377,4,0.3231104
sequential,mov,0.2,0.3,0.97,0,rrg,241,0.016210608,0.2544433,0.40040597,7,2.5383299e-19,3.5897405e-19,0,0.74941194,1.0095963,6.6064965e-16,0.016210608,7,0.31817833
sequential,mov,0.2,0.3,0.9733333333333334,0,rrg,212,0.9999879,0.28421962,0.41519406,2,7.2201615e-21,1.0210887e-20,1,0.0001621497,1.0421025,4.9747257e-19,0.9999879,2,0.35592353
sequential,mov,0.2,0.3,0.9766666666666667,0,rrg,214,0.114644416,0.1819667,0.33670232,2,0.33333334,0.4714045,1,1.737041,1.1909502,0.0,0.37154815,2,0.26391432
sequential,mov,0.2,0.3,0.98,0,rrg,254,0.10447918,0.1931871,0.36246654,2,0.0,0.0,0,0.33482608,1.0999299,0.0,0.10447917,3,0.24597542
sequential,mov,0.2,0.3,0.9833333333333333,0,rrg,121,0.0038173175,0.21092868,0.39467686,4,2.8466377e-32,0.0,0,1.5154616,1.2529507,1.1289167e-28,0.0038173173,4,0.27427465
sequential,mov,0.2,0.3,0.9866666666666667,0,rrg,253,0.025861014,0.2626942,0.42578092,2,0.0,0.0,0,1.4524246,1.1874752,0.0,0.025861016,3,0.34187666
sequential,mov,0.2,0.3,0.99,0,rrg,92,0.99999386,0.341653,0.46562782,1,0.0,0.0,1,8.8879904e-05,1.0989853,0.0,0.99999386,1,0.44722962
sequential,mov,0.2,0.3,0.9933333333333333,0,rrg,93,5.9997823e-05,0.012482518,0.012422521,2,0.0,0.0,0,1.2052186,1.6484334,0.0,5.9997823e-05,2,0.1708475
sequential,mov,0.2,0.3,0.9966666666666667,0,rrg,127,0.024905022,0.024905022,0.0,1,0.33333334,0.4714045,0,2.0916483,2.0916483,8.569746e-12,0.341635,1,0.341635
sequential,mov,0.2,0.3,0.0,1,rrg,35,0.1997723,0.19977227,2.9802322e-08,1,0.1997723,0.0,0,2.2179234,2.2179234,2.2179234,0.0,1,0.0
sequential,mov,0.2,0.3,0.0033333333333333335,1,rrg,1,0.19999911,0.19807482,0.01380484,37,0.1999991,1.9237316e-08,0,2.193874,2.196284,2.1938734,9.934108e-09,55,0.003543615
sequential,mov,0.2,0.3,0.006666666666666667,1,rrg,48,0.20002659,0.19436294,0.028231446,19,0.1999588,3.1469684e-05,0,2.1940937,2.2031474,2.1953757,6.7795314e-05,45,0.005670798
sequential,mov,0.2,0.3,0.01,1,rrg,40,0.20583086,0.19541787,0.018229559,3,0.19614144,0.00879041,0,2.2075536,2.2079694,2.213156,0.009689416,13,0.007828896
sequential,mov,0.2,0.3,0.013333333333333334,1,rrg,0,0.19588482,0.19580573,0.015131128,52,0.191593,0.011505049,0,2.2266772,2.20913,2.2318385,0.009415974,11,0.007670736
sequential,mov,0.2,0.3,0.016666666666666666,1,rrg,5,0.20047586,0.18981841,0.030160718,18,0.20180567,0.0012947381,0,2.190761,2.2248845,2.1920233,0.0016464243,36,0.013914334
sequential,mov,0.2,0.3,0.02,1,rrg,11,0.20002551,0.18945312,0.034327667,39,0.20026894,0.00036484582,0,2.1919572,2.2160523,2.1925366,0.0002627472,51,0.012911013
sequential,mov,0.2,0.3,0.023333333333333334,1,rrg,3,0.20038752,0.18060459,0.041198857,23,0.19949192,0.0024686714,0,2.2051673,2.232451,2.2113893,0.0019891162,43,0.021729264
sequential,mov,0.2,0.3,0.02666666666666667,1,rrg,28,0.2031614,0.18401228,0.037085764,9,0.20363164,0.0038761713,0,2.1935046,2.2366555,2.1988842,0.003497243,38,0.021844607
sequential,mov,0.2,0.3,0.03,1,rrg,16,0.20028082,0.18044332,0.04317913,30,0.20107068,0.0012176102,0,2.19142,2.2348742,2.193201,0.0009480417,55,0.023200296
sequential,mov,0.2,0.3,0.03333333333333333,1,rrg,60,0.20095678,0.18706752,0.036066774,30,0.20174706,0.00042302918,0,2.1945517,2.232821,2.1993635,0.000790298,55,0.02170226
sequential,mov,0.2,0.3,0.03666666666666667,1,rrg,46,0.2000772,0.18590309,0.038148284,41,0.20046914,0.00028702625,0,2.1908488,2.2247357,2.1918538,0.0003969123,60,0.023554321
sequential,mov,0.2,0.3,0.04,1,rrg,157,0.20127955,0.17915536,0.039539877,22,0.18277772,0.024036534,0,2.265004,2.233997,2.2797372,0.028581763,29,0.034582965
sequential,mov,0.2,0.3,0.043333333333333335,1,rrg,72,0.16062123,0.17416544,0.043058954,46,0.15863506,0.06258857,0,2.30057,2.240781,2.246465,0.05831857,12,0.034324992
sequential,mov,0.2,0.3,0.04666666666666667,1,rrg,87,0.20610072,0.18036178,0.04335977,19,0.20377512,0.0024910362,0,2.2041156,2.2404747,2.2209132,0.0028973718,51,0.03190952
sequential,mov,0.2,0.3,0.05,1,rrg,232,0.20752394,0.1816613,0.043536406,14,0.1581424,0.051605783,0,2.2452357,2.2284315,2.1978712,0.063272364,9,0.029886505
sequential,mov,0.2,0.3,0.05333333333333334,1,rrg,31,0.193407,0.17881203,0.04526314,34,0.18716101,0.031525843,0,2.239552,2.239654,2.2454736,0.02746953,31,0.03583356
sequential,mov,0.2,0.3,0.056666666666666664,1,rrg,99,0.21254677,0.18120608,0.040690597,6,0.18358773,0.03606458,0,2.2029588,2.244655,2.1852865,0.028959045,27,0.030109277
sequential,mov,0.2,0.3,0.06,1,rrg,2,0.22133794,0.17109643,0.054429337,5,0.21482743,0.009179308,0,2.1898592,2.246386,2.2084458,0.0094753755,51,0.041208375
sequential,mov,0.2,0.3,0.06333333333333334,1,rrg,142,0.20433007,0.18734618,0.042058736,22,0.2069114,0.006197696,0,2.1898928,2.231642,2.1973932,0.004929324,53,0.030851753
sequential,mov,0.2,0.3,0.06666666666666667,1,rrg,38,0.1103996,0.17748113,0.04809686,52,0.13726293,0.09706375,0,2.2470043,2.2346518,1.512709,0.100463055,4,0.043193057
sequential,mov,0.2,0.3,0.07,1,rrg,95,0.21647704,0.16620813,0.058160957,11,0.21472251,0.014158803,0,2.1615713,2.2331717,2.1683185,0.01377667,51,0.0485221
sequential,mov,0.2,0.3,0.07333333333333333,1,rrg,50,0.2042871,0.17258415,0.05181312,16,0.18663858,0.019861747,0,2.2388065,2.2409456,2.2509491,0.020681575,43,0.041434903
sequential,mov,0.2,0.3,0.07666666666666666,1,rrg,62,0.20292132,0.17275201,0.055378012,24,0.18500853,0.05572284,0,2.198833,2.2437716,2.1718304,0.04595509,25,0.04252798
sequential,mov,0.2,0.3,0.08,1,rrg,26,0.19924773,0.17977576,0.05830203,34,0.17604494,0.059945274,0,2.2520332,2.224368,2.2178175,0.04878133,22,0.041424524
sequential,mov,0.2,0.3,0.08333333333333333,1,rrg,133,0.2552033,0.16449443,0.06708879,5,0.19001417,0.053641256,0,2.1456385,2.2327714,2.1483245,0.0714003,16,0.048698522
sequential,mov,0.2,0.3,0.08666666666666667,1,rrg,76,0.17799027,0.17044534,0.052016538,34,0.27696696,0.24614249,0,1.9527346,2.2474577,1.1762633,0.21763687,1,0.05351917
sequential,mov,0.2,0.3,0.09,1,rrg,164,0.19166674,0.17710401,0.105580755,23,0.17207758,0.03198644,0,2.3019826,2.2182753,2.312567,0.02471668,47,0.06237146
sequential,mov,0.2,0.3,0.09333333333333334,1,rrg,268,0.38848695,0.17333248,0.059554797,1,0.13466041,0.09523625,1,1.7522413,2.2222228,1.4129381,0.25382656,1,0.04850502
sequential,mov,0.2,0.3,0.09666666666666666,1,rrg,208,0.2415848,0.16957195,0.06498786,6,0.17021756,0.07555989,0,2.212597,2.2468762,2.1680105,0.09337636,4,0.048355784
sequential,mov,0.2,0.3,0.1,1,rrg,25,0.18210968,0.16604885,0.061017357,29,0.17168587,0.057801984,0,2.121324,2.216139,2.036652,0.05050843,31,0.055971432
sequential,mov,0.2,0.3,0.10333333333333333,1,rrg,66,0.27674773,0.16920008,0.06343191,1,0.05702323,0.08064303,0,1.7996907,2.2235205,0.74296117,0.21972449,1,0.05200363
sequential,mov,0.2,0.3,0.10666666666666667,1,rrg,139,0.6533548,0.20223689,0.10155056,2,0.11250749,0.08284204,1,1.2369474,2.1845925,1.3115615,0.5408473,2,0.06050215
sequential,mov,0.2,0.3,0.11,1,rrg,200,0.20034808,0.17399369,0.05191202,24,0.17112954,0.09581724,0,2.2857656,2.2327619,2.201318,0.07993596,12,0.053727448
sequential,mov,0.2,0.3,0.11333333333333333,1,rrg,266,0.2153471,0.17234692,0.056724507,8,0.13833018,0.11022804,0,2.0742147,2.2007644,1.4353074,0.113276206,2,0.047733363
sequential,mov,0.2,0.3,0.11666666666666667,1,rrg,250,0.20471373,0.17676704,0.0571007,28,0.2033698,0.0071652895,0,2.2150767,2.2206433,2.230532,0.005855953,58,0.04691171
sequential,mov,0.2,0.3,0.12,1,rrg,203,0.1846811,0.1854782,0.09602326,34,0.17972796,0.032875985,0,2.2723339,2.189923,2.2724302,0.030361423,46,0.06237742
sequential,mov,0.2,0.3,0.12333333333333334,1,rrg,34,0.24773237,0.1823299,0.09896294,5,0.1976089,0.017293274,0,2.1843598,2.2011833,2.1942284,0.050123468,30,0.0617805
sequential,mov,0.2,0.3,0.12666666666666668,1,rrg,227,0.20258665,0.17085211,0.057100143,25,0.20618463,0.008839515,0,2.0807955,2.1957905,2.0429213,0.0071033337,53,0.051227607
sequential,mov,0.2,0.3,0.13,1,rrg,213,0.10648472,0.16235471,0.061265085,47,0.096004635,0.09984612,0,2.2295456,2.2260296,1.4976978,0.09527675,4,0.057243634
sequential,mov,0.2,0.3,0.13333333333333333,1,rrg,67,0.123309724,0.18322912,0.0518005,51,0.108942576,0.04726345,0,2.3931715,2.212283,2.3164568,0.044897128,38,0.05619944
sequential,mov,0.2,0.3,0.13666666666666666,1,rrg,285,0.22340646,0.1593922,0.06856922,10,0.19946097,0.013150704,0,2.234698,2.2097592,2.2669191,0.023945505,51,0.06611226
sequential,mov,0.2,0.3,0.14,1,rrg,299,0.45222747,0.1828269,0.106363446,2,0.13311188,0.093495935,1,1.6822486,2.177026,1.4385048,0.3191156,3,0.08103897
sequential,mov,0.2,0.3,0.14333333333333334,1,rrg,138,0.18501672,0.18350162,0.104295485,34,0.15762945,0.04444753,0,2.2547016,2.1732814,2.2048566,0.046535388,38,0.07345005
sequential,mov,0.2,0.3,0.14666666666666667,1,rrg,98,0.19043334,0.17738077,0.05788606,33,0.17846884,0.12634227,0,1.9156388,2.2082899,1.3783684,0.11499107,4,0.06467345
sequential,mov,0.2,0.3,0.15,1,rrg,205,0.16317724,0.14647831,0.06883694,32,0.13182367,0.1027163,0,2.2190242,2.2064307,1.4625846,0.089623995,11,0.059972417
sequential,mov,0.2,0.3,0.15333333333333332,1,rrg,79,0.23946385,0.17273235,0.05533768,4,0.21425454,0.011642589,0,2.203704,2.2207785,2.2505786,0.025209302,49,0.06237103
sequential,mov,0.2,0.3,0.15666666666666668,1,rrg,271,0.23694457,0.170916,0.0641147,7,0.2165445,0.023750054,0,2.0766087,2.1868198,2.070232,0.027691424,47,0.055162195
sequential,mov,0.2,0.3,0.16,1,rrg,244,0.39760578,0.1776987,0.07129073,1,0.37394607,0.44534108,0,1.596515,2.16139,0.7675174,0.4252559,1,0.069541775
sequential,mov,0.2,0.3,0.16333333333333333,1,rrg,207,0.23401836,0.15976581,0.062027376,5,0.20617278,0.075403616,0,2.1583476,2.2037668,2.1209695,0.069730245,25,0.06827434
sequential,mov,0.2,0.3,0.16666666666666666,1,rrg,265,0.21066605,0.16049992,0.0625756,13,0.3469149,0.33880714,0,1.8964238,2.1660292,1.5427834,0.27389735,4,0.07749594
sequential,mov,0.2,0.3,0.17,1,rrg,204,0.42302102,0.18256779,0.06690134,1,0.19102459,0.13525207,0,1.629312,2.1813767,1.2831622,0.23199646,2,0.06410109
sequential,mov,0.2,0.3,0.17333333333333334,1,rrg,111,0.5363378,0.16476823,0.09385527,2,0.05611639,0.07775377,0,1.3089058,2.1786969,0.7226348,0.4802214,1,0.07441313
sequential,mov,0.2,0.3,0.17666666666666667,1,rrg,12,0.10947148,0.15802987,0.06773693,43,0.25497618,0.22607519,0,2.0387821,2.1979582,1.2163415,0.21848571,2,0.06577554
sequential,mov,0.2,0.3,0.18,1,rrg,125,0.25513297,0.17746517,0.124742426,5,0.20240432,0.09443307,0,2.0906253,2.1726358,2.0870826,0.07100765,26,0.08439738
sequential,mov,0.2,0.3,0.18333333333333332,1,rrg,246,0.19035202,0.19091772,0.14886712,32,0.09638891,0.07054201,0,2.0394704,2.1082697,1.5316815,0.09396311,15,0.0968752
sequential,mov,0.2,0.3,0.18666666666666668,1,rrg,173,0.20149045,0.1722814,0.12536995,25,0.12890051,0.10714062,0,2.1038785,2.1280382,1.4596891,0.11314494,6,0.08137221
sequential,mov,0.2,0.3,0.19,1,rrg,156,0.42971995,0.1861988,0.14990135,3,0.10692061,0.077790685,1,1.6817536,2.1197124,1.4113746,0.32279935,3,0.08456035
sequential,mov,0.2,0.3,0.19333333333333333,1,rrg,128,0.37143832,0.18140168,0.123897746,3,0.06177449,0.08735681,0,1.7623221,2.0896277,0.70894307,0.30966386,4,0.08840092
sequential,mov,0.2,0.3,0.19666666666666666,1,rrg,217,0.24759807,0.14666905,0.06566225,2,0.1937464,0.03122276,0,2.1807587,2.1793873,2.2057486,0.05385165,37,0.07155175
sequential,mov,0.2,0.3,0.2,1,rrg,59,0.23330824,0.19619222,0.15991685,5,0.23381418,0.038997237,0,2.1502464,2.1050873,2.1740162,0.03659447,43,0.08902285
sequential,mov,0.2,0.3,0.20333333333333334,1,rrg,222,0.26328218,0.14031748,0.070294164,3,0.089882694,0.0689121,0,1.9190289,2.156034,1.4687876,0.1733995,3,0.07872822
sequential,mov,0.2,0.3,0.20666666666666667,1,rrg,51,0.6851637,0.1632507,0.11193013,1,0.06544271,0.092549965,1,1.063125,2.1253397,0.6719811,0.61972094,1,0.07910745
sequential,mov,0.2,0.3,0.21,1,rrg,179,0.22042488,0.1713161,0.13087317,12,0.18696415,0.02728893,0,2.2056131,2.1126091,2.1936677,0.03592232,51,0.0977941
sequential,mov,0.2,0.3,0.21333333333333335,1,rrg,221,0.2396975,0.15676379,0.074493505,6,0.20168883,0.032161005,0,2.175553,2.1558216,2.156709,0.042847466,46,0.081948414
sequential,mov,0.2,0.3,0.21666666666666667,1,rrg,178,0.22621697,0.17334624,0.1644273,6,0.23071723,0.046441916,0,2.051108,2.089633,2.0107849,0.042147607,46,0.11073555
sequential,mov,0.2,0.3,0.22,1,rrg,42,0.53830874,0.18651125,0.13543738,2,0.113301575,0.08015032,0,1.5314795,2.111893,1.396736,0.4250072,2,0.09934864
sequential,mov,0.2,0.3,0.22333333333333333,1,rrg,90,0.24344108,0.15361503,0.07282053,3,0.16089974,0.11373842,0,1.9641764,2.128007,1.41548,0.08254134,20,0.0771748
sequential,mov,0.2,0.3,0.22666666666666666,1,rrg,113,0.57120085,0.17989407,0.08433879,1,0.09291357,0.08516613,1,1.4368948,2.1128383,1.3906292,0.4782873,1,0.08825902
sequential,mov,0.2,0.3,0.23,1,rrg,168,0.20999523,0.1726558,0.16276672,12,0.24512601,0.03418436,0,2.1159554,2.0646615,2.10133,0.039583858,49,0.11859667
sequential,mov,0.2,0.3,0.23333333333333334,1,rrg,239,0.24008124,0.15318638,0.06575414,4,0.38105974,0.441543,0,1.4682096,2.1654828,0.72877616,0.36563405,1,0.08429087
sequential,mov,0.2,0.3,0.23666666666666666,1,rrg,269,0.30423403,0.18379924,0.12347564,2,0.15550387,0.124447145,0,1.9522994,2.11229,1.310918,0.14899541,7,0.09977496
sequential,mov,0.2,0.3,0.24,1,rrg,58,0.63069904,0.18211445,0.1021604,1,0.2458966,0.21929097,0,1.2039827,2.095179,0.8734886,0.38480243,1,0.097513355
sequential,mov,0.2,0.3,0.24333333333333335,1,rrg,110,0.20254685,0.1599647,0.1301847,16,0.26867363,0.13241535,0,2.1247137,2.0922372,2.0291574,0.101374626,15,0.10129594
sequential,mov,0.2,0.3,0.24666666666666667,1,rrg,231,0.21100935,0.1804556,0.16824019,15,0.15888745,0.058698077,0,2.1688716,2.0917199,2.0910623,0.0574623,37,0.10800157
sequential,mov,0.2,0.3,0.25,1,rrg,216,0.18069579,0.16850026,0.16734919,22,0.13555512,0.15173618,0,2.1900992,2.0460937,1.4307398,0.15627454,10,0.12553898
sequential,mov,0.2,0.3,0.25333333333333335,1,rrg,91,0.5144867,0.17880003,0.13923317,2,0.21817411,0.30854332,0,1.2647015,2.0606835,0.40134597,0.38966832,3,0.13575047
sequential,mov,0.2,0.3,0.25666666666666665,1,rrg,136,0.518916,0.19181348,0.17914575,4,0.0730225,0.10326941,1,1.3457199,2.050051,0.6392297,0.44589353,4,0.13287897
sequential,mov,0.2,0.3,0.26,1,rrg,116,0.17287584,0.19023114,0.15943395,34,0.24825859,0.076491155,0,2.2128308,2.0290453,2.1313775,0.07538277,24,0.11711184
sequential,mov,0.2,0.3,0.2633333333333333,1,rrg,176,0.18766294,0.15739657,0.12720276,20,0.17702466,0.0573452,0,2.2450945,2.0810173,2.204318,0.050290223,44,0.1131514
sequential,mov,0.2,0.3,0.26666666666666666,1,rrg,147,0.26236653,0.18521637,0.17243227,5,0.027582908,0.039008126,0,1.7374321,2.0555704,0.7100372,0.23478363,11,0.14030538
sequential,mov,0.2,0.3,0.27,1,rrg,107,0.24069186,0.16928999,0.15741324,4,0.20549814,0.037636153,0,2.1761997,2.061286,2.1621196,0.03777479,49,0.1114225
sequential,mov,0.2,0.3,0.2733333333333333,1,rrg,172,0.23339342,0.18181208,0.15327051,7,5.628684e-08,7.960162e-08,0,1.8245665,2.0540469,4.9022397e-06,0.23339336,7,0.121842034
sequential,mov,0.2,0.3,0.27666666666666667,1,rrg,275,0.2169018,0.19437462,0.1945103,14,0.1954577,0.033959117,0,2.2551599,2.048268,2.2680013,0.036205735,53,0.12454393
sequential,mov,0.2,0.3,0.28,1,rrg,61,0.2373043,0.18915258,0.16975999,12,0.31695598,0.13892023,0,2.0303202,2.053309,1.9736973,0.10431028,15,0.12385011
sequential,mov,0.2,0.3,0.2833333333333333,1,rrg,295,0.25121462,0.1805893,0.15965724,8,0.18276286,0.032257143,0,2.1639082,2.028625,2.1484222,0.06845177,35,0.14211494
sequential,mov,0.2,0.3,0.2866666666666667,1,rrg,238,0.36973616,0.16606432,0.12565647,2,0.09887562,0.07018256,1,1.7641219,2.0750177,1.4265757,0.27086055,8,0.117560185
sequential,mov,0.2,0.3,0.29,1,rrg,104,0.17539059,0.16340896,0.12362217,22,0.38669658,0.43856812,0,1.5341946,2.0767698,0.72225505,0.33843362,6,0.121705614
sequential,mov,0.2,0.3,0.29333333333333333,1,rrg,171,0.37682816,0.1803636,0.13210045,2,0.09334626,0.0718683,0,1.7825432,2.0550265,1.4462436,0.28348193,10,0.13541476
sequential,mov,0.2,0.3,0.2966666666666667,1,rrg,44,0.0478062,0.17639698,0.14364289,56,0.12712832,0.17978661,0,1.9960893,2.0278878,0.60861033,0.14306372,14,0.13544945
sequential,mov,0.2,0.3,0.3,1,rrg,129,0.21354192,0.14068384,0.063263655,8,0.21357799,0.0075255255,0,2.1462982,2.105679,2.14099,0.006241893,60,0.08852378
sequential,mov,0.2,0.3,0.30333333333333334,1,rrg,140,0.30539382,0.17662781,0.12171999,5,0.16277064,0.13378261,0,1.8997244,2.034299,1.3889809,0.15933855,9,0.11408525
sequential,mov,0.2,0.3,0.30666666666666664,1,rrg,253,0.2852743,0.19675957,0.17864898,5,0.17188509,0.05198561,0,2.1686692,2.0373306,2.2019424,0.113389194,17,0.13324027
sequential,mov,0.2,0.3,0.31,1,rrg,230,0.3276088,0.18251054,0.15800689,5,0.07652175,0.054597672,0,1.8241416,2.0567255,1.3908153,0.25108704,10,0.13169049
sequential,mov,0.2,0.3,0.31333333333333335,1,rrg,169,0.21645133,0.14618401,0.07381597,8,0.45374918,0.39313197,0,1.8327041,2.072438,1.3779659,0.32094774,6,0.12219647
sequential,mov,0.2,0.3,0.31666666666666665,1,rrg,245,0.26738667,0.18522309,0.19524947,5,0.2309454,0.11481558,0,2.1109166,2.033272,2.082636,0.120069094,10,0.12994024
sequential,mov,0.2,0.3,0.32,1,rrg,236,0.7561366,0.22060704,0.2247569,5,0.04482523,0.060573462,1,0.966425,1.920293,0.7288409,0.71131134,5,0.17539449
sequential,mov,0.2,0.3,0.3233333333333333,1,rrg,211,0.43364158,0.1598962,0.137023,2,0.044715162,0.06323679,0,1.4406408,2.0102458,0.6804077,0.38892642,2,0.12650886
sequential,mov,0.2,0.3,0.32666666666666666,1,rrg,49,0.19161282,0.18053015,0.19745769,19,0.15238169,0.10779762,0,2.0822132,1.95632,1.4589677,0.08851075,26,0.15566973
sequential,mov,0.2,0.3,0.33,1,rrg,247,0.23601636,0.19655113,0.17152396,12,0.09706816,0.08392439,0,1.8363674,2.0222583,1.3080906,0.1389482,12,0.14015539
sequential,mov,0.2,0.3,0.3333333333333333,1,rrg,273,0.24551593,0.18764792,0.19577976,7,0.046035748,0.06510437,0,1.729442,1.9382789,0.7066517,0.19948018,16,0.16695412
sequential,mov,0.2,0.3,0.33666666666666667,1,rrg,210,0.7777025,0.1752664,0.18629223,3,0.1369887,0.09984267,1,0.92240477,2.0315928,1.255356,0.6407138,3,0.13347426
sequential,mov,0.2,0.3,0.34,1,rrg,55,0.22843127,0.1684083,0.1570161,8,0.4304577,0.41125777,0,1.7693443,2.0068948,1.3526645,0.32522753,6,0.13219176
sequential,mov,0.2,0.3,0.3433333333333333,1,rrg,296,0.1936403,0.18317956,0.19975029,20,0.087759644,0.025368685,0,2.1788952,1.9426296,1.9757289,0.105880655,20,0.14917064
sequential,mov,0.2,0.3,0.3466666666666667,1,rrg,180,0.27336583,0.15345594,0.07480774,4,0.1402889,0.12012708,0,1.9796479,2.0559,1.4361649,0.14643937,13,0.11550013
sequential,mov,0.2,0.3,0.35,1,rrg,209,0.6866294,0.19842406,0.22455701,5,0.07711993,0.10906297,1,1.0911313,1.9195399,0.70348144,0.60950947,5,0.17630653
sequential,mov,0.2,0.3,0.35333333333333333,1,rrg,233,0.21071276,0.16886589,0.16813417,13,0.20636632,0.0070743784,0,2.174324,1.9750849,2.1728745,0.0074147335,60,0.13355657
sequential,mov,0.2,0.3,0.3566666666666667,1,rrg,262,0.21793467,0.16525392,0.12910874,11,0.2044278,0.047730733,0,2.174129,2.057036,2.1339996,0.04780182,52,0.13228478
sequential,mov,0.2,0.3,0.36,1,rrg,294,0.2355895,0.16954224,0.167764,8,0.1330745,0.10058627,0,2.0610132,1.9504558,1.4044651,0.10804238,23,0.15257543
sequential,mov,0.2,0.3,0.36333333333333334,1,rrg,214,0.20120127,0.16005419,0.13247737,19,0.45301247,0.38856095,0,1.765994,2.0341585,1.333439,0.29661915,11,0.14206792
sequential,mov,0.2,0.3,0.36666666666666664,1,rrg,117,0.17709853,0.16618103,0.162092,23,0.063973665,0.059415113,0,2.0548346,1.983812,1.4147831,0.113124855,22,0.14589618
sequential,mov,0.2,0.3,0.37,1,rrg,183,0.17486311,0.16666916,0.19269961,19,0.037284475,0.052728213,0,1.8672588,1.9630609,0.6794322,0.13757864,12,0.13451242
sequential,mov,0.2,0.3,0.37333333333333335,1,rrg,228,0.47092748,0.18452738,0.1721752,3,0.25361988,0.041746743,1,1.6128768,1.9801785,1.8778597,0.21730758,13,0.15029837
sequential,mov,0.2,0.3,0.37666666666666665,1,rrg,291,0.20929377,0.22722487,0.25769487,19,0.2308721,0.06932088,0,2.0397131,1.8786391,1.9561518,0.05816338,45,0.19372036
sequential,mov,0.2,0.3,0.38,1,rrg,219,0.20692201,0.18387905,0.18762274,15,0.18271436,0.033120874,0,2.1857095,1.9462053,2.1356032,0.03868188,55,0.1529202
sequential,mov,0.2,0.3,0.38333333333333336,1,rrg,161,0.2065729,0.16530038,0.15680213,13,0.007901978,0.011175084,0,1.9607128,1.9880806,0.7284096,0.19867092,9,0.133977
sequential,mov,0.2,0.3,0.38666666666666666,1,rrg,39,0.15927958,0.17584345,0.16913769,29,0.09731778,0.13748059,0,1.9174056,1.967549,0.68212646,0.15027185,9,0.13292627
sequential,mov,0.2,0.3,0.39,1,rrg,47,0.3049516,0.17948034,0.17124306,4,0.19103307,0.07196111,0,1.9760835,1.9535811,1.9482065,0.11391854,22,0.15810701
sequential,mov,0.2,0.3,0.3933333333333333,1,rrg,19,0.39829564,0.20275207,0.22558452,5,0.2880612,0.12696631,1,1.76543,1.9015933,1.7624289,0.15644811,15,0.17658588
sequential,mov,0.2,0.3,0.39666666666666667,1,rrg,54,0.24887617,0.15991065,0.13380519,7,0.33004647,0.4666966,0,1.13074,1.9852675,0.025537925,0.41294897,2,0.14823061
sequential,mov,0.2,0.3,0.4,1,rrg,201,0.3726949,0.19248451,0.22958423,5,0.07261585,0.10268891,0,1.4919841,1.8838404,0.7250075,0.30007908,13,0.17435507
sequential,mov,0.2,0.3,0.4033333333333333,1,rrg,282,0.20928258,0.16258031,0.16358487,9,0.15974139,0.012008207,0,2.1448672,1.9456452,2.0126395,0.04954119,50,0.15858202
sequential,mov,0.2,0.3,0.4066666666666667,1,rrg,194,0.19526774,0.17531225,0.20053656,15,0.40396407,0.4302467,0,1.6717124,1.9190309,0.7021966,0.33887482,8,0.16910142
sequential,mov,0.2,0.3,0.41,1,rrg,21,0.20244262,0.21332124,0.26750997,15,0.18519914,0.016808469,0,2.1647968,1.8498834,2.1228244,0.01724348,59,0.19006088
sequential,mov,0.2,0.3,0.41333333333333333,1,rrg,270,0.20128262,0.17547397,0.20120008,15,0.11047354,0.086558945,0,1.9511299,1.9036914,1.2376009,0.097538136,28,0.17078634
sequential,mov,0.2,0.3,0.4166666666666667,1,rrg,141,0.13999707,0.16603531,0.20382406,22,0.09581995,0.047309436,0,2.357533,1.8807195,2.1974359,0.054875795,45,0.14642666
sequential,mov,0.2,0.3,0.42,1,rrg,101,0.39757776,0.1854267,0.22950077,5,0.15442614,0.11292251,1,1.8033173,1.8960776,1.3194646,0.24315162,11,0.16528358
sequential,mov,0.2,0.3,0.42333333333333334,1,rrg,166,0.21911773,0.13213442,0.07442673,9,0.16368581,0.0606374,0,2.089676,2.0015752,1.9497715,0.07249985,40,0.12790641
sequential,mov,0.2,0.3,0.4266666666666667,1,rrg,148,0.13840322,0.13819952,0.17099208,18,0.33333334,0.4714045,0,1.1666473,1.8977052,2.4698086e-25,0.37946773,3,0.15973003
sequential,mov,0.2,0.3,0.43,1,rrg,33,0.20229073,0.13224563,0.13064477,8,0.07420043,0.07442266,0,1.9401339,1.9335579,1.3696495,0.12809029,18,0.14353366
sequential,mov,0.2,0.3,0.43333333333333335,1,rrg,281,0.15976961,0.16356818,0.2026683,19,5.04e-43,0.0,0,1.4238099,1.8557628,2.22134e-40,0.15976961,15,0.17349172
sequential,mov,0.2,0.3,0.43666666666666665,1,rrg,251,0.21647578,0.16427617,0.20356758,8,0.16027483,0.11453736,0,2.0036511,1.8818496,1.4168949,0.088116236,30,0.16165374
sequential,mov,0.2,0.3,0.44,1,rrg,235,0.18167156,0.17632464,0.22937079,17,0.1310931,0.042640503,0,2.1838226,1.864653,2.0304127,0.05057846,47,0.17242585
sequential,mov,0.2,0.3,0.44333333333333336,1,rrg,162,0.16752528,0.13933578,0.12875435,14,0.12150499,0.06883848,0,2.2481565,1.9196103,2.0659072,0.08022504,34,0.15038149
sequential,mov,0.2,0.3,0.44666666666666666,1,rrg,52,0.12194753,0.19476533,0.2497274,28,0.3877069,0.4380481,0,1.8623744,1.8068839,0.68244314,0.34705773,11,0.21462005
sequential,mov,0.2,0.3,0.45,1,rrg,255,0.19744132,0.17975591,0.20197265,18,0.1435966,0.046035673,0,2.3195586,1.90972,2.2184718,0.059177395,52,0.16372523
sequential,mov,0.2,0.3,0.4533333333333333,1,rrg,73,0.30490786,0.17358509,0.20226343,6,0.1253468,0.08948292,0,1.9851054,1.9042426,1.4740103,0.17956106,13,0.16432367
sequential,mov,0.2,0.3,0.45666666666666667,1,rrg,215,0.44798243,0.13663195,0.14091237,2,0.054223735,0.075384654,0,1.5524986,1.9386691,0.61095107,0.39375868,2,0.13974
sequential,mov,0.2,0.3,0.46,1,rrg,153,0.39213988,0.18573496,0.22808622,5,0.2244132,0.04511357,1,1.8705719,1.842023,2.07592,0.1677267,20,0.19475044
sequential,mov,0.2,0.3,0.4633333333333333,1,rrg,158,0.19197263,0.19333439,0.2722064,10,0.14544068,0.04151964,0,2.0622015,1.7601038,1.9449884,0.04951106,53,0.22264877
sequential,mov,0.2,0.3,0.4666666666666667,1,rrg,131,0.12824179,0.1333057,0.13294424,22,0.37773243,0.44335696,0,1.9070202,1.8888824,0.6703581,0.33498514,10,0.14213467
sequential,mov,0.2,0.3,0.47,1,rrg,56,0.18677783,0.20332664,0.27033234,16,0.35993776,0.45376253,0,1.6815678,1.7533244,0.60989213,0.368987,9,0.21232836
sequential,mov,0.2,0.3,0.47333333333333333,1,rrg,132,0.13274166,0.16268182,0.20423017,25,0.04425435,0.034785487,0,2.0278158,1.8628806,1.4218249,0.088487305,28,0.18481396
sequential,mov,0.2,0.3,0.4766666666666667,1,rrg,109,0.19126856,0.1577184,0.20322944,11,0.05413994,0.07656543,0,1.9527191,1.8844895,0.61574554,0.13712864,21,0.19362386
sequential,mov,0.2,0.3,0.48,1,rrg,193,0.27244148,0.14907052,0.20562343,5,0.12044528,0.1332516,0,1.9947011,1.8217378,1.3435001,0.17448963,15,0.16742872
sequential,mov,0.2,0.3,0.48333333333333334,1,rrg,220,0.17105287,0.15228346,0.19902225,17,2.2573893e-05,3.192063e-05,0,1.5373453,1.8395666,0.0010602869,0.1710303,14,0.15292217
sequential,mov,0.2,0.3,0.4866666666666667,1,rrg,130,0.16788778,0.16416523,0.20219587,20,4.636528e-05,6.55704e-05,0,1.8450994,1.8457927,0.0015320265,0.16784139,21,0.19221504
sequential,mov,0.2,0.3,0.49,1,rrg,189,0.1473347,0.16895327,0.23136671,19,0.10677708,0.08942997,0,2.1002748,1.7837446,1.4352684,0.08824422,34,0.21101746
sequential,mov,0.2,0.3,0.49333333333333335,1,rrg,185,0.39393058,0.1747517,0.23240066,5,0.094524354,0.10084216,1,1.865803,1.8424938,1.4038248,0.29940623,19,0.21007419
sequential,mov,0.2,0.3,0.49666666666666665,1,rrg,78,0.12500797,0.17197885,0.2307521,23,0.39359215,0.43509993,0,1.7511979,1.8341637,0.5902322,0.35192284,10,0.22020023
sequential,mov,0.2,0.3,0.5,1,rrg,106,0.025014954,0.21413894,0.2922258,56,0.039455537,0.055798557,0,1.9642181,1.6836013,0.6687639,0.047793854,51,0.24965782
sequential,mov,0.2,0.3,0.5033333333333333,1,rrg,258,0.07773822,0.13318105,0.1707501,38,0.0,0.0,0,1.46739,1.8486696,0.0,0.07773822,29,0.1645825
sequential,mov,0.2,0.3,0.5066666666666667,1,rrg,75,0.99999994,0.19457719,0.2753841,3,0.028042978,0.03965876,1,2.1892913e-06,1.7393562,0.6474613,0.97195697,3,0.23589802
sequential,mov,0.2,0.3,0.51,1,rrg,53,0.09748955,0.19219045,0.27438802,36,0.12845005,0.11540804,0,2.1093717,1.7388464,1.1676017,0.09595355,27,0.2005259
sequential,mov,0.2,0.3,0.5133333333333333,1,rrg,218,0.10729472,0.15806033,0.19591671,34,0.36252305,0.45217863,0,1.9305108,1.8759404,0.60509765,0.33990744,13,0.19612077
sequential,mov,0.2,0.3,0.5166666666666667,1,rrg,252,0.087499246,0.16572498,0.22529714,34,0.09800917,0.07796713,1,2.1705482,1.8038994,1.4215449,0.06884276,33,0.17726497
sequential,mov,0.2,0.3,0.52,1,rrg,298,0.05387049,0.18694901,0.24681863,49,0.05350727,0.038724758,0,2.0904074,1.7577729,1.2574196,0.035550434,56,0.22555703
sequential,mov,0.2,0.3,0.5233333333333333,1,rrg,29,0.06761425,0.1701089,0.23472975,40,0.07723684,0.06463844,0,2.2932012,1.7920821,1.546975,0.05469876,47,0.206266
sequential,mov,0.2,0.3,0.5266666666666666,1,rrg,181,0.05207356,0.16684252,0.22699365,46,0.069717646,0.052985493,0,2.2685645,1.7761743,1.4587479,0.052359793,48,0.20679273
sequential,mov,0.2,0.3,0.53,1,rrg,174,0.071466014,0.15040725,0.20061737,37,0.010200501,0.014425688,0,1.7406673,1.8077214,0.53906244,0.061265513,41,0.1907974
sequential,mov,0.2,0.3,0.5333333333333333,1,rrg,126,0.12780912,0.21459427,0.2869214,28,0.33333334,0.4714045,0,1.3808204,1.6544063,4.290981e-06,0.3759364,9,0.24666055
sequential,mov,0.2,0.3,0.5366666666666666,1,rrg,267,1.0,0.22268902,0.28704432,1,0.08706877,0.0686903,1,8.6828885e-07,1.6435487,1.2667898,0.9129312,6,0.26277667
sequential,mov,0.2,0.3,0.54,1,rrg,283,0.09149288,0.18951435,0.26841038,37,0.11016575,0.15579791,0,2.1188297,1.6815058,0.6835603,0.14066339,23,0.22767018
sequential,mov,0.2,0.3,0.5433333333333333,1,rrg,192,0.05196563,0.16553646,0.24622574,42,0.030919949,0.043727413,0,1.7812626,1.7170535,0.52621186,0.048241824,45,0.23694745
sequential,mov,0.2,0.3,0.5466666666666666,1,rrg,86,0.98101693,0.19472864,0.25102454,4,0.043815326,0.061964225,0,0.094054796,1.6973567,0.5230922,0.9372017,3,0.23125722
sequential,mov,0.2,0.3,0.55,1,rrg,57,0.021754116,0.16655907,0.23495717,54,0.04053465,0.04982256,1,2.1445537,1.7812583,1.3629133,0.040525574,52,0.22366473
sequential,mov,0.2,0.3,0.5533333333333333,1,rrg,84,0.117009684,0.18705578,0.23839791,29,0.11878332,0.08411327,1,2.2357938,1.7552227,1.5103916,0.07978008,38,0.22591783
sequential,mov,0.2,0.3,0.5566666666666666,1,rrg,27,0.19126835,0.23046368,0.31100005,16,0.16286258,0.042114258,0,2.0266032,1.5864047,1.942277,0.046024412,48,0.27854574
sequential,mov,0.2,0.3,0.56,1,rrg,93,0.18528688,0.17936257,0.22750899,14,0.33333334,0.4714045,1,1.6410792,1.7632217,0.0,0.39509562,6,0.23982769
sequential,mov,0.2,0.3,0.5633333333333334,1,rrg,32,0.1829616,0.18207286,0.2496671,15,0.4252901,0.40737835,1,1.8399956,1.6397116,1.363279,0.30232835,23,0.2421989
sequential,mov,0.2,0.3,0.5666666666666667,1,rrg,121,0.09992098,0.23007707,0.28819978,36,0.0,0.0,0,0.55902535,1.6269323,0.0,0.09992098,37,0.27091816
sequential,mov,0.2,0.3,0.57,1,rrg,9,0.0984414,0.18472053,0.26121667,29,0.3627936,0.45201537,0,1.9753046,1.6840472,0.7549594,0.33668685,15,0.21902376
sequential,mov,0.2,0.3,0.5733333333333334,1,rrg,186,0.033811506,0.19954489,0.2495736,52,0.06369811,0.08584722,0,2.15191,1.7371775,1.2468365,0.07094193,43,0.23275283
sequential,mov,0.2,0.3,0.5766666666666667,1,rrg,22,0.19196625,0.18129353,0.2537853,15,0.45779267,0.38351583,0,1.7471765,1.676925,1.1772119,0.27709046,21,0.22047743
sequential,mov,0.2,0.3,0.58,1,rrg,154,0.23326899,0.15895246,0.22776903,9,0.07252044,0.0740406,0,2.0129313,1.7480218,1.4167267,0.16074856,22,0.20302354
sequential,mov,0.2,0.3,0.5833333333333334,1,rrg,175,0.06358029,0.18715003,0.2475475,44,0.039538812,0.055916324,0,1.8689089,1.7372811,0.6181353,0.060732245,47,0.24365118
sequential,mov,0.2,0.3,0.5866666666666667,1,rrg,248,0.112407595,0.23136684,0.30422392,31,0.12533502,0.17725046,1,1.8903728,1.5742164,0.5652929,0.16280422,29,0.27195564
sequential,mov,0.2,0.3,0.59,1,rrg,137,0.0048674205,0.17147617,0.23808147,60,1.1472278e-27,0.0,0,1.1595043,1.7158334,6.843595e-25,0.0048674205,60,0.2303396
sequential,mov,0.2,0.3,0.5933333333333334,1,rrg,105,0.017461158,0.21511552,0.29827306,57,0.011045852,0.015621195,0,1.7372161,1.6469092,0.7238429,0.016866239,59,0.2536738
sequential,mov,0.2,0.3,0.5966666666666667,1,rrg,71,0.10042289,0.18241595,0.27124456,27,0.056893736,0.08045989,0,1.7436708,1.6880219,0.60241914,0.09036803,36,0.24437799
sequential,mov,0.2,0.3,0.6,1,rrg,223,0.24748676,0.21019773,0.2683037,12,0.76135045,0.33748695,1,1.4836078,1.6223519,0.61050844,0.51386374,10,0.26649746
sequential,mov,0.2,0.3,0.6033333333333334,1,rrg,277,0.108110495,0.16000597,0.21556677,30,0.37162003,0.44679916,0,1.9893994,1.754722,0.5663695,0.3355832,19,0.22307678
sequential,mov,0.2,0.3,0.6066666666666667,1,rrg,120,0.17616533,0.1639002,0.23642404,13,0.40370867,0.42171484,1,1.8763498,1.725538,1.3409048,0.3216798,20,0.23162276
sequential,mov,0.2,0.3,0.61,1,rrg,36,0.23724274,0.22043024,0.29421028,14,3.2798913e-12,4.638467e-12,1,1.8824717,1.6117764,3.473399e-10,0.23724274,27,0.29035524
sequential,mov,0.2,0.3,0.6133333333333333,1,rrg,70,0.08189376,0.21962066,0.29469436,37,0.07292655,0.055476733,0,2.0804956,1.6170952,1.3028861,0.045628633,48,0.280409
sequential,mov,0.2,0.3,0.6166666666666667,1,rrg,65,0.11992541,0.21113534,0.27459738,29,0.011477278,0.016231323,1,1.8407418,1.6436354,0.7067012,0.108448125,37,0.2671425
sequential,mov,0.2,0.3,0.62,1,rrg,150,0.14007364,0.21688794,0.3013756,27,0.07978169,0.11282834,0,2.0069995,1.5805504,0.70065755,0.1264729,32,0.26628065
sequential,mov,0.2,0.3,0.6233333333333333,1,rrg,256,0.016443131,0.23290433,0.316942,59,0.008677018,0.0122711575,0,1.4916098,1.5702974,0.5439767,0.014158063,59,0.3021252
sequential,mov,0.2,0.3,0.6266666666666667,1,rrg,234,0.0575966,0.2291317,0.29886723,45,0.055803534,0.07176677,0,1.9938505,1.5911815,1.3412437,0.06814409,49,0.29589626
sequential,mov,0.2,0.3,0.63,1,rrg,152,0.309704,0.25728443,0.32433656,14,0.2397145,0.16951504,0,1.9265945,1.5266536,0.9245706,0.13647982,32,0.30313763
sequential,mov,0.2,0.3,0.6333333333333333,1,rrg,184,0.025626348,0.21508977,0.28989574,55,0.053121824,0.07512561,0,2.0077646,1.634488,0.6705447,0.06166394,46,0.3054118
sequential,mov,0.2,0.3,0.6366666666666667,1,rrg,30,0.06464957,0.2277945,0.30883843,35,0.10209266,0.07220575,0,2.1594987,1.5658227,1.3776726,0.0805428,42,0.3195368
sequential,mov,0.2,0.3,0.64,1,rrg,190,0.8414754,0.2467644,0.31812474,8,0.052315358,0.07398509,1,0.64007515,1.477804,0.46369115,0.7891601,7,0.33015224
sequential,mov,0.2,0.3,0.6433333333333333,1,rrg,284,1.0,0.23887369,0.30350247,1,3.75413e-40,0.0,1,1.5674392e-07,1.5516506,3.3667801e-38,1.0,1,0.3039176
sequential,mov,0.2,0.3,0.6466666666666666,1,rrg,10,0.06643609,0.21394898,0.30123478,38,0.34928307,0.4605408,0,2.144375,1.6247138,0.6991825,0.33952895,24,0.28885585
sequential,mov,0.2,0.3,0.65,1,rrg,280,0.06167968,0.14411229,0.19768679,36,0.35358688,0.45775566,0,2.1596282,1.7050692,0.6981163,0.3336397,21,0.2139346
sequential,mov,0.2,0.3,0.6533333333333333,1,rrg,196,0.6018784,0.21035692,0.29865777,9,0.04993077,0.07061277,1,1.106757,1.5430658,0.6654677,0.55194765,10,0.29150373
sequential,mov,0.2,0.3,0.6566666666666666,1,rrg,103,0.9999989,0.19405586,0.26505345,3,0.095462374,0.06753274,1,1.9314402e-05,1.6177553,1.093488,0.90453655,4,0.2546883
sequential,mov,0.2,0.3,0.66,1,rrg,260,1.0,0.17783134,0.22641218,1,0.0,0.0,1,2.2804424e-07,1.6311591,0.0,1.0,1,0.23809019
sequential,mov,0.2,0.3,0.6633333333333333,1,rrg,155,0.100277744,0.20379253,0.2698607,29,0.42814723,0.42070454,0,1.9860201,1.5693032,0.62169266,0.39472136,10,0.282856
sequential,mov,0.2,0.3,0.6666666666666666,1,rrg,115,0.055000138,0.15657097,0.22424191,39,0.022490079,0.031805776,0,1.6940883,1.6655464,0.6612792,0.04082346,47,0.24276812
sequential,mov,0.2,0.3,0.67,1,rrg,229,0.0072833113,0.20981719,0.29741773,59,0.022397311,0.031674583,0,1.9179554,1.5331551,0.6672794,0.024825081,55,0.26843297
sequential,mov,0.2,0.3,0.6733333333333333,1,rrg,272,0.22265907,0.18116403,0.24480103,13,0.19556367,0.12292247,0,2.1771572,1.6137714,1.9373051,0.10682074,38,0.2628931
sequential,mov,0.2,0.3,0.6766666666666666,1,rrg,74,0.0693681,0.19969301,0.27614623,34,0.36808148,0.44885597,1,2.1079218,1.598114,0.6483094,0.34495878,25,0.27812725
sequential,mov,0.2,0.3,0.68,1,rrg,279,0.14682679,0.19508481,0.26079074,21,0.08071609,0.11414979,0,1.8022833,1.5933975,0.3599082,0.12965836,35,0.2697949
sequential,mov,0.2,0.3,0.6833333333333333,1,rrg,119,0.054883588,0.20483059,0.27701223,43,0.33333287,0.4714039,0,1.9200581,1.570994,6.928098e-06,0.35162738,21,0.2920154
sequential,mov,0.2,0.3,0.6866666666666666,1,rrg,202,0.024761098,0.19648167,0.2534353,55,0.0060903784,0.008613096,0,1.9888483,1.575068,0.70256704,0.018670717,59,0.28498164
sequential,mov,0.2,0.3,0.69,1,rrg,24,1.0,0.19523501,0.26469672,1,0.33333334,0.4714045,1,1.9073257e-11,1.5920466,6.0023824e-33,0.6666667,4,0.2731461
sequential,mov,0.2,0.3,0.6933333333333334,1,rrg,41,0.05550116,0.21548592,0.27795702,45,0.06264397,0.088591956,0,2.080115,1.5733534,0.5812077,0.081144355,42,0.29342744
sequential,mov,0.2,0.3,0.6966666666666667,1,rrg,170,0.37646195,0.16805133,0.23622127,5,0.24019445,0.29302967,0,1.5285822,1.6590321,1.0130901,0.3204569,29,0.26972002
sequential,mov,0.2,0.3,0.7,1,rrg,135,0.020580422,0.19012254,0.2674338,58,0.0,0.0,0,1.2464389,1.5914979,0.0,0.020580422,58,0.27715266
sequential,mov,0.2,0.3,0.7033333333333334,1,rrg,237,0.6422334,0.23117307,0.29670995,8,0.33333334,0.4714045,0,1.1420557,1.5316122,3.1415498e-31,0.54741114,13,0.3177474
sequential,mov,0.2,0.3,0.7066666666666667,1,rrg,167,0.14318842,0.18378468,0.2664084,20,0.33333334,0.4714045,0,1.026679,1.5931162,8.868114e-09,0.38106284,10,0.2696967
sequential,mov,0.2,0.3,0.71,1,rrg,8,0.093609326,0.21951315,0.29364833,33,0.33333334,0.4714045,0,1.8826512,1.5751266,0.0,0.36453643,21,0.3245777
sequential,mov,0.2,0.3,0.7133333333333334,1,rrg,199,0.19576406,0.19400164,0.26741242,13,0.3590422,0.45431805,0,1.0518484,1.5448362,0.6294531,0.37287918,17,0.29446685
sequential,mov,0.2,0.3,0.7166666666666667,1,rrg,278,0.06804533,0.22537266,0.29534677,44,0.011473506,0.016225986,0,1.7337787,1.5384802,0.57739204,0.056571826,48,0.31190443
sequential,mov,0.2,0.3,0.72,1,rrg,23,1.0,0.22938164,0.30264735,1,0.012824893,0.018137138,1,4.766831e-07,1.4801002,0.7049706,0.98717517,3,0.30912793
sequential,mov,0.2,0.3,0.7233333333333334,1,rrg,261,0.031896442,0.18469726,0.27228543,50,0.028516369,0.034174975,0,1.9917201,1.5555509,1.301015,0.033161197,51,0.26481012
sequential,mov,0.2,0.3,0.7266666666666667,1,rrg,188,0.5608968,0.1819242,0.24886668,6,7.8811365e-20,1.114561e-19,0,1.1461393,1.5755298,1.3373329e-17,0.5608968,8,0.2629089
sequential,mov,0.2,0.3,0.73,1,rrg,20,0.23618987,0.21629919,0.30821362,12,0.3971213,0.43339902,0,1.5058651,1.4599844,0.63350075,0.34827533,22,0.29778394
sequential,mov,0.2,0.3,0.7333333333333333,1,rrg,289,0.0474644,0.1706645,0.260084,42,0.07791468,0.110187985,0,2.191812,1.5957185,0.6890953,0.09373614,38,0.27726325
sequential,mov,0.2,0.3,0.7366666666666667,1,rrg,263,0.054351628,0.17141794,0.25295785,39,0.0,0.0,0,1.4867522,1.5948399,0.0,0.054351628,46,0.27785906
sequential,mov,0.2,0.3,0.74,1,rrg,6,0.04128311,0.20611194,0.28891087,48,0.029050043,0.041082963,0,1.9845885,1.5252483,0.6916966,0.042811077,53,0.31273642
sequential,mov,0.2,0.3,0.7433333333333333,1,rrg,68,0.03847469,0.1887159,0.27474508,46,0.33333334,0.4714045,0,2.1149123,1.541214,0.0,0.34615824,23,0.2853649
sequential,mov,0.2,0.3,0.7466666666666667,1,rrg,224,0.12055631,0.23383348,0.32313952,29,0.08032968,0.06424587,0,2.2967548,1.4687686,1.9287176,0.073781155,42,0.32961258
sequential,mov,0.2,0.3,0.75,1,rrg,191,0.09736296,0.22839586,0.31299114,31,2.7403905e-22,3.8721948e-22,0,1.7268869,1.4733255,1.9688577e-19,0.09736296,41,0.32098037
sequential,mov,0.2,0.3,0.7533333333333333,1,rrg,114,0.14168884,0.21102569,0.28027087,26,0.35271332,0.45831582,0,1.7008814,1.490697,0.49764183,0.36118296,21,0.30881083
sequential,mov,0.2,0.3,0.7566666666666667,1,rrg,160,0.7505433,0.2461957,0.32949632,10,0.36441505,0.4510346,1,0.9424508,1.424801,0.67261523,0.5524327,14,0.35755792
sequential,mov,0.2,0.3,0.76,1,rrg,102,0.1023313,0.2108055,0.31016597,28,0.33333313,0.47140422,0,1.6810647,1.4968288,3.8579724e-06,0.36744356,19,0.3189712
sequential,mov,0.2,0.3,0.7633333333333333,1,rrg,14,0.037883867,0.21213849,0.29623494,50,0.33333334,0.4714045,0,1.9948341,1.4701133,0.0,0.3459613,26,0.32285058
sequential,mov,0.2,0.3,0.7666666666666667,1,rrg,212,0.08110114,0.20778653,0.29330236,34,0.33333334,0.4714045,0,1.8371366,1.4393791,0.0,0.36036706,20,0.29457554
sequential,mov,0.2,0.3,0.77,1,rrg,80,0.117326014,0.23935334,0.32268685,29,0.3617297,0.45266324,1,1.8270677,1.4413877,0.6953826,0.34404564,26,0.33129686
sequential,mov,0.2,0.3,0.7733333333333333,1,rrg,63,0.028684467,0.20593609,0.29376706,50,0.0,0.0,0,1.6658882,1.467554,0.0,0.028684467,51,0.31015378
sequential,mov,0.2,0.3,0.7766666666666666,1,rrg,81,0.3109785,0.20374139,0.29733464,9,0.3504462,0.45978183,1,0.61988264,1.4668082,0.62548053,0.41987994,12,0.30106467
sequential,mov,0.2,0.3,0.78,1,rrg,96,0.15725805,0.23262148,0.32516348,20,0.33333334,0.4714045,0,1.8500757,1.4449136,7.31528e-34,0.38575268,18,0.32971194
sequential,mov,0.2,0.3,0.7833333333333333,1,rrg,82,0.15311968,0.21216701,0.31030694,19,0.6666667,0.47140452,1,1.3286347,1.4485167,0.0,0.61562675,13,0.31704462
sequential,mov,0.2,0.3,0.7866666666666666,1,rrg,163,0.35032782,0.21649753,0.31591734,10,0.05815081,0.08223765,1,0.81700903,1.4542916,0.56175536,0.292177,31,0.3116689
sequential,mov,0.2,0.3,0.79,1,rrg,100,0.04223471,0.22374599,0.32743672,46,0.3333025,0.4713609,0,1.931507,1.4462922,0.00031713297,0.34738073,23,0.31279293
sequential,mov,0.2,0.3,0.7933333333333333,1,rrg,197,0.002444603,0.22709876,0.3264174,59,1.4038697e-25,0.0,0,1.4076124,1.449634,1.871052e-22,0.002444603,59,0.31780496
sequential,mov,0.2,0.3,0.7966666666666666,1,rrg,297,1.0,0.22683793,0.3259659,1,0.0,0.0,1,1.6861965e-11,1.4444505,0.0,1.0,1,0.32695824
sequential,mov,0.2,0.3,0.8,1,rrg,257,0.13051577,0.21386227,0.3100684,23,0.3333328,0.4714038,1,1.3287381,1.4741155,8.730751e-06,0.3768381,17,0.31342447
sequential,mov,0.2,0.3,0.8033333333333333,1,rrg,259,0.99266666,0.21513413,0.3125585,6,0.050071284,0.07081149,1,0.05285521,1.4767035,0.3329351,0.9425954,4,0.30827898
sequential,mov,0.2,0.3,0.8066666666666666,1,rrg,4,0.10189456,0.20167775,0.29797184,27,0.666665,0.47140333,0,1.8907973,1.5012771,2.4989242e-05,0.63270015,8,0.29690295
sequential,mov,0.2,0.3,0.81,1,rrg,134,0.17923963,0.20319788,0.3003629,15,0.33333313,0.47140422,0,1.559957,1.4943752,2.841403e-06,0.39307967,12,0.2909931
sequential,mov,0.2,0.3,0.8133333333333334,1,rrg,7,0.079584755,0.20256363,0.30319932,29,0.06296061,0.08903975,1,1.927031,1.4965332,0.5608309,0.089488864,34,0.28953692
sequential,mov,0.2,0.3,0.8166666666666667,1,rrg,264,1.0,0.20422246,0.3056082,1,0.0,0.0,1,1.4947898e-29,1.4836406,0.0,1.0,1,0.29670382
sequential,mov,0.2,0.3,0.82,1,rrg,13,0.004583635,0.18939073,0.28843406,53,3.6692278e-34,0.0,0,1.5711832,1.5105606,3.622377e-31,0.004583635,53,0.28415293
sequential,mov,0.2,0.3,0.8233333333333334,1,rrg,15,0.06552871,0.19285055,0.29002574,33,4.086901e-24,0.0,0,1.8578185,1.509438,1.7085597e-21,0.06552871,35,0.2894807
sequential,mov,0.2,0.3,0.8266666666666667,1,rrg,143,0.018329233,0.19528386,0.292271,46,0.016040605,0.02268484,0,1.7952161,1.503338,0.74912757,0.022150347,47,0.2937906
sequential,mov,0.2,0.3,0.83,1,rrg,144,0.11291045,0.19855526,0.2941686,22,0.6666655,0.47140366,0,1.7102349,1.4968015,1.788525e-05,0.6290286,6,0.2991615
sequential,mov,0.2,0.3,0.8333333333333334,1,rrg,17,0.0060758707,0.20010994,0.29693344,49,0.0,0.0,0,1.7756153,1.4914992,0.0,0.0060758707,49,0.2931913
sequential,mov,0.2,0.3,0.8366666666666667,1,rrg,145,0.1968026,0.20402406,0.2986634,11,0.13278441,0.18778549,1,1.8847884,1.4854519,0.55334634,0.19838528,25,0.29909843
sequential,mov,0.2,0.3,0.84,1,rrg,18,0.06061872,0.20266116,0.3009656,31,0.0,0.0,0,0.3131446,1.4764334,0.0,0.060618717,33,0.3031591
sequential,mov,0.2,0.3,0.8433333333333334,1,rrg,146,0.006282784,0.20496766,0.30335656,46,0.016637048,0.023528337,0,1.9321952,1.4992559,0.7013112,0.01873131,43,0.3082357
sequential,mov,0.2,0.3,0.8466666666666667,1,rrg,274,0.2958275,0.20871004,0.3054338,7,0.33309692,0.4710702,1,1.5681227,1.4883317,0.0023595644,0.4317061,11,0.31410143
sequential,mov,0.2,0.3,0.85,1,rrg,276,0.03396423,0.20671095,0.30856663,38,0.0,0.0,0,1.7125319,1.4862647,0.0,0.03396423,40,0.3114267
sequential,mov,0.2,0.3,0.8533333333333334,1,rrg,149,0.08133771,0.21064591,0.3109385,24,0.0,0.0,0,1.7389687,1.4806919,0.0,0.08133771,30,0.31773087
sequential,mov,0.2,0.3,0.8566666666666667,1,rrg,151,0.9999962,0.21366279,0.31389448,2,8.4887736e-17,1.2004938e-16,1,5.67193e-05,1.4744111,2.0967059e-14,0.9999962,2,0.32323065
sequential,mov,0.2,0.3,0.86,1,rrg,286,0.018222159,0.1949413,0.29292095,38,0.0,0.0,0,1.5122465,1.5094931,0.0,0.018222159,39,0.30711722
sequential,mov,0.2,0.3,0.8633333333333333,1,rrg,159,0.999969,0.19925168,0.29515204,3,0.06952101,0.098317556,1,0.0004086173,1.5094187,0.5391155,0.930448,3,0.31416333
sequential,mov,0.2,0.3,0.8666666666666667,1,rrg,287,0.10834268,0.17923397,0.26993218,19,0.0,0.0,0,1.7335503,1.547141,0.0,0.10834268,26,0.29875657
sequential,mov,0.2,0.3,0.87,1,rrg,288,0.01050861,0.18113229,0.27336746,37,0.0,0.0,0,1.3993231,1.5419154,0.0,0.010508609,37,0.30371952
sequential,mov,0.2,0.3,0.8733333333333333,1,rrg,290,0.12137957,0.1857473,0.27604258,16,0.33820367,0.4679987,1,1.8518621,1.5445516,0.68597794,0.36892286,10,0.31156048
sequential,mov,0.2,0.3,0.8766666666666667,1,rrg,292,0.17726128,0.18749072,0.2796485,8,0.6666667,0.47140452,0,1.3692132,1.5377896,3.9967978e-17,0.6075795,8,0.3168962
sequential,mov,0.2,0.3,0.88,1,rrg,37,0.9999961,0.18813227,0.28345823,2,0.33333334,0.4714045,1,5.8996433e-05,1.5435032,1.00325815e-13,0.6666654,4,0.31000322
sequential,mov,0.2,0.3,0.8833333333333333,1,rrg,165,0.14070189,0.1651798,0.251546,11,0.6666667,0.47140452,0,1.4849541,1.5877396,0.0,0.61976606,6,0.30014026
sequential,mov,0.2,0.3,0.8866666666666667,1,rrg,293,0.0020468698,0.16602655,0.25518817,34,0.0,0.0,0,1.1655152,1.5907998,0.0,0.0020468698,34,0.29089037
sequential,mov,0.2,0.3,0.89,1,rrg,43,0.029018847,0.17101994,0.2574018,30,0.33333334,0.4714045,0,2.097874,1.6036879,3.4632477e-17,0.34300628,13,0.2996708
sequential,mov,0.2,0.3,0.8933333333333333,1,rrg,45,0.06616694,0.1754612,0.26014692,21,0.33333334,0.4714045,0,1.928814,1.588242,0.0,0.35538897,10,0.29832104
sequential,mov,0.2,0.3,0.8966666666666666,1,rrg,177,0.05073471,0.17898697,0.26355618,23,1.8e-44,0.0,0,1.8801037,1.5772556,5.511e-42,0.05073471,25,0.29648036
sequential,mov,0.2,0.3,0.9,1,rrg,182,0.038324505,0.18325248,0.2668558,25,0.036292758,0.051325712,1,1.8669326,1.5672985,0.6756981,0.049067598,25,0.3046752
sequential,mov,0.2,0.3,0.9033333333333333,1,rrg,187,1.0,0.18892267,0.26985937,1,9.3448914e-29,0.0,1,3.3668656e-12,1.5550083,3.704891e-26,1.0,1,0.32005018
sequential,mov,0.2,0.3,0.9066666666666666,1,rrg,64,0.02884062,0.16003641,0.22602932,26,1.4459316e-20,2.0448551e-20,1,2.0483847,1.6077317,6.430235e-17,0.028840622,27,0.2966829
sequential,mov,0.2,0.3,0.91,1,rrg,195,0.07506082,0.16497944,0.22881764,17,0.33333334,0.4714045,0,1.9411124,1.5857855,0.0,0.3583536,7,0.3075987
sequential,mov,0.2,0.3,0.9133333333333333,1,rrg,69,1.0,0.16846149,0.23256877,1,0.0,0.0,1,8.9821674e-07,1.5712912,0.0,1.0,1,0.3057232
sequential,mov,0.2,0.3,0.9166666666666666,1,rrg,198,0.18147266,0.13520606,0.16582423,5,0.0,0.0,1,1.6103835,1.6340481,0.0,0.18147266,15,0.27796185
sequential,mov,0.2,0.3,0.92,1,rrg,77,0.1255789,0.13326035,0.1690428,10,0.3659924,0.4500919,0,1.7864375,1.6347742,0.6572796,0.34253392,10,0.28199682
sequential,mov,0.2,0.3,0.9233333333333333,1,rrg,206,0.06664854,0.13567877,0.17261949,15,0.0,0.0,0,1.5972906,1.6237674,0.0,0.06664854,17,0.28079873
sequential,mov,0.2,0.3,0.9266666666666666,1,rrg,83,0.03695494,0.13900486,0.17594233,19,0.0,0.0,0,1.9906087,1.6240212,0.0,0.03695494,20,0.29075694
sequential,mov,0.2,0.3,0.93,1,rrg,85,0.14591585,0.14386694,0.17865641,7,0.0,0.0,0,2.0290384,1.6064345,0.0,0.14591585,16,0.30285543
sequential,mov,0.2,0.3,0.9333333333333333,1,rrg,88,0.2229125,0.14475451,0.18714033,2,0.047866415,0.06769333,0,1.6637322,1.5830905,0.59250677,0.17504609,14,0.31169522
sequential,mov,0.2,0.3,0.9366666666666666,1,rrg,89,0.118380986,0.14372072,0.20403066,9,0.6666667,0.47140452,0,1.6722165,1.5679989,0.0,0.6272063,2,0.32292667
sequential,mov,0.2,0.3,0.94,1,rrg,97,0.07685442,0.14625223,0.21432614,10,0.34438863,0.46378493,0,2.0991118,1.5554538,0.65161055,0.3478962,8,0.30743155
sequential,mov,0.2,0.3,0.9433333333333334,1,rrg,225,0.048070308,0.151496,0.22059713,13,0.004775548,0.0067536454,0,1.9789712,1.5227052,0.24609672,0.04329476,15,0.3057679
sequential,mov,0.2,0.3,0.9466666666666667,1,rrg,226,0.13952257,0.15802157,0.22606413,7,0.33334172,0.4713986,0,1.7013805,1.4936199,0.00028593637,0.37983248,5,0.32224044
sequential,mov,0.2,0.3,0.95,1,rrg,108,0.20856322,0.15916364,0.23351087,2,0.40285435,0.43074498,0,1.6173322,1.4799335,0.5391106,0.33333337,9,0.31837904
sequential,mov,0.2,0.3,0.9533333333333334,1,rrg,112,0.021644706,0.16096434,0.2433317,13,0.33333334,0.4714045,0,2.174964,1.467266,1.23581195e-20,0.34054825,9,0.32345685
sequential,mov,0.2,0.3,0.9566666666666667,1,rrg,124,0.13376592,0.17234704,0.24965845,6,0.6666667,0.47140452,0,1.5533015,1.4121712,0.0,0.622078,2,0.32292068
sequential,mov,0.2,0.3,0.96,1,rrg,240,0.06858696,0.1756053,0.2596689,7,0.33333334,0.4714045,0,1.9006968,1.4001637,0.0,0.35619566,6,0.2980502
sequential,mov,0.2,0.3,0.9633333333333334,1,rrg,241,0.093676426,0.18532458,0.2691332,6,0.33333334,0.4714045,0,1.7449543,1.3545682,0.0,0.36455882,5,0.29275638
sequential,mov,0.2,0.3,0.9666666666666667,1,rrg,242,0.14393617,0.19448441,0.2806326,5,0.33333334,0.4714045,0,0.99202335,1.3155057,0.0,0.38131204,4,0.28557137
sequential,mov,0.2,0.3,0.97,1,rrg,243,0.038036145,0.20009956,0.29528034,8,0.0,0.0,0,1.1973052,1.3514417,0.0,0.038036145,8,0.27493227
sequential,mov,0.2,0.3,0.9733333333333334,1,rrg,118,0.9999999,0.22035725,0.3072394,1,0.0,0.0,1,1.8282585e-06,1.3707066,0.0,0.9999998,1,0.30454403
sequential,mov,0.2,0.3,0.9766666666666667,1,rrg,254,0.052308038,0.10897969,0.09296023,5,0.0,0.0,0,1.2224144,1.5665213,0.0,0.052308038,6,0.20519316
sequential,mov,0.2,0.3,0.98,1,rrg,249,0.053465735,0.118424945,0.09724913,4,0.0,0.0,0,1.4964311,1.6238724,0.0,0.053465735,5,0.23067397
sequential,mov,0.2,0.3,0.9833333333333333,1,rrg,122,0.15651481,0.13141674,0.101666845,3,0.33333334,0.4714045,0,1.8579439,1.6493609,2.8191493e-16,0.38550493,2,0.2661156
sequential,mov,0.2,0.3,0.9866666666666667,1,rrg,123,0.15838766,0.12514217,0.11279773,2,0.0,0.0,0,1.5026419,1.5972149,0.0,0.15838766,3,0.23626822
sequential,mov,0.2,0.3,0.99,1,rrg,92,0.03847463,0.11406032,0.12834804,2,0.33333334,0.4714045,0,2.1149118,1.628739,0.0,0.34615824,2,0.2622284
sequential,mov,0.2,0.3,0.9933333333333333,1,rrg,94,0.008937344,0.15185311,0.14291577,2,0.0,0.0,0,1.2065117,1.3856528,0.0,0.008937344,2,0.22026348
sequential,mov,0.2,0.3,0.9966666666666667,1,rrg,127,0.2947688,0.2947688,0.0,1,0.33333334,0.4714045,0,1.5647942,1.5647942,2.7817887e-12,0.4315896,1,0.4315896
sequential,mov,0.2,0.3,0.0,2,rrg,0,0.1997723,0.19977227,2.9802322e-08,1,0.1997723,0.0,0,2.2179234,2.2179234,2.2179234,0.0,1,0.0
sequential,mov,0.2,0.3,0.0033333333333333335,2,rrg,23,0.2015144,0.19942872,0.0031860422,2,0.20133965,0.0017780807,0,2.1947129,2.1965835,2.1967402,0.0017346392,6,0.0024415592
sequential,mov,0.2,0.3,0.006666666666666667,2,rrg,37,0.19999997,0.1962597,0.018764315,33,0.20010793,0.00015258564,0,2.1924458,2.1973293,2.1926394,0.00010795394,32,0.006061356
sequential,mov,0.2,0.3,0.01,2,rrg,20,0.20591941,0.19342022,0.02640326,3,0.19620025,0.008688769,0,2.207357,2.1971772,2.2128365,0.009719168,9,0.009071854
sequential,mov,0.2,0.3,0.013333333333333334,2,rrg,12,0.20056532,0.19328809,0.02862571,15,0.202033,0.0027274515,0,2.1900198,2.2043655,2.1916676,0.002080962,28,0.008084857
sequential,mov,0.2,0.3,0.016666666666666666,2,rrg,70,0.199336,0.19324078,0.023247821,45,0.19858396,0.0038145266,0,2.204393,2.2112482,2.2095225,0.0032579005,23,0.012274853
sequential,mov,0.2,0.3,0.02,2,rrg,112,0.20228525,0.18511966,0.03754484,14,0.20177971,0.0031298732,0,2.1993177,2.2196443,2.2055347,0.0029225994,31,0.017574273
sequential,mov,0.2,0.3,0.023333333333333334,2,rrg,194,0.20029777,0.17896697,0.043014765,16,0.20120157,0.0014660555,0,2.1899996,2.2413647,2.190634,0.0010774037,50,0.018816104
sequential,mov,0.2,0.3,0.02666666666666667,2,rrg,42,0.16800706,0.1709729,0.041481048,41,0.15358666,0.04646017,0,2.369106,2.2676337,2.3469982,0.038148914,21,0.02837813
sequential,mov,0.2,0.3,0.03,2,rrg,146,0.18978754,0.16818759,0.051670607,36,0.18408477,0.020939829,0,2.2500653,2.2518797,2.25513,0.017841334,27,0.024259554
sequential,mov,0.2,0.3,0.03333333333333333,2,rrg,16,0.19816881,0.17944911,0.03331746,26,0.1961958,0.0053736777,0,2.2140858,2.2664187,2.2205262,0.004407113,47,0.022262935
sequential,mov,0.2,0.3,0.03666666666666667,2,rrg,51,0.20023115,0.17654844,0.041302983,20,0.19969301,0.00026614676,0,2.2041314,2.2646391,2.2119477,0.00053815544,60,0.0267154
sequential,mov,0.2,0.3,0.04,2,rrg,86,0.20193414,0.16257773,0.05779335,11,0.20329626,0.0043078493,0,2.2106392,2.24919,2.2253294,0.0044602402,49,0.027160684
sequential,mov,0.2,0.3,0.043333333333333335,2,rrg,68,0.14812462,0.16287233,0.060784142,46,0.14252588,0.05812826,0,2.3644266,2.2394266,2.3088405,0.05219194,15,0.027903454
sequential,mov,0.2,0.3,0.04666666666666667,2,rrg,124,0.21553874,0.15817419,0.0582595,2,0.20559867,0.008502417,0,2.2009537,2.2672536,2.218076,0.009940058,46,0.030578453
sequential,mov,0.2,0.3,0.05,2,rrg,101,0.191624,0.17213847,0.04493328,34,0.18572736,0.016119966,0,2.258461,2.2650998,2.2701879,0.013183276,35,0.028126853
sequential,mov,0.2,0.3,0.05333333333333334,2,rrg,47,0.18151511,0.15940993,0.054708615,31,0.17630182,0.033533607,0,2.2897124,2.280046,2.291416,0.029830351,26,0.030401336
sequential,mov,0.2,0.3,0.056666666666666664,2,rrg,69,0.19808316,0.16179125,0.056097854,22,0.18988024,0.0076060807,0,2.2598264,2.2694366,2.2822788,0.008990447,45,0.035389256
sequential,mov,0.2,0.3,0.06,2,rrg,17,0.20367558,0.14825307,0.06501629,10,0.20897126,0.009611186,0,2.1871855,2.2538376,2.1963818,0.0072877756,53,0.034731857
sequential,mov,0.2,0.3,0.06333333333333334,2,rrg,97,0.18975088,0.16092731,0.055800762,30,0.18080537,0.027538825,0,2.2676206,2.2722895,2.274546,0.022877464,35,0.037870076
sequential,mov,0.2,0.3,0.06666666666666667,2,rrg,1,0.1839666,0.1558492,0.061475463,29,0.15378249,0.03261161,0,2.3061392,2.2622123,2.2909992,0.03592839,38,0.04334051
sequential,mov,0.2,0.3,0.07,2,rrg,132,0.21934073,0.15947808,0.06250469,7,0.18716311,0.03052732,0,2.197318,2.2662349,2.1923044,0.032177616,32,0.038270075
sequential,mov,0.2,0.3,0.07333333333333333,2,rrg,117,0.16011177,0.15118104,0.06469388,32,0.1455914,0.05996956,0,2.3480177,2.2528877,2.3019338,0.050207723,22,0.04650267
sequential,mov,0.2,0.3,0.07666666666666666,2,rrg,200,0.2232231,0.15793587,0.06838579,6,0.19059426,0.012734223,0,2.2689645,2.2566555,2.3216012,0.03262885,34,0.04067804
sequential,mov,0.2,0.3,0.08,2,rrg,102,0.1578097,0.17363574,0.05500852,45,0.15274899,0.035904925,0,2.3731656,2.2492425,2.361715,0.030712478,32,0.03818374
sequential,mov,0.2,0.3,0.08333333333333333,2,rrg,74,0.16025299,0.15587512,0.064979605,35,0.15150686,0.07497007,0,2.3364563,2.2648692,2.2433372,0.06776467,12,0.044484343
sequential,mov,0.2,0.3,0.08666666666666667,2,rrg,66,0.24590565,0.16193648,0.06369789,2,0.19985712,0.05751443,0,2.1960483,2.244346,2.2031171,0.053332884,29,0.050989274
sequential,mov,0.2,0.3,0.09,2,rrg,257,0.21287733,0.14928673,0.06551646,6,0.15157239,0.069688335,0,2.3330941,2.2464654,2.2770298,0.07883273,7,0.04450824
sequential,mov,0.2,0.3,0.09333333333333334,2,rrg,210,0.16516036,0.16055223,0.055410717,35,0.12157487,0.034229968,0,2.4083178,2.2667131,2.3672702,0.04358549,27,0.044633117
sequential,mov,0.2,0.3,0.09666666666666666,2,rrg,50,0.34787267,0.1622332,0.07169154,1,0.024540083,0.034704562,0,1.6064391,2.243058,0.68151206,0.32333258,1,0.04708557
sequential,mov,0.2,0.3,0.1,2,rrg,180,0.21972632,0.17472975,0.06132096,8,0.18772762,0.04920821,0,2.2236392,2.2534108,2.214553,0.04064745,32,0.0428717
sequential,mov,0.2,0.3,0.10333333333333333,2,rrg,270,0.20582917,0.13573994,0.07521864,6,0.26949477,0.18613753,0,2.118661,2.2310917,1.9993743,0.14987658,3,0.05237635
sequential,mov,0.2,0.3,0.10666666666666667,2,rrg,40,0.39752415,0.18072315,0.11057994,2,0.12715925,0.09061066,0,1.7493347,2.203364,1.4341,0.2703649,2,0.06529252
sequential,mov,0.2,0.3,0.11,2,rrg,36,0.14462353,0.1535419,0.06572253,36,0.14859967,0.105148606,0,2.1347086,2.223106,1.469915,0.10039181,6,0.05372491
sequential,mov,0.2,0.3,0.11333333333333333,2,rrg,215,0.21092069,0.17053992,0.118633606,17,0.24814455,0.041867983,0,2.119673,2.2149765,2.0837147,0.03722385,36,0.056521256
sequential,mov,0.2,0.3,0.11666666666666667,2,rrg,121,0.254151,0.15855092,0.067646496,1,0.04633948,0.063528694,0,1.6900756,2.2349393,0.78716826,0.20781152,2,0.049310196
sequential,mov,0.2,0.3,0.12,2,rrg,137,0.23076575,0.15690163,0.07570342,6,0.22753114,0.024660397,0,2.1530018,2.205836,2.1757553,0.024292165,39,0.050633363
sequential,mov,0.2,0.3,0.12333333333333334,2,rrg,81,0.2232459,0.15073442,0.06951943,6,0.22120734,0.02702701,0,2.172276,2.222258,2.187513,0.026152099,44,0.053742003
sequential,mov,0.2,0.3,0.12666666666666668,2,rrg,179,0.23211507,0.14776668,0.06862534,4,0.15649842,0.028931826,0,2.251681,2.2300642,2.2286458,0.07561666,13,0.050274134
sequential,mov,0.2,0.3,0.13,2,rrg,156,0.23960295,0.13783209,0.078200914,4,0.19272149,0.027220478,0,2.192035,2.2344944,2.1972961,0.046881452,35,0.052401423
sequential,mov,0.2,0.3,0.13333333333333333,2,rrg,184,0.2132108,0.17023563,0.12252307,13,0.16064467,0.11359739,0,2.0330343,2.2067144,1.445248,0.089574374,13,0.0782902
sequential,mov,0.2,0.3,0.13666666666666666,2,rrg,186,0.22442773,0.14646326,0.077027954,9,0.22122051,0.021652302,0,2.1459105,2.2296076,2.1608508,0.021320358,48,0.051984295
sequential,mov,0.2,0.3,0.14,2,rrg,246,0.21251978,0.1429523,0.08099154,12,0.19883358,0.060342196,0,2.1175494,2.202149,2.0698142,0.053067952,27,0.06379849
sequential,mov,0.2,0.3,0.14333333333333334,2,rrg,234,0.3766183,0.16588971,0.074346416,1,0.12644356,0.11482471,0,1.8222873,2.22317,1.4018607,0.25017473,2,0.061790407
sequential,mov,0.2,0.3,0.14666666666666667,2,rrg,281,0.30211535,0.15842868,0.07607173,2,0.056940485,0.079933904,0,2.020228,2.202651,0.74078614,0.24517487,1,0.059128024
sequential,mov,0.2,0.3,0.15,2,rrg,197,0.19944628,0.1658066,0.12838857,23,0.17403178,0.036604762,0,2.2450337,2.1914723,2.2245677,0.033126105,45,0.06983235
sequential,mov,0.2,0.3,0.15333333333333332,2,rrg,31,0.20078443,0.1599758,0.08193733,21,0.20241304,0.007067815,0,2.1918838,2.2269006,2.198846,0.005795434,58,0.060067732
sequential,mov,0.2,0.3,0.15666666666666668,2,rrg,168,0.35740626,0.15231547,0.08504618,2,0.20529151,0.10733602,0,1.9176087,2.1777027,1.9598793,0.15211473,6,0.074422866
sequential,mov,0.2,0.3,0.16,2,rrg,176,0.73030084,0.16176401,0.10355205,1,0.058335736,0.0811904,1,1.0372123,2.1841846,0.73199576,0.6719651,1,0.076587826
sequential,mov,0.2,0.3,0.16333333333333333,2,rrg,286,0.3003317,0.15939218,0.07670916,2,0.07008765,0.0991189,0,1.7615558,2.2033112,0.6795242,0.23024409,3,0.072993524
sequential,mov,0.2,0.3,0.16666666666666666,2,rrg,272,0.22597662,0.16121507,0.13091262,8,0.15786794,0.11191553,0,1.9874389,2.165211,1.4255673,0.0825424,15,0.084909804
sequential,mov,0.2,0.3,0.17,2,rrg,139,0.5499395,0.14886431,0.09329562,1,0.10723246,0.07698947,1,1.5205529,2.1697578,1.4656845,0.44270706,1,0.0766003
sequential,mov,0.2,0.3,0.17333333333333334,2,rrg,167,0.61692363,0.16691229,0.09334685,1,0.14031027,0.09920928,1,1.3437916,2.171382,1.3456696,0.47661337,1,0.08029886
sequential,mov,0.2,0.3,0.17666666666666667,2,rrg,118,0.2467671,0.15454563,0.07244229,5,0.18699308,0.04536561,0,2.1961079,2.196771,2.2165751,0.060705096,27,0.06569673
sequential,mov,0.2,0.3,0.18,2,rrg,287,0.2391258,0.15231751,0.08261906,8,0.13098244,0.05208949,0,2.321759,2.181655,2.3315537,0.10814336,7,0.06767214
sequential,mov,0.2,0.3,0.18333333333333332,2,rrg,244,0.27859384,0.15804459,0.11903379,3,0.22512992,0.028569002,0,2.0893826,2.1566517,2.1082525,0.05346391,30,0.08271653
sequential,mov,0.2,0.3,0.18666666666666668,2,rrg,276,0.249709,0.15918452,0.077780865,6,0.21983664,0.029029902,0,2.0947177,2.1690211,2.0849955,0.035877053,44,0.079990074
sequential,mov,0.2,0.3,0.19,2,rrg,145,0.23537557,0.15298758,0.09682622,9,0.24561371,0.1734576,0,2.1317565,2.142995,1.9927746,0.15022607,7,0.075133696
sequential,mov,0.2,0.3,0.19333333333333333,2,rrg,155,0.23965849,0.16197585,0.13091713,8,0.15883291,0.060418077,0,2.2008958,2.1586487,2.145561,0.08281187,17,0.086600475
sequential,mov,0.2,0.3,0.19666666666666666,2,rrg,44,0.2754185,0.14778847,0.08499663,4,0.09820792,0.13888694,0,1.9007664,2.1330914,0.6998101,0.19001406,4,0.074875586
sequential,mov,0.2,0.3,0.2,2,rrg,258,0.21110255,0.1746557,0.15245622,12,0.22830015,0.08751299,0,2.1104817,2.113548,2.0454447,0.08695143,15,0.09642199
sequential,mov,0.2,0.3,0.20333333333333334,2,rrg,89,0.43086463,0.16840154,0.1366878,2,0.19892673,0.14087044,0,1.5870994,2.107418,1.2578783,0.2319379,4,0.096210286
sequential,mov,0.2,0.3,0.20666666666666667,2,rrg,131,0.443486,0.15914835,0.13150936,2,0.13064343,0.18352766,1,1.6144278,2.1349351,0.6339142,0.31284258,2,0.09159069
sequential,mov,0.2,0.3,0.21,2,rrg,77,0.41666788,0.14537832,0.09517865,1,0.43867755,0.09874559,0,1.5707107,2.160665,1.3526732,0.084183715,13,0.07622861
sequential,mov,0.2,0.3,0.21333333333333335,2,rrg,91,0.5299266,0.15562089,0.08696375,1,0.07947219,0.10528177,1,1.4832987,2.18991,0.7529726,0.45045438,1,0.07852556
sequential,mov,0.2,0.3,0.21666666666666667,2,rrg,15,0.795795,0.18943784,0.200142,4,0.12642811,0.1785299,1,0.5063294,2.0939589,0.48323652,0.6693669,4,0.11476942
sequential,mov,0.2,0.3,0.22,2,rrg,262,0.22968133,0.1542164,0.13120626,6,0.024676668,0.03489808,0,2.102829,2.1796625,0.6032079,0.20500465,5,0.08363655
sequential,mov,0.2,0.3,0.22333333333333333,2,rrg,83,0.45612866,0.14807485,0.12472599,2,0.077699594,0.1098833,0,1.450577,2.1467888,0.6665899,0.37842906,2,0.09487104
sequential,mov,0.2,0.3,0.22666666666666666,2,rrg,227,0.26357052,0.1732392,0.15993208,3,0.078051545,0.11038155,0,1.8748753,2.1157916,0.7233782,0.18551898,7,0.104948096
sequential,mov,0.2,0.3,0.23,2,rrg,154,0.25593758,0.16557042,0.16794297,5,0.1895756,0.17207253,0,1.9288237,2.089927,1.1970615,0.17340152,4,0.095006704
sequential,mov,0.2,0.3,0.23333333333333334,2,rrg,299,0.20129703,0.15852731,0.13713163,21,0.20365506,0.001732312,0,2.0739267,2.1228454,2.0283775,0.0023580391,60,0.08099832
sequential,mov,0.2,0.3,0.23666666666666666,2,rrg,277,0.23584138,0.14468946,0.13053934,4,0.20961358,0.027625307,0,2.146213,2.1272829,2.1456544,0.030097222,52,0.08845567
sequential,mov,0.2,0.3,0.24,2,rrg,285,0.74062103,0.16619727,0.1810457,3,0.06548063,0.09260204,1,0.98592824,2.0995264,0.65577227,0.6751404,3,0.11482214
sequential,mov,0.2,0.3,0.24333333333333335,2,rrg,232,0.4474509,0.15122956,0.08515376,1,0.11291496,0.08395061,1,1.6674522,2.19023,1.3947271,0.33453593,2,0.07664189
sequential,mov,0.2,0.3,0.24666666666666667,2,rrg,13,0.20158474,0.1657338,0.16475256,14,0.42799094,0.40592396,0,1.8520265,2.0609589,1.3249022,0.30587065,7,0.120052315
sequential,mov,0.2,0.3,0.25,2,rrg,162,0.3709821,0.15201177,0.13657282,2,0.1149781,0.16260326,0,1.6687742,2.11214,0.58428913,0.256004,4,0.08774833
sequential,mov,0.2,0.3,0.25333333333333335,2,rrg,126,0.14073579,0.1625464,0.16257985,31,0.095588505,0.00548542,0,2.3977573,2.0907378,2.3587732,0.045147285,40,0.11310827
sequential,mov,0.2,0.3,0.25666666666666665,2,rrg,166,0.13802727,0.16487576,0.16762121,33,0.11127711,0.034730017,0,2.4576776,2.094276,2.4270065,0.032836515,55,0.1137053
sequential,mov,0.2,0.3,0.26,2,rrg,157,0.1392358,0.12102665,0.07617368,29,0.114271164,0.029886926,0,2.377938,2.1557436,2.3176403,0.030187665,50,0.08255832
sequential,mov,0.2,0.3,0.2633333333333333,2,rrg,193,0.22525018,0.14920822,0.13276471,4,0.22135185,0.0023087016,0,2.0218008,2.108464,1.9350777,0.0038983475,60,0.09125892
sequential,mov,0.2,0.3,0.26666666666666666,2,rrg,53,0.35237524,0.18145756,0.1713584,4,0.23685086,0.1766115,1,1.4490373,2.0229158,1.1772912,0.16322927,11,0.125518
sequential,mov,0.2,0.3,0.27,2,rrg,25,0.23469947,0.17705184,0.19921291,9,0.4164907,0.41257018,0,1.5621654,2.0192313,0.7113529,0.33825755,5,0.120730706
sequential,mov,0.2,0.3,0.2733333333333333,2,rrg,208,0.2533061,0.15607211,0.16895546,3,0.14868456,0.105796285,0,1.9712774,2.0787065,1.4015993,0.10462153,12,0.10671899
sequential,mov,0.2,0.3,0.27666666666666667,2,rrg,231,0.23052873,0.1394703,0.13087578,6,0.20905693,0.05860835,0,2.093138,2.1139388,2.0582943,0.061972756,29,0.0923641
sequential,mov,0.2,0.3,0.28,2,rrg,127,0.23717837,0.13369144,0.1339798,5,0.20674169,0.026873779,0,2.0901766,2.098229,2.0847933,0.03043668,52,0.099288546
sequential,mov,0.2,0.3,0.2833333333333333,2,rrg,267,0.1915307,0.13824934,0.064774014,16,0.44624224,0.39212584,0,1.8532807,2.1568098,1.4030832,0.2865943,5,0.08667861
sequential,mov,0.2,0.3,0.2866666666666667,2,rrg,163,0.3334593,0.13167357,0.08441267,2,0.19842319,0.16887386,1,1.8465149,2.1643336,1.2714525,0.18788858,7,0.089282565
sequential,mov,0.2,0.3,0.29,2,rrg,151,0.21127427,0.1467993,0.1348316,11,0.10437846,0.1206497,0,1.9556866,2.0523677,1.2877737,0.14836562,6,0.09794007
sequential,mov,0.2,0.3,0.29333333333333333,2,rrg,207,0.27648154,0.157266,0.17304717,4,0.22621314,0.10126813,0,2.096754,2.037804,2.0551763,0.10734149,11,0.11874675
sequential,mov,0.2,0.3,0.2966666666666667,2,rrg,198,0.38506508,0.1557559,0.13894558,2,0.070831686,0.098221496,0,1.6876502,2.0226297,0.70748204,0.3142334,5,0.11471285
sequential,mov,0.2,0.3,0.3,2,rrg,76,0.34462425,0.16671604,0.17300338,3,0.10124733,0.14318535,0,1.702122,2.0491629,0.6827243,0.24337693,6,0.11043708
sequential,mov,0.2,0.3,0.30333333333333334,2,rrg,239,0.22206776,0.16358538,0.20109774,7,0.15787092,0.06777601,0,2.236329,2.0405471,2.1724102,0.08292692,23,0.1296737
sequential,mov,0.2,0.3,0.30666666666666664,2,rrg,182,0.44971696,0.14049573,0.14551242,2,0.11406976,0.16008869,1,1.5383434,2.083781,0.6639183,0.3356472,5,0.11288958
sequential,mov,0.2,0.3,0.31,2,rrg,275,0.22638142,0.16112855,0.16508907,6,0.06380224,0.090229996,0,1.851595,2.0802958,0.6104125,0.16257918,10,0.12520899
sequential,mov,0.2,0.3,0.31333333333333335,2,rrg,11,0.70569855,0.16166544,0.18584704,3,0.046266023,0.06543004,1,1.0900788,1.9563552,0.71660113,0.6594325,3,0.13905951
sequential,mov,0.2,0.3,0.31666666666666665,2,rrg,214,0.20398304,0.11839267,0.07518915,11,0.11048155,0.08644268,0,2.153684,2.1170828,1.4531518,0.098207474,13,0.09056263
sequential,mov,0.2,0.3,0.32,2,rrg,87,0.077860065,0.16934113,0.2029814,42,0.16642708,0.17679013,0,2.4366052,1.9756582,2.1247485,0.13682711,11,0.12931997
sequential,mov,0.2,0.3,0.3233333333333333,2,rrg,130,0.26256853,0.1500621,0.17320721,5,0.19788618,0.037551157,0,2.1715484,2.0323033,2.2049859,0.06468235,31,0.11624606
sequential,mov,0.2,0.3,0.32666666666666666,2,rrg,240,0.1851309,0.16419554,0.20233129,16,0.15243496,0.05294158,0,2.3254807,2.0419335,2.248864,0.05963782,33,0.13479187
sequential,mov,0.2,0.3,0.33,2,rrg,120,0.17855994,0.14975101,0.13261257,18,0.049740613,0.04322353,0,2.1300373,2.085233,1.477652,0.12881933,11,0.11535335
sequential,mov,0.2,0.3,0.3333333333333333,2,rrg,204,0.19118632,0.14412262,0.13171077,14,0.1561415,0.038460944,0,2.2955916,2.0439503,2.24884,0.035044827,50,0.12867431
sequential,mov,0.2,0.3,0.33666666666666667,2,rrg,201,0.23852372,0.16781871,0.23189797,8,0.23931813,0.14102204,0,2.148111,1.9562895,2.0214167,0.13215041,13,0.15132192
sequential,mov,0.2,0.3,0.34,2,rrg,274,0.2406006,0.13908298,0.13807108,5,0.07250094,0.057393383,0,2.0698369,2.0301404,1.4739932,0.16809966,13,0.12493118
sequential,mov,0.2,0.3,0.3433333333333333,2,rrg,174,0.39674154,0.12229747,0.13956243,2,0.1634654,0.12636305,0,1.7179158,2.0110757,1.3981686,0.23327613,10,0.116013974
sequential,mov,0.2,0.3,0.3466666666666667,2,rrg,38,0.2660908,0.16460939,0.17793688,6,0.25659844,0.17975456,0,1.8887366,1.9393805,1.724392,0.16691183,15,0.14711751
sequential,mov,0.2,0.3,0.35,2,rrg,141,0.38911647,0.13473676,0.13503096,2,0.25111532,0.083076656,1,1.935532,2.0912082,2.0215156,0.13800116,9,0.099592574
sequential,mov,0.2,0.3,0.35333333333333333,2,rrg,24,0.23006067,0.13848467,0.13676417,6,0.33203903,0.46957406,0,1.2973291,2.0188537,0.011161741,0.40872595,2,0.1326505
sequential,mov,0.2,0.3,0.3566666666666667,2,rrg,147,0.30527508,0.13646515,0.13457543,2,0.23574404,0.0951527,0,2.0162485,2.0189517,2.016414,0.11100054,16,0.10956644
sequential,mov,0.2,0.3,0.36,2,rrg,67,0.38552055,0.21306753,0.27421921,7,0.12884319,0.09855455,1,1.7784809,1.8505902,1.397822,0.25667736,17,0.20463674
sequential,mov,0.2,0.3,0.36333333333333334,2,rrg,173,0.3465206,0.16178039,0.20478031,4,0.36315632,0.45179534,1,1.6007959,2.0348334,0.5524935,0.41901723,5,0.1327479
sequential,mov,0.2,0.3,0.36666666666666664,2,rrg,104,0.15881118,0.14812443,0.17287518,24,0.40780833,0.4190677,0,1.8672687,2.0110643,1.3194715,0.31137258,9,0.1323792
sequential,mov,0.2,0.3,0.37,2,rrg,237,0.38418046,0.19078305,0.22583285,6,0.09225611,0.07022209,1,1.8337387,1.8684452,1.4664317,0.29192436,13,0.17284116
sequential,mov,0.2,0.3,0.37333333333333335,2,rrg,268,0.20504059,0.18729839,0.23936266,12,0.04568772,0.064612195,0,1.8352817,1.9236989,0.61414117,0.15935285,16,0.17130065
sequential,mov,0.2,0.3,0.37666666666666665,2,rrg,242,0.13140501,0.14650266,0.18993142,25,0.38537404,0.43463767,0,2.0311155,1.9305818,1.4491329,0.3250943,16,0.16529165
sequential,mov,0.2,0.3,0.38,2,rrg,22,0.20137143,0.14839487,0.19098563,8,0.3420489,0.46536413,0,1.5835238,1.9822481,0.70735735,0.39174154,5,0.13765852
sequential,mov,0.2,0.3,0.38333333333333336,2,rrg,224,0.15032752,0.14837334,0.1746127,23,0.4104513,0.42331028,0,1.9380519,1.9770608,1.4014543,0.3432674,7,0.13518189
sequential,mov,0.2,0.3,0.38666666666666666,2,rrg,26,0.3318509,0.14170428,0.13511196,3,0.066786,0.09444968,0,1.6703262,1.9974805,0.6131665,0.26506487,10,0.12224617
sequential,mov,0.2,0.3,0.39,2,rrg,250,0.18520567,0.15999888,0.2034241,14,0.115225516,0.05393915,0,2.3390977,1.9352994,2.2180955,0.06998015,30,0.16193578
sequential,mov,0.2,0.3,0.3933333333333333,2,rrg,45,0.40653086,0.15362136,0.19861509,4,0.10408988,0.0919277,0,1.796339,1.9351155,1.5136929,0.30244097,12,0.14044143
sequential,mov,0.2,0.3,0.39666666666666667,2,rrg,46,0.35224178,0.14877707,0.17800732,4,0.30153286,0.13293786,1,1.9009317,1.9687002,1.8289758,0.14018738,13,0.13315798
sequential,mov,0.2,0.3,0.4,2,rrg,290,0.51043415,0.1687368,0.19283509,4,0.16964333,0.23991188,1,1.4367644,1.9058883,0.401418,0.34079084,7,0.1666883
sequential,mov,0.2,0.3,0.4033333333333333,2,rrg,170,0.34782377,0.17107342,0.23171397,5,0.3483472,0.4405169,0,1.0180874,1.8978517,0.8277774,0.41413853,5,0.17405993
sequential,mov,0.2,0.3,0.4066666666666667,2,rrg,63,0.23197791,0.13501634,0.17082956,5,0.46557963,0.3777873,0,1.7188019,1.9413612,1.2437114,0.27830943,15,0.15881847
sequential,mov,0.2,0.3,0.41,2,rrg,105,0.17834826,0.17210165,0.22009648,16,0.41877913,0.41156152,0,1.7769618,1.8829588,1.2497402,0.3073349,15,0.17694028
sequential,mov,0.2,0.3,0.41333333333333333,2,rrg,125,0.16359508,0.14600417,0.19757147,16,0.03747299,0.052994806,0,1.8894564,1.958907,0.7795076,0.1261221,15,0.1337039
sequential,mov,0.2,0.3,0.4166666666666667,2,rrg,143,0.15186082,0.122719,0.1374282,22,0.3333986,0.47135836,0,1.8051212,2.045831,0.002565915,0.38388833,3,0.12108974
sequential,mov,0.2,0.3,0.42,2,rrg,164,0.17859195,0.15149793,0.17191067,15,0.36009106,0.45223472,0,1.722587,1.9848855,0.77276856,0.36469015,5,0.14374939
sequential,mov,0.2,0.3,0.42333333333333334,2,rrg,61,0.19815733,0.15393093,0.2048943,13,0.09094181,0.06558407,0,2.1258826,1.9788932,1.601029,0.10721552,14,0.14173795
sequential,mov,0.2,0.3,0.4266666666666667,2,rrg,41,0.4907727,0.12763865,0.13854842,2,0.058779374,0.0429614,0,1.7318869,2.008935,1.59244,0.43199334,2,0.11824496
sequential,mov,0.2,0.3,0.43,2,rrg,202,0.17073824,0.11529866,0.12898216,11,0.1958317,0.09182425,0,2.2481656,1.9385318,2.1645515,0.079733595,26,0.11503188
sequential,mov,0.2,0.3,0.43333333333333335,2,rrg,134,0.20745526,0.2043683,0.26423153,14,0.22761323,0.09637166,0,2.1078124,1.7599343,2.0151222,0.08404118,30,0.2107688
sequential,mov,0.2,0.3,0.43666666666666665,2,rrg,233,0.23254517,0.12096769,0.11065861,3,0.34480524,0.46350566,0,1.7206727,2.037575,0.7090888,0.3993765,2,0.11073183
sequential,mov,0.2,0.3,0.44,2,rrg,223,0.53716487,0.15103446,0.212702,4,0.06703133,0.09479336,1,1.4518181,1.8890063,0.66986656,0.47013354,4,0.15303527
sequential,mov,0.2,0.3,0.44333333333333336,2,rrg,82,0.16428879,0.15524043,0.2051257,17,0.19215202,0.17387266,0,1.9581063,1.9115242,1.212699,0.14334624,14,0.14914745
sequential,mov,0.2,0.3,0.44666666666666666,2,rrg,93,0.21167968,0.14814925,0.18881261,6,0.127962,0.11199549,0,2.0164635,1.9035367,1.4398121,0.12444777,18,0.16085225
sequential,mov,0.2,0.3,0.45,2,rrg,136,0.18901603,0.1846113,0.26529974,12,0.071877815,0.10001558,0,1.9928783,1.841495,0.76453567,0.13333744,13,0.1769369
sequential,mov,0.2,0.3,0.4533333333333333,2,rrg,79,0.12957786,0.13587244,0.17644618,23,0.0950314,0.04467245,0,2.2531888,1.9198774,2.0745933,0.046350997,43,0.14515696
sequential,mov,0.2,0.3,0.45666666666666667,2,rrg,73,0.32077104,0.15982133,0.19576895,5,0.28563875,0.23769554,0,1.8063459,1.8755234,1.5536906,0.23577571,15,0.1625618
sequential,mov,0.2,0.3,0.46,2,rrg,259,0.4653461,0.15328091,0.20674735,4,0.30449632,0.25370827,1,1.5738888,1.8809396,1.5739174,0.29208982,14,0.15857449
sequential,mov,0.2,0.3,0.4633333333333333,2,rrg,18,0.37195435,0.14235997,0.2092977,4,0.32771733,0.46328205,0,0.6601771,1.870922,0.04066442,0.45153216,4,0.15366286
sequential,mov,0.2,0.3,0.4666666666666667,2,rrg,103,0.4331686,0.14161353,0.21104006,4,0.25978234,0.36738777,1,0.9048346,1.8451542,0.17591286,0.40417185,5,0.16572937
sequential,mov,0.2,0.3,0.47,2,rrg,110,0.16374023,0.14882506,0.20190206,16,0.41945395,0.41187695,0,1.9066449,1.9035056,1.4094104,0.3061486,15,0.1644183
sequential,mov,0.2,0.3,0.47333333333333333,2,rrg,226,0.15467957,0.12584274,0.17637515,16,0.10062032,0.09667056,0,2.0780642,1.907641,1.4677569,0.104995005,15,0.14087708
sequential,mov,0.2,0.3,0.4766666666666667,2,rrg,108,0.49098957,0.10902797,0.0842606,1,0.3333223,0.4713889,0,0.6929881,1.9899094,0.00012933653,0.49698547,1,0.12151034
sequential,mov,0.2,0.3,0.48,2,rrg,187,0.7960786,0.15688494,0.22398217,4,0.1183001,0.08538374,1,0.87412834,1.8628345,1.3078111,0.67777854,4,0.17058569
sequential,mov,0.2,0.3,0.48333333333333334,2,rrg,150,0.15652402,0.15205075,0.23467618,18,0.39757025,0.41210452,0,2.020389,1.8231643,1.43726,0.3210207,13,0.17120658
sequential,mov,0.2,0.3,0.4866666666666667,2,rrg,217,0.14967203,0.13437004,0.17210226,18,0.41055253,0.42278007,0,2.1110888,1.9413761,1.386363,0.34128627,9,0.1511168
sequential,mov,0.2,0.3,0.49,2,rrg,148,0.19873421,0.11716647,0.13483983,7,0.41698134,0.4132017,0,1.8634604,1.9197259,1.2856399,0.31592968,14,0.13998619
sequential,mov,0.2,0.3,0.49333333333333335,2,rrg,29,0.21930563,0.13090251,0.17811236,5,0.09395219,0.12510769,0,1.7546461,1.8843379,0.6938464,0.15965988,15,0.14556432
sequential,mov,0.2,0.3,0.49666666666666665,2,rrg,90,0.12291588,0.12749504,0.17717548,24,0.0,0.0,0,1.3788027,1.8930002,0.0,0.12291589,19,0.145337
sequential,mov,0.2,0.3,0.5,2,rrg,271,0.04155978,0.15102561,0.20838842,48,0.014595295,0.010762713,0,1.950947,1.8313683,1.2981709,0.026964484,52,0.16833977
sequential,mov,0.2,0.3,0.5033333333333333,2,rrg,206,0.04075374,0.17490844,0.25759047,44,0.06508861,0.047964104,0,2.2899132,1.7890506,1.396547,0.05150402,40,0.19162232
sequential,mov,0.2,0.3,0.5066666666666667,2,rrg,57,0.012750519,0.15083823,0.20411076,54,0.033175018,0.04691656,0,2.0307763,1.8342892,0.7390155,0.03742519,46,0.16792114
sequential,mov,0.2,0.3,0.51,2,rrg,21,0.121367626,0.12728612,0.17611647,22,0.081242464,0.08574112,0,2.1832337,1.8832604,1.492477,0.09242618,21,0.13485403
sequential,mov,0.2,0.3,0.5133333333333333,2,rrg,261,0.14226758,0.16832945,0.21357514,27,0.39634505,0.4337688,0,1.8195168,1.7944738,0.6780459,0.34892252,8,0.18304707
sequential,mov,0.2,0.3,0.5166666666666667,2,rrg,59,0.049522728,0.1913214,0.2825251,45,0.008301561,0.011740182,0,1.8712779,1.7389162,0.68497366,0.041221168,48,0.21928617
sequential,mov,0.2,0.3,0.52,2,rrg,128,0.2803203,0.1432496,0.15169504,7,0.33333334,0.4714045,1,1.5713189,1.8975412,0.0,0.42677343,2,0.14815691
sequential,mov,0.2,0.3,0.5233333333333333,2,rrg,218,0.032337952,0.16770802,0.23786071,48,0.04321758,0.030570982,0,2.1778932,1.8104026,1.5025975,0.032438263,52,0.1822794
sequential,mov,0.2,0.3,0.5266666666666666,2,rrg,165,0.002992218,0.14208463,0.18667701,59,1.3268516e-13,1.8764515e-13,0,1.7334057,1.8573154,7.7568486e-11,0.0029922177,60,0.16062684
sequential,mov,0.2,0.3,0.53,2,rrg,191,0.025297305,0.13551052,0.17697255,50,0.049935024,0.05692348,0,2.207687,1.88567,1.4687896,0.044888157,44,0.152871
sequential,mov,0.2,0.3,0.5333333333333333,2,rrg,7,0.1685284,0.20252341,0.2756336,20,0.121459,0.06015371,0,2.2158504,1.7707547,1.992485,0.061943386,40,0.20751946
sequential,mov,0.2,0.3,0.5366666666666666,2,rrg,266,1.0,0.17389873,0.23613816,1,0.05605036,0.07926718,1,4.861852e-07,1.769354,0.62025124,0.94394964,2,0.1802821
sequential,mov,0.2,0.3,0.54,2,rrg,228,0.032438062,0.12108923,0.13822682,48,4.0091484e-34,0.0,0,1.6868517,1.8962616,2.0140377e-31,0.032438062,48,0.13701425
sequential,mov,0.2,0.3,0.5433333333333333,2,rrg,32,0.0042363275,0.14877461,0.18671621,58,0.0040900125,0.003936177,0,1.7189626,1.8272117,1.197662,0.0035922297,59,0.15092991
sequential,mov,0.2,0.3,0.5466666666666666,2,rrg,185,0.14736454,0.12671693,0.14597149,19,3.0455827e-22,4.3008303e-22,0,1.7221432,1.8877612,2.4639828e-20,0.14736454,18,0.14532375
sequential,mov,0.2,0.3,0.55,2,rrg,230,0.12179174,0.17747556,0.23185904,27,0.045691803,0.06461797,1,1.8348541,1.8194909,0.55940485,0.08628905,29,0.181602
sequential,mov,0.2,0.3,0.5533333333333333,2,rrg,222,0.020478271,0.14600803,0.18365252,52,0.057532545,0.0813633,0,1.9830391,1.8363277,0.7097456,0.064358644,41,0.18091626
sequential,mov,0.2,0.3,0.5566666666666666,2,rrg,95,0.0047378563,0.16050251,0.21802658,57,0.00920714,0.008476576,0,1.9506308,1.7608278,1.335903,0.0076278537,57,0.18036288
sequential,mov,0.2,0.3,0.56,2,rrg,260,0.051708367,0.15161487,0.20986186,42,0.0058035073,0.008207399,0,1.8323374,1.8070502,0.70268935,0.04590486,46,0.18875746
sequential,mov,0.2,0.3,0.5633333333333334,2,rrg,123,0.21685435,0.17179412,0.2569811,9,0.4121095,0.4267507,1,1.3338349,1.7806696,0.43446943,0.3398247,14,0.1928371
sequential,mov,0.2,0.3,0.5666666666666667,2,rrg,142,0.02159172,0.114335336,0.14731836,49,0.0,0.0,0,2.0228772,1.8729885,0.0,0.021591717,52,0.13884024
sequential,mov,0.2,0.3,0.57,2,rrg,60,0.08595965,0.17466608,0.2334992,39,0.36178723,0.45129293,1,2.2734382,1.7847251,1.5123044,0.33353266,17,0.19879252
sequential,mov,0.2,0.3,0.5733333333333334,2,rrg,5,0.36107734,0.20903954,0.27775672,8,6.332655e-34,0.0,0,1.481966,1.7522076,2.435552e-31,0.36107734,10,0.22713314
sequential,mov,0.2,0.3,0.5766666666666667,2,rrg,243,0.12871948,0.19685782,0.27735108,26,0.13472426,0.086288,0,2.2573245,1.7076423,2.060245,0.074746765,35,0.2097919
sequential,mov,0.2,0.3,0.58,2,rrg,195,0.104779124,0.15835984,0.20539722,29,0.091834135,0.07715294,0,2.028134,1.8392622,1.2319757,0.06894424,41,0.1960807
sequential,mov,0.2,0.3,0.5833333333333334,2,rrg,116,0.07322598,0.1699264,0.2331808,43,0.10019442,0.07216773,1,2.1274188,1.7941003,1.1969037,0.075785756,37,0.19788238
sequential,mov,0.2,0.3,0.5866666666666667,2,rrg,225,0.019928314,0.16232751,0.23739406,50,0.021722237,0.025086587,0,2.1706023,1.7831517,1.2772619,0.022837609,52,0.1766026
sequential,mov,0.2,0.3,0.59,2,rrg,199,0.09692023,0.13300483,0.18036902,30,0.012314662,0.017415563,0,1.962669,1.8100395,0.7626231,0.08460557,29,0.16162379
sequential,mov,0.2,0.3,0.5933333333333334,2,rrg,190,0.0029034456,0.1435012,0.17548499,59,0.004379351,0.006193337,0,1.6650183,1.815677,0.5945951,0.005347166,60,0.18016124
sequential,mov,0.2,0.3,0.5966666666666667,2,rrg,28,0.16180634,0.17605267,0.23875004,21,0.392364,0.43570364,0,1.7783399,1.7374406,0.6781141,0.33842853,16,0.19910553
sequential,mov,0.2,0.3,0.6,2,rrg,153,0.0008851145,0.14198208,0.1850049,60,2.2741157e-26,0.0,0,1.6531118,1.8076179,2.418216e-22,0.0008851145,60,0.18826038
sequential,mov,0.2,0.3,0.6033333333333334,2,rrg,52,0.17923462,0.14703618,0.20888367,13,0.041057315,0.03144852,1,1.9306432,1.8601089,1.2853211,0.13817732,21,0.17280728
sequential,mov,0.2,0.3,0.6066666666666667,2,rrg,144,0.004594474,0.17530605,0.23833562,58,0.009270384,0.013110303,0,1.8599683,1.8007672,0.7758074,0.010801877,57,0.19507521
sequential,mov,0.2,0.3,0.61,2,rrg,254,0.053480368,0.19024096,0.25846267,45,0.041148134,0.05819223,1,2.255417,1.763319,0.78772455,0.058974907,44,0.21508266
sequential,mov,0.2,0.3,0.6133333333333333,2,rrg,71,0.010277168,0.18306899,0.26158336,52,0.0033778215,0.004776961,0,1.523465,1.7422223,0.6508803,0.006899346,55,0.20795028
sequential,mov,0.2,0.3,0.6166666666666667,2,rrg,75,0.19127762,0.18995318,0.22938575,18,0.40483835,0.429857,0,1.6070465,1.7384628,0.4913474,0.34107915,16,0.22509019
sequential,mov,0.2,0.3,0.62,2,rrg,252,0.09106848,0.15017456,0.21734129,29,0.33333334,0.4714045,1,1.8047551,1.8211067,0.0,0.3636895,9,0.17648672
sequential,mov,0.2,0.3,0.6233333333333333,2,rrg,2,0.07846376,0.18135385,0.2561664,40,0.17249058,0.2439385,0,2.1968951,1.7512525,0.50781655,0.19864516,20,0.20520186
sequential,mov,0.2,0.3,0.6266666666666667,2,rrg,135,0.13872916,0.14948924,0.19076383,21,0.38221213,0.43875054,0,1.7619368,1.8267827,1.2292217,0.33069757,15,0.17578268
sequential,mov,0.2,0.3,0.63,2,rrg,113,0.18385911,0.1166661,0.13871163,10,0.12925321,0.109633826,0,2.064357,1.8500447,1.2974063,0.11072576,24,0.16104089
sequential,mov,0.2,0.3,0.6333333333333333,2,rrg,280,0.25828382,0.19628651,0.28640908,8,0.33333334,0.4714045,1,1.0226494,1.7176534,2.982852e-37,0.41942796,8,0.22199433
sequential,mov,0.2,0.3,0.6366666666666667,2,rrg,221,0.012102401,0.16247872,0.20510775,54,0.04003874,0.056623332,0,2.0280607,1.7830417,0.7454977,0.04407287,43,0.17878678
sequential,mov,0.2,0.3,0.64,2,rrg,80,0.27236688,0.20498271,0.25092375,13,0.33333334,0.4714045,0,0.8821052,1.7032093,0.0,0.4241223,8,0.22725004
sequential,mov,0.2,0.3,0.6433333333333333,2,rrg,35,0.19786967,0.17642346,0.2227508,19,0.11925522,0.056964748,0,2.1730034,1.8013588,1.9742489,0.07861445,34,0.19229278
sequential,mov,0.2,0.3,0.6466666666666666,2,rrg,158,0.9999999,0.2357549,0.2993602,4,0.008600592,0.012163074,1,2.4332371e-06,1.6600059,0.72845024,0.9913993,3,0.25887707
sequential,mov,0.2,0.3,0.65,2,rrg,88,0.095043,0.18559575,0.24578369,30,0.0,0.0,0,1.5759212,1.7479056,0.0,0.095043,33,0.21587805
sequential,mov,0.2,0.3,0.6533333333333333,2,rrg,94,0.09744525,0.10708965,0.141953,22,0.34330657,0.46451303,1,1.9294336,1.8415296,0.7741789,0.35584185,6,0.14684218
sequential,mov,0.2,0.3,0.6566666666666666,2,rrg,14,0.01254307,0.18770568,0.256401,51,0.021912755,0.030989317,0,1.8167597,1.7250421,0.67269295,0.02609378,51,0.20680246
sequential,mov,0.2,0.3,0.66,2,rrg,291,0.015013707,0.25786263,0.31976536,55,0.016320094,0.020506762,0,1.9824916,1.5919238,1.2105237,0.01884544,55,0.27560812
sequential,mov,0.2,0.3,0.6633333333333333,2,rrg,115,0.004640372,0.23758581,0.3092291,58,0.0146271475,0.019947551,0,2.0312188,1.6749188,1.2840239,0.015473456,55,0.26870972
sequential,mov,0.2,0.3,0.6666666666666666,2,rrg,114,0.054151565,0.19588389,0.26793948,43,0.0,0.0,0,1.4897348,1.7111173,0.0,0.054151565,44,0.22244938
sequential,mov,0.2,0.3,0.67,2,rrg,30,0.9999972,0.2114201,0.27604547,4,0.0,0.0,1,4.313893e-05,1.7009634,0.0,0.9999972,2,0.23285463
sequential,mov,0.2,0.3,0.6733333333333333,2,rrg,196,0.4336893,0.21245016,0.27192152,8,0.33333334,0.4714045,0,1.5412713,1.6844621,2.3401714e-10,0.47789645,9,0.2283998
sequential,mov,0.2,0.3,0.6766666666666666,2,rrg,178,0.0010036944,0.22136232,0.28549787,59,0.021904206,0.030977223,0,1.5417037,1.6735349,0.7332619,0.02223877,54,0.24576958
sequential,mov,0.2,0.3,0.68,2,rrg,84,0.15236695,0.1832376,0.24230573,24,0.6666667,0.47140452,1,1.3396747,1.7772564,2.4461956e-08,0.6158777,5,0.19580153
sequential,mov,0.2,0.3,0.6833333333333333,2,rrg,119,9.486855e-05,0.2208667,0.26531014,60,4.4324852e-10,3.694902e-10,0,1.0741247,1.6687096,1.1121946e-06,9.4868104e-05,60,0.24332349
sequential,mov,0.2,0.3,0.6866666666666666,2,rrg,106,0.07837791,0.21075495,0.30160126,31,0.33333334,0.4714045,0,1.707195,1.708908,0.0,0.3594593,13,0.24515468
sequential,mov,0.2,0.3,0.69,2,rrg,212,0.015540384,0.18931499,0.26116607,53,0.063271396,0.08781682,0,2.2139022,1.7722396,1.2404603,0.066879176,43,0.22722171
sequential,mov,0.2,0.3,0.6933333333333334,2,rrg,54,0.99999946,0.19757508,0.26152197,4,0.6666278,0.47137702,1,9.436229e-06,1.7504485,0.0004333352,0.33337203,16,0.20166217
sequential,mov,0.2,0.3,0.6966666666666667,2,rrg,43,0.07286575,0.22386056,0.2864541,39,0.37823465,0.44308043,0,2.3663511,1.6637572,0.6938117,0.3539461,15,0.2533674
sequential,mov,0.2,0.3,0.7,2,rrg,238,0.1235286,0.20583573,0.2656716,31,0.059529155,0.05623666,0,2.1113324,1.6922145,1.500877,0.07162508,42,0.22807553
sequential,mov,0.2,0.3,0.7033333333333334,2,rrg,72,0.4241508,0.23599882,0.27308115,9,0.20813024,0.18732312,1,1.6304057,1.6689019,1.0894648,0.23600869,24,0.25101805
sequential,mov,0.2,0.3,0.7066666666666667,2,rrg,4,0.025801767,0.20187229,0.25594035,52,0.33333334,0.4714045,0,2.1853516,1.7235731,1.4901199e-25,0.34193394,17,0.23708609
sequential,mov,0.2,0.3,0.71,2,rrg,111,0.04494986,0.23658784,0.29439485,44,0.063183345,0.062529825,0,2.118753,1.6186213,1.2142695,0.0507036,46,0.26362246
sequential,mov,0.2,0.3,0.7133333333333334,2,rrg,3,0.21438734,0.21956103,0.2755189,19,0.33333334,0.4714045,1,1.3565365,1.6540457,0.0,0.40479577,11,0.23412605
sequential,mov,0.2,0.3,0.7166666666666667,2,rrg,65,0.10202584,0.17785783,0.22616544,32,0.0,0.0,1,1.456441,1.7579466,0.0,0.10202584,32,0.20993464
sequential,mov,0.2,0.3,0.72,2,rrg,160,0.20182537,0.18837498,0.2371592,17,0.33333334,0.4714045,0,1.3625302,1.774503,1.1036418e-09,0.40060845,8,0.22094563
sequential,mov,0.2,0.3,0.7233333333333334,2,rrg,288,0.012572584,0.20590971,0.27309373,55,2.4986352e-07,3.5336038e-07,0,2.0401978,1.7016367,7.345165e-05,0.012572333,56,0.22746035
sequential,mov,0.2,0.3,0.7266666666666667,2,rrg,177,0.17542158,0.18765782,0.23781452,20,0.39384958,0.43497413,0,1.7187841,1.7336527,0.71651936,0.3353757,16,0.21024892
sequential,mov,0.2,0.3,0.73,2,rrg,78,0.16938111,0.18880776,0.23204617,24,0.071504034,0.10112198,1,1.8138822,1.745891,0.6617801,0.1279644,29,0.21875946
sequential,mov,0.2,0.3,0.7333333333333333,2,rrg,33,0.23054826,0.22299933,0.28583336,17,4.5028247e-31,0.0,0,1.8494385,1.6584636,1.4327362e-28,0.23054826,19,0.22639897
sequential,mov,0.2,0.3,0.7366666666666667,2,rrg,62,0.11942077,0.19641204,0.25750488,26,0.33333334,0.4714045,1,1.4990567,1.6921631,0.0,0.37314025,10,0.22373243
sequential,mov,0.2,0.3,0.74,2,rrg,10,0.21374556,0.22138,0.28440276,21,0.084903896,0.12007224,1,2.1043632,1.677593,0.63359725,0.15615241,26,0.23474616
sequential,mov,0.2,0.3,0.7433333333333333,2,rrg,273,0.7462872,0.22415872,0.29355192,7,3.30402e-40,0.0,1,0.9130583,1.6455534,1.4477598e-37,0.74628717,6,0.23946667
sequential,mov,0.2,0.3,0.7466666666666667,2,rrg,235,0.042283304,0.21301015,0.28595454,44,0.07998647,0.10702833,0,2.1605566,1.6773801,1.2405376,0.08828402,36,0.22772844
sequential,mov,0.2,0.3,0.75,2,rrg,294,0.0075774565,0.19225201,0.26776624,54,0.0,0.0,0,2.1717699,1.6799415,0.0,0.0075774565,55,0.21737549
sequential,mov,0.2,0.3,0.7533333333333333,2,rrg,6,0.1861294,0.20033616,0.268584,20,0.17658114,0.11267914,0,2.1956592,1.7023052,2.044316,0.10277077,31,0.22734186
sequential,mov,0.2,0.3,0.7566666666666667,2,rrg,58,0.29824567,0.23141217,0.30157548,11,0.6666667,0.47140452,0,1.4321624,1.6134201,0.0,0.56725144,9,0.25663263
sequential,mov,0.2,0.3,0.76,2,rrg,213,0.13545947,0.20843373,0.28696853,24,0.6666662,0.47140417,1,1.3108999,1.6468291,7.770162e-06,0.62151307,7,0.23677017
sequential,mov,0.2,0.3,0.7633333333333333,2,rrg,253,0.34189606,0.19504736,0.2647611,9,0.061938453,0.0875942,1,1.705223,1.6875991,0.63809353,0.27995762,21,0.22136898
sequential,mov,0.2,0.3,0.7666666666666667,2,rrg,49,1.0,0.2228685,0.30331835,1,0.010826148,0.015310486,1,8.212008e-11,1.612121,0.7544265,0.9891739,4,0.25956514
sequential,mov,0.2,0.3,0.77,2,rrg,109,0.006369329,0.21050881,0.28805494,57,0.0,0.0,0,1.7868984,1.6512539,0.0,0.0063693286,59,0.23071168
sequential,mov,0.2,0.3,0.7733333333333333,2,rrg,298,0.07173388,0.19427113,0.27061507,36,1.1208652e-22,1.5881868e-22,0,1.902223,1.6799052,1.1328797e-19,0.07173388,38,0.21233164
sequential,mov,0.2,0.3,0.7766666666666666,2,rrg,209,0.07678883,0.19948642,0.26921818,36,0.053908844,0.076238625,0,1.7720468,1.6591746,0.6261663,0.07950512,35,0.22638522
sequential,mov,0.2,0.3,0.78,2,rrg,159,0.025688592,0.21183036,0.28603935,52,0.011012034,0.0155733675,0,1.9482985,1.6268785,0.7066745,0.019574897,53,0.24534822
sequential,mov,0.2,0.3,0.7833333333333333,2,rrg,98,0.12234922,0.22113985,0.28591773,28,0.10121218,0.041189637,0,2.1919398,1.6139715,2.1248586,0.04572996,47,0.24025026
sequential,mov,0.2,0.3,0.7866666666666666,2,rrg,48,0.053817287,0.20978,0.2740977,40,0.0,0.0,0,1.5064974,1.6164435,0.0,0.053817287,44,0.24056695
sequential,mov,0.2,0.3,0.79,2,rrg,99,0.013901956,0.23376371,0.28931355,53,0.03421219,0.04837658,0,1.9513133,1.5813351,0.7422095,0.0388398,46,0.255122
sequential,mov,0.2,0.3,0.7933333333333333,2,rrg,85,1.0,0.22913343,0.29111436,1,0.0,0.0,1,4.896538e-12,1.5938379,0.0,1.0,1,0.2547082
sequential,mov,0.2,0.3,0.7966666666666666,2,rrg,219,0.034231123,0.21801105,0.27285266,46,0.33541644,0.4699385,0,2.1314645,1.6137413,0.64523065,0.34266058,21,0.2452102
sequential,mov,0.2,0.3,0.8,2,rrg,256,0.03247841,0.2188987,0.27237657,47,0.33509055,0.47016692,0,2.2632794,1.6018668,0.67401344,0.34240225,21,0.2406883
sequential,mov,0.2,0.3,0.8033333333333333,2,rrg,129,0.101141736,0.22218554,0.273492,33,0.024517253,0.034672633,1,2.1435606,1.587923,0.702635,0.07662448,39,0.23899207
sequential,mov,0.2,0.3,0.8066666666666666,2,rrg,133,0.01701891,0.22365275,0.26944783,51,0.0,0.0,0,1.9104196,1.5808204,0.0,0.01701891,51,0.24348229
sequential,mov,0.2,0.3,0.81,2,rrg,263,0.0990911,0.22740826,0.268608,34,0.024870282,0.03517189,0,2.08898,1.5765185,0.53214556,0.074220814,40,0.24628887
sequential,mov,0.2,0.3,0.8133333333333334,2,rrg,8,0.29335088,0.2300149,0.27066186,15,0.33333334,0.4714045,0,1.9688777,1.5658294,4.1479233e-09,0.43111697,11,0.24959804
sequential,mov,0.2,0.3,0.8166666666666667,2,rrg,264,0.040126476,0.2300785,0.27379072,42,0.023389833,0.03307822,0,1.840295,1.5551999,0.7420781,0.036765326,42,0.24707761
sequential,mov,0.2,0.3,0.82,2,rrg,9,0.05466149,0.23694608,0.2772216,39,0.08526111,0.092249766,0,2.1199844,1.5304502,1.2831768,0.07523098,39,0.25395158
sequential,mov,0.2,0.3,0.8233333333333334,2,rrg,265,0.21877965,0.24482247,0.279327,20,0.08153593,0.05929964,0,1.9080616,1.493263,1.149308,0.13724373,30,0.26178068
sequential,mov,0.2,0.3,0.8266666666666667,2,rrg,138,0.20703577,0.25775984,0.28339615,22,0.40872285,0.42817017,1,1.3766398,1.4724189,0.60682565,0.33971092,24,0.27688193
sequential,mov,0.2,0.3,0.83,2,rrg,140,0.13396092,0.26108664,0.2886796,28,0.49878362,0.40825194,0,1.7259121,1.4668235,0.23104042,0.45413002,12,0.2831582
sequential,mov,0.2,0.3,0.8333333333333334,2,rrg,269,0.011556415,0.26515046,0.2931586,45,0.0,0.0,0,2.1225975,1.4583005,0.0,0.011556414,45,0.28116584
sequential,mov,0.2,0.3,0.8366666666666667,2,rrg,19,0.27792358,0.27051455,0.2941885,18,0.087260544,0.0964578,1,1.962683,1.4449787,1.2951266,0.19066305,27,0.28554544
sequential,mov,0.2,0.3,0.84,2,rrg,149,0.13519326,0.2694346,0.2970328,26,0.44244096,0.41628447,0,1.8981546,1.4318126,0.21075612,0.3973765,14,0.2963128
sequential,mov,0.2,0.3,0.8433333333333334,2,rrg,278,0.6332818,0.27163255,0.29933634,9,7.340488e-08,1.0381017e-07,1,1.0870936,1.4210941,5.4172797e-06,0.63328177,6,0.29506603
sequential,mov,0.2,0.3,0.8466666666666667,2,rrg,279,0.012781318,0.259486,0.2966041,41,0.0,0.0,0,1.8670979,1.4294388,0.0,0.012781318,41,0.28377724
sequential,mov,0.2,0.3,0.85,2,rrg,152,0.1494905,0.26223508,0.2981869,22,0.33333334,0.4714045,0,1.6151917,1.4185505,4.0887605e-07,0.38316354,16,0.28704193
sequential,mov,0.2,0.3,0.8533333333333334,2,rrg,282,0.10945054,0.26410195,0.3013885,24,0.33333334,0.4714045,0,1.6153569,1.4137712,2.824377e-28,0.36981687,17,0.28417808
sequential,mov,0.2,0.3,0.8566666666666667,2,rrg,27,0.13386509,0.26687446,0.30412677,22,0.33333334,0.4714045,0,1.68483,1.4106557,1.804887e-36,0.37795505,16,0.28192398
sequential,mov,0.2,0.3,0.86,2,rrg,283,0.029694477,0.2696074,0.30700427,34,0.0,0.0,0,1.7616792,1.4043058,0.0,0.029694477,34,0.2794169
sequential,mov,0.2,0.3,0.8633333333333333,2,rrg,284,0.3613111,0.27532396,0.30836475,12,5.991187e-16,8.4728176e-16,1,0.9286025,1.3953878,3.0565567e-13,0.3613111,17,0.28525406
sequential,mov,0.2,0.3,0.8666666666666667,2,rrg,161,0.040881436,0.27271825,0.31216967,31,0.05617057,0.07943719,0,1.8309727,1.4058737,0.59424436,0.06979772,29,0.28320342
sequential,mov,0.2,0.3,0.87,2,rrg,289,0.04845099,0.2772157,0.31460106,29,0.33333334,0.4714045,0,2.1513872,1.3933257,8.591834e-10,0.34948364,18,0.2876864
sequential,mov,0.2,0.3,0.8733333333333333,2,rrg,34,0.0014772656,0.28188497,0.3170461,38,0.0,0.0,0,1.5707341,1.3720552,0.0,0.0014772656,38,0.2849844
sequential,mov,0.2,0.3,0.8766666666666667,2,rrg,292,0.031505328,0.28883916,0.31803992,30,0.0,0.0,0,1.9889472,1.366188,0.0,0.031505328,30,0.29216337
sequential,mov,0.2,0.3,0.88,2,rrg,293,0.32987022,0.29580483,0.31949255,12,0.5405315,0.33268583,0,1.3637034,1.3485372,0.8627513,0.28182438,18,0.29909667
sequential,mov,0.2,0.3,0.8833333333333333,2,rrg,39,0.027479425,0.29541513,0.32385984,29,0.0,0.0,1,2.103854,1.3457991,0.0,0.027479425,29,0.30254042
sequential,mov,0.2,0.3,0.8866666666666667,2,rrg,295,0.09805985,0.30295998,0.32539514,22,1.8942192e-20,2.6788306e-20,0,1.2746143,1.3207383,3.736094e-18,0.098059855,21,0.31090197
sequential,mov,0.2,0.3,0.89,2,rrg,296,0.043052837,0.30900794,0.32836688,27,0.034344573,0.048570562,0,1.9038122,1.321685,0.59420544,0.04869552,27,0.31734228
sequential,mov,0.2,0.3,0.8933333333333333,2,rrg,169,0.1783786,0.31647763,0.3305908,16,0.33333334,0.4714045,1,1.5353807,1.2993832,0.0,0.39279285,14,0.32534513
sequential,mov,0.2,0.3,0.8966666666666666,2,rrg,297,0.21052162,0.32033232,0.3353816,14,0.13355082,0.18886939,1,1.7885902,1.288161,0.28807417,0.2037247,18,0.32263196
sequential,mov,0.2,0.3,0.9,2,rrg,171,0.020218745,0.3209186,0.34019712,25,0.0,0.0,0,2.110044,1.275824,0.0,0.020218745,25,0.32859004
sequential,mov,0.2,0.3,0.9033333333333333,2,rrg,172,0.28994077,0.32954937,0.3415984,11,0.33333334,0.4714045,1,0.6021069,1.2486619,2.0755647e-17,0.42998028,12,0.3398144
sequential,mov,0.2,0.3,0.9066666666666666,2,rrg,175,0.9999984,0.33068052,0.34765273,4,0.33333334,0.4714045,1,2.5946756e-05,1.2722194,0.0,0.6666661,4,0.336539
sequential,mov,0.2,0.3,0.91,2,rrg,181,0.28828886,0.3058708,0.3288462,10,0.57250494,0.42092827,0,1.517438,1.3194044,0.3413397,0.4764087,7,0.3242775
sequential,mov,0.2,0.3,0.9133333333333333,2,rrg,55,0.17810023,0.30815282,0.33766785,12,0.6865177,0.4433308,1,1.526913,1.3061807,0.52173686,0.58744884,5,0.32378632
sequential,mov,0.2,0.3,0.9166666666666666,2,rrg,183,0.055401962,0.3134826,0.34484878,20,1.1826681e-09,1.6725451e-09,0,1.5071799,1.3008152,3.7710174e-07,0.055401962,20,0.32401547
sequential,mov,0.2,0.3,0.92,2,rrg,56,1.0,0.32397327,0.3482132,1,0.0,0.0,1,9.267216e-11,1.2919606,0.0,1.0,1,0.3366332
sequential,mov,0.2,0.3,0.9233333333333333,2,rrg,188,0.00190393,0.29453444,0.3252936,22,0.0,0.0,0,1.8571441,1.34811,0.0,0.0019039301,22,0.3078935
sequential,mov,0.2,0.3,0.9266666666666666,2,rrg,189,0.6657373,0.30774692,0.32649615,6,0.22191285,0.31383216,1,0.63717204,1.3253016,0.21238627,0.44382524,6,0.3218664
sequential,mov,0.2,0.3,0.93,2,rrg,64,0.6313268,0.2890298,0.3226779,5,0.29812983,0.42161927,0,0.6582475,1.3592982,0.1124144,0.5085721,5,0.3191319
sequential,mov,0.2,0.3,0.9333333333333333,2,rrg,192,0.3045622,0.27189928,0.32122016,6,0.33333334,0.4714045,1,1.8575217,1.3944632,0.0,0.43485406,5,0.3096519
sequential,mov,0.2,0.3,0.9366666666666666,2,rrg,203,0.0017733542,0.26237527,0.31802395,19,0.0,0.0,0,1.8618052,1.3875828,0.0,0.0017733542,19,0.29525748
sequential,mov,0.2,0.3,0.94,2,rrg,96,1.0,0.26614204,0.31042024,1,0.33333334,0.4714045,1,3.0567875e-35,1.3768973,0.0,0.6666667,2,0.3008511
sequential,mov,0.2,0.3,0.9433333333333334,2,rrg,248,0.26862288,0.22114873,0.26004064,5,0.33333334,0.4714045,0,1.0639739,1.4597315,7.2020265e-11,0.4228743,4,0.2775073
sequential,mov,0.2,0.3,0.9466666666666667,2,rrg,100,0.017389283,0.21573576,0.26586688,14,0.0,0.0,0,2.1497245,1.4865832,4.93e-42,0.017389283,14,0.265976
sequential,mov,0.2,0.3,0.95,2,rrg,229,0.39627376,0.22841735,0.26909855,3,6.7323764e-12,9.521018e-12,1,1.3792912,1.4427923,3.9740958e-10,0.39627376,3,0.28200695
sequential,mov,0.2,0.3,0.9533333333333334,2,rrg,107,0.08249088,0.21642768,0.27464563,11,0.33333334,0.4714045,1,1.8458312,1.447328,0.0,0.3608303,5,0.2738451
sequential,mov,0.2,0.3,0.9566666666666667,2,rrg,236,0.085437074,0.22673036,0.28239396,10,0.035139643,0.04969496,0,1.7749468,1.416675,0.7114668,0.06361867,11,0.2671538
sequential,mov,0.2,0.3,0.96,2,rrg,205,0.1842895,0.23726495,0.29143918,4,0.33333334,0.4714045,0,1.5107853,1.380742,1.7877106e-32,0.39476314,3,0.28503922
sequential,mov,0.2,0.3,0.9633333333333334,2,rrg,92,0.670904,0.24103679,0.30447882,2,0.12814361,0.18122242,1,0.8564997,1.362146,0.5712316,0.5427604,2,0.27422097
sequential,mov,0.2,0.3,0.9666666666666667,2,rrg,241,0.11273251,0.17061777,0.27967182,3,0.32197276,0.45533824,1,1.8620378,1.4255031,0.05724886,0.35955027,3,0.24790832
sequential,mov,0.2,0.3,0.97,2,rrg,211,0.09366837,0.17699713,0.2941152,5,0.0,0.0,0,1.3832015,1.3765467,0.0,0.09366837,6,0.235455
sequential,mov,0.2,0.3,0.9733333333333334,2,rrg,245,0.097363494,0.18739548,0.31039575,4,1.4343851e-30,0.0,1,1.7268871,1.3755941,1.6581962e-27,0.097363494,5,0.25316113
sequential,mov,0.2,0.3,0.9766666666666667,2,rrg,247,0.005270423,0.20024838,0.32983166,6,0.0,0.0,0,1.5859547,1.3253642,0.0,0.005270423,6,0.27540916
sequential,mov,0.2,0.3,0.98,2,rrg,216,0.0038173234,0.23274457,0.34572878,6,0.0,0.0,0,1.5154612,1.281931,0.0,0.0038173234,6,0.32043216
sequential,mov,0.2,0.3,0.9833333333333333,2,rrg,249,0.14393559,0.27852944,0.36173946,2,0.33333334,0.4714045,0,0.9920825,1.2352333,0.0,0.38131186,2,0.38375455
sequential,mov,0.2,0.3,0.9866666666666667,2,rrg,122,0.10597843,0.31217775,0.39737645,2,0.0,0.0,1,1.4962924,1.2960228,0.0,0.10597843,3,0.38436505
sequential,mov,0.2,0.3,0.99,2,rrg,251,0.06687616,0.38091183,0.4377765,3,0.33333334,0.4714045,0,1.7261807,1.2292515,1.8032764e-19,0.3556254,2,0.47716156
sequential,mov,0.2,0.3,0.9933333333333333,2,rrg,220,0.9999983,0.537929,0.46206927,1,0.0,0.0,1,2.856002e-05,0.9807976,0.0,0.9999983,1,0.537929
sequential,mov,0.2,0.3,0.9966666666666667,2,rrg,255,0.07585975,0.07585975,0.0,1,1.4029346e-13,1.984049e-13,0,1.9615666,1.9615666,2.8384343e-11,0.07585975,1,0.07585975
sequential,mov,0.2,0.3,0.0,3,rrg,22,0.1997723,0.19977227,2.9802322e-08,1,0.1997723,0.0,0,2.2179234,2.2179234,2.2179234,0.0,1,0.0
sequential,mov,0.2,0.3,0.0033333333333333335,3,rrg,24,0.19999911,0.19707553,0.017293764,28,0.1999995,5.339525e-07,0,2.193874,2.1983476,2.1938744,3.774961e-07,38,0.0033287324
sequential,mov,0.2,0.3,0.006666666666666667,3,rrg,14,0.20000188,0.19551161,0.018664323,34,0.2000087,1.19416145e-05,0,2.1929667,2.20385,2.1929932,8.9854e-06,53,0.0064039514
sequential,mov,0.2,0.3,0.01,3,rrg,8,0.20003091,0.19187102,0.029246714,41,0.20016237,0.00018547423,0,2.1928992,2.2039258,2.1934621,0.00013147791,53,0.008122616
sequential,mov,0.2,0.3,0.013333333333333334,3,rrg,60,0.20006163,0.18486816,0.03944509,26,0.20031422,0.0001773775,0,2.1928825,2.213929,2.1939335,0.0002525846,47,0.014503375
sequential,mov,0.2,0.3,0.016666666666666666,3,rrg,68,0.19668698,0.19436619,0.020229356,51,0.18722366,0.02071354,0,2.231225,2.213484,2.2338607,0.016373202,13,0.011308744
sequential,mov,0.2,0.3,0.02,3,rrg,20,0.20203824,0.18398602,0.035097454,10,0.19986202,0.002062749,0,2.204306,2.2191749,2.2105625,0.0021762252,35,0.02116428
sequential,mov,0.2,0.3,0.023333333333333334,3,rrg,70,0.20074493,0.18396066,0.04010222,25,0.20179844,0.00173473,0,2.193281,2.2223122,2.196603,0.0012829304,51,0.018884351
sequential,mov,0.2,0.3,0.02666666666666667,3,rrg,5,0.20000464,0.18635847,0.037613083,37,0.20020227,0.00012114114,0,2.1917706,2.2212884,2.192313,0.0001976341,59,0.018638814
sequential,mov,0.2,0.3,0.03,3,rrg,7,0.20633169,0.18525623,0.03647476,10,0.18164825,0.034618396,0,2.1936917,2.2278023,2.176456,0.024701277,21,0.02305011
sequential,mov,0.2,0.3,0.03333333333333333,3,rrg,77,0.20352308,0.1811711,0.045835365,16,0.19125147,0.022138631,0,2.230556,2.2352874,2.2443798,0.016674185,25,0.023341862
sequential,mov,0.2,0.3,0.03666666666666667,3,rrg,15,0.2010345,0.18811174,0.032533724,27,0.19129968,0.021553548,0,2.240135,2.2257605,2.2521298,0.016827703,24,0.0240118
sequential,mov,0.2,0.3,0.04,3,rrg,29,0.23011689,0.17737211,0.047316033,1,0.19422562,0.033626024,0,2.1705165,2.237312,2.1662147,0.03589127,22,0.027338903
sequential,mov,0.2,0.3,0.043333333333333335,3,rrg,37,0.20596975,0.18533163,0.039099146,15,0.20506258,0.003952258,0,2.1952558,2.2359865,2.2054014,0.0038848121,50,0.027465904
sequential,mov,0.2,0.3,0.04666666666666667,3,rrg,2,0.21023765,0.17972949,0.04226207,10,0.20138288,0.008732106,0,2.2054453,2.246052,2.2188923,0.008854777,45,0.030713344
sequential,mov,0.2,0.3,0.05,3,rrg,123,0.20591256,0.18317308,0.045312732,18,0.19120961,0.019407824,0,2.2338707,2.2386515,2.251992,0.015361358,35,0.029646209
sequential,mov,0.2,0.3,0.05333333333333334,3,rrg,53,0.20644481,0.17738256,0.047044884,14,0.19483842,0.017706962,0,2.235991,2.2459488,2.2508013,0.020190954,35,0.035649084
sequential,mov,0.2,0.3,0.056666666666666664,3,rrg,72,0.16484806,0.17104073,0.051675484,43,0.15302783,0.07011291,0,2.3336585,2.2484946,2.2652407,0.061611205,14,0.03750645
sequential,mov,0.2,0.3,0.06,3,rrg,3,0.20206152,0.18062168,0.043948095,22,0.20173293,0.001912673,0,2.2077737,2.2382255,2.2191906,0.0017846475,58,0.033388257
sequential,mov,0.2,0.3,0.06333333333333334,3,rrg,134,0.20761015,0.1835929,0.045360032,19,0.19465566,0.01033265,0,2.2264266,2.234864,2.2428646,0.012954503,46,0.03549637
sequential,mov,0.2,0.3,0.06666666666666667,3,rrg,34,0.21462831,0.17436808,0.055063922,11,0.20472296,0.0053786873,0,2.192188,2.2417943,2.2076623,0.009905343,50,0.03667664
sequential,mov,0.2,0.3,0.07,3,rrg,94,0.19151378,0.18212189,0.05242866,37,0.18029433,0.027680643,0,2.2640188,2.2355218,2.2713394,0.022346353,42,0.039439384
sequential,mov,0.2,0.3,0.07333333333333333,3,rrg,57,0.23749565,0.17456207,0.05634747,3,0.2216069,0.033301543,0,2.139063,2.2412784,2.155886,0.035920408,33,0.042241182
sequential,mov,0.2,0.3,0.07666666666666666,3,rrg,41,0.20356531,0.16524936,0.06228496,25,0.18956552,0.017901745,0,2.2440147,2.2300565,2.2646499,0.018759847,46,0.043065164
sequential,mov,0.2,0.3,0.08,3,rrg,42,0.22699717,0.15522537,0.0631869,3,0.20988975,0.032794397,0,2.2053802,2.2409408,2.2349145,0.029194156,37,0.048422053
sequential,mov,0.2,0.3,0.08333333333333333,3,rrg,54,0.22098285,0.1784265,0.051951535,9,0.19302769,0.030307107,0,2.2463534,2.227244,2.27261,0.037853062,29,0.042461514
sequential,mov,0.2,0.3,0.08666666666666667,3,rrg,85,0.20600013,0.17328304,0.057928074,24,0.21475942,0.00043790197,0,2.175765,2.2375412,2.182929,0.00875929,57,0.046917353
sequential,mov,0.2,0.3,0.09,3,rrg,89,0.23766886,0.17855054,0.057408553,5,0.20004864,0.030509032,0,2.16771,2.2120078,2.1698153,0.037620217,35,0.04898778
sequential,mov,0.2,0.3,0.09333333333333334,3,rrg,202,0.20307988,0.17356117,0.054220363,22,0.19969474,0.008537312,0,2.2185714,2.245388,2.23353,0.006903698,57,0.048908316
sequential,mov,0.2,0.3,0.09666666666666666,3,rrg,30,0.23773201,0.17019266,0.060471877,6,0.20026262,0.045537878,0,2.1725912,2.2321656,2.180768,0.03827184,41,0.054314632
sequential,mov,0.2,0.3,0.1,3,rrg,176,0.118082196,0.1748776,0.057575665,49,0.11343628,0.08559543,0,2.2257116,2.2409005,1.4863929,0.07407556,15,0.055470604
sequential,mov,0.2,0.3,0.10333333333333333,3,rrg,50,0.21180664,0.16794994,0.06030971,18,0.1984309,0.025567338,0,2.2122517,2.2380273,2.238421,0.021815494,52,0.05964442
sequential,mov,0.2,0.3,0.10666666666666667,3,rrg,168,0.20878452,0.1660756,0.06057229,20,0.19655025,0.024182986,0,2.2243772,2.2448092,2.2398503,0.018538475,53,0.059285596
sequential,mov,0.2,0.3,0.11,3,rrg,121,0.22746539,0.1779246,0.05639416,10,0.20216362,0.035184994,0,2.1465862,2.2249153,2.1390479,0.032238126,38,0.048622727
sequential,mov,0.2,0.3,0.11333333333333333,3,rrg,132,0.26857474,0.16490553,0.06290435,2,0.16166885,0.08403709,0,2.1815765,2.2382104,2.1511114,0.11456587,2,0.05976081
sequential,mov,0.2,0.3,0.11666666666666667,3,rrg,96,0.24637975,0.17218117,0.060434368,2,0.20777778,0.017240876,0,2.1346881,2.2428176,2.144468,0.03860196,42,0.055307403
sequential,mov,0.2,0.3,0.12,3,rrg,194,0.275497,0.1600845,0.0627543,1,0.19837408,0.07450105,0,2.0968828,2.2269292,2.083954,0.07712292,16,0.061673477
sequential,mov,0.2,0.3,0.12333333333333334,3,rrg,165,0.32459834,0.17551297,0.069349036,1,0.16676229,0.008926741,0,2.0811648,2.1995842,2.1645994,0.15783606,1,0.059671707
sequential,mov,0.2,0.3,0.12666666666666668,3,rrg,109,0.099282466,0.16095456,0.07193311,48,0.11182039,0.1281018,0,2.2957768,2.1925364,1.4594269,0.11538702,3,0.06447985
sequential,mov,0.2,0.3,0.13,3,rrg,199,0.36039457,0.17268723,0.077251084,1,0.17442101,0.12387874,0,1.7736276,2.188451,1.3677913,0.18597357,1,0.056646187
sequential,mov,0.2,0.3,0.13333333333333333,3,rrg,146,0.2748343,0.15948626,0.07537213,3,0.2228509,0.057261236,0,2.1172593,2.1978805,2.1511366,0.06116958,35,0.06672399
sequential,mov,0.2,0.3,0.13666666666666666,3,rrg,49,0.20589305,0.1713583,0.067584835,22,0.17787673,0.056165006,0,2.2512562,2.2239382,2.231868,0.04335692,44,0.06414284
sequential,mov,0.2,0.3,0.14,3,rrg,13,0.25826415,0.16263574,0.06995168,5,0.25134003,0.04622532,0,2.0617146,2.2193694,2.0747423,0.038244504,50,0.06306283
sequential,mov,0.2,0.3,0.14333333333333334,3,rrg,252,0.24243264,0.16490819,0.07437109,4,0.20625407,0.040483244,0,2.120915,2.1935875,2.1191502,0.048769534,43,0.06518495
sequential,mov,0.2,0.3,0.14666666666666667,3,rrg,178,0.36559883,0.1662578,0.069390565,1,0.25927126,0.06985168,1,1.8737212,2.2225149,2.0124245,0.10632756,8,0.06743432
sequential,mov,0.2,0.3,0.15,3,rrg,0,0.20982437,0.14213304,0.070672855,14,0.09339884,0.13205057,0,1.6706481,2.1809616,0.6812878,0.163307,2,0.06744115
sequential,mov,0.2,0.3,0.15333333333333332,3,rrg,205,0.28360787,0.16878834,0.06570348,1,0.20078512,0.055456433,0,2.0575702,2.1766396,2.0744,0.08282275,19,0.06912089
sequential,mov,0.2,0.3,0.15666666666666668,3,rrg,254,0.23643194,0.16623794,0.07244634,10,0.18409698,0.01522997,0,2.1750379,2.187725,2.164271,0.052334964,42,0.07145443
sequential,mov,0.2,0.3,0.16,3,rrg,99,0.24243665,0.16532351,0.076544315,11,0.20442446,0.07949082,0,2.2021835,2.1991858,2.2014134,0.077135466,17,0.06869157
sequential,mov,0.2,0.3,0.16333333333333333,3,rrg,244,0.26836342,0.1695601,0.080530204,3,0.24527931,0.023377765,0,2.135457,2.171646,2.1867168,0.023084113,53,0.06494069
sequential,mov,0.2,0.3,0.16666666666666666,3,rrg,272,0.2656865,0.15106776,0.071083084,4,0.24322508,0.11068055,0,2.050961,2.1934478,2.0287771,0.10801277,9,0.07536717
sequential,mov,0.2,0.3,0.17,3,rrg,47,0.50312173,0.16640835,0.09773387,2,0.16965131,0.11783163,0,1.4860117,2.159954,1.2965697,0.33347043,1,0.07458816
sequential,mov,0.2,0.3,0.17333333333333334,3,rrg,69,0.502921,0.1645676,0.088288404,1,0.07032117,0.09944916,0,1.3971686,2.1936195,0.65867656,0.4325998,1,0.07742583
sequential,mov,0.2,0.3,0.17666666666666667,3,rrg,126,0.52478796,0.1627344,0.08969956,1,0.021571724,0.030452657,1,1.287593,2.1464853,0.66522473,0.50321627,1,0.084125705
sequential,mov,0.2,0.3,0.18,3,rrg,97,0.51852226,0.18439317,0.115393594,2,0.104320385,0.085361816,1,1.5467439,2.1214938,1.3533264,0.4142019,2,0.09657206
sequential,mov,0.2,0.3,0.18333333333333332,3,rrg,160,0.20070606,0.14750169,0.06386146,18,0.13212909,0.09938387,0,2.0264318,2.2256427,1.4762148,0.09456793,19,0.07268182
sequential,mov,0.2,0.3,0.18666666666666668,3,rrg,274,0.30191073,0.16133533,0.07246185,1,0.20970614,0.03582464,0,2.0092359,2.2100306,2.049228,0.09220458,13,0.066537336
sequential,mov,0.2,0.3,0.19,3,rrg,151,0.23756103,0.16448498,0.08250162,7,0.2110189,0.043070905,0,2.11402,2.1803045,2.1066792,0.03721891,52,0.08270348
sequential,mov,0.2,0.3,0.19333333333333333,3,rrg,4,0.27542144,0.16200815,0.08567893,5,0.41540274,0.42541748,0,1.267612,2.1700983,0.65005326,0.3430711,1,0.081423424
sequential,mov,0.2,0.3,0.19666666666666666,3,rrg,120,0.29457992,0.15651599,0.07322427,2,0.20170657,0.07271461,0,2.0579555,2.1897936,2.0849535,0.092873335,18,0.08725813
sequential,mov,0.2,0.3,0.2,3,rrg,189,0.57673216,0.15928262,0.09034481,1,0.13571179,0.09513441,1,1.4439589,2.1883283,1.3585348,0.44102037,1,0.081982866
sequential,mov,0.2,0.3,0.20333333333333334,3,rrg,25,0.31766632,0.14412694,0.07565055,2,0.09699907,0.08125635,0,1.8521914,2.1609378,1.4353338,0.22066724,2,0.079858646
sequential,mov,0.2,0.3,0.20666666666666667,3,rrg,255,0.2140446,0.15204105,0.08516304,13,0.19471037,0.021763798,0,2.1768718,2.1690915,2.173118,0.019334232,56,0.08308449
sequential,mov,0.2,0.3,0.21,3,rrg,175,0.40356866,0.16776037,0.108986706,3,0.19433296,0.060216997,1,1.8556484,2.1413093,2.080447,0.20923567,5,0.09227527
sequential,mov,0.2,0.3,0.21333333333333335,3,rrg,35,0.063776,0.15287168,0.07200256,53,0.09993872,0.07474178,0,2.233201,2.1907802,1.5174704,0.07868006,21,0.07546899
sequential,mov,0.2,0.3,0.21666666666666667,3,rrg,273,0.32759598,0.16192235,0.086594716,3,0.09163266,0.06479933,0,1.7774628,2.1822062,1.3650475,0.23596333,2,0.07907777
sequential,mov,0.2,0.3,0.22,3,rrg,158,0.21984673,0.15475512,0.069564216,13,0.0,0.0,0,0.9763278,2.1867912,0.0,0.21984673,2,0.072876245
sequential,mov,0.2,0.3,0.22333333333333333,3,rrg,191,0.24903744,0.14853813,0.06103171,3,0.2287153,0.065328754,0,2.1976082,2.2026854,2.2223346,0.054716736,42,0.08153512
sequential,mov,0.2,0.3,0.22666666666666666,3,rrg,250,0.38912338,0.1602213,0.093119614,2,0.15398702,0.12757322,0,1.7958698,2.092256,1.3892126,0.23513635,4,0.096214905
sequential,mov,0.2,0.3,0.23,3,rrg,177,0.5385078,0.16923417,0.087433375,1,0.18924697,0.13663127,1,1.2706876,2.1570723,1.3370781,0.34926084,2,0.0942503
sequential,mov,0.2,0.3,0.23333333333333334,3,rrg,217,0.27662778,0.14815408,0.07900048,4,0.21139014,0.03272725,0,2.207252,2.1586733,2.306776,0.06523765,40,0.08499605
sequential,mov,0.2,0.3,0.23666666666666666,3,rrg,268,0.28776896,0.14348985,0.095174015,3,0.20340903,0.059941396,0,2.100792,2.145218,2.1255586,0.08435994,21,0.097428516
sequential,mov,0.2,0.3,0.24,3,rrg,133,0.17972758,0.17050247,0.11469262,28,0.253212,0.20686144,0,2.1493907,2.1310697,1.9707829,0.16962856,9,0.107811995
sequential,mov,0.2,0.3,0.24333333333333335,3,rrg,91,0.21322928,0.16069147,0.10857736,14,0.18070595,0.12843493,0,2.0252407,2.0961022,1.4411665,0.10962951,11,0.098370515
sequential,mov,0.2,0.3,0.24666666666666667,3,rrg,150,0.271555,0.15602073,0.077465124,4,0.11075481,0.07889513,0,2.0452693,2.160508,1.534461,0.1608002,9,0.0874041
sequential,mov,0.2,0.3,0.25,3,rrg,88,0.21117295,0.14352709,0.07380219,12,0.4048741,0.20277683,0,1.8942063,2.1515267,1.6972361,0.1937011,5,0.0858014
sequential,mov,0.2,0.3,0.25333333333333335,3,rrg,211,0.20736887,0.15913607,0.10722638,16,0.2004332,0.1046756,0,2.2452667,2.1315498,2.186639,0.09280181,17,0.09835422
sequential,mov,0.2,0.3,0.25666666666666665,3,rrg,23,0.6817661,0.15433581,0.11721895,1,0.12403691,0.08947472,1,1.1906714,2.0976515,1.2721473,0.5577292,1,0.10488078
sequential,mov,0.2,0.3,0.26,3,rrg,263,0.27020594,0.1482589,0.124971546,3,0.03586335,0.031162726,0,1.8597326,2.097865,1.4278942,0.23434259,8,0.111001864
sequential,mov,0.2,0.3,0.2633333333333333,3,rrg,223,0.23086262,0.17094322,0.14194855,7,0.056178883,0.07944894,0,1.7873985,2.0992868,0.746573,0.17468373,9,0.11770335
sequential,mov,0.2,0.3,0.26666666666666666,3,rrg,218,0.4836888,0.15935127,0.08516965,1,0.08382213,0.1185424,0,1.6349134,2.1531565,0.68720883,0.39986667,1,0.10256885
sequential,mov,0.2,0.3,0.27,3,rrg,144,0.22616106,0.14288415,0.13386899,6,0.20193851,0.011737445,0,2.219481,2.095536,2.2542646,0.024222558,55,0.10368683
sequential,mov,0.2,0.3,0.2733333333333333,3,rrg,136,0.22507831,0.14079933,0.08108452,10,0.17731877,0.03859306,0,2.2599986,2.1221306,2.2587583,0.047759533,45,0.08385484
sequential,mov,0.2,0.3,0.27666666666666667,3,rrg,61,0.23903452,0.13411978,0.097306676,6,0.1706372,0.12221012,0,2.0706239,2.0703065,1.4182826,0.09552712,17,0.0973513
sequential,mov,0.2,0.3,0.28,3,rrg,81,0.51099294,0.17579944,0.14806497,3,0.11010399,0.0797717,0,1.5844438,2.0382135,1.4409138,0.40088895,3,0.12255053
sequential,mov,0.2,0.3,0.2833333333333333,3,rrg,82,0.21428102,0.16579305,0.12235931,14,0.32554987,0.22253284,0,2.0820844,2.1034942,1.8838438,0.17262429,12,0.1181085
sequential,mov,0.2,0.3,0.2866666666666667,3,rrg,46,0.34360152,0.15838078,0.113824174,5,0.28330064,0.1167995,1,1.9134831,2.0663447,1.9620279,0.1301838,18,0.13079259
sequential,mov,0.2,0.3,0.29,3,rrg,92,0.18221511,0.1625468,0.14975163,20,0.14621484,0.04670036,0,2.3351183,2.086013,2.2887182,0.055031326,44,0.12226203
sequential,mov,0.2,0.3,0.29333333333333333,3,rrg,293,0.22181053,0.13607849,0.12733848,5,0.1512158,0.045442637,0,2.080176,2.0857415,1.9977798,0.07059472,28,0.10377412
sequential,mov,0.2,0.3,0.2966666666666667,3,rrg,162,0.10366713,0.16233644,0.16274697,34,0.11213442,0.07955284,0,2.2225306,2.0250556,1.4743398,0.0775787,26,0.14499511
sequential,mov,0.2,0.3,0.3,3,rrg,90,0.5190437,0.15943727,0.12818049,3,0.1160331,0.08205978,0,1.5590751,2.0983691,1.4307283,0.4030106,3,0.11673875
sequential,mov,0.2,0.3,0.30333333333333334,3,rrg,149,0.43390298,0.15184613,0.12636441,2,0.046512023,0.06531075,1,1.672253,2.0606463,0.7228904,0.38739094,2,0.12278417
sequential,mov,0.2,0.3,0.30666666666666664,3,rrg,242,0.21115944,0.12632877,0.06837546,9,0.18446529,0.017706336,0,2.2560945,2.0809178,2.2681072,0.026694164,53,0.10681537
sequential,mov,0.2,0.3,0.31,3,rrg,288,0.65509534,0.1685839,0.17633557,3,0.1841747,0.16726579,1,0.6449338,1.9839627,1.3191395,0.47092065,3,0.14570221
sequential,mov,0.2,0.3,0.31333333333333335,3,rrg,297,0.24869573,0.12924403,0.06790287,5,0.18570583,0.04421524,0,2.2006483,2.1306424,2.1906817,0.0629899,35,0.095822126
sequential,mov,0.2,0.3,0.31666666666666665,3,rrg,230,0.119894505,0.12091338,0.06954797,25,0.114765935,0.06184046,0,2.3141031,2.0979893,2.2266634,0.05967414,40,0.09789543
sequential,mov,0.2,0.3,0.32,3,rrg,294,0.2279559,0.17798826,0.18907388,10,0.438817,0.3990235,0,1.7631711,1.9232833,1.321053,0.303835,16,0.17159897
sequential,mov,0.2,0.3,0.3233333333333333,3,rrg,155,0.25698557,0.14897095,0.1536568,5,0.10584718,0.07488863,0,1.9230461,2.0038652,1.4300776,0.15113841,11,0.11483355
sequential,mov,0.2,0.3,0.32666666666666666,3,rrg,137,0.18014163,0.16479813,0.16295241,17,0.15321933,0.080999315,0,2.2248142,2.0090528,2.0384266,0.08116929,25,0.12534033
sequential,mov,0.2,0.3,0.33,3,rrg,249,0.21929416,0.16026385,0.16193756,10,0.17209499,0.04188309,0,2.282748,2.0083163,2.2685096,0.050164815,50,0.13825971
sequential,mov,0.2,0.3,0.3333333333333333,3,rrg,105,0.535492,0.1642798,0.17229179,4,0.123051904,0.086423576,0,1.5581831,1.9493879,1.4363486,0.4124401,4,0.14730625
sequential,mov,0.2,0.3,0.33666666666666667,3,rrg,1,0.15729235,0.17106184,0.17456456,24,0.2619585,0.23680325,0,2.067688,2.0142024,1.144703,0.20952773,11,0.13786574
sequential,mov,0.2,0.3,0.34,3,rrg,113,0.27287158,0.14979836,0.12144066,3,0.05559035,0.078616634,0,1.8106536,2.0638056,0.74245983,0.21728122,9,0.1210573
sequential,mov,0.2,0.3,0.3433333333333333,3,rrg,266,0.20891698,0.16832761,0.16059008,13,0.15951923,0.04871444,0,2.3388174,1.9923663,2.2927473,0.051710337,48,0.13110706
sequential,mov,0.2,0.3,0.3466666666666667,3,rrg,43,0.22191869,0.15150721,0.17664263,11,2.0788818e-13,2.920429e-13,0,0.9558484,1.9707885,2.773895e-11,0.22191869,12,0.13847867
sequential,mov,0.2,0.3,0.35,3,rrg,192,0.4417838,0.16267443,0.14772417,3,0.05460385,0.040678725,0,1.7187375,2.0015175,1.4628652,0.38717994,3,0.1376418
sequential,mov,0.2,0.3,0.35333333333333333,3,rrg,115,0.25790608,0.15773368,0.18792365,9,0.21142489,0.06263396,0,1.9947357,1.9701313,1.8278917,0.05875121,38,0.15083613
sequential,mov,0.2,0.3,0.3566666666666667,3,rrg,140,0.24986175,0.15952331,0.14764579,8,0.09753748,0.0692806,0,1.991897,1.9632163,1.3126597,0.15232427,15,0.14951071
sequential,mov,0.2,0.3,0.36,3,rrg,86,0.2547942,0.14511065,0.114979245,8,0.046699014,0.034494672,0,1.9933937,2.032959,1.4659373,0.2080952,12,0.12573288
sequential,mov,0.2,0.3,0.36333333333333334,3,rrg,247,0.19542189,0.1629485,0.16908398,12,0.10192016,0.07795489,0,2.1020925,1.9768469,1.4627405,0.093501724,27,0.14144288
sequential,mov,0.2,0.3,0.36666666666666664,3,rrg,220,0.19218156,0.15624718,0.17262855,12,0.17612769,0.061011985,0,2.119204,1.9755781,2.0246885,0.049733292,48,0.13546509
sequential,mov,0.2,0.3,0.37,3,rrg,271,0.22820769,0.17248653,0.19051726,11,0.17835909,0.05771339,0,2.2234933,1.9216186,2.188872,0.06930297,36,0.15701598
sequential,mov,0.2,0.3,0.37333333333333335,3,rrg,201,0.14670852,0.15907413,0.18983185,22,0.39427033,0.4288004,0,1.9735512,1.973843,1.3897177,0.3212992,11,0.16132529
sequential,mov,0.2,0.3,0.37666666666666665,3,rrg,281,0.2602323,0.18437155,0.20331404,8,0.45911738,0.3895755,0,1.6839936,1.9313405,1.3117179,0.30709866,12,0.16617317
sequential,mov,0.2,0.3,0.38,3,rrg,71,0.18692207,0.16650553,0.18808939,16,0.10967227,0.09352631,0,2.0314493,1.9092448,1.4689821,0.10499356,25,0.1640667
sequential,mov,0.2,0.3,0.38333333333333336,3,rrg,58,0.35882506,0.13466153,0.13236214,2,0.069272235,0.09796574,1,1.8307946,2.0070834,0.723021,0.2895528,7,0.114538826
sequential,mov,0.2,0.3,0.38666666666666666,3,rrg,173,0.13006744,0.14251819,0.14722142,24,0.13104971,0.09772947,0,2.0094104,1.9611685,1.247013,0.08769389,26,0.14518061
sequential,mov,0.2,0.3,0.39,3,rrg,164,0.16309561,0.14681853,0.14123575,19,0.11813562,0.06641036,0,2.2544742,1.9249471,2.131421,0.07714305,31,0.14215389
sequential,mov,0.2,0.3,0.3933333333333333,3,rrg,84,0.15051882,0.14365728,0.13804124,21,0.31390452,0.31760636,0,2.0792534,1.9869272,1.752936,0.24497534,11,0.13739282
sequential,mov,0.2,0.3,0.39666666666666667,3,rrg,111,0.412333,0.14708894,0.108519904,2,0.10235595,0.14465347,0,1.6403751,1.9737033,0.40420577,0.30997705,10,0.13756207
sequential,mov,0.2,0.3,0.4,3,rrg,59,0.28569603,0.15781711,0.19165732,5,0.09773684,0.13822077,0,1.8574287,1.9089111,0.6749757,0.19296885,15,0.17065653
sequential,mov,0.2,0.3,0.4033333333333333,3,rrg,283,0.1475955,0.123036586,0.11537696,16,0.38778743,0.43800685,0,1.8348911,2.0193677,0.7527582,0.33858892,5,0.12096481
sequential,mov,0.2,0.3,0.4066666666666667,3,rrg,231,0.19535576,0.14771694,0.18894622,10,0.11272388,0.03340641,0,2.2972398,1.9389836,2.150487,0.08263188,20,0.13913774
sequential,mov,0.2,0.3,0.41,3,rrg,277,0.18875737,0.1485056,0.18118961,13,0.038365483,0.036606155,0,2.033093,1.8432643,1.3978659,0.15039189,18,0.15669332
sequential,mov,0.2,0.3,0.41333333333333333,3,rrg,279,0.3156391,0.14296849,0.18851167,4,0.07085881,0.10011851,0,1.8567648,1.8899423,0.6875201,0.2447803,14,0.15283643
sequential,mov,0.2,0.3,0.4166666666666667,3,rrg,152,0.2447657,0.13440517,0.19588903,6,7.7731715e-07,1.0992921e-06,0,1.6673214,1.8926352,5.3426393e-05,0.24476492,13,0.15069422
sequential,mov,0.2,0.3,0.42,3,rrg,186,0.5742808,0.13227434,0.16226673,3,0.12017095,0.16994731,0,1.2213808,1.9242833,0.6160557,0.45410982,2,0.12950176
sequential,mov,0.2,0.3,0.42333333333333334,3,rrg,159,0.44750455,0.13991444,0.14191066,2,0.1423013,0.103314236,0,1.6845725,1.9486109,1.3773037,0.30520323,10,0.13349771
sequential,mov,0.2,0.3,0.4266666666666667,3,rrg,80,0.07636375,0.15630718,0.21627876,42,0.21594638,0.3053943,0,1.9332261,1.8669896,0.4160589,0.24140096,13,0.16874681
sequential,mov,0.2,0.3,0.43,3,rrg,216,0.15878554,0.14892457,0.20024341,13,0.1005176,0.14215335,0,1.8411012,1.90109,0.60904145,0.15344612,21,0.17902988
sequential,mov,0.2,0.3,0.43333333333333335,3,rrg,232,0.1190338,0.14915106,0.18068461,22,0.36378646,0.45141438,0,1.8866603,1.8751929,0.7021473,0.34255815,9,0.15232626
sequential,mov,0.2,0.3,0.43666666666666665,3,rrg,210,0.16865857,0.13271827,0.17452888,11,0.15507849,0.068745285,0,2.347485,1.9276435,2.2745044,0.05892219,36,0.1354839
sequential,mov,0.2,0.3,0.44,3,rrg,26,0.14353427,0.1541314,0.20495911,16,0.2378457,0.22481231,0,2.3036227,1.8832949,2.09039,0.18041725,18,0.16827403
sequential,mov,0.2,0.3,0.44333333333333336,3,rrg,74,0.13913004,0.17951366,0.25518206,18,0.09605845,0.06378801,0,2.3979735,1.8308929,2.2042341,0.07328995,30,0.19469589
sequential,mov,0.2,0.3,0.44666666666666666,3,rrg,56,0.064292625,0.15594646,0.23203222,36,0.24049205,0.29744592,0,2.2074597,1.819131,1.0633726,0.22068928,16,0.17749009
sequential,mov,0.2,0.3,0.45,3,rrg,116,0.1527238,0.22587772,0.2951473,19,0.028100396,0.03973993,0,2.0864334,1.6986772,0.7000494,0.12462342,25,0.23428258
sequential,mov,0.2,0.3,0.4533333333333333,3,rrg,213,0.18023586,0.13118796,0.1436748,14,0.15575863,0.042517122,0,2.372945,1.874263,2.345179,0.03792899,51,0.14476708
sequential,mov,0.2,0.3,0.45666666666666667,3,rrg,64,0.19674852,0.19612531,0.26625654,15,0.030422075,0.021547593,0,2.1053975,1.72792,1.5116673,0.16632645,20,0.20324618
sequential,mov,0.2,0.3,0.46,3,rrg,267,0.10233958,0.15791385,0.21782114,27,0.36606106,0.4500492,0,2.014532,1.8400627,0.68392724,0.334717,9,0.16266619
sequential,mov,0.2,0.3,0.4633333333333333,3,rrg,32,0.098818034,0.1750547,0.24857792,26,0.33333302,0.47140408,0,1.8930659,1.7791374,5.2169876e-06,0.36627236,8,0.18695292
sequential,mov,0.2,0.3,0.4666666666666667,3,rrg,234,0.12702811,0.18542875,0.25613165,21,0.39024997,0.42135456,0,1.8908881,1.7422447,0.6422787,0.3479073,12,0.19329943
sequential,mov,0.2,0.3,0.47,3,rrg,237,0.16041867,0.15329526,0.21757232,15,0.10431451,0.012721696,0,2.3655367,1.8584441,2.2097294,0.056104153,39,0.16918132
sequential,mov,0.2,0.3,0.47333333333333333,3,rrg,18,0.10342662,0.16983844,0.2581703,24,0.036393072,0.05146758,0,1.8465574,1.7605603,0.7432931,0.07086861,29,0.1624041
sequential,mov,0.2,0.3,0.4766666666666667,3,rrg,73,0.090879954,0.16651943,0.2441339,26,0.08826389,0.12482399,0,1.7976242,1.785913,0.6178846,0.118557215,20,0.18010375
sequential,mov,0.2,0.3,0.48,3,rrg,240,0.13137549,0.13194951,0.17758319,15,0.031346258,0.04433031,0,2.0216146,1.8148836,0.7181635,0.10002923,26,0.1670256
sequential,mov,0.2,0.3,0.48333333333333334,3,rrg,135,0.13827969,0.17828184,0.25982028,18,0.13237078,0.08741119,0,2.1562648,1.7209214,1.9099488,0.082194835,30,0.20039497
sequential,mov,0.2,0.3,0.4866666666666667,3,rrg,248,0.11853367,0.1838418,0.2599718,21,0.014685933,0.020769045,0,1.9722571,1.7861165,0.695028,0.10384774,24,0.20390362
sequential,mov,0.2,0.3,0.49,3,rrg,156,0.53482544,0.17984706,0.2434026,6,6.924141e-05,9.7922144e-05,1,1.2512996,1.7559673,0.004357537,0.53475624,7,0.19073066
sequential,mov,0.2,0.3,0.49333333333333335,3,rrg,280,0.13364984,0.13236804,0.16040798,14,0.10357702,0.095226206,0,2.134968,1.8158755,1.4530077,0.094241865,22,0.15734574
sequential,mov,0.2,0.3,0.49666666666666665,3,rrg,6,0.29740828,0.17833047,0.23584338,9,0.25251827,0.23303859,0,1.7824099,1.7654542,1.0271307,0.22140424,16,0.18979882
sequential,mov,0.2,0.3,0.5,3,rrg,196,0.08789766,0.19763133,0.2844502,28,0.08486051,0.067277506,1,2.3572724,1.7025834,2.1508648,0.064190656,37,0.22397731
sequential,mov,0.2,0.3,0.5033333333333333,3,rrg,212,0.059704993,0.17818947,0.2567704,48,0.15424971,0.1479211,0,2.223755,1.81588,1.3150147,0.13434805,21,0.20322222
sequential,mov,0.2,0.3,0.5066666666666667,3,rrg,125,0.042946033,0.19973315,0.2533628,54,0.031011857,0.04385739,0,1.9766179,1.7654563,0.6652871,0.0453272,50,0.21227981
sequential,mov,0.2,0.3,0.51,3,rrg,298,0.043664634,0.18685941,0.2291949,52,0.035817187,0.050653156,0,1.9863054,1.7247987,0.676941,0.050372064,49,0.2044284
sequential,mov,0.2,0.3,0.5133333333333333,3,rrg,291,0.2211833,0.14932244,0.18983364,11,0.04672805,0.033335514,1,1.998027,1.7477171,1.4963833,0.17445524,16,0.15808696
sequential,mov,0.2,0.3,0.5166666666666667,3,rrg,185,0.09649725,0.16983077,0.24036126,22,0.3886477,0.33279032,0,2.0375745,1.7429314,0.8488743,0.35648194,10,0.19739586
sequential,mov,0.2,0.3,0.52,3,rrg,16,0.0020058102,0.14082783,0.19189984,60,0.0015310892,0.002165287,0,1.551416,1.7786613,0.51197773,0.0021996927,60,0.17832193
sequential,mov,0.2,0.3,0.5233333333333333,3,rrg,95,0.07825648,0.16701284,0.23631345,35,0.33333334,0.4714045,0,1.5002373,1.7337372,0.0,0.35941884,10,0.19823903
sequential,mov,0.2,0.3,0.5266666666666666,3,rrg,143,0.054649837,0.14338398,0.187773,49,0.051427122,0.07272893,0,1.8373505,1.8415091,0.5991288,0.069643736,34,0.1715665
sequential,mov,0.2,0.3,0.53,3,rrg,215,0.7567858,0.18432324,0.24814883,6,0.049968585,0.070666246,1,0.89939666,1.7318684,0.7375419,0.7068172,6,0.20581147
sequential,mov,0.2,0.3,0.5333333333333333,3,rrg,208,0.061256874,0.20218785,0.28033462,44,0.016925786,0.023936676,0,1.7732319,1.6980168,0.66725755,0.04433109,50,0.22212687
sequential,mov,0.2,0.3,0.5366666666666666,3,rrg,28,0.050637413,0.19139743,0.275671,45,0.0,0.0,0,1.5558586,1.7140176,0.0,0.050637413,40,0.21873212
sequential,mov,0.2,0.3,0.54,3,rrg,299,0.078832135,0.16685942,0.24885447,35,0.05227347,0.07392585,0,1.6933063,1.7559342,0.73118377,0.07855085,30,0.18748416
sequential,mov,0.2,0.3,0.5433333333333333,3,rrg,207,0.08879603,0.21881881,0.2942383,29,0.033541624,0.03124986,0,1.9744945,1.6252536,1.2083477,0.055254404,37,0.2333851
sequential,mov,0.2,0.3,0.5466666666666666,3,rrg,161,0.05370036,0.20352295,0.28979644,41,0.026123181,0.036943756,0,1.5298486,1.6664482,0.5885251,0.0440233,43,0.20834926
sequential,mov,0.2,0.3,0.55,3,rrg,226,0.026613053,0.19099353,0.24186154,57,0.0,0.0,0,1.8148177,1.7323364,0.0,0.026613051,57,0.22563426
sequential,mov,0.2,0.3,0.5533333333333333,3,rrg,52,0.17519401,0.1857799,0.2595956,16,0.68915147,0.4396063,0,1.5136068,1.6725336,0.6660418,0.5857839,6,0.22940937
sequential,mov,0.2,0.3,0.5566666666666666,3,rrg,141,0.32892728,0.17177278,0.22529836,7,0.06951565,0.09830998,0,1.6515543,1.7416857,0.6626931,0.25941163,19,0.18717113
sequential,mov,0.2,0.3,0.56,3,rrg,264,0.04598605,0.16001447,0.24915658,43,0.025616048,0.036226563,0,1.836102,1.7504939,0.69170994,0.04094473,44,0.18149175
sequential,mov,0.2,0.3,0.5633333333333334,3,rrg,289,0.029432569,0.19596328,0.274989,53,0.10388876,0.14692089,0,2.0468457,1.6964339,0.56924474,0.113699615,27,0.2187309
sequential,mov,0.2,0.3,0.5666666666666667,3,rrg,67,0.16646948,0.1899652,0.24011058,18,0.35753068,0.45526,1,1.7116532,1.7344539,0.70835334,0.36462584,11,0.21891858
sequential,mov,0.2,0.3,0.57,3,rrg,253,0.09625876,0.2341247,0.31371114,32,0.13320138,0.094596654,0,2.2804275,1.5864881,1.3960643,0.10111513,30,0.24258079
sequential,mov,0.2,0.3,0.5733333333333334,3,rrg,219,0.0033116413,0.22862853,0.31696,60,0.0012068283,0.0017067129,0,1.4133474,1.5845202,0.5955271,0.0023107089,60,0.24440908
sequential,mov,0.2,0.3,0.5766666666666667,3,rrg,269,0.030920008,0.237145,0.312106,51,0.008859654,0.012529442,0,2.0663872,1.579959,0.7347071,0.022060355,54,0.2668796
sequential,mov,0.2,0.3,0.58,3,rrg,180,0.66596264,0.20011085,0.28552094,7,0.16921818,0.18981808,1,0.6370284,1.619907,1.1414332,0.49674448,7,0.21714367
sequential,mov,0.2,0.3,0.5833333333333334,3,rrg,114,0.07070177,0.19546011,0.28174478,39,0.07303693,0.05376482,0,2.1168773,1.7092938,1.3648363,0.049469676,44,0.22913648
sequential,mov,0.2,0.3,0.5866666666666667,3,rrg,188,0.27442393,0.2001449,0.2792672,13,0.27608636,0.28659672,1,1.7490786,1.6335179,0.9229231,0.2627947,21,0.2135798
sequential,mov,0.2,0.3,0.59,3,rrg,117,0.41059515,0.23008914,0.29863587,10,0.17429762,0.24649402,1,1.0855956,1.6169943,0.23070006,0.31116268,25,0.2765687
sequential,mov,0.2,0.3,0.5933333333333334,3,rrg,112,0.11203634,0.21220401,0.29111132,23,0.044339433,0.035707124,1,2.0377414,1.6612076,1.317875,0.06769691,39,0.25651696
sequential,mov,0.2,0.3,0.5966666666666667,3,rrg,87,0.09760316,0.18534829,0.26835534,26,0.026037814,0.03682303,0,1.7674762,1.66236,0.6363445,0.07156534,36,0.23500094
sequential,mov,0.2,0.3,0.6,3,rrg,93,0.016512146,0.21039161,0.3070939,54,0.03435054,0.048579004,0,1.8978683,1.6022829,0.69395185,0.03985459,47,0.2434144
sequential,mov,0.2,0.3,0.6033333333333334,3,rrg,103,0.08736174,0.17429967,0.24860758,29,0.11094449,0.09778061,0,2.129943,1.7106954,1.202551,0.081823915,33,0.22416805
sequential,mov,0.2,0.3,0.6066666666666667,3,rrg,179,0.092879206,0.24764618,0.33865416,29,0.07544237,0.08241994,0,2.2372205,1.5109997,1.4645987,0.082258016,36,0.29286176
sequential,mov,0.2,0.3,0.61,3,rrg,256,0.11814348,0.16501799,0.23619281,18,0.12590921,0.12734772,0,2.0829093,1.72057,1.3547655,0.11372665,29,0.21029072
sequential,mov,0.2,0.3,0.6133333333333333,3,rrg,17,0.21549822,0.26194346,0.3480048,18,0.27330178,0.3865071,1,1.6554602,1.5069432,0.24034928,0.34513453,27,0.31879714
sequential,mov,0.2,0.3,0.6166666666666667,3,rrg,166,0.004799389,0.26138347,0.34798998,58,0.022986235,0.032507446,0,2.0264304,1.4600314,0.73915035,0.024586031,51,0.3053604
sequential,mov,0.2,0.3,0.62,3,rrg,65,0.105261795,0.22150564,0.31955162,23,0.27591586,0.3644201,0,2.007643,1.5811613,0.93668705,0.2864001,25,0.2622001
sequential,mov,0.2,0.3,0.6233333333333333,3,rrg,285,0.035761975,0.23718373,0.32912904,43,0.023508562,0.033246126,0,1.7661631,1.5066775,0.6362597,0.03542922,48,0.2921503
sequential,mov,0.2,0.3,0.6266666666666667,3,rrg,206,0.0068468093,0.23511702,0.327391,59,0.015617975,0.022087153,0,1.861733,1.5328444,0.49459645,0.017900245,55,0.26858744
sequential,mov,0.2,0.3,0.63,3,rrg,100,0.05147528,0.1874797,0.27567825,44,0.3376654,0.4683713,0,2.1731899,1.6230092,0.64820355,0.3461597,20,0.24080727
sequential,mov,0.2,0.3,0.6333333333333333,3,rrg,45,0.9999994,0.20449577,0.31186828,4,0.33333334,0.4714045,1,1.0061357e-05,1.5869923,0.0,0.66666645,8,0.23190337
sequential,mov,0.2,0.3,0.6366666666666667,3,rrg,83,0.074943036,0.1915887,0.28585595,35,0.35956907,0.45399156,0,2.059939,1.6037183,0.6694699,0.33458808,19,0.24049099
sequential,mov,0.2,0.3,0.64,3,rrg,163,0.07080035,0.18133314,0.26554653,35,0.03542048,0.030723048,0,1.9685259,1.6352684,1.2700177,0.03812826,44,0.22002982
sequential,mov,0.2,0.3,0.6433333333333333,3,rrg,40,0.67508805,0.22887935,0.2901538,7,1.5215574e-09,2.1518072e-09,0,0.7630016,1.5519052,2.1950565e-07,0.6750881,6,0.28481105
sequential,mov,0.2,0.3,0.6466666666666666,3,rrg,260,0.030071285,0.24774463,0.32987168,52,5.736e-42,0.0,0,1.4523375,1.4798616,4.68981e-39,0.030071283,52,0.3214868
sequential,mov,0.2,0.3,0.65,3,rrg,33,0.15590721,0.2253539,0.30089504,21,0.33333334,0.4714045,0,1.9233563,1.5588385,6.678831e-14,0.3853024,12,0.26865226
sequential,mov,0.2,0.3,0.6533333333333333,3,rrg,190,0.7991305,0.18107715,0.267819,5,0.33333334,0.4714045,1,0.76191384,1.600331,1.7099946e-13,0.59971017,7,0.2292679
sequential,mov,0.2,0.3,0.6566666666666666,3,rrg,79,0.13788506,0.16289015,0.23817375,20,0.39985088,0.43211827,1,1.695,1.6388065,0.49315166,0.35388923,15,0.22853674
sequential,mov,0.2,0.3,0.66,3,rrg,142,0.15524228,0.24876513,0.3325206,24,0.0306725,0.043377466,1,1.8041295,1.4576879,0.70480293,0.12456977,34,0.29956207
sequential,mov,0.2,0.3,0.6633333333333333,3,rrg,124,0.21652316,0.20283362,0.30073527,16,0.0102247195,0.014459938,0,1.4656044,1.5786253,0.7647125,0.20629843,27,0.26852483
sequential,mov,0.2,0.3,0.6666666666666666,3,rrg,181,0.0930371,0.20934254,0.29004875,28,0.069128156,0.097761974,0,1.8475095,1.5469086,0.5992764,0.10014052,35,0.26535553
sequential,mov,0.2,0.3,0.67,3,rrg,9,0.28993943,0.19692943,0.27840868,11,0.33333334,0.4714045,0,0.6021652,1.5794761,0.0,0.4299798,9,0.24718373
sequential,mov,0.2,0.3,0.6733333333333333,3,rrg,154,0.037406594,0.20032331,0.27823547,46,0.026028052,0.036809225,0,1.8203583,1.6269205,0.6841109,0.038496915,48,0.24982134
sequential,mov,0.2,0.3,0.6766666666666666,3,rrg,239,0.011919581,0.19868721,0.29803163,53,0.004481358,0.006337598,0,1.5053048,1.627921,0.5447079,0.008454552,57,0.23034686
sequential,mov,0.2,0.3,0.68,3,rrg,282,0.038675893,0.20973468,0.30607525,45,0.33333334,0.4714045,0,1.9820955,1.5707018,3.4282792e-15,0.3462253,19,0.27540302
sequential,mov,0.2,0.3,0.6833333333333333,3,rrg,284,0.008630954,0.21312976,0.3057213,60,0.0,0.0,0,1.44865,1.5963264,0.0,0.008630954,60,0.2593496
sequential,mov,0.2,0.3,0.6866666666666666,3,rrg,157,0.011180902,0.21515618,0.31447032,53,0.007316504,0.0103471,0,1.7522612,1.5820191,0.6322636,0.011043471,54,0.26868096
sequential,mov,0.2,0.3,0.69,3,rrg,153,0.02416742,0.18428688,0.29262525,50,0.03062737,0.034382567,0,2.0715265,1.5828587,1.3214278,0.029860133,47,0.25096038
sequential,mov,0.2,0.3,0.6933333333333334,3,rrg,78,0.06287702,0.21829662,0.307936,37,0.061231192,0.0433014,0,2.051418,1.5596805,1.175437,0.040272184,44,0.2819917
sequential,mov,0.2,0.3,0.6966666666666667,3,rrg,195,0.0032233144,0.22811832,0.30565676,59,0.0008387479,0.0011861686,0,1.424599,1.5398179,0.51714426,0.0023845665,59,0.29588616
sequential,mov,0.2,0.3,0.7,3,rrg,138,0.13547446,0.19410276,0.27896518,21,0.0,0.0,0,1.9114692,1.6065177,0.0,0.13547446,32,0.26270244
sequential,mov,0.2,0.3,0.7033333333333334,3,rrg,262,0.035400655,0.18732964,0.28515765,46,0.033710007,0.04767315,0,1.9017843,1.6174095,0.60207903,0.04551023,41,0.23344617
sequential,mov,0.2,0.3,0.7066666666666667,3,rrg,261,0.018638868,0.21496613,0.30779022,55,0.010072022,0.01424399,0,1.8539729,1.5216516,0.7311423,0.016284978,55,0.26830202
sequential,mov,0.2,0.3,0.71,3,rrg,75,0.085712366,0.19962099,0.30720273,27,0.11364579,0.16071942,0,2.082023,1.5527003,0.63621426,0.14221658,31,0.26927057
sequential,mov,0.2,0.3,0.7133333333333334,3,rrg,198,0.9999997,0.19970576,0.30396786,4,0.0,0.0,1,5.6974036e-06,1.579036,0.0,0.9999997,2,0.24790026
sequential,mov,0.2,0.3,0.7166666666666667,3,rrg,19,0.278052,0.20990399,0.29665443,13,0.17346229,0.12356071,0,1.7931328,1.5441822,1.2591542,0.10486781,34,0.2701575
sequential,mov,0.2,0.3,0.72,3,rrg,122,0.17821437,0.21232742,0.31870213,17,0.3534491,0.45784387,0,1.0368682,1.4804705,0.67557377,0.37262237,14,0.27807048
sequential,mov,0.2,0.3,0.7233333333333334,3,rrg,38,0.99999636,0.2201911,0.30452493,6,0.0,0.0,1,4.962087e-05,1.5147407,0.0,0.99999636,2,0.2903121
sequential,mov,0.2,0.3,0.7266666666666667,3,rrg,200,0.14698517,0.19478622,0.30013567,17,0.3712646,0.44700155,1,1.7971046,1.5721644,0.59124297,0.344395,23,0.26771232
sequential,mov,0.2,0.3,0.73,3,rrg,222,0.0018268134,0.17296484,0.2688254,58,1.6098009e-15,1.6038226e-15,0,1.7223889,1.573997,2.1045418e-12,0.0018268134,58,0.2446754
sequential,mov,0.2,0.3,0.7333333333333333,3,rrg,118,0.023915907,0.1749107,0.26915172,49,8.056874e-38,0.0,0,1.7638026,1.5841603,8.441185e-34,0.023915907,51,0.24322519
sequential,mov,0.2,0.3,0.7366666666666667,3,rrg,172,0.013820563,0.22722884,0.32027856,55,0.038272724,0.054125804,0,1.9230251,1.512255,0.62196,0.042879578,44,0.29167014
sequential,mov,0.2,0.3,0.74,3,rrg,51,0.08623315,0.2267523,0.31757313,27,0.3544353,0.4572142,0,2.003835,1.518723,0.6823465,0.34097576,26,0.29951364
sequential,mov,0.2,0.3,0.7433333333333333,3,rrg,258,0.44071487,0.19368702,0.28135395,8,0.050480437,0.071390115,1,1.6658397,1.5708212,0.60903805,0.39023444,11,0.24273963
sequential,mov,0.2,0.3,0.7466666666666667,3,rrg,44,0.046345443,0.22155228,0.3257297,41,0.0,0.0,0,1.7958211,1.4871558,0.0,0.046345443,40,0.29148585
sequential,mov,0.2,0.3,0.75,3,rrg,270,0.08505753,0.22577289,0.33095878,27,0.34604338,0.46267912,0,2.0648093,1.5098481,0.6579734,0.3489758,25,0.29233772
sequential,mov,0.2,0.3,0.7533333333333333,3,rrg,66,0.99999946,0.22103383,0.3130698,6,0.03320196,0.046954665,1,9.493928e-06,1.4808935,0.61289364,0.96679753,5,0.2890285
sequential,mov,0.2,0.3,0.7566666666666667,3,rrg,259,0.061721906,0.1740553,0.2740543,32,3.451378e-09,4.880986e-09,1,2.1002,1.5510284,4.0840046e-06,0.061721902,36,0.2402517
sequential,mov,0.2,0.3,0.76,3,rrg,295,0.08299471,0.1828742,0.2814893,26,0.33333334,0.4714045,1,2.0890977,1.5585386,0.0,0.36099824,17,0.26337585
sequential,mov,0.2,0.3,0.7633333333333333,3,rrg,119,0.015081339,0.19084719,0.2997102,54,8.709e-42,0.0,0,1.918246,1.5151374,9.900479e-39,0.015081339,54,0.2671965
sequential,mov,0.2,0.3,0.7666666666666667,3,rrg,31,0.40145162,0.20538034,0.2976706,9,5.054821e-17,7.065822e-17,0,1.4883659,1.5032574,6.101791e-15,0.40145162,12,0.2784913
sequential,mov,0.2,0.3,0.77,3,rrg,27,0.08668179,0.20323548,0.3070482,26,0.011639375,0.016460562,0,1.8551022,1.4964607,0.5931165,0.07504242,35,0.260376
sequential,mov,0.2,0.3,0.7733333333333333,3,rrg,245,0.018816046,0.1872918,0.29150167,52,0.0017516841,0.0024772556,0,1.5838858,1.5090047,0.5692052,0.017064363,53,0.26593727
sequential,mov,0.2,0.3,0.7766666666666666,3,rrg,63,0.25547445,0.20125563,0.30884293,11,0.6666667,0.47140452,0,0.5682765,1.4823507,0.0,0.5815085,10,0.27490157
sequential,mov,0.2,0.3,0.78,3,rrg,229,0.14788088,0.21821763,0.32427606,19,0.33333334,0.4714045,1,1.662574,1.4828659,2.19664e-10,0.38262692,13,0.28438798
sequential,mov,0.2,0.3,0.7833333333333333,3,rrg,21,0.06697175,0.21985382,0.32320386,32,0.33333334,0.4714045,0,1.9163169,1.498706,0.0,0.35565725,18,0.2957867
sequential,mov,0.2,0.3,0.7866666666666666,3,rrg,131,0.046704672,0.20568696,0.32621878,39,0.3333331,0.4714042,0,2.0071752,1.477093,3.4977322e-06,0.34890136,20,0.27068064
sequential,mov,0.2,0.3,0.79,3,rrg,55,0.08008536,0.19511074,0.30856577,28,0.0,0.0,0,1.3568683,1.4961802,0.0,0.08008536,35,0.26766554
sequential,mov,0.2,0.3,0.7933333333333333,3,rrg,184,0.10746199,0.21482138,0.32548538,22,0.33333334,0.4714045,0,1.7646253,1.4744221,4.1400816e-19,0.36915398,13,0.27237102
sequential,mov,0.2,0.3,0.7966666666666666,3,rrg,292,0.04751626,0.19895747,0.3096233,38,0.007443531,0.010526743,0,1.8310524,1.5056976,0.6725679,0.040072728,41,0.2615407
sequential,mov,0.2,0.3,0.8,3,rrg,128,0.034688193,0.21466047,0.32558274,45,0.01600351,0.02263238,0,1.9332818,1.4739201,0.56372803,0.02756624,48,0.27747467
sequential,mov,0.2,0.3,0.8033333333333333,3,rrg,129,0.0058057243,0.21721807,0.32776314,54,0.007144213,0.010023354,0,1.8590142,1.4667515,0.738363,0.009003843,54,0.28142908
sequential,mov,0.2,0.3,0.8066666666666666,3,rrg,257,0.12285195,0.2205815,0.32956165,20,0.0,0.0,0,0.9668319,1.4593227,0.0,0.122851945,33,0.28589606
sequential,mov,0.2,0.3,0.81,3,rrg,130,0.016707057,0.22217414,0.33226046,48,0.028570483,0.040404767,0,1.9524384,1.4668243,0.76834875,0.034139503,43,0.2886408
sequential,mov,0.2,0.3,0.8133333333333334,3,rrg,265,0.028684458,0.22533683,0.33408293,43,0.0,0.0,0,1.6658883,1.4578656,0.0,0.028684458,44,0.29300827
sequential,mov,0.2,0.3,0.8166666666666667,3,rrg,10,0.31321883,0.22801714,0.3356217,11,0.0,0.0,1,1.5115983,1.454523,0.0,0.31321883,27,0.2971988
sequential,mov,0.2,0.3,0.82,3,rrg,11,0.025236318,0.22640315,0.33846202,44,0.021814361,0.030850165,0,1.3174676,1.4532956,0.112615995,0.030226467,42,0.2969526
sequential,mov,0.2,0.3,0.8233333333333334,3,rrg,139,0.052852403,0.24767607,0.3546125,31,0.33333334,0.4714045,0,1.9522145,1.4512999,8.252275e-39,0.3509508,18,0.3196547
sequential,mov,0.2,0.3,0.8266666666666667,3,rrg,12,0.0624616,0.2518384,0.35791323,29,0.04670608,0.04091305,0,2.1011753,1.4402052,1.2524472,0.040537674,38,0.31952998
sequential,mov,0.2,0.3,0.83,3,rrg,145,0.02253922,0.27304006,0.36378753,42,0.0,0.0,0,1.7912163,1.4096493,0.0,0.02253922,42,0.33506256
sequential,mov,0.2,0.3,0.8333333333333334,3,rrg,147,0.06664857,0.27854237,0.3660356,29,0.0,0.0,0,1.597291,1.4007275,0.0,0.06664857,35,0.34167305
sequential,mov,0.2,0.3,0.8366666666666667,3,rrg,275,0.08644854,0.28292897,0.36853394,26,0.3333327,0.47140363,0,2.0152686,1.3965611,1.0130875e-05,0.36214888,17,0.34733203
sequential,mov,0.2,0.3,0.84,3,rrg,148,0.08216289,0.2870302,0.37125462,26,0.33333334,0.4714045,0,1.8418608,1.3836603,0.0,0.36072096,17,0.3475853
sequential,mov,0.2,0.3,0.8433333333333334,3,rrg,276,0.9999999,0.29137024,0.37398058,4,1.7752199e-20,2.510541e-20,1,2.4059564e-06,1.3740128,1.4156344e-17,0.9999998,3,0.34732628
sequential,mov,0.2,0.3,0.8466666666666667,3,rrg,278,0.18985221,0.27594972,0.3629809,16,0.07813934,0.11050571,1,1.8664305,1.4039642,0.5441621,0.1414234,27,0.33312726
sequential,mov,0.2,0.3,0.85,3,rrg,286,0.72199607,0.2772625,0.36685717,9,0.33333334,0.4714045,1,1.0097301,1.3910491,8.738261e-07,0.5739987,11,0.34217367
sequential,mov,0.2,0.3,0.8533333333333334,3,rrg,287,0.047281094,0.26253384,0.36503905,29,0.33333334,0.4714045,0,1.9854296,1.3993495,0.0,0.3490937,18,0.33361056
sequential,mov,0.2,0.3,0.8566666666666667,3,rrg,290,0.0037076422,0.26597574,0.36834478,40,0.0,0.0,0,1.5365901,1.3846115,0.0,0.0037076424,40,0.33192864
sequential,mov,0.2,0.3,0.86,3,rrg,36,0.17998931,0.27199087,0.3705688,15,0.66660064,0.47135782,1,1.3559145,1.3806447,0.0007416615,0.60660416,10,0.33955413
sequential,mov,0.2,0.3,0.8633333333333333,3,rrg,39,0.09978376,0.27424368,0.37481052,19,0.33333334,0.4714045,0,1.8385227,1.3810164,5.235366e-38,0.36659458,13,0.33304644
sequential,mov,0.2,0.3,0.8666666666666667,3,rrg,167,0.0010560076,0.27858803,0.37842107,38,1.869714e-30,0.0,0,1.3768402,1.369553,4.2429365e-27,0.0010560076,38,0.33217937
sequential,mov,0.2,0.3,0.87,3,rrg,296,0.027297018,0.2856806,0.38057095,31,8.0495855e-32,0.0,0,1.4761919,1.3694025,4.6090702e-29,0.027297018,31,0.3406375
sequential,mov,0.2,0.3,0.8733333333333333,3,rrg,169,0.052396275,0.29247367,0.38318825,23,0.33333334,0.4714045,0,1.4476892,1.3665435,0.0,0.35079876,14,0.34887314
sequential,mov,0.2,0.3,0.8766666666666667,3,rrg,170,0.038898032,0.29898107,0.38624746,27,0.0,0.0,0,1.6418909,1.3640571,0.0,0.038898032,29,0.3488389
sequential,mov,0.2,0.3,0.88,3,rrg,171,0.004385985,0.30620387,0.38909984,34,0.0,0.0,0,1.5953822,1.3563493,0.0,0.004385985,34,0.3574465
sequential,mov,0.2,0.3,0.8833333333333333,3,rrg,174,0.9999963,0.31483132,0.39121136,8,0.33333334,0.4714045,1,5.3848602e-05,1.3494409,0.0,0.66666543,9,0.36753798
sequential,mov,0.2,0.3,0.8866666666666667,3,rrg,48,0.9999997,0.29468453,0.37859213,4,0.33333334,0.4714045,1,4.4416724e-06,1.3890303,0.0,0.66666657,8,0.35874513
sequential,mov,0.2,0.3,0.89,3,rrg,182,0.9999996,0.27331924,0.36351,4,0.0,0.0,1,6.570375e-06,1.4309666,0.0,0.9999996,4,0.34942213
sequential,mov,0.2,0.3,0.8933333333333333,3,rrg,183,0.048205987,0.25061518,0.34532586,21,0.2123849,0.26749304,0,2.2373269,1.4755938,1.2225254,0.19680576,17,0.3290963
sequential,mov,0.2,0.3,0.8966666666666666,3,rrg,187,0.16372626,0.26230523,0.3539383,12,0.41573384,0.41659102,1,1.9098474,1.4320716,1.2747322,0.32245857,15,0.33843365
sequential,mov,0.2,0.3,0.9,3,rrg,62,0.78901047,0.26346865,0.36007968,6,3.5478188e-05,5.0173738e-05,1,0.7769472,1.4126021,0.0060773473,0.788975,7,0.3531924
sequential,mov,0.2,0.3,0.9033333333333333,3,rrg,193,0.106683,0.24273337,0.35239935,13,0.0,0.0,0,1.5532086,1.4328343,0.0,0.10668299,18,0.33664837
sequential,mov,0.2,0.3,0.9066666666666666,3,rrg,197,1.0,0.24259447,0.35907578,1,3.723675e-21,5.2660895e-21,1,5.967042e-16,1.4281143,1.715728e-18,1.0,1,0.34019056
sequential,mov,0.2,0.3,0.91,3,rrg,203,1.0,0.2141327,0.3343489,1,0.0,0.0,1,2.4190372e-11,1.4807673,0.0,1.0,1,0.3153724
sequential,mov,0.2,0.3,0.9133333333333333,3,rrg,76,0.05019594,0.18364891,0.30246052,16,0.33333334,0.4714045,0,2.0154302,1.5375341,0.0,0.35006532,9,0.28880155
sequential,mov,0.2,0.3,0.9166666666666666,3,rrg,204,0.25825545,0.18867613,0.30737516,4,0.0,0.0,0,1.5791985,1.518182,0.0,0.25825545,12,0.28606445
sequential,mov,0.2,0.3,0.92,3,rrg,209,0.0004015469,0.18570846,0.31340623,24,0.0,0.0,0,1.773092,1.5155867,0.0,0.00040154686,24,0.2871605
sequential,mov,0.2,0.3,0.9233333333333333,3,rrg,214,0.008252017,0.19375943,0.31770664,22,1.3274849e-36,0.0,0,2.065104,1.5042495,1.2864404e-32,0.008252017,22,0.29962304
sequential,mov,0.2,0.3,0.9266666666666666,3,rrg,221,0.012636813,0.20219304,0.32231992,19,1.7734195e-37,0.0,0,1.820539,1.4783267,4.0067175e-34,0.012636813,19,0.3128687
sequential,mov,0.2,0.3,0.93,3,rrg,224,0.058194153,0.21121979,0.32717556,14,0.0,0.0,0,1.8696018,1.4620664,0.0,0.05819415,16,0.32716578
sequential,mov,0.2,0.3,0.9333333333333333,3,rrg,225,0.0008959058,0.21887195,0.33341593,20,0.0,0.0,0,1.4024704,1.4417355,0.0,0.0008959058,20,0.3406152
sequential,mov,0.2,0.3,0.9366666666666666,3,rrg,98,1.0,0.23034573,0.33820933,1,0.0,0.0,1,2.4318802e-12,1.4437753,0.0,1.0,1,0.35849628
sequential,mov,0.2,0.3,0.94,3,rrg,227,0.1148934,0.18758608,0.29325885,7,0.025603002,0.03620811,0,1.8725525,1.5239966,0.666182,0.0892904,12,0.32285607
sequential,mov,0.2,0.3,0.9433333333333334,3,rrg,228,0.9999988,0.19144814,0.30138162,1,0.0,0.0,1,1.845815e-05,1.501253,0.0,0.9999988,1,0.3370446
sequential,mov,0.2,0.3,0.9466666666666667,3,rrg,101,0.093676545,0.14065039,0.23050728,6,0.33333334,0.4714045,0,1.7449541,1.5934178,0.0,0.36455885,5,0.2956589
sequential,mov,0.2,0.3,0.95,3,rrg,102,0.1842896,0.1436453,0.23777345,4,0.33333334,0.4714045,1,1.5107856,1.5824867,0.0,0.39476323,4,0.29105708
sequential,mov,0.2,0.3,0.9533333333333334,3,rrg,104,0.009538284,0.14071724,0.24587905,14,0.0,0.0,0,1.6813779,1.587418,0.0,0.009538284,14,0.28364748
sequential,mov,0.2,0.3,0.9566666666666667,3,rrg,233,0.06320794,0.15080342,0.25235477,6,0.33333468,0.47140357,0,1.9084964,1.5801584,0.000119504046,0.35440132,4,0.30473205
sequential,mov,0.2,0.3,0.96,3,rrg,106,0.05959654,0.15808903,0.26134077,7,0.33333334,0.4714045,1,2.0092974,1.5537149,1.5431897e-15,0.35319886,4,0.30057886
sequential,mov,0.2,0.3,0.9633333333333334,3,rrg,107,0.08452826,0.16703157,0.2712001,5,5.627486e-38,0.0,0,1.8288342,1.5131053,7.395609e-35,0.08452826,7,0.29578322
sequential,mov,0.2,0.3,0.9666666666666667,3,rrg,235,0.19999999,0.17527947,0.2831177,2,1.0,0.0,0,1.2833439,1.4817237,0.0,0.8,2,0.31690535
sequential,mov,0.2,0.3,0.97,3,rrg,108,0.9999783,0.17253253,0.2983052,1,3.1e-43,0.0,1,0.000278774,1.5037966,1.255083e-39,0.9999783,1,0.2632275
sequential,mov,0.2,0.3,0.9733333333333334,3,rrg,236,0.025527798,0.06910187,0.06187099,7,0.0,0.0,0,1.4878495,1.6917379,0.0,0.025527798,7,0.1711336
sequential,mov,0.2,0.3,0.9766666666666667,3,rrg,238,0.03847471,0.07532685,0.06375644,5,0.33333334,0.4714045,0,2.114912,1.7208652,0.0,0.34615824,2,0.19193439
sequential,mov,0.2,0.3,0.98,3,rrg,110,0.010197258,0.0814689,0.06692005,6,0.0,0.0,0,1.6080949,1.6551903,0.0,0.010197258,6,0.16623043
sequential,mov,0.2,0.3,0.9833333333333333,3,rrg,241,0.039436746,0.095830314,0.0643611,4,0.0,0.0,0,1.6344466,1.661836,0.0,0.039436746,5,0.19747277
sequential,mov,0.2,0.3,0.9866666666666667,3,rrg,243,0.14139618,0.110029355,0.06457252,2,0.0,0.0,0,1.5760131,1.6658949,0.0,0.14139618,3,0.2370153
sequential,mov,0.2,0.3,0.99,3,rrg,251,0.03822403,0.09960401,0.07154356,3,0.33333334,0.4714045,0,2.0070212,1.6949872,0.0,0.34607467,2,0.26889846
sequential,mov,0.2,0.3,0.9933333333333333,3,rrg,246,0.060636993,0.13029394,0.069656946,2,0.0,0.0,0,1.4178363,1.53897,0.0,0.060636993,2,0.23031032
sequential,mov,0.2,0.3,0.9966666666666667,3,rrg,127,0.19995087,0.19995087,0.0,1,0.33333334,0.4714045,1,1.6601037,1.6601037,8.336389e-25,0.39998364,1,0.39998364
sequential,mov,0.2,0.3,0.0,4,rrg,19,0.1997723,0.19977227,2.9802322e-08,1,0.1997723,0.0,0,2.2179234,2.2179234,2.2179234,0.0,1,0.0
sequential,mov,0.2,0.3,0.0033333333333333335,4,rrg,4,0.19999981,0.19300161,0.028379878,33,0.19999994,2.2794393e-07,0,2.1933255,2.205496,2.1933298,1.8378098e-07,55,0.0042919437
sequential,mov,0.2,0.3,0.006666666666666667,4,rrg,7,0.20004426,0.1997632,0.0013313716,17,0.19997479,5.1847655e-05,0,2.1944182,2.1973455,2.195801,6.945928e-05,33,0.0012247027
sequential,mov,0.2,0.3,0.01,4,rrg,36,0.20434009,0.19756278,0.011839273,2,0.20282675,0.006073116,0,2.2044785,2.20423,2.213607,0.0060166665,10,0.004817483
sequential,mov,0.2,0.3,0.013333333333333334,4,rrg,46,0.20012055,0.18948112,0.026687821,26,0.19762589,0.0037882354,0,2.209403,2.2195258,2.215771,0.0027399708,21,0.01200332
sequential,mov,0.2,0.3,0.016666666666666666,4,rrg,123,0.20013063,0.18391365,0.035046104,32,0.2002458,0.00022030735,0,2.195019,2.2329943,2.1972606,0.00016891956,53,0.015568804
sequential,mov,0.2,0.3,0.02,4,rrg,2,0.20037146,0.1880493,0.031893007,23,0.20116802,0.0011285901,0,2.1924565,2.229118,2.1944706,0.0010016313,43,0.014546733
sequential,mov,0.2,0.3,0.023333333333333334,4,rrg,14,0.19903035,0.18153073,0.04476472,40,0.19008537,0.015553515,0,2.2180727,2.228103,2.2339816,0.011682317,22,0.016409863
sequential,mov,0.2,0.3,0.02666666666666667,4,rrg,112,0.17731798,0.17988971,0.041372277,45,0.16987868,0.04031198,0,2.3021626,2.2388437,2.2960806,0.03552113,13,0.020813365
sequential,mov,0.2,0.3,0.03,4,rrg,83,0.20149355,0.17018117,0.050934847,14,0.1888362,0.021717014,0,2.245483,2.247106,2.2584188,0.016235212,23,0.023820374
sequential,mov,0.2,0.3,0.03333333333333333,4,rrg,11,0.19829012,0.17286019,0.050695505,35,0.19496275,0.011231834,0,2.2156184,2.251125,2.222655,0.009411897,33,0.021669062
sequential,mov,0.2,0.3,0.03666666666666667,4,rrg,13,0.1951469,0.17246266,0.043711953,28,0.18376249,0.014281338,0,2.271638,2.271065,2.2877963,0.014595225,36,0.026313173
sequential,mov,0.2,0.3,0.04,4,rrg,101,0.20219827,0.16796364,0.05402196,16,0.20252712,0.0012198586,0,2.2017581,2.264449,2.2109787,0.0012412021,57,0.026427163
sequential,mov,0.2,0.3,0.043333333333333335,4,rrg,105,0.2063916,0.17102702,0.054716397,8,0.20479779,0.005307258,0,2.2049453,2.26114,2.2201061,0.0051960796,42,0.026166389
sequential,mov,0.2,0.3,0.04666666666666667,4,rrg,200,0.1993615,0.16184743,0.05798529,24,0.19728337,0.0033867457,0,2.2139864,2.263691,2.2230291,0.003608023,54,0.029797224
sequential,mov,0.2,0.3,0.05,4,rrg,177,0.21310407,0.14918362,0.05637561,2,0.20417075,0.0043101385,0,2.2336957,2.3004234,2.263489,0.008933325,53,0.040443342
sequential,mov,0.2,0.3,0.05333333333333334,4,rrg,32,0.20011586,0.15889703,0.052738406,18,0.19286923,0.01647175,0,2.2448258,2.2907639,2.261596,0.01289551,45,0.03590812
sequential,mov,0.2,0.3,0.056666666666666664,4,rrg,69,0.19768144,0.16654505,0.04570257,23,0.19281651,0.011107587,0,2.2309985,2.3007514,2.2420337,0.008850644,50,0.0337705
sequential,mov,0.2,0.3,0.06,4,rrg,133,0.20209102,0.15830742,0.05794204,16,0.1879081,0.028096478,0,2.2471843,2.2866504,2.2593815,0.021742037,38,0.03639355
sequential,mov,0.2,0.3,0.06333333333333334,4,rrg,248,0.21775323,0.1487114,0.066668436,6,0.2173758,0.018525647,0,2.1695201,2.2912416,2.1808739,0.017569026,46,0.040047057
sequential,mov,0.2,0.3,0.06666666666666667,4,rrg,33,0.10511809,0.16231698,0.052071143,49,0.13857202,0.098111026,0,2.1945195,2.2925177,1.4904226,0.10353265,2,0.042341236
sequential,mov,0.2,0.3,0.07,4,rrg,50,0.20235592,0.1546057,0.051993165,9,0.20043047,0.014967038,0,2.2199905,2.3076832,2.2362578,0.013018593,55,0.038324635
sequential,mov,0.2,0.3,0.07333333333333333,4,rrg,176,0.23310554,0.15713523,0.051637545,1,0.19448113,0.042413376,0,2.1956131,2.3009658,2.205576,0.03862441,38,0.04562584
sequential,mov,0.2,0.3,0.07666666666666666,4,rrg,285,0.49773586,0.15857492,0.07072107,1,0.1376612,0.09637222,0,1.6131167,2.2898912,1.4507345,0.36007467,1,0.05768917
sequential,mov,0.2,0.3,0.08,4,rrg,122,0.20449659,0.15647589,0.052479364,10,0.3604596,0.22739953,0,1.9989709,2.3004813,1.8530931,0.16240406,2,0.046093065
sequential,mov,0.2,0.3,0.08333333333333333,4,rrg,34,0.17490289,0.15483795,0.05733469,26,0.1628571,0.037244685,0,2.3246877,2.2989867,2.318837,0.030334787,42,0.047611047
sequential,mov,0.2,0.3,0.08666666666666667,4,rrg,3,0.07210741,0.15444142,0.11317604,50,0.0941082,0.066733435,0,2.3135848,2.2646394,1.6017952,0.070072405,17,0.06615088
sequential,mov,0.2,0.3,0.09,4,rrg,25,0.20964554,0.14744188,0.06289413,11,0.1854143,0.01610668,0,2.262758,2.2934039,2.2861693,0.02423125,47,0.04378908
sequential,mov,0.2,0.3,0.09333333333333334,4,rrg,221,0.13390264,0.15990122,0.054805245,41,0.24939997,0.2356056,0,2.2584357,2.2910001,2.0329454,0.18289356,2,0.045601234
sequential,mov,0.2,0.3,0.09666666666666666,4,rrg,38,0.19287121,0.14705814,0.061010025,17,0.18774438,0.014995479,0,2.2293172,2.274518,2.2345724,0.011899024,57,0.054523543
sequential,mov,0.2,0.3,0.1,4,rrg,55,0.19903667,0.16649105,0.10648987,18,0.17427886,0.06408572,0,2.277881,2.258879,2.251847,0.051182505,29,0.067506075
sequential,mov,0.2,0.3,0.10333333333333333,4,rrg,249,0.32029724,0.17402259,0.11445329,3,0.13633157,0.09675593,0,1.8357441,2.2426195,1.4386574,0.18396567,3,0.067672245
sequential,mov,0.2,0.3,0.10666666666666667,4,rrg,61,0.21220367,0.1527801,0.05784551,12,0.21392988,0.01249383,0,2.190646,2.2768028,2.2118864,0.011541729,59,0.060181305
sequential,mov,0.2,0.3,0.11,4,rrg,62,0.23501354,0.15193543,0.05361739,2,0.22420025,0.030489068,0,2.171825,2.2885633,2.2071407,0.031986043,47,0.056119144
sequential,mov,0.2,0.3,0.11333333333333333,4,rrg,63,0.14679953,0.1466491,0.06336543,32,0.11308601,0.041256987,0,2.4355164,2.2713585,2.3791232,0.043621074,40,0.06005971
sequential,mov,0.2,0.3,0.11666666666666667,4,rrg,129,0.24622639,0.14898877,0.061322946,2,0.21726708,0.009014556,0,2.1822982,2.2901473,2.2381144,0.028959325,49,0.055050187
sequential,mov,0.2,0.3,0.12,4,rrg,289,0.2140303,0.15131766,0.060797013,11,0.13044095,0.10151447,0,2.169196,2.2742133,1.4674739,0.10596296,3,0.05884616
sequential,mov,0.2,0.3,0.12333333333333334,4,rrg,173,0.14428215,0.15741204,0.06678519,40,0.14359283,0.0819487,0,2.414199,2.264028,2.3416946,0.07420467,15,0.05880209
sequential,mov,0.2,0.3,0.12666666666666668,4,rrg,189,0.09354952,0.14963141,0.06783476,51,0.09725994,0.07941588,0,2.263574,2.2848659,1.5280536,0.06607676,23,0.060041413
sequential,mov,0.2,0.3,0.13,4,rrg,227,0.3269001,0.14901975,0.06568103,1,0.15804225,0.11281407,0,1.8828005,2.2647479,1.445706,0.16885786,2,0.058392543
sequential,mov,0.2,0.3,0.13333333333333333,4,rrg,54,0.35546225,0.1453583,0.070300594,1,0.2161619,0.20385462,0,1.9285167,2.2506692,1.2831832,0.22861981,1,0.059063576
sequential,mov,0.2,0.3,0.13666666666666666,4,rrg,233,0.22610618,0.16285034,0.11025956,9,0.1631279,0.025182005,0,2.2909653,2.227693,2.296995,0.062978275,24,0.06917248
sequential,mov,0.2,0.3,0.14,4,rrg,184,0.25835276,0.1451691,0.07503186,2,0.20602222,0.042123877,0,2.1219757,2.247364,2.1402454,0.052330542,29,0.05881626
sequential,mov,0.2,0.3,0.14333333333333334,4,rrg,27,0.1287157,0.15488504,0.12477184,35,0.13844348,0.09877214,0,2.1613007,2.2055564,1.3170863,0.09553825,11,0.08243762
sequential,mov,0.2,0.3,0.14666666666666667,4,rrg,282,0.4032179,0.13805197,0.075667575,1,0.09360758,0.080164865,1,1.8074157,2.2567317,1.4592873,0.30961034,1,0.071486376
sequential,mov,0.2,0.3,0.15,4,rrg,57,0.13330233,0.14530179,0.07016279,34,0.1351927,0.099439554,0,2.2077913,2.2732315,1.530612,0.0907586,4,0.055589642
sequential,mov,0.2,0.3,0.15333333333333332,4,rrg,156,0.4383651,0.14284521,0.08235162,1,0.13316432,0.1403182,0,1.6773785,2.2382257,1.2868586,0.3052008,2,0.07001576
sequential,mov,0.2,0.3,0.15666666666666668,4,rrg,165,0.42193463,0.14771476,0.06743963,1,0.12678891,0.08991232,1,1.7218409,2.2899618,1.4557943,0.29514572,2,0.063597485
sequential,mov,0.2,0.3,0.16,4,rrg,265,0.7058211,0.14071079,0.09934796,1,0.084980935,0.12018119,1,1.0701354,2.2240834,0.61417824,0.62084013,1,0.07581614
sequential,mov,0.2,0.3,0.16333333333333333,4,rrg,263,0.37728333,0.14400919,0.07823907,1,0.20909159,0.056550518,0,1.7880294,2.2504385,1.9432039,0.16819175,4,0.07068134
sequential,mov,0.2,0.3,0.16666666666666666,4,rrg,45,0.4335254,0.17956024,0.17620249,5,0.03722981,0.050861157,0,1.3694539,2.158313,0.6871474,0.39629564,5,0.11051349
sequential,mov,0.2,0.3,0.17,4,rrg,125,0.64025426,0.14439797,0.0909089,1,0.07929159,0.07926204,1,1.2999237,2.1958845,1.4199415,0.5609627,1,0.07805054
sequential,mov,0.2,0.3,0.17333333333333334,4,rrg,143,0.6208367,0.16105212,0.1337009,2,0.039751608,0.056215238,1,1.2771199,2.2036576,0.69023675,0.581085,2,0.084533796
sequential,mov,0.2,0.3,0.17666666666666667,4,rrg,121,0.18944795,0.12210992,0.061564445,13,0.16995604,0.042632442,0,2.3294456,2.2634397,2.3385012,0.03670438,46,0.06096159
sequential,mov,0.2,0.3,0.18,4,rrg,226,0.20139092,0.13794595,0.06816314,10,0.21502566,0.053650394,0,2.2056034,2.2680047,2.208274,0.045307662,35,0.05745804
sequential,mov,0.2,0.3,0.18333333333333332,4,rrg,197,0.20506407,0.14156812,0.069271326,12,0.2014486,0.0032635636,0,2.208522,2.2220685,2.2201104,0.0042768917,60,0.07349224
sequential,mov,0.2,0.3,0.18666666666666668,4,rrg,237,0.43069938,0.1501377,0.08786881,2,0.0963378,0.07447006,0,1.7391413,2.2295377,1.4758466,0.33436158,1,0.06927317
sequential,mov,0.2,0.3,0.19,4,rrg,53,0.13903913,0.13953878,0.07053908,30,0.2592879,0.21837363,0,2.2601418,2.2318807,2.047179,0.17392395,3,0.06904331
sequential,mov,0.2,0.3,0.19333333333333333,4,rrg,250,0.21326011,0.14370656,0.07434686,7,0.19153666,0.045973763,0,2.263022,2.262748,2.2742188,0.048232038,32,0.07676828
sequential,mov,0.2,0.3,0.19666666666666666,4,rrg,204,0.54247373,0.14800197,0.13151474,2,0.11888669,0.091736816,0,1.5029778,2.2266195,1.3980211,0.42358705,2,0.09195698
sequential,mov,0.2,0.3,0.2,4,rrg,16,0.20748928,0.15824024,0.15886323,10,0.19630538,0.0053399242,0,2.1737423,2.1263568,2.163051,0.011183898,59,0.089345604
sequential,mov,0.2,0.3,0.20333333333333334,4,rrg,283,0.24771026,0.12683804,0.06518494,2,0.21336518,0.11753737,0,2.1426585,2.2520678,2.0800934,0.11595145,6,0.07212858
sequential,mov,0.2,0.3,0.20666666666666667,4,rrg,81,0.58775103,0.15442726,0.13049795,2,0.08221076,0.05836589,0,1.4357036,2.190124,1.4491805,0.5055403,2,0.09052777
sequential,mov,0.2,0.3,0.21,4,rrg,89,0.5725325,0.14900908,0.08806628,1,0.102258354,0.14459923,0,1.2981286,2.2037072,0.6313132,0.47027412,1,0.07437971
sequential,mov,0.2,0.3,0.21333333333333335,4,rrg,215,0.23070963,0.11524614,0.06581884,3,0.15237081,0.02044924,0,2.1886346,2.2202606,2.147502,0.07833881,17,0.07145882
sequential,mov,0.2,0.3,0.21666666666666667,4,rrg,41,0.12880847,0.1487999,0.1500364,26,0.11314734,0.087345496,0,2.206579,2.1522126,1.3818172,0.07154939,23,0.09896229
sequential,mov,0.2,0.3,0.22,4,rrg,131,0.18520619,0.14117193,0.071837135,19,0.13030575,0.0352102,0,2.2861419,2.190156,2.2011049,0.054900438,29,0.0798924
sequential,mov,0.2,0.3,0.22333333333333333,4,rrg,245,0.23188077,0.1689063,0.19108935,7,0.221988,0.008342881,0,2.1794038,2.069583,2.2136414,0.01064006,60,0.12264812
sequential,mov,0.2,0.3,0.22666666666666666,4,rrg,239,0.2882351,0.14745547,0.12700851,3,0.11621264,0.08598372,0,1.9925526,2.155908,1.5017427,0.17202246,7,0.093428105
sequential,mov,0.2,0.3,0.23,4,rrg,20,0.48313022,0.1616322,0.12819338,2,0.12578733,0.17718661,0,1.5021944,2.1490953,0.63534456,0.35734287,4,0.10855393
sequential,mov,0.2,0.3,0.23333333333333334,4,rrg,266,0.23568259,0.14576411,0.121727265,4,0.21353193,0.1182822,0,2.1396437,2.1755917,2.0717096,0.11406615,9,0.09502282
sequential,mov,0.2,0.3,0.23666666666666666,4,rrg,58,0.73561466,0.1799604,0.23253895,5,0.08456213,0.118826605,1,1.021472,2.0510924,0.66882604,0.65105253,5,0.1535048
sequential,mov,0.2,0.3,0.24,4,rrg,224,0.32764423,0.16087262,0.17084788,3,0.11550102,0.08967051,0,1.8606136,2.0402892,1.460533,0.21214323,10,0.12563924
sequential,mov,0.2,0.3,0.24333333333333335,4,rrg,257,0.20865552,0.14809884,0.15766393,7,0.38628113,0.35439962,0,1.8051379,2.1429586,1.429669,0.27478454,5,0.10155774
sequential,mov,0.2,0.3,0.24666666666666667,4,rrg,246,0.20999537,0.1161025,0.07910353,8,0.1994149,0.07799379,0,2.1652772,2.2076654,2.130811,0.06914438,20,0.0678051
sequential,mov,0.2,0.3,0.25,4,rrg,80,0.2315662,0.15087767,0.12341592,4,0.17412256,0.12711127,0,1.950118,2.143019,1.359511,0.10305617,10,0.104351066
sequential,mov,0.2,0.3,0.25333333333333335,4,rrg,251,0.24710678,0.1457152,0.13140348,4,0.13428737,0.10803801,0,1.9704719,2.1832387,1.4518204,0.124445535,8,0.09618856
sequential,mov,0.2,0.3,0.25666666666666665,4,rrg,70,0.10322924,0.13826934,0.12416259,39,0.0988315,0.076539084,0,2.2515292,2.1713045,1.5837306,0.06442175,25,0.08950268
sequential,mov,0.2,0.3,0.26,4,rrg,134,0.6720303,0.13986892,0.14278516,2,0.12723443,0.1027283,1,1.1678067,2.1346228,1.2288455,0.54479593,2,0.09491277
sequential,mov,0.2,0.3,0.2633333333333333,4,rrg,85,0.18699859,0.12006312,0.065667026,13,0.13421054,0.041486803,0,2.349029,2.1547885,2.2970502,0.052788053,32,0.077713884
sequential,mov,0.2,0.3,0.26666666666666666,4,rrg,198,0.2633175,0.16367061,0.17114049,7,0.3750229,0.4448654,0,1.2970369,2.1048195,0.750114,0.37941626,3,0.11180552
sequential,mov,0.2,0.3,0.27,4,rrg,141,0.03705002,0.14236404,0.1350182,52,0.06176233,0.047917854,0,2.2919023,2.144274,1.577001,0.04941232,35,0.08557842
sequential,mov,0.2,0.3,0.2733333333333333,4,rrg,30,0.2371407,0.15550454,0.19037513,5,0.20452893,0.064214475,0,2.2285416,2.1060572,2.2565212,0.06568125,24,0.1124938
sequential,mov,0.2,0.3,0.27666666666666667,4,rrg,100,0.16420847,0.14252739,0.13757117,18,0.15389736,0.12565322,0,2.014843,2.1531703,1.3163116,0.10602966,10,0.09358036
sequential,mov,0.2,0.3,0.28,4,rrg,240,0.47703394,0.14469618,0.175445,3,0.23703657,0.055355616,1,1.6200699,2.0600367,1.9958116,0.23999739,8,0.1135885
sequential,mov,0.2,0.3,0.2833333333333333,4,rrg,242,0.19241296,0.16507834,0.20412566,15,0.20044439,0.075701416,0,2.1403632,2.0445316,2.0124328,0.06294992,29,0.13377447
sequential,mov,0.2,0.3,0.2866666666666667,4,rrg,77,0.3013996,0.13581893,0.13028373,2,0.13815522,0.09727376,0,1.9489819,2.1518238,1.4887358,0.16324437,7,0.093846284
sequential,mov,0.2,0.3,0.29,4,rrg,168,0.17211546,0.17165008,0.22579023,16,0.1531414,0.05114852,0,2.1292295,2.0421858,2.0573463,0.041063778,46,0.13273019
sequential,mov,0.2,0.3,0.29333333333333333,4,rrg,234,0.2662406,0.16250305,0.19640596,7,0.012163714,0.017200742,0,1.6460134,1.9977307,0.71270055,0.25407687,8,0.13842167
sequential,mov,0.2,0.3,0.2966666666666667,4,rrg,8,0.19904308,0.15915217,0.18831095,8,0.14977454,0.013758436,0,2.3005762,2.0306842,2.2764702,0.049268544,41,0.13720131
sequential,mov,0.2,0.3,0.3,4,rrg,91,0.13621189,0.1675539,0.22267295,21,0.33333334,0.4714045,0,1.21748,2.0031483,1.033537e-09,0.3787373,6,0.15759878
sequential,mov,0.2,0.3,0.30333333333333334,4,rrg,294,0.20917207,0.12498756,0.13787785,10,0.1692691,0.02726735,0,2.2919228,2.1083896,2.2702177,0.03990297,43,0.09333278
sequential,mov,0.2,0.3,0.30666666666666664,4,rrg,138,0.1436862,0.16245657,0.19172792,24,0.103349425,0.03229835,0,2.369319,2.0780294,2.2670422,0.04033678,50,0.118759446
sequential,mov,0.2,0.3,0.31,4,rrg,185,0.20802286,0.1581423,0.16284192,10,0.19754416,0.008439416,0,2.2495413,2.0633295,2.2667115,0.011202052,60,0.13360007
sequential,mov,0.2,0.3,0.31333333333333335,4,rrg,192,0.08134083,0.12847503,0.15719192,36,0.06135681,0.08677162,0,1.773828,2.0140138,0.7793002,0.08847042,14,0.114429995
sequential,mov,0.2,0.3,0.31666666666666665,4,rrg,258,0.2210588,0.1474892,0.16678336,8,0.21247678,0.11110389,0,2.164266,2.0618062,2.0474765,0.0969877,14,0.12496098
sequential,mov,0.2,0.3,0.32,4,rrg,166,0.16148104,0.11704793,0.06922601,18,0.11052976,0.06342862,0,2.3811762,2.1292324,2.2592611,0.07589081,23,0.09859745
sequential,mov,0.2,0.3,0.3233333333333333,4,rrg,117,0.23267204,0.14603682,0.19073442,4,0.43339393,0.4030378,0,1.7581196,2.037305,1.3315597,0.3108301,7,0.12010594
sequential,mov,0.2,0.3,0.32666666666666666,4,rrg,160,0.17562868,0.1461341,0.17209487,16,0.120416515,0.08561176,0,2.1861887,2.058818,1.5646728,0.06581407,30,0.11260175
sequential,mov,0.2,0.3,0.33,4,rrg,187,0.4174594,0.15972394,0.19411916,4,0.2170074,0.049313094,0,1.728338,2.0208585,2.008745,0.20045201,8,0.12226078
sequential,mov,0.2,0.3,0.3333333333333333,4,rrg,94,0.09596405,0.14394452,0.16932629,38,0.2485937,0.26203865,0,2.3314936,2.0478854,2.0416105,0.19572024,7,0.113934785
sequential,mov,0.2,0.3,0.33666666666666667,4,rrg,24,0.3131246,0.13836314,0.17134191,4,0.043159842,0.041060027,0,1.8183041,2.0564432,1.3736409,0.26996472,6,0.10895137
sequential,mov,0.2,0.3,0.34,4,rrg,205,0.28331625,0.15515567,0.17403148,6,0.033174414,0.046915706,0,1.7295105,2.0039532,0.6278569,0.25014183,12,0.13740066
sequential,mov,0.2,0.3,0.3433333333333333,4,rrg,174,0.2200122,0.14955369,0.1784053,10,0.23167704,0.13591893,0,2.1701477,2.0001276,2.0495675,0.12823011,15,0.13752006
sequential,mov,0.2,0.3,0.3466666666666667,4,rrg,288,0.21333675,0.17025442,0.22006091,10,0.19870055,0.16663447,0,2.0692647,1.9533925,1.3224243,0.14790045,13,0.14400806
sequential,mov,0.2,0.3,0.35,4,rrg,194,0.16677918,0.13131629,0.14228153,14,0.14034028,0.07639583,0,2.3188982,2.0244539,2.206781,0.072593085,25,0.11572835
sequential,mov,0.2,0.3,0.35333333333333333,4,rrg,214,0.16882944,0.1455215,0.19720115,14,0.023223108,0.03258653,0,2.1933715,1.9391866,0.78052014,0.14560632,12,0.12597424
sequential,mov,0.2,0.3,0.3566666666666667,4,rrg,116,0.62285703,0.14143467,0.17105015,3,0.07519833,0.106342696,1,1.1709478,2.01275,0.61643654,0.5476587,3,0.10893133
sequential,mov,0.2,0.3,0.36,4,rrg,104,0.27083284,0.1473675,0.18955778,6,0.2361971,0.19997655,0,2.119152,1.9970304,1.9393946,0.19770075,10,0.12239977
sequential,mov,0.2,0.3,0.36333333333333334,4,rrg,60,0.8262,0.15737203,0.2239542,4,0.000794713,0.0011238939,1,0.50297326,1.9041871,0.020445796,0.8254053,3,0.15007372
sequential,mov,0.2,0.3,0.36666666666666664,4,rrg,113,0.122998804,0.105764404,0.079394266,23,0.11374923,0.04555727,0,2.4674356,2.0687976,2.4259694,0.04020179,40,0.09338424
sequential,mov,0.2,0.3,0.37,4,rrg,255,0.21975349,0.14363213,0.20183977,8,0.08853543,0.08855283,0,1.9095709,1.9849013,1.3329505,0.13121806,8,0.11592045
sequential,mov,0.2,0.3,0.37333333333333335,4,rrg,23,0.23444118,0.18315172,0.25342107,9,0.050458297,0.06838832,0,2.105192,1.9035727,0.6261609,0.18398286,11,0.15366371
sequential,mov,0.2,0.3,0.37666666666666665,4,rrg,93,0.19980577,0.14343567,0.18798366,9,0.16582774,0.06545713,0,2.2741265,1.9606172,2.2405643,0.07260635,28,0.15223376
sequential,mov,0.2,0.3,0.38,4,rrg,67,0.19830585,0.14527537,0.1628245,11,0.40095258,0.4316103,0,1.6842821,1.975154,0.73574954,0.33485064,7,0.12742765
sequential,mov,0.2,0.3,0.38333333333333336,4,rrg,210,0.19477555,0.1283019,0.1649335,10,0.108747415,0.031180548,0,2.3696423,2.025896,2.3096793,0.08602814,18,0.11246882
sequential,mov,0.2,0.3,0.38666666666666666,4,rrg,267,0.26110676,0.14801751,0.20840475,7,0.19770443,0.07096049,0,2.1508803,1.8971983,2.1274912,0.086361885,19,0.11426728
sequential,mov,0.2,0.3,0.39,4,rrg,108,0.3233947,0.15942638,0.20651205,5,0.15091102,0.21093492,0,1.6387985,1.8969004,0.5724594,0.25636128,9,0.13480146
sequential,mov,0.2,0.3,0.3933333333333333,4,rrg,59,0.42681733,0.14672492,0.21817848,5,0.15228157,0.11041687,1,1.5768211,1.9304692,1.2000557,0.27453575,5,0.10778271
sequential,mov,0.2,0.3,0.39666666666666667,4,rrg,1,0.14416502,0.16901822,0.2096372,23,0.2112451,0.16118443,0,2.248936,1.9038213,2.00563,0.14241216,16,0.16085596
sequential,mov,0.2,0.3,0.4,4,rrg,211,0.38170502,0.15118495,0.1993505,4,0.1919791,0.163541,1,1.7247583,1.9694388,1.2471887,0.20170057,13,0.14298959
sequential,mov,0.2,0.3,0.4033333333333333,4,rrg,106,0.21065551,0.14872985,0.21488887,8,0.4368395,0.40481126,0,1.6205972,1.9205124,1.3071586,0.32256237,11,0.1497584
sequential,mov,0.2,0.3,0.4066666666666667,4,rrg,212,0.1581708,0.12122345,0.17754371,11,0.11631808,0.01031155,0,2.3188481,1.9399291,2.233052,0.04185273,41,0.11436915
sequential,mov,0.2,0.3,0.41,4,rrg,171,0.12237981,0.15111636,0.20964639,22,0.06974614,0.098635934,0,1.9150555,1.9429435,0.73642546,0.11053941,18,0.15307038
sequential,mov,0.2,0.3,0.41333333333333333,4,rrg,254,0.18658394,0.13400789,0.19694547,8,0.19048072,0.111336485,0,2.060629,1.9261925,1.8678728,0.10235896,16,0.13327184
sequential,mov,0.2,0.3,0.4166666666666667,4,rrg,97,0.19425185,0.13748631,0.20844816,8,0.14770621,0.029269831,0,2.311085,1.9205927,2.2773333,0.046545643,41,0.14324376
sequential,mov,0.2,0.3,0.42,4,rrg,206,0.18871608,0.13253102,0.19605304,6,0.070903026,0.100272015,0,1.906963,1.8665192,0.62229127,0.13380839,12,0.13792016
sequential,mov,0.2,0.3,0.42333333333333334,4,rrg,48,0.25763145,0.15858078,0.2222624,8,0.10642166,0.14184259,0,1.8213215,1.8955146,0.639551,0.18405475,13,0.15675564
sequential,mov,0.2,0.3,0.4266666666666667,4,rrg,114,0.15683734,0.13806751,0.17735262,15,0.10266099,0.07418861,0,2.174612,1.9355236,1.4095217,0.06477739,33,0.14927107
sequential,mov,0.2,0.3,0.43,4,rrg,44,0.48248085,0.15032235,0.23048416,5,0.00022752413,0.00032176767,1,1.247351,1.9050475,0.011419657,0.48225334,6,0.15450796
sequential,mov,0.2,0.3,0.43333333333333335,4,rrg,35,0.12226668,0.15350603,0.23460367,23,0.14014676,0.16484429,0,2.157843,1.8418034,1.3901821,0.14831354,18,0.16236585
sequential,mov,0.2,0.3,0.43666666666666665,4,rrg,292,0.10761079,0.14931026,0.23558593,24,0.03345415,0.047311313,0,1.7923754,1.9245564,0.71700406,0.07415664,24,0.13720582
sequential,mov,0.2,0.3,0.44,4,rrg,169,0.21436815,0.1345175,0.17025128,4,0.106428176,0.016220918,0,2.1970031,1.9330224,2.0090427,0.10793998,20,0.14826132
sequential,mov,0.2,0.3,0.44333333333333336,4,rrg,201,0.67863756,0.1496413,0.2184737,5,0.0,0.0,1,1.0044417,1.8393792,0.0,0.67863756,4,0.16569172
sequential,mov,0.2,0.3,0.44666666666666666,4,rrg,145,0.3208375,0.16901155,0.24929787,8,0.11278957,0.08168744,0,1.8750978,1.8119508,1.4854237,0.20804793,14,0.16763212
sequential,mov,0.2,0.3,0.45,4,rrg,247,0.103492655,0.13571456,0.22482152,18,0.31942704,0.41198662,0,2.2791228,1.863885,1.5746665,0.316362,12,0.14336921
sequential,mov,0.2,0.3,0.4533333333333333,4,rrg,172,0.44382948,0.1417359,0.23183352,5,0.0,0.0,0,1.3388878,1.87171,0.0,0.44382945,6,0.15344706
sequential,mov,0.2,0.3,0.45666666666666667,4,rrg,195,0.123733155,0.14637299,0.25376284,15,0.10095742,0.08342078,0,2.188536,1.8301296,1.3747457,0.07648476,20,0.15569183
sequential,mov,0.2,0.3,0.46,4,rrg,47,0.20521274,0.1470215,0.25565758,7,0.4018942,0.43117994,0,1.6259353,1.8523289,0.5415051,0.33348998,11,0.1506737
sequential,mov,0.2,0.3,0.4633333333333333,4,rrg,144,0.113202855,0.15918034,0.22748938,26,0.06839241,0.09672148,0,2.051722,1.8831717,0.73901623,0.106126696,20,0.15662678
sequential,mov,0.2,0.3,0.4666666666666667,4,rrg,74,0.07046652,0.12143445,0.19262442,30,0.040062834,0.0566574,0,1.9456913,1.8521181,0.6877757,0.06355167,22,0.13901383
sequential,mov,0.2,0.3,0.47,4,rrg,193,0.113550596,0.18894742,0.28158614,25,0.10102874,0.09963624,0,2.0585804,1.7537972,1.3078357,0.094559856,23,0.19173923
sequential,mov,0.2,0.3,0.47333333333333333,4,rrg,256,0.13781936,0.12946253,0.21210766,13,0.36674297,0.44964552,0,1.7859275,1.8667343,0.69153196,0.345863,7,0.1312635
sequential,mov,0.2,0.3,0.4766666666666667,4,rrg,95,0.13575311,0.116132185,0.20894328,9,0.048173796,0.05137536,0,2.1483572,1.8694097,1.4646755,0.08757931,18,0.14814539
sequential,mov,0.2,0.3,0.48,4,rrg,72,0.09130963,0.12405105,0.20038071,22,0.0063812626,0.009024469,0,1.623644,1.9065121,0.70198387,0.08492836,20,0.13022913
sequential,mov,0.2,0.3,0.48333333333333334,4,rrg,262,0.1200217,0.13970762,0.2266774,17,0.046029653,0.045359198,0,2.0413992,1.8516774,1.383758,0.073992044,20,0.13885619
sequential,mov,0.2,0.3,0.4866666666666667,4,rrg,280,0.107379094,0.14276575,0.2596305,17,0.0,0.0,0,1.3867531,1.8058525,0.0,0.1073791,16,0.15032817
sequential,mov,0.2,0.3,0.49,4,rrg,21,0.1287963,0.13669583,0.22973008,13,0.366017,0.4500773,0,1.6645986,1.8484344,0.7282192,0.34358177,9,0.13846469
sequential,mov,0.2,0.3,0.49333333333333335,4,rrg,244,0.10855909,0.13481455,0.24316151,16,0.090535164,0.06899501,0,1.9444032,1.8459765,1.155161,0.05719435,21,0.13761796
sequential,mov,0.2,0.3,0.49666666666666665,4,rrg,191,0.1273616,0.14160559,0.26097098,12,0.3670185,0.4481957,0,1.8972439,1.8297333,1.2515708,0.34210205,10,0.14858846
sequential,mov,0.2,0.3,0.5,4,rrg,297,0.06387431,0.14718495,0.23584734,33,0.030283997,0.022427026,1,1.8732101,1.805849,1.2941517,0.033590313,48,0.1656453
sequential,mov,0.2,0.3,0.5033333333333333,4,rrg,188,1.0,0.11571702,0.20957318,1,0.3333324,0.47140318,1,5.740622e-07,1.7937965,1.51108325e-05,0.66666764,3,0.13338405
sequential,mov,0.2,0.3,0.5066666666666667,4,rrg,92,0.02404427,0.11945989,0.20855145,51,8.335077e-27,0.0,0,1.8152188,1.88506,5.152142e-24,0.02404427,49,0.14187892
sequential,mov,0.2,0.3,0.51,4,rrg,29,0.009947615,0.104171395,0.1772711,60,0.025928423,0.036668327,0,1.8659967,1.9242703,0.7246709,0.029244294,44,0.12398049
sequential,mov,0.2,0.3,0.5133333333333333,4,rrg,220,0.039455764,0.14797269,0.25553414,38,0.08633683,0.07347949,0,2.2943113,1.8241297,1.4915409,0.073184915,23,0.1610448
sequential,mov,0.2,0.3,0.5166666666666667,4,rrg,159,0.082845695,0.11832131,0.21438481,20,0.07905219,0.061574988,0,2.08997,1.8547475,1.3438908,0.05143696,33,0.14959717
sequential,mov,0.2,0.3,0.52,4,rrg,278,0.017330045,0.12552175,0.23503952,57,0.01279074,0.009928371,0,1.9240621,1.8200196,1.2828954,0.009120437,59,0.1352062
sequential,mov,0.2,0.3,0.5233333333333333,4,rrg,291,0.033914622,0.1308616,0.22051816,40,0.017935019,0.025363946,0,1.8120136,1.8021934,0.7564406,0.029239893,46,0.13322064
sequential,mov,0.2,0.3,0.5266666666666666,4,rrg,230,0.059706338,0.15363728,0.25795975,33,0.33915854,0.46733993,0,2.0381064,1.7240491,0.6358125,0.34741023,11,0.16774192
sequential,mov,0.2,0.3,0.53,4,rrg,180,0.022803644,0.13144368,0.22641446,49,0.020733127,0.0147573715,0,2.0808501,1.769547,1.395583,0.013131914,59,0.14634196
sequential,mov,0.2,0.3,0.5333333333333333,4,rrg,132,0.10946767,0.15174961,0.25247985,20,0.1464611,0.1421521,1,2.2940278,1.775898,1.9760203,0.11981064,17,0.1521662
sequential,mov,0.2,0.3,0.5366666666666666,4,rrg,238,0.025541963,0.14029203,0.2224563,47,0.03949076,0.033667404,0,2.161225,1.8325119,1.4658045,0.03097677,49,0.17118686
sequential,mov,0.2,0.3,0.54,4,rrg,217,0.028516097,0.11495447,0.19907379,43,0.045310434,0.043303728,1,2.2276685,1.867369,1.4142128,0.03580507,38,0.12798467
sequential,mov,0.2,0.3,0.5433333333333333,4,rrg,295,0.029185683,0.13600747,0.22801214,46,0.0,0.0,0,1.4441447,1.7950206,0.0,0.029185683,46,0.15718341
sequential,mov,0.2,0.3,0.5466666666666666,4,rrg,78,0.017600566,0.1525647,0.26349232,53,0.010903567,0.015419972,0,1.5996277,1.7504407,0.72556096,0.016770422,56,0.18642017
sequential,mov,0.2,0.3,0.55,4,rrg,96,0.29289663,0.17222135,0.26696336,9,0.19310527,0.11832679,1,1.8329949,1.7033303,1.6125094,0.14089479,19,0.17871046
sequential,mov,0.2,0.3,0.5533333333333333,4,rrg,153,0.120217346,0.17115314,0.27111748,18,0.37662673,0.44396916,0,1.934749,1.7140595,0.6835525,0.3365543,17,0.19781338
sequential,mov,0.2,0.3,0.5566666666666666,4,rrg,270,0.17563505,0.11583383,0.17572123,10,0.6953618,0.43082345,1,1.5514075,1.846151,0.6577504,0.5794265,4,0.15574732
sequential,mov,0.2,0.3,0.56,4,rrg,51,0.07794136,0.1722403,0.24713705,30,0.33333334,0.4714045,0,1.5102941,1.703066,0.0,0.35931382,11,0.1992356
sequential,mov,0.2,0.3,0.5633333333333334,4,rrg,190,0.046841107,0.17573284,0.2875484,38,0.060430456,0.05724417,0,2.1387057,1.6951082,1.3519787,0.046715412,36,0.19413558
sequential,mov,0.2,0.3,0.5666666666666667,4,rrg,287,0.14178698,0.15040042,0.24021144,18,0.33333334,0.4714045,1,1.0741497,1.816344,9.084298e-32,0.38059565,8,0.18239316
sequential,mov,0.2,0.3,0.57,4,rrg,82,0.9659847,0.16640247,0.25825623,4,0.016421514,0.023223525,1,0.19309574,1.7206839,0.6979117,0.9495632,1,0.18754621
sequential,mov,0.2,0.3,0.5733333333333334,4,rrg,12,0.03159984,0.15597256,0.26460055,43,0.03538162,0.05003717,0,1.9198717,1.7324258,0.7888786,0.0459149,34,0.1690229
sequential,mov,0.2,0.3,0.5766666666666667,4,rrg,186,0.0211316,0.1432103,0.22630863,50,0.0019835595,0.0028051767,0,2.1162353,1.8104109,0.55844086,0.019148039,53,0.17581901
sequential,mov,0.2,0.3,0.58,4,rrg,260,0.011702375,0.10456042,0.14438102,54,0.029466284,0.041671615,0,1.9156429,1.8502178,0.58556503,0.033367075,47,0.15532523
sequential,mov,0.2,0.3,0.5833333333333334,4,rrg,213,0.009049957,0.13803296,0.22665757,58,0.01663364,0.02352352,0,1.8831396,1.8332596,0.69493085,0.019650292,54,0.16754001
sequential,mov,0.2,0.3,0.5866666666666667,4,rrg,126,0.05284314,0.1215467,0.17175989,37,0.0025720971,0.0036374943,0,1.4884722,1.8052285,0.62372744,0.050271045,35,0.17420503
sequential,mov,0.2,0.3,0.59,4,rrg,179,0.104625486,0.15167385,0.25232792,19,0.053388804,0.07550317,0,1.9773337,1.7363585,0.70110893,0.088263966,23,0.18029355
sequential,mov,0.2,0.3,0.5933333333333334,4,rrg,196,0.03942566,0.11658432,0.17531694,38,0.04349039,0.042019315,0,2.1069446,1.8751576,1.3433422,0.036521588,43,0.16156243
sequential,mov,0.2,0.3,0.5966666666666667,4,rrg,102,0.16076252,0.19141214,0.30853945,16,0.09133297,0.07438009,1,1.9953525,1.6222297,1.3916702,0.083715476,24,0.21530934
sequential,mov,0.2,0.3,0.6,4,rrg,49,0.29222095,0.15455444,0.23449801,9,0.33333334,0.4714045,1,1.5690978,1.7187905,0.0,0.43074033,8,0.19085099
sequential,mov,0.2,0.3,0.6033333333333334,4,rrg,154,0.07416872,0.16266938,0.2606727,23,0.0,0.0,0,0.9336794,1.6794499,0.0,0.07416872,28,0.19487558
sequential,mov,0.2,0.3,0.6066666666666667,4,rrg,252,0.0426087,0.21173927,0.31598017,37,0.055494864,0.042644843,0,2.3541627,1.6154768,1.4619805,0.041291967,38,0.22872551
sequential,mov,0.2,0.3,0.61,4,rrg,118,0.015079202,0.19130081,0.2913839,52,0.0,0.0,0,2.179765,1.629609,0.0,0.015079203,55,0.22616073
sequential,mov,0.2,0.3,0.6133333333333333,4,rrg,182,0.07699541,0.16488095,0.27016526,23,0.0,0.0,0,1.9348,1.6972929,0.0,0.07699541,27,0.19418313
sequential,mov,0.2,0.3,0.6166666666666667,4,rrg,207,0.9999978,0.22405317,0.31283242,5,0.15784353,0.112455115,1,3.4605007e-05,1.6255044,0.7458734,0.84215426,4,0.246602
sequential,mov,0.2,0.3,0.62,4,rrg,202,0.09866663,0.1804684,0.27753824,23,0.18908663,0.24854496,0,2.1787724,1.6995846,1.1963122,0.20395945,22,0.21154164
sequential,mov,0.2,0.3,0.6233333333333333,4,rrg,276,0.027990943,0.18807878,0.2740434,43,0.04328194,0.047150515,0,2.1887987,1.6745785,1.4095343,0.038616348,40,0.21009128
sequential,mov,0.2,0.3,0.6266666666666667,4,rrg,130,0.24860291,0.14086904,0.21224618,8,0.22658907,0.26054707,1,1.9977129,1.7851024,1.108047,0.2506244,20,0.17230566
sequential,mov,0.2,0.3,0.63,4,rrg,269,0.41248068,0.19507907,0.29578787,9,0.04415366,0.0624427,0,1.67611,1.617045,0.7510824,0.36832702,13,0.25070718
sequential,mov,0.2,0.3,0.6333333333333333,4,rrg,6,0.45433995,0.16566624,0.28443903,7,0.21247001,0.30047798,0,1.0586655,1.6703358,0.30877402,0.36391667,11,0.20167586
sequential,mov,0.2,0.3,0.6366666666666667,4,rrg,140,0.0073942184,0.1496186,0.26355034,57,0.01801122,0.025471713,0,1.951423,1.6692243,0.76314276,0.02047596,51,0.19963913
sequential,mov,0.2,0.3,0.64,4,rrg,37,0.1088687,0.17739949,0.27692354,22,0.3333327,0.47140357,0,1.3586938,1.617493,9.902606e-06,0.36962223,11,0.22372322
sequential,mov,0.2,0.3,0.6433333333333333,4,rrg,31,1.0,0.16284378,0.26603913,1,0.0,0.0,1,1.1564589e-17,1.6608396,0.0,1.0,1,0.20929661
sequential,mov,0.2,0.3,0.6466666666666666,4,rrg,146,0.2388404,0.1950352,0.30863202,13,0.18358405,0.20967574,1,2.131961,1.5730554,1.2125945,0.21405642,23,0.22860904
sequential,mov,0.2,0.3,0.65,4,rrg,268,0.02869577,0.14127159,0.26439443,42,0.052965093,0.053676717,0,2.1490235,1.6789508,1.3626038,0.04339984,35,0.1944774
sequential,mov,0.2,0.3,0.6533333333333333,4,rrg,88,0.037758783,0.1834936,0.28841949,45,0.0,0.0,0,1.9796263,1.5510532,0.0,0.037758783,47,0.22105289
sequential,mov,0.2,0.3,0.6566666666666666,4,rrg,279,0.06808244,0.15192275,0.25948873,25,0.046965104,0.038543854,0,2.1743155,1.6624237,1.5522295,0.038668457,43,0.22826098
sequential,mov,0.2,0.3,0.66,4,rrg,181,0.99999833,0.15455672,0.28621513,4,0.36687896,0.4495654,1,2.7754159e-05,1.6168635,0.6415821,0.6331205,6,0.20670588
sequential,mov,0.2,0.3,0.6633333333333333,4,rrg,64,0.005901393,0.13058141,0.22803025,57,0.0059947465,0.008477852,0,1.4872689,1.680228,0.69517165,0.007961878,56,0.186655
sequential,mov,0.2,0.3,0.6666666666666666,4,rrg,52,0.17000782,0.17156023,0.29508424,11,0.018181594,0.02571266,0,1.8013077,1.6009392,0.56560653,0.15182623,27,0.23615435
sequential,mov,0.2,0.3,0.67,4,rrg,71,0.031591415,0.14414996,0.2332096,45,0.33926025,0.46726993,0,2.332896,1.6545558,0.7375224,0.33793688,22,0.21831629
sequential,mov,0.2,0.3,0.6733333333333333,4,rrg,275,0.04755807,0.16020079,0.2685191,39,0.020047368,0.02835126,0,1.6492993,1.6148839,0.65083843,0.03590006,45,0.22195472
sequential,mov,0.2,0.3,0.6766666666666666,4,rrg,219,0.80651087,0.16189446,0.2668773,5,0.0017250957,0.0024396535,1,0.84640425,1.6267667,0.17166878,0.8047858,4,0.23603065
sequential,mov,0.2,0.3,0.68,4,rrg,225,0.17966703,0.1519031,0.27016273,11,0.33333334,0.4714045,1,1.6962149,1.6466615,4.734003e-31,0.39322233,9,0.21112515
sequential,mov,0.2,0.3,0.6833333333333333,4,rrg,223,0.052811578,0.144027,0.24763456,31,0.033981893,0.044502366,0,1.9935666,1.6405832,1.3009481,0.0481879,37,0.2249869
sequential,mov,0.2,0.3,0.6866666666666666,4,rrg,39,0.054701354,0.13615805,0.24899687,31,0.33685103,0.46893468,0,1.7136594,1.6445146,0.68596107,0.3480473,15,0.19828649
sequential,mov,0.2,0.3,0.69,4,rrg,155,0.017306497,0.17281416,0.29124022,49,0.0066765607,0.009442084,0,1.542446,1.5576543,0.6744028,0.012445393,53,0.21906295
sequential,mov,0.2,0.3,0.6933333333333334,4,rrg,286,0.0017026559,0.15481831,0.27528918,58,0.0017722957,0.0012627137,0,1.3968176,1.6231685,1.1741428,0.0012047436,58,0.19383408
sequential,mov,0.2,0.3,0.6966666666666667,4,rrg,76,0.15363951,0.173788,0.29735917,14,0.35813522,0.45488232,0,1.7770957,1.5864148,0.6873372,0.35974464,14,0.23476307
sequential,mov,0.2,0.3,0.7,4,rrg,272,0.014599075,0.14262825,0.26053044,52,0.0057367436,0.00811298,0,1.9610603,1.62681,0.70591325,0.010603101,57,0.21321364
sequential,mov,0.2,0.3,0.7033333333333334,4,rrg,277,0.05400762,0.14736031,0.26559347,33,0.026676057,0.03772564,0,2.219799,1.5836245,0.6719291,0.0446786,37,0.20107132
sequential,mov,0.2,0.3,0.7066666666666667,4,rrg,229,0.26031858,0.1771141,0.301141,9,0.41681746,0.41490045,1,1.3166186,1.521751,1.1135718,0.3366219,20,0.22362138
sequential,mov,0.2,0.3,0.71,4,rrg,232,1.0,0.19041644,0.30820057,1,2.0536636e-28,0.0,1,1.1896398e-07,1.5230167,1.9301678e-26,1.0,1,0.2372129
sequential,mov,0.2,0.3,0.7133333333333334,4,rrg,178,0.14545816,0.16124539,0.28197792,12,0.333333,0.47140405,1,1.672799,1.593065,5.4246116e-06,0.38181904,11,0.23118623
sequential,mov,0.2,0.3,0.7166666666666667,4,rrg,273,0.0016944939,0.17311941,0.31219694,59,0.0,0.0,0,1.4622374,1.5521562,0.0,0.0016944939,59,0.21169439
sequential,mov,0.2,0.3,0.72,4,rrg,157,0.039438713,0.1714314,0.29095092,40,0.034281436,0.048481274,0,1.9576281,1.5870423,0.6217683,0.047427673,37,0.23259327
sequential,mov,0.2,0.3,0.7233333333333334,4,rrg,274,0.033883996,0.1484482,0.25344387,42,0.036777403,0.038026277,0,2.0289798,1.6228211,1.2702495,0.033947248,42,0.21080914
sequential,mov,0.2,0.3,0.7266666666666667,4,rrg,222,0.03620033,0.15652631,0.27757642,39,0.029587524,0.04184308,0,1.7986431,1.5746493,0.68290323,0.0416543,40,0.21308166
sequential,mov,0.2,0.3,0.73,4,rrg,65,0.1196781,0.21099854,0.31727004,19,0.055277977,0.07817487,0,1.9599588,1.5271904,0.5305189,0.09517068,34,0.2638437
sequential,mov,0.2,0.3,0.7333333333333333,4,rrg,86,0.9999993,0.20230232,0.32823393,3,0.35208067,0.45872316,1,1.3131549e-05,1.4859521,0.68950224,0.6479191,8,0.22980946
sequential,mov,0.2,0.3,0.7366666666666667,4,rrg,209,0.06789231,0.16407688,0.28423825,26,2.4370184e-27,0.0,0,1.2485843,1.584176,6.1030697e-25,0.06789231,31,0.20625798
sequential,mov,0.2,0.3,0.74,4,rrg,162,0.012671625,0.20190991,0.31277665,52,0.0,0.0,0,1.8197551,1.512196,0.0,0.012671624,55,0.23456809
sequential,mov,0.2,0.3,0.7433333333333333,4,rrg,290,0.069127165,0.1660318,0.2760732,25,0.0051059304,0.007220876,0,2.0679963,1.6027027,0.67549783,0.06402124,34,0.22060248
sequential,mov,0.2,0.3,0.7466666666666667,4,rrg,119,0.9999824,0.20197476,0.32167768,7,9.989734e-09,1.4127618e-08,1,0.00024344625,1.4767808,4.5252723e-06,0.99998236,1,0.23204374
sequential,mov,0.2,0.3,0.75,4,rrg,87,0.28994086,0.1624842,0.27024877,9,0.33333334,0.4714045,0,0.6020998,1.5787177,6.10657e-11,0.42998028,9,0.21695365
sequential,mov,0.2,0.3,0.7533333333333333,4,rrg,175,0.097852424,0.15081277,0.25488174,20,0.006065411,0.008577786,1,1.9207615,1.607263,0.6306238,0.09178702,31,0.20594332
sequential,mov,0.2,0.3,0.7566666666666667,4,rrg,293,0.07868826,0.17490183,0.29634896,25,0.34422132,0.46389452,0,1.9160781,1.5519665,0.6384794,0.34867215,17,0.2299102
sequential,mov,0.2,0.3,0.76,4,rrg,158,0.024916835,0.16351137,0.27658612,42,0.0,0.0,0,1.1477678,1.5883721,0.0,0.024916835,44,0.21385679
sequential,mov,0.2,0.3,0.7633333333333333,4,rrg,216,0.054838784,0.17928557,0.29690775,31,0.029126735,0.041191425,0,1.8790118,1.5330201,0.66348857,0.04740633,36,0.23535159
sequential,mov,0.2,0.3,0.7666666666666667,4,rrg,28,0.25358734,0.1785234,0.29386568,10,0.6666667,0.47140452,0,0.61634827,1.5357014,0.0,0.5821375,8,0.24065097
sequential,mov,0.2,0.3,0.77,4,rrg,135,0.032948393,0.17652862,0.2981502,41,0.33333048,0.47140047,0,2.1102054,1.5715486,4.2081072e-05,0.34431326,21,0.22809479
sequential,mov,0.2,0.3,0.7733333333333333,4,rrg,10,0.016501307,0.17547008,0.30543864,45,0.0,0.0,1,1.3281422,1.5506159,0.0,0.016501307,47,0.22096692
sequential,mov,0.2,0.3,0.7766666666666666,4,rrg,281,0.071133524,0.1935598,0.31334257,27,0.0,0.0,0,1.5280814,1.5512904,0.0,0.071133524,34,0.22945279
sequential,mov,0.2,0.3,0.78,4,rrg,84,0.116696805,0.16440456,0.2762748,15,0.3521926,0.45865098,0,1.5751772,1.6055099,0.6205529,0.35337296,13,0.21843821
sequential,mov,0.2,0.3,0.7833333333333333,4,rrg,18,0.21420248,0.17892943,0.2962765,12,0.6308161,0.44821018,1,1.671654,1.5669122,0.11379954,0.5594153,8,0.21836977
sequential,mov,0.2,0.3,0.7866666666666666,4,rrg,161,0.02405773,0.16659823,0.28666562,40,0.0,0.0,0,1.7845372,1.5741569,0.0,0.02405773,42,0.20825024
sequential,mov,0.2,0.3,0.79,4,rrg,127,0.12859157,0.18419096,0.30427408,15,0.08410705,0.11894534,0,1.0880557,1.5453117,0.37875363,0.1269709,28,0.21433106
sequential,mov,0.2,0.3,0.7933333333333333,4,rrg,42,0.45521283,0.1808046,0.3043562,9,0.13929212,0.1969888,1,1.7101972,1.5751235,0.5829527,0.3159207,25,0.21826287
sequential,mov,0.2,0.3,0.7966666666666666,4,rrg,43,0.056242052,0.16775192,0.30189726,27,0.33333334,0.4714045,0,2.0685027,1.5622907,1.3125377e-23,0.3520807,15,0.21712583
sequential,mov,0.2,0.3,0.8,4,rrg,0,0.082523614,0.16720906,0.3022011,19,0.3484551,0.46108392,0,2.0085099,1.5501963,0.7025468,0.34571943,19,0.21187137
sequential,mov,0.2,0.3,0.8033333333333333,4,rrg,128,0.06552964,0.16839327,0.30468625,24,0.33333334,0.4714045,0,2.1622372,1.5365304,1.2282901e-29,0.35517654,13,0.20933099
sequential,mov,0.2,0.3,0.8066666666666666,4,rrg,259,0.08704887,0.17012183,0.30702794,18,0.0,0.0,0,1.6136783,1.5242721,0.0,0.087048866,26,0.20680821
sequential,mov,0.2,0.3,0.81,4,rrg,5,0.07895291,0.17155896,0.3095179,19,0.34057823,0.46636477,0,1.5798697,1.5225568,0.6338448,0.35240486,14,0.20889035
sequential,mov,0.2,0.3,0.8133333333333334,4,rrg,261,0.052396286,0.17349763,0.3118867,24,0.33333334,0.4714045,0,1.4476938,1.5235354,0.0,0.35079876,14,0.20638773
sequential,mov,0.2,0.3,0.8166666666666667,4,rrg,136,0.07853667,0.17568468,0.31428736,19,0.33333334,0.4714045,0,1.8690219,1.5247916,4.4281125e-15,0.3595122,12,0.20376451
sequential,mov,0.2,0.3,0.82,4,rrg,264,0.0131284855,0.17746022,0.31691518,42,0.0,0.0,0,1.337935,1.5183228,0.0,0.0131284855,45,0.20086002
sequential,mov,0.2,0.3,0.8233333333333334,4,rrg,9,0.18005806,0.18054841,0.31908527,11,0.0,0.0,1,1.6184748,1.5219244,0.0,0.18005806,21,0.20439035
sequential,mov,0.2,0.3,0.8266666666666667,4,rrg,137,0.008191064,0.18052179,0.32215625,45,0.022614755,0.031982094,0,1.977344,1.5208408,0.52903247,0.02534511,32,0.2048177
sequential,mov,0.2,0.3,0.83,4,rrg,139,0.020818323,0.18373065,0.32445207,34,0.0,0.0,0,1.195543,1.5066873,0.0,0.020818323,34,0.20821844
sequential,mov,0.2,0.3,0.8333333333333334,4,rrg,142,0.01056334,0.18691206,0.32688525,42,0.0,0.0,0,1.2132174,1.5116053,0.0,0.01056334,44,0.21190031
sequential,mov,0.2,0.3,0.8366666666666667,4,rrg,15,0.010647808,0.19051054,0.32923156,41,0.009097951,0.012866446,0,1.8104861,1.5173402,0.7564881,0.012647222,42,0.21602358
sequential,mov,0.2,0.3,0.84,4,rrg,271,0.1869153,0.19853193,0.33040524,10,0.33333334,0.4714045,0,1.0388387,1.4879532,2.3071806e-16,0.39563844,10,0.22142173
sequential,mov,0.2,0.3,0.8433333333333334,4,rrg,17,0.9999992,0.1995165,0.33387804,3,0.33333334,0.4714045,1,1.1068793e-05,1.4885201,6.613e-42,0.66666645,2,0.21813121
sequential,mov,0.2,0.3,0.8466666666666667,4,rrg,147,0.0029724922,0.18234105,0.31572303,42,4.548357e-33,0.0,0,1.7173586,1.5171238,4.0620973e-30,0.0029724922,43,0.20850807
sequential,mov,0.2,0.3,0.85,4,rrg,148,0.99999976,0.18637884,0.31807238,4,0.03354568,0.047440752,1,3.0162958e-06,1.5117674,0.6415818,0.9664541,1,0.21310522
sequential,mov,0.2,0.3,0.8533333333333334,4,rrg,149,0.0068301554,0.16789152,0.29678884,37,0.0006454971,0.0009128708,0,1.9252579,1.5460578,0.5740536,0.0061846585,39,0.19598593
sequential,mov,0.2,0.3,0.8566666666666667,4,rrg,22,0.058934804,0.17163387,0.29919526,17,1.3271889e-12,1.8769287e-12,0,1.1611121,1.5399122,2.8846756e-09,0.058934804,22,0.20035768
sequential,mov,0.2,0.3,0.86,4,rrg,150,1.0,0.17420551,0.30225697,1,0.33333334,0.4714045,1,1.9370656e-08,1.5502936,2.2793838e-29,0.6666667,1,0.20372218
sequential,mov,0.2,0.3,0.8633333333333333,4,rrg,151,0.05272189,0.15345033,0.27678213,17,0.0,0.0,0,1.5549011,1.5916029,0.0,0.05272189,21,0.19210835
sequential,mov,0.2,0.3,0.8666666666666667,4,rrg,152,0.04947942,0.15552703,0.27983817,17,0.33333334,0.4714045,0,1.9937898,1.5940588,0.0,0.34982646,9,0.19524059
sequential,mov,0.2,0.3,0.87,4,rrg,26,0.07927267,0.15808061,0.28291488,14,1.1152481e-28,0.0,0,1.7335113,1.5842453,4.501386e-26,0.07927267,18,0.19112553
sequential,mov,0.2,0.3,0.8733333333333333,4,rrg,284,0.013754436,0.16010956,0.28632957,29,7.3981176e-36,0.0,0,1.3475373,1.5804114,6.218027e-33,0.013754436,32,0.19402468
sequential,mov,0.2,0.3,0.8766666666666667,4,rrg,163,0.010872265,0.16405466,0.28914863,30,0.0,0.0,0,1.9450254,1.5867169,0.0,0.010872264,32,0.19888596
sequential,mov,0.2,0.3,0.88,4,rrg,164,0.11481029,0.16830994,0.2919921,9,0.024570301,0.034747653,1,2.0058565,1.5767671,0.5713784,0.09023998,17,0.20410864
sequential,mov,0.2,0.3,0.8833333333333333,4,rrg,167,0.00094794424,0.17027496,0.29586127,34,0.0,0.0,0,1.3617094,1.5681545,0.0,0.0009479442,34,0.2147064
sequential,mov,0.2,0.3,0.8866666666666667,4,rrg,40,0.108006775,0.1754237,0.29868367,9,0.34162965,0.46564904,0,1.3141177,1.5722646,0.6408034,0.36103928,7,0.2221459
sequential,mov,0.2,0.3,0.89,4,rrg,296,0.0061723557,0.17790818,0.30273545,29,0.0,0.0,0,1.904156,1.5809948,0.0,0.0061723557,30,0.2177856
sequential,mov,0.2,0.3,0.8933333333333333,4,rrg,170,0.15638192,0.18333395,0.3058503,8,0.068221495,0.096479766,0,1.058055,1.570883,0.4293351,0.1203488,16,0.2245937
sequential,mov,0.2,0.3,0.8966666666666666,4,rrg,298,0.0023337703,0.18278281,0.3107109,30,0.0,0.0,0,1.9942471,1.5819714,0.0,0.0023337703,30,0.22918795
sequential,mov,0.2,0.3,0.9,4,rrg,299,0.013217991,0.18833663,0.31411216,26,0.33333334,0.4714045,0,2.2401721,1.565024,0.0,0.33773935,12,0.2365957
sequential,mov,0.2,0.3,0.9033333333333333,4,rrg,183,0.0059200954,0.194306,0.3177656,27,0.013878133,0.019626644,0,2.019725,1.5405262,0.70999056,0.0158515,26,0.23309438
sequential,mov,0.2,0.3,0.9066666666666666,4,rrg,56,0.029079216,0.20058262,0.3215795,21,0.33349657,0.47128916,0,2.179103,1.5247742,0.12618323,0.3428632,10,0.2407783
sequential,mov,0.2,0.3,0.91,4,rrg,66,0.09068233,0.20693551,0.32574922,11,0.36450014,0.45098457,0,1.938219,1.5004903,0.61599004,0.3342727,11,0.23699997
sequential,mov,0.2,0.3,0.9133333333333333,4,rrg,68,0.0023958886,0.21178651,0.3310109,25,2.5690803e-20,3.6332277e-20,0,1.7793924,1.4802663,1.282311e-16,0.0023958886,25,0.23439635
sequential,mov,0.2,0.3,0.9166666666666666,4,rrg,199,0.05790236,0.22018757,0.3348474,11,0.33333334,0.4714045,1,1.8862419,1.4679908,0.0,0.3526341,10,0.2438122
sequential,mov,0.2,0.3,0.92,4,rrg,73,0.7697951,0.22693141,0.34008676,4,0.10806767,0.15283076,0,0.5395246,1.450737,0.53022474,0.6617274,3,0.23927438
sequential,mov,0.2,0.3,0.9233333333333333,4,rrg,75,0.035370797,0.22361729,0.3482804,16,0.01179026,0.016673945,1,1.7297814,1.4564989,0.5765939,0.023580536,16,0.22565867
sequential,mov,0.2,0.3,0.9266666666666666,4,rrg,203,0.041387226,0.24203277,0.36939377,15,0.0021816993,0.0030853886,0,1.8402609,1.4252645,0.64219147,0.039205525,15,0.2523769
sequential,mov,0.2,0.3,0.93,4,rrg,79,0.01693609,0.2522168,0.37631032,18,0.023051724,0.018582743,1,2.1571295,1.396894,1.4271837,0.017406361,17,0.26273546
sequential,mov,0.2,0.3,0.9333333333333333,4,rrg,208,0.047869317,0.26922837,0.37925574,13,0.0,0.0,0,1.8539543,1.3388363,0.0,0.047869314,13,0.300266
sequential,mov,0.2,0.3,0.9366666666666666,4,rrg,218,0.09607753,0.2817146,0.38517085,10,0.33333334,0.4714045,1,1.7502084,1.3040153,5.511676e-17,0.3653592,9,0.31921792
sequential,mov,0.2,0.3,0.94,4,rrg,98,0.00042628616,0.29220983,0.39306906,18,0.0,0.0,0,1.21857,1.2769707,0.0,0.00042628616,18,0.31755665
sequential,mov,0.2,0.3,0.9433333333333334,4,rrg,99,0.99999964,0.3094051,0.3978376,2,0.66666335,0.4714022,1,7.7463e-06,1.2799838,4.332047e-05,0.3333365,11,0.33633527
sequential,mov,0.2,0.3,0.9466666666666667,4,rrg,228,0.042441342,0.26624608,0.36945358,11,0.0,0.0,0,1.6440262,1.3599392,0.0,0.042441342,11,0.33653226
sequential,mov,0.2,0.3,0.95,4,rrg,103,0.042166248,0.28118223,0.37686545,11,1.5e-43,0.0,0,2.0049248,1.3407243,1.48092e-40,0.042166248,11,0.3561431
sequential,mov,0.2,0.3,0.9533333333333334,4,rrg,231,0.1113416,0.29830807,0.3844209,6,0.66666555,0.47140375,0,1.7418048,1.2922814,1.7330909e-05,0.6295517,5,0.37855333
sequential,mov,0.2,0.3,0.9566666666666667,4,rrg,107,0.0035893954,0.3126907,0.3952872,13,1.08856625e-10,1.5394652e-10,0,1.7299654,1.2576944,4.399666e-08,0.0035893954,13,0.35924605
sequential,mov,0.2,0.3,0.96,4,rrg,235,0.038743302,0.33844957,0.40080926,10,1.429117e-23,0.0,0,1.9838526,1.2183336,5.0455404e-21,0.038743302,10,0.38888428
sequential,mov,0.2,0.3,0.9633333333333334,4,rrg,236,0.08324217,0.36563617,0.4078922,8,0.33333334,0.4714045,0,2.0814514,1.1500549,4.515056e-08,0.36108074,8,0.42069548
sequential,mov,0.2,0.3,0.9666666666666667,4,rrg,109,0.9999982,0.3935608,0.41764152,2,0.33333334,0.4714045,1,2.6277943e-05,1.0630629,7.79339e-12,0.6666661,2,0.426552
sequential,mov,0.2,0.3,0.97,4,rrg,110,0.017257517,0.3261086,0.3852704,8,0.0,0.0,0,1.8213959,1.1823995,0.0,0.017257517,8,0.39984927
sequential,mov,0.2,0.3,0.9733333333333334,4,rrg,111,0.99999785,0.36467612,0.39191124,2,0.33333334,0.4714045,1,3.5846184e-05,1.1031849,1.3998993e-15,0.666666,2,0.44766027
sequential,mov,0.2,0.3,0.9766666666666667,4,rrg,241,0.09981018,0.27390805,0.331119,5,0.33333334,0.4714045,1,1.8380783,1.2609091,2.7259142e-18,0.36660337,5,0.4163711
sequential,mov,0.2,0.3,0.98,4,rrg,115,0.013855385,0.30292436,0.34931287,6,0.0,0.0,0,1.4095088,1.164713,0.0,0.013855386,6,0.42466572
sequential,mov,0.2,0.3,0.9833333333333333,4,rrg,243,1.0,0.36073813,0.35548383,1,0.33333334,0.4714045,1,3.8946006e-11,1.1157547,0.0,0.6666667,1,0.5068278
sequential,mov,0.2,0.3,0.9866666666666667,4,rrg,120,0.49790704,0.20092261,0.17394248,1,0.33333334,0.4714045,0,0.69315547,1.3946958,0.0,0.49930236,2,0.46686804
sequential,mov,0.2,0.3,0.99,4,rrg,90,0.14393616,0.10192782,0.033784978,1,0.33333334,0.4714045,0,0.99202335,1.6285425,2.7436297e-28,0.38131204,2,0.45605662
sequential,mov,0.2,0.3,0.9933333333333333,4,rrg,124,0.061210413,0.08092364,0.019713229,2,0.33333334,0.4714045,0,1.968859,1.9468021,1.0820921e-18,0.3537368,2,0.49342895
sequential,mov,0.2,0.3,0.9966666666666667,4,rrg,253,0.10063685,0.10063685,0.0,1,0.6666667,0.47140452,0,1.9247451,1.9247451,0.0,0.6331211,1,0.6331211
