method,metric,graph,rho,delta,lambda,sim,O,MO,O_tilde,MO_tilde,SE,MSE,rank,precision,recall,f1
random,N/A,rrg,0.0,0.05,0.3,0,0.956,0.95000243,0.0,0.0,15.685908625448857,14.239045,,,,
random,N/A,rrg,0.1,0.05,0.3,0,0.959,0.9576045,0.06818181818181818,0.049033828,10.259050720424431,9.454533,,,,
random,N/A,rrg,0.2,0.05,0.3,0,0.965,0.96627295,0.20454545454545456,0.19062066,6.585286855972485,5.94892,,,,
random,N/A,rrg,0.30000000000000004,0.05,0.3,0,0.972,0.9669689,0.36363636363636365,0.31314296,4.0985715075748,3.9317837,,,,
random,N/A,rrg,0.4,0.05,0.3,0,0.981,0.9792161,0.5681818181818182,0.52527237,2.703686668172685,2.5474195,,,,
random,N/A,rrg,0.5,0.05,0.3,0,0.991,0.99053615,0.7954545454545454,0.791541,1.6214343028792246,1.8546424,,,,
random,N/A,rrg,0.6000000000000001,0.05,0.3,0,0.985,0.98828775,0.6590909090909091,0.7415395,1.2069702428338651,1.1929485,,,,
random,N/A,rrg,0.7000000000000001,0.05,0.3,0,0.996,0.9945139,0.9090909090909091,0.8794596,0.8164089794801689,0.81354624,,,,
random,N/A,rrg,0.8,0.05,0.3,0,0.995,0.99584275,0.8863636363636364,0.90467477,0.42276096828598714,0.4811855,,,,
random,N/A,rrg,0.9,0.05,0.3,0,1.0,0.9992064,1.0,0.9820604,0.16872976918393168,0.2249923,,,,
random,N/A,rrg,1.0,0.05,0.3,0,1.0,0.9999669,1.0,0.9992478,2.8870115375195552e-05,0.02287412,,,,
random,N/A,rrg,0.0,0.1,0.3,0,0.9,0.9000016,0.0,0.0,10.682161676636609,10.708196,,,,
random,N/A,rrg,0.1,0.1,0.3,0,0.909,0.90993285,0.0900000000000001,0.11811113,7.647402040653558,7.4808416,,,,
random,N/A,rrg,0.2,0.1,0.3,0,0.925,0.9331487,0.2500000000000003,0.28319046,5.558237917317505,5.685776,,,,
random,N/A,rrg,0.30000000000000004,0.1,0.3,0,0.933,0.94030917,0.33000000000000035,0.3538462,3.8348534724869334,3.7903216,,,,
random,N/A,rrg,0.4,0.1,0.3,0,0.945,0.9509153,0.4499999999999994,0.5203231,3.2073999428152127,2.7812366,,,,
random,N/A,rrg,0.5,0.1,0.3,0,0.968,0.9662165,0.6799999999999996,0.64353985,1.899435616436193,1.9738265,,,,
random,N/A,rrg,0.6000000000000001,0.1,0.3,0,0.973,0.9769239,0.7299999999999996,0.7594295,1.2623345527928083,1.260387,,,,
random,N/A,rrg,0.7000000000000001,0.1,0.3,0,0.979,0.9812483,0.7899999999999998,0.80827755,0.8802293129507622,0.848418,,,,
random,N/A,rrg,0.8,0.1,0.3,0,0.991,0.99033815,0.9099999999999999,0.90149605,0.43298821869555953,0.5189646,,,,
random,N/A,rrg,0.9,0.1,0.3,0,0.996,0.9970837,0.96,0.97024643,0.247372575569552,0.26644474,,,,
random,N/A,rrg,1.0,0.1,0.3,0,1.0,0.99995214,1.0,0.99952126,2.759521493077334e-05,0.03167675,,,,
random,N/A,rrg,0.0,0.2,0.3,0,0.783,0.8000097,0.0,0.0,6.291940599873747,6.836266,,,,
random,N/A,rrg,0.1,0.2,0.3,0,0.808,0.8174866,0.11520737327188951,0.11948312,5.27382108724434,5.161189,,,,
random,N/A,rrg,0.2,0.2,0.3,0,0.828,0.8317052,0.20737327188940063,0.18656391,4.0095286446691825,4.0636287,,,,
random,N/A,rrg,0.30000000000000004,0.2,0.3,0,0.856,0.85821235,0.33640552995391687,0.33926204,2.9770091623878443,3.07738,,,,
random,N/A,rrg,0.4,0.2,0.3,0,0.882,0.88655835,0.456221198156682,0.47298956,2.5765629983899463,2.4725232,,,,
random,N/A,rrg,0.5,0.2,0.3,0,0.903,0.90901107,0.5529953917050692,0.56170994,1.7709257817163138,1.793686,,,,
random,N/A,rrg,0.6000000000000001,0.2,0.3,0,0.927,0.9327404,0.6635944700460831,0.6800137,1.26432363209605,1.3037887,,,,
random,N/A,rrg,0.7000000000000001,0.2,0.3,0,0.95,0.95348454,0.769585253456221,0.7828689,1.013539565972138,0.8783825,,,,
random,N/A,rrg,0.8,0.2,0.3,0,0.97,0.9697178,0.8617511520737325,0.85855806,0.5938851839109061,0.55336326,,,,
random,N/A,rrg,0.9,0.2,0.3,0,0.987,0.98856175,0.9400921658986174,0.9476845,0.23369947499794894,0.30025664,,,,
random,N/A,rrg,1.0,0.2,0.3,0,1.0,0.9998878,1.0,0.99948287,2.810445042427367e-05,0.045568675,,,,
random,N/A,rrg,0.0,0.3,0.3,0,0.701,0.700031,0.0,0.0,4.8686216707327405,4.7643957,,,,
random,N/A,rrg,0.1,0.3,0.3,0,0.735,0.7262947,0.11371237458193989,0.10653543,4.293148927208276,3.8404272,,,,
random,N/A,rrg,0.2,0.3,0.3,0,0.773,0.7661183,0.24080267558528445,0.2221979,3.4553224780780547,3.2516308,,,,
random,N/A,rrg,0.30000000000000004,0.3,0.3,0,0.806,0.8038273,0.3511705685618732,0.35664937,2.6389834565745276,2.5630033,,,,
random,N/A,rrg,0.4,0.3,0.3,0,0.839,0.83528274,0.4615384615384615,0.45256376,2.224120328328741,2.1431768,,,,
random,N/A,rrg,0.5,0.3,0.3,0,0.869,0.86550796,0.5618729096989967,0.56051844,1.8568959018847788,1.5877751,,,,
random,N/A,rrg,0.6000000000000001,0.3,0.3,0,0.914,0.9027472,0.7123745819397995,0.676634,1.1386783864724634,1.1854792,,,,
random,N/A,rrg,0.7000000000000001,0.3,0.3,0,0.931,0.93093956,0.7692307692307694,0.7697906,0.9146480182850328,0.84187615,,,,
random,N/A,rrg,0.8,0.3,0.3,0,0.95,0.95332223,0.8327759197324414,0.84222364,0.5482889771331897,0.60351807,,,,
random,N/A,rrg,0.9,0.3,0.3,0,0.973,0.97727185,0.9096989966555183,0.9220317,0.24135176137451875,0.286396,,,,
random,N/A,rrg,1.0,0.3,0.3,0,1.0,0.9996782,1.0,0.99892277,0.0001727132544032524,0.112462096,,,,
random,N/A,rrg,0.0,0.4,0.3,0,0.597,0.60008657,0.0,0.0,3.695214980194302,3.451542,,,,
random,N/A,rrg,0.1,0.4,0.3,0,0.643,0.6539871,0.11414392059553359,0.11283272,2.9196247587021436,3.0376787,,,,
random,N/A,rrg,0.2,0.4,0.3,0,0.688,0.70040244,0.22580645161290314,0.23393254,2.3643276182872888,2.639006,,,,
random,N/A,rrg,0.30000000000000004,0.4,0.3,0,0.743,0.7402934,0.3622828784119107,0.3667865,2.323557679186793,2.0770466,,,,
random,N/A,rrg,0.4,0.4,0.3,0,0.789,0.78462,0.4764267990074443,0.4730963,2.000827076971976,1.7496599,,,,
random,N/A,rrg,0.5,0.4,0.3,0,0.803,0.8274663,0.5111662531017371,0.54969,1.467387241578905,1.4203167,,,,
random,N/A,rrg,0.6000000000000001,0.4,0.3,0,0.857,0.86172634,0.6451612903225806,0.65535355,1.0608852780090248,1.0841607,,,,
random,N/A,rrg,0.7000000000000001,0.4,0.3,0,0.898,0.9028041,0.7468982630272953,0.7589564,0.8067585802333102,0.8003192,,,,
random,N/A,rrg,0.8,0.4,0.3,0,0.936,0.9373108,0.8411910669975188,0.8431058,0.5170033429665438,0.5035527,,,,
random,N/A,rrg,0.9,0.4,0.3,0,0.978,0.9699192,0.945409429280397,0.92630357,0.20674539808118317,0.28884625,,,,
random,N/A,rrg,1.0,0.4,0.3,0,1.0,0.9995846,1.0,0.9989683,0.00015939665609349867,0.12149275,,,,
random,N/A,rrg,0.0,0.05,0.3,1,0.962,0.95000243,0.0,0.0,14.08569480975977,14.239045,,,,
random,N/A,rrg,0.1,0.05,0.3,1,0.966,0.95771164,0.10526315789473684,0.066482194,8.57584778386921,9.756881,,,,
random,N/A,rrg,0.2,0.05,0.3,1,0.974,0.967955,0.3157894736842105,0.2794048,6.400477302245046,6.179708,,,,
random,N/A,rrg,0.30000000000000004,0.05,0.3,1,0.984,0.9755447,0.5789473684210527,0.4635212,3.5707925334643917,3.7289877,,,,
random,N/A,rrg,0.4,0.05,0.3,1,0.987,0.98365587,0.6578947368421053,0.6194623,2.4013505671535014,2.426081,,,,
random,N/A,rrg,0.5,0.05,0.3,1,0.992,0.98606074,0.7894736842105263,0.672988,1.619648054360004,1.7210737,,,,
random,N/A,rrg,0.6000000000000001,0.05,0.3,1,0.995,0.99125254,0.868421052631579,0.77608764,1.0963466617016768,1.2174176,,,,
random,N/A,rrg,0.7000000000000001,0.05,0.3,1,0.991,0.99353564,0.7631578947368421,0.83258647,0.802119926134872,0.79101974,,,,
random,N/A,rrg,0.8,0.05,0.3,1,0.997,0.9963927,0.9210526315789473,0.90479714,0.49113097327640826,0.44432256,,,,
random,N/A,rrg,0.9,0.05,0.3,1,1.0,0.998681,1.0,0.9655057,0.22391095415396028,0.2311872,,,,
random,N/A,rrg,1.0,0.05,0.3,1,1.0,0.9999846,1.0,0.9995953,3.148920203204608e-05,0.02374217,,,,
random,N/A,rrg,0.0,0.1,0.3,1,0.898,0.9000016,0.0,0.0,10.75198273252574,10.708196,,,,
random,N/A,rrg,0.1,0.1,0.3,1,0.913,0.9049077,0.14705882352941194,0.12615886,8.586717658155417,7.3007355,,,,
random,N/A,rrg,0.2,0.1,0.3,1,0.919,0.9228053,0.20588235294117668,0.2079998,4.7258472931526985,5.360343,,,,
random,N/A,rrg,0.30000000000000004,0.1,0.3,1,0.935,0.9381642,0.36274509803921606,0.38047352,3.356322995061939,3.646299,,,,
random,N/A,rrg,0.4,0.1,0.3,1,0.949,0.95318335,0.49999999999999944,0.5334953,2.745016542087362,2.8845663,,,,
random,N/A,rrg,0.5,0.1,0.3,1,0.955,0.9643634,0.5588235294117643,0.6226008,1.8518621927643109,1.8092537,,,,
random,N/A,rrg,0.6000000000000001,0.1,0.3,1,0.979,0.9726572,0.7941176470588233,0.7399407,1.1250039773917584,1.2285523,,,,
random,N/A,rrg,0.7000000000000001,0.1,0.3,1,0.97,0.9813718,0.7058823529411762,0.8135559,0.7139230696491322,0.78675,,,,
random,N/A,rrg,0.8,0.1,0.3,1,0.988,0.9899475,0.8823529411764705,0.90047276,0.36514140179098975,0.48244855,,,,
random,N/A,rrg,0.9,0.1,0.3,1,0.997,0.9956982,0.9705882352941176,0.9577411,0.19033599487771694,0.2433711,,,,
random,N/A,rrg,1.0,0.1,0.3,1,1.0,0.9999525,1.0,0.99953413,2.313564360414104e-05,0.03159354,,,,
random,N/A,rrg,0.0,0.2,0.3,1,0.796,0.8000097,0.0,0.0,6.236611339047637,6.836266,,,,
random,N/A,rrg,0.1,0.2,0.3,1,0.816,0.82153785,0.09803921568627408,0.09258456,4.704558370743436,5.393633,,,,
random,N/A,rrg,0.2,0.2,0.3,1,0.84,0.84517574,0.2156862745098036,0.2202838,3.643001827468722,4.2266235,,,,
random,N/A,rrg,0.30000000000000004,0.2,0.3,1,0.869,0.87026453,0.3578431372549018,0.36653823,2.9151754909734326,3.172303,,,,
random,N/A,rrg,0.4,0.2,0.3,1,0.884,0.89059216,0.43137254901960775,0.44703084,2.444440992816626,2.5135596,,,,
random,N/A,rrg,0.5,0.2,0.3,1,0.916,0.9175394,0.5882352941176472,0.5926508,1.6593584469215967,1.8353485,,,,
random,N/A,rrg,0.6000000000000001,0.2,0.3,1,0.937,0.9384533,0.6911764705882355,0.6948447,1.2430265490625503,1.3524269,,,,
random,N/A,rrg,0.7000000000000001,0.2,0.3,1,0.956,0.9588473,0.7843137254901958,0.7964824,0.7952646482677093,0.8576001,,,,
random,N/A,rrg,0.8,0.2,0.3,1,0.966,0.97263056,0.8333333333333331,0.86259466,0.4878356826651807,0.52939457,,,,
random,N/A,rrg,0.9,0.2,0.3,1,0.986,0.9869453,0.9313725490196078,0.93587476,0.22631489131830648,0.29192272,,,,
random,N/A,rrg,1.0,0.2,0.3,1,1.0,0.99990785,1.0,0.99954814,2.953521984291476e-05,0.042645354,,,,
random,N/A,rrg,0.0,0.3,0.3,1,0.722,0.700031,0.0,0.0,5.0762626619436775,4.7643957,,,,
random,N/A,rrg,0.1,0.3,0.3,1,0.746,0.7334845,0.08633093525179864,0.089520045,4.211019122371615,3.974209,,,,
random,N/A,rrg,0.2,0.3,0.3,1,0.773,0.76692396,0.18345323741007208,0.1908773,3.429045078979015,3.2810779,,,,
random,N/A,rrg,0.30000000000000004,0.3,0.3,1,0.815,0.8041407,0.3345323741007193,0.32211283,2.7559984931752934,2.7042563,,,,
random,N/A,rrg,0.4,0.3,0.3,1,0.848,0.83927554,0.4532374100719424,0.43309075,2.483423093715026,2.198429,,,,
random,N/A,rrg,0.5,0.3,0.3,1,0.874,0.8745216,0.5467625899280576,0.5572159,1.4739190611178088,1.6724435,,,,
random,N/A,rrg,0.6000000000000001,0.3,0.3,1,0.91,0.9063754,0.6762589928057555,0.6596902,1.328609157365412,1.2765727,,,,
random,N/A,rrg,0.7000000000000001,0.3,0.3,1,0.937,0.9320641,0.773381294964029,0.761115,0.8193383916227818,0.8566625,,,,
random,N/A,rrg,0.8,0.3,0.3,1,0.953,0.9568855,0.830935251798561,0.8435672,0.5829998815045813,0.5400414,,,,
random,N/A,rrg,0.9,0.3,0.3,1,0.984,0.98021436,0.9424460431654675,0.92993534,0.23002015994119818,0.2888275,,,,
random,N/A,rrg,1.0,0.3,0.3,1,1.0,0.99972,1.0,0.9989919,0.00013998171892626372,0.103903264,,,,
random,N/A,rrg,0.0,0.4,0.3,1,0.597,0.60008657,0.0,0.0,3.625180651256772,3.451542,,,,
random,N/A,rrg,0.1,0.4,0.3,1,0.642,0.6459214,0.11166253101736982,0.11710225,3.1872519735842326,2.9270082,,,,
random,N/A,rrg,0.2,0.4,0.3,1,0.691,0.6979632,0.23325062034739447,0.2280876,2.5096862901831853,2.5722682,,,,
random,N/A,rrg,0.30000000000000004,0.4,0.3,1,0.732,0.74464875,0.3349875930521092,0.33918324,1.9162439684515757,2.192746,,,,
random,N/A,rrg,0.4,0.4,0.3,1,0.786,0.7839352,0.46898263027295295,0.46982577,1.782083825168273,1.7455808,,,,
random,N/A,rrg,0.5,0.4,0.3,1,0.827,0.82692873,0.5707196029776674,0.56601185,1.344658516789354,1.3946347,,,,
random,N/A,rrg,0.6000000000000001,0.4,0.3,1,0.859,0.864168,0.6501240694789082,0.6594307,1.181479488458629,1.0695001,,,,
random,N/A,rrg,0.7000000000000001,0.4,0.3,1,0.899,0.902844,0.7493796526054591,0.7579335,0.7557495153334111,0.7820444,,,,
random,N/A,rrg,0.8,0.4,0.3,1,0.933,0.94008106,0.8337468982630274,0.85009056,0.3461914056653068,0.5524164,,,,
random,N/A,rrg,0.9,0.4,0.3,1,0.976,0.96795887,0.9404466501240695,0.9211997,0.24028683397869333,0.35367313,,,,
random,N/A,rrg,1.0,0.4,0.3,1,1.0,0.99958766,1.0,0.9989759,0.00013382502743744496,0.11863792,,,,
random,N/A,rrg,0.0,0.05,0.3,2,0.952,0.95000243,0.0,0.0,14.068034621084843,14.239045,,,,
random,N/A,rrg,0.1,0.05,0.3,2,0.954,0.9532555,0.041666666666666664,0.038802452,8.44343239691854,8.9784775,,,,
random,N/A,rrg,0.2,0.05,0.3,2,0.965,0.96364784,0.2708333333333333,0.24664076,5.073979936404529,5.797926,,,,
random,N/A,rrg,0.30000000000000004,0.05,0.3,2,0.972,0.9708599,0.4166666666666667,0.43305665,3.653412734006055,3.84591,,,,
random,N/A,rrg,0.4,0.05,0.3,2,0.981,0.98053664,0.6041666666666666,0.6067491,2.3998878386865616,2.5636504,,,,
random,N/A,rrg,0.5,0.05,0.3,2,0.984,0.9855719,0.6666666666666666,0.70511585,1.7394993421626177,1.7633305,,,,
random,N/A,rrg,0.6000000000000001,0.05,0.3,2,0.991,0.9907263,0.8125,0.816888,1.1606042933623908,1.1603347,,,,
random,N/A,rrg,0.7000000000000001,0.05,0.3,2,0.991,0.99092627,0.8125,0.80897,0.7182741728697868,0.7357769,,,,
random,N/A,rrg,0.8,0.05,0.3,2,0.998,0.9976033,0.9583333333333334,0.9495476,0.4502350248619544,0.43528375,,,,
random,N/A,rrg,0.9,0.05,0.3,2,0.998,0.9985671,0.9583333333333334,0.9692358,0.15660442156801538,0.20645781,,,,
random,N/A,rrg,1.0,0.05,0.3,2,1.0,0.99997634,1.0,0.99950695,8.676831245139155e-05,0.028027108,,,,
random,N/A,rrg,0.0,0.1,0.3,2,0.902,0.9000016,0.0,0.0,12.114227143994245,10.708196,,,,
random,N/A,rrg,0.1,0.1,0.3,2,0.91,0.9175776,0.08163265306122458,0.11913556,8.801702391894244,7.6486115,,,,
random,N/A,rrg,0.2,0.1,0.3,2,0.927,0.92729396,0.2551020408163268,0.24738239,6.091623773955229,5.658082,,,,
random,N/A,rrg,0.30000000000000004,0.1,0.3,2,0.938,0.9367606,0.3673469387755095,0.3496221,4.391321769930688,3.9430888,,,,
random,N/A,rrg,0.4,0.1,0.3,2,0.955,0.9548203,0.5408163265306117,0.54893064,3.0723544787030095,2.9594882,,,,
random,N/A,rrg,0.5,0.1,0.3,2,0.96,0.95708597,0.5918367346938771,0.56807107,2.114895950519707,2.0199463,,,,
random,N/A,rrg,0.6000000000000001,0.1,0.3,2,0.974,0.971724,0.7346938775510201,0.72171205,1.4438011860285365,1.3667991,,,,
random,N/A,rrg,0.7000000000000001,0.1,0.3,2,0.985,0.98489565,0.8469387755102039,0.84574914,1.1279911226786234,0.86371374,,,,
random,N/A,rrg,0.8,0.1,0.3,2,0.993,0.99274427,0.9285714285714285,0.9255683,0.46747734771171,0.5171449,,,,
random,N/A,rrg,0.9,0.1,0.3,2,0.997,0.9964447,0.9693877551020408,0.96424514,0.20780985575184244,0.27863216,,,,
random,N/A,rrg,1.0,0.1,0.3,2,1.0,0.9999464,1.0,0.999453,3.167914979516633e-05,0.03390625,,,,
random,N/A,rrg,0.0,0.2,0.3,2,0.806,0.8000097,0.0,0.0,7.1322325286419055,6.836266,,,,
random,N/A,rrg,0.1,0.2,0.3,2,0.818,0.8207364,0.06185567010309228,0.08259009,5.591403059056603,5.4149933,,,,
random,N/A,rrg,0.2,0.2,0.3,2,0.854,0.84332246,0.24742268041237084,0.24480334,4.395351122135669,4.0771003,,,,
random,N/A,rrg,0.30000000000000004,0.2,0.3,2,0.866,0.867445,0.3092783505154637,0.31770763,3.2612255202738263,3.1800318,,,,
random,N/A,rrg,0.4,0.2,0.3,2,0.895,0.896528,0.4587628865979381,0.45082948,2.662801935877264,2.6281092,,,,
random,N/A,rrg,0.5,0.2,0.3,2,0.914,0.92009175,0.5567010309278351,0.5803137,1.9604063000533685,1.9250916,,,,
random,N/A,rrg,0.6000000000000001,0.2,0.3,2,0.935,0.93847764,0.6649484536082476,0.6726705,1.432801781513395,1.3054441,,,,
random,N/A,rrg,0.7000000000000001,0.2,0.3,2,0.944,0.9589259,0.7113402061855667,0.7748168,0.8933181373074459,0.96947664,,,,
random,N/A,rrg,0.8,0.2,0.3,2,0.98,0.97303206,0.8969072164948453,0.86551625,0.47421295434776267,0.55372566,,,,
random,N/A,rrg,0.9,0.2,0.3,2,0.989,0.98794824,0.9432989690721649,0.93791354,0.20529365945718656,0.30343404,,,,
random,N/A,rrg,1.0,0.2,0.3,2,1.0,0.99990135,1.0,0.99949133,5.50468240348757e-05,0.049267884,,,,
random,N/A,rrg,0.0,0.3,0.3,2,0.704,0.700031,0.0,0.0,4.444630581865553,4.7643957,,,,
random,N/A,rrg,0.1,0.3,0.3,2,0.741,0.73223704,0.12500000000000008,0.11923763,3.6717187708409758,3.8926983,,,,
random,N/A,rrg,0.2,0.3,0.3,2,0.78,0.77101696,0.25675675675675697,0.23139676,3.01942483848619,3.200731,,,,
random,N/A,rrg,0.30000000000000004,0.3,0.3,2,0.809,0.799618,0.35472972972973,0.33407125,2.665482659700223,2.603326,,,,
random,N/A,rrg,0.4,0.3,0.3,2,0.843,0.829683,0.46959459459459457,0.44933027,2.036473272583269,2.0193806,,,,
random,N/A,rrg,0.5,0.3,0.3,2,0.861,0.8684065,0.5304054054054055,0.5428462,1.441322414926643,1.5088011,,,,
random,N/A,rrg,0.6000000000000001,0.3,0.3,2,0.901,0.89984477,0.6655405405405407,0.6671154,1.194385315295067,1.2014148,,,,
random,N/A,rrg,0.7000000000000001,0.3,0.3,2,0.927,0.9302992,0.7533783783783786,0.7612495,0.7485867552730754,0.8721735,,,,
random,N/A,rrg,0.8,0.3,0.3,2,0.959,0.9564263,0.8614864864864864,0.85591525,0.3896440754767615,0.49957705,,,,
random,N/A,rrg,0.9,0.3,0.3,2,0.979,0.9782385,0.929054054054054,0.92618644,0.1661183961666227,0.27712998,,,,
random,N/A,rrg,1.0,0.3,0.3,2,1.0,0.99971837,1.0,0.9990478,9.615554688228355e-05,0.09778424,,,,
random,N/A,rrg,0.0,0.4,0.3,2,0.606,0.60008657,0.0,0.0,3.761586246678563,3.451542,,,,
random,N/A,rrg,0.1,0.4,0.3,2,0.662,0.6525214,0.1421319796954316,0.12747818,3.0638360934196127,3.04152,,,,
random,N/A,rrg,0.2,0.4,0.3,2,0.707,0.6983256,0.25634517766497456,0.23264305,2.383680144944238,2.6027668,,,,
random,N/A,rrg,0.30000000000000004,0.4,0.3,2,0.744,0.73929834,0.350253807106599,0.34523517,2.2522834816406765,2.0779283,,,,
random,N/A,rrg,0.4,0.4,0.3,2,0.805,0.78241175,0.5050761421319798,0.4663533,1.9280732888692933,1.6826204,,,,
random,N/A,rrg,0.5,0.4,0.3,2,0.817,0.82388,0.5355329949238578,0.5513798,1.3998957947740511,1.3900964,,,,
random,N/A,rrg,0.6000000000000001,0.4,0.3,2,0.864,0.86457103,0.6548223350253807,0.6517008,1.0114564352790953,1.036739,,,,
random,N/A,rrg,0.7000000000000001,0.4,0.3,2,0.906,0.90386057,0.7614213197969544,0.75546426,0.6162715639429276,0.81708574,,,,
random,N/A,rrg,0.8,0.4,0.3,2,0.93,0.93370104,0.8223350253807108,0.8302393,0.5751063730258186,0.5225352,,,,
random,N/A,rrg,0.9,0.4,0.3,2,0.973,0.97189426,0.9314720812182741,0.9290406,0.18285416641874938,0.2656745,,,,
random,N/A,rrg,1.0,0.4,0.3,2,1.0,0.99958193,1.0,0.9989379,0.00041240041994144804,0.124321744,,,,
random,N/A,rrg,0.0,0.05,0.3,3,0.952,0.95000243,0.0,0.0,13.713943953360234,14.239045,,,,
random,N/A,rrg,0.1,0.05,0.3,3,0.96,0.9518527,0.16666666666666666,0.14248256,8.068619993793874,8.54274,,,,
random,N/A,rrg,0.2,0.05,0.3,3,0.964,0.9578217,0.25,0.19182037,6.552543780715952,5.905225,,,,
random,N/A,rrg,0.30000000000000004,0.05,0.3,3,0.966,0.96323633,0.2916666666666667,0.2613473,4.232807246812136,3.873078,,,,
random,N/A,rrg,0.4,0.05,0.3,3,0.983,0.97721106,0.6458333333333334,0.5740821,2.5661279924867113,2.631642,,,,
random,N/A,rrg,0.5,0.05,0.3,3,0.982,0.982395,0.625,0.63108724,1.7942797484913082,1.7447104,,,,
random,N/A,rrg,0.6000000000000001,0.05,0.3,3,0.992,0.9856547,0.8333333333333334,0.7130813,1.1486092950888878,1.2058833,,,,
random,N/A,rrg,0.7000000000000001,0.05,0.3,3,0.996,0.9935546,0.9166666666666666,0.8675922,0.8410040056786017,0.78397435,,,,
random,N/A,rrg,0.8,0.05,0.3,3,0.998,0.9961637,0.9583333333333334,0.9216166,0.48398783364298925,0.4362163,,,,
random,N/A,rrg,0.9,0.05,0.3,3,1.0,0.99923605,1.0,0.98432195,0.3372128758369904,0.2187123,,,,
random,N/A,rrg,1.0,0.05,0.3,3,1.0,0.9999823,1.0,0.99963117,2.491979984416698e-05,0.024063505,,,,
random,N/A,rrg,0.0,0.1,0.3,3,0.889,0.9000016,0.0,0.0,11.077174876442824,10.708196,,,,
random,N/A,rrg,0.1,0.1,0.3,3,0.899,0.90943474,0.09009009009009018,0.102112,8.345963981952027,7.452098,,,,
random,N/A,rrg,0.2,0.1,0.3,3,0.92,0.9238981,0.27927927927927954,0.2689287,5.545100640263917,5.289082,,,,
random,N/A,rrg,0.30000000000000004,0.1,0.3,3,0.923,0.9367622,0.3063063063063066,0.3574812,3.9908123814917857,3.9355524,,,,
random,N/A,rrg,0.4,0.1,0.3,3,0.95,0.95345205,0.5495495495495492,0.53231,2.656213863223112,2.7973247,,,,
random,N/A,rrg,0.5,0.1,0.3,3,0.959,0.96168286,0.6306306306306303,0.6330114,1.775660200068381,2.0015128,,,,
random,N/A,rrg,0.6000000000000001,0.1,0.3,3,0.966,0.97148657,0.6936936936936934,0.7398797,1.2565256245364107,1.3068787,,,,
random,N/A,rrg,0.7000000000000001,0.1,0.3,3,0.978,0.9833243,0.8018018018018016,0.84840775,0.8424474944698489,0.82025474,,,,
random,N/A,rrg,0.8,0.1,0.3,3,0.987,0.99156666,0.8828828828828827,0.92198575,0.4728239365797197,0.5679179,,,,
random,N/A,rrg,0.9,0.1,0.3,3,0.998,0.9960867,0.9819819819819819,0.9652207,0.2178206872133472,0.24725793,,,,
random,N/A,rrg,1.0,0.1,0.3,3,1.0,0.9999035,1.0,0.9991301,0.00013206269269947762,0.042331923,,,,
random,N/A,rrg,0.0,0.2,0.3,3,0.818,0.8000097,0.0,0.0,7.593536304906096,6.836266,,,,
random,N/A,rrg,0.1,0.2,0.3,3,0.841,0.82765937,0.12637362637362645,0.12023984,5.880057780339224,5.4694033,,,,
random,N/A,rrg,0.2,0.2,0.3,3,0.864,0.84886765,0.2527472527472529,0.22643964,4.731267273284973,4.314858,,,,
random,N/A,rrg,0.30000000000000004,0.2,0.3,3,0.884,0.8865346,0.36263736263736285,0.36744452,3.4208459210061055,3.56082,,,,
random,N/A,rrg,0.4,0.2,0.3,3,0.907,0.8975959,0.4890109890109893,0.44519725,2.5450234320071257,2.6689425,,,,
random,N/A,rrg,0.5,0.2,0.3,3,0.923,0.92520696,0.5769230769230773,0.5797442,1.9093206312008406,1.9530638,,,,
random,N/A,rrg,0.6000000000000001,0.2,0.3,3,0.943,0.9406569,0.6868131868131866,0.66589844,1.3266457923235075,1.375653,,,,
random,N/A,rrg,0.7000000000000001,0.2,0.3,3,0.962,0.96279323,0.7912087912087911,0.7887262,0.8530900607699045,0.946995,,,,
random,N/A,rrg,0.8,0.2,0.3,3,0.978,0.9785607,0.879120879120879,0.8816838,0.688074086073332,0.58392817,,,,
random,N/A,rrg,0.9,0.2,0.3,3,0.985,0.9897145,0.9175824175824175,0.9418579,0.32253546255192345,0.32849208,,,,
random,N/A,rrg,1.0,0.2,0.3,3,1.0,0.99989694,1.0,0.9994335,3.487099259587415e-05,0.044078805,,,,
random,N/A,rrg,0.0,0.3,0.3,3,0.687,0.700031,0.0,0.0,3.8498775606253184,4.7643957,,,,
random,N/A,rrg,0.1,0.3,0.3,3,0.729,0.7274553,0.1341853035143768,0.121554784,3.436551282645357,3.764151,,,,
random,N/A,rrg,0.2,0.3,0.3,3,0.748,0.76114184,0.19488817891373786,0.2192459,2.7309629168774,3.1293736,,,,
random,N/A,rrg,0.30000000000000004,0.3,0.3,3,0.794,0.79389036,0.34185303514376997,0.33292797,2.2741294189982653,2.4978185,,,,
random,N/A,rrg,0.4,0.3,0.3,3,0.824,0.8302057,0.43769968051118185,0.4542319,1.8380749961143001,1.9543847,,,,
random,N/A,rrg,0.5,0.3,0.3,3,0.869,0.8674694,0.5814696485623002,0.5811668,1.4501100139858294,1.5408134,,,,
random,N/A,rrg,0.6000000000000001,0.3,0.3,3,0.896,0.8958272,0.6677316293929713,0.67174333,1.0239297439069863,1.1902354,,,,
random,N/A,rrg,0.7000000000000001,0.3,0.3,3,0.924,0.9225639,0.757188498402556,0.75026405,0.7446761156563748,0.8196254,,,,
random,N/A,rrg,0.8,0.3,0.3,3,0.956,0.9500615,0.8594249201277954,0.84035534,0.4397339806245296,0.5193911,,,,
random,N/A,rrg,0.9,0.3,0.3,3,0.977,0.97759056,0.926517571884984,0.928521,0.24591209910927442,0.2694319,,,,
random,N/A,rrg,1.0,0.3,0.3,3,1.0,0.9997013,1.0,0.999045,0.00010074403451494584,0.104742475,,,,
random,N/A,rrg,0.0,0.4,0.3,3,0.612,0.60008657,0.0,0.0,3.3376892334911545,3.451542,,,,
random,N/A,rrg,0.1,0.4,0.3,3,0.658,0.65325737,0.11855670103092794,0.12309836,2.702262337300209,3.0355852,,,,
random,N/A,rrg,0.2,0.4,0.3,3,0.693,0.6908064,0.20876288659793804,0.23076679,2.4373972604092415,2.4544127,,,,
random,N/A,rrg,0.30000000000000004,0.4,0.3,3,0.742,0.7361669,0.33505154639175255,0.34246147,1.8771192640493515,2.0112336,,,,
random,N/A,rrg,0.4,0.4,0.3,3,0.78,0.7808069,0.43298969072164956,0.45314306,1.7942769554181137,1.648831,,,,
random,N/A,rrg,0.5,0.4,0.3,3,0.83,0.82521313,0.5618556701030927,0.5576883,1.2418928020722488,1.3684663,,,,
random,N/A,rrg,0.6000000000000001,0.4,0.3,3,0.872,0.86673146,0.6701030927835051,0.66563845,1.0839004399940626,1.0472634,,,,
random,N/A,rrg,0.7000000000000001,0.4,0.3,3,0.897,0.8992371,0.7345360824742269,0.74166745,0.7273288237426321,0.7808672,,,,
random,N/A,rrg,0.8,0.4,0.3,3,0.935,0.93592805,0.8324742268041239,0.834068,0.474459827682707,0.50291187,,,,
random,N/A,rrg,0.9,0.4,0.3,3,0.969,0.96902114,0.9201030927835051,0.92057735,0.17953303355553846,0.2685395,,,,
random,N/A,rrg,1.0,0.4,0.3,3,1.0,0.99960566,1.0,0.9989827,0.00012523415677090122,0.117658764,,,,
random,N/A,rrg,0.0,0.05,0.3,4,0.956,0.95000243,0.0,0.0,14.56582580837122,14.239045,,,,
random,N/A,rrg,0.1,0.05,0.3,4,0.961,0.96188307,0.11363636363636363,0.13906218,9.107613549153161,9.743453,,,,
random,N/A,rrg,0.2,0.05,0.3,4,0.967,0.9655049,0.25,0.22877687,4.686383003953886,5.706679,,,,
random,N/A,rrg,0.30000000000000004,0.05,0.3,4,0.974,0.969309,0.4090909090909091,0.38320836,2.966406146510312,3.7981052,,,,
random,N/A,rrg,0.4,0.05,0.3,4,0.982,0.976566,0.5909090909090909,0.4910747,2.2824807364703057,2.4191942,,,,
random,N/A,rrg,0.5,0.05,0.3,4,0.983,0.9797934,0.6136363636363636,0.55594766,1.5972160543137206,1.6527921,,,,
random,N/A,rrg,0.6000000000000001,0.05,0.3,4,0.994,0.99199694,0.8636363636363636,0.8203877,0.8984706188574489,1.142929,,,,
random,N/A,rrg,0.7000000000000001,0.05,0.3,4,0.999,0.9956637,0.9772727272727273,0.9041937,0.7365549341821306,0.7542363,,,,
random,N/A,rrg,0.8,0.05,0.3,4,1.0,0.99798995,1.0,0.9562004,0.39715004581936864,0.46444863,,,,
random,N/A,rrg,0.9,0.05,0.3,4,0.998,0.9983117,0.9545454545454546,0.96209204,0.15708033754527065,0.2267211,,,,
random,N/A,rrg,1.0,0.05,0.3,4,1.0,0.9999867,1.0,0.99969786,2.3448238484712874e-05,0.019841071,,,,
random,N/A,rrg,0.0,0.1,0.3,4,0.9,0.9000016,0.0,0.0,9.524742579213056,10.708196,,,,
random,N/A,rrg,0.1,0.1,0.3,4,0.914,0.9141204,0.14000000000000015,0.10665984,6.69506733499305,7.561954,,,,
random,N/A,rrg,0.2,0.1,0.3,4,0.922,0.9265946,0.22000000000000025,0.24609715,5.460896875449758,5.5681443,,,,
random,N/A,rrg,0.30000000000000004,0.1,0.3,4,0.949,0.9413668,0.48999999999999944,0.43630043,3.303176258967692,3.9497476,,,,
random,N/A,rrg,0.4,0.1,0.3,4,0.949,0.95415,0.48999999999999944,0.51767594,2.694696879776757,2.6504135,,,,
random,N/A,rrg,0.5,0.1,0.3,4,0.966,0.9684165,0.6599999999999996,0.67091674,1.965881231518265,1.9377481,,,,
random,N/A,rrg,0.6000000000000001,0.1,0.3,4,0.977,0.97427624,0.7699999999999998,0.7414348,0.9570928111285755,1.2336733,,,,
random,N/A,rrg,0.7000000000000001,0.1,0.3,4,0.981,0.9803661,0.8099999999999998,0.8060542,0.6484547822570853,0.7939835,,,,
random,N/A,rrg,0.8,0.1,0.3,4,0.995,0.9907807,0.95,0.9101298,0.5170411832426287,0.49996126,,,,
random,N/A,rrg,0.9,0.1,0.3,4,0.996,0.9970658,0.96,0.96998316,0.19761784501809143,0.20978989,,,,
random,N/A,rrg,1.0,0.1,0.3,4,1.0,0.9999496,1.0,0.99949557,2.290855430329503e-05,0.031193446,,,,
random,N/A,rrg,0.0,0.2,0.3,4,0.798,0.8000097,0.0,0.0,7.464881362393584,6.836266,,,,
random,N/A,rrg,0.1,0.2,0.3,4,0.824,0.8268303,0.1287128712871283,0.13151489,5.764435906137424,5.3497305,,,,
random,N/A,rrg,0.2,0.2,0.3,4,0.843,0.8522505,0.22277227722772247,0.23750703,4.478184031421985,4.2957315,,,,
random,N/A,rrg,0.30000000000000004,0.2,0.3,4,0.875,0.88509053,0.3811881188118811,0.3943684,3.4547918717456882,3.4886796,,,,
random,N/A,rrg,0.4,0.2,0.3,4,0.886,0.8972223,0.4356435643564356,0.45961693,2.793944279582926,2.5370848,,,,
random,N/A,rrg,0.5,0.2,0.3,4,0.906,0.9162218,0.5346534653465347,0.57213247,1.7497784259377354,1.7883346,,,,
random,N/A,rrg,0.6000000000000001,0.2,0.3,4,0.943,0.9445846,0.7178217821782175,0.72391385,1.547470024241088,1.4093518,,,,
random,N/A,rrg,0.7000000000000001,0.2,0.3,4,0.963,0.9605199,0.8168316831683167,0.80423915,0.7422842603223172,0.8768054,,,,
random,N/A,rrg,0.8,0.2,0.3,4,0.975,0.97648066,0.8762376237623761,0.88277847,0.5253696772918762,0.53014225,,,,
random,N/A,rrg,0.9,0.2,0.3,4,0.988,0.9897318,0.9405940594059405,0.9491689,0.25151552660825016,0.285312,,,,
random,N/A,rrg,1.0,0.2,0.3,4,1.0,0.99990237,1.0,0.9995165,2.8746097231995603e-05,0.042271562,,,,
random,N/A,rrg,0.0,0.3,0.3,4,0.7,0.700031,0.0,0.0,4.502917660722975,4.7643957,,,,
random,N/A,rrg,0.1,0.3,0.3,4,0.736,0.7305487,0.12000000000000009,0.11364512,3.7935468566968353,3.8515003,,,,
random,N/A,rrg,0.2,0.3,0.3,4,0.77,0.7580575,0.2333333333333335,0.23012005,3.347021890920981,3.0605783,,,,
random,N/A,rrg,0.30000000000000004,0.3,0.3,4,0.801,0.8035438,0.3366666666666669,0.34409165,2.578628456581637,2.6206632,,,,
random,N/A,rrg,0.4,0.3,0.3,4,0.844,0.83307725,0.48,0.45388585,1.993802692392675,2.0199645,,,,
random,N/A,rrg,0.5,0.3,0.3,4,0.857,0.8698238,0.5233333333333333,0.5365667,1.532541952933714,1.6912761,,,,
random,N/A,rrg,0.6000000000000001,0.3,0.3,4,0.894,0.89443946,0.6466666666666667,0.65329,1.24499039792436,1.1873466,,,,
random,N/A,rrg,0.7000000000000001,0.3,0.3,4,0.929,0.92547077,0.7633333333333335,0.7576968,0.6774155629262876,0.8346333,,,,
random,N/A,rrg,0.8,0.3,0.3,4,0.951,0.9568678,0.8366666666666666,0.856088,0.4434732791139553,0.5303645,,,,
random,N/A,rrg,0.9,0.3,0.3,4,0.973,0.9756283,0.9099999999999999,0.9183641,0.21283099975453756,0.26785296,,,,
random,N/A,rrg,1.0,0.3,0.3,4,1.0,0.99970037,1.0,0.9990004,0.00013506908791596645,0.10487563,,,,
random,N/A,rrg,0.0,0.4,0.3,4,0.607,0.60008657,0.0,0.0,3.260672069022389,3.451542,,,,
random,N/A,rrg,0.1,0.4,0.3,4,0.652,0.6466244,0.11450381679389322,0.116937116,2.809802038783303,2.921938,,,,
random,N/A,rrg,0.2,0.4,0.3,4,0.707,0.6894741,0.25445292620865134,0.24949731,2.633554581033885,2.4085493,,,,
random,N/A,rrg,0.30000000000000004,0.4,0.3,4,0.744,0.73665595,0.3486005089058524,0.34746897,2.157151742494872,2.0596707,,,,
random,N/A,rrg,0.4,0.4,0.3,4,0.773,0.7827421,0.4223918575063614,0.4397528,1.8261346577899162,1.7293103,,,,
random,N/A,rrg,0.5,0.4,0.3,4,0.822,0.82893515,0.5470737913486005,0.5577764,1.3577923683431654,1.405958,,,,
random,N/A,rrg,0.6000000000000001,0.4,0.3,4,0.876,0.8640033,0.6844783715012723,0.6577498,0.9952348705634415,1.033355,,,,
random,N/A,rrg,0.7000000000000001,0.4,0.3,4,0.902,0.901532,0.7506361323155217,0.75213516,0.6925316408790634,0.81743675,,,,
random,N/A,rrg,0.8,0.4,0.3,4,0.936,0.9389468,0.8371501272264632,0.8407674,0.3928748093379353,0.5296279,,,,
random,N/A,rrg,0.9,0.4,0.3,4,0.973,0.97092175,0.9312977099236641,0.9263546,0.14972290004078956,0.27555394,,,,
random,N/A,rrg,1.0,0.4,0.3,4,1.0,0.99961925,1.0,0.99903035,0.00011014616548301009,0.11303785,,,,
random,N/A,rrg,0.0,0.05,0.3,5,0.948,0.95000243,0.0,0.0,14.085438507879887,14.239045,,,,
random,N/A,rrg,0.1,0.05,0.3,5,0.956,0.95285374,0.15384615384615385,0.13072391,8.852522801650531,8.698457,,,,
random,N/A,rrg,0.2,0.05,0.3,5,0.963,0.95917475,0.28846153846153844,0.23029707,5.924917397244607,5.712942,,,,
random,N/A,rrg,0.30000000000000004,0.05,0.3,5,0.971,0.9681007,0.4423076923076923,0.42044604,3.5691538198639408,3.7832649,,,,
random,N/A,rrg,0.4,0.05,0.3,5,0.982,0.9773981,0.6538461538461539,0.5846351,2.1037215420261677,2.634239,,,,
random,N/A,rrg,0.5,0.05,0.3,5,0.978,0.9843505,0.5769230769230769,0.6881951,2.1184996907609337,1.7525381,,,,
random,N/A,rrg,0.6000000000000001,0.05,0.3,5,0.994,0.9905868,0.8846153846153846,0.82435656,1.1984632485975728,1.2043494,,,,
random,N/A,rrg,0.7000000000000001,0.05,0.3,5,0.993,0.992406,0.8653846153846154,0.8526584,0.8168886604186419,0.78379834,,,,
random,N/A,rrg,0.8,0.05,0.3,5,0.996,0.99479955,0.9230769230769231,0.9034694,0.5089976461365335,0.47964835,,,,
random,N/A,rrg,0.9,0.05,0.3,5,1.0,0.99690294,1.0,0.94134784,0.11698504923196663,0.20835876,,,,
random,N/A,rrg,1.0,0.05,0.3,5,1.0,0.9999707,1.0,0.9994359,2.884333473882883e-05,0.0255982,,,,
random,N/A,rrg,0.0,0.1,0.3,5,0.902,0.9000016,0.0,0.0,12.111144112339888,10.708196,,,,
random,N/A,rrg,0.1,0.1,0.3,5,0.909,0.92218685,0.07142857142857151,0.11918831,7.925160880047985,8.012955,,,,
random,N/A,rrg,0.2,0.1,0.3,5,0.926,0.926417,0.24489795918367374,0.25072467,6.495895979633293,5.572071,,,,
random,N/A,rrg,0.30000000000000004,0.1,0.3,5,0.944,0.9476404,0.42857142857142794,0.4464499,4.772480424398797,3.8873358,,,,
random,N/A,rrg,0.4,0.1,0.3,5,0.948,0.9550708,0.4693877551020402,0.5055069,2.8367438595825574,2.680484,,,,
random,N/A,rrg,0.5,0.1,0.3,5,0.954,0.9635509,0.5306122448979587,0.60468626,1.9432958128888893,1.9941765,,,,
random,N/A,rrg,0.6000000000000001,0.1,0.3,5,0.967,0.97402906,0.6632653061224486,0.7229034,1.64606747900593,1.3538686,,,,
random,N/A,rrg,0.7000000000000001,0.1,0.3,5,0.981,0.98354566,0.8061224489795916,0.82375807,0.9201626786675939,0.8560104,,,,
random,N/A,rrg,0.8,0.1,0.3,5,0.988,0.9903795,0.8775510204081631,0.8984549,0.6257253535919337,0.49730957,,,,
random,N/A,rrg,0.9,0.1,0.3,5,0.996,0.9971673,0.9591836734693877,0.9707173,0.16576028871600995,0.22941445,,,,
random,N/A,rrg,1.0,0.1,0.3,5,1.0,0.9999342,1.0,0.99932826,5.4718065223248914e-05,0.036675584,,,,
random,N/A,rrg,0.0,0.2,0.3,5,0.789,0.8000097,0.0,0.0,6.062272020295348,6.836266,,,,
random,N/A,rrg,0.1,0.2,0.3,5,0.807,0.8153702,0.085308056872038,0.098338045,5.0764425137417915,5.2302127,,,,
random,N/A,rrg,0.2,0.2,0.3,5,0.842,0.8497783,0.2511848341232225,0.26617783,3.745335661522282,4.185555,,,,
random,N/A,rrg,0.30000000000000004,0.2,0.3,5,0.865,0.85878223,0.3601895734597155,0.34623954,2.977594809407827,3.1420076,,,,
random,N/A,rrg,0.4,0.2,0.3,5,0.884,0.8910129,0.4502369668246445,0.467384,2.604256568626126,2.5068958,,,,
random,N/A,rrg,0.5,0.2,0.3,5,0.926,0.9147501,0.6492890995260665,0.5994825,1.8831713268039987,1.8631694,,,,
random,N/A,rrg,0.6000000000000001,0.2,0.3,5,0.927,0.9322334,0.6540284360189575,0.6629456,1.2647706163220016,1.3669575,,,,
random,N/A,rrg,0.7000000000000001,0.2,0.3,5,0.957,0.95657766,0.796208530805687,0.7946493,0.7812138898784169,0.8504557,,,,
random,N/A,rrg,0.8,0.2,0.3,5,0.975,0.974063,0.881516587677725,0.8783472,0.41807043529107935,0.51397586,,,,
random,N/A,rrg,0.9,0.2,0.3,5,0.99,0.98863614,0.95260663507109,0.94577825,0.2822646776286359,0.2735935,,,,
random,N/A,rrg,1.0,0.2,0.3,5,1.0,0.99988866,1.0,0.9994721,3.415099502660028e-05,0.04784773,,,,
random,N/A,rrg,0.0,0.3,0.3,5,0.729,0.700031,0.0,0.0,4.9147648897268805,4.7643957,,,,
random,N/A,rrg,0.1,0.3,0.3,5,0.757,0.7357079,0.10332103321033219,0.09869211,4.324888411412664,3.9812584,,,,
random,N/A,rrg,0.2,0.3,0.3,5,0.785,0.7677645,0.20664206642066438,0.21351798,3.484043021768552,3.2161121,,,,
random,N/A,rrg,0.30000000000000004,0.3,0.3,5,0.828,0.81213754,0.36531365313653125,0.32834113,2.5741495166032236,2.843202,,,,
random,N/A,rrg,0.4,0.3,0.3,5,0.849,0.8416544,0.4428044280442804,0.44478774,2.3039352778546154,2.2157915,,,,
random,N/A,rrg,0.5,0.3,0.3,5,0.871,0.86670524,0.5239852398523985,0.5215675,1.6845974541151898,1.6255183,,,,
random,N/A,rrg,0.6000000000000001,0.3,0.3,5,0.911,0.9056847,0.6715867158671588,0.6650745,1.3999410983205554,1.2726753,,,,
random,N/A,rrg,0.7000000000000001,0.3,0.3,5,0.937,0.9346742,0.767527675276753,0.7629333,0.804600717066855,0.9127733,,,,
random,N/A,rrg,0.8,0.3,0.3,5,0.958,0.95414114,0.8450184501845017,0.8350585,0.5123313773333238,0.5301176,,,,
random,N/A,rrg,0.9,0.3,0.3,5,0.978,0.9791814,0.9188191881918818,0.9236794,0.2744436198687652,0.27279285,,,,
random,N/A,rrg,1.0,0.3,0.3,5,1.0,0.99970675,1.0,0.9989169,0.00017902535197000753,0.10295442,,,,
random,N/A,rrg,0.0,0.4,0.3,5,0.58,0.60008657,0.0,0.0,3.7217578913662157,3.451542,,,,
random,N/A,rrg,0.1,0.4,0.3,5,0.623,0.6492051,0.10238095238095246,0.11772259,3.2439728000140486,2.9717195,,,,
random,N/A,rrg,0.2,0.4,0.3,5,0.673,0.6972743,0.2214285714285716,0.2425309,2.7273582066973607,2.5280433,,,,
random,N/A,rrg,0.30000000000000004,0.4,0.3,5,0.713,0.7407106,0.31666666666666665,0.34675017,2.140824949512927,2.07021,,,,
random,N/A,rrg,0.4,0.4,0.3,5,0.779,0.7843353,0.4738095238095239,0.47597224,1.713351373825698,1.7140098,,,,
random,N/A,rrg,0.5,0.4,0.3,5,0.818,0.82423425,0.5666666666666665,0.57222426,1.260963930054144,1.363825,,,,
random,N/A,rrg,0.6000000000000001,0.4,0.3,5,0.853,0.8645193,0.65,0.65906113,1.0784694605894283,1.1071314,,,,
random,N/A,rrg,0.7000000000000001,0.4,0.3,5,0.896,0.90028745,0.7523809523809525,0.75767726,0.6901696957382522,0.7721308,,,,
random,N/A,rrg,0.8,0.4,0.3,5,0.925,0.93918157,0.8214285714285715,0.85088754,0.5321262207927782,0.51411724,,,,
random,N/A,rrg,0.9,0.4,0.3,5,0.969,0.9704293,0.9261904761904761,0.9280595,0.234052053650209,0.2705045,,,,
random,N/A,rrg,1.0,0.4,0.3,5,1.0,0.9995741,1.0,0.9989851,0.00012010211905614971,0.11929625,,,,
random,N/A,rrg,0.0,0.05,0.3,6,0.951,0.95000243,0.0,0.0,14.890803141440069,14.239045,,,,
random,N/A,rrg,0.1,0.05,0.3,6,0.953,0.9563232,0.04081632653061224,0.065099515,10.250662519945301,9.147397,,,,
random,N/A,rrg,0.2,0.05,0.3,6,0.967,0.96543336,0.32653061224489793,0.30263525,5.1314437151502235,5.8957834,,,,
random,N/A,rrg,0.30000000000000004,0.05,0.3,6,0.978,0.97476405,0.5510204081632653,0.53144825,3.36945208309977,3.734473,,,,
random,N/A,rrg,0.4,0.05,0.3,6,0.983,0.98315215,0.6530612244897959,0.6636866,2.116877403714693,2.478282,,,,
random,N/A,rrg,0.5,0.05,0.3,6,0.988,0.98154104,0.7551020408163265,0.630464,1.750721327379824,1.7233262,,,,
random,N/A,rrg,0.6000000000000001,0.05,0.3,6,0.991,0.98833853,0.8163265306122449,0.7661311,1.1748153540641548,1.1732011,,,,
random,N/A,rrg,0.7000000000000001,0.05,0.3,6,0.994,0.9923838,0.8775510204081632,0.84057176,0.701609894657656,0.8474888,,,,
random,N/A,rrg,0.8,0.05,0.3,6,0.997,0.9967592,0.9387755102040817,0.93322796,0.5079771421151965,0.47261494,,,,
random,N/A,rrg,0.9,0.05,0.3,6,0.999,0.9991863,0.9795918367346939,0.9832743,0.21308425522063526,0.22915705,,,,
random,N/A,rrg,1.0,0.05,0.3,6,1.0,0.9999718,1.0,0.99942446,3.530672838596831e-05,0.025146237,,,,
random,N/A,rrg,0.0,0.1,0.3,6,0.904,0.9000016,0.0,0.0,10.333925994149121,10.708196,,,,
random,N/A,rrg,0.1,0.1,0.3,6,0.91,0.9131497,0.06250000000000007,0.057252996,8.4540893591686,7.947152,,,,
random,N/A,rrg,0.2,0.1,0.3,6,0.926,0.92309314,0.22916666666666693,0.2191494,4.857663609922737,5.411201,,,,
random,N/A,rrg,0.30000000000000004,0.1,0.3,6,0.935,0.9303109,0.322916666666667,0.30175954,3.759025072758761,3.9018404,,,,
random,N/A,rrg,0.4,0.1,0.3,6,0.962,0.9532337,0.6041666666666662,0.54056954,2.5637034636809974,2.7769673,,,,
random,N/A,rrg,0.5,0.1,0.3,6,0.956,0.9584586,0.5416666666666662,0.57478034,1.7864388382269487,1.9265316,,,,
random,N/A,rrg,0.6000000000000001,0.1,0.3,6,0.974,0.97324944,0.7291666666666664,0.72017336,1.3337547416109172,1.3247026,,,,
random,N/A,rrg,0.7000000000000001,0.1,0.3,6,0.982,0.98259467,0.8124999999999998,0.8147349,0.8254539192232785,0.86048806,,,,
random,N/A,rrg,0.8,0.1,0.3,6,0.989,0.99093837,0.8854166666666665,0.90347534,0.4257796254476663,0.5384248,,,,
random,N/A,rrg,0.9,0.1,0.3,6,0.998,0.9970892,0.9791666666666666,0.969932,0.3817504869009965,0.25734168,,,,
random,N/A,rrg,1.0,0.1,0.3,6,1.0,0.99994457,1.0,0.9994224,3.9952443171498e-05,0.033744033,,,,
random,N/A,rrg,0.0,0.2,0.3,6,0.799,0.8000097,0.0,0.0,6.381206674054351,6.836266,,,,
random,N/A,rrg,0.1,0.2,0.3,6,0.815,0.8216001,0.07960199004975078,0.088891864,5.0510011736064255,5.3876867,,,,
random,N/A,rrg,0.2,0.2,0.3,6,0.835,0.8487605,0.17910447761193996,0.18954222,3.928614550210023,4.444784,,,,
random,N/A,rrg,0.30000000000000004,0.2,0.3,6,0.87,0.8716447,0.353233830845771,0.35285673,3.0442757531192965,3.4446177,,,,
random,N/A,rrg,0.4,0.2,0.3,6,0.879,0.8921161,0.39800995024875613,0.42896655,2.326313970739225,2.5176988,,,,
random,N/A,rrg,0.5,0.2,0.3,6,0.913,0.9181932,0.5671641791044777,0.5925564,1.6463449427688543,1.9264317,,,,
random,N/A,rrg,0.6000000000000001,0.2,0.3,6,0.941,0.9385933,0.706467661691542,0.6954021,1.2590445201359945,1.3534299,,,,
random,N/A,rrg,0.7000000000000001,0.2,0.3,6,0.954,0.9570716,0.7711442786069649,0.7830599,0.8818040159885423,0.90869224,,,,
random,N/A,rrg,0.8,0.2,0.3,6,0.977,0.97461313,0.8855721393034824,0.87413234,0.43883993339958544,0.5771356,,,,
random,N/A,rrg,0.9,0.2,0.3,6,0.99,0.9905581,0.9502487562189054,0.95319015,0.2594654963820304,0.2726979,,,,
random,N/A,rrg,1.0,0.2,0.3,6,1.0,0.9998785,1.0,0.9993954,3.3944934438887025e-05,0.048462167,,,,
random,N/A,rrg,0.0,0.3,0.3,6,0.695,0.700031,0.0,0.0,4.811931027422194,4.7643957,,,,
random,N/A,rrg,0.1,0.3,0.3,6,0.731,0.727166,0.11803278688524599,0.11827281,4.113999019124458,3.795059,,,,
random,N/A,rrg,0.2,0.3,0.3,6,0.762,0.7698018,0.21967213114754114,0.23632811,3.3273573128900273,3.2683425,,,,
random,N/A,rrg,0.30000000000000004,0.3,0.3,6,0.8,0.80554897,0.3442622950819675,0.36161727,2.6537489053934213,2.604113,,,,
random,N/A,rrg,0.4,0.3,0.3,6,0.831,0.83575326,0.44590163934426225,0.4628008,2.3295967401297593,2.04388,,,,
random,N/A,rrg,0.5,0.3,0.3,6,0.869,0.8658854,0.5704918032786885,0.55810344,1.5257292745512077,1.6654285,,,,
random,N/A,rrg,0.6000000000000001,0.3,0.3,6,0.889,0.898889,0.6360655737704919,0.65584457,1.4589687952658628,1.20857,,,,
random,N/A,rrg,0.7000000000000001,0.3,0.3,6,0.929,0.92842543,0.7672131147540986,0.76298404,0.7767596093947624,0.87781423,,,,
random,N/A,rrg,0.8,0.3,0.3,6,0.946,0.9547559,0.822950819672131,0.8500655,0.4945450468294889,0.5733142,,,,
random,N/A,rrg,0.9,0.3,0.3,6,0.975,0.9772508,0.9180327868852458,0.9250661,0.3346685488146308,0.27592582,,,,
random,N/A,rrg,1.0,0.3,0.3,6,1.0,0.9996386,1.0,0.9988139,0.00038452194658400175,0.114325926,,,,
random,N/A,rrg,0.0,0.4,0.3,6,0.6,0.60008657,0.0,0.0,3.105828666517468,3.451542,,,,
random,N/A,rrg,0.1,0.4,0.3,6,0.646,0.6471775,0.1150000000000001,0.11997226,2.6370149948524304,2.9425132,,,,
random,N/A,rrg,0.2,0.4,0.3,6,0.692,0.69126654,0.22999999999999993,0.23386417,2.307692888308666,2.432079,,,,
random,N/A,rrg,0.30000000000000004,0.4,0.3,6,0.728,0.7357512,0.32,0.36041525,1.824345095964235,2.0167923,,,,
random,N/A,rrg,0.4,0.4,0.3,6,0.779,0.7836399,0.4475000000000001,0.4595994,1.5261263142138684,1.6867582,,,,
random,N/A,rrg,0.5,0.4,0.3,6,0.829,0.82312214,0.5724999999999999,0.55068314,1.3515849289612034,1.2984505,,,,
random,N/A,rrg,0.6000000000000001,0.4,0.3,6,0.865,0.86075014,0.6625,0.6600687,1.1117926134262661,1.0244056,,,,
random,N/A,rrg,0.7000000000000001,0.4,0.3,6,0.909,0.89817774,0.7725000000000001,0.752095,0.6682631063015235,0.7428307,,,,
random,N/A,rrg,0.8,0.4,0.3,6,0.942,0.93508464,0.8549999999999999,0.84288996,0.5168683171338664,0.4928096,,,,
random,N/A,rrg,0.9,0.4,0.3,6,0.967,0.9672572,0.9175,0.91826123,0.2783953481856231,0.27971628,,,,
random,N/A,rrg,1.0,0.4,0.3,6,1.0,0.9996094,1.0,0.99902266,0.00010615670918400891,0.112011105,,,,
random,N/A,rrg,0.0,0.05,0.3,7,0.942,0.95000243,0.0,0.0,13.239122248495732,14.239045,,,,
random,N/A,rrg,0.1,0.05,0.3,7,0.95,0.95760643,0.13793103448275862,0.13785228,7.960557446275703,9.27683,,,,
random,N/A,rrg,0.2,0.05,0.3,7,0.956,0.96079063,0.2413793103448276,0.22715957,5.96410010399758,5.6762614,,,,
random,N/A,rrg,0.30000000000000004,0.05,0.3,7,0.974,0.9681724,0.5517241379310345,0.4716375,3.477568369557551,3.7318726,,,,
random,N/A,rrg,0.4,0.05,0.3,7,0.975,0.9724559,0.5689655172413793,0.5101087,2.882486037199663,2.608028,,,,
random,N/A,rrg,0.5,0.05,0.3,7,0.981,0.98283,0.6724137931034483,0.7040594,1.7730406427673688,1.818346,,,,
random,N/A,rrg,0.6000000000000001,0.05,0.3,7,0.986,0.9876153,0.7586206896551724,0.79086673,1.1311605040448471,1.214284,,,,
random,N/A,rrg,0.7000000000000001,0.05,0.3,7,0.985,0.99045986,0.7413793103448276,0.8339675,0.7669753758423099,0.8170745,,,,
random,N/A,rrg,0.8,0.05,0.3,7,0.998,0.9973071,0.9655172413793104,0.953573,0.3954542917955586,0.44450575,,,,
random,N/A,rrg,0.9,0.05,0.3,7,1.0,0.99828833,1.0,0.9708412,0.3565957443479913,0.23017985,,,,
random,N/A,rrg,1.0,0.05,0.3,7,1.0,0.99997675,1.0,0.99959916,2.2952463153690557e-05,0.024369044,,,,
random,N/A,rrg,0.0,0.1,0.3,7,0.895,0.9000016,0.0,0.0,10.272659653893385,10.708196,,,,
random,N/A,rrg,0.1,0.1,0.3,7,0.908,0.91030294,0.12380952380952394,0.11415673,8.147165293603104,7.5857215,,,,
random,N/A,rrg,0.2,0.1,0.3,7,0.928,0.91954505,0.3142857142857146,0.27939534,5.737976167650934,5.1156163,,,,
random,N/A,rrg,0.30000000000000004,0.1,0.3,7,0.942,0.9363534,0.44761904761904703,0.4028516,3.639350118890062,3.7511022,,,,
random,N/A,rrg,0.4,0.1,0.3,7,0.945,0.9484579,0.4761904761904756,0.49856657,3.090378259037142,2.8502774,,,,
random,N/A,rrg,0.5,0.1,0.3,7,0.956,0.95428306,0.5809523809523806,0.55460846,1.914892594156246,1.8454031,,,,
random,N/A,rrg,0.6000000000000001,0.1,0.3,7,0.975,0.9728213,0.7619047619047616,0.7364571,1.2031002401514828,1.2687937,,,,
random,N/A,rrg,0.7000000000000001,0.1,0.3,7,0.983,0.9818352,0.8380952380952379,0.83172244,0.7898673114736946,0.93060464,,,,
random,N/A,rrg,0.8,0.1,0.3,7,0.989,0.9932551,0.8952380952380952,0.9338207,0.5293857481736325,0.5225296,,,,
random,N/A,rrg,0.9,0.1,0.3,7,0.995,0.99428695,0.9523809523809523,0.945692,0.2988598657842383,0.29405394,,,,
random,N/A,rrg,1.0,0.1,0.3,7,1.0,0.9999321,1.0,0.9993532,3.719200367994256e-05,0.03773337,,,,
random,N/A,rrg,0.0,0.2,0.3,7,0.804,0.8000097,0.0,0.0,6.159176870301452,6.836266,,,,
random,N/A,rrg,0.1,0.2,0.3,7,0.821,0.81807226,0.08673469387755055,0.09731544,5.03798129844041,5.27025,,,,
random,N/A,rrg,0.2,0.2,0.3,7,0.852,0.84985614,0.2448979591836732,0.25075105,3.9678183466303745,4.274472,,,,
random,N/A,rrg,0.30000000000000004,0.2,0.3,7,0.869,0.86825925,0.3316326530612243,0.328058,3.3168098357545523,3.3436453,,,,
random,N/A,rrg,0.4,0.2,0.3,7,0.888,0.8860307,0.4285714285714285,0.42744467,2.6856538897948186,2.430372,,,,
random,N/A,rrg,0.5,0.2,0.3,7,0.916,0.9186096,0.5714285714285715,0.58621943,1.7854315023470892,1.8855923,,,,
random,N/A,rrg,0.6000000000000001,0.2,0.3,7,0.939,0.9320836,0.6887755102040812,0.6719881,1.3261983192348838,1.2155522,,,,
random,N/A,rrg,0.7000000000000001,0.2,0.3,7,0.95,0.9567803,0.7448979591836732,0.7767748,1.0920472878051917,0.9795614,,,,
random,N/A,rrg,0.8,0.2,0.3,7,0.975,0.9733861,0.8724489795918365,0.8653157,0.549393739492569,0.58695877,,,,
random,N/A,rrg,0.9,0.2,0.3,7,0.991,0.9905837,0.9540816326530611,0.9519681,0.2710799627488714,0.27223903,,,,
random,N/A,rrg,1.0,0.2,0.3,7,1.0,0.9998989,1.0,0.999484,2.9516424281999948e-05,0.04439707,,,,
random,N/A,rrg,0.0,0.3,0.3,7,0.697,0.700031,0.0,0.0,4.67916431904817,4.7643957,,,,
random,N/A,rrg,0.1,0.3,0.3,7,0.731,0.7250929,0.11221122112211229,0.09825604,3.845418851170969,3.8177238,,,,
random,N/A,rrg,0.2,0.3,0.3,7,0.753,0.76415217,0.18481848184818495,0.20203078,3.050492224479941,3.2992115,,,,
random,N/A,rrg,0.30000000000000004,0.3,0.3,7,0.81,0.79275435,0.37293729372937323,0.335881,2.8249194743854487,2.5143704,,,,
random,N/A,rrg,0.4,0.3,0.3,7,0.835,0.83392155,0.4554455445544554,0.4634239,2.2138039949512422,2.0710504,,,,
random,N/A,rrg,0.5,0.3,0.3,7,0.871,0.8659125,0.5742574257425743,0.5626833,1.3872143347910837,1.6413662,,,,
random,N/A,rrg,0.6000000000000001,0.3,0.3,7,0.909,0.89247507,0.6996699669966998,0.66250366,1.4122322584867697,1.1909528,,,,
random,N/A,rrg,0.7000000000000001,0.3,0.3,7,0.933,0.9273657,0.7788778877887791,0.7658159,0.78679863397314,0.78714174,,,,
random,N/A,rrg,0.8,0.3,0.3,7,0.965,0.9523236,0.8844884488448844,0.8453068,0.5889385009432924,0.5519743,,,,
random,N/A,rrg,0.9,0.3,0.3,7,0.976,0.9785979,0.9207920792079207,0.92862695,0.18305845584718544,0.31520692,,,,
random,N/A,rrg,1.0,0.3,0.3,7,1.0,0.99967766,1.0,0.9989352,0.00016031749759683103,0.10784757,,,,
random,N/A,rrg,0.0,0.4,0.3,7,0.58,0.60008657,0.0,0.0,2.8079337706062515,3.451542,,,,
random,N/A,rrg,0.1,0.4,0.3,7,0.633,0.6434817,0.1261904761904763,0.11718031,2.4919302227289553,2.879432,,,,
random,N/A,rrg,0.2,0.4,0.3,7,0.676,0.6856848,0.22857142857142876,0.24407797,2.2385604319640353,2.3052423,,,,
random,N/A,rrg,0.30000000000000004,0.4,0.3,7,0.726,0.7316452,0.3476190476190476,0.35265282,1.7636359261117605,1.9394042,,,,
random,N/A,rrg,0.4,0.4,0.3,7,0.768,0.77865297,0.4476190476190477,0.45942923,1.4023895621197375,1.5986514,,,,
random,N/A,rrg,0.5,0.4,0.3,7,0.825,0.8187692,0.5833333333333333,0.57366174,1.2826162050728744,1.2449964,,,,
random,N/A,rrg,0.6000000000000001,0.4,0.3,7,0.841,0.8589276,0.6214285714285714,0.6622015,0.917742663846665,0.96539086,,,,
random,N/A,rrg,0.7000000000000001,0.4,0.3,7,0.889,0.8982267,0.7357142857142858,0.75686944,0.689581290768615,0.73624796,,,,
random,N/A,rrg,0.8,0.4,0.3,7,0.935,0.9338415,0.8452380952380953,0.8422707,0.49626330140839064,0.5033689,,,,
random,N/A,rrg,0.9,0.4,0.3,7,0.963,0.96972793,0.9119047619047619,0.927191,0.2087754815587671,0.2620126,,,,
random,N/A,rrg,1.0,0.4,0.3,7,1.0,0.9996059,1.0,0.99906087,9.87684053077134e-05,0.11317167,,,,
random,N/A,rrg,0.0,0.05,0.3,8,0.957,0.95000243,0.0,0.0,17.26245940479151,14.239045,,,,
random,N/A,rrg,0.1,0.05,0.3,8,0.959,0.9549146,0.046511627906976744,0.04640837,10.062249193180014,9.013979,,,,
random,N/A,rrg,0.2,0.05,0.3,8,0.96,0.96417654,0.06976744186046512,0.15786184,5.670667063004947,5.876576,,,,
random,N/A,rrg,0.30000000000000004,0.05,0.3,8,0.971,0.97822815,0.32558139534883723,0.47638604,3.5908435825199443,3.6629546,,,,
random,N/A,rrg,0.4,0.05,0.3,8,0.978,0.9794689,0.4883720930232558,0.53657,2.7727044495249156,2.4814458,,,,
random,N/A,rrg,0.5,0.05,0.3,8,0.99,0.98690504,0.7674418604651163,0.7171754,1.8840845249586167,1.740408,,,,
random,N/A,rrg,0.6000000000000001,0.05,0.3,8,0.991,0.99011916,0.7906976744186046,0.77389276,1.3897189379106936,1.1663432,,,,
random,N/A,rrg,0.7000000000000001,0.05,0.3,8,0.997,0.99445623,0.9302325581395349,0.87354386,0.8167499776060557,0.7769631,,,,
random,N/A,rrg,0.8,0.05,0.3,8,0.993,0.9961806,0.8372093023255814,0.90789264,0.5655480568391318,0.5183984,,,,
random,N/A,rrg,0.9,0.05,0.3,8,0.997,0.99867845,0.9302325581395349,0.96904683,0.24766967652643523,0.24101922,,,,
random,N/A,rrg,1.0,0.05,0.3,8,1.0,0.99998325,1.0,0.9996105,0.00015791290959646536,0.03010284,,,,
random,N/A,rrg,0.0,0.1,0.3,8,0.904,0.9000016,0.0,0.0,9.524685840836439,10.708196,,,,
random,N/A,rrg,0.1,0.1,0.3,8,0.918,0.9034803,0.1458333333333335,0.12929544,7.5614042688674905,7.0478086,,,,
random,N/A,rrg,0.2,0.1,0.3,8,0.931,0.9246549,0.28125000000000033,0.25054988,4.646578924007952,5.4169884,,,,
random,N/A,rrg,0.30000000000000004,0.1,0.3,8,0.935,0.934996,0.322916666666667,0.3316222,4.034447244030236,4.0102587,,,,
random,N/A,rrg,0.4,0.1,0.3,8,0.956,0.9464166,0.5416666666666662,0.47912002,2.318027001711633,2.6310172,,,,
random,N/A,rrg,0.5,0.1,0.3,8,0.957,0.95938706,0.5520833333333328,0.5649857,1.6297933294927542,1.9209831,,,,
random,N/A,rrg,0.6000000000000001,0.1,0.3,8,0.973,0.9706532,0.7187499999999997,0.6992885,1.0589500996882866,1.2583872,,,,
random,N/A,rrg,0.7000000000000001,0.1,0.3,8,0.982,0.98296267,0.8124999999999998,0.81962115,0.8698209994186441,0.83907026,,,,
random,N/A,rrg,0.8,0.1,0.3,8,0.993,0.99241096,0.9270833333333333,0.92089134,0.43218441149695014,0.48244685,,,,
random,N/A,rrg,0.9,0.1,0.3,8,0.997,0.99732167,0.96875,0.9719886,0.16173611565789364,0.2348602,,,,
random,N/A,rrg,1.0,0.1,0.3,8,1.0,0.9999581,1.0,0.9995634,5.660319948543789e-05,0.037664406,,,,
random,N/A,rrg,0.0,0.2,0.3,8,0.805,0.8000097,0.0,0.0,6.792202724889006,6.836266,,,,
random,N/A,rrg,0.1,0.2,0.3,8,0.821,0.82064563,0.08205128205128158,0.08670301,5.107241228685568,5.431094,,,,
random,N/A,rrg,0.2,0.2,0.3,8,0.845,0.85117257,0.2051282051282048,0.20402877,3.847064526190323,4.465755,,,,
random,N/A,rrg,0.30000000000000004,0.2,0.3,8,0.874,0.87054676,0.3538461538461537,0.34324366,2.935999820034281,3.3688712,,,,
random,N/A,rrg,0.4,0.2,0.3,8,0.909,0.8942588,0.5333333333333333,0.48990735,2.4171381905608214,2.4960938,,,,
random,N/A,rrg,0.5,0.2,0.3,8,0.924,0.9171004,0.6102564102564104,0.59578574,1.7443151384444355,1.869909,,,,
random,N/A,rrg,0.6000000000000001,0.2,0.3,8,0.946,0.9406266,0.7230769230769227,0.7039948,1.2159412715072586,1.3648108,,,,
random,N/A,rrg,0.7000000000000001,0.2,0.3,8,0.965,0.96010566,0.8205128205128203,0.7979642,0.8032894608120918,0.87088317,,,,
random,N/A,rrg,0.8,0.2,0.3,8,0.978,0.9726248,0.887179487179487,0.86180097,0.49546299528713206,0.5488923,,,,
random,N/A,rrg,0.9,0.2,0.3,8,0.988,0.98830056,0.9384615384615383,0.9400569,0.19331259684851446,0.27731106,,,,
random,N/A,rrg,1.0,0.2,0.3,8,1.0,0.99990773,1.0,0.9995267,2.9393063844240585e-05,0.042720225,,,,
random,N/A,rrg,0.0,0.3,0.3,8,0.699,0.700031,0.0,0.0,4.807074566850904,4.7643957,,,,
random,N/A,rrg,0.1,0.3,0.3,8,0.727,0.72958004,0.09302325581395356,0.109801844,3.923813373760146,3.8846264,,,,
random,N/A,rrg,0.2,0.3,0.3,8,0.764,0.7687126,0.21594684385382076,0.23374712,3.351982471269901,3.2004879,,,,
random,N/A,rrg,0.30000000000000004,0.3,0.3,8,0.796,0.8016191,0.3222591362126248,0.32228935,2.74515675091051,2.671222,,,,
random,N/A,rrg,0.4,0.3,0.3,8,0.84,0.8353265,0.46843853820598,0.45721087,2.3586070599311304,2.162458,,,,
random,N/A,rrg,0.5,0.3,0.3,8,0.877,0.8677637,0.5913621262458473,0.57374495,1.6231837927480284,1.6605108,,,,
random,N/A,rrg,0.6000000000000001,0.3,0.3,8,0.897,0.89973354,0.6578073089700998,0.66315925,1.2765969965454433,1.2699945,,,,
random,N/A,rrg,0.7000000000000001,0.3,0.3,8,0.929,0.9330624,0.7641196013289039,0.7758845,0.9496671431368338,0.87909466,,,,
random,N/A,rrg,0.8,0.3,0.3,8,0.947,0.9538524,0.8239202657807307,0.84401876,0.5556000084699843,0.55299634,,,,
random,N/A,rrg,0.9,0.3,0.3,8,0.976,0.97690314,0.9202657807308969,0.92280877,0.2621834990467563,0.31405845,,,,
random,N/A,rrg,1.0,0.3,0.3,8,1.0,0.9996769,1.0,0.99892557,0.0001246139509840907,0.109117955,,,,
random,N/A,rrg,0.0,0.4,0.3,8,0.625,0.60008657,0.0,0.0,3.8607364923450667,3.451542,,,,
random,N/A,rrg,0.1,0.4,0.3,8,0.651,0.6518778,0.0693333333333334,0.09591949,3.213149344649694,3.034779,,,,
random,N/A,rrg,0.2,0.4,0.3,8,0.711,0.7001026,0.22933333333333325,0.2246132,2.5452336597638823,2.6300564,,,,
random,N/A,rrg,0.30000000000000004,0.4,0.3,8,0.756,0.7380471,0.34933333333333333,0.33947262,2.6060538242754374,2.1130338,,,,
random,N/A,rrg,0.4,0.4,0.3,8,0.803,0.78530097,0.4746666666666668,0.44651213,1.812580030263469,1.7833585,,,,
random,N/A,rrg,0.5,0.4,0.3,8,0.846,0.8259114,0.5893333333333333,0.54873544,1.4715819053152954,1.479095,,,,
random,N/A,rrg,0.6000000000000001,0.4,0.3,8,0.896,0.8653473,0.7226666666666667,0.65953815,1.1236381035893273,1.057856,,,,
random,N/A,rrg,0.7000000000000001,0.4,0.3,8,0.925,0.9065093,0.8000000000000002,0.7523724,0.7178960632824577,0.79358494,,,,
random,N/A,rrg,0.8,0.4,0.3,8,0.95,0.938859,0.8666666666666666,0.8386508,0.6552003112355221,0.5476805,,,,
random,N/A,rrg,0.9,0.4,0.3,8,0.977,0.97125137,0.9386666666666666,0.923757,0.19609660277204063,0.29667884,,,,
random,N/A,rrg,1.0,0.4,0.3,8,1.0,0.9996105,1.0,0.9989604,0.0002801322893340795,0.11866318,,,,
random,N/A,rrg,0.0,0.05,0.3,9,0.958,0.95000243,0.0,0.0,14.817821883047735,14.239045,,,,
random,N/A,rrg,0.1,0.05,0.3,9,0.966,0.9618678,0.19047619047619047,0.13597818,8.879259801284846,9.354378,,,,
random,N/A,rrg,0.2,0.05,0.3,9,0.968,0.9652115,0.23809523809523808,0.2204122,6.270851280551048,6.285572,,,,
random,N/A,rrg,0.30000000000000004,0.05,0.3,9,0.975,0.97151834,0.40476190476190477,0.37032795,4.366469687588072,3.9162312,,,,
random,N/A,rrg,0.4,0.05,0.3,9,0.988,0.9830066,0.7142857142857143,0.632663,2.9529149927947724,2.4914162,,,,
random,N/A,rrg,0.5,0.05,0.3,9,0.988,0.9852167,0.7142857142857143,0.6656205,1.7075280201908798,1.7387999,,,,
random,N/A,rrg,0.6000000000000001,0.05,0.3,9,0.994,0.9894971,0.8571428571428571,0.76562685,0.9480547151794378,1.1199005,,,,
random,N/A,rrg,0.7000000000000001,0.05,0.3,9,0.993,0.9928766,0.8333333333333334,0.83496124,0.941280614515202,0.79383296,,,,
random,N/A,rrg,0.8,0.05,0.3,9,0.998,0.99671817,0.9523809523809523,0.92394733,0.45893371577431896,0.5263986,,,,
random,N/A,rrg,0.9,0.05,0.3,9,1.0,0.9987466,1.0,0.97055143,0.17669186046783164,0.21534924,,,,
random,N/A,rrg,1.0,0.05,0.3,9,1.0,0.9999829,1.0,0.99959266,2.517949239456759e-05,0.021625407,,,,
random,N/A,rrg,0.0,0.1,0.3,9,0.912,0.9000016,0.0,0.0,12.540170192948255,10.708196,,,,
random,N/A,rrg,0.1,0.1,0.3,9,0.922,0.9237918,0.11363636363636379,0.12609173,7.936568903340755,8.072051,,,,
random,N/A,rrg,0.2,0.1,0.3,9,0.933,0.9350328,0.23863636363636392,0.2378079,5.784325590215338,5.7768283,,,,
random,N/A,rrg,0.30000000000000004,0.1,0.3,9,0.94,0.95071304,0.31818181818181734,0.41129288,4.035274221768208,4.0463343,,,,
random,N/A,rrg,0.4,0.1,0.3,9,0.948,0.9533674,0.40909090909090834,0.43956903,2.726629751494751,2.8732963,,,,
random,N/A,rrg,0.5,0.1,0.3,9,0.962,0.96615005,0.5681818181818177,0.61421126,2.038422095717854,1.9473253,,,,
random,N/A,rrg,0.6000000000000001,0.1,0.3,9,0.975,0.97756773,0.7159090909090905,0.747693,1.3320067308333472,1.397853,,,,
random,N/A,rrg,0.7000000000000001,0.1,0.3,9,0.976,0.9830339,0.727272727272727,0.791176,1.0542069152056424,0.9253965,,,,
random,N/A,rrg,0.8,0.1,0.3,9,0.986,0.9924486,0.8409090909090907,0.90938663,0.5012108306480341,0.49599177,,,,
random,N/A,rrg,0.9,0.1,0.3,9,0.996,0.99670315,0.9545454545454545,0.9622764,0.1898748749044679,0.21854419,,,,
random,N/A,rrg,1.0,0.1,0.3,9,1.0,0.99993753,1.0,0.9992898,2.985993881563426e-05,0.03120915,,,,
random,N/A,rrg,0.0,0.2,0.3,9,0.795,0.8000097,0.0,0.0,6.839131269887175,6.836266,,,,
random,N/A,rrg,0.1,0.2,0.3,9,0.816,0.82375234,0.10243902439024347,0.1118621,5.45679593916735,5.4434023,,,,
random,N/A,rrg,0.2,0.2,0.3,9,0.843,0.8465359,0.23414634146341434,0.22885098,4.81077998013399,4.248103,,,,
random,N/A,rrg,0.30000000000000004,0.2,0.3,9,0.878,0.8693113,0.4048780487804877,0.37860724,3.463571188051921,3.264939,,,,
random,N/A,rrg,0.4,0.2,0.3,9,0.882,0.89426655,0.42439024390243896,0.446951,2.982590852364913,2.5452743,,,,
random,N/A,rrg,0.5,0.2,0.3,9,0.911,0.9141045,0.5658536585365854,0.5760292,2.002140255493091,1.8387033,,,,
random,N/A,rrg,0.6000000000000001,0.2,0.3,9,0.932,0.93351126,0.6682926829268294,0.6662556,1.3465424383688755,1.3049026,,,,
random,N/A,rrg,0.7000000000000001,0.2,0.3,9,0.945,0.9557942,0.7317073170731705,0.77131075,1.0321779824425799,0.88517016,,,,
random,N/A,rrg,0.8,0.2,0.3,9,0.979,0.9734707,0.897560975609756,0.87245905,0.5623115464513547,0.554917,,,,
random,N/A,rrg,0.9,0.2,0.3,9,0.992,0.98733544,0.9609756097560975,0.93926084,0.2624684080682375,0.30560943,,,,
random,N/A,rrg,1.0,0.2,0.3,9,1.0,0.9998896,1.0,0.9994613,3.8529854549998936e-05,0.04820247,,,,
random,N/A,rrg,0.0,0.3,0.3,9,0.683,0.700031,0.0,0.0,4.095877560625318,4.7643957,,,,
random,N/A,rrg,0.1,0.3,0.3,9,0.728,0.7318092,0.14195583596214492,0.12818293,3.5098620930095366,3.8963013,,,,
random,N/A,rrg,0.2,0.3,0.3,9,0.754,0.75807273,0.22397476340693995,0.23404934,3.0102160651392005,3.0369453,,,,
random,N/A,rrg,0.30000000000000004,0.3,0.3,9,0.801,0.79868686,0.3722397476340694,0.35398692,2.367131765082565,2.5522544,,,,
random,N/A,rrg,0.4,0.3,0.3,9,0.825,0.82632095,0.4479495268138799,0.4611366,1.9230792719384804,1.9288828,,,,
random,N/A,rrg,0.5,0.3,0.3,9,0.866,0.8609453,0.5772870662460566,0.55140793,1.5809097732588224,1.5695391,,,,
random,N/A,rrg,0.6000000000000001,0.3,0.3,9,0.89,0.8921283,0.6529968454258674,0.6612281,1.2545307975212332,1.1502639,,,,
random,N/A,rrg,0.7000000000000001,0.3,0.3,9,0.929,0.923516,0.77602523659306,0.7611905,0.8355290048672406,0.83907497,,,,
random,N/A,rrg,0.8,0.3,0.3,9,0.959,0.9532069,0.8706624605678233,0.85616755,0.47193438656609055,0.5358711,,,,
random,N/A,rrg,0.9,0.3,0.3,9,0.98,0.9788313,0.9369085173501577,0.9335246,0.2383411968996906,0.27578846,,,,
random,N/A,rrg,1.0,0.3,0.3,9,1.0,0.99971056,1.0,0.99908626,0.00011135471819160492,0.10263437,,,,
random,N/A,rrg,0.0,0.4,0.3,9,0.624,0.60008657,0.0,0.0,3.52517853398058,3.451542,,,,
random,N/A,rrg,0.1,0.4,0.3,9,0.671,0.64614916,0.1250000000000001,0.119261496,3.1493240129329236,2.9175258,,,,
random,N/A,rrg,0.2,0.4,0.3,9,0.721,0.70039904,0.25797872340425526,0.2393589,2.3559544457602333,2.5747616,,,,
random,N/A,rrg,0.30000000000000004,0.4,0.3,9,0.762,0.7412965,0.3670212765957447,0.3420261,2.049978252538923,2.117112,,,,
random,N/A,rrg,0.4,0.4,0.3,9,0.797,0.7864864,0.4601063829787235,0.44396728,1.5311808412067975,1.7775525,,,,
random,N/A,rrg,0.5,0.4,0.3,9,0.841,0.82373327,0.577127659574468,0.5525917,1.4342655914143965,1.3457979,,,,
random,N/A,rrg,0.6000000000000001,0.4,0.3,9,0.876,0.8654883,0.6702127659574468,0.65666264,0.9693862149948185,1.056094,,,,
random,N/A,rrg,0.7000000000000001,0.4,0.3,9,0.913,0.90153843,0.7686170212765958,0.7473781,0.7401142900460316,0.7752306,,,,
random,N/A,rrg,0.8,0.4,0.3,9,0.944,0.9369662,0.8510638297872339,0.8353557,0.44868842120061836,0.49770898,,,,
random,N/A,rrg,0.9,0.4,0.3,9,0.971,0.96820056,0.9228723404255319,0.9169085,0.23899041981417168,0.28224874,,,,
random,N/A,rrg,1.0,0.4,0.3,9,1.0,0.9996405,1.0,0.99904317,0.0001026567229562007,0.10767485,,,,
deg_centrality,N/A,rrg,0.0,0.05,0.3,0,0.955,0.95000243,0.0,0.0,16.183489922369635,14.239045,,,,
deg_centrality,N/A,rrg,0.1,0.05,0.3,0,0.959,0.9604489,0.08888888888888889,0.11357312,9.095991735793588,9.1622305,,,,
deg_centrality,N/A,rrg,0.2,0.05,0.3,0,0.968,0.9689952,0.28888888888888886,0.30759236,5.979155241663792,5.8583965,,,,
deg_centrality,N/A,rrg,0.30000000000000004,0.05,0.3,0,0.975,0.97511953,0.4444444444444444,0.43609124,3.64630584954216,3.753689,,,,
deg_centrality,N/A,rrg,0.4,0.05,0.3,0,0.985,0.9802943,0.6666666666666666,0.55256563,2.0934019005590203,2.4975488,,,,
deg_centrality,N/A,rrg,0.5,0.05,0.3,0,0.989,0.9868751,0.7555555555555555,0.7065688,1.4559085875875095,1.7007561,,,,
deg_centrality,N/A,rrg,0.6000000000000001,0.05,0.3,0,0.985,0.98903286,0.6666666666666666,0.75506157,1.0354483898757199,1.1566155,,,,
deg_centrality,N/A,rrg,0.7000000000000001,0.05,0.3,0,0.994,0.99569327,0.8666666666666667,0.9066498,0.8242950489318878,0.8112954,,,,
deg_centrality,N/A,rrg,0.8,0.05,0.3,0,0.997,0.9965187,0.9333333333333333,0.920421,0.3409859888309213,0.45697632,,,,
deg_centrality,N/A,rrg,0.9,0.05,0.3,0,1.0,0.99927443,1.0,0.9841215,0.1818212599413376,0.2273808,,,,
deg_centrality,N/A,rrg,1.0,0.05,0.3,0,1.0,0.9999711,1.0,0.9993574,4.3223308977061394e-05,0.02396644,,,,
deg_centrality,N/A,rrg,0.0,0.1,0.3,0,0.901,0.9000016,0.0,0.0,9.08575141452876,10.708196,,,,
deg_centrality,N/A,rrg,0.1,0.1,0.3,0,0.912,0.90688246,0.11111111111111123,0.09452771,7.658287660283946,7.306088,,,,
deg_centrality,N/A,rrg,0.2,0.1,0.3,0,0.917,0.90976685,0.1616161616161618,0.15411921,5.602919882197628,5.2659087,,,,
deg_centrality,N/A,rrg,0.30000000000000004,0.1,0.3,0,0.94,0.93926585,0.39393939393939326,0.39577997,3.7948303616080037,4.047132,,,,
deg_centrality,N/A,rrg,0.4,0.1,0.3,0,0.948,0.9442588,0.47474747474747414,0.4651387,2.765737117509086,2.662961,,,,
deg_centrality,N/A,rrg,0.5,0.1,0.3,0,0.965,0.9590178,0.6464646464646461,0.6023137,2.6040091100326013,2.0232828,,,,
deg_centrality,N/A,rrg,0.6000000000000001,0.1,0.3,0,0.974,0.9734377,0.7373737373737371,0.7321645,1.3554446875243629,1.3279619,,,,
deg_centrality,N/A,rrg,0.7000000000000001,0.1,0.3,0,0.982,0.98141026,0.818181818181818,0.8117805,0.9856601109832637,0.8146686,,,,
deg_centrality,N/A,rrg,0.8,0.1,0.3,0,0.991,0.99062455,0.909090909090909,0.90522593,0.6309817201515555,0.47910506,,,,
deg_centrality,N/A,rrg,0.9,0.1,0.3,0,0.999,0.9961874,0.9898989898989898,0.96225184,0.22134378255837991,0.21715647,,,,
deg_centrality,N/A,rrg,1.0,0.1,0.3,0,1.0,0.9999215,1.0,0.9992066,6.511673015537979e-05,0.04029442,,,,
deg_centrality,N/A,rrg,0.0,0.2,0.3,0,0.783,0.8000097,0.0,0.0,6.281698590710844,6.836266,,,,
deg_centrality,N/A,rrg,0.1,0.2,0.3,0,0.804,0.81609267,0.09677419354838719,0.11474264,5.319439498187163,5.1723757,,,,
deg_centrality,N/A,rrg,0.2,0.2,0.3,0,0.83,0.844703,0.21658986175115177,0.21727625,4.108864497169931,4.241948,,,,
deg_centrality,N/A,rrg,0.30000000000000004,0.2,0.3,0,0.856,0.86397684,0.33640552995391687,0.33503658,3.141776407626132,3.1355195,,,,
deg_centrality,N/A,rrg,0.4,0.2,0.3,0,0.875,0.8885199,0.42396313364055294,0.45782042,2.4854205553328867,2.416518,,,,
deg_centrality,N/A,rrg,0.5,0.2,0.3,0,0.914,0.9151908,0.6036866359447005,0.6114695,1.9200855498442944,1.8745947,,,,
deg_centrality,N/A,rrg,0.6000000000000001,0.2,0.3,0,0.939,0.9359778,0.7188940092165895,0.70646775,1.2155677139437702,1.2874029,,,,
deg_centrality,N/A,rrg,0.7000000000000001,0.2,0.3,0,0.957,0.95605356,0.80184331797235,0.79719055,0.9894878243283074,0.87309414,,,,
deg_centrality,N/A,rrg,0.8,0.2,0.3,0,0.971,0.97164625,0.8663594470046082,0.8675177,0.5097420275912947,0.5236282,,,,
deg_centrality,N/A,rrg,0.9,0.2,0.3,0,0.983,0.98841774,0.9216589861751151,0.94477046,0.250623920291206,0.29370612,,,,
deg_centrality,N/A,rrg,1.0,0.2,0.3,0,1.0,0.99988514,1.0,0.9994705,2.5543781086923963e-05,0.046422873,,,,
deg_centrality,N/A,rrg,0.0,0.3,0.3,0,0.691,0.700031,0.0,0.0,4.047088253984693,4.7643957,,,,
deg_centrality,N/A,rrg,0.1,0.3,0.3,0,0.737,0.7295317,0.14886731391585772,0.12887532,3.3873307010298457,3.786883,,,,
deg_centrality,N/A,rrg,0.2,0.3,0.3,0,0.761,0.7632004,0.22653721682847913,0.22732131,2.7554974589036276,3.1221044,,,,
deg_centrality,N/A,rrg,0.30000000000000004,0.3,0.3,0,0.79,0.8017755,0.32038834951456335,0.35941666,2.335925367136934,2.5574646,,,,
deg_centrality,N/A,rrg,0.4,0.3,0.3,0,0.831,0.83248705,0.4530744336569579,0.45941278,1.8215838923310703,2.016652,,,,
deg_centrality,N/A,rrg,0.5,0.3,0.3,0,0.877,0.87034196,0.6019417475728156,0.58044755,1.2722235753776345,1.5815166,,,,
deg_centrality,N/A,rrg,0.6000000000000001,0.3,0.3,0,0.9,0.89914787,0.6763754045307445,0.67607236,0.991793799159995,1.2054641,,,,
deg_centrality,N/A,rrg,0.7000000000000001,0.3,0.3,0,0.939,0.9281694,0.802588996763754,0.7760302,0.7242606780810134,0.8296695,,,,
deg_centrality,N/A,rrg,0.8,0.3,0.3,0,0.951,0.9536847,0.8414239482200646,0.84932303,0.4024803505000192,0.549311,,,,
deg_centrality,N/A,rrg,0.9,0.3,0.3,0,0.976,0.97614074,0.9223300970873786,0.92245156,0.15776380463025924,0.26622936,,,,
deg_centrality,N/A,rrg,1.0,0.3,0.3,0,1.0,0.99969727,1.0,0.9990195,0.00010638688141646654,0.10441785,,,,
deg_centrality,N/A,rrg,0.0,0.4,0.3,0,0.614,0.60008657,0.0,0.0,4.39398760754797,3.451542,,,,
deg_centrality,N/A,rrg,0.1,0.4,0.3,0,0.648,0.6494467,0.08808290155440422,0.1155026,3.7483639632125447,3.004796,,,,
deg_centrality,N/A,rrg,0.2,0.4,0.3,0,0.689,0.7009757,0.1943005181347149,0.2220869,3.029256292817531,2.610435,,,,
deg_centrality,N/A,rrg,0.30000000000000004,0.4,0.3,0,0.753,0.7473861,0.3601036269430052,0.3627889,2.3290101243891232,2.1744344,,,,
deg_centrality,N/A,rrg,0.4,0.4,0.3,0,0.774,0.78196967,0.4145077720207255,0.44307506,2.3948370537577883,1.7757355,,,,
deg_centrality,N/A,rrg,0.5,0.4,0.3,0,0.844,0.8279999,0.5958549222797926,0.5690827,1.643477288459391,1.4901924,,,,
deg_centrality,N/A,rrg,0.6000000000000001,0.4,0.3,0,0.858,0.86910325,0.6321243523316062,0.6671285,1.219783996198817,1.1505383,,,,
deg_centrality,N/A,rrg,0.7000000000000001,0.4,0.3,0,0.898,0.9066769,0.7357512953367876,0.75527596,0.8900884572238024,0.8105829,,,,
deg_centrality,N/A,rrg,0.8,0.4,0.3,0,0.934,0.9380052,0.829015544041451,0.8393163,0.5479858797797718,0.5440648,,,,
deg_centrality,N/A,rrg,0.9,0.4,0.3,0,0.972,0.9722848,0.927461139896373,0.92848855,0.21035326274509647,0.29797477,,,,
deg_centrality,N/A,rrg,1.0,0.4,0.3,0,1.0,0.99957985,1.0,0.9989105,0.00016128126907364232,0.12192258,,,,
deg_centrality,N/A,rrg,0.0,0.05,0.3,1,0.951,0.95000243,0.0,0.0,15.897082995260869,14.239045,,,,
deg_centrality,N/A,rrg,0.1,0.05,0.3,1,0.958,0.95866615,0.14285714285714285,0.10995842,10.178223191807765,9.349336,,,,
deg_centrality,N/A,rrg,0.2,0.05,0.3,1,0.966,0.9645592,0.30612244897959184,0.2738293,5.810736178823001,5.9517226,,,,
deg_centrality,N/A,rrg,0.30000000000000004,0.05,0.3,1,0.969,0.9734972,0.3673469387755102,0.40241858,4.103319590411971,3.811274,,,,
deg_centrality,N/A,rrg,0.4,0.05,0.3,1,0.976,0.9792485,0.5102040816326531,0.55045605,2.1721391782509327,2.5092392,,,,
deg_centrality,N/A,rrg,0.5,0.05,0.3,1,0.985,0.9887597,0.6938775510204082,0.7472416,1.8237136922850086,1.8260392,,,,
deg_centrality,N/A,rrg,0.6000000000000001,0.05,0.3,1,0.99,0.99082106,0.7959183673469388,0.7953634,1.068420007710029,1.120565,,,,
deg_centrality,N/A,rrg,0.7000000000000001,0.05,0.3,1,0.993,0.9951151,0.8571428571428571,0.89881384,0.9665016093419199,0.8163506,,,,
deg_centrality,N/A,rrg,0.8,0.05,0.3,1,0.993,0.99637717,0.8571428571428571,0.9235421,0.5397304417433264,0.45799744,,,,
deg_centrality,N/A,rrg,0.9,0.05,0.3,1,0.996,0.998361,0.9183673469387755,0.9653997,0.285724299009274,0.22626013,,,,
deg_centrality,N/A,rrg,1.0,0.05,0.3,1,1.0,0.9999801,1.0,0.9995937,2.2427665770546126e-05,0.021692932,,,,
deg_centrality,N/A,rrg,0.0,0.1,0.3,1,0.907,0.9000016,0.0,0.0,10.75253723548976,10.708196,,,,
deg_centrality,N/A,rrg,0.1,0.1,0.3,1,0.911,0.90887755,0.043010752688172095,0.06820112,8.002411234356924,7.6711335,,,,
deg_centrality,N/A,rrg,0.2,0.1,0.3,1,0.923,0.9309274,0.17204301075268838,0.2031978,5.8580241446738786,5.6222205,,,,
deg_centrality,N/A,rrg,0.30000000000000004,0.1,0.3,1,0.946,0.9458325,0.4193548387096767,0.4296187,3.796351934375396,3.96189,,,,
deg_centrality,N/A,rrg,0.4,0.1,0.3,1,0.95,0.9520574,0.46236559139784883,0.48979843,2.822345873356099,2.7757027,,,,
deg_centrality,N/A,rrg,0.5,0.1,0.3,1,0.96,0.9605622,0.5698924731182791,0.5845026,1.9958817184910371,1.928822,,,,
deg_centrality,N/A,rrg,0.6000000000000001,0.1,0.3,1,0.981,0.9780437,0.7956989247311825,0.7623344,1.2965355934567253,1.2215339,,,,
deg_centrality,N/A,rrg,0.7000000000000001,0.1,0.3,1,0.981,0.9852393,0.7956989247311825,0.8339354,0.8977106564982066,0.8034188,,,,
deg_centrality,N/A,rrg,0.8,0.1,0.3,1,0.991,0.9911548,0.9032258064516128,0.90454555,0.6024583370565476,0.58033615,,,,
deg_centrality,N/A,rrg,0.9,0.1,0.3,1,0.996,0.99548906,0.9569892473118279,0.9518232,0.1437950553986628,0.2216595,,,,
deg_centrality,N/A,rrg,1.0,0.1,0.3,1,1.0,0.99994653,1.0,0.9994249,6.33182332902597e-05,0.03917508,,,,
deg_centrality,N/A,rrg,0.0,0.2,0.3,1,0.801,0.8000097,0.0,0.0,6.215607389882292,6.836266,,,,
deg_centrality,N/A,rrg,0.1,0.2,0.3,1,0.818,0.8209025,0.0854271356783915,0.101673655,5.024879783991972,5.3273516,,,,
deg_centrality,N/A,rrg,0.2,0.2,0.3,1,0.84,0.84675807,0.1959798994974871,0.20472966,4.003796273366016,4.333765,,,,
deg_centrality,N/A,rrg,0.30000000000000004,0.2,0.3,1,0.875,0.87368065,0.3718592964824119,0.36979455,3.074955507909986,3.373051,,,,
deg_centrality,N/A,rrg,0.4,0.2,0.3,1,0.897,0.8911728,0.4824120603015075,0.4641743,2.238162948002735,2.416961,,,,
deg_centrality,N/A,rrg,0.5,0.2,0.3,1,0.916,0.9141107,0.577889447236181,0.57556194,1.851220851263702,1.7686682,,,,
deg_centrality,N/A,rrg,0.6000000000000001,0.2,0.3,1,0.939,0.935007,0.6934673366834168,0.6753337,1.2738893880684983,1.3999814,,,,
deg_centrality,N/A,rrg,0.7000000000000001,0.2,0.3,1,0.962,0.9553466,0.8090452261306531,0.77667373,0.8374862890210482,0.89691156,,,,
deg_centrality,N/A,rrg,0.8,0.2,0.3,1,0.977,0.9710067,0.8844221105527637,0.85722965,0.6797133896925197,0.55436313,,,,
deg_centrality,N/A,rrg,0.9,0.2,0.3,1,0.998,0.9892493,0.9899497487437185,0.94783074,0.21001322094984365,0.2970341,,,,
deg_centrality,N/A,rrg,1.0,0.2,0.3,1,1.0,0.9999066,1.0,0.9995305,2.4415483453882554e-05,0.04235597,,,,
deg_centrality,N/A,rrg,0.0,0.3,0.3,1,0.681,0.700031,0.0,0.0,3.8388641939260997,4.7643957,,,,
deg_centrality,N/A,rrg,0.1,0.3,0.3,1,0.718,0.7277951,0.1159874608150468,0.11354788,3.183977422888757,3.8035522,,,,
deg_centrality,N/A,rrg,0.2,0.3,0.3,1,0.756,0.7567704,0.23510971786833845,0.22443661,2.987676542046337,3.0328298,,,,
deg_centrality,N/A,rrg,0.30000000000000004,0.3,0.3,1,0.787,0.79483485,0.3322884012539185,0.34533292,2.347066176475295,2.5237608,,,,
deg_centrality,N/A,rrg,0.4,0.3,0.3,1,0.833,0.828069,0.47648902821316597,0.4741076,1.926302167295377,1.8983825,,,,
deg_centrality,N/A,rrg,0.5,0.3,0.3,1,0.851,0.8586669,0.5329153605015673,0.55349135,1.4666749165229054,1.5085291,,,,
deg_centrality,N/A,rrg,0.6000000000000001,0.3,0.3,1,0.898,0.8944492,0.6802507836990596,0.6708494,1.0537413619714153,1.1756331,,,,
deg_centrality,N/A,rrg,0.7000000000000001,0.3,0.3,1,0.917,0.92302525,0.7398119122257054,0.7563739,0.8197846874907345,0.8296525,,,,
deg_centrality,N/A,rrg,0.8,0.3,0.3,1,0.952,0.95175993,0.8495297805642632,0.84798187,0.48098054874312984,0.5759613,,,,
deg_centrality,N/A,rrg,0.9,0.3,0.3,1,0.978,0.97629833,0.9310344827586207,0.92652625,0.2597643342287325,0.29584956,,,,
deg_centrality,N/A,rrg,1.0,0.3,0.3,1,1.0,0.99969774,1.0,0.99905175,0.00010446074723322077,0.10522131,,,,
deg_centrality,N/A,rrg,0.0,0.4,0.3,1,0.582,0.60008657,0.0,0.0,3.289998193928929,3.451542,,,,
deg_centrality,N/A,rrg,0.1,0.4,0.3,1,0.641,0.64475286,0.1411483253588518,0.12328017,2.9102098403875205,2.8833866,,,,
deg_centrality,N/A,rrg,0.2,0.4,0.3,1,0.689,0.68990076,0.2559808612440191,0.23784074,2.3234701184585838,2.4306905,,,,
deg_centrality,N/A,rrg,0.30000000000000004,0.4,0.3,1,0.721,0.73121697,0.33253588516746413,0.34590623,2.008266582834281,2.0153394,,,,
deg_centrality,N/A,rrg,0.4,0.4,0.3,1,0.78,0.78043103,0.4736842105263159,0.46048066,1.5665876389318067,1.6593789,,,,
deg_centrality,N/A,rrg,0.5,0.4,0.3,1,0.821,0.82243454,0.5717703349282296,0.5637924,1.2798651789102187,1.324263,,,,
deg_centrality,N/A,rrg,0.6000000000000001,0.4,0.3,1,0.865,0.8624044,0.6770334928229665,0.66689616,0.8563285246885544,0.9777262,,,,
deg_centrality,N/A,rrg,0.7000000000000001,0.4,0.3,1,0.9,0.9015502,0.7607655502392345,0.7645938,0.7400942702208925,0.75998497,,,,
deg_centrality,N/A,rrg,0.8,0.4,0.3,1,0.931,0.9371711,0.8349282296650719,0.8468781,0.4764460553837775,0.48747516,,,,
deg_centrality,N/A,rrg,0.9,0.4,0.3,1,0.957,0.9681836,0.8971291866028708,0.92283875,0.1901467503375699,0.2748402,,,,
deg_centrality,N/A,rrg,1.0,0.4,0.3,1,1.0,0.9995891,1.0,0.9990161,0.0001087226252068908,0.114052184,,,,
deg_centrality,N/A,rrg,0.0,0.05,0.3,2,0.956,0.95000243,0.0,0.0,15.714446551169072,14.239045,,,,
deg_centrality,N/A,rrg,0.1,0.05,0.3,2,0.963,0.9600784,0.1590909090909091,0.15824775,8.405828101498736,9.182807,,,,
deg_centrality,N/A,rrg,0.2,0.05,0.3,2,0.976,0.9678939,0.45454545454545453,0.31541717,5.373531496053755,6.03071,,,,
deg_centrality,N/A,rrg,0.30000000000000004,0.05,0.3,2,0.968,0.973254,0.2727272727272727,0.3797028,3.2429563930798424,3.6208584,,,,
deg_centrality,N/A,rrg,0.4,0.05,0.3,2,0.981,0.98042077,0.5681818181818182,0.5679654,2.3604605878657794,2.611473,,,,
deg_centrality,N/A,rrg,0.5,0.05,0.3,2,0.981,0.98333436,0.5681818181818182,0.6153927,1.781849692437905,1.7199597,,,,
deg_centrality,N/A,rrg,0.6000000000000001,0.05,0.3,2,0.995,0.9900581,0.8863636363636364,0.7787316,1.1218547841105249,1.2435489,,,,
deg_centrality,N/A,rrg,0.7000000000000001,0.05,0.3,2,0.99,0.9923628,0.7727272727272727,0.8330334,0.7740706651852178,0.788579,,,,
deg_centrality,N/A,rrg,0.8,0.05,0.3,2,0.997,0.99641186,0.9318181818181818,0.9194312,0.44486546498511187,0.4843863,,,,
deg_centrality,N/A,rrg,0.9,0.05,0.3,2,0.999,0.9993301,0.9772727272727273,0.9846118,0.19869279599126569,0.22028251,,,,
deg_centrality,N/A,rrg,1.0,0.05,0.3,2,1.0,0.99997425,1.0,0.9994146,1.5852542699197742e-05,0.020322796,,,,
deg_centrality,N/A,rrg,0.0,0.1,0.3,2,0.904,0.9000016,0.0,0.0,10.864017648449812,10.708196,,,,
deg_centrality,N/A,rrg,0.1,0.1,0.3,2,0.916,0.9114104,0.12500000000000014,0.11551069,8.403187373833939,7.503598,,,,
deg_centrality,N/A,rrg,0.2,0.1,0.3,2,0.929,0.928223,0.26041666666666696,0.23509127,5.532425701137393,5.5350113,,,,
deg_centrality,N/A,rrg,0.30000000000000004,0.1,0.3,2,0.939,0.9381256,0.3645833333333326,0.39143634,3.925521311172848,3.7724447,,,,
deg_centrality,N/A,rrg,0.4,0.1,0.3,2,0.965,0.95782065,0.6354166666666663,0.5795379,2.6595159802731185,2.713353,,,,
deg_centrality,N/A,rrg,0.5,0.1,0.3,2,0.963,0.96023095,0.6145833333333329,0.5949356,1.7945548989783644,1.9495865,,,,
deg_centrality,N/A,rrg,0.6000000000000001,0.1,0.3,2,0.976,0.97095186,0.7499999999999997,0.708907,1.263196495873436,1.3761064,,,,
deg_centrality,N/A,rrg,0.7000000000000001,0.1,0.3,2,0.98,0.98106325,0.7916666666666664,0.79959846,0.7385036624569743,0.8738808,,,,
deg_centrality,N/A,rrg,0.8,0.1,0.3,2,0.995,0.9917655,0.9479166666666666,0.9166558,0.5623663358240116,0.5421225,,,,
deg_centrality,N/A,rrg,0.9,0.1,0.3,2,0.994,0.9945533,0.9374999999999999,0.9426873,0.22701494795042318,0.2429027,,,,
deg_centrality,N/A,rrg,1.0,0.1,0.3,2,1.0,0.99995303,1.0,0.9995106,2.5869612244849188e-05,0.033035375,,,,
deg_centrality,N/A,rrg,0.0,0.2,0.3,2,0.786,0.8000097,0.0,0.0,7.262127320721831,6.836266,,,,
deg_centrality,N/A,rrg,0.1,0.2,0.3,2,0.808,0.82155335,0.10280373831775712,0.104109645,5.310650178109996,5.365186,,,,
deg_centrality,N/A,rrg,0.2,0.2,0.3,2,0.825,0.8468982,0.18224299065420527,0.22117491,4.327181156702636,4.3208737,,,,
deg_centrality,N/A,rrg,0.30000000000000004,0.2,0.3,2,0.868,0.8770217,0.3831775700934578,0.4082892,2.9005748438187577,3.2355902,,,,
deg_centrality,N/A,rrg,0.4,0.2,0.3,2,0.88,0.8950699,0.43925233644859807,0.49628574,2.4398961526838305,2.522167,,,,
deg_centrality,N/A,rrg,0.5,0.2,0.3,2,0.914,0.9132505,0.5981308411214954,0.58224905,1.7028562469222197,1.8178852,,,,
deg_centrality,N/A,rrg,0.6000000000000001,0.2,0.3,2,0.934,0.93717146,0.6915887850467292,0.7071352,1.3086287272129935,1.2824374,,,,
deg_centrality,N/A,rrg,0.7000000000000001,0.2,0.3,2,0.945,0.9542297,0.7429906542056072,0.78162193,0.864592899392637,0.8737905,,,,
deg_centrality,N/A,rrg,0.8,0.2,0.3,2,0.97,0.9762097,0.8598130841121494,0.8858186,0.450554609264678,0.54921544,,,,
deg_centrality,N/A,rrg,0.9,0.2,0.3,2,0.988,0.98943466,0.9439252336448598,0.9502447,0.18182199675016222,0.31312943,,,,
deg_centrality,N/A,rrg,1.0,0.2,0.3,2,1.0,0.9998738,1.0,0.9994101,4.6045137463748565e-05,0.048177246,,,,
deg_centrality,N/A,rrg,0.0,0.3,0.3,2,0.71,0.700031,0.0,0.0,5.622105755815748,4.7643957,,,,
deg_centrality,N/A,rrg,0.1,0.3,0.3,2,0.742,0.73632425,0.11034482758620698,0.11022591,4.625332972711922,3.998748,,,,
deg_centrality,N/A,rrg,0.2,0.3,0.3,2,0.778,0.7741027,0.23448275862068985,0.23136449,3.678058780714747,3.3400068,,,,
deg_centrality,N/A,rrg,0.30000000000000004,0.3,0.3,2,0.823,0.80467063,0.389655172413793,0.35743898,3.3092412166881178,2.7115068,,,,
deg_centrality,N/A,rrg,0.4,0.3,0.3,2,0.845,0.83598936,0.46551724137931033,0.43209237,2.203474725422968,2.1934834,,,,
deg_centrality,N/A,rrg,0.5,0.3,0.3,2,0.872,0.87276745,0.5586206896551724,0.5596125,1.7175922597061908,1.677831,,,,
deg_centrality,N/A,rrg,0.6000000000000001,0.3,0.3,2,0.895,0.89983183,0.6379310344827587,0.6520409,1.2641115818406115,1.2549797,,,,
deg_centrality,N/A,rrg,0.7000000000000001,0.3,0.3,2,0.94,0.92803764,0.7931034482758619,0.7510725,0.8264131575085074,0.8495552,,,,
deg_centrality,N/A,rrg,0.8,0.3,0.3,2,0.965,0.9578375,0.8793103448275861,0.8544858,0.5083466583741534,0.5760714,,,,
deg_centrality,N/A,rrg,0.9,0.3,0.3,2,0.979,0.97785926,0.9275862068965517,0.9243468,0.2537262909245596,0.27801907,,,,
deg_centrality,N/A,rrg,1.0,0.3,0.3,2,1.0,0.999704,1.0,0.99897844,0.00010773901151515411,0.10075633,,,,
deg_centrality,N/A,rrg,0.0,0.4,0.3,2,0.594,0.60008657,0.0,0.0,3.3730132411215026,3.451542,,,,
deg_centrality,N/A,rrg,0.1,0.4,0.3,2,0.646,0.6508844,0.12807881773399024,0.12236666,2.8024037423087464,2.958623,,,,
deg_centrality,N/A,rrg,0.2,0.4,0.3,2,0.693,0.69520223,0.24384236453201963,0.24132124,2.4125202431344777,2.4665165,,,,
deg_centrality,N/A,rrg,0.30000000000000004,0.4,0.3,2,0.73,0.7378509,0.33497536945812806,0.34999165,2.1569527870364578,2.0883217,,,,
deg_centrality,N/A,rrg,0.4,0.4,0.3,2,0.784,0.7799737,0.46798029556650256,0.46061578,1.7677386540210511,1.665075,,,,
deg_centrality,N/A,rrg,0.5,0.4,0.3,2,0.821,0.8230128,0.5591133004926108,0.56036276,1.4756449274201022,1.3742063,,,,
deg_centrality,N/A,rrg,0.6000000000000001,0.4,0.3,2,0.844,0.8612636,0.6157635467980295,0.64837873,0.9167261404922038,1.0091246,,,,
deg_centrality,N/A,rrg,0.7000000000000001,0.4,0.3,2,0.895,0.89739084,0.7413793103448276,0.7418188,0.6837413549385816,0.7651018,,,,
deg_centrality,N/A,rrg,0.8,0.4,0.3,2,0.926,0.9359414,0.8177339901477834,0.84302604,0.45880457824116044,0.5121203,,,,
deg_centrality,N/A,rrg,0.9,0.4,0.3,2,0.975,0.9701756,0.938423645320197,0.92734206,0.2100494383419193,0.25107428,,,,
deg_centrality,N/A,rrg,1.0,0.4,0.3,2,1.0,0.99961746,1.0,0.999057,9.598416666439151e-05,0.11043697,,,,
deg_centrality,N/A,rrg,0.0,0.05,0.3,3,0.941,0.95000243,0.0,0.0,13.01117543300501,14.239045,,,,
deg_centrality,N/A,rrg,0.1,0.05,0.3,3,0.945,0.95020187,0.06779661016949153,0.061419137,8.743708151401552,9.070057,,,,
deg_centrality,N/A,rrg,0.2,0.05,0.3,3,0.957,0.95794255,0.2711864406779661,0.2480936,5.092927721636602,5.680124,,,,
deg_centrality,N/A,rrg,0.30000000000000004,0.05,0.3,3,0.96,0.96243227,0.3220338983050847,0.35204703,3.431959963715776,4.035786,,,,
deg_centrality,N/A,rrg,0.4,0.05,0.3,3,0.972,0.97329676,0.5254237288135594,0.51949143,2.2266164958330994,2.4297032,,,,
deg_centrality,N/A,rrg,0.5,0.05,0.3,3,0.977,0.97653794,0.6101694915254238,0.5808312,1.4901022076551858,1.7297443,,,,
deg_centrality,N/A,rrg,0.6000000000000001,0.05,0.3,3,0.989,0.98915434,0.8135593220338984,0.81699115,0.9602147223246195,1.0987623,,,,
deg_centrality,N/A,rrg,0.7000000000000001,0.05,0.3,3,0.993,0.99103177,0.8813559322033898,0.8484911,0.7327499653072934,0.7675151,,,,
deg_centrality,N/A,rrg,0.8,0.05,0.3,3,0.995,0.9973833,0.9152542372881356,0.954566,0.5004680692901964,0.45154676,,,,
deg_centrality,N/A,rrg,0.9,0.05,0.3,3,0.998,0.99929017,0.9661016949152542,0.98768383,0.14065611099455672,0.21053162,,,,
deg_centrality,N/A,rrg,1.0,0.05,0.3,3,1.0,0.99997216,1.0,0.9995281,2.1180952510748973e-05,0.024027329,,,,
deg_centrality,N/A,rrg,0.0,0.1,0.3,3,0.89,0.9000016,0.0,0.0,11.203947816601667,10.708196,,,,
deg_centrality,N/A,rrg,0.1,0.1,0.3,3,0.904,0.91032594,0.1272727272727274,0.13630879,8.464156296324647,7.333337,,,,
deg_centrality,N/A,rrg,0.2,0.1,0.3,3,0.914,0.92383176,0.2181818181818184,0.23295537,5.259541926601145,5.3526745,,,,
deg_centrality,N/A,rrg,0.30000000000000004,0.1,0.3,3,0.932,0.93775123,0.3818181818181822,0.39623657,4.093881617672077,3.8409739,,,,
deg_centrality,N/A,rrg,0.4,0.1,0.3,3,0.95,0.95120555,0.545454545454545,0.53881407,2.8288795376986573,2.7003272,,,,
deg_centrality,N/A,rrg,0.5,0.1,0.3,3,0.96,0.96311504,0.636363636363636,0.6441994,1.9894461807943502,1.8738647,,,,
deg_centrality,N/A,rrg,0.6000000000000001,0.1,0.3,3,0.969,0.9704379,0.7181818181818179,0.7273675,1.4029718940727418,1.3892959,,,,
deg_centrality,N/A,rrg,0.7000000000000001,0.1,0.3,3,0.975,0.9802026,0.7727272727272725,0.81128305,1.0169823724032248,0.89394116,,,,
deg_centrality,N/A,rrg,0.8,0.1,0.3,3,0.988,0.9890134,0.8909090909090908,0.9011263,0.573535181999861,0.51922727,,,,
deg_centrality,N/A,rrg,0.9,0.1,0.3,3,0.999,0.99472183,0.9909090909090909,0.9529537,0.19129709890454716,0.26183948,,,,
deg_centrality,N/A,rrg,1.0,0.1,0.3,3,1.0,0.9999351,1.0,0.9994097,3.568976610027626e-05,0.036371827,,,,
deg_centrality,N/A,rrg,0.0,0.2,0.3,3,0.779,0.8000097,0.0,0.0,6.030642932370391,6.836266,,,,
deg_centrality,N/A,rrg,0.1,0.2,0.3,3,0.803,0.8215778,0.10859728506787342,0.11722689,4.779855520971912,5.2932606,,,,
deg_centrality,N/A,rrg,0.2,0.2,0.3,3,0.813,0.8360023,0.1538461538461535,0.20595422,3.847622017050104,4.047479,,,,
deg_centrality,N/A,rrg,0.30000000000000004,0.2,0.3,3,0.852,0.8597312,0.3303167420814478,0.33160818,2.96672019648222,3.1513836,,,,
deg_centrality,N/A,rrg,0.4,0.2,0.3,3,0.879,0.8848383,0.4524886877828054,0.47730598,2.339949491391745,2.3648462,,,,
deg_centrality,N/A,rrg,0.5,0.2,0.3,3,0.896,0.90696603,0.5294117647058824,0.560852,1.8314390319992229,1.8091286,,,,
deg_centrality,N/A,rrg,0.6000000000000001,0.2,0.3,3,0.934,0.93106145,0.7013574660633486,0.6888585,1.1607295082617501,1.2616384,,,,
deg_centrality,N/A,rrg,0.7000000000000001,0.2,0.3,3,0.954,0.95041615,0.7918552036199092,0.7800955,0.8746215160615427,0.86875224,,,,
deg_centrality,N/A,rrg,0.8,0.2,0.3,3,0.968,0.97090244,0.8552036199095021,0.8671546,0.4832575518275994,0.54538536,,,,
deg_centrality,N/A,rrg,0.9,0.2,0.3,3,0.985,0.9866942,0.9321266968325791,0.9394127,0.3571396861964295,0.2643356,,,,
deg_centrality,N/A,rrg,1.0,0.2,0.3,3,1.0,0.99988544,1.0,0.99948144,2.7109317609058276e-05,0.046674516,,,,
deg_centrality,N/A,rrg,0.0,0.3,0.3,3,0.674,0.700031,0.0,0.0,4.21577889729524,4.7643957,,,,
deg_centrality,N/A,rrg,0.1,0.3,0.3,3,0.711,0.7289515,0.1134969325153372,0.13029344,3.4659161143103607,3.7814386,,,,
deg_centrality,N/A,rrg,0.2,0.3,0.3,3,0.758,0.7605627,0.2576687116564416,0.24518721,2.9278500074292904,3.0206165,,,,
deg_centrality,N/A,rrg,0.30000000000000004,0.3,0.3,3,0.781,0.7884263,0.3282208588957055,0.32795933,2.66830871388933,2.4542139,,,,
deg_centrality,N/A,rrg,0.4,0.3,0.3,3,0.82,0.8265066,0.4478527607361961,0.4637176,2.180763966001764,1.9877478,,,,
deg_centrality,N/A,rrg,0.5,0.3,0.3,3,0.849,0.8651937,0.5368098159509201,0.5731812,1.6039409298880194,1.6072161,,,,
deg_centrality,N/A,rrg,0.6000000000000001,0.3,0.3,3,0.889,0.89429957,0.6595092024539877,0.6640699,1.1438186974165605,1.2135589,,,,
deg_centrality,N/A,rrg,0.7000000000000001,0.3,0.3,3,0.922,0.9289804,0.7607361963190185,0.77243185,0.9323575649786043,0.8813438,,,,
deg_centrality,N/A,rrg,0.8,0.3,0.3,3,0.952,0.9524845,0.8527607361963189,0.85326636,0.5254527639213179,0.5652291,,,,
deg_centrality,N/A,rrg,0.9,0.3,0.3,3,0.981,0.97655463,0.9417177914110428,0.928351,0.23976688780311942,0.30468947,,,,
deg_centrality,N/A,rrg,1.0,0.3,0.3,3,1.0,0.9996468,1.0,0.9989155,0.000138033346832247,0.11134403,,,,
deg_centrality,N/A,rrg,0.0,0.4,0.3,3,0.586,0.60008657,0.0,0.0,3.4252836380693634,3.451542,,,,
deg_centrality,N/A,rrg,0.1,0.4,0.3,3,0.634,0.6458661,0.11594202898550734,0.12258222,3.073394486089584,2.9278915,,,,
deg_centrality,N/A,rrg,0.2,0.4,0.3,3,0.679,0.6935674,0.22463768115942048,0.23253009,2.631853184666043,2.4822016,,,,
deg_centrality,N/A,rrg,0.30000000000000004,0.4,0.3,3,0.732,0.7398688,0.3526570048309179,0.36654747,2.225162724639892,2.1156783,,,,
deg_centrality,N/A,rrg,0.4,0.4,0.3,3,0.775,0.7837227,0.45652173913043487,0.46876425,1.773046656079251,1.717416,,,,
deg_centrality,N/A,rrg,0.5,0.4,0.3,3,0.801,0.8252612,0.5193236714975847,0.5652414,1.3776117115718332,1.3907168,,,,
deg_centrality,N/A,rrg,0.6000000000000001,0.4,0.3,3,0.869,0.859521,0.6835748792270532,0.66762483,1.3185254830639608,0.99209195,,,,
deg_centrality,N/A,rrg,0.7000000000000001,0.4,0.3,3,0.899,0.9002843,0.7560386473429952,0.76162785,1.0321703324862062,0.7733273,,,,
deg_centrality,N/A,rrg,0.8,0.4,0.3,3,0.927,0.93470615,0.8236714975845412,0.84277827,0.5209896561079099,0.526255,,,,
deg_centrality,N/A,rrg,0.9,0.4,0.3,3,0.976,0.97004735,0.9420289855072463,0.9268811,0.19873916050247387,0.25966254,,,,
deg_centrality,N/A,rrg,1.0,0.4,0.3,3,1.0,0.9995851,1.0,0.9989969,0.00010821647175711183,0.11455922,,,,
deg_centrality,N/A,rrg,0.0,0.05,0.3,4,0.96,0.95000243,0.0,0.0,15.089288960302984,14.239045,,,,
deg_centrality,N/A,rrg,0.1,0.05,0.3,4,0.964,0.9588225,0.1,0.06879782,9.799798396381131,9.581055,,,,
deg_centrality,N/A,rrg,0.2,0.05,0.3,4,0.97,0.9673025,0.25,0.20901217,5.6639786039476165,6.3275843,,,,
deg_centrality,N/A,rrg,0.30000000000000004,0.05,0.3,4,0.976,0.9732603,0.4,0.42011672,3.6324656835330518,4.0047193,,,,
deg_centrality,N/A,rrg,0.4,0.05,0.3,4,0.98,0.9803056,0.5,0.5036794,2.7888064851564476,2.560421,,,,
deg_centrality,N/A,rrg,0.5,0.05,0.3,4,0.986,0.98763555,0.65,0.6997821,1.6311360086413027,1.8460547,,,,
deg_centrality,N/A,rrg,0.6000000000000001,0.05,0.3,4,0.985,0.9894861,0.625,0.7317732,1.0726224896859706,1.2190698,,,,
deg_centrality,N/A,rrg,0.7000000000000001,0.05,0.3,4,0.991,0.9959877,0.775,0.8928767,0.7961172351968441,0.7933144,,,,
deg_centrality,N/A,rrg,0.8,0.05,0.3,4,0.995,0.9969824,0.875,0.9216673,0.44866983513268305,0.4453879,,,,
deg_centrality,N/A,rrg,0.9,0.05,0.3,4,1.0,0.9986579,1.0,0.9667214,0.26704685581618093,0.24716544,,,,
deg_centrality,N/A,rrg,1.0,0.05,0.3,4,1.0,0.99998105,1.0,0.9995261,1.1772106508393117e-05,0.019798847,,,,
deg_centrality,N/A,rrg,0.0,0.1,0.3,4,0.902,0.9000016,0.0,0.0,10.369135596028242,10.708196,,,,
deg_centrality,N/A,rrg,0.1,0.1,0.3,4,0.916,0.9086983,0.14285714285714302,0.12541074,7.811987826157548,7.442994,,,,
deg_centrality,N/A,rrg,0.2,0.1,0.3,4,0.93,0.92873806,0.28571428571428603,0.28999862,5.205877878752067,5.2819867,,,,
deg_centrality,N/A,rrg,0.30000000000000004,0.1,0.3,4,0.94,0.9360481,0.38775510204081565,0.35207245,3.6709077569913733,3.7715142,,,,
deg_centrality,N/A,rrg,0.4,0.1,0.3,4,0.951,0.9565819,0.49999999999999944,0.54729414,3.0211324535782293,2.6268559,,,,
deg_centrality,N/A,rrg,0.5,0.1,0.3,4,0.966,0.96397704,0.6530612244897955,0.6448793,1.5216396335767037,1.8276451,,,,
deg_centrality,N/A,rrg,0.6000000000000001,0.1,0.3,4,0.969,0.9716314,0.6836734693877548,0.7077615,0.9871994445813491,1.2287968,,,,
deg_centrality,N/A,rrg,0.7000000000000001,0.1,0.3,4,0.994,0.98181933,0.9387755102040816,0.8238455,0.622994929920513,0.87681824,,,,
deg_centrality,N/A,rrg,0.8,0.1,0.3,4,0.99,0.98974806,0.8979591836734693,0.8945636,0.457809812865265,0.480356,,,,
deg_centrality,N/A,rrg,0.9,0.1,0.3,4,0.994,0.9945619,0.9387755102040816,0.9432065,0.16336142959672137,0.23123795,,,,
deg_centrality,N/A,rrg,1.0,0.1,0.3,4,1.0,0.9999385,1.0,0.99937207,5.703187381429681e-05,0.037657622,,,,
deg_centrality,N/A,rrg,0.0,0.2,0.3,4,0.813,0.8000097,0.0,0.0,7.666427147820677,6.836266,,,,
deg_centrality,N/A,rrg,0.1,0.2,0.3,4,0.845,0.82594264,0.17112299465240652,0.12160574,6.058144110907815,5.3935604,,,,
deg_centrality,N/A,rrg,0.2,0.2,0.3,4,0.853,0.85120654,0.21390374331550815,0.2173943,4.7281754165935865,4.297985,,,,
deg_centrality,N/A,rrg,0.30000000000000004,0.2,0.3,4,0.878,0.8762868,0.34759358288770076,0.33162674,3.1991032095176353,3.4859014,,,,
deg_centrality,N/A,rrg,0.4,0.2,0.3,4,0.906,0.898285,0.49732620320855647,0.46660697,2.8057323096338442,2.4984326,,,,
deg_centrality,N/A,rrg,0.5,0.2,0.3,4,0.916,0.92424226,0.5508021390374335,0.58380055,2.216385646162797,2.0439603,,,,
deg_centrality,N/A,rrg,0.6000000000000001,0.2,0.3,4,0.945,0.9434882,0.7058823529411763,0.6897456,1.563576336071373,1.4129289,,,,
deg_centrality,N/A,rrg,0.7000000000000001,0.2,0.3,4,0.957,0.95941705,0.7700534759358287,0.7816778,0.9021479920551976,0.905237,,,,
deg_centrality,N/A,rrg,0.8,0.2,0.3,4,0.979,0.9763463,0.8877005347593582,0.8732147,0.4868895998407452,0.5666078,,,,
deg_centrality,N/A,rrg,0.9,0.2,0.3,4,0.992,0.99066675,0.9572192513368983,0.9502194,0.21300750054177753,0.30469117,,,,
deg_centrality,N/A,rrg,1.0,0.2,0.3,4,1.0,0.9998795,1.0,0.9993552,0.0001404456514487336,0.051901035,,,,
deg_centrality,N/A,rrg,0.0,0.3,0.3,4,0.713,0.700031,0.0,0.0,3.8534513979055918,4.7643957,,,,
deg_centrality,N/A,rrg,0.1,0.3,0.3,4,0.749,0.7379557,0.12543554006968652,0.12373744,3.2444474420563783,3.9676528,,,,
deg_centrality,N/A,rrg,0.2,0.3,0.3,4,0.77,0.76399684,0.19860627177700363,0.2004822,2.6816940074934186,3.212624,,,,
deg_centrality,N/A,rrg,0.30000000000000004,0.3,0.3,4,0.806,0.7990956,0.3240418118466901,0.3377433,2.188818570118334,2.550455,,,,
deg_centrality,N/A,rrg,0.4,0.3,0.3,4,0.844,0.83144397,0.45644599303135885,0.44842604,1.8675105602458952,1.9647385,,,,
deg_centrality,N/A,rrg,0.5,0.3,0.3,4,0.875,0.8648932,0.5644599303135889,0.5502465,1.436053139811191,1.6352983,,,,
deg_centrality,N/A,rrg,0.6000000000000001,0.3,0.3,4,0.898,0.89271796,0.6445993031358886,0.63188916,1.1193032477447173,1.1962918,,,,
deg_centrality,N/A,rrg,0.7000000000000001,0.3,0.3,4,0.933,0.92540497,0.7665505226480839,0.7451126,0.7909877434113806,0.7806526,,,,
deg_centrality,N/A,rrg,0.8,0.3,0.3,4,0.958,0.95756763,0.8536585365853657,0.8521432,0.42177870745894314,0.5291043,,,,
deg_centrality,N/A,rrg,0.9,0.3,0.3,4,0.983,0.9777543,0.940766550522648,0.92399275,0.1891140549972879,0.2681466,,,,
deg_centrality,N/A,rrg,1.0,0.3,0.3,4,1.0,0.99971414,1.0,0.9990032,9.76962973751921e-05,0.10000143,,,,
deg_centrality,N/A,rrg,0.0,0.4,0.3,4,0.595,0.60008657,0.0,0.0,3.0851848858091553,3.451542,,,,
deg_centrality,N/A,rrg,0.1,0.4,0.3,4,0.648,0.64163715,0.1308641975308643,0.1203853,2.7716499935953465,2.844406,,,,
deg_centrality,N/A,rrg,0.2,0.4,0.3,4,0.703,0.6932213,0.2666666666666666,0.25328162,2.179710267517495,2.4447773,,,,
deg_centrality,N/A,rrg,0.30000000000000004,0.4,0.3,4,0.734,0.7345049,0.3432098765432099,0.34075192,1.8254180529154942,2.036379,,,,
deg_centrality,N/A,rrg,0.4,0.4,0.3,4,0.772,0.77701926,0.4370370370370371,0.4576977,1.6012198117089116,1.6228904,,,,
deg_centrality,N/A,rrg,0.5,0.4,0.3,4,0.825,0.82208276,0.5679012345679012,0.5566291,1.2845599758338744,1.3306315,,,,
deg_centrality,N/A,rrg,0.6000000000000001,0.4,0.3,4,0.853,0.86052924,0.637037037037037,0.64992535,0.9146228377750211,1.0581572,,,,
deg_centrality,N/A,rrg,0.7000000000000001,0.4,0.3,4,0.904,0.9006653,0.7629629629629631,0.7567094,0.6247000946206345,0.72580063,,,,
deg_centrality,N/A,rrg,0.8,0.4,0.3,4,0.941,0.93693197,0.8543209876543209,0.84645134,0.4626745818884345,0.49098563,,,,
deg_centrality,N/A,rrg,0.9,0.4,0.3,4,0.971,0.9665405,0.928395061728395,0.91746134,0.1889688130883208,0.31059274,,,,
deg_centrality,N/A,rrg,1.0,0.4,0.3,4,1.0,0.9996141,1.0,0.9990464,9.276459385651387e-05,0.11062665,,,,
deg_centrality,N/A,rrg,0.0,0.05,0.3,5,0.952,0.95000243,0.0,0.0,14.663854363287603,14.239045,,,,
deg_centrality,N/A,rrg,0.1,0.05,0.3,5,0.958,0.9565149,0.125,0.091231935,8.502460316940052,9.392932,,,,
deg_centrality,N/A,rrg,0.2,0.05,0.3,5,0.966,0.9611682,0.2916666666666667,0.29871333,5.605838737998269,5.839743,,,,
deg_centrality,N/A,rrg,0.30000000000000004,0.05,0.3,5,0.974,0.97324944,0.4583333333333333,0.44976062,3.8260013115332447,3.710931,,,,
deg_centrality,N/A,rrg,0.4,0.05,0.3,5,0.972,0.974432,0.4166666666666667,0.4530957,3.0868781423233247,2.6299696,,,,
deg_centrality,N/A,rrg,0.5,0.05,0.3,5,0.98,0.9815916,0.5833333333333334,0.63117003,2.102703850562625,1.8401383,,,,
deg_centrality,N/A,rrg,0.6000000000000001,0.05,0.3,5,0.993,0.989999,0.8541666666666666,0.79909337,1.28363402988499,1.2122566,,,,
deg_centrality,N/A,rrg,0.7000000000000001,0.05,0.3,5,0.99,0.9911365,0.7916666666666666,0.807705,0.9349313385088168,0.8059499,,,,
deg_centrality,N/A,rrg,0.8,0.05,0.3,5,0.997,0.9970746,0.9375,0.9402809,0.43408683511436613,0.45494685,,,,
deg_centrality,N/A,rrg,0.9,0.05,0.3,5,1.0,0.99907684,1.0,0.980817,0.20053510763529078,0.25795245,,,,
deg_centrality,N/A,rrg,1.0,0.05,0.3,5,1.0,0.9999734,1.0,0.99944603,6.48924712921696e-05,0.025329966,,,,
deg_centrality,N/A,rrg,0.0,0.1,0.3,5,0.915,0.9000016,0.0,0.0,11.152746731034192,10.708196,,,,
deg_centrality,N/A,rrg,0.1,0.1,0.3,5,0.929,0.9187171,0.1647058823529414,0.13819191,7.61761547261579,7.7833843,,,,
deg_centrality,N/A,rrg,0.2,0.1,0.3,5,0.934,0.93273264,0.22352941176470617,0.2397952,5.713512993758331,5.7007585,,,,
deg_centrality,N/A,rrg,0.30000000000000004,0.1,0.3,5,0.944,0.9419785,0.3411764705882344,0.35595644,3.9638124577260943,4.031807,,,,
deg_centrality,N/A,rrg,0.4,0.1,0.3,5,0.956,0.9528698,0.48235294117646993,0.46683112,2.8061993361784086,2.7580533,,,,
deg_centrality,N/A,rrg,0.5,0.1,0.3,5,0.968,0.9625115,0.6235294117647054,0.5825232,1.7930074236023588,1.9018152,,,,
deg_centrality,N/A,rrg,0.6000000000000001,0.1,0.3,5,0.982,0.9751152,0.7882352941176468,0.72233033,1.332250974649099,1.2648671,,,,
deg_centrality,N/A,rrg,0.7000000000000001,0.1,0.3,5,0.986,0.9837085,0.8352941176470586,0.810149,0.8223779915017637,0.83163047,,,,
deg_centrality,N/A,rrg,0.8,0.1,0.3,5,0.985,0.98887616,0.8235294117647056,0.8671984,0.5814246273401296,0.52189666,,,,
deg_centrality,N/A,rrg,0.9,0.1,0.3,5,0.999,0.9965167,0.988235294117647,0.9598123,0.16749893024207602,0.2524534,,,,
deg_centrality,N/A,rrg,1.0,0.1,0.3,5,1.0,0.9999556,1.0,0.99947745,3.2723434304211983e-05,0.03246422,,,,
deg_centrality,N/A,rrg,0.0,0.2,0.3,5,0.81,0.8000097,0.0,0.0,8.155974722817625,6.836266,,,,
deg_centrality,N/A,rrg,0.1,0.2,0.3,5,0.83,0.83357763,0.10526315789473638,0.101467334,6.131358704329139,5.693086,,,,
deg_centrality,N/A,rrg,0.2,0.2,0.3,5,0.851,0.85011667,0.2157894736842102,0.18926792,4.92025700974494,4.462093,,,,
deg_centrality,N/A,rrg,0.30000000000000004,0.2,0.3,5,0.887,0.8800022,0.4052631578947367,0.399709,3.394287802416286,3.3459387,,,,
deg_centrality,N/A,rrg,0.4,0.2,0.3,5,0.903,0.8958791,0.4894736842105263,0.46437287,2.517723673187141,2.6076949,,,,
deg_centrality,N/A,rrg,0.5,0.2,0.3,5,0.92,0.920792,0.5789473684210528,0.5947679,1.7408468035798053,1.9331406,,,,
deg_centrality,N/A,rrg,0.6000000000000001,0.2,0.3,5,0.925,0.9394869,0.605263157894737,0.6719975,1.3443125860672411,1.3333743,,,,
deg_centrality,N/A,rrg,0.7000000000000001,0.2,0.3,5,0.954,0.9607881,0.757894736842105,0.7949963,0.8773472020006652,0.9255151,,,,
deg_centrality,N/A,rrg,0.8,0.2,0.3,5,0.975,0.9753539,0.8684210526315788,0.8699691,0.7204347454882534,0.5856924,,,,
deg_centrality,N/A,rrg,0.9,0.2,0.3,5,0.993,0.9902846,0.9631578947368421,0.94921637,0.23125525843880412,0.27378547,,,,
deg_centrality,N/A,rrg,1.0,0.2,0.3,5,1.0,0.99990976,1.0,0.9995249,3.298293546904017e-05,0.044733606,,,,
deg_centrality,N/A,rrg,0.0,0.3,0.3,5,0.713,0.700031,0.0,0.0,5.341415112505201,4.7643957,,,,
deg_centrality,N/A,rrg,0.1,0.3,0.3,5,0.752,0.7373124,0.13588850174216038,0.132129,4.470701315118063,3.9665976,,,,
deg_centrality,N/A,rrg,0.2,0.3,0.3,5,0.787,0.7763678,0.2578397212543556,0.24553373,3.3398294279519116,3.428283,,,,
deg_centrality,N/A,rrg,0.30000000000000004,0.3,0.3,5,0.813,0.8068152,0.3484320557491288,0.3584007,3.1148385719525957,2.6812398,,,,
deg_centrality,N/A,rrg,0.4,0.3,0.3,5,0.848,0.8363343,0.470383275261324,0.44626814,2.2397318839387754,2.1036973,,,,
deg_centrality,N/A,rrg,0.5,0.3,0.3,5,0.872,0.8727097,0.554006968641115,0.5573449,1.7287304231951375,1.6998398,,,,
deg_centrality,N/A,rrg,0.6000000000000001,0.3,0.3,5,0.899,0.90308684,0.6480836236933799,0.6638132,1.4004374138487856,1.2624733,,,,
deg_centrality,N/A,rrg,0.7000000000000001,0.3,0.3,5,0.915,0.9299149,0.7038327526132406,0.7451603,0.734867618514897,0.8742859,,,,
deg_centrality,N/A,rrg,0.8,0.3,0.3,5,0.961,0.95739406,0.8641114982578396,0.8512393,0.5765527967132434,0.55111414,,,,
deg_centrality,N/A,rrg,0.9,0.3,0.3,5,0.982,0.97898096,0.9372822299651568,0.92783743,0.27760730810561335,0.28217667,,,,
deg_centrality,N/A,rrg,1.0,0.3,0.3,5,1.0,0.99971,1.0,0.9989888,0.00015168315715782306,0.10596429,,,,
deg_centrality,N/A,rrg,0.0,0.4,0.3,5,0.571,0.60008657,0.0,0.0,3.278474564501973,3.451542,,,,
deg_centrality,N/A,rrg,0.1,0.4,0.3,5,0.63,0.6463125,0.13752913752913765,0.117574684,2.8899595860120413,2.9242208,,,,
deg_centrality,N/A,rrg,0.2,0.4,0.3,5,0.682,0.69024825,0.2587412587412589,0.25558984,2.4647730792388636,2.3969157,,,,
deg_centrality,N/A,rrg,0.30000000000000004,0.4,0.3,5,0.719,0.7341953,0.344988344988345,0.35244277,2.1968962095156677,2.0041952,,,,
deg_centrality,N/A,rrg,0.4,0.4,0.3,5,0.773,0.78279346,0.47086247086247096,0.46527138,1.694560053024853,1.7192711,,,,
deg_centrality,N/A,rrg,0.5,0.4,0.3,5,0.821,0.82085204,0.5827505827505827,0.568854,1.4137104606625812,1.3350283,,,,
deg_centrality,N/A,rrg,0.6000000000000001,0.4,0.3,5,0.855,0.8619208,0.662004662004662,0.6715063,0.8991592323831838,0.9965506,,,,
deg_centrality,N/A,rrg,0.7000000000000001,0.4,0.3,5,0.903,0.8965258,0.773892773892774,0.7530109,0.730151396397979,0.7884242,,,,
deg_centrality,N/A,rrg,0.8,0.4,0.3,5,0.932,0.9340781,0.8414918414918416,0.8428981,0.39836236683625625,0.499137,,,,
deg_centrality,N/A,rrg,0.9,0.4,0.3,5,0.965,0.9678978,0.9184149184149184,0.9245506,0.19720955917646268,0.2840343,,,,
deg_centrality,N/A,rrg,1.0,0.4,0.3,5,1.0,0.9995819,1.0,0.9990245,0.00011157291929884325,0.117457926,,,,
deg_centrality,N/A,rrg,0.0,0.05,0.3,6,0.946,0.95000243,0.0,0.0,13.863853285635624,14.239045,,,,
deg_centrality,N/A,rrg,0.1,0.05,0.3,6,0.951,0.951131,0.09259259259259259,0.16279474,8.497728020143324,8.743496,,,,
deg_centrality,N/A,rrg,0.2,0.05,0.3,6,0.957,0.95855606,0.2037037037037037,0.25156346,5.125849708718129,5.5750475,,,,
deg_centrality,N/A,rrg,0.30000000000000004,0.05,0.3,6,0.968,0.9690703,0.4074074074074074,0.43030635,3.680285859430266,3.8894465,,,,
deg_centrality,N/A,rrg,0.4,0.05,0.3,6,0.978,0.9754088,0.5925925925925926,0.55348337,2.437645214966908,2.5990124,,,,
deg_centrality,N/A,rrg,0.5,0.05,0.3,6,0.983,0.98476976,0.6851851851851852,0.70980537,1.7440168757246102,1.783406,,,,
deg_centrality,N/A,rrg,0.6000000000000001,0.05,0.3,6,0.987,0.9843314,0.7592592592592593,0.70391726,1.2106918051150546,1.1984204,,,,
deg_centrality,N/A,rrg,0.7000000000000001,0.05,0.3,6,0.991,0.9908984,0.8333333333333334,0.8332476,0.8726107432301317,0.70673215,,,,
deg_centrality,N/A,rrg,0.8,0.05,0.3,6,0.997,0.9959541,0.9444444444444444,0.9263274,0.5281341010823801,0.48221186,,,,
deg_centrality,N/A,rrg,0.9,0.05,0.3,6,1.0,0.99899143,1.0,0.9815059,0.269283966319244,0.22963168,,,,
deg_centrality,N/A,rrg,1.0,0.05,0.3,6,1.0,0.9999648,1.0,0.9993474,3.135405157145421e-05,0.026420332,,,,
deg_centrality,N/A,rrg,0.0,0.1,0.3,6,0.898,0.9000016,0.0,0.0,10.72956789325801,10.708196,,,,
deg_centrality,N/A,rrg,0.1,0.1,0.3,6,0.909,0.91315174,0.10784313725490208,0.1216844,7.983433178067183,7.6230145,,,,
deg_centrality,N/A,rrg,0.2,0.1,0.3,6,0.918,0.9221919,0.19607843137254924,0.23571655,5.81185729304218,5.3489437,,,,
deg_centrality,N/A,rrg,0.30000000000000004,0.1,0.3,6,0.929,0.9323254,0.3039215686274513,0.35280612,4.2713597171610385,3.948972,,,,
deg_centrality,N/A,rrg,0.4,0.1,0.3,6,0.949,0.9509789,0.49999999999999944,0.5210264,2.840715609507074,2.7936256,,,,
deg_centrality,N/A,rrg,0.5,0.1,0.3,6,0.953,0.961332,0.5392156862745093,0.5857067,2.045580175473773,1.9873933,,,,
deg_centrality,N/A,rrg,0.6000000000000001,0.1,0.3,6,0.973,0.97413427,0.7352941176470585,0.7385246,1.44554673840687,1.2806401,,,,
deg_centrality,N/A,rrg,0.7000000000000001,0.1,0.3,6,0.983,0.98536426,0.8333333333333331,0.8544464,0.9068458824838144,0.9240419,,,,
deg_centrality,N/A,rrg,0.8,0.1,0.3,6,0.992,0.99097276,0.9215686274509803,0.9121921,0.5326217637387299,0.5248418,,,,
deg_centrality,N/A,rrg,0.9,0.1,0.3,6,0.999,0.99734604,0.9901960784313726,0.9743694,0.21664464038749212,0.27069658,,,,
deg_centrality,N/A,rrg,1.0,0.1,0.3,6,1.0,0.999946,1.0,0.9994704,2.6163806825363142e-05,0.032636985,,,,
deg_centrality,N/A,rrg,0.0,0.2,0.3,6,0.788,0.8000097,0.0,0.0,6.302000207379546,6.836266,,,,
deg_centrality,N/A,rrg,0.1,0.2,0.3,6,0.814,0.8197434,0.12264150943396186,0.13098685,4.691314696670472,5.2216506,,,,
deg_centrality,N/A,rrg,0.2,0.2,0.3,6,0.835,0.8383791,0.22169811320754687,0.2283932,3.7143368877026823,3.9919508,,,,
deg_centrality,N/A,rrg,0.30000000000000004,0.2,0.3,6,0.859,0.86863965,0.3349056603773583,0.3514281,2.867608019216986,3.240067,,,,
deg_centrality,N/A,rrg,0.4,0.2,0.3,6,0.889,0.8918696,0.4764150943396226,0.48910552,1.9577619288005026,2.4123702,,,,
deg_centrality,N/A,rrg,0.5,0.2,0.3,6,0.911,0.9138723,0.5801886792452831,0.5818225,1.5479721665350419,1.7867022,,,,
deg_centrality,N/A,rrg,0.6000000000000001,0.2,0.3,6,0.935,0.93564594,0.6933962264150946,0.70290136,1.0876348654630115,1.2834429,,,,
deg_centrality,N/A,rrg,0.7000000000000001,0.2,0.3,6,0.955,0.9537572,0.7877358490566035,0.7816756,0.8490918804964835,0.87265366,,,,
deg_centrality,N/A,rrg,0.8,0.2,0.3,6,0.975,0.97255623,0.8820754716981131,0.87058055,0.5449240502892027,0.5600664,,,,
deg_centrality,N/A,rrg,0.9,0.2,0.3,6,0.992,0.989185,0.9622641509433962,0.94959325,0.21242085847668785,0.26563758,,,,
deg_centrality,N/A,rrg,1.0,0.2,0.3,6,1.0,0.9998926,1.0,0.9994932,3.465069329732913e-05,0.043658864,,,,
deg_centrality,N/A,rrg,0.0,0.3,0.3,6,0.717,0.700031,0.0,0.0,5.22065731526399,4.7643957,,,,
deg_centrality,N/A,rrg,0.1,0.3,0.3,6,0.747,0.73272985,0.10600706713780927,0.09534394,4.231220076562647,3.9668734,,,,
deg_centrality,N/A,rrg,0.2,0.3,0.3,6,0.772,0.77205324,0.19434628975265034,0.21167517,3.6084315220530754,3.367165,,,,
deg_centrality,N/A,rrg,0.30000000000000004,0.3,0.3,6,0.823,0.81233025,0.3745583038869257,0.34490442,2.315906124951458,2.7358172,,,,
deg_centrality,N/A,rrg,0.4,0.3,0.3,6,0.851,0.8374844,0.4734982332155477,0.44932762,2.355733537292221,2.1267602,,,,
deg_centrality,N/A,rrg,0.5,0.3,0.3,6,0.884,0.87513757,0.5901060070671379,0.5617869,1.4348031880330445,1.6813529,,,,
deg_centrality,N/A,rrg,0.6000000000000001,0.3,0.3,6,0.915,0.9043143,0.6996466431095408,0.66734266,1.2691509366926117,1.2961558,,,,
deg_centrality,N/A,rrg,0.7000000000000001,0.3,0.3,6,0.932,0.93010694,0.7597173144876327,0.7559492,0.835092352532671,0.88717043,,,,
deg_centrality,N/A,rrg,0.8,0.3,0.3,6,0.961,0.95405185,0.862190812720848,0.8402699,0.5356239269984023,0.553126,,,,
deg_centrality,N/A,rrg,0.9,0.3,0.3,6,0.982,0.9802659,0.9363957597173145,0.9306401,0.22831941037185802,0.28488034,,,,
deg_centrality,N/A,rrg,1.0,0.3,0.3,6,1.0,0.9997223,1.0,0.99901795,9.591556728399465e-05,0.098850735,,,,
deg_centrality,N/A,rrg,0.0,0.4,0.3,6,0.597,0.60008657,0.0,0.0,3.10416772134039,3.451542,,,,
deg_centrality,N/A,rrg,0.1,0.4,0.3,6,0.651,0.6434609,0.13399503722084377,0.13238154,2.8008341021616627,2.8341649,,,,
deg_centrality,N/A,rrg,0.2,0.4,0.3,6,0.696,0.6893074,0.24565756823821333,0.23226056,2.2347782294057477,2.429799,,,,
deg_centrality,N/A,rrg,0.30000000000000004,0.4,0.3,6,0.733,0.7325182,0.337468982630273,0.34105083,1.9589601541537325,2.006753,,,,
deg_centrality,N/A,rrg,0.4,0.4,0.3,6,0.779,0.7778711,0.45161290322580655,0.4602076,1.6467733929650576,1.6239605,,,,
deg_centrality,N/A,rrg,0.5,0.4,0.3,6,0.817,0.81977725,0.5459057071960297,0.56010073,1.3272690242183953,1.365991,,,,
deg_centrality,N/A,rrg,0.6000000000000001,0.4,0.3,6,0.868,0.8641153,0.6724565756823822,0.6597419,0.8941318636831916,1.0365305,,,,
deg_centrality,N/A,rrg,0.7000000000000001,0.4,0.3,6,0.911,0.899449,0.7791563275434245,0.75973403,0.6914797118032638,0.7632218,,,,
deg_centrality,N/A,rrg,0.8,0.4,0.3,6,0.942,0.937066,0.8560794044665011,0.8445507,0.3932573468720183,0.5356422,,,,
deg_centrality,N/A,rrg,0.9,0.4,0.3,6,0.969,0.9702737,0.923076923076923,0.926134,0.2295316777902797,0.27954018,,,,
deg_centrality,N/A,rrg,1.0,0.4,0.3,6,1.0,0.9996176,1.0,0.99905026,9.79437188578008e-05,0.110395856,,,,
deg_centrality,N/A,rrg,0.0,0.05,0.3,7,0.948,0.95000243,0.0,0.0,14.120002140844976,14.239045,,,,
deg_centrality,N/A,rrg,0.1,0.05,0.3,7,0.954,0.9559709,0.11538461538461539,0.12289863,9.645318769997836,9.072886,,,,
deg_centrality,N/A,rrg,0.2,0.05,0.3,7,0.963,0.9639178,0.28846153846153844,0.30922928,5.176711227447436,5.8564563,,,,
deg_centrality,N/A,rrg,0.30000000000000004,0.05,0.3,7,0.972,0.9725424,0.46153846153846156,0.45323706,3.685554143326251,3.934221,,,,
deg_centrality,N/A,rrg,0.4,0.05,0.3,7,0.978,0.9820469,0.5769230769230769,0.6035921,2.7532418017134876,2.481451,,,,
deg_centrality,N/A,rrg,0.5,0.05,0.3,7,0.986,0.98802537,0.7307692307692307,0.7723233,1.5544955865912433,1.712826,,,,
deg_centrality,N/A,rrg,0.6000000000000001,0.05,0.3,7,0.982,0.98683625,0.6538461538461539,0.74696064,1.1636395758746179,1.2617505,,,,
deg_centrality,N/A,rrg,0.7000000000000001,0.05,0.3,7,0.996,0.99585587,0.9230769230769231,0.9181503,0.8787752401473797,0.8536532,,,,
deg_centrality,N/A,rrg,0.8,0.05,0.3,7,0.993,0.99690783,0.8653846153846154,0.9385897,0.6090379795506844,0.52633214,,,,
deg_centrality,N/A,rrg,0.9,0.05,0.3,7,0.999,0.99872804,0.9807692307692307,0.9756155,0.15622958469337087,0.225508,,,,
deg_centrality,N/A,rrg,1.0,0.05,0.3,7,1.0,0.9999396,1.0,0.9988378,0.00040079922305618054,0.031064698,,,,
deg_centrality,N/A,rrg,0.0,0.1,0.3,7,0.893,0.9000016,0.0,0.0,9.108768978825482,10.708196,,,,
deg_centrality,N/A,rrg,0.1,0.1,0.3,7,0.91,0.90213376,0.15887850467289735,0.10827233,6.376105250086589,7.070042,,,,
deg_centrality,N/A,rrg,0.2,0.1,0.3,7,0.925,0.9169684,0.299065420560748,0.26572326,4.7818390195163305,5.2674613,,,,
deg_centrality,N/A,rrg,0.30000000000000004,0.1,0.3,7,0.93,0.92974514,0.34579439252336486,0.35261708,3.046369516016803,3.7047515,,,,
deg_centrality,N/A,rrg,0.4,0.1,0.3,7,0.942,0.9397744,0.4579439252336443,0.45395827,2.4265961187152856,2.6393738,,,,
deg_centrality,N/A,rrg,0.5,0.1,0.3,7,0.962,0.9603572,0.6448598130841118,0.6370859,1.7014647109916206,1.9013916,,,,
deg_centrality,N/A,rrg,0.6000000000000001,0.1,0.3,7,0.969,0.97184247,0.7102803738317754,0.7387191,1.1164311945777667,1.1906372,,,,
deg_centrality,N/A,rrg,0.7000000000000001,0.1,0.3,7,0.985,0.9793033,0.8598130841121494,0.80685693,0.6301247217283397,0.78803724,,,,
deg_centrality,N/A,rrg,0.8,0.1,0.3,7,0.995,0.9900874,0.9532710280373832,0.9100856,0.4144127777067075,0.49801663,,,,
deg_centrality,N/A,rrg,0.9,0.1,0.3,7,0.998,0.9956528,0.9813084112149533,0.9599185,0.2239253998412002,0.20569718,,,,
deg_centrality,N/A,rrg,1.0,0.1,0.3,7,1.0,0.99993545,1.0,0.99939644,3.085523017069497e-05,0.0344189,,,,
deg_centrality,N/A,rrg,0.0,0.2,0.3,7,0.782,0.8000097,0.0,0.0,6.828920854047026,6.836266,,,,
deg_centrality,N/A,rrg,0.1,0.2,0.3,7,0.803,0.8195337,0.0963302752293579,0.10109111,5.729546610818206,5.32542,,,,
deg_centrality,N/A,rrg,0.2,0.2,0.3,7,0.833,0.84566796,0.2339449541284401,0.24198492,4.1516143511270585,4.144832,,,,
deg_centrality,N/A,rrg,0.30000000000000004,0.2,0.3,7,0.858,0.8663119,0.348623853211009,0.36432385,3.464846046072553,3.2275581,,,,
deg_centrality,N/A,rrg,0.4,0.2,0.3,7,0.889,0.89214206,0.4908256880733945,0.50125283,2.604014168676149,2.4460943,,,,
deg_centrality,N/A,rrg,0.5,0.2,0.3,7,0.903,0.9145011,0.555045871559633,0.57851684,1.8482769005615833,1.8252393,,,,
deg_centrality,N/A,rrg,0.6000000000000001,0.2,0.3,7,0.909,0.93068784,0.5825688073394496,0.6592143,1.3130510998393687,1.3080901,,,,
deg_centrality,N/A,rrg,0.7000000000000001,0.2,0.3,7,0.963,0.95726186,0.830275229357798,0.8066787,0.8739300416596383,0.85807896,,,,
deg_centrality,N/A,rrg,0.8,0.2,0.3,7,0.961,0.97191125,0.8211009174311925,0.8621948,0.5284116253001596,0.549777,,,,
deg_centrality,N/A,rrg,0.9,0.2,0.3,7,0.992,0.98719245,0.963302752293578,0.94217676,0.1937306276362641,0.28929955,,,,
deg_centrality,N/A,rrg,1.0,0.2,0.3,7,1.0,0.99988586,1.0,0.9994762,3.838591184715462e-05,0.047769245,,,,
deg_centrality,N/A,rrg,0.0,0.3,0.3,7,0.683,0.700031,0.0,0.0,4.360397610674147,4.7643957,,,,
deg_centrality,N/A,rrg,0.1,0.3,0.3,7,0.719,0.73036194,0.11356466876971585,0.10926427,3.762033039736715,3.869162,,,,
deg_centrality,N/A,rrg,0.2,0.3,0.3,7,0.745,0.76739,0.1955835962145109,0.21918088,3.111087020569368,3.2198143,,,,
deg_centrality,N/A,rrg,0.30000000000000004,0.3,0.3,7,0.795,0.8019592,0.35331230283911674,0.36565533,2.4922860094157087,2.4990547,,,,
deg_centrality,N/A,rrg,0.4,0.3,0.3,7,0.838,0.8374936,0.4889589905362774,0.48262712,1.874683216248913,2.0329397,,,,
deg_centrality,N/A,rrg,0.5,0.3,0.3,7,0.855,0.86401427,0.5425867507886434,0.5627257,1.752290939729548,1.6118357,,,,
deg_centrality,N/A,rrg,0.6000000000000001,0.3,0.3,7,0.895,0.89825046,0.668769716088328,0.67043835,1.200104730895187,1.2296804,,,,
deg_centrality,N/A,rrg,0.7000000000000001,0.3,0.3,7,0.931,0.9271522,0.7823343848580443,0.7688037,0.739264129782462,0.84296525,,,,
deg_centrality,N/A,rrg,0.8,0.3,0.3,7,0.951,0.95200133,0.8454258675078863,0.8464559,0.509569025291309,0.5769267,,,,
deg_centrality,N/A,rrg,0.9,0.3,0.3,7,0.981,0.9782011,0.9400630914826498,0.9316288,0.21905442823320126,0.27514178,,,,
deg_centrality,N/A,rrg,1.0,0.3,0.3,7,1.0,0.99968517,1.0,0.99900603,0.00011446441618529613,0.10612485,,,,
deg_centrality,N/A,rrg,0.0,0.4,0.3,7,0.588,0.60008657,0.0,0.0,3.293897324392529,3.451542,,,,
deg_centrality,N/A,rrg,0.1,0.4,0.3,7,0.633,0.6434881,0.10922330097087388,0.115466826,2.9075467126782204,2.8564975,,,,
deg_centrality,N/A,rrg,0.2,0.4,0.3,7,0.697,0.6873419,0.26456310679611644,0.2510904,2.649271205370378,2.3477516,,,,
deg_centrality,N/A,rrg,0.30000000000000004,0.4,0.3,7,0.731,0.7395976,0.3470873786407767,0.3554133,1.9988230467095638,2.0345824,,,,
deg_centrality,N/A,rrg,0.4,0.4,0.3,7,0.77,0.7825231,0.44174757281553406,0.45774928,1.4957972391608982,1.7080903,,,,
deg_centrality,N/A,rrg,0.5,0.4,0.3,7,0.838,0.8214788,0.6067961165048543,0.57383794,1.242820412548389,1.2966318,,,,
deg_centrality,N/A,rrg,0.6000000000000001,0.4,0.3,7,0.856,0.86070347,0.6504854368932038,0.6630514,0.856624288398071,0.9908972,,,,
deg_centrality,N/A,rrg,0.7000000000000001,0.4,0.3,7,0.906,0.8960294,0.7718446601941749,0.746845,0.6308878137427228,0.7616746,,,,
deg_centrality,N/A,rrg,0.8,0.4,0.3,7,0.94,0.9330201,0.8543689320388348,0.83789366,0.42423751113152963,0.49304694,,,,
deg_centrality,N/A,rrg,0.9,0.4,0.3,7,0.965,0.9659178,0.9150485436893203,0.9176115,0.21369811514643425,0.27085462,,,,
deg_centrality,N/A,rrg,1.0,0.4,0.3,7,1.0,0.99959785,1.0,0.9990231,0.00011056013191678308,0.11495577,,,,
deg_centrality,N/A,rrg,0.0,0.05,0.3,8,0.942,0.95000243,0.0,0.0,12.114797060812627,14.239045,,,,
deg_centrality,N/A,rrg,0.1,0.05,0.3,8,0.951,0.9501771,0.15517241379310345,0.16612796,7.166133208837673,8.5430765,,,,
deg_centrality,N/A,rrg,0.2,0.05,0.3,8,0.954,0.9600426,0.20689655172413793,0.26761577,5.131876143278124,5.6158442,,,,
deg_centrality,N/A,rrg,0.30000000000000004,0.05,0.3,8,0.969,0.963423,0.46551724137931033,0.40072677,3.0411705740300667,3.778653,,,,
deg_centrality,N/A,rrg,0.4,0.05,0.3,8,0.966,0.9720883,0.41379310344827586,0.5135572,2.3125931911652944,2.375466,,,,
deg_centrality,N/A,rrg,0.5,0.05,0.3,8,0.983,0.9827135,0.7068965517241379,0.7000636,1.5442430436281276,1.718855,,,,
deg_centrality,N/A,rrg,0.6000000000000001,0.05,0.3,8,0.986,0.9871988,0.7586206896551724,0.7748954,1.2651431616278692,1.2729832,,,,
deg_centrality,N/A,rrg,0.7000000000000001,0.05,0.3,8,0.994,0.9915805,0.896551724137931,0.86183244,0.5708519927285867,0.7145061,,,,
deg_centrality,N/A,rrg,0.8,0.05,0.3,8,0.997,0.99553424,0.9482758620689655,0.9225827,0.5573933391231662,0.46567547,,,,
deg_centrality,N/A,rrg,0.9,0.05,0.3,8,1.0,0.9987092,1.0,0.97808087,0.18810928265838786,0.1933837,,,,
deg_centrality,N/A,rrg,1.0,0.05,0.3,8,1.0,0.9999805,1.0,0.9996639,2.0074942116692248e-05,0.023618652,,,,
deg_centrality,N/A,rrg,0.0,0.1,0.3,8,0.918,0.9000016,0.0,0.0,10.689445474854383,10.708196,,,,
deg_centrality,N/A,rrg,0.1,0.1,0.3,8,0.932,0.9176467,0.1707317073170734,0.16028531,7.517327089585995,7.591439,,,,
deg_centrality,N/A,rrg,0.2,0.1,0.3,8,0.938,0.9316531,0.2439024390243892,0.21443833,5.388112566608864,5.975071,,,,
deg_centrality,N/A,rrg,0.30000000000000004,0.1,0.3,8,0.944,0.93861884,0.3170731707317064,0.30579656,3.9863244901170964,3.9199765,,,,
deg_centrality,N/A,rrg,0.4,0.1,0.3,8,0.964,0.95678276,0.560975609756097,0.5069118,2.8007629634415405,2.7808697,,,,
deg_centrality,N/A,rrg,0.5,0.1,0.3,8,0.971,0.9679147,0.6463414634146337,0.61584926,1.758736154482966,1.9117367,,,,
deg_centrality,N/A,rrg,0.6000000000000001,0.1,0.3,8,0.983,0.97747713,0.792682926829268,0.7465127,1.2203324267044044,1.2628616,,,,
deg_centrality,N/A,rrg,0.7000000000000001,0.1,0.3,8,0.986,0.98263085,0.8292682926829266,0.79714084,0.86743345726256,0.8832064,,,,
deg_centrality,N/A,rrg,0.8,0.1,0.3,8,0.989,0.9910956,0.8658536585365851,0.8928216,0.4028245348494736,0.501762,,,,
deg_centrality,N/A,rrg,0.9,0.1,0.3,8,0.999,0.99647653,0.9878048780487805,0.9577361,0.22114049491594384,0.2405426,,,,
deg_centrality,N/A,rrg,1.0,0.1,0.3,8,1.0,0.9999651,1.0,0.99957395,1.458425141922856e-05,0.027527027,,,,
deg_centrality,N/A,rrg,0.0,0.2,0.3,8,0.773,0.8000097,0.0,0.0,6.563396974042144,6.836266,,,,
deg_centrality,N/A,rrg,0.1,0.2,0.3,8,0.797,0.8135657,0.10572687224669614,0.097762495,5.331844478712367,5.141543,,,,
deg_centrality,N/A,rrg,0.2,0.2,0.3,8,0.825,0.8429613,0.22907488986784114,0.24661966,3.971137609846852,4.0937986,,,,
deg_centrality,N/A,rrg,0.30000000000000004,0.2,0.3,8,0.846,0.86653733,0.3215859030837003,0.35053498,2.8494476553286354,3.2574391,,,,
deg_centrality,N/A,rrg,0.4,0.2,0.3,8,0.868,0.88535297,0.41850220264317173,0.46316853,2.4666651144566916,2.4201503,,,,
deg_centrality,N/A,rrg,0.5,0.2,0.3,8,0.913,0.917322,0.616740088105727,0.6244286,1.7702042957862714,1.8373357,,,,
deg_centrality,N/A,rrg,0.6000000000000001,0.2,0.3,8,0.931,0.9335687,0.6960352422907491,0.7014274,1.1718561121326534,1.300059,,,,
deg_centrality,N/A,rrg,0.7000000000000001,0.2,0.3,8,0.948,0.9523,0.7709251101321584,0.7834021,0.852016719944402,0.86586183,,,,
deg_centrality,N/A,rrg,0.8,0.2,0.3,8,0.967,0.97158474,0.8546255506607928,0.8721348,0.508983377546648,0.5055055,,,,
deg_centrality,N/A,rrg,0.9,0.2,0.3,8,0.988,0.98492795,0.9471365638766519,0.9340254,0.2780427070347391,0.26822016,,,,
deg_centrality,N/A,rrg,1.0,0.2,0.3,8,1.0,0.99988836,1.0,0.999508,2.670392378412518e-05,0.045787297,,,,
deg_centrality,N/A,rrg,0.0,0.3,0.3,8,0.713,0.700031,0.0,0.0,4.550433255205396,4.7643957,,,,
deg_centrality,N/A,rrg,0.1,0.3,0.3,8,0.745,0.7281749,0.11149825783972134,0.09602339,3.9601016880352358,3.82814,,,,
deg_centrality,N/A,rrg,0.2,0.3,0.3,8,0.774,0.764024,0.2125435540069688,0.21025108,3.27534304551034,3.215374,,,,
deg_centrality,N/A,rrg,0.30000000000000004,0.3,0.3,8,0.802,0.7996233,0.31010452961672497,0.3139402,2.5466011241178665,2.6503544,,,,
deg_centrality,N/A,rrg,0.4,0.3,0.3,8,0.852,0.8368846,0.48432055749128916,0.4541422,1.9618846146783697,2.0965092,,,,
deg_centrality,N/A,rrg,0.5,0.3,0.3,8,0.879,0.8748147,0.578397212543554,0.578151,1.5440310604718932,1.6476452,,,,
deg_centrality,N/A,rrg,0.6000000000000001,0.3,0.3,8,0.907,0.9018874,0.6759581881533102,0.6723827,1.1665329488381755,1.2104185,,,,
deg_centrality,N/A,rrg,0.7000000000000001,0.3,0.3,8,0.924,0.9294465,0.7351916376306622,0.75439006,0.7939007738948859,0.8367494,,,,
deg_centrality,N/A,rrg,0.8,0.3,0.3,8,0.966,0.95682657,0.881533101045296,0.8538793,0.4270594604816585,0.59007746,,,,
deg_centrality,N/A,rrg,0.9,0.3,0.3,8,0.983,0.9787662,0.940766550522648,0.92725664,0.2543207329540023,0.27118683,,,,
deg_centrality,N/A,rrg,1.0,0.3,0.3,8,1.0,0.99972606,1.0,0.9990448,0.00010324001624036986,0.09937631,,,,
deg_centrality,N/A,rrg,0.0,0.4,0.3,8,0.594,0.60008657,0.0,0.0,3.2220325228664595,3.451542,,,,
deg_centrality,N/A,rrg,0.1,0.4,0.3,8,0.644,0.64280134,0.12315270935960601,0.12180721,2.8834466053604135,2.8392637,,,,
deg_centrality,N/A,rrg,0.2,0.4,0.3,8,0.686,0.6906794,0.22660098522167507,0.2454589,2.387279493160937,2.4427216,,,,
deg_centrality,N/A,rrg,0.30000000000000004,0.4,0.3,8,0.728,0.7351228,0.33004926108374383,0.34311897,1.9699307127212402,2.036147,,,,
deg_centrality,N/A,rrg,0.4,0.4,0.3,8,0.778,0.7801698,0.45320197044334987,0.45745283,1.720712947608236,1.6629457,,,,
deg_centrality,N/A,rrg,0.5,0.4,0.3,8,0.836,0.8272292,0.5960591133004925,0.5694167,1.2054381093075826,1.392987,,,,
deg_centrality,N/A,rrg,0.6000000000000001,0.4,0.3,8,0.865,0.8618864,0.6674876847290641,0.66278684,0.9505917997797075,1.0045347,,,,
deg_centrality,N/A,rrg,0.7000000000000001,0.4,0.3,8,0.908,0.89781326,0.7733990147783252,0.7493287,0.7189048394096523,0.7591378,,,,
deg_centrality,N/A,rrg,0.8,0.4,0.3,8,0.937,0.9368153,0.8448275862068967,0.8465586,0.396392717385179,0.48135063,,,,
deg_centrality,N/A,rrg,0.9,0.4,0.3,8,0.971,0.9705589,0.9285714285714285,0.92774385,0.25353379331842296,0.31811053,,,,
deg_centrality,N/A,rrg,1.0,0.4,0.3,8,1.0,0.99959713,1.0,0.99900687,0.00010465622681882358,0.11454497,,,,
deg_centrality,N/A,rrg,0.0,0.05,0.3,9,0.942,0.95000243,0.0,0.0,13.295795098150883,14.239045,,,,
deg_centrality,N/A,rrg,0.1,0.05,0.3,9,0.949,0.9492516,0.1206896551724138,0.14018431,8.066949161007264,8.4948225,,,,
deg_centrality,N/A,rrg,0.2,0.05,0.3,9,0.96,0.9604431,0.3103448275862069,0.30034643,6.1951892870826475,5.6566267,,,,
deg_centrality,N/A,rrg,0.30000000000000004,0.05,0.3,9,0.959,0.9631044,0.29310344827586204,0.3376594,3.7315335484662797,3.6011753,,,,
deg_centrality,N/A,rrg,0.4,0.05,0.3,9,0.975,0.9745039,0.5689655172413793,0.56166774,2.227244918016049,2.6130133,,,,
deg_centrality,N/A,rrg,0.5,0.05,0.3,9,0.987,0.9833677,0.7758620689655172,0.7276687,1.369225525174861,1.8649248,,,,
deg_centrality,N/A,rrg,0.6000000000000001,0.05,0.3,9,0.987,0.98684996,0.7758620689655172,0.76846856,0.9548226012564665,1.1223552,,,,
deg_centrality,N/A,rrg,0.7000000000000001,0.05,0.3,9,0.99,0.9920384,0.8275862068965517,0.8536499,0.6745580034247949,0.7358436,,,,
deg_centrality,N/A,rrg,0.8,0.05,0.3,9,0.995,0.9936996,0.9137931034482759,0.8926328,0.3505684305141725,0.45600605,,,,
deg_centrality,N/A,rrg,0.9,0.05,0.3,9,0.996,0.99789673,0.9310344827586207,0.9621933,0.2006571531759215,0.23386532,,,,
deg_centrality,N/A,rrg,1.0,0.05,0.3,9,1.0,0.9999632,1.0,0.9993657,3.4608698853100984e-05,0.027302345,,,,
deg_centrality,N/A,rrg,0.0,0.1,0.3,9,0.902,0.9000016,0.0,0.0,11.086602702847394,10.708196,,,,
deg_centrality,N/A,rrg,0.1,0.1,0.3,9,0.915,0.9120766,0.13265306122448994,0.10306613,7.899148201297121,7.6192465,,,,
deg_centrality,N/A,rrg,0.2,0.1,0.3,9,0.931,0.93210536,0.2959183673469391,0.2974712,4.954096275086252,5.641519,,,,
deg_centrality,N/A,rrg,0.30000000000000004,0.1,0.3,9,0.946,0.9472119,0.4489795918367341,0.4657812,3.266236027710935,3.9274468,,,,
deg_centrality,N/A,rrg,0.4,0.1,0.3,9,0.956,0.9560377,0.5510204081632648,0.53581405,2.5614722773327174,2.4779348,,,,
deg_centrality,N/A,rrg,0.5,0.1,0.3,9,0.961,0.96747816,0.6020408163265302,0.62913543,1.7542657815366152,1.7814323,,,,
deg_centrality,N/A,rrg,0.6000000000000001,0.1,0.3,9,0.983,0.97341526,0.8265306122448978,0.7351921,1.1160853063131715,1.2201093,,,,
deg_centrality,N/A,rrg,0.7000000000000001,0.1,0.3,9,0.98,0.9824928,0.7959183673469385,0.8162732,0.6043776796485986,0.7668314,,,,
deg_centrality,N/A,rrg,0.8,0.1,0.3,9,0.986,0.9891595,0.857142857142857,0.88739836,0.3959278541243145,0.5085714,,,,
deg_centrality,N/A,rrg,0.9,0.1,0.3,9,0.994,0.99577916,0.9387755102040816,0.9565492,0.24727328196549206,0.24039042,,,,
deg_centrality,N/A,rrg,1.0,0.1,0.3,9,1.0,0.99992216,1.0,0.99920523,0.00013617108764449445,0.037296716,,,,
deg_centrality,N/A,rrg,0.0,0.2,0.3,9,0.796,0.8000097,0.0,0.0,5.980293925717558,6.836266,,,,
deg_centrality,N/A,rrg,0.1,0.2,0.3,9,0.818,0.82047427,0.10784313725490154,0.11555061,5.110944893250522,5.222164,,,,
deg_centrality,N/A,rrg,0.2,0.2,0.3,9,0.846,0.8411272,0.245098039215686,0.2539733,4.110697080037182,4.0165076,,,,
deg_centrality,N/A,rrg,0.30000000000000004,0.2,0.3,9,0.863,0.8644988,0.32843137254901944,0.3194539,3.669186557421953,3.333916,,,,
deg_centrality,N/A,rrg,0.4,0.2,0.3,9,0.891,0.8914506,0.4656862745098039,0.48177445,2.3754184224940436,2.47798,,,,
deg_centrality,N/A,rrg,0.5,0.2,0.3,9,0.914,0.9165698,0.5784313725490197,0.58715045,1.8007253838834418,1.8240902,,,,
deg_centrality,N/A,rrg,0.6000000000000001,0.2,0.3,9,0.918,0.929703,0.5980392156862746,0.64289635,1.435079711050782,1.2993811,,,,
deg_centrality,N/A,rrg,0.7000000000000001,0.2,0.3,9,0.955,0.9556505,0.7794117647058821,0.7820048,0.877615150961793,0.9060253,,,,
deg_centrality,N/A,rrg,0.8,0.2,0.3,9,0.973,0.97356045,0.8676470588235292,0.8697845,0.4660222274256208,0.55796427,,,,
deg_centrality,N/A,rrg,0.9,0.2,0.3,9,0.987,0.9882585,0.9362745098039215,0.94163764,0.1662078177598841,0.28273407,,,,
deg_centrality,N/A,rrg,1.0,0.2,0.3,9,1.0,0.99990296,1.0,0.9995242,2.009355880788638e-05,0.041658517,,,,
deg_centrality,N/A,rrg,0.0,0.3,0.3,9,0.687,0.700031,0.0,0.0,5.211173230180982,4.7643957,,,,
deg_centrality,N/A,rrg,0.1,0.3,0.3,9,0.716,0.7351079,0.09265175718849815,0.108277746,4.398863825178672,4.0092382,,,,
deg_centrality,N/A,rrg,0.2,0.3,0.3,9,0.758,0.7672671,0.2268370607028753,0.21971221,3.4554408053461607,3.2482827,,,,
deg_centrality,N/A,rrg,0.30000000000000004,0.3,0.3,9,0.781,0.8031676,0.30031948881789133,0.3222648,3.182449994992969,2.7227788,,,,
deg_centrality,N/A,rrg,0.4,0.3,0.3,9,0.814,0.83793944,0.40575079872204445,0.44569936,2.2776555680081247,2.1683266,,,,
deg_centrality,N/A,rrg,0.5,0.3,0.3,9,0.866,0.8731415,0.571884984025559,0.5784786,1.742417037536956,1.6796043,,,,
deg_centrality,N/A,rrg,0.6000000000000001,0.3,0.3,9,0.908,0.89914787,0.7060702875399362,0.6788286,1.4163627744329947,1.2046973,,,,
deg_centrality,N/A,rrg,0.7000000000000001,0.3,0.3,9,0.924,0.9314481,0.757188498402556,0.7768598,0.865718054397093,0.84669554,,,,
deg_centrality,N/A,rrg,0.8,0.3,0.3,9,0.945,0.95433986,0.8242811501597442,0.850435,0.6259443214841115,0.5582272,,,,
deg_centrality,N/A,rrg,0.9,0.3,0.3,9,0.977,0.9778756,0.926517571884984,0.92897546,0.23568740902051127,0.31130564,,,,
deg_centrality,N/A,rrg,1.0,0.3,0.3,9,1.0,0.9997011,1.0,0.99904424,0.00011700084573191264,0.10573517,,,,
deg_centrality,N/A,rrg,0.0,0.4,0.3,9,0.605,0.60008657,0.0,0.0,3.359079781720372,3.451542,,,,
deg_centrality,N/A,rrg,0.1,0.4,0.3,9,0.647,0.64666,0.10632911392405073,0.10727295,2.824890330616344,2.9751124,,,,
deg_centrality,N/A,rrg,0.2,0.4,0.3,9,0.695,0.69437295,0.2278481012658227,0.22307494,2.541388492166647,2.4848926,,,,
deg_centrality,N/A,rrg,0.30000000000000004,0.4,0.3,9,0.735,0.7340034,0.3291139240506329,0.3455572,2.236429205653012,1.9821731,,,,
deg_centrality,N/A,rrg,0.4,0.4,0.3,9,0.783,0.7829675,0.4506329113924052,0.45418528,1.6209273030288214,1.7153504,,,,
deg_centrality,N/A,rrg,0.5,0.4,0.3,9,0.825,0.825463,0.5569620253164556,0.5545219,1.4758398531208514,1.3913132,,,,
deg_centrality,N/A,rrg,0.6000000000000001,0.4,0.3,9,0.863,0.86771995,0.6531645569620254,0.657962,0.897604506784987,1.036551,,,,
deg_centrality,N/A,rrg,0.7000000000000001,0.4,0.3,9,0.901,0.9031008,0.749367088607595,0.7502498,0.8603988349034464,0.8035978,,,,
deg_centrality,N/A,rrg,0.8,0.4,0.3,9,0.942,0.937258,0.8531645569620252,0.84152645,0.5100027210070208,0.54074746,,,,
deg_centrality,N/A,rrg,0.9,0.4,0.3,9,0.969,0.96951574,0.9215189873417721,0.92293155,0.21118627329215084,0.30041316,,,,
deg_centrality,N/A,rrg,1.0,0.4,0.3,9,1.0,0.9996051,1.0,0.9989994,0.00012288610363459074,0.114017054,,,,
betweenness_centrality,N/A,rrg,0.0,0.05,0.3,0,0.947,0.95000243,0.0,0.0,14.449394251669561,14.239045,,,,
betweenness_centrality,N/A,rrg,0.1,0.05,0.3,0,0.95,0.95800936,0.05660377358490566,0.066680975,9.934123978778569,10.105313,,,,
betweenness_centrality,N/A,rrg,0.2,0.05,0.3,0,0.959,0.9648541,0.22641509433962265,0.23572353,6.821606231499496,6.915378,,,,
betweenness_centrality,N/A,rrg,0.30000000000000004,0.05,0.3,0,0.969,0.96897805,0.41509433962264153,0.3504885,4.945252288066273,4.758313,,,,
betweenness_centrality,N/A,rrg,0.4,0.05,0.3,0,0.973,0.97435373,0.49056603773584906,0.4725715,3.336354893596832,3.3746498,,,,
betweenness_centrality,N/A,rrg,0.5,0.05,0.3,0,0.974,0.9791512,0.5094339622641509,0.5676072,2.31110664582598,2.5131035,,,,
betweenness_centrality,N/A,rrg,0.6000000000000001,0.05,0.3,0,0.987,0.985947,0.7547169811320755,0.7302881,1.3692202289850124,1.7711685,,,,
betweenness_centrality,N/A,rrg,0.7000000000000001,0.05,0.3,0,0.994,0.9909916,0.8867924528301887,0.8304154,1.0060195957328726,1.2049553,,,,
betweenness_centrality,N/A,rrg,0.8,0.05,0.3,0,0.998,0.9961283,0.9622641509433962,0.92678654,0.5606653372945503,0.7483458,,,,
betweenness_centrality,N/A,rrg,0.9,0.05,0.3,0,0.999,0.9981616,0.9811320754716981,0.9651538,0.2829697296080633,0.29665825,,,,
betweenness_centrality,N/A,rrg,1.0,0.05,0.3,0,1.0,0.999967,1.0,0.9993768,4.024363418738516e-05,0.026691921,,,,
betweenness_centrality,N/A,rrg,0.0,0.1,0.3,0,0.881,0.9000016,0.0,0.0,9.155314965477857,10.708196,,,,
betweenness_centrality,N/A,rrg,0.1,0.1,0.3,0,0.893,0.9013933,0.10084033613445388,0.10281762,7.32930522075556,7.4786386,,,,
betweenness_centrality,N/A,rrg,0.2,0.1,0.3,0,0.911,0.9089476,0.25210084033613467,0.23190102,6.086382831168579,5.411458,,,,
betweenness_centrality,N/A,rrg,0.30000000000000004,0.1,0.3,0,0.929,0.92412025,0.4033613445378155,0.38135338,4.704350223726359,4.060845,,,,
betweenness_centrality,N/A,rrg,0.4,0.1,0.3,0,0.943,0.9399165,0.5210084033613441,0.49699104,3.3337382779645193,3.2069101,,,,
betweenness_centrality,N/A,rrg,0.5,0.1,0.3,0,0.958,0.9529346,0.6470588235294115,0.61018443,2.6142257007994543,2.4187403,,,,
betweenness_centrality,N/A,rrg,0.6000000000000001,0.1,0.3,0,0.965,0.96144027,0.7058823529411762,0.68164533,1.982542932322592,1.7790651,,,,
betweenness_centrality,N/A,rrg,0.7000000000000001,0.1,0.3,0,0.979,0.9773622,0.8235294117647057,0.8148257,1.3527029764365874,1.2403783,,,,
betweenness_centrality,N/A,rrg,0.8,0.1,0.3,0,0.989,0.98744345,0.9075630252100839,0.89679736,0.8316941718279449,0.7775736,,,,
betweenness_centrality,N/A,rrg,0.9,0.1,0.3,0,0.989,0.9919136,0.9075630252100839,0.93300384,0.2408834626499101,0.37584144,,,,
betweenness_centrality,N/A,rrg,1.0,0.1,0.3,0,1.0,0.99995065,1.0,0.99958515,3.4062201398287255e-05,0.03701797,,,,
betweenness_centrality,N/A,rrg,0.0,0.2,0.3,0,0.818,0.8000097,0.0,0.0,7.694744561150755,6.836266,,,,
betweenness_centrality,N/A,rrg,0.1,0.2,0.3,0,0.831,0.8254393,0.07142857142857147,0.09627189,5.753191342107672,5.622837,,,,
betweenness_centrality,N/A,rrg,0.2,0.2,0.3,0,0.865,0.85338837,0.2582417582417584,0.23433185,4.716051204609284,4.657638,,,,
betweenness_centrality,N/A,rrg,0.30000000000000004,0.2,0.3,0,0.877,0.87804556,0.32417582417582436,0.33538753,3.8200292569539305,3.8999672,,,,
betweenness_centrality,N/A,rrg,0.4,0.2,0.3,0,0.897,0.8975352,0.43406593406593436,0.449623,3.131922086712948,3.0361328,,,,
betweenness_centrality,N/A,rrg,0.5,0.2,0.3,0,0.925,0.91869193,0.5879120879120883,0.5669246,2.2943711986527844,2.4394703,,,,
betweenness_centrality,N/A,rrg,0.6000000000000001,0.2,0.3,0,0.947,0.93428,0.7087912087912086,0.66524833,1.6887126332159401,1.7795266,,,,
betweenness_centrality,N/A,rrg,0.7000000000000001,0.2,0.3,0,0.958,0.9512517,0.769230769230769,0.7458422,1.1786217853224839,1.2894856,,,,
betweenness_centrality,N/A,rrg,0.8,0.2,0.3,0,0.975,0.96876013,0.8626373626373626,0.8346566,0.7391463280868626,0.7928226,,,,
betweenness_centrality,N/A,rrg,0.9,0.2,0.3,0,0.99,0.98586094,0.945054945054945,0.92358273,0.39656777016200884,0.40627426,,,,
betweenness_centrality,N/A,rrg,1.0,0.2,0.3,0,1.0,0.9999089,1.0,0.9994994,2.2521168276161983e-05,0.040940166,,,,
betweenness_centrality,N/A,rrg,0.0,0.3,0.3,0,0.71,0.700031,0.0,0.0,5.866024914751295,4.7643957,,,,
betweenness_centrality,N/A,rrg,0.1,0.3,0.3,0,0.741,0.7338853,0.10689655172413802,0.10057841,5.004104653435796,4.0584865,,,,
betweenness_centrality,N/A,rrg,0.2,0.3,0.3,0,0.78,0.7712643,0.24137931034482776,0.22466636,4.199404515226989,3.5517573,,,,
betweenness_centrality,N/A,rrg,0.30000000000000004,0.3,0.3,0,0.808,0.8015448,0.33793103448275885,0.3346086,3.6564437137253867,2.9501579,,,,
betweenness_centrality,N/A,rrg,0.4,0.3,0.3,0,0.834,0.836268,0.4275862068965517,0.43577272,2.9633615836480867,2.531746,,,,
betweenness_centrality,N/A,rrg,0.5,0.3,0.3,0,0.87,0.8709585,0.5517241379310345,0.558042,2.45157698099201,1.9925162,,,,
betweenness_centrality,N/A,rrg,0.6000000000000001,0.3,0.3,0,0.894,0.90074766,0.6344827586206898,0.6520448,1.7912239051615402,1.5264902,,,,
betweenness_centrality,N/A,rrg,0.7000000000000001,0.3,0.3,0,0.926,0.92872584,0.7448275862068967,0.74871427,1.3388295118347822,1.1269153,,,,
betweenness_centrality,N/A,rrg,0.8,0.3,0.3,0,0.952,0.95185703,0.8344827586206895,0.8319847,0.7819701309609067,0.69153756,,,,
betweenness_centrality,N/A,rrg,0.9,0.3,0.3,0,0.972,0.9757452,0.9034482758620689,0.91539985,0.333946475727617,0.38911083,,,,
betweenness_centrality,N/A,rrg,1.0,0.3,0.3,0,1.0,0.99972683,1.0,0.9990573,0.00011633044288290878,0.098503165,,,,
betweenness_centrality,N/A,rrg,0.0,0.4,0.3,0,0.6,0.60008657,0.0,0.0,3.5377901030275543,3.451542,,,,
betweenness_centrality,N/A,rrg,0.1,0.4,0.3,0,0.656,0.6439175,0.14000000000000012,0.12749107,3.195913825671154,2.929786,,,,
betweenness_centrality,N/A,rrg,0.2,0.4,0.3,0,0.698,0.68733567,0.24499999999999994,0.22660689,2.8165031764963695,2.519816,,,,
betweenness_centrality,N/A,rrg,0.30000000000000004,0.4,0.3,0,0.733,0.7288251,0.3325,0.3268894,2.5403617919486496,2.1579862,,,,
betweenness_centrality,N/A,rrg,0.4,0.4,0.3,0,0.776,0.7716543,0.4400000000000001,0.43224025,2.147428849986589,1.8242517,,,,
betweenness_centrality,N/A,rrg,0.5,0.4,0.3,0,0.812,0.8112736,0.5300000000000001,0.5359402,1.8793313522363932,1.4881835,,,,
betweenness_centrality,N/A,rrg,0.6000000000000001,0.4,0.3,0,0.852,0.8512821,0.63,0.63153005,1.3142588902703982,1.1865532,,,,
betweenness_centrality,N/A,rrg,0.7000000000000001,0.4,0.3,0,0.896,0.8876073,0.7400000000000001,0.7226832,0.934567967112521,0.9142769,,,,
betweenness_centrality,N/A,rrg,0.8,0.4,0.3,0,0.929,0.9274192,0.8225000000000001,0.81852454,0.6249800246868152,0.61520886,,,,
betweenness_centrality,N/A,rrg,0.9,0.4,0.3,0,0.97,0.9642246,0.9249999999999999,0.91144335,0.34526080266308473,0.33530444,,,,
betweenness_centrality,N/A,rrg,1.0,0.4,0.3,0,1.0,0.9995618,1.0,0.9989034,0.0001424699578992345,0.120526746,,,,
betweenness_centrality,N/A,rrg,0.0,0.05,0.3,1,0.95,0.95000243,0.0,0.0,13.208013916815435,14.239045,,,,
betweenness_centrality,N/A,rrg,0.1,0.05,0.3,1,0.959,0.95639235,0.18,0.16468193,8.67577972526339,9.910347,,,,
betweenness_centrality,N/A,rrg,0.2,0.05,0.3,1,0.964,0.9622692,0.28,0.27562946,5.3940465171422005,6.902877,,,,
betweenness_centrality,N/A,rrg,0.30000000000000004,0.05,0.3,1,0.969,0.9652234,0.38,0.34585845,4.251611032943745,4.898559,,,,
betweenness_centrality,N/A,rrg,0.4,0.05,0.3,1,0.975,0.97064555,0.5,0.42510378,3.1273869903121976,3.3833804,,,,
betweenness_centrality,N/A,rrg,0.5,0.05,0.3,1,0.979,0.97896326,0.58,0.5782123,2.2263470800015464,2.396024,,,,
betweenness_centrality,N/A,rrg,0.6000000000000001,0.05,0.3,1,0.984,0.9836161,0.68,0.67253083,1.5163161341866858,1.7218537,,,,
betweenness_centrality,N/A,rrg,0.7000000000000001,0.05,0.3,1,0.992,0.99099195,0.84,0.82016706,0.9981033582218037,1.1586795,,,,
betweenness_centrality,N/A,rrg,0.8,0.05,0.3,1,0.994,0.99466586,0.88,0.8930554,0.6595765900423805,0.7116968,,,,
betweenness_centrality,N/A,rrg,0.9,0.05,0.3,1,0.996,0.99820125,0.92,0.9631391,0.41172368011832394,0.39793578,,,,
betweenness_centrality,N/A,rrg,1.0,0.05,0.3,1,1.0,0.9999571,1.0,0.9991412,7.477732438351763e-05,0.025196789,,,,
betweenness_centrality,N/A,rrg,0.0,0.1,0.3,1,0.905,0.9000016,0.0,0.0,9.333000296822462,10.708196,,,,
betweenness_centrality,N/A,rrg,0.1,0.1,0.3,1,0.923,0.9139883,0.18947368421052654,0.16775793,6.423119566211676,7.788933,,,,
betweenness_centrality,N/A,rrg,0.2,0.1,0.3,1,0.93,0.9250889,0.2631578947368424,0.26350197,4.980082453681279,5.8561425,,,,
betweenness_centrality,N/A,rrg,0.30000000000000004,0.1,0.3,1,0.942,0.93548065,0.3894736842105256,0.36926928,3.67048305110551,4.531971,,,,
betweenness_centrality,N/A,rrg,0.4,0.1,0.3,1,0.955,0.9460031,0.5263157894736836,0.48044944,2.886084482444672,3.4068022,,,,
betweenness_centrality,N/A,rrg,0.5,0.1,0.3,1,0.968,0.9571897,0.6631578947368417,0.587188,2.006852759336237,2.6225986,,,,
betweenness_centrality,N/A,rrg,0.6000000000000001,0.1,0.3,1,0.974,0.9645665,0.7263157894736839,0.6522454,1.5087381103327269,1.8497031,,,,
betweenness_centrality,N/A,rrg,0.7000000000000001,0.1,0.3,1,0.978,0.97225815,0.7684210526315787,0.7197789,1.047439001023948,1.2429651,,,,
betweenness_centrality,N/A,rrg,0.8,0.1,0.3,1,0.989,0.9835027,0.8842105263157893,0.8321506,0.5818613421468127,0.76150763,,,,
betweenness_centrality,N/A,rrg,0.9,0.1,0.3,1,0.997,0.99401736,0.968421052631579,0.938898,0.3883315106203357,0.36707765,,,,
betweenness_centrality,N/A,rrg,1.0,0.1,0.3,1,1.0,0.99993944,1.0,0.9993623,4.084554169045491e-05,0.03414675,,,,
betweenness_centrality,N/A,rrg,0.0,0.2,0.3,1,0.79,0.8000097,0.0,0.0,6.786762147381987,6.836266,,,,
betweenness_centrality,N/A,rrg,0.1,0.2,0.3,1,0.812,0.817715,0.10476190476190488,0.110106416,5.756971918497582,5.459931,,,,
betweenness_centrality,N/A,rrg,0.2,0.2,0.3,1,0.836,0.8439757,0.21904761904761874,0.23486435,4.556236088797434,4.534071,,,,
betweenness_centrality,N/A,rrg,0.30000000000000004,0.2,0.3,1,0.868,0.8688337,0.3714285714285713,0.3755948,3.5767170217540314,3.6671972,,,,
betweenness_centrality,N/A,rrg,0.4,0.2,0.3,1,0.884,0.88803566,0.4476190476190476,0.4618405,2.7135252892384965,2.91092,,,,
betweenness_centrality,N/A,rrg,0.5,0.2,0.3,1,0.903,0.9096592,0.5380952380952382,0.56683123,2.173623859449731,2.2483692,,,,
betweenness_centrality,N/A,rrg,0.6000000000000001,0.2,0.3,1,0.926,0.92824924,0.6476190476190478,0.6579887,1.707388509254144,1.6883014,,,,
betweenness_centrality,N/A,rrg,0.7000000000000001,0.2,0.3,1,0.948,0.94784826,0.7523809523809522,0.7517581,1.2504353049849524,1.1933953,,,,
betweenness_centrality,N/A,rrg,0.8,0.2,0.3,1,0.967,0.9681619,0.8428571428571426,0.84589905,0.7996402636809451,0.7828588,,,,
betweenness_centrality,N/A,rrg,0.9,0.2,0.3,1,0.984,0.98248935,0.9238095238095237,0.9164718,0.3466957453409885,0.40880364,,,,
betweenness_centrality,N/A,rrg,1.0,0.2,0.3,1,1.0,0.99988896,1.0,0.999471,3.0010459173548694e-05,0.04523128,,,,
betweenness_centrality,N/A,rrg,0.0,0.3,0.3,1,0.719,0.700031,0.0,0.0,6.1330471925833265,4.7643957,,,,
betweenness_centrality,N/A,rrg,0.1,0.3,0.3,1,0.752,0.7377003,0.11743772241992892,0.104914725,5.162655094238787,4.1379623,,,,
betweenness_centrality,N/A,rrg,0.2,0.3,0.3,1,0.784,0.77221465,0.23131672597864786,0.2037635,4.203574912011247,3.5941138,,,,
betweenness_centrality,N/A,rrg,0.30000000000000004,0.3,0.3,1,0.812,0.80561745,0.33096085409252696,0.32185018,3.352454371063602,3.018401,,,,
betweenness_centrality,N/A,rrg,0.4,0.3,0.3,1,0.847,0.8399999,0.4555160142348754,0.43527666,2.64138602797569,2.4942913,,,,
betweenness_centrality,N/A,rrg,0.5,0.3,0.3,1,0.873,0.8694377,0.5480427046263345,0.5355436,2.102889979629108,1.9377058,,,,
betweenness_centrality,N/A,rrg,0.6000000000000001,0.3,0.3,1,0.899,0.89744806,0.6405693950177938,0.6359258,1.5724290687169744,1.4598997,,,,
betweenness_centrality,N/A,rrg,0.7000000000000001,0.3,0.3,1,0.917,0.92352587,0.7046263345195731,0.7276532,0.8517865597083534,1.1148884,,,,
betweenness_centrality,N/A,rrg,0.8,0.3,0.3,1,0.948,0.9490151,0.8149466192170817,0.8202865,0.5998017487977968,0.679156,,,,
betweenness_centrality,N/A,rrg,0.9,0.3,0.3,1,0.979,0.9774069,0.9252669039145907,0.9201232,0.3237522185768762,0.34633777,,,,
betweenness_centrality,N/A,rrg,1.0,0.3,0.3,1,1.0,0.9996692,1.0,0.99882156,0.0001957370350777297,0.10838555,,,,
betweenness_centrality,N/A,rrg,0.0,0.4,0.3,1,0.606,0.60008657,0.0,0.0,3.668466095397206,3.451542,,,,
betweenness_centrality,N/A,rrg,0.1,0.4,0.3,1,0.657,0.6460282,0.12944162436548234,0.12302832,3.1828005509388215,2.9846559,,,,
betweenness_centrality,N/A,rrg,0.2,0.4,0.3,1,0.69,0.6888294,0.2131979695431471,0.22210944,2.853800849805566,2.5503037,,,,
betweenness_centrality,N/A,rrg,0.30000000000000004,0.4,0.3,1,0.745,0.7348265,0.35279187817258884,0.33480823,2.3263093947485713,2.2202904,,,,
betweenness_centrality,N/A,rrg,0.4,0.4,0.3,1,0.78,0.7777357,0.4416243654822336,0.42936674,1.7941012481538952,1.8940085,,,,
betweenness_centrality,N/A,rrg,0.5,0.4,0.3,1,0.82,0.8182117,0.5431472081218273,0.5350057,1.4875938516887814,1.5315745,,,,
betweenness_centrality,N/A,rrg,0.6000000000000001,0.4,0.3,1,0.852,0.8586738,0.6243654822335025,0.6359577,1.1153178099808922,1.22232,,,,
betweenness_centrality,N/A,rrg,0.7000000000000001,0.4,0.3,1,0.887,0.8948274,0.7131979695431473,0.7310091,0.7808552306903951,0.89790905,,,,
betweenness_centrality,N/A,rrg,0.8,0.4,0.3,1,0.928,0.93089646,0.8172588832487311,0.8226253,0.49486436033524156,0.61703795,,,,
betweenness_centrality,N/A,rrg,0.9,0.4,0.3,1,0.962,0.9663756,0.9035532994923857,0.91448957,0.29612305668173083,0.31854132,,,,
betweenness_centrality,N/A,rrg,1.0,0.4,0.3,1,1.0,0.99961257,1.0,0.9990158,0.00010047438920552533,0.11089804,,,,
betweenness_centrality,N/A,rrg,0.0,0.05,0.3,2,0.946,0.95000243,0.0,0.0,14.241993212546026,14.239045,,,,
betweenness_centrality,N/A,rrg,0.1,0.05,0.3,2,0.953,0.95429504,0.12962962962962962,0.10441775,8.891905502064684,9.688666,,,,
betweenness_centrality,N/A,rrg,0.2,0.05,0.3,2,0.961,0.9602123,0.2777777777777778,0.25915283,5.390480993058299,6.6406016,,,,
betweenness_centrality,N/A,rrg,0.30000000000000004,0.05,0.3,2,0.963,0.96697634,0.3148148148148148,0.36259666,4.17233589834936,4.6901765,,,,
betweenness_centrality,N/A,rrg,0.4,0.05,0.3,2,0.97,0.97189265,0.4444444444444444,0.45490095,3.3749622236682804,3.448197,,,,
betweenness_centrality,N/A,rrg,0.5,0.05,0.3,2,0.97,0.97860116,0.4444444444444444,0.60531586,2.106352041370572,2.3075726,,,,
betweenness_centrality,N/A,rrg,0.6000000000000001,0.05,0.3,2,0.98,0.9832413,0.6296296296296297,0.69096,1.3385115434526396,1.661089,,,,
betweenness_centrality,N/A,rrg,0.7000000000000001,0.05,0.3,2,0.984,0.9868043,0.7037037037037037,0.7602997,0.9433871042028033,1.1304764,,,,
betweenness_centrality,N/A,rrg,0.8,0.05,0.3,2,0.995,0.99388653,0.9074074074074074,0.8866944,0.5892341747809716,0.71614695,,,,
betweenness_centrality,N/A,rrg,0.9,0.05,0.3,2,0.998,0.9979896,0.9629629629629629,0.9624093,0.3021366523729552,0.36575904,,,,
betweenness_centrality,N/A,rrg,1.0,0.05,0.3,2,1.0,0.9999702,1.0,0.99944794,6.27454518766666e-05,0.025468526,,,,
betweenness_centrality,N/A,rrg,0.0,0.1,0.3,2,0.903,0.9000016,0.0,0.0,12.169895230046187,10.708196,,,,
betweenness_centrality,N/A,rrg,0.1,0.1,0.3,2,0.913,0.9211278,0.10309278350515476,0.10396589,8.450837578635971,8.60951,,,,
betweenness_centrality,N/A,rrg,0.2,0.1,0.3,2,0.921,0.92596036,0.18556701030927855,0.20009646,6.851009054923447,6.437334,,,,
betweenness_centrality,N/A,rrg,0.30000000000000004,0.1,0.3,2,0.935,0.9394568,0.3298969072164952,0.342058,5.281664977151814,5.014575,,,,
betweenness_centrality,N/A,rrg,0.4,0.1,0.3,2,0.944,0.9494331,0.42268041237113335,0.45224553,3.676749675409806,3.734062,,,,
betweenness_centrality,N/A,rrg,0.5,0.1,0.3,2,0.955,0.9611348,0.5360824742268036,0.57345694,2.9955728208094943,2.7402968,,,,
betweenness_centrality,N/A,rrg,0.6000000000000001,0.1,0.3,2,0.963,0.96945703,0.6185567010309274,0.66847664,2.247119392226812,1.8378638,,,,
betweenness_centrality,N/A,rrg,0.7000000000000001,0.1,0.3,2,0.974,0.976849,0.7319587628865977,0.74881494,1.6554910106462986,1.2514718,,,,
betweenness_centrality,N/A,rrg,0.8,0.1,0.3,2,0.984,0.9861618,0.8350515463917524,0.8549347,0.9449605491084078,0.7426009,,,,
betweenness_centrality,N/A,rrg,0.9,0.1,0.3,2,0.993,0.9946976,0.9278350515463917,0.94474447,0.3695196358303139,0.38859016,,,,
betweenness_centrality,N/A,rrg,1.0,0.1,0.3,2,1.0,0.9999503,1.0,0.9994874,4.2607377039940306e-05,0.03400499,,,,
betweenness_centrality,N/A,rrg,0.0,0.2,0.3,2,0.8,0.8000097,0.0,0.0,7.189930911973204,6.836266,,,,
betweenness_centrality,N/A,rrg,0.1,0.2,0.3,2,0.822,0.8238027,0.10999999999999957,0.119148426,6.196542890321424,5.5303993,,,,
betweenness_centrality,N/A,rrg,0.2,0.2,0.3,2,0.848,0.8472776,0.2399999999999997,0.2469682,4.962279916633384,4.502951,,,,
betweenness_centrality,N/A,rrg,0.30000000000000004,0.2,0.3,2,0.881,0.87186545,0.4049999999999999,0.3815028,4.07907020658061,3.7099683,,,,
betweenness_centrality,N/A,rrg,0.4,0.2,0.3,2,0.901,0.8877175,0.505,0.47133166,3.2642532808891773,2.9087539,,,,
betweenness_centrality,N/A,rrg,0.5,0.2,0.3,2,0.916,0.9050885,0.5800000000000001,0.55633,2.9122664936471585,2.251619,,,,
betweenness_centrality,N/A,rrg,0.6000000000000001,0.2,0.3,2,0.939,0.92900187,0.6949999999999996,0.66681165,2.2494716720712593,1.687422,,,,
betweenness_centrality,N/A,rrg,0.7000000000000001,0.2,0.3,2,0.959,0.9467658,0.7949999999999998,0.74568045,1.7961941444986855,1.2419544,,,,
betweenness_centrality,N/A,rrg,0.8,0.2,0.3,2,0.973,0.9690023,0.8649999999999999,0.84662,0.9071543705759935,0.8051651,,,,
betweenness_centrality,N/A,rrg,0.9,0.2,0.3,2,0.988,0.9857909,0.94,0.92944723,0.43406390353675095,0.3977059,,,,
betweenness_centrality,N/A,rrg,1.0,0.2,0.3,2,1.0,0.9998991,1.0,0.99949527,5.452903587084796e-05,0.048559282,,,,
betweenness_centrality,N/A,rrg,0.0,0.3,0.3,2,0.709,0.700031,0.0,0.0,4.845791943559889,4.7643957,,,,
betweenness_centrality,N/A,rrg,0.1,0.3,0.3,2,0.74,0.7334376,0.1065292096219932,0.094041385,4.055410456360057,4.0167556,,,,
betweenness_centrality,N/A,rrg,0.2,0.3,0.3,2,0.772,0.76463616,0.21649484536082492,0.21995239,3.5596170816735424,3.303464,,,,
betweenness_centrality,N/A,rrg,0.30000000000000004,0.3,0.3,2,0.795,0.7999074,0.2955326460481102,0.31033823,2.8142853595423696,2.7722867,,,,
betweenness_centrality,N/A,rrg,0.4,0.3,0.3,2,0.827,0.82912195,0.40549828178694153,0.41753,2.3467219400253407,2.2549312,,,,
betweenness_centrality,N/A,rrg,0.5,0.3,0.3,2,0.863,0.8624056,0.5292096219931272,0.5342895,1.791328647940392,1.8041173,,,,
betweenness_centrality,N/A,rrg,0.6000000000000001,0.3,0.3,2,0.895,0.8930437,0.6391752577319588,0.63684624,1.268903869360362,1.4466182,,,,
betweenness_centrality,N/A,rrg,0.7000000000000001,0.3,0.3,2,0.92,0.9205958,0.7250859106529212,0.7293204,0.9766893320833296,1.0454277,,,,
betweenness_centrality,N/A,rrg,0.8,0.3,0.3,2,0.946,0.94554245,0.8144329896907215,0.81559867,0.5987486171834386,0.71322054,,,,
betweenness_centrality,N/A,rrg,0.9,0.3,0.3,2,0.974,0.9742701,0.9106529209621993,0.911978,0.3208342941657729,0.3754798,,,,
betweenness_centrality,N/A,rrg,1.0,0.3,0.3,2,1.0,0.9997089,1.0,0.9989988,0.0001140888648353744,0.10073787,,,,
betweenness_centrality,N/A,rrg,0.0,0.4,0.3,2,0.589,0.60008657,0.0,0.0,2.821255660960408,3.451542,,,,
betweenness_centrality,N/A,rrg,0.1,0.4,0.3,2,0.638,0.64522886,0.1192214111922142,0.12563601,2.5148819394145683,2.9319484,,,,
betweenness_centrality,N/A,rrg,0.2,0.4,0.3,2,0.685,0.6877699,0.2335766423357666,0.23924257,2.2509484919532907,2.5039444,,,,
betweenness_centrality,N/A,rrg,0.30000000000000004,0.4,0.3,2,0.734,0.7289465,0.35279805352798055,0.3458536,1.9658316463452936,2.0921826,,,,
betweenness_centrality,N/A,rrg,0.4,0.4,0.3,2,0.779,0.7721716,0.46228710462287115,0.4508919,1.60049756046767,1.7316058,,,,
betweenness_centrality,N/A,rrg,0.5,0.4,0.3,2,0.825,0.81736106,0.5742092457420924,0.55312735,1.1883930282771693,1.4373462,,,,
betweenness_centrality,N/A,rrg,0.6000000000000001,0.4,0.3,2,0.859,0.85308397,0.656934306569343,0.6373777,0.9687517763545802,1.1451591,,,,
betweenness_centrality,N/A,rrg,0.7000000000000001,0.4,0.3,2,0.895,0.8889602,0.7445255474452556,0.72809875,0.7093464508478055,0.87858814,,,,
betweenness_centrality,N/A,rrg,0.8,0.4,0.3,2,0.93,0.9268123,0.8296836982968371,0.82151294,0.461888558692127,0.5928284,,,,
betweenness_centrality,N/A,rrg,0.9,0.4,0.3,2,0.964,0.9645697,0.9124087591240875,0.9130271,0.21630757555202215,0.32469013,,,,
betweenness_centrality,N/A,rrg,1.0,0.4,0.3,2,1.0,0.999609,1.0,0.9990478,9.717416520233102e-05,0.110884674,,,,
betweenness_centrality,N/A,rrg,0.0,0.05,0.3,3,0.945,0.95000243,0.0,0.0,13.5610326584231,14.239045,,,,
betweenness_centrality,N/A,rrg,0.1,0.05,0.3,3,0.947,0.9565195,0.03636363636363636,0.06988706,9.007361781714625,10.185884,,,,
betweenness_centrality,N/A,rrg,0.2,0.05,0.3,3,0.957,0.9599646,0.21818181818181817,0.20012027,6.534446267549495,6.892182,,,,
betweenness_centrality,N/A,rrg,0.30000000000000004,0.05,0.3,3,0.966,0.9682085,0.38181818181818183,0.34452838,5.080318469468872,5.163283,,,,
betweenness_centrality,N/A,rrg,0.4,0.05,0.3,3,0.976,0.9780138,0.5636363636363636,0.5500217,3.6939360098118716,3.5249653,,,,
betweenness_centrality,N/A,rrg,0.5,0.05,0.3,3,0.98,0.98071295,0.6363636363636364,0.6133345,2.740845673776682,2.6707778,,,,
betweenness_centrality,N/A,rrg,0.6000000000000001,0.05,0.3,3,0.985,0.98411363,0.7272727272727273,0.69999427,2.0699135702024813,1.9391547,,,,
betweenness_centrality,N/A,rrg,0.7000000000000001,0.05,0.3,3,0.99,0.9890347,0.8181818181818182,0.79730433,1.3288033437057267,1.2754158,,,,
betweenness_centrality,N/A,rrg,0.8,0.05,0.3,3,0.993,0.99275696,0.8727272727272727,0.86698776,0.769868794934524,0.72110254,,,,
betweenness_centrality,N/A,rrg,0.9,0.05,0.3,3,0.994,0.9951841,0.8909090909090909,0.9119932,0.23454176507640567,0.30238703,,,,
betweenness_centrality,N/A,rrg,1.0,0.05,0.3,3,1.0,0.9999507,1.0,0.9991032,5.288547907109684e-05,0.027927345,,,,
betweenness_centrality,N/A,rrg,0.0,0.1,0.3,3,0.899,0.9000016,0.0,0.0,11.10244558118907,10.708196,,,,
betweenness_centrality,N/A,rrg,0.1,0.1,0.3,3,0.908,0.9113699,0.0891089108910892,0.085569754,8.824133668669381,8.078188,,,,
betweenness_centrality,N/A,rrg,0.2,0.1,0.3,3,0.919,0.92489743,0.19801980198019825,0.22694145,6.631323932977859,6.3214912,,,,
betweenness_centrality,N/A,rrg,0.30000000000000004,0.1,0.3,3,0.933,0.93907726,0.336633663366337,0.39260498,5.2142022586522225,4.7208858,,,,
betweenness_centrality,N/A,rrg,0.4,0.1,0.3,3,0.948,0.95187294,0.4851485148514846,0.51710826,3.932942078447316,3.5138745,,,,
betweenness_centrality,N/A,rrg,0.5,0.1,0.3,3,0.958,0.9567211,0.5841584158415837,0.57568043,2.4530877395117696,2.4911911,,,,
betweenness_centrality,N/A,rrg,0.6000000000000001,0.1,0.3,3,0.965,0.96552205,0.653465346534653,0.65272486,1.701330225372752,1.7631696,,,,
betweenness_centrality,N/A,rrg,0.7000000000000001,0.1,0.3,3,0.977,0.9785013,0.7722772277227721,0.7873302,1.1849453624982955,1.2029917,,,,
betweenness_centrality,N/A,rrg,0.8,0.1,0.3,3,0.988,0.98366284,0.8811881188118811,0.8444256,0.7660392647868381,0.7457843,,,,
betweenness_centrality,N/A,rrg,0.9,0.1,0.3,3,0.993,0.9930555,0.9306930693069306,0.9313173,0.3313135569391408,0.354652,,,,
betweenness_centrality,N/A,rrg,1.0,0.1,0.3,3,1.0,0.9999461,1.0,0.99946636,4.6391853878583797e-05,0.03746373,,,,
betweenness_centrality,N/A,rrg,0.0,0.2,0.3,3,0.821,0.8000097,0.0,0.0,7.154133429482664,6.836266,,,,
betweenness_centrality,N/A,rrg,0.1,0.2,0.3,3,0.841,0.8264194,0.11173184357541906,0.09957462,5.998535230174285,5.7047873,,,,
betweenness_centrality,N/A,rrg,0.2,0.2,0.3,3,0.865,0.8509006,0.24581005586592194,0.21237561,5.033157273790575,4.732393,,,,
betweenness_centrality,N/A,rrg,0.30000000000000004,0.2,0.3,3,0.88,0.8723967,0.32960893854748624,0.29338685,3.904528849248686,3.95637,,,,
betweenness_centrality,N/A,rrg,0.4,0.2,0.3,3,0.9,0.8951941,0.4413407821229053,0.4178883,3.3992923488932494,3.1518388,,,,
betweenness_centrality,N/A,rrg,0.5,0.2,0.3,3,0.918,0.9162754,0.5418994413407825,0.53065485,2.743537000084877,2.4476733,,,,
betweenness_centrality,N/A,rrg,0.6000000000000001,0.2,0.3,3,0.936,0.93276876,0.6424581005586596,0.622419,2.062193892205696,1.8542886,,,,
betweenness_centrality,N/A,rrg,0.7000000000000001,0.2,0.3,3,0.952,0.9512031,0.7318435754189943,0.7278033,1.4640078842625963,1.3084912,,,,
betweenness_centrality,N/A,rrg,0.8,0.2,0.3,3,0.974,0.9681416,0.8547486033519552,0.82479185,0.9136677651374795,0.79882485,,,,
betweenness_centrality,N/A,rrg,0.9,0.2,0.3,3,0.99,0.98594946,0.9441340782122905,0.9234396,0.556664768988622,0.41955274,,,,
betweenness_centrality,N/A,rrg,1.0,0.2,0.3,3,1.0,0.9999004,1.0,0.99944335,3.5459025268459885e-05,0.04498746,,,,
betweenness_centrality,N/A,rrg,0.0,0.3,0.3,3,0.692,0.700031,0.0,0.0,4.674711422930006,4.7643957,,,,
betweenness_centrality,N/A,rrg,0.1,0.3,0.3,3,0.722,0.73306483,0.09740259740259748,0.106676325,4.120181192279427,4.060038,,,,
betweenness_centrality,N/A,rrg,0.2,0.3,0.3,3,0.757,0.7635719,0.2110389610389612,0.21494454,3.3066869907868806,3.3915,,,,
betweenness_centrality,N/A,rrg,0.30000000000000004,0.3,0.3,3,0.795,0.7938198,0.33441558441558467,0.3364762,2.794508129949431,2.7548594,,,,
betweenness_centrality,N/A,rrg,0.4,0.3,0.3,3,0.826,0.8298392,0.43506493506493504,0.44217107,2.1482256263700155,2.3517792,,,,
betweenness_centrality,N/A,rrg,0.5,0.3,0.3,3,0.861,0.86284035,0.5487012987012987,0.54780936,1.723064747534885,1.9121023,,,,
betweenness_centrality,N/A,rrg,0.6000000000000001,0.3,0.3,3,0.895,0.8921288,0.6590909090909092,0.64946055,1.3764618519580063,1.4659334,,,,
betweenness_centrality,N/A,rrg,0.7000000000000001,0.3,0.3,3,0.922,0.9218154,0.746753246753247,0.7440988,1.127969010725957,1.0374846,,,,
betweenness_centrality,N/A,rrg,0.8,0.3,0.3,3,0.942,0.94961876,0.8116883116883116,0.8325063,0.6583392039485193,0.69772327,,,,
betweenness_centrality,N/A,rrg,0.9,0.3,0.3,3,0.971,0.9744561,0.9058441558441558,0.91600287,0.3062318346576662,0.37391412,,,,
betweenness_centrality,N/A,rrg,1.0,0.3,0.3,3,1.0,0.9996862,1.0,0.9989802,0.00010573841654315667,0.1070311,,,,
betweenness_centrality,N/A,rrg,0.0,0.4,0.3,3,0.599,0.60008657,0.0,0.0,3.3832836380693636,3.451542,,,,
betweenness_centrality,N/A,rrg,0.1,0.4,0.3,3,0.642,0.64427817,0.10723192019950134,0.10838092,3.059416837329164,2.909811,,,,
betweenness_centrality,N/A,rrg,0.2,0.4,0.3,3,0.677,0.6858103,0.19451371571072334,0.21363112,2.771351611603287,2.4484916,,,,
betweenness_centrality,N/A,rrg,0.30000000000000004,0.4,0.3,3,0.723,0.73007756,0.3092269326683292,0.32431823,2.422762794126068,2.1061625,,,,
betweenness_centrality,N/A,rrg,0.4,0.4,0.3,3,0.767,0.77076894,0.4189526184538654,0.42705524,2.134114579413258,1.7653339,,,,
betweenness_centrality,N/A,rrg,0.5,0.4,0.3,3,0.807,0.8142638,0.518703241895262,0.52675396,1.692235312685877,1.5209228,,,,
betweenness_centrality,N/A,rrg,0.6000000000000001,0.4,0.3,3,0.841,0.85386765,0.6034912718204488,0.6266713,1.2152272333675123,1.2400494,,,,
betweenness_centrality,N/A,rrg,0.7000000000000001,0.4,0.3,3,0.889,0.8931112,0.7231920199501247,0.73048884,0.8872161432616458,0.9529729,,,,
betweenness_centrality,N/A,rrg,0.8,0.4,0.3,3,0.934,0.9317537,0.8354114713216959,0.8305793,0.5811806884852094,0.635603,,,,
betweenness_centrality,N/A,rrg,0.9,0.4,0.3,3,0.967,0.96541315,0.9177057356608478,0.9138729,0.3269818605545573,0.40720564,,,,
betweenness_centrality,N/A,rrg,1.0,0.4,0.3,3,1.0,0.99960107,1.0,0.9990043,0.0001053415015220448,0.11492739,,,,
betweenness_centrality,N/A,rrg,0.0,0.05,0.3,4,0.942,0.95000243,0.0,0.0,13.273840432013188,14.239045,,,,
betweenness_centrality,N/A,rrg,0.1,0.05,0.3,4,0.954,0.9529592,0.20689655172413793,0.16615883,9.531243650292295,9.462611,,,,
betweenness_centrality,N/A,rrg,0.2,0.05,0.3,4,0.954,0.9540928,0.20689655172413793,0.20695744,6.292273577652432,6.593076,,,,
betweenness_centrality,N/A,rrg,0.30000000000000004,0.05,0.3,4,0.96,0.9631749,0.3103448275862069,0.33619097,4.741381822133692,4.6913047,,,,
betweenness_centrality,N/A,rrg,0.4,0.05,0.3,4,0.971,0.97107214,0.5,0.4872572,3.4782711667554977,3.4255269,,,,
betweenness_centrality,N/A,rrg,0.5,0.05,0.3,4,0.971,0.9748309,0.5,0.5540815,2.788916968072197,2.6381536,,,,
betweenness_centrality,N/A,rrg,0.6000000000000001,0.05,0.3,4,0.982,0.9836116,0.6896551724137931,0.72421455,1.7951319885020065,1.7565691,,,,
betweenness_centrality,N/A,rrg,0.7000000000000001,0.05,0.3,4,0.991,0.989807,0.8448275862068966,0.8256525,1.1523574700027834,1.2375798,,,,
betweenness_centrality,N/A,rrg,0.8,0.05,0.3,4,0.993,0.9926704,0.8793103448275862,0.8745396,0.7434518481452796,0.81652033,,,,
betweenness_centrality,N/A,rrg,0.9,0.05,0.3,4,0.997,0.9962531,0.9482758620689655,0.93535,0.300534278992885,0.34308496,,,,
betweenness_centrality,N/A,rrg,1.0,0.05,0.3,4,1.0,0.99996436,1.0,0.99938524,4.2170632668093944e-05,0.030007806,,,,
betweenness_centrality,N/A,rrg,0.0,0.1,0.3,4,0.882,0.9000016,0.0,0.0,8.137179666272075,10.708196,,,,
betweenness_centrality,N/A,rrg,0.1,0.1,0.3,4,0.903,0.903193,0.17796610169491542,0.16766582,6.020041390248353,7.2484245,,,,
betweenness_centrality,N/A,rrg,0.2,0.1,0.3,4,0.913,0.9126311,0.2627118644067799,0.25724497,4.907512947478787,5.5695257,,,,
betweenness_centrality,N/A,rrg,0.30000000000000004,0.1,0.3,4,0.931,0.92802894,0.415254237288136,0.39969286,3.6152664217195625,4.3532166,,,,
betweenness_centrality,N/A,rrg,0.4,0.1,0.3,4,0.942,0.9393586,0.508474576271186,0.49917498,2.7352371339399735,3.3028271,,,,
betweenness_centrality,N/A,rrg,0.5,0.1,0.3,4,0.961,0.9516179,0.6694915254237285,0.6101681,2.0101694908884404,2.4998698,,,,
betweenness_centrality,N/A,rrg,0.6000000000000001,0.1,0.3,4,0.972,0.9635322,0.7627118644067794,0.709392,1.5795167365191056,1.8572669,,,,
betweenness_centrality,N/A,rrg,0.7000000000000001,0.1,0.3,4,0.983,0.9768223,0.8559322033898303,0.81090236,1.187524354553892,1.3100591,,,,
betweenness_centrality,N/A,rrg,0.8,0.1,0.3,4,0.987,0.98597753,0.8898305084745761,0.8814166,0.9435195181331958,0.84571356,,,,
betweenness_centrality,N/A,rrg,0.9,0.1,0.3,4,0.996,0.9946903,0.9661016949152542,0.9554582,0.36020565223389384,0.40516433,,,,
betweenness_centrality,N/A,rrg,1.0,0.1,0.3,4,1.0,0.9999458,1.0,0.9995407,1.606495899850307e-05,0.03261548,,,,
betweenness_centrality,N/A,rrg,0.0,0.2,0.3,4,0.816,0.8000097,0.0,0.0,7.602615658238616,6.836266,,,,
betweenness_centrality,N/A,rrg,0.1,0.2,0.3,4,0.836,0.82310206,0.10869565217391311,0.09536253,6.252907640558163,5.5708,,,,
betweenness_centrality,N/A,rrg,0.2,0.2,0.3,4,0.855,0.8496235,0.21195652173913057,0.20614624,4.813848119338851,4.6647596,,,,
betweenness_centrality,N/A,rrg,0.30000000000000004,0.2,0.3,4,0.875,0.8724514,0.3206521739130437,0.31803587,3.8028537029767886,3.7886624,,,,
betweenness_centrality,N/A,rrg,0.4,0.2,0.3,4,0.899,0.8905009,0.4510869565217394,0.4201921,2.833835253767895,2.9019184,,,,
betweenness_centrality,N/A,rrg,0.5,0.2,0.3,4,0.918,0.9161141,0.5543478260869569,0.5445159,2.00846646368388,2.3629782,,,,
betweenness_centrality,N/A,rrg,0.6000000000000001,0.2,0.3,4,0.936,0.9350584,0.6521739130434786,0.6426458,1.4346235634118036,1.7358046,,,,
betweenness_centrality,N/A,rrg,0.7000000000000001,0.2,0.3,4,0.947,0.9548909,0.7119565217391303,0.7435218,1.0955367057542706,1.2754908,,,,
betweenness_centrality,N/A,rrg,0.8,0.2,0.3,4,0.965,0.9692002,0.8097826086956521,0.82818526,0.6740961785896826,0.8097939,,,,
betweenness_centrality,N/A,rrg,0.9,0.2,0.3,4,0.981,0.983739,0.8967391304347826,0.9098114,0.32871157125039197,0.38655606,,,,
betweenness_centrality,N/A,rrg,1.0,0.2,0.3,4,1.0,0.9999127,1.0,0.99952525,2.7277866766448373e-05,0.042381957,,,,
betweenness_centrality,N/A,rrg,0.0,0.3,0.3,4,0.7,0.700031,0.0,0.0,5.2295363741018805,4.7643957,,,,
betweenness_centrality,N/A,rrg,0.1,0.3,0.3,4,0.731,0.73463637,0.10333333333333342,0.10032361,4.4867509834055985,4.0887585,,,,
betweenness_centrality,N/A,rrg,0.2,0.3,0.3,4,0.765,0.7651387,0.21666666666666684,0.21086882,3.8782333049412894,3.3504407,,,,
betweenness_centrality,N/A,rrg,0.30000000000000004,0.3,0.3,4,0.803,0.8005158,0.3433333333333336,0.33136693,2.865832651456801,2.8438563,,,,
betweenness_centrality,N/A,rrg,0.4,0.3,0.3,4,0.827,0.8336505,0.4233333333333333,0.43910345,2.3633638422267613,2.30162,,,,
betweenness_centrality,N/A,rrg,0.5,0.3,0.3,4,0.857,0.8627616,0.5233333333333333,0.5339765,1.8270450602457018,1.821302,,,,
betweenness_centrality,N/A,rrg,0.6000000000000001,0.3,0.3,4,0.885,0.8907971,0.6166666666666668,0.629848,1.3448203892442188,1.3746557,,,,
betweenness_centrality,N/A,rrg,0.7000000000000001,0.3,0.3,4,0.91,0.9184497,0.7000000000000002,0.72023356,1.0424396702826453,0.9689867,,,,
betweenness_centrality,N/A,rrg,0.8,0.3,0.3,4,0.94,0.9474503,0.7999999999999998,0.82076675,0.7192411061044777,0.6508401,,,,
betweenness_centrality,N/A,rrg,0.9,0.3,0.3,4,0.974,0.9745973,0.9133333333333332,0.91462094,0.32865504738794676,0.33669427,,,,
betweenness_centrality,N/A,rrg,1.0,0.3,0.3,4,1.0,0.9997217,1.0,0.99907166,0.00011373056437823838,0.100014076,,,,
betweenness_centrality,N/A,rrg,0.0,0.4,0.3,4,0.591,0.60008657,0.0,0.0,3.0895582695696073,3.451542,,,,
betweenness_centrality,N/A,rrg,0.1,0.4,0.3,4,0.63,0.64263767,0.09535452322738394,0.11969774,2.6696441804469457,2.9318144,,,,
betweenness_centrality,N/A,rrg,0.2,0.4,0.3,4,0.685,0.68647814,0.22982885085574592,0.23324573,2.422038644206931,2.5265825,,,,
betweenness_centrality,N/A,rrg,0.30000000000000004,0.4,0.3,4,0.723,0.72842455,0.32273838630806845,0.33425337,2.137953652152908,2.1864274,,,,
betweenness_centrality,N/A,rrg,0.4,0.4,0.3,4,0.761,0.7692301,0.4156479217603913,0.43432507,1.7495531248701572,1.8028613,,,,
betweenness_centrality,N/A,rrg,0.5,0.4,0.3,4,0.811,0.81117713,0.5378973105134476,0.53348947,1.417548092665143,1.451604,,,,
betweenness_centrality,N/A,rrg,0.6000000000000001,0.4,0.3,4,0.845,0.85296905,0.6210268948655256,0.6378488,1.0318158868316305,1.1593199,,,,
betweenness_centrality,N/A,rrg,0.7000000000000001,0.4,0.3,4,0.884,0.8912321,0.7163814180929096,0.7322698,0.7271425135036135,0.8757314,,,,
betweenness_centrality,N/A,rrg,0.8,0.4,0.3,4,0.927,0.9292139,0.821515892420538,0.82712144,0.40574152685664255,0.5764911,,,,
betweenness_centrality,N/A,rrg,0.9,0.4,0.3,4,0.966,0.96510875,0.9168704156479217,0.9148832,0.2139366766341062,0.29194826,,,,
betweenness_centrality,N/A,rrg,1.0,0.4,0.3,4,1.0,0.9996019,1.0,0.9990258,0.0001173564610377946,0.11822878,,,,
betweenness_centrality,N/A,rrg,0.0,0.05,0.3,5,0.959,0.95000243,0.0,0.0,14.754906662787114,14.239045,,,,
betweenness_centrality,N/A,rrg,0.1,0.05,0.3,5,0.965,0.95913917,0.14634146341463414,0.107761405,8.811700047263773,10.169235,,,,
betweenness_centrality,N/A,rrg,0.2,0.05,0.3,5,0.973,0.9645532,0.34146341463414637,0.22658387,6.098899898818206,7.134665,,,,
betweenness_centrality,N/A,rrg,0.30000000000000004,0.05,0.3,5,0.976,0.9705951,0.4146341463414634,0.3399499,4.327970788244923,4.9555283,,,,
betweenness_centrality,N/A,rrg,0.4,0.05,0.3,5,0.98,0.97623134,0.5121951219512195,0.42463535,3.06080938386356,3.3003113,,,,
betweenness_centrality,N/A,rrg,0.5,0.05,0.3,5,0.983,0.97918934,0.5853658536585366,0.49072304,2.4365544223655546,2.508331,,,,
betweenness_centrality,N/A,rrg,0.6000000000000001,0.05,0.3,5,0.989,0.9853662,0.7317073170731707,0.64618295,1.6890722129769893,1.6970896,,,,
betweenness_centrality,N/A,rrg,0.7000000000000001,0.05,0.3,5,0.991,0.9917621,0.7804878048780488,0.79924816,0.9237962506253318,1.1343321,,,,
betweenness_centrality,N/A,rrg,0.8,0.05,0.3,5,0.991,0.9943174,0.7804878048780488,0.8566656,0.6897311275005304,0.69319314,,,,
betweenness_centrality,N/A,rrg,0.9,0.05,0.3,5,0.999,0.99773014,0.975609756097561,0.94450283,0.2549191961311918,0.33047587,,,,
betweenness_centrality,N/A,rrg,1.0,0.05,0.3,5,1.0,0.99998254,1.0,0.999574,1.0256379993108407e-05,0.018014126,,,,
betweenness_centrality,N/A,rrg,0.0,0.1,0.3,5,0.896,0.9000016,0.0,0.0,11.362886607399854,10.708196,,,,
betweenness_centrality,N/A,rrg,0.1,0.1,0.3,5,0.912,0.9147781,0.15384615384615402,0.16483389,8.300641236857308,7.7877254,,,,
betweenness_centrality,N/A,rrg,0.2,0.1,0.3,5,0.928,0.93297243,0.30769230769230804,0.31553268,6.411948045850529,6.25875,,,,
betweenness_centrality,N/A,rrg,0.30000000000000004,0.1,0.3,5,0.94,0.9436553,0.42307692307692246,0.42445767,5.027117897027118,4.8477993,,,,
betweenness_centrality,N/A,rrg,0.4,0.1,0.3,5,0.948,0.95268524,0.49999999999999944,0.5250279,3.937864898805359,3.6498194,,,,
betweenness_centrality,N/A,rrg,0.5,0.1,0.3,5,0.96,0.9658188,0.615384615384615,0.65670544,3.20461551924257,2.7123706,,,,
betweenness_centrality,N/A,rrg,0.6000000000000001,0.1,0.3,5,0.975,0.9735772,0.7596153846153844,0.7417305,2.021380688939291,1.8944583,,,,
betweenness_centrality,N/A,rrg,0.7000000000000001,0.1,0.3,5,0.985,0.9826179,0.8557692307692306,0.8326694,1.309883736713898,1.2465883,,,,
betweenness_centrality,N/A,rrg,0.8,0.1,0.3,5,0.987,0.99089247,0.8749999999999999,0.9088227,0.8088755324963736,0.8272091,,,,
betweenness_centrality,N/A,rrg,0.9,0.1,0.3,5,0.992,0.9940662,0.923076923076923,0.94200957,0.3286274085905676,0.40382117,,,,
betweenness_centrality,N/A,rrg,1.0,0.1,0.3,5,1.0,0.99994314,1.0,0.99945307,4.343274123821555e-05,0.035619907,,,,
betweenness_centrality,N/A,rrg,0.0,0.2,0.3,5,0.82,0.8000097,0.0,0.0,7.832804168656554,6.836266,,,,
betweenness_centrality,N/A,rrg,0.1,0.2,0.3,5,0.845,0.82228136,0.13888888888888898,0.11410922,6.403693338008846,5.575161,,,,
betweenness_centrality,N/A,rrg,0.2,0.2,0.3,5,0.864,0.8491882,0.2444444444444446,0.23733091,5.321582886521443,4.7128167,,,,
betweenness_centrality,N/A,rrg,0.30000000000000004,0.2,0.3,5,0.875,0.8765188,0.30555555555555575,0.32491747,4.133386009603337,3.9700248,,,,
betweenness_centrality,N/A,rrg,0.4,0.2,0.3,5,0.903,0.8970542,0.4611111111111114,0.4481136,3.0727895755144954,3.1563094,,,,
betweenness_centrality,N/A,rrg,0.5,0.2,0.3,5,0.92,0.91606534,0.5555555555555559,0.5427071,2.4917697257633726,2.432242,,,,
betweenness_centrality,N/A,rrg,0.6000000000000001,0.2,0.3,5,0.934,0.93802696,0.6333333333333337,0.65202457,1.7819675709067442,1.783464,,,,
betweenness_centrality,N/A,rrg,0.7000000000000001,0.2,0.3,5,0.952,0.95528364,0.7333333333333332,0.74742806,1.2729345175826927,1.2787156,,,,
betweenness_centrality,N/A,rrg,0.8,0.2,0.3,5,0.97,0.9696943,0.8333333333333333,0.83136785,0.8046528410057135,0.7865095,,,,
betweenness_centrality,N/A,rrg,0.9,0.2,0.3,5,0.985,0.98531014,0.9166666666666666,0.9179348,0.3967862083291033,0.41304797,,,,
betweenness_centrality,N/A,rrg,1.0,0.2,0.3,5,1.0,0.9999174,1.0,0.9995409,2.5753124178744967e-05,0.04148061,,,,
betweenness_centrality,N/A,rrg,0.0,0.3,0.3,5,0.679,0.700031,0.0,0.0,4.682002957353834,4.7643957,,,,
betweenness_centrality,N/A,rrg,0.1,0.3,0.3,5,0.722,0.73186827,0.13395638629283468,0.12776619,3.9975054939537342,3.995707,,,,
betweenness_centrality,N/A,rrg,0.2,0.3,0.3,5,0.755,0.76772803,0.2367601246105918,0.23712005,3.286129963873678,3.4280045,,,,
betweenness_centrality,N/A,rrg,0.30000000000000004,0.3,0.3,5,0.796,0.80219674,0.36448598130841126,0.36912104,2.7447013084249927,2.8077164,,,,
betweenness_centrality,N/A,rrg,0.4,0.3,0.3,5,0.826,0.83374757,0.45794392523364463,0.4731046,2.2831150788107304,2.327482,,,,
betweenness_centrality,N/A,rrg,0.5,0.3,0.3,5,0.863,0.86964774,0.573208722741433,0.5806281,1.709930576669055,1.8895164,,,,
betweenness_centrality,N/A,rrg,0.6000000000000001,0.3,0.3,5,0.894,0.89673805,0.6697819314641744,0.67252403,1.3296744946827355,1.4587605,,,,
betweenness_centrality,N/A,rrg,0.7000000000000001,0.3,0.3,5,0.919,0.9233479,0.7476635514018692,0.7575616,0.9339672516915761,1.0528662,,,,
betweenness_centrality,N/A,rrg,0.8,0.3,0.3,5,0.949,0.9504444,0.8411214953271027,0.8445515,0.6131214624879561,0.6940698,,,,
betweenness_centrality,N/A,rrg,0.9,0.3,0.3,5,0.975,0.97493476,0.9221183800623052,0.9215979,0.26735772634890503,0.3741215,,,,
betweenness_centrality,N/A,rrg,1.0,0.3,0.3,5,1.0,0.9997063,1.0,0.9990844,0.0001106239956202255,0.10260474,,,,
betweenness_centrality,N/A,rrg,0.0,0.4,0.3,5,0.556,0.60008657,0.0,0.0,2.7206139975282877,3.451542,,,,
betweenness_centrality,N/A,rrg,0.1,0.4,0.3,5,0.6,0.644497,0.09909909909909895,0.105987996,2.313721494459778,2.9926162,,,,
betweenness_centrality,N/A,rrg,0.2,0.4,0.3,5,0.642,0.6873015,0.19369369369369363,0.22501348,2.014227708592642,2.513437,,,,
betweenness_centrality,N/A,rrg,0.30000000000000004,0.4,0.3,5,0.7,0.72959703,0.3243243243243242,0.33393604,1.7154225160896306,2.1104007,,,,
betweenness_centrality,N/A,rrg,0.4,0.4,0.3,5,0.759,0.7696883,0.45720720720720714,0.44907752,1.4411937429056634,1.7160945,,,,
betweenness_centrality,N/A,rrg,0.5,0.4,0.3,5,0.807,0.8089268,0.5653153153153154,0.54860395,1.2332005246435367,1.430183,,,,
betweenness_centrality,N/A,rrg,0.6000000000000001,0.4,0.3,5,0.846,0.8498717,0.653153153153153,0.64626664,0.9331497244383052,1.1391314,,,,
betweenness_centrality,N/A,rrg,0.7000000000000001,0.4,0.3,5,0.883,0.89025855,0.7364864864864865,0.7391374,0.6933858047282954,0.8607086,,,,
betweenness_centrality,N/A,rrg,0.8,0.4,0.3,5,0.921,0.927092,0.8220720720720721,0.82835376,0.4888575678502895,0.59815615,,,,
betweenness_centrality,N/A,rrg,0.9,0.4,0.3,5,0.965,0.96420187,0.9211711711711711,0.9180634,0.2432532436561636,0.38575506,,,,
betweenness_centrality,N/A,rrg,1.0,0.4,0.3,5,1.0,0.9995515,1.0,0.99898887,0.00011813223848226447,0.11965519,,,,
betweenness_centrality,N/A,rrg,0.0,0.05,0.3,6,0.959,0.95000243,0.0,0.0,15.558262368048345,14.239045,,,,
betweenness_centrality,N/A,rrg,0.1,0.05,0.3,6,0.96,0.96108586,0.024390243902439025,0.078865014,9.012171662200942,10.012163,,,,
betweenness_centrality,N/A,rrg,0.2,0.05,0.3,6,0.969,0.9677902,0.24390243902439024,0.24101748,6.741045724500192,6.8064594,,,,
betweenness_centrality,N/A,rrg,0.30000000000000004,0.05,0.3,6,0.978,0.97668594,0.4634146341463415,0.42538673,4.791743426463208,4.6717997,,,,
betweenness_centrality,N/A,rrg,0.4,0.05,0.3,6,0.981,0.98168993,0.5365853658536586,0.5536473,2.805478534302317,3.4801683,,,,
betweenness_centrality,N/A,rrg,0.5,0.05,0.3,6,0.984,0.9873014,0.6097560975609756,0.68582976,2.4044151075288944,2.7062967,,,,
betweenness_centrality,N/A,rrg,0.6000000000000001,0.05,0.3,6,0.986,0.98981005,0.6585365853658537,0.74739504,1.7312092776355539,1.8200492,,,,
betweenness_centrality,N/A,rrg,0.7000000000000001,0.05,0.3,6,0.99,0.9925265,0.7560975609756098,0.8142824,1.1830702341538293,1.1282195,,,,
betweenness_centrality,N/A,rrg,0.8,0.05,0.3,6,0.997,0.99605495,0.926829268292683,0.9034581,0.709775183124658,0.64534324,,,,
betweenness_centrality,N/A,rrg,0.9,0.05,0.3,6,0.999,0.9989058,0.975609756097561,0.97312474,0.29019546361714604,0.29588363,,,,
betweenness_centrality,N/A,rrg,1.0,0.05,0.3,6,1.0,0.99998486,1.0,0.9996307,2.0162544429974262e-05,0.018743606,,,,
betweenness_centrality,N/A,rrg,0.0,0.1,0.3,6,0.895,0.9000016,0.0,0.0,10.393105044594678,10.708196,,,,
betweenness_centrality,N/A,rrg,0.1,0.1,0.3,6,0.913,0.90622234,0.1714285714285716,0.14707388,8.45155786904647,7.603444,,,,
betweenness_centrality,N/A,rrg,0.2,0.1,0.3,6,0.929,0.92647696,0.32380952380952416,0.31098223,6.236189265965917,5.880536,,,,
betweenness_centrality,N/A,rrg,0.30000000000000004,0.1,0.3,6,0.939,0.9406811,0.41904761904761845,0.43053442,4.8623944869864,4.539087,,,,
betweenness_centrality,N/A,rrg,0.4,0.1,0.3,6,0.952,0.94786733,0.5428571428571424,0.5155868,3.934341406794994,3.415702,,,,
betweenness_centrality,N/A,rrg,0.5,0.1,0.3,6,0.961,0.9599136,0.6285714285714282,0.6155634,2.8924885739943904,2.59623,,,,
betweenness_centrality,N/A,rrg,0.6000000000000001,0.1,0.3,6,0.974,0.9716836,0.7523809523809522,0.72924745,2.071933507098519,1.8032748,,,,
betweenness_centrality,N/A,rrg,0.7000000000000001,0.1,0.3,6,0.981,0.97878677,0.8190476190476188,0.79672545,1.2982213516245877,1.2786646,,,,
betweenness_centrality,N/A,rrg,0.8,0.1,0.3,6,0.988,0.98701596,0.8857142857142856,0.87649024,0.655059908929119,0.78441185,,,,
betweenness_centrality,N/A,rrg,0.9,0.1,0.3,6,0.992,0.99241006,0.9238095238095237,0.9271124,0.4113884266309885,0.39688063,,,,
betweenness_centrality,N/A,rrg,1.0,0.1,0.3,6,1.0,0.9999492,1.0,0.9995162,2.2440600773078606e-05,0.03232834,,,,
betweenness_centrality,N/A,rrg,0.0,0.2,0.3,6,0.826,0.8000097,0.0,0.0,6.788518348649229,6.836266,,,,
betweenness_centrality,N/A,rrg,0.1,0.2,0.3,6,0.843,0.82274073,0.09770114942528742,0.09100837,5.559620929556638,5.582355,,,,
betweenness_centrality,N/A,rrg,0.2,0.2,0.3,6,0.859,0.84663415,0.18965517241379323,0.16568516,4.501729920687666,4.7192106,,,,
betweenness_centrality,N/A,rrg,0.30000000000000004,0.2,0.3,6,0.886,0.8730687,0.3448275862068968,0.2938482,3.507484058241853,3.900631,,,,
betweenness_centrality,N/A,rrg,0.4,0.2,0.3,6,0.897,0.8926686,0.40804597701149453,0.3892779,2.6328969713066988,3.039588,,,,
betweenness_centrality,N/A,rrg,0.5,0.2,0.3,6,0.912,0.911886,0.49425287356321873,0.5029721,2.1506221162429076,2.3898325,,,,
betweenness_centrality,N/A,rrg,0.6000000000000001,0.2,0.3,6,0.934,0.9330903,0.6206896551724141,0.6127978,1.811393123652881,1.857375,,,,
betweenness_centrality,N/A,rrg,0.7000000000000001,0.2,0.3,6,0.955,0.94953,0.7413793103448274,0.7157398,1.1742638371569518,1.1744117,,,,
betweenness_centrality,N/A,rrg,0.8,0.2,0.3,6,0.974,0.9691656,0.850574712643678,0.82485706,0.6172357742323175,0.72250473,,,,
betweenness_centrality,N/A,rrg,0.9,0.2,0.3,6,0.988,0.98568153,0.9310344827586207,0.91887003,0.3239724786664103,0.36008582,,,,
betweenness_centrality,N/A,rrg,1.0,0.2,0.3,6,1.0,0.99990517,1.0,0.9994548,3.0542220733637186e-05,0.041806594,,,,
betweenness_centrality,N/A,rrg,0.0,0.3,0.3,6,0.687,0.700031,0.0,0.0,4.3017878084280525,4.7643957,,,,
betweenness_centrality,N/A,rrg,0.1,0.3,0.3,6,0.727,0.7332593,0.1277955271565493,0.14073804,3.6191093035058475,3.972958,,,,
betweenness_centrality,N/A,rrg,0.2,0.3,0.3,6,0.758,0.765425,0.2268370607028753,0.25011927,3.0313578094849007,3.3161385,,,,
betweenness_centrality,N/A,rrg,0.30000000000000004,0.3,0.3,6,0.797,0.7989447,0.3514376996805112,0.3555005,2.5996821029389006,2.755906,,,,
betweenness_centrality,N/A,rrg,0.4,0.3,0.3,6,0.824,0.8293392,0.43769968051118185,0.45009667,2.18640768715487,2.2840638,,,,
betweenness_centrality,N/A,rrg,0.5,0.3,0.3,6,0.864,0.8629089,0.5654952076677315,0.5673917,1.7120341915660229,1.8158147,,,,
betweenness_centrality,N/A,rrg,0.6000000000000001,0.3,0.3,6,0.893,0.8910631,0.65814696485623,0.6538559,1.224252228772014,1.4266058,,,,
betweenness_centrality,N/A,rrg,0.7000000000000001,0.3,0.3,6,0.917,0.92161757,0.7348242811501599,0.74625087,0.862434308781125,1.0395145,,,,
betweenness_centrality,N/A,rrg,0.8,0.3,0.3,6,0.948,0.9496486,0.8338658146964855,0.8374081,0.47322893844898234,0.6792167,,,,
betweenness_centrality,N/A,rrg,0.9,0.3,0.3,6,0.976,0.9765785,0.9233226837060702,0.9245862,0.23668431805892712,0.34723535,,,,
betweenness_centrality,N/A,rrg,1.0,0.3,0.3,6,1.0,0.999677,1.0,0.9989672,0.00012968996786356528,0.10854127,,,,
betweenness_centrality,N/A,rrg,0.0,0.4,0.3,6,0.623,0.60008657,0.0,0.0,3.4870776644441803,3.451542,,,,
betweenness_centrality,N/A,rrg,0.1,0.4,0.3,6,0.661,0.64475024,0.10079575596816985,0.099212356,2.8247654641957847,3.0031345,,,,
betweenness_centrality,N/A,rrg,0.2,0.4,0.3,6,0.709,0.6872633,0.22811671087533147,0.2138429,2.4294393180462985,2.5400786,,,,
betweenness_centrality,N/A,rrg,0.30000000000000004,0.4,0.3,6,0.751,0.73054814,0.3395225464190981,0.31676608,2.058523355758809,2.1956663,,,,
betweenness_centrality,N/A,rrg,0.4,0.4,0.3,6,0.781,0.77078444,0.41909814323607436,0.41983032,1.6885832232632907,1.8079753,,,,
betweenness_centrality,N/A,rrg,0.5,0.4,0.3,6,0.822,0.8166116,0.5278514588859415,0.5306729,1.3556238300380279,1.515321,,,,
betweenness_centrality,N/A,rrg,0.6000000000000001,0.4,0.3,6,0.865,0.85476696,0.6419098143236074,0.6299862,0.9664025368850098,1.1868625,,,,
betweenness_centrality,N/A,rrg,0.7000000000000001,0.4,0.3,6,0.899,0.88964736,0.7320954907161804,0.71923906,0.6831402258931621,0.8872329,,,,
betweenness_centrality,N/A,rrg,0.8,0.4,0.3,6,0.937,0.9265538,0.8328912466843503,0.81095636,0.39196929346290954,0.5747122,,,,
betweenness_centrality,N/A,rrg,0.9,0.4,0.3,6,0.976,0.9634824,0.9363395225464191,0.905244,0.1803630540086265,0.2993937,,,,
betweenness_centrality,N/A,rrg,1.0,0.4,0.3,6,1.0,0.9996615,1.0,0.99910146,8.567648632782473e-05,0.10141264,,,,
betweenness_centrality,N/A,rrg,0.0,0.05,0.3,7,0.95,0.95000243,0.0,0.0,14.0724208439242,14.239045,,,,
betweenness_centrality,N/A,rrg,0.1,0.05,0.3,7,0.951,0.95836145,0.02,0.084353186,9.76188263623764,10.075245,,,,
betweenness_centrality,N/A,rrg,0.2,0.05,0.3,7,0.961,0.9642623,0.22,0.25619683,6.450274989501414,6.8692746,,,,
betweenness_centrality,N/A,rrg,0.30000000000000004,0.05,0.3,7,0.965,0.97037196,0.3,0.3915414,4.670986586783917,4.9319124,,,,
betweenness_centrality,N/A,rrg,0.4,0.05,0.3,7,0.977,0.97627467,0.54,0.5019401,3.39630002453204,3.4006488,,,,
betweenness_centrality,N/A,rrg,0.5,0.05,0.3,7,0.979,0.9795359,0.58,0.5646129,2.469691068536678,2.5231462,,,,
betweenness_centrality,N/A,rrg,0.6000000000000001,0.05,0.3,7,0.983,0.9845743,0.66,0.6700642,1.7892673932164793,1.7627995,,,,
betweenness_centrality,N/A,rrg,0.7000000000000001,0.05,0.3,7,0.987,0.9866389,0.74,0.7257001,0.9775958895749266,1.1395609,,,,
betweenness_centrality,N/A,rrg,0.8,0.05,0.3,7,0.991,0.9924935,0.82,0.8420295,0.5904291599086536,0.6412306,,,,
betweenness_centrality,N/A,rrg,0.9,0.05,0.3,7,0.995,0.9969792,0.9,0.9387398,0.2772465158003902,0.3111745,,,,
betweenness_centrality,N/A,rrg,1.0,0.05,0.3,7,1.0,0.9999749,1.0,0.999498,0.0001622579109749773,0.029712921,,,,
betweenness_centrality,N/A,rrg,0.0,0.1,0.3,7,0.899,0.9000016,0.0,0.0,10.940410665264997,10.708196,,,,
betweenness_centrality,N/A,rrg,0.1,0.1,0.3,7,0.911,0.9099607,0.11881188118811895,0.11351006,8.806166877141644,7.8886223,,,,
betweenness_centrality,N/A,rrg,0.2,0.1,0.3,7,0.922,0.9217161,0.22772277227722798,0.22384237,6.92665554065582,6.023314,,,,
betweenness_centrality,N/A,rrg,0.30000000000000004,0.1,0.3,7,0.934,0.93555015,0.3465346534653469,0.3587429,5.215643147801815,4.6604257,,,,
betweenness_centrality,N/A,rrg,0.4,0.1,0.3,7,0.942,0.9449335,0.4257425742574251,0.45482972,4.073426646347157,3.4761722,,,,
betweenness_centrality,N/A,rrg,0.5,0.1,0.3,7,0.948,0.9569397,0.4851485148514846,0.5649552,3.0063540972510654,2.5579224,,,,
betweenness_centrality,N/A,rrg,0.6000000000000001,0.1,0.3,7,0.961,0.96715677,0.6138613861386134,0.6709293,2.1618612636395955,1.8121648,,,,
betweenness_centrality,N/A,rrg,0.7000000000000001,0.1,0.3,7,0.971,0.9773102,0.7128712871287125,0.770335,1.4245463482121965,1.2890364,,,,
betweenness_centrality,N/A,rrg,0.8,0.1,0.3,7,0.985,0.9866318,0.8514851485148514,0.8661344,0.8140240664668122,0.76416284,,,,
betweenness_centrality,N/A,rrg,0.9,0.1,0.3,7,0.994,0.99232763,0.9405940594059405,0.9245472,0.29791615253950016,0.34431225,,,,
betweenness_centrality,N/A,rrg,1.0,0.1,0.3,7,1.0,0.9999519,1.0,0.99952364,3.496014655773215e-05,0.036188304,,,,
betweenness_centrality,N/A,rrg,0.0,0.2,0.3,7,0.806,0.8000097,0.0,0.0,6.5539765123874805,6.836266,,,,
betweenness_centrality,N/A,rrg,0.1,0.2,0.3,7,0.828,0.82001853,0.11340206185566966,0.1083913,5.501874756381683,5.4934216,,,,
betweenness_centrality,N/A,rrg,0.2,0.2,0.3,7,0.852,0.84686047,0.23711340206185538,0.2144133,4.337477274509947,4.566073,,,,
betweenness_centrality,N/A,rrg,0.30000000000000004,0.2,0.3,7,0.868,0.86823386,0.3195876288659792,0.31146842,3.2293488142304185,3.760548,,,,
betweenness_centrality,N/A,rrg,0.4,0.2,0.3,7,0.896,0.88902277,0.46391752577319584,0.4330841,2.54195838809241,2.9428108,,,,
betweenness_centrality,N/A,rrg,0.5,0.2,0.3,7,0.91,0.9100124,0.5360824742268042,0.53305715,2.09182873032954,2.270533,,,,
betweenness_centrality,N/A,rrg,0.6000000000000001,0.2,0.3,7,0.924,0.93108094,0.6082474226804125,0.63351744,1.5055255037335176,1.7672973,,,,
betweenness_centrality,N/A,rrg,0.7000000000000001,0.2,0.3,7,0.945,0.94799966,0.7164948453608244,0.7273117,1.007342480834373,1.2685808,,,,
betweenness_centrality,N/A,rrg,0.8,0.2,0.3,7,0.972,0.96726006,0.8556701030927834,0.83274865,0.576161036142418,0.77338964,,,,
betweenness_centrality,N/A,rrg,0.9,0.2,0.3,7,0.986,0.9839567,0.9278350515463917,0.91860986,0.2295562943738205,0.386534,,,,
betweenness_centrality,N/A,rrg,1.0,0.2,0.3,7,1.0,0.9999007,1.0,0.99948794,3.549114252338676e-05,0.044175293,,,,
betweenness_centrality,N/A,rrg,0.0,0.3,0.3,7,0.704,0.700031,0.0,0.0,4.2717069673636,4.7643957,,,,
betweenness_centrality,N/A,rrg,0.1,0.3,0.3,7,0.739,0.7335425,0.11824324324324333,0.11219626,3.684364318708458,3.97275,,,,
betweenness_centrality,N/A,rrg,0.2,0.3,0.3,7,0.768,0.7657831,0.21621621621621637,0.2183173,3.3373899007605847,3.3301365,,,,
betweenness_centrality,N/A,rrg,0.30000000000000004,0.3,0.3,7,0.805,0.79560196,0.34121621621621645,0.33685696,2.91057731294638,2.7512784,,,,
betweenness_centrality,N/A,rrg,0.4,0.3,0.3,7,0.843,0.8290507,0.46959459459459457,0.44697648,2.3825646003418095,2.2945375,,,,
betweenness_centrality,N/A,rrg,0.5,0.3,0.3,7,0.865,0.8569493,0.543918918918919,0.5371253,1.9806049994470458,1.817511,,,,
betweenness_centrality,N/A,rrg,0.6000000000000001,0.3,0.3,7,0.896,0.89004165,0.6486486486486488,0.64263564,1.5042639417269978,1.4346362,,,,
betweenness_centrality,N/A,rrg,0.7000000000000001,0.3,0.3,7,0.92,0.92073256,0.7297297297297299,0.73668444,1.1162795795150209,1.0120665,,,,
betweenness_centrality,N/A,rrg,0.8,0.3,0.3,7,0.947,0.9519475,0.8209459459459458,0.83721304,0.6567177974649564,0.7015941,,,,
betweenness_centrality,N/A,rrg,0.9,0.3,0.3,7,0.977,0.9742445,0.9222972972972973,0.91294307,0.3014198516551991,0.33604738,,,,
betweenness_centrality,N/A,rrg,1.0,0.3,0.3,7,1.0,0.9997103,1.0,0.9990206,0.00010099654791460389,0.10061273,,,,
betweenness_centrality,N/A,rrg,0.0,0.4,0.3,7,0.6,0.60008657,0.0,0.0,3.1495561522934157,3.451542,,,,
betweenness_centrality,N/A,rrg,0.1,0.4,0.3,7,0.634,0.6463261,0.08500000000000008,0.09016845,2.6891030337197717,3.0524151,,,,
betweenness_centrality,N/A,rrg,0.2,0.4,0.3,7,0.678,0.68728477,0.19500000000000017,0.19546834,2.2830463850398632,2.5883818,,,,
betweenness_centrality,N/A,rrg,0.30000000000000004,0.4,0.3,7,0.716,0.73080593,0.29,0.3112971,1.9911520152342062,2.1617064,,,,
betweenness_centrality,N/A,rrg,0.4,0.4,0.3,7,0.759,0.771912,0.3975000000000001,0.416973,1.6718192121670694,1.8172598,,,,
betweenness_centrality,N/A,rrg,0.5,0.4,0.3,7,0.798,0.81145495,0.49500000000000016,0.51666325,1.395415106720779,1.417968,,,,
betweenness_centrality,N/A,rrg,0.6000000000000001,0.4,0.3,7,0.845,0.8511732,0.6124999999999999,0.6173999,1.1291326193208255,1.1088294,,,,
betweenness_centrality,N/A,rrg,0.7000000000000001,0.4,0.3,7,0.882,0.8896877,0.7050000000000001,0.72022414,0.8554782963248367,0.81641716,,,,
betweenness_centrality,N/A,rrg,0.8,0.4,0.3,7,0.921,0.9287372,0.8025000000000001,0.81937075,0.6343950635355077,0.5453184,,,,
betweenness_centrality,N/A,rrg,0.9,0.4,0.3,7,0.964,0.96786594,0.9099999999999999,0.9188078,0.3548169260731587,0.2990882,,,,
betweenness_centrality,N/A,rrg,1.0,0.4,0.3,7,1.0,0.99961096,1.0,0.9990266,0.00011278777920612584,0.11434399,,,,
betweenness_centrality,N/A,rrg,0.0,0.05,0.3,8,0.953,0.95000243,0.0,0.0,14.739829733694707,14.239045,,,,
betweenness_centrality,N/A,rrg,0.1,0.05,0.3,8,0.954,0.95571405,0.02127659574468085,0.09698539,9.450786567261702,9.775445,,,,
betweenness_centrality,N/A,rrg,0.2,0.05,0.3,8,0.965,0.96386635,0.2553191489361702,0.2774082,6.407647281319063,6.837746,,,,
betweenness_centrality,N/A,rrg,0.30000000000000004,0.05,0.3,8,0.971,0.9714369,0.3829787234042553,0.41938975,4.659376879398467,4.964025,,,,
betweenness_centrality,N/A,rrg,0.4,0.05,0.3,8,0.98,0.9753127,0.574468085106383,0.5134454,3.4975171894755426,3.7278705,,,,
betweenness_centrality,N/A,rrg,0.5,0.05,0.3,8,0.985,0.982673,0.6808510638297872,0.64649564,2.353419333690608,2.5926707,,,,
betweenness_centrality,N/A,rrg,0.6000000000000001,0.05,0.3,8,0.993,0.98794603,0.851063829787234,0.76140916,1.843277256943238,1.7579504,,,,
betweenness_centrality,N/A,rrg,0.7000000000000001,0.05,0.3,8,0.996,0.99269277,0.9148936170212766,0.85212433,1.1558931895610167,1.2958457,,,,
betweenness_centrality,N/A,rrg,0.8,0.05,0.3,8,0.995,0.99479115,0.8936170212765957,0.8935259,0.7412995717967558,0.7297686,,,,
betweenness_centrality,N/A,rrg,0.9,0.05,0.3,8,1.0,0.99879706,1.0,0.9747385,0.34068379139703686,0.35951307,,,,
betweenness_centrality,N/A,rrg,1.0,0.05,0.3,8,1.0,0.9999413,1.0,0.9987496,7.161424018241734e-05,0.028505417,,,,
betweenness_centrality,N/A,rrg,0.0,0.1,0.3,8,0.906,0.9000016,0.0,0.0,10.844493590584669,10.708196,,,,
betweenness_centrality,N/A,rrg,0.1,0.1,0.3,8,0.917,0.9147588,0.11702127659574482,0.11013614,7.483920032928992,8.01279,,,,
betweenness_centrality,N/A,rrg,0.2,0.1,0.3,8,0.922,0.92165077,0.170212765957447,0.18792516,6.365170076206197,6.1552434,,,,
betweenness_centrality,N/A,rrg,0.30000000000000004,0.1,0.3,8,0.944,0.93835855,0.4042553191489355,0.36537552,4.646635956394677,4.5293097,,,,
betweenness_centrality,N/A,rrg,0.4,0.1,0.3,8,0.954,0.9510121,0.5106382978723398,0.50336754,3.1379583183137925,3.402069,,,,
betweenness_centrality,N/A,rrg,0.5,0.1,0.3,8,0.97,0.9652513,0.6808510638297869,0.64043087,2.424866970901057,2.5418828,,,,
betweenness_centrality,N/A,rrg,0.6000000000000001,0.1,0.3,8,0.978,0.9765391,0.7659574468085104,0.7441913,2.0210065677476248,1.9453316,,,,
betweenness_centrality,N/A,rrg,0.7000000000000001,0.1,0.3,8,0.983,0.98230964,0.8191489361702126,0.811886,1.595818933162866,1.3710527,,,,
betweenness_centrality,N/A,rrg,0.8,0.1,0.3,8,0.993,0.98816127,0.925531914893617,0.8786102,0.937909483277468,0.7953329,,,,
betweenness_centrality,N/A,rrg,0.9,0.1,0.3,8,0.997,0.9938826,0.9680851063829787,0.9365354,0.38107197984919944,0.336536,,,,
betweenness_centrality,N/A,rrg,1.0,0.1,0.3,8,1.0,0.9999542,1.0,0.99951285,2.0299195438275955e-05,0.03159073,,,,
betweenness_centrality,N/A,rrg,0.0,0.2,0.3,8,0.814,0.8000097,0.0,0.0,8.063317990735259,6.836266,,,,
betweenness_centrality,N/A,rrg,0.1,0.2,0.3,8,0.83,0.82903177,0.08602150537634413,0.08094077,6.1145487997877845,5.7685986,,,,
betweenness_centrality,N/A,rrg,0.2,0.2,0.3,8,0.86,0.84920037,0.2473118279569894,0.21991193,4.889987150336918,4.6257052,,,,
betweenness_centrality,N/A,rrg,0.30000000000000004,0.2,0.3,8,0.881,0.8666279,0.3602150537634411,0.32212463,3.9459027725478566,3.768311,,,,
betweenness_centrality,N/A,rrg,0.4,0.2,0.3,8,0.906,0.8865464,0.4946236559139788,0.42366263,3.124351929841074,2.9583569,,,,
betweenness_centrality,N/A,rrg,0.5,0.2,0.3,8,0.92,0.9115377,0.56989247311828,0.53878516,2.226611909338899,2.3821993,,,,
betweenness_centrality,N/A,rrg,0.6000000000000001,0.2,0.3,8,0.931,0.9339991,0.6290322580645165,0.64549226,1.5031762762050902,1.7640325,,,,
betweenness_centrality,N/A,rrg,0.7000000000000001,0.2,0.3,8,0.952,0.950767,0.7419354838709676,0.7382744,1.1975559181600093,1.2101957,,,,
betweenness_centrality,N/A,rrg,0.8,0.2,0.3,8,0.975,0.96938753,0.8655913978494623,0.8384713,0.5700824643028514,0.75797427,,,,
betweenness_centrality,N/A,rrg,0.9,0.2,0.3,8,0.991,0.98636335,0.9516129032258064,0.927665,0.26281610006828476,0.37858406,,,,
betweenness_centrality,N/A,rrg,1.0,0.2,0.3,8,1.0,0.9999021,1.0,0.9994736,4.443716687445708e-05,0.042151824,,,,
betweenness_centrality,N/A,rrg,0.0,0.3,0.3,8,0.715,0.700031,0.0,0.0,4.788549740801099,4.7643957,,,,
betweenness_centrality,N/A,rrg,0.1,0.3,0.3,8,0.752,0.7304461,0.12982456140350887,0.13249356,4.269506348171825,3.8864946,,,,
betweenness_centrality,N/A,rrg,0.2,0.3,0.3,8,0.795,0.7661119,0.2807017543859651,0.24099346,3.5675474182819222,3.349511,,,,
betweenness_centrality,N/A,rrg,0.30000000000000004,0.3,0.3,8,0.817,0.80486554,0.35789473684210515,0.34280816,2.832681829800244,2.9251604,,,,
betweenness_centrality,N/A,rrg,0.4,0.3,0.3,8,0.841,0.8333224,0.44210526315789467,0.42555246,2.251821378731758,2.435428,,,,
betweenness_centrality,N/A,rrg,0.5,0.3,0.3,8,0.863,0.8662937,0.5192982456140351,0.53057367,1.8997002551458242,1.9234158,,,,
betweenness_centrality,N/A,rrg,0.6000000000000001,0.3,0.3,8,0.885,0.89882505,0.5964912280701755,0.6384874,1.5493122062759073,1.5250294,,,,
betweenness_centrality,N/A,rrg,0.7000000000000001,0.3,0.3,8,0.912,0.924206,0.6912280701754387,0.72815686,1.0641513269033802,1.1047913,,,,
betweenness_centrality,N/A,rrg,0.8,0.3,0.3,8,0.943,0.95203906,0.7999999999999998,0.82807493,0.6611761797330531,0.67161155,,,,
betweenness_centrality,N/A,rrg,0.9,0.3,0.3,8,0.97,0.9775085,0.894736842105263,0.91860276,0.25460127440765423,0.3537616,,,,
betweenness_centrality,N/A,rrg,1.0,0.3,0.3,8,1.0,0.999696,1.0,0.9989324,0.00011442363587059984,0.10241337,,,,
betweenness_centrality,N/A,rrg,0.0,0.4,0.3,8,0.618,0.60008657,0.0,0.0,3.6206699517461973,3.451542,,,,
betweenness_centrality,N/A,rrg,0.1,0.4,0.3,8,0.666,0.64460593,0.1256544502617802,0.11196906,3.232699667405192,2.9612494,,,,
betweenness_centrality,N/A,rrg,0.2,0.4,0.3,8,0.704,0.69302285,0.22513089005235593,0.20810077,2.5289140277378364,2.6580653,,,,
betweenness_centrality,N/A,rrg,0.30000000000000004,0.4,0.3,8,0.731,0.7365152,0.2958115183246073,0.31244355,2.066942880753582,2.3412583,,,,
betweenness_centrality,N/A,rrg,0.4,0.4,0.3,8,0.77,0.77499056,0.3979057591623037,0.40973854,1.6371818989667841,1.9257319,,,,
betweenness_centrality,N/A,rrg,0.5,0.4,0.3,8,0.826,0.8144048,0.544502617801047,0.5135389,1.3693416122832354,1.5508577,,,,
betweenness_centrality,N/A,rrg,0.6000000000000001,0.4,0.3,8,0.861,0.85333765,0.6361256544502617,0.6103815,1.0986702215896085,1.2202477,,,,
betweenness_centrality,N/A,rrg,0.7000000000000001,0.4,0.3,8,0.892,0.89225906,0.7172774869109948,0.7122027,0.703546958410363,0.91190565,,,,
betweenness_centrality,N/A,rrg,0.8,0.4,0.3,8,0.929,0.92842066,0.8141361256544504,0.8109088,0.4462619243898035,0.59101415,,,,
betweenness_centrality,N/A,rrg,0.9,0.4,0.3,8,0.964,0.96545213,0.9057591623036648,0.9087333,0.21483457774464826,0.3032245,,,,
betweenness_centrality,N/A,rrg,1.0,0.4,0.3,8,1.0,0.99963987,1.0,0.99905646,9.248428052959729e-05,0.10927292,,,,
betweenness_centrality,N/A,rrg,0.0,0.05,0.3,9,0.95,0.95000243,0.0,0.0,17.95755596050135,14.239045,,,,
betweenness_centrality,N/A,rrg,0.1,0.05,0.3,9,0.956,0.95833474,0.12,0.1485695,10.789649196441053,9.589883,,,,
betweenness_centrality,N/A,rrg,0.2,0.05,0.3,9,0.967,0.97026294,0.34,0.40427405,6.596137524855323,6.6311913,,,,
betweenness_centrality,N/A,rrg,0.30000000000000004,0.05,0.3,9,0.973,0.9753424,0.46,0.4899371,4.555543739481551,4.8411427,,,,
betweenness_centrality,N/A,rrg,0.4,0.05,0.3,9,0.976,0.98067564,0.52,0.5904197,3.1696513637419583,3.4461222,,,,
betweenness_centrality,N/A,rrg,0.5,0.05,0.3,9,0.979,0.9836605,0.58,0.65699583,2.4003643039594795,2.4775467,,,,
betweenness_centrality,N/A,rrg,0.6000000000000001,0.05,0.3,9,0.987,0.98895824,0.74,0.7769612,1.5430851990606824,1.7242364,,,,
betweenness_centrality,N/A,rrg,0.7000000000000001,0.05,0.3,9,0.99,0.99326116,0.8,0.8645496,1.1423181225037742,1.1914947,,,,
betweenness_centrality,N/A,rrg,0.8,0.05,0.3,9,0.997,0.9965044,0.94,0.92880875,0.7380718755386321,0.77254283,,,,
betweenness_centrality,N/A,rrg,0.9,0.05,0.3,9,0.998,0.99851453,0.96,0.96946406,0.28215488660134147,0.36561662,,,,
betweenness_centrality,N/A,rrg,1.0,0.05,0.3,9,1.0,0.9999637,1.0,0.9992737,7.676025943005946e-05,0.027235506,,,,
betweenness_centrality,N/A,rrg,0.0,0.1,0.3,9,0.906,0.9000016,0.0,0.0,12.242283882370863,10.708196,,,,
betweenness_centrality,N/A,rrg,0.1,0.1,0.3,9,0.918,0.9078499,0.12765957446808526,0.103926264,8.318784095430509,7.71126,,,,
betweenness_centrality,N/A,rrg,0.2,0.1,0.3,9,0.925,0.923958,0.20212765957446832,0.22893146,5.96151947240131,6.205637,,,,
betweenness_centrality,N/A,rrg,0.30000000000000004,0.1,0.3,9,0.935,0.93615204,0.30851063829787273,0.32235226,5.103224237555414,4.9140544,,,,
betweenness_centrality,N/A,rrg,0.4,0.1,0.3,9,0.948,0.9478959,0.44680851063829724,0.4385424,3.676533790748332,3.749556,,,,
betweenness_centrality,N/A,rrg,0.5,0.1,0.3,9,0.964,0.96287954,0.6170212765957442,0.599546,2.720243213962366,2.8513052,,,,
betweenness_centrality,N/A,rrg,0.6000000000000001,0.1,0.3,9,0.973,0.9720516,0.7127659574468082,0.6991369,1.8624876991289783,2.0279393,,,,
betweenness_centrality,N/A,rrg,0.7000000000000001,0.1,0.3,9,0.978,0.98079145,0.7659574468085104,0.7862858,1.265438211582818,1.4350243,,,,
betweenness_centrality,N/A,rrg,0.8,0.1,0.3,9,0.989,0.988804,0.8829787234042552,0.8779916,0.7502678230049478,0.81623757,,,,
betweenness_centrality,N/A,rrg,0.9,0.1,0.3,9,0.995,0.9955833,0.9468085106382979,0.9519898,0.352992507109386,0.40085617,,,,
betweenness_centrality,N/A,rrg,1.0,0.1,0.3,9,1.0,0.99991053,1.0,0.9990475,0.00027358029225475733,0.041813012,,,,
betweenness_centrality,N/A,rrg,0.0,0.2,0.3,9,0.819,0.8000097,0.0,0.0,7.938865565732208,6.836266,,,,
betweenness_centrality,N/A,rrg,0.1,0.2,0.3,9,0.839,0.8287954,0.11049723756906084,0.11882719,6.181996380860403,5.7692413,,,,
betweenness_centrality,N/A,rrg,0.2,0.2,0.3,9,0.865,0.85347146,0.2541436464088399,0.24113122,4.875888447333057,4.843178,,,,
betweenness_centrality,N/A,rrg,0.30000000000000004,0.2,0.3,9,0.88,0.8749102,0.33701657458563555,0.34295002,3.966884260720839,4.03716,,,,
betweenness_centrality,N/A,rrg,0.4,0.2,0.3,9,0.898,0.8917658,0.43646408839779033,0.4375438,3.1590324611099003,3.14075,,,,
betweenness_centrality,N/A,rrg,0.5,0.2,0.3,9,0.914,0.9108008,0.524861878453039,0.52623355,2.657880766359718,2.4812849,,,,
betweenness_centrality,N/A,rrg,0.6000000000000001,0.2,0.3,9,0.936,0.9332433,0.6464088397790059,0.64468837,2.1199554380340766,1.8647647,,,,
betweenness_centrality,N/A,rrg,0.7000000000000001,0.2,0.3,9,0.953,0.949026,0.7403314917127071,0.729102,1.2881873166167925,1.2205558,,,,
betweenness_centrality,N/A,rrg,0.8,0.2,0.3,9,0.966,0.9630918,0.8121546961325966,0.8053641,0.8231062995209415,0.74508065,,,,
betweenness_centrality,N/A,rrg,0.9,0.2,0.3,9,0.984,0.9842406,0.9116022099447513,0.9138039,0.302023451202124,0.35597405,,,,
betweenness_centrality,N/A,rrg,1.0,0.2,0.3,9,1.0,0.9999149,1.0,0.9995296,4.420089753329988e-05,0.046415385,,,,
betweenness_centrality,N/A,rrg,0.0,0.3,0.3,9,0.687,0.700031,0.0,0.0,4.76820028401399,4.7643957,,,,
betweenness_centrality,N/A,rrg,0.1,0.3,0.3,9,0.718,0.72944444,0.09904153354632562,0.0983413,4.110502905489513,3.9667597,,,,
betweenness_centrality,N/A,rrg,0.2,0.3,0.3,9,0.755,0.75951856,0.21725239616613407,0.21050982,3.562304256889709,3.2415478,,,,
betweenness_centrality,N/A,rrg,0.30000000000000004,0.3,0.3,9,0.78,0.7914875,0.2971246006389776,0.30445206,2.721211782073652,2.7465966,,,,
betweenness_centrality,N/A,rrg,0.4,0.3,0.3,9,0.816,0.8237958,0.41214057507987195,0.41341314,2.272723952579029,2.256753,,,,
betweenness_centrality,N/A,rrg,0.5,0.3,0.3,9,0.863,0.8559728,0.5623003194888178,0.5442292,1.8706649814791247,1.763517,,,,
betweenness_centrality,N/A,rrg,0.6000000000000001,0.3,0.3,9,0.884,0.8875919,0.6293929712460063,0.64062524,1.2059167291316086,1.3992451,,,,
betweenness_centrality,N/A,rrg,0.7000000000000001,0.3,0.3,9,0.916,0.9174862,0.7316293929712461,0.7355971,0.9242208944820623,0.9883983,,,,
betweenness_centrality,N/A,rrg,0.8,0.3,0.3,9,0.945,0.9460868,0.8242811501597442,0.8266315,0.5844717213362849,0.69946015,,,,
betweenness_centrality,N/A,rrg,0.9,0.3,0.3,9,0.974,0.97378945,0.9169329073482427,0.9164911,0.2800693938144849,0.40413618,,,,
betweenness_centrality,N/A,rrg,1.0,0.3,0.3,9,1.0,0.99969566,1.0,0.9990269,0.00013549860006636965,0.11041551,,,,
betweenness_centrality,N/A,rrg,0.0,0.4,0.3,9,0.621,0.60008657,0.0,0.0,3.2231463223192414,3.451542,,,,
betweenness_centrality,N/A,rrg,0.1,0.4,0.3,9,0.661,0.64671946,0.10554089709762542,0.102844924,2.7197396650867427,3.001962,,,,
betweenness_centrality,N/A,rrg,0.2,0.4,0.3,9,0.704,0.6925376,0.21899736147757246,0.203199,2.3257881638311932,2.6108072,,,,
betweenness_centrality,N/A,rrg,0.30000000000000004,0.4,0.3,9,0.749,0.73583984,0.33773087071240104,0.30750886,1.9329214415444866,2.2474277,,,,
betweenness_centrality,N/A,rrg,0.4,0.4,0.3,9,0.785,0.77648354,0.43271767810026396,0.41462824,1.6895474731181865,1.8644075,,,,
betweenness_centrality,N/A,rrg,0.5,0.4,0.3,9,0.834,0.8158687,0.5620052770448548,0.52270836,1.3492519407845311,1.4857963,,,,
betweenness_centrality,N/A,rrg,0.6000000000000001,0.4,0.3,9,0.873,0.8530237,0.6649076517150396,0.6174478,1.0124505140323334,1.1588157,,,,
betweenness_centrality,N/A,rrg,0.7000000000000001,0.4,0.3,9,0.906,0.8909176,0.7519788918205805,0.71840197,0.7320437255948914,0.8788157,,,,
betweenness_centrality,N/A,rrg,0.8,0.4,0.3,9,0.936,0.9285814,0.8311345646437996,0.8120838,0.490914691447038,0.5911326,,,,
betweenness_centrality,N/A,rrg,0.9,0.4,0.3,9,0.97,0.9653081,0.9208443271767809,0.9083979,0.1986299020789185,0.31733692,,,,
betweenness_centrality,N/A,rrg,1.0,0.4,0.3,9,1.0,0.99963367,1.0,0.9990326,9.618704751034268e-05,0.10828642,,,,
page_rank,N/A,rrg,0.0,0.05,0.3,0,0.942,0.95000243,0.0,0.0,13.974194174612675,14.239045,,,,
page_rank,N/A,rrg,0.1,0.05,0.3,0,0.95,0.95907164,0.13793103448275862,0.18149243,8.572955208324888,8.793472,,,,
page_rank,N/A,rrg,0.2,0.05,0.3,0,0.959,0.96059775,0.29310344827586204,0.31945813,5.549591687486127,5.7270913,,,,
page_rank,N/A,rrg,0.30000000000000004,0.05,0.3,0,0.962,0.9653594,0.3448275862068966,0.35678008,4.298429707194958,3.916406,,,,
page_rank,N/A,rrg,0.4,0.05,0.3,0,0.976,0.97773093,0.5862068965517241,0.6156407,2.604472765352608,2.6883202,,,,
page_rank,N/A,rrg,0.5,0.05,0.3,0,0.985,0.9841483,0.7413793103448276,0.72005135,1.8299436134096518,1.8510582,,,,
page_rank,N/A,rrg,0.6000000000000001,0.05,0.3,0,0.988,0.9876484,0.7931034482758621,0.7786138,1.292825757705407,1.2152193,,,,
page_rank,N/A,rrg,0.7000000000000001,0.05,0.3,0,0.99,0.9933264,0.8275862068965517,0.8804563,0.7620598439675136,0.8201841,,,,
page_rank,N/A,rrg,0.8,0.05,0.3,0,0.996,0.9974856,0.9310344827586207,0.95637304,0.49820444612677184,0.48627043,,,,
page_rank,N/A,rrg,0.9,0.05,0.3,0,0.998,0.9984117,0.9655172413793104,0.97193426,0.2062273601829317,0.2556377,,,,
page_rank,N/A,rrg,1.0,0.05,0.3,0,1.0,0.99997264,1.0,0.9995282,1.9023453644397018e-05,0.023673074,,,,
page_rank,N/A,rrg,0.0,0.1,0.3,0,0.888,0.9000016,0.0,0.0,10.374576728573713,10.708196,,,,
page_rank,N/A,rrg,0.1,0.1,0.3,0,0.898,0.9080297,0.08928571428571437,0.13119765,7.449116960223339,7.413468,,,,
page_rank,N/A,rrg,0.2,0.1,0.3,0,0.922,0.9212766,0.3035714285714289,0.29053855,5.785342504594226,5.303614,,,,
page_rank,N/A,rrg,0.30000000000000004,0.1,0.3,0,0.927,0.93642944,0.3482142857142861,0.36815032,3.5649493628720657,3.790197,,,,
page_rank,N/A,rrg,0.4,0.1,0.3,0,0.939,0.9428203,0.4553571428571423,0.4914365,2.6220428675166167,2.740133,,,,
page_rank,N/A,rrg,0.5,0.1,0.3,0,0.961,0.9629829,0.651785714285714,0.66299295,1.9423631776588777,1.9155059,,,,
page_rank,N/A,rrg,0.6000000000000001,0.1,0.3,0,0.977,0.9757757,0.794642857142857,0.7833168,1.3391003884591033,1.3361987,,,,
page_rank,N/A,rrg,0.7000000000000001,0.1,0.3,0,0.978,0.98348415,0.8035714285714284,0.84423685,0.9961679389936482,0.87280285,,,,
page_rank,N/A,rrg,0.8,0.1,0.3,0,0.991,0.9868999,0.9196428571428571,0.884357,0.5008762646875894,0.4729942,,,,
page_rank,N/A,rrg,0.9,0.1,0.3,0,0.995,0.9959574,0.9553571428571428,0.9638714,0.2989561075676902,0.26872265,,,,
page_rank,N/A,rrg,1.0,0.1,0.3,0,1.0,0.9999408,1.0,0.99947137,3.420746830593999e-05,0.033415284,,,,
page_rank,N/A,rrg,0.0,0.2,0.3,0,0.774,0.8000097,0.0,0.0,6.193638983205046,6.836266,,,,
page_rank,N/A,rrg,0.1,0.2,0.3,0,0.793,0.81300306,0.08407079646017708,0.10460415,5.023025386782653,5.097113,,,,
page_rank,N/A,rrg,0.2,0.2,0.3,0,0.833,0.8383917,0.2610619469026546,0.25426674,3.967604350074438,3.9894888,,,,
page_rank,N/A,rrg,0.30000000000000004,0.2,0.3,0,0.849,0.86244434,0.33185840707964587,0.33498785,3.0391284968120056,3.2160082,,,,
page_rank,N/A,rrg,0.4,0.2,0.3,0,0.872,0.8841702,0.43362831858407075,0.45905024,2.4757440880529895,2.369832,,,,
page_rank,N/A,rrg,0.5,0.2,0.3,0,0.9,0.9097503,0.5575221238938054,0.57675135,1.9907134713349492,1.7799529,,,,
page_rank,N/A,rrg,0.6000000000000001,0.2,0.3,0,0.919,0.9321101,0.6415929203539824,0.6817433,1.218710368955537,1.2631013,,,,
page_rank,N/A,rrg,0.7000000000000001,0.2,0.3,0,0.942,0.9554385,0.7433628318584068,0.7974213,0.996504280431893,0.89915174,,,,
page_rank,N/A,rrg,0.8,0.2,0.3,0,0.971,0.9728441,0.8716814159292035,0.87864035,0.5343468363384152,0.54191864,,,,
page_rank,N/A,rrg,0.9,0.2,0.3,0,0.986,0.9869365,0.9380530973451326,0.9421368,0.28749288371571663,0.29676765,,,,
page_rank,N/A,rrg,1.0,0.2,0.3,0,1.0,0.9998835,1.0,0.9994842,2.9425285651586617e-05,0.0472299,,,,
page_rank,N/A,rrg,0.0,0.3,0.3,0,0.687,0.700031,0.0,0.0,4.3717069673635995,4.7643957,,,,
page_rank,N/A,rrg,0.1,0.3,0.3,0,0.715,0.7299527,0.08945686900958441,0.09230965,3.646235954944051,3.9030073,,,,
page_rank,N/A,rrg,0.2,0.3,0.3,0,0.758,0.767372,0.2268370607028753,0.22912042,2.8759876359528818,3.1959577,,,,
page_rank,N/A,rrg,0.30000000000000004,0.3,0.3,0,0.789,0.79872406,0.3258785942492013,0.34287226,2.4969001925408594,2.507362,,,,
page_rank,N/A,rrg,0.4,0.3,0.3,0,0.835,0.83339655,0.47284345047923304,0.46468294,2.0573314535541427,2.0197344,,,,
page_rank,N/A,rrg,0.5,0.3,0.3,0,0.869,0.8667235,0.5814696485623002,0.5739299,1.5207470095808213,1.5973247,,,,
page_rank,N/A,rrg,0.6000000000000001,0.3,0.3,0,0.903,0.8989458,0.6900958466453674,0.6729833,0.9893108614584749,1.2006596,,,,
page_rank,N/A,rrg,0.7000000000000001,0.3,0.3,0,0.917,0.92623067,0.7348242811501599,0.7562245,0.9571683333112162,0.8730775,,,,
page_rank,N/A,rrg,0.8,0.3,0.3,0,0.959,0.9522098,0.8690095846645366,0.85083246,0.41432657550982693,0.5811122,,,,
page_rank,N/A,rrg,0.9,0.3,0.3,0,0.976,0.9774082,0.9233226837060702,0.9277895,0.16445868177759637,0.24813011,,,,
page_rank,N/A,rrg,1.0,0.3,0.3,0,1.0,0.9996791,1.0,0.99897385,0.0001147152352622984,0.10286053,,,,
page_rank,N/A,rrg,0.0,0.4,0.3,0,0.583,0.60008657,0.0,0.0,3.1438286665174684,3.451542,,,,
page_rank,N/A,rrg,0.1,0.4,0.3,0,0.643,0.6444221,0.14388489208633104,0.13267362,2.8654493481133265,2.8096755,,,,
page_rank,N/A,rrg,0.2,0.4,0.3,0,0.676,0.6912086,0.22302158273381312,0.23341574,2.445429813461375,2.491053,,,,
page_rank,N/A,rrg,0.30000000000000004,0.4,0.3,0,0.725,0.7313258,0.3405275779376499,0.34836084,2.012053587628494,1.9876782,,,,
page_rank,N/A,rrg,0.4,0.4,0.3,0,0.776,0.7828821,0.4628297362110313,0.470647,1.545784116830566,1.6797478,,,,
page_rank,N/A,rrg,0.5,0.4,0.3,0,0.82,0.81907535,0.5683453237410071,0.5732349,1.3430798401386301,1.2446182,,,,
page_rank,N/A,rrg,0.6000000000000001,0.4,0.3,0,0.856,0.8616438,0.6546762589928058,0.66504955,0.9381950549567167,1.0506263,,,,
page_rank,N/A,rrg,0.7000000000000001,0.4,0.3,0,0.9,0.9007261,0.7601918465227818,0.7597047,0.5877932215248922,0.7489297,,,,
page_rank,N/A,rrg,0.8,0.4,0.3,0,0.94,0.93571484,0.856115107913669,0.8463981,0.4746452238616282,0.50681484,,,,
page_rank,N/A,rrg,0.9,0.4,0.3,0,0.967,0.9662586,0.9208633093525179,0.92088336,0.1710429025880279,0.3248683,,,,
page_rank,N/A,rrg,1.0,0.4,0.3,0,1.0,0.9995952,1.0,0.9990285,0.0001113705658674077,0.11333721,,,,
page_rank,N/A,rrg,0.0,0.05,0.3,1,0.948,0.95000243,0.0,0.0,13.716358731115971,14.239045,,,,
page_rank,N/A,rrg,0.1,0.05,0.3,1,0.954,0.9501004,0.11538461538461539,0.10733601,9.361592251235555,9.085505,,,,
page_rank,N/A,rrg,0.2,0.05,0.3,1,0.956,0.95869654,0.15384615384615385,0.21047726,5.009624177590429,5.663146,,,,
page_rank,N/A,rrg,0.30000000000000004,0.05,0.3,1,0.971,0.9694601,0.4423076923076923,0.40214047,3.654689317444424,3.8789477,,,,
page_rank,N/A,rrg,0.4,0.05,0.3,1,0.97,0.97463626,0.4230769230769231,0.5011541,2.4105083357355794,2.543125,,,,
page_rank,N/A,rrg,0.5,0.05,0.3,1,0.984,0.98296225,0.6923076923076923,0.6726121,1.7535192072143773,1.6792718,,,,
page_rank,N/A,rrg,0.6000000000000001,0.05,0.3,1,0.992,0.9915683,0.8461538461538461,0.84309644,1.0109830578039896,1.2480867,,,,
page_rank,N/A,rrg,0.7000000000000001,0.05,0.3,1,0.992,0.9907794,0.8461538461538461,0.82422286,0.7261359933348663,0.76702976,,,,
page_rank,N/A,rrg,0.8,0.05,0.3,1,0.999,0.9967555,0.9807692307692307,0.93863964,0.5057647057109576,0.44730598,,,,
page_rank,N/A,rrg,0.9,0.05,0.3,1,1.0,0.99844414,1.0,0.97055215,0.1774499220940801,0.20259525,,,,
page_rank,N/A,rrg,1.0,0.05,0.3,1,1.0,0.9999797,1.0,0.9996091,1.3341209382976813e-05,0.020997697,,,,
page_rank,N/A,rrg,0.0,0.1,0.3,1,0.911,0.9000016,0.0,0.0,10.9081573121461,10.708196,,,,
page_rank,N/A,rrg,0.1,0.1,0.3,1,0.919,0.9115746,0.08988764044943831,0.09140952,7.809267958127819,7.5785613,,,,
page_rank,N/A,rrg,0.2,0.1,0.3,1,0.931,0.9257366,0.22471910112359578,0.21690753,6.015618872216222,5.640674,,,,
page_rank,N/A,rrg,0.30000000000000004,0.1,0.3,1,0.94,0.94303054,0.32584269662921267,0.36692905,4.5897662959375465,4.029716,,,,
page_rank,N/A,rrg,0.4,0.1,0.3,1,0.951,0.9568357,0.44943820224719033,0.50742054,3.277237302137717,2.6458538,,,,
page_rank,N/A,rrg,0.5,0.1,0.3,1,0.961,0.9611338,0.5617977528089882,0.5865518,1.9292644506723502,1.8914502,,,,
page_rank,N/A,rrg,0.6000000000000001,0.1,0.3,1,0.973,0.97266823,0.6966292134831457,0.69815016,1.3524830943512187,1.36993,,,,
page_rank,N/A,rrg,0.7000000000000001,0.1,0.3,1,0.986,0.9849786,0.842696629213483,0.8340374,0.7150298759821611,0.8307904,,,,
page_rank,N/A,rrg,0.8,0.1,0.3,1,0.994,0.990435,0.9325842696629213,0.8963724,0.5043799094739241,0.50872606,,,,
page_rank,N/A,rrg,0.9,0.1,0.3,1,0.999,0.99563056,0.9887640449438202,0.9526196,0.1489677473248025,0.23727143,,,,
page_rank,N/A,rrg,1.0,0.1,0.3,1,1.0,0.99994904,1.0,0.9994272,3.0163679722447062e-05,0.032991704,,,,
page_rank,N/A,rrg,0.0,0.2,0.3,1,0.804,0.8000097,0.0,0.0,6.235101466134276,6.836266,,,,
page_rank,N/A,rrg,0.1,0.2,0.3,1,0.828,0.81814545,0.1224489795918363,0.112366736,4.721804552114256,5.20467,,,,
page_rank,N/A,rrg,0.2,0.2,0.3,1,0.84,0.8393794,0.18367346938775475,0.19871598,4.082218353839295,4.14079,,,,
page_rank,N/A,rrg,0.30000000000000004,0.2,0.3,1,0.878,0.8710804,0.37755102040816313,0.3775069,3.18870099209778,3.2627475,,,,
page_rank,N/A,rrg,0.4,0.2,0.3,1,0.884,0.88899493,0.40816326530612235,0.41569132,2.5827038499546706,2.5414076,,,,
page_rank,N/A,rrg,0.5,0.2,0.3,1,0.916,0.9146228,0.5714285714285715,0.57846844,1.827201811101655,1.8435982,,,,
page_rank,N/A,rrg,0.6000000000000001,0.2,0.3,1,0.939,0.93683344,0.6887755102040812,0.68155307,1.3818405664561133,1.2915571,,,,
page_rank,N/A,rrg,0.7000000000000001,0.2,0.3,1,0.953,0.95159334,0.7602040816326527,0.7580793,0.9585105620608508,0.8686098,,,,
page_rank,N/A,rrg,0.8,0.2,0.3,1,0.968,0.97251904,0.8367346938775508,0.8606603,0.4506745177329547,0.5555394,,,,
page_rank,N/A,rrg,0.9,0.2,0.3,1,0.991,0.98948973,0.9540816326530611,0.94666994,0.17744935047924099,0.27506268,,,,
page_rank,N/A,rrg,1.0,0.2,0.3,1,1.0,0.9998998,1.0,0.9994886,2.463901789965832e-05,0.043268386,,,,
page_rank,N/A,rrg,0.0,0.3,0.3,1,0.716,0.700031,0.0,0.0,5.098953305254224,4.7643957,,,,
page_rank,N/A,rrg,0.1,0.3,0.3,1,0.739,0.732678,0.0809859154929578,0.09233829,4.387865857048999,3.965067,,,,
page_rank,N/A,rrg,0.2,0.3,0.3,1,0.782,0.77873015,0.2323943661971833,0.2283974,3.2005873185749705,3.422545,,,,
page_rank,N/A,rrg,0.30000000000000004,0.3,0.3,1,0.808,0.8054911,0.3239436619718312,0.31842464,2.567570044066046,2.7519174,,,,
page_rank,N/A,rrg,0.4,0.3,0.3,1,0.851,0.8357986,0.4753521126760563,0.43929723,2.2495805091273637,2.1723964,,,,
page_rank,N/A,rrg,0.5,0.3,0.3,1,0.88,0.869792,0.5774647887323944,0.5612231,1.7570297182948307,1.6672715,,,,
page_rank,N/A,rrg,0.6000000000000001,0.3,0.3,1,0.919,0.90630764,0.7147887323943664,0.67731047,1.3000176429885,1.2535257,,,,
page_rank,N/A,rrg,0.7000000000000001,0.3,0.3,1,0.936,0.9282738,0.7746478873239439,0.7502328,0.8187736205140335,0.85895884,,,,
page_rank,N/A,rrg,0.8,0.3,0.3,1,0.965,0.9583469,0.8767605633802816,0.8545993,0.5042136786827572,0.58724403,,,,
page_rank,N/A,rrg,0.9,0.3,0.3,1,0.983,0.9796545,0.9401408450704225,0.9283163,0.27005353856801695,0.29518187,,,,
page_rank,N/A,rrg,1.0,0.3,0.3,1,1.0,0.9997129,1.0,0.9989882,0.00017568037441220968,0.10427792,,,,
page_rank,N/A,rrg,0.0,0.4,0.3,1,0.596,0.60008657,0.0,0.0,3.4450454527828414,3.451542,,,,
page_rank,N/A,rrg,0.1,0.4,0.3,1,0.652,0.65101033,0.13861386138613874,0.12730159,2.889479675039538,2.9603534,,,,
page_rank,N/A,rrg,0.2,0.4,0.3,1,0.693,0.70043373,0.24009900990099003,0.24116784,2.233260255153908,2.5789258,,,,
page_rank,N/A,rrg,0.30000000000000004,0.4,0.3,1,0.721,0.7400483,0.3094059405940594,0.32780847,1.949660025084207,2.129901,,,,
page_rank,N/A,rrg,0.4,0.4,0.3,1,0.785,0.78361547,0.46782178217821796,0.46243614,1.5983686189133546,1.7617635,,,,
page_rank,N/A,rrg,0.5,0.4,0.3,1,0.828,0.8244106,0.5742574257425742,0.56286925,1.4385173070014814,1.3950784,,,,
page_rank,N/A,rrg,0.6000000000000001,0.4,0.3,1,0.863,0.8613734,0.6608910891089109,0.65203303,0.9700525802689943,1.0369341,,,,
page_rank,N/A,rrg,0.7000000000000001,0.4,0.3,1,0.912,0.9042003,0.7821782178217823,0.7671505,0.7539103942323402,0.76877445,,,,
page_rank,N/A,rrg,0.8,0.4,0.3,1,0.937,0.93748844,0.8440594059405943,0.8447384,0.5494363571148936,0.5275855,,,,
page_rank,N/A,rrg,0.9,0.4,0.3,1,0.965,0.96902126,0.9133663366336633,0.9224289,0.20551117395873342,0.2825533,,,,
page_rank,N/A,rrg,1.0,0.4,0.3,1,1.0,0.99960047,1.0,0.9990102,0.00012247264850043636,0.11514588,,,,
page_rank,N/A,rrg,0.0,0.05,0.3,2,0.956,0.95000243,0.0,0.0,14.493566658819828,14.239045,,,,
page_rank,N/A,rrg,0.1,0.05,0.3,2,0.961,0.9542637,0.11363636363636363,0.08645774,9.453273555881843,9.227006,,,,
page_rank,N/A,rrg,0.2,0.05,0.3,2,0.964,0.9621273,0.18181818181818182,0.25326097,4.985750169362324,5.5743184,,,,
page_rank,N/A,rrg,0.30000000000000004,0.05,0.3,2,0.975,0.9677766,0.4318181818181818,0.34357917,3.1708173521855945,3.4658108,,,,
page_rank,N/A,rrg,0.4,0.05,0.3,2,0.98,0.9772448,0.5454545454545454,0.4909611,2.259790752284718,2.5141978,,,,
page_rank,N/A,rrg,0.5,0.05,0.3,2,0.984,0.9849958,0.6363636363636364,0.66330725,1.5623992248407477,1.7842021,,,,
page_rank,N/A,rrg,0.6000000000000001,0.05,0.3,2,0.99,0.9882561,0.7727272727272727,0.7541268,1.04512225280111,1.1597053,,,,
page_rank,N/A,rrg,0.7000000000000001,0.05,0.3,2,0.997,0.9940186,0.9318181818181818,0.86828333,0.6990817486239407,0.7611949,,,,
page_rank,N/A,rrg,0.8,0.05,0.3,2,0.997,0.9956741,0.9318181818181818,0.9058019,0.41058715472617224,0.4472652,,,,
page_rank,N/A,rrg,0.9,0.05,0.3,2,0.999,0.9976917,0.9772727272727273,0.94834936,0.1877082226309533,0.21501987,,,,
page_rank,N/A,rrg,1.0,0.05,0.3,2,1.0,0.99998057,1.0,0.9995583,2.8569493267589396e-05,0.025205402,,,,
page_rank,N/A,rrg,0.0,0.1,0.3,2,0.908,0.9000016,0.0,0.0,10.967017542115125,10.708196,,,,
page_rank,N/A,rrg,0.1,0.1,0.3,2,0.919,0.91477615,0.11956521739130449,0.118773006,7.348982784191916,7.532523,,,,
page_rank,N/A,rrg,0.2,0.1,0.3,2,0.937,0.9283843,0.3152173913043482,0.2752786,4.478428051290182,5.4136267,,,,
page_rank,N/A,rrg,0.30000000000000004,0.1,0.3,2,0.94,0.9427658,0.34782608695652095,0.36790937,3.4124761735197144,3.925767,,,,
page_rank,N/A,rrg,0.4,0.1,0.3,2,0.966,0.95364994,0.6304347826086952,0.5297148,2.5938147631465887,2.7274482,,,,
page_rank,N/A,rrg,0.5,0.1,0.3,2,0.972,0.9635563,0.6956521739130431,0.6187219,1.7038145237378743,1.8668128,,,,
page_rank,N/A,rrg,0.6000000000000001,0.1,0.3,2,0.97,0.9740216,0.6739130434782604,0.6993662,1.2115591356159066,1.3330524,,,,
page_rank,N/A,rrg,0.7000000000000001,0.1,0.3,2,0.981,0.9805352,0.793478260869565,0.7857729,0.8371030879818724,0.84296864,,,,
page_rank,N/A,rrg,0.8,0.1,0.3,2,0.99,0.989834,0.8913043478260868,0.8899263,0.4241118903302008,0.4845383,,,,
page_rank,N/A,rrg,0.9,0.1,0.3,2,0.997,0.9959252,0.967391304347826,0.95581317,0.17423070408799696,0.22663708,,,,
page_rank,N/A,rrg,1.0,0.1,0.3,2,1.0,0.9999619,1.0,0.9995859,6.832251103487513e-05,0.03132731,,,,
page_rank,N/A,rrg,0.0,0.2,0.3,2,0.822,0.8000097,0.0,0.0,7.810004526570525,6.836266,,,,
page_rank,N/A,rrg,0.1,0.2,0.3,2,0.839,0.8267794,0.09550561797752814,0.09321581,6.1638214511989515,5.6206713,,,,
page_rank,N/A,rrg,0.2,0.2,0.3,2,0.864,0.852896,0.23595505617977544,0.22153561,4.434284950603524,4.430461,,,,
page_rank,N/A,rrg,0.30000000000000004,0.2,0.3,2,0.873,0.87083316,0.28651685393258447,0.28978866,3.472132175474491,3.2844694,,,,
page_rank,N/A,rrg,0.4,0.2,0.3,2,0.912,0.90024257,0.5056179775280902,0.47160318,2.511236804857515,2.6108253,,,,
page_rank,N/A,rrg,0.5,0.2,0.3,2,0.932,0.92264813,0.617977528089888,0.59477866,1.7841731087753094,1.954909,,,,
page_rank,N/A,rrg,0.6000000000000001,0.2,0.3,2,0.948,0.94124216,0.7078651685393257,0.67782724,1.2560532099409625,1.3429381,,,,
page_rank,N/A,rrg,0.7000000000000001,0.2,0.3,2,0.955,0.9545029,0.7471910112359549,0.7518318,0.7702298164661352,0.82314366,,,,
page_rank,N/A,rrg,0.8,0.2,0.3,2,0.972,0.9722352,0.8426966292134831,0.84392273,0.5508165928951925,0.55251634,,,,
page_rank,N/A,rrg,0.9,0.2,0.3,2,0.993,0.9903802,0.9606741573033708,0.94609314,0.26938467877689287,0.28410655,,,,
page_rank,N/A,rrg,1.0,0.2,0.3,2,1.0,0.99990195,1.0,0.99944896,3.270342070101008e-05,0.042570803,,,,
page_rank,N/A,rrg,0.0,0.3,0.3,2,0.707,0.700031,0.0,0.0,5.011406201372389,4.7643957,,,,
page_rank,N/A,rrg,0.1,0.3,0.3,2,0.744,0.73217285,0.12627986348122877,0.11736035,4.351659970340821,3.8690934,,,,
page_rank,N/A,rrg,0.2,0.3,0.3,2,0.766,0.7696399,0.20136518771331074,0.21049799,3.548214455890674,3.313332,,,,
page_rank,N/A,rrg,0.30000000000000004,0.3,0.3,2,0.804,0.80795497,0.33105802047781596,0.31798667,2.741865752936611,2.7963438,,,,
page_rank,N/A,rrg,0.4,0.3,0.3,2,0.845,0.8355667,0.4709897610921501,0.45193225,2.1935555064736616,2.0541596,,,,
page_rank,N/A,rrg,0.5,0.3,0.3,2,0.873,0.869723,0.5665529010238909,0.5675805,1.7505515512213374,1.7052033,,,,
page_rank,N/A,rrg,0.6000000000000001,0.3,0.3,2,0.9,0.9027426,0.6587030716723551,0.67129886,1.1481860054087432,1.3000869,,,,
page_rank,N/A,rrg,0.7000000000000001,0.3,0.3,2,0.931,0.92958325,0.7645051194539251,0.76008,0.7787978995443404,0.8378153,,,,
page_rank,N/A,rrg,0.8,0.3,0.3,2,0.954,0.955519,0.8430034129692832,0.8465978,0.5100432184470337,0.549236,,,,
page_rank,N/A,rrg,0.9,0.3,0.3,2,0.98,0.9788282,0.931740614334471,0.9271697,0.23698234849612462,0.3028214,,,,
page_rank,N/A,rrg,1.0,0.3,0.3,2,1.0,0.9996706,1.0,0.9988748,0.00013535839233311925,0.107337005,,,,
page_rank,N/A,rrg,0.0,0.4,0.3,2,0.615,0.60008657,0.0,0.0,3.488873808095189,3.451542,,,,
page_rank,N/A,rrg,0.1,0.4,0.3,2,0.665,0.645427,0.12987012987012997,0.1330993,3.0350424000898397,2.8562434,,,,
page_rank,N/A,rrg,0.2,0.4,0.3,2,0.712,0.6977542,0.25194805194805187,0.23429894,2.3182066457217494,2.5148554,,,,
page_rank,N/A,rrg,0.30000000000000004,0.4,0.3,2,0.748,0.73560435,0.34545454545454546,0.32261792,2.2953953694553793,2.076824,,,,
page_rank,N/A,rrg,0.4,0.4,0.3,2,0.78,0.7878588,0.42857142857142866,0.45756185,1.6097612535978825,1.7550654,,,,
page_rank,N/A,rrg,0.5,0.4,0.3,2,0.852,0.82659537,0.6155844155844156,0.57645774,1.335115940672882,1.3181756,,,,
page_rank,N/A,rrg,0.6000000000000001,0.4,0.3,2,0.865,0.8618988,0.6493506493506493,0.6440175,1.0356735357355737,1.0320523,,,,
page_rank,N/A,rrg,0.7000000000000001,0.4,0.3,2,0.915,0.90007806,0.7792207792207794,0.74438787,0.6421272055056652,0.8050735,,,,
page_rank,N/A,rrg,0.8,0.4,0.3,2,0.941,0.93987143,0.8467532467532466,0.84568095,0.343245565256413,0.48149574,,,,
page_rank,N/A,rrg,0.9,0.4,0.3,2,0.969,0.97135633,0.9194805194805195,0.925162,0.1866982771069449,0.26529804,,,,
page_rank,N/A,rrg,1.0,0.4,0.3,2,1.0,0.99961376,1.0,0.9989959,0.0001007225547278853,0.109596364,,,,
page_rank,N/A,rrg,0.0,0.05,0.3,3,0.947,0.95000243,0.0,0.0,14.49352525028101,14.239045,,,,
page_rank,N/A,rrg,0.1,0.05,0.3,3,0.957,0.9512218,0.18867924528301888,0.16920938,10.715910024851498,8.820311,,,,
page_rank,N/A,rrg,0.2,0.05,0.3,3,0.957,0.95618445,0.18867924528301888,0.20260532,6.885525403629898,5.684986,,,,
page_rank,N/A,rrg,0.30000000000000004,0.05,0.3,3,0.968,0.968921,0.39622641509433965,0.38689768,3.9329085075956147,3.7279198,,,,
page_rank,N/A,rrg,0.4,0.05,0.3,3,0.964,0.9724926,0.32075471698113206,0.4683013,3.351151000205637,2.599316,,,,
page_rank,N/A,rrg,0.5,0.05,0.3,3,0.984,0.98296267,0.6981132075471698,0.6830379,1.793747536905114,1.8411329,,,,
page_rank,N/A,rrg,0.6000000000000001,0.05,0.3,3,0.981,0.983479,0.6415094339622641,0.69134384,1.3077380867353858,1.2840239,,,,
page_rank,N/A,rrg,0.7000000000000001,0.05,0.3,3,0.991,0.99460524,0.8301886792452831,0.89521,0.7762621140837962,0.78557247,,,,
page_rank,N/A,rrg,0.8,0.05,0.3,3,0.997,0.9973583,0.9433962264150944,0.94851476,0.4985487714214099,0.46099538,,,,
page_rank,N/A,rrg,0.9,0.05,0.3,3,1.0,0.9989794,1.0,0.9809387,0.17238025203346807,0.23351525,,,,
page_rank,N/A,rrg,1.0,0.05,0.3,3,1.0,0.99994886,1.0,0.9990344,4.654411031439485e-05,0.028945524,,,,
page_rank,N/A,rrg,0.0,0.1,0.3,3,0.893,0.9000016,0.0,0.0,11.264864784947308,10.708196,,,,
page_rank,N/A,rrg,0.1,0.1,0.3,3,0.902,0.9103003,0.08411214953271037,0.09011315,7.406123450852749,7.549379,,,,
page_rank,N/A,rrg,0.2,0.1,0.3,3,0.919,0.92484534,0.24299065420560773,0.224116,6.063768870139789,5.353308,,,,
page_rank,N/A,rrg,0.30000000000000004,0.1,0.3,3,0.934,0.93737954,0.3831775700934583,0.35544258,3.883910419886646,4.1287785,,,,
page_rank,N/A,rrg,0.4,0.1,0.3,3,0.956,0.95480204,0.5887850467289716,0.5744343,2.6165968294303252,2.748216,,,,
page_rank,N/A,rrg,0.5,0.1,0.3,3,0.961,0.9663549,0.6355140186915884,0.6571787,1.7755613773367054,1.8898498,,,,
page_rank,N/A,rrg,0.6000000000000001,0.1,0.3,3,0.973,0.9754166,0.7476635514018689,0.7608551,1.4499012940432845,1.3847276,,,,
page_rank,N/A,rrg,0.7000000000000001,0.1,0.3,3,0.977,0.98121995,0.7850467289719624,0.8097297,0.8533886734595824,0.89813185,,,,
page_rank,N/A,rrg,0.8,0.1,0.3,3,0.985,0.9912405,0.8598130841121494,0.9131012,0.6653366516127919,0.5284095,,,,
page_rank,N/A,rrg,0.9,0.1,0.3,3,0.996,0.9958866,0.9626168224299065,0.96101654,0.24205976674633434,0.2557376,,,,
page_rank,N/A,rrg,1.0,0.1,0.3,3,1.0,0.99994445,1.0,0.99948066,0.00011385737056049839,0.037889604,,,,
page_rank,N/A,rrg,0.0,0.2,0.3,3,0.803,0.8000097,0.0,0.0,7.460391235306944,6.836266,,,,
page_rank,N/A,rrg,0.1,0.2,0.3,3,0.829,0.82139,0.13197969543147167,0.12957932,5.836875654368497,5.2902117,,,,
page_rank,N/A,rrg,0.2,0.2,0.3,3,0.844,0.84616643,0.2081218274111672,0.2038501,4.92401197971074,4.298721,,,,
page_rank,N/A,rrg,0.30000000000000004,0.2,0.3,3,0.87,0.86817104,0.3401015228426394,0.3210844,3.3984805380134584,3.3324034,,,,
page_rank,N/A,rrg,0.4,0.2,0.3,3,0.899,0.8931901,0.4873096446700507,0.4550708,2.573476078243946,2.5287433,,,,
page_rank,N/A,rrg,0.5,0.2,0.3,3,0.929,0.91274923,0.6395939086294418,0.58093464,2.109684022713785,1.9085945,,,,
page_rank,N/A,rrg,0.6000000000000001,0.2,0.3,3,0.946,0.94099027,0.7258883248730962,0.70065093,1.109736699594942,1.2878433,,,,
page_rank,N/A,rrg,0.7000000000000001,0.2,0.3,3,0.954,0.95569617,0.7664974619289338,0.77293515,0.98346826838239,0.92513645,,,,
page_rank,N/A,rrg,0.8,0.2,0.3,3,0.974,0.97575355,0.8680203045685277,0.8759989,0.48347275324570843,0.5071267,,,,
page_rank,N/A,rrg,0.9,0.2,0.3,3,0.992,0.9896337,0.9593908629441624,0.9477463,0.15195826381722521,0.29447272,,,,
page_rank,N/A,rrg,1.0,0.2,0.3,3,1.0,0.99990755,1.0,0.99953055,2.171814816303111e-05,0.040992636,,,,
page_rank,N/A,rrg,0.0,0.3,0.3,3,0.685,0.700031,0.0,0.0,4.824473675737623,4.7643957,,,,
page_rank,N/A,rrg,0.1,0.3,0.3,3,0.724,0.7279073,0.12380952380952359,0.11648802,4.162321336317225,3.7719204,,,,
page_rank,N/A,rrg,0.2,0.3,0.3,3,0.754,0.77058524,0.21904761904761894,0.2259027,3.14470896638244,3.2796793,,,,
page_rank,N/A,rrg,0.30000000000000004,0.3,0.3,3,0.781,0.7997969,0.30476190476190473,0.32363594,2.6246399077239095,2.5683417,,,,
page_rank,N/A,rrg,0.4,0.3,0.3,3,0.821,0.8410282,0.4317460317460315,0.46374327,1.9801696676690628,2.1184618,,,,
page_rank,N/A,rrg,0.5,0.3,0.3,3,0.867,0.8686034,0.5777777777777777,0.5753171,1.295493568749391,1.577713,,,,
page_rank,N/A,rrg,0.6000000000000001,0.3,0.3,3,0.894,0.9014381,0.6634920634920635,0.68456024,1.2365676517885944,1.2445656,,,,
page_rank,N/A,rrg,0.7000000000000001,0.3,0.3,3,0.92,0.92662305,0.7460317460317462,0.76155627,0.8418022617917305,0.87900597,,,,
page_rank,N/A,rrg,0.8,0.3,0.3,3,0.947,0.9508915,0.8317460317460316,0.84183186,0.49044590543455147,0.5489469,,,,
page_rank,N/A,rrg,0.9,0.3,0.3,3,0.973,0.9783112,0.9142857142857141,0.92989314,0.30932227016531416,0.2773678,,,,
page_rank,N/A,rrg,1.0,0.3,0.3,3,1.0,0.99967307,1.0,0.9989612,0.000109430477879302,0.102837384,,,,
page_rank,N/A,rrg,0.0,0.4,0.3,3,0.59,0.60008657,0.0,0.0,3.400912371585103,3.451542,,,,
page_rank,N/A,rrg,0.1,0.4,0.3,3,0.637,0.6455367,0.1146341463414635,0.11109379,3.002130186069382,2.9036036,,,,
page_rank,N/A,rrg,0.2,0.4,0.3,3,0.693,0.692203,0.2512195121951219,0.2622677,2.5965747291345114,2.4002683,,,,
page_rank,N/A,rrg,0.30000000000000004,0.4,0.3,3,0.746,0.7418219,0.38048780487804884,0.3624082,2.024185211043091,2.125956,,,,
page_rank,N/A,rrg,0.4,0.4,0.3,3,0.769,0.78018904,0.43658536585365865,0.45588303,2.013037027259678,1.680217,,,,
page_rank,N/A,rrg,0.5,0.4,0.3,3,0.822,0.8246353,0.5658536585365853,0.56572455,1.2339403592869442,1.3363488,,,,
page_rank,N/A,rrg,0.6000000000000001,0.4,0.3,3,0.853,0.86384666,0.6414634146341464,0.653746,1.0752866831909713,1.0002186,,,,
page_rank,N/A,rrg,0.7000000000000001,0.4,0.3,3,0.892,0.89786506,0.7365853658536586,0.7508318,0.8229475690314082,0.7780601,,,,
page_rank,N/A,rrg,0.8,0.4,0.3,3,0.936,0.934918,0.8439024390243904,0.84408796,0.48604937954164834,0.4890969,,,,
page_rank,N/A,rrg,0.9,0.4,0.3,3,0.964,0.96959126,0.9121951219512194,0.9255937,0.18522456193582554,0.2860779,,,,
page_rank,N/A,rrg,1.0,0.4,0.3,3,1.0,0.9995819,1.0,0.9989793,0.0001335692102676885,0.12109572,,,,
page_rank,N/A,rrg,0.0,0.05,0.3,4,0.956,0.95000243,0.0,0.0,17.093457442129765,14.239045,,,,
page_rank,N/A,rrg,0.1,0.05,0.3,4,0.963,0.95675075,0.1590909090909091,0.122757934,11.260449421466106,9.230457,,,,
page_rank,N/A,rrg,0.2,0.05,0.3,4,0.968,0.9690261,0.2727272727272727,0.27224755,6.119204304219359,5.7836075,,,,
page_rank,N/A,rrg,0.30000000000000004,0.05,0.3,4,0.977,0.9734176,0.4772727272727273,0.37636393,4.020447658949914,3.9399853,,,,
page_rank,N/A,rrg,0.4,0.05,0.3,4,0.988,0.98238546,0.7272727272727273,0.6130262,2.849018535970093,2.6494951,,,,
page_rank,N/A,rrg,0.5,0.05,0.3,4,0.982,0.9832842,0.5909090909090909,0.5964013,1.831121286900924,1.9159822,,,,
page_rank,N/A,rrg,0.6000000000000001,0.05,0.3,4,0.987,0.9906309,0.7045454545454546,0.7804642,1.1527713244761948,1.1221343,,,,
page_rank,N/A,rrg,0.7000000000000001,0.05,0.3,4,0.991,0.9951422,0.7954545454545454,0.88306695,0.8402196549809144,0.9033341,,,,
page_rank,N/A,rrg,0.8,0.05,0.3,4,0.997,0.99821365,0.9318181818181818,0.9579095,0.6639521014106524,0.52849144,,,,
page_rank,N/A,rrg,0.9,0.05,0.3,4,1.0,0.999677,1.0,0.99270433,0.17247087208230127,0.24677342,,,,
page_rank,N/A,rrg,1.0,0.05,0.3,4,1.0,0.99995947,1.0,0.9990782,6.836709669792757e-05,0.025182664,,,,
page_rank,N/A,rrg,0.0,0.1,0.3,4,0.904,0.9000016,0.0,0.0,9.579869255772504,10.708196,,,,
page_rank,N/A,rrg,0.1,0.1,0.3,4,0.914,0.9121485,0.10416666666666678,0.110427625,7.34316280223451,7.6007724,,,,
page_rank,N/A,rrg,0.2,0.1,0.3,4,0.921,0.9161518,0.17708333333333354,0.17605476,5.466882216712862,5.264645,,,,
page_rank,N/A,rrg,0.30000000000000004,0.1,0.3,4,0.949,0.9379276,0.4687499999999994,0.39309832,3.393511509327167,3.956,,,,
page_rank,N/A,rrg,0.4,0.1,0.3,4,0.953,0.9500791,0.5104166666666661,0.51588523,2.755066057875348,2.6882007,,,,
page_rank,N/A,rrg,0.5,0.1,0.3,4,0.96,0.95929575,0.5833333333333328,0.58002764,1.7348246280482384,1.8571048,,,,
page_rank,N/A,rrg,0.6000000000000001,0.1,0.3,4,0.977,0.9743701,0.7604166666666664,0.74537045,1.091814479271334,1.3275203,,,,
page_rank,N/A,rrg,0.7000000000000001,0.1,0.3,4,0.99,0.9834778,0.8958333333333333,0.8334939,0.7084211012908131,0.865119,,,,
page_rank,N/A,rrg,0.8,0.1,0.3,4,0.993,0.9915647,0.9270833333333333,0.912751,0.47153133771334865,0.50474834,,,,
page_rank,N/A,rrg,0.9,0.1,0.3,4,0.997,0.99626905,0.96875,0.9619727,0.17986890344319734,0.22800086,,,,
page_rank,N/A,rrg,1.0,0.1,0.3,4,1.0,0.999941,1.0,0.99938506,5.992567579506587e-05,0.034705862,,,,
page_rank,N/A,rrg,0.0,0.2,0.3,4,0.808,0.8000097,0.0,0.0,6.552708648637022,6.836266,,,,
page_rank,N/A,rrg,0.1,0.2,0.3,4,0.833,0.8150009,0.1302083333333329,0.12894872,5.3667605984011555,5.064986,,,,
page_rank,N/A,rrg,0.2,0.2,0.3,4,0.852,0.8491288,0.22916666666666635,0.22572845,3.9719870162852993,4.2331247,,,,
page_rank,N/A,rrg,0.30000000000000004,0.2,0.3,4,0.88,0.8744409,0.37499999999999983,0.34069052,2.989578214566552,3.3141751,,,,
page_rank,N/A,rrg,0.4,0.2,0.3,4,0.893,0.89450663,0.44270833333333326,0.45256254,2.4707973739238196,2.480493,,,,
page_rank,N/A,rrg,0.5,0.2,0.3,4,0.918,0.9127289,0.5729166666666667,0.5620205,1.5640615192226386,1.756197,,,,
page_rank,N/A,rrg,0.6000000000000001,0.2,0.3,4,0.95,0.9369261,0.739583333333333,0.6908996,0.9769700885808563,1.3378081,,,,
page_rank,N/A,rrg,0.7000000000000001,0.2,0.3,4,0.956,0.9569991,0.770833333333333,0.7692368,0.7420995913820382,0.88345736,,,,
page_rank,N/A,rrg,0.8,0.2,0.3,4,0.977,0.97196186,0.8802083333333331,0.8585753,0.48418340727896975,0.5134062,,,,
page_rank,N/A,rrg,0.9,0.2,0.3,4,0.986,0.9878644,0.9270833333333333,0.93564916,0.23573199368067366,0.26944104,,,,
page_rank,N/A,rrg,1.0,0.2,0.3,4,1.0,0.9999116,1.0,0.9995395,2.2365085465878525e-05,0.041452985,,,,
page_rank,N/A,rrg,0.0,0.3,0.3,4,0.691,0.700031,0.0,0.0,4.246249615679029,4.7643957,,,,
page_rank,N/A,rrg,0.1,0.3,0.3,4,0.741,0.72581065,0.16181229773462794,0.13290273,3.6816632519866865,3.6844888,,,,
page_rank,N/A,rrg,0.2,0.3,0.3,4,0.763,0.76677346,0.23300970873786425,0.2195158,2.8727389247505855,3.218603,,,,
page_rank,N/A,rrg,0.30000000000000004,0.3,0.3,4,0.786,0.79523385,0.3074433656957931,0.30914938,2.4781669581434675,2.608722,,,,
page_rank,N/A,rrg,0.4,0.3,0.3,4,0.833,0.83191526,0.459546925566343,0.4477226,1.8715641342961753,2.0365684,,,,
page_rank,N/A,rrg,0.5,0.3,0.3,4,0.868,0.8652853,0.5728155339805826,0.55915874,1.3324913502408036,1.6196246,,,,
page_rank,N/A,rrg,0.6000000000000001,0.3,0.3,4,0.897,0.89854914,0.6666666666666667,0.6708466,1.1328875662057203,1.1935672,,,,
page_rank,N/A,rrg,0.7000000000000001,0.3,0.3,4,0.927,0.9302042,0.7637540453074435,0.76828897,0.7354628546809339,0.90366024,,,,
page_rank,N/A,rrg,0.8,0.3,0.3,4,0.955,0.95085377,0.8543689320388348,0.8446902,0.5364393797109265,0.5277638,,,,
page_rank,N/A,rrg,0.9,0.3,0.3,4,0.983,0.9776694,0.9449838187702265,0.9280535,0.1813801870536754,0.27646345,,,,
page_rank,N/A,rrg,1.0,0.3,0.3,4,1.0,0.999715,1.0,0.99907684,0.00010603162853814214,0.100904256,,,,
page_rank,N/A,rrg,0.0,0.4,0.3,4,0.627,0.60008657,0.0,0.0,3.3525004243347367,3.451542,,,,
page_rank,N/A,rrg,0.1,0.4,0.3,4,0.667,0.64954275,0.10723860589812342,0.09981169,2.7691725763266457,2.9711175,,,,
page_rank,N/A,rrg,0.2,0.4,0.3,4,0.701,0.69294447,0.19839142091152803,0.21307053,2.57552743651124,2.4654467,,,,
page_rank,N/A,rrg,0.30000000000000004,0.4,0.3,4,0.751,0.74147743,0.3324396782841823,0.32947135,1.956453039760277,2.1554291,,,,
page_rank,N/A,rrg,0.4,0.4,0.3,4,0.816,0.78263885,0.5067024128686326,0.45202574,1.8554051875366306,1.6776333,,,,
page_rank,N/A,rrg,0.5,0.4,0.3,4,0.841,0.8231507,0.5737265415549597,0.5346128,1.1905579972786682,1.3512079,,,,
page_rank,N/A,rrg,0.6000000000000001,0.4,0.3,4,0.867,0.86627513,0.6434316353887399,0.6498136,0.9859713214187568,1.0771755,,,,
page_rank,N/A,rrg,0.7000000000000001,0.4,0.3,4,0.91,0.8999078,0.7587131367292226,0.73606235,0.667396577236044,0.80555624,,,,
page_rank,N/A,rrg,0.8,0.4,0.3,4,0.938,0.93594456,0.8337801608579087,0.8284447,0.4425554148906249,0.5415686,,,,
page_rank,N/A,rrg,0.9,0.4,0.3,4,0.979,0.9724143,0.9436997319034852,0.92687374,0.16115890965458293,0.28575844,,,,
page_rank,N/A,rrg,1.0,0.4,0.3,4,1.0,0.9996338,1.0,0.99901736,9.675469988698017e-05,0.10681688,,,,
page_rank,N/A,rrg,0.0,0.05,0.3,5,0.956,0.95000243,0.0,0.0,13.88621988185755,14.239045,,,,
page_rank,N/A,rrg,0.1,0.05,0.3,5,0.961,0.95726705,0.11363636363636363,0.07933414,9.836491272837838,9.721253,,,,
page_rank,N/A,rrg,0.2,0.05,0.3,5,0.973,0.96525085,0.38636363636363635,0.3196182,5.9574076495530806,5.7169724,,,,
page_rank,N/A,rrg,0.30000000000000004,0.05,0.3,5,0.98,0.9736447,0.5454545454545454,0.43535137,2.956357721145968,3.6187027,,,,
page_rank,N/A,rrg,0.4,0.05,0.3,5,0.979,0.9772647,0.5227272727272727,0.5124933,2.6238114293469663,2.555712,,,,
page_rank,N/A,rrg,0.5,0.05,0.3,5,0.982,0.9872589,0.5909090909090909,0.71557677,1.8369173578310956,1.7138115,,,,
page_rank,N/A,rrg,0.6000000000000001,0.05,0.3,5,0.994,0.99144924,0.8636363636363636,0.80700034,1.2786920299173348,1.17104,,,,
page_rank,N/A,rrg,0.7000000000000001,0.05,0.3,5,0.994,0.9952491,0.8636363636363636,0.8876217,0.8716399852062365,0.739229,,,,
page_rank,N/A,rrg,0.8,0.05,0.3,5,0.998,0.99684453,0.9545454545454546,0.9286502,0.41813253674394335,0.41042808,,,,
page_rank,N/A,rrg,0.9,0.05,0.3,5,0.999,0.9990867,0.9772727272727273,0.9791832,0.1414450558774972,0.20594034,,,,
page_rank,N/A,rrg,1.0,0.05,0.3,5,1.0,0.9999711,1.0,0.9993428,6.295347170841165e-05,0.027732193,,,,
page_rank,N/A,rrg,0.0,0.1,0.3,5,0.917,0.9000016,0.0,0.0,12.985405981770429,10.708196,,,,
page_rank,N/A,rrg,0.1,0.1,0.3,5,0.923,0.91304004,0.07228915662650612,0.057736598,9.50130387667066,7.6838193,,,,
page_rank,N/A,rrg,0.2,0.1,0.3,5,0.947,0.93613595,0.3614457831325293,0.27209145,5.882628072326034,5.6014667,,,,
page_rank,N/A,rrg,0.30000000000000004,0.1,0.3,5,0.95,0.952204,0.3975903614457823,0.40747648,4.935648925224319,4.227385,,,,
page_rank,N/A,rrg,0.4,0.1,0.3,5,0.962,0.958805,0.5421686746987946,0.52525085,3.0435598227224556,2.8888602,,,,
page_rank,N/A,rrg,0.5,0.1,0.3,5,0.967,0.96933585,0.6024096385542164,0.63449335,2.2711937623538185,1.9141729,,,,
page_rank,N/A,rrg,0.6000000000000001,0.1,0.3,5,0.979,0.97856843,0.7469879518072285,0.7529478,1.2891279728140492,1.3251516,,,,
page_rank,N/A,rrg,0.7000000000000001,0.1,0.3,5,0.991,0.9869751,0.8915662650602408,0.8491382,0.941900665237652,0.90784216,,,,
page_rank,N/A,rrg,0.8,0.1,0.3,5,0.984,0.988012,0.8072289156626503,0.8554878,0.6199786840637997,0.5286161,,,,
page_rank,N/A,rrg,0.9,0.1,0.3,5,0.996,0.9964818,0.9518072289156626,0.95731246,0.31147724019806156,0.27892822,,,,
page_rank,N/A,rrg,1.0,0.1,0.3,5,1.0,0.9999322,1.0,0.999183,9.958835708382729e-05,0.03801293,,,,
page_rank,N/A,rrg,0.0,0.2,0.3,5,0.79,0.8000097,0.0,0.0,5.910898948624816,6.836266,,,,
page_rank,N/A,rrg,0.1,0.2,0.3,5,0.813,0.81674683,0.10952380952380911,0.11074918,4.78992231863853,5.1523438,,,,
page_rank,N/A,rrg,0.2,0.2,0.3,5,0.844,0.8405027,0.2571428571428569,0.23693302,3.8521236351939367,4.01728,,,,
page_rank,N/A,rrg,0.30000000000000004,0.2,0.3,5,0.867,0.8690876,0.36666666666666653,0.37738094,3.002033512520272,3.1579864,,,,
page_rank,N/A,rrg,0.4,0.2,0.3,5,0.879,0.8898926,0.42380952380952375,0.44669852,2.208521251308125,2.5240102,,,,
page_rank,N/A,rrg,0.5,0.2,0.3,5,0.915,0.9125364,0.5952380952380953,0.5803247,1.5483222616996224,1.685063,,,,
page_rank,N/A,rrg,0.6000000000000001,0.2,0.3,5,0.94,0.936431,0.714285714285714,0.70221287,1.2964379658629197,1.2706654,,,,
page_rank,N/A,rrg,0.7000000000000001,0.2,0.3,5,0.954,0.9523661,0.7809523809523807,0.7710182,0.7019524035757956,0.8806062,,,,
page_rank,N/A,rrg,0.8,0.2,0.3,5,0.972,0.9746301,0.8666666666666665,0.8794334,0.38140166303634776,0.5064907,,,,
page_rank,N/A,rrg,0.9,0.2,0.3,5,0.992,0.98525673,0.9619047619047618,0.9306246,0.26951957921657,0.29907706,,,,
page_rank,N/A,rrg,1.0,0.2,0.3,5,1.0,0.99989635,1.0,0.99950624,3.268373345177761e-05,0.04611138,,,,
page_rank,N/A,rrg,0.0,0.3,0.3,5,0.702,0.700031,0.0,0.0,4.6854198885061775,4.7643957,,,,
page_rank,N/A,rrg,0.1,0.3,0.3,5,0.737,0.7315661,0.1174496644295303,0.101465404,3.9124098295400715,3.9101498,,,,
page_rank,N/A,rrg,0.2,0.3,0.3,5,0.773,0.76890415,0.23825503355704716,0.23006296,3.051381907878569,3.2152963,,,,
page_rank,N/A,rrg,0.30000000000000004,0.3,0.3,5,0.792,0.7999464,0.3020134228187922,0.30988228,2.5466779676111546,2.665372,,,,
page_rank,N/A,rrg,0.4,0.3,0.3,5,0.83,0.83627564,0.4295302013422818,0.45844468,2.0030299799073683,2.1255667,,,,
page_rank,N/A,rrg,0.5,0.3,0.3,5,0.883,0.8721364,0.6073825503355705,0.5871492,1.3999665044220415,1.5798445,,,,
page_rank,N/A,rrg,0.6000000000000001,0.3,0.3,5,0.894,0.8989976,0.6442953020134229,0.6623546,1.181453457587083,1.1776528,,,,
page_rank,N/A,rrg,0.7000000000000001,0.3,0.3,5,0.929,0.92710626,0.7617449664429532,0.757644,0.8944033168412477,0.81717247,,,,
page_rank,N/A,rrg,0.8,0.3,0.3,5,0.955,0.9552516,0.848993288590604,0.85131836,0.5392166913579178,0.51793784,,,,
page_rank,N/A,rrg,0.9,0.3,0.3,5,0.976,0.9769403,0.919463087248322,0.92202634,0.3010493138859907,0.2697395,,,,
page_rank,N/A,rrg,1.0,0.3,0.3,5,1.0,0.99972093,1.0,0.99906284,7.496701679726145e-05,0.09609633,,,,
page_rank,N/A,rrg,0.0,0.4,0.3,5,0.606,0.60008657,0.0,0.0,3.2827407268974502,3.451542,,,,
page_rank,N/A,rrg,0.1,0.4,0.3,5,0.656,0.64740366,0.1269035532994925,0.11873719,2.6990520735930734,2.9410822,,,,
page_rank,N/A,rrg,0.2,0.4,0.3,5,0.689,0.6911704,0.21065989847715727,0.22103903,2.3440439583824304,2.4578443,,,,
page_rank,N/A,rrg,0.30000000000000004,0.4,0.3,5,0.74,0.73657,0.3401015228426396,0.33063757,2.140138321405211,2.0810263,,,,
page_rank,N/A,rrg,0.4,0.4,0.3,5,0.8,0.7791611,0.4923857868020306,0.45508698,1.9376606507853646,1.5924951,,,,
page_rank,N/A,rrg,0.5,0.4,0.3,5,0.832,0.8239158,0.5736040609137055,0.5555666,1.422850385899195,1.3605536,,,,
page_rank,N/A,rrg,0.6000000000000001,0.4,0.3,5,0.871,0.86597043,0.6725888324873096,0.65660524,0.876398015588027,1.0457368,,,,
page_rank,N/A,rrg,0.7000000000000001,0.4,0.3,5,0.906,0.90505815,0.7614213197969544,0.7557534,0.7041401650196131,0.8006976,,,,
page_rank,N/A,rrg,0.8,0.4,0.3,5,0.933,0.936514,0.8299492385786803,0.8367136,0.4421418410468281,0.5230611,,,,
page_rank,N/A,rrg,0.9,0.4,0.3,5,0.965,0.9679238,0.9111675126903552,0.9188294,0.25102686764104976,0.2559038,,,,
page_rank,N/A,rrg,1.0,0.4,0.3,5,1.0,0.99960136,1.0,0.9989873,0.0001227654902751436,0.11718619,,,,
page_rank,N/A,rrg,0.0,0.05,0.3,6,0.948,0.95000243,0.0,0.0,12.437463137472783,14.239045,,,,
page_rank,N/A,rrg,0.1,0.05,0.3,6,0.952,0.9510658,0.07692307692307693,0.061613813,7.990491915776607,9.020551,,,,
page_rank,N/A,rrg,0.2,0.05,0.3,6,0.96,0.9608125,0.23076923076923078,0.22865553,6.045143783508188,5.961878,,,,
page_rank,N/A,rrg,0.30000000000000004,0.05,0.3,6,0.975,0.9700266,0.5192307692307693,0.45628798,3.6680294633269406,3.8863912,,,,
page_rank,N/A,rrg,0.4,0.05,0.3,6,0.974,0.9752152,0.5,0.5050375,2.674751097320275,2.46212,,,,
page_rank,N/A,rrg,0.5,0.05,0.3,6,0.985,0.98491275,0.7115384615384616,0.7097441,1.4306127216302194,1.5821959,,,,
page_rank,N/A,rrg,0.6000000000000001,0.05,0.3,6,0.988,0.98664194,0.7692307692307693,0.752366,0.9487231736683654,1.2002937,,,,
page_rank,N/A,rrg,0.7000000000000001,0.05,0.3,6,0.992,0.9917122,0.8461538461538461,0.83788145,0.6178863937574559,0.74362683,,,,
page_rank,N/A,rrg,0.8,0.05,0.3,6,0.995,0.99604505,0.9038461538461539,0.9200681,0.4068273999519265,0.4525025,,,,
page_rank,N/A,rrg,0.9,0.05,0.3,6,0.998,0.9993407,0.9615384615384616,0.98696226,0.16213169255163495,0.2015495,,,,
page_rank,N/A,rrg,1.0,0.05,0.3,6,1.0,0.99997526,1.0,0.9995242,1.8485391662840225e-05,0.022694489,,,,
page_rank,N/A,rrg,0.0,0.1,0.3,6,0.891,0.9000016,0.0,0.0,10.492231721154127,10.708196,,,,
page_rank,N/A,rrg,0.1,0.1,0.3,6,0.907,0.9081551,0.14678899082568822,0.1294221,7.698947584969882,7.365801,,,,
page_rank,N/A,rrg,0.2,0.1,0.3,6,0.918,0.91981757,0.2477064220183489,0.25499067,5.4566357791765405,5.2068644,,,,
page_rank,N/A,rrg,0.30000000000000004,0.1,0.3,6,0.938,0.9328732,0.43119266055045813,0.3555868,4.23097034949599,3.8838303,,,,
page_rank,N/A,rrg,0.4,0.1,0.3,6,0.933,0.9480668,0.3853211009174316,0.49644685,2.998079086603304,2.7976031,,,,
page_rank,N/A,rrg,0.5,0.1,0.3,6,0.959,0.9606648,0.6238532110091739,0.63015383,1.9785942594714114,1.972666,,,,
page_rank,N/A,rrg,0.6000000000000001,0.1,0.3,6,0.972,0.97219753,0.7431192660550456,0.7317553,1.6190274282833956,1.2616515,,,,
page_rank,N/A,rrg,0.7000000000000001,0.1,0.3,6,0.982,0.9837748,0.8348623853211008,0.8472197,0.7514678848870026,0.7975412,,,,
page_rank,N/A,rrg,0.8,0.1,0.3,6,0.988,0.99014074,0.8899082568807338,0.90780425,0.5993800332677633,0.50410324,,,,
page_rank,N/A,rrg,0.9,0.1,0.3,6,0.995,0.99628466,0.9541284403669724,0.9650964,0.2932460367810455,0.26452518,,,,
page_rank,N/A,rrg,1.0,0.1,0.3,6,1.0,0.9999308,1.0,0.99936485,4.005423901511021e-05,0.036246423,,,,
page_rank,N/A,rrg,0.0,0.2,0.3,6,0.8,0.8000097,0.0,0.0,6.154301824048247,6.836266,,,,
page_rank,N/A,rrg,0.1,0.2,0.3,6,0.82,0.82053083,0.09999999999999956,0.103777505,4.841522432319293,5.337712,,,,
page_rank,N/A,rrg,0.2,0.2,0.3,6,0.838,0.8446535,0.18999999999999967,0.22233152,3.995042232814273,4.2060556,,,,
page_rank,N/A,rrg,0.30000000000000004,0.2,0.3,6,0.873,0.86044884,0.3649999999999998,0.3247411,3.104509023102123,3.1894584,,,,
page_rank,N/A,rrg,0.4,0.2,0.3,6,0.899,0.8895953,0.495,0.45697284,2.232545047395323,2.4784663,,,,
page_rank,N/A,rrg,0.5,0.2,0.3,6,0.911,0.9156328,0.555,0.57365435,1.7393061347732433,1.8734707,,,,
page_rank,N/A,rrg,0.6000000000000001,0.2,0.3,6,0.936,0.9365371,0.6800000000000002,0.6877522,1.0691382131721274,1.2553132,,,,
page_rank,N/A,rrg,0.7000000000000001,0.2,0.3,6,0.952,0.9570929,0.7599999999999998,0.7829079,0.927609230243169,0.86537606,,,,
page_rank,N/A,rrg,0.8,0.2,0.3,6,0.969,0.97077805,0.8449999999999999,0.85260755,0.42167033645941643,0.5021169,,,,
page_rank,N/A,rrg,0.9,0.2,0.3,6,0.984,0.98833996,0.9199999999999999,0.9398801,0.2252993373836559,0.23844549,,,,
page_rank,N/A,rrg,1.0,0.2,0.3,6,1.0,0.999913,1.0,0.99956477,1.9378346898733232e-05,0.041121382,,,,
page_rank,N/A,rrg,0.0,0.3,0.3,6,0.696,0.700031,0.0,0.0,4.103590481767896,4.7643957,,,,
page_rank,N/A,rrg,0.1,0.3,0.3,6,0.725,0.73100793,0.09539473684210534,0.10977794,3.5932523277318564,3.8646305,,,,
page_rank,N/A,rrg,0.2,0.3,0.3,6,0.775,0.7595719,0.25986842105263175,0.23538026,2.951504198197291,3.0882661,,,,
page_rank,N/A,rrg,0.30000000000000004,0.3,0.3,6,0.795,0.8036637,0.32565789473684237,0.34496045,2.3173624946912703,2.5823793,,,,
page_rank,N/A,rrg,0.4,0.3,0.3,6,0.846,0.82986,0.4934210526315789,0.4559766,1.9591749888295527,2.0745034,,,,
page_rank,N/A,rrg,0.5,0.3,0.3,6,0.86,0.86936724,0.5394736842105263,0.5621297,1.3771361466592744,1.5889714,,,,
page_rank,N/A,rrg,0.6000000000000001,0.3,0.3,6,0.88,0.8954336,0.605263157894737,0.6511026,1.0485202431103915,1.180343,,,,
page_rank,N/A,rrg,0.7000000000000001,0.3,0.3,6,0.927,0.9242503,0.7598684210526317,0.75543356,0.7505689931692072,0.8067303,,,,
page_rank,N/A,rrg,0.8,0.3,0.3,6,0.955,0.95705587,0.8519736842105262,0.8582055,0.5209636385529086,0.5464833,,,,
page_rank,N/A,rrg,0.9,0.3,0.3,6,0.973,0.97591597,0.9111842105263157,0.920658,0.20167527641877814,0.28241968,,,,
page_rank,N/A,rrg,1.0,0.3,0.3,6,1.0,0.9997114,1.0,0.9990499,0.00010190478569313827,0.10119433,,,,
page_rank,N/A,rrg,0.0,0.4,0.3,6,0.598,0.60008657,0.0,0.0,3.3323351314756593,3.451542,,,,
page_rank,N/A,rrg,0.1,0.4,0.3,6,0.638,0.6429392,0.09950248756218914,0.11911639,2.957523669954264,2.8837328,,,,
page_rank,N/A,rrg,0.2,0.4,0.3,6,0.709,0.6929969,0.2761194029850746,0.26163372,2.342030825304412,2.4219813,,,,
page_rank,N/A,rrg,0.30000000000000004,0.4,0.3,6,0.739,0.7411919,0.35074626865671643,0.36667553,1.9331513803809144,2.0473628,,,,
page_rank,N/A,rrg,0.4,0.4,0.3,6,0.768,0.77999413,0.42288557213930356,0.45496613,1.6047490901188113,1.6680492,,,,
page_rank,N/A,rrg,0.5,0.4,0.3,6,0.835,0.8244276,0.5895522388059701,0.57165146,1.2375947060969361,1.3461841,,,,
page_rank,N/A,rrg,0.6000000000000001,0.4,0.3,6,0.864,0.85909206,0.6616915422885572,0.6499574,0.8919710416136392,1.011177,,,,
page_rank,N/A,rrg,0.7000000000000001,0.4,0.3,6,0.898,0.8991811,0.746268656716418,0.74855673,0.6610446613964454,0.7552723,,,,
page_rank,N/A,rrg,0.8,0.4,0.3,6,0.943,0.9351621,0.8582089552238805,0.8417765,0.5979224916807889,0.4923228,,,,
page_rank,N/A,rrg,0.9,0.4,0.3,6,0.976,0.9683087,0.9402985074626865,0.92299145,0.23496297000555352,0.2703309,,,,
page_rank,N/A,rrg,1.0,0.4,0.3,6,1.0,0.99961996,1.0,0.99905384,0.00012190516112613009,0.11319475,,,,
page_rank,N/A,rrg,0.0,0.05,0.3,7,0.929,0.95000243,0.0,0.0,13.561543799246465,14.239045,,,,
page_rank,N/A,rrg,0.1,0.05,0.3,7,0.943,0.9506188,0.19718309859154803,0.20333579,8.780406899064396,8.504886,,,,
page_rank,N/A,rrg,0.2,0.05,0.3,7,0.947,0.95182824,0.2535211267605622,0.24077232,6.603698041946312,5.5410953,,,,
page_rank,N/A,rrg,0.30000000000000004,0.05,0.3,7,0.956,0.95977235,0.3802816901408441,0.35112986,5.059996315630373,4.0879703,,,,
page_rank,N/A,rrg,0.4,0.05,0.3,7,0.968,0.97273535,0.5492957746478866,0.57732093,3.5600432609898864,2.687498,,,,
page_rank,N/A,rrg,0.5,0.05,0.3,7,0.972,0.9818621,0.6056338028169008,0.719953,2.3250885409892605,1.780031,,,,
page_rank,N/A,rrg,0.6000000000000001,0.05,0.3,7,0.98,0.98451716,0.7183098591549292,0.7672934,1.650482139480541,1.3459092,,,,
page_rank,N/A,rrg,0.7000000000000001,0.05,0.3,7,0.989,0.9899252,0.845070422535211,0.8556343,0.857084543192259,0.78665656,,,,
page_rank,N/A,rrg,0.8,0.05,0.3,7,0.995,0.9960331,0.9295774647887323,0.9424167,0.5448274764902054,0.56242967,,,,
page_rank,N/A,rrg,0.9,0.05,0.3,7,0.998,0.998693,0.9718309859154929,0.98133546,0.1824903154470962,0.23937377,,,,
page_rank,N/A,rrg,1.0,0.05,0.3,7,1.0,0.99996644,1.0,0.9995273,3.928664219614646e-05,0.031151718,,,,
page_rank,N/A,rrg,0.0,0.1,0.3,7,0.904,0.9000016,0.0,0.0,12.165445474854383,10.708196,,,,
page_rank,N/A,rrg,0.1,0.1,0.3,7,0.915,0.9151638,0.11458333333333347,0.10835338,7.996042172517446,7.7300653,,,,
page_rank,N/A,rrg,0.2,0.1,0.3,7,0.926,0.9264242,0.22916666666666693,0.2478784,6.364900198152829,5.4824257,,,,
page_rank,N/A,rrg,0.30000000000000004,0.1,0.3,7,0.948,0.94286823,0.4583333333333327,0.42208284,3.6417366692773117,3.9954913,,,,
page_rank,N/A,rrg,0.4,0.1,0.3,7,0.952,0.9547876,0.49999999999999944,0.51844513,2.930653446207914,2.778881,,,,
page_rank,N/A,rrg,0.5,0.1,0.3,7,0.969,0.96431834,0.6770833333333329,0.6306786,1.6341715722905372,1.9297116,,,,
page_rank,N/A,rrg,0.6000000000000001,0.1,0.3,7,0.977,0.97811484,0.7604166666666664,0.7688697,1.4424339804966375,1.4260519,,,,
page_rank,N/A,rrg,0.7000000000000001,0.1,0.3,7,0.992,0.9829284,0.9166666666666665,0.82927084,0.7905125328857091,0.9032171,,,,
page_rank,N/A,rrg,0.8,0.1,0.3,7,0.986,0.99010015,0.8541666666666665,0.8946727,0.5811657694046297,0.5047545,,,,
page_rank,N/A,rrg,0.9,0.1,0.3,7,0.997,0.9966046,0.96875,0.96468556,0.22068223087592315,0.24051052,,,,
page_rank,N/A,rrg,1.0,0.1,0.3,7,1.0,0.99995005,1.0,0.99947953,2.0602102045710275e-05,0.032723945,,,,
page_rank,N/A,rrg,0.0,0.2,0.3,7,0.799,0.8000097,0.0,0.0,7.904058025315489,6.836266,,,,
page_rank,N/A,rrg,0.1,0.2,0.3,7,0.828,0.8264691,0.14427860696517375,0.13707316,6.271505615541176,5.3219657,,,,
page_rank,N/A,rrg,0.2,0.2,0.3,7,0.833,0.8473791,0.16915422885572104,0.1894675,4.799138073148642,4.4339566,,,,
page_rank,N/A,rrg,0.30000000000000004,0.2,0.3,7,0.858,0.8753589,0.2935323383084575,0.3322149,3.7030178285283974,3.5590177,,,,
page_rank,N/A,rrg,0.4,0.2,0.3,7,0.899,0.9005797,0.4975124378109453,0.49111122,2.728104472796098,2.5857284,,,,
page_rank,N/A,rrg,0.5,0.2,0.3,7,0.92,0.92314655,0.6019900497512439,0.60379744,1.8377053710583717,1.8658284,,,,
page_rank,N/A,rrg,0.6000000000000001,0.2,0.3,7,0.942,0.9446592,0.7114427860696514,0.7174791,1.3764849622454818,1.4309344,,,,
page_rank,N/A,rrg,0.7000000000000001,0.2,0.3,7,0.965,0.9607535,0.825870646766169,0.80319256,1.042578864675233,0.895573,,,,
page_rank,N/A,rrg,0.8,0.2,0.3,7,0.977,0.9739591,0.8855721393034824,0.8710647,0.4214910379001953,0.5913569,,,,
page_rank,N/A,rrg,0.9,0.2,0.3,7,0.99,0.9891596,0.9502487562189054,0.94556355,0.21433272002113038,0.3104217,,,,
page_rank,N/A,rrg,1.0,0.2,0.3,7,1.0,0.99989086,1.0,0.9994568,3.4909258408060745e-05,0.045811135,,,,
page_rank,N/A,rrg,0.0,0.3,0.3,7,0.704,0.700031,0.0,0.0,4.538177685747389,4.7643957,,,,
page_rank,N/A,rrg,0.1,0.3,0.3,7,0.737,0.7305137,0.11148648648648657,0.115237534,3.8748509658729726,3.8363507,,,,
page_rank,N/A,rrg,0.2,0.3,0.3,7,0.765,0.7601675,0.20608108108108122,0.20498782,3.4532214654959197,3.143679,,,,
page_rank,N/A,rrg,0.30000000000000004,0.3,0.3,7,0.811,0.8028639,0.36148648648648674,0.34399354,2.745131298875347,2.6184723,,,,
page_rank,N/A,rrg,0.4,0.3,0.3,7,0.84,0.83862,0.45945945945945943,0.43746322,1.962072179980662,2.149138,,,,
page_rank,N/A,rrg,0.5,0.3,0.3,7,0.868,0.87268883,0.5540540540540541,0.56097144,1.4741728814082784,1.6551763,,,,
page_rank,N/A,rrg,0.6000000000000001,0.3,0.3,7,0.915,0.89530295,0.712837837837838,0.661443,1.4640273193093556,1.1875619,,,,
page_rank,N/A,rrg,0.7000000000000001,0.3,0.3,7,0.931,0.92959017,0.7668918918918921,0.7654737,0.9562791555912331,0.8675824,,,,
page_rank,N/A,rrg,0.8,0.3,0.3,7,0.952,0.9557264,0.8378378378378377,0.85144633,0.5800807317071454,0.5588102,,,,
page_rank,N/A,rrg,0.9,0.3,0.3,7,0.98,0.97913617,0.9324324324324323,0.9292663,0.18645475506495968,0.28948864,,,,
page_rank,N/A,rrg,1.0,0.3,0.3,7,1.0,0.99971694,1.0,0.9990429,8.853588072950932e-05,0.09725207,,,,
page_rank,N/A,rrg,0.0,0.4,0.3,7,0.6,0.60008657,0.0,0.0,3.2486398573610504,3.451542,,,,
page_rank,N/A,rrg,0.1,0.4,0.3,7,0.647,0.64445394,0.1175000000000001,0.12669438,2.8095359034105614,2.8799827,,,,
page_rank,N/A,rrg,0.2,0.4,0.3,7,0.697,0.69372404,0.24249999999999994,0.22854027,2.268151191642999,2.4923663,,,,
page_rank,N/A,rrg,0.30000000000000004,0.4,0.3,7,0.745,0.7359244,0.36250000000000004,0.34525928,2.095931225411059,2.0641685,,,,
page_rank,N/A,rrg,0.4,0.4,0.3,7,0.796,0.7821506,0.49000000000000016,0.4556062,1.5507709344099985,1.7019049,,,,
page_rank,N/A,rrg,0.5,0.4,0.3,7,0.825,0.8213104,0.5624999999999999,0.55929744,1.1703617305869785,1.3795308,,,,
page_rank,N/A,rrg,0.6000000000000001,0.4,0.3,7,0.866,0.8615831,0.665,0.6511709,0.8224823581490944,1.0396987,,,,
page_rank,N/A,rrg,0.7000000000000001,0.4,0.3,7,0.894,0.90275913,0.7350000000000001,0.7519592,0.6497990424358588,0.8338214,,,,
page_rank,N/A,rrg,0.8,0.4,0.3,7,0.933,0.93397194,0.8325000000000001,0.8325054,0.39271673572239435,0.51334804,,,,
page_rank,N/A,rrg,0.9,0.4,0.3,7,0.969,0.96826845,0.9225,0.9217075,0.2335178771268483,0.30027145,,,,
page_rank,N/A,rrg,1.0,0.4,0.3,7,1.0,0.9996168,1.0,0.9990412,0.00011489355444959695,0.11214061,,,,
page_rank,N/A,rrg,0.0,0.05,0.3,8,0.958,0.95000243,0.0,0.0,15.43475888522974,14.239045,,,,
page_rank,N/A,rrg,0.1,0.05,0.3,8,0.965,0.9537218,0.16666666666666666,0.10529057,10.944434573209715,9.197057,,,,
page_rank,N/A,rrg,0.2,0.05,0.3,8,0.971,0.9632293,0.30952380952380953,0.23527472,6.784082962713228,6.1134305,,,,
page_rank,N/A,rrg,0.30000000000000004,0.05,0.3,8,0.978,0.9750521,0.47619047619047616,0.4054408,4.049307137617933,3.8963442,,,,
page_rank,N/A,rrg,0.4,0.05,0.3,8,0.986,0.98226476,0.6666666666666666,0.578745,2.480639515870002,2.431868,,,,
page_rank,N/A,rrg,0.5,0.05,0.3,8,0.987,0.9826245,0.6904761904761905,0.5876335,1.8919657652558246,1.6997173,,,,
page_rank,N/A,rrg,0.6000000000000001,0.05,0.3,8,0.989,0.98701525,0.7380952380952381,0.6965204,1.2617827006370306,1.2691113,,,,
page_rank,N/A,rrg,0.7000000000000001,0.05,0.3,8,0.992,0.99285024,0.8095238095238095,0.8326994,0.8494919530752529,0.7203641,,,,
page_rank,N/A,rrg,0.8,0.05,0.3,8,0.995,0.99616003,0.8809523809523809,0.90831715,0.3827084507522326,0.43408814,,,,
page_rank,N/A,rrg,0.9,0.05,0.3,8,1.0,0.99928635,1.0,0.9832473,0.19509963732347393,0.2325405,,,,
page_rank,N/A,rrg,1.0,0.05,0.3,8,1.0,0.9999782,1.0,0.9994804,4.229747802407304e-05,0.022634357,,,,
page_rank,N/A,rrg,0.0,0.1,0.3,8,0.913,0.9000016,0.0,0.0,12.529436533203992,10.708196,,,,
page_rank,N/A,rrg,0.1,0.1,0.3,8,0.921,0.9193771,0.09195402298850587,0.06940898,7.861800103671132,8.00054,,,,
page_rank,N/A,rrg,0.2,0.1,0.3,8,0.932,0.93524903,0.21839080459770144,0.22774675,5.7899443460749005,5.8557,,,,
page_rank,N/A,rrg,0.30000000000000004,0.1,0.3,8,0.94,0.9434143,0.310344827586206,0.35904032,4.506514966049794,3.992852,,,,
page_rank,N/A,rrg,0.4,0.1,0.3,8,0.955,0.95389944,0.4827586206896545,0.4553657,3.1734585470974532,2.88148,,,,
page_rank,N/A,rrg,0.5,0.1,0.3,8,0.967,0.9694856,0.6206896551724133,0.6458739,1.7072786212844693,1.9685861,,,,
page_rank,N/A,rrg,0.6000000000000001,0.1,0.3,8,0.982,0.9817585,0.7931034482758618,0.7881011,1.371467797966516,1.3443624,,,,
page_rank,N/A,rrg,0.7000000000000001,0.1,0.3,8,0.985,0.98635876,0.8275862068965515,0.8395941,0.68593656350284,0.75937253,,,,
page_rank,N/A,rrg,0.8,0.1,0.3,8,0.998,0.99425256,0.9770114942528735,0.93576026,0.4236229122301085,0.509667,,,,
page_rank,N/A,rrg,0.9,0.1,0.3,8,0.995,0.99724406,0.9425287356321839,0.96746033,0.17993267123236956,0.2037117,,,,
page_rank,N/A,rrg,1.0,0.1,0.3,8,1.0,0.99995744,1.0,0.9995107,1.9789044479825842e-05,0.028437858,,,,
page_rank,N/A,rrg,0.0,0.2,0.3,8,0.799,0.8000097,0.0,0.0,6.404520138219085,6.836266,,,,
page_rank,N/A,rrg,0.1,0.2,0.3,8,0.824,0.8231791,0.1243781094527359,0.118444,5.183501358762899,5.337827,,,,
page_rank,N/A,rrg,0.2,0.2,0.3,8,0.848,0.8396273,0.2437810945273629,0.20997132,4.462891663585019,4.2499976,,,,
page_rank,N/A,rrg,0.30000000000000004,0.2,0.3,8,0.873,0.8678634,0.3681592039800994,0.3533765,3.34526358591695,3.3229082,,,,
page_rank,N/A,rrg,0.4,0.2,0.3,8,0.893,0.8953273,0.46766169154228854,0.46090284,2.5201787687365957,2.5662363,,,,
page_rank,N/A,rrg,0.5,0.2,0.3,8,0.929,0.9192173,0.646766169154229,0.6080349,2.137426844237071,1.8665029,,,,
page_rank,N/A,rrg,0.6000000000000001,0.2,0.3,8,0.934,0.9379984,0.6716417910447763,0.6850961,1.3865328747063173,1.3468118,,,,
page_rank,N/A,rrg,0.7000000000000001,0.2,0.3,8,0.944,0.955474,0.7213930348258704,0.76929885,1.0112760043758564,0.9533301,,,,
page_rank,N/A,rrg,0.8,0.2,0.3,8,0.981,0.9732982,0.9054726368159203,0.87230784,0.5510960754488169,0.5556241,,,,
page_rank,N/A,rrg,0.9,0.2,0.3,8,0.99,0.988468,0.9502487562189054,0.9430515,0.23230830388154436,0.27577403,,,,
page_rank,N/A,rrg,1.0,0.2,0.3,8,1.0,0.99987954,1.0,0.99940044,3.860427702699667e-05,0.048874155,,,,
page_rank,N/A,rrg,0.0,0.3,0.3,8,0.685,0.700031,0.0,0.0,4.317303402910475,4.7643957,,,,
page_rank,N/A,rrg,0.1,0.3,0.3,8,0.719,0.72207206,0.10793650793650769,0.10546855,3.814535297258243,3.7143717,,,,
page_rank,N/A,rrg,0.2,0.3,0.3,8,0.752,0.7632799,0.21269841269841258,0.23445609,3.12807647986514,3.1303473,,,,
page_rank,N/A,rrg,0.30000000000000004,0.3,0.3,8,0.778,0.798948,0.2952380952380952,0.33198604,2.555341086313065,2.535139,,,,
page_rank,N/A,rrg,0.4,0.3,0.3,8,0.824,0.83671016,0.44126984126984103,0.4658069,2.009782609413132,2.098638,,,,
page_rank,N/A,rrg,0.5,0.3,0.3,8,0.844,0.8669041,0.5047619047619046,0.5560857,1.5824511923901325,1.5654414,,,,
page_rank,N/A,rrg,0.6000000000000001,0.3,0.3,8,0.893,0.9027294,0.6603174603174603,0.68090224,1.125399825478974,1.2264274,,,,
page_rank,N/A,rrg,0.7000000000000001,0.3,0.3,8,0.929,0.92694616,0.7746031746031747,0.7655833,0.8202824912158676,0.8795958,,,,
page_rank,N/A,rrg,0.8,0.3,0.3,8,0.956,0.9562162,0.8603174603174601,0.8620923,0.5322484753743207,0.5429918,,,,
page_rank,N/A,rrg,0.9,0.3,0.3,8,0.983,0.9791438,0.946031746031746,0.93485516,0.1630746434033268,0.28842992,,,,
page_rank,N/A,rrg,1.0,0.3,0.3,8,1.0,0.9996803,1.0,0.99898416,0.0001091605738186045,0.106187955,,,,
page_rank,N/A,rrg,0.0,0.4,0.3,8,0.614,0.60008657,0.0,0.0,3.4854510482046326,3.451542,,,,
page_rank,N/A,rrg,0.1,0.4,0.3,8,0.66,0.6452114,0.11917098445595865,0.12634838,3.0750662284024806,2.8739486,,,,
page_rank,N/A,rrg,0.2,0.4,0.3,8,0.701,0.69805115,0.22538860103626934,0.24547403,2.50938200308879,2.5082765,,,,
page_rank,N/A,rrg,0.30000000000000004,0.4,0.3,8,0.747,0.73694414,0.344559585492228,0.33280113,2.258494429610534,2.0622041,,,,
page_rank,N/A,rrg,0.4,0.4,0.3,8,0.781,0.7820787,0.4326424870466322,0.4397718,1.7608573945971517,1.6966683,,,,
page_rank,N/A,rrg,0.5,0.4,0.3,8,0.83,0.8232625,0.5595854922279792,0.54736066,1.476312456460639,1.342792,,,,
page_rank,N/A,rrg,0.6000000000000001,0.4,0.3,8,0.872,0.86430293,0.6683937823834197,0.65176845,0.9411091640427445,1.0856884,,,,
page_rank,N/A,rrg,0.7000000000000001,0.4,0.3,8,0.894,0.9002799,0.7253886010362695,0.7442818,0.7375661026425352,0.7983934,,,,
page_rank,N/A,rrg,0.8,0.4,0.3,8,0.948,0.93959266,0.8652849740932641,0.84311306,0.3871828579887479,0.52287835,,,,
page_rank,N/A,rrg,0.9,0.4,0.3,8,0.972,0.96976894,0.927461139896373,0.92163074,0.25441548976034073,0.2762762,,,,
page_rank,N/A,rrg,1.0,0.4,0.3,8,1.0,0.9996168,1.0,0.9990064,0.00011428120578348538,0.11381014,,,,
page_rank,N/A,rrg,0.0,0.05,0.3,9,0.94,0.95000243,0.0,0.0,13.314378357733403,14.239045,,,,
page_rank,N/A,rrg,0.1,0.05,0.3,9,0.948,0.9502873,0.13333333333333333,0.14334942,9.319864498909501,8.582546,,,,
page_rank,N/A,rrg,0.2,0.05,0.3,9,0.953,0.95874375,0.21666666666666667,0.23801257,6.148366620923008,5.946117,,,,
page_rank,N/A,rrg,0.30000000000000004,0.05,0.3,9,0.971,0.97329986,0.5166666666666667,0.54374766,4.321704045937643,3.6916244,,,,
page_rank,N/A,rrg,0.4,0.05,0.3,9,0.973,0.97234243,0.55,0.51741105,2.769238355890211,2.5743637,,,,
page_rank,N/A,rrg,0.5,0.05,0.3,9,0.977,0.9785778,0.6166666666666667,0.6547595,1.7683937575912578,1.9033571,,,,
page_rank,N/A,rrg,0.6000000000000001,0.05,0.3,9,0.983,0.98554456,0.7166666666666667,0.7508496,1.2819507293709331,1.2912471,,,,
page_rank,N/A,rrg,0.7000000000000001,0.05,0.3,9,0.991,0.9931377,0.85,0.88091385,0.8189307903649371,0.83685154,,,,
page_rank,N/A,rrg,0.8,0.05,0.3,9,0.995,0.9966086,0.9166666666666666,0.94414556,0.5133498496467488,0.57257897,,,,
page_rank,N/A,rrg,0.9,0.05,0.3,9,1.0,0.9969502,1.0,0.9494636,0.2747131562689415,0.22787027,,,,
page_rank,N/A,rrg,1.0,0.05,0.3,9,1.0,0.9999659,1.0,0.9994316,2.1045416270417854e-05,0.025142306,,,,
page_rank,N/A,rrg,0.0,0.1,0.3,9,0.919,0.9000016,0.0,0.0,11.405982519856368,10.708196,,,,
page_rank,N/A,rrg,0.1,0.1,0.3,9,0.932,0.9160763,0.16049382716049404,0.14886463,8.02706599505771,7.610884,,,,
page_rank,N/A,rrg,0.2,0.1,0.3,9,0.942,0.9320428,0.28395061728394966,0.24065347,6.092470400962907,5.6713924,,,,
page_rank,N/A,rrg,0.30000000000000004,0.1,0.3,9,0.953,0.94561964,0.4197530864197523,0.39034346,4.054757638138735,4.042056,,,,
page_rank,N/A,rrg,0.4,0.1,0.3,9,0.961,0.95508826,0.5185185185185178,0.49104714,2.78294573632494,2.6760054,,,,
page_rank,N/A,rrg,0.5,0.1,0.3,9,0.97,0.9639661,0.6296296296296291,0.5836207,1.7609748296181047,1.890301,,,,
page_rank,N/A,rrg,0.6000000000000001,0.1,0.3,9,0.977,0.9751875,0.716049382716049,0.69651824,1.5287460207575987,1.2925917,,,,
page_rank,N/A,rrg,0.7000000000000001,0.1,0.3,9,0.985,0.9846663,0.8148148148148145,0.8135116,0.7372870224006657,0.8599596,,,,
page_rank,N/A,rrg,0.8,0.1,0.3,9,0.998,0.991697,0.9753086419753086,0.9028385,0.3724451586830532,0.5086998,,,,
page_rank,N/A,rrg,0.9,0.1,0.3,9,0.998,0.99684215,0.9753086419753086,0.9614641,0.187076595546972,0.25335062,,,,
page_rank,N/A,rrg,1.0,0.1,0.3,9,1.0,0.9999415,1.0,0.9992778,6.028764716745545e-05,0.033341154,,,,
page_rank,N/A,rrg,0.0,0.2,0.3,9,0.808,0.8000097,0.0,0.0,6.668315831139769,6.836266,,,,
page_rank,N/A,rrg,0.1,0.2,0.3,9,0.83,0.82332337,0.11458333333333288,0.10305968,5.468588419858165,5.437141,,,,
page_rank,N/A,rrg,0.2,0.2,0.3,9,0.845,0.847501,0.19270833333333298,0.22212254,4.013535382403935,4.1937013,,,,
page_rank,N/A,rrg,0.30000000000000004,0.2,0.3,9,0.884,0.86991984,0.3958333333333332,0.3392827,3.2101102900328797,3.2090316,,,,
page_rank,N/A,rrg,0.4,0.2,0.3,9,0.893,0.89700735,0.44270833333333326,0.44624853,2.128543575669939,2.6007602,,,,
page_rank,N/A,rrg,0.5,0.2,0.3,9,0.928,0.91742957,0.6250000000000001,0.5851681,1.6091141615471225,1.8784899,,,,
page_rank,N/A,rrg,0.6000000000000001,0.2,0.3,9,0.947,0.936735,0.723958333333333,0.67920876,1.6626296308843929,1.3773284,,,,
page_rank,N/A,rrg,0.7000000000000001,0.2,0.3,9,0.958,0.9576478,0.7812499999999998,0.7754625,0.8923345637873126,0.9285646,,,,
page_rank,N/A,rrg,0.8,0.2,0.3,9,0.979,0.9733606,0.8906249999999999,0.8656324,0.5139557743074894,0.4910855,,,,
page_rank,N/A,rrg,0.9,0.2,0.3,9,0.989,0.9904123,0.9427083333333333,0.94975036,0.25985194825001134,0.29744306,,,,
page_rank,N/A,rrg,1.0,0.2,0.3,9,1.0,0.9998909,1.0,0.99943167,4.164617825130091e-05,0.04750471,,,,
page_rank,N/A,rrg,0.0,0.3,0.3,9,0.689,0.700031,0.0,0.0,4.5283078584768806,4.7643957,,,,
page_rank,N/A,rrg,0.1,0.3,0.3,9,0.718,0.7260317,0.09324758842443737,0.105721705,3.8457401623578433,3.7914953,,,,
page_rank,N/A,rrg,0.2,0.3,0.3,9,0.75,0.7668518,0.1961414790996786,0.213526,3.096958300432212,3.2328799,,,,
page_rank,N/A,rrg,0.30000000000000004,0.3,0.3,9,0.787,0.801537,0.3151125401929263,0.32857323,2.573262459757805,2.6507714,,,,
page_rank,N/A,rrg,0.4,0.3,0.3,9,0.829,0.83655113,0.45016077170418,0.45564103,2.172467646545785,2.0591402,,,,
page_rank,N/A,rrg,0.5,0.3,0.3,9,0.865,0.86605066,0.5659163987138264,0.5552814,1.6351358320406597,1.6073316,,,,
page_rank,N/A,rrg,0.6000000000000001,0.3,0.3,9,0.905,0.8958589,0.694533762057878,0.66560745,1.0457391550309945,1.1548461,,,,
page_rank,N/A,rrg,0.7000000000000001,0.3,0.3,9,0.921,0.92677885,0.7459807073954986,0.7597754,0.7537543532321712,0.7908358,,,,
page_rank,N/A,rrg,0.8,0.3,0.3,9,0.965,0.9525936,0.8874598070739549,0.8511422,0.5110991705369841,0.57780737,,,,
page_rank,N/A,rrg,0.9,0.3,0.3,9,0.972,0.97923106,0.9099678456591639,0.93141174,0.2576407291984561,0.28649023,,,,
page_rank,N/A,rrg,1.0,0.3,0.3,9,1.0,0.9996804,1.0,0.99897146,0.00012720256679834692,0.10369365,,,,
page_rank,N/A,rrg,0.0,0.4,0.3,9,0.593,0.60008657,0.0,0.0,3.3118608781788073,3.451542,,,,
page_rank,N/A,rrg,0.1,0.4,0.3,9,0.628,0.64419335,0.08599508599508607,0.10310355,2.9486937104643403,2.926735,,,,
page_rank,N/A,rrg,0.2,0.4,0.3,9,0.684,0.69010556,0.22358722358722377,0.2420937,2.6083591875187224,2.4189453,,,,
page_rank,N/A,rrg,0.30000000000000004,0.4,0.3,9,0.735,0.73914015,0.3488943488943489,0.34668952,2.0142966434844767,2.062105,,,,
page_rank,N/A,rrg,0.4,0.4,0.3,9,0.769,0.7837092,0.4324324324324325,0.45492765,1.7426191175153545,1.7309523,,,,
page_rank,N/A,rrg,0.5,0.4,0.3,9,0.824,0.82615614,0.5675675675675674,0.56686914,1.2933407437059978,1.3510908,,,,
page_rank,N/A,rrg,0.6000000000000001,0.4,0.3,9,0.85,0.8608763,0.6314496314496314,0.65658367,1.0882638452480182,1.043077,,,,
page_rank,N/A,rrg,0.7000000000000001,0.4,0.3,9,0.902,0.9009795,0.7592137592137593,0.7582269,0.9872244129145893,0.78962255,,,,
page_rank,N/A,rrg,0.8,0.4,0.3,9,0.927,0.9351545,0.8206388206388208,0.83931535,0.5210225908723864,0.5286306,,,,
page_rank,N/A,rrg,0.9,0.4,0.3,9,0.965,0.97036123,0.9140049140049139,0.9259491,0.23990627126794742,0.2861676,,,,
page_rank,N/A,rrg,1.0,0.4,0.3,9,1.0,0.9995957,1.0,0.9990058,0.00011514148562400711,0.11662093,,,,
closeness,N/A,rrg,0.0,0.05,0.3,0,0.959,0.95000243,0.0,0.0,14.941760847891484,14.239045,,,,
closeness,N/A,rrg,0.1,0.05,0.3,0,0.963,0.9575999,0.0975609756097561,0.052006915,10.59670084464431,10.906801,,,,
closeness,N/A,rrg,0.2,0.05,0.3,0,0.965,0.9618456,0.14634146341463414,0.1289726,6.8677267607942065,7.888809,,,,
closeness,N/A,rrg,0.30000000000000004,0.05,0.3,0,0.973,0.96571636,0.34146341463414637,0.23693183,5.572881510184397,5.9598446,,,,
closeness,N/A,rrg,0.4,0.05,0.3,0,0.977,0.97361135,0.43902439024390244,0.40300488,4.179949554141844,4.6140547,,,,
closeness,N/A,rrg,0.5,0.05,0.3,0,0.98,0.97902274,0.5121951219512195,0.52371734,2.64300850876518,3.282998,,,,
closeness,N/A,rrg,0.6000000000000001,0.05,0.3,0,0.982,0.98253685,0.5609756097560976,0.62186474,1.7732408501302097,2.328961,,,,
closeness,N/A,rrg,0.7000000000000001,0.05,0.3,0,0.989,0.98870283,0.7317073170731707,0.74679035,1.1934043395075928,1.6261727,,,,
closeness,N/A,rrg,0.8,0.05,0.3,0,0.996,0.9939866,0.9024390243902439,0.8644698,0.7143844348406178,1.0017872,,,,
closeness,N/A,rrg,0.9,0.05,0.3,0,0.999,0.99719477,0.975609756097561,0.9332927,0.34891046839639644,0.48746467,,,,
closeness,N/A,rrg,1.0,0.05,0.3,0,1.0,0.9999658,1.0,0.99916506,3.725779752687408e-05,0.024439346,,,,
closeness,N/A,rrg,0.0,0.1,0.3,0,0.908,0.9000016,0.0,0.0,11.335480390778455,10.708196,,,,
closeness,N/A,rrg,0.1,0.1,0.3,0,0.92,0.9137571,0.13043478260869582,0.1285245,9.44665423457195,8.406811,,,,
closeness,N/A,rrg,0.2,0.1,0.3,0,0.933,0.9261428,0.2717391304347829,0.25960526,7.975112386287506,6.7243323,,,,
closeness,N/A,rrg,0.30000000000000004,0.1,0.3,0,0.944,0.93788075,0.3913043478260862,0.37834525,6.9627238483373475,5.3554873,,,,
closeness,N/A,rrg,0.4,0.1,0.3,0,0.958,0.946369,0.5434782608695646,0.4810592,5.065357665157724,4.267593,,,,
closeness,N/A,rrg,0.5,0.1,0.3,0,0.96,0.95729995,0.5652173913043473,0.558989,4.07449536060821,3.3277402,,,,
closeness,N/A,rrg,0.6000000000000001,0.1,0.3,0,0.98,0.9714899,0.7826086956521736,0.7070236,2.717522827107572,2.3568773,,,,
closeness,N/A,rrg,0.7000000000000001,0.1,0.3,0,0.985,0.97958213,0.8369565217391303,0.7920284,1.825219755866081,1.632312,,,,
closeness,N/A,rrg,0.8,0.1,0.3,0,0.991,0.98842615,0.9021739130434782,0.8800424,1.117058350043417,0.994627,,,,
closeness,N/A,rrg,0.9,0.1,0.3,0,0.995,0.99504113,0.9456521739130435,0.9467136,0.5106130985133199,0.56155896,,,,
closeness,N/A,rrg,1.0,0.1,0.3,0,1.0,0.99993837,1.0,0.9993298,7.05218783270975e-05,0.038896147,,,,
closeness,N/A,rrg,0.0,0.2,0.3,0,0.813,0.8000097,0.0,0.0,8.275823914483276,6.836266,,,,
closeness,N/A,rrg,0.1,0.2,0.3,0,0.83,0.8273977,0.09090909090909097,0.08319888,6.384146665151183,6.035055,,,,
closeness,N/A,rrg,0.2,0.2,0.3,0,0.842,0.84262186,0.1550802139037434,0.16410938,5.54468413463435,4.8540096,,,,
closeness,N/A,rrg,0.30000000000000004,0.2,0.3,0,0.867,0.8656797,0.288770053475936,0.27998313,4.73146014880457,4.012839,,,,
closeness,N/A,rrg,0.4,0.2,0.3,0,0.893,0.8885483,0.4278074866310163,0.4077381,3.913403886264923,3.2639644,,,,
closeness,N/A,rrg,0.5,0.2,0.3,0,0.916,0.9097982,0.5508021390374335,0.5284147,3.1893441296290432,2.7032948,,,,
closeness,N/A,rrg,0.6000000000000001,0.2,0.3,0,0.935,0.9290845,0.6524064171122999,0.6271687,2.491025699114366,2.1355736,,,,
closeness,N/A,rrg,0.7000000000000001,0.2,0.3,0,0.95,0.9487592,0.7326203208556148,0.72766083,1.8197788919729323,1.5356508,,,,
closeness,N/A,rrg,0.8,0.2,0.3,0,0.967,0.96749306,0.8235294117647057,0.8252098,0.9326710028691275,0.95230633,,,,
closeness,N/A,rrg,0.9,0.2,0.3,0,0.985,0.9844016,0.9197860962566844,0.9163651,0.42634918752799966,0.4495359,,,,
closeness,N/A,rrg,1.0,0.2,0.3,0,1.0,0.9999037,1.0,0.9994847,4.4001648491067006e-05,0.046649415,,,,
closeness,N/A,rrg,0.0,0.3,0.3,0,0.707,0.700031,0.0,0.0,4.710137265215162,4.7643957,,,,
closeness,N/A,rrg,0.1,0.3,0.3,0,0.741,0.73533237,0.1160409556313994,0.11904951,4.0664110334022325,4.1339025,,,,
closeness,N/A,rrg,0.2,0.3,0.3,0,0.772,0.7651854,0.22184300341296945,0.22188327,3.55160832454275,3.501084,,,,
closeness,N/A,rrg,0.30000000000000004,0.3,0.3,0,0.811,0.7944333,0.35494880546075114,0.33674872,3.185420105089822,2.9289472,,,,
closeness,N/A,rrg,0.4,0.3,0.3,0,0.837,0.8248063,0.4436860068259385,0.4259714,2.8285273709421466,2.4552636,,,,
closeness,N/A,rrg,0.5,0.3,0.3,0,0.861,0.85296875,0.5255972696245734,0.5190447,2.3703251580299147,2.0014436,,,,
closeness,N/A,rrg,0.6000000000000001,0.3,0.3,0,0.885,0.88476515,0.6075085324232082,0.61592,1.8932522802661884,1.6237458,,,,
closeness,N/A,rrg,0.7000000000000001,0.3,0.3,0,0.922,0.91464597,0.733788395904437,0.7174284,1.5434872820668095,1.1718485,,,,
closeness,N/A,rrg,0.8,0.3,0.3,0,0.956,0.9470533,0.849829351535836,0.8250416,0.954465042989655,0.80043936,,,,
closeness,N/A,rrg,0.9,0.3,0.3,0,0.984,0.9737582,0.9453924914675768,0.9125505,0.4359351787605844,0.40260455,,,,
closeness,N/A,rrg,1.0,0.3,0.3,0,1.0,0.99973273,1.0,0.99908715,8.781632544445195e-05,0.09690944,,,,
closeness,N/A,rrg,0.0,0.4,0.3,0,0.575,0.60008657,0.0,0.0,2.900206284830304,3.451542,,,,
closeness,N/A,rrg,0.1,0.4,0.3,0,0.62,0.6404744,0.10588235294117655,0.108334616,2.587808079960859,2.9654958,,,,
closeness,N/A,rrg,0.2,0.4,0.3,0,0.665,0.6805327,0.2117647058823531,0.21184471,2.3671890555298196,2.5795002,,,,
closeness,N/A,rrg,0.30000000000000004,0.4,0.3,0,0.712,0.7249249,0.32235294117647056,0.32340357,2.0421275447984946,2.2357354,,,,
closeness,N/A,rrg,0.4,0.4,0.3,0,0.749,0.76569176,0.4094117647058824,0.42348376,1.7754710721631672,1.8909532,,,,
closeness,N/A,rrg,0.5,0.4,0.3,0,0.792,0.80358905,0.5105882352941178,0.5337225,1.5568854122284796,1.546674,,,,
closeness,N/A,rrg,0.6000000000000001,0.4,0.3,0,0.837,0.8470644,0.6164705882352941,0.637075,1.2322250521013092,1.2369409,,,,
closeness,N/A,rrg,0.7000000000000001,0.4,0.3,0,0.875,0.88621503,0.7058823529411765,0.72964716,1.0135321419449967,0.9093563,,,,
closeness,N/A,rrg,0.8,0.4,0.3,0,0.914,0.9243003,0.7976470588235295,0.82110465,0.6971150667043382,0.63803405,,,,
closeness,N/A,rrg,0.9,0.4,0.3,0,0.96,0.9622294,0.9058823529411764,0.9107474,0.33139068857179915,0.41425782,,,,
closeness,N/A,rrg,1.0,0.4,0.3,0,1.0,0.99960214,1.0,0.9990631,0.00010100159344425552,0.11334306,,,,
closeness,N/A,rrg,0.0,0.05,0.3,1,0.949,0.95000243,0.0,0.0,14.281451361502324,14.239045,,,,
closeness,N/A,rrg,0.1,0.05,0.3,1,0.954,0.95326394,0.09803921568627451,0.11452445,11.520117681589364,10.3538,,,,
closeness,N/A,rrg,0.2,0.05,0.3,1,0.963,0.9604743,0.27450980392156865,0.25121215,8.661308397743577,7.924993,,,,
closeness,N/A,rrg,0.30000000000000004,0.05,0.3,1,0.965,0.96877545,0.3137254901960784,0.36267084,6.317588069903128,6.041209,,,,
closeness,N/A,rrg,0.4,0.05,0.3,1,0.97,0.97489333,0.4117647058823529,0.47023216,4.575073956065638,4.5843368,,,,
closeness,N/A,rrg,0.5,0.05,0.3,1,0.974,0.9781333,0.49019607843137253,0.5485431,3.5749579851458058,3.3582196,,,,
closeness,N/A,rrg,0.6000000000000001,0.05,0.3,1,0.982,0.9831494,0.6470588235294118,0.66680455,2.488822382177442,2.3393111,,,,
closeness,N/A,rrg,0.7000000000000001,0.05,0.3,1,0.985,0.9850331,0.7058823529411765,0.70666325,1.6877773896189532,1.5742896,,,,
closeness,N/A,rrg,0.8,0.05,0.3,1,0.992,0.99310184,0.8431372549019608,0.861669,0.8403124462241871,0.9121631,,,,
closeness,N/A,rrg,0.9,0.05,0.3,1,0.994,0.99577576,0.8823529411764706,0.9149859,0.39173189496788824,0.3797456,,,,
closeness,N/A,rrg,1.0,0.05,0.3,1,1.0,0.99997425,1.0,0.99949497,2.5060107844522494e-05,0.024933362,,,,
closeness,N/A,rrg,0.0,0.1,0.3,1,0.906,0.9000016,0.0,0.0,13.530157099476728,10.708196,,,,
closeness,N/A,rrg,0.1,0.1,0.3,1,0.915,0.9137441,0.09574468085106394,0.12774438,10.710478428840334,8.437543,,,,
closeness,N/A,rrg,0.2,0.1,0.3,1,0.93,0.92722756,0.2553191489361705,0.22006787,8.564099706402883,6.818399,,,,
closeness,N/A,rrg,0.30000000000000004,0.1,0.3,1,0.941,0.9416822,0.37234042553191415,0.36907262,7.003610303958196,5.4287333,,,,
closeness,N/A,rrg,0.4,0.1,0.3,1,0.953,0.9550742,0.4999999999999994,0.4985026,5.742023808184131,4.21792,,,,
closeness,N/A,rrg,0.5,0.1,0.3,1,0.957,0.9643858,0.5425531914893612,0.5887113,4.401668045480496,3.2201896,,,,
closeness,N/A,rrg,0.6000000000000001,0.1,0.3,1,0.964,0.97330636,0.6170212765957442,0.6944631,3.3621363969561617,2.3936334,,,,
closeness,N/A,rrg,0.7000000000000001,0.1,0.3,1,0.974,0.9821925,0.7234042553191486,0.79124993,2.498229597321694,1.6904048,,,,
closeness,N/A,rrg,0.8,0.1,0.3,1,0.983,0.9875443,0.8191489361702126,0.8599027,1.29588138944079,1.0739021,,,,
closeness,N/A,rrg,0.9,0.1,0.3,1,0.99,0.992929,0.8936170212765956,0.92318046,0.6043693903413193,0.50702417,,,,
closeness,N/A,rrg,1.0,0.1,0.3,1,1.0,0.99995506,1.0,0.9995218,5.83252335920433e-05,0.03503706,,,,
closeness,N/A,rrg,0.0,0.2,0.3,1,0.795,0.8000097,0.0,0.0,6.532641142800536,6.836266,,,,
closeness,N/A,rrg,0.1,0.2,0.3,1,0.816,0.8188682,0.10243902439024347,0.110068604,5.5387412468133705,5.538477,,,,
closeness,N/A,rrg,0.2,0.2,0.3,1,0.839,0.84383315,0.2146341463414631,0.22428657,4.587871260181932,4.7299457,,,,
closeness,N/A,rrg,0.30000000000000004,0.2,0.3,1,0.862,0.8697575,0.3268292682926827,0.33253843,3.8391682918694383,4.018274,,,,
closeness,N/A,rrg,0.4,0.2,0.3,1,0.882,0.88758475,0.42439024390243896,0.43141797,3.1888419728053115,3.2447355,,,,
closeness,N/A,rrg,0.5,0.2,0.3,1,0.903,0.9066958,0.526829268292683,0.5367539,2.408586439171102,2.6148818,,,,
closeness,N/A,rrg,0.6000000000000001,0.2,0.3,1,0.927,0.92584705,0.6439024390243904,0.6380317,1.949781944150988,1.9894868,,,,
closeness,N/A,rrg,0.7000000000000001,0.2,0.3,1,0.949,0.94603974,0.7512195121951217,0.7387338,1.2391006227060002,1.3130785,,,,
closeness,N/A,rrg,0.8,0.2,0.3,1,0.973,0.9661447,0.8682926829268292,0.83778834,0.7106319948267372,0.9112809,,,,
closeness,N/A,rrg,0.9,0.2,0.3,1,0.987,0.98439115,0.9365853658536585,0.92457235,0.4628723463866538,0.5278125,,,,
closeness,N/A,rrg,1.0,0.2,0.3,1,1.0,0.9999062,1.0,0.9995422,2.4116859190226236e-05,0.04143305,,,,
closeness,N/A,rrg,0.0,0.3,0.3,1,0.698,0.700031,0.0,0.0,4.436415432939771,4.7643957,,,,
closeness,N/A,rrg,0.1,0.3,0.3,1,0.723,0.7312015,0.08278145695364245,0.09172076,3.9134598288152778,4.140093,,,,
closeness,N/A,rrg,0.2,0.3,0.3,1,0.764,0.7695295,0.21854304635761607,0.21895187,3.214295396118483,3.6055033,,,,
closeness,N/A,rrg,0.30000000000000004,0.3,0.3,1,0.79,0.799756,0.3046357615894042,0.32475773,2.6972950735845918,3.0384545,,,,
closeness,N/A,rrg,0.4,0.3,0.3,1,0.818,0.83032143,0.39735099337748336,0.41919744,2.2197620134278293,2.5305912,,,,
closeness,N/A,rrg,0.5,0.3,0.3,1,0.846,0.8569947,0.4900662251655629,0.5155435,1.8464043744056293,2.0297482,,,,
closeness,N/A,rrg,0.6000000000000001,0.3,0.3,1,0.881,0.88700825,0.6059602649006623,0.62087935,1.3550293602943502,1.5529202,,,,
closeness,N/A,rrg,0.7000000000000001,0.3,0.3,1,0.909,0.9162166,0.6986754966887418,0.71617067,1.0054908110888774,1.1371732,,,,
closeness,N/A,rrg,0.8,0.3,0.3,1,0.938,0.9456737,0.7947019867549667,0.8151345,0.6922865851224933,0.7680534,,,,
closeness,N/A,rrg,0.9,0.3,0.3,1,0.971,0.97363687,0.9039735099337748,0.9122889,0.32490128792841244,0.38286278,,,,
closeness,N/A,rrg,1.0,0.3,0.3,1,1.0,0.9997046,1.0,0.99902105,0.00011832893641485661,0.10290671,,,,
closeness,N/A,rrg,0.0,0.4,0.3,1,0.573,0.60008657,0.0,0.0,2.6057320315334525,3.451542,,,,
closeness,N/A,rrg,0.1,0.4,0.3,1,0.616,0.6440558,0.10070257611241226,0.11078285,2.2762709445106695,3.010054,,,,
closeness,N/A,rrg,0.2,0.4,0.3,1,0.662,0.6841835,0.2084309133489463,0.22362633,2.012820869214131,2.5440433,,,,
closeness,N/A,rrg,0.30000000000000004,0.4,0.3,1,0.722,0.72323525,0.34894613583138173,0.33536845,1.7333667554285763,2.1510923,,,,
closeness,N/A,rrg,0.4,0.4,0.3,1,0.763,0.76414406,0.4449648711943795,0.4352435,1.4661548107294846,1.7914922,,,,
closeness,N/A,rrg,0.5,0.4,0.3,1,0.801,0.8040481,0.5339578454332554,0.5325271,1.25282762380943,1.4858278,,,,
closeness,N/A,rrg,0.6000000000000001,0.4,0.3,1,0.842,0.8452054,0.6299765807962528,0.63066465,0.9193267153611621,1.1732745,,,,
closeness,N/A,rrg,0.7000000000000001,0.4,0.3,1,0.886,0.8837556,0.7330210772833724,0.72750527,0.680360232202682,0.8704015,,,,
closeness,N/A,rrg,0.8,0.4,0.3,1,0.926,0.92167914,0.8266978922716629,0.8153889,0.4919338344020948,0.5952517,,,,
closeness,N/A,rrg,0.9,0.4,0.3,1,0.967,0.9611802,0.9227166276346603,0.909317,0.22743127318397915,0.3851424,,,,
closeness,N/A,rrg,1.0,0.4,0.3,1,1.0,0.9995935,1.0,0.9990472,0.00011795341874153933,0.11469159,,,,
closeness,N/A,rrg,0.0,0.05,0.3,2,0.961,0.95000243,0.0,0.0,15.162556845511114,14.239045,,,,
closeness,N/A,rrg,0.1,0.05,0.3,2,0.967,0.95476145,0.15384615384615385,0.08946434,11.682235365428738,10.517168,,,,
closeness,N/A,rrg,0.2,0.05,0.3,2,0.972,0.96374947,0.28205128205128205,0.22939114,8.33568637906298,8.113147,,,,
closeness,N/A,rrg,0.30000000000000004,0.05,0.3,2,0.977,0.9707136,0.41025641025641024,0.35330072,7.212806410110391,6.2219095,,,,
closeness,N/A,rrg,0.4,0.05,0.3,2,0.977,0.97399336,0.41025641025641024,0.4100353,5.2393790337582455,4.655254,,,,
closeness,N/A,rrg,0.5,0.05,0.3,2,0.981,0.97764164,0.5128205128205128,0.4886319,3.9040009375297138,3.5918534,,,,
closeness,N/A,rrg,0.6000000000000001,0.05,0.3,2,0.989,0.98141456,0.717948717948718,0.5857519,2.1669014043960324,2.438375,,,,
closeness,N/A,rrg,0.7000000000000001,0.05,0.3,2,0.993,0.9873542,0.8205128205128205,0.7047451,1.440891524428039,1.5301675,,,,
closeness,N/A,rrg,0.8,0.05,0.3,2,0.997,0.99408907,0.9230769230769231,0.8551252,0.9158187806443141,0.9342156,,,,
closeness,N/A,rrg,0.9,0.05,0.3,2,0.998,0.99699587,0.9487179487179487,0.9258016,0.3158081457778181,0.42754832,,,,
closeness,N/A,rrg,1.0,0.05,0.3,2,1.0,0.9999789,1.0,0.99945885,2.884395463225252e-05,0.02322368,,,,
closeness,N/A,rrg,0.0,0.1,0.3,2,0.903,0.9000016,0.0,0.0,12.874973684540663,10.708196,,,,
closeness,N/A,rrg,0.1,0.1,0.3,2,0.912,0.9125159,0.09278350515463928,0.11550864,9.871208272197432,8.534459,,,,
closeness,N/A,rrg,0.2,0.1,0.3,2,0.923,0.9253961,0.20618556701030952,0.21303141,7.96201931341769,7.101393,,,,
closeness,N/A,rrg,0.30000000000000004,0.1,0.3,2,0.93,0.9400959,0.27835051546391787,0.32242817,5.9589387773765905,5.8482,,,,
closeness,N/A,rrg,0.4,0.1,0.3,2,0.947,0.95107466,0.4536082474226798,0.4703568,4.87978848732034,4.5873156,,,,
closeness,N/A,rrg,0.5,0.1,0.3,2,0.957,0.960888,0.5567010309278345,0.58032525,3.800627628885937,3.5963569,,,,
closeness,N/A,rrg,0.6000000000000001,0.1,0.3,2,0.969,0.9711538,0.6804123711340202,0.7023245,2.934588068875012,2.686562,,,,
closeness,N/A,rrg,0.7000000000000001,0.1,0.3,2,0.981,0.98158103,0.804123711340206,0.8093343,2.0555883474385235,1.8371519,,,,
closeness,N/A,rrg,0.8,0.1,0.3,2,0.988,0.9883522,0.8762886597938143,0.87825614,1.4658094039626466,1.1026574,,,,
closeness,N/A,rrg,0.9,0.1,0.3,2,0.992,0.9927232,0.9175257731958762,0.92438173,0.8299105595545079,0.58120716,,,,
closeness,N/A,rrg,1.0,0.1,0.3,2,1.0,0.9999477,1.0,0.9994609,8.1601634838145e-05,0.034208704,,,,
closeness,N/A,rrg,0.0,0.2,0.3,2,0.804,0.8000097,0.0,0.0,6.207962505295958,6.836266,,,,
closeness,N/A,rrg,0.1,0.2,0.3,2,0.825,0.8208273,0.10714285714285669,0.12517512,5.422203078014385,5.5521045,,,,
closeness,N/A,rrg,0.2,0.2,0.3,2,0.841,0.8424565,0.1887755102040813,0.21447401,4.4310730000038125,4.736878,,,,
closeness,N/A,rrg,0.30000000000000004,0.2,0.3,2,0.866,0.86135083,0.3163265306122447,0.31540018,3.7313299612892434,3.874998,,,,
closeness,N/A,rrg,0.4,0.2,0.3,2,0.89,0.8856716,0.43877551020408156,0.42644015,2.9716773736296944,3.1882212,,,,
closeness,N/A,rrg,0.5,0.2,0.3,2,0.906,0.90561754,0.5204081632653061,0.5232678,2.451499732602821,2.5859218,,,,
closeness,N/A,rrg,0.6000000000000001,0.2,0.3,2,0.918,0.92631483,0.5816326530612246,0.6134062,1.970470483593903,2.037862,,,,
closeness,N/A,rrg,0.7000000000000001,0.2,0.3,2,0.947,0.94616884,0.7295918367346935,0.7228305,1.1530412364834761,1.4296643,,,,
closeness,N/A,rrg,0.8,0.2,0.3,2,0.965,0.9646371,0.8214285714285712,0.8190552,0.7447907287388525,0.8832447,,,,
closeness,N/A,rrg,0.9,0.2,0.3,2,0.98,0.98063415,0.8979591836734693,0.9010397,0.350421482580697,0.4299417,,,,
closeness,N/A,rrg,1.0,0.2,0.3,2,1.0,0.9998945,1.0,0.99946153,3.6721458697652225e-05,0.047218557,,,,
closeness,N/A,rrg,0.0,0.3,0.3,2,0.714,0.700031,0.0,0.0,6.079639172563795,4.7643957,,,,
closeness,N/A,rrg,0.1,0.3,0.3,2,0.74,0.73363733,0.09090909090909098,0.09074199,5.325715076378748,4.162526,,,,
closeness,N/A,rrg,0.2,0.3,0.3,2,0.765,0.76636046,0.17832167832167847,0.18764699,4.631740803900568,3.5205455,,,,
closeness,N/A,rrg,0.30000000000000004,0.3,0.3,2,0.793,0.7992492,0.2762237762237764,0.27957535,3.655177682866364,3.0109713,,,,
closeness,N/A,rrg,0.4,0.3,0.3,2,0.831,0.83298683,0.409090909090909,0.4047666,2.8650718769335746,2.4669638,,,,
closeness,N/A,rrg,0.5,0.3,0.3,2,0.855,0.86111915,0.493006993006993,0.50182664,2.219744604336008,2.0147626,,,,
closeness,N/A,rrg,0.6000000000000001,0.3,0.3,2,0.888,0.88807046,0.6083916083916084,0.6083859,1.9068961427924855,1.5801136,,,,
closeness,N/A,rrg,0.7000000000000001,0.3,0.3,2,0.92,0.9170519,0.7202797202797204,0.71503544,1.4643972286458207,1.1288387,,,,
closeness,N/A,rrg,0.8,0.3,0.3,2,0.949,0.94499356,0.8216783216783216,0.81038266,1.1011949109754247,0.79889965,,,,
closeness,N/A,rrg,0.9,0.3,0.3,2,0.971,0.9743506,0.8986013986013985,0.90955263,0.6910778360441382,0.4526815,,,,
closeness,N/A,rrg,1.0,0.3,0.3,2,1.0,0.9996791,1.0,0.99887687,0.00015498954245149235,0.107100114,,,,
closeness,N/A,rrg,0.0,0.4,0.3,2,0.606,0.60008657,0.0,0.0,2.886811502048703,3.451542,,,,
closeness,N/A,rrg,0.1,0.4,0.3,2,0.644,0.643663,0.0964467005076143,0.098150805,2.525412002087949,2.9907897,,,,
closeness,N/A,rrg,0.2,0.4,0.3,2,0.682,0.68483084,0.1928934010152286,0.20141758,2.219379035833942,2.5429435,,,,
closeness,N/A,rrg,0.30000000000000004,0.4,0.3,2,0.729,0.73122567,0.31218274111675126,0.30782655,1.832606593825835,2.2465155,,,,
closeness,N/A,rrg,0.4,0.4,0.3,2,0.78,0.768323,0.4416243654822336,0.4202454,1.5760967434310735,1.8532622,,,,
closeness,N/A,rrg,0.5,0.4,0.3,2,0.815,0.8077682,0.530456852791878,0.5196759,1.338804620920083,1.5272971,,,,
closeness,N/A,rrg,0.6000000000000001,0.4,0.3,2,0.847,0.8442162,0.6116751269035533,0.6107962,1.0877974548396756,1.22026,,,,
closeness,N/A,rrg,0.7000000000000001,0.4,0.3,2,0.89,0.8840443,0.7208121827411168,0.7135833,0.82516465294559,0.89588743,,,,
closeness,N/A,rrg,0.8,0.4,0.3,2,0.927,0.92491186,0.8147208121827413,0.81236136,0.6170182995301541,0.61472535,,,,
closeness,N/A,rrg,0.9,0.4,0.3,2,0.961,0.9633717,0.9010152284263958,0.9071542,0.3118407104329302,0.39868852,,,,
closeness,N/A,rrg,1.0,0.4,0.3,2,1.0,0.9996195,1.0,0.9990334,0.00010102262053843877,0.111031584,,,,
closeness,N/A,rrg,0.0,0.05,0.3,3,0.945,0.95000243,0.0,0.0,14.095936102713262,14.239045,,,,
closeness,N/A,rrg,0.1,0.05,0.3,3,0.955,0.95397764,0.18181818181818182,0.17032866,10.782033785775191,10.344961,,,,
closeness,N/A,rrg,0.2,0.05,0.3,3,0.965,0.965827,0.36363636363636365,0.37751228,8.452084199734594,7.998929,,,,
closeness,N/A,rrg,0.30000000000000004,0.05,0.3,3,0.974,0.97306,0.5272727272727272,0.5272093,6.285292557676363,6.1529036,,,,
closeness,N/A,rrg,0.4,0.05,0.3,3,0.98,0.9792395,0.6363636363636364,0.6276825,4.555211668555097,4.6786346,,,,
closeness,N/A,rrg,0.5,0.05,0.3,3,0.984,0.98525023,0.7090909090909091,0.7255826,3.167467634439071,3.4241266,,,,
closeness,N/A,rrg,0.6000000000000001,0.05,0.3,3,0.985,0.98597646,0.7272727272727273,0.73612463,2.2230401759790284,2.4767735,,,,
closeness,N/A,rrg,0.7000000000000001,0.05,0.3,3,0.992,0.9922955,0.8545454545454545,0.85914236,1.4275965206838632,1.5968103,,,,
closeness,N/A,rrg,0.8,0.05,0.3,3,0.995,0.9963545,0.9090909090909091,0.93273807,0.908117699282148,0.9684341,,,,
closeness,N/A,rrg,0.9,0.05,0.3,3,0.998,0.9981481,0.9636363636363636,0.96683574,0.249301731835674,0.46173382,,,,
closeness,N/A,rrg,1.0,0.05,0.3,3,1.0,0.9999658,1.0,0.9993777,2.7307388357026958e-05,0.025988681,,,,
closeness,N/A,rrg,0.0,0.1,0.3,3,0.884,0.9000016,0.0,0.0,10.228515625706587,10.708196,,,,
closeness,N/A,rrg,0.1,0.1,0.3,3,0.902,0.9113259,0.1551724137931036,0.16064909,8.059503755711665,8.232757,,,,
closeness,N/A,rrg,0.2,0.1,0.3,3,0.913,0.9237285,0.2500000000000002,0.28007123,6.858029705456195,6.694859,,,,
closeness,N/A,rrg,0.30000000000000004,0.1,0.3,3,0.922,0.93353647,0.32758620689655205,0.36817262,5.7791356592221454,5.4672117,,,,
closeness,N/A,rrg,0.4,0.1,0.3,3,0.934,0.9418888,0.4310344827586211,0.46044892,4.598184322497993,4.2502284,,,,
closeness,N/A,rrg,0.5,0.1,0.3,3,0.951,0.9566295,0.5775862068965513,0.5991079,3.6614464923587784,3.254834,,,,
closeness,N/A,rrg,0.6000000000000001,0.1,0.3,3,0.956,0.9665002,0.6206896551724135,0.6858359,2.7855590617486525,2.420454,,,,
closeness,N/A,rrg,0.7000000000000001,0.1,0.3,3,0.963,0.9735205,0.6810344827586203,0.75462633,1.7306255651774491,1.6298909,,,,
closeness,N/A,rrg,0.8,0.1,0.3,3,0.975,0.9841333,0.7844827586206895,0.8523635,1.1331074267414256,1.006749,,,,
closeness,N/A,rrg,0.9,0.1,0.3,3,0.984,0.98885214,0.8620689655172412,0.8997661,0.35344955860985455,0.4256067,,,,
closeness,N/A,rrg,1.0,0.1,0.3,3,1.0,0.9999385,1.0,0.9994695,2.8886899981685538e-05,0.036055114,,,,
closeness,N/A,rrg,0.0,0.2,0.3,3,0.802,0.8000097,0.0,0.0,7.29474635072061,6.836266,,,,
closeness,N/A,rrg,0.1,0.2,0.3,3,0.829,0.8254685,0.13636363636363596,0.13127942,5.726064007215453,5.739595,,,,
closeness,N/A,rrg,0.2,0.2,0.3,3,0.85,0.84537,0.24242424242424213,0.22290196,4.934110125162538,4.7902966,,,,
closeness,N/A,rrg,0.30000000000000004,0.2,0.3,3,0.871,0.86880994,0.34848484848484834,0.33992308,3.9315939597846636,4.0407786,,,,
closeness,N/A,rrg,0.4,0.2,0.3,3,0.891,0.8893108,0.44949494949494945,0.43935075,3.1432133029661635,3.2283897,,,,
closeness,N/A,rrg,0.5,0.2,0.3,3,0.908,0.90992856,0.5353535353535354,0.5435452,2.512287752347531,2.5067506,,,,
closeness,N/A,rrg,0.6000000000000001,0.2,0.3,3,0.929,0.9285769,0.6414141414141415,0.63711077,1.9316091337340122,2.0039759,,,,
closeness,N/A,rrg,0.7000000000000001,0.2,0.3,3,0.94,0.94661635,0.6969696969696967,0.72684884,1.3125827038919728,1.4309332,,,,
closeness,N/A,rrg,0.8,0.2,0.3,3,0.965,0.9681002,0.823232323232323,0.8364301,0.7496138999771045,0.9122687,,,,
closeness,N/A,rrg,0.9,0.2,0.3,3,0.984,0.98248756,0.9191919191919191,0.91127396,0.2483149705127459,0.42766875,,,,
closeness,N/A,rrg,1.0,0.2,0.3,3,1.0,0.9999011,1.0,0.9995004,2.8365262985354258e-05,0.044367544,,,,
closeness,N/A,rrg,0.0,0.3,0.3,3,0.696,0.700031,0.0,0.0,4.827774121294263,4.7643957,,,,
closeness,N/A,rrg,0.1,0.3,0.3,3,0.735,0.73295444,0.12828947368421062,0.120271735,4.040503182350322,4.086536,,,,
closeness,N/A,rrg,0.2,0.3,0.3,3,0.767,0.7630946,0.23355263157894754,0.22640675,3.642177806141276,3.508174,,,,
closeness,N/A,rrg,0.30000000000000004,0.3,0.3,3,0.799,0.79484046,0.33881578947368446,0.3332175,3.228485511396165,2.9415958,,,,
closeness,N/A,rrg,0.4,0.3,0.3,3,0.824,0.82479686,0.4210526315789473,0.42566854,2.7308909535926706,2.434006,,,,
closeness,N/A,rrg,0.5,0.3,0.3,3,0.866,0.8561765,0.5592105263157895,0.53241134,2.37709696802095,2.0118241,,,,
closeness,N/A,rrg,0.6000000000000001,0.3,0.3,3,0.893,0.88743407,0.6480263157894738,0.63310504,1.7313792937408035,1.6104912,,,,
closeness,N/A,rrg,0.7000000000000001,0.3,0.3,3,0.915,0.9189359,0.7203947368421054,0.7301369,1.276428172403599,1.2120683,,,,
closeness,N/A,rrg,0.8,0.3,0.3,3,0.939,0.94219095,0.7993421052631577,0.81108,0.9584598233874003,0.7789505,,,,
closeness,N/A,rrg,0.9,0.3,0.3,3,0.975,0.9730234,0.9177631578947368,0.91170466,0.47392077654902526,0.4460298,,,,
closeness,N/A,rrg,1.0,0.3,0.3,3,1.0,0.9997145,1.0,0.9990601,0.00010312050687901415,0.1017378,,,,
closeness,N/A,rrg,0.0,0.4,0.3,3,0.592,0.60008657,0.0,0.0,3.188912371585103,3.451542,,,,
closeness,N/A,rrg,0.1,0.4,0.3,3,0.632,0.64283746,0.09803921568627459,0.10887774,2.723928329191353,2.9982946,,,,
closeness,N/A,rrg,0.2,0.4,0.3,3,0.667,0.6822109,0.18382352941176486,0.21289237,2.3539711123628932,2.570462,,,,
closeness,N/A,rrg,0.30000000000000004,0.4,0.3,3,0.712,0.7271526,0.2941176470588235,0.3185104,1.9900348546970965,2.2412055,,,,
closeness,N/A,rrg,0.4,0.4,0.3,3,0.76,0.769161,0.41176470588235303,0.42151234,1.604154485538863,1.9353147,,,,
closeness,N/A,rrg,0.5,0.4,0.3,3,0.797,0.8087775,0.502450980392157,0.51518923,1.2882188855164873,1.5573006,,,,
closeness,N/A,rrg,0.6000000000000001,0.4,0.3,3,0.843,0.846652,0.6151960784313725,0.6197287,1.0782812929806833,1.206012,,,,
closeness,N/A,rrg,0.7000000000000001,0.4,0.3,3,0.879,0.8868703,0.7034313725490197,0.71691567,0.8233799445222059,0.88452417,,,,
closeness,N/A,rrg,0.8,0.4,0.3,3,0.927,0.9292584,0.8210784313725491,0.8246279,0.5165969586717855,0.58923364,,,,
closeness,N/A,rrg,0.9,0.4,0.3,3,0.962,0.9630115,0.9068627450980391,0.9086169,0.18804233902824252,0.37144992,,,,
closeness,N/A,rrg,1.0,0.4,0.3,3,1.0,0.99960124,1.0,0.9990218,9.87899178708985e-05,0.113586344,,,,
closeness,N/A,rrg,0.0,0.05,0.3,4,0.951,0.95000243,0.0,0.0,14.969747994269047,14.239045,,,,
closeness,N/A,rrg,0.1,0.05,0.3,4,0.956,0.9562548,0.10204081632653061,0.12323538,10.474582153867184,10.235198,,,,
closeness,N/A,rrg,0.2,0.05,0.3,4,0.965,0.96433425,0.2857142857142857,0.26887465,9.266190539096744,8.102446,,,,
closeness,N/A,rrg,0.30000000000000004,0.05,0.3,4,0.969,0.96790004,0.3673469387755102,0.34901363,6.918972870508438,6.2932568,,,,
closeness,N/A,rrg,0.4,0.05,0.3,4,0.98,0.9766507,0.5918367346938775,0.5371827,4.781995749846612,4.588474,,,,
closeness,N/A,rrg,0.5,0.05,0.3,4,0.983,0.97910875,0.6530612244897959,0.6083797,3.448043048696647,3.3890884,,,,
closeness,N/A,rrg,0.6000000000000001,0.05,0.3,4,0.984,0.9864164,0.673469387755102,0.7297821,2.7164464490078086,2.4469764,,,,
closeness,N/A,rrg,0.7000000000000001,0.05,0.3,4,0.993,0.990506,0.8571428571428571,0.8125635,1.515337047934953,1.6850193,,,,
closeness,N/A,rrg,0.8,0.05,0.3,4,0.997,0.9957638,0.9387755102040817,0.9146589,0.8538640725387465,0.9512549,,,,
closeness,N/A,rrg,0.9,0.05,0.3,4,0.998,0.99731535,0.9591836734693877,0.94506186,0.4015413399818351,0.4276546,,,,
closeness,N/A,rrg,1.0,0.05,0.3,4,1.0,0.9999762,1.0,0.9995145,2.5226285580531718e-05,0.022807907,,,,
closeness,N/A,rrg,0.0,0.1,0.3,4,0.902,0.9000016,0.0,0.0,9.771725227585707,10.708196,,,,
closeness,N/A,rrg,0.1,0.1,0.3,4,0.913,0.9124167,0.1122448979591838,0.12711975,8.109548667679928,8.322244,,,,
closeness,N/A,rrg,0.2,0.1,0.3,4,0.928,0.91792625,0.2653061224489799,0.23363948,6.4279578702331,6.4484982,,,,
closeness,N/A,rrg,0.30000000000000004,0.1,0.3,4,0.938,0.9276693,0.3673469387755095,0.33184415,5.477857192611957,5.295808,,,,
closeness,N/A,rrg,0.4,0.1,0.3,4,0.946,0.9378529,0.4489795918367341,0.41656038,4.110857170177035,4.099861,,,,
closeness,N/A,rrg,0.5,0.1,0.3,4,0.955,0.9493783,0.5408163265306117,0.51782364,3.5577322905542044,3.1352017,,,,
closeness,N/A,rrg,0.6000000000000001,0.1,0.3,4,0.966,0.96170646,0.6530612244897955,0.62828815,2.6208012416953617,2.3092022,,,,
closeness,N/A,rrg,0.7000000000000001,0.1,0.3,4,0.978,0.9735167,0.7755102040816324,0.7415376,1.7120319976623577,1.5853899,,,,
closeness,N/A,rrg,0.8,0.1,0.3,4,0.985,0.9809742,0.8469387755102039,0.81426513,0.7992924775560948,0.95428884,,,,
closeness,N/A,rrg,0.9,0.1,0.3,4,0.995,0.9917832,0.9489795918367346,0.91756356,0.359127461795426,0.45171478,,,,
closeness,N/A,rrg,1.0,0.1,0.3,4,1.0,0.9999543,1.0,0.9995334,2.8762208029916976e-05,0.033274457,,,,
closeness,N/A,rrg,0.0,0.2,0.3,4,0.817,0.8000097,0.0,0.0,7.37512948031732,6.836266,,,,
closeness,N/A,rrg,0.1,0.2,0.3,4,0.838,0.8239923,0.11475409836065581,0.11399689,6.273995126824205,5.7977753,,,,
closeness,N/A,rrg,0.2,0.2,0.3,4,0.858,0.84246826,0.22404371584699467,0.19241694,5.343424074314297,4.8475995,,,,
closeness,N/A,rrg,0.30000000000000004,0.2,0.3,4,0.876,0.8654187,0.32240437158469964,0.3052145,4.357915164861325,4.054893,,,,
closeness,N/A,rrg,0.4,0.2,0.3,4,0.891,0.88744205,0.4043715846994538,0.40355,3.798552146932144,3.3494868,,,,
closeness,N/A,rrg,0.5,0.2,0.3,4,0.908,0.90898705,0.4972677595628418,0.50126433,3.20124767093113,2.6565773,,,,
closeness,N/A,rrg,0.6000000000000001,0.2,0.3,4,0.917,0.9271921,0.5464480874316944,0.58608896,2.575992550804044,2.038741,,,,
closeness,N/A,rrg,0.7000000000000001,0.2,0.3,4,0.947,0.948653,0.710382513661202,0.7149236,1.8193182924129288,1.4492093,,,,
closeness,N/A,rrg,0.8,0.2,0.3,4,0.967,0.96425015,0.8196721311475409,0.80841273,1.1853367798690526,0.9707229,,,,
closeness,N/A,rrg,0.9,0.2,0.3,4,0.987,0.98261595,0.9289617486338797,0.9064135,0.7091066713829093,0.43928003,,,,
closeness,N/A,rrg,1.0,0.2,0.3,4,1.0,0.9998933,1.0,0.9994167,3.4007443213430016e-05,0.046244234,,,,
closeness,N/A,rrg,0.0,0.3,0.3,4,0.693,0.700031,0.0,0.0,4.807922116289381,4.7643957,,,,
closeness,N/A,rrg,0.1,0.3,0.3,4,0.727,0.7313906,0.11074918566775252,0.09724278,4.219259560284939,4.0524163,,,,
closeness,N/A,rrg,0.2,0.3,0.3,4,0.759,0.7657143,0.214983713355049,0.21350801,3.569573853473197,3.468557,,,,
closeness,N/A,rrg,0.30000000000000004,0.3,0.3,4,0.794,0.79598737,0.3289902280130296,0.31558353,3.109032537710215,2.9535747,,,,
closeness,N/A,rrg,0.4,0.3,0.3,4,0.824,0.8276438,0.4267100977198697,0.42794168,2.6029717978427693,2.4349725,,,,
closeness,N/A,rrg,0.5,0.3,0.3,4,0.859,0.8576571,0.5407166123778502,0.5304306,2.2874859510447196,1.9971114,,,,
closeness,N/A,rrg,0.6000000000000001,0.3,0.3,4,0.886,0.8859968,0.6286644951140066,0.6266078,1.9417613303444299,1.5517946,,,,
closeness,N/A,rrg,0.7000000000000001,0.3,0.3,4,0.923,0.91593885,0.7491856677524432,0.7323367,1.4481641511172894,1.149778,,,,
closeness,N/A,rrg,0.8,0.3,0.3,4,0.949,0.9465309,0.8338762214983713,0.8272456,0.8236685237144346,0.81806993,,,,
closeness,N/A,rrg,0.9,0.3,0.3,4,0.976,0.97328347,0.9218241042345277,0.9132479,0.35759443309757477,0.42467004,,,,
closeness,N/A,rrg,1.0,0.3,0.3,4,1.0,0.99970895,1.0,0.9990512,0.00011370280151917483,0.101867676,,,,
closeness,N/A,rrg,0.0,0.4,0.3,4,0.582,0.60008657,0.0,0.0,3.878536870548459,3.451542,,,,
closeness,N/A,rrg,0.1,0.4,0.3,4,0.63,0.64477235,0.11483253588516755,0.11324374,3.52478599104487,3.025292,,,,
closeness,N/A,rrg,0.2,0.4,0.3,4,0.673,0.69194,0.21770334928229682,0.21839745,2.999620541443347,2.712058,,,,
closeness,N/A,rrg,0.30000000000000004,0.4,0.3,4,0.711,0.732318,0.30861244019138756,0.32062405,2.52364253425004,2.285439,,,,
closeness,N/A,rrg,0.4,0.4,0.3,4,0.747,0.77242106,0.3947368421052632,0.4230879,2.1501722096488893,1.9070818,,,,
closeness,N/A,rrg,0.5,0.4,0.3,4,0.792,0.8107357,0.5023923444976078,0.52560925,1.798837851539115,1.549852,,,,
closeness,N/A,rrg,0.6000000000000001,0.4,0.3,4,0.839,0.8497573,0.6148325358851674,0.63213354,1.4270442586803356,1.2302368,,,,
closeness,N/A,rrg,0.7000000000000001,0.4,0.3,4,0.881,0.887802,0.715311004784689,0.7244573,0.9945666225401035,0.9406487,,,,
closeness,N/A,rrg,0.8,0.4,0.3,4,0.911,0.9262285,0.7870813397129187,0.81719786,0.6877901329446752,0.6742943,,,,
closeness,N/A,rrg,0.9,0.4,0.3,4,0.963,0.96410877,0.9114832535885167,0.9126186,0.442813455735781,0.41136333,,,,
closeness,N/A,rrg,1.0,0.4,0.3,4,1.0,0.9995339,1.0,0.9988838,0.0002476199058318288,0.12980871,,,,
closeness,N/A,rrg,0.0,0.05,0.3,5,0.935,0.95000243,0.0,0.0,14.766649283255253,14.239045,,,,
closeness,N/A,rrg,0.1,0.05,0.3,5,0.943,0.9509087,0.12307692307692158,0.120132424,11.18081003433443,9.973547,,,,
closeness,N/A,rrg,0.2,0.05,0.3,5,0.952,0.95446545,0.2615384615384603,0.23940666,8.162180974392651,7.3577743,,,,
closeness,N/A,rrg,0.30000000000000004,0.05,0.3,5,0.958,0.96247655,0.35384615384615276,0.3638437,6.888551008993309,5.630858,,,,
closeness,N/A,rrg,0.4,0.05,0.3,5,0.966,0.97116715,0.476923076923076,0.514787,5.263051702370354,4.293033,,,,
closeness,N/A,rrg,0.5,0.05,0.3,5,0.971,0.97496665,0.5538461538461531,0.60431945,3.7050354061984163,3.0738502,,,,
closeness,N/A,rrg,0.6000000000000001,0.05,0.3,5,0.975,0.98032564,0.6153846153846148,0.67913395,2.8471004298620692,2.3092108,,,,
closeness,N/A,rrg,0.7000000000000001,0.05,0.3,5,0.984,0.98555166,0.7538461538461534,0.76443475,1.963701566501702,1.5122266,,,,
closeness,N/A,rrg,0.8,0.05,0.3,5,0.986,0.9904537,0.7846153846153843,0.84096915,1.1759845442890546,0.9148687,,,,
closeness,N/A,rrg,0.9,0.05,0.3,5,0.994,0.9936317,0.9076923076923076,0.9033507,0.3169826294553305,0.42682093,,,,
closeness,N/A,rrg,1.0,0.05,0.3,5,1.0,0.9999391,1.0,0.9990622,6.025746174684755e-05,0.034173943,,,,
closeness,N/A,rrg,0.0,0.1,0.3,5,0.902,0.9000016,0.0,0.0,9.359388949147139,10.708196,,,,
closeness,N/A,rrg,0.1,0.1,0.3,5,0.914,0.9115645,0.12244897959183687,0.12052691,7.357748510888691,8.291064,,,,
closeness,N/A,rrg,0.2,0.1,0.3,5,0.922,0.9249835,0.20408163265306145,0.22491136,6.1054268695264815,6.728907,,,,
closeness,N/A,rrg,0.30000000000000004,0.1,0.3,5,0.939,0.93877125,0.3775510204081626,0.37173644,4.964059471632176,5.4169025,,,,
closeness,N/A,rrg,0.4,0.1,0.3,5,0.951,0.9472623,0.49999999999999944,0.47104532,3.842620337449902,4.1992598,,,,
closeness,N/A,rrg,0.5,0.1,0.3,5,0.961,0.95591,0.6020408163265302,0.56145734,3.113531943538289,3.2470207,,,,
closeness,N/A,rrg,0.6000000000000001,0.1,0.3,5,0.964,0.96363354,0.6326530612244894,0.6368753,2.3779676951450646,2.405298,,,,
closeness,N/A,rrg,0.7000000000000001,0.1,0.3,5,0.978,0.9751842,0.7755102040816324,0.7567849,1.4830632503935135,1.6838279,,,,
closeness,N/A,rrg,0.8,0.1,0.3,5,0.986,0.98478246,0.857142857142857,0.84867805,0.7931943024713803,1.0215437,,,,
closeness,N/A,rrg,0.9,0.1,0.3,5,0.995,0.9930688,0.9489795918367346,0.9304386,0.2638143040979621,0.44809276,,,,
closeness,N/A,rrg,1.0,0.1,0.3,5,1.0,0.9999568,1.0,0.9995589,1.2532093671502456e-05,0.029127562,,,,
closeness,N/A,rrg,0.0,0.2,0.3,5,0.829,0.8000097,0.0,0.0,7.161907216981139,6.836266,,,,
closeness,N/A,rrg,0.1,0.2,0.3,5,0.843,0.8271308,0.08187134502923982,0.08404337,5.547474553153506,5.8027334,,,,
closeness,N/A,rrg,0.2,0.2,0.3,5,0.867,0.85138863,0.22222222222222238,0.20660274,4.460372491831662,4.9596424,,,,
closeness,N/A,rrg,0.30000000000000004,0.2,0.3,5,0.883,0.8715401,0.31578947368421073,0.3111607,3.7997859189391754,4.1513658,,,,
closeness,N/A,rrg,0.4,0.2,0.3,5,0.895,0.88403565,0.385964912280702,0.38010383,3.0732877325942844,3.2020156,,,,
closeness,N/A,rrg,0.5,0.2,0.3,5,0.913,0.9032355,0.4912280701754389,0.47657037,2.3648165461049135,2.55096,,,,
closeness,N/A,rrg,0.6000000000000001,0.2,0.3,5,0.937,0.924751,0.6315789473684215,0.58227277,1.8572379256793552,1.9786032,,,,
closeness,N/A,rrg,0.7000000000000001,0.2,0.3,5,0.95,0.9469297,0.7076023391812863,0.694215,1.48271236702574,1.4321209,,,,
closeness,N/A,rrg,0.8,0.2,0.3,5,0.973,0.96618885,0.8421052631578946,0.806824,0.8239232301742065,0.8891172,,,,
closeness,N/A,rrg,0.9,0.2,0.3,5,0.989,0.9837875,0.935672514619883,0.9063214,0.21127454601080278,0.45281234,,,,
closeness,N/A,rrg,1.0,0.2,0.3,5,1.0,0.99989325,1.0,0.9993754,5.3975925351146996e-05,0.04649261,,,,
closeness,N/A,rrg,0.0,0.3,0.3,5,0.707,0.700031,0.0,0.0,4.848944394121412,4.7643957,,,,
closeness,N/A,rrg,0.1,0.3,0.3,5,0.741,0.7354753,0.1160409556313994,0.11868459,4.142283964436258,4.1055174,,,,
closeness,N/A,rrg,0.2,0.3,0.3,5,0.77,0.76403266,0.21501706484641656,0.20847116,3.5430320942618083,3.4854097,,,,
closeness,N/A,rrg,0.30000000000000004,0.3,0.3,5,0.802,0.80052453,0.32423208191126307,0.31669188,2.8073144721152894,3.0735152,,,,
closeness,N/A,rrg,0.4,0.3,0.3,5,0.834,0.8324793,0.43344709897610917,0.4294046,2.3282834807808754,2.62574,,,,
closeness,N/A,rrg,0.5,0.3,0.3,5,0.858,0.85987705,0.515358361774744,0.52506626,1.8364934236082617,2.0927398,,,,
closeness,N/A,rrg,0.6000000000000001,0.3,0.3,5,0.888,0.88737243,0.6177474402730376,0.6224268,1.4757855822687962,1.5839827,,,,
closeness,N/A,rrg,0.7000000000000001,0.3,0.3,5,0.923,0.91646683,0.7372013651877135,0.72195125,1.0168286831135502,1.135195,,,,
closeness,N/A,rrg,0.8,0.3,0.3,5,0.944,0.944839,0.8088737201365186,0.8156299,0.6722167506022961,0.7643661,,,,
closeness,N/A,rrg,0.9,0.3,0.3,5,0.977,0.9733201,0.9215017064846416,0.9109233,0.3913763145327413,0.3770298,,,,
closeness,N/A,rrg,1.0,0.3,0.3,5,1.0,0.99971926,1.0,0.9990411,0.00010463527688519174,0.10055434,,,,
closeness,N/A,rrg,0.0,0.4,0.3,5,0.595,0.60008657,0.0,0.0,3.075118345210286,3.451542,,,,
closeness,N/A,rrg,0.1,0.4,0.3,5,0.641,0.642576,0.11358024691358035,0.11704813,2.7372980095922306,2.9611514,,,,
closeness,N/A,rrg,0.2,0.4,0.3,5,0.689,0.68206865,0.23209876543209867,0.23381919,2.5286147851218246,2.5454695,,,,
closeness,N/A,rrg,0.30000000000000004,0.4,0.3,5,0.735,0.7275924,0.34567901234567905,0.34064582,2.2067409132011435,2.1959984,,,,
closeness,N/A,rrg,0.4,0.4,0.3,5,0.776,0.7706075,0.4469135802469137,0.43901917,1.830946699631168,1.8558158,,,,
closeness,N/A,rrg,0.5,0.4,0.3,5,0.801,0.8133702,0.5086419753086421,0.5344811,1.4558325751152914,1.5751545,,,,
closeness,N/A,rrg,0.6000000000000001,0.4,0.3,5,0.842,0.85042113,0.6098765432098765,0.63075936,1.1539367164075334,1.3021116,,,,
closeness,N/A,rrg,0.7000000000000001,0.4,0.3,5,0.891,0.88888747,0.7308641975308643,0.72868955,0.8478843058398727,0.9534925,,,,
closeness,N/A,rrg,0.8,0.4,0.3,5,0.917,0.92695326,0.7950617283950618,0.81731087,0.5598087647198333,0.68706685,,,,
closeness,N/A,rrg,0.9,0.4,0.3,5,0.966,0.9625915,0.9160493827160493,0.9082327,0.27353323759903675,0.40271753,,,,
closeness,N/A,rrg,1.0,0.4,0.3,5,1.0,0.9996212,1.0,0.99906397,9.436110062386812e-05,0.11208525,,,,
closeness,N/A,rrg,0.0,0.05,0.3,6,0.947,0.95000243,0.0,0.0,14.575180435980474,14.239045,,,,
closeness,N/A,rrg,0.1,0.05,0.3,6,0.954,0.9577859,0.1320754716981132,0.17246024,10.288539959760609,10.553209,,,,
closeness,N/A,rrg,0.2,0.05,0.3,6,0.966,0.96702874,0.3584905660377358,0.33736545,7.947623212172758,8.016344,,,,
closeness,N/A,rrg,0.30000000000000004,0.05,0.3,6,0.968,0.9720956,0.39622641509433965,0.41031575,7.207784428671042,6.1960554,,,,
closeness,N/A,rrg,0.4,0.05,0.3,6,0.973,0.97206956,0.49056603773584906,0.4452068,4.860029854525761,4.724707,,,,
closeness,N/A,rrg,0.5,0.05,0.3,6,0.973,0.9756934,0.49056603773584906,0.5304734,3.8587823124143985,3.4412363,,,,
closeness,N/A,rrg,0.6000000000000001,0.05,0.3,6,0.978,0.98056144,0.5849056603773585,0.627186,2.640304195250277,2.3369994,,,,
closeness,N/A,rrg,0.7000000000000001,0.05,0.3,6,0.986,0.9850098,0.7358490566037735,0.7182651,1.9748329991194178,1.5409338,,,,
closeness,N/A,rrg,0.8,0.05,0.3,6,0.996,0.98913634,0.9245283018867925,0.8005404,1.1099415540412145,0.931364,,,,
closeness,N/A,rrg,0.9,0.05,0.3,6,1.0,0.9973811,1.0,0.9521994,0.4359215823338261,0.43015626,,,,
closeness,N/A,rrg,1.0,0.05,0.3,6,1.0,0.99998057,1.0,0.9996333,1.9405077276966254e-05,0.023299199,,,,
closeness,N/A,rrg,0.0,0.1,0.3,6,0.906,0.9000016,0.0,0.0,11.973192121735487,10.708196,,,,
closeness,N/A,rrg,0.1,0.1,0.3,6,0.915,0.9156256,0.09574468085106394,0.08313028,8.787381751027253,8.687128,,,,
closeness,N/A,rrg,0.2,0.1,0.3,6,0.924,0.92758363,0.19148936170212788,0.21253149,7.511858434024533,6.9853396,,,,
closeness,N/A,rrg,0.30000000000000004,0.1,0.3,6,0.929,0.93635035,0.24468085106383008,0.27415296,6.744197408177544,5.71379,,,,
closeness,N/A,rrg,0.4,0.1,0.3,6,0.942,0.9476035,0.3829787234042546,0.41267458,5.339259185889886,4.3173537,,,,
closeness,N/A,rrg,0.5,0.1,0.3,6,0.958,0.96180016,0.5531914893617016,0.56352836,4.136322846012275,3.3884768,,,,
closeness,N/A,rrg,0.6000000000000001,0.1,0.3,6,0.963,0.9697907,0.6063829787234037,0.6560966,2.9807218537882996,2.5608594,,,,
closeness,N/A,rrg,0.7000000000000001,0.1,0.3,6,0.976,0.9778734,0.7446808510638295,0.75895345,2.180095236466473,1.746854,,,,
closeness,N/A,rrg,0.8,0.1,0.3,6,0.984,0.9832713,0.829787234042553,0.8186963,1.2547812851018174,0.98608536,,,,
closeness,N/A,rrg,0.9,0.1,0.3,6,0.996,0.99442613,0.9574468085106382,0.9409981,0.6881391914073827,0.43235454,,,,
closeness,N/A,rrg,1.0,0.1,0.3,6,1.0,0.999956,1.0,0.9995319,4.785547808649816e-05,0.034524176,,,,
closeness,N/A,rrg,0.0,0.2,0.3,6,0.805,0.8000097,0.0,0.0,6.030829653218474,6.836266,,,,
closeness,N/A,rrg,0.1,0.2,0.3,6,0.828,0.8238811,0.11794871794871752,0.09645267,5.036493745359302,5.826985,,,,
closeness,N/A,rrg,0.2,0.2,0.3,6,0.851,0.843131,0.2358974358974356,0.2210422,4.09725861828314,4.725719,,,,
closeness,N/A,rrg,0.30000000000000004,0.2,0.3,6,0.872,0.8625508,0.3435897435897434,0.32730627,3.5470327896946565,3.8675108,,,,
closeness,N/A,rrg,0.4,0.2,0.3,6,0.894,0.88714063,0.45641025641025634,0.43830666,2.7138040902893135,3.201314,,,,
closeness,N/A,rrg,0.5,0.2,0.3,6,0.914,0.9087466,0.558974358974359,0.5461666,2.0514640939189195,2.5684922,,,,
closeness,N/A,rrg,0.6000000000000001,0.2,0.3,6,0.939,0.9299565,0.6871794871794868,0.663022,1.6068613351988446,1.9704539,,,,
closeness,N/A,rrg,0.7000000000000001,0.2,0.3,6,0.96,0.94794077,0.7948717948717946,0.7465188,1.2262513862082032,1.4031106,,,,
closeness,N/A,rrg,0.8,0.2,0.3,6,0.974,0.9661983,0.8666666666666665,0.83355725,0.7275423333464439,0.88686484,,,,
closeness,N/A,rrg,0.9,0.2,0.3,6,0.983,0.98191077,0.9128205128205127,0.908215,0.35375208273483133,0.4284159,,,,
closeness,N/A,rrg,1.0,0.2,0.3,6,1.0,0.99989414,1.0,0.9994569,3.635702187876138e-05,0.044940427,,,,
closeness,N/A,rrg,0.0,0.3,0.3,6,0.66,0.700031,0.0,0.0,4.2290300111868415,4.7643957,,,,
closeness,N/A,rrg,0.1,0.3,0.3,6,0.693,0.73156875,0.09705882352941153,0.10670462,3.7203369547873963,4.0281444,,,,
closeness,N/A,rrg,0.2,0.3,0.3,6,0.74,0.7625905,0.23529411764705874,0.24353881,3.2410692379701405,3.3649168,,,,
closeness,N/A,rrg,0.30000000000000004,0.3,0.3,6,0.785,0.7933576,0.36764705882352944,0.37372676,2.8661013614422974,2.7797158,,,,
closeness,N/A,rrg,0.4,0.3,0.3,6,0.817,0.8247713,0.46176470588235274,0.46987846,2.419643988013188,2.403709,,,,
closeness,N/A,rrg,0.5,0.3,0.3,6,0.85,0.85646033,0.5588235294117646,0.5729119,1.9939389852181357,1.9588064,,,,
closeness,N/A,rrg,0.6000000000000001,0.3,0.3,6,0.884,0.8875862,0.6588235294117647,0.6672838,1.5187607733158743,1.5826834,,,,
closeness,N/A,rrg,0.7000000000000001,0.3,0.3,6,0.911,0.91546947,0.7382352941176471,0.748517,1.0982165691211747,1.1513151,,,,
closeness,N/A,rrg,0.8,0.3,0.3,6,0.942,0.94641685,0.8294117647058822,0.84072566,0.6686497144423236,0.80301917,,,,
closeness,N/A,rrg,0.9,0.3,0.3,6,0.967,0.9746547,0.9029411764705881,0.9240367,0.33260379299250536,0.4077157,,,,
closeness,N/A,rrg,1.0,0.3,0.3,6,1.0,0.9996775,1.0,0.9990506,8.417675912228249e-05,0.10105038,,,,
closeness,N/A,rrg,0.0,0.4,0.3,6,0.601,0.60008657,0.0,0.0,3.4484016720745285,3.451542,,,,
closeness,N/A,rrg,0.1,0.4,0.3,6,0.636,0.6442837,0.08771929824561411,0.092285186,3.0276491399838124,3.0286279,,,,
closeness,N/A,rrg,0.2,0.4,0.3,6,0.668,0.6873527,0.167919799498747,0.18478942,2.5888884966918275,2.6879892,,,,
closeness,N/A,rrg,0.30000000000000004,0.4,0.3,6,0.718,0.7286531,0.2932330827067669,0.29798952,2.1194368642893497,2.2637458,,,,
closeness,N/A,rrg,0.4,0.4,0.3,6,0.762,0.7688689,0.4035087719298246,0.39950344,1.6693374652655302,1.892263,,,,
closeness,N/A,rrg,0.5,0.4,0.3,6,0.805,0.8089513,0.511278195488722,0.5027968,1.4549649627297836,1.5538449,,,,
closeness,N/A,rrg,0.6000000000000001,0.4,0.3,6,0.836,0.8522267,0.5889724310776941,0.6138364,0.9544991495674063,1.3049592,,,,
closeness,N/A,rrg,0.7000000000000001,0.4,0.3,6,0.886,0.8871523,0.7142857142857143,0.71084464,0.6659885435443387,0.9637142,,,,
closeness,N/A,rrg,0.8,0.4,0.3,6,0.924,0.924679,0.8095238095238096,0.80975413,0.4656979476139304,0.66247636,,,,
closeness,N/A,rrg,0.9,0.4,0.3,6,0.959,0.96474,0.8972431077694235,0.9092978,0.20330362535715568,0.34763464,,,,
closeness,N/A,rrg,1.0,0.4,0.3,6,1.0,0.9996072,1.0,0.9990147,0.00010449964895679603,0.1140048,,,,
closeness,N/A,rrg,0.0,0.05,0.3,7,0.959,0.95000243,0.0,0.0,18.027260405386603,14.239045,,,,
closeness,N/A,rrg,0.1,0.05,0.3,7,0.96,0.95761436,0.024390243902439025,0.047961205,12.225253249207512,10.847878,,,,
closeness,N/A,rrg,0.2,0.05,0.3,7,0.966,0.9621142,0.17073170731707318,0.1503126,8.823270275899729,7.990451,,,,
closeness,N/A,rrg,0.30000000000000004,0.05,0.3,7,0.972,0.9699387,0.3170731707317073,0.27359107,5.755570639675645,5.76624,,,,
closeness,N/A,rrg,0.4,0.05,0.3,7,0.979,0.9775067,0.4878048780487805,0.4469367,4.572297468145287,4.404037,,,,
closeness,N/A,rrg,0.5,0.05,0.3,7,0.984,0.9790688,0.6097560975609756,0.4893342,2.802742364005093,3.1682901,,,,
closeness,N/A,rrg,0.6000000000000001,0.05,0.3,7,0.984,0.98280394,0.6097560975609756,0.5748364,2.1555894405539675,2.4116495,,,,
closeness,N/A,rrg,0.7000000000000001,0.05,0.3,7,0.984,0.98705906,0.6097560975609756,0.65785646,1.8123736461281765,1.6267568,,,,
closeness,N/A,rrg,0.8,0.05,0.3,7,0.987,0.98906225,0.6829268292682927,0.72331744,0.8992582681198202,0.8589685,,,,
closeness,N/A,rrg,0.9,0.05,0.3,7,0.989,0.9937096,0.7317073170731707,0.8417942,0.5453754100937788,0.35733995,,,,
closeness,N/A,rrg,1.0,0.05,0.3,7,1.0,0.9999829,1.0,0.9995827,2.546645126737594e-05,0.022028465,,,,
closeness,N/A,rrg,0.0,0.1,0.3,7,0.897,0.9000016,0.0,0.0,11.332794953099164,10.708196,,,,
closeness,N/A,rrg,0.1,0.1,0.3,7,0.909,0.90531147,0.11650485436893217,0.111514665,8.761354822705998,7.9483304,,,,
closeness,N/A,rrg,0.2,0.1,0.3,7,0.919,0.92011726,0.21359223300970898,0.24301723,7.195628190077395,6.447996,,,,
closeness,N/A,rrg,0.30000000000000004,0.1,0.3,7,0.944,0.9340275,0.4563106796116499,0.39456636,5.861205453913015,5.1706815,,,,
closeness,N/A,rrg,0.4,0.1,0.3,7,0.957,0.94916177,0.5825242718446597,0.5333805,4.492206631078388,4.193086,,,,
closeness,N/A,rrg,0.5,0.1,0.3,7,0.967,0.95970774,0.6796116504854366,0.6236567,3.7413374827610686,3.377106,,,,
closeness,N/A,rrg,0.6000000000000001,0.1,0.3,7,0.973,0.9709657,0.7378640776699026,0.71741253,2.7947369816241316,2.547126,,,,
closeness,N/A,rrg,0.7000000000000001,0.1,0.3,7,0.98,0.98016965,0.8058252427184464,0.80601764,1.879438001366785,1.7548287,,,,
closeness,N/A,rrg,0.8,0.1,0.3,7,0.988,0.9890932,0.8834951456310678,0.8929571,1.2788316226234562,1.1863285,,,,
closeness,N/A,rrg,0.9,0.1,0.3,7,0.991,0.9932006,0.9126213592233009,0.93243253,0.4831794236159677,0.57477134,,,,
closeness,N/A,rrg,1.0,0.1,0.3,7,1.0,0.9999562,1.0,0.99957454,2.3119140193207077e-05,0.032291595,,,,
closeness,N/A,rrg,0.0,0.2,0.3,7,0.799,0.8000097,0.0,0.0,6.325833602383819,6.836266,,,,
closeness,N/A,rrg,0.1,0.2,0.3,7,0.817,0.8212775,0.0895522388059697,0.08505416,5.589506225747445,5.7295976,,,,
closeness,N/A,rrg,0.2,0.2,0.3,7,0.839,0.8404892,0.1990049751243778,0.19877686,4.7738389198168685,4.7746944,,,,
closeness,N/A,rrg,0.30000000000000004,0.2,0.3,7,0.86,0.8627898,0.3034825870646764,0.31036854,3.7485793880363376,3.9702187,,,,
closeness,N/A,rrg,0.4,0.2,0.3,7,0.885,0.8896005,0.4278606965174129,0.44440216,2.939178391013834,3.3108413,,,,
closeness,N/A,rrg,0.5,0.2,0.3,7,0.903,0.90448,0.5174129353233831,0.52157706,2.3266086449862096,2.5590894,,,,
closeness,N/A,rrg,0.6000000000000001,0.2,0.3,7,0.92,0.9244034,0.6019900497512439,0.61489105,1.796855213552059,1.9445617,,,,
closeness,N/A,rrg,0.7000000000000001,0.2,0.3,7,0.936,0.9447447,0.6815920398009953,0.71665746,1.211704359545896,1.3932397,,,,
closeness,N/A,rrg,0.8,0.2,0.3,7,0.959,0.9645171,0.7960199004975123,0.81956124,0.8095627383354196,0.96597826,,,,
closeness,N/A,rrg,0.9,0.2,0.3,7,0.976,0.9800796,0.880597014925373,0.8992748,0.42012102796256634,0.44581836,,,,
closeness,N/A,rrg,1.0,0.2,0.3,7,1.0,0.99991274,1.0,0.9995657,1.9304251896257586e-05,0.040763266,,,,
closeness,N/A,rrg,0.0,0.3,0.3,7,0.692,0.700031,0.0,0.0,4.35889983845735,4.7643957,,,,
closeness,N/A,rrg,0.1,0.3,0.3,7,0.719,0.7321299,0.08766233766233772,0.107972115,3.9001120620120333,4.0241017,,,,
closeness,N/A,rrg,0.2,0.3,0.3,7,0.759,0.76757747,0.2175324675324677,0.22476615,3.3765692456301424,3.4649334,,,,
closeness,N/A,rrg,0.30000000000000004,0.3,0.3,7,0.791,0.7979225,0.3214285714285717,0.32218537,2.845745045881874,2.9867132,,,,
closeness,N/A,rrg,0.4,0.3,0.3,7,0.815,0.8285893,0.3993506493506493,0.4202227,2.349027044216142,2.4984844,,,,
closeness,N/A,rrg,0.5,0.3,0.3,7,0.846,0.8596654,0.5,0.51694727,1.764620997429114,2.060606,,,,
closeness,N/A,rrg,0.6000000000000001,0.3,0.3,7,0.883,0.88893884,0.6201298701298702,0.62566507,1.3155195517478793,1.6108415,,,,
closeness,N/A,rrg,0.7000000000000001,0.3,0.3,7,0.908,0.9173465,0.7012987012987014,0.7226288,1.0020529810684062,1.1863252,,,,
closeness,N/A,rrg,0.8,0.3,0.3,7,0.943,0.94266456,0.8149350649350648,0.8109817,0.6015822668320404,0.75552094,,,,
closeness,N/A,rrg,0.9,0.3,0.3,7,0.972,0.9714936,0.9090909090909091,0.90773743,0.29481064874215746,0.36306068,,,,
closeness,N/A,rrg,1.0,0.3,0.3,7,1.0,0.9996982,1.0,0.9990194,9.932775879932435e-05,0.10213209,,,,
closeness,N/A,rrg,0.0,0.4,0.3,7,0.602,0.60008657,0.0,0.0,3.8705347532722674,3.451542,,,,
closeness,N/A,rrg,0.1,0.4,0.3,7,0.647,0.64508164,0.11306532663316593,0.10524657,3.415895298796943,3.0037751,,,,
closeness,N/A,rrg,0.2,0.4,0.3,7,0.695,0.6874371,0.23366834170854264,0.22467393,2.8386788217147676,2.641916,,,,
closeness,N/A,rrg,0.30000000000000004,0.4,0.3,7,0.731,0.7291728,0.3241206030150754,0.32933766,2.460106755373189,2.3023305,,,,
closeness,N/A,rrg,0.4,0.4,0.3,7,0.772,0.76977897,0.42713567839195987,0.43513983,2.049811288096685,1.9913882,,,,
closeness,N/A,rrg,0.5,0.4,0.3,7,0.812,0.8087376,0.527638190954774,0.5242453,1.5871536374133832,1.6199586,,,,
closeness,N/A,rrg,0.6000000000000001,0.4,0.3,7,0.85,0.8490717,0.6231155778894472,0.6184821,1.2411312790997515,1.290254,,,,
closeness,N/A,rrg,0.7000000000000001,0.4,0.3,7,0.89,0.8868346,0.7236180904522613,0.71687126,0.9884465631596722,0.9630765,,,,
closeness,N/A,rrg,0.8,0.4,0.3,7,0.932,0.92717284,0.8291457286432162,0.8189426,0.6488420620663948,0.64628416,,,,
closeness,N/A,rrg,0.9,0.4,0.3,7,0.966,0.9633121,0.914572864321608,0.90752554,0.27987052767230713,0.3416236,,,,
closeness,N/A,rrg,1.0,0.4,0.3,7,1.0,0.99960035,1.0,0.99899495,0.00017573159659098697,0.11532019,,,,
closeness,N/A,rrg,0.0,0.05,0.3,8,0.944,0.95000243,0.0,0.0,14.532659289206181,14.239045,,,,
closeness,N/A,rrg,0.1,0.05,0.3,8,0.954,0.960868,0.17857142857142858,0.18144925,10.454957862588637,10.3344,,,,
closeness,N/A,rrg,0.2,0.05,0.3,8,0.959,0.9639894,0.26785714285714285,0.24586959,8.465989239029996,8.231302,,,,
closeness,N/A,rrg,0.30000000000000004,0.05,0.3,8,0.964,0.97204834,0.35714285714285715,0.40244195,5.915074710414989,6.184367,,,,
closeness,N/A,rrg,0.4,0.05,0.3,8,0.975,0.980187,0.5535714285714286,0.5792029,4.965358940317856,4.7466483,,,,
closeness,N/A,rrg,0.5,0.05,0.3,8,0.976,0.984502,0.5714285714285714,0.6707425,3.859620798165128,3.6129832,,,,
closeness,N/A,rrg,0.6000000000000001,0.05,0.3,8,0.98,0.9855031,0.6428571428571429,0.7148779,2.536890515694196,2.5618458,,,,
closeness,N/A,rrg,0.7000000000000001,0.05,0.3,8,0.986,0.98869073,0.75,0.7789701,1.6951263450733358,1.7077781,,,,
closeness,N/A,rrg,0.8,0.05,0.3,8,0.99,0.99355567,0.8214285714285714,0.87576544,1.3176020911394288,0.9641642,,,,
closeness,N/A,rrg,0.9,0.05,0.3,8,0.998,0.9971516,0.9642857142857143,0.94792694,0.40898218102851014,0.46886593,,,,
closeness,N/A,rrg,1.0,0.05,0.3,8,1.0,0.9999714,1.0,0.99948895,6.660366913655365e-05,0.026596263,,,,
closeness,N/A,rrg,0.0,0.1,0.3,8,0.903,0.9000016,0.0,0.0,9.60635829137889,10.708196,,,,
closeness,N/A,rrg,0.1,0.1,0.3,8,0.918,0.9091626,0.15463917525773213,0.14170542,7.818788651948575,8.25902,,,,
closeness,N/A,rrg,0.2,0.1,0.3,8,0.933,0.9217758,0.30927835051546426,0.28023908,6.240464838233708,6.50797,,,,
closeness,N/A,rrg,0.30000000000000004,0.1,0.3,8,0.944,0.9312522,0.42268041237113335,0.36519563,5.054697909732059,5.23621,,,,
closeness,N/A,rrg,0.4,0.1,0.3,8,0.956,0.9500421,0.5463917525773191,0.51151717,4.085908655566791,4.2623477,,,,
closeness,N/A,rrg,0.5,0.1,0.3,8,0.965,0.96218544,0.6391752577319584,0.6170072,3.231276854740001,3.431212,,,,
closeness,N/A,rrg,0.6000000000000001,0.1,0.3,8,0.971,0.9690151,0.7010309278350512,0.6965126,2.5603012798365263,2.4152076,,,,
closeness,N/A,rrg,0.7000000000000001,0.1,0.3,8,0.978,0.9785438,0.7731958762886595,0.779451,1.6443620608524019,1.6763076,,,,
closeness,N/A,rrg,0.8,0.1,0.3,8,0.985,0.9871027,0.8453608247422678,0.86486423,1.2417192798336214,1.0405838,,,,
closeness,N/A,rrg,0.9,0.1,0.3,8,0.993,0.9938241,0.9278350515463917,0.9351554,0.4299851677392976,0.5148618,,,,
closeness,N/A,rrg,1.0,0.1,0.3,8,1.0,0.9999579,1.0,0.9995661,1.6308167287955092e-05,0.02903411,,,,
closeness,N/A,rrg,0.0,0.2,0.3,8,0.797,0.8000097,0.0,0.0,6.798980461552825,6.836266,,,,
closeness,N/A,rrg,0.1,0.2,0.3,8,0.82,0.82279783,0.11330049261083701,0.11133407,5.874912631830471,5.713214,,,,
closeness,N/A,rrg,0.2,0.2,0.3,8,0.84,0.83932453,0.21182266009852185,0.22165826,5.140802719364812,4.6415725,,,,
closeness,N/A,rrg,0.30000000000000004,0.2,0.3,8,0.869,0.86384207,0.35467980295566487,0.35366386,4.47685312966227,3.8483803,,,,
closeness,N/A,rrg,0.4,0.2,0.3,8,0.892,0.88848084,0.46798029556650245,0.46399674,3.8589576406599226,3.2282827,,,,
closeness,N/A,rrg,0.5,0.2,0.3,8,0.916,0.909681,0.5862068965517242,0.56046677,3.1230547006208016,2.6437843,,,,
closeness,N/A,rrg,0.6000000000000001,0.2,0.3,8,0.938,0.93071955,0.694581280788177,0.6663507,2.4722156737149845,2.0447984,,,,
closeness,N/A,rrg,0.7000000000000001,0.2,0.3,8,0.955,0.9469834,0.7783251231527091,0.7456056,1.782114557745436,1.4556375,,,,
closeness,N/A,rrg,0.8,0.2,0.3,8,0.975,0.9674369,0.8768472906403939,0.8425541,0.9596366217481943,0.9575258,,,,
closeness,N/A,rrg,0.9,0.2,0.3,8,0.988,0.98380846,0.9408866995073891,0.92153096,0.327154709399922,0.46434814,,,,
closeness,N/A,rrg,1.0,0.2,0.3,8,1.0,0.9998737,1.0,0.9993775,5.5209091377361284e-05,0.04964762,,,,
closeness,N/A,rrg,0.0,0.3,0.3,8,0.677,0.700031,0.0,0.0,3.9055233278372326,4.7643957,,,,
closeness,N/A,rrg,0.1,0.3,0.3,8,0.716,0.7309242,0.12074303405572734,0.1326989,3.4137891006714565,3.9561656,,,,
closeness,N/A,rrg,0.2,0.3,0.3,8,0.746,0.76539177,0.2136222910216717,0.22942142,3.081197161326426,3.4772525,,,,
closeness,N/A,rrg,0.30000000000000004,0.3,0.3,8,0.778,0.7974752,0.3126934984520124,0.33884317,2.636857961771002,2.9044375,,,,
closeness,N/A,rrg,0.4,0.3,0.3,8,0.806,0.82518935,0.39938080495356043,0.43707022,2.328829736096649,2.3693802,,,,
closeness,N/A,rrg,0.5,0.3,0.3,8,0.842,0.85744977,0.5108359133126933,0.54458463,1.786357321476233,1.9684148,,,,
closeness,N/A,rrg,0.6000000000000001,0.3,0.3,8,0.88,0.88581485,0.6284829721362228,0.639882,1.4641937207466178,1.5366364,,,,
closeness,N/A,rrg,0.7000000000000001,0.3,0.3,8,0.915,0.91633815,0.736842105263158,0.74119776,1.1657300657704668,1.0742961,,,,
closeness,N/A,rrg,0.8,0.3,0.3,8,0.946,0.9433849,0.8328173374613002,0.8246606,0.792245235841563,0.69641286,,,,
closeness,N/A,rrg,0.9,0.3,0.3,8,0.976,0.973458,0.9256965944272445,0.91834974,0.31956317747868673,0.40139478,,,,
closeness,N/A,rrg,1.0,0.3,0.3,8,1.0,0.9996897,1.0,0.9990386,0.0001248769692175464,0.10823439,,,,
closeness,N/A,rrg,0.0,0.4,0.3,8,0.612,0.60008657,0.0,0.0,2.916811502048703,3.451542,,,,
closeness,N/A,rrg,0.1,0.4,0.3,8,0.666,0.64327383,0.13917525773195888,0.12627654,2.5116920691093307,2.9857998,,,,
closeness,N/A,rrg,0.2,0.4,0.3,8,0.702,0.6868684,0.23195876288659786,0.22817537,2.1536155885805193,2.621434,,,,
closeness,N/A,rrg,0.30000000000000004,0.4,0.3,8,0.743,0.73069936,0.33762886597938147,0.3249613,1.7189669551340754,2.2663233,,,,
closeness,N/A,rrg,0.4,0.4,0.3,8,0.785,0.76645005,0.4458762886597939,0.4132895,1.5003863041762011,1.9171349,,,,
closeness,N/A,rrg,0.5,0.4,0.3,8,0.824,0.80884224,0.5463917525773195,0.5236481,1.0855972552263558,1.5729407,,,,
closeness,N/A,rrg,0.6000000000000001,0.4,0.3,8,0.863,0.8487426,0.6469072164948454,0.62210596,0.8553340266000323,1.252063,,,,
closeness,N/A,rrg,0.7000000000000001,0.4,0.3,8,0.896,0.8865839,0.731958762886598,0.7201815,0.5912141384425601,0.8903799,,,,
closeness,N/A,rrg,0.8,0.4,0.3,8,0.94,0.9240433,0.8453608247422679,0.81183636,0.41751088317184654,0.60914177,,,,
closeness,N/A,rrg,0.9,0.4,0.3,8,0.97,0.96362734,0.922680412371134,0.9077542,0.21877563208956904,0.38292608,,,,
closeness,N/A,rrg,1.0,0.4,0.3,8,1.0,0.9996165,1.0,0.99901074,0.0001078611552193036,0.11202072,,,,
closeness,N/A,rrg,0.0,0.05,0.3,9,0.944,0.95000243,0.0,0.0,11.870747801626836,14.239045,,,,
closeness,N/A,rrg,0.1,0.05,0.3,9,0.951,0.950422,0.125,0.12867661,8.76106536571593,10.078848,,,,
closeness,N/A,rrg,0.2,0.05,0.3,9,0.959,0.9607362,0.26785714285714285,0.28045496,7.436851468583138,7.7851067,,,,
closeness,N/A,rrg,0.30000000000000004,0.05,0.3,9,0.964,0.96487164,0.35714285714285715,0.37036902,5.886144213577906,5.751697,,,,
closeness,N/A,rrg,0.4,0.05,0.3,9,0.965,0.9656769,0.375,0.39785218,4.35950948289083,4.4874015,,,,
closeness,N/A,rrg,0.5,0.05,0.3,9,0.972,0.9720154,0.5,0.51862776,3.1547398198720757,3.3254406,,,,
closeness,N/A,rrg,0.6000000000000001,0.05,0.3,9,0.974,0.97668964,0.5357142857142857,0.5895503,2.4387538708667,2.3590994,,,,
closeness,N/A,rrg,0.7000000000000001,0.05,0.3,9,0.982,0.9850027,0.6785714285714286,0.7298942,1.4407259314985628,1.5794743,,,,
closeness,N/A,rrg,0.8,0.05,0.3,9,0.991,0.9903026,0.8392857142857143,0.82715887,1.0144416182624263,0.9436965,,,,
closeness,N/A,rrg,0.9,0.05,0.3,9,0.995,0.99478745,0.9107142857142857,0.9075985,0.33096374105977727,0.4022041,,,,
closeness,N/A,rrg,1.0,0.05,0.3,9,1.0,0.9999639,1.0,0.9993547,2.568549988205221e-05,0.026490495,,,,
closeness,N/A,rrg,0.0,0.1,0.3,9,0.907,0.9000016,0.0,0.0,9.886463039151106,10.708196,,,,
closeness,N/A,rrg,0.1,0.1,0.3,9,0.915,0.9097764,0.08602150537634419,0.07485102,7.848871091672195,8.457135,,,,
closeness,N/A,rrg,0.2,0.1,0.3,9,0.924,0.9208027,0.1827956989247314,0.19249494,6.827664829355801,6.7606106,,,,
closeness,N/A,rrg,0.30000000000000004,0.1,0.3,9,0.94,0.93023604,0.3548387096774186,0.30680716,5.038962201029154,5.305718,,,,
closeness,N/A,rrg,0.4,0.1,0.3,9,0.949,0.94441295,0.4516129032258058,0.4305178,4.01211823622723,4.1748576,,,,
closeness,N/A,rrg,0.5,0.1,0.3,9,0.956,0.95309645,0.526881720430107,0.5090337,2.8099057474337887,3.255721,,,,
closeness,N/A,rrg,0.6000000000000001,0.1,0.3,9,0.969,0.9669812,0.6666666666666663,0.64151406,2.4596839709401657,2.4060287,,,,
closeness,N/A,rrg,0.7000000000000001,0.1,0.3,9,0.977,0.9749893,0.7526881720430104,0.7299006,1.666338816284174,1.6476992,,,,
closeness,N/A,rrg,0.8,0.1,0.3,9,0.985,0.98312366,0.8387096774193546,0.81973344,0.7964726506809745,1.0122185,,,,
closeness,N/A,rrg,0.9,0.1,0.3,9,0.996,0.99232984,0.9569892473118279,0.91932446,0.4567235987936739,0.46761823,,,,
closeness,N/A,rrg,1.0,0.1,0.3,9,1.0,0.9999433,1.0,0.99939024,6.209769714080636e-05,0.034992926,,,,
closeness,N/A,rrg,0.0,0.2,0.3,9,0.799,0.8000097,0.0,0.0,6.61659554238626,6.836266,,,,
closeness,N/A,rrg,0.1,0.2,0.3,9,0.829,0.8179079,0.1492537313432832,0.11713757,5.7548413502406754,5.5609703,,,,
closeness,N/A,rrg,0.2,0.2,0.3,9,0.845,0.83803886,0.22885572139303453,0.20913734,4.707263508945943,4.6456256,,,,
closeness,N/A,rrg,0.30000000000000004,0.2,0.3,9,0.868,0.8645437,0.34328358208955206,0.337138,3.94643669716819,3.8815894,,,,
closeness,N/A,rrg,0.4,0.2,0.3,9,0.887,0.8831884,0.4378109452736318,0.42333752,3.5194096349229493,3.1499946,,,,
closeness,N/A,rrg,0.5,0.2,0.3,9,0.901,0.9055314,0.5074626865671642,0.5098728,2.8244211751928496,2.6462257,,,,
closeness,N/A,rrg,0.6000000000000001,0.2,0.3,9,0.929,0.9250179,0.646766169154229,0.6300387,2.2224660220863988,1.9265854,,,,
closeness,N/A,rrg,0.7000000000000001,0.2,0.3,9,0.949,0.9457133,0.7462686567164176,0.73191077,1.665265716216091,1.4396113,,,,
closeness,N/A,rrg,0.8,0.2,0.3,9,0.969,0.9654248,0.8457711442786068,0.8307674,0.9554466242175568,0.90972054,,,,
closeness,N/A,rrg,0.9,0.2,0.3,9,0.986,0.9831258,0.9303482587064675,0.9176891,0.47107520060949765,0.48216525,,,,
closeness,N/A,rrg,1.0,0.2,0.3,9,1.0,0.9999008,1.0,0.99950635,3.1683710032924865e-05,0.04348751,,,,
closeness,N/A,rrg,0.0,0.3,0.3,9,0.702,0.700031,0.0,0.0,4.841034146318678,4.7643957,,,,
closeness,N/A,rrg,0.1,0.3,0.3,9,0.732,0.7354034,0.10067114093959739,0.10754561,4.122320555923416,4.185969,,,,
closeness,N/A,rrg,0.2,0.3,0.3,9,0.76,0.7681394,0.1946308724832216,0.20516418,3.677841549149876,3.6499944,,,,
closeness,N/A,rrg,0.30000000000000004,0.3,0.3,9,0.785,0.79644203,0.2785234899328861,0.3067331,3.213903651596976,2.9759104,,,,
closeness,N/A,rrg,0.4,0.3,0.3,9,0.825,0.8261543,0.41275167785234895,0.42222315,2.844713293005287,2.4287198,,,,
closeness,N/A,rrg,0.5,0.3,0.3,9,0.855,0.86079836,0.5134228187919463,0.5237523,2.1608440999005527,2.0710971,,,,
closeness,N/A,rrg,0.6000000000000001,0.3,0.3,9,0.884,0.88845384,0.6107382550335572,0.619373,1.5362945641745278,1.6267554,,,,
closeness,N/A,rrg,0.7000000000000001,0.3,0.3,9,0.915,0.916667,0.7147651006711411,0.7168284,1.089299295833921,1.1698923,,,,
closeness,N/A,rrg,0.8,0.3,0.3,9,0.949,0.9443425,0.8288590604026844,0.813313,0.7326272862367472,0.75247693,,,,
closeness,N/A,rrg,0.9,0.3,0.3,9,0.975,0.9718636,0.9161073825503355,0.905521,0.3594170164111455,0.4022799,,,,
closeness,N/A,rrg,1.0,0.3,0.3,9,1.0,0.9996951,1.0,0.99897605,0.0001239210727332427,0.10367308,,,,
closeness,N/A,rrg,0.0,0.4,0.3,9,0.618,0.60008657,0.0,0.0,3.3973823903295717,3.451542,,,,
closeness,N/A,rrg,0.1,0.4,0.3,9,0.656,0.6454353,0.09947643979057601,0.09472598,2.8065255055566145,3.0759902,,,,
closeness,N/A,rrg,0.2,0.4,0.3,9,0.699,0.686012,0.21204188481675382,0.20398647,2.564395173794296,2.6190572,,,,
closeness,N/A,rrg,0.30000000000000004,0.4,0.3,9,0.747,0.7270432,0.337696335078534,0.3129142,2.2646733605747884,2.2430146,,,,
closeness,N/A,rrg,0.4,0.4,0.3,9,0.782,0.76952285,0.42931937172774876,0.41149026,1.833418828125674,1.8745096,,,,
closeness,N/A,rrg,0.5,0.4,0.3,9,0.822,0.80892164,0.5340314136125653,0.51621336,1.5312210872089622,1.5401956,,,,
closeness,N/A,rrg,0.6000000000000001,0.4,0.3,9,0.855,0.846818,0.6204188481675392,0.6107495,1.2594414079288634,1.2364131,,,,
closeness,N/A,rrg,0.7000000000000001,0.4,0.3,9,0.895,0.885958,0.7251308900523561,0.70900023,1.0289854104613634,0.9295015,,,,
closeness,N/A,rrg,0.8,0.4,0.3,9,0.931,0.9243142,0.8193717277486913,0.8050956,0.7581668529189666,0.6144932,,,,
closeness,N/A,rrg,0.9,0.4,0.3,9,0.964,0.96464366,0.9057591623036648,0.9068757,0.4564301674457246,0.3509303,,,,
closeness,N/A,rrg,1.0,0.4,0.3,9,1.0,0.9996234,1.0,0.9990133,0.00010889708984781106,0.109036826,,,,
