method,metric,graph,rho,delta,lambda,sim,O,MO,O_tilde,MO_tilde,SE,MSE,rank,precision,recall,f1
path_weight,N/A,rrg,0.0,0.05,0.3,0,0.95,0.95000225,0.0,0.0,11.014590505764003,14.239043,,,,
path_weight,N/A,rrg,0.1,0.05,0.3,0,0.9533333333333334,0.9557406,0.06666666666666815,0.0700386,9.178500692109617,11.615264,,,,
path_weight,N/A,rrg,0.2,0.05,0.3,0,0.9666666666666667,0.968186,0.3333333333333341,0.3437796,7.205412483916781,9.313424,,,,
path_weight,N/A,rrg,0.30000000000000004,0.05,0.3,0,0.97,0.97782594,0.4,0.47422564,6.608360159808606,7.8888564,,,,
path_weight,N/A,rrg,0.4,0.05,0.3,0,0.9766666666666667,0.9806368,0.5333333333333341,0.5793318,4.905200680812974,5.262317,,,,
path_weight,N/A,rrg,0.5,0.05,0.3,0,0.9766666666666667,0.9795267,0.5333333333333341,0.56569046,3.2002959954159875,4.160588,,,,
path_weight,N/A,rrg,0.6000000000000001,0.05,0.3,0,0.9833333333333333,0.9835015,0.666666666666666,0.66891456,2.2530110479731738,2.7507346,,,,
path_weight,N/A,rrg,0.7000000000000001,0.05,0.3,0,0.9866666666666667,0.98487407,0.7333333333333341,0.7079497,1.2219575008844707,1.8274478,,,,
path_weight,N/A,rrg,0.8,0.05,0.3,0,0.99,0.9878703,0.8,0.7673041,0.49166745473762014,0.8355638,,,,
path_weight,N/A,rrg,0.9,0.05,0.3,0,0.9933333333333333,0.9953479,0.8666666666666659,0.910174,0.11920075580395649,0.31223688,,,,
path_weight,N/A,rrg,1.0,0.05,0.3,0,1.0,0.9999853,1.0,0.99970555,6.280477297723423e-06,0.01698448,,,,
path_weight,N/A,rrg,0.0,0.1,0.3,0,0.9066666666666666,0.90000165,0.0,0.0,9.291281149934997,10.708197,,,,
path_weight,N/A,rrg,0.1,0.1,0.3,0,0.9133333333333333,0.91520745,0.07142857142857185,0.07289277,7.640791970502469,8.969595,,,,
path_weight,N/A,rrg,0.2,0.1,0.3,0,0.9366666666666666,0.9338901,0.32142857142857156,0.31213906,6.4281057180945425,7.2893896,,,,
path_weight,N/A,rrg,0.30000000000000004,0.1,0.3,0,0.9533333333333334,0.9452745,0.5000000000000006,0.4602527,4.85956281326733,5.60388,,,,
path_weight,N/A,rrg,0.4,0.1,0.3,0,0.9666666666666667,0.95690876,0.6428571428571431,0.58200127,3.2223893158364025,4.1372786,,,,
path_weight,N/A,rrg,0.5,0.1,0.3,0,0.97,0.96381754,0.6785714285714285,0.63640815,2.5634236235745047,3.2149494,,,,
path_weight,N/A,rrg,0.6000000000000001,0.1,0.3,0,0.98,0.972529,0.7857142857142856,0.7274748,1.9300804961382483,2.2410612,,,,
path_weight,N/A,rrg,0.7000000000000001,0.1,0.3,0,0.9933333333333333,0.98557955,0.9285714285714282,0.8573271,0.9479432037117783,1.5157188,,,,
path_weight,N/A,rrg,0.8,0.1,0.3,0,0.9966666666666667,0.98962075,0.9642857142857146,0.896583,0.3928552531003398,0.88274556,,,,
path_weight,N/A,rrg,0.9,0.1,0.3,0,0.9966666666666667,0.9948108,0.9642857142857146,0.94546723,0.20066455488483356,0.3829879,,,,
path_weight,N/A,rrg,1.0,0.1,0.3,0,1.0,0.99995565,1.0,0.9995248,2.437828914273831e-05,0.029731153,,,,
path_weight,N/A,rrg,0.0,0.2,0.3,0,0.81,0.80000967,0.0,0.0,5.8745181019654735,6.8362656,,,,
path_weight,N/A,rrg,0.1,0.2,0.3,0,0.8333333333333334,0.81767297,0.1228070175438596,0.129085,5.509462758136165,5.640516,,,,
path_weight,N/A,rrg,0.2,0.2,0.3,0,0.86,0.84691083,0.2631578947368418,0.25882095,4.094066018834118,4.942571,,,,
path_weight,N/A,rrg,0.30000000000000004,0.2,0.3,0,0.89,0.87602305,0.4210526315789473,0.39545408,3.547654081559051,4.3192697,,,,
path_weight,N/A,rrg,0.4,0.2,0.3,0,0.9066666666666666,0.89589417,0.508771929824561,0.48719114,3.248272073496609,3.5038238,,,,
path_weight,N/A,rrg,0.5,0.2,0.3,0,0.94,0.9130642,0.6842105263157892,0.59723955,2.3941927233858427,2.592662,,,,
path_weight,N/A,rrg,0.6000000000000001,0.2,0.3,0,0.9466666666666667,0.9326264,0.719298245614035,0.6737046,2.0844824673739266,2.06411,,,,
path_weight,N/A,rrg,0.7000000000000001,0.2,0.3,0,0.9633333333333334,0.9488934,0.8070175438596493,0.7499154,1.706516475879926,1.572244,,,,
path_weight,N/A,rrg,0.8,0.2,0.3,0,0.97,0.96887106,0.8421052631578946,0.8370619,1.165898174152675,1.0243154,,,,
path_weight,N/A,rrg,0.9,0.2,0.3,0,0.98,0.9805204,0.894736842105263,0.89870685,0.36163246505213326,0.3988413,,,,
path_weight,N/A,rrg,1.0,0.2,0.3,0,1.0,0.9998883,1.0,0.9994118,6.346638826962911e-05,0.051225368,,,,
path_weight,N/A,rrg,0.0,0.05,0.3,1,0.97,0.95000225,0.0,0.0,16.518085086350755,14.239043,,,,
path_weight,N/A,rrg,0.1,0.05,0.3,1,0.9766666666666667,0.959044,0.22222222222222346,0.13998704,15.44504546488542,11.635799,,,,
path_weight,N/A,rrg,0.2,0.05,0.3,1,0.9833333333333333,0.97207123,0.4444444444444432,0.3231373,10.583166356412216,9.571499,,,,
path_weight,N/A,rrg,0.30000000000000004,0.05,0.3,1,0.9833333333333333,0.97407836,0.4444444444444432,0.3440043,7.419082153345544,7.2804713,,,,
path_weight,N/A,rrg,0.4,0.05,0.3,1,0.99,0.98517555,0.6666666666666666,0.57430893,4.331107373189563,5.2332973,,,,
path_weight,N/A,rrg,0.5,0.05,0.3,1,0.9933333333333333,0.99075377,0.7777777777777766,0.7161952,3.445523838684004,3.880815,,,,
path_weight,N/A,rrg,0.6000000000000001,0.05,0.3,1,0.9933333333333333,0.9913627,0.7777777777777766,0.72983605,2.4947407146890046,2.7280073,,,,
path_weight,N/A,rrg,0.7000000000000001,0.05,0.3,1,0.99,0.99154055,0.6666666666666666,0.73427474,1.1988037630070971,1.7316229,,,,
path_weight,N/A,rrg,0.8,0.05,0.3,1,0.9966666666666667,0.9925243,0.8888888888888902,0.7592835,0.3853974266681438,0.8748641,,,,
path_weight,N/A,rrg,0.9,0.05,0.3,1,0.9966666666666667,0.99914634,0.8888888888888902,0.96897924,0.3753297765295183,0.39183918,,,,
path_weight,N/A,rrg,1.0,0.05,0.3,1,1.0,0.99999166,1.0,0.9997219,3.694767128802707e-06,0.012612974,,,,
path_weight,N/A,rrg,0.0,0.1,0.3,1,0.8733333333333333,0.90000165,0.0,0.0,9.793464812985333,10.708197,,,,
path_weight,N/A,rrg,0.1,0.1,0.3,1,0.89,0.91016966,0.13157894736842143,0.15649408,7.8996404227024675,8.44869,,,,
path_weight,N/A,rrg,0.2,0.1,0.3,1,0.9133333333333333,0.9229083,0.31578947368421073,0.34160334,6.722315046612366,6.794283,,,,
path_weight,N/A,rrg,0.30000000000000004,0.1,0.3,1,0.9266666666666666,0.9383309,0.42105263157894735,0.46374968,5.99549751358039,5.784403,,,,
path_weight,N/A,rrg,0.4,0.1,0.3,1,0.9366666666666666,0.9480988,0.5,0.55171925,4.86067953213771,4.596163,,,,
path_weight,N/A,rrg,0.5,0.1,0.3,1,0.9466666666666667,0.9572862,0.5789473684210527,0.6319109,3.6404340586704182,3.3543763,,,,
path_weight,N/A,rrg,0.6000000000000001,0.1,0.3,1,0.9666666666666667,0.97100604,0.7368421052631581,0.7629642,2.648975467522024,2.4129362,,,,
path_weight,N/A,rrg,0.7000000000000001,0.1,0.3,1,0.9866666666666667,0.97938883,0.8947368421052634,0.8430822,1.8093812198078885,1.6256772,,,,
path_weight,N/A,rrg,0.8,0.1,0.3,1,0.9866666666666667,0.9844997,0.8947368421052634,0.8798158,0.8271033370050249,1.084705,,,,
path_weight,N/A,rrg,0.9,0.1,0.3,1,1.0,0.9948163,1.0,0.9606363,0.27749944467716015,0.5504024,,,,
path_weight,N/A,rrg,1.0,0.1,0.3,1,1.0,0.9999408,1.0,0.9995326,2.068337102765623e-05,0.03232132,,,,
path_weight,N/A,rrg,0.0,0.2,0.3,1,0.83,0.80000967,0.0,0.0,5.82475628530491,6.8362656,,,,
path_weight,N/A,rrg,0.1,0.2,0.3,1,0.85,0.824214,0.1176470588235295,0.10214706,4.896753021240669,5.783421,,,,
path_weight,N/A,rrg,0.2,0.2,0.3,1,0.8766666666666667,0.84837013,0.27450980392156904,0.23532405,4.355121245233613,4.815081,,,,
path_weight,N/A,rrg,0.30000000000000004,0.2,0.3,1,0.9033333333333333,0.8699662,0.4313725490196079,0.3490424,3.6706723680560134,4.0650454,,,,
path_weight,N/A,rrg,0.4,0.2,0.3,1,0.9166666666666666,0.8875599,0.5098039215686273,0.41182277,2.9898164940305256,3.1651065,,,,
path_weight,N/A,rrg,0.5,0.2,0.3,1,0.9366666666666666,0.90903383,0.6274509803921569,0.53647,2.551575150213047,2.3828466,,,,
path_weight,N/A,rrg,0.6000000000000001,0.2,0.3,1,0.95,0.9325327,0.7058823529411763,0.6228852,1.6698365921029685,1.9246346,,,,
path_weight,N/A,rrg,0.7000000000000001,0.2,0.3,1,0.9566666666666667,0.9514599,0.7450980392156863,0.72143024,1.3163045858599205,1.2808722,,,,
path_weight,N/A,rrg,0.8,0.2,0.3,1,0.9666666666666667,0.96548045,0.8039215686274511,0.7957268,0.8589557925329068,0.86218905,,,,
path_weight,N/A,rrg,0.9,0.2,0.3,1,0.9833333333333333,0.98651695,0.9019607843137252,0.9191154,0.36901997368826706,0.4700046,,,,
path_weight,N/A,rrg,1.0,0.2,0.3,1,1.0,0.9999241,1.0,0.99955356,2.8798661476092482e-05,0.04165109,,,,
path_weight,N/A,rrg,0.0,0.05,0.3,2,0.9466666666666667,0.95000225,0.0,0.0,12.801996060217535,14.239043,,,,
path_weight,N/A,rrg,0.1,0.05,0.3,2,0.96,0.9579183,0.24999999999999947,0.24058875,10.80538155952257,11.114566,,,,
path_weight,N/A,rrg,0.2,0.05,0.3,2,0.97,0.9662529,0.4374999999999996,0.40877673,8.226327470871043,8.572031,,,,
path_weight,N/A,rrg,0.30000000000000004,0.05,0.3,2,0.98,0.9725106,0.6249999999999998,0.5480376,6.663575159406343,6.4592514,,,,
path_weight,N/A,rrg,0.4,0.05,0.3,2,0.9866666666666667,0.9742187,0.7500000000000006,0.63070744,4.1857847098271925,4.7325225,,,,
path_weight,N/A,rrg,0.5,0.05,0.3,2,0.9933333333333333,0.9811568,0.8749999999999992,0.7123568,3.733616300073231,3.7712512,,,,
path_weight,N/A,rrg,0.6000000000000001,0.05,0.3,2,0.9933333333333333,0.9849446,0.8749999999999992,0.7560705,2.737788082994757,2.9105046,,,,
path_weight,N/A,rrg,0.7000000000000001,0.05,0.3,2,0.9933333333333333,0.98988986,0.8749999999999992,0.82192725,1.6337128894151884,2.2352054,,,,
path_weight,N/A,rrg,0.8,0.05,0.3,2,0.9966666666666667,0.99349934,0.9375000000000007,0.88493836,0.633172604442102,1.3481811,,,,
path_weight,N/A,rrg,0.9,0.05,0.3,2,1.0,0.99822915,1.0,0.96783507,0.14269635442670747,0.5434547,,,,
path_weight,N/A,rrg,1.0,0.05,0.3,2,1.0,0.99997795,1.0,0.99958646,1.3841365464321566e-05,0.024987845,,,,
path_weight,N/A,rrg,0.0,0.1,0.3,2,0.9033333333333333,0.90000165,0.0,0.0,9.072271143348287,10.708197,,,,
path_weight,N/A,rrg,0.1,0.1,0.3,2,0.9133333333333333,0.9144267,0.10344827586206905,0.10462883,7.770886100503164,9.21907,,,,
path_weight,N/A,rrg,0.2,0.1,0.3,2,0.9266666666666666,0.9225687,0.24137931034482737,0.23495117,6.531190303564618,7.164624,,,,
path_weight,N/A,rrg,0.30000000000000004,0.1,0.3,2,0.94,0.9340212,0.37931034482758574,0.35993513,5.562651768434931,5.6618457,,,,
path_weight,N/A,rrg,0.4,0.1,0.3,2,0.9533333333333334,0.94969076,0.5172413793103452,0.5011156,3.8977760227517964,4.5581603,,,,
path_weight,N/A,rrg,0.5,0.1,0.3,2,0.9633333333333334,0.9592916,0.6206896551724143,0.5995582,3.206226628882262,3.603691,,,,
path_weight,N/A,rrg,0.6000000000000001,0.1,0.3,2,0.9766666666666667,0.97034466,0.7586206896551726,0.7056073,1.9642737223662812,2.5842083,,,,
path_weight,N/A,rrg,0.7000000000000001,0.1,0.3,2,0.9866666666666667,0.98085237,0.8620689655172417,0.81119376,1.2978894478539302,1.7359579,,,,
path_weight,N/A,rrg,0.8,0.1,0.3,2,0.9933333333333333,0.9877535,0.9310344827586202,0.88020295,0.8221098988740646,1.0885991,,,,
path_weight,N/A,rrg,0.9,0.1,0.3,2,0.9933333333333333,0.9931429,0.9310344827586202,0.92917585,0.3820051724650955,0.43157485,,,,
path_weight,N/A,rrg,1.0,0.1,0.3,2,1.0,0.9999485,1.0,0.9994671,2.0442282914867465e-05,0.031407718,,,,
path_weight,N/A,rrg,0.0,0.2,0.3,2,0.82,0.80000967,0.0,0.0,8.029584538097268,6.8362656,,,,
path_weight,N/A,rrg,0.1,0.2,0.3,2,0.8466666666666667,0.8354227,0.14814814814814845,0.13943166,6.315343419613702,6.219509,,,,
path_weight,N/A,rrg,0.2,0.2,0.3,2,0.8766666666666667,0.8561538,0.3148148148148152,0.2867899,5.796879540198741,5.233866,,,,
path_weight,N/A,rrg,0.30000000000000004,0.2,0.3,2,0.8966666666666666,0.8768433,0.42592592592592576,0.3872519,5.121577590680366,4.3312283,,,,
path_weight,N/A,rrg,0.4,0.2,0.3,2,0.9066666666666666,0.907628,0.48148148148148134,0.48405296,4.179435289157686,4.0455813,,,,
path_weight,N/A,rrg,0.5,0.2,0.3,2,0.9266666666666666,0.92314047,0.5925925925925926,0.5715891,3.2510004727592645,3.1170576,,,,
path_weight,N/A,rrg,0.6000000000000001,0.2,0.3,2,0.94,0.94277793,0.6666666666666664,0.67366934,2.5136809620962297,2.3397958,,,,
path_weight,N/A,rrg,0.7000000000000001,0.2,0.3,2,0.95,0.9566371,0.7222222222222221,0.74982446,1.5721796592246984,1.7473608,,,,
path_weight,N/A,rrg,0.8,0.2,0.3,2,0.9666666666666667,0.9733927,0.8148148148148149,0.84641314,0.8907762944139648,1.1885668,,,,
path_weight,N/A,rrg,0.9,0.2,0.3,2,0.9866666666666667,0.9852708,0.925925925925926,0.9187662,0.2728150753942331,0.45731542,,,,
path_weight,N/A,rrg,1.0,0.2,0.3,2,1.0,0.9999011,1.0,0.99945045,2.3274916104019593e-05,0.04234446,,,,
path_weight,N/A,rrg,0.0,0.05,0.3,3,0.9633333333333334,0.95000225,0.0,0.0,16.415168788438155,14.239043,,,,
path_weight,N/A,rrg,0.1,0.05,0.3,3,0.97,0.9626436,0.18181818181818016,0.11323283,12.339021539891993,11.993509,,,,
path_weight,N/A,rrg,0.2,0.05,0.3,3,0.9733333333333334,0.96615255,0.27272727272727326,0.22806115,10.086247619888345,9.320556,,,,
path_weight,N/A,rrg,0.30000000000000004,0.05,0.3,3,0.98,0.9740301,0.4545454545454534,0.39090118,7.244886614773256,7.4379315,,,,
path_weight,N/A,rrg,0.4,0.05,0.3,3,0.9866666666666667,0.98272765,0.6363636363636367,0.5746319,4.891934867306037,5.3764987,,,,
path_weight,N/A,rrg,0.5,0.05,0.3,3,0.99,0.9886424,0.7272727272727267,0.7013067,4.082190364037872,4.436918,,,,
path_weight,N/A,rrg,0.6000000000000001,0.05,0.3,3,0.9933333333333333,0.99358094,0.8181818181818168,0.8237446,2.499038864323351,2.5494752,,,,
path_weight,N/A,rrg,0.7000000000000001,0.05,0.3,3,0.9966666666666667,0.9976585,0.90909090909091,0.93436486,2.0184674548201142,1.4760327,,,,
path_weight,N/A,rrg,0.8,0.05,0.3,3,0.9966666666666667,0.9994822,0.90909090909091,0.98470366,1.0344179648428116,0.71687376,,,,
path_weight,N/A,rrg,0.9,0.05,0.3,3,1.0,0.9999766,1.0,0.9993615,0.30117443209055816,0.35322618,,,,
path_weight,N/A,rrg,1.0,0.05,0.3,3,1.0,0.9999892,1.0,0.9997058,4.543579534827808e-05,0.023447787,,,,
path_weight,N/A,rrg,0.0,0.1,0.3,3,0.89,0.90000165,0.0,0.0,9.923333523821107,10.708197,,,,
path_weight,N/A,rrg,0.1,0.1,0.3,3,0.9066666666666666,0.9274105,0.151515151515151,0.18672448,7.941800417222661,9.505925,,,,
path_weight,N/A,rrg,0.2,0.1,0.3,3,0.92,0.945696,0.272727272727273,0.3558543,6.5754626654551265,8.421315,,,,
path_weight,N/A,rrg,0.30000000000000004,0.1,0.3,3,0.9333333333333333,0.9556738,0.393939393939394,0.4943363,5.011615343803116,6.2921333,,,,
path_weight,N/A,rrg,0.4,0.1,0.3,3,0.9466666666666667,0.96461403,0.515151515151515,0.60569674,4.041169247485175,4.780022,,,,
path_weight,N/A,rrg,0.5,0.1,0.3,3,0.96,0.9736423,0.636363636363636,0.72645605,3.048755104765017,3.6959972,,,,
path_weight,N/A,rrg,0.6000000000000001,0.1,0.3,3,0.9766666666666667,0.9795184,0.787878787878788,0.8088399,1.6976822088301966,2.3319051,,,,
path_weight,N/A,rrg,0.7000000000000001,0.1,0.3,3,0.9833333333333333,0.98497826,0.848484848484848,0.86135346,1.5636491400172703,1.6265578,,,,
path_weight,N/A,rrg,0.8,0.1,0.3,3,0.9866666666666667,0.9887258,0.878787878787879,0.89551646,1.0469881193723218,1.0562497,,,,
path_weight,N/A,rrg,0.9,0.1,0.3,3,0.99,0.9911803,0.909090909090909,0.91892505,0.39371115376466936,0.5407115,,,,
path_weight,N/A,rrg,1.0,0.1,0.3,3,1.0,0.99995506,1.0,0.99959135,1.291714063504909e-05,0.028632158,,,,
path_weight,N/A,rrg,0.0,0.2,0.3,3,0.7933333333333333,0.80000967,0.0,0.0,6.17746125057845,6.8362656,,,,
path_weight,N/A,rrg,0.1,0.2,0.3,3,0.83,0.8254936,0.17741935483870946,0.16348673,5.657384512696505,5.857231,,,,
path_weight,N/A,rrg,0.2,0.2,0.3,3,0.8566666666666667,0.8488639,0.3064516129032259,0.29528084,4.901928882377953,4.9858584,,,,
path_weight,N/A,rrg,0.30000000000000004,0.2,0.3,3,0.8666666666666667,0.8695412,0.3548387096774195,0.35981983,4.0641090332209435,4.1451097,,,,
path_weight,N/A,rrg,0.4,0.2,0.3,3,0.89,0.88930553,0.46774193548387105,0.46915373,3.1616369242989437,3.2251456,,,,
path_weight,N/A,rrg,0.5,0.2,0.3,3,0.9066666666666666,0.907998,0.5483870967741933,0.55912066,2.7737707233752555,2.5158665,,,,
path_weight,N/A,rrg,0.6000000000000001,0.2,0.3,3,0.9233333333333333,0.9268679,0.6290322580645161,0.649097,2.2781117154532353,1.8752042,,,,
path_weight,N/A,rrg,0.7000000000000001,0.2,0.3,3,0.9466666666666667,0.94618267,0.7419354838709676,0.74676967,1.466660249462302,1.2116017,,,,
path_weight,N/A,rrg,0.8,0.2,0.3,3,0.97,0.96265525,0.8548387096774193,0.82544345,1.1403059570384892,0.8691494,,,,
path_weight,N/A,rrg,0.9,0.2,0.3,3,0.9866666666666667,0.9826431,0.9354838709677421,0.9175584,0.32570511771398913,0.47871825,,,,
path_weight,N/A,rrg,1.0,0.2,0.3,3,1.0,0.9998988,1.0,0.9995101,1.8062722755769e-05,0.043925878,,,,
path_weight,N/A,rrg,0.0,0.05,0.3,4,0.9433333333333334,0.95000225,0.0,0.0,15.49487964710108,14.239043,,,,
path_weight,N/A,rrg,0.1,0.05,0.3,4,0.9533333333333334,0.963373,0.17647058823529435,0.21446788,11.025851426241259,11.474712,,,,
path_weight,N/A,rrg,0.2,0.05,0.3,4,0.9633333333333334,0.9735594,0.3529411764705887,0.4306565,9.54435034568171,9.221572,,,,
path_weight,N/A,rrg,0.30000000000000004,0.05,0.3,4,0.9733333333333334,0.98184896,0.529411764705883,0.6230392,7.9779940665750155,6.9646373,,,,
path_weight,N/A,rrg,0.4,0.05,0.3,4,0.9733333333333334,0.98701274,0.529411764705883,0.6978806,7.996480343422339,5.456975,,,,
path_weight,N/A,rrg,0.5,0.05,0.3,4,0.98,0.9912504,0.6470588235294114,0.8073461,5.619256782756315,3.6944792,,,,
path_weight,N/A,rrg,0.6000000000000001,0.05,0.3,4,0.9833333333333333,0.99171376,0.7058823529411754,0.84244955,4.078717256944478,2.6657264,,,,
path_weight,N/A,rrg,0.7000000000000001,0.05,0.3,4,0.9966666666666667,0.9980283,0.9411764705882358,0.96434766,2.5246000077485395,1.7621578,,,,
path_weight,N/A,rrg,0.8,0.05,0.3,4,1.0,0.99920654,1.0,0.98618853,0.6333401617498153,1.0252786,,,,
path_weight,N/A,rrg,0.9,0.05,0.3,4,1.0,0.9996741,1.0,0.9942762,0.2655085500622438,0.51039034,,,,
path_weight,N/A,rrg,1.0,0.05,0.3,4,1.0,0.99995404,1.0,0.99918854,5.835543328883749e-05,0.031094091,,,,
path_weight,N/A,rrg,0.0,0.1,0.3,4,0.9,0.90000165,0.0,0.0,9.35935971076416,10.708197,,,,
path_weight,N/A,rrg,0.1,0.1,0.3,4,0.9133333333333333,0.91726285,0.1333333333333331,0.13878153,8.11502552024039,9.167907,,,,
path_weight,N/A,rrg,0.2,0.1,0.3,4,0.9233333333333333,0.93260276,0.23333333333333323,0.2571637,7.091581190477136,8.091743,,,,
path_weight,N/A,rrg,0.30000000000000004,0.1,0.3,4,0.9333333333333333,0.9414264,0.3333333333333333,0.3626789,6.020408258351573,6.530854,,,,
path_weight,N/A,rrg,0.4,0.1,0.3,4,0.94,0.94665915,0.39999999999999936,0.42853191,4.603652884997074,5.034858,,,,
path_weight,N/A,rrg,0.5,0.1,0.3,4,0.95,0.95941263,0.49999999999999944,0.55194837,3.294674395940722,3.9513826,,,,
path_weight,N/A,rrg,0.6000000000000001,0.1,0.3,4,0.9666666666666667,0.9718639,0.6666666666666666,0.70319456,2.215103680986278,2.8295302,,,,
path_weight,N/A,rrg,0.7000000000000001,0.1,0.3,4,0.9766666666666667,0.97783893,0.7666666666666668,0.7717238,1.4034227747786197,1.8058532,,,,
path_weight,N/A,rrg,0.8,0.1,0.3,4,0.9833333333333333,0.98521507,0.8333333333333328,0.8455258,0.705860592359009,1.0703309,,,,
path_weight,N/A,rrg,0.9,0.1,0.3,4,0.9866666666666667,0.991956,0.8666666666666669,0.9155685,0.32302352516595756,0.46509632,,,,
path_weight,N/A,rrg,1.0,0.1,0.3,4,1.0,0.9999601,1.0,0.9996012,1.1275148868276279e-05,0.028601754,,,,
path_weight,N/A,rrg,0.0,0.2,0.3,4,0.83,0.80000967,0.0,0.0,6.269862213090148,6.8362656,,,,
path_weight,N/A,rrg,0.1,0.2,0.3,4,0.8566666666666667,0.8227566,0.15686274509803955,0.1357967,5.364297180231409,5.6897445,,,,
path_weight,N/A,rrg,0.2,0.2,0.3,4,0.8733333333333333,0.8482143,0.25490196078431365,0.22683573,4.75552794073095,5.0585017,,,,
path_weight,N/A,rrg,0.30000000000000004,0.2,0.3,4,0.89,0.8716762,0.3529411764705885,0.32175386,4.399512631335797,4.379846,,,,
path_weight,N/A,rrg,0.4,0.2,0.3,4,0.91,0.89539284,0.470588235294118,0.43594015,3.794050932652104,3.5205216,,,,
path_weight,N/A,rrg,0.5,0.2,0.3,4,0.9266666666666666,0.91271544,0.5686274509803921,0.5272896,3.1055956474330295,2.7829878,,,,
path_weight,N/A,rrg,0.6000000000000001,0.2,0.3,4,0.9466666666666667,0.93761027,0.6862745098039216,0.6462015,2.054148857095298,2.3291383,,,,
path_weight,N/A,rrg,0.7000000000000001,0.2,0.3,4,0.9633333333333334,0.9605595,0.7843137254901964,0.77165467,1.244601318017425,1.7264194,,,,
path_weight,N/A,rrg,0.8,0.2,0.3,4,0.9766666666666667,0.9686556,0.8627450980392158,0.82380605,0.75404536770216,1.065882,,,,
path_weight,N/A,rrg,0.9,0.2,0.3,4,0.9833333333333333,0.98492056,0.9019607843137252,0.91040313,0.4193029526637974,0.5846162,,,,
path_weight,N/A,rrg,1.0,0.2,0.3,4,1.0,0.9998742,1.0,0.9992594,6.102166763436142e-05,0.045226634,,,,
path_weight,N/A,rrg,0.0,0.05,0.3,5,0.9333333333333333,0.95000225,0.0,0.0,14.566212852006272,14.239043,,,,
path_weight,N/A,rrg,0.1,0.05,0.3,5,0.9433333333333334,0.956475,0.15000000000000016,0.19121557,11.161283394871761,10.473364,,,,
path_weight,N/A,rrg,0.2,0.05,0.3,5,0.95,0.9738855,0.24999999999999917,0.3895791,9.789779221850692,8.412766,,,,
path_weight,N/A,rrg,0.30000000000000004,0.05,0.3,5,0.96,0.9795679,0.39999999999999936,0.56618625,8.433899100245899,6.6381216,,,,
path_weight,N/A,rrg,0.4,0.05,0.3,5,0.9633333333333334,0.97770447,0.4500000000000005,0.5736625,6.336429402494987,4.686304,,,,
path_weight,N/A,rrg,0.5,0.05,0.3,5,0.9766666666666667,0.98286825,0.6500000000000001,0.70724416,4.68830131418182,3.3138628,,,,
path_weight,N/A,rrg,0.6000000000000001,0.05,0.3,5,0.9866666666666667,0.99114645,0.8000000000000004,0.85762733,2.7073442330594872,2.4547384,,,,
path_weight,N/A,rrg,0.7000000000000001,0.05,0.3,5,0.9966666666666667,0.99531674,0.9500000000000005,0.931141,1.951185953849388,1.5859839,,,,
path_weight,N/A,rrg,0.8,0.05,0.3,5,0.9966666666666667,0.99673027,0.9500000000000005,0.95090127,1.5129963281235923,0.8882194,,,,
path_weight,N/A,rrg,0.9,0.05,0.3,5,0.9966666666666667,0.997711,0.9500000000000005,0.96510166,0.6464734778347808,0.3931605,,,,
path_weight,N/A,rrg,1.0,0.05,0.3,5,1.0,0.9999595,1.0,0.9993927,3.2625046847023616e-05,0.030117346,,,,
path_weight,N/A,rrg,0.0,0.1,0.3,5,0.8466666666666667,0.90000165,0.0,0.0,8.511587373168538,10.708197,,,,
path_weight,N/A,rrg,0.1,0.1,0.3,5,0.8666666666666667,0.9131363,0.1304347826086958,0.18715052,6.84723197296241,8.483143,,,,
path_weight,N/A,rrg,0.2,0.1,0.3,5,0.8966666666666666,0.92865235,0.32608695652173875,0.41202143,4.8976545170507535,6.8163095,,,,
path_weight,N/A,rrg,0.30000000000000004,0.1,0.3,5,0.9033333333333333,0.94067156,0.3695652173913042,0.4885101,4.469743174980627,5.6557975,,,,
path_weight,N/A,rrg,0.4,0.1,0.3,5,0.9233333333333333,0.94793713,0.5,0.5955493,3.1365643665119696,4.2237306,,,,
path_weight,N/A,rrg,0.5,0.1,0.3,5,0.9333333333333333,0.9608429,0.5652173913043479,0.688783,3.3248125332923437,3.4995873,,,,
path_weight,N/A,rrg,0.6000000000000001,0.1,0.3,5,0.94,0.96653974,0.6086956521739126,0.73609465,2.547809400671287,2.4482698,,,,
path_weight,N/A,rrg,0.7000000000000001,0.1,0.3,5,0.9666666666666667,0.976308,0.782608695652174,0.8350875,1.241888168936304,1.7146367,,,,
path_weight,N/A,rrg,0.8,0.1,0.3,5,0.9766666666666667,0.9865187,0.8478260869565218,0.9060027,0.8630715692056318,0.9778949,,,,
path_weight,N/A,rrg,0.9,0.1,0.3,5,0.9866666666666667,0.9950619,0.9130434782608697,0.96591437,0.6897935955490754,0.5064748,,,,
path_weight,N/A,rrg,1.0,0.1,0.3,5,1.0,0.999919,1.0,0.99947155,1.9296346496014267e-05,0.036531027,,,,
path_weight,N/A,rrg,0.0,0.2,0.3,5,0.83,0.80000967,0.0,0.0,9.319895739510741,6.8362656,,,,
path_weight,N/A,rrg,0.1,0.2,0.3,5,0.8566666666666667,0.83573985,0.15686274509803955,0.13965575,7.562820485299671,6.2427893,,,,
path_weight,N/A,rrg,0.2,0.2,0.3,5,0.8766666666666667,0.86333233,0.27450980392156904,0.25453272,6.564642339224309,5.4754395,,,,
path_weight,N/A,rrg,0.30000000000000004,0.2,0.3,5,0.8933333333333333,0.88479227,0.37254901960784315,0.36398515,5.783791082833039,4.5192547,,,,
path_weight,N/A,rrg,0.4,0.2,0.3,5,0.9033333333333333,0.906382,0.4313725490196079,0.44687727,5.580034022895614,3.8079967,,,,
path_weight,N/A,rrg,0.5,0.2,0.3,5,0.92,0.91532624,0.5294117647058827,0.5216466,4.612653184127588,2.8655107,,,,
path_weight,N/A,rrg,0.6000000000000001,0.2,0.3,5,0.94,0.93896955,0.6470588235294116,0.6455161,3.9996209654758133,2.2296386,,,,
path_weight,N/A,rrg,0.7000000000000001,0.2,0.3,5,0.9566666666666667,0.95487887,0.7450980392156863,0.7390413,3.3031173815436032,1.6059136,,,,
path_weight,N/A,rrg,0.8,0.2,0.3,5,0.98,0.97037005,0.8823529411764706,0.8349256,1.714146042489744,1.0496792,,,,
path_weight,N/A,rrg,0.9,0.2,0.3,5,0.99,0.9882897,0.9411764705882353,0.9317452,0.9698581911891981,0.58815503,,,,
path_weight,N/A,rrg,1.0,0.2,0.3,5,1.0,0.9998403,1.0,0.99906,0.00021613549445862376,0.057982724,,,,
path_weight,N/A,rrg,0.0,0.05,0.3,6,0.95,0.95000225,0.0,0.0,11.022051990037276,14.239043,,,,
path_weight,N/A,rrg,0.1,0.05,0.3,6,0.96,0.96117973,0.2,0.20483184,8.94413257963397,11.299208,,,,
path_weight,N/A,rrg,0.2,0.05,0.3,6,0.9666666666666667,0.96204376,0.3333333333333341,0.30511984,7.534253224137493,9.075265,,,,
path_weight,N/A,rrg,0.30000000000000004,0.05,0.3,6,0.98,0.97798836,0.6,0.5767928,5.816844132432526,7.3397675,,,,
path_weight,N/A,rrg,0.4,0.05,0.3,6,0.9866666666666667,0.98765546,0.7333333333333341,0.74812835,4.7694236969817085,5.276405,,,,
path_weight,N/A,rrg,0.5,0.05,0.3,6,0.99,0.991303,0.8,0.82140595,3.72513370577876,3.9276145,,,,
path_weight,N/A,rrg,0.6000000000000001,0.05,0.3,6,0.9933333333333333,0.99218404,0.8666666666666659,0.84719294,3.0509264481782905,2.8714569,,,,
path_weight,N/A,rrg,0.7000000000000001,0.05,0.3,6,0.9966666666666667,0.9930365,0.9333333333333341,0.87015665,1.0496740599193342,1.6528307,,,,
path_weight,N/A,rrg,0.8,0.05,0.3,6,0.9966666666666667,0.99614155,0.9333333333333341,0.92362994,0.5831289536315644,0.89578897,,,,
path_weight,N/A,rrg,0.9,0.05,0.3,6,1.0,0.99933225,1.0,0.9868188,0.3523118917491358,0.37364125,,,,
path_weight,N/A,rrg,1.0,0.05,0.3,6,1.0,0.99998474,1.0,0.9996948,6.010947053705058e-06,0.01685959,,,,
path_weight,N/A,rrg,0.0,0.1,0.3,6,0.8933333333333333,0.90000165,0.0,0.0,10.07774414037791,10.708197,,,,
path_weight,N/A,rrg,0.1,0.1,0.3,6,0.9066666666666666,0.90806395,0.12499999999999974,0.13158156,8.22135661995377,8.468083,,,,
path_weight,N/A,rrg,0.2,0.1,0.3,6,0.9233333333333333,0.92311704,0.2812500000000002,0.27573538,6.788458863795083,7.0057416,,,,
path_weight,N/A,rrg,0.30000000000000004,0.1,0.3,6,0.9333333333333333,0.9348348,0.3750000000000003,0.38367563,5.998217656957222,5.6714845,,,,
path_weight,N/A,rrg,0.4,0.1,0.3,6,0.95,0.9516312,0.5312499999999997,0.5420207,4.752514241616658,4.4546514,,,,
path_weight,N/A,rrg,0.5,0.1,0.3,6,0.9566666666666667,0.9594758,0.5937500000000001,0.6115423,3.9351970874665745,3.543552,,,,
path_weight,N/A,rrg,0.6000000000000001,0.1,0.3,6,0.9633333333333334,0.9630438,0.6562500000000004,0.65663165,2.565671518475732,2.678912,,,,
path_weight,N/A,rrg,0.7000000000000001,0.1,0.3,6,0.9866666666666667,0.98008466,0.8750000000000002,0.824125,1.9123530209652597,1.9030998,,,,
path_weight,N/A,rrg,0.8,0.1,0.3,6,0.99,0.9852127,0.9062499999999999,0.86729354,1.527895319724549,1.169161,,,,
path_weight,N/A,rrg,0.9,0.1,0.3,6,0.9933333333333333,0.9894816,0.9374999999999996,0.90478504,0.3697348458560334,0.49008712,,,,
path_weight,N/A,rrg,1.0,0.1,0.3,6,1.0,0.99994,1.0,0.9994371,5.762100341104772e-05,0.03751397,,,,
path_weight,N/A,rrg,0.0,0.2,0.3,6,0.76,0.80000967,0.0,0.0,5.854068063055561,6.8362656,,,,
path_weight,N/A,rrg,0.1,0.2,0.3,6,0.7866666666666666,0.8249372,0.11111111111111091,0.1321763,5.117109204978833,5.6547976,,,,
path_weight,N/A,rrg,0.2,0.2,0.3,6,0.82,0.849582,0.24999999999999978,0.28903463,4.426830266757511,4.7973523,,,,
path_weight,N/A,rrg,0.30000000000000004,0.2,0.3,6,0.83,0.8667955,0.29166666666666646,0.3484604,3.7133375357420633,3.9581401,,,,
path_weight,N/A,rrg,0.4,0.2,0.3,6,0.8566666666666667,0.88092387,0.40277777777777785,0.42935872,2.9273628974103287,3.0999017,,,,
path_weight,N/A,rrg,0.5,0.2,0.3,6,0.88,0.9011259,0.5,0.5436794,2.288078173060228,2.3141105,,,,
path_weight,N/A,rrg,0.6000000000000001,0.2,0.3,6,0.9,0.92702943,0.5833333333333334,0.64854187,1.7264221324398266,1.873885,,,,
path_weight,N/A,rrg,0.7000000000000001,0.2,0.3,6,0.94,0.9474182,0.7499999999999998,0.7695667,1.1908388592425383,1.3231554,,,,
path_weight,N/A,rrg,0.8,0.2,0.3,6,0.97,0.96826816,0.8749999999999999,0.8665294,0.5751262352417319,0.80904996,,,,
path_weight,N/A,rrg,0.9,0.2,0.3,6,0.98,0.98432535,0.9166666666666666,0.93344104,0.3799397615554734,0.42105418,,,,
path_weight,N/A,rrg,1.0,0.2,0.3,6,1.0,0.9998883,1.0,0.9995344,1.788622531831047e-05,0.044543084,,,,
path_weight,N/A,rrg,0.0,0.05,0.3,7,0.9566666666666667,0.95000225,0.0,0.0,15.217112987046555,14.239043,,,,
path_weight,N/A,rrg,0.1,0.05,0.3,7,0.9633333333333334,0.959032,0.15384615384615483,0.13995075,11.174618591162677,11.339603,,,,
path_weight,N/A,rrg,0.2,0.05,0.3,7,0.9733333333333334,0.97259927,0.3846153846153858,0.3782083,8.43847854027239,9.057651,,,,
path_weight,N/A,rrg,0.30000000000000004,0.05,0.3,7,0.98,0.9797445,0.5384615384615381,0.5353056,5.8460256778558755,7.02355,,,,
path_weight,N/A,rrg,0.4,0.05,0.3,7,0.98,0.9810451,0.5384615384615381,0.551769,4.700480347252881,5.4628644,,,,
path_weight,N/A,rrg,0.5,0.05,0.3,7,0.99,0.9917234,0.769230769230769,0.8010901,3.7616818336516613,3.9139438,,,,
path_weight,N/A,rrg,0.6000000000000001,0.05,0.3,7,0.99,0.9943873,0.769230769230769,0.85588485,1.9058401517986154,2.238823,,,,
path_weight,N/A,rrg,0.7000000000000001,0.05,0.3,7,0.9966666666666667,0.9989858,0.9230769230769239,0.97527176,1.2492928575089703,1.4898413,,,,
path_weight,N/A,rrg,0.8,0.05,0.3,7,1.0,0.99954265,1.0,0.9895546,0.5208919750716485,0.74941254,,,,
path_weight,N/A,rrg,0.9,0.05,0.3,7,1.0,0.9998887,1.0,0.99743706,0.20161694161320254,0.30588177,,,,
path_weight,N/A,rrg,1.0,0.05,0.3,7,1.0,0.99994516,1.0,0.9987333,7.114218908482954e-05,0.02300486,,,,
path_weight,N/A,rrg,0.0,0.1,0.3,7,0.8966666666666666,0.90000165,0.0,0.0,12.244861804397177,10.708197,,,,
path_weight,N/A,rrg,0.1,0.1,0.3,7,0.9133333333333333,0.9134613,0.16129032258064557,0.16148731,10.101686406565847,8.701471,,,,
path_weight,N/A,rrg,0.2,0.1,0.3,7,0.9266666666666666,0.9319006,0.2903225806451614,0.30986488,8.43027080805022,7.5917025,,,,
path_weight,N/A,rrg,0.30000000000000004,0.1,0.3,7,0.94,0.94695884,0.4193548387096772,0.4527737,6.81715863165271,6.381378,,,,
path_weight,N/A,rrg,0.4,0.1,0.3,7,0.9533333333333334,0.9584553,0.5483870967741941,0.57915264,6.1702938386347785,5.062733,,,,
path_weight,N/A,rrg,0.5,0.1,0.3,7,0.97,0.96668965,0.7096774193548386,0.6876406,3.9486698326072793,3.723763,,,,
path_weight,N/A,rrg,0.6000000000000001,0.1,0.3,7,0.9766666666666667,0.9693353,0.7741935483870971,0.73274374,3.0985160413567963,2.57905,,,,
path_weight,N/A,rrg,0.7000000000000001,0.1,0.3,7,0.9866666666666667,0.9785931,0.8709677419354842,0.807949,2.460510276309613,1.8792839,,,,
path_weight,N/A,rrg,0.8,0.1,0.3,7,0.9933333333333333,0.99046034,0.9354838709677415,0.90854764,0.8809704666004105,1.1834549,,,,
path_weight,N/A,rrg,0.9,0.1,0.3,7,0.9933333333333333,0.996617,0.9354838709677415,0.9661727,0.9258383986180498,0.6580494,,,,
path_weight,N/A,rrg,1.0,0.1,0.3,7,1.0,0.999946,1.0,0.99947727,5.1421092407144736e-05,0.040290292,,,,
path_weight,N/A,rrg,0.0,0.2,0.3,7,0.7966666666666666,0.80000967,0.0,0.0,5.918770642235961,6.8362656,,,,
path_weight,N/A,rrg,0.1,0.2,0.3,7,0.83,0.8265296,0.16393442622950813,0.16591005,4.986468392724881,5.824124,,,,
path_weight,N/A,rrg,0.2,0.2,0.3,7,0.8533333333333334,0.8449439,0.2786885245901643,0.2759263,4.348352252988556,4.768991,,,,
path_weight,N/A,rrg,0.30000000000000004,0.2,0.3,7,0.88,0.8726694,0.4098360655737706,0.39891824,3.474903839692112,4.033119,,,,
path_weight,N/A,rrg,0.4,0.2,0.3,7,0.9066666666666666,0.89045596,0.5409836065573769,0.5057642,2.6870045825772695,3.2762406,,,,
path_weight,N/A,rrg,0.5,0.2,0.3,7,0.9233333333333333,0.9097004,0.6229508196721313,0.5858338,2.268742655706511,2.5969498,,,,
path_weight,N/A,rrg,0.6000000000000001,0.2,0.3,7,0.9433333333333334,0.9310356,0.7213114754098362,0.6801103,1.6692961788959402,1.909823,,,,
path_weight,N/A,rrg,0.7000000000000001,0.2,0.3,7,0.9566666666666667,0.9516669,0.7868852459016393,0.7679388,1.3081531305668432,1.5189188,,,,
path_weight,N/A,rrg,0.8,0.2,0.3,7,0.97,0.9682649,0.8524590163934426,0.8451963,0.8922210584179571,1.0378222,,,,
path_weight,N/A,rrg,0.9,0.2,0.3,7,0.9766666666666667,0.9827938,0.8852459016393444,0.9143752,0.2079389718376829,0.4545681,,,,
path_weight,N/A,rrg,1.0,0.2,0.3,7,1.0,0.9999102,1.0,0.9995581,2.5482218271644067e-05,0.04317686,,,,
path_weight,N/A,rrg,0.0,0.05,0.3,8,0.9533333333333334,0.95000225,0.0,0.0,12.940081622605636,14.239043,,,,
path_weight,N/A,rrg,0.1,0.05,0.3,8,0.9633333333333334,0.962153,0.21428571428571463,0.20899944,11.263204932398116,11.482386,,,,
path_weight,N/A,rrg,0.2,0.05,0.3,8,0.9666666666666667,0.96333617,0.28571428571428537,0.24618015,9.468164735845692,9.000095,,,,
path_weight,N/A,rrg,0.30000000000000004,0.05,0.3,8,0.9733333333333334,0.96648633,0.42857142857142927,0.3737354,5.913533002875808,6.9753404,,,,
path_weight,N/A,rrg,0.4,0.05,0.3,8,0.9833333333333333,0.97973514,0.6428571428571415,0.59683865,4.917451157660489,5.146708,,,,
path_weight,N/A,rrg,0.5,0.05,0.3,8,0.99,0.988042,0.7857142857142854,0.75407434,3.412843300805554,3.6438208,,,,
path_weight,N/A,rrg,0.6000000000000001,0.05,0.3,8,0.9966666666666667,0.9958588,0.9285714285714293,0.9127697,2.0864284940924938,2.613598,,,,
path_weight,N/A,rrg,0.7000000000000001,0.05,0.3,8,0.9966666666666667,0.9974764,0.9285714285714293,0.9449676,1.4522682614748097,1.6610253,,,,
path_weight,N/A,rrg,0.8,0.05,0.3,8,1.0,0.99938333,1.0,0.98695743,0.7912840214689739,0.7876598,,,,
path_weight,N/A,rrg,0.9,0.05,0.3,8,1.0,0.9998654,1.0,0.9971238,0.4957170022000122,0.39395925,,,,
path_weight,N/A,rrg,1.0,0.05,0.3,8,1.0,0.99997795,1.0,0.99952734,1.2828374523061095e-05,0.018177086,,,,
path_weight,N/A,rrg,0.0,0.1,0.3,8,0.87,0.90000165,0.0,0.0,8.953202943554789,10.708197,,,,
path_weight,N/A,rrg,0.1,0.1,0.3,8,0.9,0.9141788,0.23076923076923098,0.2590121,7.258170445885347,8.195462,,,,
path_weight,N/A,rrg,0.2,0.1,0.3,8,0.9066666666666666,0.9233443,0.2820512820512817,0.34770486,6.318126673243939,6.644949,,,,
path_weight,N/A,rrg,0.30000000000000004,0.1,0.3,8,0.9266666666666666,0.9394848,0.4358974358974357,0.47801474,5.101109288452796,5.303423,,,,
path_weight,N/A,rrg,0.4,0.1,0.3,8,0.94,0.94949716,0.5384615384615381,0.5821228,3.8636091891991806,4.2237744,,,,
path_weight,N/A,rrg,0.5,0.1,0.3,8,0.9533333333333334,0.9555594,0.6410256410256413,0.6521671,2.95985407550642,3.084868,,,,
path_weight,N/A,rrg,0.6000000000000001,0.1,0.3,8,0.9666666666666667,0.9659566,0.7435897435897436,0.739529,2.5594182397849354,2.4464076,,,,
path_weight,N/A,rrg,0.7000000000000001,0.1,0.3,8,0.97,0.97536415,0.769230769230769,0.8023024,2.0703309831041543,1.8433927,,,,
path_weight,N/A,rrg,0.8,0.1,0.3,8,0.98,0.98745674,0.846153846153846,0.89759994,1.4930024473191652,1.3180774,,,,
path_weight,N/A,rrg,0.9,0.1,0.3,8,0.9933333333333333,0.99351054,0.9487179487179483,0.94998854,0.4436892607777788,0.53675437,,,,
path_weight,N/A,rrg,1.0,0.1,0.3,8,1.0,0.9999229,1.0,0.99940646,4.622866092469642e-05,0.04021106,,,,
path_weight,N/A,rrg,0.0,0.2,0.3,8,0.7633333333333333,0.80000967,0.0,0.0,5.585992658888386,6.8362656,,,,
path_weight,N/A,rrg,0.1,0.2,0.3,8,0.7933333333333333,0.8268849,0.1267605633802818,0.1476849,4.826102806365202,5.766266,,,,
path_weight,N/A,rrg,0.2,0.2,0.3,8,0.83,0.8461535,0.2816901408450703,0.28447008,4.069674641926756,4.670767,,,,
path_weight,N/A,rrg,0.30000000000000004,0.2,0.3,8,0.8466666666666667,0.8662684,0.35211267605633817,0.36832356,3.0914501101285694,3.939756,,,,
path_weight,N/A,rrg,0.4,0.2,0.3,8,0.8666666666666667,0.886975,0.43661971830985935,0.4758469,2.547532371391936,3.1978588,,,,
path_weight,N/A,rrg,0.5,0.2,0.3,8,0.8933333333333333,0.90658885,0.5492957746478873,0.5783324,2.285790867704716,2.4874568,,,,
path_weight,N/A,rrg,0.6000000000000001,0.2,0.3,8,0.9033333333333333,0.9261672,0.5915492957746479,0.6516817,1.8375912426511751,1.9864355,,,,
path_weight,N/A,rrg,0.7000000000000001,0.2,0.3,8,0.9333333333333333,0.9451947,0.7183098591549296,0.75415343,1.2536961607154942,1.4166859,,,,
path_weight,N/A,rrg,0.8,0.2,0.3,8,0.9533333333333334,0.964481,0.8028169014084509,0.8422937,0.8205045788481844,0.90080464,,,,
path_weight,N/A,rrg,0.9,0.2,0.3,8,0.98,0.9834602,0.9154929577464788,0.92802924,0.4529489467373649,0.47842208,,,,
path_weight,N/A,rrg,1.0,0.2,0.3,8,1.0,0.9998704,1.0,0.99945223,4.048515102628268e-05,0.047596328,,,,
path_weight,N/A,rrg,0.0,0.05,0.3,9,0.9366666666666666,0.95000225,0.0,0.0,11.79387778680038,14.239043,,,,
path_weight,N/A,rrg,0.1,0.05,0.3,9,0.9433333333333334,0.9496513,0.10526315789473749,0.116927445,8.775147813344697,10.882371,,,,
path_weight,N/A,rrg,0.2,0.05,0.3,9,0.9533333333333334,0.9583315,0.26315789473684287,0.28570595,7.375049712267224,8.355229,,,,
path_weight,N/A,rrg,0.30000000000000004,0.05,0.3,9,0.96,0.9678286,0.3684210526315786,0.4203841,6.0988045496697465,6.9265347,,,,
path_weight,N/A,rrg,0.4,0.05,0.3,9,0.97,0.97594523,0.526315789473684,0.580839,5.2515430986282015,5.130181,,,,
path_weight,N/A,rrg,0.5,0.05,0.3,9,0.9733333333333334,0.9817856,0.5789473684210535,0.6681101,4.214222917202588,3.8314388,,,,
path_weight,N/A,rrg,0.6000000000000001,0.05,0.3,9,0.9766666666666667,0.989352,0.6315789473684215,0.78975636,4.055829089375767,2.6347852,,,,
path_weight,N/A,rrg,0.7000000000000001,0.05,0.3,9,0.9833333333333333,0.99170756,0.7368421052631572,0.84910333,2.9025028024437978,1.8625672,,,,
path_weight,N/A,rrg,0.8,0.05,0.3,9,0.9866666666666667,0.99484515,0.7894736842105268,0.9065214,2.8812264151798566,1.1818283,,,,
path_weight,N/A,rrg,0.9,0.05,0.3,9,0.9866666666666667,0.9945287,0.7894736842105268,0.90133446,1.9247882508904108,0.59239256,,,,
path_weight,N/A,rrg,1.0,0.05,0.3,9,1.0,0.99994385,1.0,0.99911296,7.546035565922706e-05,0.037989482,,,,
path_weight,N/A,rrg,0.0,0.1,0.3,9,0.9066666666666666,0.90000165,0.0,0.0,8.955153124880066,10.708197,,,,
path_weight,N/A,rrg,0.1,0.1,0.3,9,0.9266666666666666,0.9206321,0.21428571428571436,0.20126927,8.043983406937345,8.795615,,,,
path_weight,N/A,rrg,0.2,0.1,0.3,9,0.9266666666666666,0.93361473,0.21428571428571436,0.23151919,6.774468363564635,7.7669663,,,,
path_weight,N/A,rrg,0.30000000000000004,0.1,0.3,9,0.9433333333333334,0.9454954,0.3928571428571434,0.4021683,5.3675612529649905,6.0728517,,,,
path_weight,N/A,rrg,0.4,0.1,0.3,9,0.9533333333333334,0.95284563,0.5000000000000006,0.4617286,4.085574696279084,4.9304347,,,,
path_weight,N/A,rrg,0.5,0.1,0.3,9,0.9633333333333334,0.9641382,0.6071428571428578,0.59987456,2.9510587349178867,3.9710221,,,,
path_weight,N/A,rrg,0.6000000000000001,0.1,0.3,9,0.97,0.96716815,0.6785714285714285,0.6388671,2.0424999292568136,2.6593313,,,,
path_weight,N/A,rrg,0.7000000000000001,0.1,0.3,9,0.9766666666666667,0.978286,0.7500000000000003,0.7581854,1.6550261791842256,1.7483052,,,,
path_weight,N/A,rrg,0.8,0.1,0.3,9,0.9833333333333333,0.9861869,0.821428571428571,0.8473067,1.0853911809714305,0.9381132,,,,
path_weight,N/A,rrg,0.9,0.1,0.3,9,0.99,0.9920641,0.8928571428571428,0.91301215,0.9172200922172719,0.5508191,,,,
path_weight,N/A,rrg,1.0,0.1,0.3,9,1.0,0.9999427,1.0,0.999386,2.5257589437926974e-05,0.03280593,,,,
path_weight,N/A,rrg,0.0,0.2,0.3,9,0.83,0.80000967,0.0,0.0,6.399095007533915,6.8362656,,,,
path_weight,N/A,rrg,0.1,0.2,0.3,9,0.8566666666666667,0.824211,0.15686274509803955,0.1411519,5.334119513008849,5.782836,,,,
path_weight,N/A,rrg,0.2,0.2,0.3,9,0.88,0.85111505,0.2941176470588237,0.2557686,4.329069633126596,5.149781,,,,
path_weight,N/A,rrg,0.30000000000000004,0.2,0.3,9,0.8966666666666666,0.87191784,0.39215686274509787,0.34611806,4.013192090000821,4.3481236,,,,
path_weight,N/A,rrg,0.4,0.2,0.3,9,0.92,0.8977057,0.5294117647058827,0.4680112,3.1492337494411586,3.6851318,,,,
path_weight,N/A,rrg,0.5,0.2,0.3,9,0.9333333333333333,0.9150116,0.6078431372549021,0.54868466,2.283268451196289,2.8443923,,,,
path_weight,N/A,rrg,0.6000000000000001,0.2,0.3,9,0.9433333333333334,0.93209046,0.6666666666666669,0.62526906,1.6754003130208555,2.1806798,,,,
path_weight,N/A,rrg,0.7000000000000001,0.2,0.3,9,0.95,0.9508362,0.7058823529411763,0.7093338,1.3475044194960086,1.659378,,,,
path_weight,N/A,rrg,0.8,0.2,0.3,9,0.9633333333333334,0.96441245,0.7843137254901964,0.7892572,0.8641950435687779,1.0391233,,,,
path_weight,N/A,rrg,0.9,0.2,0.3,9,0.9833333333333333,0.98160523,0.9019607843137252,0.8927893,0.3749189810043154,0.44879252,,,,
path_weight,N/A,rrg,1.0,0.2,0.3,9,1.0,0.9999177,1.0,0.99951565,3.069153521451161e-05,0.04289878,,,,
path_weight,N/A,rrg,0.0,0.05,0.3,10,0.95,0.95000225,0.0,0.0,12.931004334295903,14.239043,,,,
path_weight,N/A,rrg,0.1,0.05,0.3,10,0.9666666666666667,0.95934874,0.3333333333333341,0.2540194,9.042590865445717,10.310579,,,,
path_weight,N/A,rrg,0.2,0.05,0.3,10,0.9833333333333333,0.9695397,0.666666666666666,0.52251214,7.7125269997842105,7.9898486,,,,
path_weight,N/A,rrg,0.30000000000000004,0.05,0.3,10,0.99,0.9737959,0.8,0.60418975,6.7483976140373745,6.329539,,,,
path_weight,N/A,rrg,0.4,0.05,0.3,10,0.9933333333333333,0.98324597,0.8666666666666659,0.72117084,4.782799792430299,4.816937,,,,
path_weight,N/A,rrg,0.5,0.05,0.3,10,0.9966666666666667,0.989266,0.9333333333333341,0.81299686,4.743133444006977,3.7778964,,,,
path_weight,N/A,rrg,0.6000000000000001,0.05,0.3,10,0.9966666666666667,0.990489,0.9333333333333341,0.8306953,2.6268652547390583,2.2893717,,,,
path_weight,N/A,rrg,0.7000000000000001,0.05,0.3,10,0.9966666666666667,0.99348783,0.9333333333333341,0.8775386,1.9173149345937073,1.3397611,,,,
path_weight,N/A,rrg,0.8,0.05,0.3,10,0.9966666666666667,0.9958047,0.9333333333333341,0.9175054,1.2925521917969471,0.8995823,,,,
path_weight,N/A,rrg,0.9,0.05,0.3,10,1.0,0.99968976,1.0,0.9938297,0.7613082105570621,0.471381,,,,
path_weight,N/A,rrg,1.0,0.05,0.3,10,1.0,0.99993956,1.0,0.9987901,5.372885862721501e-05,0.029653283,,,,
path_weight,N/A,rrg,0.0,0.1,0.3,10,0.88,0.90000165,0.0,0.0,9.461412439099224,10.708197,,,,
path_weight,N/A,rrg,0.1,0.1,0.3,10,0.9,0.91982025,0.16666666666666682,0.19963765,7.595950942897249,8.7697115,,,,
path_weight,N/A,rrg,0.2,0.1,0.3,10,0.91,0.9285365,0.2500000000000002,0.29921994,6.823711381040855,7.42434,,,,
path_weight,N/A,rrg,0.30000000000000004,0.1,0.3,10,0.9266666666666666,0.9465161,0.3888888888888886,0.46907,5.9708171975268325,6.021129,,,,
path_weight,N/A,rrg,0.4,0.1,0.3,10,0.9433333333333334,0.9585125,0.527777777777778,0.58483046,5.37833967035767,4.6709156,,,,
path_weight,N/A,rrg,0.5,0.1,0.3,10,0.9466666666666667,0.9652763,0.5555555555555555,0.66755444,3.699302484141414,3.309241,,,,
path_weight,N/A,rrg,0.6000000000000001,0.1,0.3,10,0.96,0.9729702,0.6666666666666664,0.75638,2.2598765125265157,2.3520255,,,,
path_weight,N/A,rrg,0.7000000000000001,0.1,0.3,10,0.9666666666666667,0.9769274,0.7222222222222223,0.7977839,1.190268562130263,1.6830416,,,,
path_weight,N/A,rrg,0.8,0.1,0.3,10,0.98,0.98289084,0.8333333333333331,0.8587694,0.9095287055731577,0.947204,,,,
path_weight,N/A,rrg,0.9,0.1,0.3,10,0.9933333333333333,0.99057955,0.9444444444444441,0.92323375,0.17563946773532618,0.36892912,,,,
path_weight,N/A,rrg,1.0,0.1,0.3,10,1.0,0.99995095,1.0,0.9995911,3.6515732840273896e-05,0.03709682,,,,
path_weight,N/A,rrg,0.0,0.2,0.3,10,0.8,0.80000967,0.0,0.0,8.218063290869281,6.8362656,,,,
path_weight,N/A,rrg,0.1,0.2,0.3,10,0.8266666666666667,0.82655233,0.1333333333333331,0.13324492,7.334133801888347,5.8545027,,,,
path_weight,N/A,rrg,0.2,0.2,0.3,10,0.85,0.8507321,0.24999999999999972,0.25089857,6.227783285058107,5.0992317,,,,
path_weight,N/A,rrg,0.30000000000000004,0.2,0.3,10,0.87,0.88161397,0.3499999999999998,0.37154582,4.831112977098645,4.4472036,,,,
path_weight,N/A,rrg,0.4,0.2,0.3,10,0.8966666666666666,0.90378255,0.48333333333333295,0.5011331,3.1402156009798783,3.6822867,,,,
path_weight,N/A,rrg,0.5,0.2,0.3,10,0.9233333333333333,0.9203579,0.6166666666666666,0.61182517,2.7065503146723153,2.767678,,,,
path_weight,N/A,rrg,0.6000000000000001,0.2,0.3,10,0.9433333333333334,0.94427663,0.7166666666666667,0.7216224,1.9923506046916661,2.1875887,,,,
path_weight,N/A,rrg,0.7000000000000001,0.2,0.3,10,0.97,0.9599028,0.8499999999999999,0.81016463,1.261226012084338,1.4293087,,,,
path_weight,N/A,rrg,0.8,0.2,0.3,10,0.9766666666666667,0.97321135,0.8833333333333334,0.8710545,0.8480930027277844,0.8180128,,,,
path_weight,N/A,rrg,0.9,0.2,0.3,10,0.9866666666666667,0.98450154,0.9333333333333335,0.92515826,0.3400132742277398,0.39472857,,,,
path_weight,N/A,rrg,1.0,0.2,0.3,10,1.0,0.9999062,1.0,0.99953073,1.734876580188396e-05,0.03962039,,,,
path_weight,N/A,rrg,0.0,0.05,0.3,11,0.9566666666666667,0.95000225,0.0,0.0,14.606557923163091,14.239043,,,,
path_weight,N/A,rrg,0.1,0.05,0.3,11,0.9666666666666667,0.9615244,0.23076923076923098,0.20628735,13.295654631609702,11.476178,,,,
path_weight,N/A,rrg,0.2,0.05,0.3,11,0.9733333333333334,0.9748824,0.3846153846153858,0.3988751,9.538115679076263,9.603069,,,,
path_weight,N/A,rrg,0.30000000000000004,0.05,0.3,11,0.9766666666666667,0.97622,0.46153846153846195,0.45682874,6.281315089915322,7.068166,,,,
path_weight,N/A,rrg,0.4,0.05,0.3,11,0.98,0.9823329,0.5384615384615381,0.56909984,5.883375078251754,5.2514133,,,,
path_weight,N/A,rrg,0.5,0.05,0.3,11,0.9833333333333333,0.9798097,0.6153846153846142,0.56910706,3.1863362264493795,3.5035229,,,,
path_weight,N/A,rrg,0.6000000000000001,0.05,0.3,11,0.99,0.98833334,0.769230769230769,0.7407397,1.7314738619766967,2.4921463,,,,
path_weight,N/A,rrg,0.7000000000000001,0.05,0.3,11,0.9966666666666667,0.9964792,0.9230769230769239,0.91909975,1.1545213359697641,1.5692003,,,,
path_weight,N/A,rrg,0.8,0.05,0.3,11,1.0,0.9995448,1.0,0.98960364,0.6133146710249373,0.7822985,,,,
path_weight,N/A,rrg,0.9,0.05,0.3,11,1.0,0.9999518,1.0,0.99888825,0.22001606933117637,0.36052203,,,,
path_weight,N/A,rrg,1.0,0.05,0.3,11,1.0,0.99997985,1.0,0.99953496,1.1982174053117569e-05,0.017899347,,,,
path_weight,N/A,rrg,0.0,0.1,0.3,11,0.89,0.90000165,0.0,0.0,10.036419536025594,10.708197,,,,
path_weight,N/A,rrg,0.1,0.1,0.3,11,0.9066666666666666,0.91388446,0.151515151515151,0.16214581,9.081766785478168,8.679002,,,,
path_weight,N/A,rrg,0.2,0.1,0.3,11,0.9166666666666666,0.9270513,0.242424242424242,0.26769045,7.779008814627778,7.2457266,,,,
path_weight,N/A,rrg,0.30000000000000004,0.1,0.3,11,0.9266666666666666,0.94835824,0.333333333333333,0.41520643,6.66287770583361,6.2587314,,,,
path_weight,N/A,rrg,0.4,0.1,0.3,11,0.94,0.95268095,0.454545454545454,0.51376927,4.332781138622067,4.5242004,,,,
path_weight,N/A,rrg,0.5,0.1,0.3,11,0.95,0.96005017,0.545454545454545,0.60029376,3.180372463864343,3.2591748,,,,
path_weight,N/A,rrg,0.6000000000000001,0.1,0.3,11,0.97,0.9754772,0.727272727272727,0.765316,2.1987121861526626,2.2804894,,,,
path_weight,N/A,rrg,0.7000000000000001,0.1,0.3,11,0.9833333333333333,0.97985023,0.848484848484848,0.81836396,1.3202736081353683,1.6928353,,,,
path_weight,N/A,rrg,0.8,0.1,0.3,11,0.9833333333333333,0.9825002,0.848484848484848,0.8397741,1.0662425947701497,1.1878833,,,,
path_weight,N/A,rrg,0.9,0.1,0.3,11,0.9933333333333333,0.9931989,0.939393939393939,0.93668306,0.6071844761568215,0.55873126,,,,
path_weight,N/A,rrg,1.0,0.1,0.3,11,1.0,0.99993205,1.0,0.999382,2.3307979184620044e-05,0.03649395,,,,
path_weight,N/A,rrg,0.0,0.2,0.3,11,0.7933333333333333,0.80000967,0.0,0.0,5.580080033893473,6.8362656,,,,
path_weight,N/A,rrg,0.1,0.2,0.3,11,0.8266666666666667,0.82313687,0.16129032258064513,0.15253638,4.618289642321026,5.610097,,,,
path_weight,N/A,rrg,0.2,0.2,0.3,11,0.84,0.8481918,0.22580645161290308,0.23511168,4.135059176809274,4.8093514,,,,
path_weight,N/A,rrg,0.30000000000000004,0.2,0.3,11,0.8633333333333333,0.86378145,0.3387096774193546,0.3432824,3.2718738471214905,3.761979,,,,
path_weight,N/A,rrg,0.4,0.2,0.3,11,0.8866666666666667,0.88762003,0.45161290322580666,0.44972184,2.681500615653578,3.0143237,,,,
path_weight,N/A,rrg,0.5,0.2,0.3,11,0.9033333333333333,0.9079894,0.532258064516129,0.5468337,2.251073920913773,2.367173,,,,
path_weight,N/A,rrg,0.6000000000000001,0.2,0.3,11,0.9266666666666666,0.92499554,0.6451612903225805,0.64174277,1.787038234151455,1.7609334,,,,
path_weight,N/A,rrg,0.7000000000000001,0.2,0.3,11,0.9433333333333334,0.94302595,0.7258064516129034,0.72773135,1.394240132335752,1.1864711,,,,
path_weight,N/A,rrg,0.8,0.2,0.3,11,0.9633333333333334,0.9671383,0.8225806451612905,0.8415577,0.817233093601888,0.82233804,,,,
path_weight,N/A,rrg,0.9,0.2,0.3,11,0.9866666666666667,0.9823263,0.9354838709677421,0.91617906,0.27477287810930107,0.40975586,,,,
path_weight,N/A,rrg,1.0,0.2,0.3,11,1.0,0.9999109,1.0,0.9995687,2.7720314213890037e-05,0.04381829,,,,
path_weight,N/A,rrg,0.0,0.05,0.3,12,0.9266666666666666,0.95000225,0.0,0.0,14.770810376013433,14.239043,,,,
path_weight,N/A,rrg,0.1,0.05,0.3,12,0.9433333333333334,0.9577057,0.2272727272727279,0.28266025,11.365650921589953,10.7544155,,,,
path_weight,N/A,rrg,0.2,0.05,0.3,12,0.9533333333333334,0.9580267,0.3636363636363643,0.388494,9.249140293515529,8.005741,,,,
path_weight,N/A,rrg,0.30000000000000004,0.05,0.3,12,0.9666666666666667,0.9671521,0.5454545454545457,0.5490869,8.307518321588525,6.2523837,,,,
path_weight,N/A,rrg,0.4,0.05,0.3,12,0.9733333333333334,0.97379476,0.6363636363636372,0.6261328,6.812875491672759,4.634348,,,,
path_weight,N/A,rrg,0.5,0.05,0.3,12,0.9766666666666667,0.97240704,0.6818181818181822,0.6311523,4.609549457555437,3.3979762,,,,
path_weight,N/A,rrg,0.6000000000000001,0.05,0.3,12,0.9866666666666667,0.98732543,0.8181818181818186,0.8255876,3.7014064332107703,2.4555314,,,,
path_weight,N/A,rrg,0.7000000000000001,0.05,0.3,12,0.9866666666666667,0.9898712,0.8181818181818186,0.8555598,2.0822269451919406,1.5320221,,,,
path_weight,N/A,rrg,0.8,0.05,0.3,12,0.9933333333333333,0.99576163,0.9090909090909085,0.9402089,1.405270974391099,1.0785004,,,,
path_weight,N/A,rrg,0.9,0.05,0.3,12,0.9966666666666667,0.99740374,0.954545454545455,0.9642263,0.7711369161900857,0.45263526,,,,
path_weight,N/A,rrg,1.0,0.05,0.3,12,1.0,0.99994963,1.0,0.9993129,3.5273488831862066e-05,0.03556856,,,,
path_weight,N/A,rrg,0.0,0.1,0.3,12,0.9066666666666666,0.90000165,0.0,0.0,8.425677218190105,10.708197,,,,
path_weight,N/A,rrg,0.1,0.1,0.3,12,0.92,0.9146474,0.1428571428571437,0.13510394,7.142889523877966,8.675594,,,,
path_weight,N/A,rrg,0.2,0.1,0.3,12,0.9366666666666666,0.93183815,0.32142857142857156,0.30553192,5.986220749649236,7.150233,,,,
path_weight,N/A,rrg,0.30000000000000004,0.1,0.3,12,0.95,0.93893576,0.4642857142857141,0.4009189,4.689078341745793,5.5391474,,,,
path_weight,N/A,rrg,0.4,0.1,0.3,12,0.9633333333333334,0.9443591,0.6071428571428578,0.48122633,3.7462905540629716,4.4151516,,,,
path_weight,N/A,rrg,0.5,0.1,0.3,12,0.98,0.9573907,0.7857142857142856,0.6230627,2.969632891150515,3.5260782,,,,
path_weight,N/A,rrg,0.6000000000000001,0.1,0.3,12,0.9833333333333333,0.9684827,0.821428571428571,0.7086504,2.404418707201935,2.566744,,,,
path_weight,N/A,rrg,0.7000000000000001,0.1,0.3,12,0.99,0.97740877,0.8928571428571428,0.78670126,1.3514301325556723,1.902942,,,,
path_weight,N/A,rrg,0.8,0.1,0.3,12,0.9966666666666667,0.98603487,0.9642857142857146,0.86349726,0.8533489161377891,1.069873,,,,
path_weight,N/A,rrg,0.9,0.1,0.3,12,1.0,0.9924353,1.0,0.923843,0.3508988362829733,0.448613,,,,
path_weight,N/A,rrg,1.0,0.1,0.3,12,1.0,0.9999495,1.0,0.9994589,4.2343490497779137e-05,0.033806216,,,,
path_weight,N/A,rrg,0.0,0.2,0.3,12,0.8233333333333334,0.80000967,0.0,0.0,6.2198753769746284,6.8362656,,,,
path_weight,N/A,rrg,0.1,0.2,0.3,12,0.86,0.82172954,0.20754716981132054,0.15354209,5.4564477423534585,5.579893,,,,
path_weight,N/A,rrg,0.2,0.2,0.3,12,0.89,0.84382725,0.3773584905660377,0.29914996,4.64179664834837,4.6960163,,,,
path_weight,N/A,rrg,0.30000000000000004,0.2,0.3,12,0.9033333333333333,0.87313926,0.4528301886792451,0.3901629,3.451344727444689,4.240921,,,,
path_weight,N/A,rrg,0.4,0.2,0.3,12,0.92,0.8940162,0.5471698113207548,0.47698098,2.9805427221103207,3.4922254,,,,
path_weight,N/A,rrg,0.5,0.2,0.3,12,0.94,0.91448647,0.6603773584905657,0.577011,2.5400492529359697,2.7439303,,,,
path_weight,N/A,rrg,0.6000000000000001,0.2,0.3,12,0.96,0.932966,0.7735849056603771,0.668882,2.052041656391197,2.0401306,,,,
path_weight,N/A,rrg,0.7000000000000001,0.2,0.3,12,0.9766666666666667,0.95286334,0.8679245283018868,0.7648267,1.3249243096930692,1.4820732,,,,
path_weight,N/A,rrg,0.8,0.2,0.3,12,0.9833333333333333,0.96796113,0.9056603773584903,0.8370353,0.6946206811015789,0.9187887,,,,
path_weight,N/A,rrg,0.9,0.2,0.3,12,0.9866666666666667,0.985689,0.9245283018867926,0.9215655,0.12630301508408986,0.43059132,,,,
path_weight,N/A,rrg,1.0,0.2,0.3,12,1.0,0.99990743,1.0,0.99947584,2.932169367325674e-05,0.04223599,,,,
path_weight,N/A,rrg,0.0,0.05,0.3,13,0.9633333333333334,0.95000225,0.0,0.0,14.7794807632815,14.239043,,,,
path_weight,N/A,rrg,0.1,0.05,0.3,13,0.97,0.9639684,0.18181818181818016,0.15613422,12.282694077174522,12.202464,,,,
path_weight,N/A,rrg,0.2,0.05,0.3,13,0.98,0.9689931,0.4545454545454534,0.3495989,9.889452299413055,8.990444,,,,
path_weight,N/A,rrg,0.30000000000000004,0.05,0.3,13,0.98,0.9726896,0.4545454545454534,0.37898543,8.391075982937128,7.346958,,,,
path_weight,N/A,rrg,0.4,0.05,0.3,13,0.99,0.98476136,0.7272727272727267,0.63635457,6.2036792506119465,5.1667066,,,,
path_weight,N/A,rrg,0.5,0.05,0.3,13,0.99,0.9903727,0.7272727272727267,0.7347412,3.878842015649643,3.8862097,,,,
path_weight,N/A,rrg,0.6000000000000001,0.05,0.3,13,0.9933333333333333,0.9895297,0.8181818181818168,0.71880585,3.298213287406979,2.6003602,,,,
path_weight,N/A,rrg,0.7000000000000001,0.05,0.3,13,0.9933333333333333,0.9970235,0.8181818181818168,0.90973884,1.6485186404604524,1.7717,,,,
path_weight,N/A,rrg,0.8,0.05,0.3,13,0.9933333333333333,0.9984077,0.8181818181818168,0.949598,1.236227280951261,0.95374733,,,,
path_weight,N/A,rrg,0.9,0.05,0.3,13,0.9933333333333333,0.99954265,0.8181818181818168,0.98498034,0.8627250175043006,0.4948767,,,,
path_weight,N/A,rrg,1.0,0.05,0.3,13,1.0,0.9999896,1.0,0.9997172,4.148476374910392e-06,0.014762084,,,,
path_weight,N/A,rrg,0.0,0.1,0.3,13,0.89,0.90000165,0.0,0.0,8.35212566033132,10.708197,,,,
path_weight,N/A,rrg,0.1,0.1,0.3,13,0.9066666666666666,0.90942127,0.151515151515151,0.15946065,7.050439598949876,8.652896,,,,
path_weight,N/A,rrg,0.2,0.1,0.3,13,0.9266666666666666,0.9244526,0.333333333333333,0.3267412,5.991776446802053,7.1741796,,,,
path_weight,N/A,rrg,0.30000000000000004,0.1,0.3,13,0.94,0.93590736,0.454545454545454,0.4382243,4.876825840049023,5.8788466,,,,
path_weight,N/A,rrg,0.4,0.1,0.3,13,0.9566666666666667,0.94815564,0.606060606060606,0.5625199,3.8603038895557846,4.680907,,,,
path_weight,N/A,rrg,0.5,0.1,0.3,13,0.9733333333333334,0.9572204,0.757575757575758,0.66075677,3.0798879026205834,3.6194417,,,,
path_weight,N/A,rrg,0.6000000000000001,0.1,0.3,13,0.98,0.9704614,0.818181818181818,0.7528717,2.016250910326321,2.750021,,,,
path_weight,N/A,rrg,0.7000000000000001,0.1,0.3,13,0.9866666666666667,0.97950274,0.878787878787879,0.8250365,1.8346651610318652,1.998205,,,,
path_weight,N/A,rrg,0.8,0.1,0.3,13,0.9966666666666667,0.9906514,0.9696969696969701,0.9193998,0.7807847388701233,1.2332603,,,,
path_weight,N/A,rrg,0.9,0.1,0.3,13,1.0,0.99693626,1.0,0.97288924,0.22739843101248258,0.45112705,,,,
path_weight,N/A,rrg,1.0,0.1,0.3,13,1.0,0.9999362,1.0,0.99942,1.6104191738560935e-05,0.03172842,,,,
path_weight,N/A,rrg,0.0,0.2,0.3,13,0.7766666666666666,0.80000967,0.0,0.0,4.8803577088863515,6.8362656,,,,
path_weight,N/A,rrg,0.1,0.2,0.3,13,0.8,0.82563305,0.1044776119402989,0.11801463,4.376332875455087,5.91565,,,,
path_weight,N/A,rrg,0.2,0.2,0.3,13,0.8266666666666667,0.8467506,0.22388059701492552,0.24598557,3.9220516858371246,4.9368753,,,,
path_weight,N/A,rrg,0.30000000000000004,0.2,0.3,13,0.8466666666666667,0.86169523,0.3134328358208957,0.34344077,3.5606206268531326,3.8433785,,,,
path_weight,N/A,rrg,0.4,0.2,0.3,13,0.87,0.88517314,0.4179104477611941,0.45132852,2.652371371654596,3.1238673,,,,
path_weight,N/A,rrg,0.5,0.2,0.3,13,0.9066666666666666,0.90836924,0.5820895522388059,0.5889734,2.0641932604282487,2.4218054,,,,
path_weight,N/A,rrg,0.6000000000000001,0.2,0.3,13,0.92,0.9288006,0.6417910447761197,0.6650112,1.6822485900207595,1.8810917,,,,
path_weight,N/A,rrg,0.7000000000000001,0.2,0.3,13,0.9433333333333334,0.9491787,0.7462686567164181,0.76633966,1.3079618633953376,1.3763375,,,,
path_weight,N/A,rrg,0.8,0.2,0.3,13,0.97,0.96538526,0.8656716417910447,0.84756684,0.9012430035392992,0.8561787,,,,
path_weight,N/A,rrg,0.9,0.2,0.3,13,0.9866666666666667,0.9833488,0.9402985074626867,0.9261185,0.5186959273433533,0.45054117,,,,
path_weight,N/A,rrg,1.0,0.2,0.3,13,1.0,0.9998864,1.0,0.9994911,1.8713473948962713e-05,0.044068433,,,,
path_weight,N/A,rrg,0.0,0.05,0.3,14,0.9566666666666667,0.95000225,0.0,0.0,16.592239406113936,14.239043,,,,
path_weight,N/A,rrg,0.1,0.05,0.3,14,0.9633333333333334,0.9571175,0.15384615384615483,0.1345443,13.086852212865756,11.537031,,,,
path_weight,N/A,rrg,0.2,0.05,0.3,14,0.97,0.9734324,0.3076923076923071,0.3341609,8.703039268030613,10.858688,,,,
path_weight,N/A,rrg,0.30000000000000004,0.05,0.3,14,0.9766666666666667,0.9792154,0.46153846153846195,0.49038073,7.40490827381585,8.277101,,,,
path_weight,N/A,rrg,0.4,0.05,0.3,14,0.9866666666666667,0.9844366,0.6923076923076928,0.658423,5.314296258476873,5.904315,,,,
path_weight,N/A,rrg,0.5,0.05,0.3,14,0.9866666666666667,0.98635864,0.6923076923076928,0.68742114,3.9763939495314524,4.617871,,,,
path_weight,N/A,rrg,0.6000000000000001,0.05,0.3,14,0.99,0.9908571,0.769230769230769,0.78475255,2.461584151694164,2.4870265,,,,
path_weight,N/A,rrg,0.7000000000000001,0.05,0.3,14,0.99,0.9955782,0.769230769230769,0.8923894,1.5110535362714768,1.4163378,,,,
path_weight,N/A,rrg,0.8,0.05,0.3,14,0.9933333333333333,0.9962974,0.8461538461538451,0.91533804,0.979985980186472,0.84150887,,,,
path_weight,N/A,rrg,0.9,0.05,0.3,14,1.0,0.99987376,1.0,0.99709356,0.5653709860310873,0.36001146,,,,
path_weight,N/A,rrg,1.0,0.05,0.3,14,1.0,0.9999708,1.0,0.99932575,2.3799583361754062e-05,0.024550887,,,,
path_weight,N/A,rrg,0.0,0.1,0.3,14,0.9233333333333333,0.90000165,0.0,0.0,10.615647767137757,10.708197,,,,
path_weight,N/A,rrg,0.1,0.1,0.3,14,0.9333333333333333,0.920684,0.1304347826086958,0.11196072,8.489417081407591,9.290289,,,,
path_weight,N/A,rrg,0.2,0.1,0.3,14,0.9433333333333334,0.9388505,0.2608695652173916,0.24645914,7.463629798590913,8.053702,,,,
path_weight,N/A,rrg,0.30000000000000004,0.1,0.3,14,0.96,0.94959,0.4782608695652169,0.42108357,6.047849932381725,6.1252623,,,,
path_weight,N/A,rrg,0.4,0.1,0.3,14,0.9666666666666667,0.9569155,0.5652173913043479,0.5014374,4.650580233171656,4.7228465,,,,
path_weight,N/A,rrg,0.5,0.1,0.3,14,0.9733333333333334,0.967956,0.6521739130434789,0.6094272,3.969516326144655,3.484144,,,,
path_weight,N/A,rrg,0.6000000000000001,0.1,0.3,14,0.9866666666666667,0.97719127,0.8260869565217395,0.7352112,3.164925756723691,2.620932,,,,
path_weight,N/A,rrg,0.7000000000000001,0.1,0.3,14,0.9933333333333333,0.9843561,0.913043478260869,0.81494427,2.0989217984393713,1.7424659,,,,
path_weight,N/A,rrg,0.8,0.1,0.3,14,0.9933333333333333,0.9900246,0.913043478260869,0.8752488,1.5849566537421291,1.2593406,,,,
path_weight,N/A,rrg,0.9,0.1,0.3,14,1.0,0.99664927,1.0,0.9575836,0.32386523375914705,0.5215612,,,,
path_weight,N/A,rrg,1.0,0.1,0.3,14,1.0,0.99996215,1.0,0.9995062,2.3079976095095603e-05,0.031371173,,,,
path_weight,N/A,rrg,0.0,0.2,0.3,14,0.8066666666666666,0.80000967,0.0,0.0,7.833460057531879,6.8362656,,,,
path_weight,N/A,rrg,0.1,0.2,0.3,14,0.8233333333333334,0.8348421,0.0862068965517244,0.09679007,5.83221361762953,6.329744,,,,
path_weight,N/A,rrg,0.2,0.2,0.3,14,0.85,0.85928875,0.22413793103448273,0.24046782,5.033482020661517,5.278889,,,,
path_weight,N/A,rrg,0.30000000000000004,0.2,0.3,14,0.8766666666666667,0.8711516,0.36206896551724166,0.35579917,4.152006880784571,4.1917324,,,,
path_weight,N/A,rrg,0.4,0.2,0.3,14,0.8933333333333333,0.8999572,0.44827586206896547,0.46415487,3.4917601737217745,3.6983993,,,,
path_weight,N/A,rrg,0.5,0.2,0.3,14,0.91,0.9152771,0.5344827586206898,0.5521507,2.375037955939526,2.7815518,,,,
path_weight,N/A,rrg,0.6000000000000001,0.2,0.3,14,0.9333333333333333,0.93213946,0.6551724137931035,0.65522987,1.738190461800763,2.101183,,,,
path_weight,N/A,rrg,0.7000000000000001,0.2,0.3,14,0.9433333333333334,0.94504255,0.7068965517241381,0.7198552,1.0457536623029084,1.4218426,,,,
path_weight,N/A,rrg,0.8,0.2,0.3,14,0.9733333333333334,0.96253437,0.8620689655172417,0.80898106,0.618691184942284,0.8860543,,,,
path_weight,N/A,rrg,0.9,0.2,0.3,14,0.9833333333333333,0.9784389,0.9137931034482756,0.88962597,0.2826698571492519,0.36628982,,,,
path_weight,N/A,rrg,1.0,0.2,0.3,14,1.0,0.99992144,1.0,0.99959356,5.119547195801463e-05,0.047682546,,,,
path_weight,N/A,rrg,0.0,0.05,0.3,15,0.9233333333333333,0.95000225,0.0,0.0,12.75108284076563,14.239043,,,,
path_weight,N/A,rrg,0.1,0.05,0.3,15,0.94,0.9554511,0.21739130434782533,0.27225238,10.106207748304671,10.646121,,,,
path_weight,N/A,rrg,0.2,0.05,0.3,15,0.9433333333333334,0.9561641,0.2608695652173916,0.3133013,7.663532517530548,8.028884,,,,
path_weight,N/A,rrg,0.30000000000000004,0.05,0.3,15,0.9566666666666667,0.9673393,0.4347826086956521,0.5050935,6.1948287121006915,6.388076,,,,
path_weight,N/A,rrg,0.4,0.05,0.3,15,0.96,0.96909934,0.4782608695652169,0.54266596,5.419309836996406,4.898909,,,,
path_weight,N/A,rrg,0.5,0.05,0.3,15,0.9666666666666667,0.9724121,0.5652173913043479,0.61100274,2.9312633394156697,3.3754919,,,,
path_weight,N/A,rrg,0.6000000000000001,0.05,0.3,15,0.98,0.98277414,0.7391304347826084,0.7668731,2.10632329215244,2.3891547,,,,
path_weight,N/A,rrg,0.7000000000000001,0.05,0.3,15,0.99,0.9880491,0.8695652173913042,0.8479708,0.7594896655745587,1.5484928,,,,
path_weight,N/A,rrg,0.8,0.05,0.3,15,0.9933333333333333,0.992516,0.913043478260869,0.9033896,0.4199607463548468,0.9051529,,,,
path_weight,N/A,rrg,0.9,0.05,0.3,15,0.9966666666666667,0.99474764,0.9565217391304353,0.93313247,0.16997782983696189,0.40768582,,,,
path_weight,N/A,rrg,1.0,0.05,0.3,15,1.0,0.99995494,1.0,0.999412,2.6266265021104413e-05,0.031331398,,,,
path_weight,N/A,rrg,0.0,0.1,0.3,15,0.9066666666666666,0.90000165,0.0,0.0,13.136986919791768,10.708197,,,,
path_weight,N/A,rrg,0.1,0.1,0.3,15,0.9233333333333333,0.9130882,0.17857142857142905,0.16090076,11.323286505544077,8.520766,,,,
path_weight,N/A,rrg,0.2,0.1,0.3,15,0.9433333333333334,0.9313844,0.3928571428571434,0.34823406,9.181273521103344,7.0955844,,,,
path_weight,N/A,rrg,0.30000000000000004,0.1,0.3,15,0.9566666666666667,0.94747174,0.5357142857142859,0.48764008,7.750744013081939,5.786688,,,,
path_weight,N/A,rrg,0.4,0.1,0.3,15,0.9666666666666667,0.9587453,0.6428571428571431,0.5925392,5.507189417182746,4.4302177,,,,
path_weight,N/A,rrg,0.5,0.1,0.3,15,0.9766666666666667,0.96775603,0.7500000000000003,0.68461597,4.002394888895666,3.1643603,,,,
path_weight,N/A,rrg,0.6000000000000001,0.1,0.3,15,0.9866666666666667,0.9741042,0.8571428571428574,0.7486071,3.0188250199422053,2.3399243,,,,
path_weight,N/A,rrg,0.7000000000000001,0.1,0.3,15,0.9866666666666667,0.9791805,0.8571428571428574,0.79078877,2.128764972647629,1.730118,,,,
path_weight,N/A,rrg,0.8,0.1,0.3,15,0.9866666666666667,0.98617125,0.8571428571428574,0.85257643,1.0383355630720033,1.0938367,,,,
path_weight,N/A,rrg,0.9,0.1,0.3,15,0.9933333333333333,0.99581337,0.9285714285714282,0.9558065,0.37131720938717383,0.5522231,,,,
path_weight,N/A,rrg,1.0,0.1,0.3,15,1.0,0.99988157,1.0,0.9987297,0.00025028062530377195,0.047277845,,,,
path_weight,N/A,rrg,0.0,0.2,0.3,15,0.8033333333333333,0.80000967,0.0,0.0,6.057586924190408,6.8362656,,,,
path_weight,N/A,rrg,0.1,0.2,0.3,15,0.8266666666666667,0.8224045,0.11864406779661009,0.11611703,5.2254943145158625,5.779503,,,,
path_weight,N/A,rrg,0.2,0.2,0.3,15,0.8433333333333334,0.8480348,0.20338983050847476,0.21759637,4.360007025638447,5.0121117,,,,
path_weight,N/A,rrg,0.30000000000000004,0.2,0.3,15,0.8733333333333333,0.8678898,0.3559322033898303,0.3530638,3.934562248726047,4.0626864,,,,
path_weight,N/A,rrg,0.4,0.2,0.3,15,0.8833333333333333,0.89572406,0.40677966101694896,0.43409252,3.4432698347607644,3.8048706,,,,
path_weight,N/A,rrg,0.5,0.2,0.3,15,0.9066666666666666,0.91270363,0.525423728813559,0.5448122,2.9046194978095707,2.9772727,,,,
path_weight,N/A,rrg,0.6000000000000001,0.2,0.3,15,0.93,0.9366864,0.6440677966101698,0.67425185,1.9021651276052034,2.3440154,,,,
path_weight,N/A,rrg,0.7000000000000001,0.2,0.3,15,0.95,0.95057315,0.7457627118644066,0.74137473,1.2593155139674854,1.569165,,,,
path_weight,N/A,rrg,0.8,0.2,0.3,15,0.96,0.96704763,0.7966101694915252,0.8261489,0.6120586233376479,0.9412499,,,,
path_weight,N/A,rrg,0.9,0.2,0.3,15,0.9866666666666667,0.98480654,0.9322033898305085,0.9234079,0.4377489472179148,0.5708748,,,,
path_weight,N/A,rrg,1.0,0.2,0.3,15,1.0,0.99989235,1.0,0.9994524,3.962931233173754e-05,0.046116192,,,,
path_weight,N/A,rrg,0.0,0.05,0.3,16,0.9566666666666667,0.95000225,0.0,0.0,14.018603847031907,14.239043,,,,
path_weight,N/A,rrg,0.1,0.05,0.3,16,0.96,0.96282524,0.07692307692307614,0.082288004,10.477366079698605,12.120564,,,,
path_weight,N/A,rrg,0.2,0.05,0.3,16,0.9666666666666667,0.96852314,0.23076923076923098,0.24109814,7.370218722821252,9.460223,,,,
path_weight,N/A,rrg,0.30000000000000004,0.05,0.3,16,0.9733333333333334,0.9725696,0.3846153846153858,0.3779529,6.54610276230155,6.9181004,,,,
path_weight,N/A,rrg,0.4,0.05,0.3,16,0.9766666666666667,0.97940844,0.46153846153846195,0.49271306,4.885132343055139,4.7969875,,,,
path_weight,N/A,rrg,0.5,0.05,0.3,16,0.9833333333333333,0.98523825,0.6153846153846142,0.64368093,3.432679140003526,3.3277464,,,,
path_weight,N/A,rrg,0.6000000000000001,0.05,0.3,16,0.99,0.99132454,0.769230769230769,0.79348224,2.301547752668204,2.6279857,,,,
path_weight,N/A,rrg,0.7000000000000001,0.05,0.3,16,0.99,0.99457073,0.769230769230769,0.859934,2.0370406953615325,1.7224904,,,,
path_weight,N/A,rrg,0.8,0.05,0.3,16,0.99,0.9962142,0.769230769230769,0.89800245,1.5227352710396302,1.0978951,,,,
path_weight,N/A,rrg,0.9,0.05,0.3,16,0.99,0.99662954,0.769230769230769,0.908157,0.37870237828824427,0.4606373,,,,
path_weight,N/A,rrg,1.0,0.05,0.3,16,1.0,0.99998,1.0,0.9995377,1.5401770037642317e-05,0.02008694,,,,
path_weight,N/A,rrg,0.0,0.1,0.3,16,0.8966666666666666,0.90000165,0.0,0.0,9.077816881886394,10.708197,,,,
path_weight,N/A,rrg,0.1,0.1,0.3,16,0.91,0.9104145,0.1290322580645169,0.12954932,7.69182371924561,8.506359,,,,
path_weight,N/A,rrg,0.2,0.1,0.3,16,0.9266666666666666,0.9240626,0.2903225806451614,0.28317666,6.716763789708167,6.919961,,,,
path_weight,N/A,rrg,0.30000000000000004,0.1,0.3,16,0.9366666666666666,0.9339555,0.38709677419354854,0.38132477,5.708516999638652,5.5616503,,,,
path_weight,N/A,rrg,0.4,0.1,0.3,16,0.9433333333333334,0.94372517,0.451612903225807,0.45615345,4.6657561290971294,4.468073,,,,
path_weight,N/A,rrg,0.5,0.1,0.3,16,0.96,0.95682025,0.6129032258064515,0.5968515,3.5354441163593977,3.5310981,,,,
path_weight,N/A,rrg,0.6000000000000001,0.1,0.3,16,0.9666666666666667,0.9720501,0.67741935483871,0.71645546,2.5460889550256227,2.6170661,,,,
path_weight,N/A,rrg,0.7000000000000001,0.1,0.3,16,0.9766666666666667,0.98214763,0.7741935483870971,0.8147212,1.8958329545780286,1.8576013,,,,
path_weight,N/A,rrg,0.8,0.1,0.3,16,0.98,0.9899571,0.8064516129032258,0.89241904,1.5845534199975346,1.2787484,,,,
path_weight,N/A,rrg,0.9,0.1,0.3,16,0.9933333333333333,0.99532795,0.9354838709677415,0.9531747,0.37617910365699525,0.4038122,,,,
path_weight,N/A,rrg,1.0,0.1,0.3,16,1.0,0.9999613,1.0,0.99962556,1.0130550229496415e-05,0.02652732,,,,
path_weight,N/A,rrg,0.0,0.2,0.3,16,0.8,0.80000967,0.0,0.0,6.875120142256305,6.8362656,,,,
path_weight,N/A,rrg,0.1,0.2,0.3,16,0.8233333333333334,0.82561755,0.11666666666666661,0.11800246,6.169119040942654,5.9091277,,,,
path_weight,N/A,rrg,0.2,0.2,0.3,16,0.8433333333333334,0.84915525,0.21666666666666673,0.22314622,5.332842124793455,5.07561,,,,
path_weight,N/A,rrg,0.30000000000000004,0.2,0.3,16,0.87,0.8716864,0.3499999999999998,0.35295546,4.7083659586072235,4.197088,,,,
path_weight,N/A,rrg,0.4,0.2,0.3,16,0.8866666666666667,0.89403033,0.43333333333333346,0.45259136,4.005569218966903,3.4978743,,,,
path_weight,N/A,rrg,0.5,0.2,0.3,16,0.9,0.92054564,0.5,0.5592486,2.749768622445005,3.0251684,,,,
path_weight,N/A,rrg,0.6000000000000001,0.2,0.3,16,0.92,0.94050443,0.6000000000000001,0.6684844,2.533137834669047,2.408484,,,,
path_weight,N/A,rrg,0.7000000000000001,0.2,0.3,16,0.9433333333333334,0.9619604,0.7166666666666667,0.79488635,1.7613022611038263,1.5999858,,,,
path_weight,N/A,rrg,0.8,0.2,0.3,16,0.97,0.9677854,0.8499999999999999,0.83863795,0.8499769152307364,0.9063253,,,,
path_weight,N/A,rrg,0.9,0.2,0.3,16,0.9833333333333333,0.98264456,0.9166666666666664,0.91215557,0.49999985405571645,0.5462324,,,,
path_weight,N/A,rrg,1.0,0.2,0.3,16,1.0,0.9998827,1.0,0.9994132,3.247883120523223e-05,0.042980544,,,,
path_weight,N/A,rrg,0.0,0.05,0.3,17,0.9666666666666667,0.95000225,0.0,0.0,15.52948730548731,14.239043,,,,
path_weight,N/A,rrg,0.1,0.05,0.3,17,0.9766666666666667,0.95335287,0.3000000000000003,0.17652437,13.572537243478022,10.978702,,,,
path_weight,N/A,rrg,0.2,0.05,0.3,17,0.98,0.9588322,0.39999999999999936,0.24830382,12.723694480179566,8.970218,,,,
path_weight,N/A,rrg,0.30000000000000004,0.05,0.3,17,0.99,0.97188336,0.6999999999999996,0.41417667,6.613608333072766,7.277231,,,,
path_weight,N/A,rrg,0.4,0.05,0.3,17,0.9933333333333333,0.9805813,0.7999999999999987,0.55911255,4.439503186743753,5.9736075,,,,
path_weight,N/A,rrg,0.5,0.05,0.3,17,1.0,0.9945176,1.0,0.8587585,2.0595276834549874,3.860792,,,,
path_weight,N/A,rrg,0.6000000000000001,0.05,0.3,17,1.0,0.99778116,1.0,0.93758905,1.4558195233318156,2.5809824,,,,
path_weight,N/A,rrg,0.7000000000000001,0.05,0.3,17,1.0,0.99872774,1.0,0.9632353,1.0600142284754621,1.6562667,,,,
path_weight,N/A,rrg,0.8,0.05,0.3,17,1.0,0.9995975,1.0,0.9880687,0.5828710250287117,0.86120474,,,,
path_weight,N/A,rrg,0.9,0.05,0.3,17,1.0,0.9998854,1.0,0.9965731,0.16284874157779894,0.3690101,,,,
path_weight,N/A,rrg,1.0,0.05,0.3,17,1.0,0.9999921,1.0,0.9997622,9.320061419132818e-06,0.016778003,,,,
path_weight,N/A,rrg,0.0,0.1,0.3,17,0.91,0.90000165,0.0,0.0,12.07199401671814,10.708197,,,,
path_weight,N/A,rrg,0.1,0.1,0.3,17,0.93,0.9194756,0.2222222222222225,0.19895038,9.8042994147058,8.956459,,,,
path_weight,N/A,rrg,0.2,0.1,0.3,17,0.9466666666666667,0.93779653,0.4074074074074071,0.37085283,7.9881615113132165,7.346001,,,,
path_weight,N/A,rrg,0.30000000000000004,0.1,0.3,17,0.9533333333333334,0.9554551,0.4814814814814817,0.51500154,5.5852434800314645,6.372163,,,,
path_weight,N/A,rrg,0.4,0.1,0.3,17,0.96,0.96507525,0.555555555555555,0.6075398,4.007751148164394,5.3160915,,,,
path_weight,N/A,rrg,0.5,0.1,0.3,17,0.97,0.9704848,0.6666666666666663,0.6648297,2.9774660886356537,4.006079,,,,
path_weight,N/A,rrg,0.6000000000000001,0.1,0.3,17,0.9766666666666667,0.976781,0.7407407407407408,0.7562108,1.9181495407164069,2.5893805,,,,
path_weight,N/A,rrg,0.7000000000000001,0.1,0.3,17,0.9866666666666667,0.98664385,0.8518518518518521,0.85162866,1.138832662601089,1.9143827,,,,
path_weight,N/A,rrg,0.8,0.1,0.3,17,0.9933333333333333,0.99317557,0.9259259259259254,0.92429775,0.7284458927015214,1.2233516,,,,
path_weight,N/A,rrg,0.9,0.1,0.3,17,0.9966666666666667,0.99530876,0.9629629629629634,0.9486393,0.27771370777039467,0.48481816,,,,
path_weight,N/A,rrg,1.0,0.1,0.3,17,1.0,0.99995506,1.0,0.99950045,3.9345768882535836e-05,0.032395285,,,,
path_weight,N/A,rrg,0.0,0.2,0.3,17,0.8266666666666667,0.80000967,0.0,0.0,6.925735346431619,6.8362656,,,,
path_weight,N/A,rrg,0.1,0.2,0.3,17,0.8633333333333333,0.82353884,0.2115384615384613,0.17202207,5.906450594234532,5.720323,,,,
path_weight,N/A,rrg,0.2,0.2,0.3,17,0.8733333333333333,0.8399591,0.26923076923076905,0.23007965,5.428415181820901,4.7214065,,,,
path_weight,N/A,rrg,0.30000000000000004,0.2,0.3,17,0.8966666666666666,0.8653256,0.4038461538461536,0.3419846,4.913071175682038,3.9320645,,,,
path_weight,N/A,rrg,0.4,0.2,0.3,17,0.91,0.8943048,0.48076923076923095,0.44081965,3.7225671876339037,3.4494658,,,,
path_weight,N/A,rrg,0.5,0.2,0.3,17,0.9233333333333333,0.9111025,0.5576923076923077,0.5170516,3.248348633020706,2.745196,,,,
path_weight,N/A,rrg,0.6000000000000001,0.2,0.3,17,0.9366666666666666,0.9298993,0.6346153846153845,0.6107128,2.839737192510695,2.0611162,,,,
path_weight,N/A,rrg,0.7000000000000001,0.2,0.3,17,0.9566666666666667,0.9564169,0.75,0.7479268,1.3821987646548843,1.5471667,,,,
path_weight,N/A,rrg,0.8,0.2,0.3,17,0.9733333333333334,0.9717741,0.8461538461538465,0.8385292,0.9481456356225342,1.0268811,,,,
path_weight,N/A,rrg,0.9,0.2,0.3,17,0.9866666666666667,0.98471355,0.9230769230769232,0.91337854,0.4379476991149274,0.48085245,,,,
path_weight,N/A,rrg,1.0,0.2,0.3,17,1.0,0.99988484,1.0,0.9993353,4.8365353702520725e-05,0.05019404,,,,
path_weight,N/A,rrg,0.0,0.05,0.3,18,0.9433333333333334,0.95000225,0.0,0.0,14.696262239620204,14.239043,,,,
path_weight,N/A,rrg,0.1,0.05,0.3,18,0.9566666666666667,0.967629,0.2352941176470585,0.291731,9.790708127630362,11.553009,,,,
path_weight,N/A,rrg,0.2,0.05,0.3,18,0.9733333333333334,0.9761517,0.529411764705883,0.55712044,6.72342437456575,8.021743,,,,
path_weight,N/A,rrg,0.30000000000000004,0.05,0.3,18,0.98,0.98321074,0.6470588235294114,0.68592316,5.526954886796594,6.297885,,,,
path_weight,N/A,rrg,0.4,0.05,0.3,18,0.9833333333333333,0.991087,0.7058823529411754,0.8177787,5.261035899150925,4.4744263,,,,
path_weight,N/A,rrg,0.5,0.05,0.3,18,0.9833333333333333,0.9913857,0.7058823529411754,0.8228032,4.567533879825585,3.347711,,,,
path_weight,N/A,rrg,0.6000000000000001,0.05,0.3,18,0.99,0.9951752,0.8235294117647056,0.9062985,4.578740355288908,2.3904948,,,,
path_weight,N/A,rrg,0.7000000000000001,0.05,0.3,18,0.9933333333333333,0.99211866,0.8823529411764698,0.8638355,1.4008262768218542,1.8945591,,,,
path_weight,N/A,rrg,0.8,0.05,0.3,18,0.9966666666666667,0.9960252,0.9411764705882358,0.93064046,0.9226404473270372,1.1621381,,,,
path_weight,N/A,rrg,0.9,0.05,0.3,18,1.0,0.9972684,1.0,0.95163536,0.2230409006674732,0.43752554,,,,
path_weight,N/A,rrg,1.0,0.05,0.3,18,1.0,0.99997866,1.0,0.99962336,0.00016360880358811048,0.028757725,,,,
path_weight,N/A,rrg,0.0,0.1,0.3,18,0.8833333333333333,0.90000165,0.0,0.0,11.18062612190969,10.708197,,,,
path_weight,N/A,rrg,0.1,0.1,0.3,18,0.9033333333333333,0.9217337,0.17142857142857154,0.20352596,8.50237262027733,9.037854,,,,
path_weight,N/A,rrg,0.2,0.1,0.3,18,0.9133333333333333,0.9351404,0.2571428571428573,0.31625357,7.040785263001262,7.221556,,,,
path_weight,N/A,rrg,0.30000000000000004,0.1,0.3,18,0.93,0.95050794,0.4000000000000006,0.4739989,6.001888973692179,5.5132647,,,,
path_weight,N/A,rrg,0.4,0.1,0.3,18,0.94,0.96388113,0.4857142857142854,0.6107254,5.155896959102392,4.4912076,,,,
path_weight,N/A,rrg,0.5,0.1,0.3,18,0.9466666666666667,0.9708042,0.5428571428571429,0.68446535,4.330069183696954,3.3482995,,,,
path_weight,N/A,rrg,0.6000000000000001,0.1,0.3,18,0.96,0.97882444,0.6571428571428569,0.7835678,3.231792689026056,2.420911,,,,
path_weight,N/A,rrg,0.7000000000000001,0.1,0.3,18,0.9866666666666667,0.98731565,0.885714285714286,0.88908017,1.2378607847780814,1.658172,,,,
path_weight,N/A,rrg,0.8,0.1,0.3,18,0.9966666666666667,0.9936794,0.9714285714285718,0.9471643,0.9985856178829731,1.0772216,,,,
path_weight,N/A,rrg,0.9,0.1,0.3,18,0.9966666666666667,0.99734455,0.9714285714285718,0.9770965,0.4858939790929196,0.40721333,,,,
path_weight,N/A,rrg,1.0,0.1,0.3,18,1.0,0.9999395,1.0,0.99948126,2.1134827502323626e-05,0.03404878,,,,
path_weight,N/A,rrg,0.0,0.2,0.3,18,0.8166666666666667,0.80000967,0.0,0.0,7.6817604811540106,6.8362656,,,,
path_weight,N/A,rrg,0.1,0.2,0.3,18,0.8466666666666667,0.82448953,0.16363636363636377,0.14593549,6.419962341126816,5.7386646,,,,
path_weight,N/A,rrg,0.2,0.2,0.3,18,0.8566666666666667,0.855064,0.21818181818181837,0.21624336,5.515698207961498,5.247432,,,,
path_weight,N/A,rrg,0.30000000000000004,0.2,0.3,18,0.88,0.881167,0.3454545454545455,0.34412345,4.233000406366,4.46433,,,,
path_weight,N/A,rrg,0.4,0.2,0.3,18,0.8966666666666666,0.8987604,0.4363636363636361,0.43946633,3.6515649496143925,3.6549728,,,,
path_weight,N/A,rrg,0.5,0.2,0.3,18,0.91,0.9159789,0.5090909090909093,0.52085674,2.665846466033842,2.892952,,,,
path_weight,N/A,rrg,0.6000000000000001,0.2,0.3,18,0.94,0.9316009,0.6727272727272725,0.6412099,2.2640412943486776,2.1586683,,,,
path_weight,N/A,rrg,0.7000000000000001,0.2,0.3,18,0.9633333333333334,0.95730823,0.8000000000000003,0.7744886,1.8882937388123795,1.71993,,,,
path_weight,N/A,rrg,0.8,0.2,0.3,18,0.98,0.96801627,0.8909090909090909,0.8329506,1.352721261337881,0.9879657,,,,
path_weight,N/A,rrg,0.9,0.2,0.3,18,1.0,0.9904287,1.0,0.9503172,0.754123825519043,0.53016496,,,,
path_weight,N/A,rrg,1.0,0.2,0.3,18,1.0,0.99985003,1.0,0.99918145,6.319487378702217e-05,0.051782995,,,,
path_weight,N/A,rrg,0.0,0.05,0.3,19,0.9366666666666666,0.95000225,0.0,0.0,11.843979512060796,14.239043,,,,
path_weight,N/A,rrg,0.1,0.05,0.3,19,0.9533333333333334,0.954027,0.26315789473684287,0.2660628,8.783744193069333,10.545716,,,,
path_weight,N/A,rrg,0.2,0.05,0.3,19,0.9666666666666667,0.95705456,0.47368421052631604,0.41526753,6.002151838792182,7.326454,,,,
path_weight,N/A,rrg,0.30000000000000004,0.05,0.3,19,0.9666666666666667,0.96660423,0.47368421052631604,0.5027971,5.117643382840215,6.3192782,,,,
path_weight,N/A,rrg,0.4,0.05,0.3,19,0.98,0.9707751,0.6842105263157893,0.59745526,4.138796740270556,5.0148144,,,,
path_weight,N/A,rrg,0.5,0.05,0.3,19,0.9833333333333333,0.97684294,0.7368421052631572,0.6682835,2.8005023289098427,3.8809752,,,,
path_weight,N/A,rrg,0.6000000000000001,0.05,0.3,19,0.99,0.9873348,0.8421052631578947,0.808095,2.4313490460359306,2.676073,,,,
path_weight,N/A,rrg,0.7000000000000001,0.05,0.3,19,0.9966666666666667,0.99183494,0.9473684210526321,0.8802117,1.6026061242158771,1.9301925,,,,
path_weight,N/A,rrg,0.8,0.05,0.3,19,0.9966666666666667,0.99326724,0.9473684210526321,0.8991049,0.6215324098153767,1.0920887,,,,
path_weight,N/A,rrg,0.9,0.05,0.3,19,1.0,0.9982326,1.0,0.97282887,0.14605888308051068,0.28685609,,,,
path_weight,N/A,rrg,1.0,0.05,0.3,19,1.0,0.9999758,1.0,0.9996179,2.4636725486764613e-05,0.027084827,,,,
path_weight,N/A,rrg,0.0,0.1,0.3,19,0.89,0.90000165,0.0,0.0,10.828602844626975,10.708197,,,,
path_weight,N/A,rrg,0.1,0.1,0.3,19,0.9133333333333333,0.9135211,0.212121212121212,0.21247865,9.197550226213423,8.408892,,,,
path_weight,N/A,rrg,0.2,0.1,0.3,19,0.9233333333333333,0.92095387,0.303030303030303,0.2966027,8.589313787802444,6.932754,,,,
path_weight,N/A,rrg,0.30000000000000004,0.1,0.3,19,0.9366666666666666,0.9398562,0.424242424242424,0.43690625,6.607164149148355,5.5641966,,,,
path_weight,N/A,rrg,0.4,0.1,0.3,19,0.9466666666666667,0.9552537,0.515151515151515,0.5587677,5.040534245354507,4.5354934,,,,
path_weight,N/A,rrg,0.5,0.1,0.3,19,0.96,0.966427,0.636363636363636,0.6758479,3.315990648112948,3.4433293,,,,
path_weight,N/A,rrg,0.6000000000000001,0.1,0.3,19,0.97,0.9755535,0.727272727272727,0.76593643,2.577933506213302,2.5718727,,,,
path_weight,N/A,rrg,0.7000000000000001,0.1,0.3,19,0.98,0.98178244,0.818181818181818,0.8316343,1.63579040728337,1.6631236,,,,
path_weight,N/A,rrg,0.8,0.1,0.3,19,0.9866666666666667,0.9903847,0.878787878787879,0.9094911,0.9037002784302435,1.0698208,,,,
path_weight,N/A,rrg,0.9,0.1,0.3,19,1.0,0.99607444,1.0,0.96552074,0.5184435011075195,0.5430796,,,,
path_weight,N/A,rrg,1.0,0.1,0.3,19,1.0,0.9999177,1.0,0.99925125,3.9119191086909604e-05,0.037637565,,,,
path_weight,N/A,rrg,0.0,0.2,0.3,19,0.8033333333333333,0.80000967,0.0,0.0,6.357461250578449,6.8362656,,,,
path_weight,N/A,rrg,0.1,0.2,0.3,19,0.8366666666666667,0.81726944,0.16949152542372878,0.15883106,5.852386154332854,5.4239764,,,,
path_weight,N/A,rrg,0.2,0.2,0.3,19,0.8733333333333333,0.84575856,0.3559322033898303,0.31214377,5.161742922645165,4.616541,,,,
path_weight,N/A,rrg,0.30000000000000004,0.2,0.3,19,0.8933333333333333,0.8674689,0.4576271186440677,0.40738097,4.305324706961531,3.9189775,,,,
path_weight,N/A,rrg,0.4,0.2,0.3,19,0.9133333333333333,0.8871756,0.559322033898305,0.49672693,3.7084278423834074,3.1043282,,,,
path_weight,N/A,rrg,0.5,0.2,0.3,19,0.9266666666666666,0.9209552,0.6271186440677965,0.60939234,2.560340219834153,2.6656892,,,,
path_weight,N/A,rrg,0.6000000000000001,0.2,0.3,19,0.9433333333333334,0.937761,0.7118644067796611,0.69220436,2.1694657797352295,2.0324707,,,,
path_weight,N/A,rrg,0.7000000000000001,0.2,0.3,19,0.96,0.9557289,0.7966101694915252,0.77963936,1.6747232439733772,1.4398584,,,,
path_weight,N/A,rrg,0.8,0.2,0.3,19,0.97,0.9721118,0.8474576271186439,0.8566038,0.8261587014190718,0.90348285,,,,
path_weight,N/A,rrg,0.9,0.2,0.3,19,0.98,0.9833643,0.8983050847457626,0.91448146,0.3682397969040112,0.38481933,,,,
path_weight,N/A,rrg,1.0,0.2,0.3,19,1.0,0.99989176,1.0,0.9994494,3.7724940986981714e-05,0.04682945,,,,
max_pinf,N/A,rrg,0.0,0.05,0.3,0,0.9633333333333334,0.95000225,0.0,0.0,13.092524955277755,14.239043,,,,
max_pinf,N/A,rrg,0.1,0.05,0.3,0,0.98,0.9608822,0.4545454545454534,0.29876643,9.087367931498651,9.178472,,,,
max_pinf,N/A,rrg,0.2,0.05,0.3,0,0.9966666666666667,0.98340964,0.90909090909091,0.66768587,4.3335865503315,5.746644,,,,
max_pinf,N/A,rrg,0.30000000000000004,0.05,0.3,0,1.0,0.99423546,1.0,0.86414385,2.9464267306114067,3.611338,,,,
max_pinf,N/A,rrg,0.4,0.05,0.3,0,1.0,0.9980425,1.0,0.9493198,1.9821916215143793,2.5283504,,,,
max_pinf,N/A,rrg,0.5,0.05,0.3,0,1.0,0.99930644,1.0,0.9814358,1.3845705181402514,1.7933332,,,,
max_pinf,N/A,rrg,0.6000000000000001,0.05,0.3,0,1.0,0.99977124,1.0,0.99379957,1.0272224322679178,1.2880731,,,,
max_pinf,N/A,rrg,0.7000000000000001,0.05,0.3,0,1.0,0.9999371,1.0,0.99828786,0.7027080332003256,0.8905821,,,,
max_pinf,N/A,rrg,0.8,0.05,0.3,0,1.0,0.99998534,1.0,0.99960023,0.43020084819228904,0.5586153,,,,
max_pinf,N/A,rrg,0.9,0.05,0.3,0,1.0,0.99999225,1.0,0.9997887,0.3291044574205156,0.26729333,,,,
max_pinf,N/A,rrg,1.0,0.05,0.3,0,1.0,0.99998766,1.0,0.99966353,6.172205603001639e-06,0.016850576,,,,
max_pinf,N/A,rrg,0.0,0.1,0.3,0,0.88,0.90000165,0.0,0.0,8.35998599663503,10.708197,,,,
max_pinf,N/A,rrg,0.1,0.1,0.3,0,0.91,0.9216418,0.2500000000000002,0.27685544,6.731287581669432,7.820308,,,,
max_pinf,N/A,rrg,0.2,0.1,0.3,0,0.9333333333333333,0.94143575,0.44444444444444453,0.47662443,5.275948424030065,5.6651063,,,,
max_pinf,N/A,rrg,0.30000000000000004,0.1,0.3,0,0.95,0.96024495,0.5833333333333329,0.6377819,4.388514657564074,3.9947412,,,,
max_pinf,N/A,rrg,0.4,0.1,0.3,0,0.9733333333333334,0.9742943,0.7777777777777782,0.7840534,3.0707302479926453,2.980568,,,,
max_pinf,N/A,rrg,0.5,0.1,0.3,0,0.98,0.98581505,0.8333333333333331,0.8757678,2.5733563609013896,2.1348517,,,,
max_pinf,N/A,rrg,0.6000000000000001,0.1,0.3,0,0.9833333333333333,0.9924898,0.8611111111111107,0.9322388,1.8307382270157704,1.4366752,,,,
max_pinf,N/A,rrg,0.7000000000000001,0.1,0.3,0,0.9933333333333333,0.997099,0.9444444444444441,0.9750362,1.4127553398406913,0.8855795,,,,
max_pinf,N/A,rrg,0.8,0.1,0.3,0,0.9933333333333333,0.9991988,0.9444444444444441,0.99297726,1.1484512971433056,0.5205691,,,,
max_pinf,N/A,rrg,0.9,0.1,0.3,0,0.9966666666666667,0.999846,0.9722222222222225,0.99868095,0.4946614821982297,0.24167828,,,,
max_pinf,N/A,rrg,1.0,0.1,0.3,0,1.0,0.9999302,1.0,0.99941814,5.241953490415226e-05,0.040956523,,,,
max_pinf,N/A,rrg,0.0,0.2,0.3,0,0.77,0.80000967,0.0,0.0,6.888757478351479,6.8362656,,,,
max_pinf,N/A,rrg,0.1,0.2,0.3,0,0.7966666666666666,0.8311897,0.11594202898550704,0.13641255,6.236921995847393,5.806726,,,,
max_pinf,N/A,rrg,0.2,0.2,0.3,0,0.83,0.86852556,0.2608695652173911,0.31334516,5.66641805944035,4.980449,,,,
max_pinf,N/A,rrg,0.30000000000000004,0.2,0.3,0,0.87,0.90294474,0.4347826086956521,0.50746495,4.262606465151808,4.1716237,,,,
max_pinf,N/A,rrg,0.4,0.2,0.3,0,0.9,0.9329605,0.5652173913043479,0.65976024,3.6424500753549696,3.5036361,,,,
max_pinf,N/A,rrg,0.5,0.2,0.3,0,0.93,0.9517881,0.6956521739130437,0.7684389,2.812113288958373,2.6327484,,,,
max_pinf,N/A,rrg,0.6000000000000001,0.2,0.3,0,0.95,0.96957254,0.7826086956521737,0.85539013,2.057781185522199,1.9542046,,,,
max_pinf,N/A,rrg,0.7000000000000001,0.2,0.3,0,0.9833333333333333,0.9836437,0.9275362318840578,0.92877376,1.1476294376157115,1.3645586,,,,
max_pinf,N/A,rrg,0.8,0.2,0.3,0,0.9966666666666667,0.9938448,0.9855072463768118,0.97355026,0.7655743573779672,0.86628246,,,,
max_pinf,N/A,rrg,0.9,0.2,0.3,0,1.0,0.99881285,1.0,0.99486023,0.27913394571803596,0.36173385,,,,
max_pinf,N/A,rrg,1.0,0.2,0.3,0,1.0,0.99987936,1.0,0.99947524,3.806696628126409e-05,0.04913375,,,,
max_pinf,N/A,rrg,0.0,0.05,0.3,1,0.93,0.95000225,0.0,0.0,12.111933588191981,14.239043,,,,
max_pinf,N/A,rrg,0.1,0.05,0.3,1,0.95,0.95934385,0.2857142857142846,0.3297253,7.619056490457275,8.843481,,,,
max_pinf,N/A,rrg,0.2,0.05,0.3,1,0.97,0.9771513,0.5714285714285707,0.6364476,5.983801250718497,5.9129915,,,,
max_pinf,N/A,rrg,0.30000000000000004,0.05,0.3,1,0.9866666666666667,0.98659116,0.8095238095238098,0.8086335,3.794330364166768,3.7050989,,,,
max_pinf,N/A,rrg,0.4,0.05,0.3,1,0.9966666666666667,0.9932398,0.9523809523809529,0.9079322,1.8243896422473957,2.6018326,,,,
max_pinf,N/A,rrg,0.5,0.05,0.3,1,0.9966666666666667,0.99690187,0.9523809523809529,0.9555915,1.2485041819957161,1.8393621,,,,
max_pinf,N/A,rrg,0.6000000000000001,0.05,0.3,1,0.9966666666666667,0.998926,0.9523809523809529,0.9841447,1.0203298760032264,1.2607814,,,,
max_pinf,N/A,rrg,0.7000000000000001,0.05,0.3,1,1.0,0.9997347,1.0,0.99622387,0.5882635853208833,0.78722954,,,,
max_pinf,N/A,rrg,0.8,0.05,0.3,1,1.0,0.9999345,1.0,0.99906486,0.2694751516067279,0.4865793,,,,
max_pinf,N/A,rrg,0.9,0.05,0.3,1,1.0,0.99997973,1.0,0.9997105,0.12321404826314102,0.21200234,,,,
max_pinf,N/A,rrg,1.0,0.05,0.3,1,1.0,0.99997354,1.0,0.99962187,3.4499350202022833e-05,0.028816229,,,,
max_pinf,N/A,rrg,0.0,0.1,0.3,1,0.8866666666666667,0.90000165,0.0,0.0,9.408282781989644,10.708197,,,,
max_pinf,N/A,rrg,0.1,0.1,0.3,1,0.9,0.9225237,0.11764705882352924,0.14682434,7.083926000047009,8.593137,,,,
max_pinf,N/A,rrg,0.2,0.1,0.3,1,0.9366666666666666,0.944574,0.4411764705882349,0.47426546,5.78785232311163,5.9161587,,,,
max_pinf,N/A,rrg,0.30000000000000004,0.1,0.3,1,0.9566666666666667,0.96377206,0.6176470588235292,0.6589586,4.624711649008436,4.2269635,,,,
max_pinf,N/A,rrg,0.4,0.1,0.3,1,0.9733333333333334,0.9794582,0.7647058823529416,0.8083921,3.176412785785214,3.0475833,,,,
max_pinf,N/A,rrg,0.5,0.1,0.3,1,0.9833333333333333,0.98999494,0.8529411764705878,0.9062048,2.4235863264312085,2.2414045,,,,
max_pinf,N/A,rrg,0.6000000000000001,0.1,0.3,1,0.9933333333333333,0.99457234,0.9411764705882348,0.9515767,1.479372324693089,1.4971336,,,,
max_pinf,N/A,rrg,0.7000000000000001,0.1,0.3,1,1.0,0.9977306,1.0,0.98036647,0.8292503513413236,0.8847168,,,,
max_pinf,N/A,rrg,0.8,0.1,0.3,1,1.0,0.9995091,1.0,0.99568486,0.5144539567447265,0.51703143,,,,
max_pinf,N/A,rrg,0.9,0.1,0.3,1,1.0,0.99986196,1.0,0.99878216,0.20056690977715344,0.25868526,,,,
max_pinf,N/A,rrg,1.0,0.1,0.3,1,1.0,0.9999306,1.0,0.99938756,2.062083750658759e-05,0.031906594,,,,
max_pinf,N/A,rrg,0.0,0.2,0.3,1,0.81,0.80000967,0.0,0.0,8.743142890885558,6.8362656,,,,
max_pinf,N/A,rrg,0.1,0.2,0.3,1,0.85,0.833502,0.21052631578947334,0.18146537,7.906144155458293,5.5861697,,,,
max_pinf,N/A,rrg,0.2,0.2,0.3,1,0.8833333333333333,0.87132925,0.3859649122807014,0.36301616,6.522500873475098,4.571228,,,,
max_pinf,N/A,rrg,0.30000000000000004,0.2,0.3,1,0.91,0.9071758,0.5263157894736843,0.5186006,4.985603494042431,3.8997216,,,,
max_pinf,N/A,rrg,0.4,0.2,0.3,1,0.9333333333333333,0.93822986,0.6491228070175439,0.6662883,3.6779005166971563,3.3308568,,,,
max_pinf,N/A,rrg,0.5,0.2,0.3,1,0.95,0.95898193,0.7368421052631576,0.77339464,2.9841126764793726,2.477261,,,,
max_pinf,N/A,rrg,0.6000000000000001,0.2,0.3,1,0.9733333333333334,0.97627646,0.8596491228070178,0.8715475,1.8806176656713007,1.9078062,,,,
max_pinf,N/A,rrg,0.7000000000000001,0.2,0.3,1,0.9866666666666667,0.989657,0.9298245614035089,0.94468623,1.4815906088727926,1.3715546,,,,
max_pinf,N/A,rrg,0.8,0.2,0.3,1,0.9933333333333333,0.996508,0.9649122807017542,0.98129946,0.8149059687625275,0.6684419,,,,
max_pinf,N/A,rrg,0.9,0.2,0.3,1,1.0,0.9994993,1.0,0.9973705,0.17237199159602937,0.27101374,,,,
max_pinf,N/A,rrg,1.0,0.2,0.3,1,1.0,0.999888,1.0,0.9994103,2.743166164497606e-05,0.047589645,,,,
max_pinf,N/A,rrg,0.0,0.05,0.3,2,0.9466666666666667,0.95000225,0.0,0.0,13.896945197587327,14.239043,,,,
max_pinf,N/A,rrg,0.1,0.05,0.3,2,0.9666666666666667,0.9609654,0.3750000000000003,0.33878213,9.397585268804988,9.643695,,,,
max_pinf,N/A,rrg,0.2,0.05,0.3,2,0.98,0.97680277,0.6249999999999998,0.5896513,5.742429358289658,6.171132,,,,
max_pinf,N/A,rrg,0.30000000000000004,0.05,0.3,2,0.99,0.98884124,0.8124999999999999,0.795222,4.123386625191295,3.9356349,,,,
max_pinf,N/A,rrg,0.4,0.05,0.3,2,0.9933333333333333,0.9945617,0.8749999999999992,0.8956273,3.5318247382938655,2.8741822,,,,
max_pinf,N/A,rrg,0.5,0.05,0.3,2,1.0,0.9981601,1.0,0.9666527,1.7633116732875282,1.9087653,,,,
max_pinf,N/A,rrg,0.6000000000000001,0.05,0.3,2,1.0,0.9994628,1.0,0.99002755,1.0898736574799508,1.3412873,,,,
max_pinf,N/A,rrg,0.7000000000000001,0.05,0.3,2,1.0,0.99983543,1.0,0.9969238,0.9088104912946092,0.9699772,,,,
max_pinf,N/A,rrg,0.8,0.05,0.3,2,1.0,0.99997354,1.0,0.999504,0.5353105924656414,0.5924775,,,,
max_pinf,N/A,rrg,0.9,0.05,0.3,2,1.0,0.9999915,1.0,0.9998402,0.2536597336211626,0.25719735,,,,
max_pinf,N/A,rrg,1.0,0.05,0.3,2,1.0,0.9999892,1.0,0.9997977,6.0094019386552465e-06,0.018838443,,,,
max_pinf,N/A,rrg,0.0,0.1,0.3,2,0.9066666666666666,0.90000165,0.0,0.0,8.697715043774517,10.708197,,,,
max_pinf,N/A,rrg,0.1,0.1,0.3,2,0.93,0.9275344,0.2500000000000009,0.24356364,6.994565248557395,8.371825,,,,
max_pinf,N/A,rrg,0.2,0.1,0.3,2,0.9466666666666667,0.94486636,0.4285714285714287,0.42045948,5.664778322363601,6.50331,,,,
max_pinf,N/A,rrg,0.30000000000000004,0.1,0.3,2,0.97,0.96625364,0.6785714285714285,0.6523837,3.999363837404749,4.273313,,,,
max_pinf,N/A,rrg,0.4,0.1,0.3,2,0.9766666666666667,0.97878885,0.7500000000000003,0.76744854,3.1621982700895725,3.2798681,,,,
max_pinf,N/A,rrg,0.5,0.1,0.3,2,0.9866666666666667,0.98914254,0.8571428571428574,0.880498,2.107278137754988,2.2041185,,,,
max_pinf,N/A,rrg,0.6000000000000001,0.1,0.3,2,0.9933333333333333,0.9951614,0.9285714285714282,0.9471202,1.403803721563867,1.5319026,,,,
max_pinf,N/A,rrg,0.7000000000000001,0.1,0.3,2,0.9966666666666667,0.9983633,0.9642857142857146,0.9821382,0.8180963438486496,0.9064319,,,,
max_pinf,N/A,rrg,0.8,0.1,0.3,2,1.0,0.9994859,1.0,0.9945215,0.4644923834322581,0.50453675,,,,
max_pinf,N/A,rrg,0.9,0.1,0.3,2,1.0,0.9999103,1.0,0.9990396,0.2784809216871105,0.22118042,,,,
max_pinf,N/A,rrg,1.0,0.1,0.3,2,1.0,0.9999715,1.0,0.9996947,1.356112455804698e-05,0.027150217,,,,
max_pinf,N/A,rrg,0.0,0.2,0.3,2,0.8033333333333333,0.80000967,0.0,0.0,7.580781420027302,6.8362656,,,,
max_pinf,N/A,rrg,0.1,0.2,0.3,2,0.8266666666666667,0.8365738,0.11864406779661009,0.12493214,5.953726405064775,5.940863,,,,
max_pinf,N/A,rrg,0.2,0.2,0.3,2,0.8566666666666667,0.86832887,0.27118644067796616,0.29277417,4.937757519507866,4.748151,,,,
max_pinf,N/A,rrg,0.30000000000000004,0.2,0.3,2,0.8866666666666667,0.9000464,0.42372881355932224,0.45464683,4.248011356448782,3.7672822,,,,
max_pinf,N/A,rrg,0.4,0.2,0.3,2,0.9166666666666666,0.9253308,0.5762711864406778,0.6028161,2.952697873847617,2.951914,,,,
max_pinf,N/A,rrg,0.5,0.2,0.3,2,0.9466666666666667,0.94735676,0.7288135593220338,0.7313595,2.6172142484218983,2.2040224,,,,
max_pinf,N/A,rrg,0.6000000000000001,0.2,0.3,2,0.9733333333333334,0.9667976,0.8644067796610172,0.8365904,2.01800960804104,1.7024883,,,,
max_pinf,N/A,rrg,0.7000000000000001,0.2,0.3,2,0.9866666666666667,0.98276633,0.9322033898305085,0.9140589,1.1307743018690186,1.1210434,,,,
max_pinf,N/A,rrg,0.8,0.2,0.3,2,0.99,0.99298286,0.9491525423728813,0.963757,0.9913095884910151,0.7476135,,,,
max_pinf,N/A,rrg,0.9,0.2,0.3,2,1.0,0.9989574,1.0,0.99472404,0.31987078019843823,0.30916354,,,,
max_pinf,N/A,rrg,1.0,0.2,0.3,2,1.0,0.9998916,1.0,0.9994485,2.96591159414494e-05,0.046152737,,,,
max_pinf,N/A,rrg,0.0,0.05,0.3,3,0.8966666666666666,0.95000225,0.0,0.0,15.043102595811202,14.239043,,,,
max_pinf,N/A,rrg,0.1,0.05,0.3,3,0.9166666666666666,0.96061647,0.19354838709677427,0.33679152,10.458518488203236,9.469956,,,,
max_pinf,N/A,rrg,0.2,0.05,0.3,3,0.94,0.9678107,0.4193548387096772,0.5737771,6.978670814061494,5.6511126,,,,
max_pinf,N/A,rrg,0.30000000000000004,0.05,0.3,3,0.96,0.9832356,0.6129032258064515,0.7906994,5.9560812895912685,3.9577367,,,,
max_pinf,N/A,rrg,0.4,0.05,0.3,3,0.9833333333333333,0.9904641,0.8387096774193544,0.9008749,2.986099261357009,2.6777492,,,,
max_pinf,N/A,rrg,0.5,0.05,0.3,3,0.99,0.99348956,0.9032258064516129,0.9347914,2.2318700894324115,1.9664199,,,,
max_pinf,N/A,rrg,0.6000000000000001,0.05,0.3,3,0.9933333333333333,0.99794984,0.9354838709677415,0.9792304,1.366138594216488,1.4191612,,,,
max_pinf,N/A,rrg,0.7000000000000001,0.05,0.3,3,1.0,0.9994389,1.0,0.99459827,0.7796714194675347,0.96220684,,,,
max_pinf,N/A,rrg,0.8,0.05,0.3,3,1.0,0.99987143,1.0,0.99875695,0.6158686976333926,0.5959599,,,,
max_pinf,N/A,rrg,0.9,0.05,0.3,3,1.0,0.9999477,1.0,0.999494,0.2547605130851395,0.27652028,,,,
max_pinf,N/A,rrg,1.0,0.05,0.3,3,1.0,0.99992216,1.0,0.99924624,6.403611922734778e-05,0.037896242,,,,
max_pinf,N/A,rrg,0.0,0.1,0.3,3,0.92,0.90000165,0.0,0.0,13.00930116310842,10.708197,,,,
max_pinf,N/A,rrg,0.1,0.1,0.3,3,0.94,0.9213893,0.24999999999999895,0.20281562,11.779882470686005,8.138593,,,,
max_pinf,N/A,rrg,0.2,0.1,0.3,3,0.9633333333333334,0.954085,0.541666666666667,0.4855353,5.9537630574154745,6.1038623,,,,
max_pinf,N/A,rrg,0.30000000000000004,0.1,0.3,3,0.9833333333333333,0.9690523,0.791666666666666,0.6717498,4.53801790573727,4.4897428,,,,
max_pinf,N/A,rrg,0.4,0.1,0.3,3,0.9933333333333333,0.9865629,0.9166666666666661,0.84514064,2.9541081444669803,3.0661962,,,,
max_pinf,N/A,rrg,0.5,0.1,0.3,3,0.9966666666666667,0.99418527,0.9583333333333337,0.9294998,2.1981744024219156,2.3034759,,,,
max_pinf,N/A,rrg,0.6000000000000001,0.1,0.3,3,1.0,0.9977289,1.0,0.9723927,1.2271869611094022,1.5567634,,,,
max_pinf,N/A,rrg,0.7000000000000001,0.1,0.3,3,1.0,0.999132,1.0,0.9892647,0.905684611788004,1.0642736,,,,
max_pinf,N/A,rrg,0.8,0.1,0.3,3,1.0,0.9998519,1.0,0.9981514,0.6322863707354263,0.5752933,,,,
max_pinf,N/A,rrg,0.9,0.1,0.3,3,1.0,0.99995756,1.0,0.9994695,0.31321118928638375,0.268874,,,,
max_pinf,N/A,rrg,1.0,0.1,0.3,3,1.0,0.9999394,1.0,0.999242,5.276961261068606e-05,0.041822948,,,,
max_pinf,N/A,rrg,0.0,0.2,0.3,3,0.7633333333333333,0.80000967,0.0,0.0,7.8927323436290875,6.8362656,,,,
max_pinf,N/A,rrg,0.1,0.2,0.3,3,0.7966666666666666,0.8318512,0.14084507042253516,0.16543137,6.232614225281088,5.52304,,,,
max_pinf,N/A,rrg,0.2,0.2,0.3,3,0.84,0.86114806,0.32394366197183094,0.3557109,5.526120046404336,4.470188,,,,
max_pinf,N/A,rrg,0.30000000000000004,0.2,0.3,3,0.8766666666666667,0.8955365,0.4788732394366199,0.5152959,4.640879607470215,3.549504,,,,
max_pinf,N/A,rrg,0.4,0.2,0.3,3,0.91,0.9241136,0.6197183098591551,0.6590073,3.9749287868762635,2.8999279,,,,
max_pinf,N/A,rrg,0.5,0.2,0.3,3,0.9266666666666666,0.9464972,0.6901408450704225,0.75323826,3.1446117740659103,2.2561748,,,,
max_pinf,N/A,rrg,0.6000000000000001,0.2,0.3,3,0.9566666666666667,0.96667117,0.8169014084507042,0.8529429,2.4311669359822936,1.8374377,,,,
max_pinf,N/A,rrg,0.7000000000000001,0.2,0.3,3,0.9833333333333333,0.98219675,0.9295774647887322,0.9251173,1.669764074119596,1.3366752,,,,
max_pinf,N/A,rrg,0.8,0.2,0.3,3,0.9966666666666667,0.99367136,0.9859154929577466,0.97358,0.9944739634638332,0.88469577,,,,
max_pinf,N/A,rrg,0.9,0.2,0.3,3,1.0,0.99859464,1.0,0.99409056,0.369227930091215,0.4108033,,,,
max_pinf,N/A,rrg,1.0,0.2,0.3,3,1.0,0.9998674,1.0,0.99943936,5.5325724685805406e-05,0.053829093,,,,
max_pinf,N/A,rrg,0.0,0.05,0.3,4,0.9433333333333334,0.95000225,0.0,0.0,15.18552989403915,14.239043,,,,
max_pinf,N/A,rrg,0.1,0.05,0.3,4,0.9633333333333334,0.9674327,0.3529411764705887,0.38046357,11.534890728256066,9.852646,,,,
max_pinf,N/A,rrg,0.2,0.05,0.3,4,0.98,0.98886925,0.6470588235294114,0.7671267,6.410767494278817,6.0392423,,,,
max_pinf,N/A,rrg,0.30000000000000004,0.05,0.3,4,0.99,0.9941854,0.8235294117647056,0.8892055,4.778217614053261,4.477778,,,,
max_pinf,N/A,rrg,0.4,0.05,0.3,4,1.0,0.99717367,1.0,0.9524927,2.7436257706179012,3.032997,,,,
max_pinf,N/A,rrg,0.5,0.05,0.3,4,1.0,0.99921274,1.0,0.9862973,2.1074313095956843,1.9459579,,,,
max_pinf,N/A,rrg,0.6000000000000001,0.05,0.3,4,1.0,0.99978435,1.0,0.9962085,1.348360263172553,1.3461579,,,,
max_pinf,N/A,rrg,0.7000000000000001,0.05,0.3,4,1.0,0.9999404,1.0,0.99894917,1.1085455422247326,0.9708593,,,,
max_pinf,N/A,rrg,0.8,0.05,0.3,4,1.0,0.99997395,1.0,0.9995404,0.5704743225563738,0.54019636,,,,
max_pinf,N/A,rrg,0.9,0.05,0.3,4,1.0,0.99998456,1.0,0.99972755,0.3617511295964319,0.29138833,,,,
max_pinf,N/A,rrg,1.0,0.05,0.3,4,1.0,0.99997264,1.0,0.9995171,6.3279701392961e-05,0.03027607,,,,
max_pinf,N/A,rrg,0.0,0.1,0.3,4,0.8933333333333333,0.90000165,0.0,0.0,10.360407897384237,10.708197,,,,
max_pinf,N/A,rrg,0.1,0.1,0.3,4,0.91,0.9195393,0.15625000000000044,0.17159326,8.837795728900836,8.191006,,,,
max_pinf,N/A,rrg,0.2,0.1,0.3,4,0.9366666666666666,0.9431144,0.40624999999999994,0.43238544,5.9292211835487905,6.042514,,,,
max_pinf,N/A,rrg,0.30000000000000004,0.1,0.3,4,0.9566666666666667,0.964174,0.5937500000000001,0.6387016,3.970383469886404,4.489374,,,,
max_pinf,N/A,rrg,0.4,0.1,0.3,4,0.9733333333333334,0.98010385,0.7500000000000006,0.800831,3.0585902515695063,3.1594758,,,,
max_pinf,N/A,rrg,0.5,0.1,0.3,4,0.98,0.988416,0.8124999999999999,0.8820969,2.4025595058513605,2.4576855,,,,
max_pinf,N/A,rrg,0.6000000000000001,0.1,0.3,4,0.9933333333333333,0.99482465,0.9374999999999996,0.950791,1.6923311499650353,1.6405158,,,,
max_pinf,N/A,rrg,0.7000000000000001,0.1,0.3,4,0.9966666666666667,0.998399,0.9687500000000003,0.9847417,1.15060214466564,1.0362025,,,,
max_pinf,N/A,rrg,0.8,0.1,0.3,4,1.0,0.99961364,1.0,0.99639034,0.46964594094303475,0.59227055,,,,
max_pinf,N/A,rrg,0.9,0.1,0.3,4,1.0,0.9999347,1.0,0.9993877,0.19367751108864384,0.27681035,,,,
max_pinf,N/A,rrg,1.0,0.1,0.3,4,1.0,0.99995047,1.0,0.9995355,1.9207537491325937e-05,0.031503327,,,,
max_pinf,N/A,rrg,0.0,0.2,0.3,4,0.81,0.80000967,0.0,0.0,6.233208710307961,6.8362656,,,,
max_pinf,N/A,rrg,0.1,0.2,0.3,4,0.8466666666666667,0.839731,0.1929824561403507,0.18617575,4.889473326887876,5.8060417,,,,
max_pinf,N/A,rrg,0.2,0.2,0.3,4,0.8766666666666667,0.87470716,0.3508771929824562,0.34728757,4.53614999519945,4.77636,,,,
max_pinf,N/A,rrg,0.30000000000000004,0.2,0.3,4,0.9033333333333333,0.9043287,0.4912280701754384,0.4938102,3.7063694445205706,3.7745085,,,,
max_pinf,N/A,rrg,0.4,0.2,0.3,4,0.93,0.932745,0.6315789473684212,0.6408325,3.2941977439322847,2.988068,,,,
max_pinf,N/A,rrg,0.5,0.2,0.3,4,0.9533333333333334,0.95415294,0.7543859649122808,0.75764525,2.745588984863246,2.420974,,,,
max_pinf,N/A,rrg,0.6000000000000001,0.2,0.3,4,0.9666666666666667,0.97360384,0.8245614035087719,0.8557962,1.8999423422106034,1.6456137,,,,
max_pinf,N/A,rrg,0.7000000000000001,0.2,0.3,4,0.9866666666666667,0.98534405,0.9298245614035089,0.92338294,1.2977356048171622,1.1731483,,,,
max_pinf,N/A,rrg,0.8,0.2,0.3,4,0.9966666666666667,0.99345255,0.9824561403508774,0.9661069,0.5243540681823963,0.70047843,,,,
max_pinf,N/A,rrg,0.9,0.2,0.3,4,1.0,0.9987875,1.0,0.9936568,0.10319801004009764,0.28245026,,,,
max_pinf,N/A,rrg,1.0,0.2,0.3,4,1.0,0.99992055,1.0,0.9995817,2.9068839409346976e-05,0.04408326,,,,
max_pinf,N/A,rrg,0.0,0.05,0.3,5,0.9533333333333334,0.95000225,0.0,0.0,19.75640026808293,14.239043,,,,
max_pinf,N/A,rrg,0.1,0.05,0.3,5,0.97,0.972474,0.3571428571428561,0.37712514,14.684245641175439,10.367047,,,,
max_pinf,N/A,rrg,0.2,0.05,0.3,5,0.9933333333333333,0.9861053,0.8571428571428561,0.74218816,6.0161993052456015,5.8724356,,,,
max_pinf,N/A,rrg,0.30000000000000004,0.05,0.3,5,0.9966666666666667,0.9935323,0.9285714285714293,0.87012863,4.095626156620998,4.0970483,,,,
max_pinf,N/A,rrg,0.4,0.05,0.3,5,1.0,0.997487,1.0,0.9489018,2.8220783141224706,2.9187195,,,,
max_pinf,N/A,rrg,0.5,0.05,0.3,5,1.0,0.99936277,1.0,0.9865288,2.0873042358608305,2.0708613,,,,
max_pinf,N/A,rrg,0.6000000000000001,0.05,0.3,5,1.0,0.99984455,1.0,0.9966799,1.6039776836485315,1.4416198,,,,
max_pinf,N/A,rrg,0.7000000000000001,0.05,0.3,5,1.0,0.9999716,1.0,0.99939233,1.189511452226098,0.983172,,,,
max_pinf,N/A,rrg,0.8,0.05,0.3,5,1.0,0.9999896,1.0,0.9997778,0.7198473085054015,0.5591071,,,,
max_pinf,N/A,rrg,0.9,0.05,0.3,5,1.0,0.9999886,1.0,0.99975604,0.20517708848387428,0.29164368,,,,
max_pinf,N/A,rrg,1.0,0.05,0.3,5,1.0,0.9999783,1.0,0.999535,7.948836297969912e-05,0.027943814,,,,
max_pinf,N/A,rrg,0.0,0.1,0.3,5,0.9233333333333333,0.90000165,0.0,0.0,11.587976558756104,10.708197,,,,
max_pinf,N/A,rrg,0.1,0.1,0.3,5,0.9466666666666667,0.92301756,0.3043478260869563,0.23259412,8.83684582316715,7.9178376,,,,
max_pinf,N/A,rrg,0.2,0.1,0.3,5,0.97,0.9525341,0.6086956521739126,0.49575344,6.071496190899795,6.1075788,,,,
max_pinf,N/A,rrg,0.30000000000000004,0.1,0.3,5,0.9866666666666667,0.9764492,0.8260869565217395,0.7289392,3.649448031851159,4.4021926,,,,
max_pinf,N/A,rrg,0.4,0.1,0.3,5,0.99,0.9881423,0.8695652173913042,0.8489928,2.560044303942772,3.2343972,,,,
max_pinf,N/A,rrg,0.5,0.1,0.3,5,1.0,0.9940999,1.0,0.9285401,1.5482233036216062,2.2215376,,,,
max_pinf,N/A,rrg,0.6000000000000001,0.1,0.3,5,1.0,0.9980558,1.0,0.97526735,1.2456910318587864,1.4382175,,,,
max_pinf,N/A,rrg,0.7000000000000001,0.1,0.3,5,1.0,0.99947166,1.0,0.99315494,0.8596794205852735,0.8827159,,,,
max_pinf,N/A,rrg,0.8,0.1,0.3,5,1.0,0.9998588,1.0,0.9981611,0.521473984132188,0.52424973,,,,
max_pinf,N/A,rrg,0.9,0.1,0.3,5,1.0,0.9999698,1.0,0.9996059,0.2315025133962601,0.23391561,,,,
max_pinf,N/A,rrg,1.0,0.1,0.3,5,1.0,0.9999707,1.0,0.99961746,1.994413113636526e-05,0.028601933,,,,
max_pinf,N/A,rrg,0.0,0.2,0.3,5,0.8133333333333334,0.80000967,0.0,0.0,6.237990272795247,6.8362656,,,,
max_pinf,N/A,rrg,0.1,0.2,0.3,5,0.8433333333333334,0.8322207,0.16071428571428586,0.15167335,4.875072096377487,5.8321705,,,,
max_pinf,N/A,rrg,0.2,0.2,0.3,5,0.8666666666666667,0.86131287,0.2857142857142858,0.27773878,4.122503691284747,4.815035,,,,
max_pinf,N/A,rrg,0.30000000000000004,0.2,0.3,5,0.9033333333333333,0.8870369,0.48214285714285704,0.4434058,3.3270887431115663,3.8371444,,,,
max_pinf,N/A,rrg,0.4,0.2,0.3,5,0.9266666666666666,0.91719544,0.607142857142857,0.57781297,2.7400839407391264,2.9720547,,,,
max_pinf,N/A,rrg,0.5,0.2,0.3,5,0.9433333333333334,0.94248486,0.6964285714285715,0.6932667,2.4082155933078777,2.3245864,,,,
max_pinf,N/A,rrg,0.6000000000000001,0.2,0.3,5,0.96,0.9618874,0.7857142857142855,0.7937255,1.6967910563058184,1.706686,,,,
max_pinf,N/A,rrg,0.7000000000000001,0.2,0.3,5,0.9733333333333334,0.9773037,0.8571428571428574,0.8757531,1.4041586881430816,1.2743636,,,,
max_pinf,N/A,rrg,0.8,0.2,0.3,5,0.9966666666666667,0.99077505,0.9821428571428573,0.95207554,0.7514811891720066,0.8005435,,,,
max_pinf,N/A,rrg,0.9,0.2,0.3,5,1.0,0.9986503,1.0,0.99281543,0.2954952104908638,0.3362474,,,,
max_pinf,N/A,rrg,1.0,0.2,0.3,5,1.0,0.9999064,1.0,0.9994985,2.6886564327673316e-05,0.044347458,,,,
max_pinf,N/A,rrg,0.0,0.05,0.3,6,0.9466666666666667,0.95000225,0.0,0.0,15.431634954616541,14.239043,,,,
max_pinf,N/A,rrg,0.1,0.05,0.3,6,0.9633333333333334,0.97013223,0.3125000000000009,0.3581575,11.290579362206906,9.681517,,,,
max_pinf,N/A,rrg,0.2,0.05,0.3,6,0.9766666666666667,0.9852747,0.5625000000000004,0.65155494,8.203340567088706,5.6340127,,,,
max_pinf,N/A,rrg,0.30000000000000004,0.05,0.3,6,0.9833333333333333,0.99365795,0.6874999999999991,0.85253996,4.579173749684825,3.697778,,,,
max_pinf,N/A,rrg,0.4,0.05,0.3,6,0.9933333333333333,0.99719083,0.8749999999999992,0.94322103,3.5073611985301576,2.6969345,,,,
max_pinf,N/A,rrg,0.5,0.05,0.3,6,0.9966666666666667,0.99650455,0.9375000000000007,0.9346581,2.4715031484127845,1.963477,,,,
max_pinf,N/A,rrg,0.6000000000000001,0.05,0.3,6,1.0,0.9996698,1.0,0.99384636,1.61493611222326,1.3167679,,,,
max_pinf,N/A,rrg,0.7000000000000001,0.05,0.3,6,1.0,0.9999135,1.0,0.9983807,1.255234537456635,0.99070823,,,,
max_pinf,N/A,rrg,0.8,0.05,0.3,6,1.0,0.99997765,1.0,0.999581,0.8027255222444503,0.5648591,,,,
max_pinf,N/A,rrg,0.9,0.05,0.3,6,1.0,0.9999752,1.0,0.999535,0.3024382192984355,0.26158097,,,,
max_pinf,N/A,rrg,1.0,0.05,0.3,6,1.0,0.9999766,1.0,0.9995607,2.102288378821727e-05,0.024725156,,,,
max_pinf,N/A,rrg,0.0,0.1,0.3,6,0.8666666666666667,0.90000165,0.0,0.0,9.499985996635031,10.708197,,,,
max_pinf,N/A,rrg,0.1,0.1,0.3,6,0.8933333333333333,0.9220797,0.19999999999999968,0.2549676,7.576145667699035,7.9144135,,,,
max_pinf,N/A,rrg,0.2,0.1,0.3,6,0.9166666666666666,0.9411155,0.37499999999999956,0.45919898,5.6627156808921315,5.668016,,,,
max_pinf,N/A,rrg,0.30000000000000004,0.1,0.3,6,0.94,0.9574795,0.5499999999999995,0.6329785,4.397577758823359,4.1064363,,,,
max_pinf,N/A,rrg,0.4,0.1,0.3,6,0.96,0.9680713,0.6999999999999996,0.7526842,3.326621188692183,3.0043771,,,,
max_pinf,N/A,rrg,0.5,0.1,0.3,6,0.9866666666666667,0.9802895,0.9000000000000001,0.85891604,2.5508906804556872,2.2515814,,,,
max_pinf,N/A,rrg,0.6000000000000001,0.1,0.3,6,0.9966666666666667,0.99261373,0.9750000000000002,0.9462316,1.1685297370356944,1.5206858,,,,
max_pinf,N/A,rrg,0.7000000000000001,0.1,0.3,6,0.9966666666666667,0.99729705,0.9750000000000002,0.9796274,0.6374698345168757,1.0135003,,,,
max_pinf,N/A,rrg,0.8,0.1,0.3,6,1.0,0.99928963,1.0,0.99469924,0.3882361895981767,0.59710985,,,,
max_pinf,N/A,rrg,0.9,0.1,0.3,6,1.0,0.99988437,1.0,0.99913305,0.14706211903788802,0.244773,,,,
max_pinf,N/A,rrg,1.0,0.1,0.3,6,1.0,0.99992424,1.0,0.9994316,2.3126720043695683e-05,0.03792183,,,,
max_pinf,N/A,rrg,0.0,0.2,0.3,6,0.8466666666666667,0.80000967,0.0,0.0,8.099770065898781,6.8362656,,,,
max_pinf,N/A,rrg,0.1,0.2,0.3,6,0.8733333333333333,0.8307714,0.17391304347826056,0.136116,7.312609844206848,5.7358522,,,,
max_pinf,N/A,rrg,0.2,0.2,0.3,6,0.9066666666666666,0.8641097,0.3913043478260866,0.3062793,6.341106977031713,4.642355,,,,
max_pinf,N/A,rrg,0.30000000000000004,0.2,0.3,6,0.9366666666666666,0.90378684,0.5869565217391303,0.48331055,4.702161492429026,4.0078826,,,,
max_pinf,N/A,rrg,0.4,0.2,0.3,6,0.9666666666666667,0.9340209,0.782608695652174,0.6452277,3.34890773946799,3.2656167,,,,
max_pinf,N/A,rrg,0.5,0.2,0.3,6,0.9833333333333333,0.9610367,0.8913043478260866,0.77814656,2.2283881766513085,2.671987,,,,
max_pinf,N/A,rrg,0.6000000000000001,0.2,0.3,6,0.9933333333333333,0.9829421,0.9565217391304345,0.8958086,1.2706350637115043,1.7285568,,,,
max_pinf,N/A,rrg,0.7000000000000001,0.2,0.3,6,1.0,0.99240124,1.0,0.9527736,0.8211668324982498,1.1379006,,,,
max_pinf,N/A,rrg,0.8,0.2,0.3,6,1.0,0.997502,1.0,0.9839667,0.4006335431526287,0.57015854,,,,
max_pinf,N/A,rrg,0.9,0.2,0.3,6,1.0,0.9995854,1.0,0.9973022,0.14230551985408826,0.2368949,,,,
max_pinf,N/A,rrg,1.0,0.2,0.3,6,1.0,0.99992555,1.0,0.9995143,1.742944229236332e-05,0.03615205,,,,
max_pinf,N/A,rrg,0.0,0.05,0.3,7,0.9166666666666666,0.95000225,0.0,0.0,14.883417905971521,14.239043,,,,
max_pinf,N/A,rrg,0.1,0.05,0.3,7,0.94,0.96369416,0.2799999999999997,0.3912366,9.093880157012375,8.885373,,,,
max_pinf,N/A,rrg,0.2,0.05,0.3,7,0.9633333333333334,0.9772937,0.5600000000000007,0.6726908,5.831906497748766,5.623944,,,,
max_pinf,N/A,rrg,0.30000000000000004,0.05,0.3,7,0.98,0.9880253,0.7599999999999999,0.8409896,4.240792193692052,3.9057734,,,,
max_pinf,N/A,rrg,0.4,0.05,0.3,7,0.9866666666666667,0.9925754,0.8400000000000004,0.90410507,3.7102002800189013,2.9969003,,,,
max_pinf,N/A,rrg,0.5,0.05,0.3,7,0.9933333333333333,0.9962439,0.9199999999999995,0.95329463,2.434165331055973,2.2021391,,,,
max_pinf,N/A,rrg,0.6000000000000001,0.05,0.3,7,0.9933333333333333,0.9987347,0.9199999999999995,0.9837638,1.8018769104270298,1.4183861,,,,
max_pinf,N/A,rrg,0.7000000000000001,0.05,0.3,7,1.0,0.9996576,1.0,0.99590737,0.7019068482385652,0.9174901,,,,
max_pinf,N/A,rrg,0.8,0.05,0.3,7,1.0,0.9999228,1.0,0.99907446,0.4286357140048213,0.5169258,,,,
max_pinf,N/A,rrg,0.9,0.05,0.3,7,1.0,0.9999725,1.0,0.99967027,0.15411363512096934,0.23764412,,,,
max_pinf,N/A,rrg,1.0,0.05,0.3,7,1.0,0.9999591,1.0,0.9995093,2.6496467692358283e-05,0.03230079,,,,
max_pinf,N/A,rrg,0.0,0.1,0.3,7,0.8666666666666667,0.90000165,0.0,0.0,10.198734133791199,10.708197,,,,
max_pinf,N/A,rrg,0.1,0.1,0.3,7,0.8966666666666666,0.92664164,0.22499999999999942,0.2902476,7.308642754023288,7.6341715,,,,
max_pinf,N/A,rrg,0.2,0.1,0.3,7,0.9266666666666666,0.9485901,0.4499999999999997,0.53855056,5.5388205741385566,5.4810305,,,,
max_pinf,N/A,rrg,0.30000000000000004,0.1,0.3,7,0.95,0.9636723,0.6249999999999996,0.69641024,4.38992609153764,4.111377,,,,
max_pinf,N/A,rrg,0.4,0.1,0.3,7,0.9666666666666667,0.97704923,0.75,0.8133318,3.8758900910813288,2.9254327,,,,
max_pinf,N/A,rrg,0.5,0.1,0.3,7,0.9733333333333334,0.9875788,0.8000000000000004,0.8956949,3.5551873597480728,2.2154062,,,,
max_pinf,N/A,rrg,0.6000000000000001,0.1,0.3,7,0.98,0.9934032,0.8499999999999999,0.9449905,2.229300974735659,1.5401733,,,,
max_pinf,N/A,rrg,0.7000000000000001,0.1,0.3,7,0.99,0.9969633,0.9249999999999999,0.97596633,1.5519972623253768,1.0861748,,,,
max_pinf,N/A,rrg,0.8,0.1,0.3,7,1.0,0.9991759,1.0,0.9938553,0.7222157932309401,0.570347,,,,
max_pinf,N/A,rrg,0.9,0.1,0.3,7,1.0,0.9998802,1.0,0.9991017,0.18666333551967612,0.25904724,,,,
max_pinf,N/A,rrg,1.0,0.1,0.3,7,1.0,0.99990845,1.0,0.999313,4.46806807373407e-05,0.041402966,,,,
max_pinf,N/A,rrg,0.0,0.2,0.3,7,0.76,0.80000967,0.0,0.0,6.87517279779423,6.8362656,,,,
max_pinf,N/A,rrg,0.1,0.2,0.3,7,0.7966666666666666,0.8342465,0.15277777777777762,0.18112099,5.502536424713627,5.744672,,,,
max_pinf,N/A,rrg,0.2,0.2,0.3,7,0.8366666666666667,0.86278087,0.3194444444444444,0.3584186,4.587002427215636,4.58955,,,,
max_pinf,N/A,rrg,0.30000000000000004,0.2,0.3,7,0.87,0.8950644,0.4583333333333333,0.5117664,4.186367570915897,3.7026803,,,,
max_pinf,N/A,rrg,0.4,0.2,0.3,7,0.9066666666666666,0.92085624,0.6111111111111109,0.64949834,3.461574800610982,2.846029,,,,
max_pinf,N/A,rrg,0.5,0.2,0.3,7,0.9366666666666666,0.94413185,0.736111111111111,0.75972086,2.6842648354426895,2.1812584,,,,
max_pinf,N/A,rrg,0.6000000000000001,0.2,0.3,7,0.95,0.9656879,0.7916666666666665,0.8470169,2.0048180648749043,1.6938472,,,,
max_pinf,N/A,rrg,0.7000000000000001,0.2,0.3,7,0.9766666666666667,0.9814469,0.9027777777777778,0.92110515,1.6736455082695252,1.2212583,,,,
max_pinf,N/A,rrg,0.8,0.2,0.3,7,0.9866666666666667,0.9923299,0.9444444444444445,0.96724993,1.0517405989897726,0.74155426,,,,
max_pinf,N/A,rrg,0.9,0.2,0.3,7,0.9966666666666667,0.99852365,0.9861111111111113,0.9937968,0.34556825750426773,0.3472285,,,,
max_pinf,N/A,rrg,1.0,0.2,0.3,7,1.0,0.99968076,1.0,0.9986684,0.00018984771962844542,0.108846,,,,
max_pinf,N/A,rrg,0.0,0.05,0.3,8,0.9466666666666667,0.95000225,0.0,0.0,13.75913569212468,14.239043,,,,
max_pinf,N/A,rrg,0.1,0.05,0.3,8,0.9633333333333334,0.96464926,0.3125000000000009,0.27818528,9.617299033895593,9.275843,,,,
max_pinf,N/A,rrg,0.2,0.05,0.3,8,0.98,0.9849957,0.6249999999999998,0.689594,6.792001131267807,5.8607683,,,,
max_pinf,N/A,rrg,0.30000000000000004,0.05,0.3,8,0.9966666666666667,0.9916998,0.9375000000000007,0.85762966,4.313487170277717,4.0683327,,,,
max_pinf,N/A,rrg,0.4,0.05,0.3,8,0.9966666666666667,0.9966457,0.9375000000000007,0.9371311,3.1992900818858323,2.601243,,,,
max_pinf,N/A,rrg,0.5,0.05,0.3,8,0.9966666666666667,0.9988621,0.9375000000000007,0.9777478,3.0639656015386807,1.8573925,,,,
max_pinf,N/A,rrg,0.6000000000000001,0.05,0.3,8,1.0,0.9995868,1.0,0.99231195,1.177265302314125,1.3832493,,,,
max_pinf,N/A,rrg,0.7000000000000001,0.05,0.3,8,1.0,0.999905,1.0,0.9982215,0.9459330930435451,0.91373026,,,,
max_pinf,N/A,rrg,0.8,0.05,0.3,8,1.0,0.99996835,1.0,0.99940675,0.653662292797406,0.53920764,,,,
max_pinf,N/A,rrg,0.9,0.05,0.3,8,1.0,0.9999873,1.0,0.99976194,0.38395980364393323,0.2797642,,,,
max_pinf,N/A,rrg,1.0,0.05,0.3,8,1.0,0.99998003,1.0,0.99962556,7.697488056185916e-06,0.020595219,,,,
max_pinf,N/A,rrg,0.0,0.1,0.3,8,0.8966666666666666,0.90000165,0.0,0.0,11.072809430511068,10.708197,,,,
max_pinf,N/A,rrg,0.1,0.1,0.3,8,0.9133333333333333,0.9318341,0.16129032258064557,0.19646528,9.39085263632473,8.739397,,,,
max_pinf,N/A,rrg,0.2,0.1,0.3,8,0.9366666666666666,0.9567881,0.38709677419354854,0.48069924,7.40925084045892,6.3106246,,,,
max_pinf,N/A,rrg,0.30000000000000004,0.1,0.3,8,0.9566666666666667,0.9685768,0.5806451612903228,0.6698236,5.083221932747968,4.433961,,,,
max_pinf,N/A,rrg,0.4,0.1,0.3,8,0.98,0.9833557,0.8064516129032258,0.83351773,3.3742918419501158,3.2109995,,,,
max_pinf,N/A,rrg,0.5,0.1,0.3,8,0.9833333333333333,0.9917637,0.8387096774193544,0.91321254,1.9971516080387668,2.2863965,,,,
max_pinf,N/A,rrg,0.6000000000000001,0.1,0.3,8,0.99,0.9962207,0.9032258064516129,0.9610826,1.5060696360901953,1.5036016,,,,
max_pinf,N/A,rrg,0.7000000000000001,0.1,0.3,8,0.9966666666666667,0.9988603,0.9677419354838713,0.9887304,0.9234963990048446,0.9401434,,,,
max_pinf,N/A,rrg,0.8,0.1,0.3,8,1.0,0.9997469,1.0,0.9975559,0.36545927149592483,0.53524107,,,,
max_pinf,N/A,rrg,0.9,0.1,0.3,8,1.0,0.99994487,1.0,0.99946654,0.1824550597423519,0.26518402,,,,
max_pinf,N/A,rrg,1.0,0.1,0.3,8,1.0,0.9999502,1.0,0.9995177,2.7157447915257433e-05,0.034179598,,,,
max_pinf,N/A,rrg,0.0,0.2,0.3,8,0.7933333333333333,0.80000967,0.0,0.0,7.172527686710244,6.8362656,,,,
max_pinf,N/A,rrg,0.1,0.2,0.3,8,0.8233333333333334,0.83531195,0.14516129032258077,0.1540871,6.059888895561541,5.692582,,,,
max_pinf,N/A,rrg,0.2,0.2,0.3,8,0.86,0.87443733,0.32258064516129026,0.34679744,4.442697921373539,4.6427464,,,,
max_pinf,N/A,rrg,0.30000000000000004,0.2,0.3,8,0.8966666666666666,0.90659547,0.4999999999999997,0.5252213,3.473743784699906,3.6833346,,,,
max_pinf,N/A,rrg,0.4,0.2,0.3,8,0.92,0.93946767,0.6129032258064518,0.67663616,2.4117603098362466,3.1228838,,,,
max_pinf,N/A,rrg,0.5,0.2,0.3,8,0.9566666666666667,0.96450543,0.7903225806451613,0.82147306,1.7978182559918598,2.2646415,,,,
max_pinf,N/A,rrg,0.6000000000000001,0.2,0.3,8,0.97,0.9804564,0.8548387096774193,0.9003856,1.4770250872585406,1.6820725,,,,
max_pinf,N/A,rrg,0.7000000000000001,0.2,0.3,8,0.99,0.9898651,0.9516129032258064,0.9509826,0.9915652064635871,1.1747601,,,,
max_pinf,N/A,rrg,0.8,0.2,0.3,8,0.9933333333333333,0.996726,0.9677419354838708,0.98389,0.6844218531089578,0.6144609,,,,
max_pinf,N/A,rrg,0.9,0.2,0.3,8,1.0,0.9994519,1.0,0.9973526,0.20637154699581506,0.26695535,,,,
max_pinf,N/A,rrg,1.0,0.2,0.3,8,1.0,0.99990225,1.0,0.99952686,1.9651831906707454e-05,0.041689523,,,,
max_pinf,N/A,rrg,0.0,0.05,0.3,9,0.9533333333333334,0.95000225,0.0,0.0,12.83196334918848,14.239043,,,,
max_pinf,N/A,rrg,0.1,0.05,0.3,9,0.9666666666666667,0.96142346,0.28571428571428537,0.2568527,10.470049146004706,10.3171215,,,,
max_pinf,N/A,rrg,0.2,0.05,0.3,9,0.98,0.9868135,0.5714285714285707,0.66912293,6.699410949295919,5.9530272,,,,
max_pinf,N/A,rrg,0.30000000000000004,0.05,0.3,9,0.9866666666666667,0.9938287,0.7142857142857146,0.8437826,5.63188363191801,3.5665984,,,,
max_pinf,N/A,rrg,0.4,0.05,0.3,9,0.9933333333333333,0.99435955,0.8571428571428561,0.876415,3.284814444177464,2.516236,,,,
max_pinf,N/A,rrg,0.5,0.05,0.3,9,1.0,0.9989322,1.0,0.9776295,1.7796660156939887,1.7828304,,,,
max_pinf,N/A,rrg,0.6000000000000001,0.05,0.3,9,1.0,0.99969774,1.0,0.9935641,1.2076851999779326,1.3306854,,,,
max_pinf,N/A,rrg,0.7000000000000001,0.05,0.3,9,1.0,0.9999188,1.0,0.9982631,0.7716144782716765,0.9000522,,,,
max_pinf,N/A,rrg,0.8,0.05,0.3,9,1.0,0.99997276,1.0,0.9994164,0.4594578542392267,0.48340484,,,,
max_pinf,N/A,rrg,0.9,0.05,0.3,9,1.0,0.9999722,1.0,0.99940467,0.1631768122125811,0.21115915,,,,
max_pinf,N/A,rrg,1.0,0.05,0.3,9,1.0,0.99997354,1.0,0.99943274,2.7008762614984135e-05,0.025080647,,,,
max_pinf,N/A,rrg,0.0,0.1,0.3,9,0.8833333333333333,0.90000165,0.0,0.0,9.350626476358643,10.708197,,,,
max_pinf,N/A,rrg,0.1,0.1,0.3,9,0.91,0.91722167,0.22857142857142904,0.24365011,7.894542337162632,7.5053654,,,,
max_pinf,N/A,rrg,0.2,0.1,0.3,9,0.9333333333333333,0.94357604,0.4285714285714288,0.4698164,5.990949553940018,5.455586,,,,
max_pinf,N/A,rrg,0.30000000000000004,0.1,0.3,9,0.9566666666666667,0.9645396,0.6285714285714287,0.67405707,4.5400543141941165,3.8424056,,,,
max_pinf,N/A,rrg,0.4,0.1,0.3,9,0.97,0.9754244,0.7428571428571427,0.7790785,3.595196315132751,2.8580902,,,,
max_pinf,N/A,rrg,0.5,0.1,0.3,9,0.9933333333333333,0.9846151,0.9428571428571425,0.87729317,2.477722086699983,2.0537846,,,,
max_pinf,N/A,rrg,0.6000000000000001,0.1,0.3,9,0.9933333333333333,0.99215615,0.9428571428571425,0.93343604,2.1440692610061034,1.5182621,,,,
max_pinf,N/A,rrg,0.7000000000000001,0.1,0.3,9,0.9933333333333333,0.99678314,0.9428571428571425,0.9715827,1.6918790872110179,1.0542352,,,,
max_pinf,N/A,rrg,0.8,0.1,0.3,9,0.9966666666666667,0.99904686,0.9714285714285718,0.9916577,1.1702895923060828,0.5993278,,,,
max_pinf,N/A,rrg,0.9,0.1,0.3,9,1.0,0.99982685,1.0,0.9985171,0.16139521832600337,0.2929218,,,,
max_pinf,N/A,rrg,1.0,0.1,0.3,9,1.0,0.99991554,1.0,0.9992757,9.827923147639082e-05,0.04611985,,,,
max_pinf,N/A,rrg,0.0,0.2,0.3,9,0.82,0.80000967,0.0,0.0,6.616151858920938,6.8362656,,,,
max_pinf,N/A,rrg,0.1,0.2,0.3,9,0.8466666666666667,0.82554215,0.14814814814814845,0.13257591,5.967927887334272,5.633165,,,,
max_pinf,N/A,rrg,0.2,0.2,0.3,9,0.8833333333333333,0.85962385,0.35185185185185186,0.3108795,4.953461463603211,4.465239,,,,
max_pinf,N/A,rrg,0.30000000000000004,0.2,0.3,9,0.9133333333333333,0.88827044,0.5185185185185186,0.45511776,4.062286861196353,3.6281283,,,,
max_pinf,N/A,rrg,0.4,0.2,0.3,9,0.9366666666666666,0.92363036,0.6481481481481481,0.60436445,3.131833609668356,2.996365,,,,
max_pinf,N/A,rrg,0.5,0.2,0.3,9,0.9566666666666667,0.9543339,0.7592592592592593,0.7495358,2.3239719118636684,2.367553,,,,
max_pinf,N/A,rrg,0.6000000000000001,0.2,0.3,9,0.9733333333333334,0.96999794,0.8518518518518522,0.8363346,1.6511684115597134,1.8934928,,,,
max_pinf,N/A,rrg,0.7000000000000001,0.2,0.3,9,0.9866666666666667,0.98371154,0.925925925925926,0.91094744,1.1032675020107967,1.3529117,,,,
max_pinf,N/A,rrg,0.8,0.2,0.3,9,0.99,0.9946643,0.9444444444444444,0.9695606,0.6586143907271711,0.74460775,,,,
max_pinf,N/A,rrg,0.9,0.2,0.3,9,0.9966666666666667,0.99913526,0.9814814814814816,0.99512637,0.3779327033705808,0.26149866,,,,
max_pinf,N/A,rrg,1.0,0.2,0.3,9,1.0,0.9998818,1.0,0.99934304,5.546926654446266e-05,0.049883213,,,,
max_pinf,N/A,rrg,0.0,0.05,0.3,10,0.9633333333333334,0.95000225,0.0,0.0,18.785451387569424,14.239043,,,,
max_pinf,N/A,rrg,0.1,0.05,0.3,10,0.98,0.98815703,0.4545454545454534,0.5845975,10.096497763161727,10.06086,,,,
max_pinf,N/A,rrg,0.2,0.05,0.3,10,0.9966666666666667,0.990177,0.90909090909091,0.77238506,4.031409042827114,5.953346,,,,
max_pinf,N/A,rrg,0.30000000000000004,0.05,0.3,10,1.0,0.99780387,1.0,0.94349015,2.9479334337034895,3.7996666,,,,
max_pinf,N/A,rrg,0.4,0.05,0.3,10,1.0,0.99957895,1.0,0.98864716,2.507129190940533,2.5552557,,,,
max_pinf,N/A,rrg,0.5,0.05,0.3,10,1.0,0.99990326,1.0,0.9973686,1.703459283640921,1.8296224,,,,
max_pinf,N/A,rrg,0.6000000000000001,0.05,0.3,10,1.0,0.9999719,1.0,0.9992349,0.9970930151389374,1.363689,,,,
max_pinf,N/A,rrg,0.7000000000000001,0.05,0.3,10,1.0,0.9999883,1.0,0.9996814,0.7709496163726466,0.95559907,,,,
max_pinf,N/A,rrg,0.8,0.05,0.3,10,1.0,0.9999892,1.0,0.99970573,0.5136951626774084,0.5727312,,,,
max_pinf,N/A,rrg,0.9,0.05,0.3,10,1.0,0.9999814,1.0,0.99949265,0.21716904089858644,0.28849962,,,,
max_pinf,N/A,rrg,1.0,0.05,0.3,10,1.0,0.9999818,1.0,0.999504,3.2746315738868643e-06,0.012022147,,,,
max_pinf,N/A,rrg,0.0,0.1,0.3,10,0.9066666666666666,0.90000165,0.0,0.0,12.72786017234253,10.708197,,,,
max_pinf,N/A,rrg,0.1,0.1,0.3,10,0.9333333333333333,0.9352118,0.2857142857142862,0.29158252,9.221491323365079,8.285615,,,,
max_pinf,N/A,rrg,0.2,0.1,0.3,10,0.9566666666666667,0.9586732,0.5357142857142859,0.54748374,6.2753248776946995,6.0907593,,,,
max_pinf,N/A,rrg,0.30000000000000004,0.1,0.3,10,0.9733333333333334,0.9736014,0.714285714285715,0.7163426,4.921602947981616,4.5184116,,,,
max_pinf,N/A,rrg,0.4,0.1,0.3,10,0.9866666666666667,0.9861816,0.8571428571428574,0.85152143,3.733305697739798,3.0947301,,,,
max_pinf,N/A,rrg,0.5,0.1,0.3,10,0.9933333333333333,0.99393594,0.9285714285714282,0.93460524,2.657502247682936,2.2591677,,,,
max_pinf,N/A,rrg,0.6000000000000001,0.1,0.3,10,0.9966666666666667,0.99784964,0.9642857142857146,0.976664,1.6716900945047704,1.4594679,,,,
max_pinf,N/A,rrg,0.7000000000000001,0.1,0.3,10,1.0,0.99935526,1.0,0.9931388,0.9762049295400212,0.89628226,,,,
max_pinf,N/A,rrg,0.8,0.1,0.3,10,1.0,0.9998545,1.0,0.99844325,0.5972642273520324,0.4906546,,,,
max_pinf,N/A,rrg,0.9,0.1,0.3,10,1.0,0.9999411,1.0,0.99936897,0.20856592413556468,0.23037954,,,,
max_pinf,N/A,rrg,1.0,0.1,0.3,10,1.0,0.9999561,1.0,0.99952924,2.9736068212653036e-05,0.035702832,,,,
max_pinf,N/A,rrg,0.0,0.2,0.3,10,0.77,0.80000967,0.0,0.0,6.047527070000854,6.8362656,,,,
max_pinf,N/A,rrg,0.1,0.2,0.3,10,0.8066666666666666,0.8298442,0.15942028985507228,0.1772718,5.1869217603459505,5.5770044,,,,
max_pinf,N/A,rrg,0.2,0.2,0.3,10,0.85,0.8595211,0.3478260869565216,0.36282355,4.091276406903721,4.4095488,,,,
max_pinf,N/A,rrg,0.30000000000000004,0.2,0.3,10,0.89,0.89271975,0.5217391304347826,0.5279699,3.6725439773528272,3.4581006,,,,
max_pinf,N/A,rrg,0.4,0.2,0.3,10,0.91,0.9193341,0.6086956521739132,0.63443065,3.0444717276949165,2.9119918,,,,
max_pinf,N/A,rrg,0.5,0.2,0.3,10,0.93,0.94605327,0.6956521739130437,0.7478382,2.7324400176383916,2.3547125,,,,
max_pinf,N/A,rrg,0.6000000000000001,0.2,0.3,10,0.9633333333333334,0.9648043,0.8405797101449277,0.84597474,2.188429096326699,1.8250545,,,,
max_pinf,N/A,rrg,0.7000000000000001,0.2,0.3,10,0.9733333333333334,0.98008466,0.884057971014493,0.910772,1.574791558239974,1.2954372,,,,
max_pinf,N/A,rrg,0.8,0.2,0.3,10,0.9866666666666667,0.99116874,0.9420289855072465,0.96079445,0.8457883645351914,0.7780689,,,,
max_pinf,N/A,rrg,0.9,0.2,0.3,10,1.0,0.99803853,1.0,0.99153477,0.16499081659481965,0.35300562,,,,
max_pinf,N/A,rrg,1.0,0.2,0.3,10,1.0,0.99986064,1.0,0.9993938,4.151606272560189e-05,0.053990975,,,,
max_pinf,N/A,rrg,0.0,0.05,0.3,11,0.95,0.95000225,0.0,0.0,15.554209773545578,14.239043,,,,
max_pinf,N/A,rrg,0.1,0.05,0.3,11,0.97,0.96237856,0.4,0.34708875,11.70366701936892,8.824682,,,,
max_pinf,N/A,rrg,0.2,0.05,0.3,11,0.9766666666666667,0.98418355,0.5333333333333341,0.6276996,6.370106259719843,6.1028013,,,,
max_pinf,N/A,rrg,0.30000000000000004,0.05,0.3,11,0.9866666666666667,0.9944804,0.7333333333333341,0.86916053,4.501749547000758,3.658426,,,,
max_pinf,N/A,rrg,0.4,0.05,0.3,11,0.9966666666666667,0.9975587,0.9333333333333341,0.9502869,3.3712210692127127,2.7395983,,,,
max_pinf,N/A,rrg,0.5,0.05,0.3,11,0.9966666666666667,0.99924946,0.9333333333333341,0.9841714,2.4331793406796214,1.7892972,,,,
max_pinf,N/A,rrg,0.6000000000000001,0.05,0.3,11,0.9966666666666667,0.9998059,0.9333333333333341,0.99585843,1.8123733838254472,1.2604178,,,,
max_pinf,N/A,rrg,0.7000000000000001,0.05,0.3,11,0.9966666666666667,0.9999544,0.9333333333333341,0.9990238,1.3169881934467071,0.82065153,,,,
max_pinf,N/A,rrg,0.8,0.05,0.3,11,1.0,0.9999863,1.0,0.9997259,0.6467882479994842,0.48142868,,,,
max_pinf,N/A,rrg,0.9,0.05,0.3,11,1.0,0.99998707,1.0,0.9997413,0.32939677119313004,0.23352402,,,,
max_pinf,N/A,rrg,1.0,0.05,0.3,11,1.0,0.9999759,1.0,0.99951833,9.40702183723045e-06,0.018264737,,,,
max_pinf,N/A,rrg,0.0,0.1,0.3,11,0.8966666666666666,0.90000165,0.0,0.0,10.76075705662496,10.708197,,,,
max_pinf,N/A,rrg,0.1,0.1,0.3,11,0.9233333333333333,0.9131742,0.2580645161290327,0.23495722,8.94644694200644,7.625455,,,,
max_pinf,N/A,rrg,0.2,0.1,0.3,11,0.9466666666666667,0.95100635,0.48387096774193566,0.5050818,6.489569486811464,6.0590777,,,,
max_pinf,N/A,rrg,0.30000000000000004,0.1,0.3,11,0.9566666666666667,0.9750077,0.5806451612903228,0.70594645,4.8749623177497785,4.722593,,,,
max_pinf,N/A,rrg,0.4,0.1,0.3,11,0.98,0.9869102,0.8064516129032258,0.86424595,2.8764233128392984,3.091399,,,,
max_pinf,N/A,rrg,0.5,0.1,0.3,11,0.9866666666666667,0.99266213,0.8709677419354842,0.9246139,2.3527487529470545,2.241762,,,,
max_pinf,N/A,rrg,0.6000000000000001,0.1,0.3,11,0.9966666666666667,0.99645734,0.9677419354838713,0.9657841,1.0622489969414248,1.502831,,,,
max_pinf,N/A,rrg,0.7000000000000001,0.1,0.3,11,1.0,0.9988825,1.0,0.9893,0.746107127848922,0.87651426,,,,
max_pinf,N/A,rrg,0.8,0.1,0.3,11,1.0,0.9997345,1.0,0.99743694,0.5253157971800552,0.48920938,,,,
max_pinf,N/A,rrg,0.9,0.1,0.3,11,1.0,0.99995047,1.0,0.9995207,0.2901644499084366,0.2320431,,,,
max_pinf,N/A,rrg,1.0,0.1,0.3,11,1.0,0.9999524,1.0,0.999539,2.1667520452341984e-05,0.030314809,,,,
max_pinf,N/A,rrg,0.0,0.2,0.3,11,0.7633333333333333,0.80000967,0.0,0.0,6.0402057075054305,6.8362656,,,,
max_pinf,N/A,rrg,0.1,0.2,0.3,11,0.8033333333333333,0.8286153,0.1690140845070424,0.18921345,5.372494428944457,5.4931297,,,,
max_pinf,N/A,rrg,0.2,0.2,0.3,11,0.8266666666666667,0.8621155,0.26760563380281693,0.31473976,5.058985576067215,4.744264,,,,
max_pinf,N/A,rrg,0.30000000000000004,0.2,0.3,11,0.86,0.88944125,0.4084507042253521,0.46646854,4.318240564399951,3.7188175,,,,
max_pinf,N/A,rrg,0.4,0.2,0.3,11,0.89,0.9170024,0.5352112676056339,0.60412973,3.2692099720639023,2.9458745,,,,
max_pinf,N/A,rrg,0.5,0.2,0.3,11,0.9333333333333333,0.9424758,0.7183098591549296,0.74716413,2.7976788163824904,2.3401248,,,,
max_pinf,N/A,rrg,0.6000000000000001,0.2,0.3,11,0.9533333333333334,0.9648175,0.8028169014084509,0.8437473,2.284942019845241,1.6794972,,,,
max_pinf,N/A,rrg,0.7000000000000001,0.2,0.3,11,0.9733333333333334,0.98070955,0.8873239436619721,0.9158539,1.8075939909505723,1.2926872,,,,
max_pinf,N/A,rrg,0.8,0.2,0.3,11,0.9833333333333333,0.99208015,0.9295774647887322,0.96524525,1.521981013290358,0.7992754,,,,
max_pinf,N/A,rrg,0.9,0.2,0.3,11,0.9966666666666667,0.99762166,0.9859154929577466,0.98990184,0.4952430455481997,0.3513642,,,,
max_pinf,N/A,rrg,1.0,0.2,0.3,11,1.0,0.9998941,1.0,0.9995523,2.8530639719103902e-05,0.04709921,,,,
max_pinf,N/A,rrg,0.0,0.05,0.3,12,0.96,0.95000225,0.0,0.0,17.07523780266952,14.239043,,,,
max_pinf,N/A,rrg,0.1,0.05,0.3,12,0.9866666666666667,0.97714883,0.6666666666666676,0.53852624,8.269508546684818,9.223796,,,,
max_pinf,N/A,rrg,0.2,0.05,0.3,12,0.9966666666666667,0.98712385,0.9166666666666676,0.7401006,6.4628433648068455,5.9710126,,,,
max_pinf,N/A,rrg,0.30000000000000004,0.05,0.3,12,0.9966666666666667,0.99569964,0.9166666666666676,0.89502877,3.4514312852369007,3.7585623,,,,
max_pinf,N/A,rrg,0.4,0.05,0.3,12,1.0,0.9987963,1.0,0.97078604,2.2104084844440504,2.5492916,,,,
max_pinf,N/A,rrg,0.5,0.05,0.3,12,1.0,0.99970317,1.0,0.9926337,1.9357517216367546,1.75822,,,,
max_pinf,N/A,rrg,0.6000000000000001,0.05,0.3,12,1.0,0.9999345,1.0,0.998365,1.3143995384351186,1.2539065,,,,
max_pinf,N/A,rrg,0.7000000000000001,0.05,0.3,12,1.0,0.99998075,1.0,0.9995189,0.6792266489028846,0.8237934,,,,
max_pinf,N/A,rrg,0.8,0.05,0.3,12,1.0,0.9999869,1.0,0.9996722,0.3967756846067689,0.51704925,,,,
max_pinf,N/A,rrg,0.9,0.05,0.3,12,1.0,0.9999803,1.0,0.9995067,0.13941799229093726,0.22772941,,,,
max_pinf,N/A,rrg,1.0,0.05,0.3,12,1.0,0.99998075,1.0,0.99951863,2.8050432982057405e-05,0.022623202,,,,
max_pinf,N/A,rrg,0.0,0.1,0.3,12,0.91,0.90000165,0.0,0.0,10.791630309175721,10.708197,,,,
max_pinf,N/A,rrg,0.1,0.1,0.3,12,0.9266666666666666,0.9283918,0.1851851851851846,0.188803,8.29493394881862,8.701568,,,,
max_pinf,N/A,rrg,0.2,0.1,0.3,12,0.9533333333333334,0.94823647,0.4814814814814817,0.45567513,6.498291017814898,6.37472,,,,
max_pinf,N/A,rrg,0.30000000000000004,0.1,0.3,12,0.9666666666666667,0.96572226,0.6296296296296295,0.62309057,5.240048040012927,4.668236,,,,
max_pinf,N/A,rrg,0.4,0.1,0.3,12,0.9766666666666667,0.9856451,0.7407407407407408,0.8228261,3.5742189418877772,3.2325127,,,,
max_pinf,N/A,rrg,0.5,0.1,0.3,12,0.9866666666666667,0.99305826,0.8518518518518521,0.91697276,2.8770931181218877,2.144965,,,,
max_pinf,N/A,rrg,0.6000000000000001,0.1,0.3,12,0.99,0.99709636,0.8888888888888887,0.96497476,1.915307464268993,1.4033513,,,,
max_pinf,N/A,rrg,0.7000000000000001,0.1,0.3,12,0.9933333333333333,0.99911803,0.9259259259259254,0.9895265,1.3528463473543195,0.9584967,,,,
max_pinf,N/A,rrg,0.8,0.1,0.3,12,1.0,0.9997805,1.0,0.9975661,0.6082848868312692,0.5690788,,,,
max_pinf,N/A,rrg,0.9,0.1,0.3,12,1.0,0.99996156,1.0,0.9995729,0.3357473090571965,0.2865467,,,,
max_pinf,N/A,rrg,1.0,0.1,0.3,12,1.0,0.9999646,1.0,0.99960655,1.9117038938011107e-05,0.027981443,,,,
max_pinf,N/A,rrg,0.0,0.2,0.3,12,0.8366666666666667,0.80000967,0.0,0.0,10.015920874233132,6.8362656,,,,
max_pinf,N/A,rrg,0.1,0.2,0.3,12,0.8733333333333333,0.85102963,0.2244897959183671,0.19750915,7.856747505441445,6.0412607,,,,
max_pinf,N/A,rrg,0.2,0.2,0.3,12,0.8966666666666666,0.88962007,0.36734693877550983,0.35215122,6.41038189475138,5.141047,,,,
max_pinf,N/A,rrg,0.30000000000000004,0.2,0.3,12,0.94,0.922773,0.6326530612244895,0.5722895,4.340763476202536,4.177034,,,,
max_pinf,N/A,rrg,0.4,0.2,0.3,12,0.9633333333333334,0.9486925,0.7755102040816328,0.7117116,3.3136862698496756,3.4466102,,,,
max_pinf,N/A,rrg,0.5,0.2,0.3,12,0.9866666666666667,0.96970904,0.9183673469387756,0.83198506,1.822379064073688,2.6945012,,,,
max_pinf,N/A,rrg,0.6000000000000001,0.2,0.3,12,0.99,0.9837763,0.9387755102040816,0.904312,1.3294810236205101,2.0272973,,,,
max_pinf,N/A,rrg,0.7000000000000001,0.2,0.3,12,1.0,0.992515,1.0,0.9561768,0.877396403975376,1.2933068,,,,
max_pinf,N/A,rrg,0.8,0.2,0.3,12,1.0,0.9982294,1.0,0.98927337,0.5254735473219028,0.6406265,,,,
max_pinf,N/A,rrg,0.9,0.2,0.3,12,1.0,0.9997377,1.0,0.9983951,0.20463591694701386,0.27155006,,,,
max_pinf,N/A,rrg,1.0,0.2,0.3,12,1.0,0.99991333,1.0,0.9994692,4.1685609222255846e-05,0.042909414,,,,
max_pinf,N/A,rrg,0.0,0.05,0.3,13,0.9666666666666667,0.95000225,0.0,0.0,13.120124468013758,14.239043,,,,
max_pinf,N/A,rrg,0.1,0.05,0.3,13,0.9833333333333333,0.973995,0.49999999999999833,0.39057958,7.525190802025524,9.540708,,,,
max_pinf,N/A,rrg,0.2,0.05,0.3,13,0.9933333333333333,0.99043465,0.7999999999999987,0.7359962,3.766271787868426,5.9083285,,,,
max_pinf,N/A,rrg,0.30000000000000004,0.05,0.3,13,1.0,0.9969869,1.0,0.91710126,2.893285620474769,3.6072145,,,,
max_pinf,N/A,rrg,0.4,0.05,0.3,13,1.0,0.9990118,1.0,0.9712078,1.9768685349854336,2.472245,,,,
max_pinf,N/A,rrg,0.5,0.05,0.3,13,1.0,0.9997415,1.0,0.9923044,1.7145097160472293,1.6959531,,,,
max_pinf,N/A,rrg,0.6000000000000001,0.05,0.3,13,1.0,0.99992716,1.0,0.99781954,0.9784145133087406,1.1496627,,,,
max_pinf,N/A,rrg,0.7000000000000001,0.05,0.3,13,1.0,0.99997455,1.0,0.99923694,0.6472048954459849,0.74829656,,,,
max_pinf,N/A,rrg,0.8,0.05,0.3,13,1.0,0.99998736,1.0,0.9996209,0.35134171361807337,0.4463136,,,,
max_pinf,N/A,rrg,0.9,0.05,0.3,13,1.0,0.99998486,1.0,0.99954575,0.15461024985123983,0.22211759,,,,
max_pinf,N/A,rrg,1.0,0.05,0.3,13,1.0,0.99998575,1.0,0.9995726,5.3000831533023746e-05,0.02447464,,,,
max_pinf,N/A,rrg,0.0,0.1,0.3,13,0.8966666666666666,0.90000165,0.0,0.0,12.866273698559672,10.708197,,,,
max_pinf,N/A,rrg,0.1,0.1,0.3,13,0.9233333333333333,0.9262795,0.2580645161290327,0.2656336,10.339073320527916,8.199599,,,,
max_pinf,N/A,rrg,0.2,0.1,0.3,13,0.95,0.9511088,0.5161290322580644,0.5217266,7.1922652251539025,6.0682383,,,,
max_pinf,N/A,rrg,0.30000000000000004,0.1,0.3,13,0.9633333333333334,0.97681195,0.6451612903225812,0.7419375,5.226785991006697,4.4879208,,,,
max_pinf,N/A,rrg,0.4,0.1,0.3,13,0.97,0.9855499,0.7096774193548386,0.8353889,4.690475397074661,3.364651,,,,
max_pinf,N/A,rrg,0.5,0.1,0.3,13,0.9833333333333333,0.9913151,0.8387096774193544,0.9089153,2.920947459131072,2.4414637,,,,
max_pinf,N/A,rrg,0.6000000000000001,0.1,0.3,13,0.9933333333333333,0.99649274,0.9354838709677415,0.9649863,1.9003093996049143,1.6823179,,,,
max_pinf,N/A,rrg,0.7000000000000001,0.1,0.3,13,1.0,0.9991769,1.0,0.99209684,1.0748648293123524,1.0473131,,,,
max_pinf,N/A,rrg,0.8,0.1,0.3,13,1.0,0.9998244,1.0,0.998303,0.7667238623987835,0.65422696,,,,
max_pinf,N/A,rrg,0.9,0.1,0.3,13,1.0,0.9999294,1.0,0.999317,0.2879746935492288,0.30421972,,,,
max_pinf,N/A,rrg,1.0,0.1,0.3,13,1.0,0.99995303,1.0,0.9995454,4.2073732444296195e-05,0.037256826,,,,
max_pinf,N/A,rrg,0.0,0.2,0.3,13,0.8,0.80000967,0.0,0.0,7.195470835323221,6.8362656,,,,
max_pinf,N/A,rrg,0.1,0.2,0.3,13,0.8233333333333334,0.8327837,0.11666666666666661,0.12770599,6.008258952280378,5.949747,,,,
max_pinf,N/A,rrg,0.2,0.2,0.3,13,0.8533333333333334,0.8705083,0.2666666666666668,0.2917087,5.357759422294709,4.900778,,,,
max_pinf,N/A,rrg,0.30000000000000004,0.2,0.3,13,0.89,0.9031972,0.44999999999999996,0.48178604,4.12582672462259,3.9143102,,,,
max_pinf,N/A,rrg,0.4,0.2,0.3,13,0.9133333333333333,0.93548566,0.5666666666666665,0.6372436,3.284274254559675,3.3176603,,,,
max_pinf,N/A,rrg,0.5,0.2,0.3,13,0.94,0.9583458,0.6999999999999996,0.77069044,2.7674715603498647,2.6121528,,,,
max_pinf,N/A,rrg,0.6000000000000001,0.2,0.3,13,0.9566666666666667,0.9768347,0.7833333333333333,0.87117743,2.096800489358651,1.7933344,,,,
max_pinf,N/A,rrg,0.7000000000000001,0.2,0.3,13,0.9766666666666667,0.98942107,0.8833333333333334,0.9434963,1.613252390482625,1.1459569,,,,
max_pinf,N/A,rrg,0.8,0.2,0.3,13,0.9933333333333333,0.9958584,0.9666666666666665,0.97902226,0.5241040456898127,0.66704035,,,,
max_pinf,N/A,rrg,0.9,0.2,0.3,13,1.0,0.99928284,1.0,0.9964236,0.10879872260030095,0.28037322,,,,
max_pinf,N/A,rrg,1.0,0.2,0.3,13,1.0,0.99989563,1.0,0.9994779,2.8803078733522128e-05,0.040566668,,,,
max_pinf,N/A,rrg,0.0,0.05,0.3,14,0.94,0.95000225,0.0,0.0,12.304899273718512,14.239043,,,,
max_pinf,N/A,rrg,0.1,0.05,0.3,14,0.96,0.9648529,0.3333333333333333,0.3626643,9.656806671355477,9.86479,,,,
max_pinf,N/A,rrg,0.2,0.05,0.3,14,0.97,0.9818701,0.5,0.60317516,8.543116989216806,7.027753,,,,
max_pinf,N/A,rrg,0.30000000000000004,0.05,0.3,14,0.9866666666666667,0.9921586,0.7777777777777783,0.8561412,3.956536902024618,3.9997206,,,,
max_pinf,N/A,rrg,0.4,0.05,0.3,14,1.0,0.9964508,1.0,0.9441485,2.0491122491927496,2.6770077,,,,
max_pinf,N/A,rrg,0.5,0.05,0.3,14,1.0,0.99876213,1.0,0.9797847,1.2862404567318177,1.6741223,,,,
max_pinf,N/A,rrg,0.6000000000000001,0.05,0.3,14,1.0,0.9996697,1.0,0.9945241,1.0570344313807238,1.1464126,,,,
max_pinf,N/A,rrg,0.7000000000000001,0.05,0.3,14,1.0,0.999919,1.0,0.99865127,0.9445803558447153,0.74830735,,,,
max_pinf,N/A,rrg,0.8,0.05,0.3,14,1.0,0.9999542,1.0,0.999237,0.5675802291516732,0.4377129,,,,
max_pinf,N/A,rrg,0.9,0.05,0.3,14,1.0,0.99994016,1.0,0.9990019,0.21044078273041178,0.23908788,,,,
max_pinf,N/A,rrg,1.0,0.05,0.3,14,1.0,0.9999483,1.0,0.9991382,2.899165703191625e-05,0.026749916,,,,
max_pinf,N/A,rrg,0.0,0.1,0.3,14,0.88,0.90000165,0.0,0.0,8.866754501413574,10.708197,,,,
max_pinf,N/A,rrg,0.1,0.1,0.3,14,0.9,0.9183321,0.16666666666666682,0.19671312,6.9829294183004365,7.9716473,,,,
max_pinf,N/A,rrg,0.2,0.1,0.3,14,0.92,0.9425886,0.33333333333333365,0.41062692,5.452143165999029,6.218584,,,,
max_pinf,N/A,rrg,0.30000000000000004,0.1,0.3,14,0.95,0.95863086,0.5833333333333329,0.62853694,3.9678392511567,4.235119,,,,
max_pinf,N/A,rrg,0.4,0.1,0.3,14,0.97,0.97697866,0.7499999999999998,0.79630446,2.5274863878984917,2.8349636,,,,
max_pinf,N/A,rrg,0.5,0.1,0.3,14,0.98,0.987106,0.8333333333333331,0.88578385,1.906152635396107,2.1667402,,,,
max_pinf,N/A,rrg,0.6000000000000001,0.1,0.3,14,0.9933333333333333,0.9928656,0.9444444444444441,0.9407742,1.383229163946817,1.5044042,,,,
max_pinf,N/A,rrg,0.7000000000000001,0.1,0.3,14,1.0,0.99710095,1.0,0.9764082,0.9748503691072229,0.95211405,,,,
max_pinf,N/A,rrg,0.8,0.1,0.3,14,1.0,0.99922556,1.0,0.9935861,0.5049272491409723,0.5162509,,,,
max_pinf,N/A,rrg,0.9,0.1,0.3,14,1.0,0.9998342,1.0,0.9986187,0.16068701016382184,0.2780841,,,,
max_pinf,N/A,rrg,1.0,0.1,0.3,14,1.0,0.9999308,1.0,0.9994231,2.229265128126574e-05,0.036730815,,,,
max_pinf,N/A,rrg,0.0,0.2,0.3,14,0.7666666666666667,0.80000967,0.0,0.0,5.303929225559122,6.8362656,,,,
max_pinf,N/A,rrg,0.1,0.2,0.3,14,0.8,0.8258372,0.14285714285714285,0.16063578,4.625828071638878,5.4744987,,,,
max_pinf,N/A,rrg,0.2,0.2,0.3,14,0.84,0.8596925,0.314285714285714,0.34323597,3.7793463767897704,4.3417807,,,,
max_pinf,N/A,rrg,0.30000000000000004,0.2,0.3,14,0.8666666666666667,0.89013684,0.42857142857142855,0.47648987,3.1928614206536166,3.4811492,,,,
max_pinf,N/A,rrg,0.4,0.2,0.3,14,0.8933333333333333,0.91504496,0.5428571428571427,0.59852755,2.774775736988919,2.7629254,,,,
max_pinf,N/A,rrg,0.5,0.2,0.3,14,0.9166666666666666,0.9390623,0.6428571428571426,0.71108985,2.398050480513567,2.0452514,,,,
max_pinf,N/A,rrg,0.6000000000000001,0.2,0.3,14,0.95,0.961497,0.7857142857142855,0.8264211,1.8429569171980769,1.4962331,,,,
max_pinf,N/A,rrg,0.7000000000000001,0.2,0.3,14,0.97,0.9787136,0.8714285714285713,0.90521485,1.2922053693576678,1.0650462,,,,
max_pinf,N/A,rrg,0.8,0.2,0.3,14,0.99,0.9908414,0.9571428571428571,0.96058935,0.8045334577301475,0.69202495,,,,
max_pinf,N/A,rrg,0.9,0.2,0.3,14,0.9966666666666667,0.99779123,0.9857142857142859,0.9904829,0.2707473252031667,0.3061103,,,,
max_pinf,N/A,rrg,1.0,0.2,0.3,14,1.0,0.999719,1.0,0.9987946,0.00012448869490666782,0.100868024,,,,
max_pinf,N/A,rrg,0.0,0.05,0.3,15,0.94,0.95000225,0.0,0.0,11.790511742437992,14.239043,,,,
max_pinf,N/A,rrg,0.1,0.05,0.3,15,0.9533333333333334,0.9690979,0.22222222222222346,0.30141738,9.825504838805402,10.214001,,,,
max_pinf,N/A,rrg,0.2,0.05,0.3,15,0.97,0.98525655,0.5,0.6704895,7.639144607796,6.1548114,,,,
max_pinf,N/A,rrg,0.30000000000000004,0.05,0.3,15,0.9833333333333333,0.992081,0.7222222222222217,0.84548944,3.9521213305334406,3.65739,,,,
max_pinf,N/A,rrg,0.4,0.05,0.3,15,0.9933333333333333,0.996391,0.8888888888888883,0.93661916,2.5093201160469922,2.3663151,,,,
max_pinf,N/A,rrg,0.5,0.05,0.3,15,1.0,0.9985187,1.0,0.9759056,1.3930695614703519,1.6510007,,,,
max_pinf,N/A,rrg,0.6000000000000001,0.05,0.3,15,1.0,0.9995628,1.0,0.9927655,0.9778918243105946,1.2308611,,,,
max_pinf,N/A,rrg,0.7000000000000001,0.05,0.3,15,1.0,0.9998936,1.0,0.9982294,0.6739018872915226,0.8258416,,,,
max_pinf,N/A,rrg,0.8,0.05,0.3,15,1.0,0.99996,1.0,0.9993335,0.39756898638557064,0.47423387,,,,
max_pinf,N/A,rrg,0.9,0.05,0.3,15,1.0,0.99997485,1.0,0.9995807,0.10367052479724956,0.19468881,,,,
max_pinf,N/A,rrg,1.0,0.05,0.3,15,1.0,0.9999548,1.0,0.9992466,4.257367713472675e-05,0.028933614,,,,
max_pinf,N/A,rrg,0.0,0.1,0.3,15,0.9,0.90000165,0.0,0.0,8.323086202692261,10.708197,,,,
max_pinf,N/A,rrg,0.1,0.1,0.3,15,0.92,0.9160276,0.20000000000000023,0.1923498,6.902681316981559,8.000168,,,,
max_pinf,N/A,rrg,0.2,0.1,0.3,15,0.94,0.9415678,0.39999999999999936,0.40636718,5.540625698913357,6.0349836,,,,
max_pinf,N/A,rrg,0.30000000000000004,0.1,0.3,15,0.9633333333333334,0.96252495,0.6333333333333336,0.6282513,4.161229982199149,4.002202,,,,
max_pinf,N/A,rrg,0.4,0.1,0.3,15,0.9766666666666667,0.9785529,0.7666666666666668,0.78140295,2.1758382738265505,2.9012704,,,,
max_pinf,N/A,rrg,0.5,0.1,0.3,15,0.9833333333333333,0.98818684,0.8333333333333328,0.8758392,1.9160841794440648,2.2085898,,,,
max_pinf,N/A,rrg,0.6000000000000001,0.1,0.3,15,0.9933333333333333,0.9947058,0.9333333333333329,0.9463174,1.1406847742033008,1.4862647,,,,
max_pinf,N/A,rrg,0.7000000000000001,0.1,0.3,15,0.9933333333333333,0.9981691,0.9333333333333329,0.98075485,0.8617604426063781,0.86237955,,,,
max_pinf,N/A,rrg,0.8,0.1,0.3,15,1.0,0.99951845,1.0,0.99520487,0.374513410083623,0.53561896,,,,
max_pinf,N/A,rrg,0.9,0.1,0.3,15,1.0,0.9998948,1.0,0.99894845,0.15396191464477346,0.24602246,,,,
max_pinf,N/A,rrg,1.0,0.1,0.3,15,1.0,0.99993104,1.0,0.9993101,4.1301524977503434e-05,0.036085907,,,,
max_pinf,N/A,rrg,0.0,0.2,0.3,15,0.7966666666666666,0.80000967,0.0,0.0,6.024531265849954,6.8362656,,,,
max_pinf,N/A,rrg,0.1,0.2,0.3,15,0.83,0.8307014,0.16393442622950813,0.16448775,5.061521567222264,5.514714,,,,
max_pinf,N/A,rrg,0.2,0.2,0.3,15,0.8633333333333333,0.8669293,0.32786885245901626,0.33376127,3.8428795168347807,4.633383,,,,
max_pinf,N/A,rrg,0.30000000000000004,0.2,0.3,15,0.9033333333333333,0.8975655,0.5245901639344263,0.5101082,2.8592677622398424,3.3725142,,,,
max_pinf,N/A,rrg,0.4,0.2,0.3,15,0.9333333333333333,0.923007,0.6721311475409837,0.6396358,2.3623821252105284,2.6351686,,,,
max_pinf,N/A,rrg,0.5,0.2,0.3,15,0.9433333333333334,0.9459247,0.7213114754098362,0.73061395,2.1026747694475434,2.1469576,,,,
max_pinf,N/A,rrg,0.6000000000000001,0.2,0.3,15,0.96,0.9662837,0.8032786885245901,0.8288813,1.4406023862479553,1.5643578,,,,
max_pinf,N/A,rrg,0.7000000000000001,0.2,0.3,15,0.98,0.98118263,0.901639344262295,0.90689886,1.157602153773146,1.1550782,,,,
max_pinf,N/A,rrg,0.8,0.2,0.3,15,0.9966666666666667,0.99182904,0.9836065573770494,0.9607342,0.6193540959435991,0.7046769,,,,
max_pinf,N/A,rrg,0.9,0.2,0.3,15,1.0,0.99809873,1.0,0.9907326,0.31195437883084876,0.30988967,,,,
max_pinf,N/A,rrg,1.0,0.2,0.3,15,1.0,0.9999112,1.0,0.9995631,1.767195407874001e-05,0.03952875,,,,
max_pinf,N/A,rrg,0.0,0.05,0.3,16,0.9433333333333334,0.95000225,0.0,0.0,15.175290140316005,14.239043,,,,
max_pinf,N/A,rrg,0.1,0.05,0.3,16,0.96,0.96298766,0.2941176470588226,0.31048742,11.379250618678935,9.552121,,,,
max_pinf,N/A,rrg,0.2,0.05,0.3,16,0.9766666666666667,0.9853888,0.5882352941176472,0.6952475,7.01131607924543,6.5754743,,,,
max_pinf,N/A,rrg,0.30000000000000004,0.05,0.3,16,0.9866666666666667,0.991354,0.7647058823529416,0.8336642,4.416621577841834,4.04147,,,,
max_pinf,N/A,rrg,0.4,0.05,0.3,16,0.9933333333333333,0.99624246,0.8823529411764698,0.93010175,3.239705132574876,2.9608178,,,,
max_pinf,N/A,rrg,0.5,0.05,0.3,16,0.9966666666666667,0.998963,0.9411764705882358,0.9809267,2.4101143005759424,2.0204916,,,,
max_pinf,N/A,rrg,0.6000000000000001,0.05,0.3,16,1.0,0.999729,1.0,0.99523956,1.1602930129285296,1.4171084,,,,
max_pinf,N/A,rrg,0.7000000000000001,0.05,0.3,16,1.0,0.9999217,1.0,0.9986196,0.8360675254608563,0.9358076,,,,
max_pinf,N/A,rrg,0.8,0.05,0.3,16,1.0,0.99997944,1.0,0.9996372,0.42098563699831726,0.5485378,,,,
max_pinf,N/A,rrg,0.9,0.05,0.3,16,1.0,0.9999813,1.0,0.9996697,0.10276237217105652,0.27598506,,,,
max_pinf,N/A,rrg,1.0,0.05,0.3,16,1.0,0.9999652,1.0,0.9993856,6.139819419831071e-05,0.031503752,,,,
max_pinf,N/A,rrg,0.0,0.1,0.3,16,0.8933333333333333,0.90000165,0.0,0.0,9.516506825835775,10.708197,,,,
max_pinf,N/A,rrg,0.1,0.1,0.3,16,0.9233333333333333,0.92220193,0.2812500000000002,0.27828118,7.16570385068171,8.601574,,,,
max_pinf,N/A,rrg,0.2,0.1,0.3,16,0.9466666666666667,0.93991697,0.5,0.47023875,5.558352810580645,6.5628476,,,,
max_pinf,N/A,rrg,0.30000000000000004,0.1,0.3,16,0.96,0.969622,0.6249999999999998,0.6869684,4.793278149751445,5.202732,,,,
max_pinf,N/A,rrg,0.4,0.1,0.3,16,0.9766666666666667,0.98076254,0.7812500000000002,0.8124461,3.7843460432987595,3.5252767,,,,
max_pinf,N/A,rrg,0.5,0.1,0.3,16,0.99,0.9878053,0.9062499999999999,0.8844732,2.3655297580704606,2.3696122,,,,
max_pinf,N/A,rrg,0.6000000000000001,0.1,0.3,16,0.9966666666666667,0.99534035,0.9687500000000003,0.9568506,1.2933095129426522,1.628668,,,,
max_pinf,N/A,rrg,0.7000000000000001,0.1,0.3,16,0.9966666666666667,0.99832416,0.9687500000000003,0.9840398,0.8280084280060009,1.004155,,,,
max_pinf,N/A,rrg,0.8,0.1,0.3,16,0.9966666666666667,0.99961597,0.9687500000000003,0.99629617,0.42474159877127476,0.49641138,,,,
max_pinf,N/A,rrg,0.9,0.1,0.3,16,0.9966666666666667,0.9999416,0.9687500000000003,0.9994349,0.2985945234428789,0.20688546,,,,
max_pinf,N/A,rrg,1.0,0.1,0.3,16,1.0,0.9999588,1.0,0.9996138,8.614414512901882e-06,0.027490944,,,,
max_pinf,N/A,rrg,0.0,0.2,0.3,16,0.7966666666666666,0.80000967,0.0,0.0,6.099524683907714,6.8362656,,,,
max_pinf,N/A,rrg,0.1,0.2,0.3,16,0.8266666666666667,0.8292786,0.14754098360655749,0.14945066,5.246695507304102,5.57364,,,,
max_pinf,N/A,rrg,0.2,0.2,0.3,16,0.8533333333333334,0.8583078,0.2786885245901643,0.2856687,4.8253438068663055,4.446716,,,,
max_pinf,N/A,rrg,0.30000000000000004,0.2,0.3,16,0.8933333333333333,0.8921458,0.47540983606557374,0.4726375,3.7513457822481238,3.4254138,,,,
max_pinf,N/A,rrg,0.4,0.2,0.3,16,0.9233333333333333,0.9224783,0.6229508196721313,0.6203203,2.915959540811133,2.581944,,,,
max_pinf,N/A,rrg,0.5,0.2,0.3,16,0.9466666666666667,0.94817126,0.7377049180327869,0.7431873,2.276771516383218,2.049814,,,,
max_pinf,N/A,rrg,0.6000000000000001,0.2,0.3,16,0.9633333333333334,0.96918374,0.8196721311475412,0.84394294,1.8098099674795087,1.5692176,,,,
max_pinf,N/A,rrg,0.7000000000000001,0.2,0.3,16,0.9833333333333333,0.9825661,0.9180327868852457,0.9145674,1.400869204773001,1.1949515,,,,
max_pinf,N/A,rrg,0.8,0.2,0.3,16,0.99,0.9921649,0.9508196721311475,0.96103615,0.8868234839122712,0.77938443,,,,
max_pinf,N/A,rrg,0.9,0.2,0.3,16,1.0,0.9980257,1.0,0.99037594,0.32942637111758677,0.379155,,,,
max_pinf,N/A,rrg,1.0,0.2,0.3,16,1.0,0.99991274,1.0,0.9995707,3.1966421242400206e-05,0.044095833,,,,
max_pinf,N/A,rrg,0.0,0.05,0.3,17,0.93,0.95000225,0.0,0.0,13.475917168463384,14.239043,,,,
max_pinf,N/A,rrg,0.1,0.05,0.3,17,0.95,0.9648518,0.2857142857142846,0.36265823,9.142023588773112,9.667129,,,,
max_pinf,N/A,rrg,0.2,0.05,0.3,17,0.97,0.9784523,0.5714285714285707,0.64990145,6.4878260377257355,5.8219285,,,,
max_pinf,N/A,rrg,0.30000000000000004,0.05,0.3,17,0.9866666666666667,0.98552203,0.8095238095238098,0.79649884,4.013535240552128,4.0743856,,,,
max_pinf,N/A,rrg,0.4,0.05,0.3,17,0.9933333333333333,0.9933125,0.9047619047619041,0.9044916,3.278340266087334,2.6765592,,,,
max_pinf,N/A,rrg,0.5,0.05,0.3,17,1.0,0.996971,1.0,0.9585227,2.0034883655423594,2.0453568,,,,
max_pinf,N/A,rrg,0.6000000000000001,0.05,0.3,17,1.0,0.99894184,1.0,0.98510736,1.4186631677198318,1.3085209,,,,
max_pinf,N/A,rrg,0.7000000000000001,0.05,0.3,17,1.0,0.99962443,1.0,0.994663,1.1092560683488364,0.91234154,,,,
max_pinf,N/A,rrg,0.8,0.05,0.3,17,1.0,0.99991006,1.0,0.9987164,0.8619638287736895,0.52621996,,,,
max_pinf,N/A,rrg,0.9,0.05,0.3,17,1.0,0.99997896,1.0,0.9996994,0.30115906055100683,0.25174004,,,,
max_pinf,N/A,rrg,1.0,0.05,0.3,17,1.0,0.99997234,1.0,0.9996049,1.1054213947013862e-05,0.023422994,,,,
max_pinf,N/A,rrg,0.0,0.1,0.3,17,0.9066666666666666,0.90000165,0.0,0.0,11.88228533720103,10.708197,,,,
max_pinf,N/A,rrg,0.1,0.1,0.3,17,0.9266666666666666,0.9272176,0.21428571428571436,0.25021797,8.106428907678186,7.8816013,,,,
max_pinf,N/A,rrg,0.2,0.1,0.3,17,0.96,0.9545809,0.5714285714285713,0.5400703,6.507351342703021,5.7396965,,,,
max_pinf,N/A,rrg,0.30000000000000004,0.1,0.3,17,0.9733333333333334,0.9708917,0.714285714285715,0.69607544,5.171387607179981,4.667293,,,,
max_pinf,N/A,rrg,0.4,0.1,0.3,17,0.98,0.9847815,0.7857142857142856,0.82813954,3.323079959628891,3.419167,,,,
max_pinf,N/A,rrg,0.5,0.1,0.3,17,0.9933333333333333,0.991132,0.9285714285714282,0.9071743,1.9264562608265516,2.4295092,,,,
max_pinf,N/A,rrg,0.6000000000000001,0.1,0.3,17,1.0,0.99643147,1.0,0.96317315,1.1682167864443465,1.5690986,,,,
max_pinf,N/A,rrg,0.7000000000000001,0.1,0.3,17,1.0,0.9991016,1.0,0.9904651,0.7290374624748432,0.82913506,,,,
max_pinf,N/A,rrg,0.8,0.1,0.3,17,1.0,0.99984723,1.0,0.9983656,0.5192356214810938,0.49312684,,,,
max_pinf,N/A,rrg,0.9,0.1,0.3,17,1.0,0.9999644,1.0,0.99961877,0.13481981507505683,0.22792439,,,,
max_pinf,N/A,rrg,1.0,0.1,0.3,17,1.0,0.99995893,1.0,0.9995599,5.754200251380578e-05,0.034370832,,,,
max_pinf,N/A,rrg,0.0,0.2,0.3,17,0.81,0.80000967,0.0,0.0,8.295219488099303,6.8362656,,,,
max_pinf,N/A,rrg,0.1,0.2,0.3,17,0.83,0.83953136,0.10526315789473638,0.11081896,6.5312690169695635,6.2028403,,,,
max_pinf,N/A,rrg,0.2,0.2,0.3,17,0.8666666666666667,0.8786011,0.2982456140350877,0.32189742,5.398939297000319,5.103584,,,,
max_pinf,N/A,rrg,0.30000000000000004,0.2,0.3,17,0.8966666666666666,0.9024537,0.45614035087719257,0.47046396,4.438751098909761,4.1858335,,,,
max_pinf,N/A,rrg,0.4,0.2,0.3,17,0.93,0.9334357,0.6315789473684212,0.6432041,3.0066491815429353,3.3612206,,,,
max_pinf,N/A,rrg,0.5,0.2,0.3,17,0.9666666666666667,0.955082,0.8245614035087719,0.77716684,2.422117567529396,2.5512724,,,,
max_pinf,N/A,rrg,0.6000000000000001,0.2,0.3,17,0.9866666666666667,0.9736612,0.9298245614035089,0.8702428,1.592766582826526,1.9493746,,,,
max_pinf,N/A,rrg,0.7000000000000001,0.2,0.3,17,0.9933333333333333,0.98845094,0.9649122807017542,0.9407263,1.081353514693437,1.2293233,,,,
max_pinf,N/A,rrg,0.8,0.2,0.3,17,1.0,0.9963114,1.0,0.9809478,0.6544965329453657,0.7379621,,,,
max_pinf,N/A,rrg,0.9,0.2,0.3,17,1.0,0.99937034,1.0,0.9966953,0.15618493557042348,0.29756078,,,,
max_pinf,N/A,rrg,1.0,0.2,0.3,17,1.0,0.9998916,1.0,0.9994291,3.532537068208467e-05,0.044781685,,,,
max_pinf,N/A,rrg,0.0,0.05,0.3,18,0.95,0.95000225,0.0,0.0,13.536288408443445,14.239043,,,,
max_pinf,N/A,rrg,0.1,0.05,0.3,18,0.9666666666666667,0.9601609,0.3333333333333341,0.29494607,10.04478480933509,9.807927,,,,
max_pinf,N/A,rrg,0.2,0.05,0.3,18,0.9766666666666667,0.9741296,0.5333333333333341,0.5075781,6.826084283041856,6.7046,,,,
max_pinf,N/A,rrg,0.30000000000000004,0.05,0.3,18,0.9933333333333333,0.98644716,0.8666666666666659,0.7617551,4.087965948785632,4.481665,,,,
max_pinf,N/A,rrg,0.4,0.05,0.3,18,0.9933333333333333,0.99576277,0.8666666666666659,0.9109272,3.1915142481682732,2.66196,,,,
max_pinf,N/A,rrg,0.5,0.05,0.3,18,0.9966666666666667,0.99858385,0.9333333333333341,0.9705475,1.8947413661816943,1.8822663,,,,
max_pinf,N/A,rrg,0.6000000000000001,0.05,0.3,18,1.0,0.99960315,1.0,0.99212515,1.246529717994702,1.3781549,,,,
max_pinf,N/A,rrg,0.7000000000000001,0.05,0.3,18,1.0,0.99990416,1.0,0.9980866,0.794949979251836,0.9464726,,,,
max_pinf,N/A,rrg,0.8,0.05,0.3,18,1.0,0.999966,1.0,0.9993207,0.48144678252757844,0.5728787,,,,
max_pinf,N/A,rrg,0.9,0.05,0.3,18,1.0,0.99998444,1.0,0.99968886,0.17892597365688198,0.25411287,,,,
max_pinf,N/A,rrg,1.0,0.05,0.3,18,1.0,0.99997294,1.0,0.9994587,1.6517788295070846e-05,0.023148788,,,,
max_pinf,N/A,rrg,0.0,0.1,0.3,18,0.8966666666666666,0.90000165,0.0,0.0,10.236448632628989,10.708197,,,,
max_pinf,N/A,rrg,0.1,0.1,0.3,18,0.92,0.9237805,0.22580645161290402,0.23437802,8.172934868467683,7.957484,,,,
max_pinf,N/A,rrg,0.2,0.1,0.3,18,0.95,0.9468493,0.5161290322580644,0.50085616,5.771106441077374,5.7615967,,,,
max_pinf,N/A,rrg,0.30000000000000004,0.1,0.3,18,0.9666666666666667,0.9670682,0.67741935483871,0.6800604,4.588919906536581,4.5709696,,,,
max_pinf,N/A,rrg,0.4,0.1,0.3,18,0.9766666666666667,0.97682595,0.7741935483870971,0.7851277,3.757231989183897,3.4252856,,,,
max_pinf,N/A,rrg,0.5,0.1,0.3,18,0.99,0.98843396,0.9032258064516129,0.88973874,2.4670262241447616,2.3261292,,,,
max_pinf,N/A,rrg,0.6000000000000001,0.1,0.3,18,0.9933333333333333,0.9949052,0.9354838709677415,0.9499301,2.060155959580376,1.6634055,,,,
max_pinf,N/A,rrg,0.7000000000000001,0.1,0.3,18,1.0,0.99809766,1.0,0.98192084,0.9839691340436417,1.0444405,,,,
max_pinf,N/A,rrg,0.8,0.1,0.3,18,1.0,0.99952036,1.0,0.9953775,0.5355865024861689,0.5501237,,,,
max_pinf,N/A,rrg,0.9,0.1,0.3,18,1.0,0.9999158,1.0,0.9991852,0.25000576265711044,0.24299711,,,,
max_pinf,N/A,rrg,1.0,0.1,0.3,18,1.0,0.99993753,1.0,0.99939525,3.3614921264000356e-05,0.034428414,,,,
max_pinf,N/A,rrg,0.0,0.2,0.3,18,0.7666666666666667,0.80000967,0.0,0.0,6.556733536675657,6.8362656,,,,
max_pinf,N/A,rrg,0.1,0.2,0.3,18,0.81,0.82808185,0.18571428571428575,0.20129971,5.546944678875644,5.3478475,,,,
max_pinf,N/A,rrg,0.2,0.2,0.3,18,0.8466666666666667,0.8648718,0.34285714285714275,0.37186027,4.153756623568149,4.1870956,,,,
max_pinf,N/A,rrg,0.30000000000000004,0.2,0.3,18,0.8766666666666667,0.8880833,0.4714285714285715,0.49567077,3.632023431827004,3.3904047,,,,
max_pinf,N/A,rrg,0.4,0.2,0.3,18,0.9133333333333333,0.9131818,0.6285714285714284,0.6281447,3.0491632416525527,2.6810303,,,,
max_pinf,N/A,rrg,0.5,0.2,0.3,18,0.9433333333333334,0.94016886,0.7571428571428572,0.74700326,2.3378565106556795,2.1755478,,,,
max_pinf,N/A,rrg,0.6000000000000001,0.2,0.3,18,0.9633333333333334,0.9636412,0.842857142857143,0.8439584,1.7875194968031967,1.7886243,,,,
max_pinf,N/A,rrg,0.7000000000000001,0.2,0.3,18,0.9833333333333333,0.9804653,0.9285714285714284,0.9172826,1.3668720481698093,1.270201,,,,
max_pinf,N/A,rrg,0.8,0.2,0.3,18,0.9933333333333333,0.9921755,0.9714285714285712,0.9666259,0.9825819181825204,0.7569373,,,,
max_pinf,N/A,rrg,0.9,0.2,0.3,18,1.0,0.9984448,1.0,0.993374,0.22859690601350707,0.3427286,,,,
max_pinf,N/A,rrg,1.0,0.2,0.3,18,1.0,0.9999002,1.0,0.9995722,2.3700850129055822e-05,0.04438811,,,,
max_pinf,N/A,rrg,0.0,0.05,0.3,19,0.9333333333333333,0.95000225,0.0,0.0,13.364104456111903,14.239043,,,,
max_pinf,N/A,rrg,0.1,0.05,0.3,19,0.9566666666666667,0.9621572,0.3499999999999998,0.38141027,8.596141435426738,9.352199,,,,
max_pinf,N/A,rrg,0.2,0.05,0.3,19,0.9766666666666667,0.98139626,0.6500000000000001,0.6996337,5.122764862899274,6.3892317,,,,
max_pinf,N/A,rrg,0.30000000000000004,0.05,0.3,19,0.99,0.9905201,0.8499999999999999,0.85668343,3.2356775144992254,4.021269,,,,
max_pinf,N/A,rrg,0.4,0.05,0.3,19,0.9966666666666667,0.9957723,0.9500000000000005,0.9374238,2.172438240147107,2.6584356,,,,
max_pinf,N/A,rrg,0.5,0.05,0.3,19,1.0,0.9982064,1.0,0.9738003,1.7182411975369019,1.7949898,,,,
max_pinf,N/A,rrg,0.6000000000000001,0.05,0.3,19,1.0,0.9994609,1.0,0.9919777,1.3995113311087553,1.140583,,,,
max_pinf,N/A,rrg,0.7000000000000001,0.05,0.3,19,1.0,0.99984354,1.0,0.9976584,1.0544562377425162,0.7638132,,,,
max_pinf,N/A,rrg,0.8,0.05,0.3,19,1.0,0.9999477,1.0,0.99921626,0.5921810019195068,0.4886905,,,,
max_pinf,N/A,rrg,0.9,0.05,0.3,19,1.0,0.99998003,1.0,0.9997005,0.33738185058424963,0.2943363,,,,
max_pinf,N/A,rrg,1.0,0.05,0.3,19,1.0,0.9999676,1.0,0.9995135,1.5389207681017174e-05,0.023861885,,,,
max_pinf,N/A,rrg,0.0,0.1,0.3,19,0.8966666666666666,0.90000165,0.0,0.0,10.684730869681905,10.708197,,,,
max_pinf,N/A,rrg,0.1,0.1,0.3,19,0.9233333333333333,0.9304749,0.2580645161290327,0.27722195,8.54171576762177,7.7984343,,,,
max_pinf,N/A,rrg,0.2,0.1,0.3,19,0.9466666666666667,0.9543663,0.48387096774193566,0.52282786,6.623576069871868,5.845881,,,,
max_pinf,N/A,rrg,0.30000000000000004,0.1,0.3,19,0.9633333333333334,0.97197723,0.6451612903225812,0.7040547,5.31267207396563,4.296155,,,,
max_pinf,N/A,rrg,0.4,0.1,0.3,19,0.9733333333333334,0.9815497,0.7419354838709684,0.80602336,3.6938033724332717,3.0507755,,,,
max_pinf,N/A,rrg,0.5,0.1,0.3,19,0.98,0.9909943,0.8064516129032258,0.9024689,3.297381967926688,2.1632707,,,,
max_pinf,N/A,rrg,0.6000000000000001,0.1,0.3,19,0.9933333333333333,0.9959253,0.9354838709677415,0.95954907,2.0137816203124217,1.5025631,,,,
max_pinf,N/A,rrg,0.7000000000000001,0.1,0.3,19,0.9966666666666667,0.99848837,0.9677419354838713,0.9851058,1.258133598338044,0.99460715,,,,
max_pinf,N/A,rrg,0.8,0.1,0.3,19,0.9966666666666667,0.9996328,0.9677419354838713,0.99633974,0.8266445572716639,0.5919193,,,,
max_pinf,N/A,rrg,0.9,0.1,0.3,19,0.9966666666666667,0.999911,0.9677419354838713,0.9991102,0.5183859563273387,0.2803059,,,,
max_pinf,N/A,rrg,1.0,0.1,0.3,19,1.0,0.99990845,1.0,0.99911344,8.257362203541738e-05,0.04092112,,,,
max_pinf,N/A,rrg,0.0,0.2,0.3,19,0.83,0.80000967,0.0,0.0,7.674842467263426,6.8362656,,,,
max_pinf,N/A,rrg,0.1,0.2,0.3,19,0.8566666666666667,0.8396256,0.15686274509803955,0.14256532,6.057715129455434,5.974304,,,,
max_pinf,N/A,rrg,0.2,0.2,0.3,19,0.8966666666666666,0.871693,0.39215686274509787,0.34191588,5.294567247333138,4.5251493,,,,
max_pinf,N/A,rrg,0.30000000000000004,0.2,0.3,19,0.9166666666666666,0.9088091,0.5098039215686273,0.48727614,4.301108295116124,3.811433,,,,
max_pinf,N/A,rrg,0.4,0.2,0.3,19,0.95,0.94076437,0.7058823529411763,0.669505,3.178034916334075,3.233519,,,,
max_pinf,N/A,rrg,0.5,0.2,0.3,19,0.98,0.9592118,0.8823529411764706,0.78620493,2.4139345378212944,2.4123764,,,,
max_pinf,N/A,rrg,0.6000000000000001,0.2,0.3,19,0.9933333333333333,0.9726564,0.96078431372549,0.8565867,1.6149062172569995,1.8252926,,,,
max_pinf,N/A,rrg,0.7000000000000001,0.2,0.3,19,0.9966666666666667,0.98687613,0.9803921568627453,0.9269943,1.2291625772268617,1.2841917,,,,
max_pinf,N/A,rrg,0.8,0.2,0.3,19,1.0,0.99543864,1.0,0.97386384,0.5437074418053229,0.7462046,,,,
max_pinf,N/A,rrg,0.9,0.2,0.3,19,1.0,0.9992742,1.0,0.99574697,0.260100886593969,0.29790303,,,,
max_pinf,N/A,rrg,1.0,0.2,0.3,19,1.0,0.99991834,1.0,0.99951947,3.197394202488032e-05,0.042532716,,,,
max_entropy,N/A,rrg,0.0,0.05,0.3,0,0.9466666666666667,0.95000225,0.0,0.0,14.679533100927983,14.239043,,,,
max_entropy,N/A,rrg,0.1,0.05,0.3,0,0.9666666666666667,0.96863467,0.3750000000000003,0.38936815,10.141485208333586,9.665779,,,,
max_entropy,N/A,rrg,0.2,0.05,0.3,0,0.9866666666666667,0.9804326,0.7500000000000006,0.67150867,7.040391240889982,6.232688,,,,
max_entropy,N/A,rrg,0.30000000000000004,0.05,0.3,0,0.9933333333333333,0.99183786,0.8749999999999992,0.8511341,3.3045074662072853,4.0082536,,,,
max_entropy,N/A,rrg,0.4,0.05,0.3,0,1.0,0.99575967,1.0,0.9263491,2.4003435497713035,2.7698226,,,,
max_entropy,N/A,rrg,0.5,0.05,0.3,0,1.0,0.9984741,1.0,0.97218525,1.7194781517906965,1.8929135,,,,
max_entropy,N/A,rrg,0.6000000000000001,0.05,0.3,0,1.0,0.99961627,1.0,0.99285626,1.283515641504715,1.353397,,,,
max_entropy,N/A,rrg,0.7000000000000001,0.05,0.3,0,1.0,0.99991316,1.0,0.9983742,0.9630040286644692,0.91403097,,,,
max_entropy,N/A,rrg,0.8,0.05,0.3,0,1.0,0.999977,1.0,0.99956876,0.5172261898380169,0.6166277,,,,
max_entropy,N/A,rrg,0.9,0.05,0.3,0,1.0,0.9999856,1.0,0.9997296,0.21531429472112532,0.31565195,,,,
max_entropy,N/A,rrg,1.0,0.05,0.3,0,1.0,0.99997437,1.0,0.9995194,0.0001987004093447272,0.03799755,,,,
max_entropy,N/A,rrg,0.0,0.1,0.3,0,0.9066666666666666,0.90000165,0.0,0.0,14.177365175635884,10.708197,,,,
max_entropy,N/A,rrg,0.1,0.1,0.3,0,0.9433333333333334,0.917582,0.3928571428571434,0.30789214,12.520002622543592,7.4209895,,,,
max_entropy,N/A,rrg,0.2,0.1,0.3,0,0.9566666666666667,0.95247704,0.5357142857142859,0.51269895,8.139877295354339,6.1464634,,,,
max_entropy,N/A,rrg,0.30000000000000004,0.1,0.3,0,0.98,0.974658,0.7857142857142856,0.743178,4.4623317206784465,4.6932864,,,,
max_entropy,N/A,rrg,0.4,0.1,0.3,0,0.9933333333333333,0.9883502,0.9285714285714282,0.88150686,2.8840584428794167,3.286151,,,,
max_entropy,N/A,rrg,0.5,0.1,0.3,0,1.0,0.99394655,1.0,0.93909127,1.5941117084087277,2.381141,,,,
max_entropy,N/A,rrg,0.6000000000000001,0.1,0.3,0,1.0,0.9975718,1.0,0.97464293,1.2275504524195848,1.5935142,,,,
max_entropy,N/A,rrg,0.7000000000000001,0.1,0.3,0,1.0,0.9994571,1.0,0.99421656,0.7447005233744984,0.9318937,,,,
max_entropy,N/A,rrg,0.8,0.1,0.3,0,1.0,0.9998926,1.0,0.99885035,0.30247515368250094,0.54224926,,,,
max_entropy,N/A,rrg,0.9,0.1,0.3,0,1.0,0.9999699,1.0,0.9996775,0.08042260156465489,0.24419078,,,,
max_entropy,N/A,rrg,1.0,0.1,0.3,0,1.0,0.9999583,1.0,0.99955285,1.277706546871357e-05,0.026057271,,,,
max_entropy,N/A,rrg,0.0,0.2,0.3,0,0.79,0.80000967,0.0,0.0,7.129762867247152,6.8362656,,,,
max_entropy,N/A,rrg,0.1,0.2,0.3,0,0.8233333333333334,0.8263866,0.15873015873015872,0.16105957,6.11195669449408,5.6675205,,,,
max_entropy,N/A,rrg,0.2,0.2,0.3,0,0.8466666666666667,0.85730135,0.26984126984126977,0.28841642,5.132940148507009,4.8806553,,,,
max_entropy,N/A,rrg,0.30000000000000004,0.2,0.3,0,0.8733333333333333,0.8813763,0.3968253968253965,0.4154968,4.35459835103296,3.965328,,,,
max_entropy,N/A,rrg,0.4,0.2,0.3,0,0.91,0.91529197,0.5714285714285715,0.5861769,3.4751103810775725,3.1888895,,,,
max_entropy,N/A,rrg,0.5,0.2,0.3,0,0.93,0.9427061,0.6666666666666669,0.7095925,2.66993785892064,2.465745,,,,
max_entropy,N/A,rrg,0.6000000000000001,0.2,0.3,0,0.9566666666666667,0.9629397,0.7936507936507936,0.8180752,2.1556758881537137,1.8466209,,,,
max_entropy,N/A,rrg,0.7000000000000001,0.2,0.3,0,0.9733333333333334,0.9812207,0.8730158730158732,0.90707064,1.6634112393948863,1.239402,,,,
max_entropy,N/A,rrg,0.8,0.2,0.3,0,0.9866666666666667,0.9929293,0.9365079365079366,0.9651839,0.8651860715119155,0.7236152,,,,
max_entropy,N/A,rrg,0.9,0.2,0.3,0,1.0,0.9987017,1.0,0.9938529,0.49814458574014053,0.3368408,,,,
max_entropy,N/A,rrg,1.0,0.2,0.3,0,1.0,0.9999008,1.0,0.9995275,3.1701397190913006e-05,0.045331568,,,,
max_entropy,N/A,rrg,0.0,0.05,0.3,1,0.9633333333333334,0.95000225,0.0,0.0,17.008640150234218,14.239043,,,,
max_entropy,N/A,rrg,0.1,0.05,0.3,1,0.98,0.98359174,0.4545454545454534,0.50390786,8.755796241646227,9.206592,,,,
max_entropy,N/A,rrg,0.2,0.05,0.3,1,0.9933333333333333,0.9895882,0.8181818181818168,0.74235725,5.577518854912586,6.118268,,,,
max_entropy,N/A,rrg,0.30000000000000004,0.05,0.3,1,1.0,0.99748313,1.0,0.9357673,2.1532214565327856,3.5938616,,,,
max_entropy,N/A,rrg,0.4,0.05,0.3,1,1.0,0.99917054,1.0,0.97787887,1.7202270562127433,2.4241827,,,,
max_entropy,N/A,rrg,0.5,0.05,0.3,1,1.0,0.9997852,1.0,0.9941755,1.1810321138374185,1.7744437,,,,
max_entropy,N/A,rrg,0.6000000000000001,0.05,0.3,1,1.0,0.9999479,1.0,0.99858123,0.6750484065104096,1.2131122,,,,
max_entropy,N/A,rrg,0.7000000000000001,0.05,0.3,1,1.0,0.99998575,1.0,0.9996116,0.44706593387127347,0.8678032,,,,
max_entropy,N/A,rrg,0.8,0.05,0.3,1,1.0,0.9999931,1.0,0.9998115,0.2813370094827823,0.4849438,,,,
max_entropy,N/A,rrg,0.9,0.05,0.3,1,1.0,0.99999124,1.0,0.99976104,0.17043000536140898,0.25882655,,,,
max_entropy,N/A,rrg,1.0,0.05,0.3,1,1.0,0.99998313,1.0,0.99954,0.00018378124149778037,0.022672907,,,,
max_entropy,N/A,rrg,0.0,0.1,0.3,1,0.87,0.90000165,0.0,0.0,14.190203866711526,10.708197,,,,
max_entropy,N/A,rrg,0.1,0.1,0.3,1,0.9,0.9335018,0.23076923076923098,0.31088507,10.389909239717069,8.444195,,,,
max_entropy,N/A,rrg,0.2,0.1,0.3,1,0.93,0.9511418,0.46153846153846195,0.55117565,8.539852464110082,5.6196885,,,,
max_entropy,N/A,rrg,0.30000000000000004,0.1,0.3,1,0.95,0.9675106,0.6153846153846151,0.7111769,7.736204051234533,4.5829487,,,,
max_entropy,N/A,rrg,0.4,0.1,0.3,1,0.9633333333333334,0.98300445,0.7179487179487183,0.8459549,5.655101807470257,3.439209,,,,
max_entropy,N/A,rrg,0.5,0.1,0.3,1,0.9833333333333333,0.98856366,0.8717948717948714,0.9067499,3.7109319847401716,2.4767737,,,,
max_entropy,N/A,rrg,0.6000000000000001,0.1,0.3,1,0.9966666666666667,0.9957883,0.9743589743589747,0.96781766,1.6483671732250493,1.6190188,,,,
max_entropy,N/A,rrg,0.7000000000000001,0.1,0.3,1,1.0,0.9986303,1.0,0.9895723,0.8358054458744616,1.1131684,,,,
max_entropy,N/A,rrg,0.8,0.1,0.3,1,1.0,0.9997883,1.0,0.9983737,0.4787128552196261,0.69155383,,,,
max_entropy,N/A,rrg,0.9,0.1,0.3,1,1.0,0.9999475,1.0,0.99959606,0.1765460022760924,0.32946858,,,,
max_entropy,N/A,rrg,1.0,0.1,0.3,1,1.0,0.99992776,1.0,0.99944407,2.9561583723472333e-05,0.038991656,,,,
max_entropy,N/A,rrg,0.0,0.2,0.3,1,0.84,0.80000967,0.0,0.0,6.54560967281966,6.8362656,,,,
max_entropy,N/A,rrg,0.1,0.2,0.3,1,0.8633333333333333,0.82679766,0.1458333333333332,0.118714765,5.49327397312474,5.7129197,,,,
max_entropy,N/A,rrg,0.2,0.2,0.3,1,0.8933333333333333,0.86362,0.3333333333333333,0.28110966,4.185555655224192,4.854173,,,,
max_entropy,N/A,rrg,0.30000000000000004,0.2,0.3,1,0.92,0.89062095,0.5000000000000003,0.4224228,3.8692821759973457,3.9156168,,,,
max_entropy,N/A,rrg,0.4,0.2,0.3,1,0.9466666666666667,0.92159873,0.6666666666666666,0.5763539,3.1677861773492886,3.015441,,,,
max_entropy,N/A,rrg,0.5,0.2,0.3,1,0.97,0.9472776,0.8124999999999999,0.71145207,2.747591787966697,2.2705722,,,,
max_entropy,N/A,rrg,0.6000000000000001,0.2,0.3,1,0.9733333333333334,0.97206444,0.8333333333333337,0.82676953,1.8329211657138278,1.8055083,,,,
max_entropy,N/A,rrg,0.7000000000000001,0.2,0.3,1,0.9866666666666667,0.9874538,0.9166666666666669,0.92115,1.009430299380407,1.1572489,,,,
max_entropy,N/A,rrg,0.8,0.2,0.3,1,0.9966666666666667,0.9950285,0.9791666666666669,0.9692371,0.6022188744838415,0.6904211,,,,
max_entropy,N/A,rrg,0.9,0.2,0.3,1,1.0,0.9989732,1.0,0.99362105,0.13019568371346638,0.25579605,,,,
max_entropy,N/A,rrg,1.0,0.2,0.3,1,1.0,0.99993044,1.0,0.9995651,1.4085479827543693e-05,0.036529604,,,,
max_entropy,N/A,rrg,0.0,0.05,0.3,2,0.9233333333333333,0.95000225,0.0,0.0,13.053808772569015,14.239043,,,,
max_entropy,N/A,rrg,0.1,0.05,0.3,2,0.9466666666666667,0.9601882,0.3043478260869563,0.369513,10.005966178825044,9.130458,,,,
max_entropy,N/A,rrg,0.2,0.05,0.3,2,0.9633333333333334,0.9747931,0.5217391304347831,0.6134316,6.8562772327483605,5.704335,,,,
max_entropy,N/A,rrg,0.30000000000000004,0.05,0.3,2,0.98,0.9872101,0.7391304347826084,0.81585646,3.9582060590982975,3.799917,,,,
max_entropy,N/A,rrg,0.4,0.05,0.3,2,0.98,0.9929254,0.7391304347826084,0.88901025,3.2506983111661913,2.7736807,,,,
max_entropy,N/A,rrg,0.5,0.05,0.3,2,0.99,0.9964926,0.8695652173913042,0.950017,1.9307405720979443,1.8499048,,,,
max_entropy,N/A,rrg,0.6000000000000001,0.05,0.3,2,0.9933333333333333,0.9988425,0.913043478260869,0.9837315,1.5825941988213907,1.2994871,,,,
max_entropy,N/A,rrg,0.7000000000000001,0.05,0.3,2,1.0,0.99963564,1.0,0.99526894,0.9767578965788232,0.80245036,,,,
max_entropy,N/A,rrg,0.8,0.05,0.3,2,1.0,0.9998978,1.0,0.99866736,0.3937059063617787,0.50647527,,,,
max_entropy,N/A,rrg,0.9,0.05,0.3,2,1.0,0.99995714,1.0,0.99944085,0.20139946222848945,0.25966218,,,,
max_entropy,N/A,rrg,1.0,0.05,0.3,2,1.0,0.9999294,1.0,0.9990788,3.564151025699396e-05,0.032112803,,,,
max_entropy,N/A,rrg,0.0,0.1,0.3,2,0.87,0.90000165,0.0,0.0,8.982591560434571,10.708197,,,,
max_entropy,N/A,rrg,0.1,0.1,0.3,2,0.9033333333333333,0.91973776,0.25641025641025633,0.29343364,7.228449255148252,7.693309,,,,
max_entropy,N/A,rrg,0.2,0.1,0.3,2,0.9333333333333333,0.9428465,0.48717948717948734,0.52564186,5.4128936853606415,5.5097384,,,,
max_entropy,N/A,rrg,0.30000000000000004,0.1,0.3,2,0.9466666666666667,0.9655759,0.5897435897435896,0.6901248,4.602269750053234,4.264834,,,,
max_entropy,N/A,rrg,0.4,0.1,0.3,2,0.9666666666666667,0.9764861,0.7435897435897436,0.8043433,3.3245947798302558,3.2447977,,,,
max_entropy,N/A,rrg,0.5,0.1,0.3,2,0.98,0.9865128,0.846153846153846,0.8907761,2.1295751630123836,2.2124584,,,,
max_entropy,N/A,rrg,0.6000000000000001,0.1,0.3,2,0.9866666666666667,0.9930231,0.8974358974358976,0.94357044,1.5057492134165344,1.6216254,,,,
max_entropy,N/A,rrg,0.7000000000000001,0.1,0.3,2,0.9966666666666667,0.9966616,0.9743589743589747,0.97431916,0.7049710646666829,1.0746173,,,,
max_entropy,N/A,rrg,0.8,0.1,0.3,2,1.0,0.9989805,1.0,0.99221635,0.35558961130840916,0.591906,,,,
max_entropy,N/A,rrg,0.9,0.1,0.3,2,1.0,0.99983644,1.0,0.99874306,0.15688538298954308,0.25526208,,,,
max_entropy,N/A,rrg,1.0,0.1,0.3,2,1.0,0.9999502,1.0,0.9996166,1.798533221847431e-05,0.033110797,,,,
max_entropy,N/A,rrg,0.0,0.2,0.3,2,0.7933333333333333,0.80000967,0.0,0.0,7.283347547804401,6.8362656,,,,
max_entropy,N/A,rrg,0.1,0.2,0.3,2,0.83,0.8299121,0.17741935483870946,0.17732911,6.159513296579788,5.6229086,,,,
max_entropy,N/A,rrg,0.2,0.2,0.3,2,0.8633333333333333,0.8634711,0.3387096774193546,0.3389226,4.961387677583668,4.556109,,,,
max_entropy,N/A,rrg,0.30000000000000004,0.2,0.3,2,0.9066666666666666,0.8862842,0.5483870967741933,0.49913365,4.594976325352447,3.3576021,,,,
max_entropy,N/A,rrg,0.4,0.2,0.3,2,0.93,0.92073506,0.6612903225806454,0.6329056,3.3155699198561996,2.8666427,,,,
max_entropy,N/A,rrg,0.5,0.2,0.3,2,0.96,0.9456321,0.8064516129032256,0.75402087,2.998202311218045,2.3203504,,,,
max_entropy,N/A,rrg,0.6000000000000001,0.2,0.3,2,0.9766666666666667,0.96713835,0.8870967741935485,0.8479872,2.3039376401172795,1.7921871,,,,
max_entropy,N/A,rrg,0.7000000000000001,0.2,0.3,2,0.98,0.98505,0.9032258064516128,0.9258351,1.21549749428049,1.1458542,,,,
max_entropy,N/A,rrg,0.8,0.2,0.3,2,0.9933333333333333,0.99431866,0.9677419354838708,0.97236645,0.711319251301876,0.7234101,,,,
max_entropy,N/A,rrg,0.9,0.2,0.3,2,1.0,0.99911356,1.0,0.9957273,0.3866377911706931,0.30031514,,,,
max_entropy,N/A,rrg,1.0,0.2,0.3,2,1.0,0.9998999,1.0,0.9995156,3.445265754158459e-05,0.045765076,,,,
max_entropy,N/A,rrg,0.0,0.05,0.3,3,0.9466666666666667,0.95000225,0.0,0.0,12.221326186662033,14.239043,,,,
max_entropy,N/A,rrg,0.1,0.05,0.3,3,0.96,0.9657947,0.24999999999999947,0.33226362,7.605832957419872,9.309453,,,,
max_entropy,N/A,rrg,0.2,0.05,0.3,3,0.99,0.9823583,0.8124999999999999,0.7106726,4.050825407076831,5.2578125,,,,
max_entropy,N/A,rrg,0.30000000000000004,0.05,0.3,3,0.99,0.99093527,0.8124999999999999,0.8270018,3.382533089920948,3.7465885,,,,
max_entropy,N/A,rrg,0.4,0.05,0.3,3,0.9966666666666667,0.99648184,0.9375000000000007,0.9342619,1.8984726267599437,2.5200558,,,,
max_entropy,N/A,rrg,0.5,0.05,0.3,3,1.0,0.9988009,1.0,0.9780103,1.4357541220060062,1.769727,,,,
max_entropy,N/A,rrg,0.6000000000000001,0.05,0.3,3,1.0,0.99958575,1.0,0.9922923,1.0641153762386166,1.3177022,,,,
max_entropy,N/A,rrg,0.7000000000000001,0.05,0.3,3,1.0,0.9998995,1.0,0.9981191,0.9208050854895983,0.8335708,,,,
max_entropy,N/A,rrg,0.8,0.05,0.3,3,1.0,0.99997175,1.0,0.9994705,0.4050182693916677,0.49252242,,,,
max_entropy,N/A,rrg,0.9,0.05,0.3,3,1.0,0.9999849,1.0,0.99971724,0.21631342301947712,0.24732237,,,,
max_entropy,N/A,rrg,1.0,0.05,0.3,3,1.0,0.9999751,1.0,0.99953276,7.69704327706859e-05,0.027461035,,,,
max_entropy,N/A,rrg,0.0,0.1,0.3,3,0.92,0.90000165,0.0,0.0,10.755400446008911,10.708197,,,,
max_entropy,N/A,rrg,0.1,0.1,0.3,3,0.9433333333333334,0.91733396,0.29166666666666663,0.22012255,8.521787445497182,7.711664,,,,
max_entropy,N/A,rrg,0.2,0.1,0.3,3,0.9633333333333334,0.94572675,0.541666666666667,0.44395652,5.6221898084112905,5.6436443,,,,
max_entropy,N/A,rrg,0.30000000000000004,0.1,0.3,3,0.9733333333333334,0.9663327,0.6666666666666672,0.61302114,4.850378483672098,4.426836,,,,
max_entropy,N/A,rrg,0.4,0.1,0.3,3,0.99,0.9818049,0.8749999999999998,0.79369426,3.7200341056352304,3.2626793,,,,
max_entropy,N/A,rrg,0.5,0.1,0.3,3,0.99,0.9905363,0.8749999999999998,0.8809032,2.745633978480781,2.377918,,,,
max_entropy,N/A,rrg,0.6000000000000001,0.1,0.3,3,0.9933333333333333,0.99586576,0.9166666666666661,0.9466309,2.390600319955267,1.6848831,,,,
max_entropy,N/A,rrg,0.7000000000000001,0.1,0.3,3,0.9966666666666667,0.9987872,0.9583333333333337,0.98442656,1.961164464524805,1.068755,,,,
max_entropy,N/A,rrg,0.8,0.1,0.3,3,0.9966666666666667,0.99973625,0.9583333333333337,0.9965701,1.4875421851340662,0.66173965,,,,
max_entropy,N/A,rrg,0.9,0.1,0.3,3,1.0,0.9999007,1.0,0.99875975,0.2727955481366759,0.3525315,,,,
max_entropy,N/A,rrg,1.0,0.1,0.3,3,1.0,0.99995685,1.0,0.99946046,2.9803932351231365e-05,0.033336785,,,,
max_entropy,N/A,rrg,0.0,0.2,0.3,3,0.7833333333333333,0.80000967,0.0,0.0,5.697639579728331,6.8362656,,,,
max_entropy,N/A,rrg,0.1,0.2,0.3,3,0.8133333333333334,0.8307632,0.13846153846153858,0.14239363,4.805878131209599,5.732224,,,,
max_entropy,N/A,rrg,0.2,0.2,0.3,3,0.8466666666666667,0.8558367,0.2923076923076924,0.30520326,4.415108955079453,4.599248,,,,
max_entropy,N/A,rrg,0.30000000000000004,0.2,0.3,3,0.8766666666666667,0.8912158,0.43076923076923096,0.46175316,3.169124704519495,3.720857,,,,
max_entropy,N/A,rrg,0.4,0.2,0.3,3,0.9133333333333333,0.91424274,0.6,0.6024804,2.5525360130752013,2.7250013,,,,
max_entropy,N/A,rrg,0.5,0.2,0.3,3,0.9466666666666667,0.9428358,0.7538461538461538,0.7407243,1.7014845184318796,2.1945658,,,,
max_entropy,N/A,rrg,0.6000000000000001,0.2,0.3,3,0.97,0.9617451,0.8615384615384615,0.82990116,1.3858919827824954,1.6948322,,,,
max_entropy,N/A,rrg,0.7000000000000001,0.2,0.3,3,0.9833333333333333,0.97778505,0.9230769230769228,0.90000695,0.8469701169882805,1.2250288,,,,
max_entropy,N/A,rrg,0.8,0.2,0.3,3,1.0,0.9907596,1.0,0.9590768,0.404880232365038,0.70996106,,,,
max_entropy,N/A,rrg,0.9,0.2,0.3,3,1.0,0.99814147,1.0,0.99148685,0.11046987022044619,0.341194,,,,
max_entropy,N/A,rrg,1.0,0.2,0.3,3,1.0,0.9998815,1.0,0.9994529,3.768587272724134e-05,0.04943879,,,,
max_entropy,N/A,rrg,0.0,0.05,0.3,4,0.9433333333333334,0.95000225,0.0,0.0,13.831717053259526,14.239043,,,,
max_entropy,N/A,rrg,0.1,0.05,0.3,4,0.96,0.9692934,0.2941176470588226,0.35181576,9.846298526567576,10.294311,,,,
max_entropy,N/A,rrg,0.2,0.05,0.3,4,0.98,0.9845345,0.6470588235294114,0.7033407,5.792994275082424,6.2426376,,,,
max_entropy,N/A,rrg,0.30000000000000004,0.05,0.3,4,0.9866666666666667,0.99325126,0.7647058823529416,0.86524653,3.7469976751854848,4.25518,,,,
max_entropy,N/A,rrg,0.4,0.05,0.3,4,0.99,0.9971773,0.8235294117647056,0.9429631,2.836533038126978,2.79432,,,,
max_entropy,N/A,rrg,0.5,0.05,0.3,4,1.0,0.9991461,1.0,0.98515433,1.5539015363428166,1.9073677,,,,
max_entropy,N/A,rrg,0.6000000000000001,0.05,0.3,4,1.0,0.99976724,1.0,0.9959091,1.037992199978335,1.1636546,,,,
max_entropy,N/A,rrg,0.7000000000000001,0.05,0.3,4,1.0,0.99992627,1.0,0.99870026,0.8984550855600146,0.8260176,,,,
max_entropy,N/A,rrg,0.8,0.05,0.3,4,1.0,0.9999719,1.0,0.9995046,0.47704691404941474,0.47349542,,,,
max_entropy,N/A,rrg,0.9,0.05,0.3,4,1.0,0.99996793,1.0,0.99943393,0.21817133093472701,0.24876444,,,,
max_entropy,N/A,rrg,1.0,0.05,0.3,4,1.0,0.9999695,1.0,0.9994613,1.7066748098616057e-05,0.02469179,,,,
max_entropy,N/A,rrg,0.0,0.1,0.3,4,0.8933333333333333,0.90000165,0.0,0.0,12.690247511616619,10.708197,,,,
max_entropy,N/A,rrg,0.1,0.1,0.3,4,0.9133333333333333,0.9347868,0.18750000000000014,0.23470578,8.62550088809502,8.604534,,,,
max_entropy,N/A,rrg,0.2,0.1,0.3,4,0.9366666666666666,0.9553758,0.40624999999999994,0.492661,6.926682187466998,6.058431,,,,
max_entropy,N/A,rrg,0.30000000000000004,0.1,0.3,4,0.9633333333333334,0.9705371,0.6562500000000004,0.70377487,4.896855039703214,4.5628214,,,,
max_entropy,N/A,rrg,0.4,0.1,0.3,4,0.9766666666666667,0.9822307,0.7812500000000002,0.82424384,3.2660451608264074,3.501876,,,,
max_entropy,N/A,rrg,0.5,0.1,0.3,4,0.9866666666666667,0.9920738,0.8750000000000002,0.9217224,2.1301413008466326,2.5414119,,,,
max_entropy,N/A,rrg,0.6000000000000001,0.1,0.3,4,0.9933333333333333,0.99744505,0.9374999999999996,0.97508556,1.3879219695003289,1.5557251,,,,
max_entropy,N/A,rrg,0.7000000000000001,0.1,0.3,4,1.0,0.99922293,1.0,0.99276674,0.9272961916808146,1.0102785,,,,
max_entropy,N/A,rrg,0.8,0.1,0.3,4,1.0,0.99980855,1.0,0.99820787,0.5708320505329749,0.54082817,,,,
max_entropy,N/A,rrg,0.9,0.1,0.3,4,1.0,0.9999525,1.0,0.99955463,0.27084216530586236,0.2871112,,,,
max_entropy,N/A,rrg,1.0,0.1,0.3,4,1.0,0.9999347,1.0,0.9993873,2.3389374861374762e-05,0.03287857,,,,
max_entropy,N/A,rrg,0.0,0.2,0.3,4,0.8033333333333333,0.80000967,0.0,0.0,7.1411321130942165,6.8362656,,,,
max_entropy,N/A,rrg,0.1,0.2,0.3,4,0.84,0.8351478,0.1864406779661015,0.18189453,6.300198929309725,5.547409,,,,
max_entropy,N/A,rrg,0.2,0.2,0.3,4,0.8666666666666667,0.86573404,0.3220338983050849,0.3205035,5.730151114959767,4.592178,,,,
max_entropy,N/A,rrg,0.30000000000000004,0.2,0.3,4,0.8966666666666666,0.9002356,0.47457627118644036,0.4833364,4.495980893301843,3.7081861,,,,
max_entropy,N/A,rrg,0.4,0.2,0.3,4,0.93,0.9320876,0.6440677966101698,0.6509676,3.352777446705122,2.9706109,,,,
max_entropy,N/A,rrg,0.5,0.2,0.3,4,0.9466666666666667,0.95450664,0.7288135593220338,0.7590636,2.6690229110226897,2.4307923,,,,
max_entropy,N/A,rrg,0.6000000000000001,0.2,0.3,4,0.9666666666666667,0.97025836,0.8305084745762712,0.84594315,1.75753963121287,1.7803186,,,,
max_entropy,N/A,rrg,0.7000000000000001,0.2,0.3,4,0.99,0.98398864,0.9491525423728813,0.9209821,1.2449604299129726,1.2994914,,,,
max_entropy,N/A,rrg,0.8,0.2,0.3,4,0.9933333333333333,0.9944429,0.966101694915254,0.9715679,0.6529583663521404,0.74454796,,,,
max_entropy,N/A,rrg,0.9,0.2,0.3,4,1.0,0.99884987,1.0,0.9941792,0.37325817247893867,0.32759333,,,,
max_entropy,N/A,rrg,1.0,0.2,0.3,4,1.0,0.99987,1.0,0.9993386,3.850183925551794e-05,0.04824983,,,,
max_entropy,N/A,rrg,0.0,0.05,0.3,5,0.9433333333333334,0.95000225,0.0,0.0,16.657083226050055,14.239043,,,,
max_entropy,N/A,rrg,0.1,0.05,0.3,5,0.96,0.9687453,0.2941176470588226,0.3477917,12.33852473517924,9.988102,,,,
max_entropy,N/A,rrg,0.2,0.05,0.3,5,0.9766666666666667,0.9823637,0.5882352941176472,0.65398437,8.763082818943213,6.5985236,,,,
max_entropy,N/A,rrg,0.30000000000000004,0.05,0.3,5,0.99,0.99253416,0.8235294117647056,0.862082,5.736044477811286,4.366485,,,,
max_entropy,N/A,rrg,0.4,0.05,0.3,5,0.99,0.9970729,0.8235294117647056,0.9409775,4.825804956383139,2.9251704,,,,
max_entropy,N/A,rrg,0.5,0.05,0.3,5,0.9966666666666667,0.9989139,0.9411764705882358,0.9800414,3.016526666624751,2.2149289,,,,
max_entropy,N/A,rrg,0.6000000000000001,0.05,0.3,5,1.0,0.99967223,1.0,0.994249,1.895175871752968,1.5787648,,,,
max_entropy,N/A,rrg,0.7000000000000001,0.05,0.3,5,1.0,0.99991983,1.0,0.9985869,1.1347562153793884,1.0152695,,,,
max_entropy,N/A,rrg,0.8,0.05,0.3,5,1.0,0.9999784,1.0,0.9996193,0.748751298962369,0.6302545,,,,
max_entropy,N/A,rrg,0.9,0.05,0.3,5,1.0,0.9999807,1.0,0.9996591,0.3137901247310798,0.25324446,,,,
max_entropy,N/A,rrg,1.0,0.05,0.3,5,1.0,0.99996316,1.0,0.9993497,5.6329042818038254e-05,0.035338677,,,,
max_entropy,N/A,rrg,0.0,0.1,0.3,5,0.9,0.90000165,0.0,0.0,9.843260782312623,10.708197,,,,
max_entropy,N/A,rrg,0.1,0.1,0.3,5,0.9266666666666666,0.9217911,0.2666666666666662,0.2542138,8.258969886247689,8.295247,,,,
max_entropy,N/A,rrg,0.2,0.1,0.3,5,0.9466666666666667,0.93603575,0.46666666666666645,0.4218181,7.4988759734572685,6.493727,,,,
max_entropy,N/A,rrg,0.30000000000000004,0.1,0.3,5,0.9733333333333334,0.9554659,0.7333333333333337,0.62215954,5.65123960775499,4.5948153,,,,
max_entropy,N/A,rrg,0.4,0.1,0.3,5,0.9866666666666667,0.9780189,0.8666666666666669,0.79768246,2.9409403157277834,3.235022,,,,
max_entropy,N/A,rrg,0.5,0.1,0.3,5,0.9933333333333333,0.9886037,0.9333333333333329,0.8911811,2.158773591082195,2.420043,,,,
max_entropy,N/A,rrg,0.6000000000000001,0.1,0.3,5,1.0,0.9947599,1.0,0.95020515,1.5078592227465617,1.6636944,,,,
max_entropy,N/A,rrg,0.7000000000000001,0.1,0.3,5,1.0,0.99812853,1.0,0.981627,0.9545436164712585,1.0573727,,,,
max_entropy,N/A,rrg,0.8,0.1,0.3,5,1.0,0.9996267,1.0,0.9962799,0.5698061640614357,0.53057677,,,,
max_entropy,N/A,rrg,0.9,0.1,0.3,5,1.0,0.99992514,1.0,0.99925154,0.20673437839718722,0.21772766,,,,
max_entropy,N/A,rrg,1.0,0.1,0.3,5,1.0,0.9999341,1.0,0.9993405,4.157844003002406e-05,0.038024645,,,,
max_entropy,N/A,rrg,0.0,0.2,0.3,5,0.76,0.80000967,0.0,0.0,5.659980688050475,6.8362656,,,,
max_entropy,N/A,rrg,0.1,0.2,0.3,5,0.8,0.82852256,0.16666666666666682,0.18913116,4.7236407338720525,5.4214354,,,,
max_entropy,N/A,rrg,0.2,0.2,0.3,5,0.8266666666666667,0.85376036,0.27777777777777773,0.31310868,3.9121001128794495,4.5175285,,,,
max_entropy,N/A,rrg,0.30000000000000004,0.2,0.3,5,0.8666666666666667,0.87614846,0.44444444444444453,0.46270448,3.3678162012626687,3.4150724,,,,
max_entropy,N/A,rrg,0.4,0.2,0.3,5,0.9033333333333333,0.9045036,0.5972222222222222,0.6001271,2.7743028988874543,2.5844386,,,,
max_entropy,N/A,rrg,0.5,0.2,0.3,5,0.9333333333333333,0.9309269,0.7222222222222223,0.71503633,2.3463074440509577,2.066982,,,,
max_entropy,N/A,rrg,0.6000000000000001,0.2,0.3,5,0.9566666666666667,0.95576334,0.8194444444444444,0.8163594,1.7164329521836044,1.5887237,,,,
max_entropy,N/A,rrg,0.7000000000000001,0.2,0.3,5,0.97,0.97563934,0.8749999999999999,0.8960398,1.0289041600513902,1.0982565,,,,
max_entropy,N/A,rrg,0.8,0.2,0.3,5,0.9933333333333333,0.9886882,0.972222222222222,0.9537457,0.60861603108834,0.7720013,,,,
max_entropy,N/A,rrg,0.9,0.2,0.3,5,0.9966666666666667,0.99751335,0.9861111111111113,0.9895948,0.3189872724845268,0.39038643,,,,
max_entropy,N/A,rrg,1.0,0.2,0.3,5,1.0,0.9998988,1.0,0.9995782,2.0817968216068268e-05,0.045812625,,,,
max_entropy,N/A,rrg,0.0,0.05,0.3,6,0.96,0.95000225,0.0,0.0,13.300725327337895,14.239043,,,,
max_entropy,N/A,rrg,0.1,0.05,0.3,6,0.9733333333333334,0.9711638,0.3333333333333352,0.3161839,8.840531265032793,10.188125,,,,
max_entropy,N/A,rrg,0.2,0.05,0.3,6,0.9866666666666667,0.9827409,0.6666666666666676,0.60708433,5.537164882299064,6.298537,,,,
max_entropy,N/A,rrg,0.30000000000000004,0.05,0.3,6,0.9966666666666667,0.9941264,0.9166666666666676,0.8619281,2.674956193880211,3.836545,,,,
max_entropy,N/A,rrg,0.4,0.05,0.3,6,1.0,0.99785656,1.0,0.94913924,2.2349005430490405,2.7005186,,,,
max_entropy,N/A,rrg,0.5,0.05,0.3,6,1.0,0.9993918,1.0,0.9850223,1.862581778341538,1.7815906,,,,
max_entropy,N/A,rrg,0.6000000000000001,0.05,0.3,6,1.0,0.9998126,1.0,0.9953365,1.2960195680652131,1.0789936,,,,
max_entropy,N/A,rrg,0.7000000000000001,0.05,0.3,6,1.0,0.999942,1.0,0.99855167,0.7536977039586567,0.7768307,,,,
max_entropy,N/A,rrg,0.8,0.05,0.3,6,1.0,0.9999784,1.0,0.99946064,0.4838951844845832,0.4757103,,,,
max_entropy,N/A,rrg,0.9,0.05,0.3,6,1.0,0.9999764,1.0,0.99940974,0.14223108036528664,0.23294942,,,,
max_entropy,N/A,rrg,1.0,0.05,0.3,6,1.0,0.9999568,1.0,0.9989189,3.51088591020877e-05,0.022654876,,,,
max_entropy,N/A,rrg,0.0,0.1,0.3,6,0.91,0.90000165,0.0,0.0,11.234366807690533,10.708197,,,,
max_entropy,N/A,rrg,0.1,0.1,0.3,6,0.93,0.93468666,0.2222222222222225,0.23442762,8.28675802821529,9.012332,,,,
max_entropy,N/A,rrg,0.2,0.1,0.3,6,0.96,0.95617044,0.555555555555555,0.5328791,5.927295896389249,6.4737754,,,,
max_entropy,N/A,rrg,0.30000000000000004,0.1,0.3,6,0.9766666666666667,0.97162974,0.7407407407407408,0.70148134,4.596624275823066,4.793196,,,,
max_entropy,N/A,rrg,0.4,0.1,0.3,6,0.99,0.9851404,0.8888888888888887,0.84335047,3.408903632309988,3.3289053,,,,
max_entropy,N/A,rrg,0.5,0.1,0.3,6,0.9966666666666667,0.99315524,0.9629629629629634,0.9268022,1.9945025183709408,2.1803877,,,,
max_entropy,N/A,rrg,0.6000000000000001,0.1,0.3,6,1.0,0.9975779,1.0,0.97379184,1.5963279635365408,1.4368497,,,,
max_entropy,N/A,rrg,0.7000000000000001,0.1,0.3,6,1.0,0.99912965,1.0,0.99042124,0.9989338209694214,0.92641,,,,
max_entropy,N/A,rrg,0.8,0.1,0.3,6,1.0,0.99977785,1.0,0.99753684,0.633687861242584,0.55048466,,,,
max_entropy,N/A,rrg,0.9,0.1,0.3,6,1.0,0.99995625,1.0,0.999514,0.34300330792072403,0.2664325,,,,
max_entropy,N/A,rrg,1.0,0.1,0.3,6,1.0,0.9999597,1.0,0.9995522,3.324121197267704e-05,0.031976756,,,,
max_entropy,N/A,rrg,0.0,0.2,0.3,6,0.7666666666666667,0.80000967,0.0,0.0,5.792282304719176,6.8362656,,,,
max_entropy,N/A,rrg,0.1,0.2,0.3,6,0.8033333333333333,0.8236307,0.157142857142857,0.17210272,5.087711265804151,5.478003,,,,
max_entropy,N/A,rrg,0.2,0.2,0.3,6,0.8333333333333334,0.8550336,0.2857142857142857,0.31498897,4.268941754237027,4.574744,,,,
max_entropy,N/A,rrg,0.30000000000000004,0.2,0.3,6,0.8666666666666667,0.8825393,0.42857142857142855,0.4598279,3.851790028175583,3.7682242,,,,
max_entropy,N/A,rrg,0.4,0.2,0.3,6,0.8966666666666666,0.9091143,0.5571428571428568,0.5885149,3.2162152206809216,2.7936754,,,,
max_entropy,N/A,rrg,0.5,0.2,0.3,6,0.9333333333333333,0.9365584,0.7142857142857143,0.7242786,2.3642585646991243,2.1690252,,,,
max_entropy,N/A,rrg,0.6000000000000001,0.2,0.3,6,0.9466666666666667,0.9569863,0.7714285714285714,0.8071124,2.040203215457735,1.6687251,,,,
max_entropy,N/A,rrg,0.7000000000000001,0.2,0.3,6,0.9666666666666667,0.97558534,0.8571428571428571,0.8911909,1.6729801927211123,1.201889,,,,
max_entropy,N/A,rrg,0.8,0.2,0.3,6,0.9766666666666667,0.98889995,0.9,0.9497792,1.0773133783721935,0.7357951,,,,
max_entropy,N/A,rrg,0.9,0.2,0.3,6,0.9933333333333333,0.994981,0.9714285714285712,0.9783197,0.35139620593262033,0.35473678,,,,
max_entropy,N/A,rrg,1.0,0.2,0.3,6,1.0,0.99989593,1.0,0.99955386,2.0974828236870383e-05,0.046584576,,,,
max_entropy,N/A,rrg,0.0,0.05,0.3,7,0.9366666666666666,0.95000225,0.0,0.0,14.058107663000737,14.239043,,,,
max_entropy,N/A,rrg,0.1,0.05,0.3,7,0.96,0.96969444,0.3684210526315786,0.43500808,10.049377732563324,9.219066,,,,
max_entropy,N/A,rrg,0.2,0.05,0.3,7,0.98,0.9823462,0.6842105263157893,0.71053106,6.834148877691598,5.8309546,,,,
max_entropy,N/A,rrg,0.30000000000000004,0.05,0.3,7,0.9933333333333333,0.9889856,0.8947368421052625,0.8372598,4.031470748690699,4.016499,,,,
max_entropy,N/A,rrg,0.4,0.05,0.3,7,0.9933333333333333,0.9939155,0.8947368421052625,0.90303683,3.477220692719055,2.952768,,,,
max_entropy,N/A,rrg,0.5,0.05,0.3,7,0.9966666666666667,0.99766695,0.9473684210526321,0.9625704,2.4448766730807305,2.1006212,,,,
max_entropy,N/A,rrg,0.6000000000000001,0.05,0.3,7,1.0,0.99913156,1.0,0.98647255,1.5261724774761385,1.4760923,,,,
max_entropy,N/A,rrg,0.7000000000000001,0.05,0.3,7,1.0,0.9997164,1.0,0.99554163,1.2897841345723615,0.9574427,,,,
max_entropy,N/A,rrg,0.8,0.05,0.3,7,1.0,0.99994373,1.0,0.999112,0.7675186370630823,0.5528559,,,,
max_entropy,N/A,rrg,0.9,0.05,0.3,7,1.0,0.99997866,1.0,0.99966305,0.30232894475515043,0.2918745,,,,
max_entropy,N/A,rrg,1.0,0.05,0.3,7,1.0,0.9999662,1.0,0.99946624,7.67959447529627e-05,0.03781405,,,,
max_entropy,N/A,rrg,0.0,0.1,0.3,7,0.9033333333333333,0.90000165,0.0,0.0,15.125225511939595,10.708197,,,,
max_entropy,N/A,rrg,0.1,0.1,0.3,7,0.9233333333333333,0.93075156,0.2068965517241381,0.22409184,10.627043464741243,8.602863,,,,
max_entropy,N/A,rrg,0.2,0.1,0.3,7,0.95,0.946661,0.48275862068965475,0.46663868,8.574849653201106,5.951933,,,,
max_entropy,N/A,rrg,0.30000000000000004,0.1,0.3,7,0.98,0.96784055,0.7931034482758619,0.70448613,6.442221434031901,4.495547,,,,
max_entropy,N/A,rrg,0.4,0.1,0.3,7,0.9933333333333333,0.98353076,0.9310344827586202,0.84531367,3.662230774312996,3.3395863,,,,
max_entropy,N/A,rrg,0.5,0.1,0.3,7,0.9933333333333333,0.9927598,0.9310344827586202,0.9255424,2.4401150452461446,2.5113823,,,,
max_entropy,N/A,rrg,0.6000000000000001,0.1,0.3,7,0.9966666666666667,0.99746233,0.9655172413793107,0.97345006,1.5062565802833772,1.7386305,,,,
max_entropy,N/A,rrg,0.7000000000000001,0.1,0.3,7,1.0,0.9992771,1.0,0.99257654,1.1355959282417953,1.1196704,,,,
max_entropy,N/A,rrg,0.8,0.1,0.3,7,1.0,0.9998863,1.0,0.99882466,0.7712223649871796,0.6616698,,,,
max_entropy,N/A,rrg,0.9,0.1,0.3,7,1.0,0.99996376,1.0,0.9996251,0.44654069676366004,0.3111263,,,,
max_entropy,N/A,rrg,1.0,0.1,0.3,7,1.0,0.9999502,1.0,0.99948436,5.385044114742288e-05,0.03492812,,,,
max_entropy,N/A,rrg,0.0,0.2,0.3,7,0.8366666666666667,0.80000967,0.0,0.0,8.650966947828815,6.8362656,,,,
max_entropy,N/A,rrg,0.1,0.2,0.3,7,0.87,0.83191055,0.20408163265306117,0.16547024,7.299620675307745,5.6300173,,,,
max_entropy,N/A,rrg,0.2,0.2,0.3,7,0.8966666666666666,0.8713772,0.36734693877550983,0.3180851,5.2817612093729505,4.8362246,,,,
max_entropy,N/A,rrg,0.30000000000000004,0.2,0.3,7,0.9266666666666666,0.9081712,0.5510204081632651,0.49496567,4.303390443459623,4.1989045,,,,
max_entropy,N/A,rrg,0.4,0.2,0.3,7,0.9633333333333334,0.9339861,0.7755102040816328,0.6573866,3.4628957556765334,3.2203214,,,,
max_entropy,N/A,rrg,0.5,0.2,0.3,7,0.9766666666666667,0.9592923,0.8571428571428572,0.7747236,2.43251566146255,2.4228034,,,,
max_entropy,N/A,rrg,0.6000000000000001,0.2,0.3,7,0.9866666666666667,0.9762006,0.9183673469387756,0.86305904,1.8080567005566854,1.9663074,,,,
max_entropy,N/A,rrg,0.7000000000000001,0.2,0.3,7,0.99,0.9890753,0.9387755102040816,0.9334854,1.26106463242797,1.4312415,,,,
max_entropy,N/A,rrg,0.8,0.2,0.3,7,0.9966666666666667,0.99673605,0.9795918367346941,0.98000515,0.6309429530440602,0.75117403,,,,
max_entropy,N/A,rrg,0.9,0.2,0.3,7,1.0,0.99959147,1.0,0.9975035,0.1694994711850741,0.31509694,,,,
max_entropy,N/A,rrg,1.0,0.2,0.3,7,1.0,0.9999388,1.0,0.99962515,1.2390438814472538e-05,0.034304656,,,,
max_entropy,N/A,rrg,0.0,0.05,0.3,8,0.9433333333333334,0.95000225,0.0,0.0,13.307102852667485,14.239043,,,,
max_entropy,N/A,rrg,0.1,0.05,0.3,8,0.96,0.966887,0.2941176470588226,0.3348061,10.523981935444796,9.944103,,,,
max_entropy,N/A,rrg,0.2,0.05,0.3,8,0.98,0.9811446,0.6470588235294114,0.6603976,6.597982361426143,6.3341193,,,,
max_entropy,N/A,rrg,0.30000000000000004,0.05,0.3,8,0.99,0.99217266,0.8235294117647056,0.8563628,4.642772899956414,4.1168303,,,,
max_entropy,N/A,rrg,0.4,0.05,0.3,8,0.9933333333333333,0.9966339,0.8823529411764698,0.9369232,3.714934525833164,2.721451,,,,
max_entropy,N/A,rrg,0.5,0.05,0.3,8,0.9966666666666667,0.9986737,0.9411764705882358,0.97573423,2.3511632916229397,1.8387777,,,,
max_entropy,N/A,rrg,0.6000000000000001,0.05,0.3,8,1.0,0.9994907,1.0,0.9910909,1.519196940967323,1.2871467,,,,
max_entropy,N/A,rrg,0.7000000000000001,0.05,0.3,8,1.0,0.99985534,1.0,0.9974534,1.2614036019384836,0.8657188,,,,
max_entropy,N/A,rrg,0.8,0.05,0.3,8,1.0,0.9999642,1.0,0.99936813,0.5634307819930736,0.54417646,,,,
max_entropy,N/A,rrg,0.9,0.05,0.3,8,1.0,0.9999817,1.0,0.99967706,0.23756554939299424,0.284201,,,,
max_entropy,N/A,rrg,1.0,0.05,0.3,8,1.0,0.9999699,1.0,0.9994687,2.3097841160337618e-05,0.028280754,,,,
max_entropy,N/A,rrg,0.0,0.1,0.3,8,0.93,0.90000165,0.0,0.0,10.08502183571584,10.708197,,,,
max_entropy,N/A,rrg,0.1,0.1,0.3,8,0.95,0.9166268,0.2857142857142846,0.19346896,8.248117729904807,7.72693,,,,
max_entropy,N/A,rrg,0.2,0.1,0.3,8,0.98,0.9449552,0.7142857142857139,0.4759849,6.257153671719567,5.434877,,,,
max_entropy,N/A,rrg,0.30000000000000004,0.1,0.3,8,1.0,0.97036785,1.0,0.7025832,2.9360086862430057,4.144307,,,,
max_entropy,N/A,rrg,0.4,0.1,0.3,8,1.0,0.9839659,1.0,0.8136298,1.8405009102491583,3.0894349,,,,
max_entropy,N/A,rrg,0.5,0.1,0.3,8,1.0,0.99171996,1.0,0.8942246,1.4502949140971477,2.2251854,,,,
max_entropy,N/A,rrg,0.6000000000000001,0.1,0.3,8,1.0,0.9967804,1.0,0.956027,0.9319568047228999,1.4267088,,,,
max_entropy,N/A,rrg,0.7000000000000001,0.1,0.3,8,1.0,0.99909586,1.0,0.98724777,0.6327433084714454,0.8033132,,,,
max_entropy,N/A,rrg,0.8,0.1,0.3,8,1.0,0.9997923,1.0,0.99704105,0.4560577923677916,0.5490333,,,,
max_entropy,N/A,rrg,0.9,0.1,0.3,8,1.0,0.9999634,1.0,0.9994773,0.28955689196676726,0.2551508,,,,
max_entropy,N/A,rrg,1.0,0.1,0.3,8,1.0,0.99997884,1.0,0.9996977,7.800522339941043e-06,0.022931157,,,,
max_entropy,N/A,rrg,0.0,0.2,0.3,8,0.8233333333333334,0.80000967,0.0,0.0,5.976151858920939,6.8362656,,,,
max_entropy,N/A,rrg,0.1,0.2,0.3,8,0.8566666666666667,0.8332738,0.18867924528301885,0.16660678,5.0732828279453415,5.6282177,,,,
max_entropy,N/A,rrg,0.2,0.2,0.3,8,0.8933333333333333,0.8593583,0.3962264150943394,0.32328615,4.408355194272317,4.505401,,,,
max_entropy,N/A,rrg,0.30000000000000004,0.2,0.3,8,0.92,0.89682823,0.5471698113207548,0.48371217,3.192598990793925,3.6085918,,,,
max_entropy,N/A,rrg,0.4,0.2,0.3,8,0.9533333333333334,0.9285501,0.7358490566037738,0.6452962,2.612829216863278,2.6641693,,,,
max_entropy,N/A,rrg,0.5,0.2,0.3,8,0.9633333333333334,0.95466816,0.7924528301886794,0.75539196,2.3037180408918787,2.21877,,,,
max_entropy,N/A,rrg,0.6000000000000001,0.2,0.3,8,0.97,0.9760497,0.8301886792452828,0.8596186,1.5706590391099156,1.7187555,,,,
max_entropy,N/A,rrg,0.7000000000000001,0.2,0.3,8,0.9866666666666667,0.9876919,0.9245283018867926,0.9299091,1.0135418948295147,1.173008,,,,
max_entropy,N/A,rrg,0.8,0.2,0.3,8,0.9933333333333333,0.994859,0.962264150943396,0.97063977,0.6596807843189115,0.67030734,,,,
max_entropy,N/A,rrg,0.9,0.2,0.3,8,0.9966666666666667,0.9989021,0.9811320754716983,0.9937003,0.275494063606649,0.2836177,,,,
max_entropy,N/A,rrg,1.0,0.2,0.3,8,1.0,0.99990684,1.0,0.99947244,3.300804908837689e-05,0.04243218,,,,
max_entropy,N/A,rrg,0.0,0.05,0.3,9,0.9566666666666667,0.95000225,0.0,0.0,16.075510267421716,14.239043,,,,
max_entropy,N/A,rrg,0.1,0.05,0.3,9,0.97,0.975104,0.3076923076923071,0.34877187,10.720304657328507,10.613261,,,,
max_entropy,N/A,rrg,0.2,0.05,0.3,9,0.9866666666666667,0.98634166,0.6923076923076928,0.68715364,7.067233186469772,6.2916856,,,,
max_entropy,N/A,rrg,0.30000000000000004,0.05,0.3,9,0.99,0.99472046,0.769230769230769,0.8632696,4.921774224371174,4.086993,,,,
max_entropy,N/A,rrg,0.4,0.05,0.3,9,0.9933333333333333,0.99773985,0.8461538461538451,0.9419382,2.9001495639205936,2.848108,,,,
max_entropy,N/A,rrg,0.5,0.05,0.3,9,1.0,0.9993142,1.0,0.98441947,1.786194295357659,1.8993196,,,,
max_entropy,N/A,rrg,0.6000000000000001,0.05,0.3,9,1.0,0.9998232,1.0,0.9959361,1.2233724290978882,1.2881867,,,,
max_entropy,N/A,rrg,0.7000000000000001,0.05,0.3,9,1.0,0.9999489,1.0,0.99882174,0.8278674454338731,0.91000897,,,,
max_entropy,N/A,rrg,0.8,0.05,0.3,9,1.0,0.9999748,1.0,0.9994181,0.5961779118990289,0.57089466,,,,
max_entropy,N/A,rrg,0.9,0.05,0.3,9,1.0,0.99992555,1.0,0.9982796,0.23275528143911325,0.2737634,,,,
max_entropy,N/A,rrg,1.0,0.05,0.3,9,1.0,0.99992657,1.0,0.99830294,8.163439585441381e-05,0.029670136,,,,
max_entropy,N/A,rrg,0.0,0.1,0.3,9,0.8833333333333333,0.90000165,0.0,0.0,11.181907081356913,10.708197,,,,
max_entropy,N/A,rrg,0.1,0.1,0.3,9,0.9066666666666666,0.91525024,0.19999999999999982,0.21587794,8.592320933012846,7.961169,,,,
max_entropy,N/A,rrg,0.2,0.1,0.3,9,0.9333333333333333,0.93623364,0.4285714285714288,0.43949082,7.453800749259547,5.9672394,,,,
max_entropy,N/A,rrg,0.30000000000000004,0.1,0.3,9,0.96,0.9610365,0.6571428571428569,0.66303027,4.761531493527617,4.27234,,,,
max_entropy,N/A,rrg,0.4,0.1,0.3,9,0.98,0.97891194,0.8285714285714285,0.81793183,3.458222652895121,3.5519295,,,,
max_entropy,N/A,rrg,0.5,0.1,0.3,9,0.99,0.99047524,0.9142857142857143,0.9180233,2.24833730349742,2.438113,,,,
max_entropy,N/A,rrg,0.6000000000000001,0.1,0.3,9,0.9966666666666667,0.99592173,0.9714285714285718,0.96526045,1.3301236903624833,1.7088784,,,,
max_entropy,N/A,rrg,0.7000000000000001,0.1,0.3,9,1.0,0.9986916,1.0,0.98890674,0.8473293072193183,0.97832835,,,,
max_entropy,N/A,rrg,0.8,0.1,0.3,9,1.0,0.9996981,1.0,0.9974176,0.5510331906186614,0.5753529,,,,
max_entropy,N/A,rrg,0.9,0.1,0.3,9,1.0,0.99989504,1.0,0.99910015,0.2707695069686139,0.2737134,,,,
max_entropy,N/A,rrg,1.0,0.1,0.3,9,1.0,0.9998705,1.0,0.9988888,0.0008675624101011875,0.06446476,,,,
max_entropy,N/A,rrg,0.0,0.2,0.3,9,0.7933333333333333,0.80000967,0.0,0.0,6.097461250578449,6.8362656,,,,
max_entropy,N/A,rrg,0.1,0.2,0.3,9,0.8366666666666667,0.8308511,0.20967741935483872,0.20392035,5.244508774890162,5.3743076,,,,
max_entropy,N/A,rrg,0.2,0.2,0.3,9,0.8766666666666667,0.86813945,0.4032258064516131,0.3872342,4.192630431309961,4.198653,,,,
max_entropy,N/A,rrg,0.30000000000000004,0.2,0.3,9,0.9066666666666666,0.8930843,0.5483870967741933,0.5145555,3.461053337965574,3.2689953,,,,
max_entropy,N/A,rrg,0.4,0.2,0.3,9,0.9333333333333333,0.92527974,0.6774193548387097,0.65358317,2.551128780412371,2.5792923,,,,
max_entropy,N/A,rrg,0.5,0.2,0.3,9,0.9533333333333334,0.9497349,0.774193548387097,0.7609297,1.9684895968642058,2.1703193,,,,
max_entropy,N/A,rrg,0.6000000000000001,0.2,0.3,9,0.9666666666666667,0.968998,0.8387096774193549,0.8482617,1.5466971550592923,1.6809516,,,,
max_entropy,N/A,rrg,0.7000000000000001,0.2,0.3,9,0.98,0.984363,0.9032258064516128,0.9226856,1.2028947664013592,1.1256266,,,,
max_entropy,N/A,rrg,0.8,0.2,0.3,9,0.99,0.99372435,0.9516129032258064,0.96906096,0.770832795258734,0.694664,,,,
max_entropy,N/A,rrg,0.9,0.2,0.3,9,1.0,0.9985961,1.0,0.9932461,0.25748551351719345,0.3360733,,,,
max_entropy,N/A,rrg,1.0,0.2,0.3,9,1.0,0.9998881,1.0,0.99945843,2.5240901010009873e-05,0.042269498,,,,
max_entropy,N/A,rrg,0.0,0.05,0.3,10,0.95,0.95000225,0.0,0.0,11.921654581233973,14.239043,,,,
max_entropy,N/A,rrg,0.1,0.05,0.3,10,0.9666666666666667,0.9623482,0.3333333333333341,0.30683008,9.253536029909682,9.198111,,,,
max_entropy,N/A,rrg,0.2,0.05,0.3,10,0.9866666666666667,0.98055696,0.7333333333333341,0.6534812,6.405225034049026,5.680087,,,,
max_entropy,N/A,rrg,0.30000000000000004,0.05,0.3,10,0.9966666666666667,0.9905001,0.9333333333333341,0.8308619,4.145616208596645,3.8579102,,,,
max_entropy,N/A,rrg,0.4,0.05,0.3,10,1.0,0.9963651,1.0,0.93222755,2.4839942848369145,2.7066395,,,,
max_entropy,N/A,rrg,0.5,0.05,0.3,10,1.0,0.99855673,1.0,0.97194386,1.6210754424225666,1.9428855,,,,
max_entropy,N/A,rrg,0.6000000000000001,0.05,0.3,10,1.0,0.99958414,1.0,0.991751,0.9283073923355599,1.2785888,,,,
max_entropy,N/A,rrg,0.7000000000000001,0.05,0.3,10,1.0,0.999882,1.0,0.99764484,0.5947729338138248,0.87886965,,,,
max_entropy,N/A,rrg,0.8,0.05,0.3,10,1.0,0.9999711,1.0,0.9994221,0.37028160663262527,0.4862383,,,,
max_entropy,N/A,rrg,0.9,0.05,0.3,10,1.0,0.9999843,1.0,0.9996865,0.11295403298650955,0.21002227,,,,
max_entropy,N/A,rrg,1.0,0.05,0.3,10,1.0,0.9999745,1.0,0.9994897,1.0711908772843983e-05,0.021843405,,,,
max_entropy,N/A,rrg,0.0,0.1,0.3,10,0.9266666666666666,0.90000165,0.0,0.0,11.577132402808736,10.708197,,,,
max_entropy,N/A,rrg,0.1,0.1,0.3,10,0.9533333333333334,0.9317918,0.3636363636363643,0.2810695,9.113080722163089,8.224054,,,,
max_entropy,N/A,rrg,0.2,0.1,0.3,10,0.9733333333333334,0.95735687,0.6363636363636372,0.5225252,6.414325490336658,6.1351686,,,,
max_entropy,N/A,rrg,0.30000000000000004,0.1,0.3,10,0.9833333333333333,0.97697705,0.7727272727272722,0.71109205,4.396837317418645,4.8261557,,,,
max_entropy,N/A,rrg,0.4,0.1,0.3,10,0.9933333333333333,0.987004,0.9090909090909085,0.8368611,2.639424398894578,3.3366272,,,,
max_entropy,N/A,rrg,0.5,0.1,0.3,10,0.9966666666666667,0.9945577,0.954545454545455,0.927859,2.0073891421729666,2.2499976,,,,
max_entropy,N/A,rrg,0.6000000000000001,0.1,0.3,10,0.9966666666666667,0.99778646,0.954545454545455,0.9693455,1.349132016243576,1.4958044,,,,
max_entropy,N/A,rrg,0.7000000000000001,0.1,0.3,10,0.9966666666666667,0.99933124,0.954545454545455,0.99053454,1.0228536620252884,0.96876585,,,,
max_entropy,N/A,rrg,0.8,0.1,0.3,10,1.0,0.99980885,1.0,0.9973983,0.36958089740470246,0.58123416,,,,
max_entropy,N/A,rrg,0.9,0.1,0.3,10,1.0,0.99994814,1.0,0.99929285,0.16424066593871053,0.27198827,,,,
max_entropy,N/A,rrg,1.0,0.1,0.3,10,1.0,0.9999378,1.0,0.99915093,4.7903171647949765e-05,0.034799047,,,,
max_entropy,N/A,rrg,0.0,0.2,0.3,10,0.7866666666666666,0.80000967,0.0,0.0,5.235073451951232,6.8362656,,,,
max_entropy,N/A,rrg,0.1,0.2,0.3,10,0.8133333333333334,0.8302355,0.12500000000000025,0.13574779,4.619522284450269,5.627401,,,,
max_entropy,N/A,rrg,0.2,0.2,0.3,10,0.8433333333333334,0.85760134,0.26562500000000033,0.28464872,4.191517613282161,4.490685,,,,
max_entropy,N/A,rrg,0.30000000000000004,0.2,0.3,10,0.8733333333333333,0.8904459,0.40624999999999994,0.4416693,3.803367086083288,3.6062765,,,,
max_entropy,N/A,rrg,0.4,0.2,0.3,10,0.92,0.9172646,0.6250000000000002,0.61704767,3.1676716968763436,2.5470695,,,,
max_entropy,N/A,rrg,0.5,0.2,0.3,10,0.9366666666666666,0.94514525,0.703125,0.7322155,2.5923196662894332,2.1871736,,,,
max_entropy,N/A,rrg,0.6000000000000001,0.2,0.3,10,0.9633333333333334,0.96472013,0.8281250000000002,0.8335273,2.0269243238786534,1.6170663,,,,
max_entropy,N/A,rrg,0.7000000000000001,0.2,0.3,10,0.9733333333333334,0.97880524,0.8750000000000002,0.8980129,1.5352525918654534,1.231839,,,,
max_entropy,N/A,rrg,0.8,0.2,0.3,10,0.9833333333333333,0.9904663,0.9218749999999998,0.953744,0.8610305977672518,0.66763836,,,,
max_entropy,N/A,rrg,0.9,0.2,0.3,10,0.9966666666666667,0.9971817,0.9843750000000001,0.9867449,0.34873969779678105,0.31817922,,,,
max_entropy,N/A,rrg,1.0,0.2,0.3,10,1.0,0.9998828,1.0,0.9994505,3.066493861815556e-05,0.05142131,,,,
max_entropy,N/A,rrg,0.0,0.05,0.3,11,0.9533333333333334,0.95000225,0.0,0.0,15.600820510392502,14.239043,,,,
max_entropy,N/A,rrg,0.1,0.05,0.3,11,0.97,0.9617367,0.3571428571428561,0.30341408,10.85576414793548,9.44631,,,,
max_entropy,N/A,rrg,0.2,0.05,0.3,11,0.99,0.97867024,0.7857142857142854,0.61405414,6.740552924670414,6.815956,,,,
max_entropy,N/A,rrg,0.30000000000000004,0.05,0.3,11,0.9966666666666667,0.99184245,0.9285714285714293,0.84157294,3.846292209766598,4.210914,,,,
max_entropy,N/A,rrg,0.4,0.05,0.3,11,1.0,0.9964723,1.0,0.92971915,2.360642259502591,2.9184144,,,,
max_entropy,N/A,rrg,0.5,0.05,0.3,11,1.0,0.9988068,1.0,0.97506833,1.6039282865867108,2.1991167,,,,
max_entropy,N/A,rrg,0.6000000000000001,0.05,0.3,11,1.0,0.9997829,1.0,0.9953698,1.124525152952015,1.397093,,,,
max_entropy,N/A,rrg,0.7000000000000001,0.05,0.3,11,1.0,0.99994475,1.0,0.9988174,0.7811403945268504,0.92758995,,,,
max_entropy,N/A,rrg,0.8,0.05,0.3,11,1.0,0.99998474,1.0,0.9996731,0.4742041672230685,0.5261619,,,,
max_entropy,N/A,rrg,0.9,0.05,0.3,11,1.0,0.9999943,1.0,0.9998774,0.2000104408052577,0.2664356,,,,
max_entropy,N/A,rrg,1.0,0.05,0.3,11,1.0,0.9999908,1.0,0.9998033,1.1111118170756869e-05,0.01814258,,,,
max_entropy,N/A,rrg,0.0,0.1,0.3,11,0.9,0.90000165,0.0,0.0,12.206317343464763,10.708197,,,,
max_entropy,N/A,rrg,0.1,0.1,0.3,11,0.9166666666666666,0.9291307,0.1666666666666661,0.19546834,7.627976902646675,8.800929,,,,
max_entropy,N/A,rrg,0.2,0.1,0.3,11,0.9366666666666666,0.9476858,0.3666666666666663,0.43761122,5.943306793863453,6.7407684,,,,
max_entropy,N/A,rrg,0.30000000000000004,0.1,0.3,11,0.96,0.9645855,0.5999999999999995,0.62883466,5.05793533210387,4.932553,,,,
max_entropy,N/A,rrg,0.4,0.1,0.3,11,0.98,0.9823469,0.7999999999999998,0.8192258,3.891853389388575,3.5705135,,,,
max_entropy,N/A,rrg,0.5,0.1,0.3,11,0.99,0.99206215,0.8999999999999999,0.9189492,2.4520629589920393,2.4253032,,,,
max_entropy,N/A,rrg,0.6000000000000001,0.1,0.3,11,1.0,0.996334,1.0,0.9646357,1.3982005249694949,1.5993129,,,,
max_entropy,N/A,rrg,0.7000000000000001,0.1,0.3,11,1.0,0.998928,1.0,0.9893933,0.8233681969032205,0.9630137,,,,
max_entropy,N/A,rrg,0.8,0.1,0.3,11,1.0,0.9997884,1.0,0.9978881,0.5510345047549957,0.5606592,,,,
max_entropy,N/A,rrg,0.9,0.1,0.3,11,1.0,0.9999597,1.0,0.9995971,0.23866164421052594,0.2357792,,,,
max_entropy,N/A,rrg,1.0,0.1,0.3,11,1.0,0.99995077,1.0,0.9995075,1.907935720182781e-05,0.030959161,,,,
max_entropy,N/A,rrg,0.0,0.2,0.3,11,0.7866666666666666,0.80000967,0.0,0.0,6.845536654745624,6.8362656,,,,
max_entropy,N/A,rrg,0.1,0.2,0.3,11,0.8133333333333334,0.8430703,0.12500000000000025,0.14521192,5.500367551995266,6.002181,,,,
max_entropy,N/A,rrg,0.2,0.2,0.3,11,0.8466666666666667,0.8837607,0.2812500000000002,0.3404393,4.530474296816485,4.831962,,,,
max_entropy,N/A,rrg,0.30000000000000004,0.2,0.3,11,0.8833333333333333,0.911346,0.45312499999999994,0.5216102,3.8035878726468915,3.963737,,,,
max_entropy,N/A,rrg,0.4,0.2,0.3,11,0.91,0.9365689,0.5781250000000002,0.6603615,3.4233307780091864,3.3379772,,,,
max_entropy,N/A,rrg,0.5,0.2,0.3,11,0.9333333333333333,0.95800865,0.6875000000000001,0.7774099,3.28736468113857,2.630091,,,,
max_entropy,N/A,rrg,0.6000000000000001,0.2,0.3,11,0.96,0.9757074,0.8124999999999999,0.8770631,2.3864189062949746,1.8436735,,,,
max_entropy,N/A,rrg,0.7000000000000001,0.2,0.3,11,0.9733333333333334,0.98866326,0.8750000000000002,0.9427365,1.7422761567577505,1.3312694,,,,
max_entropy,N/A,rrg,0.8,0.2,0.3,11,0.9866666666666667,0.9954936,0.9375000000000001,0.9779581,1.0076232713786333,0.7603469,,,,
max_entropy,N/A,rrg,0.9,0.2,0.3,11,1.0,0.9988605,1.0,0.99467933,0.1994164826230373,0.34922937,,,,
max_entropy,N/A,rrg,1.0,0.2,0.3,11,1.0,0.99983346,1.0,0.9992189,7.00739516715748e-05,0.059361927,,,,
max_entropy,N/A,rrg,0.0,0.05,0.3,12,0.95,0.95000225,0.0,0.0,13.011717053259526,14.239043,,,,
max_entropy,N/A,rrg,0.1,0.05,0.3,12,0.9666666666666667,0.9619289,0.3333333333333341,0.30447656,10.629175250681904,10.175541,,,,
max_entropy,N/A,rrg,0.2,0.05,0.3,12,0.9833333333333333,0.9831999,0.666666666666666,0.6648924,6.3009867009960105,6.385009,,,,
max_entropy,N/A,rrg,0.30000000000000004,0.05,0.3,12,0.9966666666666667,0.9910666,0.9333333333333341,0.83932686,3.5895368898129942,4.2201447,,,,
max_entropy,N/A,rrg,0.4,0.05,0.3,12,0.9966666666666667,0.9969573,0.9333333333333341,0.93879014,2.3724961852728197,2.8576448,,,,
max_entropy,N/A,rrg,0.5,0.05,0.3,12,1.0,0.998987,1.0,0.98014253,1.2762175865401653,1.7692652,,,,
max_entropy,N/A,rrg,0.6000000000000001,0.05,0.3,12,1.0,0.9996948,1.0,0.9939334,0.9986745150165046,1.2299381,,,,
max_entropy,N/A,rrg,0.7000000000000001,0.05,0.3,12,1.0,0.99993145,1.0,0.9986308,0.5625066867756089,0.80706596,,,,
max_entropy,N/A,rrg,0.8,0.05,0.3,12,1.0,0.99997824,1.0,0.99956495,0.42743895992450615,0.49750578,,,,
max_entropy,N/A,rrg,0.9,0.05,0.3,12,1.0,0.99996763,1.0,0.9993525,0.20176128246459354,0.24346435,,,,
max_entropy,N/A,rrg,1.0,0.05,0.3,12,1.0,0.99996966,1.0,0.99939305,2.4165769471894405e-05,0.026272198,,,,
max_entropy,N/A,rrg,0.0,0.1,0.3,12,0.89,0.90000165,0.0,0.0,9.295983086974692,10.708197,,,,
max_entropy,N/A,rrg,0.1,0.1,0.3,12,0.9233333333333333,0.9143713,0.303030303030303,0.28015006,6.85629148660045,7.318981,,,,
max_entropy,N/A,rrg,0.2,0.1,0.3,12,0.94,0.9325885,0.454545454545454,0.42584726,5.55927408385646,5.871154,,,,
max_entropy,N/A,rrg,0.30000000000000004,0.1,0.3,12,0.9566666666666667,0.95258445,0.606060606060606,0.5843712,4.300175459549433,4.5787063,,,,
max_entropy,N/A,rrg,0.4,0.1,0.3,12,0.98,0.9694299,0.818181818181818,0.7464353,3.06580894743124,3.139648,,,,
max_entropy,N/A,rrg,0.5,0.1,0.3,12,0.9866666666666667,0.98354113,0.878787878787879,0.8545051,2.3460235024068044,2.3954728,,,,
max_entropy,N/A,rrg,0.6000000000000001,0.1,0.3,12,0.9933333333333333,0.9928251,0.939393939393939,0.9350711,1.6817113486130346,1.7832788,,,,
max_entropy,N/A,rrg,0.7000000000000001,0.1,0.3,12,0.9966666666666667,0.9975518,0.9696969696969701,0.9775608,1.154343212135412,1.1050156,,,,
max_entropy,N/A,rrg,0.8,0.1,0.3,12,0.9966666666666667,0.9992617,0.9696969696969701,0.9931244,0.7650375293553335,0.6462666,,,,
max_entropy,N/A,rrg,0.9,0.1,0.3,12,0.9966666666666667,0.99985904,0.9696969696969701,0.9986792,0.37192371702840754,0.2531131,,,,
max_entropy,N/A,rrg,1.0,0.1,0.3,12,1.0,0.99994814,1.0,0.99952847,5.7936689632707286e-05,0.035929482,,,,
max_entropy,N/A,rrg,0.0,0.2,0.3,12,0.8133333333333334,0.80000967,0.0,0.0,7.294716793651467,6.8362656,,,,
max_entropy,N/A,rrg,0.1,0.2,0.3,12,0.84,0.8361936,0.1428571428571426,0.1399952,6.298891912561444,5.6806564,,,,
max_entropy,N/A,rrg,0.2,0.2,0.3,12,0.8733333333333333,0.8706256,0.3214285714285712,0.31682134,5.470396136726672,4.7428064,,,,
max_entropy,N/A,rrg,0.30000000000000004,0.2,0.3,12,0.8966666666666666,0.9018869,0.44642857142857106,0.45923302,4.522220290817402,4.1338267,,,,
max_entropy,N/A,rrg,0.4,0.2,0.3,12,0.9266666666666666,0.9306311,0.607142857142857,0.62031126,3.4756043306890123,3.217084,,,,
max_entropy,N/A,rrg,0.5,0.2,0.3,12,0.9433333333333334,0.95644045,0.6964285714285715,0.74901366,2.502997116651517,2.3979974,,,,
max_entropy,N/A,rrg,0.6000000000000001,0.2,0.3,12,0.9633333333333334,0.9745281,0.8035714285714288,0.8548257,1.9783858955142948,1.8113729,,,,
max_entropy,N/A,rrg,0.7000000000000001,0.2,0.3,12,0.9766666666666667,0.9874561,0.8750000000000001,0.9286714,1.5330035104028943,1.1843659,,,,
max_entropy,N/A,rrg,0.8,0.2,0.3,12,0.9933333333333333,0.99533486,0.9642857142857141,0.9747315,0.9052973534684747,0.6873863,,,,
max_entropy,N/A,rrg,0.9,0.2,0.3,12,1.0,0.99909055,1.0,0.9951469,0.41875718127952866,0.30939135,,,,
max_entropy,N/A,rrg,1.0,0.2,0.3,12,1.0,0.99990237,1.0,0.9994768,3.0577579224745725e-05,0.04788289,,,,
max_entropy,N/A,rrg,0.0,0.05,0.3,13,0.9333333333333333,0.95000225,0.0,0.0,12.808757909938807,14.239043,,,,
max_entropy,N/A,rrg,0.1,0.05,0.3,13,0.9533333333333334,0.97479594,0.3000000000000003,0.4424379,11.573756848790817,9.315632,,,,
max_entropy,N/A,rrg,0.2,0.05,0.3,13,0.9666666666666667,0.98174417,0.5,0.6461303,7.68462115579296,6.2342377,,,,
max_entropy,N/A,rrg,0.30000000000000004,0.05,0.3,13,0.9866666666666667,0.99046326,0.8000000000000004,0.84830976,4.297984527387376,4.06714,,,,
max_entropy,N/A,rrg,0.4,0.05,0.3,13,0.9966666666666667,0.99425435,0.9500000000000005,0.9168244,2.807653311300171,3.1138391,,,,
max_entropy,N/A,rrg,0.5,0.05,0.3,13,1.0,0.9979295,1.0,0.9698775,2.1189077011499595,2.0598152,,,,
max_entropy,N/A,rrg,0.6000000000000001,0.05,0.3,13,1.0,0.9992459,1.0,0.98881423,1.4690536848799982,1.347909,,,,
max_entropy,N/A,rrg,0.7000000000000001,0.05,0.3,13,1.0,0.99973977,1.0,0.9961105,1.0014854066898844,0.85220134,,,,
max_entropy,N/A,rrg,0.8,0.05,0.3,13,1.0,0.99992716,1.0,0.998908,0.6432523753969752,0.49910656,,,,
max_entropy,N/A,rrg,0.9,0.05,0.3,13,1.0,0.9999467,1.0,0.9992004,0.33111518284140556,0.29009318,,,,
max_entropy,N/A,rrg,1.0,0.05,0.3,13,1.0,0.99995196,1.0,0.999279,2.554387804966336e-05,0.026533848,,,,
max_entropy,N/A,rrg,0.0,0.1,0.3,13,0.8933333333333333,0.90000165,0.0,0.0,9.985808152905376,10.708197,,,,
max_entropy,N/A,rrg,0.1,0.1,0.3,13,0.91,0.9313221,0.15625000000000044,0.19528383,8.221208607402618,9.105833,,,,
max_entropy,N/A,rrg,0.2,0.1,0.3,13,0.9366666666666666,0.9519979,0.40624999999999994,0.47443613,6.0641103471273,6.3592253,,,,
max_entropy,N/A,rrg,0.30000000000000004,0.1,0.3,13,0.9566666666666667,0.96553993,0.5937500000000001,0.64762145,4.583870746263623,4.4964285,,,,
max_entropy,N/A,rrg,0.4,0.1,0.3,13,0.9733333333333334,0.9807339,0.7500000000000006,0.80591315,3.263028932070847,3.4311392,,,,
max_entropy,N/A,rrg,0.5,0.1,0.3,13,0.9833333333333333,0.9894078,0.8437499999999996,0.89469826,2.1981216481900065,2.3203099,,,,
max_entropy,N/A,rrg,0.6000000000000001,0.1,0.3,13,0.9933333333333333,0.9947347,0.9374999999999996,0.9499776,1.2261785468521178,1.5800554,,,,
max_entropy,N/A,rrg,0.7000000000000001,0.1,0.3,13,1.0,0.9981826,1.0,0.9832453,0.7047527370615817,0.94925475,,,,
max_entropy,N/A,rrg,0.8,0.1,0.3,13,1.0,0.99963987,1.0,0.99663365,0.36917853021243585,0.564183,,,,
max_entropy,N/A,rrg,0.9,0.1,0.3,13,1.0,0.99990237,1.0,0.99908465,0.11580497288599785,0.280913,,,,
max_entropy,N/A,rrg,1.0,0.1,0.3,13,1.0,0.99993986,1.0,0.99943596,3.7712981237619885e-05,0.035152372,,,,
max_entropy,N/A,rrg,0.0,0.2,0.3,13,0.78,0.80000967,0.0,0.0,5.833010018621968,6.8362656,,,,
max_entropy,N/A,rrg,0.1,0.2,0.3,13,0.8233333333333334,0.82342017,0.196969696969697,0.19703144,5.162073291255148,5.1908965,,,,
max_entropy,N/A,rrg,0.2,0.2,0.3,13,0.86,0.8493111,0.3636363636363635,0.34238765,4.33023997738243,4.0663533,,,,
max_entropy,N/A,rrg,0.30000000000000004,0.2,0.3,13,0.8766666666666667,0.8895616,0.4393939393939395,0.4667267,3.0992143723323076,3.5554247,,,,
max_entropy,N/A,rrg,0.4,0.2,0.3,13,0.8966666666666666,0.9272003,0.5303030303030299,0.6157374,2.5878003901944298,2.917264,,,,
max_entropy,N/A,rrg,0.5,0.2,0.3,13,0.9466666666666667,0.9464195,0.7575757575757575,0.75670457,1.846751818339302,2.0902934,,,,
max_entropy,N/A,rrg,0.6000000000000001,0.2,0.3,13,0.9633333333333334,0.96540457,0.8333333333333335,0.84122485,1.419495540490932,1.5743473,,,,
max_entropy,N/A,rrg,0.7000000000000001,0.2,0.3,13,0.9733333333333334,0.9808557,0.878787878787879,0.90988165,0.9995273858457703,1.1308508,,,,
max_entropy,N/A,rrg,0.8,0.2,0.3,13,0.9933333333333333,0.9918868,0.9696969696969695,0.96334726,0.5237388649944604,0.73826385,,,,
max_entropy,N/A,rrg,0.9,0.2,0.3,13,1.0,0.9978743,1.0,0.9904213,0.10511054808535622,0.29332623,,,,
max_entropy,N/A,rrg,1.0,0.2,0.3,13,1.0,0.9997658,1.0,0.9989346,0.00014586727334187286,0.09273496,,,,
max_entropy,N/A,rrg,0.0,0.05,0.3,14,0.93,0.95000225,0.0,0.0,12.121749764288579,14.239043,,,,
max_entropy,N/A,rrg,0.1,0.05,0.3,14,0.9466666666666667,0.961263,0.23809523809523742,0.30081698,8.709839751381017,9.338819,,,,
max_entropy,N/A,rrg,0.2,0.05,0.3,14,0.96,0.9765474,0.42857142857142766,0.5612434,6.928101277801328,6.4233317,,,,
max_entropy,N/A,rrg,0.30000000000000004,0.05,0.3,14,0.9766666666666667,0.98688436,0.6666666666666666,0.78061,3.512396789074799,4.0243473,,,,
max_entropy,N/A,rrg,0.4,0.05,0.3,14,0.99,0.9954173,0.8571428571428569,0.92904127,3.37131766137068,2.8692472,,,,
max_entropy,N/A,rrg,0.5,0.05,0.3,14,0.9966666666666667,0.9981147,0.9523809523809529,0.97249746,1.2254282690290659,1.7345077,,,,
max_entropy,N/A,rrg,0.6000000000000001,0.05,0.3,14,1.0,0.999316,1.0,0.9903222,0.7165465723685064,1.2518758,,,,
max_entropy,N/A,rrg,0.7000000000000001,0.05,0.3,14,1.0,0.9998363,1.0,0.99766666,0.6670165928282714,0.85245323,,,,
max_entropy,N/A,rrg,0.8,0.05,0.3,14,1.0,0.999942,1.0,0.99917173,0.37843665334904075,0.5285852,,,,
max_entropy,N/A,rrg,0.9,0.05,0.3,14,1.0,0.9999518,1.0,0.9993109,0.21056813989965842,0.26379862,,,,
max_entropy,N/A,rrg,1.0,0.05,0.3,14,1.0,0.9999565,1.0,0.99937814,1.1353554810436033e-05,0.02394563,,,,
max_entropy,N/A,rrg,0.0,0.1,0.3,14,0.9266666666666666,0.90000165,0.0,0.0,9.339476097177736,10.708197,,,,
max_entropy,N/A,rrg,0.1,0.1,0.3,14,0.9466666666666667,0.91621804,0.2727272727272729,0.17245415,7.464774722027464,8.088048,,,,
max_entropy,N/A,rrg,0.2,0.1,0.3,14,0.9633333333333334,0.94363564,0.5000000000000008,0.39412963,5.991640299888521,6.3571353,,,,
max_entropy,N/A,rrg,0.30000000000000004,0.1,0.3,14,0.98,0.96384716,0.7272727272727272,0.5959934,4.125522119285148,4.4548683,,,,
max_entropy,N/A,rrg,0.4,0.1,0.3,14,0.99,0.98217833,0.8636363636363635,0.7803985,2.3584772042159634,2.9741259,,,,
max_entropy,N/A,rrg,0.5,0.1,0.3,14,0.9933333333333333,0.98999876,0.9090909090909085,0.8695504,1.9452315558081035,2.1795886,,,,
max_entropy,N/A,rrg,0.6000000000000001,0.1,0.3,14,0.9966666666666667,0.9962934,0.954545454545455,0.9497104,1.444324932037204,1.3916415,,,,
max_entropy,N/A,rrg,0.7000000000000001,0.1,0.3,14,0.9966666666666667,0.9989324,0.954545454545455,0.9849772,1.0132156938624883,0.8289955,,,,
max_entropy,N/A,rrg,0.8,0.1,0.3,14,0.9966666666666667,0.99968576,0.954545454545455,0.99553055,0.7941743492076436,0.5103313,,,,
max_entropy,N/A,rrg,0.9,0.1,0.3,14,1.0,0.9999502,1.0,0.9993208,0.18645498580824116,0.24270749,,,,
max_entropy,N/A,rrg,1.0,0.1,0.3,14,1.0,0.99997264,1.0,0.9996269,1.2994260055737754e-05,0.027803123,,,,
max_entropy,N/A,rrg,0.0,0.2,0.3,14,0.8133333333333334,0.80000967,0.0,0.0,6.6135857311438375,6.8362656,,,,
max_entropy,N/A,rrg,0.1,0.2,0.3,14,0.8466666666666667,0.8279468,0.17857142857142855,0.16228282,5.9020884705123535,5.619753,,,,
max_entropy,N/A,rrg,0.2,0.2,0.3,14,0.88,0.86146146,0.3571428571428571,0.32485723,4.922553569388617,4.4103107,,,,
max_entropy,N/A,rrg,0.30000000000000004,0.2,0.3,14,0.9,0.89815855,0.46428571428571436,0.45973882,4.311121234094484,3.5598278,,,,
max_entropy,N/A,rrg,0.4,0.2,0.3,14,0.9266666666666666,0.9311605,0.607142857142857,0.6221146,3.909604642282808,2.9204984,,,,
max_entropy,N/A,rrg,0.5,0.2,0.3,14,0.9533333333333334,0.9539205,0.7500000000000001,0.75235754,2.9201154250908212,2.2892776,,,,
max_entropy,N/A,rrg,0.6000000000000001,0.2,0.3,14,0.9666666666666667,0.97322416,0.8214285714285714,0.8513169,2.08710585058121,1.6614616,,,,
max_entropy,N/A,rrg,0.7000000000000001,0.2,0.3,14,0.98,0.98525226,0.8928571428571428,0.9186839,1.4001786640049636,1.259236,,,,
max_entropy,N/A,rrg,0.8,0.2,0.3,14,0.99,0.99439675,0.9464285714285714,0.9692417,0.7706374781743811,0.6868456,,,,
max_entropy,N/A,rrg,0.9,0.2,0.3,14,1.0,0.9988628,1.0,0.9939413,0.18992094655367053,0.30118206,,,,
max_entropy,N/A,rrg,1.0,0.2,0.3,14,1.0,0.99987936,1.0,0.9993534,7.405598062065645e-05,0.050594516,,,,
max_entropy,N/A,rrg,0.0,0.05,0.3,15,0.9666666666666667,0.95000225,0.0,0.0,16.777182001277918,14.239043,,,,
max_entropy,N/A,rrg,0.1,0.05,0.3,15,0.98,0.9723682,0.39999999999999936,0.3254787,12.186727310041986,10.189845,,,,
max_entropy,N/A,rrg,0.2,0.05,0.3,15,0.99,0.9916549,0.6999999999999996,0.7365676,6.5703053144089445,5.7898755,,,,
max_entropy,N/A,rrg,0.30000000000000004,0.05,0.3,15,1.0,0.9959603,1.0,0.89190865,3.286181324721885,3.9713693,,,,
max_entropy,N/A,rrg,0.4,0.05,0.3,15,1.0,0.99865,1.0,0.96107686,2.201803240976698,2.4619699,,,,
max_entropy,N/A,rrg,0.5,0.05,0.3,15,1.0,0.99968606,1.0,0.99066967,1.432316630302448,1.8199085,,,,
max_entropy,N/A,rrg,0.6000000000000001,0.05,0.3,15,1.0,0.9999152,1.0,0.9974619,1.048007942978362,1.2843463,,,,
max_entropy,N/A,rrg,0.7000000000000001,0.05,0.3,15,1.0,0.99998003,1.0,0.99940133,0.7325256344498307,0.853168,,,,
max_entropy,N/A,rrg,0.8,0.05,0.3,15,1.0,0.99999136,1.0,0.9997408,0.38549746389470013,0.5089122,,,,
max_entropy,N/A,rrg,0.9,0.05,0.3,15,1.0,0.9999892,1.0,0.9996764,0.16721243015620635,0.22919072,,,,
max_entropy,N/A,rrg,1.0,0.05,0.3,15,1.0,0.9999895,1.0,0.99968535,1.2702081405096595e-05,0.01809465,,,,
max_entropy,N/A,rrg,0.0,0.1,0.3,15,0.8933333333333333,0.90000165,0.0,0.0,11.20457083836324,10.708197,,,,
max_entropy,N/A,rrg,0.1,0.1,0.3,15,0.92,0.9207332,0.2500000000000005,0.25172514,8.260824927143336,7.9909,,,,
max_entropy,N/A,rrg,0.2,0.1,0.3,15,0.9433333333333334,0.9381606,0.46875000000000033,0.4470641,7.223861011159891,5.9339633,,,,
max_entropy,N/A,rrg,0.30000000000000004,0.1,0.3,15,0.9566666666666667,0.9607416,0.5937500000000001,0.617332,4.915439626622109,4.4340115,,,,
max_entropy,N/A,rrg,0.4,0.1,0.3,15,0.9766666666666667,0.9795632,0.7812500000000002,0.80303675,3.5480261350332998,3.09784,,,,
max_entropy,N/A,rrg,0.5,0.1,0.3,15,0.9833333333333333,0.98779035,0.8437499999999996,0.8805401,2.9787970980683554,2.2536771,,,,
max_entropy,N/A,rrg,0.6000000000000001,0.1,0.3,15,1.0,0.99389476,1.0,0.9458584,2.215034832726357,1.6599452,,,,
max_entropy,N/A,rrg,0.7000000000000001,0.1,0.3,15,1.0,0.9980359,1.0,0.981917,1.4080905507002432,1.0575262,,,,
max_entropy,N/A,rrg,0.8,0.1,0.3,15,1.0,0.9996059,1.0,0.9963178,0.6798638424287738,0.61217874,,,,
max_entropy,N/A,rrg,0.9,0.1,0.3,15,1.0,0.9999347,1.0,0.99938756,0.2675505187365242,0.2589045,,,,
max_entropy,N/A,rrg,1.0,0.1,0.3,15,1.0,0.9999296,1.0,0.99933976,7.057136125643384e-05,0.042432167,,,,
max_entropy,N/A,rrg,0.0,0.2,0.3,15,0.83,0.80000967,0.0,0.0,8.800576763108458,6.8362656,,,,
max_entropy,N/A,rrg,0.1,0.2,0.3,15,0.8566666666666667,0.84216535,0.15686274509803955,0.14524578,6.707313912469506,6.344689,,,,
max_entropy,N/A,rrg,0.2,0.2,0.3,15,0.8866666666666667,0.88251406,0.33333333333333376,0.32538238,5.791503929312685,5.4743085,,,,
max_entropy,N/A,rrg,0.30000000000000004,0.2,0.3,15,0.9133333333333333,0.9153373,0.49019607843137264,0.4960408,4.431501993326728,4.4611807,,,,
max_entropy,N/A,rrg,0.4,0.2,0.3,15,0.9366666666666666,0.93714213,0.6274509803921569,0.62920797,3.6855126519978203,3.6964755,,,,
max_entropy,N/A,rrg,0.5,0.2,0.3,15,0.96,0.96024954,0.764705882352941,0.76582575,3.228863991017009,2.742506,,,,
max_entropy,N/A,rrg,0.6000000000000001,0.2,0.3,15,0.98,0.97586334,0.8823529411764706,0.8613862,2.4438193665997003,2.0289876,,,,
max_entropy,N/A,rrg,0.7000000000000001,0.2,0.3,15,0.99,0.98798543,0.9411764705882353,0.93013155,1.4366673983562337,1.206517,,,,
max_entropy,N/A,rrg,0.8,0.2,0.3,15,0.9966666666666667,0.9962187,0.9803921568627453,0.9778114,0.741309039800422,0.7213528,,,,
max_entropy,N/A,rrg,0.9,0.2,0.3,15,1.0,0.9995392,1.0,0.9972957,0.2034303721175923,0.28334412,,,,
max_entropy,N/A,rrg,1.0,0.2,0.3,15,1.0,0.99992454,1.0,0.999556,1.8754665085333304e-05,0.038549174,,,,
max_entropy,N/A,rrg,0.0,0.05,0.3,16,0.97,0.95000225,0.0,0.0,17.99196694136174,14.239043,,,,
max_entropy,N/A,rrg,0.1,0.05,0.3,16,0.9833333333333333,0.97635967,0.4444444444444432,0.36061677,10.655666241386097,10.419708,,,,
max_entropy,N/A,rrg,0.2,0.05,0.3,16,0.99,0.9927727,0.6666666666666666,0.7345566,6.637405490948308,5.6271486,,,,
max_entropy,N/A,rrg,0.30000000000000004,0.05,0.3,16,0.9966666666666667,0.99730134,0.8888888888888902,0.90810055,4.7528323398693555,3.3493826,,,,
max_entropy,N/A,rrg,0.4,0.05,0.3,16,1.0,0.9992568,1.0,0.9758251,2.499149100787099,2.4429011,,,,
max_entropy,N/A,rrg,0.5,0.05,0.3,16,1.0,0.9997855,1.0,0.9929001,2.134223413811731,1.8265963,,,,
max_entropy,N/A,rrg,0.6000000000000001,0.05,0.3,16,1.0,0.9999453,1.0,0.9981794,1.7933281683336812,1.3490924,,,,
max_entropy,N/A,rrg,0.7000000000000001,0.05,0.3,16,1.0,0.99998647,1.0,0.99954915,1.0268328021323814,0.90467054,,,,
max_entropy,N/A,rrg,0.8,0.05,0.3,16,1.0,0.99999136,1.0,0.99971193,0.8042004228705489,0.5973052,,,,
max_entropy,N/A,rrg,0.9,0.05,0.3,16,1.0,0.9999878,1.0,0.99959266,0.2720082220463258,0.25829905,,,,
max_entropy,N/A,rrg,1.0,0.05,0.3,16,1.0,0.9999883,1.0,0.99961054,2.2371970281227186e-05,0.018428553,,,,
max_entropy,N/A,rrg,0.0,0.1,0.3,16,0.93,0.90000165,0.0,0.0,11.015705960344544,10.708197,,,,
max_entropy,N/A,rrg,0.1,0.1,0.3,16,0.95,0.9259937,0.2857142857142846,0.21275,7.470716961079928,8.498075,,,,
max_entropy,N/A,rrg,0.2,0.1,0.3,16,0.9733333333333334,0.94361734,0.6190476190476195,0.43456766,5.704884506599236,6.010328,,,,
max_entropy,N/A,rrg,0.30000000000000004,0.1,0.3,16,0.9833333333333333,0.9717224,0.761904761904761,0.6535067,3.4909336387001257,4.5810385,,,,
max_entropy,N/A,rrg,0.4,0.1,0.3,16,0.9933333333333333,0.9834946,0.9047619047619041,0.7932648,2.751488383025922,3.322527,,,,
max_entropy,N/A,rrg,0.5,0.1,0.3,16,0.9966666666666667,0.99213195,0.9523809523809529,0.8944369,2.164133637749268,2.266803,,,,
max_entropy,N/A,rrg,0.6000000000000001,0.1,0.3,16,0.9966666666666667,0.9973021,0.9523809523809529,0.96110475,1.5749283375180116,1.4614414,,,,
max_entropy,N/A,rrg,0.7000000000000001,0.1,0.3,16,1.0,0.99937695,1.0,0.9911771,0.9090196194164188,0.866025,,,,
max_entropy,N/A,rrg,0.8,0.1,0.3,16,1.0,0.99983996,1.0,0.99771875,0.5758246858856115,0.5483579,,,,
max_entropy,N/A,rrg,0.9,0.1,0.3,16,1.0,0.9999711,1.0,0.9995871,0.1856605774937579,0.23665667,,,,
max_entropy,N/A,rrg,1.0,0.1,0.3,16,1.0,0.99997765,1.0,0.9996807,1.3948382906386486e-05,0.027082253,,,,
max_entropy,N/A,rrg,0.0,0.2,0.3,16,0.7466666666666667,0.80000967,0.0,0.0,6.188810133889404,6.8362656,,,,
max_entropy,N/A,rrg,0.1,0.2,0.3,16,0.79,0.8289564,0.1710526315789474,0.20212163,5.566997603634693,5.4330983,,,,
max_entropy,N/A,rrg,0.2,0.2,0.3,16,0.83,0.86163694,0.3289473684210524,0.37586823,4.5695682451627215,4.2509575,,,,
max_entropy,N/A,rrg,0.30000000000000004,0.2,0.3,16,0.87,0.88799155,0.4868421052631578,0.52403784,3.729763985977914,3.4677649,,,,
max_entropy,N/A,rrg,0.4,0.2,0.3,16,0.9,0.91788256,0.6052631578947368,0.65121335,2.969146699242355,2.7180603,,,,
max_entropy,N/A,rrg,0.5,0.2,0.3,16,0.9266666666666666,0.94263226,0.7105263157894736,0.7583,2.5507043352014054,2.2421381,,,,
max_entropy,N/A,rrg,0.6000000000000001,0.2,0.3,16,0.9533333333333334,0.96475726,0.8157894736842106,0.85430324,1.8411881089330677,1.6446236,,,,
max_entropy,N/A,rrg,0.7000000000000001,0.2,0.3,16,0.97,0.9805656,0.8815789473684209,0.9199338,1.2703323608321366,1.1608418,,,,
max_entropy,N/A,rrg,0.8,0.2,0.3,16,0.99,0.99087495,0.9605263157894737,0.9638345,0.7367006397435005,0.73803693,,,,
max_entropy,N/A,rrg,0.9,0.2,0.3,16,0.9966666666666667,0.9978536,0.9868421052631581,0.991481,0.32491345324272186,0.3887696,,,,
max_entropy,N/A,rrg,1.0,0.2,0.3,16,1.0,0.9998867,1.0,0.99955255,2.6409159332395504e-05,0.048712496,,,,
max_entropy,N/A,rrg,0.0,0.05,0.3,17,0.9366666666666666,0.95000225,0.0,0.0,15.893250758653,14.239043,,,,
max_entropy,N/A,rrg,0.1,0.05,0.3,17,0.9533333333333334,0.9681031,0.26315789473684287,0.34289104,11.877801085019279,10.380213,,,,
max_entropy,N/A,rrg,0.2,0.05,0.3,17,0.98,0.9889976,0.6842105263157893,0.7975103,5.814647192639067,5.6366134,,,,
max_entropy,N/A,rrg,0.30000000000000004,0.05,0.3,17,0.9966666666666667,0.9935209,0.9473684210526321,0.9025393,4.071394244258637,4.2049403,,,,
max_entropy,N/A,rrg,0.4,0.05,0.3,17,0.9966666666666667,0.9974705,0.9473684210526321,0.9595468,3.394118858705146,2.653034,,,,
max_entropy,N/A,rrg,0.5,0.05,0.3,17,1.0,0.9990984,1.0,0.9859642,2.0500914549228098,1.9432237,,,,
max_entropy,N/A,rrg,0.6000000000000001,0.05,0.3,17,1.0,0.9997921,1.0,0.996728,1.217042301886736,1.3818427,,,,
max_entropy,N/A,rrg,0.7000000000000001,0.05,0.3,17,1.0,0.9999475,1.0,0.9991715,0.844794646129373,0.9038667,,,,
max_entropy,N/A,rrg,0.8,0.05,0.3,17,1.0,0.99998444,1.0,0.99975437,0.751842605077546,0.49132925,,,,
max_entropy,N/A,rrg,0.9,0.05,0.3,17,1.0,0.99998575,1.0,0.99977505,0.18790974709015762,0.228672,,,,
max_entropy,N/A,rrg,1.0,0.05,0.3,17,1.0,0.99997354,1.0,0.99958205,7.084191523293005e-05,0.03151021,,,,
max_entropy,N/A,rrg,0.0,0.1,0.3,17,0.9233333333333333,0.90000165,0.0,0.0,15.598791618100076,10.708197,,,,
max_entropy,N/A,rrg,0.1,0.1,0.3,17,0.9466666666666667,0.9180884,0.3043478260869563,0.22170219,13.475821375770554,8.48528,,,,
max_entropy,N/A,rrg,0.2,0.1,0.3,17,0.9733333333333334,0.9462839,0.6521739130434789,0.4820837,9.633916592309527,6.6733494,,,,
max_entropy,N/A,rrg,0.30000000000000004,0.1,0.3,17,0.9833333333333333,0.9704824,0.7826086956521732,0.6702591,6.016613523041565,5.3162107,,,,
max_entropy,N/A,rrg,0.4,0.1,0.3,17,0.9966666666666667,0.98654765,0.9565217391304353,0.8449931,3.723882489527106,3.3612976,,,,
max_entropy,N/A,rrg,0.5,0.1,0.3,17,0.9966666666666667,0.99441195,0.9565217391304353,0.9291944,3.2768376881363612,2.2824686,,,,
max_entropy,N/A,rrg,0.6000000000000001,0.1,0.3,17,1.0,0.99823016,1.0,0.9774357,1.465012271254159,1.5521277,,,,
max_entropy,N/A,rrg,0.7000000000000001,0.1,0.3,17,1.0,0.99954104,1.0,0.99404895,1.2391951889382684,0.985124,,,,
max_entropy,N/A,rrg,0.8,0.1,0.3,17,1.0,0.99991894,1.0,0.9989437,0.480838379147825,0.60088235,,,,
max_entropy,N/A,rrg,0.9,0.1,0.3,17,1.0,0.9999827,1.0,0.9997746,0.21119012332112475,0.31903693,,,,
max_entropy,N/A,rrg,1.0,0.1,0.3,17,1.0,0.999978,1.0,0.9997131,8.991380348843018e-06,0.0229933,,,,
max_entropy,N/A,rrg,0.0,0.2,0.3,17,0.8266666666666667,0.80000967,0.0,0.0,6.897408595040526,6.8362656,,,,
max_entropy,N/A,rrg,0.1,0.2,0.3,17,0.8566666666666667,0.8396702,0.1730769230769232,0.15761308,5.495126147205257,6.002052,,,,
max_entropy,N/A,rrg,0.2,0.2,0.3,17,0.8966666666666666,0.87105864,0.4038461538461536,0.35184944,4.135916010216734,4.945494,,,,
max_entropy,N/A,rrg,0.30000000000000004,0.2,0.3,17,0.9266666666666666,0.8978388,0.5769230769230768,0.4946479,3.6474571088126035,3.9953995,,,,
max_entropy,N/A,rrg,0.4,0.2,0.3,17,0.9466666666666667,0.92356557,0.6923076923076923,0.6108851,3.0492537210611292,3.1652803,,,,
max_entropy,N/A,rrg,0.5,0.2,0.3,17,0.9666666666666667,0.9505668,0.8076923076923077,0.7390377,2.726525898939586,2.529806,,,,
max_entropy,N/A,rrg,0.6000000000000001,0.2,0.3,17,0.98,0.97278404,0.8846153846153845,0.8492465,1.6249223705625602,1.730841,,,,
max_entropy,N/A,rrg,0.7000000000000001,0.2,0.3,17,0.9933333333333333,0.9864218,0.9615384615384613,0.92465305,0.8641391874274251,1.1474777,,,,
max_entropy,N/A,rrg,0.8,0.2,0.3,17,1.0,0.99422055,1.0,0.96772563,0.40278863168619866,0.6797053,,,,
max_entropy,N/A,rrg,0.9,0.2,0.3,17,1.0,0.99902457,1.0,0.99440145,0.1904607268364361,0.26208678,,,,
max_entropy,N/A,rrg,1.0,0.2,0.3,17,1.0,0.99991107,1.0,0.99948674,3.3987483378569476e-05,0.040341496,,,,
max_entropy,N/A,rrg,0.0,0.05,0.3,18,0.94,0.95000225,0.0,0.0,14.354836801692958,14.239043,,,,
max_entropy,N/A,rrg,0.1,0.05,0.3,18,0.9633333333333334,0.97030437,0.3888888888888901,0.4400071,10.83323069181212,9.3181925,,,,
max_entropy,N/A,rrg,0.2,0.05,0.3,18,0.9733333333333334,0.9802714,0.5555555555555568,0.6281965,8.52431405495437,6.7410045,,,,
max_entropy,N/A,rrg,0.30000000000000004,0.05,0.3,18,0.9933333333333333,0.98887515,0.8888888888888883,0.8273843,5.239781222890509,3.9714167,,,,
max_entropy,N/A,rrg,0.4,0.05,0.3,18,0.9933333333333333,0.9950301,0.8888888888888883,0.9147575,3.811869547518583,2.8166444,,,,
max_entropy,N/A,rrg,0.5,0.05,0.3,18,0.9966666666666667,0.99819845,0.9444444444444451,0.9691871,2.7995437600941653,2.0063689,,,,
max_entropy,N/A,rrg,0.6000000000000001,0.05,0.3,18,1.0,0.9993554,1.0,0.9893692,1.3590779568743352,1.4136229,,,,
max_entropy,N/A,rrg,0.7000000000000001,0.05,0.3,18,1.0,0.99985474,1.0,0.99758375,0.8404963471271528,0.9471611,,,,
max_entropy,N/A,rrg,0.8,0.05,0.3,18,1.0,0.9999585,1.0,0.99930876,0.39176146127468736,0.6267426,,,,
max_entropy,N/A,rrg,0.9,0.05,0.3,18,1.0,0.99993,1.0,0.99883294,0.21765474001842705,0.30302978,,,,
max_entropy,N/A,rrg,1.0,0.05,0.3,18,1.0,0.9999282,1.0,0.998802,0.00021000171214511463,0.041438345,,,,
max_entropy,N/A,rrg,0.0,0.1,0.3,18,0.91,0.90000165,0.0,0.0,10.662110757580669,10.708197,,,,
max_entropy,N/A,rrg,0.1,0.1,0.3,18,0.9333333333333333,0.9169476,0.2592592592592592,0.21932313,9.44887901593436,7.48689,,,,
max_entropy,N/A,rrg,0.2,0.1,0.3,18,0.9533333333333334,0.9453609,0.4814814814814817,0.44229934,6.805782474087783,5.9448776,,,,
max_entropy,N/A,rrg,0.30000000000000004,0.1,0.3,18,0.9766666666666667,0.96514505,0.7407407407407408,0.65667176,4.666618642791815,3.9947925,,,,
max_entropy,N/A,rrg,0.4,0.1,0.3,18,0.9866666666666667,0.9791195,0.8518518518518521,0.7859427,3.0770575216305898,3.161667,,,,
max_entropy,N/A,rrg,0.5,0.1,0.3,18,0.9866666666666667,0.99117225,0.8518518518518521,0.8967429,2.2360355882801346,2.1540651,,,,
max_entropy,N/A,rrg,0.6000000000000001,0.1,0.3,18,0.9966666666666667,0.9958529,0.9629629629629634,0.9543322,1.2973338859789951,1.5620282,,,,
max_entropy,N/A,rrg,0.7000000000000001,0.1,0.3,18,0.9966666666666667,0.9988374,0.9629629629629634,0.9867618,0.7713710869122701,0.9251473,,,,
max_entropy,N/A,rrg,0.8,0.1,0.3,18,1.0,0.99974394,1.0,0.99716145,0.4504775284485788,0.59539133,,,,
max_entropy,N/A,rrg,0.9,0.1,0.3,18,1.0,0.9999217,1.0,0.99912965,0.1605806941088819,0.2586487,,,,
max_entropy,N/A,rrg,1.0,0.1,0.3,18,1.0,0.9999419,1.0,0.999354,4.20123618518567e-05,0.03550446,,,,
max_entropy,N/A,rrg,0.0,0.2,0.3,18,0.8433333333333334,0.80000967,0.0,0.0,9.448348164513792,6.8362656,,,,
max_entropy,N/A,rrg,0.1,0.2,0.3,18,0.8666666666666667,0.84442145,0.1489361702127659,0.13548551,6.975006614210527,6.1242313,,,,
max_entropy,N/A,rrg,0.2,0.2,0.3,18,0.9,0.88004434,0.36170212765957444,0.32083023,5.80055178427077,5.198887,,,,
max_entropy,N/A,rrg,0.30000000000000004,0.2,0.3,18,0.9266666666666666,0.9114862,0.5319148936170209,0.48492137,4.866197558998059,4.2273545,,,,
max_entropy,N/A,rrg,0.4,0.2,0.3,18,0.9633333333333334,0.9469593,0.7659574468085109,0.69347346,3.018845571561938,3.3157792,,,,
max_entropy,N/A,rrg,0.5,0.2,0.3,18,0.98,0.9668034,0.8723404255319147,0.80456436,2.323607591422045,2.6503313,,,,
max_entropy,N/A,rrg,0.6000000000000001,0.2,0.3,18,0.99,0.98177695,0.9361702127659574,0.8894763,1.3611515201721593,1.839384,,,,
max_entropy,N/A,rrg,0.7000000000000001,0.2,0.3,18,0.9966666666666667,0.99185914,0.9787234042553193,0.9495773,1.0699097955604162,1.26479,,,,
max_entropy,N/A,rrg,0.8,0.2,0.3,18,1.0,0.9980958,1.0,0.98798805,0.3658374464189938,0.6695319,,,,
max_entropy,N/A,rrg,0.9,0.2,0.3,18,1.0,0.9996929,1.0,0.99804264,0.23967619901085338,0.26916957,,,,
max_entropy,N/A,rrg,1.0,0.2,0.3,18,1.0,0.99990255,1.0,0.99937767,4.438799257032538e-05,0.04134398,,,,
max_entropy,N/A,rrg,0.0,0.05,0.3,19,0.95,0.95000225,0.0,0.0,15.64950038989893,14.239043,,,,
max_entropy,N/A,rrg,0.1,0.05,0.3,19,0.9733333333333334,0.9738277,0.4666666666666682,0.47132677,8.30753933640777,9.477171,,,,
max_entropy,N/A,rrg,0.2,0.05,0.3,19,0.99,0.98633975,0.8,0.7454308,5.170065523175172,6.465405,,,,
max_entropy,N/A,rrg,0.30000000000000004,0.05,0.3,19,0.9933333333333333,0.9946416,0.8666666666666659,0.88995254,4.013824067034339,3.9698951,,,,
max_entropy,N/A,rrg,0.4,0.05,0.3,19,0.9966666666666667,0.9979902,0.9333333333333341,0.9587108,2.7504748864608346,2.7744708,,,,
max_entropy,N/A,rrg,0.5,0.05,0.3,19,1.0,0.9994585,1.0,0.98928577,1.4774156097133804,1.8329492,,,,
max_entropy,N/A,rrg,0.6000000000000001,0.05,0.3,19,1.0,0.99987364,1.0,0.997479,0.9548337627447262,1.1944835,,,,
max_entropy,N/A,rrg,0.7000000000000001,0.05,0.3,19,1.0,0.9999689,1.0,0.9993781,0.6924747302051706,0.82757384,,,,
max_entropy,N/A,rrg,0.8,0.05,0.3,19,1.0,0.99998945,1.0,0.999789,0.42833524114626725,0.5013569,,,,
max_entropy,N/A,rrg,0.9,0.05,0.3,19,1.0,0.9999803,1.0,0.99960536,0.19102272004615053,0.2518313,,,,
max_entropy,N/A,rrg,1.0,0.05,0.3,19,1.0,0.9999811,1.0,0.99962205,2.7902279807899244e-05,0.020852057,,,,
max_entropy,N/A,rrg,0.0,0.1,0.3,19,0.92,0.90000165,0.0,0.0,11.808908358962606,10.708197,,,,
max_entropy,N/A,rrg,0.1,0.1,0.3,19,0.9433333333333334,0.92294985,0.29166666666666663,0.23243815,10.132679487740965,8.13331,,,,
max_entropy,N/A,rrg,0.2,0.1,0.3,19,0.9666666666666667,0.93956745,0.5833333333333333,0.4357309,8.286287876258912,6.0011506,,,,
max_entropy,N/A,rrg,0.30000000000000004,0.1,0.3,19,0.98,0.96325296,0.7499999999999997,0.6201731,6.391161216162131,4.2958374,,,,
max_entropy,N/A,rrg,0.4,0.1,0.3,19,0.99,0.9829777,0.8749999999999998,0.8043901,3.4035628101978386,3.0147088,,,,
max_entropy,N/A,rrg,0.5,0.1,0.3,19,0.9933333333333333,0.99077004,0.9166666666666661,0.88820636,2.8852371598721276,2.2313652,,,,
max_entropy,N/A,rrg,0.6000000000000001,0.1,0.3,19,0.9966666666666667,0.99615294,0.9583333333333337,0.9522174,2.0095808033098748,1.51028,,,,
max_entropy,N/A,rrg,0.7000000000000001,0.1,0.3,19,1.0,0.99864155,1.0,0.98330176,0.8412804111733632,0.9558988,,,,
max_entropy,N/A,rrg,0.8,0.1,0.3,19,1.0,0.99969363,1.0,0.99618447,0.5278484906514211,0.5525169,,,,
max_entropy,N/A,rrg,0.9,0.1,0.3,19,1.0,0.999962,1.0,0.9995248,0.28891912001695413,0.27436334,,,,
max_entropy,N/A,rrg,1.0,0.1,0.3,19,1.0,0.99996936,1.0,0.999617,1.5758230235606876e-05,0.030707544,,,,
max_entropy,N/A,rrg,0.0,0.2,0.3,19,0.82,0.80000967,0.0,0.0,5.1936120589128,6.8362656,,,,
max_entropy,N/A,rrg,0.1,0.2,0.3,19,0.85,0.8276494,0.16666666666666677,0.14824212,4.494495493728175,5.512366,,,,
max_entropy,N/A,rrg,0.2,0.2,0.3,19,0.8833333333333333,0.8605411,0.35185185185185186,0.31228164,3.6796216032347493,4.2407694,,,,
max_entropy,N/A,rrg,0.30000000000000004,0.2,0.3,19,0.91,0.8931185,0.5000000000000003,0.4563726,2.905090753807771,3.3886056,,,,
max_entropy,N/A,rrg,0.4,0.2,0.3,19,0.9433333333333334,0.9222143,0.6851851851851855,0.6119705,2.1761542290850175,2.5694003,,,,
max_entropy,N/A,rrg,0.5,0.2,0.3,19,0.9666666666666667,0.9479323,0.8148148148148149,0.7371133,1.5865752439616843,2.0574763,,,,
max_entropy,N/A,rrg,0.6000000000000001,0.2,0.3,19,0.98,0.96949494,0.8888888888888888,0.839857,1.1893771719491384,1.5887058,,,,
max_entropy,N/A,rrg,0.7000000000000001,0.2,0.3,19,0.9966666666666667,0.98362833,0.9814814814814816,0.9151676,0.7527310714697977,1.1309524,,,,
max_entropy,N/A,rrg,0.8,0.2,0.3,19,1.0,0.99331623,1.0,0.96417814,0.4265148607690927,0.63248146,,,,
max_entropy,N/A,rrg,0.9,0.2,0.3,19,1.0,0.9982427,1.0,0.99031997,0.23573400110658818,0.29777104,,,,
max_entropy,N/A,rrg,1.0,0.2,0.3,19,1.0,0.999883,1.0,0.99934965,3.409332672135142e-05,0.04617889,,,,
random,N/A,rrg,0.0,0.05,0.3,0,0.9266666666666666,0.95000225,0.0,0.0,14.562350623612717,14.239043,,,,
random,N/A,rrg,0.1,0.05,0.3,0,0.93,0.9441174,0.04545454545454649,0.05629113,8.080806484357488,8.530382,,,,
random,N/A,rrg,0.2,0.05,0.3,0,0.96,0.95481026,0.45454545454545425,0.40101552,5.001377902103031,5.64841,,,,
random,N/A,rrg,0.30000000000000004,0.05,0.3,0,0.9533333333333334,0.95437866,0.3636363636363643,0.40940753,2.6971344857576582,3.4921749,,,,
random,N/A,rrg,0.4,0.05,0.3,0,0.96,0.96419984,0.45454545454545425,0.5233229,2.3671638971360047,2.5470057,,,,
random,N/A,rrg,0.5,0.05,0.3,0,0.97,0.9733736,0.5909090909090907,0.63411593,2.4328564090805522,1.7536701,,,,
random,N/A,rrg,0.6000000000000001,0.05,0.3,0,0.9833333333333333,0.9837911,0.7727272727272722,0.7774581,1.2682569728246145,1.2570933,,,,
random,N/A,rrg,0.7000000000000001,0.05,0.3,0,0.9933333333333333,0.9944153,0.9090909090909085,0.9226495,0.5248898533031351,0.79160714,,,,
random,N/A,rrg,0.8,0.05,0.3,0,0.9933333333333333,0.99434,0.9090909090909085,0.9215538,0.5026382957618865,0.6060558,,,,
random,N/A,rrg,0.9,0.05,0.3,0,0.9866666666666667,0.9957252,0.8181818181818186,0.93734396,0.13034859334476429,0.23369746,,,,
random,N/A,rrg,1.0,0.05,0.3,0,1.0,0.9999627,1.0,0.99949104,2.204619332576353e-05,0.027253224,,,,
random,N/A,rrg,0.0,0.1,0.3,0,0.88,0.90000165,0.0,0.0,12.820742508323264,10.708197,,,,
random,N/A,rrg,0.1,0.1,0.3,0,0.89,0.91993773,0.08333333333333341,0.15264985,9.130564717440842,7.789152,,,,
random,N/A,rrg,0.2,0.1,0.3,0,0.9066666666666666,0.9209849,0.22222222222222182,0.25629023,7.797041466004685,5.7134495,,,,
random,N/A,rrg,0.30000000000000004,0.1,0.3,0,0.93,0.9512532,0.4166666666666671,0.50182986,5.693922085164016,4.2559295,,,,
random,N/A,rrg,0.4,0.1,0.3,0,0.9633333333333334,0.9552597,0.6944444444444448,0.6109552,3.5622484218472277,2.5897365,,,,
random,N/A,rrg,0.5,0.1,0.3,0,0.97,0.96244997,0.7499999999999998,0.6963382,2.139589155932162,2.033818,,,,
random,N/A,rrg,0.6000000000000001,0.1,0.3,0,0.98,0.97194785,0.8333333333333331,0.7679273,1.5486744847526122,1.2992287,,,,
random,N/A,rrg,0.7000000000000001,0.1,0.3,0,0.9766666666666667,0.98583364,0.8055555555555557,0.8672851,1.24559176665119,0.939928,,,,
random,N/A,rrg,0.8,0.1,0.3,0,0.99,0.9911729,0.9166666666666666,0.92412174,0.5455079769237067,0.5646381,,,,
random,N/A,rrg,0.9,0.1,0.3,0,1.0,0.99685615,1.0,0.974389,0.20527546033641905,0.2797103,,,,
random,N/A,rrg,1.0,0.1,0.3,0,1.0,0.99990875,1.0,0.9992391,8.232818442305028e-05,0.044714786,,,,
random,N/A,rrg,0.0,0.2,0.3,0,0.79,0.80000967,0.0,0.0,6.931045931135701,6.8362656,,,,
random,N/A,rrg,0.1,0.2,0.3,0,0.8033333333333333,0.8256085,0.06349206349206338,0.110775985,5.720494187679869,5.3414965,,,,
random,N/A,rrg,0.2,0.2,0.3,0,0.83,0.8360768,0.19047619047619016,0.2193011,5.04460922627877,3.8979557,,,,
random,N/A,rrg,0.30000000000000004,0.2,0.3,0,0.8533333333333334,0.8764022,0.30158730158730174,0.37456754,3.6525632568463684,3.3563287,,,,
random,N/A,rrg,0.4,0.2,0.3,0,0.8766666666666667,0.89457196,0.4126984126984128,0.4585695,2.926199531095232,2.5113847,,,,
random,N/A,rrg,0.5,0.2,0.3,0,0.91,0.91900736,0.5714285714285715,0.5862045,2.2302424434175094,1.8650122,,,,
random,N/A,rrg,0.6000000000000001,0.2,0.3,0,0.9566666666666667,0.93672425,0.7936507936507936,0.7151853,1.5068347516643514,1.3993741,,,,
random,N/A,rrg,0.7000000000000001,0.2,0.3,0,0.9666666666666667,0.96004844,0.8412698412698413,0.8132664,0.8637103661784996,0.87471986,,,,
random,N/A,rrg,0.8,0.2,0.3,0,0.97,0.9734644,0.857142857142857,0.868827,0.4691943914139347,0.57022905,,,,
random,N/A,rrg,0.9,0.2,0.3,0,0.9833333333333333,0.98184633,0.9206349206349204,0.9147286,0.25220501761805836,0.2594608,,,,
random,N/A,rrg,1.0,0.2,0.3,0,1.0,0.9998753,1.0,0.9994059,4.289301773157865e-05,0.048339717,,,,
random,N/A,rrg,0.0,0.05,0.3,1,0.9633333333333334,0.95000225,0.0,0.0,13.531526687150315,14.239043,,,,
random,N/A,rrg,0.1,0.05,0.3,1,0.9733333333333334,0.96901715,0.27272727272727326,0.24400431,9.925543017814226,9.890284,,,,
random,N/A,rrg,0.2,0.05,0.3,1,0.9766666666666667,0.96114606,0.36363636363636337,0.17443731,4.950373340687694,5.9311004,,,,
random,N/A,rrg,0.30000000000000004,0.05,0.3,1,0.9866666666666667,0.97016114,0.6363636363636367,0.3464932,3.8775535988092362,3.5864315,,,,
random,N/A,rrg,0.4,0.05,0.3,1,0.9833333333333333,0.9786019,0.5454545454545435,0.4782713,3.7123944230661587,3.1080077,,,,
random,N/A,rrg,0.5,0.05,0.3,1,0.99,0.9878012,0.7272727272727267,0.70114046,1.8888820978865184,1.5851173,,,,
random,N/A,rrg,0.6000000000000001,0.05,0.3,1,0.99,0.9852636,0.7272727272727267,0.6237983,1.4517551916844618,1.2367704,,,,
random,N/A,rrg,0.7000000000000001,0.05,0.3,1,1.0,0.9909084,1.0,0.7695585,0.5779416230684751,0.76076514,,,,
random,N/A,rrg,0.8,0.05,0.3,1,1.0,0.99932516,1.0,0.981923,0.4200644531542623,0.49820182,,,,
random,N/A,rrg,0.9,0.05,0.3,1,1.0,0.9993076,1.0,0.98145425,0.20314449516210467,0.24580297,,,,
random,N/A,rrg,1.0,0.05,0.3,1,1.0,0.99996966,1.0,0.9991722,3.128130033089988e-05,0.027403936,,,,
random,N/A,rrg,0.0,0.1,0.3,1,0.9066666666666666,0.90000165,0.0,0.0,10.668821069152425,10.708197,,,,
random,N/A,rrg,0.1,0.1,0.3,1,0.92,0.90834737,0.1428571428571437,0.07217501,8.731786413810253,7.4927197,,,,
random,N/A,rrg,0.2,0.1,0.3,1,0.9266666666666666,0.92629474,0.21428571428571436,0.21006651,4.792225290833408,5.553977,,,,
random,N/A,rrg,0.30000000000000004,0.1,0.3,1,0.9466666666666667,0.9539409,0.4285714285714287,0.46860018,4.356285330089898,4.2082424,,,,
random,N/A,rrg,0.4,0.1,0.3,1,0.9633333333333334,0.95725137,0.6071428571428578,0.57865816,2.776434124335392,2.7330925,,,,
random,N/A,rrg,0.5,0.1,0.3,1,0.9533333333333334,0.9608867,0.5000000000000006,0.57824606,1.6964109728781906,1.8751652,,,,
random,N/A,rrg,0.6000000000000001,0.1,0.3,1,0.9766666666666667,0.97851825,0.7500000000000003,0.7651374,1.3553933333248291,1.3214359,,,,
random,N/A,rrg,0.7000000000000001,0.1,0.3,1,0.97,0.979227,0.6785714285714285,0.7636506,1.0861307876430708,1.0110346,,,,
random,N/A,rrg,0.8,0.1,0.3,1,0.9866666666666667,0.9919033,0.8571428571428574,0.9118845,0.5533629022386021,0.5374925,,,,
random,N/A,rrg,0.9,0.1,0.3,1,0.9933333333333333,0.99564046,0.9285714285714282,0.95209193,0.18182643650080493,0.28060117,,,,
random,N/A,rrg,1.0,0.1,0.3,1,1.0,0.99994445,1.0,0.99940455,5.239463648826334e-05,0.034256533,,,,
random,N/A,rrg,0.0,0.2,0.3,1,0.82,0.80000967,0.0,0.0,8.508275146439757,6.8362656,,,,
random,N/A,rrg,0.1,0.2,0.3,1,0.8466666666666667,0.8357303,0.14814814814814845,0.12569879,6.123995756015467,5.6871996,,,,
random,N/A,rrg,0.2,0.2,0.3,1,0.87,0.8422857,0.27777777777777796,0.22028348,6.203691020831776,4.2634053,,,,
random,N/A,rrg,0.30000000000000004,0.2,0.3,1,0.8766666666666667,0.87761915,0.3148148148148152,0.32851866,3.2476898832833117,3.2924628,,,,
random,N/A,rrg,0.4,0.2,0.3,1,0.91,0.91184694,0.5000000000000003,0.5349692,2.3674918881377516,2.7200103,,,,
random,N/A,rrg,0.5,0.2,0.3,1,0.93,0.92686206,0.6111111111111115,0.607123,1.7932330707447734,1.9130675,,,,
random,N/A,rrg,0.6000000000000001,0.2,0.3,1,0.9366666666666666,0.9445978,0.6481481481481481,0.68045634,1.2485445751933548,1.3637642,,,,
random,N/A,rrg,0.7000000000000001,0.2,0.3,1,0.9666666666666667,0.9614752,0.8148148148148149,0.7924023,0.996700358805878,0.96826863,,,,
random,N/A,rrg,0.8,0.2,0.3,1,0.9733333333333334,0.9803003,0.8518518518518522,0.8872489,0.7794010565723665,0.5432536,,,,
random,N/A,rrg,0.9,0.2,0.3,1,0.99,0.9884964,0.9444444444444444,0.9375763,0.32821641625139214,0.31618357,,,,
random,N/A,rrg,1.0,0.2,0.3,1,1.0,0.9999204,1.0,0.9995578,1.7045901887299787e-05,0.037051022,,,,
random,N/A,rrg,0.0,0.05,0.3,2,0.9433333333333334,0.95000225,0.0,0.0,20.57785187483342,14.239043,,,,
random,N/A,rrg,0.1,0.05,0.3,2,0.95,0.96280235,0.11764705882352826,0.15198371,11.231138884872047,9.355896,,,,
random,N/A,rrg,0.2,0.05,0.3,2,0.9466666666666667,0.966185,0.05882352941176413,0.25067922,7.8686821630312895,6.053934,,,,
random,N/A,rrg,0.30000000000000004,0.05,0.3,2,0.97,0.9701099,0.470588235294117,0.38893715,3.9173564504486467,4.2432714,,,,
random,N/A,rrg,0.4,0.05,0.3,2,0.9633333333333334,0.9783134,0.3529411764705887,0.50897455,4.172454862206879,3.042952,,,,
random,N/A,rrg,0.5,0.05,0.3,2,0.9833333333333333,0.9912099,0.7058823529411754,0.83389276,2.388567398530591,1.8866681,,,,
random,N/A,rrg,0.6000000000000001,0.05,0.3,2,0.9833333333333333,0.99151915,0.7058823529411754,0.8139613,1.957231781738836,1.346146,,,,
random,N/A,rrg,0.7000000000000001,0.05,0.3,2,0.9966666666666667,0.99408406,0.9411764705882358,0.8943608,1.1592224938405593,1.0309583,,,,
random,N/A,rrg,0.8,0.05,0.3,2,0.9966666666666667,0.9956429,0.9411764705882358,0.9200671,0.6320833261400274,0.55688244,,,,
random,N/A,rrg,0.9,0.05,0.3,2,1.0,0.99908084,1.0,0.9839034,0.16215714371057555,0.19389501,,,,
random,N/A,rrg,1.0,0.05,0.3,2,1.0,0.9999721,1.0,0.99950767,0.0001748259974823814,0.036583126,,,,
random,N/A,rrg,0.0,0.1,0.3,2,0.8966666666666666,0.90000165,0.0,0.0,9.159068744730225,10.708197,,,,
random,N/A,rrg,0.1,0.1,0.3,2,0.9,0.904245,0.03225806451612976,0.020270286,6.574844787635769,7.54973,,,,
random,N/A,rrg,0.2,0.1,0.3,2,0.91,0.92480385,0.1290322580645169,0.17508669,4.5186040341626645,5.5949903,,,,
random,N/A,rrg,0.30000000000000004,0.1,0.3,2,0.9333333333333333,0.93134296,0.3548387096774198,0.35376236,3.6198745052422443,3.8290715,,,,
random,N/A,rrg,0.4,0.1,0.3,2,0.93,0.9414144,0.32258064516129115,0.4060356,2.6815822022638978,2.8557782,,,,
random,N/A,rrg,0.5,0.1,0.3,2,0.9566666666666667,0.96290547,0.5806451612903228,0.6469493,1.3845589193427292,1.8592429,,,,
random,N/A,rrg,0.6000000000000001,0.1,0.3,2,0.9766666666666667,0.9684484,0.7741935483870971,0.71079963,0.9759557268349311,1.3392619,,,,
random,N/A,rrg,0.7000000000000001,0.1,0.3,2,0.9833333333333333,0.9805086,0.8387096774193544,0.8225582,0.546995977516821,0.74522376,,,,
random,N/A,rrg,0.8,0.1,0.3,2,0.9866666666666667,0.98386467,0.8709677419354842,0.84709305,0.3910436175036177,0.47576356,,,,
random,N/A,rrg,0.9,0.1,0.3,2,0.99,0.99614215,0.9032258064516129,0.96029246,0.27723522346912005,0.24324287,,,,
random,N/A,rrg,1.0,0.1,0.3,2,1.0,0.99994975,1.0,0.99951357,1.0386173710202237e-05,0.02626491,,,,
random,N/A,rrg,0.0,0.2,0.3,2,0.8266666666666667,0.80000967,0.0,0.0,6.386568371410257,6.8362656,,,,
random,N/A,rrg,0.1,0.2,0.3,2,0.8366666666666667,0.8091482,0.057692307692307744,0.038598824,5.267299423857173,5.2580876,,,,
random,N/A,rrg,0.2,0.2,0.3,2,0.8766666666666667,0.83952427,0.2884615384615387,0.20772192,4.169960704901781,4.1601486,,,,
random,N/A,rrg,0.30000000000000004,0.2,0.3,2,0.8833333333333333,0.85533303,0.32692307692307676,0.29815242,2.817978291651789,3.0688164,,,,
random,N/A,rrg,0.4,0.2,0.3,2,0.9166666666666666,0.89151734,0.519230769230769,0.45818365,2.8125744187427366,2.5431566,,,,
random,N/A,rrg,0.5,0.2,0.3,2,0.9266666666666666,0.9169889,0.5769230769230768,0.54325217,1.4599994052976495,1.9121655,,,,
random,N/A,rrg,0.6000000000000001,0.2,0.3,2,0.95,0.93995607,0.7115384615384613,0.6659689,1.3996798260613486,1.2622645,,,,
random,N/A,rrg,0.7000000000000001,0.2,0.3,2,0.9533333333333334,0.95086163,0.730769230769231,0.7244976,0.8943067142683143,0.9088428,,,,
random,N/A,rrg,0.8,0.2,0.3,2,0.98,0.9705157,0.8846153846153845,0.83833385,0.37412102521332896,0.5571073,,,,
random,N/A,rrg,0.9,0.2,0.3,2,0.9933333333333333,0.9864084,0.9615384615384613,0.9243958,0.19086831820804154,0.26397353,,,,
random,N/A,rrg,1.0,0.2,0.3,2,1.0,0.9999166,1.0,0.99951875,1.873997117978558e-05,0.040730726,,,,
random,N/A,rrg,0.0,0.05,0.3,3,0.9466666666666667,0.95000225,0.0,0.0,13.454810632869716,14.239043,,,,
random,N/A,rrg,0.1,0.05,0.3,3,0.9533333333333334,0.9529812,0.12500000000000078,0.08353122,9.29539005092656,9.114173,,,,
random,N/A,rrg,0.2,0.05,0.3,3,0.9666666666666667,0.96167666,0.3750000000000003,0.2821138,6.187100589896661,5.424359,,,,
random,N/A,rrg,0.30000000000000004,0.05,0.3,3,0.9666666666666667,0.9735382,0.3750000000000003,0.45812625,4.512754837593969,3.698663,,,,
random,N/A,rrg,0.4,0.05,0.3,3,0.9766666666666667,0.980235,0.5625000000000004,0.58315694,3.0484102303909717,2.9796603,,,,
random,N/A,rrg,0.5,0.05,0.3,3,0.9766666666666667,0.9765976,0.5625000000000004,0.60016316,1.77555078482206,1.7853886,,,,
random,N/A,rrg,0.6000000000000001,0.05,0.3,3,0.99,0.9800599,0.8124999999999999,0.60740066,1.2177986308602657,1.1306052,,,,
random,N/A,rrg,0.7000000000000001,0.05,0.3,3,0.9766666666666667,0.9882411,0.5625000000000004,0.77436876,1.3076668612321884,0.879457,,,,
random,N/A,rrg,0.8,0.05,0.3,3,0.9966666666666667,0.99765176,0.9375000000000007,0.95505327,0.4757652069440174,0.5096457,,,,
random,N/A,rrg,0.9,0.05,0.3,3,1.0,0.99862486,1.0,0.97446996,0.23369503707142247,0.25895956,,,,
random,N/A,rrg,1.0,0.05,0.3,3,1.0,0.9999705,1.0,0.99944663,1.0875966217130915e-05,0.021191943,,,,
random,N/A,rrg,0.0,0.1,0.3,3,0.9033333333333333,0.90000165,0.0,0.0,7.8401314796519985,10.708197,,,,
random,N/A,rrg,0.1,0.1,0.3,3,0.92,0.9153887,0.1724137931034488,0.15305631,5.784109403830303,7.543584,,,,
random,N/A,rrg,0.2,0.1,0.3,3,0.9266666666666666,0.91563326,0.24137931034482737,0.14557381,4.154242084625674,5.5235186,,,,
random,N/A,rrg,0.30000000000000004,0.1,0.3,3,0.9433333333333334,0.92282635,0.4137931034482762,0.3828274,2.71968020956438,3.5506694,,,,
random,N/A,rrg,0.4,0.1,0.3,3,0.9433333333333334,0.9372593,0.4137931034482762,0.42074856,1.6427360041998147,2.4438248,,,,
random,N/A,rrg,0.5,0.1,0.3,3,0.9666666666666667,0.9433248,0.6551724137931035,0.46999928,1.5295021779696385,1.860568,,,,
random,N/A,rrg,0.6000000000000001,0.1,0.3,3,0.97,0.96644187,0.6896551724137928,0.6829675,1.024141469342464,1.1740369,,,,
random,N/A,rrg,0.7000000000000001,0.1,0.3,3,0.9866666666666667,0.9789486,0.8620689655172417,0.7885351,0.9580060070968337,0.71579605,,,,
random,N/A,rrg,0.8,0.1,0.3,3,1.0,0.9898883,1.0,0.9050764,0.2660711135157006,0.43609792,,,,
random,N/A,rrg,0.9,0.1,0.3,3,0.9966666666666667,0.9973057,0.9655172413793107,0.9719105,0.11065416325517456,0.22161956,,,,
random,N/A,rrg,1.0,0.1,0.3,3,1.0,0.9999581,1.0,0.99956644,1.1952483373554242e-05,0.028155943,,,,
random,N/A,rrg,0.0,0.2,0.3,3,0.7933333333333333,0.80000967,0.0,0.0,6.8642272630881145,6.8362656,,,,
random,N/A,rrg,0.1,0.2,0.3,3,0.8133333333333334,0.8236005,0.09677419354838718,0.10885513,5.109578887516677,5.347815,,,,
random,N/A,rrg,0.2,0.2,0.3,3,0.84,0.83807904,0.22580645161290308,0.21760872,4.254613191064098,3.9189153,,,,
random,N/A,rrg,0.30000000000000004,0.2,0.3,3,0.86,0.87693596,0.32258064516129026,0.35672626,3.3758546488865613,3.706585,,,,
random,N/A,rrg,0.4,0.2,0.3,3,0.8833333333333333,0.8911786,0.43548387096774177,0.45587257,2.112310057380413,2.4245183,,,,
random,N/A,rrg,0.5,0.2,0.3,3,0.9166666666666666,0.9186668,0.5967741935483869,0.59101903,2.3634620702534144,1.7919973,,,,
random,N/A,rrg,0.6000000000000001,0.2,0.3,3,0.9233333333333333,0.935071,0.6290322580645161,0.6677248,1.4334169513328303,1.3693569,,,,
random,N/A,rrg,0.7000000000000001,0.2,0.3,3,0.9633333333333334,0.9684081,0.8225806451612905,0.84870815,0.7745184553730091,0.96432537,,,,
random,N/A,rrg,0.8,0.2,0.3,3,0.96,0.97472495,0.8064516129032256,0.86823267,0.4520499181683749,0.6249683,,,,
random,N/A,rrg,0.9,0.2,0.3,3,0.9966666666666667,0.990006,0.9838709677419356,0.9530936,0.12326536279528666,0.33632436,,,,
random,N/A,rrg,1.0,0.2,0.3,3,1.0,0.99987906,1.0,0.9994145,2.8466886024423086e-05,0.045994382,,,,
random,N/A,rrg,0.0,0.05,0.3,4,0.94,0.95000225,0.0,0.0,17.01064977090072,14.239043,,,,
random,N/A,rrg,0.1,0.05,0.3,4,0.95,0.9622119,0.16666666666666666,0.1510669,9.620353634019175,8.70023,,,,
random,N/A,rrg,0.2,0.05,0.3,4,0.9533333333333334,0.97050923,0.22222222222222346,0.3638561,6.1746957450317534,5.341049,,,,
random,N/A,rrg,0.30000000000000004,0.05,0.3,4,0.9733333333333334,0.9689795,0.5555555555555568,0.39746755,4.507246342291292,3.6833985,,,,
random,N/A,rrg,0.4,0.05,0.3,4,0.9733333333333334,0.9797864,0.5555555555555568,0.62276274,3.4012999054084956,2.5079505,,,,
random,N/A,rrg,0.5,0.05,0.3,4,0.9866666666666667,0.98664033,0.7777777777777783,0.74290353,2.1031304073892003,1.7283274,,,,
random,N/A,rrg,0.6000000000000001,0.05,0.3,4,0.9933333333333333,0.9930054,0.8888888888888883,0.8774465,0.8751821072618073,1.1500843,,,,
random,N/A,rrg,0.7000000000000001,0.05,0.3,4,0.9933333333333333,0.9910146,0.8888888888888883,0.8385521,0.9377673568522774,0.83139324,,,,
random,N/A,rrg,0.8,0.05,0.3,4,0.9966666666666667,0.997177,0.9444444444444451,0.9512922,0.3850599816242697,0.50379914,,,,
random,N/A,rrg,0.9,0.05,0.3,4,1.0,0.9988969,1.0,0.9819416,0.243823882187093,0.28295797,,,,
random,N/A,rrg,1.0,0.05,0.3,4,1.0,0.99996907,1.0,0.99948424,1.2477974204944198e-05,0.021368155,,,,
random,N/A,rrg,0.0,0.1,0.3,4,0.9,0.90000165,0.0,0.0,10.283115299295655,10.708197,,,,
random,N/A,rrg,0.1,0.1,0.3,4,0.9133333333333333,0.90359914,0.1333333333333331,0.11788909,7.883328530277918,7.2210994,,,,
random,N/A,rrg,0.2,0.1,0.3,4,0.9233333333333333,0.9218169,0.23333333333333323,0.21362531,5.058267345091948,5.327785,,,,
random,N/A,rrg,0.30000000000000004,0.1,0.3,4,0.9333333333333333,0.9421846,0.3333333333333333,0.40951815,4.101198371569317,3.8143702,,,,
random,N/A,rrg,0.4,0.1,0.3,4,0.9433333333333334,0.94526714,0.43333333333333346,0.49958992,3.0784108868414153,2.6557734,,,,
random,N/A,rrg,0.5,0.1,0.3,4,0.9566666666666667,0.9654921,0.5666666666666665,0.663671,1.7082280046378988,1.9057127,,,,
random,N/A,rrg,0.6000000000000001,0.1,0.3,4,0.9833333333333333,0.97660685,0.8333333333333328,0.77631736,1.406373726797292,1.1582924,,,,
random,N/A,rrg,0.7000000000000001,0.1,0.3,4,0.9666666666666667,0.98219603,0.6666666666666666,0.81410486,0.96689444032194,0.9042528,,,,
random,N/A,rrg,0.8,0.1,0.3,4,0.9966666666666667,0.9908205,0.966666666666667,0.91185296,0.36043211733339686,0.51988083,,,,
random,N/A,rrg,0.9,0.1,0.3,4,1.0,0.9967149,1.0,0.96807986,0.17137355966374562,0.2071453,,,,
random,N/A,rrg,1.0,0.1,0.3,4,1.0,0.9999353,1.0,0.999353,2.5969243013155428e-05,0.034585323,,,,
random,N/A,rrg,0.0,0.2,0.3,4,0.8166666666666667,0.80000967,0.0,0.0,7.5159998575400175,6.8362656,,,,
random,N/A,rrg,0.1,0.2,0.3,4,0.8433333333333334,0.83206904,0.14545454545454578,0.13031504,5.767909844539699,5.645462,,,,
random,N/A,rrg,0.2,0.2,0.3,4,0.8533333333333334,0.854845,0.20000000000000037,0.22376198,4.419796035338402,4.5484104,,,,
random,N/A,rrg,0.30000000000000004,0.2,0.3,4,0.87,0.8706698,0.29090909090909095,0.31029278,4.3150057332695795,3.6613746,,,,
random,N/A,rrg,0.4,0.2,0.3,4,0.87,0.8814189,0.29090909090909095,0.3390258,2.7203449074142116,2.4648447,,,,
random,N/A,rrg,0.5,0.2,0.3,4,0.9333333333333333,0.92912066,0.6363636363636365,0.6158172,2.021715531898964,2.0101104,,,,
random,N/A,rrg,0.6000000000000001,0.2,0.3,4,0.9566666666666667,0.9476953,0.7636363636363637,0.7274361,1.5988155910791628,1.4265809,,,,
random,N/A,rrg,0.7000000000000001,0.2,0.3,4,0.9633333333333334,0.96284974,0.8000000000000003,0.7949949,0.772754064395443,1.0122272,,,,
random,N/A,rrg,0.8,0.2,0.3,4,0.97,0.97135836,0.8363636363636362,0.8440653,0.4933006278755922,0.48660544,,,,
random,N/A,rrg,0.9,0.2,0.3,4,0.98,0.9834648,0.8909090909090909,0.90908134,0.1078770498081767,0.2536249,,,,
random,N/A,rrg,1.0,0.2,0.3,4,1.0,0.99991447,1.0,0.9995333,1.5231362104611819e-05,0.035648987,,,,
random,N/A,rrg,0.0,0.05,0.3,5,0.9433333333333334,0.95000225,0.0,0.0,14.098301621283207,14.239043,,,,
random,N/A,rrg,0.1,0.05,0.3,5,0.9566666666666667,0.9680123,0.2352941176470585,0.2941971,9.931232988317955,8.97806,,,,
random,N/A,rrg,0.2,0.05,0.3,5,0.9533333333333334,0.9592209,0.17647058823529435,0.20972595,5.849598883575644,6.131249,,,,
random,N/A,rrg,0.30000000000000004,0.05,0.3,5,0.96,0.96731305,0.2941176470588226,0.34384575,5.064652639446066,3.7297287,,,,
random,N/A,rrg,0.4,0.05,0.3,5,0.9833333333333333,0.9841335,0.7058823529411754,0.72404826,2.0483302764572096,2.743027,,,,
random,N/A,rrg,0.5,0.05,0.3,5,0.9866666666666667,0.98149925,0.7647058823529416,0.68783844,1.4712966777916046,1.8568302,,,,
random,N/A,rrg,0.6000000000000001,0.05,0.3,5,0.98,0.9861662,0.6470588235294114,0.75220656,1.2699931850714368,1.2124832,,,,
random,N/A,rrg,0.7000000000000001,0.05,0.3,5,0.9966666666666667,0.9942856,0.9411764705882358,0.90364826,0.6621806166370992,0.7534387,,,,
random,N/A,rrg,0.8,0.05,0.3,5,1.0,0.99785745,1.0,0.9633391,0.44650061407183966,0.42756316,,,,
random,N/A,rrg,0.9,0.05,0.3,5,1.0,0.99938047,1.0,0.98917836,0.30033839098241993,0.24124222,,,,
random,N/A,rrg,1.0,0.05,0.3,5,1.0,0.9999601,1.0,0.999296,1.398277696878294e-05,0.022602478,,,,
random,N/A,rrg,0.0,0.1,0.3,5,0.9,0.90000165,0.0,0.0,9.191150215219727,10.708197,,,,
random,N/A,rrg,0.1,0.1,0.3,5,0.9166666666666666,0.9195332,0.1666666666666661,0.14671963,6.605677460672388,7.774291,,,,
random,N/A,rrg,0.2,0.1,0.3,5,0.92,0.91447216,0.20000000000000023,0.25994438,4.413993453166369,4.8634567,,,,
random,N/A,rrg,0.30000000000000004,0.1,0.3,5,0.9433333333333334,0.93232155,0.43333333333333346,0.33270255,3.035982778521432,3.7279363,,,,
random,N/A,rrg,0.4,0.1,0.3,5,0.95,0.9440269,0.49999999999999944,0.4216701,2.6848063978788663,2.7566473,,,,
random,N/A,rrg,0.5,0.1,0.3,5,0.95,0.95716006,0.49999999999999944,0.5565743,2.3808972710443967,1.9885325,,,,
random,N/A,rrg,0.6000000000000001,0.1,0.3,5,0.97,0.9711497,0.6999999999999996,0.7084169,1.1724424168971443,1.3524916,,,,
random,N/A,rrg,0.7000000000000001,0.1,0.3,5,0.99,0.9787543,0.8999999999999999,0.7976314,0.5724115876328734,0.7881779,,,,
random,N/A,rrg,0.8,0.1,0.3,5,0.9933333333333333,0.9889997,0.9333333333333329,0.8918471,0.3055115520377097,0.49090195,,,,
random,N/A,rrg,0.9,0.1,0.3,5,1.0,0.99680877,1.0,0.969044,0.16494787046760057,0.24761282,,,,
random,N/A,rrg,1.0,0.1,0.3,5,1.0,0.99996275,1.0,0.9996274,0.00010339674582685443,0.038139172,,,,
random,N/A,rrg,0.0,0.2,0.3,5,0.7966666666666666,0.80000967,0.0,0.0,6.708982497806437,6.8362656,,,,
random,N/A,rrg,0.1,0.2,0.3,5,0.8133333333333334,0.8199418,0.08196721311475434,0.10009631,5.147404958997958,5.351616,,,,
random,N/A,rrg,0.2,0.2,0.3,5,0.84,0.8437051,0.21311475409836064,0.20084621,4.065304835106733,4.4074144,,,,
random,N/A,rrg,0.30000000000000004,0.2,0.3,5,0.88,0.86089844,0.4098360655737706,0.30586636,3.00705426697754,3.389639,,,,
random,N/A,rrg,0.4,0.2,0.3,5,0.9166666666666666,0.8973718,0.5901639344262294,0.5281739,2.280221760645432,2.3932266,,,,
random,N/A,rrg,0.5,0.2,0.3,5,0.9266666666666666,0.9215094,0.6393442622950819,0.62808627,1.5203612507945758,1.7264386,,,,
random,N/A,rrg,0.6000000000000001,0.2,0.3,5,0.9233333333333333,0.94700336,0.6229508196721313,0.71353704,1.1966255506149772,1.3055091,,,,
random,N/A,rrg,0.7000000000000001,0.2,0.3,5,0.97,0.96105266,0.8524590163934426,0.81538117,0.5763394348649447,0.82623434,,,,
random,N/A,rrg,0.8,0.2,0.3,5,0.9766666666666667,0.97215086,0.8852459016393444,0.8666043,0.40086110507627787,0.53798527,,,,
random,N/A,rrg,0.9,0.2,0.3,5,0.9833333333333333,0.99039304,0.9180327868852457,0.95097107,0.2086546549460725,0.2752716,,,,
random,N/A,rrg,1.0,0.2,0.3,5,1.0,0.99990815,1.0,0.99954814,2.798073492085433e-05,0.042162992,,,,
random,N/A,rrg,0.0,0.05,0.3,6,0.9433333333333334,0.95000225,0.0,0.0,16.61830162128321,14.239043,,,,
random,N/A,rrg,0.1,0.05,0.3,6,0.9566666666666667,0.9571169,0.2352941176470585,0.22141021,9.608264147332767,8.35334,,,,
random,N/A,rrg,0.2,0.05,0.3,6,0.9633333333333334,0.9578359,0.3529411764705887,0.20840877,9.91912924909899,5.8207555,,,,
random,N/A,rrg,0.30000000000000004,0.05,0.3,6,0.9666666666666667,0.9628485,0.4117647058823528,0.365038,4.413818938805411,4.1640882,,,,
random,N/A,rrg,0.4,0.05,0.3,6,0.9766666666666667,0.97768,0.5882352941176472,0.597507,2.736800454265126,2.7222285,,,,
random,N/A,rrg,0.5,0.05,0.3,6,0.9833333333333333,0.97119814,0.7058823529411754,0.4950858,2.187308874920765,2.0413344,,,,
random,N/A,rrg,0.6000000000000001,0.05,0.3,6,0.9933333333333333,0.9906373,0.8823529411764698,0.836429,1.445265055080909,1.5191399,,,,
random,N/A,rrg,0.7000000000000001,0.05,0.3,6,0.9966666666666667,0.99249285,0.9411764705882358,0.8642816,0.8905111656839002,0.89326984,,,,
random,N/A,rrg,0.8,0.05,0.3,6,1.0,0.99801636,1.0,0.9661741,0.3419309294987043,0.54426485,,,,
random,N/A,rrg,0.9,0.05,0.3,6,0.9966666666666667,0.9965391,0.9411764705882358,0.937531,0.3569254915547011,0.2780287,,,,
random,N/A,rrg,1.0,0.05,0.3,6,1.0,0.99997467,1.0,0.9995529,3.869345565634385e-05,0.026358105,,,,
random,N/A,rrg,0.0,0.1,0.3,6,0.9133333333333333,0.90000165,0.0,0.0,10.183260782312622,10.708197,,,,
random,N/A,rrg,0.1,0.1,0.3,6,0.92,0.9142679,0.07692307692307741,0.017962592,7.0557990954530885,7.9581037,,,,
random,N/A,rrg,0.2,0.1,0.3,6,0.9133333333333333,0.9060973,0.0,0.02260855,5.119642638341952,5.43244,,,,
random,N/A,rrg,0.30000000000000004,0.1,0.3,6,0.9666666666666667,0.9440047,0.6153846153846155,0.48119578,3.7216949082049706,4.0602655,,,,
random,N/A,rrg,0.4,0.1,0.3,6,0.96,0.9474766,0.5384615384615381,0.4563448,2.3214567086221054,2.722152,,,,
random,N/A,rrg,0.5,0.1,0.3,6,0.9733333333333334,0.967227,0.6923076923076928,0.6518347,1.952797054219071,1.871289,,,,
random,N/A,rrg,0.6000000000000001,0.1,0.3,6,0.97,0.96522784,0.6538461538461535,0.60538226,1.1879818432788534,1.3900458,,,,
random,N/A,rrg,0.7000000000000001,0.1,0.3,6,0.9966666666666667,0.9833416,0.9615384615384619,0.8287896,0.9434794701718151,0.8112263,,,,
random,N/A,rrg,0.8,0.1,0.3,6,0.9966666666666667,0.99522746,0.9615384615384619,0.94554806,0.4709186020402558,0.49707854,,,,
random,N/A,rrg,0.9,0.1,0.3,6,1.0,0.99644244,1.0,0.9604307,0.30527639350880553,0.2349182,,,,
random,N/A,rrg,1.0,0.1,0.3,6,1.0,0.9999692,1.0,0.9996444,4.7534883223908746e-05,0.03470745,,,,
random,N/A,rrg,0.0,0.2,0.3,6,0.7933333333333333,0.80000967,0.0,0.0,7.306290696417379,6.8362656,,,,
random,N/A,rrg,0.1,0.2,0.3,6,0.8166666666666667,0.8200983,0.11290322580645154,0.08693929,5.292834355526611,5.358759,,,,
random,N/A,rrg,0.2,0.2,0.3,6,0.8366666666666667,0.843246,0.20967741935483872,0.22511184,4.56055015628279,4.194043,,,,
random,N/A,rrg,0.30000000000000004,0.2,0.3,6,0.86,0.87076324,0.32258064516129026,0.35095397,2.4935698531122785,3.1151605,,,,
random,N/A,rrg,0.4,0.2,0.3,6,0.8833333333333333,0.89280194,0.43548387096774177,0.49099073,3.1031884571643205,2.4989612,,,,
random,N/A,rrg,0.5,0.2,0.3,6,0.9166666666666666,0.9130305,0.5967741935483869,0.59130424,1.8684463319326123,1.8658268,,,,
random,N/A,rrg,0.6000000000000001,0.2,0.3,6,0.9566666666666667,0.9396208,0.7903225806451613,0.7154525,1.0686539229457068,1.4117553,,,,
random,N/A,rrg,0.7000000000000001,0.2,0.3,6,0.9633333333333334,0.9583085,0.8225806451612905,0.7966717,0.5609682959206552,0.8834013,,,,
random,N/A,rrg,0.8,0.2,0.3,6,0.98,0.97166574,0.9032258064516128,0.8671339,0.6687245392079583,0.55408645,,,,
random,N/A,rrg,0.9,0.2,0.3,6,0.98,0.98981,0.9032258064516128,0.9481152,0.2948044739242979,0.26529425,,,,
random,N/A,rrg,1.0,0.2,0.3,6,1.0,0.9999076,1.0,0.9995528,1.782816194502904e-05,0.03818877,,,,
random,N/A,rrg,0.0,0.05,0.3,7,0.95,0.95000225,0.0,0.0,13.487046922847743,14.239043,,,,
random,N/A,rrg,0.1,0.05,0.3,7,0.96,0.9557253,0.2,0.1842478,7.825895872953176,7.9962883,,,,
random,N/A,rrg,0.2,0.05,0.3,7,0.9566666666666667,0.9496163,0.13333333333333408,0.16913658,4.472763100665636,5.404768,,,,
random,N/A,rrg,0.30000000000000004,0.05,0.3,7,0.97,0.96068066,0.4,0.3615054,2.980250050262359,3.5761085,,,,
random,N/A,rrg,0.4,0.05,0.3,7,0.9866666666666667,0.97022116,0.7333333333333341,0.52916664,2.27377135473592,2.4346995,,,,
random,N/A,rrg,0.5,0.05,0.3,7,0.9866666666666667,0.9805347,0.7333333333333341,0.6587919,1.4726833917629518,1.7567245,,,,
random,N/A,rrg,0.6000000000000001,0.05,0.3,7,0.9866666666666667,0.98158664,0.7333333333333341,0.68235695,1.343877126708495,1.2109444,,,,
random,N/A,rrg,0.7000000000000001,0.05,0.3,7,1.0,0.9928719,1.0,0.87015074,0.6835600685753259,0.6841855,,,,
random,N/A,rrg,0.8,0.05,0.3,7,0.9933333333333333,0.9943766,0.8666666666666659,0.89268076,0.43705067833620065,0.4900294,,,,
random,N/A,rrg,0.9,0.05,0.3,7,1.0,0.9988101,1.0,0.9767462,0.11784412518263726,0.22871308,,,,
random,N/A,rrg,1.0,0.05,0.3,7,1.0,0.9999837,1.0,0.9996745,1.8642819617660012e-05,0.022105526,,,,
random,N/A,rrg,0.0,0.1,0.3,7,0.92,0.90000165,0.0,0.0,10.991892178606262,10.708197,,,,
random,N/A,rrg,0.1,0.1,0.3,7,0.9266666666666666,0.92104286,0.08333333333333252,0.05146657,8.34124988894122,8.50761,,,,
random,N/A,rrg,0.2,0.1,0.3,7,0.94,0.9422178,0.24999999999999895,0.25712758,5.4929830352639435,6.2158017,,,,
random,N/A,rrg,0.30000000000000004,0.1,0.3,7,0.9633333333333334,0.94863975,0.541666666666667,0.42458284,2.7678260643121146,3.831683,,,,
random,N/A,rrg,0.4,0.1,0.3,7,0.9566666666666667,0.96439105,0.45833333333333304,0.565869,2.567973971912014,2.9357696,,,,
random,N/A,rrg,0.5,0.1,0.3,7,0.9733333333333334,0.97792804,0.6666666666666672,0.69277805,1.9351656785304439,1.8656343,,,,
random,N/A,rrg,0.6000000000000001,0.1,0.3,7,0.9766666666666667,0.978349,0.7083333333333334,0.7142992,1.1196196142236858,1.3965993,,,,
random,N/A,rrg,0.7000000000000001,0.1,0.3,7,0.99,0.98722476,0.8749999999999998,0.83802325,0.9003917212562343,0.70159507,,,,
random,N/A,rrg,0.8,0.1,0.3,7,0.9933333333333333,0.9954913,0.9166666666666661,0.9419899,0.5718028876095269,0.5074652,,,,
random,N/A,rrg,0.9,0.1,0.3,7,0.9933333333333333,0.9962469,0.9166666666666661,0.9512592,0.1800860492231984,0.16049726,,,,
random,N/A,rrg,1.0,0.1,0.3,7,1.0,0.9999593,1.0,0.9994909,1.8075556723725438e-05,0.026954688,,,,
random,N/A,rrg,0.0,0.2,0.3,7,0.8033333333333333,0.80000967,0.0,0.0,9.10689273670821,6.8362656,,,,
random,N/A,rrg,0.1,0.2,0.3,7,0.8233333333333334,0.8264261,0.10169491525423738,0.10505295,6.927817490840084,5.5438213,,,,
random,N/A,rrg,0.2,0.2,0.3,7,0.8466666666666667,0.8316047,0.22033898305084748,0.23589669,6.984296641146765,3.909799,,,,
random,N/A,rrg,0.30000000000000004,0.2,0.3,7,0.87,0.8763055,0.33898305084745756,0.32190114,3.9684553717412747,3.3038833,,,,
random,N/A,rrg,0.4,0.2,0.3,7,0.8966666666666666,0.9049074,0.47457627118644036,0.49875867,2.650020244717858,2.5765975,,,,
random,N/A,rrg,0.5,0.2,0.3,7,0.9233333333333333,0.92415285,0.6101694915254238,0.61585146,1.8212373134782929,1.8783593,,,,
random,N/A,rrg,0.6000000000000001,0.2,0.3,7,0.9333333333333333,0.9398159,0.6610169491525424,0.6655428,0.9437295420351349,1.244906,,,,
random,N/A,rrg,0.7000000000000001,0.2,0.3,7,0.9633333333333334,0.9602602,0.8135593220338985,0.8001882,0.8757026066216135,0.83264744,,,,
random,N/A,rrg,0.8,0.2,0.3,7,0.9833333333333333,0.97438425,0.9152542372881354,0.8741886,0.5920144626301385,0.57421213,,,,
random,N/A,rrg,0.9,0.2,0.3,7,0.9866666666666667,0.9863824,0.9322033898305085,0.9314804,0.13446151022694042,0.2626119,,,,
random,N/A,rrg,1.0,0.2,0.3,7,1.0,0.99991035,1.0,0.999544,2.6258295097391376e-05,0.04037784,,,,
random,N/A,rrg,0.0,0.05,0.3,8,0.9466666666666667,0.95000225,0.0,0.0,12.711894334957117,14.239043,,,,
random,N/A,rrg,0.1,0.05,0.3,8,0.9533333333333334,0.9543909,0.12500000000000078,0.08052554,9.811859576758591,9.187402,,,,
random,N/A,rrg,0.2,0.05,0.3,8,0.9666666666666667,0.9607499,0.3750000000000003,0.34074408,6.879078045733739,5.6798296,,,,
random,N/A,rrg,0.30000000000000004,0.05,0.3,8,0.9533333333333334,0.9559633,0.12500000000000078,0.2010578,4.415354823145782,4.1558056,,,,
random,N/A,rrg,0.4,0.05,0.3,8,0.9866666666666667,0.9745162,0.7500000000000006,0.59514433,2.565173761961648,2.728105,,,,
random,N/A,rrg,0.5,0.05,0.3,8,0.9866666666666667,0.9730235,0.7500000000000006,0.56491923,1.9114941183299943,1.800352,,,,
random,N/A,rrg,0.6000000000000001,0.05,0.3,8,0.9866666666666667,0.98209786,0.7500000000000006,0.67745024,0.9250158636005104,1.2305319,,,,
random,N/A,rrg,0.7000000000000001,0.05,0.3,8,0.9933333333333333,0.9902427,0.8749999999999992,0.82289034,0.8368722517073616,0.98206145,,,,
random,N/A,rrg,0.8,0.05,0.3,8,1.0,0.9968341,1.0,0.9426443,0.5272435807275522,0.5473051,,,,
random,N/A,rrg,0.9,0.05,0.3,8,0.9966666666666667,0.9995528,0.9375000000000007,0.9910956,0.3714474170703082,0.27120584,,,,
random,N/A,rrg,1.0,0.05,0.3,8,1.0,0.9999716,1.0,0.9994679,3.19219897476066e-05,0.028078822,,,,
random,N/A,rrg,0.0,0.1,0.3,8,0.91,0.90000165,0.0,0.0,8.927190950464478,10.708197,,,,
random,N/A,rrg,0.1,0.1,0.3,8,0.92,0.9071379,0.11111111111111124,0.09721585,6.703777963387236,7.4295735,,,,
random,N/A,rrg,0.2,0.1,0.3,8,0.9233333333333333,0.9201941,0.14814814814814792,0.16411787,5.074869043629252,5.341316,,,,
random,N/A,rrg,0.30000000000000004,0.1,0.3,8,0.94,0.931953,0.33333333333333254,0.30793527,5.433944675375017,4.242591,,,,
random,N/A,rrg,0.4,0.1,0.3,8,0.9633333333333334,0.94181377,0.5925925925925929,0.4239385,1.9440168362498964,2.6575718,,,,
random,N/A,rrg,0.5,0.1,0.3,8,0.9633333333333334,0.96501017,0.5925925925925929,0.59126395,2.0382848562458213,2.157543,,,,
random,N/A,rrg,0.6000000000000001,0.1,0.3,8,0.97,0.97446615,0.6666666666666663,0.697762,1.198056284864334,1.4064138,,,,
random,N/A,rrg,0.7000000000000001,0.1,0.3,8,0.99,0.9793868,0.8888888888888887,0.7816673,0.8931182153758547,0.95877755,,,,
random,N/A,rrg,0.8,0.1,0.3,8,0.9966666666666667,0.99366534,0.9629629629629634,0.9299758,0.39543608347643594,0.48249307,,,,
random,N/A,rrg,0.9,0.1,0.3,8,1.0,0.99619794,1.0,0.95940274,0.22168225464523236,0.2380694,,,,
random,N/A,rrg,1.0,0.1,0.3,8,1.0,0.99996644,1.0,0.9996271,9.138578157335517e-06,0.026170349,,,,
random,N/A,rrg,0.0,0.2,0.3,8,0.7733333333333333,0.80000967,0.0,0.0,6.550695238068785,6.8362656,,,,
random,N/A,rrg,0.1,0.2,0.3,8,0.79,0.8269328,0.0735294117647061,0.10849838,4.560614629501162,5.534384,,,,
random,N/A,rrg,0.2,0.2,0.3,8,0.8433333333333334,0.8422702,0.30882352941176494,0.27207488,3.7521889715588514,4.105301,,,,
random,N/A,rrg,0.30000000000000004,0.2,0.3,8,0.84,0.8645499,0.29411764705882343,0.34451708,2.569147256797149,3.1435516,,,,
random,N/A,rrg,0.4,0.2,0.3,8,0.8866666666666667,0.8818089,0.5000000000000002,0.4543741,2.7819409508047177,2.244488,,,,
random,N/A,rrg,0.5,0.2,0.3,8,0.91,0.9189197,0.6029411764705884,0.62658906,1.6843277579428195,1.8964902,,,,
random,N/A,rrg,0.6000000000000001,0.2,0.3,8,0.94,0.9375586,0.7352941176470587,0.71697134,1.111010987169728,1.2999855,,,,
random,N/A,rrg,0.7000000000000001,0.2,0.3,8,0.9533333333333334,0.95155925,0.7941176470588237,0.7868417,0.7576418880078672,0.8549734,,,,
random,N/A,rrg,0.8,0.2,0.3,8,0.98,0.97442544,0.9117647058823529,0.8877942,0.3721661987272759,0.54951215,,,,
random,N/A,rrg,0.9,0.2,0.3,8,0.9866666666666667,0.9865695,0.9411764705882354,0.9400824,0.19848925324131647,0.25487655,,,,
random,N/A,rrg,1.0,0.2,0.3,8,1.0,0.99988365,1.0,0.9994865,3.177687058300248e-05,0.047594674,,,,
random,N/A,rrg,0.0,0.05,0.3,9,0.9566666666666667,0.95000225,0.0,0.0,15.772909279669438,14.239043,,,,
random,N/A,rrg,0.1,0.05,0.3,9,0.9566666666666667,0.9617343,0.0,0.0,9.46777533527343,9.937988,,,,
random,N/A,rrg,0.2,0.05,0.3,9,0.9733333333333334,0.96483094,0.3846153846153858,0.20277174,3.29397668802728,5.5903034,,,,
random,N/A,rrg,0.30000000000000004,0.05,0.3,9,0.9666666666666667,0.9741854,0.23076923076923098,0.36998758,2.923051681855375,3.6712112,,,,
random,N/A,rrg,0.4,0.05,0.3,9,0.9833333333333333,0.986522,0.6153846153846142,0.67791545,3.1227550623106315,2.3412428,,,,
random,N/A,rrg,0.5,0.05,0.3,9,0.98,0.9724993,0.5384615384615381,0.3815339,1.2642893696870778,1.8170406,,,,
random,N/A,rrg,0.6000000000000001,0.05,0.3,9,0.9866666666666667,0.98913693,0.6923076923076928,0.74350214,1.0182769659863873,1.1731912,,,,
random,N/A,rrg,0.7000000000000001,0.05,0.3,9,0.9933333333333333,0.9914051,0.8461538461538451,0.8073479,0.6675601653529083,0.8251865,,,,
random,N/A,rrg,0.8,0.05,0.3,9,1.0,0.9988474,1.0,0.97405404,0.3183717927198863,0.41582534,,,,
random,N/A,rrg,0.9,0.05,0.3,9,1.0,0.9986959,1.0,0.97073376,0.12209043143820705,0.18717743,,,,
random,N/A,rrg,1.0,0.05,0.3,9,1.0,0.9999692,1.0,0.99928856,1.2894728238810315e-05,0.020949911,,,,
random,N/A,rrg,0.0,0.1,0.3,9,0.91,0.90000165,0.0,0.0,7.615022190164796,10.708197,,,,
random,N/A,rrg,0.1,0.1,0.3,9,0.93,0.9110439,0.2222222222222225,0.1880343,5.574977747407918,6.9493775,,,,
random,N/A,rrg,0.2,0.1,0.3,9,0.9166666666666666,0.9031838,0.07407407407407335,0.12077344,5.24458399512892,5.013583,,,,
random,N/A,rrg,0.30000000000000004,0.1,0.3,9,0.9266666666666666,0.9307985,0.1851851851851846,0.27723873,3.8092040652267807,3.9495885,,,,
random,N/A,rrg,0.4,0.1,0.3,9,0.94,0.9429842,0.33333333333333254,0.3745756,2.0453558144661392,2.94343,,,,
random,N/A,rrg,0.5,0.1,0.3,9,0.9766666666666667,0.97221845,0.7407407407407408,0.7240284,1.650420622772472,1.933147,,,,
random,N/A,rrg,0.6000000000000001,0.1,0.3,9,0.98,0.977664,0.7777777777777775,0.760771,0.613149972096432,1.1221848,,,,
random,N/A,rrg,0.7000000000000001,0.1,0.3,9,0.9866666666666667,0.9808069,0.8518518518518521,0.8021845,0.5265479392834,0.86922437,,,,
random,N/A,rrg,0.8,0.1,0.3,9,1.0,0.9933309,1.0,0.93085706,0.3926594427494328,0.5122976,,,,
random,N/A,rrg,0.9,0.1,0.3,9,0.9966666666666667,0.99642324,0.9629629629629634,0.9603546,0.164738224104852,0.19645378,,,,
random,N/A,rrg,1.0,0.1,0.3,9,1.0,0.9999683,1.0,0.9996476,1.1964200769749795e-05,0.026172172,,,,
random,N/A,rrg,0.0,0.2,0.3,9,0.84,0.80000967,0.0,0.0,10.930385270074096,6.8362656,,,,
random,N/A,rrg,0.1,0.2,0.3,9,0.8533333333333334,0.8488567,0.08333333333333386,0.08476659,7.992025684147017,6.2183933,,,,
random,N/A,rrg,0.2,0.2,0.3,9,0.8766666666666667,0.8654659,0.22916666666666705,0.19956225,5.474459271504122,4.984801,,,,
random,N/A,rrg,0.30000000000000004,0.2,0.3,9,0.88,0.8785021,0.25000000000000017,0.26909915,4.670595342006708,3.506875,,,,
random,N/A,rrg,0.4,0.2,0.3,9,0.9033333333333333,0.9145308,0.39583333333333337,0.46075457,3.329910221812483,2.6941211,,,,
random,N/A,rrg,0.5,0.2,0.3,9,0.9466666666666667,0.93022585,0.6666666666666666,0.6115407,2.6425171386343163,1.897439,,,,
random,N/A,rrg,0.6000000000000001,0.2,0.3,9,0.9466666666666667,0.9517468,0.6666666666666666,0.6821604,1.4451683389986636,1.474457,,,,
random,N/A,rrg,0.7000000000000001,0.2,0.3,9,0.9633333333333334,0.96594065,0.7708333333333336,0.7844936,1.2190533679407174,0.9680739,,,,
random,N/A,rrg,0.8,0.2,0.3,9,0.9966666666666667,0.98268574,0.9791666666666669,0.89864224,0.5414291203433768,0.6056842,,,,
random,N/A,rrg,0.9,0.2,0.3,9,0.99,0.9881462,0.9375,0.92666596,0.2862775174058052,0.3126706,,,,
random,N/A,rrg,1.0,0.2,0.3,9,1.0,0.9999135,1.0,0.99945927,2.7179316078113646e-05,0.042373955,,,,
random,N/A,rrg,0.0,0.05,0.3,10,0.96,0.95000225,0.0,0.0,14.891362489864344,14.239043,,,,
random,N/A,rrg,0.1,0.05,0.3,10,0.9666666666666667,0.96173686,0.1666666666666676,0.14837947,7.501558316376735,9.351355,,,,
random,N/A,rrg,0.2,0.05,0.3,10,0.9733333333333334,0.96124977,0.3333333333333352,0.22830638,6.7898564183158046,5.942116,,,,
random,N/A,rrg,0.30000000000000004,0.05,0.3,10,0.9766666666666667,0.97545797,0.4166666666666676,0.48096675,3.2106141636657286,3.8322754,,,,
random,N/A,rrg,0.4,0.05,0.3,10,0.9933333333333333,0.98771024,0.8333333333333324,0.7088731,2.1748687377475933,2.5593333,,,,
random,N/A,rrg,0.5,0.05,0.3,10,0.9766666666666667,0.98263633,0.4166666666666676,0.53801405,1.5938791947762168,1.6470319,,,,
random,N/A,rrg,0.6000000000000001,0.05,0.3,10,0.9966666666666667,0.9898657,0.9166666666666676,0.755441,1.1976074002795616,1.2249963,,,,
random,N/A,rrg,0.7000000000000001,0.05,0.3,10,0.9966666666666667,0.9950828,0.9166666666666676,0.8731323,0.9797922648061325,0.7089452,,,,
random,N/A,rrg,0.8,0.05,0.3,10,1.0,0.99859303,1.0,0.9655776,0.5381929889621239,0.5284622,,,,
random,N/A,rrg,0.9,0.05,0.3,10,1.0,0.9991176,1.0,0.9784096,0.1946045612910719,0.2345752,,,,
random,N/A,rrg,1.0,0.05,0.3,10,1.0,0.99998635,1.0,0.9996587,9.814079303674013e-06,0.018104028,,,,
random,N/A,rrg,0.0,0.1,0.3,10,0.8866666666666667,0.90000165,0.0,0.0,10.310961087297668,10.708197,,,,
random,N/A,rrg,0.1,0.1,0.3,10,0.9,0.91674197,0.11764705882352924,0.13803685,7.73244255337182,7.899193,,,,
random,N/A,rrg,0.2,0.1,0.3,10,0.8966666666666666,0.9049878,0.08823529411764619,0.08468307,5.560042751854926,5.3468423,,,,
random,N/A,rrg,0.30000000000000004,0.1,0.3,10,0.9333333333333333,0.9270349,0.4117647058823528,0.38291097,3.5127084890912887,3.7025301,,,,
random,N/A,rrg,0.4,0.1,0.3,10,0.9566666666666667,0.94145906,0.6176470588235292,0.50815964,3.2522570184061586,2.7869346,,,,
random,N/A,rrg,0.5,0.1,0.3,10,0.9633333333333334,0.9474153,0.6764705882352944,0.5367042,1.5303752970076978,1.9789579,,,,
random,N/A,rrg,0.6000000000000001,0.1,0.3,10,0.97,0.9687215,0.7352941176470584,0.7406693,1.106018016311289,1.3718598,,,,
random,N/A,rrg,0.7000000000000001,0.1,0.3,10,0.98,0.9790734,0.8235294117647056,0.808442,0.6485328196201149,0.8219398,,,,
random,N/A,rrg,0.8,0.1,0.3,10,0.9833333333333333,0.9794818,0.8529411764705878,0.81722116,0.4884822738195565,0.5888884,,,,
random,N/A,rrg,0.9,0.1,0.3,10,0.9966666666666667,0.99392515,0.970588235294118,0.9476509,0.21754928959916464,0.23067223,,,,
random,N/A,rrg,1.0,0.1,0.3,10,1.0,0.9999598,1.0,0.9996455,2.147038088994043e-05,0.035687968,,,,
random,N/A,rrg,0.0,0.2,0.3,10,0.81,0.80000967,0.0,0.0,7.481509133930093,6.8362656,,,,
random,N/A,rrg,0.1,0.2,0.3,10,0.8266666666666667,0.8165147,0.08771929824561375,0.090958945,6.0447531657168385,5.286245,,,,
random,N/A,rrg,0.2,0.2,0.3,10,0.8433333333333334,0.8514272,0.1754385964912281,0.2036514,4.881393790000228,4.4218144,,,,
random,N/A,rrg,0.30000000000000004,0.2,0.3,10,0.88,0.88035035,0.3684210526315788,0.3908587,3.9942133483103905,3.4600708,,,,
random,N/A,rrg,0.4,0.2,0.3,10,0.88,0.90895486,0.3684210526315788,0.51035917,2.8368260420876523,2.594897,,,,
random,N/A,rrg,0.5,0.2,0.3,10,0.9166666666666666,0.9143734,0.5614035087719295,0.5440718,2.1185921046392515,1.9367537,,,,
random,N/A,rrg,0.6000000000000001,0.2,0.3,10,0.9566666666666667,0.9545203,0.7719298245614035,0.75418967,1.371888269414605,1.3486363,,,,
random,N/A,rrg,0.7000000000000001,0.2,0.3,10,0.96,0.9542765,0.7894736842105261,0.7535039,0.7268867661906562,0.94735146,,,,
random,N/A,rrg,0.8,0.2,0.3,10,0.9433333333333334,0.96849567,0.7017543859649124,0.8104165,0.5314145303277029,0.5428768,,,,
random,N/A,rrg,0.9,0.2,0.3,10,0.9933333333333333,0.9912148,0.9649122807017542,0.9551529,0.5254960357720326,0.29397058,,,,
random,N/A,rrg,1.0,0.2,0.3,10,1.0,0.99990773,1.0,0.9995142,5.655420394854835e-05,0.046635494,,,,
random,N/A,rrg,0.0,0.05,0.3,11,0.9466666666666667,0.95000225,0.0,0.0,12.370347545152024,14.239043,,,,
random,N/A,rrg,0.1,0.05,0.3,11,0.9566666666666667,0.9474107,0.18750000000000014,0.102994286,9.345106890528244,8.804354,,,,
random,N/A,rrg,0.2,0.05,0.3,11,0.97,0.957706,0.4374999999999996,0.27560285,4.043413351990489,5.4432106,,,,
random,N/A,rrg,0.30000000000000004,0.05,0.3,11,0.9766666666666667,0.97537804,0.5625000000000004,0.5213327,4.4135878482892625,3.8228743,,,,
random,N/A,rrg,0.4,0.05,0.3,11,0.9833333333333333,0.9817051,0.6874999999999991,0.6524717,2.941583496000345,2.4028697,,,,
random,N/A,rrg,0.5,0.05,0.3,11,0.9833333333333333,0.98225176,0.6874999999999991,0.6659258,1.3680037480245224,1.877378,,,,
random,N/A,rrg,0.6000000000000001,0.05,0.3,11,0.99,0.9847431,0.8124999999999999,0.72882247,1.2540223446290102,1.1619061,,,,
random,N/A,rrg,0.7000000000000001,0.05,0.3,11,0.9833333333333333,0.9904553,0.6874999999999991,0.8226512,0.7419579653407626,0.76142704,,,,
random,N/A,rrg,0.8,0.05,0.3,11,1.0,0.9984125,1.0,0.97108674,0.5476388273828994,0.5269926,,,,
random,N/A,rrg,0.9,0.05,0.3,11,1.0,0.99889547,1.0,0.9795813,0.12332066379726717,0.19884339,,,,
random,N/A,rrg,1.0,0.05,0.3,11,1.0,0.9999634,1.0,0.99931353,4.51126648871516e-05,0.028416576,,,,
random,N/A,rrg,0.0,0.1,0.3,11,0.8933333333333333,0.90000165,0.0,0.0,12.459374259065857,10.708197,,,,
random,N/A,rrg,0.1,0.1,0.3,11,0.91,0.9118457,0.15625000000000044,0.13458492,9.096845445939023,7.597,,,,
random,N/A,rrg,0.2,0.1,0.3,11,0.9133333333333333,0.9284812,0.18750000000000014,0.27463967,6.171428883752937,5.458734,,,,
random,N/A,rrg,0.30000000000000004,0.1,0.3,11,0.9433333333333334,0.9372557,0.46875000000000033,0.40585646,3.626066461159017,4.0128646,,,,
random,N/A,rrg,0.4,0.1,0.3,11,0.9566666666666667,0.94928265,0.5937500000000001,0.54468954,2.698183697508198,2.599094,,,,
random,N/A,rrg,0.5,0.1,0.3,11,0.95,0.95806825,0.5312499999999997,0.6134027,1.6140097538452869,1.9492371,,,,
random,N/A,rrg,0.6000000000000001,0.1,0.3,11,0.9466666666666667,0.96636635,0.5,0.68912476,1.6333861475453288,1.2948344,,,,
random,N/A,rrg,0.7000000000000001,0.1,0.3,11,0.98,0.9851461,0.8124999999999999,0.85711896,0.9963820128253796,0.8158259,,,,
random,N/A,rrg,0.8,0.1,0.3,11,0.9833333333333333,0.99012226,0.8437499999999996,0.9044193,0.548513769271931,0.54314744,,,,
random,N/A,rrg,0.9,0.1,0.3,11,1.0,0.9927911,1.0,0.9346572,0.19754753260464272,0.24317713,,,,
random,N/A,rrg,1.0,0.1,0.3,11,1.0,0.9999367,1.0,0.99940634,5.2626511286571777e-05,0.03646729,,,,
random,N/A,rrg,0.0,0.2,0.3,11,0.8033333333333333,0.80000967,0.0,0.0,5.830543236687865,6.8362656,,,,
random,N/A,rrg,0.1,0.2,0.3,11,0.84,0.819436,0.1864406779661015,0.15824896,4.868859285733635,5.180478,,,,
random,N/A,rrg,0.2,0.2,0.3,11,0.8533333333333334,0.84150136,0.2542372881355935,0.2587449,3.9293273088196186,4.0109487,,,,
random,N/A,rrg,0.30000000000000004,0.2,0.3,11,0.8733333333333333,0.8632654,0.3559322033898303,0.3295425,3.6467446933134653,3.161658,,,,
random,N/A,rrg,0.4,0.2,0.3,11,0.8933333333333333,0.8852707,0.4576271186440677,0.42506504,2.459961115449555,2.43205,,,,
random,N/A,rrg,0.5,0.2,0.3,11,0.9066666666666666,0.9079813,0.525423728813559,0.52875197,2.137657325395906,1.7400122,,,,
random,N/A,rrg,0.6000000000000001,0.2,0.3,11,0.95,0.9351172,0.7457627118644066,0.68467563,1.4396856052943492,1.3471422,,,,
random,N/A,rrg,0.7000000000000001,0.2,0.3,11,0.9666666666666667,0.95631135,0.8305084745762712,0.7851024,0.8081224489819557,0.9295833,,,,
random,N/A,rrg,0.8,0.2,0.3,11,0.97,0.97170794,0.8474576271186439,0.8544311,0.6941221187385008,0.5648304,,,,
random,N/A,rrg,0.9,0.2,0.3,11,0.9766666666666667,0.986609,0.8813559322033899,0.92984396,0.3105785562829025,0.27335453,,,,
random,N/A,rrg,1.0,0.2,0.3,11,1.0,0.9998981,1.0,0.99948156,2.1648909071671073e-05,0.040299993,,,,
random,N/A,rrg,0.0,0.05,0.3,12,0.9266666666666666,0.95000225,0.0,0.0,14.362774201239263,14.239043,,,,
random,N/A,rrg,0.1,0.05,0.3,12,0.9333333333333333,0.94384754,0.09090909090909145,0.10612469,8.561614513900961,8.1942835,,,,
random,N/A,rrg,0.2,0.05,0.3,12,0.9366666666666666,0.94193715,0.13636363636363644,0.20294087,5.63524721620839,5.272171,,,,
random,N/A,rrg,0.30000000000000004,0.05,0.3,12,0.9566666666666667,0.96085,0.4090909090909093,0.42873493,4.055342170743158,3.888366,,,,
random,N/A,rrg,0.4,0.05,0.3,12,0.99,0.977689,0.8636363636363635,0.7267715,2.2228137510787533,2.4976506,,,,
random,N/A,rrg,0.5,0.05,0.3,12,0.9633333333333334,0.9711638,0.5000000000000008,0.61686325,1.4771408179110086,1.9437134,,,,
random,N/A,rrg,0.6000000000000001,0.05,0.3,12,0.99,0.983579,0.8636363636363635,0.7748257,1.422645643950411,1.1015952,,,,
random,N/A,rrg,0.7000000000000001,0.05,0.3,12,0.9866666666666667,0.9872192,0.8181818181818186,0.8165984,0.7886546402539948,0.699287,,,,
random,N/A,rrg,0.8,0.05,0.3,12,0.9966666666666667,0.9949804,0.954545454545455,0.931196,0.594165454375522,0.47164968,,,,
random,N/A,rrg,0.9,0.05,0.3,12,0.9966666666666667,0.99594706,0.954545454545455,0.9452377,0.2421808748431014,0.25462264,,,,
random,N/A,rrg,1.0,0.05,0.3,12,1.0,0.9999554,1.0,0.99939185,2.7074781972428164e-05,0.030434256,,,,
random,N/A,rrg,0.0,0.1,0.3,12,0.8966666666666666,0.90000165,0.0,0.0,10.640582477004598,10.708197,,,,
random,N/A,rrg,0.1,0.1,0.3,12,0.9,0.9051294,0.03225806451612976,0.03394293,7.695093697441239,7.619347,,,,
random,N/A,rrg,0.2,0.1,0.3,12,0.9333333333333333,0.9215462,0.3548387096774198,0.27906594,6.650227462277625,5.2466226,,,,
random,N/A,rrg,0.30000000000000004,0.1,0.3,12,0.9266666666666666,0.93634033,0.2903225806451614,0.3717699,3.4621450851986197,3.6524405,,,,
random,N/A,rrg,0.4,0.1,0.3,12,0.9533333333333334,0.94498086,0.5483870967741941,0.5143161,3.450329253189865,2.656994,,,,
random,N/A,rrg,0.5,0.1,0.3,12,0.9566666666666667,0.9569517,0.5806451612903228,0.55640894,2.3400551980249245,1.8992997,,,,
random,N/A,rrg,0.6000000000000001,0.1,0.3,12,0.9733333333333334,0.976965,0.7419354838709684,0.77935237,1.7313797157647741,1.3362185,,,,
random,N/A,rrg,0.7000000000000001,0.1,0.3,12,0.98,0.98703957,0.8064516129032258,0.8698727,0.9123250705718284,0.867667,,,,
random,N/A,rrg,0.8,0.1,0.3,12,0.99,0.99368083,0.9032258064516129,0.9392582,0.6282663543689779,0.5565727,,,,
random,N/A,rrg,0.9,0.1,0.3,12,1.0,0.99759054,1.0,0.977182,0.207365728280231,0.29477358,,,,
random,N/A,rrg,1.0,0.1,0.3,12,1.0,0.9999524,1.0,0.999539,2.2202648085586453e-05,0.031665113,,,,
random,N/A,rrg,0.0,0.2,0.3,12,0.7766666666666666,0.80000967,0.0,0.0,7.286416370029336,6.8362656,,,,
random,N/A,rrg,0.1,0.2,0.3,12,0.8066666666666666,0.8246243,0.1343283582089553,0.14606695,5.697222071596532,5.2994576,,,,
random,N/A,rrg,0.2,0.2,0.3,12,0.83,0.8296833,0.23880597014925373,0.21732756,4.415096503998441,3.8882365,,,,
random,N/A,rrg,0.30000000000000004,0.2,0.3,12,0.8433333333333334,0.8814205,0.2985074626865675,0.3887893,3.1476608098895156,3.4255266,,,,
random,N/A,rrg,0.4,0.2,0.3,12,0.88,0.89602256,0.4626865671641792,0.49677315,3.246833634038735,2.4021947,,,,
random,N/A,rrg,0.5,0.2,0.3,12,0.9133333333333333,0.9251461,0.6119402985074628,0.63491243,1.9512226324605582,1.931324,,,,
random,N/A,rrg,0.6000000000000001,0.2,0.3,12,0.9,0.9308886,0.5522388059701494,0.6655283,1.2747193587936572,1.3755591,,,,
random,N/A,rrg,0.7000000000000001,0.2,0.3,12,0.94,0.9561259,0.7313432835820893,0.795621,1.1731980089768934,1.0539769,,,,
random,N/A,rrg,0.8,0.2,0.3,12,0.97,0.9758243,0.8656716417910447,0.8892705,0.5636000488782247,0.47081462,,,,
random,N/A,rrg,0.9,0.2,0.3,12,0.99,0.98702884,0.9552238805970149,0.94248205,0.3199265135935324,0.2899051,,,,
random,N/A,rrg,1.0,0.2,0.3,12,1.0,0.9998644,1.0,0.9993925,4.516589936554259e-05,0.046527717,,,,
random,N/A,rrg,0.0,0.05,0.3,13,0.97,0.95000225,0.0,0.0,13.712075208827967,14.239043,,,,
random,N/A,rrg,0.1,0.05,0.3,13,0.97,0.95655805,0.0,0.0,9.092730315474775,9.620892,,,,
random,N/A,rrg,0.2,0.05,0.3,13,0.9766666666666667,0.9697241,0.22222222222222346,0.18046024,4.71807702515322,5.912177,,,,
random,N/A,rrg,0.30000000000000004,0.05,0.3,13,0.9733333333333334,0.9695577,0.11111111111111358,0.19018942,2.831705810023151,3.6012187,,,,
random,N/A,rrg,0.4,0.05,0.3,13,0.9866666666666667,0.98170656,0.5555555555555568,0.4123604,1.5039476252319328,2.5845745,,,,
random,N/A,rrg,0.5,0.05,0.3,13,0.9733333333333334,0.9861029,0.11111111111111358,0.5064991,1.4597116595119566,1.5080173,,,,
random,N/A,rrg,0.6000000000000001,0.05,0.3,13,0.9933333333333333,0.99595726,0.7777777777777766,0.87466645,0.7788625357209346,0.98144305,,,,
random,N/A,rrg,0.7000000000000001,0.05,0.3,13,0.9966666666666667,0.9950877,0.8888888888888902,0.8444319,0.5033291703012137,0.71050274,,,,
random,N/A,rrg,0.8,0.05,0.3,13,1.0,0.99895203,1.0,0.96623796,0.3531440533225435,0.36457717,,,,
random,N/A,rrg,0.9,0.05,0.3,13,1.0,0.99923587,1.0,0.97515374,0.2732688468786259,0.22818609,,,,
random,N/A,rrg,1.0,0.05,0.3,13,1.0,0.9999915,1.0,0.99971586,3.995593762422339e-06,0.013048963,,,,
random,N/A,rrg,0.0,0.1,0.3,13,0.9,0.90000165,0.0,0.0,9.457729592076213,10.708197,,,,
random,N/A,rrg,0.1,0.1,0.3,13,0.9066666666666666,0.90077156,0.066666666666666,0.09351151,6.717394560889546,7.2643147,,,,
random,N/A,rrg,0.2,0.1,0.3,13,0.9333333333333333,0.9142993,0.3333333333333333,0.24730149,5.673283168323913,5.129534,,,,
random,N/A,rrg,0.30000000000000004,0.1,0.3,13,0.9333333333333333,0.9259084,0.3333333333333333,0.29326928,3.9893132928178403,4.0423036,,,,
random,N/A,rrg,0.4,0.1,0.3,13,0.95,0.9394763,0.49999999999999944,0.46245202,1.9718564719534561,2.4494364,,,,
random,N/A,rrg,0.5,0.1,0.3,13,0.9633333333333334,0.95597756,0.6333333333333336,0.5957272,1.3208781174096373,1.8504944,,,,
random,N/A,rrg,0.6000000000000001,0.1,0.3,13,0.9866666666666667,0.971297,0.8666666666666669,0.7468957,1.032334142240643,1.2673954,,,,
random,N/A,rrg,0.7000000000000001,0.1,0.3,13,0.9966666666666667,0.9850699,0.966666666666667,0.8647664,0.5300930329740061,0.8662904,,,,
random,N/A,rrg,0.8,0.1,0.3,13,0.9866666666666667,0.9880424,0.8666666666666669,0.87511504,0.5003806535430134,0.45616567,,,,
random,N/A,rrg,0.9,0.1,0.3,13,0.9966666666666667,0.99628824,0.966666666666667,0.9627431,0.26903206492629467,0.21558376,,,,
random,N/A,rrg,1.0,0.1,0.3,13,1.0,0.9999531,1.0,0.9995308,1.1908965133519389e-05,0.029804526,,,,
random,N/A,rrg,0.0,0.2,0.3,13,0.8066666666666666,0.80000967,0.0,0.0,7.3380632908692816,6.8362656,,,,
random,N/A,rrg,0.1,0.2,0.3,13,0.8333333333333334,0.83754915,0.13793103448275892,0.15834978,5.029668678684698,5.6155934,,,,
random,N/A,rrg,0.2,0.2,0.3,13,0.85,0.85696626,0.22413793103448273,0.26193127,4.402971907710251,4.2078023,,,,
random,N/A,rrg,0.30000000000000004,0.2,0.3,13,0.88,0.875454,0.3793103448275863,0.37283576,3.8299933539492144,3.374255,,,,
random,N/A,rrg,0.4,0.2,0.3,13,0.8866666666666667,0.90146595,0.4137931034482762,0.48704126,2.8503838293647337,2.6115978,,,,
random,N/A,rrg,0.5,0.2,0.3,13,0.93,0.9154189,0.6379310344827589,0.5955358,2.0473768826552505,1.7719724,,,,
random,N/A,rrg,0.6000000000000001,0.2,0.3,13,0.94,0.9357602,0.6896551724137928,0.6705235,0.8982471252310662,1.3141716,,,,
random,N/A,rrg,0.7000000000000001,0.2,0.3,13,0.96,0.9552448,0.7931034482758619,0.7546348,0.8235081479853471,0.9203229,,,,
random,N/A,rrg,0.8,0.2,0.3,13,0.98,0.9681873,0.8965517241379309,0.8420134,0.37266946958462316,0.56360024,,,,
random,N/A,rrg,0.9,0.2,0.3,13,0.9866666666666667,0.9915743,0.9310344827586208,0.95661837,0.10109597287361785,0.22632988,,,,
random,N/A,rrg,1.0,0.2,0.3,13,1.0,0.9999164,1.0,0.99956733,2.4748103945375027e-05,0.041648705,,,,
random,N/A,rrg,0.0,0.05,0.3,14,0.9533333333333334,0.95000225,0.0,0.0,12.031648039028163,14.239043,,,,
random,N/A,rrg,0.1,0.05,0.3,14,0.96,0.9472783,0.1428571428571415,0.08981431,8.215395784245478,8.340485,,,,
random,N/A,rrg,0.2,0.05,0.3,14,0.9566666666666667,0.9562254,0.07142857142857074,0.11033905,5.977350430841927,6.2237763,,,,
random,N/A,rrg,0.30000000000000004,0.05,0.3,14,0.98,0.963805,0.5714285714285707,0.4242107,3.5931917882496607,3.9571493,,,,
random,N/A,rrg,0.4,0.05,0.3,14,0.98,0.97609866,0.5714285714285707,0.52958196,3.3187603120301787,2.707724,,,,
random,N/A,rrg,0.5,0.05,0.3,14,0.9733333333333334,0.97112,0.42857142857142927,0.38537902,1.0248721783350945,1.7673447,,,,
random,N/A,rrg,0.6000000000000001,0.05,0.3,14,0.9833333333333333,0.98925203,0.6428571428571415,0.77237225,1.3559036445551669,1.2090108,,,,
random,N/A,rrg,0.7000000000000001,0.05,0.3,14,0.9966666666666667,0.99370384,0.9285714285714293,0.8686388,0.7959336780352789,0.6290946,,,,
random,N/A,rrg,0.8,0.05,0.3,14,1.0,0.99861103,1.0,0.9708344,0.4655688640866402,0.48087806,,,,
random,N/A,rrg,0.9,0.05,0.3,14,1.0,0.9993823,1.0,0.986923,0.1423720275706866,0.21160586,,,,
random,N/A,rrg,1.0,0.05,0.3,14,1.0,0.9999712,1.0,0.99938285,2.450757129017592e-05,0.02104683,,,,
random,N/A,rrg,0.0,0.1,0.3,14,0.8833333333333333,0.90000165,0.0,0.0,10.874993093561402,10.708197,,,,
random,N/A,rrg,0.1,0.1,0.3,14,0.9066666666666666,0.90151286,0.19999999999999982,0.1742858,7.940885466755697,6.6561294,,,,
random,N/A,rrg,0.2,0.1,0.3,14,0.8933333333333333,0.9144513,0.08571428571428577,0.23031476,7.513606010175406,5.193902,,,,
random,N/A,rrg,0.30000000000000004,0.1,0.3,14,0.9166666666666666,0.9324377,0.2857142857142856,0.33860558,4.2802036924057685,3.998675,,,,
random,N/A,rrg,0.4,0.1,0.3,14,0.9533333333333334,0.94612306,0.6000000000000004,0.540719,3.7394001563427097,2.7165844,,,,
random,N/A,rrg,0.5,0.1,0.3,14,0.97,0.96457154,0.7428571428571427,0.70611656,2.267467045293875,2.1709409,,,,
random,N/A,rrg,0.6000000000000001,0.1,0.3,14,0.9666666666666667,0.9610885,0.7142857142857144,0.68921095,1.1485802253029647,1.433985,,,,
random,N/A,rrg,0.7000000000000001,0.1,0.3,14,0.9766666666666667,0.98321575,0.8000000000000002,0.8475819,1.0091616103769885,0.8581196,,,,
random,N/A,rrg,0.8,0.1,0.3,14,0.99,0.98647195,0.9142857142857143,0.8856928,0.5142315490631847,0.5157057,,,,
random,N/A,rrg,0.9,0.1,0.3,14,0.9966666666666667,0.99551725,0.9714285714285718,0.9613097,0.20328281277347854,0.24487732,,,,
random,N/A,rrg,1.0,0.1,0.3,14,1.0,0.99989307,1.0,0.9990828,7.579927536439998e-05,0.047083337,,,,
random,N/A,rrg,0.0,0.2,0.3,14,0.7966666666666666,0.80000967,0.0,0.0,7.748704822813556,6.8362656,,,,
random,N/A,rrg,0.1,0.2,0.3,14,0.82,0.82745975,0.11475409836065564,0.109688096,6.3858480388628855,5.5193143,,,,
random,N/A,rrg,0.2,0.2,0.3,14,0.85,0.85846895,0.26229508196721313,0.25954893,5.221031943653778,4.7194514,,,,
random,N/A,rrg,0.30000000000000004,0.2,0.3,14,0.86,0.8770605,0.31147540983606564,0.36406234,4.434258279732652,3.527354,,,,
random,N/A,rrg,0.4,0.2,0.3,14,0.9166666666666666,0.9003715,0.5901639344262294,0.5194638,3.1206803585373555,2.5207353,,,,
random,N/A,rrg,0.5,0.2,0.3,14,0.92,0.9218037,0.6065573770491806,0.602229,1.5050648896598209,2.0123677,,,,
random,N/A,rrg,0.6000000000000001,0.2,0.3,14,0.9433333333333334,0.93935263,0.7213114754098362,0.6953795,2.0371997584948485,1.3654156,,,,
random,N/A,rrg,0.7000000000000001,0.2,0.3,14,0.9433333333333334,0.9589745,0.7213114754098362,0.7978008,0.8915882682114109,0.94465464,,,,
random,N/A,rrg,0.8,0.2,0.3,14,0.9666666666666667,0.97121274,0.8360655737704918,0.8543888,0.8533840869156291,0.52216065,,,,
random,N/A,rrg,0.9,0.2,0.3,14,0.9766666666666667,0.98766196,0.8852459016393444,0.93503946,0.40390346108065495,0.29767913,,,,
random,N/A,rrg,1.0,0.2,0.3,14,1.0,0.9999064,1.0,0.9995396,2.9658229555453777e-05,0.043762483,,,,
random,N/A,rrg,0.0,0.05,0.3,15,0.9566666666666667,0.95000225,0.0,0.0,15.645681006913497,14.239043,,,,
random,N/A,rrg,0.1,0.05,0.3,15,0.9633333333333334,0.9641888,0.15384615384615483,0.14381802,10.014071140138611,9.593451,,,,
random,N/A,rrg,0.2,0.05,0.3,15,0.9733333333333334,0.9682023,0.3846153846153858,0.30429232,5.246991233766247,5.7412214,,,,
random,N/A,rrg,0.30000000000000004,0.05,0.3,15,0.9833333333333333,0.9683337,0.6153846153846142,0.3952324,3.5319131018639753,4.1835556,,,,
random,N/A,rrg,0.4,0.05,0.3,15,0.9833333333333333,0.97963727,0.6153846153846142,0.51557785,3.072753754344148,2.6688237,,,,
random,N/A,rrg,0.5,0.05,0.3,15,0.9733333333333334,0.9763729,0.3846153846153858,0.5035294,1.81403533405094,1.6586637,,,,
random,N/A,rrg,0.6000000000000001,0.05,0.3,15,0.9933333333333333,0.9843138,0.8461538461538451,0.6661186,1.273182446725859,1.2948362,,,,
random,N/A,rrg,0.7000000000000001,0.05,0.3,15,0.9966666666666667,0.99377847,0.9230769230769239,0.8556884,0.767160327081109,0.7947802,,,,
random,N/A,rrg,0.8,0.05,0.3,15,0.9933333333333333,0.9919869,0.8461538461538451,0.81653476,0.3568751524863336,0.50268835,,,,
random,N/A,rrg,0.9,0.05,0.3,15,1.0,0.9994783,1.0,0.98809344,0.20500170528531933,0.19891681,,,,
random,N/A,rrg,1.0,0.05,0.3,15,1.0,0.9999738,1.0,0.9993946,3.101850987018085e-05,0.025932955,,,,
random,N/A,rrg,0.0,0.1,0.3,15,0.9,0.90000165,0.0,0.0,9.839214227747194,10.708197,,,,
random,N/A,rrg,0.1,0.1,0.3,15,0.9133333333333333,0.9089506,0.1333333333333331,0.07531367,7.45961036787052,7.6273355,,,,
random,N/A,rrg,0.2,0.1,0.3,15,0.9233333333333333,0.92454875,0.23333333333333323,0.20722543,5.456196228795813,5.4162517,,,,
random,N/A,rrg,0.30000000000000004,0.1,0.3,15,0.9533333333333334,0.9300708,0.5333333333333335,0.40647155,2.7324778997513905,3.538457,,,,
random,N/A,rrg,0.4,0.1,0.3,15,0.9633333333333334,0.95133644,0.6333333333333336,0.5672019,2.726377118049401,2.4452186,,,,
random,N/A,rrg,0.5,0.1,0.3,15,0.9633333333333334,0.9642305,0.6333333333333336,0.65264785,1.9628670605436545,1.6187031,,,,
random,N/A,rrg,0.6000000000000001,0.1,0.3,15,0.9733333333333334,0.9708046,0.7333333333333337,0.6942167,1.2927147495711977,1.3832257,,,,
random,N/A,rrg,0.7000000000000001,0.1,0.3,15,0.97,0.9841553,0.6999999999999996,0.8379986,0.6638100515770676,0.8085383,,,,
random,N/A,rrg,0.8,0.1,0.3,15,0.9866666666666667,0.989771,0.8666666666666669,0.89709,0.41960123427549445,0.46074423,,,,
random,N/A,rrg,0.9,0.1,0.3,15,1.0,0.99562347,1.0,0.95673805,0.11599968818437288,0.24678831,,,,
random,N/A,rrg,1.0,0.1,0.3,15,1.0,0.99995095,1.0,0.9995093,2.062339374899559e-05,0.032605127,,,,
random,N/A,rrg,0.0,0.2,0.3,15,0.7933333333333333,0.80000967,0.0,0.0,8.129987886702105,6.8362656,,,,
random,N/A,rrg,0.1,0.2,0.3,15,0.8033333333333333,0.83903146,0.04838709677419359,0.076588094,6.186943937824845,5.9861445,,,,
random,N/A,rrg,0.2,0.2,0.3,15,0.8366666666666667,0.8499379,0.20967741935483872,0.23049386,4.954658301568447,4.3416834,,,,
random,N/A,rrg,0.30000000000000004,0.2,0.3,15,0.8633333333333333,0.88405883,0.3387096774193546,0.3942739,3.9243487400933335,3.4258406,,,,
random,N/A,rrg,0.4,0.2,0.3,15,0.8766666666666667,0.89014244,0.4032258064516131,0.44804487,3.064956559287069,2.6897244,,,,
random,N/A,rrg,0.5,0.2,0.3,15,0.92,0.9226118,0.6129032258064518,0.62301683,1.5795901769961302,1.944251,,,,
random,N/A,rrg,0.6000000000000001,0.2,0.3,15,0.9066666666666666,0.93502563,0.5483870967741933,0.6557604,1.9834841037825257,1.2878886,,,,
random,N/A,rrg,0.7000000000000001,0.2,0.3,15,0.9666666666666667,0.9636465,0.8387096774193549,0.82452214,0.8796429124945521,0.84702486,,,,
random,N/A,rrg,0.8,0.2,0.3,15,0.97,0.97389305,0.8548387096774193,0.87137294,0.5975125805652226,0.54571843,,,,
random,N/A,rrg,0.9,0.2,0.3,15,0.99,0.985261,0.9516129032258064,0.9300924,0.09911477216124616,0.25983536,,,,
random,N/A,rrg,1.0,0.2,0.3,15,1.0,0.9998566,1.0,0.9993057,6.945937685715201e-05,0.053491566,,,,
random,N/A,rrg,0.0,0.05,0.3,16,0.9566666666666667,0.95000225,0.0,0.0,13.929431375667567,14.239043,,,,
random,N/A,rrg,0.1,0.05,0.3,16,0.9566666666666667,0.95957065,0.0,0.0892879,11.282875861594894,9.182465,,,,
random,N/A,rrg,0.2,0.05,0.3,16,0.9666666666666667,0.9599165,0.23076923076923098,0.13185313,3.7692090232370083,5.3746076,,,,
random,N/A,rrg,0.30000000000000004,0.05,0.3,16,0.97,0.9647945,0.3076923076923071,0.26983702,3.913342879624207,3.874419,,,,
random,N/A,rrg,0.4,0.05,0.3,16,0.9766666666666667,0.97493917,0.46153846153846195,0.4777564,2.8181658383844606,2.8061137,,,,
random,N/A,rrg,0.5,0.05,0.3,16,0.98,0.9777462,0.5384615384615381,0.4298631,2.740210603559755,1.6050305,,,,
random,N/A,rrg,0.6000000000000001,0.05,0.3,16,0.9966666666666667,0.99352866,0.9230769230769239,0.8603443,1.9918644022449545,1.3050643,,,,
random,N/A,rrg,0.7000000000000001,0.05,0.3,16,0.9933333333333333,0.9932097,0.8461538461538451,0.83490956,0.8760822895683205,0.7291088,,,,
random,N/A,rrg,0.8,0.05,0.3,16,0.9966666666666667,0.99781615,0.9230769230769239,0.94822407,0.5748692904135835,0.44320995,,,,
random,N/A,rrg,0.9,0.05,0.3,16,0.99,0.99695253,0.769230769230769,0.92513096,0.3688230408906252,0.20032306,,,,
random,N/A,rrg,1.0,0.05,0.3,16,1.0,0.9999513,1.0,0.9988754,6.602225266013091e-05,0.027127711,,,,
random,N/A,rrg,0.0,0.1,0.3,16,0.91,0.90000165,0.0,0.0,11.821106215865683,10.708197,,,,
random,N/A,rrg,0.1,0.1,0.3,16,0.92,0.9136967,0.11111111111111124,0.07863896,7.734336936183569,7.916732,,,,
random,N/A,rrg,0.2,0.1,0.3,16,0.9333333333333333,0.9302643,0.2592592592592592,0.2100395,5.985086531140759,5.7046475,,,,
random,N/A,rrg,0.30000000000000004,0.1,0.3,16,0.95,0.9564567,0.44444444444444375,0.5202487,3.794838968451081,4.028675,,,,
random,N/A,rrg,0.4,0.1,0.3,16,0.94,0.9540202,0.33333333333333254,0.49894613,2.9953784185248025,2.6722202,,,,
random,N/A,rrg,0.5,0.1,0.3,16,0.97,0.9606028,0.6666666666666663,0.56283766,1.9951741006053676,1.8960378,,,,
random,N/A,rrg,0.6000000000000001,0.1,0.3,16,0.9566666666666667,0.9773999,0.5185185185185184,0.71878165,1.1785594217891444,1.2301933,,,,
random,N/A,rrg,0.7000000000000001,0.1,0.3,16,0.99,0.9852488,0.8888888888888887,0.84422183,0.8597127768896258,0.8310112,,,,
random,N/A,rrg,0.8,0.1,0.3,16,1.0,0.9909337,1.0,0.90589744,0.5241231821681274,0.5280433,,,,
random,N/A,rrg,0.9,0.1,0.3,16,0.9933333333333333,0.9949894,0.9259259259259254,0.945603,0.19229152367010632,0.24539493,,,,
random,N/A,rrg,1.0,0.1,0.3,16,1.0,0.9999718,1.0,0.9996867,1.185585593653355e-05,0.024780607,,,,
random,N/A,rrg,0.0,0.2,0.3,16,0.82,0.80000967,0.0,0.0,7.56958453809727,6.8362656,,,,
random,N/A,rrg,0.1,0.2,0.3,16,0.8333333333333334,0.8154074,0.07407407407407453,0.06736099,6.502468854440825,5.237416,,,,
random,N/A,rrg,0.2,0.2,0.3,16,0.8566666666666667,0.85530764,0.20370370370370403,0.17631996,4.831034990603808,4.5666285,,,,
random,N/A,rrg,0.30000000000000004,0.2,0.3,16,0.89,0.8799816,0.3888888888888891,0.34940845,3.07480986088374,3.2991743,,,,
random,N/A,rrg,0.4,0.2,0.3,16,0.9,0.8971883,0.4444444444444447,0.48012948,3.690620730946067,2.7643843,,,,
random,N/A,rrg,0.5,0.2,0.3,16,0.9366666666666666,0.9174593,0.6481481481481481,0.5490528,2.1449726511766634,1.7968951,,,,
random,N/A,rrg,0.6000000000000001,0.2,0.3,16,0.9433333333333334,0.94538206,0.6851851851851855,0.717302,1.4276841835280212,1.4051913,,,,
random,N/A,rrg,0.7000000000000001,0.2,0.3,16,0.9766666666666667,0.96764565,0.8703703703703705,0.8243333,0.5925373639807122,0.8824636,,,,
random,N/A,rrg,0.8,0.2,0.3,16,0.9833333333333333,0.9810071,0.9074074074074071,0.8948775,0.5321103819395212,0.4839499,,,,
random,N/A,rrg,0.9,0.2,0.3,16,0.99,0.99011415,0.9444444444444444,0.94544184,0.23052397813858258,0.28754342,,,,
random,N/A,rrg,1.0,0.2,0.3,16,1.0,0.9998928,1.0,0.999404,3.969109320266356e-05,0.046740882,,,,
random,N/A,rrg,0.0,0.05,0.3,17,0.94,0.95000225,0.0,0.0,12.02142136971664,14.239043,,,,
random,N/A,rrg,0.1,0.05,0.3,17,0.9466666666666667,0.94970345,0.11111111111111173,0.1170345,7.497632292494573,9.038244,,,,
random,N/A,rrg,0.2,0.05,0.3,17,0.9566666666666667,0.95747536,0.2777777777777784,0.2000204,4.809884931186889,5.539165,,,,
random,N/A,rrg,0.30000000000000004,0.05,0.3,17,0.97,0.9704665,0.5,0.4727018,3.0899777629594896,3.9843733,,,,
random,N/A,rrg,0.4,0.05,0.3,17,0.9866666666666667,0.9795105,0.7777777777777783,0.68056834,1.814737860137434,2.7308955,,,,
random,N/A,rrg,0.5,0.05,0.3,17,0.9666666666666667,0.97269523,0.4444444444444451,0.51148456,1.2314171429469916,1.6650895,,,,
random,N/A,rrg,0.6000000000000001,0.05,0.3,17,0.9766666666666667,0.9845405,0.6111111111111117,0.7059621,1.1714316620056815,1.074186,,,,
random,N/A,rrg,0.7000000000000001,0.05,0.3,17,0.99,0.99720013,0.8333333333333334,0.9469682,0.6459238676408912,0.75428784,,,,
random,N/A,rrg,0.8,0.05,0.3,17,0.99,0.9963033,0.8333333333333334,0.9311123,0.2603970204863291,0.3814764,,,,
random,N/A,rrg,0.9,0.05,0.3,17,1.0,0.99966145,1.0,0.99438757,0.2587536900919864,0.2798534,,,,
random,N/A,rrg,1.0,0.05,0.3,17,1.0,0.9999784,1.0,0.99964035,4.791716830875811e-06,0.017156107,,,,
random,N/A,rrg,0.0,0.1,0.3,17,0.8966666666666666,0.90000165,0.0,0.0,10.05262030258901,10.708197,,,,
random,N/A,rrg,0.1,0.1,0.3,17,0.9,0.91654295,0.03225806451612976,0.038406678,7.601284102169972,8.233885,,,,
random,N/A,rrg,0.2,0.1,0.3,17,0.93,0.92298806,0.32258064516129115,0.2504551,5.762338095257667,5.5519514,,,,
random,N/A,rrg,0.30000000000000004,0.1,0.3,17,0.9433333333333334,0.9464699,0.451612903225807,0.45378676,4.645690315261905,4.244126,,,,
random,N/A,rrg,0.4,0.1,0.3,17,0.9566666666666667,0.95249707,0.5806451612903228,0.5411037,2.5924402466551784,2.7715993,,,,
random,N/A,rrg,0.5,0.1,0.3,17,0.9666666666666667,0.96812075,0.67741935483871,0.69288063,1.9206861689304708,2.018491,,,,
random,N/A,rrg,0.6000000000000001,0.1,0.3,17,0.9866666666666667,0.98043245,0.8709677419354842,0.80922306,1.5882646394706967,1.3481095,,,,
random,N/A,rrg,0.7000000000000001,0.1,0.3,17,0.9666666666666667,0.98176694,0.67741935483871,0.81556356,0.681360538331843,0.8313618,,,,
random,N/A,rrg,0.8,0.1,0.3,17,0.9933333333333333,0.9935252,0.9354838709677415,0.93662953,0.7184631035353014,0.6023256,,,,
random,N/A,rrg,0.9,0.1,0.3,17,1.0,0.99815255,1.0,0.9824001,0.1653284880515549,0.24152525,,,,
random,N/A,rrg,1.0,0.1,0.3,17,1.0,0.99993914,1.0,0.99941087,2.2941357544718458e-05,0.035055187,,,,
random,N/A,rrg,0.0,0.2,0.3,17,0.83,0.80000967,0.0,0.0,8.15803696310032,6.8362656,,,,
random,N/A,rrg,0.1,0.2,0.3,17,0.8566666666666667,0.8330027,0.15686274509803955,0.112780645,6.918013418882649,5.638522,,,,
random,N/A,rrg,0.2,0.2,0.3,17,0.88,0.8447778,0.2941176470588237,0.2271193,5.028125872198019,4.127318,,,,
random,N/A,rrg,0.30000000000000004,0.2,0.3,17,0.9,0.8825895,0.4117647058823532,0.3863872,4.24800519186691,3.3810518,,,,
random,N/A,rrg,0.4,0.2,0.3,17,0.9133333333333333,0.89467776,0.49019607843137264,0.45628715,3.2489726501726257,2.5757797,,,,
random,N/A,rrg,0.5,0.2,0.3,17,0.9366666666666666,0.91791564,0.6274509803921569,0.5498084,2.438454978852684,1.9583138,,,,
random,N/A,rrg,0.6000000000000001,0.2,0.3,17,0.95,0.94523364,0.7058823529411763,0.6775309,1.4179500806877998,1.3130122,,,,
random,N/A,rrg,0.7000000000000001,0.2,0.3,17,0.9566666666666667,0.96272504,0.7450980392156863,0.7744655,0.7736577125226126,0.92303914,,,,
random,N/A,rrg,0.8,0.2,0.3,17,0.97,0.9756032,0.8235294117647057,0.8524076,0.7093465017545738,0.6448265,,,,
random,N/A,rrg,0.9,0.2,0.3,17,0.9833333333333333,0.99004966,0.9019607843137252,0.93790257,0.31815475502067897,0.3233472,,,,
random,N/A,rrg,1.0,0.2,0.3,17,1.0,0.9998746,1.0,0.99926186,0.00012090996046407942,0.051830832,,,,
random,N/A,rrg,0.0,0.05,0.3,18,0.95,0.95000225,0.0,0.0,13.954987914567306,14.239043,,,,
random,N/A,rrg,0.1,0.05,0.3,18,0.95,0.9527555,0.0,0.0,8.486747357698674,9.6025915,,,,
random,N/A,rrg,0.2,0.05,0.3,18,0.96,0.9547287,0.2,0.17845206,5.131152038028111,6.089071,,,,
random,N/A,rrg,0.30000000000000004,0.05,0.3,18,0.96,0.95386624,0.2,0.15229616,4.63601531445062,4.036719,,,,
random,N/A,rrg,0.4,0.05,0.3,18,0.99,0.9796566,0.8,0.6309782,1.9956940744795142,2.4843938,,,,
random,N/A,rrg,0.5,0.05,0.3,18,0.99,0.97940594,0.8,0.6035035,1.5381070314166985,1.7502716,,,,
random,N/A,rrg,0.6000000000000001,0.05,0.3,18,0.9833333333333333,0.9850654,0.666666666666666,0.7249614,1.0175095180231195,1.2566543,,,,
random,N/A,rrg,0.7000000000000001,0.05,0.3,18,0.9933333333333333,0.9867659,0.8666666666666659,0.7436138,0.8185818147287216,0.83821136,,,,
random,N/A,rrg,0.8,0.05,0.3,18,1.0,0.9973758,1.0,0.94862145,0.4180445926022633,0.52160186,,,,
random,N/A,rrg,0.9,0.05,0.3,18,1.0,0.9988798,1.0,0.9780776,0.28076833842639576,0.2659296,,,,
random,N/A,rrg,1.0,0.05,0.3,18,1.0,0.99997276,1.0,0.9994551,1.9198251620735357e-05,0.02307881,,,,
random,N/A,rrg,0.0,0.1,0.3,18,0.8866666666666667,0.90000165,0.0,0.0,8.830815604280701,10.708197,,,,
random,N/A,rrg,0.1,0.1,0.3,18,0.89,0.8959025,0.029411764705882065,0.031027691,6.752082877176243,7.1038084,,,,
random,N/A,rrg,0.2,0.1,0.3,18,0.9266666666666666,0.9223804,0.3529411764705877,0.3000522,3.983810104043681,5.154787,,,,
random,N/A,rrg,0.30000000000000004,0.1,0.3,18,0.94,0.92712766,0.470588235294117,0.40895694,3.9110531818012926,3.5862064,,,,
random,N/A,rrg,0.4,0.1,0.3,18,0.9433333333333334,0.94610023,0.5,0.5344215,2.5087524284442324,2.6073833,,,,
random,N/A,rrg,0.5,0.1,0.3,18,0.9633333333333334,0.950532,0.6764705882352944,0.5644115,1.4979121637163495,1.99906,,,,
random,N/A,rrg,0.6000000000000001,0.1,0.3,18,0.9633333333333334,0.96127564,0.6764705882352944,0.6491867,1.328067901198694,1.2329011,,,,
random,N/A,rrg,0.7000000000000001,0.1,0.3,18,0.99,0.9826932,0.9117647058823528,0.849865,0.6658403764085925,0.8549989,,,,
random,N/A,rrg,0.8,0.1,0.3,18,0.9933333333333333,0.9896346,0.9411764705882348,0.9081125,0.3720718709884828,0.4926653,,,,
random,N/A,rrg,0.9,0.1,0.3,18,0.9933333333333333,0.99645305,0.9411764705882348,0.9677563,0.1525966428312137,0.2161854,,,,
random,N/A,rrg,1.0,0.1,0.3,18,1.0,0.99993896,1.0,0.9994613,4.170123729792722e-05,0.041526977,,,,
random,N/A,rrg,0.0,0.2,0.3,18,0.85,0.80000967,0.0,0.0,7.133784422829833,6.8362656,,,,
random,N/A,rrg,0.1,0.2,0.3,18,0.87,0.83220655,0.13333333333333344,0.10463935,5.488365304967448,5.7322087,,,,
random,N/A,rrg,0.2,0.2,0.3,18,0.89,0.85628194,0.2666666666666669,0.21930829,4.340107621847011,4.5307355,,,,
random,N/A,rrg,0.30000000000000004,0.2,0.3,18,0.9233333333333333,0.8748427,0.488888888888889,0.30832458,3.2274700042667397,3.460004,,,,
random,N/A,rrg,0.4,0.2,0.3,18,0.9266666666666666,0.9046005,0.511111111111111,0.40335247,2.937164869120065,2.5830534,,,,
random,N/A,rrg,0.5,0.2,0.3,18,0.9433333333333334,0.92949474,0.6222222222222225,0.56712484,1.5640390974642548,1.8664298,,,,
random,N/A,rrg,0.6000000000000001,0.2,0.3,18,0.97,0.94957256,0.7999999999999998,0.69813025,1.3756529397564539,1.4098883,,,,
random,N/A,rrg,0.7000000000000001,0.2,0.3,18,0.9733333333333334,0.96411496,0.8222222222222226,0.763741,0.7978918365262226,0.9373706,,,,
random,N/A,rrg,0.8,0.2,0.3,18,0.9833333333333333,0.9742867,0.8888888888888885,0.8329044,0.5817870301907678,0.58711964,,,,
random,N/A,rrg,0.9,0.2,0.3,18,0.9933333333333333,0.9897782,0.9555555555555553,0.9333757,0.12966986572649442,0.22048388,,,,
random,N/A,rrg,1.0,0.2,0.3,18,1.0,0.9999228,1.0,0.99948525,2.0219404043956652e-05,0.035376307,,,,
random,N/A,rrg,0.0,0.05,0.3,19,0.95,0.95000225,0.0,0.0,15.375112858618413,14.239043,,,,
random,N/A,rrg,0.1,0.05,0.3,19,0.9566666666666667,0.9608606,0.13333333333333408,0.14554104,10.152666573938959,8.602899,,,,
random,N/A,rrg,0.2,0.05,0.3,19,0.9633333333333334,0.9641669,0.26666666666666816,0.22744189,6.987471264496799,5.7451687,,,,
random,N/A,rrg,0.30000000000000004,0.05,0.3,19,0.97,0.97543985,0.4,0.5133011,3.8339736129128665,4.163392,,,,
random,N/A,rrg,0.4,0.05,0.3,19,0.9833333333333333,0.98545736,0.666666666666666,0.67266595,2.717961632610705,2.7077572,,,,
random,N/A,rrg,0.5,0.05,0.3,19,0.9833333333333333,0.98673475,0.666666666666666,0.7099711,1.4649175860331738,1.8644476,,,,
random,N/A,rrg,0.6000000000000001,0.05,0.3,19,1.0,0.9940475,1.0,0.88809365,0.9814510368135463,1.3141994,,,,
random,N/A,rrg,0.7000000000000001,0.05,0.3,19,0.9966666666666667,0.9959635,0.9333333333333341,0.9195854,0.44987109408873077,0.6860615,,,,
random,N/A,rrg,0.8,0.05,0.3,19,0.9833333333333333,0.9914698,0.666666666666666,0.82572424,0.5669339303080009,0.42722204,,,,
random,N/A,rrg,0.9,0.05,0.3,19,0.9933333333333333,0.99864113,0.8666666666666659,0.96954393,0.42870075907734134,0.26446474,,,,
random,N/A,rrg,1.0,0.05,0.3,19,1.0,0.99988383,1.0,0.9976722,0.0006506115082323095,0.04617906,,,,
random,N/A,rrg,0.0,0.1,0.3,19,0.8933333333333333,0.90000165,0.0,0.0,8.726769049715271,10.708197,,,,
random,N/A,rrg,0.1,0.1,0.3,19,0.9,0.905424,0.06250000000000039,0.0825354,6.758856999349042,7.7111964,,,,
random,N/A,rrg,0.2,0.1,0.3,19,0.9133333333333333,0.9119123,0.18750000000000014,0.21827912,4.898259241317927,5.082435,,,,
random,N/A,rrg,0.30000000000000004,0.1,0.3,19,0.9433333333333334,0.92368776,0.46875000000000033,0.37871462,2.586677786840081,3.2927132,,,,
random,N/A,rrg,0.4,0.1,0.3,19,0.9566666666666667,0.94243366,0.5937500000000001,0.5163006,2.486964852562159,2.7058396,,,,
random,N/A,rrg,0.5,0.1,0.3,19,0.9466666666666667,0.9521402,0.5,0.56269574,1.950754927874973,1.9747367,,,,
random,N/A,rrg,0.6000000000000001,0.1,0.3,19,0.9766666666666667,0.97047955,0.7812500000000002,0.73664975,1.2759063912694315,1.4076604,,,,
random,N/A,rrg,0.7000000000000001,0.1,0.3,19,0.9933333333333333,0.980897,0.9374999999999996,0.83056515,0.533860781470579,0.7636743,,,,
random,N/A,rrg,0.8,0.1,0.3,19,0.9866666666666667,0.9884609,0.8750000000000002,0.8946019,0.5295408126421255,0.4806908,,,,
random,N/A,rrg,0.9,0.1,0.3,19,1.0,0.9946793,1.0,0.9523352,0.35002763238291296,0.22456685,,,,
random,N/A,rrg,1.0,0.1,0.3,19,1.0,0.9999468,1.0,0.9995009,1.7695244516929137e-05,0.03345773,,,,
random,N/A,rrg,0.0,0.2,0.3,19,0.8233333333333334,0.80000967,0.0,0.0,7.919974722817625,6.8362656,,,,
random,N/A,rrg,0.1,0.2,0.3,19,0.8333333333333334,0.8225177,0.05660377358490572,0.053529393,5.754045498000039,5.6033926,,,,
random,N/A,rrg,0.2,0.2,0.3,19,0.84,0.8433173,0.09433962264150911,0.1430978,3.8323023591381205,4.521347,,,,
random,N/A,rrg,0.30000000000000004,0.2,0.3,19,0.8866666666666667,0.8699819,0.358490566037736,0.3322225,4.528925032004498,3.433679,,,,
random,N/A,rrg,0.4,0.2,0.3,19,0.8733333333333333,0.8986802,0.28301886792452796,0.42341977,2.820451691365556,2.6169186,,,,
random,N/A,rrg,0.5,0.2,0.3,19,0.9066666666666666,0.9188342,0.47169811320754684,0.53840536,1.9488584036946093,1.7555125,,,,
random,N/A,rrg,0.6000000000000001,0.2,0.3,19,0.9533333333333334,0.9360753,0.7358490566037738,0.651516,1.2402011280881822,1.3122292,,,,
random,N/A,rrg,0.7000000000000001,0.2,0.3,19,0.9766666666666667,0.96232706,0.8679245283018868,0.7997161,0.6483347319185342,0.88215894,,,,
random,N/A,rrg,0.8,0.2,0.3,19,0.9666666666666667,0.97760874,0.8113207547169812,0.8659679,0.5829861448995829,0.5095816,,,,
random,N/A,rrg,0.9,0.2,0.3,19,0.99,0.98958313,0.9433962264150942,0.94219023,0.28607080504822496,0.31069162,,,,
random,N/A,rrg,1.0,0.2,0.3,19,1.0,0.9998684,1.0,0.99925464,8.617627855380926e-05,0.05488732,,,,
