method,metric,graph,rho,delta,lambda,sim,O,MO,O_tilde,MO_tilde,SE,MSE,rank,precision,recall,f1
path_weight,N/A,rrg,0.0,0.05,0.3,0,0.9366666666666666,0.94999987,0.0,0.0,11.502250764278227,11.267633,,,,
path_weight,N/A,rrg,0.01,0.05,0.3,0,0.9366666666666666,0.9528908,0.0,0.0,12.239104386432288,10.957633,,,,
path_weight,N/A,rrg,0.02,0.05,0.3,0,0.9366666666666666,0.95211565,0.0,0.0,11.458840453725474,10.669159,,,,
path_weight,N/A,rrg,0.03,0.05,0.3,0,0.9366666666666666,0.9524463,0.0,0.0,11.392078107723155,10.274831,,,,
path_weight,N/A,rrg,0.04,0.05,0.3,0,0.94,0.9540067,0.05263157894736787,0.06757665,10.920248052069391,10.15059,,,,
path_weight,N/A,rrg,0.05,0.05,0.3,0,0.94,0.9540074,0.05263157894736787,0.06757762,10.797179524318965,9.950004,,,,
path_weight,N/A,rrg,0.06,0.05,0.3,0,0.94,0.9549723,0.05263157894736787,0.06892599,10.785054540991053,9.877011,,,,
path_weight,N/A,rrg,0.07,0.05,0.3,0,0.9433333333333334,0.9563983,0.10526315789473749,0.13262142,10.589252682474141,9.631042,,,,
path_weight,N/A,rrg,0.08,0.05,0.3,0,0.94,0.95405984,0.05263157894736787,0.13269004,9.954687207915052,9.246091,,,,
path_weight,N/A,rrg,0.09,0.05,0.3,0,0.9466666666666667,0.9570988,0.15789473684210537,0.18903142,9.843758311184983,9.098624,,,,
path_weight,N/A,rrg,0.1,0.05,0.3,0,0.9466666666666667,0.9588981,0.15789473684210537,0.1956874,10.246567854178792,8.924936,,,,
path_weight,N/A,rrg,0.11,0.05,0.3,0,0.9466666666666667,0.95672464,0.15789473684210537,0.18770391,9.545284560895668,8.719616,,,,
path_weight,N/A,rrg,0.12,0.05,0.3,0,0.9466666666666667,0.95646405,0.15789473684210537,0.18679114,9.042002309787238,8.452993,,,,
path_weight,N/A,rrg,0.13,0.05,0.3,0,0.9466666666666667,0.9568414,0.15789473684210537,0.1931463,8.887134542279597,8.273998,,,,
path_weight,N/A,rrg,0.14,0.05,0.3,0,0.9466666666666667,0.95581317,0.15789473684210537,0.18947954,8.876581042257001,8.101742,,,,
path_weight,N/A,rrg,0.15,0.05,0.3,0,0.95,0.9593097,0.21052631578947323,0.24680537,8.9105000953534,7.954737,,,,
path_weight,N/A,rrg,0.16,0.05,0.3,0,0.95,0.9604167,0.21052631578947323,0.25196835,8.90286140787637,7.891276,,,,
path_weight,N/A,rrg,0.17,0.05,0.3,0,0.95,0.96137357,0.21052631578947323,0.25660864,8.994224121048871,7.821001,,,,
path_weight,N/A,rrg,0.18,0.05,0.3,0,0.95,0.9626304,0.21052631578947323,0.26296943,9.085621624672246,7.7018676,,,,
path_weight,N/A,rrg,0.19,0.05,0.3,0,0.95,0.9588999,0.21052631578947323,0.24494739,8.005881765307121,7.4012523,,,,
path_weight,N/A,rrg,0.2,0.05,0.3,0,0.95,0.9575356,0.21052631578947323,0.23895907,7.899603890263391,7.3763022,,,,
path_weight,N/A,rrg,0.21,0.05,0.3,0,0.95,0.95842934,0.21052631578947323,0.24284796,7.889034299628773,7.2299795,,,,
path_weight,N/A,rrg,0.22,0.05,0.3,0,0.95,0.9568873,0.21052631578947323,0.23621367,7.606002056242629,7.1754575,,,,
path_weight,N/A,rrg,0.23,0.05,0.3,0,0.9533333333333334,0.95793235,0.26315789473684287,0.28376424,7.188517359648217,6.9445286,,,,
path_weight,N/A,rrg,0.24,0.05,0.3,0,0.9533333333333334,0.96007895,0.26315789473684287,0.29452857,7.160542624039328,6.893495,,,,
path_weight,N/A,rrg,0.25,0.05,0.3,0,0.9566666666666667,0.95994586,0.31578947368421073,0.3330326,7.238828126964584,6.616372,,,,
path_weight,N/A,rrg,0.26,0.05,0.3,0,0.9566666666666667,0.96011025,0.31578947368421073,0.33394673,6.854018509172092,6.4554043,,,,
path_weight,N/A,rrg,0.27,0.05,0.3,0,0.9566666666666667,0.95920163,0.31578947368421073,0.328956,6.392997533047256,6.3543243,,,,
path_weight,N/A,rrg,0.28,0.05,0.3,0,0.9566666666666667,0.9577701,0.31578947368421073,0.3213894,5.744082402552837,6.122235,,,,
path_weight,N/A,rrg,0.29,0.05,0.3,0,0.96,0.96078134,0.3684210526315786,0.37302396,5.77168464551541,5.982706,,,,
path_weight,N/A,rrg,0.0,0.05,0.3,1,0.9433333333333334,0.94999987,0.0,0.0,10.947765354223701,11.267633,,,,
path_weight,N/A,rrg,0.01,0.05,0.3,1,0.9466666666666667,0.9492506,0.05882352941176413,0.061633885,9.975681795769505,10.633555,,,,
path_weight,N/A,rrg,0.02,0.05,0.3,1,0.9466666666666667,0.94658,0.05882352941176413,0.063444145,9.80942563079887,10.113585,,,,
path_weight,N/A,rrg,0.03,0.05,0.3,1,0.95,0.95029175,0.11764705882352826,0.122732975,9.55526094746037,9.909077,,,,
path_weight,N/A,rrg,0.04,0.05,0.3,1,0.95,0.95249164,0.11764705882352826,0.12768283,9.183007112840974,9.851277,,,,
path_weight,N/A,rrg,0.05,0.05,0.3,1,0.9566666666666667,0.9558077,0.2352941176470585,0.2317805,9.202250867022434,9.514346,,,,
path_weight,N/A,rrg,0.06,0.05,0.3,1,0.9566666666666667,0.9569565,0.2352941176470585,0.23650442,9.005079606259349,9.3393135,,,,
path_weight,N/A,rrg,0.07,0.05,0.3,1,0.9566666666666667,0.9566207,0.2352941176470585,0.2351032,9.14039878563411,8.970749,,,,
path_weight,N/A,rrg,0.08,0.05,0.3,1,0.9566666666666667,0.9576829,0.2352941176470585,0.23959069,8.871666860312205,8.997836,,,,
path_weight,N/A,rrg,0.09,0.05,0.3,1,0.9566666666666667,0.9575308,0.2352941176470585,0.23893759,8.382386251988581,8.771948,,,,
path_weight,N/A,rrg,0.1,0.05,0.3,1,0.9566666666666667,0.9567336,0.2352941176470585,0.23557213,7.796387991026731,8.583368,,,,
path_weight,N/A,rrg,0.11,0.05,0.3,1,0.96,0.959269,0.2941176470588226,0.2903716,7.713579650245316,8.519713,,,,
path_weight,N/A,rrg,0.12,0.05,0.3,1,0.96,0.9592926,0.2941176470588226,0.29049104,7.718191516637457,8.416554,,,,
path_weight,N/A,rrg,0.13,0.05,0.3,1,0.96,0.95835805,0.2941176470588226,0.2858352,7.825881566505078,8.333893,,,,
path_weight,N/A,rrg,0.14,0.05,0.3,1,0.96,0.9609379,0.2941176470588226,0.29906747,7.558994776391543,8.15501,,,,
path_weight,N/A,rrg,0.15,0.05,0.3,1,0.96,0.9595953,0.2941176470588226,0.29203194,7.358771417942301,7.95247,,,,
path_weight,N/A,rrg,0.16,0.05,0.3,1,0.96,0.95870525,0.2941176470588226,0.28754738,7.6139128716214675,7.8818083,,,,
path_weight,N/A,rrg,0.17,0.05,0.3,1,0.96,0.9587254,0.2941176470588226,0.28764737,7.829203285073693,7.6431184,,,,
path_weight,N/A,rrg,0.18,0.05,0.3,1,0.96,0.9597148,0.2941176470588226,0.29264444,7.9310136706220025,7.469108,,,,
path_weight,N/A,rrg,0.19,0.05,0.3,1,0.9633333333333334,0.9621629,0.3529411764705887,0.34579933,7.457951807349312,7.246381,,,,
path_weight,N/A,rrg,0.2,0.05,0.3,1,0.9666666666666667,0.9652709,0.4117647058823528,0.40186587,7.1123290328470254,6.9976115,,,,
path_weight,N/A,rrg,0.21,0.05,0.3,1,0.9666666666666667,0.965499,0.4117647058823528,0.4034515,7.123878515649793,6.9340153,,,,
path_weight,N/A,rrg,0.22,0.05,0.3,1,0.9666666666666667,0.9654612,0.4117647058823528,0.40318745,7.1852527964442015,6.882793,,,,
path_weight,N/A,rrg,0.23,0.05,0.3,1,0.9666666666666667,0.9633183,0.4117647058823528,0.38879177,6.669026701192669,6.6607575,,,,
path_weight,N/A,rrg,0.24,0.05,0.3,1,0.97,0.9663875,0.470588235294117,0.44238597,6.657258341724775,6.5863338,,,,
path_weight,N/A,rrg,0.25,0.05,0.3,1,0.97,0.96673393,0.470588235294117,0.44494358,6.664940514455466,6.4772983,,,,
path_weight,N/A,rrg,0.26,0.05,0.3,1,0.97,0.9670734,0.470588235294117,0.44747803,6.65456330861451,6.3678637,,,,
path_weight,N/A,rrg,0.27,0.05,0.3,1,0.97,0.9683075,0.470588235294117,0.45694134,6.477406790662007,6.3367743,,,,
path_weight,N/A,rrg,0.28,0.05,0.3,1,0.9666666666666667,0.9676823,0.4117647058823528,0.46184433,6.349339775271375,6.0453563,,,,
path_weight,N/A,rrg,0.29,0.05,0.3,1,0.9733333333333334,0.97023374,0.529411764705883,0.5019552,6.036429958527702,6.0258646,,,,
path_weight,N/A,rrg,0.0,0.05,0.3,2,0.9633333333333334,0.94999987,0.0,0.0,10.794904903479074,11.267633,,,,
path_weight,N/A,rrg,0.01,0.05,0.3,2,0.9633333333333334,0.95091677,0.0,0.0,10.021680950298705,10.979288,,,,
path_weight,N/A,rrg,0.02,0.05,0.3,2,0.9633333333333334,0.95377237,0.0,0.0,9.219217987674119,10.433496,,,,
path_weight,N/A,rrg,0.03,0.05,0.3,2,0.9666666666666667,0.95811075,0.09090909090909008,0.07370942,8.879131808146958,10.215684,,,,
path_weight,N/A,rrg,0.04,0.05,0.3,2,0.9666666666666667,0.9596507,0.09090909090909008,0.0763079,8.678086130205596,10.114273,,,,
path_weight,N/A,rrg,0.05,0.05,0.3,2,0.9666666666666667,0.9603588,0.09090909090909008,0.077565245,8.689820649032736,9.98262,,,,
path_weight,N/A,rrg,0.06,0.05,0.3,2,0.9666666666666667,0.9610078,0.09090909090909008,0.07875455,8.636704092670225,9.880284,,,,
path_weight,N/A,rrg,0.07,0.05,0.3,2,0.9666666666666667,0.96042675,0.09090909090909008,0.07768808,8.812690125103282,9.77129,,,,
path_weight,N/A,rrg,0.08,0.05,0.3,2,0.9666666666666667,0.96193194,0.09090909090909008,0.08051252,8.670888989736152,9.625318,,,,
path_weight,N/A,rrg,0.09,0.05,0.3,2,0.9666666666666667,0.96039045,0.09090909090909008,0.077623695,8.302135778788143,9.307486,,,,
path_weight,N/A,rrg,0.1,0.05,0.3,2,0.97,0.9643359,0.18181818181818016,0.1574898,8.27872144863648,9.154515,,,,
path_weight,N/A,rrg,0.11,0.05,0.3,2,0.9733333333333334,0.9629122,0.27272727272727326,0.21236908,8.35647121540331,8.857907,,,,
path_weight,N/A,rrg,0.12,0.05,0.3,2,0.9733333333333334,0.9638332,0.27272727272727326,0.21660577,7.957683461935721,8.755685,,,,
path_weight,N/A,rrg,0.13,0.05,0.3,2,0.9733333333333334,0.96448016,0.27272727272727326,0.21968427,7.749742818282951,8.623896,,,,
path_weight,N/A,rrg,0.14,0.05,0.3,2,0.9733333333333334,0.96706647,0.27272727272727326,0.232918,7.576807932640079,8.397185,,,,
path_weight,N/A,rrg,0.15,0.05,0.3,2,0.9733333333333334,0.9679001,0.27272727272727326,0.23753007,7.482692750975732,8.220781,,,,
path_weight,N/A,rrg,0.16,0.05,0.3,2,0.9733333333333334,0.9677746,0.27272727272727326,0.23682427,7.326114266964879,8.072609,,,,
path_weight,N/A,rrg,0.17,0.05,0.3,2,0.9733333333333334,0.96513975,0.27272727272727326,0.22291431,7.439989895571698,7.708859,,,,
path_weight,N/A,rrg,0.18,0.05,0.3,2,0.9766666666666667,0.9701294,0.36363636363636337,0.30861345,6.957908035871278,7.6927443,,,,
path_weight,N/A,rrg,0.19,0.05,0.3,2,0.9766666666666667,0.9713489,0.36363636363636337,0.3175777,6.879403103084687,7.4457536,,,,
path_weight,N/A,rrg,0.2,0.05,0.3,2,0.9766666666666667,0.9691209,0.36363636363636337,0.30157515,7.366459545752814,7.248517,,,,
path_weight,N/A,rrg,0.21,0.05,0.3,2,0.9766666666666667,0.968643,0.36363636363636337,0.2983502,7.0621025262228905,7.031758,,,,
path_weight,N/A,rrg,0.22,0.05,0.3,2,0.9766666666666667,0.97007,0.36363636363636337,0.30819094,7.018012322741446,6.843242,,,,
path_weight,N/A,rrg,0.23,0.05,0.3,2,0.9766666666666667,0.9682014,0.36363636363636337,0.29542994,6.285088057109959,6.801918,,,,
path_weight,N/A,rrg,0.24,0.05,0.3,2,0.9766666666666667,0.96896404,0.36363636363636337,0.30050793,6.086070181293677,6.5328465,,,,
path_weight,N/A,rrg,0.25,0.05,0.3,2,0.9766666666666667,0.9692357,0.36363636363636337,0.3023593,6.372852095090699,6.3635197,,,,
path_weight,N/A,rrg,0.26,0.05,0.3,2,0.9766666666666667,0.969613,0.36363636363636337,0.3049686,6.181325209189655,6.2245116,,,,
path_weight,N/A,rrg,0.27,0.05,0.3,2,0.9766666666666667,0.9709287,0.36363636363636337,0.31443104,5.3119536592061465,5.7984233,,,,
path_weight,N/A,rrg,0.28,0.05,0.3,2,0.9766666666666667,0.9720402,0.36363636363636337,0.3228943,5.054222175355775,5.6196237,,,,
path_weight,N/A,rrg,0.29,0.05,0.3,2,0.98,0.97299856,0.4545454545454534,0.34132022,5.045256095270747,5.483035,,,,
path_weight,N/A,rrg,0.0,0.05,0.3,3,0.95,0.94999987,0.0,0.0,11.849813325313383,11.267633,,,,
path_weight,N/A,rrg,0.01,0.05,0.3,3,0.95,0.95548993,0.0,0.0,12.185389577526657,10.78695,,,,
path_weight,N/A,rrg,0.02,0.05,0.3,3,0.9466666666666667,0.95485127,-0.06666666666666593,0.021007491,11.21021158559052,10.368727,,,,
path_weight,N/A,rrg,0.03,0.05,0.3,3,0.9533333333333334,0.95712125,0.06666666666666815,0.07213115,11.088459555518481,10.283036,,,,
path_weight,N/A,rrg,0.04,0.05,0.3,3,0.9566666666666667,0.957387,0.13333333333333408,0.13528211,11.036207326610008,10.052853,,,,
path_weight,N/A,rrg,0.05,0.05,0.3,3,0.9566666666666667,0.95859194,0.13333333333333408,0.13867289,10.70621785576613,10.036971,,,,
path_weight,N/A,rrg,0.06,0.05,0.3,3,0.9566666666666667,0.9602812,0.13333333333333408,0.14372414,10.329966284874873,9.734589,,,,
path_weight,N/A,rrg,0.07,0.05,0.3,3,0.9566666666666667,0.96020144,0.13333333333333408,0.14347745,10.02423055368543,9.542259,,,,
path_weight,N/A,rrg,0.08,0.05,0.3,3,0.9566666666666667,0.9606578,0.13333333333333408,0.14489941,9.96461631838603,9.438555,,,,
path_weight,N/A,rrg,0.09,0.05,0.3,3,0.9566666666666667,0.9622354,0.13333333333333408,0.15004548,10.03774481423369,9.3111,,,,
path_weight,N/A,rrg,0.1,0.05,0.3,3,0.9566666666666667,0.960705,0.13333333333333408,0.14504935,10.276605991968836,9.17136,,,,
path_weight,N/A,rrg,0.11,0.05,0.3,3,0.9566666666666667,0.9616691,0.13333333333333408,0.148156,10.271201960998757,9.064162,,,,
path_weight,N/A,rrg,0.12,0.05,0.3,3,0.9566666666666667,0.9630843,0.13333333333333408,0.15296687,10.519187361629335,8.90713,,,,
path_weight,N/A,rrg,0.13,0.05,0.3,3,0.9566666666666667,0.9627767,0.13333333333333408,0.1518961,9.702524315410576,8.62166,,,,
path_weight,N/A,rrg,0.14,0.05,0.3,3,0.9566666666666667,0.95985425,0.13333333333333408,0.14241223,9.228270779237869,8.423706,,,,
path_weight,N/A,rrg,0.15,0.05,0.3,3,0.9566666666666667,0.959387,0.13333333333333408,0.14100485,8.675140398514747,8.061722,,,,
path_weight,N/A,rrg,0.16,0.05,0.3,3,0.9566666666666667,0.9598724,0.13333333333333408,0.14246756,8.158690410488129,7.7290745,,,,
path_weight,N/A,rrg,0.17,0.05,0.3,3,0.9566666666666667,0.962795,0.13333333333333408,0.23312734,7.89272089287959,7.4018683,,,,
path_weight,N/A,rrg,0.18,0.05,0.3,3,0.9633333333333334,0.9637507,0.26666666666666816,0.26891127,7.828729299664311,7.3322673,,,,
path_weight,N/A,rrg,0.19,0.05,0.3,3,0.9666666666666667,0.96708304,0.3333333333333341,0.33613223,7.984529163056903,7.1708317,,,,
path_weight,N/A,rrg,0.2,0.05,0.3,3,0.97,0.96810687,0.4,0.3854072,7.751823812940752,6.984191,,,,
path_weight,N/A,rrg,0.21,0.05,0.3,3,0.9733333333333334,0.9694395,0.4666666666666682,0.4329504,7.494006922230665,6.760658,,,,
path_weight,N/A,rrg,0.22,0.05,0.3,3,0.9766666666666667,0.9691272,0.5333333333333341,0.4634496,7.073096032450668,6.6294723,,,,
path_weight,N/A,rrg,0.23,0.05,0.3,3,0.98,0.97192687,0.6,0.5165883,6.779602690114217,6.4404206,,,,
path_weight,N/A,rrg,0.24,0.05,0.3,3,0.98,0.9725651,0.6,0.5223309,6.801922186159324,6.360455,,,,
path_weight,N/A,rrg,0.25,0.05,0.3,3,0.98,0.967487,0.6,0.47989976,5.792405667568364,6.243238,,,,
path_weight,N/A,rrg,0.26,0.05,0.3,3,0.98,0.96841514,0.6,0.48713297,5.628821421684871,6.1443124,,,,
path_weight,N/A,rrg,0.27,0.05,0.3,3,0.98,0.9689459,0.6,0.49136743,5.733624974133572,5.994921,,,,
path_weight,N/A,rrg,0.28,0.05,0.3,3,0.98,0.96918803,0.6,0.49332422,5.6872938471128345,5.894684,,,,
path_weight,N/A,rrg,0.29,0.05,0.3,3,0.98,0.9693402,0.6,0.49456128,5.431325804102827,5.791307,,,,
path_weight,N/A,rrg,0.0,0.05,0.3,4,0.9433333333333334,0.94999987,0.0,0.0,12.431194124924792,11.267633,,,,
path_weight,N/A,rrg,0.01,0.05,0.3,4,0.9433333333333334,0.95426714,0.0,0.0,11.916164699756424,10.953591,,,,
path_weight,N/A,rrg,0.02,0.05,0.3,4,0.9433333333333334,0.95585304,0.0,0.0,11.313633269582452,10.567652,,,,
path_weight,N/A,rrg,0.03,0.05,0.3,4,0.9433333333333334,0.9574949,0.0,0.0,11.258103132093709,10.432619,,,,
path_weight,N/A,rrg,0.04,0.05,0.3,4,0.9433333333333334,0.95850664,0.0,0.0,10.374209288973768,9.874438,,,,
path_weight,N/A,rrg,0.05,0.05,0.3,4,0.9433333333333334,0.95980835,0.0,0.0069701653,10.174534107131366,9.679157,,,,
path_weight,N/A,rrg,0.06,0.05,0.3,4,0.9466666666666667,0.96271646,0.05882352941176413,0.08206763,10.313428224207994,9.574723,,,,
path_weight,N/A,rrg,0.07,0.05,0.3,4,0.9466666666666667,0.95882446,0.05882352941176413,0.07489136,10.051673348793402,9.560666,,,,
path_weight,N/A,rrg,0.08,0.05,0.3,4,0.9466666666666667,0.9579887,0.05882352941176413,0.07351099,10.037273655678767,9.22064,,,,
path_weight,N/A,rrg,0.09,0.05,0.3,4,0.95,0.96164244,0.11764705882352826,0.14806832,10.204807801297635,8.840493,,,,
path_weight,N/A,rrg,0.1,0.05,0.3,4,0.95,0.9588721,0.11764705882352826,0.1394857,9.931499694332997,8.729993,,,,
path_weight,N/A,rrg,0.11,0.05,0.3,4,0.9533333333333334,0.9629057,0.17647058823529435,0.21234079,9.701020187464207,8.550023,,,,
path_weight,N/A,rrg,0.12,0.05,0.3,4,0.9533333333333334,0.96119016,0.17647058823529435,0.20487659,10.023772974383798,8.322966,,,,
path_weight,N/A,rrg,0.13,0.05,0.3,4,0.9533333333333334,0.9618817,0.17647058823529435,0.20782097,10.089277568672218,8.212291,,,,
path_weight,N/A,rrg,0.14,0.05,0.3,4,0.9566666666666667,0.9654594,0.2352941176470585,0.2785091,9.169517129168872,8.00632,,,,
path_weight,N/A,rrg,0.15,0.05,0.3,4,0.96,0.96575665,0.2941176470588226,0.32737562,8.690729912465532,7.81496,,,,
path_weight,N/A,rrg,0.16,0.05,0.3,4,0.96,0.96378034,0.2941176470588226,0.31514192,8.558621519442056,7.574948,,,,
path_weight,N/A,rrg,0.17,0.05,0.3,4,0.9633333333333334,0.9662828,0.3529411764705887,0.34715128,8.304322323819017,7.2490444,,,,
path_weight,N/A,rrg,0.18,0.05,0.3,4,0.9633333333333334,0.9667053,0.3529411764705887,0.3506828,8.124536595151996,7.1292424,,,,
path_weight,N/A,rrg,0.19,0.05,0.3,4,0.9633333333333334,0.9696472,0.3529411764705887,0.39719808,8.02347712091786,7.002486,,,,
path_weight,N/A,rrg,0.2,0.05,0.3,4,0.9633333333333334,0.970592,0.3529411764705887,0.4047927,8.140400147675255,6.8300877,,,,
path_weight,N/A,rrg,0.21,0.05,0.3,4,0.9633333333333334,0.97212374,0.3529411764705887,0.4177441,7.593090224397662,6.58987,,,,
path_weight,N/A,rrg,0.22,0.05,0.3,4,0.9633333333333334,0.97300047,0.3529411764705887,0.42553592,7.430678139702004,6.4229546,,,,
path_weight,N/A,rrg,0.23,0.05,0.3,4,0.9633333333333334,0.9716036,0.3529411764705887,0.4132534,6.286000200281181,6.3769093,,,,
path_weight,N/A,rrg,0.24,0.05,0.3,4,0.9633333333333334,0.9721703,0.3529411764705887,0.41814995,6.055036062051234,5.836168,,,,
path_weight,N/A,rrg,0.25,0.05,0.3,4,0.9633333333333334,0.97256106,0.3529411764705887,0.4215951,6.173643908384667,5.773736,,,,
path_weight,N/A,rrg,0.26,0.05,0.3,4,0.9633333333333334,0.97253835,0.3529411764705887,0.42139265,6.161469453824211,5.741065,,,,
path_weight,N/A,rrg,0.27,0.05,0.3,4,0.9633333333333334,0.97382164,0.3529411764705887,0.4331038,6.215378778746064,5.5765476,,,,
path_weight,N/A,rrg,0.28,0.05,0.3,4,0.9633333333333334,0.9754957,0.3529411764705887,0.4493945,5.954582848349316,5.3038087,,,,
path_weight,N/A,rrg,0.29,0.05,0.3,4,0.9666666666666667,0.9764919,0.4117647058823528,0.47355917,5.879606426050091,5.237229,,,,
path_weight,N/A,rrg,0.0,0.05,0.3,5,0.95,0.94999987,0.0,0.0,12.024568720566883,11.267633,,,,
path_weight,N/A,rrg,0.01,0.05,0.3,5,0.95,0.951471,0.0,0.0,11.748578940218183,11.015041,,,,
path_weight,N/A,rrg,0.02,0.05,0.3,5,0.95,0.9513553,0.0,0.0,11.214445852909623,10.56203,,,,
path_weight,N/A,rrg,0.03,0.05,0.3,5,0.9533333333333334,0.95249677,0.06666666666666815,0.014652155,11.33814727169505,10.3293705,,,,
path_weight,N/A,rrg,0.04,0.05,0.3,5,0.9533333333333334,0.9506429,0.06666666666666815,0.014141267,10.653873849135962,10.040057,,,,
path_weight,N/A,rrg,0.05,0.05,0.3,5,0.9533333333333334,0.95398813,0.06666666666666815,0.07322692,10.346214405417893,9.747577,,,,
path_weight,N/A,rrg,0.06,0.05,0.3,5,0.9566666666666667,0.9544774,0.13333333333333408,0.13250469,10.148717182264587,9.449971,,,,
path_weight,N/A,rrg,0.07,0.05,0.3,5,0.9566666666666667,0.9548873,0.13333333333333408,0.13354076,10.12633349107059,9.2907715,,,,
path_weight,N/A,rrg,0.08,0.05,0.3,5,0.96,0.9528496,0.2,0.1790873,9.915339236185234,8.969048,,,,
path_weight,N/A,rrg,0.09,0.05,0.3,5,0.96,0.95565236,0.2,0.18834537,9.92708632440711,8.780045,,,,
path_weight,N/A,rrg,0.1,0.05,0.3,5,0.9633333333333334,0.95922506,0.26666666666666816,0.25049302,9.493755354571622,8.506173,,,,
path_weight,N/A,rrg,0.11,0.05,0.3,5,0.9633333333333334,0.9598328,0.26666666666666816,0.253332,9.281717282116434,8.334858,,,,
path_weight,N/A,rrg,0.12,0.05,0.3,5,0.9666666666666667,0.958973,0.3333333333333341,0.2526663,8.845250725748064,8.303004,,,,
path_weight,N/A,rrg,0.13,0.05,0.3,5,0.96,0.9592332,0.2,0.25105095,8.824943910044945,8.077235,,,,
path_weight,N/A,rrg,0.14,0.05,0.3,5,0.96,0.96102303,0.2,0.25902024,8.852136024032365,7.909895,,,,
path_weight,N/A,rrg,0.15,0.05,0.3,5,0.96,0.95926064,0.2,0.25450003,8.452609668635171,7.7591796,,,,
path_weight,N/A,rrg,0.16,0.05,0.3,5,0.96,0.95547414,0.2,0.23798041,8.288310533153066,7.4955144,,,,
path_weight,N/A,rrg,0.17,0.05,0.3,5,0.9633333333333334,0.957793,0.26666666666666816,0.29030493,8.265233197757064,7.3194337,,,,
path_weight,N/A,rrg,0.18,0.05,0.3,5,0.9666666666666667,0.9613361,0.3333333333333341,0.34744954,7.656437404318722,7.095863,,,,
path_weight,N/A,rrg,0.19,0.05,0.3,5,0.9733333333333334,0.96055675,0.4666666666666682,0.37573183,7.4701339196669245,6.93027,,,,
path_weight,N/A,rrg,0.2,0.05,0.3,5,0.9733333333333334,0.95788544,0.4666666666666682,0.36049885,7.301111346197237,6.697241,,,,
path_weight,N/A,rrg,0.21,0.05,0.3,5,0.9733333333333334,0.95898074,0.4666666666666682,0.36945653,7.01617081103733,6.5607605,,,,
path_weight,N/A,rrg,0.22,0.05,0.3,5,0.9733333333333334,0.9591122,0.4666666666666682,0.37045854,6.981984386078303,6.455305,,,,
path_weight,N/A,rrg,0.23,0.05,0.3,5,0.9766666666666667,0.9603945,0.5333333333333341,0.3805267,6.95278951446182,6.299129,,,,
path_weight,N/A,rrg,0.24,0.05,0.3,5,0.98,0.9626036,0.6,0.41120666,6.689805736363613,6.099808,,,,
path_weight,N/A,rrg,0.25,0.05,0.3,5,0.98,0.9644394,0.6,0.4336611,6.456590039895096,6.026993,,,,
path_weight,N/A,rrg,0.26,0.05,0.3,5,0.98,0.96596473,0.6,0.4445106,6.254676428841169,5.851679,,,,
path_weight,N/A,rrg,0.27,0.05,0.3,5,0.98,0.96977043,0.6,0.4980935,6.139963693241526,5.712884,,,,
path_weight,N/A,rrg,0.28,0.05,0.3,5,0.98,0.9699587,0.6,0.4996575,6.1193951273391,5.625534,,,,
path_weight,N/A,rrg,0.29,0.05,0.3,5,0.98,0.9701377,0.6,0.501151,6.213959360172163,5.5077744,,,,
path_weight,N/A,rrg,0.0,0.05,0.3,6,0.95,0.94999987,0.0,0.0,10.678316457179838,11.267633,,,,
path_weight,N/A,rrg,0.01,0.05,0.3,6,0.9566666666666667,0.9508506,0.13333333333333408,0.11943983,9.905907077434337,10.55077,,,,
path_weight,N/A,rrg,0.02,0.05,0.3,6,0.9566666666666667,0.95209104,0.13333333333333408,0.12215455,9.957944773506378,10.392471,,,,
path_weight,N/A,rrg,0.03,0.05,0.3,6,0.9566666666666667,0.9535037,0.13333333333333408,0.12540054,9.954285151154874,10.312947,,,,
path_weight,N/A,rrg,0.04,0.05,0.3,6,0.9566666666666667,0.956758,0.13333333333333408,0.13357729,9.84813599313467,10.154772,,,,
path_weight,N/A,rrg,0.05,0.05,0.3,6,0.9566666666666667,0.9553178,0.13333333333333408,0.12983072,9.512787819983075,10.028302,,,,
path_weight,N/A,rrg,0.06,0.05,0.3,6,0.9566666666666667,0.9559837,0.13333333333333408,0.13153651,9.578941539164038,9.87845,,,,
path_weight,N/A,rrg,0.07,0.05,0.3,6,0.9566666666666667,0.95483756,0.13333333333333408,0.12862775,8.913295057645634,9.573992,,,,
path_weight,N/A,rrg,0.08,0.05,0.3,6,0.96,0.9559715,0.2,0.15575737,8.854857946548425,9.354728,,,,
path_weight,N/A,rrg,0.09,0.05,0.3,6,0.96,0.9580825,0.2,0.19261312,8.876206146683387,9.243726,,,,
path_weight,N/A,rrg,0.1,0.05,0.3,6,0.96,0.95607674,0.2,0.18544859,8.594652534711283,9.075324,,,,
path_weight,N/A,rrg,0.11,0.05,0.3,6,0.96,0.9564022,0.2,0.18657462,8.109529650560782,8.731248,,,,
path_weight,N/A,rrg,0.12,0.05,0.3,6,0.9633333333333334,0.9598045,0.26666666666666816,0.24908665,8.022612405060388,8.537116,,,,
path_weight,N/A,rrg,0.13,0.05,0.3,6,0.9633333333333334,0.96167684,0.26666666666666816,0.25811514,8.010918590853056,8.289908,,,,
path_weight,N/A,rrg,0.14,0.05,0.3,6,0.9633333333333334,0.9621997,0.26666666666666816,0.2607544,8.046970441648405,8.178029,,,,
path_weight,N/A,rrg,0.15,0.05,0.3,6,0.9666666666666667,0.96656024,0.3333333333333341,0.33262515,7.657539113456997,7.84362,,,,
path_weight,N/A,rrg,0.16,0.05,0.3,6,0.9666666666666667,0.96477264,0.3333333333333341,0.32116714,7.45066894385743,7.756935,,,,
path_weight,N/A,rrg,0.17,0.05,0.3,6,0.97,0.9662976,0.4,0.3724235,7.4876081630472076,7.450962,,,,
path_weight,N/A,rrg,0.18,0.05,0.3,6,0.97,0.9669777,0.4,0.37719968,7.505718402757508,7.409768,,,,
path_weight,N/A,rrg,0.19,0.05,0.3,6,0.97,0.96595204,0.4,0.3700401,7.300082623684352,7.3527346,,,,
path_weight,N/A,rrg,0.2,0.05,0.3,6,0.97,0.9665981,0.4,0.37451825,7.258030119606064,7.2325506,,,,
path_weight,N/A,rrg,0.21,0.05,0.3,6,0.9666666666666667,0.96436566,0.3333333333333341,0.3623932,6.703115657866823,6.8874025,,,,
path_weight,N/A,rrg,0.22,0.05,0.3,6,0.97,0.96278095,0.4,0.35385427,6.4296048249133255,6.7623363,,,,
path_weight,N/A,rrg,0.23,0.05,0.3,6,0.9733333333333334,0.96603954,0.4666666666666682,0.40725797,6.36259131658997,6.594007,,,,
path_weight,N/A,rrg,0.24,0.05,0.3,6,0.9733333333333334,0.9658743,0.4666666666666682,0.4060863,6.494825125371912,6.392931,,,,
path_weight,N/A,rrg,0.25,0.05,0.3,6,0.9733333333333334,0.9676233,0.4666666666666682,0.4188351,6.473090352842832,6.325552,,,,
path_weight,N/A,rrg,0.26,0.05,0.3,6,0.9733333333333334,0.9692537,0.4666666666666682,0.4314624,6.26493035978549,6.229427,,,,
path_weight,N/A,rrg,0.27,0.05,0.3,6,0.9733333333333334,0.96660674,0.4666666666666682,0.41132945,5.939607296341037,6.085054,,,,
path_weight,N/A,rrg,0.28,0.05,0.3,6,0.9733333333333334,0.9673989,0.4666666666666682,0.41715473,5.670861656430871,5.976791,,,,
path_weight,N/A,rrg,0.29,0.05,0.3,6,0.9733333333333334,0.9693251,0.4666666666666682,0.43203285,5.402770552246208,5.7602067,,,,
path_weight,N/A,rrg,0.0,0.05,0.3,7,0.98,0.94999987,0.0,0.0,13.578947560695463,11.267633,,,,
path_weight,N/A,rrg,0.01,0.05,0.3,7,0.98,0.96117043,0.0,0.0,10.596296792870284,10.4056225,,,,
path_weight,N/A,rrg,0.02,0.05,0.3,7,0.98,0.9609316,0.0,0.0,10.433478359118741,10.090194,,,,
path_weight,N/A,rrg,0.03,0.05,0.3,7,0.98,0.96263003,0.0,0.0,9.74842369357086,9.643592,,,,
path_weight,N/A,rrg,0.04,0.05,0.3,7,0.9833333333333333,0.9656251,0.16666666666666483,0.088397965,8.539518478559243,9.334471,,,,
path_weight,N/A,rrg,0.05,0.05,0.3,7,0.9833333333333333,0.96681786,0.16666666666666483,0.091285415,8.427104401486273,9.228196,,,,
path_weight,N/A,rrg,0.06,0.05,0.3,7,0.9833333333333333,0.9678693,0.16666666666666483,0.09399181,8.021430440130144,9.0909,,,,
path_weight,N/A,rrg,0.07,0.05,0.3,7,0.9833333333333333,0.971846,0.16666666666666483,0.105862536,7.284941027375383,8.62534,,,,
path_weight,N/A,rrg,0.08,0.05,0.3,7,0.9833333333333333,0.9766703,0.16666666666666483,0.12501705,6.709410073740452,7.83188,,,,
path_weight,N/A,rrg,0.09,0.05,0.3,7,0.9833333333333333,0.973372,0.16666666666666483,0.11125435,5.763277972631319,7.7140536,,,,
path_weight,N/A,rrg,0.1,0.05,0.3,7,0.9833333333333333,0.97518647,0.16666666666666483,0.118426345,5.201017615828549,7.1934276,,,,
path_weight,N/A,rrg,0.11,0.05,0.3,7,0.9866666666666667,0.9782492,0.3333333333333352,0.23459727,5.061020073048607,7.114777,,,,
path_weight,N/A,rrg,0.12,0.05,0.3,7,0.9866666666666667,0.978596,0.3333333333333352,0.23749544,5.0434077243663475,6.9526725,,,,
path_weight,N/A,rrg,0.13,0.05,0.3,7,0.9866666666666667,0.97967225,0.3333333333333352,0.2469645,5.072845118079808,6.782212,,,,
path_weight,N/A,rrg,0.14,0.05,0.3,7,0.9866666666666667,0.9792082,0.3333333333333352,0.2427905,5.060517013087181,6.7375617,,,,
path_weight,N/A,rrg,0.15,0.05,0.3,7,0.9866666666666667,0.9796399,0.3333333333333352,0.24666876,4.9538818615657565,6.628953,,,,
path_weight,N/A,rrg,0.16,0.05,0.3,7,0.9866666666666667,0.9798298,0.3333333333333352,0.2484142,4.914667054678512,6.5281696,,,,
path_weight,N/A,rrg,0.17,0.05,0.3,7,0.9866666666666667,0.9808195,0.3333333333333352,0.25792816,4.7032005548506906,6.2863917,,,,
path_weight,N/A,rrg,0.18,0.05,0.3,7,0.9866666666666667,0.9781415,0.3333333333333352,0.23371147,5.082670353824501,6.100717,,,,
path_weight,N/A,rrg,0.19,0.05,0.3,7,0.99,0.9830131,0.5,0.37054986,4.345627071995017,5.4794574,,,,
path_weight,N/A,rrg,0.2,0.05,0.3,7,0.99,0.9808079,0.5,0.34255823,4.285926783517818,5.4285336,,,,
path_weight,N/A,rrg,0.21,0.05,0.3,7,0.99,0.98229337,0.5,0.36092418,3.96734311371883,5.0806894,,,,
path_weight,N/A,rrg,0.22,0.05,0.3,7,0.99,0.982535,0.5,0.3640996,3.985197560692136,4.946188,,,,
path_weight,N/A,rrg,0.23,0.05,0.3,7,0.99,0.97988874,0.5,0.33210275,3.82611071503089,4.9194345,,,,
path_weight,N/A,rrg,0.24,0.05,0.3,7,0.99,0.9798787,0.5,0.33199105,3.9303202367300885,4.7658215,,,,
path_weight,N/A,rrg,0.25,0.05,0.3,7,0.9833333333333333,0.9832821,0.16666666666666483,0.40971214,3.1938448757295834,4.104559,,,,
path_weight,N/A,rrg,0.26,0.05,0.3,7,0.99,0.9858705,0.5,0.49493775,2.972606350712669,3.9209547,,,,
path_weight,N/A,rrg,0.27,0.05,0.3,7,0.99,0.98667276,0.5,0.5185781,2.9589592065658903,3.854798,,,,
path_weight,N/A,rrg,0.28,0.05,0.3,7,0.9966666666666667,0.9893049,0.8333333333333351,0.6091222,2.756277635684704,3.7461693,,,,
path_weight,N/A,rrg,0.29,0.05,0.3,7,0.9966666666666667,0.9895985,0.8333333333333351,0.61573035,2.734746948100834,3.6488285,,,,
path_weight,N/A,rrg,0.0,0.05,0.3,8,0.95,0.94999987,0.0,0.0,10.881795098689848,11.267633,,,,
path_weight,N/A,rrg,0.01,0.05,0.3,8,0.95,0.94989306,0.0,0.0,10.240751006419002,10.723587,,,,
path_weight,N/A,rrg,0.02,0.05,0.3,8,0.9533333333333334,0.95414263,0.06666666666666815,0.067763425,9.995117004831199,10.6372595,,,,
path_weight,N/A,rrg,0.03,0.05,0.3,8,0.9533333333333334,0.95509565,0.06666666666666815,0.06910335,10.014618939469466,10.54556,,,,
path_weight,N/A,rrg,0.04,0.05,0.3,8,0.9533333333333334,0.95674866,0.06666666666666815,0.071554236,10.300583811327614,10.380814,,,,
path_weight,N/A,rrg,0.05,0.05,0.3,8,0.95,0.954683,0.0,0.075530455,9.927483080432257,9.970851,,,,
path_weight,N/A,rrg,0.06,0.05,0.3,8,0.9533333333333334,0.95252013,0.06666666666666815,0.07607977,9.748555012998583,9.615026,,,,
path_weight,N/A,rrg,0.07,0.05,0.3,8,0.9566666666666667,0.9572649,0.13333333333333408,0.14005671,9.452064201032886,9.476962,,,,
path_weight,N/A,rrg,0.08,0.05,0.3,8,0.96,0.9577572,0.2,0.19613059,9.190035446773537,9.045797,,,,
path_weight,N/A,rrg,0.09,0.05,0.3,8,0.9633333333333334,0.9588813,0.26666666666666816,0.20314719,9.26837687327597,8.968842,,,,
path_weight,N/A,rrg,0.1,0.05,0.3,8,0.9633333333333334,0.95844257,0.26666666666666816,0.20153414,9.401714838628742,8.877244,,,,
path_weight,N/A,rrg,0.11,0.05,0.3,8,0.9633333333333334,0.9617393,0.26666666666666816,0.25842765,9.289884423736117,8.752667,,,,
path_weight,N/A,rrg,0.12,0.05,0.3,8,0.9666666666666667,0.96272767,0.3333333333333341,0.3089908,8.741285988992171,8.507107,,,,
path_weight,N/A,rrg,0.13,0.05,0.3,8,0.9666666666666667,0.96709096,0.3333333333333341,0.336186,7.996427625098764,8.158341,,,,
path_weight,N/A,rrg,0.14,0.05,0.3,8,0.9666666666666667,0.9624979,0.3333333333333341,0.30768088,7.301412952622835,8.030527,,,,
path_weight,N/A,rrg,0.15,0.05,0.3,8,0.97,0.9639412,0.4,0.35676813,7.323295226317144,7.8181624,,,,
path_weight,N/A,rrg,0.16,0.05,0.3,8,0.97,0.96540993,0.4,0.3663668,7.157317189530333,7.672316,,,,
path_weight,N/A,rrg,0.17,0.05,0.3,8,0.97,0.96602476,0.4,0.37054002,7.150955156930974,7.611307,,,,
path_weight,N/A,rrg,0.18,0.05,0.3,8,0.9733333333333334,0.9662716,0.4666666666666682,0.4089141,6.830656602271132,7.4474196,,,,
path_weight,N/A,rrg,0.19,0.05,0.3,8,0.9733333333333334,0.9679439,0.4666666666666682,0.42125946,6.816318281699675,7.251893,,,,
path_weight,N/A,rrg,0.2,0.05,0.3,8,0.9733333333333334,0.96870667,0.4666666666666682,0.42714158,6.400962713320547,6.9274554,,,,
path_weight,N/A,rrg,0.21,0.05,0.3,8,0.9733333333333334,0.9696038,0.4666666666666682,0.43427348,6.1158694781988014,6.710667,,,,
path_weight,N/A,rrg,0.22,0.05,0.3,8,0.9733333333333334,0.97022235,0.4666666666666682,0.4393314,5.965597550791766,6.5825777,,,,
path_weight,N/A,rrg,0.23,0.05,0.3,8,0.9733333333333334,0.96931314,0.4666666666666682,0.43193704,5.597694992269836,6.5487223,,,,
path_weight,N/A,rrg,0.24,0.05,0.3,8,0.9733333333333334,0.9711216,0.4666666666666682,0.4468981,5.197709979255283,6.2279725,,,,
path_weight,N/A,rrg,0.25,0.05,0.3,8,0.9733333333333334,0.9715009,0.4666666666666682,0.45016876,5.106885958872717,6.113371,,,,
path_weight,N/A,rrg,0.26,0.05,0.3,8,0.9733333333333334,0.9726103,0.4666666666666682,0.4600149,5.059648505835454,5.8409142,,,,
path_weight,N/A,rrg,0.27,0.05,0.3,8,0.9733333333333334,0.97270966,0.4666666666666682,0.46091715,5.01203495047801,5.5037923,,,,
path_weight,N/A,rrg,0.28,0.05,0.3,8,0.9733333333333334,0.9737549,0.4666666666666682,0.47063434,4.9444393573336045,5.270875,,,,
path_weight,N/A,rrg,0.29,0.05,0.3,8,0.9766666666666667,0.9761597,0.5333333333333341,0.5279802,4.936409105414198,5.159165,,,,
path_weight,N/A,rrg,0.0,0.05,0.3,9,0.96,0.94999987,0.0,0.0,11.127765354223703,11.267633,,,,
path_weight,N/A,rrg,0.01,0.05,0.3,9,0.9566666666666667,0.9475885,-0.08333333333333241,0.0066998024,10.893361676741941,10.673691,,,,
path_weight,N/A,rrg,0.02,0.05,0.3,9,0.9633333333333334,0.9520932,0.08333333333333519,0.0650531,10.366351091908472,10.590485,,,,
path_weight,N/A,rrg,0.03,0.05,0.3,9,0.9633333333333334,0.9529769,0.08333333333333519,0.066194706,10.351198764814145,10.478348,,,,
path_weight,N/A,rrg,0.04,0.05,0.3,9,0.9633333333333334,0.9549392,0.08333333333333519,0.06887879,10.659738620524722,10.396012,,,,
path_weight,N/A,rrg,0.05,0.05,0.3,9,0.9633333333333334,0.9534279,0.08333333333333519,0.06679295,10.086262796954408,9.985752,,,,
path_weight,N/A,rrg,0.06,0.05,0.3,9,0.96,0.95163023,0.0,0.07029471,9.673915892771438,9.708153,,,,
path_weight,N/A,rrg,0.07,0.05,0.3,9,0.97,0.95829296,0.25,0.19339712,9.089889409681565,9.532217,,,,
path_weight,N/A,rrg,0.08,0.05,0.3,9,0.97,0.9593618,0.25,0.19747919,9.188019467857151,9.317479,,,,
path_weight,N/A,rrg,0.09,0.05,0.3,9,0.97,0.9600748,0.25,0.20029943,9.068915615667484,9.256476,,,,
path_weight,N/A,rrg,0.1,0.05,0.3,9,0.97,0.9592255,0.25,0.196949,9.517329052237752,9.047508,,,,
path_weight,N/A,rrg,0.11,0.05,0.3,9,0.97,0.96132344,0.25,0.20543754,9.275178096640468,8.884905,,,,
path_weight,N/A,rrg,0.12,0.05,0.3,9,0.97,0.96272236,0.25,0.21151832,9.282300048436595,8.783957,,,,
path_weight,N/A,rrg,0.13,0.05,0.3,9,0.97,0.9625218,0.25,0.21062377,9.346265348416273,8.4457035,,,,
path_weight,N/A,rrg,0.14,0.05,0.3,9,0.9733333333333334,0.96673626,0.3333333333333352,0.2861408,8.97858202777593,8.359276,,,,
path_weight,N/A,rrg,0.15,0.05,0.3,9,0.9733333333333334,0.9686878,0.3333333333333352,0.2986493,8.454146128012828,8.246232,,,,
path_weight,N/A,rrg,0.16,0.05,0.3,9,0.9733333333333334,0.96578246,0.3333333333333352,0.28040126,8.44126883400482,8.301129,,,,
path_weight,N/A,rrg,0.17,0.05,0.3,9,0.9733333333333334,0.96265465,0.3333333333333352,0.26309618,8.849469630313513,8.095262,,,,
path_weight,N/A,rrg,0.18,0.05,0.3,9,0.9733333333333334,0.9641868,0.3333333333333352,0.27129728,8.81919652041205,7.914491,,,,
path_weight,N/A,rrg,0.19,0.05,0.3,9,0.9733333333333334,0.9652901,0.3333333333333352,0.27752778,8.49142552523935,7.7524037,,,,
path_weight,N/A,rrg,0.2,0.05,0.3,9,0.9766666666666667,0.9662307,0.4166666666666676,0.33045253,8.647513789857305,7.6438365,,,,
path_weight,N/A,rrg,0.21,0.05,0.3,9,0.9766666666666667,0.9661855,0.4166666666666676,0.330156,8.582550123541685,7.505539,,,,
path_weight,N/A,rrg,0.22,0.05,0.3,9,0.9766666666666667,0.9670298,0.4166666666666676,0.3357718,7.66036080347459,7.278068,,,,
path_weight,N/A,rrg,0.23,0.05,0.3,9,0.9766666666666667,0.96491396,0.4166666666666676,0.32204494,7.385946695731354,6.951074,,,,
path_weight,N/A,rrg,0.24,0.05,0.3,9,0.9766666666666667,0.96525836,0.4166666666666676,0.3242016,7.3590394603480975,6.7150793,,,,
path_weight,N/A,rrg,0.25,0.05,0.3,9,0.98,0.96466106,0.5,0.36140826,6.3310620371062445,6.401363,,,,
path_weight,N/A,rrg,0.26,0.05,0.3,9,0.98,0.9654425,0.5,0.36658534,6.271525558601754,6.329599,,,,
path_weight,N/A,rrg,0.27,0.05,0.3,9,0.98,0.96431845,0.5,0.3591859,5.67271556618168,6.122504,,,,
path_weight,N/A,rrg,0.28,0.05,0.3,9,0.98,0.9655953,0.5,0.3676151,5.438608553298245,5.9055834,,,,
path_weight,N/A,rrg,0.29,0.05,0.3,9,0.9833333333333333,0.96957344,0.5833333333333324,0.42807543,5.459887895274298,5.7578316,,,,
path_weight,N/A,rrg,0.0,0.05,0.3,10,0.9566666666666667,0.94999987,0.0,0.0,10.903610932735258,11.267633,,,,
path_weight,N/A,rrg,0.01,0.05,0.3,10,0.9566666666666667,0.9475138,0.0,0.0,10.661895680473064,10.758725,,,,
path_weight,N/A,rrg,0.02,0.05,0.3,10,0.96,0.9516103,0.07692307692307614,0.06444579,10.1988003818873,10.688128,,,,
path_weight,N/A,rrg,0.03,0.05,0.3,10,0.96,0.9532605,0.07692307692307614,0.06656961,10.109406775064183,10.59293,,,,
path_weight,N/A,rrg,0.04,0.05,0.3,10,0.96,0.951416,0.07692307692307614,0.064204596,9.907760180566134,10.269913,,,,
path_weight,N/A,rrg,0.05,0.05,0.3,10,0.9633333333333334,0.9550021,0.15384615384615483,0.12903546,9.656414487007803,10.024119,,,,
path_weight,N/A,rrg,0.06,0.05,0.3,10,0.9633333333333334,0.95351684,0.15384615384615483,0.12543148,9.723850527824037,9.819264,,,,
path_weight,N/A,rrg,0.07,0.05,0.3,10,0.9633333333333334,0.9544934,0.15384615384615483,0.12777926,9.147071689864761,9.557857,,,,
path_weight,N/A,rrg,0.08,0.05,0.3,10,0.9666666666666667,0.95856076,0.23076923076923098,0.19437692,9.056280714296133,9.353891,,,,
path_weight,N/A,rrg,0.09,0.05,0.3,10,0.9666666666666667,0.9571556,0.23076923076923098,0.18923552,8.256635005423899,8.986144,,,,
path_weight,N/A,rrg,0.1,0.05,0.3,10,0.97,0.9608608,0.3076923076923071,0.25410095,8.190672711824758,8.7838125,,,,
path_weight,N/A,rrg,0.11,0.05,0.3,10,0.9733333333333334,0.96304685,0.3846153846153858,0.31083015,7.468667184689508,8.427509,,,,
path_weight,N/A,rrg,0.12,0.05,0.3,10,0.9733333333333334,0.9643166,0.3846153846153858,0.31836936,7.671325492890457,8.401958,,,,
path_weight,N/A,rrg,0.13,0.05,0.3,10,0.9733333333333334,0.96511036,0.3846153846153858,0.32327095,7.529500202747847,8.214404,,,,
path_weight,N/A,rrg,0.14,0.05,0.3,10,0.9733333333333334,0.96409035,0.3846153846153858,0.3169993,7.4951928664500675,8.165658,,,,
path_weight,N/A,rrg,0.15,0.05,0.3,10,0.9766666666666667,0.96540815,0.46153846153846195,0.3663555,7.304041269753573,7.8534822,,,,
path_weight,N/A,rrg,0.16,0.05,0.3,10,0.98,0.9653947,0.5384615384615381,0.373957,7.018474944354228,7.518063,,,,
path_weight,N/A,rrg,0.17,0.05,0.3,10,0.98,0.96828204,0.5384615384615381,0.42384568,6.943687045360994,7.3547053,,,,
path_weight,N/A,rrg,0.18,0.05,0.3,10,0.98,0.9690611,0.5384615384615381,0.4299309,6.803499885451028,7.243068,,,,
path_weight,N/A,rrg,0.19,0.05,0.3,10,0.98,0.96889967,0.5384615384615381,0.42865667,6.64457233833464,6.9995832,,,,
path_weight,N/A,rrg,0.2,0.05,0.3,10,0.98,0.9681615,0.5384615384615381,0.42292106,6.566499430813088,6.8652067,,,,
path_weight,N/A,rrg,0.21,0.05,0.3,10,0.98,0.9674288,0.5384615384615381,0.4173786,6.644842817319579,6.6477804,,,,
path_weight,N/A,rrg,0.22,0.05,0.3,10,0.98,0.9678621,0.5384615384615381,0.42063844,6.612326177452062,6.542925,,,,
path_weight,N/A,rrg,0.23,0.05,0.3,10,0.98,0.96873945,0.5384615384615381,0.4273987,6.614969550747733,6.4097514,,,,
path_weight,N/A,rrg,0.24,0.05,0.3,10,0.98,0.9690366,0.5384615384615381,0.42973757,6.614928830565335,6.2662215,,,,
path_weight,N/A,rrg,0.25,0.05,0.3,10,0.98,0.96958363,0.5384615384615381,0.4341107,6.63394660031736,6.152422,,,,
path_weight,N/A,rrg,0.26,0.05,0.3,10,0.98,0.97023964,0.5384615384615381,0.43947443,6.701384494415406,6.076717,,,,
path_weight,N/A,rrg,0.27,0.05,0.3,10,0.98,0.96918195,0.5384615384615381,0.43089125,6.350215174354893,5.860516,,,,
path_weight,N/A,rrg,0.28,0.05,0.3,10,0.98,0.9695305,0.5384615384615381,0.4336822,6.106936928207909,5.663747,,,,
path_weight,N/A,rrg,0.29,0.05,0.3,10,0.9833333333333333,0.9727806,0.6153846153846142,0.49487147,5.694630664156895,5.4710636,,,,
path_weight,N/A,rrg,0.0,0.05,0.3,11,0.9533333333333334,0.94999987,0.0,0.0,10.656318356899076,11.267633,,,,
path_weight,N/A,rrg,0.01,0.05,0.3,11,0.9566666666666667,0.94830656,0.07142857142857074,0.006562421,10.30850273332465,10.79786,,,,
path_weight,N/A,rrg,0.02,0.05,0.3,11,0.9566666666666667,0.9488167,0.07142857142857074,0.066012256,10.019619217758493,10.480713,,,,
path_weight,N/A,rrg,0.03,0.05,0.3,11,0.96,0.9526414,0.1428571428571415,0.12339804,9.828346748985865,10.37055,,,,
path_weight,N/A,rrg,0.04,0.05,0.3,11,0.96,0.9528599,0.1428571428571415,0.123900004,9.772016736920516,10.243027,,,,
path_weight,N/A,rrg,0.05,0.05,0.3,11,0.9633333333333334,0.95392233,0.21428571428571463,0.17832397,9.30244271160504,10.001794,,,,
path_weight,N/A,rrg,0.06,0.05,0.3,11,0.9666666666666667,0.95697695,0.28571428571428537,0.23659022,9.405211694592648,9.739671,,,,
path_weight,N/A,rrg,0.07,0.05,0.3,11,0.9666666666666667,0.95577353,0.28571428571428537,0.23164298,8.792768485025855,9.5078125,,,,
path_weight,N/A,rrg,0.08,0.05,0.3,11,0.9633333333333334,0.9542291,0.21428571428571463,0.23355362,8.29326972787163,9.251144,,,,
path_weight,N/A,rrg,0.09,0.05,0.3,11,0.97,0.9573113,0.3571428571428561,0.2807943,8.331626316383026,9.106364,,,,
path_weight,N/A,rrg,0.1,0.05,0.3,11,0.97,0.95837766,0.3571428571428561,0.28593135,8.170755771512818,9.025494,,,,
path_weight,N/A,rrg,0.11,0.05,0.3,11,0.9733333333333334,0.9610433,0.42857142857142927,0.3392318,8.12241398064799,8.659193,,,,
path_weight,N/A,rrg,0.12,0.05,0.3,11,0.9733333333333334,0.9621625,0.42857142857142927,0.34579685,7.989384611865037,8.526201,,,,
path_weight,N/A,rrg,0.13,0.05,0.3,11,0.9733333333333334,0.96429807,0.42857142857142927,0.35905376,7.896485528339588,8.306665,,,,
path_weight,N/A,rrg,0.14,0.05,0.3,11,0.9733333333333334,0.960249,0.42857142857142927,0.33472225,7.445967548364597,8.229206,,,,
path_weight,N/A,rrg,0.15,0.05,0.3,11,0.9733333333333334,0.9621572,0.42857142857142927,0.34576446,7.597114330273392,8.13703,,,,
path_weight,N/A,rrg,0.16,0.05,0.3,11,0.9733333333333334,0.9640405,0.42857142857142927,0.35740122,7.201824286897569,8.034518,,,,
path_weight,N/A,rrg,0.17,0.05,0.3,11,0.9733333333333334,0.9643619,0.42857142857142927,0.3594664,7.199823563236839,7.9173965,,,,
path_weight,N/A,rrg,0.18,0.05,0.3,11,0.9766666666666667,0.9667277,0.5,0.41220826,6.809899208947255,7.6053305,,,,
path_weight,N/A,rrg,0.19,0.05,0.3,11,0.98,0.9673246,0.5714285714285707,0.44937193,6.545957689173073,7.4473615,,,,
path_weight,N/A,rrg,0.2,0.05,0.3,11,0.98,0.96605325,0.5714285714285707,0.43994635,6.603373763098676,7.342597,,,,
path_weight,N/A,rrg,0.21,0.05,0.3,11,0.98,0.9681375,0.5714285714285707,0.45561308,6.380639209914536,7.0225945,,,,
path_weight,N/A,rrg,0.22,0.05,0.3,11,0.98,0.96836466,0.5714285714285707,0.45738822,6.287087232246287,6.914272,,,,
path_weight,N/A,rrg,0.23,0.05,0.3,11,0.98,0.9688377,0.5714285714285707,0.46112952,6.287443267485594,6.8320346,,,,
path_weight,N/A,rrg,0.24,0.05,0.3,11,0.98,0.96837556,0.5714285714285707,0.45747435,6.237504161426065,6.7279615,,,,
path_weight,N/A,rrg,0.25,0.05,0.3,11,0.98,0.96619576,0.5714285714285707,0.4409832,5.822103271129655,6.710168,,,,
path_weight,N/A,rrg,0.26,0.05,0.3,11,0.98,0.96752685,0.5714285714285707,0.45090863,5.801359642490405,6.4912667,,,,
path_weight,N/A,rrg,0.27,0.05,0.3,11,0.98,0.971331,0.5714285714285707,0.48190773,5.477519545476341,6.099347,,,,
path_weight,N/A,rrg,0.28,0.05,0.3,11,0.98,0.9718238,0.5714285714285707,0.48623753,5.016248470416718,5.824121,,,,
path_weight,N/A,rrg,0.29,0.05,0.3,11,0.9833333333333333,0.9713869,0.6428571428571415,0.5118308,4.561321916480187,5.5550346,,,,
path_weight,N/A,rrg,0.0,0.05,0.3,12,0.97,0.94999987,0.0,0.0,11.7989389521953,11.267633,,,,
path_weight,N/A,rrg,0.01,0.05,0.3,12,0.97,0.9516115,0.0,0.0,11.828191031097234,10.8020525,,,,
path_weight,N/A,rrg,0.02,0.05,0.3,12,0.9733333333333334,0.95468366,0.11111111111111358,0.0057943305,10.637328506852691,10.377641,,,,
path_weight,N/A,rrg,0.03,0.05,0.3,12,0.9733333333333334,0.9585567,0.11111111111111358,0.07444354,10.370071021992967,10.275973,,,,
path_weight,N/A,rrg,0.04,0.05,0.3,12,0.9733333333333334,0.9596572,0.11111111111111358,0.076319255,10.072221225602256,9.997878,,,,
path_weight,N/A,rrg,0.05,0.05,0.3,12,0.9733333333333334,0.960743,0.11111111111111358,0.078264974,9.98468462226662,9.828122,,,,
path_weight,N/A,rrg,0.06,0.05,0.3,12,0.9733333333333334,0.9622647,0.11111111111111358,0.081164904,9.922773507247262,9.64559,,,,
path_weight,N/A,rrg,0.07,0.05,0.3,12,0.9733333333333334,0.9626175,0.11111111111111358,0.081868194,9.955855272952522,9.452549,,,,
path_weight,N/A,rrg,0.08,0.05,0.3,12,0.9733333333333334,0.96471006,0.11111111111111358,0.086303666,9.49432091295073,9.362296,,,,
path_weight,N/A,rrg,0.09,0.05,0.3,12,0.9733333333333334,0.966083,0.11111111111111358,0.08948456,9.471586495615545,9.233261,,,,
path_weight,N/A,rrg,0.1,0.05,0.3,12,0.9733333333333334,0.9698877,0.11111111111111358,0.09966407,8.951270419860208,8.82959,,,,
path_weight,N/A,rrg,0.11,0.05,0.3,12,0.9733333333333334,0.9657918,0.11111111111111358,0.08879052,8.565749892996196,8.516649,,,,
path_weight,N/A,rrg,0.12,0.05,0.3,12,0.97,0.96664834,0.0,0.09963651,8.286695636090096,8.207636,,,,
path_weight,N/A,rrg,0.13,0.05,0.3,12,0.9766666666666667,0.9701259,0.22222222222222346,0.18244456,7.962211834906451,8.02976,,,,
path_weight,N/A,rrg,0.14,0.05,0.3,12,0.9766666666666667,0.97262734,0.22222222222222346,0.19585176,7.841868171744177,7.6640496,,,,
path_weight,N/A,rrg,0.15,0.05,0.3,12,0.9766666666666667,0.9724949,0.22222222222222346,0.19509268,7.2131147854002755,7.438503,,,,
path_weight,N/A,rrg,0.16,0.05,0.3,12,0.9766666666666667,0.97439045,0.22222222222222346,0.20655026,7.073428820692987,7.0998855,,,,
path_weight,N/A,rrg,0.17,0.05,0.3,12,0.9733333333333334,0.9735388,0.11111111111111358,0.22168848,6.603199427175701,6.9326024,,,,
path_weight,N/A,rrg,0.18,0.05,0.3,12,0.98,0.97375154,0.3333333333333333,0.28180206,6.6869247565185725,6.7392488,,,,
path_weight,N/A,rrg,0.19,0.05,0.3,12,0.98,0.97568727,0.3333333333333333,0.29752836,6.844894877963658,6.3429747,,,,
path_weight,N/A,rrg,0.2,0.05,0.3,12,0.98,0.9757952,0.3333333333333333,0.29821187,6.244566687933396,6.1267824,,,,
path_weight,N/A,rrg,0.21,0.05,0.3,12,0.98,0.9760201,0.3333333333333333,0.30016786,6.092471453427741,5.9953327,,,,
path_weight,N/A,rrg,0.22,0.05,0.3,12,0.9766666666666667,0.9765291,0.22222222222222346,0.30469668,6.060167676412357,5.841053,,,,
path_weight,N/A,rrg,0.23,0.05,0.3,12,0.98,0.9770813,0.3333333333333333,0.30979097,6.07712752929567,5.6654086,,,,
path_weight,N/A,rrg,0.24,0.05,0.3,12,0.98,0.9780426,0.3333333333333333,0.31896642,5.810986264189061,5.400797,,,,
path_weight,N/A,rrg,0.25,0.05,0.3,12,0.9766666666666667,0.979184,0.22222222222222346,0.33248788,5.409771390314495,4.9390945,,,,
path_weight,N/A,rrg,0.26,0.05,0.3,12,0.9766666666666667,0.9777613,0.22222222222222346,0.31705642,4.938864814458326,4.9093866,,,,
path_weight,N/A,rrg,0.27,0.05,0.3,12,0.98,0.9786718,0.3333333333333333,0.3242791,5.039564282062046,4.441713,,,,
path_weight,N/A,rrg,0.28,0.05,0.3,12,0.98,0.9793579,0.3333333333333333,0.33145759,4.67093769439958,4.270097,,,,
path_weight,N/A,rrg,0.29,0.05,0.3,12,0.9766666666666667,0.9796631,0.22222222222222346,0.34228098,4.670757936747674,4.218331,,,,
path_weight,N/A,rrg,0.0,0.05,0.3,13,0.9633333333333334,0.94999987,0.0,0.0,11.113573974676584,11.267633,,,,
path_weight,N/A,rrg,0.01,0.05,0.3,13,0.9633333333333334,0.94802976,0.0,0.0,11.024639239104728,10.841676,,,,
path_weight,N/A,rrg,0.02,0.05,0.3,13,0.9666666666666667,0.951732,0.09090909090909008,0.06459773,10.462024116566205,10.616653,,,,
path_weight,N/A,rrg,0.03,0.05,0.3,13,0.9666666666666667,0.9532845,0.09090909090909008,0.06660156,10.373977763618266,10.549434,,,,
path_weight,N/A,rrg,0.04,0.05,0.3,13,0.9666666666666667,0.9520907,0.09090909090909008,0.06504992,10.068820618414,10.313501,,,,
path_weight,N/A,rrg,0.05,0.05,0.3,13,0.9666666666666667,0.9521598,0.09090909090909008,0.06513781,9.77137597720478,9.983537,,,,
path_weight,N/A,rrg,0.06,0.05,0.3,13,0.9666666666666667,0.9529177,0.09090909090909008,0.07153192,9.851566866194043,9.725028,,,,
path_weight,N/A,rrg,0.07,0.05,0.3,13,0.97,0.95938814,0.18181818181818016,0.14100821,9.044162456558688,9.470179,,,,
path_weight,N/A,rrg,0.08,0.05,0.3,13,0.97,0.9604181,0.18181818181818016,0.14414851,9.088209221302384,9.377352,,,,
path_weight,N/A,rrg,0.09,0.05,0.3,13,0.97,0.96386415,0.18181818181818016,0.15575394,8.283065281988165,9.15001,,,,
path_weight,N/A,rrg,0.1,0.05,0.3,13,0.97,0.9663279,0.18181818181818016,0.16526689,7.687340820857942,8.843619,,,,
path_weight,N/A,rrg,0.11,0.05,0.3,13,0.97,0.9657139,0.18181818181818016,0.1627891,7.731333407981711,8.742753,,,,
path_weight,N/A,rrg,0.12,0.05,0.3,13,0.97,0.9664034,0.18181818181818016,0.16557686,7.6853623657609536,8.681449,,,,
path_weight,N/A,rrg,0.13,0.05,0.3,13,0.97,0.96774864,0.18181818181818016,0.17130136,7.667700884196788,8.483238,,,,
path_weight,N/A,rrg,0.14,0.05,0.3,13,0.97,0.9705927,0.18181818181818016,0.18480657,7.691882417949061,8.199476,,,,
path_weight,N/A,rrg,0.15,0.05,0.3,13,0.97,0.9678597,0.18181818181818016,0.17179026,7.099692161483974,8.032551,,,,
path_weight,N/A,rrg,0.16,0.05,0.3,13,0.9733333333333334,0.9727376,0.27272727272727326,0.26836693,7.478638375962685,7.574362,,,,
path_weight,N/A,rrg,0.17,0.05,0.3,13,0.9766666666666667,0.9732031,0.36363636363636337,0.33225155,7.1739071446702205,7.3338184,,,,
path_weight,N/A,rrg,0.18,0.05,0.3,13,0.9766666666666667,0.9751408,0.36363636363636337,0.34910926,6.910518670354719,7.050301,,,,
path_weight,N/A,rrg,0.19,0.05,0.3,13,0.9766666666666667,0.97325623,0.36363636363636337,0.33269182,7.016382930156506,6.848663,,,,
path_weight,N/A,rrg,0.2,0.05,0.3,13,0.9766666666666667,0.9750179,0.36363636363636337,0.3479874,6.489391858874997,6.5638146,,,,
path_weight,N/A,rrg,0.21,0.05,0.3,13,0.9766666666666667,0.9749632,0.36363636363636337,0.34749216,6.477981371906441,6.5104923,,,,
path_weight,N/A,rrg,0.22,0.05,0.3,13,0.9766666666666667,0.9753771,0.36363636363636337,0.3512814,6.4427917620685005,6.4348927,,,,
path_weight,N/A,rrg,0.23,0.05,0.3,13,0.9766666666666667,0.9765264,0.36363636363636337,0.36225018,6.5184912871995895,6.1914907,,,,
path_weight,N/A,rrg,0.24,0.05,0.3,13,0.9766666666666667,0.977835,0.36363636363636337,0.37560531,6.2760594622043415,5.940432,,,,
path_weight,N/A,rrg,0.25,0.05,0.3,13,0.9766666666666667,0.9784681,0.36363636363636337,0.3824249,6.149158117504279,5.768326,,,,
path_weight,N/A,rrg,0.26,0.05,0.3,13,0.9766666666666667,0.9801706,0.36363636363636337,0.40205973,6.083359872137277,5.508435,,,,
path_weight,N/A,rrg,0.27,0.05,0.3,13,0.9766666666666667,0.98193777,0.36363636363636337,0.42468816,5.77592595472192,5.0011897,,,,
path_weight,N/A,rrg,0.28,0.05,0.3,13,0.9766666666666667,0.9827007,0.36363636363636337,0.4352655,5.716696449808432,4.9968686,,,,
path_weight,N/A,rrg,0.29,0.05,0.3,13,0.9766666666666667,0.9852112,0.36363636363636337,0.47412205,5.755492040410851,4.890488,,,,
path_weight,N/A,rrg,0.0,0.05,0.3,14,0.95,0.94999987,0.0,0.0,11.35169966132209,11.267633,,,,
path_weight,N/A,rrg,0.01,0.05,0.3,14,0.95,0.9475669,0.0,0.0,10.945688434227334,10.8130045,,,,
path_weight,N/A,rrg,0.02,0.05,0.3,14,0.95,0.94914967,0.0,0.005599518,10.94960111629974,10.6277895,,,,
path_weight,N/A,rrg,0.03,0.05,0.3,14,0.9533333333333334,0.9528241,0.06666666666666815,0.06599449,10.814794015089662,10.491312,,,,
path_weight,N/A,rrg,0.04,0.05,0.3,14,0.9533333333333334,0.95353127,0.06666666666666815,0.06693157,10.796744200809606,10.280942,,,,
path_weight,N/A,rrg,0.05,0.05,0.3,14,0.9533333333333334,0.9549414,0.06666666666666815,0.06888193,10.859684441752458,10.173657,,,,
path_weight,N/A,rrg,0.06,0.05,0.3,14,0.9533333333333334,0.9521218,0.06666666666666815,0.06508944,10.604234407501117,10.0802,,,,
path_weight,N/A,rrg,0.07,0.05,0.3,14,0.9533333333333334,0.9517883,0.06666666666666815,0.07072037,10.348706215085206,9.732163,,,,
path_weight,N/A,rrg,0.08,0.05,0.3,14,0.9566666666666667,0.953043,0.13333333333333408,0.12432308,9.610398538141379,9.508096,,,,
path_weight,N/A,rrg,0.09,0.05,0.3,14,0.9566666666666667,0.9536012,0.13333333333333408,0.13055575,9.272235302831847,9.262764,,,,
path_weight,N/A,rrg,0.1,0.05,0.3,14,0.96,0.9542578,0.2,0.1837585,9.11739149210003,8.927284,,,,
path_weight,N/A,rrg,0.11,0.05,0.3,14,0.96,0.95499367,0.2,0.18621236,9.088137736242764,8.803064,,,,
path_weight,N/A,rrg,0.12,0.05,0.3,14,0.96,0.95583814,0.2,0.18862207,9.065626434747706,8.550741,,,,
path_weight,N/A,rrg,0.13,0.05,0.3,14,0.96,0.958162,0.2,0.19707875,9.035819640883751,8.326129,,,,
path_weight,N/A,rrg,0.14,0.05,0.3,14,0.96,0.95905244,0.2,0.2004111,8.974779157827223,8.233462,,,,
path_weight,N/A,rrg,0.15,0.05,0.3,14,0.9633333333333334,0.96032834,0.26666666666666816,0.25518176,8.99741854471369,7.9787827,,,,
path_weight,N/A,rrg,0.16,0.05,0.3,14,0.9633333333333334,0.9627408,0.26666666666666816,0.26737034,9.076161015415025,7.672854,,,,
path_weight,N/A,rrg,0.17,0.05,0.3,14,0.9633333333333334,0.96459186,0.26666666666666816,0.27739757,9.298538406403624,7.3862925,,,,
path_weight,N/A,rrg,0.18,0.05,0.3,14,0.9666666666666667,0.9651013,0.3333333333333341,0.32321414,8.667941673559348,7.3260407,,,,
path_weight,N/A,rrg,0.19,0.05,0.3,14,0.9666666666666667,0.9649156,0.3333333333333341,0.32205418,8.522789177876023,6.9922533,,,,
path_weight,N/A,rrg,0.2,0.05,0.3,14,0.9666666666666667,0.9675427,0.3333333333333341,0.33927754,7.753427108823153,6.7706733,,,,
path_weight,N/A,rrg,0.21,0.05,0.3,14,0.97,0.96841276,0.4,0.3876925,7.129485344511923,6.574126,,,,
path_weight,N/A,rrg,0.22,0.05,0.3,14,0.97,0.96953154,0.4,0.39628828,7.3293362003571065,6.495124,,,,
path_weight,N/A,rrg,0.23,0.05,0.3,14,0.97,0.97020763,0.4,0.40166774,7.0329413513228,6.246006,,,,
path_weight,N/A,rrg,0.24,0.05,0.3,14,0.97,0.9648769,0.4,0.36282402,6.839305790656261,6.04367,,,,
path_weight,N/A,rrg,0.25,0.05,0.3,14,0.97,0.96580046,0.4,0.36900663,6.929371881548319,5.783465,,,,
path_weight,N/A,rrg,0.26,0.05,0.3,14,0.9733333333333334,0.9691446,0.4666666666666682,0.43059343,6.908478286859926,5.6557045,,,,
path_weight,N/A,rrg,0.27,0.05,0.3,14,0.9733333333333334,0.97068614,0.4666666666666682,0.4432016,6.635481583627499,5.5915127,,,,
path_weight,N/A,rrg,0.28,0.05,0.3,14,0.9733333333333334,0.96795523,0.4666666666666682,0.42134625,5.873721856128278,5.4102573,,,,
path_weight,N/A,rrg,0.29,0.05,0.3,14,0.9766666666666667,0.9712216,0.5333333333333341,0.48095596,5.871957929997701,5.3497834,,,,
path_weight,N/A,rrg,0.0,0.05,0.3,15,0.95,0.94999987,0.0,0.0,10.993727001257394,11.267633,,,,
path_weight,N/A,rrg,0.01,0.05,0.3,15,0.95,0.9492983,0.0,0.0,10.407800276923329,11.030301,,,,
path_weight,N/A,rrg,0.02,0.05,0.3,15,0.95,0.9500763,0.0,0.0058621755,10.243502440673865,10.557895,,,,
path_weight,N/A,rrg,0.03,0.05,0.3,15,0.9533333333333334,0.9532667,0.06666666666666815,0.06657785,10.182770698759269,10.394123,,,,
path_weight,N/A,rrg,0.04,0.05,0.3,15,0.9533333333333334,0.9517524,0.06666666666666815,0.06462117,9.818947771994544,10.230316,,,,
path_weight,N/A,rrg,0.05,0.05,0.3,15,0.9533333333333334,0.9499961,0.06666666666666815,0.06249539,9.793721732010535,10.132105,,,,
path_weight,N/A,rrg,0.06,0.05,0.3,15,0.9533333333333334,0.950071,0.06666666666666815,0.06258323,9.255074668816796,9.84013,,,,
path_weight,N/A,rrg,0.07,0.05,0.3,15,0.9533333333333334,0.949628,0.06666666666666815,0.06702068,8.864374432967923,9.424617,,,,
path_weight,N/A,rrg,0.08,0.05,0.3,15,0.9566666666666667,0.9514805,0.13333333333333408,0.12080124,8.850239646898098,9.233417,,,,
path_weight,N/A,rrg,0.09,0.05,0.3,15,0.9566666666666667,0.952052,0.13333333333333408,0.12206722,8.86818598663273,9.18212,,,,
path_weight,N/A,rrg,0.1,0.05,0.3,15,0.96,0.9531366,0.2,0.17586084,8.451964046830959,8.925573,,,,
path_weight,N/A,rrg,0.11,0.05,0.3,15,0.96,0.94908285,0.2,0.16415726,7.933121184956713,8.558447,,,,
path_weight,N/A,rrg,0.12,0.05,0.3,15,0.9633333333333334,0.95242846,0.26666666666666816,0.21891282,7.696008540782126,8.345901,,,,
path_weight,N/A,rrg,0.13,0.05,0.3,15,0.9633333333333334,0.9526359,0.26666666666666816,0.2196686,7.752397853202589,8.3140745,,,,
path_weight,N/A,rrg,0.14,0.05,0.3,15,0.9666666666666667,0.9567822,0.3333333333333341,0.2783136,7.53338048460545,8.127189,,,,
path_weight,N/A,rrg,0.15,0.05,0.3,15,0.9666666666666667,0.95746136,0.3333333333333341,0.2815061,7.501724678732832,8.009757,,,,
path_weight,N/A,rrg,0.16,0.05,0.3,15,0.9666666666666667,0.9548949,0.3333333333333341,0.26980883,7.462419027634065,7.8320603,,,,
path_weight,N/A,rrg,0.17,0.05,0.3,15,0.97,0.95691234,0.4,0.31701836,7.287853847436702,7.5969434,,,,
path_weight,N/A,rrg,0.18,0.05,0.3,15,0.97,0.95808756,0.4,0.32303602,7.107096293615394,7.499619,,,,
path_weight,N/A,rrg,0.19,0.05,0.3,15,0.97,0.9610732,0.4,0.3394047,7.269084612694857,7.391218,,,,
path_weight,N/A,rrg,0.2,0.05,0.3,15,0.97,0.962793,0.4,0.34960797,7.193769173217072,7.29742,,,,
path_weight,N/A,rrg,0.21,0.05,0.3,15,0.9733333333333334,0.96689963,0.4666666666666682,0.4134383,6.654016125797602,7.012588,,,,
path_weight,N/A,rrg,0.22,0.05,0.3,15,0.9733333333333334,0.967936,0.4666666666666682,0.42119917,6.594462489175029,6.8797283,,,,
path_weight,N/A,rrg,0.23,0.05,0.3,15,0.9733333333333334,0.96753263,0.4666666666666682,0.41815463,6.350689381204814,6.714522,,,,
path_weight,N/A,rrg,0.24,0.05,0.3,15,0.9733333333333334,0.9672955,0.4666666666666682,0.41638532,6.347444747804709,6.5042105,,,,
path_weight,N/A,rrg,0.25,0.05,0.3,15,0.9733333333333334,0.9677118,0.4666666666666682,0.41950223,6.407526494389599,6.347998,,,,
path_weight,N/A,rrg,0.26,0.05,0.3,15,0.9733333333333334,0.9695219,0.4666666666666682,0.43361127,6.468425798439721,6.193084,,,,
path_weight,N/A,rrg,0.27,0.05,0.3,15,0.9766666666666667,0.96832705,0.5333333333333341,0.43208244,5.864686109196494,5.850679,,,,
path_weight,N/A,rrg,0.28,0.05,0.3,15,0.9766666666666667,0.9710978,0.5333333333333341,0.47988558,5.812131693839564,5.7949715,,,,
path_weight,N/A,rrg,0.29,0.05,0.3,15,0.9766666666666667,0.9717884,0.5333333333333341,0.48592493,5.882035732064678,5.7150755,,,,
path_weight,N/A,rrg,0.0,0.05,0.3,16,0.9233333333333333,0.94999987,0.0,0.0,11.573739023911608,11.267633,,,,
path_weight,N/A,rrg,0.01,0.05,0.3,16,0.9233333333333333,0.9447305,0.0,0.0,10.173663482780624,10.6447735,,,,
path_weight,N/A,rrg,0.02,0.05,0.3,16,0.9266666666666666,0.9480953,0.04347826086956478,0.060344864,9.977044746467664,10.457669,,,,
path_weight,N/A,rrg,0.03,0.05,0.3,16,0.9333333333333333,0.9516338,0.1304347826086958,0.17133024,9.473943432329625,10.043892,,,,
path_weight,N/A,rrg,0.04,0.05,0.3,16,0.9333333333333333,0.9473504,0.1304347826086958,0.15961857,8.722748238489228,9.696335,,,,
path_weight,N/A,rrg,0.05,0.05,0.3,16,0.93,0.94854796,0.086956521739131,0.17932819,8.605615739654036,9.437796,,,,
path_weight,N/A,rrg,0.06,0.05,0.3,16,0.9366666666666666,0.9513569,0.17391304347826056,0.21513383,8.573598428167125,9.405326,,,,
path_weight,N/A,rrg,0.07,0.05,0.3,16,0.9366666666666666,0.9496486,0.17391304347826056,0.20936458,8.103797385765724,9.271779,,,,
path_weight,N/A,rrg,0.08,0.05,0.3,16,0.9366666666666666,0.95005816,0.17391304347826056,0.21071967,8.04538943638892,9.127551,,,,
path_weight,N/A,rrg,0.09,0.05,0.3,16,0.9366666666666666,0.9480346,0.17391304347826056,0.2041903,7.903668679137466,8.852962,,,,
path_weight,N/A,rrg,0.1,0.05,0.3,16,0.9366666666666666,0.9511097,0.17391304347826056,0.21792686,7.413863394123994,8.580345,,,,
path_weight,N/A,rrg,0.11,0.05,0.3,16,0.94,0.9515784,0.21739130434782533,0.21986006,7.491967710757207,8.488078,,,,
path_weight,N/A,rrg,0.12,0.05,0.3,16,0.94,0.95574725,0.21739130434782533,0.27358526,7.673962796927358,8.333282,,,,
path_weight,N/A,rrg,0.13,0.05,0.3,16,0.9366666666666666,0.9559782,0.17391304347826056,0.2788513,7.583002604846608,8.081877,,,,
path_weight,N/A,rrg,0.14,0.05,0.3,16,0.94,0.9565702,0.21739130434782533,0.2807651,7.6776416760966475,7.959269,,,,
path_weight,N/A,rrg,0.15,0.05,0.3,16,0.9433333333333334,0.95947796,0.2608695652173916,0.33487943,7.737286067095946,7.554159,,,,
path_weight,N/A,rrg,0.16,0.05,0.3,16,0.9466666666666667,0.95988524,0.3043478260869563,0.36775446,7.242640683545557,7.426377,,,,
path_weight,N/A,rrg,0.17,0.05,0.3,16,0.95,0.96335083,0.3478260869565211,0.42116824,7.337563500571232,7.2983384,,,,
path_weight,N/A,rrg,0.18,0.05,0.3,16,0.9566666666666667,0.960045,0.4347826086956521,0.43127352,6.857629088556805,7.0238833,,,,
path_weight,N/A,rrg,0.19,0.05,0.3,16,0.9566666666666667,0.96344185,0.4347826086956521,0.47692868,6.736833297184244,6.97119,,,,
path_weight,N/A,rrg,0.2,0.05,0.3,16,0.9566666666666667,0.9616453,0.4347826086956521,0.4649779,6.460092729979133,6.8048477,,,,
path_weight,N/A,rrg,0.21,0.05,0.3,16,0.96,0.9649758,0.4782608695652169,0.51145476,6.461662686861688,6.6938825,,,,
path_weight,N/A,rrg,0.22,0.05,0.3,16,0.96,0.9639203,0.4782608695652169,0.50403446,6.406064244425559,6.603539,,,,
path_weight,N/A,rrg,0.23,0.05,0.3,16,0.9633333333333334,0.9649585,0.5217391304347831,0.53303844,6.223817830437852,6.434672,,,,
path_weight,N/A,rrg,0.24,0.05,0.3,16,0.9633333333333334,0.96216595,0.5217391304347831,0.5139129,5.769027066294688,6.1978254,,,,
path_weight,N/A,rrg,0.25,0.05,0.3,16,0.9666666666666667,0.9630786,0.5652173913043479,0.53994626,5.8279354427281955,6.084428,,,,
path_weight,N/A,rrg,0.26,0.05,0.3,16,0.9666666666666667,0.96364146,0.5652173913043479,0.54541934,5.844741733556483,5.9098706,,,,
path_weight,N/A,rrg,0.27,0.05,0.3,16,0.9666666666666667,0.9634306,0.5652173913043479,0.5439776,5.422722281361437,5.674646,,,,
path_weight,N/A,rrg,0.28,0.05,0.3,16,0.97,0.96182853,0.6086956521739126,0.5377419,4.965690573702185,5.4248576,,,,
path_weight,N/A,rrg,0.29,0.05,0.3,16,0.97,0.9652907,0.6086956521739126,0.5749868,5.0654319785055035,5.3520617,,,,
path_weight,N/A,rrg,0.0,0.05,0.3,17,0.94,0.94999987,0.0,0.0,12.117508281774972,11.267633,,,,
path_weight,N/A,rrg,0.01,0.05,0.3,17,0.9433333333333334,0.95398134,0.05555555555555679,0.06754196,11.612714062582942,10.685811,,,,
path_weight,N/A,rrg,0.02,0.05,0.3,17,0.9433333333333334,0.9536696,0.05555555555555679,0.06711801,11.219868507550876,10.48466,,,,
path_weight,N/A,rrg,0.03,0.05,0.3,17,0.9466666666666667,0.95659345,0.11111111111111173,0.13313931,10.846468283572744,10.1467495,,,,
path_weight,N/A,rrg,0.04,0.05,0.3,17,0.9466666666666667,0.957264,0.11111111111111173,0.1349454,10.745996870959713,10.114662,,,,
path_weight,N/A,rrg,0.05,0.05,0.3,17,0.95,0.95754373,0.16666666666666666,0.19063483,10.6135572786668,9.785808,,,,
path_weight,N/A,rrg,0.06,0.05,0.3,17,0.95,0.9550244,0.16666666666666666,0.1818988,10.300268588458033,9.542106,,,,
path_weight,N/A,rrg,0.07,0.05,0.3,17,0.9533333333333334,0.95892733,0.22222222222222346,0.24507166,9.924240900643918,9.384902,,,,
path_weight,N/A,rrg,0.08,0.05,0.3,17,0.9533333333333334,0.95701844,0.22222222222222346,0.2367637,9.34699899024279,9.08116,,,,
path_weight,N/A,rrg,0.09,0.05,0.3,17,0.9566666666666667,0.9606199,0.2777777777777784,0.29737064,9.271851083037594,8.927055,,,,
path_weight,N/A,rrg,0.1,0.05,0.3,17,0.9566666666666667,0.9620825,0.2777777777777784,0.30533868,8.933350790121516,8.762329,,,,
path_weight,N/A,rrg,0.11,0.05,0.3,17,0.9566666666666667,0.96733034,0.2777777777777784,0.3378179,8.813513834283107,8.324682,,,,
path_weight,N/A,rrg,0.12,0.05,0.3,17,0.9566666666666667,0.9680906,0.2777777777777784,0.34310424,8.822512759157487,8.217154,,,,
path_weight,N/A,rrg,0.13,0.05,0.3,17,0.96,0.9683068,0.3333333333333333,0.3868977,8.685141629958347,7.9236717,,,,
path_weight,N/A,rrg,0.14,0.05,0.3,17,0.96,0.96622896,0.3333333333333333,0.3719479,8.147921680746983,7.8133407,,,,
path_weight,N/A,rrg,0.15,0.05,0.3,17,0.9633333333333334,0.9676589,0.3888888888888901,0.39086193,8.059484012860848,7.533651,,,,
path_weight,N/A,rrg,0.16,0.05,0.3,17,0.96,0.96770334,0.3333333333333333,0.4242495,7.843925539046652,7.366796,,,,
path_weight,N/A,rrg,0.17,0.05,0.3,17,0.9666666666666667,0.9708131,0.4444444444444451,0.4774392,7.783200828962984,7.238319,,,,
path_weight,N/A,rrg,0.18,0.05,0.3,17,0.9666666666666667,0.97255003,0.4444444444444451,0.49276263,7.717467855609994,7.118042,,,,
path_weight,N/A,rrg,0.19,0.05,0.3,17,0.9666666666666667,0.97325325,0.4444444444444451,0.4992501,7.485385239991394,6.9612174,,,,
path_weight,N/A,rrg,0.2,0.05,0.3,17,0.97,0.97325593,0.5,0.52868986,7.231347111176841,6.7521625,,,,
path_weight,N/A,rrg,0.21,0.05,0.3,17,0.97,0.97378093,0.5,0.53362703,7.130140331222951,6.6958585,,,,
path_weight,N/A,rrg,0.22,0.05,0.3,17,0.97,0.97143614,0.5,0.5122611,6.403258091593299,6.4931803,,,,
path_weight,N/A,rrg,0.23,0.05,0.3,17,0.97,0.9724121,0.5,0.5209421,6.21749056635679,6.3733277,,,,
path_weight,N/A,rrg,0.24,0.05,0.3,17,0.97,0.97272044,0.5,0.52374786,6.258439516763159,6.3187003,,,,
path_weight,N/A,rrg,0.25,0.05,0.3,17,0.97,0.9734843,0.5,0.5308255,6.118489009008047,6.198566,,,,
path_weight,N/A,rrg,0.26,0.05,0.3,17,0.9666666666666667,0.97543406,0.4444444444444451,0.55265486,6.027561327818099,5.772574,,,,
path_weight,N/A,rrg,0.27,0.05,0.3,17,0.97,0.9756264,0.5,0.55424684,5.978922407103337,5.740746,,,,
path_weight,N/A,rrg,0.28,0.05,0.3,17,0.9733333333333334,0.97869915,0.5555555555555568,0.6101188,6.054052805477219,5.6082654,,,,
path_weight,N/A,rrg,0.29,0.05,0.3,17,0.9733333333333334,0.97991884,0.5555555555555568,0.6240505,5.935745549933441,5.401912,,,,
path_weight,N/A,rrg,0.0,0.05,0.3,18,0.9533333333333334,0.94999987,0.0,0.0,12.299867500372384,11.267633,,,,
path_weight,N/A,rrg,0.01,0.05,0.3,18,0.9533333333333334,0.95385826,0.0,0.0,11.986365806010134,10.929071,,,,
path_weight,N/A,rrg,0.02,0.05,0.3,18,0.9533333333333334,0.95202893,0.0,0.0,11.770025315284805,10.59205,,,,
path_weight,N/A,rrg,0.03,0.05,0.3,18,0.9566666666666667,0.9591087,0.07142857142857074,0.07537397,10.863099168876055,10.088431,,,,
path_weight,N/A,rrg,0.04,0.05,0.3,18,0.9566666666666667,0.9593365,0.07142857142857074,0.075762995,10.871949604361498,10.046476,,,,
path_weight,N/A,rrg,0.05,0.05,0.3,18,0.9566666666666667,0.96285236,0.07142857142857074,0.08234314,10.841659294906068,9.721168,,,,
path_weight,N/A,rrg,0.06,0.05,0.3,18,0.96,0.96368116,0.1428571428571415,0.15509209,10.326967563544919,9.393926,,,,
path_weight,N/A,rrg,0.07,0.05,0.3,18,0.9633333333333334,0.96696806,0.21428571428571463,0.23238535,8.891679198807891,8.893016,,,,
path_weight,N/A,rrg,0.08,0.05,0.3,18,0.9633333333333334,0.9637193,0.21428571428571463,0.21607167,8.611852980278387,8.703892,,,,
path_weight,N/A,rrg,0.09,0.05,0.3,18,0.9633333333333334,0.9639148,0.21428571428571463,0.2169893,8.63388672352549,8.616792,,,,
path_weight,N/A,rrg,0.1,0.05,0.3,18,0.9633333333333334,0.9636688,0.21428571428571463,0.21583723,8.613464141495701,8.519354,,,,
path_weight,N/A,rrg,0.11,0.05,0.3,18,0.9633333333333334,0.96460265,0.21428571428571463,0.22027701,8.53873240902692,8.357285,,,,
path_weight,N/A,rrg,0.12,0.05,0.3,18,0.9666666666666667,0.9649532,0.28571428571428537,0.27559495,7.767827135207233,7.856999,,,,
path_weight,N/A,rrg,0.13,0.05,0.3,18,0.97,0.96966493,0.3571428571428561,0.35459745,7.383039174726678,7.6435537,,,,
path_weight,N/A,rrg,0.14,0.05,0.3,18,0.97,0.97118014,0.3571428571428561,0.36640948,7.181438779280037,7.350869,,,,
path_weight,N/A,rrg,0.15,0.05,0.3,18,0.97,0.97192097,0.3571428571428561,0.37247506,7.080372072515603,7.2702913,,,,
path_weight,N/A,rrg,0.16,0.05,0.3,18,0.97,0.97257346,0.3571428571428561,0.37798694,7.050838969898315,7.1317244,,,,
path_weight,N/A,rrg,0.17,0.05,0.3,18,0.97,0.97461283,0.3571428571428561,0.39631718,6.7284710538408445,6.8547077,,,,
path_weight,N/A,rrg,0.18,0.05,0.3,18,0.9733333333333334,0.9743746,0.42857142857142927,0.4383498,6.325757911494367,6.710025,,,,
path_weight,N/A,rrg,0.19,0.05,0.3,18,0.9733333333333334,0.9757322,0.42857142857142927,0.4517955,6.331746042396372,6.4577866,,,,
path_weight,N/A,rrg,0.2,0.05,0.3,18,0.9733333333333334,0.97595114,0.42857142857142927,0.45404097,6.314939215459801,6.165999,,,,
path_weight,N/A,rrg,0.21,0.05,0.3,18,0.9766666666666667,0.9802049,0.5,0.54101926,6.255801967052809,6.0414886,,,,
path_weight,N/A,rrg,0.22,0.05,0.3,18,0.9766666666666667,0.98054975,0.5,0.54538095,6.218791186309723,5.9684443,,,,
path_weight,N/A,rrg,0.23,0.05,0.3,18,0.9766666666666667,0.9822821,0.5,0.5683952,6.2352259289337395,5.741197,,,,
path_weight,N/A,rrg,0.24,0.05,0.3,18,0.9766666666666667,0.98271394,0.5,0.57443863,6.227787346825874,5.629639,,,,
path_weight,N/A,rrg,0.25,0.05,0.3,18,0.9766666666666667,0.97994524,0.5,0.5377817,5.920030082900218,5.7224555,,,,
path_weight,N/A,rrg,0.26,0.05,0.3,18,0.9766666666666667,0.98091614,0.5,0.5500912,6.167854088666938,5.5420394,,,,
path_weight,N/A,rrg,0.27,0.05,0.3,18,0.9766666666666667,0.981442,0.5,0.5569967,6.236264408360638,5.449284,,,,
path_weight,N/A,rrg,0.28,0.05,0.3,18,0.9766666666666667,0.9827543,0.5,0.5750092,6.3753554295152055,4.9619627,,,,
path_weight,N/A,rrg,0.29,0.05,0.3,18,0.9766666666666667,0.982724,0.5,0.5745811,6.383695787972395,4.889753,,,,
path_weight,N/A,rrg,0.0,0.05,0.3,19,0.95,0.94999987,0.0,0.0,11.680352405615304,11.267633,,,,
path_weight,N/A,rrg,0.01,0.05,0.3,19,0.95,0.9526181,0.0,0.0,11.677084913234038,10.949592,,,,
path_weight,N/A,rrg,0.02,0.05,0.3,19,0.9533333333333334,0.9532365,0.06666666666666815,0.066538885,10.365075926176022,10.491047,,,,
path_weight,N/A,rrg,0.03,0.05,0.3,19,0.9566666666666667,0.9512525,0.13333333333333408,0.12030612,9.79028336042291,10.065336,,,,
path_weight,N/A,rrg,0.04,0.05,0.3,19,0.96,0.9546574,0.2,0.1806924,9.671100341510927,9.798584,,,,
path_weight,N/A,rrg,0.05,0.05,0.3,19,0.9633333333333334,0.956108,0.26666666666666816,0.23299676,9.079725180523367,9.682435,,,,
path_weight,N/A,rrg,0.06,0.05,0.3,19,0.9633333333333334,0.9566676,0.26666666666666816,0.23529863,8.983857382113841,9.542163,,,,
path_weight,N/A,rrg,0.07,0.05,0.3,19,0.9666666666666667,0.9548046,0.3333333333333341,0.2335932,8.714973356853516,9.274983,,,,
path_weight,N/A,rrg,0.08,0.05,0.3,19,0.9666666666666667,0.95825684,0.3333333333333341,0.2853392,8.675451990217061,9.098327,,,,
path_weight,N/A,rrg,0.09,0.05,0.3,19,0.9666666666666667,0.9592877,0.3333333333333341,0.2904663,8.61114893527083,9.032263,,,,
path_weight,N/A,rrg,0.1,0.05,0.3,19,0.97,0.9598714,0.4,0.33262026,8.60774614148583,8.80237,,,,
path_weight,N/A,rrg,0.11,0.05,0.3,19,0.97,0.9616705,0.4,0.34287956,8.342857887149327,8.703856,,,,
path_weight,N/A,rrg,0.12,0.05,0.3,19,0.97,0.96246654,0.4,0.34762356,8.339529250003043,8.685507,,,,
path_weight,N/A,rrg,0.13,0.05,0.3,19,0.97,0.96140707,0.4,0.34133786,8.430257859115867,8.668517,,,,
path_weight,N/A,rrg,0.14,0.05,0.3,19,0.97,0.961983,0.4,0.34472647,7.357472541964156,8.394822,,,,
path_weight,N/A,rrg,0.15,0.05,0.3,19,0.97,0.963072,0.4,0.35132077,7.248305814317364,8.196056,,,,
path_weight,N/A,rrg,0.16,0.05,0.3,19,0.97,0.9632499,0.4,0.3524222,7.2218194241498095,8.07274,,,,
path_weight,N/A,rrg,0.17,0.05,0.3,19,0.97,0.9636076,0.4,0.35465825,7.360393997337496,7.955193,,,,
path_weight,N/A,rrg,0.18,0.05,0.3,19,0.97,0.96269166,0.4,0.34898984,7.4183306137083,7.778735,,,,
path_weight,N/A,rrg,0.19,0.05,0.3,19,0.97,0.9617592,0.4,0.34340173,7.549761048833482,7.5005035,,,,
path_weight,N/A,rrg,0.2,0.05,0.3,19,0.97,0.9632548,0.4,0.35245255,7.327507624287652,7.24823,,,,
path_weight,N/A,rrg,0.21,0.05,0.3,19,0.97,0.9639898,0.4,0.35707825,7.329758289566907,7.1351805,,,,
path_weight,N/A,rrg,0.22,0.05,0.3,19,0.97,0.9645878,0.4,0.3609312,7.325588614246808,7.0543227,,,,
path_weight,N/A,rrg,0.23,0.05,0.3,19,0.97,0.96559304,0.4,0.36759982,7.33662473451129,6.930005,,,,
path_weight,N/A,rrg,0.24,0.05,0.3,19,0.97,0.9674009,0.4,0.38023448,7.229261452413953,6.7639227,,,,
path_weight,N/A,rrg,0.25,0.05,0.3,19,0.97,0.96501935,0.4,0.3637648,7.3095879247670235,6.5653515,,,,
path_weight,N/A,rrg,0.26,0.05,0.3,19,0.97,0.9654309,0.4,0.36650768,6.910666856553918,6.290978,,,,
path_weight,N/A,rrg,0.27,0.05,0.3,19,0.9766666666666667,0.9719679,0.5333333333333341,0.48751816,6.641179833636582,6.275983,,,,
path_weight,N/A,rrg,0.28,0.05,0.3,19,0.9766666666666667,0.97191995,0.5333333333333341,0.48709142,6.613413548637498,6.211771,,,,
path_weight,N/A,rrg,0.29,0.05,0.3,19,0.98,0.969706,0.6,0.48167107,6.766430949793696,6.0140004,,,,
random,N/A,rrg,0.0,0.05,0.3,0,0.95,0.94999987,0.0,0.0,11.26016153087979,11.267633,,,,
random,N/A,rrg,0.01,0.05,0.3,0,0.95,0.95126504,0.0,0.0,10.618483290732247,10.835602,,,,
random,N/A,rrg,0.02,0.05,0.3,0,0.95,0.9471344,0.0,0.0,10.007573464888084,10.398195,,,,
random,N/A,rrg,0.03,0.05,0.3,0,0.95,0.9557269,0.0,0.0,10.092891334219864,10.018957,,,,
random,N/A,rrg,0.04,0.05,0.3,0,0.95,0.9552529,0.0,0.0,9.41486814631944,9.729568,,,,
random,N/A,rrg,0.05,0.05,0.3,0,0.9566666666666667,0.94653606,0.13333333333333408,0.06304507,7.9244287981848025,8.630772,,,,
random,N/A,rrg,0.06,0.05,0.3,0,0.9533333333333334,0.9480607,0.06666666666666815,0.060307056,7.958997972301876,8.542611,,,,
random,N/A,rrg,0.07,0.05,0.3,0,0.9566666666666667,0.94967735,0.13333333333333408,0.10467929,7.886566379455959,8.516157,,,,
random,N/A,rrg,0.08,0.05,0.3,0,0.95,0.9454746,0.0,0.0,7.418621675763197,8.414592,,,,
random,N/A,rrg,0.09,0.05,0.3,0,0.9666666666666667,0.94776267,0.3333333333333341,0.24188225,7.142584932820002,7.5779996,,,,
random,N/A,rrg,0.1,0.05,0.3,0,0.9533333333333334,0.95335144,0.06666666666666815,0.09252156,6.006858919799225,6.7665315,,,,
random,N/A,rrg,0.11,0.05,0.3,0,0.96,0.9592429,0.2,0.19701749,6.726224234692669,6.7855673,,,,
random,N/A,rrg,0.12,0.05,0.3,0,0.9633333333333334,0.9631181,0.26666666666666816,0.18416792,7.650482086844031,6.1375127,,,,
random,N/A,rrg,0.13,0.05,0.3,0,0.96,0.9558693,0.2,0.14882243,5.753338694614449,6.4577594,,,,
random,N/A,rrg,0.14,0.05,0.3,0,0.9633333333333334,0.9598255,0.26666666666666816,0.2437196,5.564502959159847,6.2828274,,,,
random,N/A,rrg,0.15,0.05,0.3,0,0.96,0.956829,0.2,0.1760061,5.50790793563863,5.8092723,,,,
random,N/A,rrg,0.16,0.05,0.3,0,0.9633333333333334,0.95732236,0.26666666666666816,0.27437124,5.7284619048529395,5.851831,,,,
random,N/A,rrg,0.17,0.05,0.3,0,0.9733333333333334,0.96199137,0.4666666666666682,0.38038105,4.262939548637274,5.123761,,,,
random,N/A,rrg,0.18,0.05,0.3,0,0.9566666666666667,0.9582802,0.13333333333333408,0.20645635,5.178888587553127,4.636614,,,,
random,N/A,rrg,0.19,0.05,0.3,0,0.9666666666666667,0.95772094,0.3333333333333341,0.26432306,3.822927819968166,4.6879597,,,,
random,N/A,rrg,0.2,0.05,0.3,0,0.9666666666666667,0.95010376,0.3333333333333341,0.16369289,5.126473549303279,4.809873,,,,
random,N/A,rrg,0.21,0.05,0.3,0,0.96,0.9595404,0.2,0.20360817,3.8566226611607877,4.496459,,,,
random,N/A,rrg,0.22,0.05,0.3,0,0.9633333333333334,0.9549412,0.26666666666666816,0.15387413,3.450090393969377,4.1338596,,,,
random,N/A,rrg,0.23,0.05,0.3,0,0.9533333333333334,0.9543987,0.06666666666666815,0.19593671,3.3155142426157016,4.213394,,,,
random,N/A,rrg,0.24,0.05,0.3,0,0.97,0.96716815,0.4,0.33228073,4.1418173084269085,3.7821772,,,,
random,N/A,rrg,0.25,0.05,0.3,0,0.9633333333333334,0.96089214,0.26666666666666816,0.26438555,3.654495847808922,3.5121655,,,,
random,N/A,rrg,0.26,0.05,0.3,0,0.9733333333333334,0.97009623,0.4666666666666682,0.38461557,3.038356270989098,3.1823044,,,,
random,N/A,rrg,0.27,0.05,0.3,0,0.97,0.9629403,0.4,0.37361705,2.3396514866850424,3.2750652,,,,
random,N/A,rrg,0.28,0.05,0.3,0,0.9733333333333334,0.97099286,0.4666666666666682,0.4613088,3.1241012147687646,2.928407,,,,
random,N/A,rrg,0.29,0.05,0.3,0,0.9733333333333334,0.9685901,0.4666666666666682,0.3460681,3.478227062373052,3.3826857,,,,
random,N/A,rrg,0.0,0.05,0.3,1,0.95,0.94999987,0.0,0.0,11.395198933986478,11.267633,,,,
random,N/A,rrg,0.01,0.05,0.3,1,0.9533333333333334,0.9449215,0.06666666666666815,0.057066005,11.09525417521402,10.352952,,,,
random,N/A,rrg,0.02,0.05,0.3,1,0.95,0.9488219,0.0,0.0,10.073149017242569,10.124517,,,,
random,N/A,rrg,0.03,0.05,0.3,1,0.9533333333333334,0.9540154,0.06666666666666815,0.06758857,10.282519194985499,9.560549,,,,
random,N/A,rrg,0.04,0.05,0.3,1,0.9533333333333334,0.94569296,0.06666666666666815,0.05782978,10.773649466245866,9.710455,,,,
random,N/A,rrg,0.05,0.05,0.3,1,0.9533333333333334,0.9572367,0.06666666666666815,0.07231181,9.8389514553019,9.068069,,,,
random,N/A,rrg,0.06,0.05,0.3,1,0.9533333333333334,0.9519175,0.06666666666666815,0.005869718,8.97066321842671,8.495309,,,,
random,N/A,rrg,0.07,0.05,0.3,1,0.95,0.95586365,0.0,0.072595745,8.955892138281552,8.333491,,,,
random,N/A,rrg,0.08,0.05,0.3,1,0.9566666666666667,0.947108,0.13333333333333408,0.111934304,9.641831930082768,8.092526,,,,
random,N/A,rrg,0.09,0.05,0.3,1,0.96,0.9541665,0.2,0.17910372,7.417889397213579,7.8355956,,,,
random,N/A,rrg,0.1,0.05,0.3,1,0.9533333333333334,0.95463735,0.06666666666666815,0.11387923,6.2883398269497865,7.0950212,,,,
random,N/A,rrg,0.11,0.05,0.3,1,0.96,0.9509564,0.2,0.14291354,8.17844588981918,7.13574,,,,
random,N/A,rrg,0.12,0.05,0.3,1,0.9533333333333334,0.95200163,0.06666666666666815,0.13259484,7.16124085965315,6.5576463,,,,
random,N/A,rrg,0.13,0.05,0.3,1,0.9633333333333334,0.9580139,0.26666666666666816,0.27081823,4.9595892693179255,5.752837,,,,
random,N/A,rrg,0.14,0.05,0.3,1,0.9666666666666667,0.9577602,0.3333333333333341,0.19836248,5.561535301120079,5.875349,,,,
random,N/A,rrg,0.15,0.05,0.3,1,0.9633333333333334,0.9574847,0.26666666666666816,0.15225548,6.1953264891218724,5.760357,,,,
random,N/A,rrg,0.16,0.05,0.3,1,0.96,0.9602062,0.2,0.15815443,5.298714761555529,5.546762,,,,
random,N/A,rrg,0.17,0.05,0.3,1,0.9533333333333334,0.95833486,0.06666666666666815,0.12998049,6.245707565486521,5.685533,,,,
random,N/A,rrg,0.18,0.05,0.3,1,0.9566666666666667,0.9580021,0.13333333333333408,0.09991978,5.78906397058551,4.672019,,,,
random,N/A,rrg,0.19,0.05,0.3,1,0.96,0.96719176,0.2,0.27030283,4.9071333597589275,4.6070743,,,,
random,N/A,rrg,0.2,0.05,0.3,1,0.9533333333333334,0.9578544,0.06666666666666815,0.19407357,5.770831430300925,5.0331903,,,,
random,N/A,rrg,0.21,0.05,0.3,1,0.9633333333333334,0.96436036,0.26666666666666816,0.32288942,4.677138452111739,4.894846,,,,
random,N/A,rrg,0.22,0.05,0.3,1,0.9633333333333334,0.96224403,0.26666666666666816,0.3021775,3.4340467086917865,4.2459483,,,,
random,N/A,rrg,0.23,0.05,0.3,1,0.9733333333333334,0.96774065,0.4666666666666682,0.33600295,4.401324204286097,4.1478367,,,,
random,N/A,rrg,0.24,0.05,0.3,1,0.97,0.9731093,0.4,0.43397686,4.393796032514349,3.3426807,,,,
random,N/A,rrg,0.25,0.05,0.3,1,0.97,0.9695914,0.4,0.40375948,3.570019383139893,3.4349113,,,,
random,N/A,rrg,0.26,0.05,0.3,1,0.9733333333333334,0.97089577,0.4666666666666682,0.4262361,3.79813024826198,3.725889,,,,
random,N/A,rrg,0.27,0.05,0.3,1,0.97,0.9643976,0.4,0.30225393,4.142175681802988,3.5858412,,,,
random,N/A,rrg,0.28,0.05,0.3,1,0.9666666666666667,0.96370137,0.3333333333333341,0.2748185,3.4433573482893873,3.2134972,,,,
random,N/A,rrg,0.29,0.05,0.3,1,0.9733333333333334,0.9682505,0.4666666666666682,0.3852769,3.3388783569003224,3.225792,,,,
random,N/A,rrg,0.0,0.05,0.3,2,0.95,0.94999987,0.0,0.0,12.248420503047758,11.267633,,,,
random,N/A,rrg,0.01,0.05,0.3,2,0.95,0.9552183,0.0,0.0,10.099261826074041,10.534301,,,,
random,N/A,rrg,0.02,0.05,0.3,2,0.9533333333333334,0.94796133,0.06666666666666815,0.06019884,10.349363440857543,10.126287,,,,
random,N/A,rrg,0.03,0.05,0.3,2,0.95,0.9557413,0.0,0.0,10.849780971272496,9.861807,,,,
random,N/A,rrg,0.04,0.05,0.3,2,0.9533333333333334,0.9667036,0.06666666666666815,0.09100066,12.002648856981416,8.842764,,,,
random,N/A,rrg,0.05,0.05,0.3,2,0.9533333333333334,0.9599569,0.06666666666666815,0.07684655,9.232904111654719,8.933907,,,,
random,N/A,rrg,0.06,0.05,0.3,2,0.9566666666666667,0.9510822,0.13333333333333408,0.17456627,9.659206358254623,8.592876,,,,
random,N/A,rrg,0.07,0.05,0.3,2,0.9533333333333334,0.95618147,0.06666666666666815,0.08378563,8.473716867691685,8.121978,,,,
random,N/A,rrg,0.08,0.05,0.3,2,0.9533333333333334,0.95611143,0.06666666666666815,0.07058865,8.50569664676236,7.817453,,,,
random,N/A,rrg,0.09,0.05,0.3,2,0.9566666666666667,0.9650774,0.13333333333333408,0.16029765,7.706977486171718,7.2762256,,,,
random,N/A,rrg,0.1,0.05,0.3,2,0.9533333333333334,0.96125954,0.06666666666666815,0.079225816,7.55918951789623,6.9066243,,,,
random,N/A,rrg,0.11,0.05,0.3,2,0.9633333333333334,0.96755475,0.26666666666666816,0.25007027,6.949542316996415,5.9685736,,,,
random,N/A,rrg,0.12,0.05,0.3,2,0.9633333333333334,0.9656297,0.26666666666666816,0.2795042,8.193373610606063,6.6706877,,,,
random,N/A,rrg,0.13,0.05,0.3,2,0.9566666666666667,0.9647719,0.13333333333333408,0.15912884,6.960181720379815,6.4829955,,,,
random,N/A,rrg,0.14,0.05,0.3,2,0.9566666666666667,0.96874064,0.13333333333333408,0.21444052,7.727589757080965,6.069134,,,,
random,N/A,rrg,0.15,0.05,0.3,2,0.9533333333333334,0.96789014,0.06666666666666815,0.1764785,7.326669042917437,5.6813893,,,,
random,N/A,rrg,0.16,0.05,0.3,2,0.96,0.95668966,0.2,0.14885868,6.084163952314026,5.8870907,,,,
random,N/A,rrg,0.17,0.05,0.3,2,0.96,0.96736836,0.2,0.3151128,5.505119259012048,5.228633,,,,
random,N/A,rrg,0.18,0.05,0.3,2,0.96,0.97098756,0.2,0.34803668,4.582474375313567,4.243895,,,,
random,N/A,rrg,0.19,0.05,0.3,2,0.97,0.9650887,0.4,0.28350484,3.9600618858869225,4.8439927,,,,
random,N/A,rrg,0.2,0.05,0.3,2,0.9766666666666667,0.96592206,0.5333333333333341,0.30069572,3.9157233381278047,4.243055,,,,
random,N/A,rrg,0.21,0.05,0.3,2,0.96,0.96309954,0.2,0.2835462,3.998562082489194,3.9734354,,,,
random,N/A,rrg,0.22,0.05,0.3,2,0.9633333333333334,0.9673616,0.26666666666666816,0.30489472,4.778453257141885,3.8776765,,,,
random,N/A,rrg,0.23,0.05,0.3,2,0.97,0.9634851,0.4,0.24881826,4.400170584950755,3.9419613,,,,
random,N/A,rrg,0.24,0.05,0.3,2,0.97,0.97265637,0.4,0.3981436,5.255285205532751,3.6644921,,,,
random,N/A,rrg,0.25,0.05,0.3,2,0.9666666666666667,0.9706726,0.3333333333333341,0.31694478,3.806848886834666,3.2347696,,,,
random,N/A,rrg,0.26,0.05,0.3,2,0.9733333333333334,0.9752573,0.4666666666666682,0.41732007,3.716653111496646,3.6584911,,,,
random,N/A,rrg,0.27,0.05,0.3,2,0.97,0.96938396,0.4,0.30873138,3.3465056453313347,3.2140596,,,,
random,N/A,rrg,0.28,0.05,0.3,2,0.9666666666666667,0.97104144,0.3333333333333341,0.39996442,2.6488863046492095,3.2433374,,,,
random,N/A,rrg,0.29,0.05,0.3,2,0.9733333333333334,0.98175395,0.4666666666666682,0.5936593,3.913376050943494,2.9263985,,,,
random,N/A,rrg,0.0,0.05,0.3,3,0.9566666666666667,0.94999987,0.0,0.0,11.209490055151436,11.267633,,,,
random,N/A,rrg,0.01,0.05,0.3,3,0.96,0.94977885,0.07692307692307614,0.06224186,10.198357995544004,10.461966,,,,
random,N/A,rrg,0.02,0.05,0.3,3,0.9533333333333334,0.94924253,-0.07692307692307614,0.0015125595,9.597864891149023,10.098331,,,,
random,N/A,rrg,0.03,0.05,0.3,3,0.9533333333333334,0.9479884,-0.07692307692307614,0.00072946143,8.317712214357599,9.356938,,,,
random,N/A,rrg,0.04,0.05,0.3,3,0.9566666666666667,0.9590817,0.0,0.0,9.306306022425614,9.101735,,,,
random,N/A,rrg,0.05,0.05,0.3,3,0.9633333333333334,0.95172894,0.15384615384615483,0.12134942,9.575095571708376,9.196072,,,,
random,N/A,rrg,0.06,0.05,0.3,3,0.9633333333333334,0.9555247,0.15384615384615483,0.13035594,8.690838610512495,8.677415,,,,
random,N/A,rrg,0.07,0.05,0.3,3,0.9533333333333334,0.9532619,-0.07692307692307614,0.016773416,8.011959359348348,8.500838,,,,
random,N/A,rrg,0.08,0.05,0.3,3,0.96,0.961214,0.07692307692307614,0.079140164,6.9480420969699,7.736737,,,,
random,N/A,rrg,0.09,0.05,0.3,3,0.96,0.961308,0.07692307692307614,0.013595385,6.873239716342671,7.5434637,,,,
random,N/A,rrg,0.1,0.05,0.3,3,0.9566666666666667,0.95296144,0.0,0.08504728,6.386494916802089,7.1438346,,,,
random,N/A,rrg,0.11,0.05,0.3,3,0.9533333333333334,0.9532772,-0.07692307692307614,0.015670087,6.121314719167326,7.1579247,,,,
random,N/A,rrg,0.12,0.05,0.3,3,0.9666666666666667,0.95782816,0.23076923076923098,0.19167414,5.6316715862836695,6.764899,,,,
random,N/A,rrg,0.13,0.05,0.3,3,0.9566666666666667,0.95854676,0.0,0.14814156,5.160684153255502,6.203744,,,,
random,N/A,rrg,0.14,0.05,0.3,3,0.9566666666666667,0.95862347,0.0,0.06796803,5.259944606951164,5.784841,,,,
random,N/A,rrg,0.15,0.05,0.3,3,0.9733333333333334,0.95508695,0.3846153846153858,0.12336194,4.590757808439866,5.4914937,,,,
random,N/A,rrg,0.16,0.05,0.3,3,0.9733333333333334,0.96362144,0.3846153846153858,0.23629582,4.716760199903041,5.200915,,,,
random,N/A,rrg,0.17,0.05,0.3,3,0.97,0.959304,0.3076923076923071,0.20026097,4.870706351253273,4.885332,,,,
random,N/A,rrg,0.18,0.05,0.3,3,0.9666666666666667,0.9616622,0.23076923076923098,0.17107803,4.457578892644862,4.7945113,,,,
random,N/A,rrg,0.19,0.05,0.3,3,0.9633333333333334,0.96105164,0.15384615384615483,0.27753025,4.090127004847694,4.8771696,,,,
random,N/A,rrg,0.2,0.05,0.3,3,0.98,0.9651914,0.5384615384615381,0.32367823,3.7368793722984006,4.7522817,,,,
random,N/A,rrg,0.21,0.05,0.3,3,0.97,0.9688365,0.3076923076923071,0.26712662,3.72987977328614,3.9574146,,,,
random,N/A,rrg,0.22,0.05,0.3,3,0.97,0.9666929,0.3076923076923071,0.33050904,3.6265500027164173,4.011084,,,,
random,N/A,rrg,0.23,0.05,0.3,3,0.97,0.96334577,0.3076923076923071,0.22307248,3.614150375184275,4.1666527,,,,
random,N/A,rrg,0.24,0.05,0.3,3,0.9733333333333334,0.96449107,0.3846153846153858,0.29044494,3.64477448093235,3.552428,,,,
random,N/A,rrg,0.25,0.05,0.3,3,0.9733333333333334,0.96868324,0.3846153846153858,0.23261581,4.119914337652864,3.4466145,,,,
random,N/A,rrg,0.26,0.05,0.3,3,0.9733333333333334,0.97290546,0.3846153846153858,0.38819844,3.052447073210916,3.2522783,,,,
random,N/A,rrg,0.27,0.05,0.3,3,0.97,0.96761453,0.3076923076923071,0.23897764,2.898517479220828,3.1043568,,,,
random,N/A,rrg,0.28,0.05,0.3,3,0.9666666666666667,0.9685128,0.23076923076923098,0.36816245,2.0132415172951723,3.0257268,,,,
random,N/A,rrg,0.29,0.05,0.3,3,0.9766666666666667,0.97082317,0.46153846153846195,0.39285022,1.880887462290454,2.922167,,,,
random,N/A,rrg,0.0,0.05,0.3,4,0.9666666666666667,0.94999987,0.0,0.0,11.73446126054491,11.267633,,,,
random,N/A,rrg,0.01,0.05,0.3,4,0.9666666666666667,0.96065664,0.0,0.0,10.817092661137206,10.619968,,,,
random,N/A,rrg,0.02,0.05,0.3,4,0.9666666666666667,0.9485146,0.0,0.0,10.634376595309414,10.438366,,,,
random,N/A,rrg,0.03,0.05,0.3,4,0.9666666666666667,0.9471748,0.0,0.06659266,11.781134285018958,9.776142,,,,
random,N/A,rrg,0.04,0.05,0.3,4,0.9666666666666667,0.961193,0.0,0.0,8.833283595451972,9.38103,,,,
random,N/A,rrg,0.05,0.05,0.3,4,0.9666666666666667,0.95025027,0.0,0.0,10.127990580583228,9.633864,,,,
random,N/A,rrg,0.06,0.05,0.3,4,0.9766666666666667,0.9685833,0.3000000000000003,0.24144824,7.995374699697172,8.034915,,,,
random,N/A,rrg,0.07,0.05,0.3,4,0.97,0.9656142,0.099999999999999,0.0883724,7.420448991898465,7.766789,,,,
random,N/A,rrg,0.08,0.05,0.3,4,0.9666666666666667,0.95248455,0.0,0.0,8.913656021245542,8.119032,,,,
random,N/A,rrg,0.09,0.05,0.3,4,0.97,0.9572211,0.099999999999999,0.0084207645,7.419038317350369,7.5174007,,,,
random,N/A,rrg,0.1,0.05,0.3,4,0.97,0.95875853,0.099999999999999,0.015671479,7.065460570894238,7.121833,,,,
random,N/A,rrg,0.11,0.05,0.3,4,0.97,0.9680455,0.099999999999999,0.09446111,7.28308483315729,6.7762465,,,,
random,N/A,rrg,0.12,0.05,0.3,4,0.97,0.9671742,0.099999999999999,0.17550063,5.456328305106568,6.089438,,,,
random,N/A,rrg,0.13,0.05,0.3,4,0.97,0.9613731,0.099999999999999,0.07944021,7.023176661059725,6.562865,,,,
random,N/A,rrg,0.14,0.05,0.3,4,0.9733333333333334,0.9607237,0.20000000000000134,0.08508429,4.606611200129684,5.1783805,,,,
random,N/A,rrg,0.15,0.05,0.3,4,0.9733333333333334,0.96814495,0.20000000000000134,0.14547458,4.995922629289363,4.9563313,,,,
random,N/A,rrg,0.16,0.05,0.3,4,0.98,0.96363485,0.39999999999999936,0.2371043,5.524489399272719,5.0198174,,,,
random,N/A,rrg,0.17,0.05,0.3,4,0.9733333333333334,0.9606065,0.20000000000000134,0.088102795,5.37563100417947,5.2495217,,,,
random,N/A,rrg,0.18,0.05,0.3,4,0.98,0.9615692,0.39999999999999936,0.19918273,4.717886776908005,4.929633,,,,
random,N/A,rrg,0.19,0.05,0.3,4,0.97,0.97107685,0.099999999999999,0.2757279,4.130517218218691,4.3992352,,,,
random,N/A,rrg,0.2,0.05,0.3,4,0.9733333333333334,0.958278,0.20000000000000134,0.1377732,5.805968923558657,5.2067075,,,,
random,N/A,rrg,0.21,0.05,0.3,4,0.97,0.975634,0.099999999999999,0.33409026,4.32727750206551,4.5750275,,,,
random,N/A,rrg,0.22,0.05,0.3,4,0.9766666666666667,0.97717994,0.3000000000000003,0.37475178,3.21732078910572,3.6365805,,,,
random,N/A,rrg,0.23,0.05,0.3,4,0.98,0.9740789,0.39999999999999936,0.42259055,3.239281999351054,3.546757,,,,
random,N/A,rrg,0.24,0.05,0.3,4,0.9833333333333333,0.97345346,0.49999999999999833,0.31850252,3.3183859812238223,3.653051,,,,
random,N/A,rrg,0.25,0.05,0.3,4,0.9733333333333334,0.96983826,0.20000000000000134,0.2161865,4.104199042164569,3.027841,,,,
random,N/A,rrg,0.26,0.05,0.3,4,0.98,0.9745826,0.39999999999999936,0.344148,2.6232540772633977,3.2732646,,,,
random,N/A,rrg,0.27,0.05,0.3,4,0.9766666666666667,0.97975606,0.3000000000000003,0.35687235,2.970283828010635,2.6933756,,,,
random,N/A,rrg,0.28,0.05,0.3,4,0.9866666666666667,0.972788,0.6000000000000006,0.34918338,2.217195117712348,3.1498268,,,,
random,N/A,rrg,0.29,0.05,0.3,4,0.9866666666666667,0.9769759,0.6000000000000006,0.4142187,1.907437919154745,2.861072,,,,
random,N/A,rrg,0.0,0.05,0.3,5,0.9566666666666667,0.94999987,0.0,0.0,11.537931293554756,11.267633,,,,
random,N/A,rrg,0.01,0.05,0.3,5,0.9566666666666667,0.95533884,0.0,0.0,11.062516019676252,10.962008,,,,
random,N/A,rrg,0.02,0.05,0.3,5,0.9566666666666667,0.94872844,0.0,0.0055675656,10.704190727338116,10.104273,,,,
random,N/A,rrg,0.03,0.05,0.3,5,0.9633333333333334,0.9485864,0.15384615384615483,0.11478359,10.874059984224159,9.921006,,,,
random,N/A,rrg,0.04,0.05,0.3,5,0.96,0.95217246,0.07692307692307614,0.0651539,10.218369128623571,9.3298235,,,,
random,N/A,rrg,0.05,0.05,0.3,5,0.9533333333333334,0.95946574,-0.07692307692307614,0.044211667,9.124220461171399,9.076481,,,,
random,N/A,rrg,0.06,0.05,0.3,5,0.9633333333333334,0.9518987,0.15384615384615483,0.121725544,9.342347033748647,8.698488,,,,
random,N/A,rrg,0.07,0.05,0.3,5,0.9566666666666667,0.958756,0.0,0.0,9.294931830955417,8.501387,,,,
random,N/A,rrg,0.08,0.05,0.3,5,0.96,0.9546873,0.07692307692307614,0.1495772,7.5656552609387395,7.398646,,,,
random,N/A,rrg,0.09,0.05,0.3,5,0.96,0.9626253,0.07692307692307614,0.0818839,7.644286939158122,7.6029263,,,,
random,N/A,rrg,0.1,0.05,0.3,5,0.9566666666666667,0.9562948,0.0,0.088410005,6.85312591764669,6.646212,,,,
random,N/A,rrg,0.11,0.05,0.3,5,0.9633333333333334,0.9595573,0.15384615384615483,0.14151454,7.280683566173014,6.8169403,,,,
random,N/A,rrg,0.12,0.05,0.3,5,0.9733333333333334,0.96580374,0.3846153846153858,0.3276779,5.322337782920021,6.1905003,,,,
random,N/A,rrg,0.13,0.05,0.3,5,0.95,0.9520003,-0.15384615384615483,0.01813635,7.0245204235396095,6.658941,,,,
random,N/A,rrg,0.14,0.05,0.3,5,0.9633333333333334,0.95926464,0.15384615384615483,0.20222491,6.456721176564295,6.318735,,,,
random,N/A,rrg,0.15,0.05,0.3,5,0.9566666666666667,0.95824724,0.0,0.0,5.514907237665541,5.6794615,,,,
random,N/A,rrg,0.16,0.05,0.3,5,0.9666666666666667,0.96778524,0.23076923076923098,0.22650199,5.45906663206199,4.9341598,,,,
random,N/A,rrg,0.17,0.05,0.3,5,0.97,0.9603031,0.3076923076923071,0.15916993,7.614801117351328,5.9161515,,,,
random,N/A,rrg,0.18,0.05,0.3,5,0.9666666666666667,0.9658302,0.23076923076923098,0.2841225,4.769601161050961,5.0436907,,,,
random,N/A,rrg,0.19,0.05,0.3,5,0.97,0.9684035,0.3076923076923071,0.24814022,4.5227252784625165,4.7562346,,,,
random,N/A,rrg,0.2,0.05,0.3,5,0.97,0.9645876,0.3076923076923071,0.20280786,3.5073414168324084,3.963497,,,,
random,N/A,rrg,0.21,0.05,0.3,5,0.9633333333333334,0.9679069,0.15384615384615483,0.15661766,4.528144493124258,3.966114,,,,
random,N/A,rrg,0.22,0.05,0.3,5,0.9766666666666667,0.9637139,0.46153846153846195,0.3553272,3.5072174773343083,4.4650226,,,,
random,N/A,rrg,0.23,0.05,0.3,5,0.97,0.9733071,0.3076923076923071,0.45288205,3.506921061430465,3.513645,,,,
random,N/A,rrg,0.24,0.05,0.3,5,0.9666666666666667,0.9732253,0.23076923076923098,0.317383,3.792901708195112,3.397501,,,,
random,N/A,rrg,0.25,0.05,0.3,5,0.9833333333333333,0.9794287,0.6153846153846142,0.5386796,3.615250396851058,3.4448788,,,,
random,N/A,rrg,0.26,0.05,0.3,5,0.97,0.9699249,0.3076923076923071,0.32492414,3.4237723167936207,3.709053,,,,
random,N/A,rrg,0.27,0.05,0.3,5,0.98,0.9827397,0.5384615384615381,0.5677291,3.0881519488748053,3.1042066,,,,
random,N/A,rrg,0.28,0.05,0.3,5,0.9733333333333334,0.9711039,0.3846153846153858,0.335015,4.037570839004794,3.1559231,,,,
random,N/A,rrg,0.29,0.05,0.3,5,0.9766666666666667,0.9718627,0.46153846153846195,0.43854737,3.393914901533464,3.255861,,,,
random,N/A,rrg,0.0,0.05,0.3,6,0.9566666666666667,0.94999987,0.0,0.0,11.523126027492339,11.267633,,,,
random,N/A,rrg,0.01,0.05,0.3,6,0.9566666666666667,0.9497495,0.0,0.0,10.789333773246586,10.924003,,,,
random,N/A,rrg,0.02,0.05,0.3,6,0.96,0.94636,0.07692307692307614,0.05850783,10.201440344143814,10.26995,,,,
random,N/A,rrg,0.03,0.05,0.3,6,0.9566666666666667,0.94810444,0.0,0.0,10.597701370848824,9.940669,,,,
random,N/A,rrg,0.04,0.05,0.3,6,0.9566666666666667,0.959116,0.0,0.0,9.45801282029067,9.743652,,,,
random,N/A,rrg,0.05,0.05,0.3,6,0.9633333333333334,0.9567183,0.15384615384615483,0.13347112,9.028123004067316,8.639966,,,,
random,N/A,rrg,0.06,0.05,0.3,6,0.9633333333333334,0.9547188,0.15384615384615483,0.12833375,9.16321407191816,8.562933,,,,
random,N/A,rrg,0.07,0.05,0.3,6,0.9566666666666667,0.946887,0.0,0.0,10.048423264116666,8.787498,,,,
random,N/A,rrg,0.08,0.05,0.3,6,0.9666666666666667,0.9485895,0.23076923076923098,0.093928285,7.091294831870092,7.659531,,,,
random,N/A,rrg,0.09,0.05,0.3,6,0.9666666666666667,0.95886767,0.23076923076923098,0.19557083,7.397453380722216,7.423164,,,,
random,N/A,rrg,0.1,0.05,0.3,6,0.96,0.9547277,0.07692307692307614,0.06858025,7.4958445921066925,7.5232472,,,,
random,N/A,rrg,0.11,0.05,0.3,6,0.96,0.95407104,0.07692307692307614,0.06766495,5.681018749638131,6.3283806,,,,
random,N/A,rrg,0.12,0.05,0.3,6,0.97,0.95854676,0.3076923076923071,0.21102458,5.502438751379215,6.552009,,,,
random,N/A,rrg,0.13,0.05,0.3,6,0.9566666666666667,0.95249134,0.0,0.0,7.97665659213408,6.9071665,,,,
random,N/A,rrg,0.14,0.05,0.3,6,0.9666666666666667,0.96220845,0.23076923076923098,0.1470098,6.990578268301297,6.3686233,,,,
random,N/A,rrg,0.15,0.05,0.3,6,0.9666666666666667,0.96308655,0.23076923076923098,0.21276623,6.492159359918432,6.4422836,,,,
random,N/A,rrg,0.16,0.05,0.3,6,0.9566666666666667,0.955235,0.0,0.0,5.544831706292019,5.605853,,,,
random,N/A,rrg,0.17,0.05,0.3,6,0.9633333333333334,0.9646806,0.15384615384615483,0.23057316,5.843029909663258,5.0144196,,,,
random,N/A,rrg,0.18,0.05,0.3,6,0.96,0.95177835,0.07692307692307614,0.14355628,3.9950495762657114,4.812446,,,,
random,N/A,rrg,0.19,0.05,0.3,6,0.9733333333333334,0.9656189,0.3846153846153858,0.24082884,4.77409414799463,4.9760556,,,,
random,N/A,rrg,0.2,0.05,0.3,6,0.9633333333333334,0.9608655,0.15384615384615483,0.14945391,4.301947109813537,4.382686,,,,
random,N/A,rrg,0.21,0.05,0.3,6,0.9833333333333333,0.9712847,0.6153846153846142,0.49225733,4.014402322429187,4.6371074,,,,
random,N/A,rrg,0.22,0.05,0.3,6,0.9833333333333333,0.9739326,0.6153846153846142,0.47909534,3.544751271986026,4.093105,,,,
random,N/A,rrg,0.23,0.05,0.3,6,0.97,0.9636611,0.3076923076923071,0.30431142,3.493599811044124,4.008617,,,,
random,N/A,rrg,0.24,0.05,0.3,6,0.9766666666666667,0.96963286,0.46153846153846195,0.35983896,3.4266663757650195,3.77531,,,,
random,N/A,rrg,0.25,0.05,0.3,6,0.9633333333333334,0.9597346,0.15384615384615483,0.14204922,3.9242801665727347,4.274384,,,,
random,N/A,rrg,0.26,0.05,0.3,6,0.9666666666666667,0.9659013,0.23076923076923098,0.1647843,3.7031830721224726,3.456163,,,,
random,N/A,rrg,0.27,0.05,0.3,6,0.9833333333333333,0.971829,0.6153846153846142,0.42013946,2.452952873445168,3.2472758,,,,
random,N/A,rrg,0.28,0.05,0.3,6,0.9766666666666667,0.97425437,0.46153846153846195,0.42839676,3.65005272222257,3.362572,,,,
random,N/A,rrg,0.29,0.05,0.3,6,0.99,0.9772398,0.769230769230769,0.55915844,2.2963993056104317,2.846783,,,,
random,N/A,rrg,0.0,0.05,0.3,7,0.9566666666666667,0.94999987,0.0,0.0,10.730377341019762,11.267633,,,,
random,N/A,rrg,0.01,0.05,0.3,7,0.9566666666666667,0.9445622,0.0,0.0,10.721073571346045,10.897431,,,,
random,N/A,rrg,0.02,0.05,0.3,7,0.9566666666666667,0.94828886,0.0,0.0,10.482624448840882,10.487028,,,,
random,N/A,rrg,0.03,0.05,0.3,7,0.9566666666666667,0.9448893,0.0,0.0,9.953773407090182,10.080038,,,,
random,N/A,rrg,0.04,0.05,0.3,7,0.96,0.9520693,0.07692307692307614,0.06502277,9.247537195268336,9.211982,,,,
random,N/A,rrg,0.05,0.05,0.3,7,0.96,0.9398643,0.07692307692307614,0.052518982,10.144367694345503,9.228435,,,,
random,N/A,rrg,0.06,0.05,0.3,7,0.9666666666666667,0.95830953,0.23076923076923098,0.14545421,7.957827134406699,8.380146,,,,
random,N/A,rrg,0.07,0.05,0.3,7,0.96,0.9519498,0.07692307692307614,0.064871535,7.00506460340723,8.368173,,,,
random,N/A,rrg,0.08,0.05,0.3,7,0.9633333333333334,0.9461607,0.15384615384615483,0.11018183,8.357693603118747,8.184143,,,,
random,N/A,rrg,0.09,0.05,0.3,7,0.9633333333333334,0.96358806,0.15384615384615483,0.15475573,6.2199923909855634,7.770934,,,,
random,N/A,rrg,0.1,0.05,0.3,7,0.9666666666666667,0.95369774,0.23076923076923098,0.1776135,5.590195111011703,7.1223664,,,,
random,N/A,rrg,0.11,0.05,0.3,7,0.9666666666666667,0.9575118,0.23076923076923098,0.1905188,6.3099328468242595,7.347601,,,,
random,N/A,rrg,0.12,0.05,0.3,7,0.9566666666666667,0.96156025,0.0,0.081227705,7.143047250104672,6.525847,,,,
random,N/A,rrg,0.13,0.05,0.3,7,0.96,0.9496434,0.07692307692307614,0.062084798,5.943778021323298,6.2425084,,,,
random,N/A,rrg,0.14,0.05,0.3,7,0.9633333333333334,0.9648122,0.15384615384615483,0.15928203,4.736528832445746,5.599724,,,,
random,N/A,rrg,0.15,0.05,0.3,7,0.96,0.96033305,0.07692307692307614,0.0775188,4.538069883689615,5.651011,,,,
random,N/A,rrg,0.16,0.05,0.3,7,0.9733333333333334,0.96248263,0.3846153846153858,0.26020217,4.834940017387496,5.65153,,,,
random,N/A,rrg,0.17,0.05,0.3,7,0.9666666666666667,0.96142334,0.23076923076923098,0.123444684,4.091715358717856,5.4718504,,,,
random,N/A,rrg,0.18,0.05,0.3,7,0.9633333333333334,0.9583537,0.15384615384615483,0.050165102,5.561142058842968,4.927691,,,,
random,N/A,rrg,0.19,0.05,0.3,7,0.9633333333333334,0.9607249,0.15384615384615483,0.083328925,4.431706913869372,4.6271343,,,,
random,N/A,rrg,0.2,0.05,0.3,7,0.9766666666666667,0.963686,0.46153846153846195,0.31909797,4.489182869251311,5.1011724,,,,
random,N/A,rrg,0.21,0.05,0.3,7,0.9633333333333334,0.9693284,0.15384615384615483,0.17142503,3.9031130055785943,3.77517,,,,
random,N/A,rrg,0.22,0.05,0.3,7,0.9733333333333334,0.9680858,0.3846153846153858,0.2944281,4.600459532560787,4.062383,,,,
random,N/A,rrg,0.23,0.05,0.3,7,0.9766666666666667,0.96766263,0.46153846153846195,0.2984029,3.286115521954292,3.7619987,,,,
random,N/A,rrg,0.24,0.05,0.3,7,0.9633333333333334,0.9634907,0.15384615384615483,0.22792423,3.4733339179181524,4.0480313,,,,
random,N/A,rrg,0.25,0.05,0.3,7,0.96,0.96080446,0.07692307692307614,0.09803873,4.619656608155201,4.067372,,,,
random,N/A,rrg,0.26,0.05,0.3,7,0.96,0.96791506,0.07692307692307614,0.1563552,3.213407152144567,3.4053097,,,,
random,N/A,rrg,0.27,0.05,0.3,7,0.9766666666666667,0.9703287,0.46153846153846195,0.38567916,2.807233936044781,3.2481573,,,,
random,N/A,rrg,0.28,0.05,0.3,7,0.9766666666666667,0.9705232,0.46153846153846195,0.35624337,2.429392128254667,3.124921,,,,
random,N/A,rrg,0.29,0.05,0.3,7,0.9733333333333334,0.96420306,0.3846153846153858,0.2724005,2.7449639922557996,3.414123,,,,
random,N/A,rrg,0.0,0.05,0.3,8,0.96,0.94999987,0.0,0.0,11.382690993058338,11.267633,,,,
random,N/A,rrg,0.01,0.05,0.3,8,0.96,0.94639903,0.0,0.0,11.503900562664656,10.738708,,,,
random,N/A,rrg,0.02,0.05,0.3,8,0.96,0.95524883,0.0,0.0,10.09474390002809,10.231883,,,,
random,N/A,rrg,0.03,0.05,0.3,8,0.9633333333333334,0.9564193,0.08333333333333519,0.071051866,8.924846127643407,9.694244,,,,
random,N/A,rrg,0.04,0.05,0.3,8,0.96,0.9586475,0.0,0.0,9.47098511507335,9.728939,,,,
random,N/A,rrg,0.05,0.05,0.3,8,0.9633333333333334,0.9606019,0.08333333333333519,0.078006566,8.99658107178805,8.999766,,,,
random,N/A,rrg,0.06,0.05,0.3,8,0.9633333333333334,0.9513583,0.08333333333333519,0.014222452,8.786380230144799,8.709662,,,,
random,N/A,rrg,0.07,0.05,0.3,8,0.9633333333333334,0.95971435,0.08333333333333519,0.076419264,8.021668967550552,8.473794,,,,
random,N/A,rrg,0.08,0.05,0.3,8,0.96,0.9585853,0.0,0.028322864,7.999829826186515,7.5768547,,,,
random,N/A,rrg,0.09,0.05,0.3,8,0.96,0.9631152,0.0,0.0,8.530811053139361,8.172099,,,,
random,N/A,rrg,0.1,0.05,0.3,8,0.9666666666666667,0.9644957,0.1666666666666676,0.15808658,8.03138849190413,7.530066,,,,
random,N/A,rrg,0.11,0.05,0.3,8,0.9666666666666667,0.9671647,0.1666666666666676,0.09897923,6.054948207799725,6.4960203,,,,
random,N/A,rrg,0.12,0.05,0.3,8,0.96,0.96228474,0.0,0.0,6.997665307579043,7.2317123,,,,
random,N/A,rrg,0.13,0.05,0.3,8,0.9633333333333334,0.9651689,0.08333333333333519,0.08734269,8.133143431464996,6.840545,,,,
random,N/A,rrg,0.14,0.05,0.3,8,0.97,0.9742378,0.25,0.2615445,6.0524791910351174,5.661229,,,,
random,N/A,rrg,0.15,0.05,0.3,8,0.97,0.96808124,0.25,0.23855647,5.0707401814898185,5.3613305,,,,
random,N/A,rrg,0.16,0.05,0.3,8,0.97,0.9743162,0.25,0.34668806,5.27745390105957,5.344419,,,,
random,N/A,rrg,0.17,0.05,0.3,8,0.9666666666666667,0.9683909,0.1666666666666676,0.21269369,5.807179220767354,4.72741,,,,
random,N/A,rrg,0.18,0.05,0.3,8,0.96,0.96174806,0.0,0.0,5.826274187614246,5.5318027,,,,
random,N/A,rrg,0.19,0.05,0.3,8,0.97,0.9718398,0.25,0.2002133,4.285661267152899,4.5861506,,,,
random,N/A,rrg,0.2,0.05,0.3,8,0.9666666666666667,0.9751613,0.1666666666666676,0.26097435,5.42308927573459,4.1562676,,,,
random,N/A,rrg,0.21,0.05,0.3,8,0.9733333333333334,0.97008747,0.3333333333333352,0.26849073,3.5604351176577596,4.100328,,,,
random,N/A,rrg,0.22,0.05,0.3,8,0.9733333333333334,0.9720528,0.3333333333333352,0.2745698,3.1433832225660265,3.9505045,,,,
random,N/A,rrg,0.23,0.05,0.3,8,0.97,0.9733112,0.25,0.32880637,3.803971263298701,3.674082,,,,
random,N/A,rrg,0.24,0.05,0.3,8,0.9733333333333334,0.9678526,0.3333333333333352,0.19714192,3.5644270680943873,4.1709228,,,,
random,N/A,rrg,0.25,0.05,0.3,8,0.97,0.9708625,0.25,0.27015254,3.4751900451795428,3.7734823,,,,
random,N/A,rrg,0.26,0.05,0.3,8,0.9866666666666667,0.97691464,0.6666666666666676,0.41405305,3.1433676256819556,2.7604628,,,,
random,N/A,rrg,0.27,0.05,0.3,8,0.97,0.9680131,0.25,0.23841374,2.0657299488005583,2.8410063,,,,
random,N/A,rrg,0.28,0.05,0.3,8,0.98,0.98166573,0.5,0.46828717,2.4160445996357978,2.5561633,,,,
random,N/A,rrg,0.29,0.05,0.3,8,0.9733333333333334,0.96863544,0.3333333333333352,0.19354294,2.2443668083020856,3.077662,,,,
random,N/A,rrg,0.0,0.05,0.3,9,0.9566666666666667,0.94999987,0.0,0.0,12.612525053727284,11.267633,,,,
random,N/A,rrg,0.01,0.05,0.3,9,0.9566666666666667,0.9451713,0.0,0.0,12.416721686321315,10.947741,,,,
random,N/A,rrg,0.02,0.05,0.3,9,0.9566666666666667,0.9483185,0.0,0.0,12.4499992343947,10.23769,,,,
random,N/A,rrg,0.03,0.05,0.3,9,0.9566666666666667,0.9604196,0.0,0.0,8.882644287667748,9.486623,,,,
random,N/A,rrg,0.04,0.05,0.3,9,0.96,0.9585475,0.07692307692307614,0.0057514072,9.591278173260674,9.466067,,,,
random,N/A,rrg,0.05,0.05,0.3,9,0.9633333333333334,0.966291,0.15384615384615483,0.16511586,9.38125636677507,8.714114,,,,
random,N/A,rrg,0.06,0.05,0.3,9,0.9633333333333334,0.9582478,0.15384615384615483,0.1376872,7.601997899673122,8.355833,,,,
random,N/A,rrg,0.07,0.05,0.3,9,0.9633333333333334,0.9688041,0.15384615384615483,0.17607537,7.032833552318423,7.285904,,,,
random,N/A,rrg,0.08,0.05,0.3,9,0.96,0.9611257,0.07692307692307614,0.07897454,6.251868072265898,7.237269,,,,
random,N/A,rrg,0.09,0.05,0.3,9,0.96,0.9609218,0.07692307692307614,0.078594945,6.79253164424131,7.0378613,,,,
random,N/A,rrg,0.1,0.05,0.3,9,0.9533333333333334,0.95923036,-0.07692307692307614,0.00053480075,6.983363171136347,7.051024,,,,
random,N/A,rrg,0.11,0.05,0.3,9,0.9533333333333334,0.96263397,-0.07692307692307614,0.0024981382,6.793933970091287,6.3937216,,,,
random,N/A,rrg,0.12,0.05,0.3,9,0.9666666666666667,0.96000904,0.23076923076923098,0.11213903,5.0395086791483354,5.7741604,,,,
random,N/A,rrg,0.13,0.05,0.3,9,0.9666666666666667,0.96874124,0.23076923076923098,0.16395657,4.744376798155151,5.6108503,,,,
random,N/A,rrg,0.14,0.05,0.3,9,0.9566666666666667,0.9633773,0.0,0.08855357,5.999593453853593,5.6385264,,,,
random,N/A,rrg,0.15,0.05,0.3,9,0.97,0.9623645,0.3076923076923071,0.2267698,4.86867326762367,5.7325764,,,,
random,N/A,rrg,0.16,0.05,0.3,9,0.9666666666666667,0.96871865,0.23076923076923098,0.30272287,4.900916923503361,5.3598704,,,,
random,N/A,rrg,0.17,0.05,0.3,9,0.97,0.9710515,0.3076923076923071,0.31534415,4.702860145675628,4.572727,,,,
random,N/A,rrg,0.18,0.05,0.3,9,0.9766666666666667,0.96299726,0.46153846153846195,0.2809054,3.3528315541079405,4.8157253,,,,
random,N/A,rrg,0.19,0.05,0.3,9,0.9733333333333334,0.9726279,0.3846153846153858,0.30295905,3.6043763292220192,4.2369876,,,,
random,N/A,rrg,0.2,0.05,0.3,9,0.9633333333333334,0.9659076,0.15384615384615483,0.18104175,4.069705173986249,4.3284154,,,,
random,N/A,rrg,0.21,0.05,0.3,9,0.9633333333333334,0.9704072,0.15384615384615483,0.2327965,3.930714625078875,3.863582,,,,
random,N/A,rrg,0.22,0.05,0.3,9,0.9633333333333334,0.96618634,0.15384615384615483,0.056738768,4.134105926567831,3.3531015,,,,
random,N/A,rrg,0.23,0.05,0.3,9,0.97,0.9710702,0.3076923076923071,0.31548432,3.3175948708655527,3.4307604,,,,
random,N/A,rrg,0.24,0.05,0.3,9,0.9833333333333333,0.9717761,0.6153846153846142,0.40656847,2.3434561380500174,3.4011364,,,,
random,N/A,rrg,0.25,0.05,0.3,9,0.9666666666666667,0.9676234,0.23076923076923098,0.17450865,3.0451588427165435,2.8355682,,,,
random,N/A,rrg,0.26,0.05,0.3,9,0.9766666666666667,0.9740396,0.46153846153846195,0.37226447,3.0724435802545234,2.7737992,,,,
random,N/A,rrg,0.27,0.05,0.3,9,0.97,0.967099,0.3076923076923071,0.27380452,2.4892021114711627,2.7323186,,,,
random,N/A,rrg,0.28,0.05,0.3,9,0.9833333333333333,0.983605,0.6153846153846142,0.6168498,2.2102369693259196,2.840038,,,,
random,N/A,rrg,0.29,0.05,0.3,9,0.9766666666666667,0.9794456,0.46153846153846195,0.4394416,3.523544129444046,2.5994177,,,,
random,N/A,rrg,0.0,0.05,0.3,10,0.9533333333333334,0.94999987,0.0,0.0,11.959000845658435,11.267633,,,,
random,N/A,rrg,0.01,0.05,0.3,10,0.9533333333333334,0.95074064,0.0,0.0,11.853215908030698,11.063068,,,,
random,N/A,rrg,0.02,0.05,0.3,10,0.9566666666666667,0.9517855,0.07142857142857074,0.0646648,10.338598546650376,10.094712,,,,
random,N/A,rrg,0.03,0.05,0.3,10,0.9533333333333334,0.9451245,0.0,0.0,9.835754272563948,9.738279,,,,
random,N/A,rrg,0.04,0.05,0.3,10,0.9566666666666667,0.9432756,0.07142857142857074,0.0068780268,9.585458529302787,9.324785,,,,
random,N/A,rrg,0.05,0.05,0.3,10,0.9566666666666667,0.9482017,0.07142857142857074,0.06046132,8.88702842141771,8.612191,,,,
random,N/A,rrg,0.06,0.05,0.3,10,0.9533333333333334,0.9556686,0.0,0.0,8.976399299513048,8.420615,,,,
random,N/A,rrg,0.07,0.05,0.3,10,0.9533333333333334,0.96035135,0.0,0.0,10.7859850535368,8.507193,,,,
random,N/A,rrg,0.08,0.05,0.3,10,0.9533333333333334,0.9525472,0.0,0.0,8.48120406901603,7.9894204,,,,
random,N/A,rrg,0.09,0.05,0.3,10,0.96,0.96186495,0.1428571428571415,0.1488037,7.708045405988011,7.350694,,,,
random,N/A,rrg,0.1,0.05,0.3,10,0.95,0.9494397,-0.07142857142857313,0.0024883081,7.185774719976441,7.103731,,,,
random,N/A,rrg,0.11,0.05,0.3,10,0.97,0.9698173,0.3571428571428561,0.35574973,6.194169329336959,6.027884,,,,
random,N/A,rrg,0.12,0.05,0.3,10,0.9533333333333334,0.9600999,0.0,0.08313656,7.3263493758360525,6.907444,,,,
random,N/A,rrg,0.13,0.05,0.3,10,0.9633333333333334,0.96663797,0.21428571428571463,0.23061633,5.610641857549299,5.274915,,,,
random,N/A,rrg,0.14,0.05,0.3,10,0.96,0.9611792,0.1428571428571415,0.14656039,5.773961715745938,5.9886274,,,,
random,N/A,rrg,0.15,0.05,0.3,10,0.9566666666666667,0.9621258,0.07142857142857074,0.17003569,6.23629385941253,5.281302,,,,
random,N/A,rrg,0.16,0.05,0.3,10,0.9633333333333334,0.96211404,0.21428571428571463,0.15066852,5.037902176346491,5.5179224,,,,
random,N/A,rrg,0.17,0.05,0.3,10,0.9666666666666667,0.9628407,0.28571428571428537,0.2640646,5.074666719913833,4.945833,,,,
random,N/A,rrg,0.18,0.05,0.3,10,0.96,0.9607956,0.1428571428571415,0.14533472,6.27993106012219,5.0663676,,,,
random,N/A,rrg,0.19,0.05,0.3,10,0.97,0.9672496,0.3571428571428561,0.3015125,4.273850506968526,4.5120897,,,,
random,N/A,rrg,0.2,0.05,0.3,10,0.9766666666666667,0.9742995,0.5,0.44391325,4.548178134811777,3.7146773,,,,
random,N/A,rrg,0.21,0.05,0.3,10,0.9666666666666667,0.9686304,0.28571428571428537,0.29826492,4.668909981859625,4.602216,,,,
random,N/A,rrg,0.22,0.05,0.3,10,0.96,0.9674642,0.1428571428571415,0.18700059,4.0704754361833055,3.6331294,,,,
random,N/A,rrg,0.23,0.05,0.3,10,0.9633333333333334,0.9736957,0.21428571428571463,0.34159905,4.188217971401645,3.9718065,,,,
random,N/A,rrg,0.24,0.05,0.3,10,0.9666666666666667,0.967171,0.28571428571428537,0.22766083,4.096787049503643,3.635417,,,,
random,N/A,rrg,0.25,0.05,0.3,10,0.9566666666666667,0.9639235,0.07142857142857074,0.2196609,3.7930682568539806,3.5242038,,,,
random,N/A,rrg,0.26,0.05,0.3,10,0.97,0.9730305,0.3571428571428561,0.37507787,3.047316170444068,3.1104758,,,,
random,N/A,rrg,0.27,0.05,0.3,10,0.97,0.96833885,0.3571428571428561,0.26997888,3.311632807348347,3.2470725,,,,
random,N/A,rrg,0.28,0.05,0.3,10,0.98,0.97648907,0.5714285714285707,0.47203985,3.6216456755270126,2.950929,,,,
random,N/A,rrg,0.29,0.05,0.3,10,0.97,0.9706679,0.3571428571428561,0.30127347,4.213361619863196,2.7025745,,,,
random,N/A,rrg,0.0,0.05,0.3,11,0.96,0.94999987,0.0,0.0,11.3951783028321,11.267633,,,,
random,N/A,rrg,0.01,0.05,0.3,11,0.96,0.9493126,0.0,0.0,10.759134173483222,10.92214,,,,
random,N/A,rrg,0.02,0.05,0.3,11,0.96,0.96094257,0.0,0.0,9.388297802097835,10.23491,,,,
random,N/A,rrg,0.03,0.05,0.3,11,0.96,0.9481472,0.0,0.0,9.345679111416235,9.729667,,,,
random,N/A,rrg,0.04,0.05,0.3,11,0.96,0.9554295,0.0,0.0,8.717162785749332,9.38144,,,,
random,N/A,rrg,0.05,0.05,0.3,11,0.96,0.9398049,0.0,0.0,9.039750643162819,9.087506,,,,
random,N/A,rrg,0.06,0.05,0.3,11,0.9566666666666667,0.9511002,-0.08333333333333241,0.02466852,8.457084580024611,8.902702,,,,
random,N/A,rrg,0.07,0.05,0.3,11,0.96,0.95200765,0.0,0.0,8.77247056054989,8.703289,,,,
random,N/A,rrg,0.08,0.05,0.3,11,0.96,0.9545588,0.0,0.08550499,7.446644374505798,7.605705,,,,
random,N/A,rrg,0.09,0.05,0.3,11,0.9633333333333334,0.9506502,0.08333333333333519,0.021509137,7.7603407292571625,7.6221037,,,,
random,N/A,rrg,0.1,0.05,0.3,11,0.9633333333333334,0.9545321,0.08333333333333519,0.015005565,5.84066942785862,7.0973926,,,,
random,N/A,rrg,0.11,0.05,0.3,11,0.9633333333333334,0.9585236,0.08333333333333519,0.07438849,6.459699763267707,7.1999187,,,,
random,N/A,rrg,0.12,0.05,0.3,11,0.9666666666666667,0.9548826,0.1666666666666676,0.12873967,5.324547875538372,6.1872377,,,,
random,N/A,rrg,0.13,0.05,0.3,11,0.9666666666666667,0.96471936,0.1666666666666676,0.15892941,6.2744892659214155,5.526481,,,,
random,N/A,rrg,0.14,0.05,0.3,11,0.9633333333333334,0.9622532,0.08333333333333519,0.15581451,5.5520206432960455,5.541474,,,,
random,N/A,rrg,0.15,0.05,0.3,11,0.98,0.95723146,0.5,0.21858889,4.257003540977882,5.598856,,,,
random,N/A,rrg,0.16,0.05,0.3,11,0.97,0.96108437,0.25,0.21494369,4.8256154181188515,5.549989,,,,
random,N/A,rrg,0.17,0.05,0.3,11,0.9733333333333334,0.9656811,0.3333333333333352,0.26347244,3.9290846057050492,5.03179,,,,
random,N/A,rrg,0.18,0.05,0.3,11,0.96,0.9620746,0.0,0.13043424,4.324179039232864,4.773109,,,,
random,N/A,rrg,0.19,0.05,0.3,11,0.9666666666666667,0.962545,0.1666666666666676,0.20107025,3.6520314003287937,4.4262238,,,,
random,N/A,rrg,0.2,0.05,0.3,11,0.9766666666666667,0.97080964,0.4166666666666676,0.36202776,3.185389048279204,3.9957418,,,,
random,N/A,rrg,0.21,0.05,0.3,11,0.96,0.9556689,0.0,0.076703824,3.407837027639129,4.473738,,,,
random,N/A,rrg,0.22,0.05,0.3,11,0.9733333333333334,0.96749806,0.3333333333333352,0.28504017,3.0734346777268016,3.896478,,,,
random,N/A,rrg,0.23,0.05,0.3,11,0.9666666666666667,0.96220887,0.1666666666666676,0.16260315,3.763826383642343,3.8242636,,,,
random,N/A,rrg,0.24,0.05,0.3,11,0.9766666666666667,0.96950376,0.4166666666666676,0.37196875,3.52791945566065,3.7865796,,,,
random,N/A,rrg,0.25,0.05,0.3,11,0.97,0.9637415,0.25,0.21617725,2.9927752438813386,3.8444715,,,,
random,N/A,rrg,0.26,0.05,0.3,11,0.9633333333333334,0.9629404,0.08333333333333519,0.17062242,3.127198535857348,3.5639625,,,,
random,N/A,rrg,0.27,0.05,0.3,11,0.9533333333333334,0.96177644,-0.16666666666666483,0.10216491,2.6123582706015442,2.9564717,,,,
random,N/A,rrg,0.28,0.05,0.3,11,0.9766666666666667,0.97627014,0.4166666666666676,0.38553607,3.4043432920496683,2.7938452,,,,
random,N/A,rrg,0.29,0.05,0.3,11,0.9833333333333333,0.9683927,0.5833333333333324,0.33531797,1.8675218548123045,2.7953486,,,,
random,N/A,rrg,0.0,0.05,0.3,12,0.96,0.94999987,0.0,0.0,11.47128525804247,11.267633,,,,
random,N/A,rrg,0.01,0.05,0.3,12,0.96,0.9491099,0.0,0.0,11.204486371382712,11.10707,,,,
random,N/A,rrg,0.02,0.05,0.3,12,0.9633333333333334,0.94963014,0.08333333333333519,0.0620695,10.696374254473728,10.437012,,,,
random,N/A,rrg,0.03,0.05,0.3,12,0.96,0.9549854,0.0,0.0,10.750394124050736,10.3475065,,,,
random,N/A,rrg,0.04,0.05,0.3,12,0.96,0.9501837,0.0,0.0,10.315634421208163,9.919421,,,,
random,N/A,rrg,0.05,0.05,0.3,12,0.96,0.94280285,0.0,0.0,9.37001806789945,9.196688,,,,
random,N/A,rrg,0.06,0.05,0.3,12,0.9666666666666667,0.9453902,0.1666666666666676,0.10879648,8.55174767238506,8.56847,,,,
random,N/A,rrg,0.07,0.05,0.3,12,0.9633333333333334,0.96191174,0.08333333333333519,0.15628776,6.115073168731268,7.343718,,,,
random,N/A,rrg,0.08,0.05,0.3,12,0.9633333333333334,0.95705503,0.08333333333333519,0.07202794,7.619605841085659,7.7981277,,,,
random,N/A,rrg,0.09,0.05,0.3,12,0.96,0.9583982,0.0,0.0,6.320154983919572,7.4448504,,,,
random,N/A,rrg,0.1,0.05,0.3,12,0.9666666666666667,0.95269966,0.1666666666666676,0.12353217,6.776379181821838,7.588312,,,,
random,N/A,rrg,0.11,0.05,0.3,12,0.9666666666666667,0.9632495,0.1666666666666676,0.21562539,4.285442505544114,5.998069,,,,
random,N/A,rrg,0.12,0.05,0.3,12,0.9666666666666667,0.9566698,0.1666666666666676,0.1333416,6.587841806802328,6.5845222,,,,
random,N/A,rrg,0.13,0.05,0.3,12,0.9733333333333334,0.9620524,0.3333333333333352,0.21611106,4.418301693760083,5.860164,,,,
random,N/A,rrg,0.14,0.05,0.3,12,0.9666666666666667,0.95374155,0.1666666666666676,0.0870541,6.317563521400067,6.3557487,,,,
random,N/A,rrg,0.15,0.05,0.3,12,0.9666666666666667,0.96290284,0.1666666666666676,0.18247889,4.040739222551562,5.332365,,,,
random,N/A,rrg,0.16,0.05,0.3,12,0.97,0.9645504,0.25,0.22638491,4.696720906607354,4.9659886,,,,
random,N/A,rrg,0.17,0.05,0.3,12,0.9633333333333334,0.961076,0.08333333333333519,0.0800768,4.135782935699283,5.106735,,,,
random,N/A,rrg,0.18,0.05,0.3,12,0.97,0.9582483,0.25,0.18139885,4.038221979814501,4.666709,,,,
random,N/A,rrg,0.19,0.05,0.3,12,0.9733333333333334,0.9625466,0.3333333333333352,0.23553064,3.451850938341146,4.4981203,,,,
random,N/A,rrg,0.2,0.05,0.3,12,0.9733333333333334,0.96767133,0.3333333333333352,0.25754082,3.2212016138243835,4.1370306,,,,
random,N/A,rrg,0.21,0.05,0.3,12,0.98,0.96812236,0.5,0.32636714,3.8363902608533187,4.1839447,,,,
random,N/A,rrg,0.22,0.05,0.3,12,0.9733333333333334,0.9612071,0.3333333333333352,0.18738623,4.0739465092461975,4.3369966,,,,
random,N/A,rrg,0.23,0.05,0.3,12,0.9633333333333334,0.966192,0.08333333333333519,0.2525637,2.401882636602441,3.2340775,,,,
random,N/A,rrg,0.24,0.05,0.3,12,0.9833333333333333,0.97250897,0.5833333333333324,0.38925666,2.4097176163363243,3.3687744,,,,
random,N/A,rrg,0.25,0.05,0.3,12,0.9766666666666667,0.9616345,0.4166666666666676,0.26722988,3.1678382030183045,3.5428824,,,,
random,N/A,rrg,0.26,0.05,0.3,12,0.98,0.9707208,0.5,0.401236,2.321668680485583,3.2281265,,,,
random,N/A,rrg,0.27,0.05,0.3,12,0.98,0.9674946,0.5,0.2672745,2.633149341463793,3.3355217,,,,
random,N/A,rrg,0.28,0.05,0.3,12,0.9833333333333333,0.97687,0.5833333333333324,0.44871062,2.4146888125900055,2.833415,,,,
random,N/A,rrg,0.29,0.05,0.3,12,0.9766666666666667,0.9793045,0.4166666666666676,0.5356048,2.239030967359659,2.587416,,,,
random,N/A,rrg,0.0,0.05,0.3,13,0.9666666666666667,0.94999987,0.0,0.0,11.328984518754138,11.267633,,,,
random,N/A,rrg,0.01,0.05,0.3,13,0.9666666666666667,0.9515705,0.0,0.0,10.652815055909064,11.066107,,,,
random,N/A,rrg,0.02,0.05,0.3,13,0.9666666666666667,0.95261884,0.0,0.0,9.740175255303317,10.474771,,,,
random,N/A,rrg,0.03,0.05,0.3,13,0.9666666666666667,0.9525994,0.0,0.0,10.105244747002574,10.131968,,,,
random,N/A,rrg,0.04,0.05,0.3,13,0.97,0.957845,0.099999999999999,0.073278755,9.342522357835357,9.452674,,,,
random,N/A,rrg,0.05,0.05,0.3,13,0.9666666666666667,0.9551585,0.0,0.0,9.04406621902475,9.226065,,,,
random,N/A,rrg,0.06,0.05,0.3,13,0.9666666666666667,0.9576132,0.0,0.07983981,7.605200802733965,8.358401,,,,
random,N/A,rrg,0.07,0.05,0.3,13,0.9666666666666667,0.9610993,0.0,0.0,6.938553385595669,8.00498,,,,
random,N/A,rrg,0.08,0.05,0.3,13,0.9666666666666667,0.9553878,0.0,0.0,7.825014682805527,8.260799,,,,
random,N/A,rrg,0.09,0.05,0.3,13,0.97,0.96601397,0.099999999999999,0.08931906,6.1062106324218,7.254239,,,,
random,N/A,rrg,0.1,0.05,0.3,13,0.97,0.9710123,0.099999999999999,0.20020491,5.314611320555756,6.432621,,,,
random,N/A,rrg,0.11,0.05,0.3,13,0.9733333333333334,0.9622476,0.20000000000000134,0.08269078,5.680688468093777,6.32281,,,,
random,N/A,rrg,0.12,0.05,0.3,13,0.9633333333333334,0.966685,-0.099999999999999,0.010350951,6.186142778025201,5.2673383,,,,
random,N/A,rrg,0.13,0.05,0.3,13,0.97,0.9700808,0.099999999999999,0.10684527,5.40293200491163,5.5935473,,,,
random,N/A,rrg,0.14,0.05,0.3,13,0.97,0.96254975,0.099999999999999,0.09230765,6.102841840220985,6.2323484,,,,
random,N/A,rrg,0.15,0.05,0.3,13,0.9733333333333334,0.96709096,0.20000000000000134,0.1684534,4.068177742657298,5.230204,,,,
random,N/A,rrg,0.16,0.05,0.3,13,0.98,0.968354,0.39999999999999936,0.24286152,4.711261596117414,5.488559,,,,
random,N/A,rrg,0.17,0.05,0.3,13,0.9733333333333334,0.97511536,0.20000000000000134,0.21129589,5.060525967132164,4.5224895,,,,
random,N/A,rrg,0.18,0.05,0.3,13,0.98,0.9750999,0.39999999999999936,0.3034171,4.486258488233525,4.0838,,,,
random,N/A,rrg,0.19,0.05,0.3,13,0.9866666666666667,0.9730092,0.6000000000000006,0.32112294,4.5279967861748585,4.3593545,,,,
random,N/A,rrg,0.2,0.05,0.3,13,0.9833333333333333,0.97391254,0.49999999999999833,0.30775228,3.376559434520234,3.8742342,,,,
random,N/A,rrg,0.21,0.05,0.3,13,0.98,0.9726066,0.39999999999999936,0.3256995,4.313679765485199,4.042361,,,,
random,N/A,rrg,0.22,0.05,0.3,13,0.9833333333333333,0.97202,0.49999999999999833,0.28562754,4.499418992731354,4.399656,,,,
random,N/A,rrg,0.23,0.05,0.3,13,0.98,0.9718107,0.39999999999999936,0.25213122,2.930266192655033,3.990239,,,,
random,N/A,rrg,0.24,0.05,0.3,13,0.9766666666666667,0.9756061,0.3000000000000003,0.14787324,4.035313669294847,3.2628417,,,,
random,N/A,rrg,0.25,0.05,0.3,13,0.9833333333333333,0.972252,0.49999999999999833,0.23096721,3.0700553532307735,3.4864151,,,,
random,N/A,rrg,0.26,0.05,0.3,13,0.9833333333333333,0.9733785,0.49999999999999833,0.34157842,3.0803160963824414,3.5659082,,,,
random,N/A,rrg,0.27,0.05,0.3,13,0.9833333333333333,0.977104,0.49999999999999833,0.4329157,2.0096166766499977,3.1895833,,,,
random,N/A,rrg,0.28,0.05,0.3,13,0.9766666666666667,0.9688731,0.3000000000000003,0.16619618,2.5810253140691692,3.321057,,,,
random,N/A,rrg,0.29,0.05,0.3,13,0.9766666666666667,0.9747972,0.3000000000000003,0.25554293,3.132660904998943,2.3853903,,,,
random,N/A,rrg,0.0,0.05,0.3,14,0.9266666666666666,0.94999987,0.0,0.0,11.016492014634265,11.267633,,,,
random,N/A,rrg,0.01,0.05,0.3,14,0.9266666666666666,0.948656,0.0,0.0,10.294487846857141,10.733629,,,,
random,N/A,rrg,0.02,0.05,0.3,14,0.93,0.9410482,0.04545454545454649,0.05351818,9.291848046452582,9.903601,,,,
random,N/A,rrg,0.03,0.05,0.3,14,0.93,0.94298035,0.04545454545454649,0.05523058,9.008425631539385,9.7089815,,,,
random,N/A,rrg,0.04,0.05,0.3,14,0.9266666666666666,0.9438881,0.0,0.0,9.182973615889653,9.8852825,,,,
random,N/A,rrg,0.05,0.05,0.3,14,0.9333333333333333,0.9451119,0.09090909090909145,0.10830449,8.81659518823562,9.061749,,,,
random,N/A,rrg,0.06,0.05,0.3,14,0.9266666666666666,0.9446051,0.0,0.0663744,7.923855206041987,8.437723,,,,
random,N/A,rrg,0.07,0.05,0.3,14,0.9333333333333333,0.93332356,0.09090909090909145,0.07335723,7.418296809743209,7.9839745,,,,
random,N/A,rrg,0.08,0.05,0.3,14,0.9333333333333333,0.94278556,0.09090909090909145,0.061719913,8.67735341103525,8.21314,,,,
random,N/A,rrg,0.09,0.05,0.3,14,0.94,0.93517303,0.1818181818181814,0.11359306,6.209832043416126,7.560288,,,,
random,N/A,rrg,0.1,0.05,0.3,14,0.9433333333333334,0.94675285,0.2272727272727279,0.192413,5.698865657148616,7.1323895,,,,
random,N/A,rrg,0.11,0.05,0.3,14,0.9366666666666666,0.94453776,0.13636363636363644,0.13780217,6.598767217055552,6.9122524,,,,
random,N/A,rrg,0.12,0.05,0.3,14,0.9433333333333334,0.95009077,0.2272727272727279,0.29218507,5.729697856373183,6.847067,,,,
random,N/A,rrg,0.13,0.05,0.3,14,0.9466666666666667,0.9491217,0.2727272727272729,0.23652396,6.597526486147745,6.169081,,,,
random,N/A,rrg,0.14,0.05,0.3,14,0.9466666666666667,0.94281924,0.2727272727272729,0.24669848,5.674839688129903,6.327291,,,,
random,N/A,rrg,0.15,0.05,0.3,14,0.9333333333333333,0.938851,0.09090909090909145,0.13767843,5.118352393286912,5.837899,,,,
random,N/A,rrg,0.16,0.05,0.3,14,0.9333333333333333,0.9435091,0.09090909090909145,0.19871424,5.1989862263063955,5.6940765,,,,
random,N/A,rrg,0.17,0.05,0.3,14,0.9466666666666667,0.9522347,0.2727272727272729,0.3163629,5.4309043873176215,5.794712,,,,
random,N/A,rrg,0.18,0.05,0.3,14,0.95,0.9471912,0.31818181818181784,0.28347003,4.58759874720058,5.0274506,,,,
random,N/A,rrg,0.19,0.05,0.3,14,0.9533333333333334,0.94932646,0.3636363636363643,0.27823398,5.272064320321288,5.043689,,,,
random,N/A,rrg,0.2,0.05,0.3,14,0.9433333333333334,0.9557011,0.2272727272727279,0.23724781,5.685513945778706,5.332042,,,,
random,N/A,rrg,0.21,0.05,0.3,14,0.9366666666666666,0.94483197,0.13636363636363644,0.11120693,5.339982485931063,5.2875466,,,,
random,N/A,rrg,0.22,0.05,0.3,14,0.95,0.95024484,0.31818181818181784,0.31626046,4.266297584206264,4.6565485,,,,
random,N/A,rrg,0.23,0.05,0.3,14,0.9433333333333334,0.9508215,0.2272727272727279,0.23787223,4.382327566085078,4.7177844,,,,
random,N/A,rrg,0.24,0.05,0.3,14,0.9466666666666667,0.9542658,0.2727272727272729,0.2704801,3.778377743230275,4.351513,,,,
random,N/A,rrg,0.25,0.05,0.3,14,0.9633333333333334,0.95921856,0.5000000000000008,0.4701135,4.201125344303366,4.086083,,,,
random,N/A,rrg,0.26,0.05,0.3,14,0.96,0.96254903,0.45454545454545425,0.47427797,3.7625528937840333,3.7672417,,,,
random,N/A,rrg,0.27,0.05,0.3,14,0.9566666666666667,0.96047544,0.4090909090909093,0.441493,3.8757532455375805,3.6705387,,,,
random,N/A,rrg,0.28,0.05,0.3,14,0.9466666666666667,0.9528551,0.2727272727272729,0.34500948,3.022118423235085,3.5402186,,,,
random,N/A,rrg,0.29,0.05,0.3,14,0.9466666666666667,0.95400983,0.2727272727272729,0.2726504,3.711476374822064,3.2382123,,,,
random,N/A,rrg,0.0,0.05,0.3,15,0.9566666666666667,0.94999987,0.0,0.0,11.083034894374663,11.267633,,,,
random,N/A,rrg,0.01,0.05,0.3,15,0.9566666666666667,0.94604737,0.0,0.0,11.023498040188946,10.900453,,,,
random,N/A,rrg,0.02,0.05,0.3,15,0.9566666666666667,0.94853884,0.0,0.0,10.438949061106662,10.398516,,,,
random,N/A,rrg,0.03,0.05,0.3,15,0.9566666666666667,0.9476523,0.0,0.0,10.25440238305778,10.097645,,,,
random,N/A,rrg,0.04,0.05,0.3,15,0.9566666666666667,0.95157105,0.0,0.0,11.202614204613502,9.955845,,,,
random,N/A,rrg,0.05,0.05,0.3,15,0.9566666666666667,0.95548856,0.0,0.0,7.035392050027704,8.562791,,,,
random,N/A,rrg,0.06,0.05,0.3,15,0.9666666666666667,0.954139,0.23076923076923098,0.1790156,8.816912001280862,8.869632,,,,
random,N/A,rrg,0.07,0.05,0.3,15,0.9666666666666667,0.95960814,0.23076923076923098,0.19844459,6.515005301140649,7.956434,,,,
random,N/A,rrg,0.08,0.05,0.3,15,0.9566666666666667,0.94826984,0.0,0.0,8.228194518860882,8.108787,,,,
random,N/A,rrg,0.09,0.05,0.3,15,0.96,0.9598346,0.07692307692307614,0.06482462,5.906000951753302,6.894043,,,,
random,N/A,rrg,0.1,0.05,0.3,15,0.9533333333333334,0.9625817,-0.07692307692307614,0.0051881867,6.993033444180155,6.848528,,,,
random,N/A,rrg,0.11,0.05,0.3,15,0.9633333333333334,0.955363,0.15384615384615483,0.11600733,6.811394592556164,6.9029036,,,,
random,N/A,rrg,0.12,0.05,0.3,15,0.9666666666666667,0.95337087,0.23076923076923098,0.17658742,6.126673367296717,6.760153,,,,
random,N/A,rrg,0.13,0.05,0.3,15,0.9633333333333334,0.958145,0.15384615384615483,0.13739774,5.339707310062732,6.5238166,,,,
random,N/A,rrg,0.14,0.05,0.3,15,0.9666666666666667,0.9566809,0.23076923076923098,0.1599649,5.957135341228625,6.580854,,,,
random,N/A,rrg,0.15,0.05,0.3,15,0.9666666666666667,0.9610724,0.23076923076923098,0.2043834,5.14517087609259,5.815231,,,,
random,N/A,rrg,0.16,0.05,0.3,15,0.9666666666666667,0.9631119,0.23076923076923098,0.12993233,5.169516393404693,5.238605,,,,
random,N/A,rrg,0.17,0.05,0.3,15,0.97,0.9703493,0.3076923076923071,0.35195947,5.237783815581977,5.107399,,,,
random,N/A,rrg,0.18,0.05,0.3,15,0.9733333333333334,0.9589746,0.3846153846153858,0.25003052,4.450578267752868,4.986552,,,,
random,N/A,rrg,0.19,0.05,0.3,15,0.9666666666666667,0.96492636,0.23076923076923098,0.21336235,4.673078792316351,5.05146,,,,
random,N/A,rrg,0.2,0.05,0.3,15,0.9733333333333334,0.97708434,0.3846153846153858,0.4210631,4.85048690166879,3.7429373,,,,
random,N/A,rrg,0.21,0.05,0.3,15,0.9633333333333334,0.96027607,0.15384615384615483,0.10659607,3.8536235762100524,4.6298795,,,,
random,N/A,rrg,0.22,0.05,0.3,15,0.98,0.97379863,0.5384615384615381,0.43331727,3.788235020218843,4.3906646,,,,
random,N/A,rrg,0.23,0.05,0.3,15,0.96,0.9622061,0.07692307692307614,0.15140744,4.337599349529199,4.090456,,,,
random,N/A,rrg,0.24,0.05,0.3,15,0.9666666666666667,0.96022713,0.23076923076923098,0.1790379,4.0017689655754465,4.181162,,,,
random,N/A,rrg,0.25,0.05,0.3,15,0.9666666666666667,0.965105,0.23076923076923098,0.23661762,3.367458417785907,3.5887334,,,,
random,N/A,rrg,0.26,0.05,0.3,15,0.97,0.9678012,0.3076923076923071,0.32637772,3.5404433214039477,3.4120684,,,,
random,N/A,rrg,0.27,0.05,0.3,15,0.9566666666666667,0.9706776,0.0,0.3267341,3.4430546618608946,3.2576811,,,,
random,N/A,rrg,0.28,0.05,0.3,15,0.9733333333333334,0.97854084,0.3846153846153858,0.48037994,3.1961494404742594,3.078744,,,,
random,N/A,rrg,0.29,0.05,0.3,15,0.9733333333333334,0.97369957,0.3846153846153858,0.43214613,2.4058128888132404,3.0123372,,,,
random,N/A,rrg,0.0,0.05,0.3,16,0.95,0.94999987,0.0,0.0,12.167139445054188,11.267633,,,,
random,N/A,rrg,0.01,0.05,0.3,16,0.95,0.94981503,0.0,0.0,11.402277340792004,10.613501,,,,
random,N/A,rrg,0.02,0.05,0.3,16,0.95,0.948462,0.0,0.0,11.130663765421922,10.257221,,,,
random,N/A,rrg,0.03,0.05,0.3,16,0.95,0.9565561,0.0,0.0,9.888749563733484,9.907068,,,,
random,N/A,rrg,0.04,0.05,0.3,16,0.95,0.95115846,0.0,0.0,9.967999404962578,9.718969,,,,
random,N/A,rrg,0.05,0.05,0.3,16,0.95,0.9458134,0.0,0.06582199,9.736297961586049,8.944791,,,,
random,N/A,rrg,0.06,0.05,0.3,16,0.95,0.9605949,0.0,0.0,8.116116481727413,8.179252,,,,
random,N/A,rrg,0.07,0.05,0.3,16,0.9633333333333334,0.96278685,0.26666666666666816,0.22034585,6.905683375983682,7.3492723,,,,
random,N/A,rrg,0.08,0.05,0.3,16,0.95,0.9580533,0.0,0.096115634,8.683554623119695,8.031032,,,,
random,N/A,rrg,0.09,0.05,0.3,16,0.9566666666666667,0.9671303,0.13333333333333408,0.168621,7.10331429627797,7.320537,,,,
random,N/A,rrg,0.1,0.05,0.3,16,0.9533333333333334,0.96107465,0.06666666666666815,0.16814658,6.514013837924773,6.877831,,,,
random,N/A,rrg,0.11,0.05,0.3,16,0.9533333333333334,0.9631303,0.06666666666666815,0.05511478,7.6218699722145615,7.019436,,,,
random,N/A,rrg,0.12,0.05,0.3,16,0.9566666666666667,0.9674475,0.13333333333333408,0.23742528,4.820476071099835,6.0100384,,,,
random,N/A,rrg,0.13,0.05,0.3,16,0.9566666666666667,0.9654092,0.13333333333333408,0.16158687,6.1417160643000255,6.238907,,,,
random,N/A,rrg,0.14,0.05,0.3,16,0.9466666666666667,0.9615438,-0.06666666666666593,0.09594865,6.032523186317661,6.186894,,,,
random,N/A,rrg,0.15,0.05,0.3,16,0.9533333333333334,0.9612787,0.06666666666666815,0.07926186,5.409011651871604,5.9206944,,,,
random,N/A,rrg,0.16,0.05,0.3,16,0.96,0.97081876,0.2,0.255224,6.090462449634783,4.7202463,,,,
random,N/A,rrg,0.17,0.05,0.3,16,0.9733333333333334,0.96964145,0.4666666666666682,0.41309232,4.51866675501641,5.2108774,,,,
random,N/A,rrg,0.18,0.05,0.3,16,0.98,0.9765318,0.6,0.56108147,3.890497403981623,4.255327,,,,
random,N/A,rrg,0.19,0.05,0.3,16,0.96,0.9713857,0.2,0.31856146,6.225122557889537,4.409634,,,,
random,N/A,rrg,0.2,0.05,0.3,16,0.9566666666666667,0.96632975,0.13333333333333408,0.18535466,3.4060147634115827,4.259558,,,,
random,N/A,rrg,0.21,0.05,0.3,16,0.9566666666666667,0.971246,0.13333333333333408,0.18821391,4.747841492637343,3.7641358,,,,
random,N/A,rrg,0.22,0.05,0.3,16,0.9566666666666667,0.97018313,0.13333333333333408,0.27440402,3.8812707519983216,3.7659917,,,,
random,N/A,rrg,0.23,0.05,0.3,16,0.9566666666666667,0.97245705,0.13333333333333408,0.29016292,3.4215106022291546,3.4455237,,,,
random,N/A,rrg,0.24,0.05,0.3,16,0.97,0.97498107,0.4,0.44425586,4.232233496166097,3.7038305,,,,
random,N/A,rrg,0.25,0.05,0.3,16,0.97,0.9739034,0.4,0.44538367,3.969237813349617,3.3213384,,,,
random,N/A,rrg,0.26,0.05,0.3,16,0.9666666666666667,0.9705194,0.3333333333333341,0.33900508,3.0935657078359906,3.257736,,,,
random,N/A,rrg,0.27,0.05,0.3,16,0.98,0.97938377,0.6,0.5926955,3.682889960865181,2.9946446,,,,
random,N/A,rrg,0.28,0.05,0.3,16,0.96,0.966705,0.2,0.1892265,3.5206444565213255,3.2420218,,,,
random,N/A,rrg,0.29,0.05,0.3,16,0.96,0.96385664,0.2,0.18216664,2.418399241099359,2.7608488,,,,
random,N/A,rrg,0.0,0.05,0.3,17,0.92,0.94999987,0.0,0.0,11.907263231980457,11.267633,,,,
random,N/A,rrg,0.01,0.05,0.3,17,0.92,0.9568053,0.0,0.0,12.957668652770174,10.720051,,,,
random,N/A,rrg,0.02,0.05,0.3,17,0.92,0.9435003,0.0,0.0,10.708685346463486,10.078736,,,,
random,N/A,rrg,0.03,0.05,0.3,17,0.9233333333333333,0.94710207,0.04166666666666626,0.05927895,10.086981008761098,9.926572,,,,
random,N/A,rrg,0.04,0.05,0.3,17,0.9233333333333333,0.95068717,0.04166666666666626,0.063315734,11.045410073606313,9.64959,,,,
random,N/A,rrg,0.05,0.05,0.3,17,0.9233333333333333,0.94408995,0.04166666666666626,0.056265023,9.804472039546427,8.885784,,,,
random,N/A,rrg,0.06,0.05,0.3,17,0.9166666666666666,0.9393157,-0.04166666666666765,0.0064204596,8.919609666102401,8.579297,,,,
random,N/A,rrg,0.07,0.05,0.3,17,0.9366666666666666,0.9551373,0.2083333333333327,0.27087322,9.031160201104244,8.030805,,,,
random,N/A,rrg,0.08,0.05,0.3,17,0.9266666666666666,0.9390691,0.08333333333333252,0.098622784,8.826593419681537,7.803296,,,,
random,N/A,rrg,0.09,0.05,0.3,17,0.9266666666666666,0.9472001,0.08333333333333252,0.112107754,8.017041825828498,7.357484,,,,
random,N/A,rrg,0.1,0.05,0.3,17,0.93,0.9448953,0.12500000000000017,0.12981893,9.121336626419911,7.1860385,,,,
random,N/A,rrg,0.11,0.05,0.3,17,0.9333333333333333,0.9458048,0.16666666666666644,0.1974486,9.668638321989768,7.006717,,,,
random,N/A,rrg,0.12,0.05,0.3,17,0.9233333333333333,0.93996716,0.04166666666666626,0.11167715,7.575907626750019,6.9521966,,,,
random,N/A,rrg,0.13,0.05,0.3,17,0.9233333333333333,0.94383615,0.04166666666666626,0.1119002,7.153055851018321,6.51633,,,,
random,N/A,rrg,0.14,0.05,0.3,17,0.93,0.94953054,0.12500000000000017,0.16537261,7.78747114691069,6.6030054,,,,
random,N/A,rrg,0.15,0.05,0.3,17,0.9233333333333333,0.9373222,0.04166666666666626,0.032406803,7.9957390680592955,6.650219,,,,
random,N/A,rrg,0.16,0.05,0.3,17,0.9266666666666666,0.9486145,0.08333333333333252,0.16055891,6.420089353101001,5.738991,,,,
random,N/A,rrg,0.17,0.05,0.3,17,0.9366666666666666,0.9526362,0.2083333333333327,0.230913,7.616175780499067,5.9746256,,,,
random,N/A,rrg,0.18,0.05,0.3,17,0.9433333333333334,0.95244443,0.29166666666666663,0.30160066,6.00033626950186,5.3806167,,,,
random,N/A,rrg,0.19,0.05,0.3,17,0.9333333333333333,0.95109427,0.16666666666666644,0.2349168,6.027200767219908,5.139625,,,,
random,N/A,rrg,0.2,0.05,0.3,17,0.9266666666666666,0.9541753,0.08333333333333252,0.18039392,6.265006650326676,4.946382,,,,
random,N/A,rrg,0.21,0.05,0.3,17,0.9366666666666666,0.95191455,0.2083333333333327,0.25895512,5.79532204405561,4.8644905,,,,
random,N/A,rrg,0.22,0.05,0.3,17,0.94,0.9499705,0.24999999999999895,0.27244014,5.323303866931696,4.3695607,,,,
random,N/A,rrg,0.23,0.05,0.3,17,0.9333333333333333,0.94195455,0.16666666666666644,0.17475857,4.57417499640444,4.394209,,,,
random,N/A,rrg,0.24,0.05,0.3,17,0.9366666666666666,0.95723593,0.2083333333333327,0.20936035,5.4735345869185235,3.9911597,,,,
random,N/A,rrg,0.25,0.05,0.3,17,0.9566666666666667,0.96313286,0.45833333333333304,0.47160643,4.872976076602942,3.651096,,,,
random,N/A,rrg,0.26,0.05,0.3,17,0.95,0.9480359,0.3749999999999991,0.27254045,3.9292332591514962,3.94469,,,,
random,N/A,rrg,0.27,0.05,0.3,17,0.94,0.94987446,0.24999999999999895,0.33042055,3.804717319550153,3.5532928,,,,
random,N/A,rrg,0.28,0.05,0.3,17,0.9633333333333334,0.9559267,0.541666666666667,0.40037206,3.9931978510967503,3.746943,,,,
random,N/A,rrg,0.29,0.05,0.3,17,0.9633333333333334,0.9613361,0.541666666666667,0.53323644,3.3889288192229077,3.3591068,,,,
random,N/A,rrg,0.0,0.05,0.3,18,0.9533333333333334,0.94999987,0.0,0.0,10.686111155259265,11.267633,,,,
random,N/A,rrg,0.01,0.05,0.3,18,0.9533333333333334,0.9529489,0.0,0.0,9.809751757550053,10.714725,,,,
random,N/A,rrg,0.02,0.05,0.3,18,0.9533333333333334,0.94767356,0.0,0.0,8.680026999269618,9.946261,,,,
random,N/A,rrg,0.03,0.05,0.3,18,0.9533333333333334,0.94917387,0.0,0.0,9.17260648528922,9.833377,,,,
random,N/A,rrg,0.04,0.05,0.3,18,0.9533333333333334,0.95486563,0.0,0.0,8.154652585316818,9.537162,,,,
random,N/A,rrg,0.05,0.05,0.3,18,0.9533333333333334,0.94671386,0.0,0.0,8.438734857283428,9.05064,,,,
random,N/A,rrg,0.06,0.05,0.3,18,0.9566666666666667,0.9600777,0.07142857142857074,0.07706119,7.919779067612283,8.641778,,,,
random,N/A,rrg,0.07,0.05,0.3,18,0.9566666666666667,0.9556356,0.07142857142857074,0.02153434,7.258756017928314,8.528611,,,,
random,N/A,rrg,0.08,0.05,0.3,18,0.9533333333333334,0.95881146,0.0,0.0,6.785369818135073,7.3332505,,,,
random,N/A,rrg,0.09,0.05,0.3,18,0.96,0.95803815,0.1428571428571415,0.13709472,6.13216010121006,7.6994123,,,,
random,N/A,rrg,0.1,0.05,0.3,18,0.96,0.9633543,0.1428571428571415,0.11911346,5.848132849816644,6.621654,,,,
random,N/A,rrg,0.11,0.05,0.3,18,0.96,0.95967144,0.1428571428571415,0.13885799,5.130529066660897,6.477212,,,,
random,N/A,rrg,0.12,0.05,0.3,18,0.9533333333333334,0.96154904,0.0,0.046202477,5.5149278235836325,6.4262533,,,,
random,N/A,rrg,0.13,0.05,0.3,18,0.9633333333333334,0.96251035,0.21428571428571463,0.20108728,5.070952081489001,6.031463,,,,
random,N/A,rrg,0.14,0.05,0.3,18,0.9633333333333334,0.9635063,0.21428571428571463,0.2701258,4.741371071299996,5.575815,,,,
random,N/A,rrg,0.15,0.05,0.3,18,0.96,0.96746224,0.1428571428571415,0.19226046,4.595994108008321,5.2982397,,,,
random,N/A,rrg,0.16,0.05,0.3,18,0.96,0.96184695,0.1428571428571415,0.14642027,4.702064916076922,5.708606,,,,
random,N/A,rrg,0.17,0.05,0.3,18,0.9666666666666667,0.96788126,0.28571428571428537,0.29334912,4.984760485797114,5.056531,,,,
random,N/A,rrg,0.18,0.05,0.3,18,0.9666666666666667,0.9672746,0.28571428571428537,0.3057996,3.2433503964374486,4.806536,,,,
random,N/A,rrg,0.19,0.05,0.3,18,0.9566666666666667,0.959948,0.07142857142857074,0.06900694,5.279862024658964,5.0998716,,,,
random,N/A,rrg,0.2,0.05,0.3,18,0.9566666666666667,0.9632853,0.07142857142857074,0.15581807,3.3870797878556806,4.299254,,,,
random,N/A,rrg,0.21,0.05,0.3,18,0.9666666666666667,0.96853864,0.28571428571428537,0.39872986,3.41931538259433,4.108301,,,,
random,N/A,rrg,0.22,0.05,0.3,18,0.9733333333333334,0.96171486,0.42857142857142927,0.28673813,3.811469472489099,4.640511,,,,
random,N/A,rrg,0.23,0.05,0.3,18,0.9733333333333334,0.96609944,0.42857142857142927,0.30794007,3.20712098086795,4.0487833,,,,
random,N/A,rrg,0.24,0.05,0.3,18,0.9666666666666667,0.96190935,0.28571428571428537,0.20990586,3.446218174425403,4.1213717,,,,
random,N/A,rrg,0.25,0.05,0.3,18,0.9666666666666667,0.9672575,0.28571428571428537,0.38277337,3.751962288988082,3.9373555,,,,
random,N/A,rrg,0.26,0.05,0.3,18,0.9733333333333334,0.97687835,0.42857142857142927,0.4599806,3.040231465738387,3.260595,,,,
random,N/A,rrg,0.27,0.05,0.3,18,0.97,0.97072357,0.3571428571428561,0.32294688,2.5316345350912934,3.0214753,,,,
random,N/A,rrg,0.28,0.05,0.3,18,0.98,0.976818,0.5714285714285707,0.50435835,2.007912323462153,3.216226,,,,
random,N/A,rrg,0.29,0.05,0.3,18,0.9766666666666667,0.9715442,0.5,0.43173712,2.043121041996851,2.7787566,,,,
random,N/A,rrg,0.0,0.05,0.3,19,0.9433333333333334,0.94999987,0.0,0.0,10.777831551936918,11.267633,,,,
random,N/A,rrg,0.01,0.05,0.3,19,0.9466666666666667,0.9479306,0.05882352941176413,0.06016542,10.28182627857455,10.514997,,,,
random,N/A,rrg,0.02,0.05,0.3,19,0.9466666666666667,0.95029235,0.05882352941176413,0.062844425,9.353656762565015,10.376084,,,,
random,N/A,rrg,0.03,0.05,0.3,19,0.9433333333333334,0.9496336,0.0,0.0,9.608855053428297,9.936862,,,,
random,N/A,rrg,0.04,0.05,0.3,19,0.9433333333333334,0.9520459,0.0,0.0,9.684421622327372,9.743477,,,,
random,N/A,rrg,0.05,0.05,0.3,19,0.95,0.9475452,0.11764705882352826,0.11276205,8.148179165208928,8.801083,,,,
random,N/A,rrg,0.06,0.05,0.3,19,0.95,0.94900393,0.11764705882352826,0.11561564,7.917985299334688,8.428683,,,,
random,N/A,rrg,0.07,0.05,0.3,19,0.9533333333333334,0.9509907,0.17647058823529435,0.13282837,6.848192719182475,8.033525,,,,
random,N/A,rrg,0.08,0.05,0.3,19,0.9533333333333334,0.9505302,0.17647058823529435,0.17268884,7.36761476072592,7.9201756,,,,
random,N/A,rrg,0.09,0.05,0.3,19,0.95,0.95029783,0.11764705882352826,0.118268564,6.779936419117128,7.6102223,,,,
random,N/A,rrg,0.1,0.05,0.3,19,0.95,0.9492328,0.11764705882352826,0.11607639,7.609621504448648,7.7119727,,,,
random,N/A,rrg,0.11,0.05,0.3,19,0.9533333333333334,0.9595206,0.17647058823529435,0.19810037,6.9028344449504795,6.9278564,,,,
random,N/A,rrg,0.12,0.05,0.3,19,0.95,0.9455599,0.11764705882352826,0.11374513,8.574382478056465,7.1639476,,,,
random,N/A,rrg,0.13,0.05,0.3,19,0.95,0.9542763,0.11764705882352826,0.16939145,4.780151909259565,6.29396,,,,
random,N/A,rrg,0.14,0.05,0.3,19,0.9566666666666667,0.9577773,0.2352941176470585,0.1624003,5.29933859341447,6.497914,,,,
random,N/A,rrg,0.15,0.05,0.3,19,0.9533333333333334,0.95263875,0.17647058823529435,0.12825824,5.278636695211494,6.1375227,,,,
random,N/A,rrg,0.16,0.05,0.3,19,0.95,0.95585376,0.11764705882352826,0.24335736,5.004660579407196,5.165542,,,,
random,N/A,rrg,0.17,0.05,0.3,19,0.9566666666666667,0.9538684,0.2352941176470585,0.17003211,5.459568184305177,5.5631256,,,,
random,N/A,rrg,0.18,0.05,0.3,19,0.96,0.95144683,0.2941176470588226,0.18542522,5.171756086116403,5.3828735,,,,
random,N/A,rrg,0.19,0.05,0.3,19,0.95,0.95636004,0.11764705882352826,0.09376304,6.064887827474486,5.029426,,,,
random,N/A,rrg,0.2,0.05,0.3,19,0.9666666666666667,0.9637254,0.4117647058823528,0.39144647,6.631487357573719,5.2923827,,,,
random,N/A,rrg,0.21,0.05,0.3,19,0.9566666666666667,0.957953,0.2352941176470585,0.19581486,5.2915681761026825,5.0243344,,,,
random,N/A,rrg,0.22,0.05,0.3,19,0.96,0.9626106,0.2941176470588226,0.27887422,4.8049921491843754,4.840658,,,,
random,N/A,rrg,0.23,0.05,0.3,19,0.96,0.9697408,0.2941176470588226,0.39244798,5.635515545899272,4.3692527,,,,
random,N/A,rrg,0.24,0.05,0.3,19,0.9666666666666667,0.9688751,0.4117647058823528,0.3908983,3.612596073942855,4.0503583,,,,
random,N/A,rrg,0.25,0.05,0.3,19,0.9666666666666667,0.9544527,0.4117647058823528,0.21201919,3.9806456934329586,3.9098458,,,,
random,N/A,rrg,0.26,0.05,0.3,19,0.9766666666666667,0.9623802,0.5882352941176472,0.45085543,3.206788660032226,3.648176,,,,
random,N/A,rrg,0.27,0.05,0.3,19,0.9666666666666667,0.95756143,0.4117647058823528,0.20509253,3.0451122885451527,3.77711,,,,
random,N/A,rrg,0.28,0.05,0.3,19,0.9666666666666667,0.9583425,0.4117647058823528,0.3263533,2.913049147446676,3.3766305,,,,
random,N/A,rrg,0.29,0.05,0.3,19,0.9666666666666667,0.9713875,0.4117647058823528,0.47139016,2.9597749603312673,3.4089653,,,,
