method,graph,rho,delta,lambda,sim,O,MO,O_tilde,MO_tilde,SE,MSE,rank,precision,recall,f1
bp_it_entropy,rrg,0.2,0.3,0.3,0,0.715,0.78521574,0.06557377049180332,-3.7252584,28.652824537928225,21.33861,223.3879781420765,0.5666666666666667,0.2786885245901639,0.3736263736263736
bp_it_entropy,rrg,0.3,0.3,0.3,0,0.755,0.8128873,0.19672131147540997,-3.116483,15.864279769224105,12.775032,189.50273224043715,0.6607142857142857,0.40437158469945356,0.5016949152542374
bp_it_entropy,rrg,0.4,0.3,0.3,0,0.7733333333333333,0.83818567,0.25683060109289624,-2.5599186,9.552204062485828,7.87323,169.59016393442624,0.6850393700787402,0.47540983606557374,0.5612903225806452
bp_it_entropy,rrg,0.2,0.3,0.3,1,0.745,0.7878874,0.07831325301204801,-3.6664817,23.90457954229639,17.989796,217.6867469879518,0.5714285714285714,0.3132530120481928,0.4046692607003891
bp_it_entropy,rrg,0.3,0.3,0.3,1,0.775,0.8147052,0.18674698795180716,-3.0764897,11.537453829714098,10.2890415,188.13855421686748,0.6422018348623854,0.42168674698795183,0.5090909090909091
bp_it_entropy,rrg,0.4,0.3,0.3,1,0.7983333333333333,0.8464257,0.27108433734939746,-2.3786376,9.014116926146455,7.218529,154.6144578313253,0.6744186046511628,0.5240963855421686,0.5898305084745763
bp_it_entropy,rrg,0.2,0.3,0.3,2,0.7333333333333333,0.7863365,0.10112359550561771,-3.7006018,26.852856042261674,18.468727,224.57865168539325,0.5882352941176471,0.33707865168539325,0.42857142857142855
bp_it_entropy,rrg,0.3,0.3,0.3,2,0.76,0.8130024,0.19101123595505612,-3.113951,14.422741144904107,11.1767235,194.56741573033707,0.6440677966101694,0.42696629213483145,0.5135135135135135
bp_it_entropy,rrg,0.4,0.3,0.3,2,0.7833333333333333,0.83983666,0.2696629213483145,-2.523597,10.086649307535042,7.75306,170.95505617977528,0.6764705882352942,0.5168539325842697,0.5859872611464968
