O,MO,O_tilde,MO_tilde,SE,MSE,rank,precision,recall,f1,method,sim,delta,lam,rho
0.6766666666666666,0.701052,-0.29333333333333345,-0.42382386,17.60818007465748,20.346767,141.5204081632653,1.0,0.01020408163265306,0.020202020202020204,gnn,0,0.3,0.3,0.0033333333333333335
0.6733333333333333,0.7008025,-0.30666666666666664,-0.4250122,17.877504546485735,20.50113,141.10204081632654,0.0,0.0,0.0,random,0,0.3,0.3,0.0033333333333333335
0.68,0.7020511,-0.2799999999999998,-0.41906542,17.56688981883676,20.28663,142.81632653061226,1.0,0.02040816326530612,0.039999999999999994,gnn,0,0.3,0.3,0.006666666666666667
0.6733333333333333,0.701489,-0.30666666666666664,-0.42174274,17.856921736782834,20.430658,146.68367346938774,0.0,0.0,0.0,random,0,0.3,0.3,0.006666666666666667
0.68,0.7030509,-0.2799999999999998,-0.41430354,17.552764125589135,20.235445,140.30612244897958,1.0,0.02040816326530612,0.039999999999999994,gnn,0,0.3,0.3,0.01
0.6733333333333333,0.70105195,-0.30666666666666664,-0.42382416,17.65198000152446,20.365156,145.42857142857142,0.0,0.0,0.0,random,0,0.3,0.3,0.01
0.6833333333333333,0.70405,-0.2666666666666666,-0.4095451,17.53110711161277,20.187338,137.5,1.0,0.030612244897959183,0.05940594059405941,gnn,0,0.3,0.3,0.013333333333333334
0.6733333333333333,0.7020523,-0.30666666666666664,-0.41905972,17.397234857661406,20.219133,136.4795918367347,0.5,0.01020408163265306,0.019999999999999997,random,0,0.3,0.3,0.013333333333333334
0.6833333333333333,0.70575505,-0.2666666666666666,-0.4014243,17.52263841431671,20.158709,138.20408163265307,1.0,0.030612244897959183,0.05940594059405941,gnn,0,0.3,0.3,0.016666666666666666
0.6733333333333333,0.7027744,-0.30666666666666664,-0.41562048,17.312432483939663,20.128164,132.3673469387755,0.5,0.01020408163265306,0.019999999999999997,random,0,0.3,0.3,0.016666666666666666
0.6866666666666666,0.7064495,-0.2533333333333334,-0.39811677,17.417847337547983,19.972107,137.85714285714286,1.0,0.04081632653061224,0.07843137254901959,gnn,0,0.3,0.3,0.02
0.67,0.7035992,-0.31999999999999984,-0.4116921,17.418202062268325,19.987488,135.0408163265306,0.3333333333333333,0.01020408163265306,0.0198019801980198,random,0,0.3,0.3,0.02
0.69,0.70844764,-0.2400000000000002,-0.38860014,17.22944067756857,19.702593,136.83673469387756,1.0,0.05102040816326531,0.09708737864077671,gnn,0,0.3,0.3,0.023333333333333334
0.6733333333333333,0.70587015,-0.30666666666666664,-0.40087613,17.519271204543966,19.93234,135.5204081632653,0.5,0.02040816326530612,0.039215686274509796,random,0,0.3,0.3,0.023333333333333334
0.6866666666666666,0.70937014,-0.2533333333333334,-0.38420647,17.244788017379662,19.674911,138.4795918367347,0.8333333333333334,0.05102040816326531,0.09615384615384616,gnn,0,0.3,0.3,0.02666666666666667
0.6733333333333333,0.7060367,-0.30666666666666664,-0.40008295,17.396555193351013,19.874546,130.53061224489795,0.5,0.02040816326530612,0.039215686274509796,random,0,0.3,0.3,0.02666666666666667
0.6866666666666666,0.70972824,-0.2533333333333334,-0.3825009,17.208703154289896,19.600718,136.78571428571428,0.8333333333333334,0.05102040816326531,0.09615384615384616,gnn,0,0.3,0.3,0.03
0.6766666666666666,0.70703626,-0.29333333333333345,-0.3953222,17.361351724708328,19.826933,137.40816326530611,0.6,0.030612244897959183,0.058252427184466014,random,0,0.3,0.3,0.03
0.6833333333333333,0.71175134,-0.2666666666666666,-0.3728653,17.106103285717317,19.310776,140.5,0.7142857142857143,0.05102040816326531,0.09523809523809523,gnn,0,0.3,0.3,0.03333333333333333
0.68,0.7080357,-0.2799999999999998,-0.39056206,17.319070711640617,19.771112,138.8265306122449,0.6666666666666666,0.04081632653061224,0.07692307692307691,random,0,0.3,0.3,0.03333333333333333
0.6833333333333333,0.7125149,-0.2666666666666666,-0.36922875,17.13418519743968,19.227304,138.1530612244898,0.7142857142857143,0.05102040816326531,0.09523809523809523,gnn,0,0.3,0.3,0.03666666666666667
0.6833333333333333,0.7090352,-0.2666666666666666,-0.3858016,17.250786816378582,19.692133,140.0,0.7142857142857143,0.05102040816326531,0.09523809523809523,random,0,0.3,0.3,0.03666666666666667
0.6866666666666666,0.7129317,-0.2533333333333334,-0.36724356,16.88127207238993,18.931162,137.51020408163265,0.75,0.061224489795918366,0.11320754716981131,gnn,0,0.3,0.3,0.04
0.68,0.7110348,-0.2799999999999998,-0.37627816,17.228216518817145,19.393494,138.55102040816325,0.625,0.05102040816326531,0.09433962264150944,random,0,0.3,0.3,0.04
0.6866666666666666,0.71337056,-0.2533333333333334,-0.3651533,16.775462513089646,18.869246,139.5612244897959,0.75,0.061224489795918366,0.11320754716981131,gnn,0,0.3,0.3,0.043333333333333335
0.6833333333333333,0.71256787,-0.2666666666666666,-0.36897638,17.023502051463474,19.389603,139.69387755102042,0.7142857142857143,0.05102040816326531,0.09523809523809523,random,0,0.3,0.3,0.043333333333333335
0.6866666666666666,0.71528107,-0.2533333333333334,-0.35605398,16.661479841197263,18.676495,140.6326530612245,0.75,0.061224489795918366,0.11320754716981131,gnn,0,0.3,0.3,0.04666666666666667
0.6833333333333333,0.71329,-0.2666666666666666,-0.3655371,16.941409344539817,19.290619,138.30612244897958,0.7142857142857143,0.05102040816326531,0.09523809523809523,random,0,0.3,0.3,0.04666666666666667
0.6866666666666666,0.7159833,-0.2533333333333334,-0.35270953,16.587318237616422,18.594519,138.55102040816325,0.75,0.061224489795918366,0.11320754716981131,gnn,0,0.3,0.3,0.05
0.6866666666666666,0.7142895,-0.2533333333333334,-0.36077666,16.899126739822677,19.234798,140.60204081632654,0.75,0.061224489795918366,0.11320754716981131,random,0,0.3,0.3,0.05
0.6866666666666666,0.7169832,-0.2533333333333334,-0.34794712,16.564703595603667,18.529427,139.3673469387755,0.75,0.061224489795918366,0.11320754716981131,gnn,0,0.3,0.3,0.05333333333333334
0.69,0.715289,-0.2400000000000002,-0.35601622,16.856845079182,19.178978,132.60204081632654,0.7777777777777778,0.07142857142857142,0.1308411214953271,random,0,0.3,0.3,0.05333333333333334
0.6866666666666666,0.7176502,-0.2533333333333334,-0.34477046,16.544739808859966,18.542292,133.73469387755102,0.75,0.061224489795918366,0.11320754716981131,gnn,0,0.3,0.3,0.056666666666666664
0.6933333333333334,0.71628857,-0.22666666666666657,-0.35125548,16.681665010350077,18.957249,130.92857142857142,0.8,0.08163265306122448,0.1481481481481481,random,0,0.3,0.3,0.056666666666666664
0.69,0.7186496,-0.2400000000000002,-0.3400103,16.433832329839944,18.438562,129.6326530612245,0.7777777777777778,0.07142857142857142,0.1308411214953271,gnn,0,0.3,0.3,0.06
0.6966666666666667,0.7172881,-0.21333333333333337,-0.34649503,16.589300630078906,18.851011,130.44897959183675,0.8181818181818182,0.09183673469387756,0.1651376146788991,random,0,0.3,0.3,0.06
0.69,0.71958226,-0.2400000000000002,-0.33556834,16.301827231898667,18.379961,122.63265306122449,0.7777777777777778,0.07142857142857142,0.1308411214953271,gnn,0,0.3,0.3,0.06333333333333334
0.7,0.72029877,-0.20000000000000018,-0.3321558,16.19649554910541,18.485249,130.4387755102041,0.8333333333333334,0.10204081632653061,0.18181818181818182,random,0,0.3,0.3,0.06333333333333334
0.6933333333333334,0.72058135,-0.22666666666666657,-0.3308099,16.186952534628556,18.238935,120.06122448979592,0.8,0.08163265306122448,0.1481481481481481,gnn,0,0.3,0.3,0.06666666666666667
0.7033333333333334,0.72129834,-0.18666666666666654,-0.32739505,16.056833919794474,18.37548,129.70408163265307,0.8461538461538461,0.11224489795918367,0.1981981981981982,random,0,0.3,0.3,0.06666666666666667
0.6933333333333334,0.72166216,-0.22666666666666657,-0.32566223,16.104552371411625,18.157734,126.8265306122449,0.8,0.08163265306122448,0.1481481481481481,gnn,0,0.3,0.3,0.07
0.7033333333333334,0.72202045,-0.18666666666666654,-0.3239558,15.991119005953697,18.274326,130.14285714285714,0.8461538461538461,0.11224489795918367,0.1981981981981982,random,0,0.3,0.3,0.07
0.6933333333333334,0.72457427,-0.22666666666666657,-0.31179252,16.264480274956448,18.078846,136.51020408163265,0.8,0.08163265306122448,0.1481481481481481,gnn,0,0.3,0.3,0.07333333333333333
0.6966666666666667,0.72236633,-0.21333333333333337,-0.32230842,15.751808125834826,18.129932,131.0408163265306,0.7333333333333333,0.11224489795918367,0.19469026548672566,random,0,0.3,0.3,0.07333333333333333
0.6966666666666667,0.72512716,-0.21333333333333337,-0.3091592,15.667601671967562,17.7632,129.87755102040816,0.8181818181818182,0.09183673469387756,0.1651376146788991,gnn,0,0.3,0.3,0.07666666666666666
0.7,0.7233659,-0.20000000000000018,-0.31754768,15.722991972526865,18.091465,132.0612244897959,0.75,0.12244897959183673,0.21052631578947364,random,0,0.3,0.3,0.07666666666666666
0.6966666666666667,0.7258769,-0.21333333333333337,-0.30558822,15.683561950676825,17.67736,130.71428571428572,0.8181818181818182,0.09183673469387756,0.1651376146788991,gnn,0,0.3,0.3,0.08
0.7033333333333334,0.7243654,-0.18666666666666654,-0.31278723,15.433276977173328,17.87007,132.76530612244898,0.7647058823529411,0.1326530612244898,0.22608695652173913,random,0,0.3,0.3,0.08
0.7,0.7263372,-0.20000000000000018,-0.30339608,15.611069441532551,17.633217,125.64285714285714,0.8333333333333334,0.10204081632653061,0.18181818181818182,gnn,0,0.3,0.3,0.08333333333333333
0.7066666666666667,0.7253649,-0.17333333333333334,-0.3080268,15.379567460016903,17.789604,128.71428571428572,0.7777777777777778,0.14285714285714285,0.24137931034482757,random,0,0.3,0.3,0.08333333333333333
0.7,0.727337,-0.20000000000000018,-0.2986342,15.593292717575839,17.5736,122.10204081632654,0.8333333333333334,0.10204081632653061,0.18181818181818182,gnn,0,0.3,0.3,0.08666666666666667
0.7033333333333334,0.727364,-0.18666666666666654,-0.2985056,15.337258560463589,17.424726,129.75510204081633,0.7368421052631579,0.14285714285714285,0.2393162393162393,random,0,0.3,0.3,0.08666666666666667
0.7033333333333334,0.7283361,-0.18666666666666654,-0.29387575,15.2182838317467,17.292543,118.46938775510205,0.8461538461538461,0.11224489795918367,0.1981981981981982,gnn,0,0.3,0.3,0.09
0.7033333333333334,0.728947,-0.18666666666666654,-0.2909662,15.225608683227005,17.369207,126.84693877551021,0.7368421052631579,0.14285714285714285,0.2393162393162393,random,0,0.3,0.3,0.09
0.7033333333333334,0.7290581,-0.18666666666666654,-0.29043707,15.102567043146042,17.186087,121.27551020408163,0.8461538461538461,0.11224489795918367,0.1981981981981982,gnn,0,0.3,0.3,0.09333333333333334
0.7033333333333334,0.72856176,-0.18666666666666654,-0.29280096,15.05881920736933,17.283337,122.8061224489796,0.7142857142857143,0.15306122448979592,0.25210084033613445,random,0,0.3,0.3,0.09333333333333334
0.7033333333333334,0.72978014,-0.18666666666666654,-0.2869981,15.059304067829244,17.08482,120.38775510204081,0.8461538461538461,0.11224489795918367,0.1981981981981982,gnn,0,0.3,0.3,0.09666666666666666
0.7033333333333334,0.72864896,-0.18666666666666654,-0.29238564,14.92096264628754,17.229864,124.25510204081633,0.7142857142857143,0.15306122448979592,0.25210084033613445,random,0,0.3,0.3,0.09666666666666666
0.7033333333333334,0.7305022,-0.18666666666666654,-0.2835591,15.015415898260592,16.989754,121.70408163265306,0.8461538461538461,0.11224489795918367,0.1981981981981982,gnn,0,0.3,0.3,0.1
0.7066666666666667,0.729071,-0.17333333333333334,-0.29037547,14.67606124035517,16.96268,119.81632653061224,0.7272727272727273,0.16326530612244897,0.26666666666666666,random,0,0.3,0.3,0.1
0.7033333333333334,0.73122424,-0.18666666666666654,-0.28012016,14.97247969293203,16.906286,122.3061224489796,0.8461538461538461,0.11224489795918367,0.1981981981981982,gnn,0,0.3,0.3,0.10333333333333333
0.71,0.7300705,-0.16000000000000014,-0.2856153,14.63377921082998,16.90686,119.8265306122449,0.7391304347826086,0.17346938775510204,0.2809917355371901,random,0,0.3,0.3,0.10333333333333333
0.7033333333333334,0.73194623,-0.18666666666666654,-0.27668145,14.904245647945846,16.822653,123.71428571428571,0.8461538461538461,0.11224489795918367,0.1981981981981982,gnn,0,0.3,0.3,0.10666666666666667
0.71,0.73189837,-0.16000000000000014,-0.2769094,14.805275427618914,16.825716,120.87755102040816,0.7391304347826086,0.17346938775510204,0.2809917355371901,random,0,0.3,0.3,0.10666666666666667
0.7066666666666667,0.7329454,-0.17333333333333334,-0.2719227,14.766525681693002,16.611177,117.11224489795919,0.8571428571428571,0.12244897959183673,0.21428571428571427,gnn,0,0.3,0.3,0.11
0.71,0.73230255,-0.16000000000000014,-0.27498442,14.728787412435741,16.807135,123.39795918367346,0.7391304347826086,0.17346938775510204,0.2809917355371901,random,0,0.3,0.3,0.11
0.7066666666666667,0.7336674,-0.17333333333333334,-0.26848403,14.682667861336373,16.509947,121.84693877551021,0.8571428571428571,0.12244897959183673,0.21428571428571427,gnn,0,0.3,0.3,0.11333333333333333
0.71,0.7331615,-0.16000000000000014,-0.27089337,14.681270764698917,16.71072,123.03061224489795,0.7391304347826086,0.17346938775510204,0.2809917355371901,random,0,0.3,0.3,0.11333333333333333
0.7066666666666667,0.7343894,-0.17333333333333334,-0.26504508,14.621487343134158,16.416407,115.46938775510205,0.8571428571428571,0.12244897959183673,0.21428571428571427,gnn,0,0.3,0.3,0.11666666666666667
0.7133333333333334,0.734161,-0.1466666666666665,-0.26613292,14.621668591052181,16.644293,119.75510204081633,0.75,0.1836734693877551,0.2950819672131148,random,0,0.3,0.3,0.11666666666666667
0.7066666666666667,0.7351115,-0.17333333333333334,-0.2616061,14.578506240933894,16.341501,123.43877551020408,0.8571428571428571,0.12244897959183673,0.21428571428571427,gnn,0,0.3,0.3,0.12
0.7133333333333334,0.7348818,-0.1466666666666665,-0.2626999,14.5348960616645,16.573006,121.15306122448979,0.75,0.1836734693877551,0.2950819672131148,random,0,0.3,0.3,0.12
0.7066666666666667,0.7358335,-0.17333333333333334,-0.25816712,14.487722870105227,16.263746,121.3061224489796,0.8571428571428571,0.12244897959183673,0.21428571428571427,gnn,0,0.3,0.3,0.12333333333333334
0.7166666666666667,0.7371431,-0.1333333333333333,-0.2519299,14.243872003898735,16.292582,118.09183673469387,0.76,0.19387755102040816,0.30894308943089427,random,0,0.3,0.3,0.12333333333333334
0.7066666666666667,0.7365556,-0.17333333333333334,-0.25472817,14.39452541444009,16.163137,120.46938775510205,0.8571428571428571,0.12244897959183673,0.21428571428571427,gnn,0,0.3,0.3,0.12666666666666668
0.72,0.7387839,-0.1200000000000001,-0.24411516,14.12407086694302,16.11685,119.53061224489795,0.7692307692307693,0.20408163265306123,0.3225806451612903,random,0,0.3,0.3,0.12666666666666668
0.7066666666666667,0.7372776,-0.17333333333333334,-0.2512892,14.33369565467215,16.073128,120.03061224489795,0.8571428571428571,0.12244897959183673,0.21428571428571427,gnn,0,0.3,0.3,0.13
0.7166666666666667,0.73878217,-0.1333333333333333,-0.24412338,13.964035811878636,15.967129,122.24489795918367,0.7407407407407407,0.20408163265306123,0.32,random,0,0.3,0.3,0.13
0.71,0.7382767,-0.16000000000000014,-0.24653073,13.818479928814938,15.60955,116.23469387755102,0.8666666666666667,0.1326530612244898,0.23008849557522126,gnn,0,0.3,0.3,0.13333333333333333
0.7166666666666667,0.739314,-0.1333333333333333,-0.24159029,13.881530955845987,15.790778,122.63265306122449,0.7407407407407407,0.20408163265306123,0.32,random,0,0.3,0.3,0.13333333333333333
0.7133333333333334,0.7392758,-0.1466666666666665,-0.24177226,13.495410743342676,15.2970495,115.5204081632653,0.875,0.14285714285714285,0.2456140350877193,gnn,0,0.3,0.3,0.13666666666666666
0.72,0.74031353,-0.1200000000000001,-0.23682985,13.82372252763286,15.684856,122.29591836734694,0.75,0.21428571428571427,0.3333333333333333,random,0,0.3,0.3,0.13666666666666666
0.7133333333333334,0.73999786,-0.1466666666666665,-0.2383333,13.412456972632988,15.214837,120.86734693877551,0.875,0.14285714285714285,0.2456140350877193,gnn,0,0.3,0.3,0.14
0.72,0.74103564,-0.1200000000000001,-0.2333906,13.738073244888252,15.594082,118.62244897959184,0.75,0.21428571428571427,0.3333333333333333,random,0,0.3,0.3,0.14
0.7133333333333334,0.7407199,-0.1466666666666665,-0.23489432,13.325428330820165,15.1218605,127.8265306122449,0.875,0.14285714285714285,0.2456140350877193,gnn,0,0.3,0.3,0.14333333333333334
0.72,0.74294615,-0.1200000000000001,-0.22429127,13.629868934470863,15.432318,120.5,0.75,0.21428571428571427,0.3333333333333333,random,0,0.3,0.3,0.14333333333333334
0.7133333333333334,0.7414419,-0.1466666666666665,-0.23145564,13.317078220507959,15.05696,124.11224489795919,0.875,0.14285714285714285,0.2456140350877193,gnn,0,0.3,0.3,0.14666666666666667
0.7233333333333334,0.7439457,-0.10666666666666647,-0.21953052,13.593021176317517,15.384768,119.61224489795919,0.7586206896551724,0.22448979591836735,0.3464566929133858,random,0,0.3,0.3,0.14666666666666667
0.7133333333333334,0.742164,-0.1466666666666665,-0.22801639,13.249462648278401,14.96348,121.26530612244898,0.875,0.14285714285714285,0.2456140350877193,gnn,0,0.3,0.3,0.15
0.7233333333333334,0.7446678,-0.10666666666666647,-0.21609128,13.499703292303547,15.283666,117.70408163265306,0.7586206896551724,0.22448979591836735,0.3464566929133858,random,0,0.3,0.3,0.15
0.7133333333333334,0.74288607,-0.1466666666666665,-0.22457741,13.215817036608371,14.878747,122.04081632653062,0.875,0.14285714285714285,0.2456140350877193,gnn,0,0.3,0.3,0.15333333333333332
0.7266666666666667,0.7456674,-0.09333333333333327,-0.21133055,13.448299748921912,15.225211,115.34693877551021,0.7666666666666667,0.23469387755102042,0.359375,random,0,0.3,0.3,0.15333333333333332
0.7166666666666667,0.7438851,-0.1333333333333333,-0.21981923,12.965905459415723,14.682015,116.66326530612245,0.8823529411764706,0.15306122448979592,0.2608695652173913,gnn,0,0.3,0.3,0.15666666666666668
0.73,0.74673754,-0.08000000000000007,-0.2062337,13.104898607897878,14.921789,115.04081632653062,0.7741935483870968,0.24489795918367346,0.3720930232558139,random,0,0.3,0.3,0.15666666666666668
0.7166666666666667,0.74460715,-0.1333333333333333,-0.21638027,12.913539747629278,14.604886,118.05102040816327,0.8823529411764706,0.15306122448979592,0.2608695652173913,gnn,0,0.3,0.3,0.16
0.73,0.74666697,-0.08000000000000007,-0.2065698,13.089790596021736,14.90729,119.38775510204081,0.7741935483870968,0.24489795918367346,0.3720930232558139,random,0,0.3,0.3,0.16
0.72,0.7456062,-0.1200000000000001,-0.21162209,12.617179428033369,14.384828,118.0,0.8888888888888888,0.16326530612244897,0.27586206896551724,gnn,0,0.3,0.3,0.16333333333333333
0.7233333333333334,0.74699026,-0.10666666666666647,-0.20503002,13.087774456722578,14.672702,117.26530612244898,0.7272727272727273,0.24489795918367346,0.36641221374045796,random,0,0.3,0.3,0.16333333333333333
0.72,0.74632823,-0.1200000000000001,-0.20818312,12.522335545329987,14.2940445,114.40816326530613,0.8888888888888888,0.16326530612244897,0.27586206896551724,gnn,0,0.3,0.3,0.16666666666666666
0.7233333333333334,0.747144,-0.10666666666666647,-0.20429789,13.019685263270592,14.644951,118.64285714285714,0.7272727272727273,0.24489795918367346,0.36641221374045796,random,0,0.3,0.3,0.16666666666666666
0.72,0.74705034,-0.1200000000000001,-0.20474388,12.440518053327256,14.195928,113.23469387755102,0.8888888888888888,0.16326530612244897,0.27586206896551724,gnn,0,0.3,0.3,0.17
0.7233333333333334,0.74884915,-0.10666666666666647,-0.19617654,13.111337253957881,14.606029,115.73469387755102,0.7272727272727273,0.24489795918367346,0.36641221374045796,random,0,0.3,0.3,0.17
0.7233333333333334,0.74804944,-0.10666666666666647,-0.19998541,12.134784830390846,13.949948,115.96938775510205,0.8947368421052632,0.17346938775510204,0.2905982905982906,gnn,0,0.3,0.3,0.17333333333333334
0.72,0.7508489,-0.1200000000000001,-0.18665223,12.695244270932758,14.225529,116.85714285714286,0.7058823529411765,0.24489795918367346,0.36363636363636365,random,0,0.3,0.3,0.17333333333333334
0.7233333333333334,0.7487715,-0.10666666666666647,-0.19654644,12.066409858936037,13.894528,117.77551020408163,0.8947368421052632,0.17346938775510204,0.2905982905982906,gnn,0,0.3,0.3,0.17666666666666667
0.7233333333333334,0.7529195,-0.10666666666666647,-0.17679039,12.447916528208735,14.001435,115.03061224489795,0.7142857142857143,0.25510204081632654,0.37593984962406013,random,0,0.3,0.3,0.17666666666666667
0.7233333333333334,0.74949354,-0.10666666666666647,-0.19310747,11.96360750785165,13.804401,115.55102040816327,0.8947368421052632,0.17346938775510204,0.2905982905982906,gnn,0,0.3,0.3,0.18
0.7233333333333334,0.753784,-0.10666666666666647,-0.17267294,12.424012330656387,13.957889,112.13265306122449,0.7142857142857143,0.25510204081632654,0.37593984962406013,random,0,0.3,0.3,0.18
0.7233333333333334,0.75021553,-0.10666666666666647,-0.18966879,11.921059190278296,13.717368,123.34693877551021,0.8947368421052632,0.17346938775510204,0.2905982905982906,gnn,0,0.3,0.3,0.18333333333333332
0.7266666666666667,0.7547835,-0.09333333333333327,-0.1679125,12.365106549876106,13.8738365,110.21428571428571,0.7222222222222222,0.2653061224489796,0.3880597014925374,random,0,0.3,0.3,0.18333333333333332
0.7266666666666667,0.7512146,-0.09333333333333327,-0.18491033,11.703215483259779,13.6043215,119.08163265306122,0.9,0.1836734693877551,0.30508474576271183,gnn,0,0.3,0.3,0.18666666666666668
0.73,0.7567526,-0.08000000000000007,-0.15853411,12.274551051091946,13.677433,117.5204081632653,0.7428571428571429,0.2653061224489796,0.3909774436090226,random,0,0.3,0.3,0.18666666666666668
0.7266666666666667,0.7519367,-0.09333333333333327,-0.18147135,11.729930479565086,13.509074,120.20408163265306,0.9,0.1836734693877551,0.30508474576271183,gnn,0,0.3,0.3,0.19
0.7333333333333333,0.7577524,-0.06666666666666687,-0.15377223,12.266010633983036,13.667466,116.18367346938776,0.75,0.2755102040816326,0.40298507462686567,random,0,0.3,0.3,0.19
0.7266666666666667,0.75265867,-0.09333333333333327,-0.17803267,11.661508851179006,13.453039,121.21428571428571,0.9,0.1836734693877551,0.30508474576271183,gnn,0,0.3,0.3,0.19333333333333333
0.7333333333333333,0.75847465,-0.06666666666666687,-0.15033242,12.178971178806755,13.595918,114.26530612244898,0.75,0.2755102040816326,0.40298507462686567,random,0,0.3,0.3,0.19333333333333333
0.73,0.75365776,-0.08000000000000007,-0.1732742,11.42917750023876,13.292572,119.64285714285714,0.9047619047619048,0.19387755102040816,0.319327731092437,gnn,0,0.3,0.3,0.19666666666666666
0.7333333333333333,0.7591898,-0.06666666666666687,-0.14692637,12.127788746508857,13.529815,109.91836734693878,0.75,0.2755102040816326,0.40298507462686567,random,0,0.3,0.3,0.19666666666666666
0.73,0.7543798,-0.08000000000000007,-0.16983524,11.375296957655458,13.228395,116.86734693877551,0.9047619047619048,0.19387755102040816,0.319327731092437,gnn,0,0.3,0.3,0.2
0.73,0.75965416,-0.08000000000000007,-0.14471464,11.911724265209818,13.422431,111.55102040816327,0.7297297297297297,0.2755102040816326,0.3999999999999999,random,0,0.3,0.3,0.2
0.73,0.7551018,-0.08000000000000007,-0.16639656,11.28662356306888,13.136828,116.88775510204081,0.9047619047619048,0.19387755102040816,0.319327731092437,gnn,0,0.3,0.3,0.20333333333333334
0.73,0.7597193,-0.08000000000000007,-0.14440435,11.791046212968043,13.320137,114.0,0.7297297297297297,0.2755102040816326,0.3999999999999999,random,0,0.3,0.3,0.20333333333333334
0.73,0.75582385,-0.08000000000000007,-0.16295758,11.168037818313191,13.044675,112.34693877551021,0.9047619047619048,0.19387755102040816,0.319327731092437,gnn,0,0.3,0.3,0.20666666666666667
0.73,0.7608948,-0.08000000000000007,-0.13880588,11.813357487306556,13.301142,111.1734693877551,0.7297297297297297,0.2755102040816326,0.3999999999999999,random,0,0.3,0.3,0.20666666666666667
0.73,0.75654596,-0.08000000000000007,-0.15951833,11.113929515793721,12.977534,115.72448979591837,0.9047619047619048,0.19387755102040816,0.319327731092437,gnn,0,0.3,0.3,0.21
0.7266666666666667,0.76001894,-0.09333333333333327,-0.14297727,11.749738690065305,13.285996,115.16326530612245,0.7,0.2857142857142857,0.40579710144927533,random,0,0.3,0.3,0.21
0.73,0.7580488,-0.08000000000000007,-0.15236077,11.218082652097646,12.911734,112.61224489795919,0.9047619047619048,0.19387755102040816,0.319327731092437,gnn,0,0.3,0.3,0.21333333333333335
0.73,0.76101875,-0.08000000000000007,-0.1382154,11.645216170815441,13.194337,113.81632653061224,0.7073170731707317,0.29591836734693877,0.4172661870503597,random,0,0.3,0.3,0.21333333333333335
0.73,0.7584293,-0.08000000000000007,-0.15054844,11.045857452204512,12.872195,113.3265306122449,0.9047619047619048,0.19387755102040816,0.319327731092437,gnn,0,0.3,0.3,0.21666666666666667
0.73,0.7615802,-0.08000000000000007,-0.13554122,11.543060631329615,13.12729,113.85714285714286,0.6976744186046512,0.30612244897959184,0.425531914893617,random,0,0.3,0.3,0.21666666666666667
0.73,0.75915134,-0.08000000000000007,-0.14710948,10.963718536841434,12.762559,115.63265306122449,0.9047619047619048,0.19387755102040816,0.319327731092437,gnn,0,0.3,0.3,0.22
0.73,0.7623024,-0.08000000000000007,-0.13210167,11.458254078300618,13.069999,112.28571428571429,0.6976744186046512,0.30612244897959184,0.425531914893617,random,0,0.3,0.3,0.22
0.7333333333333333,0.76015043,-0.06666666666666687,-0.14235102,10.563279638480514,12.43145,113.89795918367346,0.9090909090909091,0.20408163265306123,0.33333333333333337,gnn,0,0.3,0.3,0.22333333333333333
0.73,0.76260155,-0.08000000000000007,-0.13067687,11.392744998515562,13.01609,112.86734693877551,0.6976744186046512,0.30612244897959184,0.425531914893617,random,0,0.3,0.3,0.22333333333333333
0.7366666666666667,0.76114947,-0.05333333333333323,-0.13759284,10.183941258717951,12.139523,112.13265306122449,0.9130434782608695,0.21428571428571427,0.3471074380165289,gnn,0,0.3,0.3,0.22666666666666666
0.73,0.7638926,-0.08000000000000007,-0.12452794,11.383914346278324,12.98465,109.86734693877551,0.6976744186046512,0.30612244897959184,0.425531914893617,random,0,0.3,0.3,0.22666666666666666
0.74,0.7621486,-0.040000000000000036,-0.13283409,9.874587260959833,11.850176,113.57142857142857,0.9166666666666666,0.22448979591836735,0.36065573770491804,gnn,0,0.3,0.3,0.23
0.7333333333333333,0.76522684,-0.06666666666666687,-0.1181732,11.44096378454715,12.91444,108.45918367346938,0.7142857142857143,0.30612244897959184,0.42857142857142855,random,0,0.3,0.3,0.23
0.74,0.7628706,-0.040000000000000036,-0.12939541,9.776043667562808,11.764679,109.35714285714286,0.9166666666666666,0.22448979591836735,0.36065573770491804,gnn,0,0.3,0.3,0.23333333333333334
0.7366666666666667,0.7662267,-0.05333333333333323,-0.11341105,11.433987547252215,12.909019,107.29591836734694,0.7209302325581395,0.3163265306122449,0.4397163120567376,random,0,0.3,0.3,0.23333333333333334
0.7433333333333333,0.76387185,-0.02666666666666684,-0.124626726,9.433433608386828,11.489784,107.41836734693878,0.92,0.23469387755102042,0.37398373983739835,gnn,0,0.3,0.3,0.23666666666666666
0.7366666666666667,0.76723766,-0.05333333333333323,-0.10859609,11.392792772041885,12.84053,106.45918367346938,0.7209302325581395,0.3163265306122449,0.4397163120567376,random,0,0.3,0.3,0.23666666666666666
0.7433333333333333,0.764594,-0.02666666666666684,-0.12118719,9.352363388803646,11.429135,109.62244897959184,0.92,0.23469387755102042,0.37398373983739835,gnn,0,0.3,0.3,0.24
0.7333333333333333,0.7692366,-0.06666666666666687,-0.099075474,11.124643317988502,12.57723,108.18367346938776,0.7045454545454546,0.3163265306122449,0.43661971830985913,random,0,0.3,0.3,0.24
0.7466666666666667,0.7655936,-0.013333333333333197,-0.11642646,9.114405323460732,11.238109,104.73469387755102,0.9230769230769231,0.24489795918367346,0.3870967741935484,gnn,0,0.3,0.3,0.24333333333333335
0.7366666666666667,0.77039987,-0.05333333333333323,-0.0935352,11.019530721118608,12.432331,104.8061224489796,0.7111111111111111,0.32653061224489793,0.4475524475524475,random,0,0.3,0.3,0.24333333333333335
0.7466666666666667,0.7663157,-0.013333333333333197,-0.112987205,9.055623257641303,11.168834,106.35714285714286,0.9230769230769231,0.24489795918367346,0.3870967741935484,gnn,0,0.3,0.3,0.24666666666666667
0.74,0.7713997,-0.040000000000000036,-0.08877333,10.907225345805909,12.319228,101.46938775510205,0.717391304347826,0.336734693877551,0.4583333333333333,random,0,0.3,0.3,0.24666666666666667
0.7466666666666667,0.76703787,-0.013333333333333197,-0.10954767,9.007620886837806,11.089055,104.27551020408163,0.9230769230769231,0.24489795918367346,0.3870967741935484,gnn,0,0.3,0.3,0.25
0.7433333333333333,0.7723995,-0.02666666666666684,-0.08401146,10.883122970236315,12.289123,101.41836734693878,0.723404255319149,0.3469387755102041,0.46896551724137925,random,0,0.3,0.3,0.25
0.75,0.76803744,0.0,-0.10478693,8.663515430764617,10.851937,101.56122448979592,0.9259259259259259,0.25510204081632654,0.4,gnn,0,0.3,0.3,0.25333333333333335
0.7433333333333333,0.7730198,-0.02666666666666684,-0.08105708,10.891486991722497,12.271742,101.08163265306122,0.723404255319149,0.3469387755102041,0.46896551724137925,random,0,0.3,0.3,0.25333333333333335
0.75,0.7687595,0.0,-0.10134797,8.59799100084759,10.769497,102.33673469387755,0.9259259259259259,0.25510204081632654,0.4,gnn,0,0.3,0.3,0.25666666666666665
0.7466666666666667,0.7750188,-0.013333333333333197,-0.07153618,10.564265467219233,12.01065,101.27551020408163,0.7291666666666666,0.35714285714285715,0.47945205479452063,random,0,0.3,0.3,0.25666666666666665
0.75,0.76948166,0.0,-0.09790843,8.556167306154663,10.710018,105.77551020408163,0.9259259259259259,0.25510204081632654,0.4,gnn,0,0.3,0.3,0.26
0.7466666666666667,0.77582765,-0.013333333333333197,-0.06768388,10.526151349134283,11.993106,100.28571428571429,0.7291666666666666,0.35714285714285715,0.47945205479452063,random,0,0.3,0.3,0.26
0.7533333333333333,0.7704812,0.013333333333333197,-0.093147695,8.288512664592155,10.534698,103.44897959183673,0.9285714285714286,0.2653061224489796,0.4126984126984127,gnn,0,0.3,0.3,0.2633333333333333
0.7466666666666667,0.7767443,-0.013333333333333197,-0.06331803,10.521044903743876,11.97864,101.01020408163265,0.7291666666666666,0.35714285714285715,0.47945205479452063,random,0,0.3,0.3,0.2633333333333333
0.7533333333333333,0.7712033,0.013333333333333197,-0.08970872,8.235878439492408,10.481904,100.59183673469387,0.9285714285714286,0.2653061224489796,0.4126984126984127,gnn,0,0.3,0.3,0.26666666666666666
0.75,0.77774405,0.0,-0.058556445,10.27574245567144,11.802548,99.55102040816327,0.7346938775510204,0.3673469387755102,0.48979591836734687,random,0,0.3,0.3,0.26666666666666666
0.7533333333333333,0.77192557,0.013333333333333197,-0.08626862,8.148753194286071,10.409926,98.04081632653062,0.9285714285714286,0.2653061224489796,0.4126984126984127,gnn,0,0.3,0.3,0.27
0.75,0.7784662,0.0,-0.055116907,10.242703056777184,11.727276,99.01020408163265,0.7346938775510204,0.3673469387755102,0.48979591836734687,random,0,0.3,0.3,0.27
0.7566666666666667,0.77292514,0.02666666666666684,-0.08150789,7.898529198417148,10.179346,94.6938775510204,0.9310344827586207,0.2755102040816326,0.4251968503937008,gnn,0,0.3,0.3,0.2733333333333333
0.7466666666666667,0.7799581,-0.013333333333333197,-0.048011295,10.518310853685337,11.482974,97.23469387755102,0.72,0.3673469387755102,0.4864864864864865,random,0,0.3,0.3,0.2733333333333333
0.76,0.7739246,0.040000000000000036,-0.07674772,7.544636899332043,9.971771,94.63265306122449,0.9333333333333333,0.2857142857142857,0.43749999999999994,gnn,0,0.3,0.3,0.27666666666666667
0.7466666666666667,0.7809748,-0.013333333333333197,-0.043169085,10.457163096369118,11.427175,97.1938775510204,0.72,0.3673469387755102,0.4864864864864865,random,0,0.3,0.3,0.27666666666666667
0.7633333333333333,0.7749241,0.05333333333333323,-0.07198728,7.333345405017781,9.7921095,95.03061224489795,0.9354838709677419,0.29591836734693877,0.4496124031007752,gnn,0,0.3,0.3,0.28
0.75,0.7819746,0.0,-0.038407218,10.446426072783687,11.412094,97.08163265306122,0.7254901960784313,0.37755102040816324,0.49664429530201337,random,0,0.3,0.3,0.28
0.7666666666666667,0.77592367,0.06666666666666687,-0.067226544,7.138677555683883,9.673997,93.10204081632654,0.9375,0.30612244897959184,0.46153846153846156,gnn,0,0.3,0.3,0.2833333333333333
0.75,0.78232825,0.0,-0.036722936,10.337543968287028,11.374875,99.87755102040816,0.7254901960784313,0.37755102040816324,0.49664429530201337,random,0,0.3,0.3,0.2833333333333333
0.7666666666666667,0.77664584,0.06666666666666687,-0.063787006,7.083921004967888,9.613681,91.84693877551021,0.9375,0.30612244897959184,0.46153846153846156,gnn,0,0.3,0.3,0.2866666666666667
0.75,0.781946,0.0,-0.03854348,10.056632456008796,11.263944,98.34693877551021,0.7169811320754716,0.3877551020408163,0.5033112582781456,random,0,0.3,0.3,0.2866666666666667
0.7666666666666667,0.77736795,0.06666666666666687,-0.06034775,7.033938992656658,9.54293,93.4795918367347,0.9375,0.30612244897959184,0.46153846153846156,gnn,0,0.3,0.3,0.29
0.7533333333333333,0.78342104,0.013333333333333197,-0.03151821,9.782365822416791,10.898571,100.5,0.7307692307692307,0.3877551020408163,0.5066666666666667,random,0,0.3,0.3,0.29
0.7666666666666667,0.7780901,0.06666666666666687,-0.056908216,6.937806840600152,9.472012,90.61224489795919,0.9375,0.30612244897959184,0.46153846153846156,gnn,0,0.3,0.3,0.29333333333333333
0.7566666666666667,0.7844208,0.02666666666666684,-0.026756624,9.738977857850239,10.856395,99.25510204081633,0.7358490566037735,0.3979591836734694,0.5165562913907285,random,0,0.3,0.3,0.29333333333333333
0.7666666666666667,0.7788122,0.06666666666666687,-0.05346896,6.862978612328615,9.393667,92.9795918367347,0.9375,0.30612244897959184,0.46153846153846156,gnn,0,0.3,0.3,0.2966666666666667
0.75,0.7884943,0.0,-0.0073554316,9.68667371069992,10.634607,96.85714285714286,0.7169811320754716,0.3877551020408163,0.5033112582781456,random,0,0.3,0.3,0.2966666666666667
0.7666666666666667,0.7795344,0.06666666666666687,-0.050029423,6.7923068578886365,9.334314,92.40816326530613,0.9375,0.30612244897959184,0.46153846153846156,gnn,0,0.3,0.3,0.3
0.75,0.79003865,0.0,0.0,9.566118965823732,10.5693865,95.35714285714286,0.7090909090909091,0.3979591836734694,0.5098039215686275,random,0,0.3,0.3,0.3
0.7666666666666667,0.78025657,0.06666666666666687,-0.04658989,6.709802715344373,9.263592,90.54081632653062,0.9375,0.30612244897959184,0.46153846153846156,gnn,0,0.3,0.3,0.30333333333333334
0.75,0.791039,0.0,0.0047644232,9.556443339440145,10.546812,95.8061224489796,0.7090909090909091,0.3979591836734694,0.5098039215686275,random,0,0.3,0.3,0.30333333333333334
0.7666666666666667,0.7809786,0.06666666666666687,-0.043150917,6.67202546018367,9.214569,95.07142857142857,0.9375,0.30612244897959184,0.46153846153846156,gnn,0,0.3,0.3,0.30666666666666664
0.7533333333333333,0.79203874,0.013333333333333197,0.009526008,9.521566853735493,10.506895,95.28571428571429,0.7142857142857143,0.40816326530612246,0.5194805194805194,random,0,0.3,0.3,0.30666666666666664
0.77,0.78197813,0.08000000000000007,-0.03839047,6.627267592491872,9.15286,96.18367346938776,0.9393939393939394,0.3163265306122449,0.4732824427480916,gnn,0,0.3,0.3,0.31
0.75,0.79230165,0.0,0.010778219,9.36413101112537,10.470143,90.86734693877551,0.7017543859649122,0.40816326530612246,0.5161290322580645,random,0,0.3,0.3,0.31
0.77,0.7829781,0.08000000000000007,-0.03362775,6.629896268536662,9.123506,98.55102040816327,0.9393939393939394,0.3163265306122449,0.4732824427480916,gnn,0,0.3,0.3,0.31333333333333335
0.75,0.7924762,0.0,0.011609431,9.281676384167419,10.448999,91.66326530612245,0.7017543859649122,0.40816326530612246,0.5161290322580645,random,0,0.3,0.3,0.31333333333333335
0.7733333333333333,0.78397757,0.09333333333333327,-0.028867584,6.429241869675007,8.968134,97.43877551020408,0.9411764705882353,0.32653061224489793,0.48484848484848486,gnn,0,0.3,0.3,0.31666666666666665
0.75,0.7928141,0.0,0.013218769,9.16218513862392,10.409417,90.98979591836735,0.7017543859649122,0.40816326530612246,0.5161290322580645,random,0,0.3,0.3,0.31666666666666665
0.7733333333333333,0.78469974,0.09333333333333327,-0.025428047,6.350886836399721,8.918192,94.13265306122449,0.9411764705882353,0.32653061224489793,0.48484848484848486,gnn,0,0.3,0.3,0.32
0.75,0.7935362,0.0,0.016658023,9.047916924793318,10.3104515,91.24489795918367,0.7017543859649122,0.40816326530612246,0.5161290322580645,random,0,0.3,0.3,0.32
0.7766666666666666,0.7846848,0.10666666666666647,-0.025499303,6.274199342280382,8.857199,91.06122448979592,0.9428571428571428,0.336734693877551,0.4962406015037593,gnn,0,0.3,0.3,0.3233333333333333
0.7533333333333333,0.79453593,0.013333333333333197,0.021419607,8.826245895782755,10.170334,90.94897959183673,0.7068965517241379,0.41836734693877553,0.5256410256410257,random,0,0.3,0.3,0.3233333333333333
0.7766666666666666,0.785685,0.10666666666666647,-0.020735446,6.2716531789028656,8.825732,92.77551020408163,0.9428571428571428,0.336734693877551,0.4962406015037593,gnn,0,0.3,0.3,0.32666666666666666
0.7533333333333333,0.7953845,0.013333333333333197,0.025461262,8.829981231755143,10.095861,90.98979591836735,0.7068965517241379,0.41836734693877553,0.5256410256410257,random,0,0.3,0.3,0.32666666666666666
0.78,0.7866846,0.1200000000000001,-0.015974713,6.264524174996513,8.819416,92.18367346938776,0.9444444444444444,0.3469387755102041,0.5074626865671642,gnn,0,0.3,0.3,0.33
0.7566666666666667,0.7963844,0.02666666666666684,0.030223414,8.81076536691298,10.077789,89.68367346938776,0.711864406779661,0.42857142857142855,0.535031847133758,random,0,0.3,0.3,0.33
0.78,0.78839517,0.1200000000000001,-0.007827531,6.249314729983337,8.792421,88.86734693877551,0.9444444444444444,0.3469387755102041,0.5074626865671642,gnn,0,0.3,0.3,0.3333333333333333
0.76,0.7985132,0.040000000000000036,0.04036233,8.575268660337196,9.800083,89.42857142857143,0.7166666666666667,0.4387755102040816,0.5443037974683543,random,0,0.3,0.3,0.3333333333333333
0.78,0.78939503,0.1200000000000001,-0.0030653782,6.248369545886101,8.782959,88.94897959183673,0.9444444444444444,0.3469387755102041,0.5074626865671642,gnn,0,0.3,0.3,0.33666666666666667
0.7633333333333333,0.799825,0.05333333333333323,0.046610326,8.619846078794229,9.744799,88.53061224489795,0.7288135593220338,0.4387755102040816,0.5477707006369427,random,0,0.3,0.3,0.33666666666666667
0.78,0.7903954,0.1200000000000001,0.0016990451,6.2430494614547465,8.758444,87.04081632653062,0.9444444444444444,0.3469387755102041,0.5074626865671642,gnn,0,0.3,0.3,0.34
0.7633333333333333,0.8012476,0.05333333333333323,0.053385783,8.641150933567404,9.707577,88.84693877551021,0.7288135593220338,0.4387755102040816,0.5477707006369427,random,0,0.3,0.3,0.34
0.7833333333333333,0.7913949,0.1333333333333333,0.0064594937,6.1649168962843595,8.673192,87.53061224489795,0.9459459459459459,0.35714285714285715,0.5185185185185185,gnn,0,0.3,0.3,0.3433333333333333
0.7633333333333333,0.8007908,0.05333333333333323,0.051210098,8.496704041652551,9.658351,89.71428571428571,0.7288135593220338,0.4387755102040816,0.5477707006369427,random,0,0.3,0.3,0.3433333333333333
0.7833333333333333,0.7925615,0.1333333333333333,0.01201567,6.151206052908202,8.607927,88.79591836734694,0.9459459459459459,0.35714285714285715,0.5185185185185185,gnn,0,0.3,0.3,0.3466666666666667
0.7633333333333333,0.8004028,0.05333333333333323,0.049362298,8.486747620864836,9.611425,89.73469387755102,0.7288135593220338,0.4387755102040816,0.5477707006369427,random,0,0.3,0.3,0.3466666666666667
0.78,0.7934372,0.1200000000000001,0.01618649,6.043375114380166,8.4980345,89.92857142857143,0.9210526315789473,0.35714285714285715,0.5147058823529412,gnn,0,0.3,0.3,0.35
0.7566666666666667,0.8016965,0.02666666666666684,0.055523712,8.322744884702816,9.467525,89.73469387755102,0.7049180327868853,0.4387755102040816,0.5408805031446541,random,0,0.3,0.3,0.35
0.78,0.79443747,0.1200000000000001,0.02095063,6.042395212757395,8.469021,86.89795918367346,0.9210526315789473,0.35714285714285715,0.5147058823529412,gnn,0,0.3,0.3,0.35333333333333333
0.7566666666666667,0.80194265,0.02666666666666684,0.056696154,8.21754791676534,9.4216,91.77551020408163,0.7049180327868853,0.4387755102040816,0.5408805031446541,random,0,0.3,0.3,0.35333333333333333
0.78,0.79543734,0.1200000000000001,0.025712783,6.029259339727458,8.425251,91.05102040816327,0.9210526315789473,0.35714285714285715,0.5147058823529412,gnn,0,0.3,0.3,0.3566666666666667
0.7566666666666667,0.8037716,0.02666666666666684,0.06540713,8.249920154983188,9.38506,89.0204081632653,0.7049180327868853,0.4387755102040816,0.5408805031446541,random,0,0.3,0.3,0.3566666666666667
0.78,0.79643756,0.1200000000000001,0.030476639,6.0231868796496,8.398891,89.08163265306122,0.9210526315789473,0.35714285714285715,0.5147058823529412,gnn,0,0.3,0.3,0.36
0.76,0.8050173,0.040000000000000036,0.07134002,8.002891720021791,9.221406,88.51020408163265,0.7096774193548387,0.4489795918367347,0.5499999999999999,random,0,0.3,0.3,0.36
0.78,0.79727674,0.1200000000000001,0.034473438,5.977692217726122,8.347666,89.68367346938776,0.9210526315789473,0.35714285714285715,0.5147058823529412,gnn,0,0.3,0.3,0.36333333333333334
0.7633333333333333,0.80601704,0.05333333333333323,0.0761016,7.8791655724625755,9.131191,87.3265306122449,0.7142857142857143,0.45918367346938777,0.5590062111801243,random,0,0.3,0.3,0.36333333333333334
0.78,0.7982771,0.1200000000000001,0.039237864,5.964103340051564,8.314305,88.84693877551021,0.9210526315789473,0.35714285714285715,0.5147058823529412,gnn,0,0.3,0.3,0.36666666666666664
0.7633333333333333,0.8063812,0.05333333333333323,0.07783613,7.841809508397616,9.1298065,87.13265306122449,0.7142857142857143,0.45918367346938777,0.5590062111801243,random,0,0.3,0.3,0.36666666666666664
0.78,0.79927695,0.1200000000000001,0.044000015,5.987471461140727,8.292596,90.59183673469387,0.9210526315789473,0.35714285714285715,0.5147058823529412,gnn,0,0.3,0.3,0.37
0.7666666666666667,0.807381,0.06666666666666687,0.08259772,7.790520495027357,9.076711,87.38775510204081,0.71875,0.46938775510204084,0.5679012345679012,random,0,0.3,0.3,0.37
0.7833333333333333,0.8002765,0.1333333333333333,0.048760746,5.956858314320636,8.254271,88.37755102040816,0.9230769230769231,0.3673469387755102,0.5255474452554746,gnn,0,0.3,0.3,0.37333333333333335
0.77,0.8073326,0.08000000000000007,0.082367204,7.586003538394272,9.024606,85.73469387755102,0.7230769230769231,0.47959183673469385,0.5766871165644172,random,0,0.3,0.3,0.37333333333333335
0.7833333333333333,0.8012764,0.1333333333333333,0.0535229,5.943203909422086,8.220783,90.07142857142857,0.9230769230769231,0.3673469387755102,0.5255474452554746,gnn,0,0.3,0.3,0.37666666666666665
0.77,0.80814373,0.08000000000000007,0.08623058,7.585847293386658,9.0192995,85.60204081632654,0.7230769230769231,0.47959183673469385,0.5766871165644172,random,0,0.3,0.3,0.37666666666666665
0.7866666666666666,0.80227596,0.1466666666666665,0.05828363,5.906871921477587,8.177684,89.96938775510205,0.925,0.37755102040816324,0.536231884057971,gnn,0,0.3,0.3,0.38
0.7666666666666667,0.8101411,0.06666666666666687,0.09574353,7.866840948046607,8.753604,86.38775510204081,0.7121212121212122,0.47959183673469385,0.573170731707317,random,0,0.3,0.3,0.38
0.79,0.80327547,0.16000000000000014,0.06304408,5.888293481979999,8.135115,86.8061224489796,0.926829268292683,0.3877551020408163,0.5467625899280575,gnn,0,0.3,0.3,0.38333333333333336
0.7666666666666667,0.8116804,0.06666666666666687,0.103074834,7.869059915232306,8.725861,85.29591836734694,0.7121212121212122,0.47959183673469385,0.573170731707317,random,0,0.3,0.3,0.38333333333333336
0.79,0.8042611,0.16000000000000014,0.067738384,5.845513675663506,8.129676,86.22448979591837,0.926829268292683,0.3877551020408163,0.5467625899280575,gnn,0,0.3,0.3,0.38666666666666666
0.77,0.8142161,0.08000000000000007,0.11515182,7.995750549536273,8.633096,87.07142857142857,0.7164179104477612,0.4897959183673469,0.5818181818181818,random,0,0.3,0.3,0.38666666666666666
0.79,0.8052616,0.16000000000000014,0.07250366,5.835480073954089,8.099365,84.18367346938776,0.926829268292683,0.3877551020408163,0.5467625899280575,gnn,0,0.3,0.3,0.39
0.7733333333333333,0.8152159,0.09333333333333327,0.11991369,7.80231520603289,8.540189,86.87755102040816,0.7205882352941176,0.5,0.5903614457831324,random,0,0.3,0.3,0.39
0.79,0.8062614,0.16000000000000014,0.07726553,5.822883223802413,8.062788,84.68367346938776,0.926829268292683,0.3877551020408163,0.5467625899280575,gnn,0,0.3,0.3,0.3933333333333333
0.7733333333333333,0.8162158,0.09333333333333327,0.12467612,7.802300746657496,8.536707,85.94897959183673,0.7205882352941176,0.5,0.5903614457831324,random,0,0.3,0.3,0.3933333333333333
0.79,0.8077606,0.16000000000000014,0.08440577,5.799121113002258,8.045316,83.5204081632653,0.926829268292683,0.3877551020408163,0.5467625899280575,gnn,0,0.3,0.3,0.39666666666666667
0.7766666666666666,0.8161172,0.10666666666666647,0.12420658,7.680036272322562,8.485076,85.6734693877551,0.7246376811594203,0.5102040816326531,0.5988023952095808,random,0,0.3,0.3,0.39666666666666667
0.7933333333333333,0.8087597,0.17333333333333334,0.089164235,5.795317246580462,8.041828,83.23469387755102,0.9285714285714286,0.3979591836734694,0.5571428571428573,gnn,0,0.3,0.3,0.4
0.78,0.81714004,0.1200000000000001,0.12907803,7.711548113176189,8.449797,85.56122448979592,0.7352941176470589,0.5102040816326531,0.6024096385542169,random,0,0.3,0.3,0.4
0.7966666666666666,0.81040543,0.18666666666666654,0.09700256,5.8073003404031,8.044217,81.8061224489796,0.9512195121951219,0.3979591836734694,0.5611510791366906,gnn,0,0.3,0.3,0.4033333333333333
0.7766666666666666,0.8182943,0.10666666666666647,0.13457544,7.710866876578781,8.417574,85.8061224489796,0.7313432835820896,0.5,0.5939393939393939,random,0,0.3,0.3,0.4033333333333333
0.7966666666666666,0.81140536,0.18666666666666654,0.10176499,5.807284808181446,8.0407095,80.92857142857143,0.9512195121951219,0.3979591836734694,0.5611510791366906,gnn,0,0.3,0.3,0.4066666666666667
0.78,0.8212206,0.1200000000000001,0.14851272,7.717347166463875,8.355918,84.75510204081633,0.7424242424242424,0.5,0.5975609756097561,random,0,0.3,0.3,0.4066666666666667
0.7966666666666666,0.81240517,0.18666666666666654,0.10652686,5.807269277027718,8.037209,81.27551020408163,0.9512195121951219,0.3979591836734694,0.5611510791366906,gnn,0,0.3,0.3,0.41
0.7833333333333333,0.82222044,0.1333333333333333,0.15327486,7.562979726427467,8.203602,84.58163265306122,0.746268656716418,0.5102040816326531,0.6060606060606061,random,0,0.3,0.3,0.41
0.7966666666666666,0.813405,0.18666666666666654,0.11128873,5.8066405132409,8.028917,80.37755102040816,0.9512195121951219,0.3979591836734694,0.5611510791366906,gnn,0,0.3,0.3,0.41333333333333333
0.7833333333333333,0.82337457,0.1333333333333333,0.15877171,7.5656125177161035,8.1282,83.14285714285714,0.746268656716418,0.5102040816326531,0.6060606060606061,random,0,0.3,0.3,0.41333333333333333
0.7966666666666666,0.81440187,0.18666666666666654,0.11603668,5.673367999438327,8.044681,81.0204081632653,0.9512195121951219,0.3979591836734694,0.5611510791366906,gnn,0,0.3,0.3,0.4166666666666667
0.7866666666666666,0.8220023,0.1466666666666665,0.15223585,7.522123959307966,8.150208,82.66326530612245,0.7575757575757576,0.5102040816326531,0.6097560975609756,random,0,0.3,0.3,0.4166666666666667
0.8,0.816122,0.20000000000000018,0.12422929,5.530539562192413,7.888181,78.61224489795919,0.9523809523809523,0.40816326530612246,0.5714285714285714,gnn,0,0.3,0.3,0.42
0.7866666666666666,0.8222913,0.1466666666666665,0.1536124,7.516353156695306,8.144508,82.68367346938776,0.7575757575757576,0.5102040816326531,0.6097560975609756,random,0,0.3,0.3,0.42
0.8033333333333333,0.8171211,0.21333333333333337,0.12898776,5.522455726381913,7.8816485,77.98979591836735,0.9534883720930233,0.41836734693877553,0.5815602836879432,gnn,0,0.3,0.3,0.42333333333333334
0.79,0.8236111,0.16000000000000014,0.15989816,7.516679234961722,8.101753,82.05102040816327,0.7692307692307693,0.5102040816326531,0.6134969325153374,random,0,0.3,0.3,0.42333333333333334
0.8033333333333333,0.81842333,0.21333333333333337,0.13519005,5.499219007756946,7.816083,80.1938775510204,0.9534883720930233,0.41836734693877553,0.5815602836879432,gnn,0,0.3,0.3,0.4266666666666667
0.79,0.824143,0.16000000000000014,0.16243154,7.529213639591627,7.9670286,82.6734693877551,0.7692307692307693,0.5102040816326531,0.6134969325153374,random,0,0.3,0.3,0.4266666666666667
0.8033333333333333,0.81969935,0.21333333333333337,0.14126743,5.494984131299311,7.792303,78.15306122448979,0.9534883720930233,0.41836734693877553,0.5815602836879432,gnn,0,0.3,0.3,0.43
0.79,0.8248652,0.16000000000000014,0.16587137,7.483749326649101,7.9009976,82.42857142857143,0.7692307692307693,0.5102040816326531,0.6134969325153374,random,0,0.3,0.3,0.43
0.8033333333333333,0.8206991,0.21333333333333337,0.14602903,5.4734604879476265,7.7241545,78.90816326530613,0.9534883720930233,0.41836734693877553,0.5815602836879432,gnn,0,0.3,0.3,0.43333333333333335
0.79,0.8259643,0.16000000000000014,0.1711059,7.470937454233681,7.8748064,82.98979591836735,0.7692307692307693,0.5102040816326531,0.6134969325153374,random,0,0.3,0.3,0.43333333333333335
0.8033333333333333,0.8209572,0.21333333333333337,0.14725824,5.446234321720882,7.6179767,80.91836734693878,0.9534883720930233,0.41836734693877553,0.5815602836879432,gnn,0,0.3,0.3,0.43666666666666665
0.7933333333333333,0.826964,0.17333333333333334,0.17586748,7.465327817899939,7.868801,81.12244897959184,0.7727272727272727,0.5204081632653061,0.6219512195121951,random,0,0.3,0.3,0.43666666666666665
0.8066666666666666,0.8216707,0.22666666666666657,0.15065661,5.368942398735031,7.565995,79.6734693877551,0.9545454545454546,0.42857142857142855,0.5915492957746478,gnn,0,0.3,0.3,0.44
0.7933333333333333,0.82794833,0.17333333333333334,0.18055554,7.3423322413833265,7.8730564,80.86734693877551,0.7727272727272727,0.5204081632653061,0.6219512195121951,random,0,0.3,0.3,0.44
0.8066666666666666,0.8226705,0.22666666666666657,0.15541847,5.349223110499932,7.537129,79.40816326530613,0.9545454545454546,0.42857142857142855,0.5915492957746478,gnn,0,0.3,0.3,0.44333333333333336
0.7933333333333333,0.82867056,0.17333333333333334,0.18399537,7.245140950478286,7.8071,80.94897959183673,0.7727272727272727,0.5204081632653061,0.6219512195121951,random,0,0.3,0.3,0.44333333333333336
0.81,0.8229436,0.2400000000000002,0.15671924,5.33121339236282,7.513065,78.58163265306122,0.9555555555555556,0.4387755102040816,0.6013986013986014,gnn,0,0.3,0.3,0.44666666666666666
0.7933333333333333,0.82954246,0.17333333333333334,0.18814802,7.207174055128944,7.7538524,80.5204081632653,0.7727272727272727,0.5204081632653061,0.6219512195121951,random,0,0.3,0.3,0.44666666666666666
0.81,0.8246401,0.2400000000000002,0.16479914,5.291057069890833,7.4505467,77.20408163265306,0.9555555555555556,0.4387755102040816,0.6013986013986014,gnn,0,0.3,0.3,0.45
0.7933333333333333,0.8307311,0.17333333333333334,0.19380923,7.2071387960601685,7.7370768,80.03061224489795,0.7727272727272727,0.5204081632653061,0.6219512195121951,random,0,0.3,0.3,0.45
0.81,0.82563984,0.2400000000000002,0.16956072,5.284558350088794,7.4146175,76.94897959183673,0.9555555555555556,0.4387755102040816,0.6013986013986014,gnn,0,0.3,0.3,0.4533333333333333
0.7966666666666666,0.83173084,0.18666666666666654,0.19857082,7.065134758321281,7.6028986,79.09183673469387,0.7761194029850746,0.5306122448979592,0.6303030303030303,random,0,0.3,0.3,0.4533333333333333
0.8133333333333334,0.826639,0.2533333333333334,0.17431946,5.241269185836253,7.3787127,76.86734693877551,0.9565217391304348,0.4489795918367347,0.6111111111111112,gnn,0,0.3,0.3,0.45666666666666667
0.8,0.83273053,0.20000000000000018,0.20333211,7.045196954728314,7.579917,78.33673469387755,0.7794117647058824,0.5408163265306123,0.63855421686747,random,0,0.3,0.3,0.45666666666666667
0.8166666666666667,0.82763803,0.2666666666666666,0.17907764,5.197980021583712,7.342809,76.3265306122449,0.9574468085106383,0.45918367346938777,0.6206896551724138,gnn,0,0.3,0.3,0.46
0.8033333333333333,0.83373034,0.21333333333333337,0.20809399,6.9328419962983725,7.487177,77.22448979591837,0.782608695652174,0.5510204081632653,0.6467065868263473,random,0,0.3,0.3,0.46
0.8166666666666667,0.8286378,0.2666666666666666,0.18383923,5.124622231778208,7.3023114,75.91836734693878,0.9574468085106383,0.45918367346938777,0.6206896551724138,gnn,0,0.3,0.3,0.4633333333333333
0.8033333333333333,0.8345752,0.21333333333333337,0.21211775,6.904809327647185,7.437661,77.51020408163265,0.782608695652174,0.5510204081632653,0.6467065868263473,random,0,0.3,0.3,0.4633333333333333
0.8166666666666667,0.8303636,0.2666666666666666,0.1920588,5.124978095203617,7.2947235,76.10204081632654,0.9574468085106383,0.45918367346938777,0.6206896551724138,gnn,0,0.3,0.3,0.4666666666666667
0.8033333333333333,0.83470905,0.21333333333333337,0.21275535,6.911722214634569,7.3950634,76.94897959183673,0.782608695652174,0.5510204081632653,0.6467065868263473,random,0,0.3,0.3,0.4666666666666667
0.8166666666666667,0.83230036,0.2666666666666666,0.20128332,5.107106611176782,7.2440877,76.33673469387755,0.9574468085106383,0.45918367346938777,0.6206896551724138,gnn,0,0.3,0.3,0.47
0.8033333333333333,0.83570904,0.21333333333333337,0.21751808,6.910197267581161,7.388832,76.37755102040816,0.782608695652174,0.5510204081632653,0.6467065868263473,random,0,0.3,0.3,0.47
0.82,0.83329946,0.2799999999999998,0.20604178,5.042472880925809,7.1969237,74.98979591836735,0.9583333333333334,0.46938775510204084,0.6301369863013699,gnn,0,0.3,0.3,0.47333333333333333
0.8066666666666666,0.83716166,0.22666666666666657,0.22443661,6.816228105308795,7.214785,76.75510204081633,0.7857142857142857,0.5612244897959183,0.6547619047619048,random,0,0.3,0.3,0.47333333333333333
0.8233333333333334,0.83493334,0.29333333333333345,0.21382362,4.940899458609018,7.0467105,75.43877551020408,0.9591836734693877,0.47959183673469385,0.6394557823129252,gnn,0,0.3,0.3,0.4766666666666667
0.8066666666666666,0.83844084,0.22666666666666657,0.23052904,6.787710436995757,7.1385164,76.04081632653062,0.7777777777777778,0.5714285714285714,0.6588235294117646,random,0,0.3,0.3,0.4766666666666667
0.8233333333333334,0.835933,0.29333333333333345,0.21858491,4.939887258163167,7.0412664,75.15306122448979,0.9591836734693877,0.47959183673469385,0.6394557823129252,gnn,0,0.3,0.3,0.48
0.8133333333333334,0.83876014,0.2533333333333334,0.23204981,6.715858722339346,7.187279,76.43877551020408,0.7916666666666666,0.5816326530612245,0.6705882352941176,random,0,0.3,0.3,0.48
0.8233333333333334,0.83759767,0.29333333333333345,0.22651322,4.939026619649045,7.040379,74.93877551020408,0.9591836734693877,0.47959183673469385,0.6394557823129252,gnn,0,0.3,0.3,0.48333333333333334
0.8166666666666667,0.8397597,0.2666666666666666,0.23681054,6.539827556146356,7.0756516,75.84693877551021,0.7945205479452054,0.5918367346938775,0.6783625730994152,random,0,0.3,0.3,0.48333333333333334
0.8266666666666667,0.83859676,0.30666666666666664,0.23127168,4.930200004467589,7.015096,73.0204081632653,0.96,0.4897959183673469,0.6486486486486486,gnn,0,0.3,0.3,0.4866666666666667
0.8166666666666667,0.84075975,0.2666666666666666,0.24157354,6.539334417591634,7.0682325,75.57142857142857,0.7945205479452054,0.5918367346938775,0.6783625730994152,random,0,0.3,0.3,0.4866666666666667
0.83,0.83959585,0.31999999999999984,0.23603015,4.9083775050188905,6.9958625,72.94897959183673,0.9607843137254902,0.5,0.6577181208053691,gnn,0,0.3,0.3,0.49
0.8166666666666667,0.84185517,0.2666666666666666,0.24679077,6.43418167228942,7.045843,75.83673469387755,0.7945205479452054,0.5918367346938775,0.6783625730994152,random,0,0.3,0.3,0.49
0.8333333333333334,0.8404283,0.3333333333333335,0.23999487,4.9002438986672985,6.989637,71.61224489795919,0.9615384615384616,0.5102040816326531,0.6666666666666667,gnn,0,0.3,0.3,0.49333333333333335
0.82,0.8430432,0.2799999999999998,0.25244913,6.398085694363323,6.965689,75.21428571428571,0.8055555555555556,0.5918367346938775,0.6823529411764706,random,0,0.3,0.3,0.49333333333333335
0.8333333333333334,0.84142804,0.3333333333333335,0.24475645,4.897344147972234,6.972572,71.25510204081633,0.9615384615384616,0.5102040816326531,0.6666666666666667,gnn,0,0.3,0.3,0.49666666666666665
0.82,0.84415436,0.2799999999999998,0.2577413,6.398085700808799,6.963455,74.74489795918367,0.8055555555555556,0.5918367346938775,0.6823529411764706,random,0,0.3,0.3,0.49666666666666665
0.8333333333333334,0.84223264,0.3333333333333335,0.2485886,4.897182587642271,6.9672117,71.66326530612245,0.9615384615384616,0.5102040816326531,0.6666666666666667,gnn,0,0.3,0.3,0.5
0.8233333333333334,0.8451541,0.29333333333333345,0.26250288,6.340379198698867,6.8994346,74.34693877551021,0.8082191780821918,0.6020408163265306,0.6900584795321637,random,0,0.3,0.3,0.5
0.8333333333333334,0.8440525,0.3333333333333335,0.25725615,4.906210538894691,6.9415827,73.26530612244898,0.9615384615384616,0.5102040816326531,0.6666666666666667,gnn,0,0.3,0.3,0.5033333333333333
0.8233333333333334,0.8459654,0.29333333333333345,0.26636684,6.314114372344302,6.898267,74.64285714285714,0.8082191780821918,0.6020408163265306,0.6900584795321637,random,0,0.3,0.3,0.5033333333333333
0.8333333333333334,0.84546256,0.3333333333333335,0.26397198,4.873520288663939,6.89279,73.96938775510205,0.9615384615384616,0.5102040816326531,0.6666666666666667,gnn,0,0.3,0.3,0.5066666666666667
0.83,0.847115,0.31999999999999984,0.2718421,6.125067567589835,6.8415127,73.14285714285714,0.821917808219178,0.6122448979591837,0.7017543859649124,random,0,0.3,0.3,0.5066666666666667
0.8366666666666667,0.8464616,0.3466666666666667,0.26873016,4.758782664738077,6.8005576,73.40816326530613,0.9622641509433962,0.5204081632653061,0.6754966887417219,gnn,0,0.3,0.3,0.51
0.8333333333333334,0.84683806,0.3333333333333335,0.27052316,6.222146846249718,6.9459734,72.11224489795919,0.8333333333333334,0.6122448979591837,0.7058823529411765,random,0,0.3,0.3,0.51
0.84,0.8474607,0.3599999999999999,0.2734886,4.73457892637165,6.7798576,72.92857142857143,0.9629629629629629,0.5306122448979592,0.6842105263157895,gnn,0,0.3,0.3,0.5133333333333333
0.8366666666666667,0.84881777,0.3466666666666667,0.27995208,6.1920893397851415,6.897515,71.4795918367347,0.8356164383561644,0.6224489795918368,0.7134502923976609,random,0,0.3,0.3,0.5133333333333333
0.84,0.8484605,0.3599999999999999,0.2782505,4.733578506954553,6.7579412,72.31632653061224,0.9629629629629629,0.5306122448979592,0.6842105263157895,gnn,0,0.3,0.3,0.5166666666666667
0.8366666666666667,0.8501254,0.3466666666666667,0.28617993,6.177382269792606,6.8907943,71.59183673469387,0.8356164383561644,0.6224489795918368,0.7134502923976609,random,0,0.3,0.3,0.5166666666666667
0.84,0.8491676,0.3599999999999999,0.2816182,4.73237399503046,6.754513,71.12244897959184,0.9629629629629629,0.5306122448979592,0.6842105263157895,gnn,0,0.3,0.3,0.52
0.8366666666666667,0.850327,0.3466666666666667,0.2871403,6.162127060713981,6.7282534,72.04081632653062,0.8356164383561644,0.6224489795918368,0.7134502923976609,random,0,0.3,0.3,0.52
0.8433333333333334,0.8501666,0.3733333333333335,0.2863764,4.69709814050339,6.7223716,69.75510204081633,0.9636363636363636,0.5408163265306123,0.6928104575163399,gnn,0,0.3,0.3,0.5233333333333333
0.8333333333333334,0.8525173,0.3333333333333335,0.2975722,6.020777354628819,6.438008,71.25510204081633,0.8243243243243243,0.6224489795918368,0.7093023255813955,random,0,0.3,0.3,0.5233333333333333
0.8466666666666667,0.8511657,0.3866666666666667,0.29113483,4.602515157078043,6.6380014,70.13265306122449,0.9642857142857143,0.5510204081632653,0.7012987012987012,gnn,0,0.3,0.3,0.5266666666666666
0.8366666666666667,0.85338783,0.3466666666666667,0.30171832,6.039535159027461,6.3866568,70.92857142857143,0.8356164383561644,0.6224489795918368,0.7134502923976609,random,0,0.3,0.3,0.5266666666666666
0.8466666666666667,0.8527154,0.3866666666666667,0.29851553,4.591387521125469,6.6287403,70.77551020408163,0.9642857142857143,0.5510204081632653,0.7012987012987012,gnn,0,0.3,0.3,0.53
0.84,0.8556818,0.3599999999999999,0.3126439,6.082273659247714,6.364441,70.36734693877551,0.8472222222222222,0.6224489795918368,0.7176470588235294,random,0,0.3,0.3,0.53
0.85,0.8537145,0.3999999999999999,0.30327427,4.571608154059635,6.608949,69.85714285714286,0.9649122807017544,0.5612244897959183,0.7096774193548387,gnn,0,0.3,0.3,0.5333333333333333
0.8433333333333334,0.8566815,0.3733333333333335,0.31740546,5.8557977345628816,6.237343,69.84693877551021,0.8493150684931506,0.6326530612244898,0.7251461988304094,random,0,0.3,0.3,0.5333333333333333
0.85,0.85455686,0.3999999999999999,0.30728614,4.55522305362363,6.5827484,69.54081632653062,0.9649122807017544,0.5612244897959183,0.7096774193548387,gnn,0,0.3,0.3,0.5366666666666666
0.8433333333333334,0.8575425,0.3733333333333335,0.32150617,5.810178959295466,6.195827,69.89795918367346,0.8493150684931506,0.6326530612244898,0.7251461988304094,random,0,0.3,0.3,0.5366666666666666
0.85,0.8545593,0.3999999999999999,0.30729777,4.555222753551515,6.5825653,68.51020408163265,0.9649122807017544,0.5612244897959183,0.7096774193548387,gnn,0,0.3,0.3,0.54
0.8466666666666667,0.85854226,0.3866666666666667,0.32626775,5.783089166014141,6.1716576,69.38775510204081,0.8513513513513513,0.6428571428571429,0.7325581395348839,random,0,0.3,0.3,0.54
0.8533333333333334,0.85395586,0.41333333333333355,0.30442372,4.560165104622218,6.5814557,68.62244897959184,0.9821428571428571,0.5612244897959183,0.7142857142857143,gnn,0,0.3,0.3,0.5433333333333333
0.85,0.859542,0.3999999999999999,0.33102933,5.721485093960855,6.1339283,68.75510204081633,0.8533333333333334,0.6530612244897959,0.7398843930635838,random,0,0.3,0.3,0.5433333333333333
0.8533333333333334,0.8539583,0.41333333333333355,0.30443537,4.560256289249866,6.5812087,68.62244897959184,0.9821428571428571,0.5612244897959183,0.7142857142857143,gnn,0,0.3,0.3,0.5466666666666666
0.8533333333333334,0.86054176,0.41333333333333355,0.3357909,5.716501243174832,6.129535,68.34693877551021,0.8552631578947368,0.6632653061224489,0.7471264367816092,random,0,0.3,0.3,0.5466666666666666
0.8533333333333334,0.8545284,0.41333333333333355,0.30715072,4.43193232718374,6.5089045,65.59183673469387,0.9655172413793104,0.5714285714285714,0.717948717948718,gnn,0,0.3,0.3,0.55
0.8533333333333334,0.86128217,0.41333333333333355,0.33931732,5.711971982587462,6.114099,68.13265306122449,0.8552631578947368,0.6632653061224489,0.7471264367816092,random,0,0.3,0.3,0.55
0.85,0.85659426,0.3999999999999999,0.31698987,4.301737352640841,6.2983804,66.04081632653062,0.9491525423728814,0.5714285714285714,0.713375796178344,gnn,0,0.3,0.3,0.5533333333333333
0.8533333333333334,0.8622821,0.41333333333333355,0.34407976,5.711669431064873,6.106647,68.06122448979592,0.8552631578947368,0.6632653061224489,0.7471264367816092,random,0,0.3,0.3,0.5533333333333333
0.8533333333333334,0.8575933,0.41333333333333355,0.32174802,4.2798971880703816,6.2838354,65.78571428571429,0.95,0.5816326530612245,0.7215189873417721,gnn,0,0.3,0.3,0.5566666666666666
0.8533333333333334,0.8631294,0.41333333333333355,0.34811518,5.6693444143416984,6.0547028,67.89795918367346,0.8552631578947368,0.6632653061224489,0.7471264367816092,random,0,0.3,0.3,0.5566666666666666
0.8566666666666667,0.85859233,0.42666666666666675,0.3265062,4.270859148562657,6.2754917,64.66326530612245,0.9508196721311475,0.5918367346938775,0.7295597484276729,gnn,0,0.3,0.3,0.56
0.8566666666666667,0.86543536,0.42666666666666675,0.35909808,5.363726868111019,5.8623266,67.79591836734694,0.8666666666666667,0.6632653061224489,0.7514450867052023,random,0,0.3,0.3,0.56
0.8566666666666667,0.85950357,0.42666666666666675,0.33084622,4.281718881093139,6.2577696,65.48979591836735,0.9508196721311475,0.5918367346938775,0.7295597484276729,gnn,0,0.3,0.3,0.5633333333333334
0.86,0.86468977,0.43999999999999995,0.35554695,5.309112466493593,5.892403,66.44897959183673,0.8783783783783784,0.6632653061224489,0.7558139534883722,random,0,0.3,0.3,0.5633333333333334
0.86,0.86021096,0.43999999999999995,0.33421537,4.2296607483729725,6.230491,63.94897959183673,0.9516129032258065,0.6020408163265306,0.7375,gnn,0,0.3,0.3,0.5666666666666667
0.86,0.8657489,0.43999999999999995,0.3605913,5.310934604697844,5.8909874,66.20408163265306,0.8783783783783784,0.6632653061224489,0.7558139534883722,random,0,0.3,0.3,0.5666666666666667
0.8633333333333333,0.8612101,0.45333333333333314,0.33897412,4.219150354927614,6.223147,64.45918367346938,0.9523809523809523,0.6122448979591837,0.7453416149068324,gnn,0,0.3,0.3,0.57
0.86,0.8663769,0.43999999999999995,0.36358228,5.204226438509537,5.835142,66.36734693877551,0.8783783783783784,0.6632653061224489,0.7558139534883722,random,0,0.3,0.3,0.57
0.8666666666666667,0.8622212,0.4666666666666668,0.34378964,4.205767922138385,6.1613836,64.35714285714286,0.967741935483871,0.6122448979591837,0.75,gnn,0,0.3,0.3,0.5733333333333334
0.86,0.866441,0.43999999999999995,0.36388776,5.118530646816309,5.8042293,66.36734693877551,0.8783783783783784,0.6632653061224489,0.7558139534883722,random,0,0.3,0.3,0.5733333333333334
0.87,0.8609926,0.48,0.33793822,4.272753695681964,6.1587296,64.61224489795919,0.9836065573770492,0.6122448979591837,0.7547169811320755,gnn,0,0.3,0.3,0.5766666666666667
0.86,0.8671632,0.43999999999999995,0.3673273,5.031879120698073,5.7342544,66.37755102040816,0.8783783783783784,0.6632653061224489,0.7558139534883722,random,0,0.3,0.3,0.5766666666666667
0.8733333333333333,0.86199176,0.4933333333333332,0.34269696,4.250872190418315,6.1432624,64.43877551020408,0.9838709677419355,0.6224489795918368,0.7625,gnn,0,0.3,0.3,0.58
0.8633333333333333,0.8679245,0.45333333333333314,0.37095335,4.886204731846589,5.6569867,66.3265306122449,0.88,0.673469387755102,0.7630057803468209,random,0,0.3,0.3,0.58
0.8733333333333333,0.8629915,0.4933333333333332,0.34745854,4.244003963103323,6.0620117,64.41836734693878,0.9838709677419355,0.6224489795918368,0.7625,gnn,0,0.3,0.3,0.5833333333333334
0.8633333333333333,0.8690509,0.45333333333333314,0.3763182,4.866739810637534,5.5911775,65.75510204081633,0.88,0.673469387755102,0.7630057803468209,random,0,0.3,0.3,0.5833333333333334
0.8766666666666667,0.86399066,0.5066666666666668,0.3522173,4.231216873763915,6.0454836,64.55102040816327,0.9841269841269841,0.6326530612244898,0.7701863354037266,gnn,0,0.3,0.3,0.5866666666666667
0.8633333333333333,0.8697644,0.45333333333333314,0.37971628,4.915291955301978,5.460972,65.75510204081633,0.88,0.673469387755102,0.7630057803468209,random,0,0.3,0.3,0.5866666666666667
0.8766666666666667,0.86389893,0.5066666666666668,0.35178038,4.149169935032388,5.971412,64.66326530612245,0.9841269841269841,0.6326530612244898,0.7701863354037266,gnn,0,0.3,0.3,0.59
0.8633333333333333,0.8701579,0.45333333333333314,0.3815905,4.90228544424927,5.435052,65.40816326530613,0.88,0.673469387755102,0.7630057803468209,random,0,0.3,0.3,0.59
0.8766666666666667,0.864775,0.5066666666666668,0.35595292,4.134245580414279,5.9541903,64.0,0.9841269841269841,0.6326530612244898,0.7701863354037266,gnn,0,0.3,0.3,0.5933333333333334
0.8633333333333333,0.8706478,0.45333333333333314,0.3839237,4.902881840176078,5.425089,65.74489795918367,0.88,0.673469387755102,0.7630057803468209,random,0,0.3,0.3,0.5933333333333334
0.8766666666666667,0.86535704,0.5066666666666668,0.35872504,4.124982716424771,5.9326954,64.77551020408163,0.9841269841269841,0.6326530612244898,0.7701863354037266,gnn,0,0.3,0.3,0.5966666666666667
0.8633333333333333,0.87227255,0.45333333333333314,0.3916621,4.880457113887814,5.3944726,65.29591836734694,0.88,0.673469387755102,0.7630057803468209,random,0,0.3,0.3,0.5966666666666667
0.8766666666666667,0.8661971,0.5066666666666668,0.3627261,4.117120636990271,5.914772,64.92857142857143,0.9841269841269841,0.6326530612244898,0.7701863354037266,gnn,0,0.3,0.3,0.6
0.8633333333333333,0.8734304,0.45333333333333314,0.39717653,4.742557785690657,5.349484,64.46938775510205,0.8701298701298701,0.6836734693877551,0.7657142857142857,random,0,0.3,0.3,0.6
0.88,0.86719614,0.52,0.36748427,4.111699516623692,5.9089184,65.24489795918367,0.984375,0.6428571428571429,0.7777777777777778,gnn,0,0.3,0.3,0.6033333333333334
0.8666666666666667,0.87559223,0.4666666666666668,0.40747303,4.452397239484283,5.1099477,64.16326530612245,0.8717948717948718,0.6938775510204082,0.7727272727272728,random,0,0.3,0.3,0.6033333333333334
0.88,0.86938983,0.52,0.37793234,4.1085516289550545,5.854842,63.826530612244895,0.984375,0.6428571428571429,0.7777777777777778,gnn,0,0.3,0.3,0.6066666666666667
0.8666666666666667,0.87660724,0.4666666666666668,0.41230726,4.452646566453584,5.079706,63.90816326530612,0.8717948717948718,0.6938775510204082,0.7727272727272728,random,0,0.3,0.3,0.6066666666666667
0.88,0.8695937,0.52,0.37890324,4.095513526739145,5.693367,63.142857142857146,0.984375,0.6428571428571429,0.7777777777777778,gnn,0,0.3,0.3,0.61
0.8666666666666667,0.87854683,0.4666666666666668,0.42154515,4.4550174540507275,5.0383472,63.53061224489796,0.8717948717948718,0.6938775510204082,0.7727272727272728,random,0,0.3,0.3,0.61
0.88,0.8705935,0.52,0.38366508,4.09087349731225,5.659765,63.52040816326531,0.984375,0.6428571428571429,0.7777777777777778,gnn,0,0.3,0.3,0.6133333333333333
0.8666666666666667,0.87985563,0.4666666666666668,0.42777866,4.493910289289196,4.985975,63.12244897959184,0.8717948717948718,0.6938775510204082,0.7727272727272728,random,0,0.3,0.3,0.6133333333333333
0.88,0.87167794,0.52,0.38883007,4.062220445991381,5.6168966,63.30612244897959,0.984375,0.6428571428571429,0.7777777777777778,gnn,0,0.3,0.3,0.6166666666666667
0.87,0.8808554,0.48,0.43254024,4.472889554329978,4.968678,62.62244897959184,0.8734177215189873,0.7040816326530612,0.7796610169491525,random,0,0.3,0.3,0.6166666666666667
0.88,0.8721783,0.52,0.39121327,4.059023524772235,5.597452,63.40816326530612,0.984375,0.6428571428571429,0.7777777777777778,gnn,0,0.3,0.3,0.62
0.87,0.8808554,0.48,0.43254024,4.47300757040334,4.96858,62.62244897959184,0.8734177215189873,0.7040816326530612,0.7796610169491525,random,0,0.3,0.3,0.62
0.88,0.8738006,0.52,0.39893976,4.036776059875363,5.566351,63.214285714285715,0.984375,0.6428571428571429,0.7777777777777778,gnn,0,0.3,0.3,0.6233333333333333
0.8733333333333333,0.88185936,0.4933333333333332,0.437322,4.467843187973085,4.9630055,62.59183673469388,0.875,0.7142857142857143,0.7865168539325842,random,0,0.3,0.3,0.6233333333333333
0.88,0.8740793,0.52,0.40026718,4.036262332840007,5.563227,63.316326530612244,0.984375,0.6428571428571429,0.7777777777777778,gnn,0,0.3,0.3,0.6266666666666667
0.8733333333333333,0.88268644,0.4933333333333332,0.44126117,4.459031736487755,4.9469066,62.44897959183673,0.875,0.7142857142857143,0.7865168539325842,random,0,0.3,0.3,0.6266666666666667
0.88,0.8744366,0.52,0.40196908,4.019780898473135,5.5310698,63.46938775510204,0.984375,0.6428571428571429,0.7777777777777778,gnn,0,0.3,0.3,0.63
0.8766666666666667,0.8836863,0.5066666666666668,0.44602332,4.358854232935082,4.870245,61.87755102040816,0.8765432098765432,0.7244897959183674,0.793296089385475,random,0,0.3,0.3,0.63
0.88,0.8754364,0.52,0.40673095,4.0198719170875075,5.4975743,62.642857142857146,0.984375,0.6428571428571429,0.7777777777777778,gnn,0,0.3,0.3,0.6333333333333333
0.88,0.88461244,0.52,0.4504343,4.278297196886561,4.8071856,61.63265306122449,0.8780487804878049,0.7346938775510204,0.8,random,0,0.3,0.3,0.6333333333333333
0.88,0.8764362,0.52,0.41149253,4.016990253346642,5.480368,62.714285714285715,0.984375,0.6428571428571429,0.7777777777777778,gnn,0,0.3,0.3,0.6366666666666667
0.88,0.88503367,0.52,0.4524405,4.24471391081464,4.792916,61.53061224489796,0.8780487804878049,0.7346938775510204,0.8,random,0,0.3,0.3,0.6366666666666667
0.8833333333333333,0.8774352,0.5333333333333332,0.4162507,4.003582837268092,5.4657564,62.244897959183675,0.9846153846153847,0.6530612244897959,0.7852760736196319,gnn,0,0.3,0.3,0.64
0.88,0.8860344,0.52,0.4572069,4.262684509487216,4.7922225,62.06122448979592,0.8780487804878049,0.7346938775510204,0.8,random,0,0.3,0.3,0.64
0.8833333333333333,0.87843496,0.5333333333333332,0.42101228,3.9987288367701423,5.4462,61.57142857142857,0.9846153846153847,0.6530612244897959,0.7852760736196319,gnn,0,0.3,0.3,0.6433333333333333
0.8766666666666667,0.8877542,0.5066666666666668,0.4653978,4.138686442467724,4.5802293,62.173469387755105,0.8674698795180723,0.7346938775510204,0.7955801104972376,random,0,0.3,0.3,0.6433333333333333
0.8866666666666667,0.8794341,0.5466666666666669,0.42577103,3.986595040975318,5.4324093,61.214285714285715,0.9848484848484849,0.6632653061224489,0.7926829268292682,gnn,0,0.3,0.3,0.6466666666666666
0.8733333333333333,0.8890924,0.4933333333333332,0.4717713,4.113333205350093,4.5242195,61.8469387755102,0.8571428571428571,0.7346938775510204,0.7912087912087913,random,0,0.3,0.3,0.6466666666666666
0.8866666666666667,0.88062894,0.5466666666666669,0.43146178,3.986559720611227,5.415559,60.87755102040816,0.9848484848484849,0.6632653061224489,0.7926829268292682,gnn,0,0.3,0.3,0.65
0.8733333333333333,0.8896676,0.4933333333333332,0.4745108,4.1103877515741045,4.500946,61.795918367346935,0.8571428571428571,0.7346938775510204,0.7912087912087913,random,0,0.3,0.3,0.65
0.89,0.8816281,0.56,0.43622053,3.973441971595356,5.394985,60.86734693877551,0.9850746268656716,0.673469387755102,0.8,gnn,0,0.3,0.3,0.6533333333333333
0.8733333333333333,0.89046925,0.4933333333333332,0.478329,4.065448302496599,4.430367,61.56122448979592,0.8571428571428571,0.7346938775510204,0.7912087912087913,random,0,0.3,0.3,0.6533333333333333
0.89,0.88262784,0.56,0.4409821,3.9284778018173196,5.3886967,61.09183673469388,0.9850746268656716,0.673469387755102,0.8,gnn,0,0.3,0.3,0.6566666666666666
0.8733333333333333,0.89158916,0.4933333333333332,0.4836629,4.064551223095057,4.4126644,61.60204081632653,0.8571428571428571,0.7346938775510204,0.7912087912087913,random,0,0.3,0.3,0.6566666666666666
0.8933333333333333,0.88362694,0.5733333333333333,0.44574055,3.9123799358379068,5.3622313,61.265306122448976,0.9852941176470589,0.6836734693877551,0.8072289156626505,gnn,0,0.3,0.3,0.66
0.8733333333333333,0.8929704,0.4933333333333332,0.49024135,3.9976737558978326,4.3265185,61.66326530612245,0.8571428571428571,0.7346938775510204,0.7912087912087913,random,0,0.3,0.3,0.66
0.8933333333333333,0.8842824,0.5733333333333333,0.44886243,3.8646326765873726,5.3448853,61.316326530612244,0.9852941176470589,0.6836734693877551,0.8072289156626505,gnn,0,0.3,0.3,0.6633333333333333
0.8766666666666667,0.892794,0.5066666666666668,0.48940134,3.97701976228811,4.193926,61.357142857142854,0.8674698795180723,0.7346938775510204,0.7955801104972376,random,0,0.3,0.3,0.6633333333333333
0.8966666666666666,0.8852814,0.5866666666666664,0.4536203,3.730371381968524,5.2372646,60.97959183673469,0.9855072463768116,0.6938775510204082,0.81437125748503,gnn,0,0.3,0.3,0.6666666666666666
0.88,0.89349073,0.52,0.49271965,3.954727910455765,4.1938996,61.12244897959184,0.8690476190476191,0.7448979591836735,0.8021978021978022,random,0,0.3,0.3,0.6666666666666666
0.9,0.88628054,0.6000000000000001,0.45837906,3.6306950943394765,5.158954,61.03061224489796,0.9857142857142858,0.7040816326530612,0.8214285714285714,gnn,0,0.3,0.3,0.67
0.88,0.89449066,0.52,0.4974821,3.9548082642003997,4.160406,61.12244897959184,0.8690476190476191,0.7448979591836735,0.8021978021978022,random,0,0.3,0.3,0.67
0.9,0.8872803,0.6000000000000001,0.46314067,3.6306795582739855,5.155454,60.3469387755102,0.9857142857142858,0.7040816326530612,0.8214285714285714,gnn,0,0.3,0.3,0.6733333333333333
0.8833333333333333,0.894459,0.5333333333333332,0.49733135,3.7233893741399684,4.2005386,60.91836734693877,0.8795180722891566,0.7448979591836735,0.8066298342541436,random,0,0.3,0.3,0.6733333333333333
0.9,0.8878845,0.6000000000000001,0.46601838,3.6184805144358383,5.1337214,59.91836734693877,0.9857142857142858,0.7040816326530612,0.8214285714285714,gnn,0,0.3,0.3,0.6766666666666666
0.8833333333333333,0.895141,0.5333333333333332,0.50057954,3.626657907891531,4.147328,60.714285714285715,0.8795180722891566,0.7448979591836735,0.8066298342541436,random,0,0.3,0.3,0.6766666666666666
0.8966666666666666,0.8881662,0.5866666666666664,0.46736002,3.6230248791187165,4.984138,59.69387755102041,0.971830985915493,0.7040816326530612,0.8165680473372781,gnn,0,0.3,0.3,0.68
0.8866666666666667,0.89614075,0.5466666666666669,0.5053411,3.6157737831871204,4.134175,60.295918367346935,0.8809523809523809,0.7551020408163265,0.8131868131868131,random,0,0.3,0.3,0.68
0.8966666666666666,0.88916606,0.5866666666666664,0.47212216,3.6038526920130614,4.9688706,59.38775510204081,0.971830985915493,0.7040816326530612,0.8165680473372781,gnn,0,0.3,0.3,0.6833333333333333
0.8866666666666667,0.89746875,0.5466666666666669,0.51166606,3.6582377833636293,4.1383395,60.38775510204081,0.8809523809523809,0.7551020408163265,0.8131868131868131,random,0,0.3,0.3,0.6833333333333333
0.8966666666666666,0.8901658,0.5866666666666664,0.47688377,3.6035003108217114,4.962626,59.255102040816325,0.971830985915493,0.7040816326530612,0.8165680473372781,gnn,0,0.3,0.3,0.6866666666666666
0.8866666666666667,0.89746875,0.5466666666666669,0.51166606,3.658237800938902,4.13834,60.33673469387755,0.8809523809523809,0.7551020408163265,0.8131868131868131,random,0,0.3,0.3,0.6866666666666666
0.8933333333333333,0.89111215,0.5733333333333333,0.48139098,3.8111883444277397,4.8025255,59.765306122448976,0.9583333333333334,0.7040816326530612,0.8117647058823529,gnn,0,0.3,0.3,0.69
0.8866666666666667,0.8992333,0.5466666666666669,0.52007014,3.7745916158382737,4.0315037,60.173469387755105,0.8809523809523809,0.7551020408163265,0.8131868131868131,random,0,0.3,0.3,0.69
0.8933333333333333,0.89187825,0.5733333333333333,0.48503974,3.80683367176843,4.788714,59.214285714285715,0.9583333333333334,0.7040816326530612,0.8117647058823529,gnn,0,0.3,0.3,0.6933333333333334
0.8866666666666667,0.90023315,0.5466666666666669,0.5248323,3.7707031267374775,4.0142183,60.204081632653065,0.8809523809523809,0.7551020408163265,0.8131868131868131,random,0,0.3,0.3,0.6933333333333334
0.8966666666666666,0.89344656,0.5866666666666664,0.4925093,3.779786516617105,4.7846403,58.89795918367347,0.971830985915493,0.7040816326530612,0.8165680473372781,gnn,0,0.3,0.3,0.6966666666666667
0.8833333333333333,0.90154266,0.5333333333333332,0.5310692,3.466912640746086,3.8480444,60.19387755102041,0.8705882352941177,0.7551020408163265,0.8087431693989071,random,0,0.3,0.3,0.6966666666666667
0.8933333333333333,0.8934733,0.5733333333333333,0.49263677,3.7931764289466448,4.6399627,58.97959183673469,0.9583333333333334,0.7040816326530612,0.8117647058823529,gnn,0,0.3,0.3,0.7
0.8866666666666667,0.9024199,0.5466666666666669,0.53524745,3.355663071054996,3.7554965,59.83673469387755,0.872093023255814,0.7653061224489796,0.8152173913043479,random,0,0.3,0.3,0.7
0.8966666666666666,0.89447236,0.5866666666666664,0.49739495,3.750525356748504,4.60572,58.683673469387756,0.958904109589041,0.7142857142857143,0.8187134502923976,gnn,0,0.3,0.3,0.7033333333333334
0.89,0.90339816,0.56,0.53990656,3.381209908963624,3.745932,59.6530612244898,0.8823529411764706,0.7653061224489796,0.8196721311475409,random,0,0.3,0.3,0.7033333333333334
0.8966666666666666,0.8945392,0.5866666666666664,0.49771318,3.665186684532648,4.5746884,58.53061224489796,0.958904109589041,0.7142857142857143,0.8187134502923976,gnn,0,0.3,0.3,0.7066666666666667
0.89,0.90348136,0.56,0.5403029,3.281700558188683,3.660393,59.673469387755105,0.8823529411764706,0.7653061224489796,0.8196721311475409,random,0,0.3,0.3,0.7066666666666667
0.9,0.89553833,0.6000000000000001,0.5024719,3.6096618342809688,4.5219054,58.326530612244895,0.9594594594594594,0.7244897959183674,0.8255813953488371,gnn,0,0.3,0.3,0.71
0.8933333333333333,0.90448505,0.5733333333333333,0.54508317,3.268807552751472,3.6510653,59.285714285714285,0.8837209302325582,0.7755102040816326,0.826086956521739,random,0,0.3,0.3,0.71
0.9,0.89650756,0.6000000000000001,0.5070882,3.604538196042046,4.5067763,58.214285714285715,0.9594594594594594,0.7244897959183674,0.8255813953488371,gnn,0,0.3,0.3,0.7133333333333334
0.8933333333333333,0.9057727,0.5733333333333333,0.55121595,3.2960432407799236,3.6276543,58.98979591836735,0.8837209302325582,0.7755102040816326,0.826086956521739,random,0,0.3,0.3,0.7133333333333334
0.9033333333333333,0.8977297,0.6133333333333333,0.51290894,3.550308654378843,4.4884853,57.94897959183673,0.9726027397260274,0.7244897959183674,0.8304093567251463,gnn,0,0.3,0.3,0.7166666666666667
0.8966666666666666,0.90804964,0.5866666666666664,0.5620606,3.261261894720885,3.5588558,58.234693877551024,0.8850574712643678,0.7857142857142857,0.8324324324324324,random,0,0.3,0.3,0.7166666666666667
0.9033333333333333,0.89873,0.6133333333333333,0.5176731,3.548815189381513,4.4824147,57.714285714285715,0.9726027397260274,0.7244897959183674,0.8304093567251463,gnn,0,0.3,0.3,0.72
0.9,0.9095925,0.6000000000000001,0.5694089,3.2084010270186227,3.5410213,57.96938775510204,0.8953488372093024,0.7857142857142857,0.8369565217391304,random,0,0.3,0.3,0.72
0.9033333333333333,0.899987,0.6133333333333333,0.5236599,3.5435258268701433,4.4709015,57.58163265306123,0.9726027397260274,0.7244897959183674,0.8304093567251463,gnn,0,0.3,0.3,0.7233333333333334
0.9,0.91175926,0.6000000000000001,0.57972866,3.296281750058326,3.4690626,58.06122448979592,0.8953488372093024,0.7857142857142857,0.8369565217391304,random,0,0.3,0.3,0.7233333333333334
0.9033333333333333,0.9005989,0.6133333333333333,0.52657425,3.5435970252302234,4.458465,57.755102040816325,0.9726027397260274,0.7244897959183674,0.8304093567251463,gnn,0,0.3,0.3,0.7266666666666667
0.9033333333333333,0.91275877,0.6133333333333333,0.5844891,3.288932309907572,3.4333858,57.86734693877551,0.896551724137931,0.7959183673469388,0.8432432432432432,random,0,0.3,0.3,0.7266666666666667
0.9066666666666666,0.9011288,0.6266666666666665,0.5290982,3.264801191937291,4.5102897,57.795918367346935,0.9861111111111112,0.7244897959183674,0.8352941176470589,gnn,0,0.3,0.3,0.73
0.9033333333333333,0.9138395,0.6133333333333333,0.5896365,3.2532124407974643,3.3713574,57.57142857142857,0.896551724137931,0.7959183673469388,0.8432432432432432,random,0,0.3,0.3,0.73
0.9033333333333333,0.90182424,0.6133333333333333,0.5324103,3.2570332486779505,4.3789845,57.755102040816325,0.9726027397260274,0.7244897959183674,0.8304093567251463,gnn,0,0.3,0.3,0.7333333333333333
0.9066666666666666,0.91534585,0.6266666666666665,0.5968108,3.252663622347643,3.3675852,57.47959183673469,0.8977272727272727,0.8061224489795918,0.849462365591398,random,0,0.3,0.3,0.7333333333333333
0.9033333333333333,0.9028245,0.6133333333333333,0.53717446,3.25380578810012,4.3605905,57.54081632653061,0.9726027397260274,0.7244897959183674,0.8304093567251463,gnn,0,0.3,0.3,0.7366666666666667
0.9066666666666666,0.9163456,0.6266666666666665,0.6015724,3.233625062713875,3.3601758,57.255102040816325,0.8977272727272727,0.8061224489795918,0.849462365591398,random,0,0.3,0.3,0.7366666666666667
0.9033333333333333,0.9036674,0.6133333333333333,0.54118884,3.240554778403822,4.348239,57.142857142857146,0.9726027397260274,0.7244897959183674,0.8304093567251463,gnn,0,0.3,0.3,0.74
0.9066666666666666,0.9173456,0.6266666666666665,0.6063351,3.2210663547332508,3.3434331,57.09183673469388,0.8977272727272727,0.8061224489795918,0.849462365591398,random,0,0.3,0.3,0.74
0.9033333333333333,0.904493,0.6133333333333333,0.54512095,3.2249470660240713,4.335915,57.142857142857146,0.9726027397260274,0.7244897959183674,0.8304093567251463,gnn,0,0.3,0.3,0.7433333333333333
0.9033333333333333,0.9190574,0.6133333333333333,0.61448824,3.127709799429359,3.2466354,57.04081632653061,0.8876404494382022,0.8061224489795918,0.8449197860962567,random,0,0.3,0.3,0.7433333333333333
0.9033333333333333,0.90549284,0.6133333333333333,0.54988307,3.222226950164714,4.322181,57.05102040816327,0.9726027397260274,0.7244897959183674,0.8304093567251463,gnn,0,0.3,0.3,0.7466666666666667
0.9066666666666666,0.92005694,0.6266666666666665,0.6192487,3.1143386346298643,3.232054,56.765306122448976,0.8888888888888888,0.8163265306122449,0.851063829787234,random,0,0.3,0.3,0.7466666666666667
0.9033333333333333,0.9064851,0.6133333333333333,0.5546089,3.2211608043661206,4.3153343,57.295918367346935,0.9726027397260274,0.7244897959183674,0.8304093567251463,gnn,0,0.3,0.3,0.75
0.91,0.9210565,0.6400000000000001,0.62400943,3.106957539949668,3.2220743,56.41836734693877,0.8901098901098901,0.826530612244898,0.8571428571428572,random,0,0.3,0.3,0.75
0.9066666666666666,0.90770805,0.6266666666666665,0.5604336,3.255959225120382,4.266128,57.1530612244898,0.9861111111111112,0.7244897959183674,0.8352941176470589,gnn,0,0.3,0.3,0.7533333333333333
0.91,0.9219393,0.6400000000000001,0.628214,3.098639496316817,3.2148933,56.295918367346935,0.8901098901098901,0.826530612244898,0.8571428571428572,random,0,0.3,0.3,0.7533333333333333
0.9066666666666666,0.90888786,0.6266666666666665,0.56605285,3.210292478640421,4.2520146,57.09183673469388,0.9861111111111112,0.7244897959183674,0.8352941176470589,gnn,0,0.3,0.3,0.7566666666666667
0.91,0.9219402,0.6400000000000001,0.6282183,3.098639386945806,3.2147682,56.10204081632653,0.8901098901098901,0.826530612244898,0.8571428571428572,random,0,0.3,0.3,0.7566666666666667
0.9066666666666666,0.909728,0.6266666666666665,0.5700542,3.2034078301753013,4.23731,57.08163265306123,0.9861111111111112,0.7244897959183674,0.8352941176470589,gnn,0,0.3,0.3,0.76
0.91,0.92263347,0.6400000000000001,0.63152015,3.0538289931970337,3.198091,56.183673469387756,0.8901098901098901,0.826530612244898,0.8571428571428572,random,0,0.3,0.3,0.76
0.91,0.910727,0.6400000000000001,0.57481235,3.184015156423562,4.2180586,56.96938775510204,0.9863013698630136,0.7346938775510204,0.8421052631578948,gnn,0,0.3,0.3,0.7633333333333333
0.91,0.92331535,0.6400000000000001,0.6347678,2.971219729370311,3.1448665,56.03061224489796,0.8901098901098901,0.826530612244898,0.8571428571428572,random,0,0.3,0.3,0.7633333333333333
0.9133333333333333,0.91172606,0.6533333333333333,0.57957053,3.1770172105327146,4.2126284,56.58163265306123,0.9864864864864865,0.7448979591836735,0.8488372093023255,gnn,0,0.3,0.3,0.7666666666666667
0.91,0.9234569,0.6400000000000001,0.635442,2.843545716219904,3.1406503,56.08163265306123,0.8901098901098901,0.826530612244898,0.8571428571428572,random,0,0.3,0.3,0.7666666666666667
0.9166666666666666,0.9127252,0.6666666666666665,0.58432925,3.1647740667708524,4.1973934,56.173469387755105,0.9866666666666667,0.7551020408163265,0.8554913294797689,gnn,0,0.3,0.3,0.77
0.91,0.9249898,0.6400000000000001,0.64274293,2.8485832519154033,3.1262698,56.06122448979592,0.8901098901098901,0.826530612244898,0.8571428571428572,random,0,0.3,0.3,0.77
0.92,0.91372424,0.6800000000000002,0.5890874,3.15935295885618,4.19154,55.88775510204081,0.9868421052631579,0.7653061224489796,0.8620689655172413,gnn,0,0.3,0.3,0.7733333333333333
0.91,0.92598987,0.6400000000000001,0.64750594,2.849060429590766,3.1082015,56.214285714285715,0.8901098901098901,0.826530612244898,0.8571428571428572,random,0,0.3,0.3,0.7733333333333333
0.9233333333333333,0.91472334,0.6933333333333334,0.5938459,3.1516524612024623,4.1841607,55.683673469387756,0.987012987012987,0.7755102040816326,0.8685714285714285,gnn,0,0.3,0.3,0.7766666666666666
0.91,0.92690307,0.6400000000000001,0.6518553,2.8042363040364098,3.055306,56.09183673469388,0.8901098901098901,0.826530612244898,0.8571428571428572,random,0,0.3,0.3,0.7766666666666666
0.9233333333333333,0.9157231,0.6933333333333334,0.5986075,3.151646722451265,4.1708555,55.6530612244898,0.987012987012987,0.7755102040816326,0.8685714285714285,gnn,0,0.3,0.3,0.78
0.9133333333333333,0.92790264,0.6533333333333333,0.65661603,2.786530437423887,3.039897,55.704081632653065,0.8913043478260869,0.8367346938775511,0.8631578947368421,random,0,0.3,0.3,0.78
0.9266666666666666,0.91771007,0.7066666666666666,0.608071,3.0377015927242494,4.0677257,55.06122448979592,0.9871794871794872,0.7857142857142857,0.8750000000000001,gnn,0,0.3,0.3,0.7833333333333333
0.91,0.9301055,0.6400000000000001,0.6671078,2.7069064965674072,2.83093,56.357142857142854,0.8817204301075269,0.8367346938775511,0.8586387434554974,random,0,0.3,0.3,0.7833333333333333
0.9266666666666666,0.9187207,0.7066666666666666,0.6128846,3.036615211580024,4.0602694,55.0,0.9871794871794872,0.7857142857142857,0.8750000000000001,gnn,0,0.3,0.3,0.7866666666666666
0.91,0.9301356,0.6400000000000001,0.66725117,2.708527031976951,2.8295438,56.07142857142857,0.8817204301075269,0.8367346938775511,0.8586387434554974,random,0,0.3,0.3,0.7866666666666666
0.9266666666666666,0.91872174,0.7066666666666666,0.6128894,3.036615136485543,4.060196,55.0,0.9871794871794872,0.7857142857142857,0.8750000000000001,gnn,0,0.3,0.3,0.79
0.91,0.9312671,0.6400000000000001,0.67264014,2.7017529906412587,2.785546,55.86734693877551,0.8817204301075269,0.8367346938775511,0.8586387434554974,random,0,0.3,0.3,0.79
0.93,0.9197062,0.7200000000000002,0.6175783,3.025463865484581,4.045092,54.43877551020408,0.9873417721518988,0.7959183673469388,0.8813559322033897,gnn,0,0.3,0.3,0.7933333333333333
0.91,0.93213075,0.6400000000000001,0.67675364,2.694762077532782,2.7901974,55.8469387755102,0.8817204301075269,0.8367346938775511,0.8586387434554974,random,0,0.3,0.3,0.7933333333333333
0.9333333333333333,0.9207054,0.7333333333333334,0.62233704,3.015054046677501,4.032564,54.33673469387755,0.9875,0.8061224489795918,0.8876404494382023,gnn,0,0.3,0.3,0.7966666666666666
0.9133333333333333,0.93313026,0.6533333333333333,0.6815141,2.6678411635067123,2.765548,55.857142857142854,0.8829787234042553,0.8469387755102041,0.8645833333333334,random,0,0.3,0.3,0.7966666666666666
0.9333333333333333,0.92194927,0.7333333333333334,0.62826145,2.997013171341236,3.926877,54.07142857142857,0.9875,0.8061224489795918,0.8876404494382023,gnn,0,0.3,0.3,0.8
0.9166666666666666,0.93419343,0.6666666666666665,0.68657774,2.6718396197180203,2.7575073,55.724489795918366,0.8924731182795699,0.8469387755102041,0.8691099476439791,random,0,0.3,0.3,0.8
0.9333333333333333,0.92310447,0.7333333333333334,0.6337634,2.9231489563781867,3.8288982,54.1530612244898,0.9875,0.8061224489795918,0.8876404494382023,gnn,0,0.3,0.3,0.8033333333333333
0.92,0.93556994,0.6800000000000002,0.6931337,2.6712779489158343,2.7570114,55.683673469387756,0.8936170212765957,0.8571428571428571,0.875,random,0,0.3,0.3,0.8033333333333333
0.9333333333333333,0.9241042,0.7333333333333334,0.63852495,2.9219741269782173,3.8210588,53.62244897959184,0.9875,0.8061224489795918,0.8876404494382023,gnn,0,0.3,0.3,0.8066666666666666
0.92,0.93608254,0.6800000000000002,0.6955751,2.655502064031664,2.7334492,55.724489795918366,0.8936170212765957,0.8571428571428571,0.875,random,0,0.3,0.3,0.8066666666666666
0.9366666666666666,0.9252607,0.7466666666666666,0.6440332,2.828223167696119,3.7456112,53.683673469387756,0.9876543209876543,0.8163265306122449,0.893854748603352,gnn,0,0.3,0.3,0.81
0.92,0.9370825,0.6800000000000002,0.7003378,2.654997244970285,2.7260277,55.785714285714285,0.8936170212765957,0.8571428571428571,0.875,random,0,0.3,0.3,0.81
0.9366666666666666,0.92595184,0.7466666666666666,0.6473248,2.8276261972285415,3.61927,53.58163265306123,0.9876543209876543,0.8163265306122449,0.893854748603352,gnn,0,0.3,0.3,0.8133333333333334
0.92,0.93707997,0.6800000000000002,0.70032567,2.654771982242255,2.7259483,55.714285714285715,0.8936170212765957,0.8571428571428571,0.875,random,0,0.3,0.3,0.8133333333333334
0.9366666666666666,0.9258601,0.7466666666666666,0.6468879,2.75120668261732,3.5510755,53.83673469387755,0.9876543209876543,0.8163265306122449,0.893854748603352,gnn,0,0.3,0.3,0.8166666666666667
0.92,0.93815917,0.6800000000000002,0.7054657,2.6257977846286744,2.6830044,55.704081632653065,0.8936170212765957,0.8571428571428571,0.875,random,0,0.3,0.3,0.8166666666666667
0.9366666666666666,0.9265517,0.7466666666666666,0.65018183,2.69668300499532,3.4434648,53.60204081632653,0.9876543209876543,0.8163265306122449,0.893854748603352,gnn,0,0.3,0.3,0.82
0.92,0.939292,0.6800000000000002,0.71086115,2.608360764706734,2.6255722,55.56122448979592,0.8936170212765957,0.8571428571428571,0.875,random,0,0.3,0.3,0.82
0.9366666666666666,0.9280165,0.7466666666666666,0.65715826,2.717982508669722,3.420694,53.295918367346935,0.9876543209876543,0.8163265306122449,0.893854748603352,gnn,0,0.3,0.3,0.8233333333333334
0.92,0.9405306,0.6800000000000002,0.7167603,2.604212778801785,2.6049674,55.41836734693877,0.8936170212765957,0.8571428571428571,0.875,random,0,0.3,0.3,0.8233333333333334
0.9366666666666666,0.9280787,0.7466666666666666,0.6574546,2.63834424448483,3.288195,53.40816326530612,0.9876543209876543,0.8163265306122449,0.893854748603352,gnn,0,0.3,0.3,0.8266666666666667
0.9233333333333333,0.93905437,0.6933333333333334,0.7097293,2.590506496544106,2.608161,54.66326530612245,0.9032258064516129,0.8571428571428571,0.8795811518324608,random,0,0.3,0.3,0.8266666666666667
0.9333333333333333,0.92973554,0.7333333333333334,0.6653457,2.5738222635400834,3.1547701,53.44897959183673,0.975609756097561,0.8163265306122449,0.888888888888889,gnn,0,0.3,0.3,0.83
0.9266666666666666,0.94005394,0.7066666666666666,0.71449006,2.5782744894018683,2.5929248,54.48979591836735,0.9042553191489362,0.8673469387755102,0.8854166666666667,random,0,0.3,0.3,0.83
0.9366666666666666,0.93073463,0.7466666666666666,0.6701042,2.5631764929196286,3.1419005,53.275510204081634,0.9759036144578314,0.826530612244898,0.8950276243093923,gnn,0,0.3,0.3,0.8333333333333334
0.93,0.942607,0.7200000000000002,0.72664964,2.555510136468522,2.4481165,54.3469387755102,0.9139784946236559,0.8673469387755102,0.8900523560209423,random,0,0.3,0.3,0.8333333333333334
0.9366666666666666,0.93173444,0.7466666666666666,0.6748661,2.476400192467985,3.0477037,53.183673469387756,0.9759036144578314,0.826530612244898,0.8950276243093923,gnn,0,0.3,0.3,0.8366666666666667
0.93,0.9435547,0.7200000000000002,0.7311634,2.514832800467308,2.370427,54.265306122448976,0.9139784946236559,0.8673469387755102,0.8900523560209423,random,0,0.3,0.3,0.8366666666666667
0.9366666666666666,0.93226624,0.7466666666666666,0.6773989,2.386952446563313,2.9383984,53.255102040816325,0.9759036144578314,0.826530612244898,0.8950276243093923,gnn,0,0.3,0.3,0.84
0.93,0.94496685,0.7200000000000002,0.7378892,2.513502981226732,2.361779,54.16326530612245,0.9139784946236559,0.8673469387755102,0.8900523560209423,random,0,0.3,0.3,0.84
0.94,0.9334076,0.7599999999999998,0.682835,2.3705715156379834,2.9175076,53.11224489795919,0.9761904761904762,0.8367346938775511,0.9010989010989012,gnn,0,0.3,0.3,0.8433333333333334
0.93,0.9456889,0.7200000000000002,0.7413281,2.4313795852042692,2.3168116,54.142857142857146,0.9139784946236559,0.8673469387755102,0.8900523560209423,random,0,0.3,0.3,0.8433333333333334
0.9433333333333334,0.93440676,0.7733333333333334,0.68759376,2.250816103413372,2.816984,52.62244897959184,0.9764705882352941,0.8469387755102041,0.907103825136612,gnn,0,0.3,0.3,0.8466666666666667
0.93,0.9466891,0.7200000000000002,0.74609196,2.4258498943372135,2.2943978,54.11224489795919,0.9139784946236559,0.8673469387755102,0.8900523560209423,random,0,0.3,0.3,0.8466666666666667
0.9433333333333334,0.9356549,0.7733333333333334,0.69353825,2.2444160993611666,2.803851,52.56122448979592,0.9764705882352941,0.8469387755102041,0.907103825136612,gnn,0,0.3,0.3,0.85
0.9333333333333333,0.94766665,0.7333333333333334,0.7507477,2.419747817529765,2.2889023,53.80612244897959,0.9148936170212766,0.8775510204081632,0.8958333333333333,random,0,0.3,0.3,0.85
0.9466666666666667,0.936654,0.7866666666666666,0.6982967,2.137266264248157,2.7337973,52.275510204081634,0.9767441860465116,0.8571428571428571,0.9130434782608695,gnn,0,0.3,0.3,0.8533333333333334
0.9366666666666666,0.94866616,0.7466666666666666,0.7555081,2.3764642218821326,2.2529829,53.6530612244898,0.9157894736842105,0.8877551020408163,0.9015544041450776,random,0,0.3,0.3,0.8533333333333334
0.95,0.937653,0.7999999999999998,0.7030549,2.130278826635612,2.7283745,52.02040816326531,0.9770114942528736,0.8673469387755102,0.9189189189189189,gnn,0,0.3,0.3,0.8566666666666667
0.9366666666666666,0.949666,0.7466666666666666,0.7602703,2.375006753310336,2.2441123,53.53061224489796,0.9157894736842105,0.8877551020408163,0.9015544041450776,random,0,0.3,0.3,0.8566666666666667
0.95,0.9392356,0.7999999999999998,0.71059257,2.1117757987264554,2.7161596,52.04081632653061,0.9770114942528736,0.8673469387755102,0.9189189189189189,gnn,0,0.3,0.3,0.86
0.9366666666666666,0.950666,0.7466666666666666,0.765033,2.373166888311264,2.2265933,53.48979591836735,0.9157894736842105,0.8877551020408163,0.9015544041450776,random,0,0.3,0.3,0.86
0.95,0.9402357,0.7999999999999998,0.7153556,2.0873940871439722,2.7107835,51.785714285714285,0.9770114942528736,0.8673469387755102,0.9189189189189189,gnn,0,0.3,0.3,0.8633333333333333
0.94,0.95181155,0.7599999999999998,0.770489,2.264386876972006,2.1336038,53.357142857142854,0.9166666666666666,0.8979591836734694,0.9072164948453607,random,0,0.3,0.3,0.8633333333333333
0.95,0.94097817,0.7999999999999998,0.7188919,2.082875555768202,2.6953125,51.8469387755102,0.9770114942528736,0.8673469387755102,0.9189189189189189,gnn,0,0.3,0.3,0.8666666666666667
0.94,0.95259255,0.7599999999999998,0.7742087,2.2443008185465008,2.085923,53.255102040816325,0.9166666666666666,0.8979591836734694,0.9072164948453607,random,0,0.3,0.3,0.8666666666666667
0.95,0.9419779,0.7999999999999998,0.7236535,2.0749276091730615,2.6287172,51.94897959183673,0.9770114942528736,0.8673469387755102,0.9189189189189189,gnn,0,0.3,0.3,0.87
0.94,0.9525938,0.7599999999999998,0.7742147,2.2443008256701282,2.0858896,53.265306122448976,0.9166666666666666,0.8979591836734694,0.9072164948453607,random,0,0.3,0.3,0.87
0.95,0.9429777,0.7999999999999998,0.72841537,2.074423285428347,2.6212952,51.92857142857143,0.9770114942528736,0.8673469387755102,0.9189189189189189,gnn,0,0.3,0.3,0.8733333333333333
0.94,0.95372236,0.7599999999999998,0.7795897,2.2387367825751445,2.0656128,53.204081632653065,0.9166666666666666,0.8979591836734694,0.9072164948453607,random,0,0.3,0.3,0.8733333333333333
0.9466666666666667,0.94425446,0.7866666666666666,0.7344962,1.9591364036572039,2.4947503,51.87755102040816,0.9659090909090909,0.8673469387755102,0.9139784946236559,gnn,0,0.3,0.3,0.8766666666666667
0.94,0.953722,0.7599999999999998,0.779588,2.2387339385690224,2.0656302,52.39795918367347,0.9166666666666666,0.8979591836734694,0.9072164948453607,random,0,0.3,0.3,0.8766666666666667
0.9466666666666667,0.94478625,0.7866666666666666,0.737029,1.9297212159871007,2.389594,51.795918367346935,0.9659090909090909,0.8673469387755102,0.9139784946236559,gnn,0,0.3,0.3,0.88
0.94,0.9540935,0.7599999999999998,0.78135747,2.2367242175038395,2.0427277,52.39795918367347,0.9166666666666666,0.8979591836734694,0.9072164948453607,random,0,0.3,0.3,0.88
0.95,0.94578534,0.7999999999999998,0.74178743,1.921255226229631,2.3817632,51.66326530612245,0.9662921348314607,0.8775510204081632,0.9197860962566844,gnn,0,0.3,0.3,0.8833333333333333
0.94,0.955437,0.7599999999999998,0.7877562,2.226213666274045,2.0128174,52.30612244897959,0.9166666666666666,0.8979591836734694,0.9072164948453607,random,0,0.3,0.3,0.8833333333333333
0.9533333333333334,0.94678444,0.8133333333333335,0.7465459,1.9018166839185036,2.369653,51.48979591836735,0.9666666666666667,0.8877551020408163,0.9255319148936171,gnn,0,0.3,0.3,0.8866666666666667
0.94,0.9568081,0.7599999999999998,0.7942864,2.2248831161478106,1.9939502,52.244897959183675,0.9166666666666666,0.8979591836734694,0.9072164948453607,random,0,0.3,0.3,0.8866666666666667
0.9533333333333334,0.94778425,0.8133333333333335,0.7513078,1.8987629268183843,2.35777,51.45918367346939,0.9666666666666667,0.8877551020408163,0.9255319148936171,gnn,0,0.3,0.3,0.89
0.9433333333333334,0.9578077,0.7733333333333334,0.7990474,2.2126710173473936,1.9799721,52.07142857142857,0.9175257731958762,0.9081632653061225,0.9128205128205128,random,0,0.3,0.3,0.89
0.9533333333333334,0.9476894,0.8133333333333335,0.7508561,1.8559157965195883,2.2481546,51.61224489795919,0.9666666666666667,0.8877551020408163,0.9255319148936171,gnn,0,0.3,0.3,0.8933333333333333
0.9466666666666667,0.9573566,0.7866666666666666,0.79689866,2.1864834528687864,1.9837449,51.13265306122449,0.9270833333333334,0.9081632653061225,0.9175257731958762,random,0,0.3,0.3,0.8933333333333333
0.95,0.9489582,0.7999999999999998,0.7568992,1.8487439138116337,2.184246,51.61224489795919,0.9560439560439561,0.8877551020408163,0.9206349206349207,gnn,0,0.3,0.3,0.8966666666666666
0.9466666666666667,0.95837903,0.7866666666666666,0.8017684,2.174029625996283,1.9357476,51.07142857142857,0.9270833333333334,0.9081632653061225,0.9175257731958762,random,0,0.3,0.3,0.8966666666666666
0.9533333333333334,0.94995725,0.8133333333333335,0.76165736,1.8291992777195432,2.1678517,51.3469387755102,0.9565217391304348,0.8979591836734694,0.9263157894736843,gnn,0,0.3,0.3,0.9
0.9466666666666667,0.9590684,0.7866666666666666,0.8050518,2.1790836036773182,1.9293486,51.01020408163265,0.9270833333333334,0.9081632653061225,0.9175257731958762,random,0,0.3,0.3,0.9
0.9533333333333334,0.95107603,0.8133333333333335,0.76698583,1.8215959085297344,2.152784,51.33673469387755,0.9565217391304348,0.8979591836734694,0.9263157894736843,gnn,0,0.3,0.3,0.9033333333333333
0.9466666666666667,0.9590686,0.7866666666666666,0.8050527,2.1790836093011823,1.9293278,51.01020408163265,0.9270833333333334,0.9081632653061225,0.9175257731958762,random,0,0.3,0.3,0.9033333333333333
0.9533333333333334,0.95098126,0.8133333333333335,0.76653445,1.8112617576459131,2.0409844,51.5,0.9565217391304348,0.8979591836734694,0.9263157894736843,gnn,0,0.3,0.3,0.9066666666666666
0.9466666666666667,0.95961386,0.7866666666666666,0.8076497,2.172745778124344,1.9098306,50.98979591836735,0.9270833333333334,0.9081632653061225,0.9175257731958762,random,0,0.3,0.3,0.9066666666666666
0.9533333333333334,0.95151633,0.8133333333333335,0.7690829,1.7959707488854209,2.0288663,51.47959183673469,0.9565217391304348,0.8979591836734694,0.9263157894736843,gnn,0,0.3,0.3,0.91
0.95,0.9582436,0.7999999999999998,0.80112344,2.1661111501743515,1.9104708,50.98979591836735,0.9368421052631579,0.9081632653061225,0.922279792746114,random,0,0.3,0.3,0.91
0.9533333333333334,0.9525161,0.8133333333333335,0.7738445,1.7732427642351096,2.0153997,51.41836734693877,0.9565217391304348,0.8979591836734694,0.9263157894736843,gnn,0,0.3,0.3,0.9133333333333333
0.9533333333333334,0.9592432,0.8133333333333335,0.8058842,2.1565505114436436,1.9008826,50.8469387755102,0.9375,0.9183673469387755,0.9278350515463918,random,0,0.3,0.3,0.9133333333333333
0.9533333333333334,0.95334667,0.8133333333333335,0.7778004,1.7674417990067384,2.0051816,51.48979591836735,0.9565217391304348,0.8979591836734694,0.9263157894736843,gnn,0,0.3,0.3,0.9166666666666666
0.95,0.9604185,0.7999999999999998,0.8114821,2.0876247190510955,1.7986356,50.93877551020408,0.9278350515463918,0.9183673469387755,0.923076923076923,random,0,0.3,0.3,0.9166666666666666
0.9533333333333334,0.954475,0.8133333333333335,0.78317434,1.76188040605069,1.9848759,51.37755102040816,0.9565217391304348,0.8979591836734694,0.9263157894736843,gnn,0,0.3,0.3,0.92
0.95,0.96141833,0.7999999999999998,0.81624395,2.0684280111270192,1.7833968,50.857142857142854,0.9278350515463918,0.9183673469387755,0.923076923076923,random,0,0.3,0.3,0.92
0.9533333333333334,0.95547473,0.8133333333333335,0.7879359,1.761303587994634,1.9713883,51.33673469387755,0.9565217391304348,0.8979591836734694,0.9263157894736843,gnn,0,0.3,0.3,0.9233333333333333
0.9533333333333334,0.9624179,0.8133333333333335,0.8210047,2.0600010615195132,1.7756089,51.316326530612244,0.9285714285714286,0.9285714285714286,0.9285714285714286,random,0,0.3,0.3,0.9233333333333333
0.9533333333333334,0.95600945,0.8133333333333335,0.79048264,1.654782193718818,1.916565,51.33673469387755,0.9565217391304348,0.8979591836734694,0.9263157894736843,gnn,0,0.3,0.3,0.9266666666666666
0.9533333333333334,0.9634162,0.8133333333333335,0.8257595,1.949275224076775,1.7710966,51.285714285714285,0.9285714285714286,0.9285714285714286,0.9285714285714286,random,0,0.3,0.3,0.9266666666666666
0.9533333333333334,0.9570092,0.8133333333333335,0.7952442,1.6401666984073513,1.8950913,51.265306122448976,0.9565217391304348,0.8979591836734694,0.9263157894736843,gnn,0,0.3,0.3,0.93
0.9566666666666667,0.963131,0.8266666666666667,0.8244011,1.9197518831082236,1.7765774,50.87755102040816,0.9381443298969072,0.9285714285714286,0.9333333333333333,random,0,0.3,0.3,0.93
0.9533333333333334,0.95800894,0.8133333333333335,0.8000058,1.6332613385960622,1.8779979,51.234693877551024,0.9565217391304348,0.8979591836734694,0.9263157894736843,gnn,0,0.3,0.3,0.9333333333333333
0.9566666666666667,0.9641309,0.8266666666666667,0.8291632,1.8509208755638744,1.7099805,50.86734693877551,0.9381443298969072,0.9285714285714286,0.9333333333333333,random,0,0.3,0.3,0.9333333333333333
0.9533333333333334,0.95841044,0.8133333333333335,0.801918,1.6199028046013764,1.812938,51.234693877551024,0.9565217391304348,0.8979591836734694,0.9263157894736843,gnn,0,0.3,0.3,0.9366666666666666
0.9566666666666667,0.9643949,0.8266666666666667,0.83042085,1.7654930672474147,1.683735,50.63265306122449,0.9381443298969072,0.9285714285714286,0.9333333333333333,random,0,0.3,0.3,0.9366666666666666
0.9566666666666667,0.9594095,0.8266666666666667,0.8066762,1.6003583234746561,1.7965434,51.12244897959184,0.956989247311828,0.9081632653061225,0.9319371727748691,gnn,0,0.3,0.3,0.94
0.9566666666666667,0.9653947,0.8266666666666667,0.8351824,1.7492584960147346,1.6745429,50.58163265306123,0.9381443298969072,0.9285714285714286,0.9333333333333333,random,0,0.3,0.3,0.94
0.96,0.9604085,0.8399999999999999,0.8114344,1.5511824156609502,1.7454063,50.88775510204081,0.9574468085106383,0.9183673469387755,0.9375000000000001,gnn,0,0.3,0.3,0.9433333333333334
0.96,0.96552074,0.8399999999999999,0.8357828,1.757168022869097,1.6714892,50.52040816326531,0.9479166666666666,0.9285714285714286,0.9381443298969072,random,0,0.3,0.3,0.9433333333333334
0.96,0.9617873,0.8399999999999999,0.8180012,1.536622919682717,1.6898556,50.80612244897959,0.9574468085106383,0.9183673469387755,0.9375000000000001,gnn,0,0.3,0.3,0.9466666666666667
0.96,0.9665199,0.8399999999999999,0.84054154,1.685854393589232,1.6645133,50.5,0.9479166666666666,0.9285714285714286,0.9381443298969072,random,0,0.3,0.3,0.9466666666666667
0.96,0.9627871,0.8399999999999999,0.8227631,1.5360725876806143,1.6820099,50.80612244897959,0.9574468085106383,0.9183673469387755,0.9375000000000001,gnn,0,0.3,0.3,0.95
0.9633333333333334,0.9675189,0.8533333333333335,0.8452997,1.6663097349003901,1.6481189,50.37755102040816,0.9484536082474226,0.9387755102040817,0.9435897435897437,random,0,0.3,0.3,0.95
0.9633333333333334,0.9637861,0.8533333333333335,0.82752126,1.52393879188579,1.668219,50.6530612244898,0.9578947368421052,0.9285714285714286,0.9430051813471502,gnn,0,0.3,0.3,0.9533333333333334
0.9666666666666667,0.9657355,0.8666666666666667,0.83680564,1.6671161715626726,1.643062,50.357142857142854,0.9583333333333334,0.9387755102040817,0.9484536082474228,random,0,0.3,0.3,0.9533333333333334
0.9666666666666667,0.96478516,0.8666666666666667,0.83227944,1.5118049960909663,1.6544281,50.47959183673469,0.9583333333333334,0.9387755102040817,0.9484536082474228,gnn,0,0.3,0.3,0.9566666666666667
0.97,0.96681446,0.8799999999999999,0.8419445,1.645737165169638,1.6227386,50.244897959183675,0.9587628865979382,0.9489795918367347,0.9538461538461539,random,0,0.3,0.3,0.9566666666666667
0.9666666666666667,0.9657849,0.8666666666666667,0.837041,1.511212943520477,1.6380191,50.5,0.9583333333333334,0.9387755102040817,0.9484536082474228,gnn,0,0.3,0.3,0.96
0.97,0.9678142,0.8799999999999999,0.8467061,1.6410971185965275,1.5891365,50.224489795918366,0.9587628865979382,0.9489795918367347,0.9538461538461539,random,0,0.3,0.3,0.96
0.97,0.96678406,0.8799999999999999,0.84179974,1.505359756106865,1.6317924,50.38775510204081,0.9587628865979382,0.9489795918367347,0.9538461538461539,gnn,0,0.3,0.3,0.9633333333333334
0.9733333333333334,0.9688133,0.8933333333333335,0.85146457,1.6341096812716416,1.5837135,50.11224489795919,0.9591836734693877,0.9591836734693877,0.9591836734693877,random,0,0.3,0.3,0.9633333333333334
0.9733333333333334,0.9677831,0.8933333333333335,0.8465579,1.4858150974180229,1.615398,50.234693877551024,0.9591836734693877,0.9591836734693877,0.9591836734693877,gnn,0,0.3,0.3,0.9666666666666667
0.9766666666666667,0.96981233,0.9066666666666667,0.85622275,1.436503833635623,1.4990549,50.0,0.9595959595959596,0.9693877551020408,0.964467005076142,random,0,0.3,0.3,0.9666666666666667
0.9733333333333334,0.96878284,0.8933333333333335,0.8513195,1.4486522068758496,1.5669706,50.1530612244898,0.9591836734693877,0.9591836734693877,0.9591836734693877,gnn,0,0.3,0.3,0.97
0.98,0.9708115,0.9199999999999999,0.8609815,1.3737476642907058,1.4506356,49.88775510204081,0.96,0.9795918367346939,0.9696969696969697,random,0,0.3,0.3,0.97
0.9733333333333334,0.9694646,0.8933333333333335,0.8545666,1.366048114844864,1.5137573,50.1530612244898,0.9591836734693877,0.9591836734693877,0.9591836734693877,gnn,0,0.3,0.3,0.9733333333333334
0.98,0.9711957,0.9199999999999999,0.8628114,1.370364994449196,1.428157,49.88775510204081,0.96,0.9795918367346939,0.9696969696969697,random,0,0.3,0.3,0.9733333333333334
0.9766666666666667,0.9704637,0.9066666666666667,0.85932505,1.3032919454999468,1.4653381,50.02040816326531,0.9595959595959596,0.9693877551020408,0.964467005076142,gnn,0,0.3,0.3,0.9766666666666667
0.98,0.97208333,0.9199999999999999,0.867039,1.36488333058449,1.4052922,49.857142857142854,0.96,0.9795918367346939,0.9696969696969697,random,0,0.3,0.3,0.9766666666666667
0.9766666666666667,0.9714724,0.9066666666666667,0.8641292,1.297564893903016,1.4283752,49.98979591836735,0.9595959595959596,0.9693877551020408,0.964467005076142,gnn,0,0.3,0.3,0.98
0.9833333333333333,0.972028,0.9333333333333331,0.8667756,1.204958266696277,1.4190323,49.826530612244895,0.9696969696969697,0.9795918367346939,0.9746192893401016,random,0,0.3,0.3,0.98
0.9766666666666667,0.97245485,0.9066666666666667,0.86880845,1.2932678231007817,1.4162688,49.95918367346939,0.9595959595959596,0.9693877551020408,0.964467005076142,gnn,0,0.3,0.3,0.9833333333333333
0.98,0.97330475,0.9199999999999999,0.8728564,1.1081874059736738,1.3113122,49.88775510204081,0.96,0.9795918367346939,0.9696969696969697,random,0,0.3,0.3,0.9833333333333333
0.98,0.9734539,0.9199999999999999,0.8735666,1.2737231644119398,1.3998744,49.83673469387755,0.96,0.9795918367346939,0.9696969696969697,gnn,0,0.3,0.3,0.9866666666666667
0.98,0.97330475,0.9199999999999999,0.8728564,1.1081874059731733,1.3113122,49.88775510204081,0.96,0.9795918367346939,0.9696969696969697,random,0,0.3,0.3,0.9866666666666667
0.98,0.97362745,0.9199999999999999,0.8743933,1.167575176726721,1.3534904,49.83673469387755,0.96,0.9795918367346939,0.9696969696969697,gnn,0,0.3,0.3,0.99
0.98,0.9747461,0.9199999999999999,0.8797212,1.1043530312662135,1.3054749,49.86734693877551,0.96,0.9795918367346939,0.9696969696969697,random,0,0.3,0.3,0.99
0.9833333333333333,0.9746265,0.9333333333333331,0.87915146,1.1480305161134874,1.337096,49.734693877551024,0.9603960396039604,0.9897959183673469,0.9748743718592964,gnn,0,0.3,0.3,0.9933333333333333
0.9833333333333333,0.97574526,0.9333333333333331,0.88448,1.0993538554418025,1.3010732,49.765306122448976,0.9603960396039604,0.9897959183673469,0.9748743718592964,random,0,0.3,0.3,0.9933333333333333
0.9833333333333333,0.9756966,0.9333333333333331,0.8842483,1.1416731488905734,1.3224427,49.724489795918366,0.9603960396039604,0.9897959183673469,0.9748743718592964,gnn,0,0.3,0.3,0.9966666666666667
0.9866666666666667,0.97668314,0.9466666666666668,0.8889469,1.098390052680488,1.2880646,49.66326530612245,0.9607843137254902,1.0,0.98,random,0,0.3,0.3,0.9966666666666667
0.9866666666666667,0.9766958,0.9466666666666668,0.8890071,1.0983839846380326,1.2865382,49.62244897959184,0.9607843137254902,1.0,0.98,gnn,0,0.3,0.3,1.0
0.9866666666666667,0.9766958,0.9466666666666668,0.8890071,1.0983839846380326,1.2865382,49.62244897959184,0.9607843137254902,1.0,0.98,random,0,0.3,0.3,1.0
0.6966666666666667,0.7002052,-0.2297297297297296,-0.41779917,16.711180158101932,20.217905,147.01123595505618,0.0,0.0,0.0,gnn,1,0.3,0.3,0.0033333333333333335
0.7066666666666667,0.7020247,-0.18918918918918903,-0.40919438,16.480014666690433,20.124817,143.6629213483146,1.0,0.011235955056179775,0.02222222222222222,random,1,0.3,0.3,0.0033333333333333335
0.7,0.7021977,-0.21621621621621623,-0.40837637,16.35608832899928,19.910463,146.65168539325842,0.3333333333333333,0.011235955056179775,0.021739130434782608,gnn,1,0.3,0.3,0.006666666666666667
0.71,0.7030242,-0.17567567567567566,-0.40446746,16.459277099836033,20.099379,141.93258426966293,1.0,0.02247191011235955,0.04395604395604395,random,1,0.3,0.3,0.006666666666666667
0.7,0.70297873,-0.21621621621621623,-0.40468255,16.33365891560314,19.88405,140.61797752808988,0.3333333333333333,0.011235955056179775,0.021739130434782608,gnn,1,0.3,0.3,0.01
0.71,0.70245385,-0.17567567567567566,-0.4071648,16.197998915170345,19.975433,139.8876404494382,1.0,0.02247191011235955,0.04395604395604395,random,1,0.3,0.3,0.01
0.7,0.7025407,-0.21621621621621623,-0.4067541,16.154684068036815,19.832258,142.59550561797752,0.3333333333333333,0.011235955056179775,0.021739130434782608,gnn,1,0.3,0.3,0.013333333333333334
0.71,0.703176,-0.17567567567567566,-0.40374953,16.118967713595186,19.88344,142.7078651685393,1.0,0.02247191011235955,0.04395604395604395,random,1,0.3,0.3,0.013333333333333334
0.7033333333333334,0.70354027,-0.2027027027027024,-0.40202692,16.07998112814218,19.684322,137.19101123595505,0.5,0.02247191011235955,0.04301075268817204,gnn,1,0.3,0.3,0.016666666666666666
0.71,0.7038982,-0.17567567567567566,-0.4003342,16.016143610759613,19.78654,142.82022471910113,1.0,0.02247191011235955,0.04395604395604395,random,1,0.3,0.3,0.016666666666666666
0.7033333333333334,0.7048672,-0.2027027027027024,-0.39575163,16.15733874264114,19.668495,134.76404494382024,0.5,0.02247191011235955,0.04301075268817204,gnn,1,0.3,0.3,0.02
0.71,0.7038368,-0.17567567567567566,-0.40062454,15.882906355902563,19.715359,141.92134831460675,1.0,0.02247191011235955,0.04395604395604395,random,1,0.3,0.3,0.02
0.7033333333333334,0.7056831,-0.2027027027027024,-0.3918929,16.15108948764248,19.656195,137.1123595505618,0.5,0.02247191011235955,0.04301075268817204,gnn,1,0.3,0.3,0.023333333333333334
0.7133333333333334,0.7048363,-0.16216216216216184,-0.39589763,15.754755014549543,19.542711,138.62921348314606,1.0,0.033707865168539325,0.06521739130434782,random,1,0.3,0.3,0.023333333333333334
0.7066666666666667,0.7066827,-0.18918918918918903,-0.3871657,16.03355686722839,19.504911,127.69662921348315,0.6,0.033707865168539325,0.06382978723404255,gnn,1,0.3,0.3,0.02666666666666667
0.7166666666666667,0.7058359,-0.14864864864864846,-0.39117044,15.433422488048285,19.180395,134.96629213483146,1.0,0.0449438202247191,0.08602150537634408,random,1,0.3,0.3,0.02666666666666667
0.71,0.70735514,-0.17567567567567566,-0.3839855,15.742451409768067,19.364935,127.24719101123596,0.6666666666666666,0.0449438202247191,0.08421052631578947,gnn,1,0.3,0.3,0.03
0.7166666666666667,0.706558,-0.14864864864864846,-0.3877554,15.426242454735517,19.117105,139.73033707865167,1.0,0.0449438202247191,0.08602150537634408,random,1,0.3,0.3,0.03
0.71,0.7077228,-0.17567567567567566,-0.38224682,15.61467977197621,19.318737,130.19101123595505,0.6666666666666666,0.0449438202247191,0.08421052631578947,gnn,1,0.3,0.3,0.03333333333333333
0.72,0.7075575,-0.1351351351351351,-0.38302848,15.239270739968685,18.936337,133.62921348314606,1.0,0.056179775280898875,0.10638297872340426,random,1,0.3,0.3,0.03333333333333333
0.71,0.7084449,-0.17567567567567566,-0.3788318,15.557754192837074,19.207302,129.7078651685393,0.6666666666666666,0.0449438202247191,0.08421052631578947,gnn,1,0.3,0.3,0.03666666666666667
0.72,0.7082796,-0.1351351351351351,-0.37961346,15.182392846516501,18.824902,145.34831460674158,1.0,0.056179775280898875,0.10638297872340426,random,1,0.3,0.3,0.03666666666666667
0.7133333333333334,0.7094444,-0.16216216216216184,-0.3741049,15.512070681536658,19.155964,130.52808988764045,0.7142857142857143,0.056179775280898875,0.10416666666666666,gnn,1,0.3,0.3,0.04
0.7233333333333334,0.7092792,-0.12162162162162127,-0.37488627,15.08928296740598,18.662882,134.9438202247191,1.0,0.06741573033707865,0.12631578947368421,random,1,0.3,0.3,0.04
0.7133333333333334,0.7097515,-0.16216216216216184,-0.37265262,15.113843684045639,18.849236,127.07865168539325,0.6666666666666666,0.06741573033707865,0.12244897959183673,gnn,1,0.3,0.3,0.043333333333333335
0.7266666666666667,0.71027875,-0.10810810810810789,-0.37015906,15.060217578943533,18.625639,138.79775280898878,1.0,0.07865168539325842,0.14583333333333334,random,1,0.3,0.3,0.043333333333333335
0.7166666666666667,0.71075106,-0.14864864864864846,-0.3679254,14.667758784994046,18.489023,126.87640449438203,0.7,0.07865168539325842,0.1414141414141414,gnn,1,0.3,0.3,0.04666666666666667
0.73,0.7112782,-0.09459459459459452,-0.36543244,14.966559568144142,18.528164,141.4943820224719,1.0,0.0898876404494382,0.16494845360824742,random,1,0.3,0.3,0.04666666666666667
0.72,0.71175057,-0.1351351351351351,-0.3631985,14.648440298989687,18.426455,129.03370786516854,0.7272727272727273,0.0898876404494382,0.16,gnn,1,0.3,0.3,0.05
0.7333333333333333,0.7132732,-0.08108108108108114,-0.35599747,14.736425800608561,18.267406,133.1123595505618,1.0,0.10112359550561797,0.18367346938775508,random,1,0.3,0.3,0.05
0.72,0.7128669,-0.1351351351351351,-0.3579191,14.658320596533104,18.407232,130.7078651685393,0.7272727272727273,0.0898876404494382,0.16,gnn,1,0.3,0.3,0.05333333333333334
0.7333333333333333,0.7148117,-0.08108108108108114,-0.34872177,14.825254868282045,18.204662,138.2921348314607,1.0,0.10112359550561797,0.18367346938775508,random,1,0.3,0.3,0.05333333333333334
0.7233333333333334,0.7138665,-0.12162162162162127,-0.35319188,14.586136120026174,18.278137,126.82022471910112,0.75,0.10112359550561797,0.17821782178217818,gnn,1,0.3,0.3,0.056666666666666664
0.7366666666666667,0.71581125,-0.06756756756756732,-0.34399456,14.736398381785326,18.090303,140.87640449438203,1.0,0.11235955056179775,0.20202020202020202,random,1,0.3,0.3,0.056666666666666664
0.7266666666666667,0.71586466,-0.10810810810810789,-0.343742,14.467032567847346,18.063398,125.84269662921348,0.7692307692307693,0.11235955056179775,0.19607843137254902,gnn,1,0.3,0.3,0.06
0.7333333333333333,0.7178109,-0.08108108108108114,-0.33453763,14.276176263577455,17.635263,134.37078651685394,0.9090909090909091,0.11235955056179775,0.19999999999999998,random,1,0.3,0.3,0.06
0.7266666666666667,0.71658677,-0.10810810810810789,-0.34032696,14.371971087491936,17.968431,121.28089887640449,0.7692307692307693,0.11235955056179775,0.19607843137254902,gnn,1,0.3,0.3,0.06333333333333334
0.7366666666666667,0.7188105,-0.06756756756756732,-0.32981044,13.833663832041385,17.285355,123.69662921348315,0.9166666666666666,0.12359550561797752,0.21782178217821782,random,1,0.3,0.3,0.06333333333333334
0.7266666666666667,0.7171924,-0.10810810810810789,-0.33746275,14.246969043005986,17.89245,128.7078651685393,0.7692307692307693,0.11235955056179775,0.19607843137254902,gnn,1,0.3,0.3,0.06666666666666667
0.74,0.71793973,-0.054054054054053946,-0.3339285,13.775303147239205,17.23747,125.8314606741573,0.8666666666666667,0.14606741573033707,0.25,random,1,0.3,0.3,0.06666666666666667
0.73,0.7181919,-0.09459459459459452,-0.33273584,14.138214582770646,17.780277,125.4494382022472,0.7857142857142857,0.12359550561797752,0.21359223300970875,gnn,1,0.3,0.3,0.07
0.7366666666666667,0.7188263,-0.06756756756756732,-0.32973573,13.909113131890972,16.993633,123.65168539325843,0.8125,0.14606741573033707,0.2476190476190476,random,1,0.3,0.3,0.07
0.7333333333333333,0.7191915,-0.08108108108108114,-0.32800862,14.123583703720803,17.748919,125.52808988764045,0.8,0.1348314606741573,0.23076923076923075,gnn,1,0.3,0.3,0.07333333333333333
0.7366666666666667,0.71954846,-0.06756756756756732,-0.32632044,13.815696369659141,16.92057,126.7752808988764,0.8125,0.14606741573033707,0.2476190476190476,random,1,0.3,0.3,0.07333333333333333
0.7333333333333333,0.7199136,-0.08108108108108114,-0.3245936,14.067486579333972,17.652128,121.49438202247191,0.8,0.1348314606741573,0.23076923076923075,gnn,1,0.3,0.3,0.07666666666666666
0.7366666666666667,0.7202706,-0.06756756756756732,-0.3229054,13.737846616580555,16.838846,127.73033707865169,0.8125,0.14606741573033707,0.2476190476190476,random,1,0.3,0.3,0.07666666666666666
0.73,0.7214197,-0.09459459459459452,-0.31747097,13.999848160365758,17.429182,125.25842696629213,0.75,0.1348314606741573,0.22857142857142856,gnn,1,0.3,0.3,0.08
0.7366666666666667,0.72217846,-0.06756756756756732,-0.31388256,13.765997065996922,16.800154,123.19101123595506,0.8125,0.14606741573033707,0.2476190476190476,random,1,0.3,0.3,0.08
0.7333333333333333,0.7224192,-0.08108108108108114,-0.31274405,13.855901434418096,17.30119,125.26966292134831,0.7647058823529411,0.14606741573033707,0.2452830188679245,gnn,1,0.3,0.3,0.08333333333333333
0.74,0.72317797,-0.054054054054053946,-0.30915564,13.72031345694914,16.748816,123.42696629213484,0.8235294117647058,0.15730337078651685,0.2641509433962264,random,1,0.3,0.3,0.08333333333333333
0.7333333333333333,0.72315234,-0.08108108108108114,-0.30927688,13.915688630403942,17.127892,125.28089887640449,0.7647058823529411,0.14606741573033707,0.2452830188679245,gnn,1,0.3,0.3,0.08666666666666667
0.7433333333333333,0.72417754,-0.04054054054054057,-0.30442846,13.654909125790745,16.684597,122.34831460674157,0.8333333333333334,0.16853932584269662,0.2803738317757009,random,1,0.3,0.3,0.08666666666666667
0.7333333333333333,0.7238745,-0.08108108108108114,-0.30586156,13.823043047550033,17.018461,118.93258426966293,0.7647058823529411,0.14606741573033707,0.2452830188679245,gnn,1,0.3,0.3,0.09
0.74,0.7261751,-0.054054054054053946,-0.2949814,13.560296531299395,16.377201,126.03370786516854,0.7894736842105263,0.16853932584269662,0.2777777777777778,random,1,0.3,0.3,0.09
0.7333333333333333,0.7245967,-0.08108108108108114,-0.30244625,13.75357325822583,16.957819,116.03370786516854,0.7647058823529411,0.14606741573033707,0.2452830188679245,gnn,1,0.3,0.3,0.09333333333333334
0.7366666666666667,0.7281601,-0.06756756756756732,-0.28559408,13.374174675370629,16.08896,129.74157303370785,0.75,0.16853932584269662,0.27522935779816515,random,1,0.3,0.3,0.09333333333333334
0.7333333333333333,0.7255965,-0.08108108108108114,-0.29771793,13.684742251145234,16.89122,115.97752808988764,0.7647058823529411,0.14606741573033707,0.2452830188679245,gnn,1,0.3,0.3,0.09666666666666666
0.7366666666666667,0.72888225,-0.06756756756756732,-0.28217876,13.28507615361717,16.009655,126.96629213483146,0.75,0.16853932584269662,0.27522935779816515,random,1,0.3,0.3,0.09666666666666666
0.7366666666666667,0.727828,-0.06756756756756732,-0.28716445,13.589957762179377,16.675312,124.58426966292134,0.7777777777777778,0.15730337078651685,0.2616822429906542,gnn,1,0.3,0.3,0.1
0.7366666666666667,0.73091567,-0.06756756756756732,-0.2725623,13.302291633371476,15.9535885,124.38202247191012,0.75,0.16853932584269662,0.27522935779816515,random,1,0.3,0.3,0.1
0.74,0.7295067,-0.054054054054053946,-0.27922577,13.322357440416216,16.396954,124.20224719101124,0.7894736842105263,0.16853932584269662,0.2777777777777778,gnn,1,0.3,0.3,0.10333333333333333
0.74,0.7319154,-0.054054054054053946,-0.26783425,13.18458321111858,15.805602,126.12359550561797,0.7619047619047619,0.1797752808988764,0.2909090909090909,random,1,0.3,0.3,0.10333333333333333
0.74,0.73025423,-0.054054054054053946,-0.27569038,13.249516371649122,16.308939,119.68539325842697,0.7894736842105263,0.16853932584269662,0.2777777777777778,gnn,1,0.3,0.3,0.10666666666666667
0.7433333333333333,0.73291516,-0.04054054054054057,-0.2631062,13.117302819533542,15.681424,118.65168539325843,0.7727272727272727,0.19101123595505617,0.3063063063063063,random,1,0.3,0.3,0.10666666666666667
0.74,0.73098046,-0.054054054054053946,-0.2722559,13.179913961407324,16.225044,116.61797752808988,0.7894736842105263,0.16853932584269662,0.2777777777777778,gnn,1,0.3,0.3,0.11
0.7533333333333333,0.73203945,0.0,-0.26724765,12.851580341887882,15.610149,119.41573033707866,0.8,0.2247191011235955,0.3508771929824562,random,1,0.3,0.3,0.11
0.74,0.73174727,-0.054054054054053946,-0.26862943,13.169597016921639,16.16011,116.65168539325843,0.7894736842105263,0.16853932584269662,0.2777777777777778,gnn,1,0.3,0.3,0.11333333333333333
0.7466666666666667,0.7318386,-0.027027027027026748,-0.2681976,12.832925383993816,15.53582,121.51685393258427,0.7407407407407407,0.2247191011235955,0.3448275862068966,random,1,0.3,0.3,0.11333333333333333
0.74,0.7327369,-0.054054054054053946,-0.26394933,13.1186652995031,16.130888,119.66292134831461,0.7894736842105263,0.16853932584269662,0.2777777777777778,gnn,1,0.3,0.3,0.11666666666666667
0.75,0.73283833,-0.013513513513513374,-0.26346955,12.626178265316824,15.336826,119.88764044943821,0.75,0.23595505617977527,0.3589743589743589,random,1,0.3,0.3,0.11666666666666667
0.7433333333333333,0.7337364,-0.04054054054054057,-0.25922242,13.043736568106203,16.056631,120.38202247191012,0.8,0.1797752808988764,0.29357798165137616,gnn,1,0.3,0.3,0.12
0.7466666666666667,0.73483557,-0.027027027027026748,-0.25402418,12.837678232987576,15.033528,119.66292134831461,0.7241379310344828,0.23595505617977527,0.35593220338983045,random,1,0.3,0.3,0.12
0.74,0.7352171,-0.054054054054053946,-0.25221983,12.912910265789424,15.929134,119.38202247191012,0.7619047619047619,0.1797752808988764,0.2909090909090909,gnn,1,0.3,0.3,0.12333333333333334
0.7466666666666667,0.7375124,-0.027027027027026748,-0.24136476,12.947720492177483,14.976621,118.6067415730337,0.7241379310344828,0.23595505617977527,0.35593220338983045,random,1,0.3,0.3,0.12333333333333334
0.74,0.73512226,-0.054054054054053946,-0.25266832,12.794234603403295,15.744712,117.70786516853933,0.7619047619047619,0.1797752808988764,0.2909090909090909,gnn,1,0.3,0.3,0.12666666666666668
0.7466666666666667,0.7382346,-0.027027027027026748,-0.23794945,12.853358711920178,14.871276,118.06741573033707,0.7241379310344828,0.23595505617977527,0.35593220338983045,random,1,0.3,0.3,0.12666666666666668
0.7433333333333333,0.73500913,-0.04054054054054057,-0.25320333,12.816325652323977,15.7598,115.46067415730337,0.8,0.1797752808988764,0.29357798165137616,gnn,1,0.3,0.3,0.13
0.7433333333333333,0.73892623,-0.04054054054054057,-0.23467846,12.738831096616087,14.63819,120.42696629213484,0.7,0.23595505617977527,0.3529411764705882,random,1,0.3,0.3,0.13
0.7433333333333333,0.7358057,-0.04054054054054057,-0.24943623,12.827922519102152,15.687115,117.79775280898876,0.8,0.1797752808988764,0.29357798165137616,gnn,1,0.3,0.3,0.13333333333333333
0.7433333333333333,0.7407406,-0.04054054054054057,-0.22609791,12.75430888221695,14.602861,122.25842696629213,0.7,0.23595505617977527,0.3529411764705882,random,1,0.3,0.3,0.13333333333333333
0.7466666666666667,0.73680514,-0.027027027027026748,-0.2447096,12.67655305389397,15.535375,114.67415730337079,0.8095238095238095,0.19101123595505617,0.3090909090909091,gnn,1,0.3,0.3,0.13666666666666666
0.7466666666666667,0.7417951,-0.027027027027026748,-0.22111082,12.630789730156593,14.5471325,121.84269662921348,0.7096774193548387,0.24719101123595505,0.36666666666666664,random,1,0.3,0.3,0.13666666666666666
0.75,0.73780465,-0.013513513513513374,-0.23998268,12.665855744692147,15.522383,110.24719101123596,0.8181818181818182,0.20224719101123595,0.32432432432432434,gnn,1,0.3,0.3,0.14
0.7466666666666667,0.7413094,-0.027027027027026748,-0.2234079,12.716161268302617,14.684948,124.62921348314607,0.7096774193548387,0.24719101123595505,0.36666666666666664,random,1,0.3,0.3,0.14
0.75,0.7384208,-0.013513513513513374,-0.23706885,12.663120100848912,15.5118065,110.76404494382022,0.8181818181818182,0.20224719101123595,0.32432432432432434,gnn,1,0.3,0.3,0.14333333333333334
0.7466666666666667,0.7414914,-0.027027027027026748,-0.2225473,12.598344348920966,14.650911,117.92134831460675,0.7096774193548387,0.24719101123595505,0.36666666666666664,random,1,0.3,0.3,0.14333333333333334
0.7533333333333333,0.7399014,0.0,-0.23006655,12.396176788923817,15.338981,110.73033707865169,0.8260869565217391,0.21348314606741572,0.3392857142857143,gnn,1,0.3,0.3,0.14666666666666667
0.7466666666666667,0.74221355,-0.027027027027026748,-0.21913199,12.508770217255684,14.565628,118.28089887640449,0.7096774193548387,0.24719101123595505,0.36666666666666664,random,1,0.3,0.3,0.14666666666666667
0.7533333333333333,0.7407689,0.0,-0.22596401,12.379470328370534,15.320361,112.03370786516854,0.8260869565217391,0.21348314606741572,0.3392857142857143,gnn,1,0.3,0.3,0.15
0.7433333333333333,0.7442133,-0.04054054054054057,-0.20967478,12.29960882640421,14.15087,115.12359550561797,0.6875,0.24719101123595505,0.36363636363636365,random,1,0.3,0.3,0.15
0.7533333333333333,0.7422076,0.0,-0.21916017,12.401471403086598,15.2758255,110.67415730337079,0.8260869565217391,0.21348314606741572,0.3392857142857143,gnn,1,0.3,0.3,0.15333333333333332
0.7433333333333333,0.74458593,-0.04054054054054057,-0.20791243,12.196743223995037,14.113379,116.84269662921348,0.6875,0.24719101123595505,0.36363636363636365,random,1,0.3,0.3,0.15333333333333332
0.7566666666666667,0.74344593,0.013513513513513823,-0.21330374,12.368657689699885,15.224068,115.07865168539325,0.8333333333333334,0.2247191011235955,0.35398230088495575,gnn,1,0.3,0.3,0.15666666666666668
0.7433333333333333,0.74681866,-0.04054054054054057,-0.19735333,12.14898032533124,14.026478,116.28089887640449,0.7,0.23595505617977527,0.3529411764705882,random,1,0.3,0.3,0.15666666666666668
0.7566666666666667,0.745278,0.013513513513513823,-0.20463948,12.329327549717535,15.143789,113.42696629213484,0.8333333333333334,0.2247191011235955,0.35398230088495575,gnn,1,0.3,0.3,0.16
0.7466666666666667,0.7478184,-0.027027027027026748,-0.19262528,12.116919063204689,13.984555,114.98876404494382,0.7096774193548387,0.24719101123595505,0.36666666666666664,random,1,0.3,0.3,0.16
0.76,0.7462776,0.0270270270270272,-0.19991228,12.266978425366203,15.0759535,112.53932584269663,0.84,0.23595505617977527,0.3684210526315789,gnn,1,0.3,0.3,0.16333333333333333
0.75,0.7487563,-0.013513513513513374,-0.18818983,11.82903076297644,13.842894,118.23595505617978,0.71875,0.25842696629213485,0.3801652892561984,random,1,0.3,0.3,0.16333333333333333
0.76,0.74755484,0.0270270270270272,-0.19387178,12.24122772156984,15.106825,111.43820224719101,0.84,0.23595505617977527,0.3684210526315789,gnn,1,0.3,0.3,0.16666666666666666
0.7466666666666667,0.74921536,-0.027027027027026748,-0.18601876,11.78286210047906,13.626357,118.08988764044943,0.696969696969697,0.25842696629213485,0.37704918032786894,random,1,0.3,0.3,0.16666666666666666
0.76,0.7484079,0.0270270270270272,-0.18983746,12.175114402252431,15.035025,107.46067415730337,0.84,0.23595505617977527,0.3684210526315789,gnn,1,0.3,0.3,0.17
0.7433333333333333,0.7514965,-0.04054054054054057,-0.17523077,11.522520395694006,13.2678795,112.02247191011236,0.6764705882352942,0.25842696629213485,0.37398373983739847,random,1,0.3,0.3,0.17
0.76,0.7492689,0.0270270270270272,-0.18576564,12.13982719485914,14.962039,108.19101123595506,0.84,0.23595505617977527,0.3684210526315789,gnn,1,0.3,0.3,0.17333333333333334
0.7466666666666667,0.75249636,-0.027027027027026748,-0.17050217,11.468214263411925,13.205515,111.42696629213484,0.6857142857142857,0.2696629213483146,0.3870967741935484,random,1,0.3,0.3,0.17333333333333334
0.7633333333333333,0.75026846,0.04054054054054057,-0.18103844,12.094143779502147,14.910703,108.32584269662921,0.8461538461538461,0.24719101123595505,0.38260869565217387,gnn,1,0.3,0.3,0.17666666666666667
0.7466666666666667,0.75339174,-0.027027027027026748,-0.16626771,11.443067270796366,13.193772,109.87640449438203,0.6857142857142857,0.2696629213483146,0.3870967741935484,random,1,0.3,0.3,0.17666666666666667
0.7666666666666667,0.75148654,0.0540540540540544,-0.17527786,12.141212833861953,14.862173,112.03370786516854,0.88,0.24719101123595505,0.38596491228070173,gnn,1,0.3,0.3,0.18
0.75,0.7543916,-0.013513513513513374,-0.1615391,11.40701202893616,13.153745,108.61797752808988,0.6944444444444444,0.2808988764044944,0.4,random,1,0.3,0.3,0.18
0.77,0.75281173,0.06756756756756777,-0.16901073,12.134004072348944,14.863143,110.24719101123596,0.9166666666666666,0.24719101123595505,0.3893805309734513,gnn,1,0.3,0.3,0.18333333333333332
0.75,0.754771,-0.013513513513513374,-0.1597449,11.366130514051974,13.08339,107.10112359550561,0.6944444444444444,0.2808988764044944,0.4,random,1,0.3,0.3,0.18333333333333332
0.77,0.75271696,0.06756756756756777,-0.16945891,12.09053027598002,14.754503,109.11235955056179,0.9166666666666666,0.24719101123595505,0.3893805309734513,gnn,1,0.3,0.3,0.18666666666666668
0.7533333333333333,0.7557708,0.0,-0.15501659,11.105776358560387,12.872227,103.64044943820225,0.7027027027027027,0.29213483146067415,0.4126984126984127,random,1,0.3,0.3,0.18666666666666668
0.77,0.7535715,0.06756756756756777,-0.16541754,12.028318329276994,14.689123,107.42696629213484,0.9166666666666666,0.24719101123595505,0.3893805309734513,gnn,1,0.3,0.3,0.19
0.7533333333333333,0.7567709,0.0,-0.15028684,11.10403801943478,12.842038,106.73033707865169,0.7027027027027027,0.29213483146067415,0.4126984126984127,random,1,0.3,0.3,0.19
0.77,0.7546031,0.06756756756756777,-0.16053897,11.988805681460551,14.613408,110.52808988764045,0.9166666666666666,0.24719101123595505,0.3893805309734513,gnn,1,0.3,0.3,0.19333333333333333
0.7533333333333333,0.75783885,0.0,-0.14523633,10.764996030324115,12.698333,104.91011235955057,0.6923076923076923,0.30337078651685395,0.421875,random,1,0.3,0.3,0.19333333333333333
0.7733333333333333,0.75592315,0.08108108108108114,-0.15429609,11.987494842407111,14.558513,111.53932584269663,0.9565217391304348,0.24719101123595505,0.39285714285714285,gnn,1,0.3,0.3,0.19666666666666666
0.75,0.7598387,-0.013513513513513374,-0.13577855,10.469916987734313,12.436685,109.57303370786516,0.675,0.30337078651685395,0.41860465116279066,random,1,0.3,0.3,0.19666666666666666
0.7733333333333333,0.7559245,0.08108108108108114,-0.1542896,11.98743492692179,14.558291,113.23595505617978,0.9565217391304348,0.24719101123595505,0.39285714285714285,gnn,1,0.3,0.3,0.2
0.75,0.75946206,-0.013513513513513374,-0.13755977,10.360396936527469,12.338062,111.6067415730337,0.6666666666666666,0.3146067415730337,0.42748091603053434,random,1,0.3,0.3,0.2
0.7733333333333333,0.75703734,0.08108108108108114,-0.14902683,12.011844300822975,14.544258,111.61797752808988,0.9565217391304348,0.24719101123595505,0.39285714285714285,gnn,1,0.3,0.3,0.20333333333333334
0.75,0.76035106,-0.013513513513513374,-0.13335547,10.365661848203088,12.2417965,107.38202247191012,0.6666666666666666,0.3146067415730337,0.42748091603053434,random,1,0.3,0.3,0.20333333333333334
0.7766666666666666,0.7580369,0.09459459459459452,-0.14429963,11.994422283818512,14.4995,112.62921348314607,0.9583333333333334,0.25842696629213485,0.40707964601769914,gnn,1,0.3,0.3,0.20666666666666667
0.7533333333333333,0.7631509,0.0,-0.12011452,10.431621619131077,12.170806,111.29213483146067,0.6829268292682927,0.3146067415730337,0.43076923076923074,random,1,0.3,0.3,0.20666666666666667
0.7766666666666666,0.75882053,0.09459459459459452,-0.1405937,11.952643620854056,14.419181,109.1685393258427,0.9583333333333334,0.25842696629213485,0.40707964601769914,gnn,1,0.3,0.3,0.21
0.7533333333333333,0.763221,0.0,-0.119782746,10.336101038657104,12.117749,103.88764044943821,0.6829268292682927,0.3146067415730337,0.43076923076923074,random,1,0.3,0.3,0.21
0.7766666666666666,0.7591747,0.09459459459459452,-0.13891874,11.972085579391454,14.260319,110.9438202247191,0.9583333333333334,0.25842696629213485,0.40707964601769914,gnn,1,0.3,0.3,0.21333333333333335
0.7566666666666667,0.76422095,0.013513513513513823,-0.115053855,10.311205146780251,12.0606985,104.3932584269663,0.6904761904761905,0.3258426966292135,0.4427480916030535,random,1,0.3,0.3,0.21333333333333335
0.78,0.7601743,0.10810810810810834,-0.13419154,11.92640274215048,14.2089815,109.4494382022472,0.96,0.2696629213483146,0.42105263157894735,gnn,1,0.3,0.3,0.21666666666666667
0.76,0.7652208,0.0270270270270272,-0.11032525,10.302469367549769,12.05037,105.93258426966293,0.6976744186046512,0.33707865168539325,0.45454545454545453,random,1,0.3,0.3,0.21666666666666667
0.78,0.76034963,0.10810810810810834,-0.13336223,11.786696613416606,14.16202,107.95505617977528,0.96,0.2696629213483146,0.42105263157894735,gnn,1,0.3,0.3,0.22
0.76,0.7659431,0.0270270270270272,-0.10690938,10.207555879639054,11.954684,100.50561797752809,0.6976744186046512,0.33707865168539325,0.45454545454545453,random,1,0.3,0.3,0.22
0.78,0.7613391,0.10810810810810834,-0.12868267,11.782625098857151,14.108991,108.01123595505618,0.96,0.2696629213483146,0.42105263157894735,gnn,1,0.3,0.3,0.22333333333333333
0.7633333333333333,0.76573765,0.04054054054054057,-0.10788103,9.839698477922683,11.876862,101.7752808988764,0.7045454545454546,0.34831460674157305,0.4661654135338346,random,1,0.3,0.3,0.22333333333333333
0.7833333333333333,0.7630496,0.12162162162162171,-0.12059344,11.571532519772527,13.783226,108.66292134831461,0.9615384615384616,0.2808988764044944,0.4347826086956522,gnn,1,0.3,0.3,0.22666666666666666
0.7633333333333333,0.76640874,0.04054054054054057,-0.1047073,9.75986487387193,11.855167,104.13483146067416,0.7045454545454546,0.34831460674157305,0.4661654135338346,random,1,0.3,0.3,0.22666666666666666
0.7833333333333333,0.76393837,0.12162162162162171,-0.11639027,11.572924459665847,13.684362,105.9438202247191,0.9615384615384616,0.2808988764044944,0.4347826086956522,gnn,1,0.3,0.3,0.23
0.7633333333333333,0.7672699,0.04054054054054057,-0.100634634,9.743763031075328,11.817408,104.34831460674157,0.7045454545454546,0.34831460674157305,0.4661654135338346,random,1,0.3,0.3,0.23
0.7833333333333333,0.76368475,0.12162162162162171,-0.11758969,11.41460409275745,13.625177,106.73033707865169,0.9615384615384616,0.2808988764044944,0.4347826086956522,gnn,1,0.3,0.3,0.23333333333333334
0.7666666666666667,0.7682698,0.0540540540540544,-0.09590603,9.70094269276647,11.757033,101.0,0.7111111111111111,0.3595505617977528,0.4776119402985074,random,1,0.3,0.3,0.23333333333333334
0.7866666666666666,0.7651602,0.1351351351351351,-0.11061192,11.345114040975051,13.579498,105.52808988764045,0.9629629629629629,0.29213483146067415,0.4482758620689656,gnn,1,0.3,0.3,0.23666666666666666
0.7666666666666667,0.76899195,0.0540540540540544,-0.09249072,9.651314077711273,11.683501,100.03370786516854,0.7111111111111111,0.3595505617977528,0.4776119402985074,random,1,0.3,0.3,0.23666666666666666
0.7866666666666666,0.76573986,0.1351351351351351,-0.1078706,11.34721982700312,13.509846,103.42696629213484,0.9629629629629629,0.29213483146067415,0.4482758620689656,gnn,1,0.3,0.3,0.24
0.77,0.7699919,0.06756756756756777,-0.08776183,9.569365905833699,11.564677,98.13483146067416,0.717391304347826,0.3707865168539326,0.48888888888888893,random,1,0.3,0.3,0.24
0.7866666666666666,0.76642334,0.1351351351351351,-0.104638234,11.296811844455272,13.416894,102.31460674157303,0.9629629629629629,0.29213483146067415,0.4482758620689656,gnn,1,0.3,0.3,0.24333333333333335
0.76,0.7700301,0.0270270270270272,-0.08758114,9.43002193657115,11.519653,98.42696629213484,0.6888888888888889,0.34831460674157305,0.4626865671641791,random,1,0.3,0.3,0.24333333333333335
0.79,0.7687691,0.1486486486486489,-0.093544684,11.31287097686793,13.328833,101.04494382022472,0.9642857142857143,0.30337078651685395,0.46153846153846156,gnn,1,0.3,0.3,0.24666666666666667
0.7566666666666667,0.77107596,0.013513513513513823,-0.08263492,9.325903197399143,11.357231,98.35955056179775,0.6739130434782609,0.34831460674157305,0.45925925925925926,random,1,0.3,0.3,0.24666666666666667
0.79,0.7697705,0.1486486486486489,-0.088808745,11.307429514113016,13.248468,103.25842696629213,0.9642857142857143,0.30337078651685395,0.46153846153846156,gnn,1,0.3,0.3,0.25
0.7566666666666667,0.7716354,0.013513513513513823,-0.07998915,9.16486503436537,11.2917185,96.03370786516854,0.6666666666666666,0.3595505617977528,0.4671532846715329,random,1,0.3,0.3,0.25
0.7933333333333333,0.7707701,0.16216216216216228,-0.084081545,11.29712920894236,13.224374,102.42696629213484,0.9655172413793104,0.3146067415730337,0.4745762711864407,gnn,1,0.3,0.3,0.25333333333333335
0.75,0.77214545,-0.013513513513513374,-0.07757707,9.025534562161134,11.198509,96.80898876404494,0.64,0.3595505617977528,0.460431654676259,random,1,0.3,0.3,0.25333333333333335
0.7933333333333333,0.7715376,0.16216216216216228,-0.08045173,11.177261538877623,13.172221,96.0,0.9655172413793104,0.3146067415730337,0.4745762711864407,gnn,1,0.3,0.3,0.25666666666666665
0.7533333333333333,0.7741401,0.0,-0.068143815,8.729901477511746,10.913467,97.93258426966293,0.6470588235294118,0.3707865168539326,0.4714285714285714,random,1,0.3,0.3,0.25666666666666665
0.7966666666666666,0.7726341,0.17567567567567566,-0.07526618,10.97284270484099,12.972337,93.23595505617978,0.9666666666666667,0.3258426966292135,0.4873949579831933,gnn,1,0.3,0.3,0.26
0.7566666666666667,0.77656084,0.013513513513513823,-0.05669565,8.784849705293736,10.899872,96.35955056179775,0.66,0.3707865168539326,0.47482014388489213,random,1,0.3,0.3,0.26
0.7933333333333333,0.774918,0.16216216216216228,-0.06446494,10.990574268235747,12.919291,97.17977528089888,0.9354838709677419,0.3258426966292135,0.4833333333333334,gnn,1,0.3,0.3,0.2633333333333333
0.7566666666666667,0.77728313,0.013513513513513823,-0.05327978,8.699002221410032,10.8082695,97.07865168539325,0.66,0.3707865168539326,0.47482014388489213,random,1,0.3,0.3,0.2633333333333333
0.7933333333333333,0.7757552,0.16216216216216228,-0.0605056,10.926517488173273,12.819179,97.49438202247191,0.9354838709677419,0.3258426966292135,0.4833333333333334,gnn,1,0.3,0.3,0.26666666666666666
0.7566666666666667,0.7783148,0.013513513513513823,-0.048400644,8.691685417961224,10.774235,94.33707865168539,0.66,0.3707865168539326,0.47482014388489213,random,1,0.3,0.3,0.26666666666666666
0.7933333333333333,0.77676594,0.16216216216216228,-0.05572569,10.957997287545307,12.690379,101.04494382022472,0.9354838709677419,0.3258426966292135,0.4833333333333334,gnn,1,0.3,0.3,0.27
0.76,0.7793147,0.0270270270270272,-0.043672036,8.67530344655186,10.756357,95.52808988764045,0.6666666666666666,0.38202247191011235,0.48571428571428565,random,1,0.3,0.3,0.27
0.7966666666666666,0.7777655,0.17567567567567566,-0.05099849,10.887183411333446,12.559919,100.21348314606742,0.9375,0.33707865168539325,0.4958677685950413,gnn,1,0.3,0.3,0.2733333333333333
0.76,0.78009015,0.0270270270270272,-0.040004723,8.669613532172498,10.718444,96.20224719101124,0.6666666666666666,0.38202247191011235,0.48571428571428565,random,1,0.3,0.3,0.2733333333333333
0.8,0.77879757,0.18918918918918948,-0.046117663,10.552890457100897,12.292333,99.20224719101124,0.9393939393939394,0.34831460674157305,0.5081967213114755,gnn,1,0.3,0.3,0.27666666666666667
0.76,0.7806221,0.0270270270270272,-0.037488908,8.609702930206819,10.607386,95.48314606741573,0.6666666666666666,0.38202247191011235,0.48571428571428565,random,1,0.3,0.3,0.27666666666666667
0.8,0.7794049,0.18918918918918948,-0.043245547,10.556392054867935,12.268739,94.88764044943821,0.9393939393939394,0.34831460674157305,0.5081967213114755,gnn,1,0.3,0.3,0.28
0.7566666666666667,0.78239733,0.013513513513513823,-0.02909355,8.353340675060041,10.360828,96.04494382022472,0.6538461538461539,0.38202247191011235,0.4822695035460993,random,1,0.3,0.3,0.28
0.8,0.78013104,0.18918918918918948,-0.03981135,10.470766691321575,12.189433,90.21348314606742,0.9393939393939394,0.34831460674157305,0.5081967213114755,gnn,1,0.3,0.3,0.2833333333333333
0.76,0.78339726,0.0270270270270272,-0.024364661,8.356223727993928,10.334233,96.04494382022472,0.660377358490566,0.39325842696629215,0.4929577464788733,random,1,0.3,0.3,0.2833333333333333
0.7966666666666666,0.77997977,0.17567567567567566,-0.040526774,10.44476767556287,12.079437,96.1685393258427,0.9117647058823529,0.34831460674157305,0.5040650406504065,gnn,1,0.3,0.3,0.2866666666666667
0.7633333333333333,0.7843971,0.04054054054054057,-0.019636054,8.351237471546726,10.329845,94.65168539325843,0.6666666666666666,0.4044943820224719,0.5034965034965035,random,1,0.3,0.3,0.2866666666666667
0.8,0.78097934,0.18918918918918948,-0.035799574,10.414439747294121,12.045254,95.66292134831461,0.9142857142857143,0.3595505617977528,0.5161290322580646,gnn,1,0.3,0.3,0.29
0.7566666666666667,0.7849567,0.013513513513513823,-0.016989725,8.120708339567758,10.210946,94.42696629213484,0.6428571428571429,0.4044943820224719,0.496551724137931,random,1,0.3,0.3,0.29
0.8,0.78092146,0.18918918918918948,-0.036073286,10.134063170249643,11.944373,93.56179775280899,0.8918918918918919,0.3707865168539326,0.5238095238095238,gnn,1,0.3,0.3,0.29333333333333333
0.7533333333333333,0.78695434,0.0,-0.0075423755,8.110320572340692,10.140002,93.20224719101124,0.631578947368421,0.4044943820224719,0.4931506849315069,random,1,0.3,0.3,0.29333333333333333
0.8033333333333333,0.7818409,0.20270270270270285,-0.03172494,10.050904166928712,11.84626,95.68539325842697,0.9166666666666666,0.3707865168539326,0.5279999999999999,gnn,1,0.3,0.3,0.2966666666666667
0.7533333333333333,0.7884449,0.0,-0.00049329735,8.103242082789883,10.131702,92.66292134831461,0.631578947368421,0.4044943820224719,0.4931506849315069,random,1,0.3,0.3,0.2966666666666667
0.8033333333333333,0.7824529,0.20270270270270285,-0.028830834,9.968294935390807,11.789176,94.17977528089888,0.9166666666666666,0.3707865168539326,0.5279999999999999,gnn,1,0.3,0.3,0.3
0.7533333333333333,0.7885492,0.0,0.0,8.034991305683366,10.094077,92.47191011235955,0.631578947368421,0.4044943820224719,0.4931506849315069,random,1,0.3,0.3,0.3
0.8033333333333333,0.7840004,0.20270270270270285,-0.021512276,9.932755189855179,11.631648,94.64044943820225,0.9166666666666666,0.3707865168539326,0.5279999999999999,gnn,1,0.3,0.3,0.30333333333333334
0.7566666666666667,0.78954905,0.013513513513513823,0.0047286074,8.011860685360388,10.0603695,91.23595505617978,0.6379310344827587,0.4157303370786517,0.5034013605442176,random,1,0.3,0.3,0.30333333333333334
0.8,0.7859991,0.18918918918918948,-0.012059852,9.933047873539495,11.553903,94.82022471910112,0.8918918918918919,0.3707865168539326,0.5238095238095238,gnn,1,0.3,0.3,0.30666666666666664
0.77,0.79217815,0.06756756756756777,0.017162237,7.755816973481602,9.886849,90.25842696629213,0.6666666666666666,0.449438202247191,0.5369127516778522,random,1,0.3,0.3,0.30666666666666664
0.8,0.7870082,0.18918918918918948,-0.007287552,9.914316765167005,11.476421,90.13483146067416,0.8918918918918919,0.3707865168539326,0.5238095238095238,gnn,1,0.3,0.3,0.31
0.77,0.793299,0.06756756756756777,0.02246307,7.76919021866306,9.866096,89.74157303370787,0.6666666666666666,0.449438202247191,0.5369127516778522,random,1,0.3,0.3,0.31
0.8,0.7887234,0.18918918918918948,0.00082394754,9.955465638056069,11.463279,93.0561797752809,0.8918918918918919,0.3707865168539326,0.5238095238095238,gnn,1,0.3,0.3,0.31333333333333335
0.7666666666666667,0.79389787,0.0540540540540544,0.02529516,7.645401785816716,9.780922,89.23595505617978,0.6557377049180327,0.449438202247191,0.5333333333333333,random,1,0.3,0.3,0.31333333333333335
0.8,0.78950864,0.18918918918918948,0.00453749,9.951742363968151,11.450607,92.32584269662921,0.8918918918918919,0.3707865168539326,0.5238095238095238,gnn,1,0.3,0.3,0.31666666666666665
0.7666666666666667,0.7948983,0.0540540540540544,0.030026305,7.6384887180775305,9.751574,87.49438202247191,0.6557377049180327,0.449438202247191,0.5333333333333333,random,1,0.3,0.3,0.31666666666666665
0.8033333333333333,0.79143506,0.20270270270270285,0.0136479875,9.917279232862029,11.397493,90.82022471910112,0.9166666666666666,0.3707865168539326,0.5279999999999999,gnn,1,0.3,0.3,0.32
0.77,0.7952515,0.06756756756756777,0.03169675,7.599923998767484,9.736325,85.91011235955057,0.6612903225806451,0.4606741573033708,0.543046357615894,random,1,0.3,0.3,0.32
0.8033333333333333,0.7922227,0.20270270270270285,0.017372806,9.917862760011278,11.320824,92.0,0.9166666666666666,0.3707865168539326,0.5279999999999999,gnn,1,0.3,0.3,0.3233333333333333
0.7666666666666667,0.79802805,0.0540540540540544,0.044827763,7.669546985590229,9.684447,88.65168539325843,0.6507936507936508,0.4606741573033708,0.5394736842105263,random,1,0.3,0.3,0.3233333333333333
0.8033333333333333,0.7933721,0.20270270270270285,0.02280866,9.906861056359814,11.242494,91.31460674157303,0.9166666666666666,0.3707865168539326,0.5279999999999999,gnn,1,0.3,0.3,0.32666666666666666
0.7666666666666667,0.79902804,0.0540540540540544,0.049556933,7.656104192718623,9.64211,87.66292134831461,0.6507936507936508,0.4606741573033708,0.5394736842105263,random,1,0.3,0.3,0.32666666666666666
0.8033333333333333,0.7944822,0.20270270270270285,0.028058471,9.883115597783181,11.170866,89.52808988764045,0.9166666666666666,0.3707865168539326,0.5279999999999999,gnn,1,0.3,0.3,0.33
0.77,0.80002785,0.06756756756756777,0.05428526,7.612850256030339,9.596115,87.25842696629213,0.65625,0.47191011235955055,0.5490196078431372,random,1,0.3,0.3,0.33
0.8066666666666666,0.7954817,0.21621621621621623,0.03278539,9.771985031581865,11.066347,88.12359550561797,0.918918918918919,0.38202247191011235,0.5396825396825397,gnn,1,0.3,0.3,0.3333333333333333
0.77,0.80075,0.06756756756756777,0.05770057,7.589590226331164,9.549069,87.15730337078652,0.65625,0.47191011235955055,0.5490196078431372,random,1,0.3,0.3,0.3333333333333333
0.8066666666666666,0.796296,0.21621621621621623,0.03663649,9.76742320914953,11.049274,89.15730337078652,0.918918918918919,0.38202247191011235,0.5396825396825397,gnn,1,0.3,0.3,0.33666666666666667
0.7733333333333333,0.80361646,0.08108108108108114,0.07125666,7.5134062797581205,9.408408,86.97752808988764,0.6666666666666666,0.47191011235955055,0.5526315789473685,random,1,0.3,0.3,0.33666666666666667
0.81,0.7972955,0.22972972972973005,0.041363407,9.756090705821874,11.035031,88.33707865168539,0.9210526315789473,0.39325842696629215,0.5511811023622047,gnn,1,0.3,0.3,0.34
0.7733333333333333,0.8051122,0.08108108108108114,0.07833026,7.462782598354244,9.357201,87.04494382022472,0.6615384615384615,0.48314606741573035,0.5584415584415584,random,1,0.3,0.3,0.34
0.81,0.7973024,0.22972972972973005,0.041396104,9.755168009807454,11.0312805,88.42696629213484,0.9210526315789473,0.39325842696629215,0.5511811023622047,gnn,1,0.3,0.3,0.3433333333333333
0.7733333333333333,0.8051122,0.08108108108108114,0.07833026,7.462783032284653,9.357198,86.86516853932584,0.6615384615384615,0.48314606741573035,0.5584415584415584,random,1,0.3,0.3,0.3433333333333333
0.81,0.79829603,0.22972972972973005,0.046095114,9.75278886589805,10.983013,90.48314606741573,0.9210526315789473,0.39325842696629215,0.5511811023622047,gnn,1,0.3,0.3,0.3466666666666667
0.7666666666666667,0.8071832,0.0540540540540544,0.08812461,7.483909580646623,9.295165,84.73033707865169,0.6507936507936508,0.4606741573033708,0.5394736842105263,random,1,0.3,0.3,0.3466666666666667
0.81,0.79881847,0.22972972972973005,0.04856583,9.749562875160839,10.96077,87.86516853932584,0.9210526315789473,0.39325842696629215,0.5511811023622047,gnn,1,0.3,0.3,0.35
0.7633333333333333,0.8091811,0.04054054054054057,0.09757309,7.427071800664999,9.07512,86.30337078651685,0.640625,0.4606741573033708,0.5359477124183006,random,1,0.3,0.3,0.35
0.81,0.79961354,0.22972972972973005,0.052325882,9.746330487893422,10.945013,91.64044943820225,0.9210526315789473,0.39325842696629215,0.5511811023622047,gnn,1,0.3,0.3,0.35333333333333333
0.7666666666666667,0.81018096,0.0540540540540544,0.102301694,7.412088418868839,9.062145,85.67415730337079,0.6461538461538462,0.47191011235955055,0.5454545454545455,random,1,0.3,0.3,0.35333333333333333
0.81,0.8003455,0.22972972972973005,0.05578742,9.665663065413082,10.854626,84.80898876404494,0.9210526315789473,0.39325842696629215,0.5511811023622047,gnn,1,0.3,0.3,0.3566666666666667
0.77,0.8110526,0.06756756756756777,0.106423974,7.387577991643536,8.985338,85.58426966292134,0.6515151515151515,0.48314606741573035,0.5548387096774193,random,1,0.3,0.3,0.3566666666666667
0.81,0.8012187,0.22972972972973005,0.059917025,9.636079533014733,10.720466,87.25842696629213,0.9210526315789473,0.39325842696629215,0.5511811023622047,gnn,1,0.3,0.3,0.36
0.77,0.8120526,0.06756756756756777,0.11115314,7.252747108460417,8.869904,85.2247191011236,0.6515151515151515,0.48314606741573035,0.5548387096774193,random,1,0.3,0.3,0.36
0.81,0.8014303,0.22972972972973005,0.060917713,9.505250609207945,10.664459,80.91011235955057,0.9210526315789473,0.39325842696629215,0.5511811023622047,gnn,1,0.3,0.3,0.36333333333333334
0.7733333333333333,0.8117736,0.08108108108108114,0.10983364,7.231121608656149,8.952538,83.74157303370787,0.6567164179104478,0.4943820224719101,0.5641025641025641,random,1,0.3,0.3,0.36333333333333334
0.81,0.802277,0.22972972972973005,0.06492216,9.49792498305409,10.64063,86.02247191011236,0.9210526315789473,0.39325842696629215,0.5511811023622047,gnn,1,0.3,0.3,0.36666666666666664
0.7733333333333333,0.8139425,0.08108108108108114,0.12009084,7.266023126895743,8.887087,82.67415730337079,0.6567164179104478,0.4943820224719101,0.5641025641025641,random,1,0.3,0.3,0.36666666666666664
0.81,0.8031602,0.22972972972973005,0.06909884,9.533421729839592,10.578296,87.02247191011236,0.9210526315789473,0.39325842696629215,0.5511811023622047,gnn,1,0.3,0.3,0.37
0.7733333333333333,0.8146647,0.08108108108108114,0.123506434,7.227152481306536,8.839924,81.57303370786516,0.6567164179104478,0.4943820224719101,0.5641025641025641,random,1,0.3,0.3,0.37
0.8133333333333334,0.80416125,0.24324324324324342,0.073833086,9.305332485234786,10.429672,85.57303370786516,0.9230769230769231,0.4044943820224719,0.5625,gnn,1,0.3,0.3,0.37333333333333335
0.7733333333333333,0.81658244,0.08108108108108114,0.13257578,7.277859166668306,8.814323,83.7752808988764,0.6567164179104478,0.4943820224719101,0.5641025641025641,random,1,0.3,0.3,0.37333333333333335
0.81,0.804961,0.22972972972973005,0.0776154,9.283539841600993,10.292786,89.25842696629213,0.9,0.4044943820224719,0.5581395348837209,gnn,1,0.3,0.3,0.37666666666666665
0.7733333333333333,0.81737214,0.08108108108108114,0.13631046,7.268295532042448,8.813383,83.47191011235955,0.6567164179104478,0.4943820224719101,0.5641025641025641,random,1,0.3,0.3,0.37666666666666665
0.81,0.80568314,0.22972972972973005,0.081030436,9.173088765263122,10.190546,88.06741573033707,0.9,0.4044943820224719,0.5581395348837209,gnn,1,0.3,0.3,0.38
0.7733333333333333,0.8198531,0.08108108108108114,0.14804362,7.19735116075004,8.566087,81.52808988764045,0.6567164179104478,0.4943820224719101,0.5641025641025641,random,1,0.3,0.3,0.38
0.81,0.80668306,0.22972972972973005,0.08575932,9.165343914868169,10.1409445,87.48314606741573,0.9,0.4044943820224719,0.5581395348837209,gnn,1,0.3,0.3,0.38333333333333336
0.7766666666666666,0.820853,0.09459459459459452,0.15277222,7.096652094140606,8.442692,81.30337078651685,0.6617647058823529,0.5056179775280899,0.5732484076433122,random,1,0.3,0.3,0.38333333333333336
0.8133333333333334,0.8076826,0.24324324324324342,0.090486236,9.08132673759319,10.021261,86.42696629213484,0.9024390243902439,0.4157303370786517,0.5692307692307692,gnn,1,0.3,0.3,0.38666666666666666
0.7766666666666666,0.82157737,0.09459459459459452,0.15619795,7.101342213721856,8.42508,82.28089887640449,0.6617647058823529,0.5056179775280899,0.5732484076433122,random,1,0.3,0.3,0.38666666666666666
0.8166666666666667,0.8088507,0.2567567567567568,0.0960106,8.913701679442326,9.891926,87.96629213483146,0.9047619047619048,0.42696629213483145,0.5801526717557252,gnn,1,0.3,0.3,0.39
0.7766666666666666,0.8237125,0.09459459459459452,0.16629562,7.157487323454549,8.380634,80.28089887640449,0.6617647058823529,0.5056179775280899,0.5732484076433122,random,1,0.3,0.3,0.39
0.82,0.8098189,0.2702702702702702,0.100589536,8.89369477976011,9.863247,85.93258426966293,0.9069767441860465,0.43820224719101125,0.5909090909090909,gnn,1,0.3,0.3,0.3933333333333333
0.7766666666666666,0.825668,0.09459459459459452,0.17554338,7.1124390696814315,8.200395,80.0,0.6617647058823529,0.5056179775280899,0.5732484076433122,random,1,0.3,0.3,0.3933333333333333
0.82,0.81108487,0.2702702702702702,0.10657647,8.88911994942494,9.804795,84.66292134831461,0.9069767441860465,0.43820224719101125,0.5909090909090909,gnn,1,0.3,0.3,0.39666666666666667
0.78,0.8266679,0.10810810810810834,0.18027228,6.925972319550604,8.06662,77.67415730337079,0.6666666666666666,0.5168539325842697,0.5822784810126582,random,1,0.3,0.3,0.39666666666666667
0.8233333333333334,0.81097573,0.283783783783784,0.10606034,8.943568173182747,9.792939,83.74157303370787,0.9285714285714286,0.43820224719101125,0.5954198473282443,gnn,1,0.3,0.3,0.4
0.7833333333333333,0.82755786,0.12162162162162171,0.18448108,6.778569147185678,7.9729657,79.01123595505618,0.6764705882352942,0.5168539325842697,0.5859872611464968,random,1,0.3,0.3,0.4
0.8233333333333334,0.8119755,0.283783783783784,0.11078838,8.934629962464292,9.748934,83.17977528089888,0.9285714285714286,0.43820224719101125,0.5954198473282443,gnn,1,0.3,0.3,0.4033333333333333
0.7833333333333333,0.8283997,0.12162162162162171,0.18846242,6.766699964318588,7.99396,79.34831460674157,0.6764705882352942,0.5168539325842697,0.5859872611464968,random,1,0.3,0.3,0.4033333333333333
0.8166666666666667,0.8121648,0.2567567567567568,0.11168365,8.96376372372703,9.567586,84.71910112359551,0.8863636363636364,0.43820224719101125,0.5864661654135338,gnn,1,0.3,0.3,0.4066666666666667
0.7866666666666666,0.82757896,0.1351351351351351,0.18458088,6.643404687485212,7.9592466,78.13483146067416,0.6811594202898551,0.5280898876404494,0.5949367088607594,random,1,0.3,0.3,0.4066666666666667
0.8166666666666667,0.81326896,0.2567567567567568,0.116905555,8.953769401238175,9.561692,82.08988764044943,0.8863636363636364,0.43820224719101125,0.5864661654135338,gnn,1,0.3,0.3,0.41
0.79,0.82874,0.1486486486486489,0.1900717,6.3258320319216494,7.73003,78.17977528089888,0.6857142857142857,0.5393258426966292,0.6037735849056604,random,1,0.3,0.3,0.41
0.82,0.81451213,0.2702702702702702,0.122784816,8.96227814098051,9.522998,82.01123595505618,0.9069767441860465,0.43820224719101125,0.5909090909090909,gnn,1,0.3,0.3,0.41333333333333333
0.79,0.82874477,0.1486486486486489,0.19009425,6.325955250233441,7.729134,77.7752808988764,0.6857142857142857,0.5393258426966292,0.6037735849056604,random,1,0.3,0.3,0.41333333333333333
0.8233333333333334,0.81583005,0.283783783783784,0.12901756,8.887599938900347,9.532544,80.68539325842697,0.9285714285714286,0.43820224719101125,0.5954198473282443,gnn,1,0.3,0.3,0.4166666666666667
0.79,0.82865894,0.1486486486486489,0.18968834,6.222446544269819,7.6135206,77.65168539325843,0.6805555555555556,0.550561797752809,0.608695652173913,random,1,0.3,0.3,0.4166666666666667
0.8233333333333334,0.8168299,0.283783783783784,0.13374616,8.855205747543948,9.52091,79.86516853932584,0.9285714285714286,0.43820224719101125,0.5954198473282443,gnn,1,0.3,0.3,0.42
0.79,0.83043426,0.1486486486486489,0.19808426,6.163810772167095,7.589798,75.40449438202248,0.6805555555555556,0.550561797752809,0.608695652173913,random,1,0.3,0.3,0.42
0.82,0.81669354,0.2702702702702702,0.13310121,8.76217585688502,9.405679,80.79775280898876,0.9069767441860465,0.43820224719101125,0.5909090909090909,gnn,1,0.3,0.3,0.42333333333333334
0.79,0.83143425,0.1486486486486489,0.20281343,6.159865359146857,7.5264754,75.97752808988764,0.6805555555555556,0.550561797752809,0.608695652173913,random,1,0.3,0.3,0.42333333333333334
0.82,0.81816894,0.2702702702702702,0.1400787,8.676364419515561,9.372393,79.46067415730337,0.9069767441860465,0.43820224719101125,0.5909090909090909,gnn,1,0.3,0.3,0.4266666666666667
0.79,0.8324042,0.1486486486486489,0.20740053,6.156777936065227,7.518822,76.68539325842697,0.6805555555555556,0.550561797752809,0.608695652173913,random,1,0.3,0.3,0.4266666666666667
0.8233333333333334,0.81925946,0.283783783783784,0.14523605,8.33986758605563,9.118264,81.52808988764045,0.9090909090909091,0.449438202247191,0.6015037593984962,gnn,1,0.3,0.3,0.43
0.7933333333333333,0.8340727,0.16216216216216228,0.21529132,6.192173035244535,7.436094,76.43820224719101,0.6901408450704225,0.550561797752809,0.6124999999999999,random,1,0.3,0.3,0.43
0.8266666666666667,0.82025903,0.29729729729729737,0.14996324,8.119063907060227,8.874814,82.10112359550561,0.9111111111111111,0.4606741573033708,0.6119402985074627,gnn,1,0.3,0.3,0.43333333333333335
0.7933333333333333,0.8349338,0.16216216216216228,0.2193637,6.172435273365282,7.4222093,76.61797752808988,0.6901408450704225,0.550561797752809,0.6124999999999999,random,1,0.3,0.3,0.43333333333333335
0.8266666666666667,0.82122153,0.29729729729729737,0.1545151,8.10577340005576,8.83861,81.84269662921348,0.9111111111111111,0.4606741573033708,0.6119402985074627,gnn,1,0.3,0.3,0.43666666666666665
0.7933333333333333,0.83493924,0.16216216216216228,0.21938935,6.1718197672085005,7.4213657,76.78651685393258,0.6901408450704225,0.550561797752809,0.6124999999999999,random,1,0.3,0.3,0.43666666666666665
0.8333333333333334,0.82261133,0.32432432432432456,0.1610878,7.9280773377219065,8.609185,79.6067415730337,0.9333333333333333,0.47191011235955055,0.626865671641791,gnn,1,0.3,0.3,0.44
0.7933333333333333,0.83563286,0.16216216216216228,0.22266963,6.133437111674651,7.3632936,76.32584269662921,0.6901408450704225,0.550561797752809,0.6124999999999999,random,1,0.3,0.3,0.44
0.8333333333333334,0.8238315,0.32432432432432456,0.16685826,7.929069998043013,8.571478,78.28089887640449,0.9333333333333333,0.47191011235955055,0.626865671641791,gnn,1,0.3,0.3,0.44333333333333336
0.7933333333333333,0.8361081,0.16216216216216228,0.2249171,6.115190504739391,7.318076,77.32584269662921,0.6901408450704225,0.550561797752809,0.6124999999999999,random,1,0.3,0.3,0.44333333333333336
0.8333333333333334,0.82416517,0.32432432432432456,0.16843624,7.907143261816074,8.480542,79.88764044943821,0.9333333333333333,0.47191011235955055,0.626865671641791,gnn,1,0.3,0.3,0.44666666666666666
0.7933333333333333,0.8367094,0.16216216216216228,0.22776075,6.006360193981671,7.2628026,77.26966292134831,0.6901408450704225,0.550561797752809,0.6124999999999999,random,1,0.3,0.3,0.44666666666666666
0.8333333333333334,0.824888,0.32432432432432456,0.17185465,7.822981462572138,8.372341,78.84269662921348,0.9333333333333333,0.47191011235955055,0.626865671641791,gnn,1,0.3,0.3,0.45
0.7966666666666666,0.83639413,0.17567567567567566,0.22626986,6.1135425956459635,7.304943,77.34831460674157,0.7,0.550561797752809,0.6163522012578616,random,1,0.3,0.3,0.45
0.8366666666666667,0.82588553,0.33783783783783794,0.17657226,7.689550597154809,8.251815,77.62921348314607,0.9347826086956522,0.48314606741573035,0.6370370370370371,gnn,1,0.3,0.3,0.4533333333333333
0.7966666666666666,0.83820575,0.17567567567567566,0.23483744,6.099924351549087,7.266992,74.80898876404494,0.7,0.550561797752809,0.6163522012578616,random,1,0.3,0.3,0.4533333333333333
0.8366666666666667,0.8268853,0.33783783783783794,0.18130031,7.574731181566966,8.116623,76.82022471910112,0.9347826086956522,0.48314606741573035,0.6370370370370371,gnn,1,0.3,0.3,0.45666666666666667
0.7966666666666666,0.8395809,0.17567567567567566,0.2413408,5.997564900450452,7.0838623,73.89887640449439,0.7,0.550561797752809,0.6163522012578616,random,1,0.3,0.3,0.45666666666666667
0.8366666666666667,0.8278859,0.33783783783783794,0.18603258,7.576543589789759,8.061396,76.56179775280899,0.9347826086956522,0.48314606741573035,0.6370370370370371,gnn,1,0.3,0.3,0.46
0.8,0.84058076,0.18918918918918948,0.2460694,5.985179766371624,7.068776,73.30337078651685,0.704225352112676,0.5617977528089888,0.625,random,1,0.3,0.3,0.46
0.84,0.828885,0.3513513513513513,0.19075753,7.570019991313402,8.054697,77.75280898876404,0.9361702127659575,0.4943820224719101,0.6470588235294118,gnn,1,0.3,0.3,0.4633333333333333
0.8,0.84188217,0.18918918918918948,0.25222406,5.984853667493814,7.0364943,73.86516853932584,0.704225352112676,0.5617977528089888,0.625,random,1,0.3,0.3,0.4633333333333333
0.8433333333333334,0.8298525,0.36486486486486513,0.19533306,7.500350964051623,7.988121,74.38202247191012,0.9375,0.5056179775280899,0.656934306569343,gnn,1,0.3,0.3,0.4666666666666667
0.8,0.8429434,0.18918918918918948,0.25724274,5.947519839521779,6.9703093,72.9438202247191,0.704225352112676,0.5617977528089888,0.625,random,1,0.3,0.3,0.4666666666666667
0.8433333333333334,0.83085304,0.36486486486486513,0.20006478,7.491628734305217,7.9604597,74.13483146067416,0.9375,0.5056179775280899,0.656934306569343,gnn,1,0.3,0.3,0.47
0.8033333333333333,0.8449428,0.20270270270270285,0.26669854,5.711972946075314,6.7512836,71.9438202247191,0.7083333333333334,0.5730337078651685,0.6335403726708074,random,1,0.3,0.3,0.47
0.8433333333333334,0.83175987,0.36486486486486513,0.20435336,7.476667715011293,7.949205,74.35955056179775,0.9375,0.5056179775280899,0.656934306569343,gnn,1,0.3,0.3,0.47333333333333333
0.8066666666666666,0.8459242,0.21621621621621623,0.27133977,5.703229661059521,6.745018,70.67415730337079,0.7123287671232876,0.5842696629213483,0.6419753086419753,random,1,0.3,0.3,0.47333333333333333
0.84,0.8337962,0.3513513513513513,0.21398365,7.416797832321539,7.7348256,77.50561797752809,0.9183673469387755,0.5056179775280899,0.6521739130434783,gnn,1,0.3,0.3,0.4766666666666667
0.81,0.8474935,0.22972972972973005,0.27876148,5.723367091730477,6.743097,71.78651685393258,0.7162162162162162,0.5955056179775281,0.6503067484662577,random,1,0.3,0.3,0.4766666666666667
0.8433333333333334,0.83239,0.36486486486486513,0.20733345,7.445696630202536,7.8013053,74.24719101123596,0.9375,0.5056179775280899,0.656934306569343,gnn,1,0.3,0.3,0.48
0.81,0.8487494,0.22972972972973005,0.28470078,5.689970576792904,6.691026,71.70786516853933,0.7162162162162162,0.5955056179775281,0.6503067484662577,random,1,0.3,0.3,0.48
0.8433333333333334,0.8335558,0.36486486486486513,0.21284682,7.447665187731027,7.783908,74.34831460674157,0.9375,0.5056179775280899,0.656934306569343,gnn,1,0.3,0.3,0.48333333333333334
0.8133333333333334,0.84731585,0.24324324324324342,0.2779212,5.548570891098214,6.754407,71.82022471910112,0.726027397260274,0.5955056179775281,0.654320987654321,random,1,0.3,0.3,0.48333333333333334
0.8433333333333334,0.8344208,0.36486486486486513,0.21693753,7.40183381673095,7.7196307,74.13483146067416,0.9375,0.5056179775280899,0.656934306569343,gnn,1,0.3,0.3,0.4866666666666667
0.8166666666666667,0.8487193,0.2567567567567568,0.28455845,5.392919251547942,6.6185255,72.01123595505618,0.7297297297297297,0.6067415730337079,0.6625766871165645,random,1,0.3,0.3,0.4866666666666667
0.8433333333333334,0.83542126,0.36486486486486513,0.22166894,7.406227942140584,7.6948285,73.61797752808988,0.9375,0.5056179775280899,0.656934306569343,gnn,1,0.3,0.3,0.49
0.8133333333333334,0.8515757,0.24324324324324342,0.29806688,5.400141945783915,6.3777227,71.30337078651685,0.726027397260274,0.5955056179775281,0.654320987654321,random,1,0.3,0.3,0.49
0.8433333333333334,0.8361433,0.36486486486486513,0.2250837,7.31640757236617,7.6151204,73.24719101123596,0.9375,0.5056179775280899,0.656934306569343,gnn,1,0.3,0.3,0.49333333333333335
0.8166666666666667,0.8525755,0.2567567567567568,0.30279523,5.380743731410274,6.3647585,70.58426966292134,0.7297297297297297,0.6067415730337079,0.6625766871165645,random,1,0.3,0.3,0.49333333333333335
0.8433333333333334,0.83686537,0.36486486486486513,0.22849844,7.216834682256631,7.527967,71.37078651685393,0.9375,0.5056179775280899,0.656934306569343,gnn,1,0.3,0.3,0.49666666666666665
0.8166666666666667,0.8525736,0.2567567567567568,0.3027862,5.381410330034992,6.364593,71.30337078651685,0.7297297297297297,0.6067415730337079,0.6625766871165645,random,1,0.3,0.3,0.49666666666666665
0.8433333333333334,0.83758736,0.36486486486486513,0.2319129,7.113564626861101,7.4492865,70.4494382022472,0.9375,0.5056179775280899,0.656934306569343,gnn,1,0.3,0.3,0.5
0.8166666666666667,0.85283846,0.2567567567567568,0.30403888,5.306231208875517,6.3613267,70.79775280898876,0.7297297297297297,0.6067415730337079,0.6625766871165645,random,1,0.3,0.3,0.5
0.8466666666666667,0.83858645,0.3783783783783785,0.23663785,6.7306155626954975,7.182904,72.95505617977528,0.9387755102040817,0.5168539325842697,0.6666666666666667,gnn,1,0.3,0.3,0.5033333333333333
0.82,0.8538382,0.2702702702702702,0.30876693,5.298537400213649,6.3537693,70.40449438202248,0.7333333333333333,0.6179775280898876,0.6707317073170731,random,1,0.3,0.3,0.5033333333333333
0.8466666666666667,0.8393085,0.3783783783783785,0.2400526,6.5960618476624635,7.068457,72.31460674157303,0.9387755102040817,0.5168539325842697,0.6666666666666667,gnn,1,0.3,0.3,0.5066666666666667
0.8233333333333334,0.85594296,0.283783783783784,0.31872082,5.247485199657876,6.333238,70.47191011235955,0.7432432432432432,0.6179775280898876,0.6748466257668712,random,1,0.3,0.3,0.5066666666666667
0.8433333333333334,0.84058523,0.36486486486486513,0.24609055,6.380356088144624,6.886442,71.79775280898876,0.92,0.5168539325842697,0.6618705035971224,gnn,1,0.3,0.3,0.51
0.8233333333333334,0.8564275,0.283783783783784,0.32101226,5.197653147854692,6.2802186,70.24719101123596,0.7432432432432432,0.6179775280898876,0.6748466257668712,random,1,0.3,0.3,0.51
0.8433333333333334,0.8413073,0.36486486486486513,0.2495053,6.290842537489443,6.8029633,72.28089887640449,0.92,0.5168539325842697,0.6618705035971224,gnn,1,0.3,0.3,0.5133333333333333
0.8266666666666667,0.85742736,0.29729729729729737,0.32574087,5.1857384206714165,6.2700815,69.53932584269663,0.7466666666666667,0.6292134831460674,0.6829268292682926,random,1,0.3,0.3,0.5133333333333333
0.8433333333333334,0.84202933,0.36486486486486513,0.25292003,6.210041384851434,6.719892,71.01123595505618,0.92,0.5168539325842697,0.6618705035971224,gnn,1,0.3,0.3,0.5166666666666667
0.8333333333333334,0.8584166,0.32432432432432456,0.3304193,5.05371446501644,6.1327963,69.01123595505618,0.76,0.6404494382022472,0.6951219512195121,random,1,0.3,0.3,0.5166666666666667
0.8433333333333334,0.84215313,0.36486486486486513,0.2535055,6.191299722724546,6.718396,70.61797752808988,0.92,0.5168539325842697,0.6618705035971224,gnn,1,0.3,0.3,0.52
0.8333333333333334,0.8589447,0.32432432432432456,0.3329168,5.03837549502172,6.1315136,67.6067415730337,0.76,0.6404494382022472,0.6951219512195121,random,1,0.3,0.3,0.52
0.8433333333333334,0.8428752,0.36486486486486513,0.25692025,6.133628779525923,6.651086,70.75280898876404,0.92,0.5168539325842697,0.6618705035971224,gnn,1,0.3,0.3,0.5233333333333333
0.8366666666666667,0.86072004,0.33783783783783794,0.34131274,5.097519702368856,6.072072,67.17977528089888,0.7702702702702703,0.6404494382022472,0.6993865030674847,random,1,0.3,0.3,0.5233333333333333
0.8433333333333334,0.8434071,0.36486486486486513,0.2594358,6.074658074510715,6.5372357,69.98876404494382,0.92,0.5168539325842697,0.6618705035971224,gnn,1,0.3,0.3,0.5266666666666666
0.8366666666666667,0.86198914,0.33783783783783794,0.3473146,5.080851484393525,6.0472417,67.0,0.7702702702702703,0.6404494382022472,0.6993865030674847,random,1,0.3,0.3,0.5266666666666666
0.8466666666666667,0.84440607,0.3783783783783785,0.26416016,5.958634046375849,6.441591,69.32584269662921,0.9215686274509803,0.5280898876404494,0.6714285714285714,gnn,1,0.3,0.3,0.53
0.8366666666666667,0.8635554,0.33783783783783794,0.35472167,5.036556868781336,6.0325327,66.70786516853933,0.7702702702702703,0.6404494382022472,0.6993865030674847,random,1,0.3,0.3,0.53
0.85,0.84540516,0.3918918918918919,0.2688851,5.781280403113327,6.3398285,68.85393258426966,0.9230769230769231,0.5393258426966292,0.6808510638297872,gnn,1,0.3,0.3,0.5333333333333333
0.84,0.86455524,0.3513513513513513,0.35945028,5.025259781503108,6.018343,66.29213483146067,0.7733333333333333,0.651685393258427,0.7073170731707319,random,1,0.3,0.3,0.5333333333333333
0.85,0.8463953,0.3918918918918919,0.27356777,5.789201305735578,6.322712,69.41573033707866,0.9230769230769231,0.5393258426966292,0.6808510638297872,gnn,1,0.3,0.3,0.5366666666666666
0.84,0.865147,0.3513513513513513,0.36224884,5.019567154850225,6.0097322,66.42696629213484,0.7733333333333333,0.651685393258427,0.7073170731707319,random,1,0.3,0.3,0.5366666666666666
0.85,0.84711736,0.3918918918918919,0.27698252,5.721899223102561,6.275158,69.12359550561797,0.9230769230769231,0.5393258426966292,0.6808510638297872,gnn,1,0.3,0.3,0.54
0.8433333333333334,0.86614674,0.36486486486486513,0.36697686,5.00898275176949,6.0023475,66.04494382022472,0.7763157894736842,0.6629213483146067,0.7151515151515152,random,1,0.3,0.3,0.54
0.85,0.8478394,0.3918918918918919,0.28039727,5.62293426801473,6.2002454,69.35955056179775,0.9230769230769231,0.5393258426966292,0.6808510638297872,gnn,1,0.3,0.3,0.5433333333333333
0.84,0.8663458,0.3513513513513513,0.36791837,4.819835138986628,5.9442096,65.17977528089888,0.7662337662337663,0.6629213483146067,0.7108433734939759,random,1,0.3,0.3,0.5433333333333333
0.85,0.84856147,0.3918918918918919,0.28381202,5.565491436787811,6.1186066,69.11235955056179,0.9230769230769231,0.5393258426966292,0.6808510638297872,gnn,1,0.3,0.3,0.5466666666666666
0.8366666666666667,0.8665409,0.33783783783783794,0.36884096,4.605168113811155,5.8591294,64.43820224719101,0.7564102564102564,0.6629213483146067,0.7065868263473053,random,1,0.3,0.3,0.5466666666666666
0.85,0.8492835,0.3918918918918919,0.28722677,5.468867896068605,6.044117,67.98876404494382,0.9230769230769231,0.5393258426966292,0.6808510638297872,gnn,1,0.3,0.3,0.55
0.8366666666666667,0.8675411,0.33783783783783794,0.37357098,4.599643606584702,5.836739,64.14606741573034,0.7564102564102564,0.6629213483146067,0.7065868263473053,random,1,0.3,0.3,0.55
0.85,0.85000557,0.3918918918918919,0.2906415,5.4526885025777965,5.9683695,68.21348314606742,0.9230769230769231,0.5393258426966292,0.6808510638297872,gnn,1,0.3,0.3,0.5533333333333333
0.84,0.8685408,0.3513513513513513,0.37829903,4.59418247498543,5.8306937,63.68539325842696,0.759493670886076,0.6741573033707865,0.7142857142857143,random,1,0.3,0.3,0.5533333333333333
0.85,0.85097766,0.3918918918918919,0.29523876,5.451847127124782,5.9998407,67.80898876404494,0.9230769230769231,0.5393258426966292,0.6808510638297872,gnn,1,0.3,0.3,0.5566666666666666
0.84,0.8697576,0.3513513513513513,0.3840534,4.56874914402601,5.80977,63.21348314606742,0.759493670886076,0.6741573033707865,0.7142857142857143,random,1,0.3,0.3,0.5566666666666666
0.8533333333333334,0.85197675,0.4054054054054057,0.29996368,5.245237876156737,5.8731723,67.91011235955057,0.9245283018867925,0.550561797752809,0.6901408450704226,gnn,1,0.3,0.3,0.56
0.84,0.8707408,0.3513513513513513,0.3887031,4.571935890465858,5.8003745,62.79775280898876,0.759493670886076,0.6741573033707865,0.7142857142857143,random,1,0.3,0.3,0.56
0.8566666666666667,0.85297585,0.4189189189189191,0.30468863,4.999934446632036,5.6993256,68.56179775280899,0.9259259259259259,0.5617977528089888,0.6993006993006993,gnn,1,0.3,0.3,0.5633333333333334
0.84,0.8715263,0.3513513513513513,0.39241806,4.484108818871129,5.7334194,62.39325842696629,0.759493670886076,0.6741573033707865,0.7142857142857143,random,1,0.3,0.3,0.5633333333333334
0.8566666666666667,0.8533301,0.4189189189189191,0.30636388,4.897208068417763,5.6470304,68.6067415730337,0.9259259259259259,0.5617977528089888,0.6993006993006993,gnn,1,0.3,0.3,0.5666666666666667
0.84,0.8722982,0.3513513513513513,0.39606845,4.490873866761704,5.726582,62.348314606741575,0.759493670886076,0.6741573033707865,0.7142857142857143,random,1,0.3,0.3,0.5666666666666667
0.86,0.8543291,0.43243243243243246,0.31108853,4.772650268903965,5.549441,68.47191011235955,0.9272727272727272,0.5730337078651685,0.7083333333333334,gnn,1,0.3,0.3,0.57
0.84,0.87329245,0.3513513513513513,0.40077055,4.490068367680377,5.7220616,62.62921348314607,0.759493670886076,0.6741573033707865,0.7142857142857143,random,1,0.3,0.3,0.57
0.86,0.85505116,0.43243243243243246,0.31450328,4.661838578877844,5.4415727,67.47191011235955,0.9272727272727272,0.5730337078651685,0.7083333333333334,gnn,1,0.3,0.3,0.5733333333333334
0.84,0.87423235,0.3513513513513513,0.4052156,4.492036785580987,5.6900544,62.640449438202246,0.759493670886076,0.6741573033707865,0.7142857142857143,random,1,0.3,0.3,0.5733333333333334
0.8633333333333333,0.8560502,0.44594594594594583,0.31922793,4.543275310848548,5.3490543,67.82022471910112,0.9285714285714286,0.5842696629213483,0.7172413793103448,gnn,1,0.3,0.3,0.5766666666666667
0.84,0.8748523,0.3513513513513513,0.40814745,4.491200173540392,5.680244,62.47191011235955,0.759493670886076,0.6741573033707865,0.7142857142857143,random,1,0.3,0.3,0.5766666666666667
0.8633333333333333,0.85704994,0.44594594594594583,0.32395598,4.502103156649877,5.2763853,67.30337078651685,0.9285714285714286,0.5842696629213483,0.7172413793103448,gnn,1,0.3,0.3,0.58
0.8466666666666667,0.8757126,0.3783783783783785,0.4122159,4.543003931945968,5.633488,61.842696629213485,0.7721518987341772,0.6853932584269663,0.7261904761904762,random,1,0.3,0.3,0.58
0.8666666666666667,0.8580491,0.45945945945945965,0.3286812,4.2919726160086915,5.1203957,65.64044943820225,0.9298245614035088,0.5955056179775281,0.726027397260274,gnn,1,0.3,0.3,0.5833333333333334
0.85,0.87687236,0.3918918918918919,0.4177008,4.356551100486091,5.4853997,61.662921348314605,0.775,0.6966292134831461,0.7337278106508877,random,1,0.3,0.3,0.5833333333333334
0.87,0.8590481,0.472972972972973,0.33340588,4.112617120113117,4.990883,63.39325842696629,0.9310344827586207,0.6067415730337079,0.7346938775510203,gnn,1,0.3,0.3,0.5866666666666667
0.85,0.8775236,0.3918918918918919,0.42078066,4.271152679994654,5.432187,61.640449438202246,0.775,0.6966292134831461,0.7337278106508877,random,1,0.3,0.3,0.5866666666666667
0.87,0.86071414,0.472972972972973,0.3412848,4.111792131024507,4.9899974,63.04494382022472,0.9310344827586207,0.6067415730337079,0.7346938775510203,gnn,1,0.3,0.3,0.59
0.85,0.87824506,0.3918918918918919,0.4241926,4.221439581270759,5.3633356,61.60674157303371,0.775,0.6966292134831461,0.7337278106508877,random,1,0.3,0.3,0.59
0.87,0.8614361,0.472972972972973,0.3446993,4.051173615616082,4.922857,63.07865168539326,0.9310344827586207,0.6067415730337079,0.7346938775510203,gnn,1,0.3,0.3,0.5933333333333334
0.85,0.879245,0.3918918918918919,0.4289215,4.21499323864471,5.3559303,61.46067415730337,0.775,0.6966292134831461,0.7337278106508877,random,1,0.3,0.3,0.5933333333333334
0.8733333333333333,0.8613064,0.4864864864864864,0.3440859,4.054047426775456,4.958967,62.60674157303371,0.9473684210526315,0.6067415730337079,0.7397260273972603,gnn,1,0.3,0.3,0.5966666666666667
0.85,0.88031435,0.3918918918918919,0.43397877,4.2243450828805,5.347571,61.91011235955056,0.775,0.6966292134831461,0.7337278106508877,random,1,0.3,0.3,0.5966666666666667
0.8733333333333333,0.8621377,0.4864864864864864,0.34801707,4.0455029373300535,4.944926,62.2247191011236,0.9473684210526315,0.6067415730337079,0.7397260273972603,gnn,1,0.3,0.3,0.6
0.85,0.8810366,0.3918918918918919,0.43739435,4.18452654816579,5.302465,61.561797752808985,0.775,0.6966292134831461,0.7337278106508877,random,1,0.3,0.3,0.6
0.8733333333333333,0.86295116,0.4864864864864864,0.35186422,3.980814503264398,4.8942714,62.59550561797753,0.9473684210526315,0.6067415730337079,0.7397260273972603,gnn,1,0.3,0.3,0.6033333333333334
0.85,0.8818382,0.3918918918918919,0.4411854,4.184432902860044,5.2858186,61.59550561797753,0.775,0.6966292134831461,0.7337278106508877,random,1,0.3,0.3,0.6033333333333334
0.8766666666666667,0.8639502,0.5000000000000002,0.35658887,3.8985147583958346,4.7856903,61.640449438202246,0.9482758620689655,0.6179775280898876,0.7482993197278911,gnn,1,0.3,0.3,0.6066666666666667
0.85,0.882675,0.3918918918918919,0.4451428,4.161900251747712,5.2757554,60.68539325842696,0.775,0.6966292134831461,0.7337278106508877,random,1,0.3,0.3,0.6066666666666667
0.8766666666666667,0.8649502,0.5000000000000002,0.36131805,3.87522632174571,4.7453012,61.07865168539326,0.9482758620689655,0.6179775280898876,0.7482993197278911,gnn,1,0.3,0.3,0.61
0.8533333333333334,0.8836748,0.4054054054054057,0.44987112,4.060961618636496,5.201529,59.96629213483146,0.7777777777777778,0.7078651685393258,0.7411764705882353,random,1,0.3,0.3,0.61
0.8766666666666667,0.8659499,0.5000000000000002,0.3660461,3.872504047990533,4.739228,61.73033707865169,0.9482758620689655,0.6179775280898876,0.7482993197278911,gnn,1,0.3,0.3,0.6133333333333333
0.8566666666666667,0.88467467,0.4189189189189191,0.45459974,3.885056156452545,5.072222,59.06741573033708,0.7804878048780488,0.7191011235955056,0.7485380116959065,random,1,0.3,0.3,0.6133333333333333
0.8766666666666667,0.866672,0.5000000000000002,0.36946082,3.822628339682718,4.6874413,60.8876404494382,0.9482758620689655,0.6179775280898876,0.7482993197278911,gnn,1,0.3,0.3,0.6166666666666667
0.8566666666666667,0.8856289,0.4189189189189191,0.4591124,3.8192282984423644,5.086771,59.674157303370784,0.7804878048780488,0.7191011235955056,0.7485380116959065,random,1,0.3,0.3,0.6166666666666667
0.8766666666666667,0.8676717,0.5000000000000002,0.37418887,3.820863880953397,4.6218743,60.831460674157306,0.9482758620689655,0.6179775280898876,0.7482993197278911,gnn,1,0.3,0.3,0.62
0.86,0.88662875,0.43243243243243246,0.46384102,3.8123226286661414,5.080876,59.449438202247194,0.7831325301204819,0.7303370786516854,0.7558139534883721,random,1,0.3,0.3,0.62
0.88,0.8686709,0.5135135135135136,0.37891412,3.7821144821361714,4.5844116,60.853932584269664,0.9491525423728814,0.6292134831460674,0.7567567567567568,gnn,1,0.3,0.3,0.6233333333333333
0.86,0.88758504,0.43243243243243246,0.46836358,3.816903715077322,5.051643,59.325842696629216,0.7831325301204819,0.7303370786516854,0.7558139534883721,random,1,0.3,0.3,0.6233333333333333
0.88,0.86939293,0.5135135135135136,0.38232884,3.711864743083422,4.5270934,60.40449438202247,0.9491525423728814,0.6292134831460674,0.7567567567567568,gnn,1,0.3,0.3,0.6266666666666667
0.86,0.88902646,0.43243243243243246,0.4751804,3.816203995026649,5.0438046,58.842696629213485,0.7831325301204819,0.7303370786516854,0.7558139534883721,random,1,0.3,0.3,0.6266666666666667
0.8833333333333333,0.87039196,0.527027027027027,0.38705352,3.5594595176750756,4.418352,61.07865168539326,0.95,0.6404494382022472,0.7651006711409395,gnn,1,0.3,0.3,0.63
0.86,0.8884263,0.43243243243243246,0.47234207,3.8033135228774246,5.12482,58.57303370786517,0.7764705882352941,0.7415730337078652,0.7586206896551726,random,1,0.3,0.3,0.63
0.8866666666666667,0.871391,0.5405405405405408,0.39177817,3.549016347233038,4.408597,60.87640449438202,0.9508196721311475,0.651685393258427,0.7733333333333333,gnn,1,0.3,0.3,0.6333333333333333
0.86,0.8894263,0.43243243243243246,0.47707126,3.801788435076468,5.1185904,58.550561797752806,0.7764705882352941,0.7415730337078652,0.7586206896551726,random,1,0.3,0.3,0.6333333333333333
0.8866666666666667,0.87211305,0.5405405405405408,0.39519292,3.536592598717728,4.360164,60.157303370786515,0.9508196721311475,0.651685393258427,0.7733333333333333,gnn,1,0.3,0.3,0.6366666666666667
0.86,0.8904262,0.43243243243243246,0.48180014,3.7991977050361174,5.096681,58.42696629213483,0.7764705882352941,0.7415730337078652,0.7586206896551726,random,1,0.3,0.3,0.6366666666666667
0.88,0.87057334,0.5135135135135136,0.3879113,3.415221461098496,4.3157,60.60674157303371,0.9206349206349206,0.651685393258427,0.763157894736842,gnn,1,0.3,0.3,0.64
0.86,0.89042693,0.43243243243243246,0.48180354,3.799188335705975,5.096608,58.325842696629216,0.7764705882352941,0.7415730337078652,0.7586206896551726,random,1,0.3,0.3,0.64
0.8833333333333333,0.8715725,0.527027027027027,0.3926365,3.4015151217677064,4.2920938,60.07865168539326,0.921875,0.6629213483146067,0.7712418300653595,gnn,1,0.3,0.3,0.6433333333333333
0.86,0.8906083,0.43243243243243246,0.4826613,3.7171125523616477,5.085473,58.168539325842694,0.7764705882352941,0.7415730337078652,0.7586206896551726,random,1,0.3,0.3,0.6433333333333333
0.8833333333333333,0.8729586,0.527027027027027,0.39919174,3.401094922817167,4.2813973,59.337078651685395,0.921875,0.6629213483146067,0.7712418300653595,gnn,1,0.3,0.3,0.6466666666666666
0.8633333333333333,0.89209837,0.44594594594594583,0.48970813,3.7345641040633164,5.005514,57.8876404494382,0.7857142857142857,0.7415730337078652,0.7630057803468209,random,1,0.3,0.3,0.6466666666666666
0.8833333333333333,0.8739591,0.527027027027027,0.40392342,3.3946738193822035,4.2525687,59.69662921348315,0.921875,0.6629213483146067,0.7712418300653595,gnn,1,0.3,0.3,0.65
0.8666666666666667,0.89596224,0.45945945945945965,0.50798124,3.7633466537958444,4.7824802,57.640449438202246,0.7951807228915663,0.7415730337078652,0.7674418604651162,random,1,0.3,0.3,0.65
0.8833333333333333,0.87495893,0.527027027027027,0.40865177,3.361772770199799,4.171649,59.449438202247194,0.921875,0.6629213483146067,0.7712418300653595,gnn,1,0.3,0.3,0.6533333333333333
0.87,0.896962,0.472972972972973,0.5127093,3.7586237249199885,4.777478,57.13483146067416,0.7976190476190477,0.7528089887640449,0.7745664739884393,random,1,0.3,0.3,0.6533333333333333
0.8833333333333333,0.8759587,0.527027027027027,0.4133798,3.336582451873449,4.062085,59.438202247191015,0.921875,0.6629213483146067,0.7712418300653595,gnn,1,0.3,0.3,0.6566666666666666
0.87,0.89855313,0.472972972972973,0.5202342,3.741024840176572,4.74993,57.0,0.7976190476190477,0.7528089887640449,0.7745664739884393,random,1,0.3,0.3,0.6566666666666666
0.8866666666666667,0.8769577,0.5405405405405408,0.41810447,3.3242936468439983,4.044059,58.61797752808989,0.9230769230769231,0.6741573033707865,0.7792207792207791,gnn,1,0.3,0.3,0.66
0.8733333333333333,0.9008232,0.4864864864864864,0.5309698,3.7449564347277935,4.62441,56.49438202247191,0.8072289156626506,0.7528089887640449,0.7790697674418604,random,1,0.3,0.3,0.66
0.8866666666666667,0.87767977,0.5405405405405408,0.42151922,3.285106351282785,3.998237,58.06741573033708,0.9230769230769231,0.6741573033707865,0.7792207792207791,gnn,1,0.3,0.3,0.6633333333333333
0.8766666666666667,0.90177757,0.5000000000000002,0.5354833,3.7489862608358933,4.594871,56.13483146067416,0.8170731707317073,0.7528089887640449,0.783625730994152,random,1,0.3,0.3,0.6633333333333333
0.89,0.8786789,0.5540540540540542,0.42624444,3.2492891465560874,3.9598756,57.02247191011236,0.9242424242424242,0.6853932584269663,0.7870967741935484,gnn,1,0.3,0.3,0.6666666666666666
0.8766666666666667,0.90178,0.5000000000000002,0.53549486,3.74899407459101,4.594564,56.03370786516854,0.8170731707317073,0.7528089887640449,0.783625730994152,random,1,0.3,0.3,0.6666666666666666
0.89,0.87967813,0.5540540540540542,0.43096995,3.2404454098485798,3.9529908,56.86516853932584,0.9242424242424242,0.6853932584269663,0.7870967741935484,gnn,1,0.3,0.3,0.67
0.88,0.90040946,0.5135135135135136,0.5290132,3.7384497386585824,4.5953846,55.92134831460674,0.8271604938271605,0.7528089887640449,0.7882352941176471,random,1,0.3,0.3,0.67
0.8933333333333333,0.8806773,0.5675675675675675,0.43569517,3.244990078731256,3.9273746,56.78651685393258,0.9253731343283582,0.6966292134831461,0.794871794871795,gnn,1,0.3,0.3,0.6733333333333333
0.8833333333333333,0.9030088,0.527027027027027,0.5413062,3.606443114827539,4.4727163,55.51685393258427,0.8292682926829268,0.7640449438202247,0.7953216374269005,random,1,0.3,0.3,0.6733333333333333
0.8933333333333333,0.8820444,0.5675675675675675,0.44216046,3.2454833761918787,3.9244015,55.60674157303371,0.9253731343283582,0.6966292134831461,0.794871794871795,gnn,1,0.3,0.3,0.6766666666666666
0.88,0.90433586,0.5135135135135136,0.54758203,3.6433136020082113,4.3445883,55.50561797752809,0.8192771084337349,0.7640449438202247,0.7906976744186045,random,1,0.3,0.3,0.6766666666666666
0.8933333333333333,0.8831437,0.5675675675675675,0.44735953,3.2400566667471193,3.9125292,55.21348314606742,0.9253731343283582,0.6966292134831461,0.794871794871795,gnn,1,0.3,0.3,0.68
0.8766666666666667,0.90505797,0.5000000000000002,0.5509971,3.596279257092904,4.263927,55.31460674157304,0.8095238095238095,0.7640449438202247,0.7861271676300579,random,1,0.3,0.3,0.68
0.8933333333333333,0.8841435,0.5675675675675675,0.45208758,3.1982514248453677,3.8425064,55.07865168539326,0.9253731343283582,0.6966292134831461,0.794871794871795,gnn,1,0.3,0.3,0.6833333333333333
0.8766666666666667,0.90605795,0.5000000000000002,0.55572623,3.593802791661529,4.2528067,55.146067415730336,0.8095238095238095,0.7640449438202247,0.7861271676300579,random,1,0.3,0.3,0.6833333333333333
0.89,0.8854202,0.5540540540540542,0.45812553,3.0570897528870766,3.724266,55.86516853932584,0.9117647058823529,0.6966292134831461,0.7898089171974523,gnn,1,0.3,0.3,0.6866666666666666
0.8766666666666667,0.9070579,0.5000000000000002,0.56045514,3.5614176206392805,4.175294,55.12359550561798,0.8095238095238095,0.7640449438202247,0.7861271676300579,random,1,0.3,0.3,0.6866666666666666
0.89,0.8863894,0.5540540540540542,0.46270898,3.0519661851687254,3.7091365,55.7752808988764,0.9117647058823529,0.6966292134831461,0.7898089171974523,gnn,1,0.3,0.3,0.69
0.8733333333333333,0.9085249,0.4864864864864864,0.5673929,3.5095250860533787,4.0736203,55.12359550561798,0.8,0.7640449438202247,0.7816091954022989,random,1,0.3,0.3,0.69
0.8866666666666667,0.8876661,0.5405405405405408,0.46874693,3.0232771699794867,3.5482833,56.69662921348315,0.8985507246376812,0.6966292134831461,0.7848101265822786,gnn,1,0.3,0.3,0.6933333333333334
0.8733333333333333,0.9094532,0.4864864864864864,0.57178324,3.5066559272358853,4.00793,55.146067415730336,0.8,0.7640449438202247,0.7816091954022989,random,1,0.3,0.3,0.6933333333333334
0.8866666666666667,0.88866585,0.5405405405405408,0.47347498,2.9931380195723576,3.4381425,56.51685393258427,0.8985507246376812,0.6966292134831461,0.7848101265822786,gnn,1,0.3,0.3,0.6966666666666667
0.87,0.91158235,0.472972972972973,0.58185244,3.398320460354621,3.832011,55.348314606741575,0.7906976744186046,0.7640449438202247,0.7771428571428571,random,1,0.3,0.3,0.6966666666666667
0.8866666666666667,0.8896656,0.5405405405405408,0.47820303,2.984332492602975,3.3889322,56.26966292134831,0.8985507246376812,0.6966292134831461,0.7848101265822786,gnn,1,0.3,0.3,0.7
0.87,0.91171753,0.472972972972973,0.5824917,3.409479149383098,3.8278205,54.41573033707865,0.7906976744186046,0.7640449438202247,0.7771428571428571,random,1,0.3,0.3,0.7
0.8866666666666667,0.8906654,0.5405405405405408,0.48293135,2.9799915047563346,3.3251135,56.38202247191011,0.8985507246376812,0.6966292134831461,0.7848101265822786,gnn,1,0.3,0.3,0.7033333333333334
0.8733333333333333,0.9127171,0.4864864864864864,0.58721894,3.21589177881319,3.6652498,54.08988764044944,0.7931034482758621,0.7752808988764045,0.7840909090909092,random,1,0.3,0.3,0.7033333333333334
0.8866666666666667,0.89159304,0.5405405405405408,0.4873183,2.9809951434989745,3.3202567,56.01123595505618,0.8985507246376812,0.6966292134831461,0.7848101265822786,gnn,1,0.3,0.3,0.7066666666666667
0.8733333333333333,0.91371703,0.4864864864864864,0.5919478,3.212870481650979,3.6360054,54.12359550561798,0.7931034482758621,0.7752808988764045,0.7840909090909092,random,1,0.3,0.3,0.7066666666666667
0.8866666666666667,0.8925928,0.5405405405405408,0.49204636,2.9724221558324166,3.2843378,55.59550561797753,0.8985507246376812,0.6966292134831461,0.7848101265822786,gnn,1,0.3,0.3,0.71
0.8766666666666667,0.91503334,0.5000000000000002,0.59817296,3.1300707176994553,3.638939,53.93258426966292,0.8023255813953488,0.7752808988764045,0.7885714285714286,random,1,0.3,0.3,0.71
0.89,0.8935918,0.5540540540540542,0.496771,2.9291329915798756,3.2484334,55.26966292134831,0.9,0.7078651685393258,0.7924528301886792,gnn,1,0.3,0.3,0.7133333333333334
0.88,0.9164056,0.5135135135135136,0.6046628,3.1251873639795544,3.635212,53.73033707865169,0.8045977011494253,0.7865168539325843,0.7954545454545455,random,1,0.3,0.3,0.7133333333333334
0.89,0.8946248,0.5540540540540542,0.50165635,2.926278910521377,3.182544,54.97752808988764,0.9,0.7078651685393258,0.7924528301886792,gnn,1,0.3,0.3,0.7166666666666667
0.88,0.91741437,0.5135135135135136,0.60943335,3.1624544726991517,3.5829086,53.52808988764045,0.8045977011494253,0.7865168539325843,0.7954545454545455,random,1,0.3,0.3,0.7166666666666667
0.89,0.8956246,0.5540540540540542,0.5063844,2.926171364587818,3.163002,55.48314606741573,0.9,0.7078651685393258,0.7924528301886792,gnn,1,0.3,0.3,0.72
0.8833333333333333,0.9184139,0.527027027027027,0.6141603,3.155470795839331,3.5774834,53.146067415730336,0.8068181818181818,0.797752808988764,0.8022598870056498,random,1,0.3,0.3,0.72
0.8933333333333333,0.89662373,0.5675675675675675,0.5111096,2.72007975922973,3.0535429,55.12359550561798,0.9014084507042254,0.7191011235955056,0.8,gnn,1,0.3,0.3,0.7233333333333334
0.8833333333333333,0.9194155,0.527027027027027,0.6188971,3.1532668621978095,3.5675106,53.01123595505618,0.8068181818181818,0.797752808988764,0.8022598870056498,random,1,0.3,0.3,0.7233333333333334
0.8966666666666666,0.8976227,0.5810810810810809,0.515834,2.6869838972018694,3.0346932,54.92134831460674,0.9027777777777778,0.7303370786516854,0.8074534161490682,gnn,1,0.3,0.3,0.7266666666666667
0.8833333333333333,0.9209723,0.527027027027027,0.6262596,3.1582564381768723,3.4683862,52.59550561797753,0.8068181818181818,0.797752808988764,0.8022598870056498,random,1,0.3,0.3,0.7266666666666667
0.8966666666666666,0.89862263,0.5810810810810809,0.5205629,2.681449358567359,3.011588,55.325842696629216,0.9027777777777778,0.7303370786516854,0.8074534161490682,gnn,1,0.3,0.3,0.73
0.8833333333333333,0.9216729,0.527027027027027,0.62957287,3.089834718005942,3.413123,52.47191011235955,0.8068181818181818,0.797752808988764,0.8022598870056498,random,1,0.3,0.3,0.73
0.8966666666666666,0.8996222,0.5810810810810809,0.5252901,2.6811143091326968,2.9945922,54.831460674157306,0.9027777777777778,0.7303370786516854,0.8074534161490682,gnn,1,0.3,0.3,0.7333333333333333
0.8833333333333333,0.92223,0.527027027027027,0.63220763,3.000698302177319,3.3771229,52.41573033707865,0.8068181818181818,0.797752808988764,0.8022598870056498,random,1,0.3,0.3,0.7333333333333333
0.8966666666666666,0.9001992,0.5810810810810809,0.5280187,2.676632741898411,2.993523,55.38202247191011,0.9027777777777778,0.7303370786516854,0.8074534161490682,gnn,1,0.3,0.3,0.7366666666666667
0.8866666666666667,0.92364013,0.5405405405405408,0.63887644,2.991059703375501,3.3610094,52.235955056179776,0.8089887640449438,0.8089887640449438,0.8089887640449437,random,1,0.3,0.3,0.7366666666666667
0.8966666666666666,0.9009212,0.5810810810810809,0.53143346,2.5978857057945235,2.9257715,54.93258426966292,0.9027777777777778,0.7303370786516854,0.8074534161490682,gnn,1,0.3,0.3,0.74
0.8866666666666667,0.92410535,0.5405405405405408,0.64107656,2.880168299403434,3.3340585,52.258426966292134,0.8089887640449438,0.8089887640449438,0.8089887640449437,random,1,0.3,0.3,0.74
0.8966666666666666,0.901921,0.5810810810810809,0.53616154,2.597381157376091,2.9123023,54.831460674157306,0.9027777777777778,0.7303370786516854,0.8074534161490682,gnn,1,0.3,0.3,0.7433333333333333
0.89,0.92396873,0.5540540540540542,0.6404305,2.866909501278397,3.3706608,52.056179775280896,0.8181818181818182,0.8089887640449438,0.8135593220338984,random,1,0.3,0.3,0.7433333333333333
0.8966666666666666,0.9029207,0.5810810810810809,0.54088956,2.598934785553048,2.871684,53.752808988764045,0.9027777777777778,0.7303370786516854,0.8074534161490682,gnn,1,0.3,0.3,0.7466666666666667
0.89,0.92496866,0.5540540540540542,0.64515936,2.8535787970106017,3.356112,51.97752808988764,0.8181818181818182,0.8089887640449438,0.8135593220338984,random,1,0.3,0.3,0.7466666666666667
0.8966666666666666,0.9039205,0.5810810810810809,0.5456176,2.5826565425670767,2.8625379,53.943820224719104,0.9027777777777778,0.7303370786516854,0.8074534161490682,gnn,1,0.3,0.3,0.75
0.89,0.92558616,0.5540540540540542,0.6480797,2.789997812401862,3.309699,52.01123595505618,0.8181818181818182,0.8089887640449438,0.8135593220338984,random,1,0.3,0.3,0.75
0.8966666666666666,0.9048993,0.5810810810810809,0.5502467,2.565552567353655,2.8497849,54.37078651685393,0.9027777777777778,0.7303370786516854,0.8074534161490682,gnn,1,0.3,0.3,0.7533333333333333
0.89,0.9263083,0.5540540540540542,0.65149474,2.7956708214096637,3.2648892,52.10112359550562,0.8181818181818182,0.8089887640449438,0.8135593220338984,random,1,0.3,0.3,0.7533333333333333
0.9,0.90589845,0.5945945945945947,0.55497193,2.541205997036988,2.8189633,53.86516853932584,0.9041095890410958,0.7415730337078652,0.8148148148148147,gnn,1,0.3,0.3,0.7566666666666667
0.89,0.9268429,0.5540540540540542,0.65402323,2.751593099052151,3.21728,52.12359550561798,0.8181818181818182,0.8089887640449438,0.8135593220338984,random,1,0.3,0.3,0.7566666666666667
0.9,0.9068982,0.5945945945945947,0.55969995,2.4847614376608567,2.807294,53.842696629213485,0.9041095890410958,0.7415730337078652,0.8148148148148147,gnn,1,0.3,0.3,0.76
0.89,0.9275635,0.5540540540540542,0.65743095,2.7436178832486227,3.1992166,52.13483146067416,0.8181818181818182,0.8089887640449438,0.8135593220338984,random,1,0.3,0.3,0.76
0.9,0.90789795,0.5945945945945947,0.56442803,2.4832432551225327,2.8010514,53.80898876404494,0.9041095890410958,0.7415730337078652,0.8148148148148147,gnn,1,0.3,0.3,0.7633333333333333
0.89,0.92856324,0.5540540540540542,0.66215897,2.7435940700421564,3.1842413,51.98876404494382,0.8181818181818182,0.8089887640449438,0.8135593220338984,random,1,0.3,0.3,0.7633333333333333
0.9,0.9102521,0.5945945945945947,0.57556134,2.5344308743128607,2.7648418,53.1123595505618,0.9041095890410958,0.7415730337078652,0.8148148148148147,gnn,1,0.3,0.3,0.7666666666666667
0.8933333333333333,0.9271495,0.5675675675675675,0.65547293,2.728612320951661,3.1841419,51.258426966292134,0.8275862068965517,0.8089887640449438,0.8181818181818181,random,1,0.3,0.3,0.7666666666666667
0.9033333333333333,0.9114427,0.6081081081081081,0.58119196,2.518101928268902,2.7340086,52.853932584269664,0.9054054054054054,0.7528089887640449,0.8220858895705522,gnn,1,0.3,0.3,0.77
0.8933333333333333,0.92783344,0.5675675675675675,0.65870756,2.729241300923383,3.1510503,51.06741573033708,0.8275862068965517,0.8089887640449438,0.8181818181818181,random,1,0.3,0.3,0.77
0.9033333333333333,0.9124361,0.6081081081081081,0.5858901,2.513880098613949,2.7180636,52.78651685393258,0.9054054054054054,0.7528089887640449,0.8220858895705522,gnn,1,0.3,0.3,0.7733333333333333
0.9,0.9286519,0.5945945945945947,0.6625784,2.7962581908562965,3.1214411,50.98876404494382,0.8390804597701149,0.8202247191011236,0.8295454545454546,random,1,0.3,0.3,0.7733333333333333
0.9033333333333333,0.9140855,0.6081081081081081,0.5936904,2.442109198248047,2.7051308,52.71910112359551,0.9054054054054054,0.7528089887640449,0.8220858895705522,gnn,1,0.3,0.3,0.7766666666666666
0.9033333333333333,0.92790693,0.6081081081081081,0.6590551,2.7848995116285034,3.1234965,50.842696629213485,0.8488372093023255,0.8202247191011236,0.8342857142857142,random,1,0.3,0.3,0.7766666666666666
0.9033333333333333,0.91508526,0.6081081081081081,0.5984185,2.4287854083593152,2.6905775,52.59550561797753,0.9054054054054054,0.7528089887640449,0.8220858895705522,gnn,1,0.3,0.3,0.78
0.9033333333333333,0.9287675,0.6081081081081081,0.663125,2.7387596812686525,3.0592937,50.640449438202246,0.8488372093023255,0.8202247191011236,0.8342857142857142,random,1,0.3,0.3,0.78
0.9033333333333333,0.91608584,0.6081081081081081,0.6031504,2.427366191050896,2.6801805,52.57303370786517,0.9054054054054054,0.7528089887640449,0.8220858895705522,gnn,1,0.3,0.3,0.7833333333333333
0.9033333333333333,0.9291081,0.6081081081081081,0.6647357,2.7114664820698984,3.0231936,50.640449438202246,0.8488372093023255,0.8202247191011236,0.8342857142857142,random,1,0.3,0.3,0.7833333333333333
0.9066666666666666,0.91708493,0.6216216216216215,0.6078754,2.387371137824089,2.6470027,52.57303370786517,0.9066666666666666,0.7640449438202247,0.8292682926829269,gnn,1,0.3,0.3,0.7866666666666666
0.9066666666666666,0.93023247,0.6216216216216215,0.6700531,2.6730202028126615,2.978988,50.48314606741573,0.8505747126436781,0.8314606741573034,0.8409090909090909,random,1,0.3,0.3,0.7866666666666666
0.91,0.918084,0.6351351351351353,0.6126003,2.3792890493335865,2.638606,52.30337078651685,0.9078947368421053,0.7752808988764045,0.8363636363636364,gnn,1,0.3,0.3,0.79
0.9066666666666666,0.9309546,0.6216216216216215,0.6734682,2.6022565430643603,2.921779,50.48314606741573,0.8505747126436781,0.8314606741573034,0.8409090909090909,random,1,0.3,0.3,0.79
0.91,0.9195329,0.6351351351351353,0.61945236,2.3743113576680277,2.6261744,51.57303370786517,0.9078947368421053,0.7752808988764045,0.8363636363636364,gnn,1,0.3,0.3,0.7933333333333333
0.9066666666666666,0.9317628,0.6216216216216215,0.6772905,2.602702389006242,2.9177115,50.561797752808985,0.8505747126436781,0.8314606741573034,0.8409090909090909,random,1,0.3,0.3,0.7933333333333333
0.91,0.92053264,0.6351351351351353,0.62418044,2.370302547644566,2.612447,51.651685393258425,0.9078947368421053,0.7752808988764045,0.8363636363636364,gnn,1,0.3,0.3,0.7966666666666666
0.91,0.9327623,0.6351351351351353,0.68201745,2.5002436991015173,2.8511186,50.20224719101124,0.8522727272727273,0.8426966292134831,0.8474576271186441,random,1,0.3,0.3,0.7966666666666666
0.9133333333333333,0.9215317,0.6486486486486487,0.62890506,2.3560555273209154,2.6008565,51.157303370786515,0.9090909090909091,0.7865168539325843,0.8433734939759036,gnn,1,0.3,0.3,0.8
0.91,0.9332395,0.6351351351351353,0.6842742,2.4979985157540328,2.8384182,50.146067415730336,0.8522727272727273,0.8426966292134831,0.8474576271186441,random,1,0.3,0.3,0.8
0.9133333333333333,0.9223834,0.6486486486486487,0.6329332,2.332418216708018,2.5899146,51.03370786516854,0.9090909090909091,0.7865168539325843,0.8433734939759036,gnn,1,0.3,0.3,0.8033333333333333
0.91,0.9336736,0.6351351351351353,0.68632716,2.495928226674141,2.816577,50.13483146067416,0.8522727272727273,0.8426966292134831,0.8474576271186441,random,1,0.3,0.3,0.8033333333333333
0.9133333333333333,0.9233838,0.6486486486486487,0.6376641,2.3195076685211458,2.541807,50.86516853932584,0.9090909090909091,0.7865168539325843,0.8433734939759036,gnn,1,0.3,0.3,0.8066666666666666
0.9133333333333333,0.9328308,0.6486486486486487,0.68234134,2.4641797226523883,2.8368733,49.95505617977528,0.8620689655172413,0.8426966292134831,0.8522727272727273,random,1,0.3,0.3,0.8066666666666666
0.9133333333333333,0.92438376,0.6486486486486487,0.64239323,2.3194834955089325,2.5268173,50.831460674157306,0.9090909090909091,0.7865168539325843,0.8433734939759036,gnn,1,0.3,0.3,0.81
0.9133333333333333,0.93355304,0.6486486486486487,0.6857569,2.382058418473411,2.791899,49.89887640449438,0.8620689655172413,0.8426966292134831,0.8522727272727273,random,1,0.3,0.3,0.81
0.9133333333333333,0.9254478,0.6486486486486487,0.6474254,2.3189930159069534,2.5186603,50.8876404494382,0.9090909090909091,0.7865168539325843,0.8433734939759036,gnn,1,0.3,0.3,0.8133333333333334
0.9166666666666666,0.9342566,0.6621621621621621,0.68908423,2.381427497558566,2.7372231,49.79775280898876,0.872093023255814,0.8426966292134831,0.8571428571428571,random,1,0.3,0.3,0.8133333333333334
0.9166666666666666,0.9264486,0.6621621621621621,0.65215826,2.310244328596451,2.510641,50.662921348314605,0.9102564102564102,0.797752808988764,0.8502994011976048,gnn,1,0.3,0.3,0.8166666666666667
0.9166666666666666,0.9351003,0.6621621621621621,0.69307435,2.372414105275726,2.7263591,49.79775280898876,0.872093023255814,0.8426966292134831,0.8571428571428571,random,1,0.3,0.3,0.8166666666666667
0.9166666666666666,0.92744833,0.6621621621621621,0.65688634,2.3102288064035172,2.5071404,50.38202247191011,0.9102564102564102,0.797752808988764,0.8502994011976048,gnn,1,0.3,0.3,0.82
0.92,0.93651044,0.6756756756756759,0.69974315,2.353380270183103,2.704381,49.640449438202246,0.8735632183908046,0.8539325842696629,0.8636363636363635,random,1,0.3,0.3,0.82
0.92,0.92844725,0.6756756756756759,0.6616104,2.294846151035352,2.4981258,50.247191011235955,0.9113924050632911,0.8089887640449438,0.8571428571428571,gnn,1,0.3,0.3,0.8233333333333334
0.92,0.9375075,0.6756756756756759,0.70445853,2.299354119848751,2.6864593,49.449438202247194,0.8735632183908046,0.8539325842696629,0.8636363636363635,random,1,0.3,0.3,0.8233333333333334
0.92,0.9287915,0.6756756756756759,0.6632386,2.288071180258833,2.48916,49.831460674157306,0.9113924050632911,0.8089887640449438,0.8571428571428571,gnn,1,0.3,0.3,0.8266666666666667
0.92,0.9381236,0.6756756756756759,0.70737207,2.2783779277199288,2.6747248,49.235955056179776,0.8735632183908046,0.8539325842696629,0.8636363636363635,random,1,0.3,0.3,0.8266666666666667
0.92,0.9297913,0.6756756756756759,0.6679666,2.2854808249484106,2.4672484,49.764044943820224,0.9113924050632911,0.8089887640449438,0.8571428571428571,gnn,1,0.3,0.3,0.83
0.9233333333333333,0.93950695,0.6891891891891893,0.71391433,2.2345716196650782,2.6256342,49.08988764044944,0.875,0.8651685393258427,0.8700564971751412,random,1,0.3,0.3,0.83
0.9233333333333333,0.9307904,0.6891891891891893,0.6726918,2.2750376691065046,2.4574935,49.41573033707865,0.9125,0.8202247191011236,0.863905325443787,gnn,1,0.3,0.3,0.8333333333333334
0.9233333333333333,0.93950665,0.6891891891891893,0.7139129,2.234568671980943,2.6256514,48.359550561797754,0.875,0.8651685393258427,0.8700564971751412,random,1,0.3,0.3,0.8333333333333334
0.9266666666666666,0.9317896,0.7027027027027026,0.6774171,2.2657345466502763,2.4475212,49.337078651685395,0.9135802469135802,0.8314606741573034,0.8705882352941177,gnn,1,0.3,0.3,0.8366666666666667
0.9266666666666666,0.93922997,0.7027027027027026,0.7126044,2.2987565915076447,2.6652663,48.17977528089887,0.8850574712643678,0.8651685393258427,0.875,random,1,0.3,0.3,0.8366666666666667
0.9266666666666666,0.9327885,0.7027027027027026,0.6821412,2.2210627753086185,2.4416234,49.49438202247191,0.9135802469135802,0.8314606741573034,0.8705882352941177,gnn,1,0.3,0.3,0.84
0.9266666666666666,0.9394452,0.7027027027027026,0.7136223,2.2712417054048344,2.6695447,48.21348314606742,0.8850574712643678,0.8651685393258427,0.875,random,1,0.3,0.3,0.84
0.9266666666666666,0.93378884,0.7027027027027026,0.686872,2.2208396488209106,2.432364,49.48314606741573,0.9135802469135802,0.8314606741573034,0.8705882352941177,gnn,1,0.3,0.3,0.8433333333333334
0.9266666666666666,0.94044507,0.7027027027027026,0.7183509,2.2549534201983117,2.660401,48.21348314606742,0.8850574712643678,0.8651685393258427,0.875,random,1,0.3,0.3,0.8433333333333334
0.93,0.93479097,0.7162162162162165,0.69161135,2.202182416751977,2.4199529,48.98876404494382,0.9146341463414634,0.8426966292134831,0.8771929824561403,gnn,1,0.3,0.3,0.8466666666666667
0.93,0.9414447,0.7162162162162165,0.72307837,2.2452224994535404,2.6505296,47.92134831460674,0.8863636363636364,0.8764044943820225,0.8813559322033898,random,1,0.3,0.3,0.8466666666666667
0.93,0.9357905,0.7162162162162165,0.6963383,2.193898022319824,2.4110842,48.93258426966292,0.9146341463414634,0.8426966292134831,0.8771929824561403,gnn,1,0.3,0.3,0.85
0.93,0.94244444,0.7162162162162165,0.7278064,2.2447221990309134,2.6370802,47.89887640449438,0.8863636363636364,0.8764044943820225,0.8813559322033898,random,1,0.3,0.3,0.85
0.9333333333333333,0.9372501,0.7297297297297298,0.70324105,2.1848656670073607,2.3983605,48.71910112359551,0.9156626506024096,0.8539325842696629,0.883720930232558,gnn,1,0.3,0.3,0.8533333333333334
0.93,0.9423516,0.7162162162162165,0.7273672,2.2663760609205923,2.5686843,48.056179775280896,0.8863636363636364,0.8764044943820225,0.8813559322033898,random,1,0.3,0.3,0.8533333333333334
0.9333333333333333,0.93844503,0.7297297297297298,0.7088923,2.180850863915428,2.3764822,48.79775280898876,0.9156626506024096,0.8539325842696629,0.883720930232558,gnn,1,0.3,0.3,0.8566666666666667
0.9333333333333333,0.94160646,0.7297297297297298,0.7238434,2.238588435740282,2.5707443,47.91011235955056,0.896551724137931,0.8764044943820225,0.8863636363636365,random,1,0.3,0.3,0.8566666666666667
0.9333333333333333,0.93928933,0.7297297297297298,0.71288514,2.157562026284822,2.3698087,48.80898876404494,0.9156626506024096,0.8539325842696629,0.883720930232558,gnn,1,0.3,0.3,0.86
0.9366666666666666,0.94230247,0.7432432432432432,0.72713494,2.2233212675627483,2.5626516,47.53932584269663,0.8977272727272727,0.8876404494382022,0.8926553672316383,random,1,0.3,0.3,0.86
0.9333333333333333,0.9402891,0.7297297297297298,0.7176132,2.157548329280665,2.3527253,48.60674157303371,0.9156626506024096,0.8539325842696629,0.883720930232558,gnn,1,0.3,0.3,0.8633333333333333
0.9366666666666666,0.94330233,0.7432432432432432,0.73186356,2.2218019873262014,2.5564024,47.438202247191015,0.8977272727272727,0.8876404494382022,0.8926553672316383,random,1,0.3,0.3,0.8633333333333333
0.9366666666666666,0.94128823,0.7432432432432432,0.72233844,2.1432623537836206,2.3355384,48.53932584269663,0.9166666666666666,0.8651685393258427,0.8901734104046243,gnn,1,0.3,0.3,0.8666666666666667
0.94,0.94473815,0.7567567567567566,0.7386539,2.2046148119277538,2.5251203,47.31460674157304,0.898876404494382,0.898876404494382,0.898876404494382,random,1,0.3,0.3,0.8666666666666667
0.9366666666666666,0.942288,0.7432432432432432,0.72706646,2.1429567745910116,2.3302128,48.26966292134831,0.9166666666666666,0.8651685393258427,0.8901734104046243,gnn,1,0.3,0.3,0.87
0.94,0.9458376,0.7567567567567566,0.7438535,2.1991798451902183,2.5132496,47.26966292134831,0.898876404494382,0.898876404494382,0.898876404494382,random,1,0.3,0.3,0.87
0.9366666666666666,0.9431313,0.7432432432432432,0.73105484,2.133926720331899,2.319345,48.235955056179776,0.9166666666666666,0.8651685393258427,0.8901734104046243,gnn,1,0.3,0.3,0.8733333333333333
0.9366666666666666,0.94623005,0.7432432432432432,0.7457094,2.1933528004729315,2.4504817,47.247191011235955,0.8888888888888888,0.898876404494382,0.8938547486033519,random,1,0.3,0.3,0.8733333333333333
0.94,0.9435197,0.7567567567567566,0.7328916,1.9483434152525267,2.275596,47.71910112359551,0.9176470588235294,0.8764044943820225,0.896551724137931,gnn,1,0.3,0.3,0.8766666666666667
0.94,0.9472296,0.7567567567567566,0.75043666,2.179114760624756,2.4333503,47.04494382022472,0.8901098901098901,0.9101123595505618,0.8999999999999999,random,1,0.3,0.3,0.8766666666666667
0.9433333333333334,0.943385,0.7702702702702704,0.73225456,1.935037089791145,2.3121183,47.59550561797753,0.9285714285714286,0.8764044943820225,0.9017341040462428,gnn,1,0.3,0.3,0.88
0.94,0.94713247,0.7567567567567566,0.7499772,2.1775859284404246,2.4391723,46.96629213483146,0.8901098901098901,0.9101123595505618,0.8999999999999999,random,1,0.3,0.3,0.88
0.9433333333333334,0.9443846,0.7702702702702704,0.73698175,1.904119568854106,2.298887,47.651685393258425,0.9285714285714286,0.8764044943820225,0.9017341040462428,gnn,1,0.3,0.3,0.8833333333333333
0.9433333333333334,0.9483359,0.7702702702702704,0.7556684,2.1468871757988652,2.4082088,46.86516853932584,0.8913043478260869,0.9213483146067416,0.9060773480662982,random,1,0.3,0.3,0.8833333333333333
0.9433333333333334,0.9447347,0.7702702702702704,0.7386375,1.9021711688594485,2.2810812,47.68539325842696,0.9285714285714286,0.8764044943820225,0.9017341040462428,gnn,1,0.3,0.3,0.8866666666666667
0.9466666666666667,0.9484598,0.7837837837837838,0.75625443,2.1446379458900164,2.4376485,46.68539325842696,0.9010989010989011,0.9213483146067416,0.9111111111111112,random,1,0.3,0.3,0.8866666666666667
0.9433333333333334,0.94573444,0.7702702702702704,0.7433656,1.847973976059424,2.2627525,47.53932584269663,0.9285714285714286,0.8764044943820225,0.9017341040462428,gnn,1,0.3,0.3,0.89
0.95,0.94945884,0.7972972972972971,0.7609791,2.0818817765450994,2.3892293,46.53932584269663,0.9021739130434783,0.9325842696629213,0.9171270718232043,random,1,0.3,0.3,0.89
0.9466666666666667,0.9467336,0.7837837837837838,0.7480908,1.82786686602787,2.2409225,47.10112359550562,0.9294117647058824,0.8876404494382022,0.9080459770114941,gnn,1,0.3,0.3,0.8933333333333333
0.9433333333333334,0.94791913,0.7702702702702704,0.75369745,1.9671653393619215,2.3520002,46.59550561797753,0.8829787234042553,0.9325842696629213,0.907103825136612,random,1,0.3,0.3,0.8933333333333333
0.95,0.9477326,0.7972972972972971,0.7528155,1.8172912123034564,2.2267103,47.07865168539326,0.9302325581395349,0.898876404494382,0.9142857142857143,gnn,1,0.3,0.3,0.8966666666666666
0.9433333333333334,0.9489189,0.7702702702702704,0.75842553,1.964447733666653,2.341236,46.58426966292135,0.8829787234042553,0.9325842696629213,0.907103825136612,random,1,0.3,0.3,0.8966666666666666
0.95,0.9487324,0.7972972972972971,0.7575435,1.808299827064612,2.2202604,46.79775280898876,0.9302325581395349,0.898876404494382,0.9142857142857143,gnn,1,0.3,0.3,0.9
0.9466666666666667,0.94991803,0.7837837837837838,0.76315075,1.954004575323533,2.3314812,46.39325842696629,0.8842105263157894,0.9438202247191011,0.9130434782608695,random,1,0.3,0.3,0.9
0.95,0.94913656,0.7972972972972971,0.75945497,1.7984201676843259,2.1960442,46.95505617977528,0.9302325581395349,0.898876404494382,0.9142857142857143,gnn,1,0.3,0.3,0.9033333333333333
0.9466666666666667,0.95094043,0.7837837837837838,0.7679859,1.9531120955932124,2.319919,46.325842696629216,0.8842105263157894,0.9438202247191011,0.9130434782608695,random,1,0.3,0.3,0.9033333333333333
0.95,0.95013654,0.7972972972972971,0.7641841,1.7991121110612607,2.1822963,46.95505617977528,0.9302325581395349,0.898876404494382,0.9142857142857143,gnn,1,0.3,0.3,0.9066666666666666
0.9466666666666667,0.95147544,0.7837837837837838,0.7705161,1.9486590153249457,2.2893734,46.37078651685393,0.8842105263157894,0.9438202247191011,0.9130434782608695,random,1,0.3,0.3,0.9066666666666666
0.9533333333333334,0.95124704,0.810810810810811,0.76943594,1.7613895675437683,2.1368449,46.842696629213485,0.9310344827586207,0.9101123595505618,0.9204545454545454,gnn,1,0.3,0.3,0.91
0.9466666666666667,0.9525128,0.7837837837837838,0.77542204,1.9107686410696674,2.2176416,46.337078651685395,0.8842105263157894,0.9438202247191011,0.9130434782608695,random,1,0.3,0.3,0.91
0.9533333333333334,0.95224607,0.810810810810811,0.77416056,1.7430853580138364,2.1282513,46.70786516853933,0.9310344827586207,0.9101123595505618,0.9204545454545454,gnn,1,0.3,0.3,0.9133333333333333
0.95,0.95481324,0.7972972972972971,0.7863013,1.8705409504916766,2.131838,46.21348314606742,0.8936170212765957,0.9438202247191011,0.9180327868852459,random,1,0.3,0.3,0.9133333333333333
0.9533333333333334,0.9532459,0.810810810810811,0.7788889,1.7228548791279172,2.0572379,46.62921348314607,0.9310344827586207,0.9101123595505618,0.9204545454545454,gnn,1,0.3,0.3,0.9166666666666666
0.9533333333333334,0.9558124,0.810810810810811,0.79102653,1.8272517862391355,2.0959337,46.0,0.8947368421052632,0.9550561797752809,0.9239130434782609,random,1,0.3,0.3,0.9166666666666666
0.9533333333333334,0.9542456,0.810810810810811,0.78361696,1.7213461470478735,2.0509548,46.561797752808985,0.9310344827586207,0.9101123595505618,0.9204545454545454,gnn,1,0.3,0.3,0.92
0.9566666666666667,0.9568113,0.8243243243243243,0.7957507,1.8134545547627245,2.0803273,45.80898876404494,0.8958333333333334,0.9662921348314607,0.9297297297297298,random,1,0.3,0.3,0.92
0.9566666666666667,0.95524496,0.8243243243243243,0.788343,1.7043602824248838,2.0405993,46.247191011235955,0.9318181818181818,0.9213483146067416,0.9265536723163842,gnn,1,0.3,0.3,0.9233333333333333
0.9566666666666667,0.95880616,0.8243243243243243,0.8051848,1.8663921852959289,2.0326324,45.831460674157306,0.8958333333333334,0.9662921348314607,0.9297297297297298,random,1,0.3,0.3,0.9233333333333333
0.9566666666666667,0.9562447,0.8243243243243243,0.79307103,1.7018762007357144,2.029452,46.31460674157304,0.9318181818181818,0.9213483146067416,0.9265536723163842,gnn,1,0.3,0.3,0.9266666666666666
0.9566666666666667,0.96021503,0.8243243243243243,0.8118476,1.846214929536759,2.025202,45.80898876404494,0.8958333333333334,0.9662921348314607,0.9297297297297298,random,1,0.3,0.3,0.9266666666666666
0.96,0.95724386,0.8378378378378377,0.7977963,1.684891308227291,2.0094066,46.26966292134831,0.9325842696629213,0.9325842696629213,0.9325842696629213,gnn,1,0.3,0.3,0.93
0.9566666666666667,0.9607947,0.8243243243243243,0.81458896,1.8460648957230217,2.0023985,45.80898876404494,0.8958333333333334,0.9662921348314607,0.9297297297297298,random,1,0.3,0.3,0.93
0.96,0.9582131,0.8378378378378377,0.80238,1.6817924501879133,2.0017412,46.28089887640449,0.9325842696629213,0.9325842696629213,0.9325842696629213,gnn,1,0.3,0.3,0.9333333333333333
0.96,0.9596857,0.8378378378378377,0.80934423,1.7991650900500187,1.9709853,45.80898876404494,0.9052631578947369,0.9662921348314607,0.9347826086956522,random,1,0.3,0.3,0.9333333333333333
0.9633333333333334,0.95921224,0.8513513513513515,0.80710524,1.6747944251739417,1.9963111,46.07865168539326,0.9333333333333333,0.9438202247191011,0.9385474860335196,gnn,1,0.3,0.3,0.9366666666666666
0.9633333333333334,0.96044964,0.8513513513513515,0.81295717,1.7838686768354137,1.9572282,45.53932584269663,0.90625,0.9775280898876404,0.9405405405405405,random,1,0.3,0.3,0.9366666666666666
0.9633333333333334,0.960212,0.8513513513513515,0.81183326,1.670447456776757,1.9854923,46.056179775280896,0.9333333333333333,0.9438202247191011,0.9385474860335196,gnn,1,0.3,0.3,0.94
0.9633333333333334,0.9614494,0.8513513513513515,0.8176852,1.7811267577987224,1.9299101,45.561797752808985,0.90625,0.9775280898876404,0.9405405405405405,random,1,0.3,0.3,0.94
0.9633333333333334,0.9609554,0.8513513513513515,0.8153489,1.6650253567642779,1.9701146,46.10112359550562,0.9333333333333333,0.9438202247191011,0.9385474860335196,gnn,1,0.3,0.3,0.9433333333333334
0.9633333333333334,0.96190083,0.8513513513513515,0.81982017,1.7620231252436436,1.8904151,45.52808988764045,0.90625,0.9775280898876404,0.9405405405405405,random,1,0.3,0.3,0.9433333333333334
0.9666666666666667,0.9619528,0.8648648648648649,0.820066,1.6477954486614366,1.9479635,45.97752808988764,0.9340659340659341,0.9550561797752809,0.9444444444444444,gnn,1,0.3,0.3,0.9466666666666667
0.9666666666666667,0.96348834,0.8648648648648649,0.8273279,1.7673994722607018,1.8838617,45.41573033707865,0.9072164948453608,0.9887640449438202,0.9462365591397849,random,1,0.3,0.3,0.9466666666666667
0.9666666666666667,0.96295255,0.8648648648648649,0.82479405,1.647438522069551,1.941691,45.943820224719104,0.9340659340659341,0.9550561797752809,0.9444444444444444,gnn,1,0.3,0.3,0.95
0.9666666666666667,0.96510476,0.8648648648648649,0.8349723,1.7666317323568674,1.8828005,45.41573033707865,0.9072164948453608,0.9887640449438202,0.9462365591397849,random,1,0.3,0.3,0.95
0.9666666666666667,0.96393067,0.8648648648648649,0.82941973,1.6373814267113243,1.9343892,45.82022471910113,0.9340659340659341,0.9550561797752809,0.9444444444444444,gnn,1,0.3,0.3,0.9533333333333334
0.97,0.9661605,0.8783783783783783,0.83996505,1.7659418137351104,1.8259232,45.41573033707865,0.9166666666666666,0.9887640449438202,0.9513513513513513,random,1,0.3,0.3,0.9533333333333334
0.9666666666666667,0.96493053,0.8648648648648649,0.83414835,1.6346983528347558,1.922152,45.91011235955056,0.9340659340659341,0.9550561797752809,0.9444444444444444,gnn,1,0.3,0.3,0.9566666666666667
0.97,0.9671598,0.8783783783783783,0.8446911,1.757098076472578,1.8190385,45.50561797752809,0.9166666666666666,0.9887640449438202,0.9513513513513513,random,1,0.3,0.3,0.9566666666666667
0.9666666666666667,0.9659303,0.8648648648648649,0.8388764,1.6331687544512734,1.9041215,45.89887640449438,0.9340659340659341,0.9550561797752809,0.9444444444444444,gnn,1,0.3,0.3,0.96
0.97,0.96854717,0.8783783783783783,0.85125226,1.756460576781714,1.8081437,45.50561797752809,0.9166666666666666,0.9887640449438202,0.9513513513513513,random,1,0.3,0.3,0.96
0.9666666666666667,0.96686566,0.8648648648648649,0.8433,1.6309885093393468,1.8786479,46.06741573033708,0.9340659340659341,0.9550561797752809,0.9444444444444444,gnn,1,0.3,0.3,0.9633333333333334
0.97,0.9695469,0.8783783783783783,0.8559803,1.753566769497162,1.8046468,45.49438202247191,0.9166666666666666,0.9887640449438202,0.9513513513513513,random,1,0.3,0.3,0.9633333333333334
0.9666666666666667,0.96756226,0.8648648648648649,0.8465944,1.6302470960596585,1.8584623,46.01123595505618,0.9340659340659341,0.9550561797752809,0.9444444444444444,gnn,1,0.3,0.3,0.9666666666666667
0.97,0.9705403,0.8783783783783783,0.8606782,1.7475934611827033,1.7947054,45.49438202247191,0.9166666666666666,0.9887640449438202,0.9513513513513513,random,1,0.3,0.3,0.9666666666666667
0.97,0.9685614,0.8783783783783783,0.8513196,1.6241032736461654,1.8520283,45.69662921348315,0.9347826086956522,0.9662921348314607,0.9502762430939227,gnn,1,0.3,0.3,0.97
0.97,0.97154033,0.8783783783783783,0.86540765,1.7474013706279026,1.7723126,45.48314606741573,0.9166666666666666,0.9887640449438202,0.9513513513513513,random,1,0.3,0.3,0.97
0.97,0.96956116,0.8783783783783783,0.85604763,1.6200577717221576,1.8363448,45.662921348314605,0.9347826086956522,0.9662921348314607,0.9502762430939227,gnn,1,0.3,0.3,0.9733333333333334
0.9733333333333334,0.9725378,0.8918918918918921,0.87012494,1.7301714698008797,1.7501615,45.325842696629216,0.9175257731958762,1.0,0.956989247311828,random,1,0.3,0.3,0.9733333333333334
0.9733333333333334,0.9705603,0.8918918918918921,0.8607729,1.6096418577576341,1.8300334,45.49438202247191,0.9354838709677419,0.9775280898876404,0.956043956043956,gnn,1,0.3,0.3,0.9766666666666667
0.9733333333333334,0.97251403,0.8918918918918921,0.87001246,1.7105650888109825,1.755638,45.325842696629216,0.9175257731958762,1.0,0.956989247311828,random,1,0.3,0.3,0.9766666666666667
0.9766666666666667,0.97155935,0.9054054054054055,0.8654975,1.6011741672334925,1.8222042,45.38202247191011,0.9361702127659575,0.9887640449438202,0.9617486338797814,gnn,1,0.3,0.3,0.98
0.9733333333333334,0.9735132,0.8918918918918921,0.8747377,1.692260872786524,1.7470443,45.37078651685393,0.9175257731958762,1.0,0.956989247311828,random,1,0.3,0.3,0.98
0.9766666666666667,0.972559,0.9054054054054055,0.870225,1.598470906802537,1.8114543,45.40449438202247,0.9361702127659575,0.9887640449438202,0.9617486338797814,gnn,1,0.3,0.3,0.9833333333333333
0.9766666666666667,0.97326,0.9054054054054055,0.8735403,1.6846524563058491,1.7838619,45.359550561797754,0.9270833333333334,1.0,0.9621621621621621,random,1,0.3,0.3,0.9833333333333333
0.9766666666666667,0.97355866,0.9054054054054055,0.8749528,1.5958599384824668,1.7998027,45.38202247191011,0.9361702127659575,0.9887640449438202,0.9617486338797814,gnn,1,0.3,0.3,0.9866666666666667
0.9766666666666667,0.9732643,0.9054054054054055,0.87356055,1.6840331956672754,1.7832382,45.359550561797754,0.9270833333333334,1.0,0.9621621621621621,random,1,0.3,0.3,0.9866666666666667
0.98,0.9745577,0.9189189189189189,0.8796775,1.5793546754755146,1.7885163,45.26966292134831,0.9368421052631579,1.0,0.967391304347826,gnn,1,0.3,0.3,0.99
0.9766666666666667,0.974264,0.9054054054054055,0.8782886,1.6647318563461924,1.7753843,45.359550561797754,0.9270833333333334,1.0,0.9621621621621621,random,1,0.3,0.3,0.99
0.98,0.97555745,0.9189189189189189,0.8844055,1.5726706235459778,1.7750256,45.26966292134831,0.9368421052631579,1.0,0.967391304347826,gnn,1,0.3,0.3,0.9933333333333333
0.9766666666666667,0.97495973,0.9054054054054055,0.88157874,1.680600950144852,1.768073,45.31460674157304,0.9270833333333334,1.0,0.9621621621621621,random,1,0.3,0.3,0.9933333333333333
0.98,0.9759265,0.9189189189189189,0.8861509,1.5601416348067194,1.7586817,45.26966292134831,0.9368421052631579,1.0,0.967391304347826,gnn,1,0.3,0.3,0.9966666666666667
0.98,0.976522,0.9189189189189189,0.8889672,1.5507199566169128,1.775044,45.31460674157304,0.9368421052631579,1.0,0.967391304347826,random,1,0.3,0.3,0.9966666666666667
0.98,0.97692627,0.9189189189189189,0.890879,1.5408402954856366,1.7508278,45.26966292134831,0.9368421052631579,1.0,0.967391304347826,gnn,1,0.3,0.3,1.0
0.98,0.97692627,0.9189189189189189,0.890879,1.5408402954856366,1.7508278,45.26966292134831,0.9368421052631579,1.0,0.967391304347826,random,1,0.3,0.3,1.0
0.67,0.70033884,-0.5468749999999996,-0.4180114,17.777548179832063,20.516249,153.0,0.5,0.010101010101010102,0.019801980198019806,gnn,2,0.3,0.3,0.0033333333333333335
0.68,0.6991905,-0.4999999999999995,-0.4234454,17.777770880602063,20.742617,148.12121212121212,1.0,0.030303030303030304,0.05882352941176471,random,2,0.3,0.3,0.0033333333333333335
0.6733333333333333,0.7013379,-0.5312499999999997,-0.4132839,17.567727292018265,20.319885,152.14141414141415,0.6666666666666666,0.020202020202020204,0.03921568627450981,gnn,2,0.3,0.3,0.006666666666666667
0.6833333333333333,0.7001896,-0.48437499999999967,-0.41871765,17.50614611274614,20.545218,147.62626262626262,1.0,0.04040404040404041,0.07766990291262137,random,2,0.3,0.3,0.006666666666666667
0.6733333333333333,0.70233774,-0.5312499999999997,-0.4085525,17.557327100977123,20.28254,154.40404040404042,0.6666666666666666,0.020202020202020204,0.03921568627450981,gnn,2,0.3,0.3,0.01
0.6833333333333333,0.7009116,-0.48437499999999967,-0.41530114,17.43357031585027,20.468634,151.63636363636363,1.0,0.04040404040404041,0.07766990291262137,random,2,0.3,0.3,0.01
0.6766666666666666,0.7033368,-0.5156249999999999,-0.403825,17.518639749904757,20.204151,143.03030303030303,0.75,0.030303030303030304,0.05825242718446602,gnn,2,0.3,0.3,0.013333333333333334
0.6833333333333333,0.700223,-0.48437499999999967,-0.41855943,17.268775519906356,20.364965,148.23232323232324,1.0,0.04040404040404041,0.07766990291262137,random,2,0.3,0.3,0.013333333333333334
0.6766666666666666,0.7043366,-0.5156249999999999,-0.39909387,17.53134762092207,20.183777,146.31313131313132,0.75,0.030303030303030304,0.05825242718446602,gnn,2,0.3,0.3,0.016666666666666666
0.6833333333333333,0.7009451,-0.48437499999999967,-0.41514266,17.226406949318118,20.288414,149.4747474747475,1.0,0.04040404040404041,0.07766990291262137,random,2,0.3,0.3,0.016666666666666666
0.68,0.7053357,-0.4999999999999995,-0.39436612,17.484527353993833,20.135286,145.3939393939394,0.8,0.04040404040404041,0.07692307692307693,gnn,2,0.3,0.3,0.02
0.6833333333333333,0.70166713,-0.48437499999999967,-0.41172588,17.154491995596505,20.209467,150.1818181818182,1.0,0.04040404040404041,0.07766990291262137,random,2,0.3,0.3,0.02
0.6766666666666666,0.7057205,-0.5156249999999999,-0.3925452,17.215279368300912,19.897022,136.27272727272728,0.6666666666666666,0.04040404040404041,0.0761904761904762,gnn,2,0.3,0.3,0.023333333333333334
0.68,0.7021283,-0.4999999999999995,-0.40954363,17.053107127913616,20.05769,147.7171717171717,0.8,0.04040404040404041,0.07692307692307693,random,2,0.3,0.3,0.023333333333333334
0.68,0.70733273,-0.4999999999999995,-0.38491598,17.105374911292202,19.74304,143.2020202020202,0.8,0.04040404040404041,0.07692307692307693,gnn,2,0.3,0.3,0.02666666666666667
0.68,0.70285046,-0.4999999999999995,-0.4061263,16.98279239475194,19.97065,148.67676767676767,0.8,0.04040404040404041,0.07692307692307693,random,2,0.3,0.3,0.02666666666666667
0.6833333333333333,0.7083318,-0.48437499999999967,-0.3801882,16.96641093405038,19.61102,141.8989898989899,0.8333333333333334,0.050505050505050504,0.09523809523809525,gnn,2,0.3,0.3,0.03
0.68,0.70301366,-0.4999999999999995,-0.40535402,16.786203692063875,19.89577,144.06060606060606,0.8,0.04040404040404041,0.07692307692307693,random,2,0.3,0.3,0.03
0.6866666666666666,0.7093309,-0.4687499999999998,-0.37546045,16.940503378273206,19.570778,144.36363636363637,0.8571428571428571,0.06060606060606061,0.11320754716981131,gnn,2,0.3,0.3,0.03333333333333333
0.68,0.7037359,-0.4999999999999995,-0.4019364,16.745963016703282,19.810663,148.93939393939394,0.8,0.04040404040404041,0.07692307692307693,random,2,0.3,0.3,0.03333333333333333
0.6866666666666666,0.70864075,-0.4687499999999998,-0.37872633,16.700030924953698,19.436394,138.96969696969697,0.8571428571428571,0.06060606060606061,0.11320754716981131,gnn,2,0.3,0.3,0.03666666666666667
0.6733333333333333,0.7043006,-0.5312499999999997,-0.39926425,16.543803638120256,19.659784,144.1818181818182,0.5714285714285714,0.04040404040404041,0.07547169811320754,random,2,0.3,0.3,0.03666666666666667
0.69,0.7095276,-0.45312499999999994,-0.3745297,16.744090001326956,19.404795,137.3030303030303,1.0,0.06060606060606061,0.1142857142857143,gnn,2,0.3,0.3,0.04
0.6766666666666666,0.7063004,-0.5156249999999999,-0.3898011,16.10517720653829,19.290997,146.04040404040404,0.625,0.050505050505050504,0.09345794392523366,random,2,0.3,0.3,0.04
0.6933333333333334,0.7105267,-0.4374999999999996,-0.3698019,16.71749839915769,19.378754,136.5151515151515,1.0,0.0707070707070707,0.1320754716981132,gnn,2,0.3,0.3,0.043333333333333335
0.68,0.7072998,-0.4999999999999995,-0.38507167,16.0628948179529,19.235176,143.57575757575756,0.6666666666666666,0.06060606060606061,0.1111111111111111,random,2,0.3,0.3,0.043333333333333335
0.6966666666666667,0.7129848,-0.4218749999999998,-0.3581701,16.669652887600133,19.21254,138.72727272727272,1.0,0.08080808080808081,0.14953271028037382,gnn,2,0.3,0.3,0.04666666666666667
0.68,0.7069575,-0.4999999999999995,-0.38669148,15.85896150515497,19.166534,139.2929292929293,0.6666666666666666,0.06060606060606061,0.1111111111111111,random,2,0.3,0.3,0.04666666666666667
0.6966666666666667,0.7138516,-0.4218749999999998,-0.3540685,16.608065081358525,19.132881,137.4949494949495,1.0,0.08080808080808081,0.14953271028037382,gnn,2,0.3,0.3,0.05
0.6833333333333333,0.707957,-0.48437499999999967,-0.38196176,15.584192349052534,18.881084,138.0909090909091,0.7,0.0707070707070707,0.12844036697247704,random,2,0.3,0.3,0.05
0.6966666666666667,0.7149141,-0.4218749999999998,-0.34904063,16.60806157806916,19.13053,136.08080808080808,1.0,0.08080808080808081,0.14953271028037382,gnn,2,0.3,0.3,0.05333333333333334
0.69,0.70791006,-0.45312499999999994,-0.382184,15.377400677438576,18.654528,137.92929292929293,0.75,0.09090909090909091,0.16216216216216214,random,2,0.3,0.3,0.05333333333333334
0.6966666666666667,0.71464884,-0.4218749999999998,-0.35029575,16.470998137501727,18.98202,143.6969696969697,1.0,0.08080808080808081,0.14953271028037382,gnn,2,0.3,0.3,0.056666666666666664
0.6933333333333334,0.70890963,-0.4374999999999996,-0.37745398,15.21564451039348,18.490383,140.83838383838383,0.7692307692307693,0.10101010101010101,0.17857142857142855,random,2,0.3,0.3,0.056666666666666664
0.7,0.71611214,-0.40624999999999994,-0.3433714,16.460144798849832,18.971634,143.21212121212122,1.0,0.09090909090909091,0.16666666666666669,gnn,2,0.3,0.3,0.06
0.69,0.71090454,-0.45312499999999994,-0.36801398,15.01927645445734,18.140154,140.02020202020202,0.7142857142857143,0.10101010101010101,0.17699115044247787,random,2,0.3,0.3,0.06
0.7033333333333334,0.71711123,-0.39062499999999956,-0.3386436,16.44845446596326,18.95805,136.8181818181818,1.0,0.10101010101010101,0.1834862385321101,gnn,2,0.3,0.3,0.06333333333333334
0.69,0.7116267,-0.45312499999999994,-0.36459664,14.992284696920878,18.04475,141.41414141414143,0.7142857142857143,0.10101010101010101,0.17699115044247787,random,2,0.3,0.3,0.06333333333333334
0.7033333333333334,0.71879834,-0.39062499999999956,-0.33066013,16.46758732192057,18.899107,136.82828282828282,1.0,0.10101010101010101,0.1834862385321101,gnn,2,0.3,0.3,0.06666666666666667
0.6933333333333334,0.7126262,-0.4374999999999996,-0.35986692,14.939792835559372,17.978746,142.1919191919192,0.7333333333333333,0.1111111111111111,0.1929824561403509,random,2,0.3,0.3,0.06666666666666667
0.7033333333333334,0.7196245,-0.39062499999999956,-0.3267506,16.467690803732385,18.772736,138.16161616161617,1.0,0.10101010101010101,0.1834862385321101,gnn,2,0.3,0.3,0.07
0.6966666666666667,0.7136258,-0.4218749999999998,-0.3551369,14.92671667539175,17.964437,140.3030303030303,0.75,0.12121212121212122,0.20869565217391306,random,2,0.3,0.3,0.07
0.7033333333333334,0.7196914,-0.39062499999999956,-0.32643417,16.43203399895601,18.682268,135.78787878787878,1.0,0.10101010101010101,0.1834862385321101,gnn,2,0.3,0.3,0.07333333333333333
0.7,0.71462536,-0.40624999999999994,-0.3504069,14.91596006951438,17.949326,142.75757575757575,0.7647058823529411,0.13131313131313133,0.2241379310344828,random,2,0.3,0.3,0.07333333333333333
0.7033333333333334,0.7210132,-0.39062499999999956,-0.32017937,16.41880541229212,18.607882,135.76767676767676,1.0,0.10101010101010101,0.1834862385321101,gnn,2,0.3,0.3,0.07666666666666666
0.7,0.71534747,-0.40624999999999994,-0.34698984,14.877095503027482,17.866182,136.010101010101,0.7647058823529411,0.13131313131313133,0.2241379310344828,random,2,0.3,0.3,0.07666666666666666
0.7033333333333334,0.7217132,-0.39062499999999956,-0.31686693,16.406430534719373,18.595814,138.73737373737373,1.0,0.10101010101010101,0.1834862385321101,gnn,2,0.3,0.3,0.08
0.7033333333333334,0.7144767,-0.39062499999999956,-0.35111034,14.704294303014624,17.789974,135.25252525252526,0.75,0.15151515151515152,0.2521008403361345,random,2,0.3,0.3,0.08
0.7033333333333334,0.7225616,-0.39062499999999956,-0.3128522,16.414800374404695,18.520908,135.04040404040404,1.0,0.10101010101010101,0.1834862385321101,gnn,2,0.3,0.3,0.08333333333333333
0.7,0.7167293,-0.40624999999999994,-0.340451,14.623227043646482,17.599636,135.68686868686868,0.7142857142857143,0.15151515151515152,0.25,random,2,0.3,0.3,0.08333333333333333
0.7033333333333334,0.7224668,-0.39062499999999956,-0.31330067,16.31032649078973,18.364195,135.8080808080808,1.0,0.10101010101010101,0.1834862385321101,gnn,2,0.3,0.3,0.08666666666666667
0.7,0.7178165,-0.40624999999999994,-0.33530638,14.613115312369404,17.5024,132.62626262626262,0.7142857142857143,0.15151515151515152,0.25,random,2,0.3,0.3,0.08666666666666667
0.7066666666666667,0.7234659,-0.3749999999999997,-0.30857292,15.87978953629526,18.024763,137.86868686868686,1.0,0.1111111111111111,0.19999999999999998,gnn,2,0.3,0.3,0.09
0.7,0.7177236,-0.40624999999999994,-0.3357458,14.539884365451714,17.432848,136.989898989899,0.7142857142857143,0.15151515151515152,0.25,random,2,0.3,0.3,0.09
0.7066666666666667,0.7244665,-0.3749999999999997,-0.3038381,15.866017484231467,17.984703,140.46464646464648,1.0,0.1111111111111111,0.19999999999999998,gnn,2,0.3,0.3,0.09333333333333334
0.7,0.7187235,-0.40624999999999994,-0.3310144,14.546739950418614,17.363956,134.42424242424244,0.7142857142857143,0.15151515151515152,0.25,random,2,0.3,0.3,0.09333333333333334
0.71,0.7254656,-0.3593749999999999,-0.29911035,15.62682258175193,17.745455,138.2828282828283,1.0,0.12121212121212122,0.21621621621621626,gnn,2,0.3,0.3,0.09666666666666666
0.7033333333333334,0.720723,-0.39062499999999956,-0.32155266,14.176715473580684,16.971405,136.07070707070707,0.7272727272727273,0.16161616161616163,0.2644628099173554,random,2,0.3,0.3,0.09666666666666666
0.71,0.72618765,-0.3593749999999999,-0.29569358,15.580833593270599,17.65392,131.57575757575756,1.0,0.12121212121212122,0.21621621621621626,gnn,2,0.3,0.3,0.1
0.7033333333333334,0.7214451,-0.39062499999999956,-0.31813562,14.089329952572362,16.89177,135.1010101010101,0.7272727272727273,0.16161616161616163,0.2644628099173554,random,2,0.3,0.3,0.1
0.7133333333333334,0.7271867,-0.34374999999999956,-0.2909661,15.376150638619189,17.441402,130.95959595959596,1.0,0.13131313131313133,0.23214285714285718,gnn,2,0.3,0.3,0.10333333333333333
0.7066666666666667,0.7224446,-0.3749999999999997,-0.31340587,14.0246605705944,16.819746,133.86868686868686,0.7391304347826086,0.1717171717171717,0.2786885245901639,random,2,0.3,0.3,0.10333333333333333
0.7166666666666667,0.7281858,-0.3281249999999997,-0.28623834,14.99438168176064,17.140598,131.2828282828283,1.0,0.1414141414141414,0.24778761061946902,gnn,2,0.3,0.3,0.10666666666666667
0.71,0.72408265,-0.3593749999999999,-0.30565453,14.105798746937426,16.757133,130.5151515151515,0.7727272727272727,0.1717171717171717,0.2809917355371901,random,2,0.3,0.3,0.10666666666666667
0.7166666666666667,0.7291856,-0.3281249999999997,-0.2815072,14.986609415594524,17.109186,132.45454545454547,1.0,0.1414141414141414,0.24778761061946902,gnn,2,0.3,0.3,0.11
0.71,0.72480476,-0.3593749999999999,-0.30223745,14.030270449354715,16.669144,129.59595959595958,0.7727272727272727,0.1717171717171717,0.2809917355371901,random,2,0.3,0.3,0.11
0.72,0.7301846,-0.3124999999999999,-0.2767797,14.583559064222245,16.788103,135.57575757575756,1.0,0.15151515151515152,0.2631578947368421,gnn,2,0.3,0.3,0.11333333333333333
0.7133333333333334,0.72580427,-0.34374999999999956,-0.29750773,13.97711181896099,16.609776,125.78787878787878,0.782608695652174,0.18181818181818182,0.2950819672131148,random,2,0.3,0.3,0.11333333333333333
0.72,0.7311852,-0.3124999999999999,-0.2720449,14.565241304284921,16.7396,135.34343434343435,1.0,0.15151515151515152,0.2631578947368421,gnn,2,0.3,0.3,0.11666666666666667
0.7166666666666667,0.72680384,-0.3281249999999997,-0.29277772,13.746765933434848,16.430342,122.85858585858585,0.7916666666666666,0.1919191919191919,0.30894308943089427,random,2,0.3,0.3,0.11666666666666667
0.7233333333333334,0.7321843,-0.2968749999999995,-0.26731715,14.329267643825181,16.545036,135.5050505050505,1.0,0.16161616161616163,0.27826086956521745,gnn,2,0.3,0.3,0.12
0.72,0.7278034,-0.3124999999999999,-0.2880477,13.670699988766836,16.334612,124.18181818181819,0.8,0.20202020202020202,0.32258064516129037,random,2,0.3,0.3,0.12
0.7233333333333334,0.73290634,-0.2968749999999995,-0.26390037,14.274587126360881,16.481663,134.74747474747474,1.0,0.16161616161616163,0.27826086956521745,gnn,2,0.3,0.3,0.12333333333333334
0.7233333333333334,0.7288029,-0.2968749999999995,-0.28331798,13.578257349934441,16.240147,123.70707070707071,0.8076923076923077,0.21212121212121213,0.33599999999999997,random,2,0.3,0.3,0.12333333333333334
0.7233333333333334,0.7336284,-0.2968749999999995,-0.2604836,14.224017493578067,16.398333,138.67676767676767,1.0,0.16161616161616163,0.27826086956521745,gnn,2,0.3,0.3,0.12666666666666668
0.7266666666666667,0.7298024,-0.28124999999999967,-0.27858824,13.440957705462864,16.111198,121.65656565656566,0.8148148148148148,0.2222222222222222,0.3492063492063492,random,2,0.3,0.3,0.12666666666666668
0.7233333333333334,0.7335336,-0.2968749999999995,-0.26093206,14.088814323276274,16.180424,135.94949494949495,1.0,0.16161616161616163,0.27826086956521745,gnn,2,0.3,0.3,0.13
0.7266666666666667,0.7305246,-0.28124999999999967,-0.2751709,13.345820358491265,16.035736,117.33333333333333,0.8148148148148148,0.2222222222222222,0.3492063492063492,random,2,0.3,0.3,0.13
0.7233333333333334,0.7342557,-0.2968749999999995,-0.25751528,14.026070424308484,16.101336,133.55555555555554,1.0,0.16161616161616163,0.27826086956521745,gnn,2,0.3,0.3,0.13333333333333333
0.7266666666666667,0.73156697,-0.28124999999999967,-0.27023837,13.269845041914927,15.979538,121.70707070707071,0.84,0.21212121212121213,0.33870967741935487,random,2,0.3,0.3,0.13333333333333333
0.7233333333333334,0.73508686,-0.2968749999999995,-0.25358206,14.018820782642058,16.080824,130.3030303030303,1.0,0.16161616161616163,0.27826086956521745,gnn,2,0.3,0.3,0.13666666666666666
0.73,0.73256654,-0.26562499999999983,-0.26550835,13.261127735348225,15.969395,120.46464646464646,0.8461538461538461,0.2222222222222222,0.352,random,2,0.3,0.3,0.13666666666666666
0.7233333333333334,0.7360866,-0.2968749999999995,-0.2488512,13.996781797466877,15.987507,127.46464646464646,1.0,0.16161616161616163,0.27826086956521745,gnn,2,0.3,0.3,0.14
0.73,0.73328865,-0.26562499999999983,-0.26209128,13.22785731613032,15.890201,124.44444444444444,0.8461538461538461,0.2222222222222222,0.352,random,2,0.3,0.3,0.14
0.7233333333333334,0.73680866,-0.2968749999999995,-0.24543442,14.029590346964426,15.891398,130.2020202020202,1.0,0.16161616161616163,0.27826086956521745,gnn,2,0.3,0.3,0.14333333333333334
0.7333333333333333,0.73428816,-0.25,-0.25736156,13.053062881473341,15.746219,124.34343434343434,0.8518518518518519,0.23232323232323232,0.36507936507936506,random,2,0.3,0.3,0.14333333333333334
0.7233333333333334,0.7379988,-0.2968749999999995,-0.23980269,14.04667835376658,15.830182,127.53535353535354,1.0,0.16161616161616163,0.27826086956521745,gnn,2,0.3,0.3,0.14666666666666667
0.7333333333333333,0.73664796,-0.25,-0.24619484,13.037719599573435,15.649123,121.97979797979798,0.8518518518518519,0.23232323232323232,0.36507936507936506,random,2,0.3,0.3,0.14666666666666667
0.7233333333333334,0.7388597,-0.2968749999999995,-0.23572873,13.98093489139449,15.7211275,127.60606060606061,1.0,0.16161616161616163,0.27826086956521745,gnn,2,0.3,0.3,0.15
0.7333333333333333,0.73763704,-0.25,-0.24151446,13.048446456787856,15.549533,121.23232323232324,0.8518518518518519,0.23232323232323232,0.36507936507936506,random,2,0.3,0.3,0.15
0.7233333333333334,0.73958176,-0.2968749999999995,-0.23231195,13.887135610498468,15.633771,127.84848484848484,1.0,0.16161616161616163,0.27826086956521745,gnn,2,0.3,0.3,0.15333333333333332
0.7366666666666667,0.73863655,-0.23437499999999964,-0.23678473,12.682464485695158,15.265661,123.83838383838383,0.8571428571428571,0.24242424242424243,0.37795275590551186,random,2,0.3,0.3,0.15333333333333332
0.7233333333333334,0.7403038,-0.2968749999999995,-0.22889517,13.856902910884752,15.54822,127.52525252525253,1.0,0.16161616161616163,0.27826086956521745,gnn,2,0.3,0.3,0.15666666666666668
0.74,0.73963606,-0.2187499999999998,-0.232055,12.37087194173921,15.070591,122.91919191919192,0.8620689655172413,0.25252525252525254,0.390625,random,2,0.3,0.3,0.15666666666666668
0.7233333333333334,0.74102587,-0.2968749999999995,-0.2254784,13.81483422001913,15.478955,126.73737373737374,1.0,0.16161616161616163,0.27826086956521745,gnn,2,0.3,0.3,0.16
0.7433333333333333,0.74063563,-0.20312499999999997,-0.22732498,12.163860143641132,14.885263,124.98989898989899,0.8666666666666667,0.26262626262626265,0.40310077519379856,random,2,0.3,0.3,0.16
0.7233333333333334,0.7417479,-0.2968749999999995,-0.2220616,13.742439497746721,15.399113,126.29292929292929,1.0,0.16161616161616163,0.27826086956521745,gnn,2,0.3,0.3,0.16333333333333333
0.7433333333333333,0.7421756,-0.20312499999999997,-0.22003789,12.015958084312292,14.740753,120.77777777777777,0.84375,0.2727272727272727,0.41221374045801523,random,2,0.3,0.3,0.16333333333333333
0.7266666666666667,0.74274695,-0.28124999999999967,-0.21733414,13.49888608391755,15.146903,122.72727272727273,1.0,0.1717171717171717,0.29310344827586204,gnn,2,0.3,0.3,0.16666666666666666
0.7466666666666667,0.744175,-0.1874999999999996,-0.21057644,11.689173505919406,14.425431,119.0,0.8484848484848485,0.2828282828282828,0.42424242424242425,random,2,0.3,0.3,0.16666666666666666
0.73,0.74374604,-0.26562499999999983,-0.21260637,12.967521015948723,14.775503,121.61616161616162,1.0,0.18181818181818182,0.3076923076923077,gnn,2,0.3,0.3,0.17
0.7466666666666667,0.7448971,-0.1874999999999996,-0.20715939,11.689105494826476,14.343584,119.52525252525253,0.8484848484848485,0.2828282828282828,0.42424242424242425,random,2,0.3,0.3,0.17
0.7333333333333333,0.74574244,-0.25,-0.20315932,12.930241800437331,14.674082,124.57575757575758,1.0,0.1919191919191919,0.3220338983050848,gnn,2,0.3,0.3,0.17333333333333334
0.7466666666666667,0.7454319,-0.1874999999999996,-0.20462881,11.573445607178167,14.178317,116.17171717171718,0.8484848484848485,0.2828282828282828,0.42424242424242425,random,2,0.3,0.3,0.17333333333333334
0.7333333333333333,0.7464645,-0.25,-0.19974254,12.881526447966015,14.600961,122.47474747474747,1.0,0.1919191919191919,0.3220338983050848,gnn,2,0.3,0.3,0.17666666666666667
0.7433333333333333,0.7475418,-0.20312499999999997,-0.19464473,11.875725657384804,13.9110985,114.71717171717172,0.8235294117647058,0.2828282828282828,0.42105263157894735,random,2,0.3,0.3,0.17666666666666667
0.7333333333333333,0.74761873,-0.25,-0.19428061,12.87023068950791,14.546523,122.56565656565657,1.0,0.1919191919191919,0.3220338983050848,gnn,2,0.3,0.3,0.18
0.7466666666666667,0.7485413,-0.1874999999999996,-0.189915,11.84281662394506,13.874972,113.62626262626263,0.8285714285714286,0.29292929292929293,0.4328358208955224,random,2,0.3,0.3,0.18
0.7333333333333333,0.7483408,-0.25,-0.19086382,12.840430712373985,14.469176,123.06060606060606,1.0,0.1919191919191919,0.3220338983050848,gnn,2,0.3,0.3,0.18333333333333332
0.75,0.74954075,-0.17187499999999978,-0.18518555,11.799656959285414,13.81555,113.33333333333333,0.8333333333333334,0.30303030303030304,0.4444444444444444,random,2,0.3,0.3,0.18333333333333332
0.7333333333333333,0.7490628,-0.25,-0.18744732,12.768016191400989,14.385733,123.53535353535354,1.0,0.1919191919191919,0.3220338983050848,gnn,2,0.3,0.3,0.18666666666666668
0.7533333333333333,0.7505403,-0.15624999999999994,-0.18045554,11.68075090233874,13.690739,114.48484848484848,0.8378378378378378,0.31313131313131315,0.45588235294117646,random,2,0.3,0.3,0.18666666666666668
0.7333333333333333,0.7497848,-0.25,-0.18403055,12.680428433362222,14.292059,119.6969696969697,1.0,0.1919191919191919,0.3220338983050848,gnn,2,0.3,0.3,0.19
0.7566666666666667,0.7515399,-0.14062499999999958,-0.17572552,11.607280406930792,13.564485,110.52525252525253,0.8421052631578947,0.32323232323232326,0.4671532846715329,random,2,0.3,0.3,0.19
0.7333333333333333,0.7505071,-0.25,-0.18061264,12.584210722552127,14.206446,118.4040404040404,1.0,0.1919191919191919,0.3220338983050848,gnn,2,0.3,0.3,0.19333333333333333
0.76,0.7525394,-0.12499999999999974,-0.17099579,11.346653950910744,13.405599,110.5959595959596,0.8461538461538461,0.3333333333333333,0.47826086956521735,random,2,0.3,0.3,0.19333333333333333
0.7366666666666667,0.75150615,-0.23437499999999964,-0.17588517,12.336993108564199,14.040037,118.39393939393939,1.0,0.20202020202020202,0.33613445378151263,gnn,2,0.3,0.3,0.19666666666666666
0.76,0.75569385,-0.12499999999999974,-0.15606874,11.436038423601998,13.25182,110.11111111111111,0.8461538461538461,0.3333333333333333,0.47826086956521735,random,2,0.3,0.3,0.19666666666666666
0.7366666666666667,0.7522282,-0.23437499999999964,-0.17246838,12.233122428037849,13.949385,120.46464646464646,1.0,0.20202020202020202,0.33613445378151263,gnn,2,0.3,0.3,0.2
0.7633333333333333,0.7566934,-0.1093749999999999,-0.15133873,11.424947571935649,13.233151,110.0909090909091,0.85,0.3434343434343434,0.48920863309352514,random,2,0.3,0.3,0.2
0.7366666666666667,0.75295025,-0.23437499999999964,-0.1690516,12.159212517552984,13.86885,118.26262626262626,1.0,0.20202020202020202,0.33613445378151263,gnn,2,0.3,0.3,0.20333333333333334
0.76,0.7596344,-0.12499999999999974,-0.137422,11.341581030850769,12.958214,108.60606060606061,0.8292682926829268,0.3434343434343434,0.4857142857142857,random,2,0.3,0.3,0.20333333333333334
0.7366666666666667,0.7536721,-0.23437499999999964,-0.16563568,12.087542399764654,13.759427,116.34343434343434,1.0,0.20202020202020202,0.33613445378151263,gnn,2,0.3,0.3,0.20666666666666667
0.7633333333333333,0.76063395,-0.1093749999999999,-0.13269198,11.330824353900212,12.943104,108.63636363636364,0.8333333333333334,0.35353535353535354,0.49645390070921985,random,2,0.3,0.3,0.20666666666666667
0.74,0.7546712,-0.2187499999999998,-0.16090791,11.81168325730563,13.535912,117.71717171717172,1.0,0.21212121212121213,0.35,gnn,2,0.3,0.3,0.21
0.76,0.7616556,-0.12499999999999974,-0.12785733,11.259674248776706,12.797277,107.1919191919192,0.813953488372093,0.35353535353535354,0.49295774647887325,random,2,0.3,0.3,0.21
0.74,0.7556717,-0.2187499999999998,-0.15617368,11.811690459845448,13.501635,116.01010101010101,1.0,0.21212121212121213,0.35,gnn,2,0.3,0.3,0.21333333333333335
0.7566666666666667,0.763653,-0.14062499999999958,-0.11840576,11.07970182277237,12.542153,107.58585858585859,0.7954545454545454,0.35353535353535354,0.4895104895104894,random,2,0.3,0.3,0.21333333333333335
0.7433333333333333,0.7566707,-0.20312499999999997,-0.1514462,11.36811083291365,13.203012,115.54545454545455,1.0,0.2222222222222222,0.3636363636363636,gnn,2,0.3,0.3,0.21666666666666667
0.7566666666666667,0.76474017,-0.14062499999999958,-0.11326113,11.049264448052064,12.448371,106.8080808080808,0.7954545454545454,0.35353535353535354,0.4895104895104894,random,2,0.3,0.3,0.21666666666666667
0.7466666666666667,0.7576698,-0.1874999999999996,-0.14671844,11.294192487600332,13.114863,112.8080808080808,1.0,0.23232323232323232,0.3770491803278689,gnn,2,0.3,0.3,0.22
0.76,0.76574,-0.12499999999999974,-0.10852999,10.827426704617132,12.222555,105.39393939393939,0.8,0.36363636363636365,0.5000000000000001,random,2,0.3,0.3,0.22
0.75,0.7586689,-0.17187499999999978,-0.14199068,11.273836697008132,13.081946,115.41414141414141,1.0,0.24242424242424243,0.3902439024390244,gnn,2,0.3,0.3,0.22333333333333333
0.76,0.7664622,-0.12499999999999974,-0.10511237,10.77365378897509,12.164886,102.71717171717172,0.8,0.36363636363636365,0.5000000000000001,random,2,0.3,0.3,0.22333333333333333
0.75,0.75939095,-0.17187499999999978,-0.1385739,11.23053661632488,13.008483,117.61616161616162,1.0,0.24242424242424243,0.3902439024390244,gnn,2,0.3,0.3,0.22666666666666666
0.76,0.7682803,-0.12499999999999974,-0.09650893,10.847403939595473,12.122095,105.13131313131314,0.8,0.36363636363636365,0.5000000000000001,random,2,0.3,0.3,0.22666666666666666
0.7533333333333333,0.76039004,-0.15624999999999994,-0.13384615,10.940788486798944,12.7539625,117.11111111111111,1.0,0.25252525252525254,0.40322580645161293,gnn,2,0.3,0.3,0.23
0.7633333333333333,0.76973414,-0.1093749999999999,-0.0896294,10.748808097562339,12.018029,105.76767676767676,0.8043478260869565,0.37373737373737376,0.5103448275862069,random,2,0.3,0.3,0.23
0.7533333333333333,0.76139015,-0.15624999999999994,-0.12911358,10.951722479774663,12.741087,115.94949494949495,1.0,0.25252525252525254,0.40322580645161293,gnn,2,0.3,0.3,0.23333333333333334
0.7666666666666667,0.7707339,-0.09374999999999954,-0.08489853,10.620180117001212,11.922183,104.20202020202021,0.8085106382978723,0.3838383838383838,0.5205479452054794,random,2,0.3,0.3,0.23333333333333334
0.75,0.76206267,-0.17187499999999978,-0.12593119,10.945994220968766,12.574892,115.46464646464646,0.9615384615384616,0.25252525252525254,0.4000000000000001,gnn,2,0.3,0.3,0.23666666666666666
0.77,0.7717338,-0.07812499999999971,-0.08016683,10.601509332580378,11.901714,105.08080808080808,0.8125,0.3939393939393939,0.5306122448979591,random,2,0.3,0.3,0.23666666666666666
0.75,0.7627847,-0.17187499999999978,-0.12251442,10.857810606969137,12.496912,113.43434343434343,0.9615384615384616,0.25252525252525254,0.4000000000000001,gnn,2,0.3,0.3,0.24
0.77,0.7727333,-0.07812499999999971,-0.07543738,10.58781301818474,11.89042,106.06060606060606,0.8125,0.3939393939393939,0.5306122448979591,random,2,0.3,0.3,0.24
0.75,0.76350677,-0.17187499999999978,-0.119097635,10.825319826085135,12.417174,111.20202020202021,0.9615384615384616,0.25252525252525254,0.4000000000000001,gnn,2,0.3,0.3,0.24333333333333335
0.77,0.77290016,-0.07812499999999971,-0.074647635,10.551920262001106,11.847855,106.35353535353535,0.8125,0.3939393939393939,0.5306122448979591,random,2,0.3,0.3,0.24333333333333335
0.75,0.7642288,-0.17187499999999978,-0.11568086,10.766900340785375,12.348658,110.5959595959596,0.9615384615384616,0.25252525252525254,0.4000000000000001,gnn,2,0.3,0.3,0.24666666666666667
0.77,0.7740617,-0.07812499999999971,-0.06915128,10.529904093455109,11.8058195,107.28282828282828,0.8125,0.3939393939393939,0.5306122448979591,random,2,0.3,0.3,0.24666666666666667
0.75,0.7649509,-0.17187499999999978,-0.112264074,10.692638978922465,12.276878,109.76767676767676,0.9615384615384616,0.25252525252525254,0.4000000000000001,gnn,2,0.3,0.3,0.25
0.77,0.7740867,-0.07812499999999971,-0.06903282,10.55665542919917,11.781364,104.47474747474747,0.8125,0.3939393939393939,0.5306122448979591,random,2,0.3,0.3,0.25
0.75,0.7656729,-0.17187499999999978,-0.1088473,10.669887999227155,12.185083,110.11111111111111,0.9615384615384616,0.25252525252525254,0.4000000000000001,gnn,2,0.3,0.3,0.25333333333333335
0.77,0.773927,-0.07812499999999971,-0.06978872,10.394710778161658,11.737547,103.73737373737374,0.8125,0.3939393939393939,0.5306122448979591,random,2,0.3,0.3,0.25333333333333335
0.75,0.766395,-0.17187499999999978,-0.10543052,10.649005858169536,12.111209,110.0909090909091,0.9615384615384616,0.25252525252525254,0.4000000000000001,gnn,2,0.3,0.3,0.25666666666666665
0.7733333333333333,0.77492684,-0.06249999999999987,-0.06505729,10.387294292624716,11.730626,105.97979797979798,0.8163265306122449,0.40404040404040403,0.5405405405405406,random,2,0.3,0.3,0.25666666666666665
0.7533333333333333,0.767394,-0.15624999999999994,-0.100703046,10.44907205844037,11.941259,107.54545454545455,0.9629629629629629,0.26262626262626265,0.41269841269841273,gnn,2,0.3,0.3,0.26
0.7733333333333333,0.77552134,-0.06249999999999987,-0.06224411,10.321183293632288,11.713881,105.57575757575758,0.8163265306122449,0.40404040404040403,0.5405405405405406,random,2,0.3,0.3,0.26
0.7533333333333333,0.76811606,-0.15624999999999994,-0.09728626,10.39662369469839,11.872549,109.4949494949495,0.9629629629629629,0.26262626262626265,0.41269841269841273,gnn,2,0.3,0.3,0.2633333333333333
0.7766666666666666,0.7763861,-0.046875000000000035,-0.058152094,9.991476899060505,11.527972,104.11111111111111,0.82,0.41414141414141414,0.5503355704697985,random,2,0.3,0.3,0.2633333333333333
0.7533333333333333,0.7691158,-0.15624999999999994,-0.0925554,10.358174488793043,11.836622,109.26262626262626,0.9629629629629629,0.26262626262626265,0.41269841269841273,gnn,2,0.3,0.3,0.26666666666666666
0.78,0.7773859,-0.031249999999999674,-0.053420953,9.86294943966775,11.362284,103.3030303030303,0.8235294117647058,0.42424242424242425,0.5599999999999999,random,2,0.3,0.3,0.26666666666666666
0.7566666666666667,0.77011484,-0.14062499999999958,-0.08782793,10.095702181522725,11.596476,111.1919191919192,0.9642857142857143,0.2727272727272727,0.4251968503937008,gnn,2,0.3,0.3,0.27
0.78,0.77838576,-0.031249999999999674,-0.04868953,9.866426935272106,11.283616,103.23232323232324,0.8235294117647058,0.42424242424242425,0.5599999999999999,random,2,0.3,0.3,0.27
0.7566666666666667,0.7708369,-0.14062499999999958,-0.08441115,10.012523134197497,11.50285,105.68686868686869,0.9642857142857143,0.2727272727272727,0.4251968503937008,gnn,2,0.3,0.3,0.2733333333333333
0.78,0.7791079,-0.031249999999999674,-0.045272186,9.834913759209421,11.20216,101.70707070707071,0.8235294117647058,0.42424242424242425,0.5599999999999999,random,2,0.3,0.3,0.2733333333333333
0.7566666666666667,0.77155894,-0.14062499999999958,-0.08099437,9.96517654249613,11.437985,104.78787878787878,0.9642857142857143,0.2727272727272727,0.4251968503937008,gnn,2,0.3,0.3,0.27666666666666667
0.7833333333333333,0.78010774,-0.015624999999999837,-0.040541045,9.825245752148644,11.189435,101.9090909090909,0.8269230769230769,0.43434343434343436,0.5695364238410595,random,2,0.3,0.3,0.27666666666666667
0.76,0.7725581,-0.12499999999999974,-0.076266326,9.623870410846921,11.159474,106.70707070707071,0.9655172413793104,0.2828282828282828,0.4375,gnn,2,0.3,0.3,0.28
0.78,0.7821072,-0.031249999999999674,-0.031079605,9.617684314399307,10.938247,98.26262626262626,0.8113207547169812,0.43434343434343436,0.5657894736842106,random,2,0.3,0.3,0.28
0.76,0.77328014,-0.12499999999999974,-0.07284955,9.583979245566375,11.084304,106.02020202020202,0.9655172413793104,0.2828282828282828,0.4375,gnn,2,0.3,0.3,0.2833333333333333
0.7833333333333333,0.784107,-0.015624999999999837,-0.021616193,9.255640395350254,10.69587,96.68686868686869,0.8148148148148148,0.4444444444444444,0.5751633986928105,random,2,0.3,0.3,0.2833333333333333
0.7633333333333333,0.7742792,-0.1093749999999999,-0.068122074,9.250927272775392,10.836493,103.93939393939394,0.9666666666666667,0.29292929292929293,0.4496124031007752,gnn,2,0.3,0.3,0.2866666666666667
0.7833333333333333,0.7848292,-0.015624999999999837,-0.01819885,9.154620721166282,10.604382,95.45454545454545,0.8148148148148148,0.4444444444444444,0.5751633986928105,random,2,0.3,0.3,0.2866666666666667
0.7633333333333333,0.7750012,-0.1093749999999999,-0.0647053,9.256504725530695,10.777518,104.97979797979798,0.9666666666666667,0.29292929292929293,0.4496124031007752,gnn,2,0.3,0.3,0.29
0.7833333333333333,0.7858292,-0.015624999999999837,-0.01346686,9.15477188733553,10.559675,95.12121212121212,0.8148148148148148,0.4444444444444444,0.5751633986928105,random,2,0.3,0.3,0.29
0.7666666666666667,0.7760003,-0.09374999999999954,-0.05997754,8.801932758630558,10.50001,102.05050505050505,0.967741935483871,0.30303030303030304,0.46153846153846156,gnn,2,0.3,0.3,0.29333333333333333
0.7866666666666666,0.78682894,0.0,-0.008736,9.149532180480872,10.554285,94.58585858585859,0.8181818181818182,0.45454545454545453,0.5844155844155845,random,2,0.3,0.3,0.29333333333333333
0.77,0.7769994,-0.07812499999999971,-0.05524978,8.526241660677409,10.291035,105.36363636363636,0.96875,0.31313131313131315,0.4732824427480916,gnn,2,0.3,0.3,0.2966666666666667
0.7866666666666666,0.7878657,0.0,-0.0038299859,9.12798952867514,10.537298,96.33333333333333,0.8181818181818182,0.45454545454545453,0.5844155844155845,random,2,0.3,0.3,0.2966666666666667
0.77,0.77772146,-0.07812499999999971,-0.051833,8.423404606236785,10.206773,105.65656565656566,0.96875,0.31313131313131315,0.4732824427480916,gnn,2,0.3,0.3,0.3
0.7866666666666666,0.78867507,0.0,0.0,9.138592428021084,10.527729,95.95959595959596,0.8181818181818182,0.45454545454545453,0.5844155844155845,random,2,0.3,0.3,0.3
0.7733333333333333,0.7787205,-0.06249999999999987,-0.047105525,8.388980374424273,10.16949,104.84848484848484,0.9696969696969697,0.32323232323232326,0.48484848484848486,gnn,2,0.3,0.3,0.30333333333333334
0.79,0.7896749,0.015625000000000357,0.0047311424,9.113237362404234,10.497518,95.68686868686869,0.8214285714285714,0.46464646464646464,0.5935483870967742,random,2,0.3,0.3,0.30333333333333334
0.7733333333333333,0.78083515,-0.06249999999999987,-0.03709888,8.37225090021962,10.098607,103.43434343434343,0.9696969696969697,0.32323232323232326,0.48484848484848486,gnn,2,0.3,0.3,0.30666666666666664
0.79,0.7910205,0.015625000000000357,0.011098751,9.055006320913842,10.394172,95.70707070707071,0.8214285714285714,0.46464646464646464,0.5935483870967742,random,2,0.3,0.3,0.30666666666666664
0.7766666666666666,0.7818343,-0.046875000000000035,-0.03237084,8.31964188932404,10.040116,100.67676767676768,0.9705882352941176,0.3333333333333333,0.4962406015037593,gnn,2,0.3,0.3,0.31
0.79,0.79210436,0.015625000000000357,0.016227586,9.032721314107393,10.307878,95.9090909090909,0.8214285714285714,0.46464646464646464,0.5935483870967742,random,2,0.3,0.3,0.31
0.78,0.78283334,-0.031249999999999674,-0.027643364,8.264991570025819,9.982886,100.29292929292929,0.9714285714285714,0.3434343434343434,0.5074626865671641,gnn,2,0.3,0.3,0.31333333333333335
0.79,0.7944002,0.015625000000000357,0.02709167,9.011277572746389,10.23083,92.94949494949495,0.8214285714285714,0.46464646464646464,0.5935483870967742,random,2,0.3,0.3,0.31333333333333335
0.7833333333333333,0.7838325,-0.015624999999999837,-0.022915324,8.144303172489627,9.889328,96.88888888888889,0.9722222222222222,0.35353535353535354,0.5185185185185186,gnn,2,0.3,0.3,0.31666666666666665
0.7933333333333333,0.79539996,0.031250000000000194,0.03182253,8.955884465972742,10.054842,92.27272727272727,0.8245614035087719,0.47474747474747475,0.6025641025641025,random,2,0.3,0.3,0.31666666666666665
0.7833333333333333,0.78455454,-0.015624999999999837,-0.019498546,8.04314365763035,9.799095,98.67676767676768,0.9722222222222222,0.35353535353535354,0.5185185185185186,gnn,2,0.3,0.3,0.32
0.79,0.7954768,0.015625000000000357,0.032186095,8.797903094013257,9.965041,91.62626262626263,0.8103448275862069,0.47474747474747475,0.5987261146496815,random,2,0.3,0.3,0.32
0.7833333333333333,0.78619987,-0.015624999999999837,-0.011712778,8.02895936614761,9.753093,97.01010101010101,0.9722222222222222,0.35353535353535354,0.5185185185185186,gnn,2,0.3,0.3,0.3233333333333333
0.79,0.79644114,0.015625000000000357,0.03674942,8.72729671771518,9.894889,92.4949494949495,0.8103448275862069,0.47474747474747475,0.5987261146496815,random,2,0.3,0.3,0.3233333333333333
0.7833333333333333,0.78718096,-0.015624999999999837,-0.0070702005,7.9986769251315675,9.64372,97.42424242424242,0.9722222222222222,0.35353535353535354,0.5185185185185186,gnn,2,0.3,0.3,0.32666666666666666
0.7933333333333333,0.7974409,0.031250000000000194,0.041480277,8.681613915519298,9.843536,90.82828282828282,0.8135593220338984,0.48484848484848486,0.6075949367088608,random,2,0.3,0.3,0.32666666666666666
0.7866666666666666,0.78818005,0.0,-0.0023424427,7.8914584501898695,9.569561,95.9090909090909,0.972972972972973,0.36363636363636365,0.5294117647058825,gnn,2,0.3,0.3,0.33
0.7933333333333333,0.7968422,0.031250000000000194,0.038647346,8.527082623014472,9.773086,88.67676767676768,0.8032786885245902,0.494949494949495,0.6124999999999999,random,2,0.3,0.3,0.33
0.7866666666666666,0.7891984,0.0,0.0024764177,7.89136200428137,9.553441,94.9090909090909,0.972972972972973,0.36363636363636365,0.5294117647058825,gnn,2,0.3,0.3,0.3333333333333333
0.7966666666666666,0.797842,0.046875000000000035,0.043378487,8.511235324875976,9.75395,87.81818181818181,0.8064516129032258,0.5050505050505051,0.6211180124223603,random,2,0.3,0.3,0.3333333333333333
0.7866666666666666,0.7903477,0.0,0.007914946,7.860041932986687,9.469253,95.0909090909091,0.972972972972973,0.36363636363636365,0.5294117647058825,gnn,2,0.3,0.3,0.33666666666666667
0.7966666666666666,0.797842,0.046875000000000035,0.043378487,8.511181116372505,9.753706,88.11111111111111,0.8064516129032258,0.5050505050505051,0.6211180124223603,random,2,0.3,0.3,0.33666666666666667
0.7866666666666666,0.7908795,0.0,0.010431415,7.913584050681085,9.358048,96.38383838383838,0.972972972972973,0.36363636363636365,0.5294117647058825,gnn,2,0.3,0.3,0.34
0.7966666666666666,0.7988619,0.046875000000000035,0.048204683,8.487182107979784,9.706723,87.76767676767676,0.8064516129032258,0.5050505050505051,0.6211180124223603,random,2,0.3,0.3,0.34
0.7866666666666666,0.7920696,0.0,0.01606315,7.9072707009506376,9.292854,95.70707070707071,0.972972972972973,0.36363636363636365,0.5294117647058825,gnn,2,0.3,0.3,0.3433333333333333
0.8,0.79986167,0.06250000000000039,0.05293554,8.46050570963883,9.674167,86.73737373737374,0.8095238095238095,0.5151515151515151,0.6296296296296297,random,2,0.3,0.3,0.3433333333333333
0.7866666666666666,0.7930586,0.0,0.020742958,7.9173437195908685,9.193884,95.88888888888889,0.972972972972973,0.36363636363636365,0.5294117647058825,gnn,2,0.3,0.3,0.3466666666666667
0.7966666666666666,0.80015534,0.046875000000000035,0.05432521,8.326440381128707,9.628151,85.29292929292929,0.796875,0.5151515151515151,0.6257668711656442,random,2,0.3,0.3,0.3466666666666667
0.7833333333333333,0.79503745,-0.015624999999999837,0.03010709,7.8878823137313585,8.9600725,99.97979797979798,0.9473684210526315,0.36363636363636365,0.5255474452554744,gnn,2,0.3,0.3,0.35
0.8,0.80201477,0.06250000000000039,0.06312411,8.326891047831296,9.52513,85.61616161616162,0.8095238095238095,0.5151515151515151,0.6296296296296297,random,2,0.3,0.3,0.35
0.7833333333333333,0.7967267,-0.015624999999999837,0.038100727,7.8830499880844265,8.933581,97.61616161616162,0.9473684210526315,0.36363636363636365,0.5255474452554744,gnn,2,0.3,0.3,0.35333333333333333
0.8,0.8024645,0.06250000000000039,0.06525219,8.323507673410193,9.50033,87.34343434343434,0.8095238095238095,0.5151515151515151,0.6296296296296297,random,2,0.3,0.3,0.35333333333333333
0.7866666666666666,0.79655373,0.0,0.037282214,7.8535824698928085,8.996826,91.76767676767676,0.972972972972973,0.36363636363636365,0.5294117647058825,gnn,2,0.3,0.3,0.3566666666666667
0.8,0.8037681,0.06250000000000039,0.07142095,8.321529256564238,9.458149,86.96969696969697,0.8095238095238095,0.5151515151515151,0.6296296296296297,random,2,0.3,0.3,0.3566666666666667
0.7866666666666666,0.79755384,0.0,0.042014766,7.856009836027858,8.981186,92.57575757575758,0.972972972972973,0.36363636363636365,0.5294117647058825,gnn,2,0.3,0.3,0.36
0.8033333333333333,0.80476785,0.07812500000000022,0.07615182,8.100388979225485,9.312424,86.1010101010101,0.8125,0.5252525252525253,0.6380368098159509,random,2,0.3,0.3,0.36
0.7866666666666666,0.79838,0.0,0.04592429,7.880326656425854,8.859307,92.21212121212122,0.972972972972973,0.36363636363636365,0.5294117647058825,gnn,2,0.3,0.3,0.36333333333333334
0.8066666666666666,0.8042113,0.09375000000000007,0.0735183,8.130154284072999,9.359351,85.44444444444444,0.8253968253968254,0.5252525252525253,0.6419753086419753,random,2,0.3,0.3,0.36333333333333334
0.79,0.7993791,0.015625000000000357,0.05065205,7.776031541920837,8.785791,91.39393939393939,0.9736842105263158,0.37373737373737376,0.5401459854014599,gnn,2,0.3,0.3,0.36666666666666664
0.8033333333333333,0.8062086,0.07812500000000022,0.08296958,7.99098149211204,9.039085,85.71717171717172,0.8125,0.5252525252525253,0.6380368098159509,random,2,0.3,0.3,0.36666666666666664
0.79,0.80037886,0.015625000000000357,0.055382907,7.7659322733353955,8.692767,92.85858585858585,0.9736842105263158,0.37373737373737376,0.5401459854014599,gnn,2,0.3,0.3,0.37
0.8066666666666666,0.80665076,0.09375000000000007,0.08506184,7.833061245222898,9.048477,85.92929292929293,0.8253968253968254,0.5252525252525253,0.6419753086419753,random,2,0.3,0.3,0.37
0.7933333333333333,0.80137795,0.031250000000000194,0.060110666,7.6573934785284985,8.541633,91.8080808080808,0.9743589743589743,0.3838383838383838,0.5507246376811594,gnn,2,0.3,0.3,0.37333333333333335
0.81,0.8085732,0.10937500000000042,0.09415887,7.649576282735916,8.838109,85.57575757575758,0.828125,0.5353535353535354,0.6503067484662576,random,2,0.3,0.3,0.37333333333333335
0.7966666666666666,0.802377,0.046875000000000035,0.06483814,7.559709567110722,8.451386,90.86868686868686,0.975,0.3939393939393939,0.5611510791366906,gnn,2,0.3,0.3,0.37666666666666665
0.81,0.8087254,0.10937500000000042,0.09487923,7.6313403879684225,8.845123,85.63636363636364,0.828125,0.5353535353535354,0.6503067484662576,random,2,0.3,0.3,0.37666666666666665
0.7966666666666666,0.8033768,0.046875000000000035,0.06956928,7.563918731924823,8.384998,91.4040404040404,0.975,0.3939393939393939,0.5611510791366906,gnn,2,0.3,0.3,0.38
0.81,0.809919,0.10937500000000042,0.100527324,7.640085667125571,8.82655,86.24242424242425,0.828125,0.5353535353535354,0.6503067484662576,random,2,0.3,0.3,0.38
0.8,0.8043759,0.06250000000000039,0.07429704,7.445617995883992,8.284928,90.0909090909091,0.975609756097561,0.40404040404040403,0.5714285714285715,gnn,2,0.3,0.3,0.38333333333333336
0.81,0.8102187,0.10937500000000042,0.10194548,7.656615797235074,8.798345,87.13131313131314,0.828125,0.5353535353535354,0.6503067484662576,random,2,0.3,0.3,0.38333333333333336
0.8,0.80537564,0.06250000000000039,0.0790279,7.42325824642503,8.205689,88.98989898989899,0.975609756097561,0.40404040404040403,0.5714285714285715,gnn,2,0.3,0.3,0.38666666666666666
0.8133333333333334,0.81121844,0.12500000000000025,0.10667634,7.638113508567113,8.771727,86.70707070707071,0.8307692307692308,0.5454545454545454,0.6585365853658536,random,2,0.3,0.3,0.38666666666666666
0.8,0.80637544,0.06250000000000039,0.08375905,7.414391283812993,8.165723,88.21212121212122,0.975609756097561,0.40404040404040403,0.5714285714285715,gnn,2,0.3,0.3,0.39
0.81,0.81274223,0.10937500000000042,0.113887005,7.5759553649106355,8.765804,84.75757575757575,0.828125,0.5353535353535354,0.6503067484662576,random,2,0.3,0.3,0.39
0.8033333333333333,0.8080953,0.07812500000000022,0.091897376,7.379656645591123,8.103886,88.31313131313131,0.9761904761904762,0.41414141414141414,0.5815602836879433,gnn,2,0.3,0.3,0.3933333333333333
0.8133333333333334,0.81374204,0.12500000000000025,0.118618146,7.310073944809037,8.506595,83.29292929292929,0.8307692307692308,0.5454545454545454,0.6585365853658536,random,2,0.3,0.3,0.3933333333333333
0.8033333333333333,0.8082464,0.07812500000000022,0.09261238,7.290464202697119,8.01312,88.3030303030303,0.9761904761904762,0.41414141414141414,0.5815602836879433,gnn,2,0.3,0.3,0.39666666666666667
0.8133333333333334,0.8145861,0.12500000000000025,0.12261229,7.288193639279166,8.486764,82.83838383838383,0.8307692307692308,0.5454545454545454,0.6585365853658536,random,2,0.3,0.3,0.39666666666666667
0.8033333333333333,0.8092461,0.07812500000000022,0.097343236,7.28396548289508,7.977191,87.64646464646465,0.9761904761904762,0.41414141414141414,0.5815602836879433,gnn,2,0.3,0.3,0.4
0.8133333333333334,0.81558603,0.12500000000000025,0.127344,7.287284051445466,8.434803,82.97979797979798,0.8307692307692308,0.5454545454545454,0.6585365853658536,random,2,0.3,0.3,0.4
0.8033333333333333,0.8102459,0.07812500000000022,0.1020741,7.238281054806724,7.8990684,87.21212121212122,0.9761904761904762,0.41414141414141414,0.5815602836879433,gnn,2,0.3,0.3,0.4033333333333333
0.8133333333333334,0.816586,0.12500000000000025,0.13207598,7.267807759414776,8.408561,82.23232323232324,0.8307692307692308,0.5454545454545454,0.6585365853658536,random,2,0.3,0.3,0.4033333333333333
0.8033333333333333,0.81059873,0.07812500000000022,0.103743844,7.224985518019195,7.8248386,88.74747474747475,0.9761904761904762,0.41414141414141414,0.5815602836879433,gnn,2,0.3,0.3,0.4066666666666667
0.8166666666666667,0.8177099,0.1406250000000001,0.13739435,7.155197472452189,8.314336,80.9090909090909,0.8333333333333334,0.5555555555555556,0.6666666666666667,random,2,0.3,0.3,0.4066666666666667
0.8033333333333333,0.81148773,0.07812500000000022,0.10795066,7.21496261317797,7.7344847,88.81818181818181,0.9761904761904762,0.41414141414141414,0.5815602836879433,gnn,2,0.3,0.3,0.41
0.82,0.8176263,0.15624999999999994,0.13699864,6.875976979480774,8.403245,80.15151515151516,0.8461538461538461,0.5555555555555556,0.6707317073170732,random,2,0.3,0.3,0.41
0.8066666666666666,0.8129605,0.09375000000000007,0.11491988,6.958105794936443,7.6233764,87.97979797979798,0.9767441860465116,0.42424242424242425,0.5915492957746479,gnn,2,0.3,0.3,0.41333333333333333
0.8233333333333334,0.81855893,0.1718750000000003,0.1414119,6.811577279568804,8.378732,79.06060606060606,0.8484848484848485,0.5656565656565656,0.6787878787878787,random,2,0.3,0.3,0.41333333333333333
0.8066666666666666,0.81384796,0.09375000000000007,0.11911935,6.914201920057133,7.5892496,88.82828282828282,0.9767441860465116,0.42424242424242425,0.5915492957746479,gnn,2,0.3,0.3,0.4166666666666667
0.8233333333333334,0.819583,0.1718750000000003,0.14625785,6.826570666913421,8.371441,78.4949494949495,0.8484848484848485,0.5656565656565656,0.6787878787878787,random,2,0.3,0.3,0.4166666666666667
0.8066666666666666,0.814374,0.09375000000000007,0.12160875,6.896947207576844,7.52479,88.24242424242425,0.9767441860465116,0.42424242424242425,0.5915492957746479,gnn,2,0.3,0.3,0.42
0.8233333333333334,0.820583,0.1718750000000003,0.15098983,6.817677220990883,8.354269,78.1010101010101,0.8484848484848485,0.5656565656565656,0.6787878787878787,random,2,0.3,0.3,0.42
0.81,0.81447405,0.10937500000000042,0.12208203,6.761795006601547,7.5065928,87.91919191919192,0.9772727272727273,0.43434343434343436,0.6013986013986014,gnn,2,0.3,0.3,0.42333333333333334
0.82,0.8214384,0.15624999999999994,0.15503757,6.837785966714051,8.33977,78.70707070707071,0.835820895522388,0.5656565656565656,0.674698795180723,random,2,0.3,0.3,0.42333333333333334
0.81,0.81572735,0.10937500000000042,0.12801275,6.739925856961004,7.4544053,87.91919191919192,0.9772727272727273,0.43434343434343436,0.6013986013986014,gnn,2,0.3,0.3,0.4266666666666667
0.82,0.82216054,0.15624999999999994,0.15845491,6.785770574204068,8.283673,78.36363636363636,0.835820895522388,0.5656565656565656,0.674698795180723,random,2,0.3,0.3,0.4266666666666667
0.8133333333333334,0.81672645,0.12500000000000025,0.1327405,6.696636692708464,7.418501,87.31313131313131,0.9777777777777777,0.4444444444444444,0.611111111111111,gnn,2,0.3,0.3,0.43
0.82,0.8231606,0.15624999999999994,0.16318718,6.785316512930407,8.2767935,78.29292929292929,0.835820895522388,0.5656565656565656,0.674698795180723,random,2,0.3,0.3,0.43
0.8133333333333334,0.81772697,0.12500000000000025,0.13747503,6.690971322372159,7.3929844,88.08080808080808,0.9777777777777777,0.4444444444444444,0.611111111111111,gnn,2,0.3,0.3,0.43333333333333335
0.8166666666666667,0.82417864,0.1406250000000001,0.16800463,6.83755628919625,8.289565,78.36363636363636,0.8333333333333334,0.5555555555555556,0.6666666666666667,random,2,0.3,0.3,0.43333333333333335
0.8166666666666667,0.81872606,0.1406250000000001,0.14220278,6.664781603016207,7.3463736,88.1010101010101,0.9782608695652174,0.45454545454545453,0.6206896551724138,gnn,2,0.3,0.3,0.43666666666666665
0.82,0.82522744,0.15624999999999994,0.17296761,6.818331610520189,8.251962,77.47474747474747,0.8461538461538461,0.5555555555555556,0.6707317073170732,random,2,0.3,0.3,0.43666666666666665
0.82,0.81972516,0.15624999999999994,0.14693055,6.606019272338849,7.2904735,86.77777777777777,0.9787234042553191,0.46464646464646464,0.6301369863013698,gnn,2,0.3,0.3,0.44
0.82,0.8261866,0.15624999999999994,0.1775064,6.7800402184831015,8.197208,77.12121212121212,0.8461538461538461,0.5555555555555556,0.6707317073170732,random,2,0.3,0.3,0.44
0.82,0.8207257,0.15624999999999994,0.15166506,6.6017678436041365,7.257854,86.55555555555556,0.9787234042553191,0.46464646464646464,0.6301369863013698,gnn,2,0.3,0.3,0.44333333333333336
0.82,0.826926,0.15624999999999994,0.18100525,6.74369231757483,8.121905,74.76767676767676,0.8461538461538461,0.5555555555555556,0.6707317073170732,random,2,0.3,0.3,0.44333333333333336
0.8233333333333334,0.8217248,0.1718750000000003,0.15639283,6.583333599195439,7.2288623,86.24242424242425,0.9791666666666666,0.47474747474747475,0.6394557823129252,gnn,2,0.3,0.3,0.44666666666666666
0.8233333333333334,0.8279255,0.1718750000000003,0.18573499,6.715712633059076,8.086047,75.20202020202021,0.8484848484848485,0.5656565656565656,0.6787878787878787,random,2,0.3,0.3,0.44666666666666666
0.8266666666666667,0.82272387,0.18750000000000014,0.16112058,6.5658346597121815,7.2009196,85.03030303030303,0.9795918367346939,0.48484848484848486,0.6486486486486487,gnn,2,0.3,0.3,0.45
0.8233333333333334,0.829181,0.1718750000000003,0.19167614,6.701390298551814,8.023895,75.48484848484848,0.8484848484848485,0.5656565656565656,0.6787878787878787,random,2,0.3,0.3,0.45
0.8266666666666667,0.82360065,0.18750000000000014,0.16526957,6.556667700434858,7.162728,84.57575757575758,0.9795918367346939,0.48484848484848486,0.6486486486486487,gnn,2,0.3,0.3,0.4533333333333333
0.8233333333333334,0.8307551,0.1718750000000003,0.19912484,6.649088796085308,7.9427032,75.11111111111111,0.8484848484848485,0.5656565656565656,0.6787878787878787,random,2,0.3,0.3,0.4533333333333333
0.8266666666666667,0.8246004,0.18750000000000014,0.17000043,6.559564802567833,7.0994806,84.13131313131314,0.9795918367346939,0.48484848484848486,0.6486486486486487,gnn,2,0.3,0.3,0.45666666666666667
0.8233333333333334,0.83174735,0.1718750000000003,0.20382017,6.642778084366859,7.9293814,75.07070707070707,0.8484848484848485,0.5656565656565656,0.6787878787878787,random,2,0.3,0.3,0.45666666666666667
0.8266666666666667,0.82460284,0.18750000000000014,0.170012,6.559578128427932,7.0993905,83.5959595959596,0.9795918367346939,0.48484848484848486,0.6486486486486487,gnn,2,0.3,0.3,0.46
0.8266666666666667,0.83274686,0.18750000000000014,0.2085499,6.619493076426188,7.906137,74.92929292929293,0.8507462686567164,0.5757575757575758,0.6867469879518073,random,2,0.3,0.3,0.46
0.8266666666666667,0.8253249,0.18750000000000014,0.17342877,6.4953014727780705,7.0319157,82.25252525252525,0.9795918367346939,0.48484848484848486,0.6486486486486487,gnn,2,0.3,0.3,0.4633333333333333
0.8266666666666667,0.83451235,0.18750000000000014,0.21690428,6.601248416076231,7.8730574,73.23232323232324,0.8507462686567164,0.5757575757575758,0.6867469879518073,random,2,0.3,0.3,0.4633333333333333
0.8266666666666667,0.82641196,0.18750000000000014,0.17857283,6.4638872104908,6.9368377,82.34343434343434,0.9795918367346939,0.48484848484848486,0.6486486486486487,gnn,2,0.3,0.3,0.4666666666666667
0.8266666666666667,0.8355122,0.18750000000000014,0.22163571,6.575902727260462,7.8750024,72.79797979797979,0.8507462686567164,0.5757575757575758,0.6867469879518073,random,2,0.3,0.3,0.4666666666666667
0.83,0.827411,0.20312499999999997,0.18330032,6.428621645300483,6.9126587,82.55555555555556,0.98,0.494949494949495,0.6577181208053691,gnn,2,0.3,0.3,0.47
0.8266666666666667,0.83606684,0.18750000000000014,0.22426021,6.541191010742438,7.8408756,72.83838383838383,0.8507462686567164,0.5757575757575758,0.6867469879518073,random,2,0.3,0.3,0.47
0.8333333333333334,0.82841015,0.21875000000000033,0.18802835,6.372634624746491,6.8703046,81.77777777777777,0.9803921568627451,0.5050505050505051,0.6666666666666667,gnn,2,0.3,0.3,0.47333333333333333
0.83,0.83862865,0.20312499999999997,0.23638281,6.335943781039181,7.578737,73.08080808080808,0.8529411764705882,0.5858585858585859,0.6946107784431138,random,2,0.3,0.3,0.47333333333333333
0.8366666666666667,0.8297371,0.23437500000000017,0.19430768,6.35234655049051,6.8695636,81.16161616161617,1.0,0.5050505050505051,0.6711409395973155,gnn,2,0.3,0.3,0.4766666666666667
0.8333333333333334,0.8396284,0.21875000000000033,0.24111366,6.321731571296924,7.5616364,72.53535353535354,0.855072463768116,0.5959595959595959,0.7023809523809524,random,2,0.3,0.3,0.4766666666666667
0.8366666666666667,0.8304592,0.23437500000000017,0.19772446,6.272570362597,6.7958827,80.63636363636364,1.0,0.5050505050505051,0.6711409395973155,gnn,2,0.3,0.3,0.48
0.8366666666666667,0.8410376,0.23437500000000017,0.24778195,6.290798480456195,7.5412807,72.8080808080808,0.8571428571428571,0.6060606060606061,0.7100591715976331,random,2,0.3,0.3,0.48
0.8366666666666667,0.83036447,0.23437500000000017,0.19727628,6.192532862606149,6.6751614,80.61616161616162,1.0,0.5050505050505051,0.6711409395973155,gnn,2,0.3,0.3,0.48333333333333334
0.8366666666666667,0.84195566,0.23437500000000017,0.2521264,6.308550049073703,7.44229,73.8080808080808,0.8571428571428571,0.6060606060606061,0.7100591715976331,random,2,0.3,0.3,0.48333333333333334
0.8366666666666667,0.8308978,0.23437500000000017,0.19980007,6.150185733906519,6.601013,80.74747474747475,1.0,0.5050505050505051,0.6711409395973155,gnn,2,0.3,0.3,0.4866666666666667
0.8366666666666667,0.8416945,0.23437500000000017,0.25089043,6.2252768439078086,7.3994384,72.26262626262626,0.8571428571428571,0.6060606060606061,0.7100591715976331,random,2,0.3,0.3,0.4866666666666667
0.8366666666666667,0.83161986,0.23437500000000017,0.20321687,6.043736255010741,6.515671,79.27272727272727,1.0,0.5050505050505051,0.6711409395973155,gnn,2,0.3,0.3,0.49
0.84,0.84269404,0.25,0.25562045,6.197909656542354,7.376377,72.37373737373737,0.8591549295774648,0.6161616161616161,0.7176470588235293,random,2,0.3,0.3,0.49
0.8366666666666667,0.8315251,0.23437500000000017,0.2027684,5.943685684787078,6.3624477,79.79797979797979,1.0,0.5050505050505051,0.6711409395973155,gnn,2,0.3,0.3,0.49333333333333335
0.8366666666666667,0.844648,0.23437500000000017,0.26486668,6.167535155723939,7.3388853,71.34343434343434,0.8472222222222222,0.6161616161616161,0.7134502923976609,random,2,0.3,0.3,0.49333333333333335
0.8366666666666667,0.8333205,0.23437500000000017,0.21126437,5.952071363235077,6.266948,80.08080808080808,1.0,0.5050505050505051,0.6711409395973155,gnn,2,0.3,0.3,0.49666666666666665
0.83,0.84694856,0.20312499999999997,0.27575305,6.159063274708571,7.204225,69.74747474747475,0.8428571428571429,0.5959595959595959,0.6982248520710058,random,2,0.3,0.3,0.49666666666666665
0.84,0.8343196,0.25,0.21599212,5.94609376077245,6.2609673,79.70707070707071,1.0,0.5151515151515151,0.6799999999999999,gnn,2,0.3,0.3,0.5
0.83,0.84801054,0.20312499999999997,0.28077838,6.151349240954353,7.138414,69.26262626262626,0.8428571428571429,0.5959595959595959,0.6982248520710058,random,2,0.3,0.3,0.5
0.8433333333333334,0.8353186,0.26562500000000033,0.2207196,5.85037986424616,6.1891413,77.48484848484848,1.0,0.5252525252525253,0.6887417218543047,gnn,2,0.3,0.3,0.5033333333333333
0.8333333333333334,0.8490101,0.21875000000000033,0.2855084,6.139561698563698,7.126824,69.0909090909091,0.8450704225352113,0.6060606060606061,0.7058823529411764,random,2,0.3,0.3,0.5033333333333333
0.8433333333333334,0.83647996,0.26562500000000033,0.22621511,5.829738688914801,6.147164,76.98989898989899,1.0,0.5252525252525253,0.6887417218543047,gnn,2,0.3,0.3,0.5066666666666667
0.8333333333333334,0.84900045,0.21875000000000033,0.2854627,5.995236981428898,7.1234155,68.85858585858585,0.8450704225352113,0.6060606060606061,0.7058823529411764,random,2,0.3,0.3,0.5066666666666667
0.8433333333333334,0.8375912,0.26562500000000033,0.2314734,5.8243800603776075,6.1496177,76.44444444444444,1.0,0.5252525252525253,0.6887417218543047,gnn,2,0.3,0.3,0.51
0.8333333333333334,0.8501914,0.21875000000000033,0.2910984,5.992570018520315,7.10667,69.38383838383838,0.8450704225352113,0.6060606060606061,0.7058823529411764,random,2,0.3,0.3,0.51
0.8433333333333334,0.8386503,0.26562500000000033,0.23648518,5.815920225495945,6.135472,77.06060606060606,1.0,0.5252525252525253,0.6887417218543047,gnn,2,0.3,0.3,0.5133333333333333
0.8333333333333334,0.85143095,0.21875000000000033,0.29696393,5.931910292263821,7.0293927,69.24242424242425,0.8450704225352113,0.6060606060606061,0.7058823529411764,random,2,0.3,0.3,0.5133333333333333
0.8433333333333334,0.83981156,0.26562500000000033,0.24198042,5.838662219212647,6.101736,77.58585858585859,1.0,0.5252525252525253,0.6887417218543047,gnn,2,0.3,0.3,0.5166666666666667
0.8366666666666667,0.85258555,0.23437500000000017,0.30242756,5.9064428257152795,6.9679704,69.58585858585859,0.8571428571428571,0.6060606060606061,0.7100591715976331,random,2,0.3,0.3,0.5166666666666667
0.8466666666666667,0.8408106,0.2812500000000002,0.24670789,5.825263146073188,6.0735903,77.74747474747475,1.0,0.5353535353535354,0.6973684210526315,gnn,2,0.3,0.3,0.52
0.84,0.8535851,0.25,0.30715758,5.872014572905689,6.9366136,69.18181818181819,0.8591549295774648,0.6161616161616161,0.7176470588235293,random,2,0.3,0.3,0.52
0.8466666666666667,0.84153265,0.2812500000000002,0.25012466,5.771569279741325,6.0207644,77.34343434343434,1.0,0.5353535353535354,0.6973684210526315,gnn,2,0.3,0.3,0.5233333333333333
0.84,0.8534904,0.25,0.3067094,5.777870535240658,6.7971716,69.28282828282828,0.8591549295774648,0.6161616161616161,0.7176470588235293,random,2,0.3,0.3,0.5233333333333333
0.85,0.8425317,0.29687500000000006,0.25485215,5.3989655650708865,5.7063317,77.13131313131314,1.0,0.5454545454545454,0.7058823529411764,gnn,2,0.3,0.3,0.5266666666666666
0.84,0.85531557,0.25,0.31534612,5.654920334812445,6.667405,70.37373737373737,0.8591549295774648,0.6161616161616161,0.7176470588235293,random,2,0.3,0.3,0.5266666666666666
0.85,0.84325373,0.29687500000000006,0.25826892,5.288750153025285,5.6130986,76.17171717171718,1.0,0.5454545454545454,0.7058823529411764,gnn,2,0.3,0.3,0.53
0.8466666666666667,0.8556778,0.2812500000000002,0.31706014,5.501102395322163,6.5796213,69.76767676767676,0.863013698630137,0.6363636363636364,0.7325581395348837,random,2,0.3,0.3,0.53
0.85,0.84431267,0.29687500000000006,0.26327986,5.28367049697699,5.5980372,76.14141414141415,1.0,0.5454545454545454,0.7058823529411764,gnn,2,0.3,0.3,0.5333333333333333
0.8466666666666667,0.8576248,0.2812500000000002,0.32627365,5.473454795250379,6.477951,69.81818181818181,0.863013698630137,0.6363636363636364,0.7325581395348837,random,2,0.3,0.3,0.5333333333333333
0.8533333333333334,0.84531176,0.3125000000000004,0.2680076,5.204837099983218,5.5480533,75.71717171717172,1.0,0.5555555555555556,0.7142857142857143,gnn,2,0.3,0.3,0.5366666666666666
0.85,0.8586244,0.29687500000000006,0.33100367,5.447369529182177,6.4281154,69.11111111111111,0.8648648648648649,0.6464646464646465,0.7398843930635838,random,2,0.3,0.3,0.5366666666666666
0.8566666666666667,0.8463108,0.3281250000000002,0.2727351,5.156770073626916,5.51061,75.88888888888889,1.0,0.5656565656565656,0.7225806451612903,gnn,2,0.3,0.3,0.54
0.8533333333333334,0.8597327,0.3125000000000004,0.33624816,5.434682316661366,6.413618,68.9090909090909,0.8666666666666667,0.6565656565656566,0.7471264367816093,random,2,0.3,0.3,0.54
0.8566666666666667,0.8475661,0.3281250000000002,0.2786754,5.168037993134194,5.4625587,75.66666666666667,1.0,0.5656565656565656,0.7225806451612903,gnn,2,0.3,0.3,0.5433333333333333
0.8566666666666667,0.8604758,0.3281250000000002,0.3397645,5.461904190704019,6.375107,68.44444444444444,0.868421052631579,0.6666666666666666,0.7542857142857142,random,2,0.3,0.3,0.5433333333333333
0.86,0.8485652,0.34375000000000006,0.28340316,5.143587318419075,5.438678,75.76767676767676,1.0,0.5757575757575758,0.7307692307692308,gnn,2,0.3,0.3,0.5466666666666666
0.8566666666666667,0.86201894,0.3281250000000002,0.34706682,5.5371272380405046,6.309033,68.26262626262626,0.868421052631579,0.6666666666666666,0.7542857142857142,random,2,0.3,0.3,0.5466666666666666
0.8633333333333333,0.8495643,0.3593749999999999,0.2881309,4.892693879407792,5.2926197,74.92929292929293,1.0,0.5858585858585859,0.7388535031847133,gnn,2,0.3,0.3,0.55
0.86,0.8630185,0.34375000000000006,0.35179684,5.532133293528713,6.304629,67.81818181818181,0.8701298701298701,0.6767676767676768,0.7613636363636364,random,2,0.3,0.3,0.55
0.8633333333333333,0.85028636,0.3593749999999999,0.2915477,4.870977484727911,5.2466993,73.88888888888889,1.0,0.5858585858585859,0.7388535031847133,gnn,2,0.3,0.3,0.5533333333333333
0.86,0.86320925,0.34375000000000006,0.3526994,5.52016646631662,6.2851024,68.45454545454545,0.8701298701298701,0.6767676767676768,0.7613636363636364,random,2,0.3,0.3,0.5533333333333333
0.8633333333333333,0.851317,0.3593749999999999,0.29642466,4.86841353183354,5.240616,73.5050505050505,1.0,0.5858585858585859,0.7388535031847133,gnn,2,0.3,0.3,0.5566666666666666
0.8633333333333333,0.8629364,0.3593749999999999,0.35140818,5.511306492520246,6.3242674,67.02020202020202,0.881578947368421,0.6767676767676768,0.7657142857142857,random,2,0.3,0.3,0.5566666666666666
0.8633333333333333,0.85214746,0.3593749999999999,0.30035448,4.867283165823317,5.2245197,73.62626262626263,1.0,0.5858585858585859,0.7388535031847133,gnn,2,0.3,0.3,0.56
0.8666666666666667,0.8637425,0.3750000000000003,0.35522264,5.522859298054352,6.307541,65.53535353535354,0.8831168831168831,0.6868686868686869,0.7727272727272728,random,2,0.3,0.3,0.56
0.8633333333333333,0.8531472,0.3593749999999999,0.30508533,4.864623809308506,5.19837,72.82828282828282,1.0,0.5858585858585859,0.7388535031847133,gnn,2,0.3,0.3,0.5633333333333334
0.8666666666666667,0.86423767,0.3750000000000003,0.35756594,5.479015989658568,6.247866,65.5959595959596,0.8831168831168831,0.6868686868686869,0.7727272727272728,random,2,0.3,0.3,0.5633333333333334
0.8666666666666667,0.8541463,0.3750000000000003,0.3098131,4.489068775694982,4.9625473,72.06060606060606,1.0,0.5959595959595959,0.7468354430379746,gnn,2,0.3,0.3,0.5666666666666667
0.8666666666666667,0.86434674,0.3750000000000003,0.3580821,5.370170448969881,6.2288284,65.35353535353535,0.8831168831168831,0.6868686868686869,0.7727272727272728,random,2,0.3,0.3,0.5666666666666667
0.8666666666666667,0.85514605,0.3750000000000003,0.31454396,4.4852277649582994,4.9448724,71.88888888888889,1.0,0.5959595959595959,0.7468354430379746,gnn,2,0.3,0.3,0.57
0.8666666666666667,0.8643471,0.3750000000000003,0.35808378,5.370162829047737,6.228719,65.1010101010101,0.8831168831168831,0.6868686868686869,0.7727272727272728,random,2,0.3,0.3,0.57
0.87,0.8561452,0.3906250000000001,0.319272,4.267011275456564,4.824863,71.97979797979798,1.0,0.6060606060606061,0.7547169811320755,gnn,2,0.3,0.3,0.5733333333333334
0.8666666666666667,0.8651558,0.3750000000000003,0.36191067,5.347264543219444,6.2305613,65.07070707070707,0.8831168831168831,0.6868686868686869,0.7727272727272728,random,2,0.3,0.3,0.5733333333333334
0.87,0.85686725,0.3906250000000001,0.3226888,4.165473802765294,4.7593474,71.0,1.0,0.6060606060606061,0.7547169811320755,gnn,2,0.3,0.3,0.5766666666666667
0.87,0.8661554,0.3906250000000001,0.3666407,5.335024135217315,6.2135954,65.13131313131314,0.8846153846153846,0.696969696969697,0.7796610169491526,random,2,0.3,0.3,0.5766666666666667
0.8733333333333333,0.8578663,0.40624999999999994,0.32741624,4.159602014089537,4.7530828,71.06060606060606,1.0,0.6161616161616161,0.7625,gnn,2,0.3,0.3,0.58
0.8733333333333333,0.86715496,0.40624999999999994,0.3713707,5.133073974337634,6.1226897,64.18181818181819,0.8860759493670886,0.7070707070707071,0.7865168539325842,random,2,0.3,0.3,0.58
0.8733333333333333,0.85858834,0.40624999999999994,0.33083305,4.064139113897641,4.6737924,69.64646464646465,1.0,0.6161616161616161,0.7625,gnn,2,0.3,0.3,0.5833333333333334
0.8733333333333333,0.8678812,0.40624999999999994,0.3748072,5.045835557623733,6.078081,64.23232323232324,0.8860759493670886,0.7070707070707071,0.7865168539325842,random,2,0.3,0.3,0.5833333333333334
0.8733333333333333,0.8593104,0.40624999999999994,0.33424982,4.040721046752334,4.626896,68.57575757575758,1.0,0.6161616161616161,0.7625,gnn,2,0.3,0.3,0.5866666666666667
0.8733333333333333,0.86888105,0.40624999999999994,0.37953866,5.042933421640234,6.074593,63.76767676767677,0.8860759493670886,0.7070707070707071,0.7865168539325842,random,2,0.3,0.3,0.5866666666666667
0.8733333333333333,0.86036944,0.40624999999999994,0.33926132,4.035478736214591,4.601387,68.47474747474747,1.0,0.6161616161616161,0.7625,gnn,2,0.3,0.3,0.59
0.8733333333333333,0.868491,0.40624999999999994,0.37769288,4.928637418755992,6.031523,63.98989898989899,0.8860759493670886,0.7070707070707071,0.7865168539325842,random,2,0.3,0.3,0.59
0.8733333333333333,0.8610915,0.40624999999999994,0.3426781,3.9509804468848686,4.5417886,67.23232323232324,1.0,0.6161616161616161,0.7625,gnn,2,0.3,0.3,0.5933333333333334
0.8733333333333333,0.86921304,0.40624999999999994,0.38110968,4.9184219427953995,5.9852943,64.04040404040404,0.8860759493670886,0.7070707070707071,0.7865168539325842,random,2,0.3,0.3,0.5933333333333334
0.8733333333333333,0.8619524,0.40624999999999994,0.34675205,3.9430673188254346,4.5010014,66.95959595959596,1.0,0.6161616161616161,0.7625,gnn,2,0.3,0.3,0.5966666666666667
0.8733333333333333,0.870658,0.40624999999999994,0.38794717,4.894432008595401,5.950857,64.52525252525253,0.8860759493670886,0.7070707070707071,0.7865168539325842,random,2,0.3,0.3,0.5966666666666667
0.8766666666666667,0.86295146,0.4218750000000003,0.35147953,3.731495741495409,4.341823,66.98989898989899,1.0,0.6262626262626263,0.7701863354037267,gnn,2,0.3,0.3,0.6
0.8733333333333333,0.87178,0.40624999999999994,0.39325652,4.90308998635802,5.9263806,64.65656565656566,0.8860759493670886,0.7070707070707071,0.7865168539325842,random,2,0.3,0.3,0.6
0.8766666666666667,0.86395204,0.4218750000000003,0.35621434,3.6970540680146926,4.2878027,66.34343434343434,1.0,0.6262626262626263,0.7701863354037267,gnn,2,0.3,0.3,0.6033333333333334
0.8733333333333333,0.87268454,0.40624999999999994,0.39753696,4.869974318904222,5.8458786,63.98989898989899,0.8860759493670886,0.7070707070707071,0.7865168539325842,random,2,0.3,0.3,0.6033333333333334
0.8766666666666667,0.8649524,0.4218750000000003,0.36094803,3.692379080820554,4.2675333,67.43434343434343,1.0,0.6262626262626263,0.7701863354037267,gnn,2,0.3,0.3,0.6066666666666667
0.8766666666666667,0.87350035,0.4218750000000003,0.4013974,4.855597717792236,5.8239794,64.33333333333333,0.8875,0.7171717171717171,0.7932960893854748,random,2,0.3,0.3,0.6066666666666667
0.8766666666666667,0.86595213,0.4218750000000003,0.36567888,3.68229046052824,4.177741,67.8080808080808,1.0,0.6262626262626263,0.7701863354037267,gnn,2,0.3,0.3,0.61
0.8766666666666667,0.87408966,0.4218750000000003,0.40418604,4.825073396685719,5.814241,64.1010101010101,0.8875,0.7171717171717171,0.7932960893854748,random,2,0.3,0.3,0.61
0.8766666666666667,0.8666742,0.4218750000000003,0.36909565,3.6013908970125743,4.123528,66.91919191919192,1.0,0.6262626262626263,0.7701863354037267,gnn,2,0.3,0.3,0.6133333333333333
0.8766666666666667,0.87525105,0.4218750000000003,0.40968183,4.825668026773451,5.777813,64.06060606060606,0.8875,0.7171717171717171,0.7932960893854748,random,2,0.3,0.3,0.6133333333333333
0.8766666666666667,0.86739624,0.4218750000000003,0.37251243,3.5332136436276422,4.072706,66.4040404040404,1.0,0.6262626262626263,0.7701863354037267,gnn,2,0.3,0.3,0.6166666666666667
0.8766666666666667,0.87607765,0.4218750000000003,0.41359332,4.813696391939532,5.7796693,64.41414141414141,0.8875,0.7171717171717171,0.7932960893854748,random,2,0.3,0.3,0.6166666666666667
0.88,0.86839527,0.4375000000000001,0.3772399,3.524517318304066,4.051971,65.0,1.0,0.6363636363636364,0.7777777777777778,gnn,2,0.3,0.3,0.62
0.88,0.8770772,0.4375000000000001,0.41832334,4.718713319094059,5.706811,63.56565656565657,0.8888888888888888,0.7272727272727273,0.7999999999999999,random,2,0.3,0.3,0.62
0.8833333333333333,0.8693943,0.45312499999999994,0.3819674,3.175208811324185,3.8413937,64.98989898989899,1.0,0.6464646464646465,0.7852760736196319,gnn,2,0.3,0.3,0.6233333333333333
0.8833333333333333,0.87853324,0.45312499999999994,0.4252133,4.655671391965535,5.637315,62.93939393939394,0.8902439024390244,0.7373737373737373,0.8066298342541436,random,2,0.3,0.3,0.6233333333333333
0.8833333333333333,0.8703941,0.45312499999999994,0.38669854,3.1513589720966784,3.8351538,64.97979797979798,1.0,0.6464646464646465,0.7852760736196319,gnn,2,0.3,0.3,0.6266666666666667
0.8833333333333333,0.8791628,0.45312499999999994,0.42819235,4.621560903115017,5.606713,63.41414141414141,0.8902439024390244,0.7373737373737373,0.8066298342541436,random,2,0.3,0.3,0.6266666666666667
0.8833333333333333,0.8713926,0.45312499999999994,0.39142346,3.118571135048142,3.824174,64.6969696969697,1.0,0.6464646464646465,0.7852760736196319,gnn,2,0.3,0.3,0.63
0.8833333333333333,0.88016266,0.45312499999999994,0.43292376,4.617004245876426,5.5891137,63.22222222222222,0.8902439024390244,0.7373737373737373,0.8066298342541436,random,2,0.3,0.3,0.63
0.8833333333333333,0.87211466,0.45312499999999994,0.39484024,3.121644581010898,3.7776513,65.3030303030303,1.0,0.6464646464646465,0.7852760736196319,gnn,2,0.3,0.3,0.6333333333333333
0.8866666666666667,0.8811622,0.46875000000000033,0.43765378,4.581518687663405,5.562461,62.7979797979798,0.891566265060241,0.7474747474747475,0.8131868131868132,random,2,0.3,0.3,0.6333333333333333
0.8833333333333333,0.8731144,0.45312499999999994,0.39957112,3.0799992743731455,3.7105126,65.41414141414141,1.0,0.6464646464646465,0.7852760736196319,gnn,2,0.3,0.3,0.6366666666666667
0.89,0.8824447,0.48437500000000017,0.44372243,4.484275852055169,5.460677,62.525252525252526,0.9024390243902439,0.7474747474747475,0.8176795580110497,random,2,0.3,0.3,0.6366666666666667
0.8866666666666667,0.87411356,0.46875000000000033,0.40429914,3.074999961400797,3.7061112,64.4040404040404,1.0,0.6565656565656566,0.7926829268292683,gnn,2,0.3,0.3,0.64
0.89,0.8824456,0.48437500000000017,0.44372666,4.4842547946662386,5.460661,62.111111111111114,0.9024390243902439,0.7474747474747475,0.8176795580110497,random,2,0.3,0.3,0.64
0.8866666666666667,0.8748356,0.46875000000000033,0.40771592,2.994598757321914,3.6576002,63.83838383838384,1.0,0.6565656565656566,0.7926829268292683,gnn,2,0.3,0.3,0.6433333333333333
0.89,0.88344544,0.48437500000000017,0.44845808,4.477862228106355,5.4342666,61.98989898989899,0.9024390243902439,0.7474747474747475,0.8176795580110497,random,2,0.3,0.3,0.6433333333333333
0.8866666666666667,0.8759469,0.46875000000000033,0.4129745,3.002446436569835,3.659114,64.0,1.0,0.6565656565656566,0.7926829268292683,gnn,2,0.3,0.3,0.6466666666666666
0.8933333333333333,0.8843224,0.5,0.4526079,4.459678067360431,5.4088817,61.45454545454545,0.9036144578313253,0.7575757575757576,0.8241758241758242,random,2,0.3,0.3,0.6466666666666666
0.89,0.8769459,0.48437500000000017,0.417702,2.99680072730851,3.653812,63.64646464646464,1.0,0.6666666666666666,0.8,gnn,2,0.3,0.3,0.65
0.8933333333333333,0.8853259,0.5,0.45735654,4.4626622724830805,5.3827806,61.515151515151516,0.9036144578313253,0.7575757575757576,0.8241758241758242,random,2,0.3,0.3,0.65
0.89,0.8779464,0.48437500000000017,0.42243624,2.994824335863632,3.644017,63.56565656565657,1.0,0.6666666666666666,0.8,gnn,2,0.3,0.3,0.6533333333333333
0.8933333333333333,0.88618696,0.5,0.46143106,4.456410552587812,5.3224297,61.656565656565654,0.9036144578313253,0.7575757575757576,0.8241758241758242,random,2,0.3,0.3,0.6533333333333333
0.8933333333333333,0.8789454,0.5,0.42716372,2.8820116968169334,3.5625927,62.97979797979798,1.0,0.6767676767676768,0.8072289156626505,gnn,2,0.3,0.3,0.6566666666666666
0.8933333333333333,0.88772464,0.5,0.46870744,4.464956423884577,5.287691,61.666666666666664,0.9036144578313253,0.7575757575757576,0.8241758241758242,random,2,0.3,0.3,0.6566666666666666
0.8933333333333333,0.8797759,0.5,0.43109354,2.8637556897371907,3.5407267,63.13131313131313,1.0,0.6767676767676768,0.8072289156626505,gnn,2,0.3,0.3,0.66
0.8933333333333333,0.88844675,0.5,0.47212452,4.440249317303836,5.2274,61.4040404040404,0.9036144578313253,0.7575757575757576,0.8241758241758242,random,2,0.3,0.3,0.66
0.8933333333333333,0.88077563,0.5,0.4358244,2.862505611589948,3.5333045,62.44444444444444,1.0,0.6767676767676768,0.8072289156626505,gnn,2,0.3,0.3,0.6633333333333333
0.8966666666666666,0.8894463,0.5156249999999999,0.47685453,4.413806158055804,5.211463,60.72727272727273,0.9047619047619048,0.7676767676767676,0.8306010928961748,random,2,0.3,0.3,0.6633333333333333
0.8966666666666666,0.8817747,0.5156249999999999,0.44055215,2.8394522070401527,3.5025601,63.09090909090909,1.0,0.6868686868686869,0.8143712574850299,gnn,2,0.3,0.3,0.6666666666666666
0.8966666666666666,0.8911783,0.5156249999999999,0.48505038,4.434961161916963,5.1428013,60.62626262626262,0.9047619047619048,0.7676767676767676,0.8306010928961748,random,2,0.3,0.3,0.6666666666666666
0.8966666666666666,0.88283366,0.5156249999999999,0.4455631,2.824903568211893,3.4861352,63.01010101010101,1.0,0.6868686868686869,0.8143712574850299,gnn,2,0.3,0.3,0.67
0.8966666666666666,0.8925574,0.5156249999999999,0.49157622,4.453809497528918,5.097666,60.333333333333336,0.9047619047619048,0.7676767676767676,0.8306010928961748,random,2,0.3,0.3,0.67
0.9,0.8838327,0.5312500000000002,0.45029056,2.812769792727826,3.4723442,62.707070707070706,1.0,0.696969696969697,0.8214285714285715,gnn,2,0.3,0.3,0.6733333333333333
0.9,0.8916326,0.5312500000000002,0.4872002,4.44073843186125,5.106114,59.84848484848485,0.9156626506024096,0.7676767676767676,0.8351648351648352,random,2,0.3,0.3,0.6733333333333333
0.9,0.88483256,0.5312500000000002,0.455022,2.808983005437132,3.4546688,62.717171717171716,1.0,0.696969696969697,0.8214285714285715,gnn,2,0.3,0.3,0.6766666666666666
0.8966666666666666,0.89217114,0.5156249999999999,0.48974854,4.358615366668194,5.077134,59.696969696969695,0.9146341463414634,0.7575757575757576,0.8287292817679557,random,2,0.3,0.3,0.6766666666666666
0.9033333333333333,0.8858316,0.546875,0.45974946,2.7471581635825117,3.3860033,62.74747474747475,1.0,0.7070707070707071,0.8284023668639052,gnn,2,0.3,0.3,0.68
0.9,0.8936908,0.5312500000000002,0.49693975,4.134669536023086,4.9152174,58.73737373737374,0.9156626506024096,0.7676767676767676,0.8351648351648352,random,2,0.3,0.3,0.68
0.9033333333333333,0.88683134,0.546875,0.46448034,2.7425893182457926,3.366804,62.62626262626262,1.0,0.7070707070707071,0.8284023668639052,gnn,2,0.3,0.3,0.6833333333333333
0.9,0.89469075,0.5312500000000002,0.50167143,4.133262247787507,4.8948746,58.686868686868685,0.9156626506024096,0.7676767676767676,0.8351648351648352,random,2,0.3,0.3,0.6833333333333333
0.9033333333333333,0.88783956,0.546875,0.46925125,2.6700981461948876,3.3054752,62.44444444444444,1.0,0.7070707070707071,0.8284023668639052,gnn,2,0.3,0.3,0.6866666666666666
0.9033333333333333,0.8956903,0.546875,0.5064015,4.127908809942066,4.889126,58.4040404040404,0.9166666666666666,0.7777777777777778,0.8415300546448087,random,2,0.3,0.3,0.6866666666666666
0.9066666666666666,0.8888386,0.5624999999999999,0.47397873,2.476759604868687,3.200927,62.03030303030303,1.0,0.7171717171717171,0.8352941176470587,gnn,2,0.3,0.3,0.69
0.9033333333333333,0.89586914,0.546875,0.5072476,3.994774597566085,4.860065,58.42424242424242,0.9166666666666666,0.7777777777777778,0.8415300546448087,random,2,0.3,0.3,0.69
0.9066666666666666,0.88983834,0.5624999999999999,0.47870958,2.470165997894222,3.1686337,61.91919191919192,1.0,0.7171717171717171,0.8352941176470587,gnn,2,0.3,0.3,0.6933333333333334
0.9,0.8989284,0.5312500000000002,0.5217242,3.927872763034261,4.619462,59.111111111111114,0.9058823529411765,0.7777777777777778,0.8369565217391305,random,2,0.3,0.3,0.6933333333333334
0.9066666666666666,0.8908382,0.5624999999999999,0.483441,2.4679933097026567,3.1486316,61.94949494949495,1.0,0.7171717171717171,0.8352941176470587,gnn,2,0.3,0.3,0.6966666666666667
0.9033333333333333,0.899928,0.546875,0.5264542,3.908359912036404,4.60309,58.72727272727273,0.9069767441860465,0.7878787878787878,0.8432432432432431,random,2,0.3,0.3,0.6966666666666667
0.9066666666666666,0.8918379,0.5624999999999999,0.48817158,2.442141180277618,3.1462219,61.44444444444444,1.0,0.7171717171717171,0.8352941176470587,gnn,2,0.3,0.3,0.7
0.9033333333333333,0.9008291,0.546875,0.53071827,3.906336837777315,4.587841,58.80808080808081,0.9069767441860465,0.7878787878787878,0.8432432432432431,random,2,0.3,0.3,0.7
0.9066666666666666,0.89280313,0.5624999999999999,0.49273914,2.433572424865655,3.13589,61.43434343434343,1.0,0.7171717171717171,0.8352941176470587,gnn,2,0.3,0.3,0.7033333333333334
0.9033333333333333,0.9019518,0.546875,0.536031,3.9052558563512427,4.580603,58.343434343434346,0.9069767441860465,0.7878787878787878,0.8432432432432431,random,2,0.3,0.3,0.7033333333333334
0.91,0.89380217,0.5781250000000002,0.4974666,2.429768576797059,3.1324031,61.54545454545455,1.0,0.7272727272727273,0.8421052631578948,gnn,2,0.3,0.3,0.7066666666666667
0.9066666666666666,0.9027819,0.5624999999999999,0.5399592,3.662916333882829,4.470133,57.82828282828283,0.9080459770114943,0.797979797979798,0.8494623655913979,random,2,0.3,0.3,0.7066666666666667
0.91,0.89408123,0.5781250000000002,0.49878716,2.429731117638237,3.1317065,61.515151515151516,1.0,0.7272727272727273,0.8421052631578948,gnn,2,0.3,0.3,0.71
0.9066666666666666,0.903504,0.5624999999999999,0.5433762,3.5636773053976443,4.4050007,57.83838383838384,0.9080459770114943,0.797979797979798,0.8494623655913979,random,2,0.3,0.3,0.71
0.91,0.895081,0.5781250000000002,0.50351804,2.3959608990664485,3.0934095,61.505050505050505,1.0,0.7272727272727273,0.8421052631578948,gnn,2,0.3,0.3,0.7133333333333334
0.91,0.9045036,0.5781250000000002,0.54810625,3.5284279094981517,4.380825,57.43434343434343,0.9090909090909091,0.8080808080808081,0.8556149732620321,random,2,0.3,0.3,0.7133333333333334
0.91,0.89580303,0.5781250000000002,0.5069348,2.373068376472614,3.0365663,61.04040404040404,1.0,0.7272727272727273,0.8421052631578948,gnn,2,0.3,0.3,0.7166666666666667
0.91,0.9047732,0.5781250000000002,0.549382,3.4594121734553034,4.3406835,57.75757575757576,0.9090909090909091,0.8080808080808081,0.8556149732620321,random,2,0.3,0.3,0.7166666666666667
0.91,0.89680696,0.5781250000000002,0.51168543,2.3735900032420134,2.9823742,60.75757575757576,1.0,0.7272727272727273,0.8421052631578948,gnn,2,0.3,0.3,0.72
0.91,0.9057727,0.5781250000000002,0.5541117,3.4265570598535606,4.329689,57.80808080808081,0.9090909090909091,0.8080808080808081,0.8556149732620321,random,2,0.3,0.3,0.72
0.91,0.8978065,0.5781250000000002,0.5164154,2.3685470933162467,2.9726102,60.55555555555556,1.0,0.7272727272727273,0.8421052631578948,gnn,2,0.3,0.3,0.7233333333333334
0.9133333333333333,0.9078513,0.5937500000000001,0.5639477,3.258243908838859,4.207174,57.696969696969695,0.9101123595505618,0.8181818181818182,0.8617021276595745,random,2,0.3,0.3,0.7233333333333334
0.91,0.8985285,0.5781250000000002,0.51983196,2.3018454559830954,2.9139538,59.35353535353536,1.0,0.7272727272727273,0.8421052631578948,gnn,2,0.3,0.3,0.7266666666666667
0.9133333333333333,0.90783465,0.5937500000000001,0.563869,3.2572434917223934,4.2062683,57.73737373737374,0.9101123595505618,0.8181818181818182,0.8617021276595745,random,2,0.3,0.3,0.7266666666666667
0.9133333333333333,0.8995276,0.5937500000000001,0.5245597,2.2951346749525525,2.8792968,59.01010101010101,1.0,0.7373737373737373,0.8488372093023255,gnn,2,0.3,0.3,0.73
0.9133333333333333,0.9088938,0.5937500000000001,0.5688811,3.252157094881218,4.1912413,57.717171717171716,0.9101123595505618,0.8181818181818182,0.8617021276595745,random,2,0.3,0.3,0.73
0.9133333333333333,0.90052736,0.5937500000000001,0.52929056,2.2951307091508535,2.8636758,58.93939393939394,1.0,0.7373737373737373,0.8488372093023255,gnn,2,0.3,0.3,0.7333333333333333
0.9166666666666666,0.9098377,0.6093749999999999,0.5733476,3.1928861493723324,4.1560955,57.16161616161616,0.9111111111111111,0.8282828282828283,0.8677248677248678,random,2,0.3,0.3,0.7333333333333333
0.9133333333333333,0.9015272,0.5937500000000001,0.534022,2.289210939280381,2.8426456,59.24242424242424,1.0,0.7373737373737373,0.8488372093023255,gnn,2,0.3,0.3,0.7366666666666667
0.9166666666666666,0.91037047,0.6093749999999999,0.5758686,3.1497527816237394,4.0831223,57.26262626262626,0.9111111111111111,0.8282828282828283,0.8677248677248678,random,2,0.3,0.3,0.7366666666666667
0.9133333333333333,0.90252703,0.5937500000000001,0.5387531,2.2842830488827888,2.8285584,59.19191919191919,1.0,0.7373737373737373,0.8488372093023255,gnn,2,0.3,0.3,0.74
0.92,0.91137004,0.6250000000000002,0.58059865,3.1365493529623616,4.0618215,56.686868686868685,0.9120879120879121,0.8383838383838383,0.8736842105263157,random,2,0.3,0.3,0.74
0.9133333333333333,0.9029645,0.5937500000000001,0.5408231,2.2789668904490386,2.8169668,59.26262626262626,1.0,0.7373737373737373,0.8488372093023255,gnn,2,0.3,0.3,0.7433333333333333
0.9233333333333333,0.9123695,0.6406250000000001,0.5853281,2.898347971166614,3.8682592,56.515151515151516,0.9130434782608695,0.8484848484848485,0.8795811518324607,random,2,0.3,0.3,0.7433333333333333
0.9166666666666666,0.9039636,0.6093749999999999,0.5455511,2.266833096928627,2.803176,59.26262626262626,1.0,0.7474747474747475,0.8554913294797689,gnn,2,0.3,0.3,0.7466666666666667
0.9233333333333333,0.9127348,0.6406250000000001,0.5870568,2.884348721045052,3.860155,56.73737373737374,0.9130434782608695,0.8484848484848485,0.8795811518324607,random,2,0.3,0.3,0.7466666666666667
0.92,0.90496266,0.6250000000000002,0.5502786,2.255037603462955,2.7915874,58.84848484848485,1.0,0.7575757575757576,0.8620689655172413,gnn,2,0.3,0.3,0.75
0.9266666666666666,0.91373426,0.6562499999999999,0.59178627,2.875192128514358,3.8515353,56.42424242424242,0.9139784946236559,0.8585858585858586,0.8854166666666665,random,2,0.3,0.3,0.75
0.9233333333333333,0.9064354,0.6406250000000001,0.5572476,2.1480398056069165,2.7363372,57.83838383838384,1.0,0.7676767676767676,0.8685714285714284,gnn,2,0.3,0.3,0.7533333333333333
0.9333333333333333,0.91501904,0.6875000000000001,0.5978659,2.8274908919681163,3.780616,56.27272727272727,0.9247311827956989,0.8686868686868687,0.8958333333333334,random,2,0.3,0.3,0.7533333333333333
0.9233333333333333,0.9073423,0.6406250000000001,0.56153923,2.148059762274216,2.7255507,57.13131313131313,1.0,0.7676767676767676,0.8685714285714284,gnn,2,0.3,0.3,0.7566666666666667
0.9333333333333333,0.91560835,0.6875000000000001,0.60065454,2.801381818461733,3.7759767,56.35353535353536,0.9247311827956989,0.8686868686868687,0.8958333333333334,random,2,0.3,0.3,0.7566666666666667
0.9233333333333333,0.90834206,0.6406250000000001,0.5662701,2.147702837288553,2.7192779,57.06060606060606,1.0,0.7676767676767676,0.8685714285714284,gnn,2,0.3,0.3,0.76
0.9333333333333333,0.91699374,0.6875000000000001,0.6072103,2.8015707589162133,3.7747676,56.17171717171717,0.9247311827956989,0.8686868686868687,0.8958333333333334,random,2,0.3,0.3,0.76
0.9266666666666666,0.90934104,0.6562499999999999,0.5709973,2.142446643104284,2.713943,56.41414141414141,1.0,0.7777777777777778,0.8750000000000001,gnn,2,0.3,0.3,0.7633333333333333
0.9366666666666666,0.91562164,0.703125,0.6007174,2.7988047704169943,3.775569,55.41414141414141,0.9347826086956522,0.8686868686868687,0.9005235602094241,random,2,0.3,0.3,0.7633333333333333
0.9266666666666666,0.91034096,0.6562499999999999,0.575729,2.1422514520466387,2.6969144,56.17171717171717,1.0,0.7777777777777778,0.8750000000000001,gnn,2,0.3,0.3,0.7666666666666667
0.9366666666666666,0.91692036,0.703125,0.6068631,2.8239175652670783,3.7053256,55.26262626262626,0.9347826086956522,0.8686868686868687,0.9005235602094241,random,2,0.3,0.3,0.7666666666666667
0.93,0.91183734,0.6718750000000003,0.5828099,2.0744394611991996,2.62568,55.888888888888886,1.0,0.7878787878787878,0.8813559322033898,gnn,2,0.3,0.3,0.77
0.9433333333333334,0.918564,0.7343750000000001,0.61464095,2.741796720832351,3.6265414,55.19191919191919,0.9456521739130435,0.8787878787878788,0.9109947643979057,random,2,0.3,0.3,0.77
0.93,0.9128438,0.6718750000000003,0.5875727,2.0758776421087552,2.6132011,55.78787878787879,1.0,0.7878787878787878,0.8813559322033898,gnn,2,0.3,0.3,0.7733333333333333
0.9433333333333334,0.9191516,0.7343750000000001,0.6174214,2.6827988510470435,3.6146305,55.09090909090909,0.9456521739130435,0.8787878787878788,0.9109947643979057,random,2,0.3,0.3,0.7733333333333333
0.9333333333333333,0.913843,0.6875000000000001,0.5923007,2.068778509038091,2.6069577,55.42424242424242,1.0,0.797979797979798,0.8876404494382023,gnn,2,0.3,0.3,0.7766666666666666
0.9466666666666667,0.9203422,0.75,0.6230554,2.5901521248831916,3.5333815,54.95959595959596,0.946236559139785,0.8888888888888888,0.9166666666666667,random,2,0.3,0.3,0.7766666666666666
0.9333333333333333,0.9148427,0.6875000000000001,0.5970316,2.065134731758162,2.5937104,54.717171717171716,1.0,0.797979797979798,0.8876404494382023,gnn,2,0.3,0.3,0.78
0.9466666666666667,0.9208829,0.75,0.62561387,2.56899832620505,3.523645,54.94949494949495,0.946236559139785,0.8888888888888888,0.9166666666666667,random,2,0.3,0.3,0.78
0.9333333333333333,0.9158425,0.6875000000000001,0.6017624,2.0631352447364133,2.589283,55.13131313131313,1.0,0.797979797979798,0.8876404494382023,gnn,2,0.3,0.3,0.7833333333333333
0.9433333333333334,0.92308,0.7343750000000001,0.6360109,2.553261593665675,3.4009094,54.94949494949495,0.9361702127659575,0.8888888888888888,0.9119170984455959,random,2,0.3,0.3,0.7833333333333333
0.9366666666666666,0.9168415,0.703125,0.6064899,2.0510014486982713,2.5754924,54.84848484848485,1.0,0.8080808080808081,0.893854748603352,gnn,2,0.3,0.3,0.7866666666666666
0.9433333333333334,0.9240798,0.7343750000000001,0.64074177,2.55004725441424,3.3699064,54.85858585858586,0.9361702127659575,0.8888888888888888,0.9119170984455959,random,2,0.3,0.3,0.7866666666666666
0.9366666666666666,0.9178412,0.703125,0.6112205,2.036348243835066,2.5617676,54.86868686868687,1.0,0.8080808080808081,0.893854748603352,gnn,2,0.3,0.3,0.79
0.9433333333333334,0.92443216,0.7343750000000001,0.64240927,2.4972588459314395,3.370359,54.525252525252526,0.9361702127659575,0.8888888888888888,0.9119170984455959,random,2,0.3,0.3,0.79
0.9366666666666666,0.91884184,0.703125,0.6159556,2.022766798665416,2.5306292,54.5959595959596,1.0,0.8080808080808081,0.893854748603352,gnn,2,0.3,0.3,0.7933333333333333
0.94,0.92601806,0.7187499999999998,0.6499138,2.518594094795457,3.3426642,54.56565656565657,0.9354838709677419,0.8787878787878788,0.90625,random,2,0.3,0.3,0.7933333333333333
0.9366666666666666,0.91984195,0.703125,0.62068814,2.018601803719536,2.518925,54.45454545454545,1.0,0.8080808080808081,0.893854748603352,gnn,2,0.3,0.3,0.7966666666666666
0.94,0.92601216,0.7187499999999998,0.6498859,2.5481307077039816,3.2529285,54.41414141414141,0.9354838709677419,0.8787878787878788,0.90625,random,2,0.3,0.3,0.7966666666666666
0.9366666666666666,0.92086285,0.703125,0.6255191,2.0082556220886465,2.4883626,54.474747474747474,1.0,0.8080808080808081,0.893854748603352,gnn,2,0.3,0.3,0.8
0.9433333333333334,0.9270117,0.7343750000000001,0.6546159,2.5350779768233664,3.2403862,54.101010101010104,0.9361702127659575,0.8888888888888888,0.9119170984455959,random,2,0.3,0.3,0.8
0.9366666666666666,0.92167014,0.703125,0.6293392,2.006913879013644,2.4833548,53.85858585858586,1.0,0.8080808080808081,0.893854748603352,gnn,2,0.3,0.3,0.8033333333333333
0.9433333333333334,0.9276711,0.7343750000000001,0.65773594,2.4291435550841243,3.2014494,53.93939393939394,0.9361702127659575,0.8888888888888888,0.9119170984455959,random,2,0.3,0.3,0.8033333333333333
0.94,0.9226692,0.7187499999999998,0.6340667,1.9684844874850724,2.4534721,53.60606060606061,1.0,0.8181818181818182,0.9,gnn,2,0.3,0.3,0.8066666666666666
0.9466666666666667,0.93092835,0.75,0.6731495,2.3306049828320994,3.0421474,53.888888888888886,0.9368421052631579,0.898989898989899,0.9175257731958762,random,2,0.3,0.3,0.8066666666666666
0.9433333333333334,0.9236682,0.7343750000000001,0.6387942,1.9057905967036026,2.4050841,53.656565656565654,1.0,0.8282828282828283,0.9060773480662984,gnn,2,0.3,0.3,0.81
0.9466666666666667,0.93154436,0.75,0.67606455,2.329135913588299,3.0314214,53.898989898989896,0.9368421052631579,0.898989898989899,0.9175257731958762,random,2,0.3,0.3,0.81
0.9433333333333334,0.9254002,0.7343750000000001,0.64699006,1.8920082054068685,2.3423717,53.55555555555556,1.0,0.8282828282828283,0.9060773480662984,gnn,2,0.3,0.3,0.8133333333333334
0.9466666666666667,0.9326461,0.75,0.681278,2.3238913296753596,3.0105784,53.72727272727273,0.9368421052631579,0.898989898989899,0.9175257731958762,random,2,0.3,0.3,0.8133333333333334
0.9433333333333334,0.9265075,0.7343750000000001,0.6522297,1.890048968015404,2.3324044,53.58585858585859,1.0,0.8282828282828283,0.9060773480662984,gnn,2,0.3,0.3,0.8166666666666667
0.95,0.93364555,0.7656249999999999,0.68600744,2.3200882645654413,3.0070808,53.505050505050505,0.9375,0.9090909090909091,0.923076923076923,random,2,0.3,0.3,0.8166666666666667
0.9433333333333334,0.9275072,0.7343750000000001,0.6569606,1.889692041253583,2.3261316,53.323232323232325,1.0,0.8282828282828283,0.9060773480662984,gnn,2,0.3,0.3,0.82
0.95,0.9335507,0.7656249999999999,0.6855587,2.3095050226648968,2.90158,53.58585858585859,0.9375,0.9090909090909091,0.923076923076923,random,2,0.3,0.3,0.82
0.9433333333333334,0.9280924,0.7343750000000001,0.6597298,1.8841568347689175,2.3150032,53.37373737373738,1.0,0.8282828282828283,0.9060773480662984,gnn,2,0.3,0.3,0.8233333333333334
0.95,0.9346853,0.7656249999999999,0.69092757,2.289477422484211,2.830757,53.494949494949495,0.9375,0.9090909090909091,0.923076923076923,random,2,0.3,0.3,0.8233333333333334
0.9433333333333334,0.9291917,0.7343750000000001,0.66493165,1.8779165839774516,2.3031313,53.36363636363637,1.0,0.8282828282828283,0.9060773480662984,gnn,2,0.3,0.3,0.8266666666666667
0.9566666666666667,0.9355751,0.796875,0.69513834,2.2910613766512284,2.8118696,53.35353535353536,0.9479166666666666,0.9191919191919192,0.9333333333333333,random,2,0.3,0.3,0.8266666666666667
0.9433333333333334,0.93019146,0.7343750000000001,0.66966254,1.8665156548179402,2.2842736,53.323232323232325,1.0,0.8282828282828283,0.9060773480662984,gnn,2,0.3,0.3,0.83
0.9566666666666667,0.93557537,0.796875,0.69513947,2.291029184704936,2.8117974,53.25252525252525,0.9479166666666666,0.9191919191919192,0.9333333333333333,random,2,0.3,0.3,0.83
0.9466666666666667,0.9311906,0.75,0.67439055,1.857548402029719,2.276236,53.15151515151515,1.0,0.8383838383838383,0.9120879120879121,gnn,2,0.3,0.3,0.8333333333333334
0.96,0.9365748,0.8124999999999999,0.6998689,2.28321472264103,2.8041232,52.97979797979798,0.9484536082474226,0.9292929292929293,0.9387755102040816,random,2,0.3,0.3,0.8333333333333334
0.95,0.93218964,0.7656249999999999,0.67911804,1.85254905648382,2.2718346,53.02020202020202,1.0,0.8484848484848485,0.9180327868852458,gnn,2,0.3,0.3,0.8366666666666667
0.96,0.93718404,0.8124999999999999,0.70275176,2.196128070419389,2.7627242,52.97979797979798,0.9484536082474226,0.9292929292929293,0.9387755102040816,random,2,0.3,0.3,0.8366666666666667
0.95,0.9331894,0.7656249999999999,0.6838489,1.8521657531958802,2.2658353,53.02020202020202,1.0,0.8484848484848485,0.9180327868852458,gnn,2,0.3,0.3,0.84
0.96,0.93778384,0.8124999999999999,0.70559007,2.1884671970952407,2.7402518,52.85858585858586,0.9484536082474226,0.9292929292929293,0.9387755102040816,random,2,0.3,0.3,0.84
0.95,0.93418926,0.7656249999999999,0.68858033,1.8510376825693522,2.2494805,52.81818181818182,1.0,0.8484848484848485,0.9180327868852458,gnn,2,0.3,0.3,0.8433333333333334
0.9633333333333334,0.93732953,0.8281250000000002,0.70344025,2.2181035642623685,2.7894409,52.80808080808081,0.9583333333333334,0.9292929292929293,0.9435897435897437,random,2,0.3,0.3,0.8433333333333334
0.9533333333333334,0.9351883,0.7812500000000002,0.6933078,1.8392421072631289,2.2378922,52.61616161616162,1.0,0.8585858585858586,0.9239130434782609,gnn,2,0.3,0.3,0.8466666666666667
0.9633333333333334,0.9383293,0.8281250000000002,0.7081711,2.21775173485412,2.783197,52.81818181818182,0.9583333333333334,0.9292929292929293,0.9435897435897437,random,2,0.3,0.3,0.8466666666666667
0.9533333333333334,0.9363084,0.7812500000000002,0.6986081,1.8372733640101009,2.232552,52.72727272727273,1.0,0.8585858585858586,0.9239130434782609,gnn,2,0.3,0.3,0.85
0.9666666666666667,0.9390882,0.8437500000000001,0.7117625,2.1978527895643496,2.7620897,52.41414141414141,0.9587628865979382,0.9393939393939394,0.9489795918367346,random,2,0.3,0.3,0.85
0.9533333333333334,0.93730825,0.7812500000000002,0.7033396,1.837174394215322,2.2225814,52.73737373737374,1.0,0.8585858585858586,0.9239130434782609,gnn,2,0.3,0.3,0.8533333333333334
0.9666666666666667,0.94154805,0.8437500000000001,0.7234025,2.265817004216189,2.6577294,52.04040404040404,0.9587628865979382,0.9393939393939394,0.9489795918367346,random,2,0.3,0.3,0.8533333333333334
0.9566666666666667,0.9383073,0.796875,0.708067,1.8313212073282679,2.2163548,52.54545454545455,1.0,0.8686868686868687,0.9297297297297298,gnn,2,0.3,0.3,0.8566666666666667
0.9666666666666667,0.9425478,0.8437500000000001,0.7281333,2.2273677983108437,2.621802,52.04040404040404,0.9587628865979382,0.9393939393939394,0.9489795918367346,random,2,0.3,0.3,0.8566666666666667
0.9566666666666667,0.93930626,0.796875,0.71279424,1.8313229353045297,2.178366,52.333333333333336,1.0,0.8686868686868687,0.9297297297297298,gnn,2,0.3,0.3,0.86
0.97,0.94395953,0.8593749999999999,0.73481375,2.2234062035555073,2.608581,51.84848484848485,0.9591836734693877,0.9494949494949495,0.9543147208121828,random,2,0.3,0.3,0.86
0.9566666666666667,0.9402149,0.796875,0.7170938,1.8322214680589635,2.165592,52.484848484848484,1.0,0.8686868686868687,0.9297297297297298,gnn,2,0.3,0.3,0.8633333333333333
0.9733333333333334,0.9449585,0.8750000000000002,0.73954093,2.025800216657163,2.5237434,51.686868686868685,0.9595959595959596,0.9595959595959596,0.9595959595959596,random,2,0.3,0.3,0.8633333333333333
0.96,0.9412139,0.8124999999999999,0.7218213,1.8237555043649467,2.1577609,52.343434343434346,1.0,0.8787878787878788,0.9354838709677419,gnn,2,0.3,0.3,0.8666666666666667
0.9733333333333334,0.94571006,0.8750000000000002,0.74309736,2.011454670709823,2.4738953,51.656565656565654,0.9595959595959596,0.9595959595959596,0.9595959595959596,random,2,0.3,0.3,0.8666666666666667
0.96,0.9422138,0.8124999999999999,0.7265527,1.82263975482419,2.141347,52.16161616161616,1.0,0.8787878787878788,0.9354838709677419,gnn,2,0.3,0.3,0.87
0.9733333333333334,0.94626606,0.8750000000000002,0.7457283,2.010645186169684,2.4639914,51.58585858585859,0.9595959595959596,0.9595959595959596,0.9595959595959596,random,2,0.3,0.3,0.87
0.9633333333333334,0.9432128,0.8281250000000002,0.7312802,1.7689511685111294,2.10327,51.98989898989899,1.0,0.8888888888888888,0.9411764705882353,gnn,2,0.3,0.3,0.8733333333333333
0.9733333333333334,0.94626737,0.8750000000000002,0.7457345,2.0106168035957355,2.4627192,51.58585858585859,0.9595959595959596,0.9595959595959596,0.9595959595959596,random,2,0.3,0.3,0.8733333333333333
0.9633333333333334,0.94421256,0.8281250000000002,0.7360111,1.7679348925584577,2.0978348,52.0,1.0,0.8888888888888888,0.9411764705882353,gnn,2,0.3,0.3,0.8766666666666667
0.9733333333333334,0.9488465,0.8750000000000002,0.7579392,1.9939821948773688,2.3470037,51.535353535353536,0.9595959595959596,0.9595959595959596,0.9595959595959596,random,2,0.3,0.3,0.8766666666666667
0.9633333333333334,0.94530344,0.8281250000000002,0.7411732,1.7600704738083466,2.0820951,51.72727272727273,1.0,0.8888888888888888,0.9411764705882353,gnn,2,0.3,0.3,0.88
0.9733333333333334,0.95028776,0.8750000000000002,0.76475924,1.9939820341470544,2.3381083,51.505050505050505,0.9595959595959596,0.9595959595959596,0.9595959595959596,random,2,0.3,0.3,0.88
0.9633333333333334,0.9463033,0.8281250000000002,0.7459046,1.7599022275144338,2.0776758,51.707070707070706,1.0,0.8888888888888888,0.9411764705882353,gnn,2,0.3,0.3,0.8833333333333333
0.9733333333333334,0.9512876,0.8750000000000002,0.76949066,1.9938831305180928,2.3281372,51.505050505050505,0.9595959595959596,0.9595959595959596,0.9595959595959596,random,2,0.3,0.3,0.8833333333333333
0.9633333333333334,0.94730306,0.8281250000000002,0.75063545,1.7586478927565687,2.0642345,51.717171717171716,1.0,0.8888888888888888,0.9411764705882353,gnn,2,0.3,0.3,0.8866666666666667
0.9766666666666667,0.95228666,0.8906250000000001,0.77421814,1.9748973740092284,2.3147237,51.27272727272727,0.96,0.9696969696969697,0.964824120603015,random,2,0.3,0.3,0.8866666666666667
0.9633333333333334,0.94839567,0.8281250000000002,0.7558058,1.758098133658306,2.045938,51.60606060606061,1.0,0.8888888888888888,0.9411764705882353,gnn,2,0.3,0.3,0.89
0.98,0.95328575,0.9062499999999999,0.77894586,1.9692517987081297,2.309421,51.13131313131313,0.9603960396039604,0.9797979797979798,0.9700000000000001,random,2,0.3,0.3,0.89
0.9633333333333334,0.9493954,0.8281250000000002,0.7605366,1.7552042689644778,2.042439,51.62626262626262,1.0,0.8888888888888888,0.9411764705882353,gnn,2,0.3,0.3,0.8933333333333333
0.98,0.9542855,0.9062499999999999,0.78367674,1.9692516895152055,2.296372,51.13131313131313,0.9603960396039604,0.9797979797979798,0.9700000000000001,random,2,0.3,0.3,0.8933333333333333
0.9666666666666667,0.9503945,0.8437500000000001,0.7652644,1.7460200524075387,2.0337837,51.42424242424242,1.0,0.898989898989899,0.9468085106382979,gnn,2,0.3,0.3,0.8966666666666666
0.98,0.95527864,0.9062499999999999,0.7883763,1.9649079046178246,2.2823863,51.13131313131313,0.9603960396039604,0.9797979797979798,0.9700000000000001,random,2,0.3,0.3,0.8966666666666666
0.9666666666666667,0.95139426,0.8437500000000001,0.7699952,1.7459917894573744,2.019978,51.333333333333336,1.0,0.898989898989899,0.9468085106382979,gnn,2,0.3,0.3,0.9
0.98,0.956693,0.9062499999999999,0.7950691,1.9430801085002114,2.2126653,51.111111111111114,0.9603960396039604,0.9797979797979798,0.9700000000000001,random,2,0.3,0.3,0.9
0.97,0.9523934,0.8593749999999999,0.7747233,1.74034608045462,2.0146759,51.13131313131313,1.0,0.9090909090909091,0.9523809523809523,gnn,2,0.3,0.3,0.9033333333333333
0.98,0.95769346,0.9062499999999999,0.7998034,1.940368478714371,2.1872673,51.101010101010104,0.9603960396039604,0.9797979797979798,0.9700000000000001,random,2,0.3,0.3,0.9033333333333333
0.97,0.952812,0.8593749999999999,0.77670413,1.7370394377089429,1.987651,51.13131313131313,1.0,0.9090909090909091,0.9523809523809523,gnn,2,0.3,0.3,0.9066666666666666
0.98,0.95890826,0.9062499999999999,0.8055519,1.9397023749296378,2.1738622,51.101010101010104,0.9603960396039604,0.9797979797979798,0.9700000000000001,random,2,0.3,0.3,0.9066666666666666
0.97,0.95381176,0.8593749999999999,0.781435,1.735620774872181,1.9672619,51.01010101010101,1.0,0.9090909090909091,0.9523809523809523,gnn,2,0.3,0.3,0.91
0.9833333333333333,0.9591565,0.9218749999999998,0.8067266,1.936819788152133,2.1293821,51.08080808080808,0.97,0.9797979797979798,0.9748743718592964,random,2,0.3,0.3,0.91
0.97,0.9548115,0.8593749999999999,0.78616583,1.7287830892627687,1.9383957,51.02020202020202,1.0,0.9090909090909091,0.9523809523809523,gnn,2,0.3,0.3,0.9133333333333333
0.9833333333333333,0.96035576,0.9218749999999998,0.8124015,1.923962089571824,2.0609617,51.06060606060606,0.97,0.9797979797979798,0.9748743718592964,random,2,0.3,0.3,0.9133333333333333
0.9733333333333334,0.95581055,0.8750000000000002,0.7908933,1.7097973326971054,1.9249823,50.84848484848485,1.0,0.9191919191919192,0.9578947368421054,gnn,2,0.3,0.3,0.9166666666666666
0.9866666666666667,0.9618152,0.9375000000000001,0.81930757,1.7774381106543116,1.9643455,50.98989898989899,0.9702970297029703,0.98989898989899,0.98,random,2,0.3,0.3,0.9166666666666666
0.9733333333333334,0.9568103,0.8750000000000002,0.7956242,1.6668857544122895,1.8283081,50.898989898989896,1.0,0.9191919191919192,0.9578947368421054,gnn,2,0.3,0.3,0.92
0.9866666666666667,0.9629026,0.9375000000000001,0.8244533,1.7558368299065645,1.8727254,50.98989898989899,0.9702970297029703,0.98989898989899,0.98,random,2,0.3,0.3,0.92
0.9733333333333334,0.95781004,0.8750000000000002,0.8003551,1.666870304352498,1.8248075,50.7979797979798,1.0,0.9191919191919192,0.9578947368421054,gnn,2,0.3,0.3,0.9233333333333333
0.9866666666666667,0.9633572,0.9375000000000001,0.8266045,1.6392616455192042,1.8469886,50.98989898989899,0.9702970297029703,0.98989898989899,0.98,random,2,0.3,0.3,0.9233333333333333
0.9733333333333334,0.9588098,0.8750000000000002,0.8050859,1.666517950468747,1.8185632,50.76767676767677,1.0,0.9191919191919192,0.9578947368421054,gnn,2,0.3,0.3,0.9266666666666666
0.9866666666666667,0.96418333,0.9375000000000001,0.8305138,1.6363174767611506,1.8408442,50.97979797979798,0.9702970297029703,0.98989898989899,0.98,random,2,0.3,0.3,0.9266666666666666
0.9733333333333334,0.959803,0.8750000000000002,0.8097857,1.6621741985734664,1.8045776,50.76767676767677,1.0,0.9191919191919192,0.9578947368421054,gnn,2,0.3,0.3,0.93
0.9866666666666667,0.9651005,0.9375000000000001,0.83485395,1.5919528052534757,1.7878158,50.96969696969697,0.9702970297029703,0.98989898989899,0.98,random,2,0.3,0.3,0.93
0.9733333333333334,0.96030855,0.8750000000000002,0.81217813,1.6022486945249015,1.7771549,50.64646464646464,1.0,0.9191919191919192,0.9578947368421054,gnn,2,0.3,0.3,0.9333333333333333
0.9866666666666667,0.9659788,0.9375000000000001,0.83901,1.593414699730085,1.7345423,50.96969696969697,0.9702970297029703,0.98989898989899,0.98,random,2,0.3,0.3,0.9333333333333333
0.9733333333333334,0.96081084,0.8750000000000002,0.814555,1.602098939147602,1.7749997,50.64646464646464,1.0,0.9191919191919192,0.9578947368421054,gnn,2,0.3,0.3,0.9366666666666666
0.9866666666666667,0.96697855,0.9375000000000001,0.8437409,1.5934107339283858,1.7189213,50.96969696969697,0.9702970297029703,0.98989898989899,0.98,random,2,0.3,0.3,0.9366666666666666
0.9766666666666667,0.96168953,0.8906250000000001,0.81871295,1.5928688344356727,1.7666054,50.494949494949495,1.0,0.9292929292929293,0.9633507853403142,gnn,2,0.3,0.3,0.94
0.9866666666666667,0.9679783,0.9375000000000001,0.8484717,1.5933943021005739,1.70172,50.95959595959596,0.9702970297029703,0.98989898989899,0.98,random,2,0.3,0.3,0.94
0.9766666666666667,0.96268934,0.8906250000000001,0.8234441,1.578279437666364,1.7527918,50.464646464646464,1.0,0.9292929292929293,0.9633507853403142,gnn,2,0.3,0.3,0.9433333333333334
0.99,0.96897745,0.953125,0.8531998,1.5812605070638874,1.687929,50.86868686868687,0.9705882352941176,1.0,0.9850746268656716,random,2,0.3,0.3,0.9433333333333334
0.98,0.9636884,0.9062499999999999,0.8281716,1.569826898266048,1.7449894,50.45454545454545,1.0,0.9393939393939394,0.96875,gnn,2,0.3,0.3,0.9466666666666667
0.99,0.9699782,0.953125,0.8579354,1.5779289907667937,1.673232,50.86868686868687,0.9705882352941176,1.0,0.9850746268656716,random,2,0.3,0.3,0.9466666666666667
0.9833333333333333,0.9646875,0.9218749999999998,0.83289963,1.5559283211776416,1.732508,50.464646464646464,1.0,0.9494949494949495,0.9740932642487047,gnn,2,0.3,0.3,0.95
0.99,0.97056335,0.953125,0.8607043,1.576364371725687,1.6635398,50.86868686868687,0.9705882352941176,1.0,0.9850746268656716,random,2,0.3,0.3,0.95
0.9833333333333333,0.9656873,0.9218749999999998,0.8376305,1.5536255037569273,1.72252,50.43434343434343,1.0,0.9494949494949495,0.9740932642487047,gnn,2,0.3,0.3,0.9533333333333334
0.9933333333333333,0.9704368,0.9687499999999998,0.8601055,1.552001423887032,1.673474,50.84848484848485,0.9801980198019802,1.0,0.99,random,2,0.3,0.3,0.9533333333333334
0.9833333333333333,0.96581584,0.9218749999999998,0.8382389,1.5224079401086075,1.7148023,50.43434343434343,1.0,0.9494949494949495,0.9740932642487047,gnn,2,0.3,0.3,0.9566666666666667
0.9933333333333333,0.970437,0.9687499999999998,0.86010635,1.5520014232994979,1.6734595,50.84848484848485,0.9801980198019802,1.0,0.99,random,2,0.3,0.3,0.9566666666666667
0.9833333333333333,0.9668166,0.9218749999999998,0.84297454,1.5190764238115144,1.7001052,50.35353535353536,1.0,0.9494949494949495,0.9740932642487047,gnn,2,0.3,0.3,0.96
0.9933333333333333,0.97182465,0.9687499999999998,0.8666728,1.5518800907373462,1.6566015,50.84848484848485,0.9801980198019802,1.0,0.99,random,2,0.3,0.3,0.96
0.9833333333333333,0.9682903,0.9218749999999998,0.8499483,1.5143066496201296,1.6744757,50.36363636363637,1.0,0.9494949494949495,0.9740932642487047,gnn,2,0.3,0.3,0.9633333333333334
0.9933333333333333,0.9728244,0.9687499999999998,0.8714037,1.548986228417813,1.6531024,50.84848484848485,0.9801980198019802,1.0,0.99,random,2,0.3,0.3,0.9633333333333334
0.9866666666666667,0.9692894,0.9375000000000001,0.854676,1.4978130688581868,1.6632112,50.2020202020202,1.0,0.9595959595959596,0.979381443298969,gnn,2,0.3,0.3,0.9666666666666667
0.9933333333333333,0.97282696,0.9687499999999998,0.8714158,1.5489861869096826,1.6530551,50.84848484848485,0.9801980198019802,1.0,0.99,random,2,0.3,0.3,0.9666666666666667
0.9866666666666667,0.97028923,0.9375000000000001,0.8594072,1.4967730766649128,1.6566634,50.19191919191919,1.0,0.9595959595959596,0.979381443298969,gnn,2,0.3,0.3,0.97
0.9933333333333333,0.9728274,0.9687499999999998,0.8714178,1.5489862563351493,1.6530117,50.83838383838384,0.9801980198019802,1.0,0.99,random,2,0.3,0.3,0.97
0.99,0.97128826,0.953125,0.86413467,1.4772284042781516,1.6402692,50.14141414141414,1.0,0.9696969696969697,0.9846153846153847,gnn,2,0.3,0.3,0.9733333333333334
0.9966666666666667,0.9724438,0.9843750000000001,0.8696028,1.542501966857522,1.6840739,50.83838383838384,0.99,1.0,0.9949748743718593,random,2,0.3,0.3,0.9733333333333334
0.9933333333333333,0.9722873,0.9687499999999998,0.86886215,1.4654327951657349,1.6286812,50.09090909090909,1.0,0.9797979797979798,0.989795918367347,gnn,2,0.3,0.3,0.9766666666666667
0.9966666666666667,0.9734942,0.9843750000000001,0.8745731,1.5143583847863786,1.6285646,50.83838383838384,0.99,1.0,0.9949748743718593,random,2,0.3,0.3,0.9766666666666667
0.9966666666666667,0.9734579,0.9843750000000001,0.87440133,1.45908503721151,1.6186478,50.05050505050505,1.0,0.98989898989899,0.9949238578680203,gnn,2,0.3,0.3,0.98
0.9966666666666667,0.97445935,0.9843750000000001,0.8791404,1.5057896156890171,1.6182324,50.83838383838384,0.99,1.0,0.9949748743718593,random,2,0.3,0.3,0.98
0.9966666666666667,0.9744576,0.9843750000000001,0.8791322,1.4590686053836979,1.6014464,50.08080808080808,1.0,0.98989898989899,0.9949238578680203,gnn,2,0.3,0.3,0.9833333333333333
0.9966666666666667,0.9756542,0.9843750000000001,0.8847944,1.5051705361469538,1.5974345,50.83838383838384,0.99,1.0,0.9949748743718593,random,2,0.3,0.3,0.9833333333333333
0.9966666666666667,0.97545767,0.9843750000000001,0.88386446,1.4586092525330718,1.5945306,50.06060606060606,1.0,0.98989898989899,0.9949238578680203,gnn,2,0.3,0.3,0.9866666666666667
0.9966666666666667,0.9762772,0.9843750000000001,0.8877424,1.4957847218231377,1.5765862,50.83838383838384,0.99,1.0,0.9949748743718593,random,2,0.3,0.3,0.9866666666666667
0.9966666666666667,0.9764574,0.9843750000000001,0.88859534,1.4557153792893913,1.5910316,50.06060606060606,1.0,0.98989898989899,0.9949238578680203,gnn,2,0.3,0.3,0.99
0.9966666666666667,0.9772769,0.9843750000000001,0.8924733,1.4811315317847307,1.5628616,50.83838383838384,0.99,1.0,0.9949748743718593,random,2,0.3,0.3,0.99
0.9966666666666667,0.97730064,0.9843750000000001,0.8925855,1.4522930999531358,1.5800986,50.04040404040404,1.0,0.98989898989899,0.9949238578680203,gnn,2,0.3,0.3,0.9933333333333333
0.9966666666666667,0.9787506,0.9843750000000001,0.8994467,1.476361757593345,1.5372319,50.83838383838384,0.99,1.0,0.9949748743718593,random,2,0.3,0.3,0.9933333333333333
1.0,0.9782997,1.0,0.897313,1.4404974893457239,1.5685107,50.0,1.0,1.0,1.0,gnn,2,0.3,0.3,0.9966666666666667
0.9966666666666667,0.9797504,0.9843750000000001,0.90417784,1.4763462336325321,1.5337313,50.83838383838384,0.99,1.0,0.9949748743718593,random,2,0.3,0.3,0.9966666666666667
1.0,0.9792994,1.0,0.9020439,1.4372852034808785,1.5375057,50.0,1.0,1.0,1.0,gnn,2,0.3,0.3,1.0
1.0,0.9792994,1.0,0.9020439,1.4372852034808785,1.5375057,50.0,1.0,1.0,1.0,random,2,0.3,0.3,1.0
0.74,0.7007487,-0.2580645161290323,-0.42316407,15.10243859251887,20.189486,149.06410256410257,0.0,0.0,0.0,gnn,3,0.3,0.3,0.0033333333333333335
0.7433333333333333,0.700004,-0.24193548387096797,-0.42670566,15.025738078519693,20.097017,150.62820512820514,1.0,0.01282051282051282,0.02531645569620253,random,3,0.3,0.3,0.0033333333333333335
0.7433333333333333,0.70174825,-0.24193548387096797,-0.41841036,14.953532609601307,20.052183,149.82051282051282,1.0,0.01282051282051282,0.02531645569620253,gnn,3,0.3,0.3,0.006666666666666667
0.7433333333333333,0.7007261,-0.24193548387096797,-0.42327148,14.967225544588297,19.984238,153.26923076923077,1.0,0.01282051282051282,0.02531645569620253,random,3,0.3,0.3,0.006666666666666667
0.7433333333333333,0.70144296,-0.24193548387096797,-0.41986227,14.902833017872668,19.9962,148.5897435897436,1.0,0.01282051282051282,0.02531645569620253,gnn,3,0.3,0.3,0.01
0.7466666666666667,0.7027242,-0.22580645161290308,-0.4137689,14.589252596584405,19.558245,137.48717948717947,1.0,0.02564102564102564,0.05,random,3,0.3,0.3,0.01
0.7433333333333333,0.7021651,-0.24193548387096797,-0.4164278,14.844320464984749,19.88342,147.05128205128204,1.0,0.01282051282051282,0.02531645569620253,gnn,3,0.3,0.3,0.013333333333333334
0.75,0.7037237,-0.20967741935483872,-0.40901548,14.473268574426331,19.434654,139.3846153846154,1.0,0.038461538461538464,0.07407407407407407,random,3,0.3,0.3,0.013333333333333334
0.7433333333333333,0.703165,-0.24193548387096797,-0.41167268,14.836469823000831,19.795244,147.0,1.0,0.01282051282051282,0.02531645569620253,gnn,3,0.3,0.3,0.016666666666666666
0.7533333333333333,0.70284945,-0.19354838709677435,-0.41317335,14.312374523068083,19.368292,145.42307692307693,0.8333333333333334,0.0641025641025641,0.11904761904761904,random,3,0.3,0.3,0.016666666666666666
0.7433333333333333,0.70416486,-0.24193548387096797,-0.40691757,14.82956006230429,19.703669,145.80769230769232,1.0,0.01282051282051282,0.02531645569620253,gnn,3,0.3,0.3,0.02
0.7533333333333333,0.70357156,-0.19354838709677435,-0.40973917,14.280815068676008,19.274923,140.97435897435898,0.8333333333333334,0.0641025641025641,0.11904761904761904,random,3,0.3,0.3,0.02
0.7433333333333333,0.7051648,-0.24193548387096797,-0.40216216,14.814635724407232,19.651999,145.53846153846155,1.0,0.01282051282051282,0.02531645569620253,gnn,3,0.3,0.3,0.023333333333333334
0.75,0.7055683,-0.20967741935483872,-0.4002431,14.231418253483083,18.846325,140.7948717948718,0.7142857142857143,0.0641025641025641,0.1176470588235294,random,3,0.3,0.3,0.023333333333333334
0.7466666666666667,0.70616436,-0.22580645161290308,-0.39740846,14.679898428277545,19.50903,142.30769230769232,1.0,0.02564102564102564,0.05,gnn,3,0.3,0.3,0.02666666666666667
0.75,0.70635456,-0.20967741935483872,-0.39650393,14.04409745170422,18.767094,133.06410256410257,0.8,0.05128205128205128,0.09638554216867469,random,3,0.3,0.3,0.02666666666666667
0.7466666666666667,0.7071642,-0.22580645161290308,-0.39265335,14.661098024303113,19.4592,141.84615384615384,1.0,0.02564102564102564,0.05,gnn,3,0.3,0.3,0.03
0.7466666666666667,0.70566684,-0.22580645161290308,-0.39977452,13.889680811814518,18.672832,136.35897435897436,0.6666666666666666,0.05128205128205128,0.09523809523809523,random,3,0.3,0.3,0.03
0.7466666666666667,0.70687574,-0.22580645161290308,-0.3940253,14.543676438651973,19.409233,134.14102564102564,1.0,0.02564102564102564,0.05,gnn,3,0.3,0.3,0.03333333333333333
0.7466666666666667,0.70638895,-0.22580645161290308,-0.39634037,13.799017359051946,18.56638,142.96153846153845,0.6666666666666666,0.05128205128205128,0.09523809523809523,random,3,0.3,0.3,0.03333333333333333
0.7466666666666667,0.7075979,-0.22580645161290308,-0.39059085,14.548982201193663,19.319897,140.15384615384616,1.0,0.02564102564102564,0.05,gnn,3,0.3,0.3,0.03666666666666667
0.75,0.7073885,-0.20967741935483872,-0.39158666,13.768415598571009,18.52652,137.9102564102564,0.7142857142857143,0.0641025641025641,0.1176470588235294,random,3,0.3,0.3,0.03666666666666667
0.7466666666666667,0.70858693,-0.22580645161290308,-0.38588732,14.598254280278722,19.19751,135.97435897435898,1.0,0.02564102564102564,0.05,gnn,3,0.3,0.3,0.04
0.7533333333333333,0.7083881,-0.19354838709677435,-0.38683295,13.640156824245775,18.384733,135.2051282051282,0.75,0.07692307692307693,0.13953488372093026,random,3,0.3,0.3,0.04
0.7466666666666667,0.7096687,-0.22580645161290308,-0.3807427,14.578197512076986,19.124603,133.80769230769232,1.0,0.02564102564102564,0.05,gnn,3,0.3,0.3,0.043333333333333335
0.7533333333333333,0.7080028,-0.19354838709677435,-0.38866526,13.56855539767382,18.236992,138.69230769230768,0.75,0.07692307692307693,0.13953488372093026,random,3,0.3,0.3,0.043333333333333335
0.7433333333333333,0.71029323,-0.24193548387096797,-0.37777257,14.424389439930849,19.000837,139.10256410256412,0.6666666666666666,0.02564102564102564,0.04938271604938271,gnn,3,0.3,0.3,0.04666666666666667
0.7566666666666667,0.7090023,-0.17741935483870946,-0.38391185,13.421919444437924,18.053545,130.5897435897436,0.7777777777777778,0.08974358974358974,0.16091954022988506,random,3,0.3,0.3,0.04666666666666667
0.7433333333333333,0.7110553,-0.24193548387096797,-0.37414846,14.31755269681638,18.922989,137.82051282051282,0.6666666666666666,0.02564102564102564,0.04938271604938271,gnn,3,0.3,0.3,0.05
0.76,0.7100019,-0.16129032258064513,-0.37915814,13.086389939159114,17.76279,137.03846153846155,0.8,0.10256410256410256,0.18181818181818182,random,3,0.3,0.3,0.05
0.7466666666666667,0.7116576,-0.22580645161290308,-0.37128407,14.362556119319777,18.898825,134.76923076923077,1.0,0.02564102564102564,0.05,gnn,3,0.3,0.3,0.05333333333333334
0.76,0.710724,-0.16129032258064513,-0.37572396,13.09170566901653,17.673428,136.4102564102564,0.8,0.10256410256410256,0.18181818181818182,random,3,0.3,0.3,0.05333333333333334
0.7466666666666667,0.71248394,-0.22580645161290308,-0.3673541,14.339088318681876,18.786848,136.64102564102564,1.0,0.02564102564102564,0.05,gnn,3,0.3,0.3,0.056666666666666664
0.7633333333333333,0.7127235,-0.14516129032258077,-0.36621487,12.7469034134334,17.347849,137.53846153846155,0.8181818181818182,0.11538461538461539,0.20224719101123595,random,3,0.3,0.3,0.056666666666666664
0.7466666666666667,0.71328247,-0.22580645161290308,-0.36355653,14.279402025661785,18.700674,135.10256410256412,1.0,0.02564102564102564,0.05,gnn,3,0.3,0.3,0.06
0.7633333333333333,0.71350175,-0.14516129032258077,-0.36251366,12.722837523635613,17.326,139.7051282051282,0.8181818181818182,0.11538461538461539,0.20224719101123595,random,3,0.3,0.3,0.06
0.7466666666666667,0.71428233,-0.22580645161290308,-0.3588014,14.23836872713656,18.616888,128.5,1.0,0.02564102564102564,0.05,gnn,3,0.3,0.3,0.06333333333333334
0.7633333333333333,0.7133685,-0.14516129032258077,-0.3631475,12.578921132485458,17.277487,135.71794871794873,0.8181818181818182,0.11538461538461539,0.20224719101123595,random,3,0.3,0.3,0.06333333333333334
0.7466666666666667,0.715062,-0.22580645161290308,-0.35509342,14.170504933587939,18.541487,128.93589743589743,1.0,0.02564102564102564,0.05,gnn,3,0.3,0.3,0.06666666666666667
0.7633333333333333,0.7142979,-0.14516129032258077,-0.35872743,12.502821723800947,17.267057,132.64102564102564,0.8181818181818182,0.11538461538461539,0.20224719101123595,random,3,0.3,0.3,0.06666666666666667
0.7466666666666667,0.71606183,-0.22580645161290308,-0.35033858,14.168539997744817,18.531752,130.51282051282053,1.0,0.02564102564102564,0.05,gnn,3,0.3,0.3,0.07
0.76,0.71629596,-0.16129032258064513,-0.34922513,12.374408077816069,16.784967,128.94871794871796,0.75,0.11538461538461539,0.19999999999999998,random,3,0.3,0.3,0.07
0.75,0.71764076,-0.20967741935483872,-0.34282959,14.0166747808724,18.31089,129.23076923076923,1.0,0.038461538461538464,0.07407407407407407,gnn,3,0.3,0.3,0.07333333333333333
0.76,0.71831805,-0.16129032258064513,-0.33960858,12.444197710106982,16.784874,126.07692307692308,0.75,0.11538461538461539,0.19999999999999998,random,3,0.3,0.3,0.07333333333333333
0.7533333333333333,0.71864027,-0.19354838709677435,-0.33807617,14.003428480802661,18.239584,132.25641025641025,1.0,0.05128205128205128,0.09756097560975609,gnn,3,0.3,0.3,0.07666666666666666
0.76,0.71908003,-0.16129032258064513,-0.33598477,12.336039519666196,16.707848,121.15384615384616,0.75,0.11538461538461539,0.19999999999999998,random,3,0.3,0.3,0.07666666666666666
0.7533333333333333,0.71924114,-0.19354838709677435,-0.33521855,14.002274186829855,18.219679,127.84615384615384,1.0,0.05128205128205128,0.09756097560975609,gnn,3,0.3,0.3,0.08
0.7633333333333333,0.72007954,-0.14516129032258077,-0.33123136,12.300718811332118,16.660152,120.92307692307692,0.7692307692307693,0.1282051282051282,0.21978021978021975,random,3,0.3,0.3,0.08
0.75,0.7190609,-0.20967741935483872,-0.33607575,13.976950391167607,18.141996,130.75641025641025,0.8,0.05128205128205128,0.09638554216867469,gnn,3,0.3,0.3,0.08333333333333333
0.7633333333333333,0.72073835,-0.14516129032258077,-0.3280982,12.209819432802089,16.585331,128.7948717948718,0.7692307692307693,0.1282051282051282,0.21978021978021975,random,3,0.3,0.3,0.08333333333333333
0.7533333333333333,0.7200604,-0.19354838709677435,-0.33132234,13.823227063688828,17.912321,125.92307692307692,0.8333333333333334,0.0641025641025641,0.11904761904761904,gnn,3,0.3,0.3,0.08666666666666667
0.7633333333333333,0.72146046,-0.14516129032258077,-0.32466403,12.218624353275,16.51644,128.94871794871796,0.7692307692307693,0.1282051282051282,0.21978021978021975,random,3,0.3,0.3,0.08666666666666667
0.7533333333333333,0.7207826,-0.19354838709677435,-0.3278879,13.722078162285746,17.810396,127.71794871794872,0.8333333333333334,0.0641025641025641,0.11904761904761904,gnn,3,0.3,0.3,0.09
0.7566666666666667,0.72126585,-0.17741935483870946,-0.32558954,12.134204586542642,16.43924,129.47435897435898,0.6666666666666666,0.1282051282051282,0.2150537634408602,random,3,0.3,0.3,0.09
0.7533333333333333,0.72178245,-0.19354838709677435,-0.32313275,13.701118258663518,17.69687,126.84615384615384,0.8333333333333334,0.0641025641025641,0.11904761904761904,gnn,3,0.3,0.3,0.09333333333333334
0.7566666666666667,0.72153527,-0.17741935483870946,-0.32430828,12.084142328314275,16.36194,132.84615384615384,0.6666666666666666,0.1282051282051282,0.2150537634408602,random,3,0.3,0.3,0.09333333333333334
0.7566666666666667,0.72278196,-0.17741935483870946,-0.31837934,13.59880352617423,17.557455,123.0,0.8571428571428571,0.07692307692307693,0.1411764705882353,gnn,3,0.3,0.3,0.09666666666666666
0.76,0.7225348,-0.16129032258064513,-0.31955487,11.9195780742933,16.204641,130.82051282051282,0.6875,0.14102564102564102,0.2340425531914894,random,3,0.3,0.3,0.09666666666666666
0.7566666666666667,0.7235041,-0.17741935483870946,-0.3149449,13.518177153655182,17.46629,121.32051282051282,0.8571428571428571,0.07692307692307693,0.1411764705882353,gnn,3,0.3,0.3,0.1
0.76,0.72325695,-0.16129032258064513,-0.31612042,11.85271951622621,16.117159,127.94871794871794,0.6875,0.14102564102564102,0.2340425531914894,random,3,0.3,0.3,0.1
0.76,0.7245037,-0.16129032258064513,-0.31019118,13.450441103459104,17.390856,129.02564102564102,0.875,0.08974358974358974,0.1627906976744186,gnn,3,0.3,0.3,0.10333333333333333
0.7566666666666667,0.7268987,-0.17741935483870946,-0.298801,11.853305933813306,15.864513,133.2051282051282,0.6470588235294118,0.14102564102564102,0.23157894736842105,random,3,0.3,0.3,0.10333333333333333
0.7633333333333333,0.7255032,-0.14516129032258077,-0.30543777,13.273775076546473,17.254955,122.67948717948718,0.8888888888888888,0.10256410256410256,0.1839080459770115,gnn,3,0.3,0.3,0.10666666666666667
0.7533333333333333,0.7275932,-0.19354838709677435,-0.29549834,11.687120876225574,15.622784,129.2948717948718,0.6111111111111112,0.14102564102564102,0.22916666666666669,random,3,0.3,0.3,0.10666666666666667
0.7666666666666667,0.7265027,-0.12903225806451588,-0.30068433,13.267575943467946,17.214895,116.96153846153847,0.9,0.11538461538461539,0.20454545454545456,gnn,3,0.3,0.3,0.11
0.7566666666666667,0.72672254,-0.17741935483870946,-0.29963893,11.572611118271906,15.5639515,123.73076923076923,0.6190476190476191,0.16666666666666666,0.2626262626262626,random,3,0.3,0.3,0.11
0.7666666666666667,0.7271196,-0.12903225806451588,-0.29775047,13.195046583079689,17.17907,118.42307692307692,0.9,0.11538461538461539,0.20454545454545456,gnn,3,0.3,0.3,0.11333333333333333
0.7566666666666667,0.72868156,-0.17741935483870946,-0.29032227,11.461006927992173,15.491289,121.15384615384616,0.6190476190476191,0.16666666666666666,0.2626262626262626,random,3,0.3,0.3,0.11333333333333333
0.7666666666666667,0.7278418,-0.12903225806451588,-0.29431602,13.166851620205934,17.096716,121.8974358974359,0.9,0.11538461538461539,0.20454545454545456,gnn,3,0.3,0.3,0.11666666666666667
0.7566666666666667,0.72940373,-0.17741935483870946,-0.28688782,11.359241217325842,15.399172,121.14102564102564,0.6190476190476191,0.16666666666666666,0.2626262626262626,random,3,0.3,0.3,0.11666666666666667
0.7666666666666667,0.72884166,-0.12903225806451588,-0.2895609,13.16650729658542,17.061262,122.26923076923077,0.9,0.11538461538461539,0.20454545454545456,gnn,3,0.3,0.3,0.12
0.76,0.73040324,-0.16129032258064513,-0.2821344,11.277517224935005,15.286522,119.66666666666667,0.6363636363636364,0.1794871794871795,0.28,random,3,0.3,0.3,0.12
0.77,0.72984123,-0.11290322580645154,-0.2848072,13.018994161177474,16.936377,119.53846153846153,0.9090909090909091,0.1282051282051282,0.22471910112359544,gnn,3,0.3,0.3,0.12333333333333334
0.76,0.731086,-0.16129032258064513,-0.27888733,11.236877567739368,15.200241,120.08974358974359,0.6363636363636364,0.1794871794871795,0.28,random,3,0.3,0.3,0.12333333333333334
0.7733333333333333,0.7312237,-0.09677419354838718,-0.2782325,12.846345005283407,16.761908,114.56410256410257,0.9166666666666666,0.14102564102564102,0.2444444444444444,gnn,3,0.3,0.3,0.12666666666666668
0.76,0.7320859,-0.16129032258064513,-0.2741322,11.195530254105112,15.122254,123.44871794871794,0.6363636363636364,0.1794871794871795,0.28,random,3,0.3,0.3,0.12666666666666668
0.7733333333333333,0.73184454,-0.09677419354838718,-0.27527994,12.747049036142663,16.731937,109.94871794871794,0.9166666666666666,0.14102564102564102,0.2444444444444444,gnn,3,0.3,0.3,0.13
0.76,0.7324779,-0.16129032258064513,-0.27226785,11.125827834198422,15.070586,120.8076923076923,0.6363636363636364,0.1794871794871795,0.28,random,3,0.3,0.3,0.13
0.7766666666666666,0.73322326,-0.08064516129032283,-0.26872313,12.491971804567166,16.427555,113.47435897435898,0.9230769230769231,0.15384615384615385,0.2637362637362637,gnn,3,0.3,0.3,0.13333333333333333
0.7633333333333333,0.7334775,-0.14516129032258077,-0.26751414,11.12012681368153,15.034527,123.05128205128206,0.6521739130434783,0.19230769230769232,0.297029702970297,random,3,0.3,0.3,0.13333333333333333
0.78,0.73422277,-0.06451612903225794,-0.26396972,12.358685844506082,16.169815,115.94871794871794,0.9285714285714286,0.16666666666666666,0.2826086956521739,gnn,3,0.3,0.3,0.13666666666666666
0.7666666666666667,0.73447496,-0.12903225806451588,-0.26277035,11.091127438281582,14.998066,116.62820512820512,0.6666666666666666,0.20512820512820512,0.31372549019607837,random,3,0.3,0.3,0.13666666666666666
0.78,0.73494494,-0.06451612903225794,-0.26053524,12.231034391581506,16.051523,112.26923076923077,0.9285714285714286,0.16666666666666666,0.2826086956521739,gnn,3,0.3,0.3,0.14
0.7666666666666667,0.73559266,-0.12903225806451588,-0.25745484,11.11369570356084,14.975342,111.17948717948718,0.6666666666666666,0.20512820512820512,0.31372549019607837,random,3,0.3,0.3,0.14
0.78,0.7359448,-0.06451612903225794,-0.25578013,12.208916259033659,15.928114,114.15384615384616,0.9285714285714286,0.16666666666666666,0.2826086956521739,gnn,3,0.3,0.3,0.14333333333333334
0.77,0.7375917,-0.11290322580645154,-0.247948,10.78656104454671,14.674144,115.88461538461539,0.68,0.21794871794871795,0.3300970873786408,random,3,0.3,0.3,0.14333333333333334
0.7833333333333333,0.7369443,-0.04838709677419359,-0.25102672,12.070570553676268,15.800477,112.57692307692308,0.9333333333333333,0.1794871794871795,0.3010752688172043,gnn,3,0.3,0.3,0.14666666666666667
0.77,0.7383138,-0.11290322580645154,-0.24451382,10.70439382624469,14.620594,114.98717948717949,0.68,0.21794871794871795,0.3300970873786408,random,3,0.3,0.3,0.14666666666666667
0.7866666666666666,0.7385133,-0.03225806451612924,-0.24356507,11.969908258586365,15.653744,108.11538461538461,0.9375,0.19230769230769232,0.3191489361702128,gnn,3,0.3,0.3,0.15
0.7733333333333333,0.73979443,-0.09677419354838718,-0.23747228,10.512651827732766,14.464144,114.78205128205128,0.6923076923076923,0.23076923076923078,0.34615384615384615,random,3,0.3,0.3,0.15
0.7866666666666666,0.73979616,-0.03225806451612924,-0.23746406,11.959212024982367,15.643968,107.74358974358974,0.9375,0.19230769230769232,0.3191489361702128,gnn,3,0.3,0.3,0.15333333333333332
0.7733333333333333,0.73941255,-0.09677419354838718,-0.23928843,10.359986145268607,14.367867,114.98717948717949,0.6785714285714286,0.24358974358974358,0.3584905660377358,random,3,0.3,0.3,0.15333333333333332
0.7866666666666666,0.7405183,-0.03225806451612924,-0.23402989,11.85356417780438,15.553524,112.1923076923077,0.9375,0.19230769230769232,0.3191489361702128,gnn,3,0.3,0.3,0.15666666666666668
0.7766666666666666,0.7404121,-0.08064516129032283,-0.23453473,10.29584178812758,14.288965,114.16666666666667,0.6896551724137931,0.2564102564102564,0.37383177570093457,random,3,0.3,0.3,0.15666666666666668
0.79,0.7415178,-0.016129032258064353,-0.22927646,11.675732543108035,15.3736105,106.66666666666667,0.9411764705882353,0.20512820512820512,0.3368421052631579,gnn,3,0.3,0.3,0.16
0.7766666666666666,0.74113464,-0.08064516129032283,-0.23109858,10.215683471630067,14.193672,110.98717948717949,0.6896551724137931,0.2564102564102564,0.37383177570093457,random,3,0.3,0.3,0.16
0.79,0.7425376,-0.016129032258064353,-0.22442637,11.669763228082232,15.313628,107.56410256410257,0.9411764705882353,0.20512820512820512,0.3368421052631579,gnn,3,0.3,0.3,0.16333333333333333
0.78,0.7421339,-0.06451612903225794,-0.22634628,10.206554472646598,14.182642,107.21794871794872,0.7,0.2692307692307692,0.3888888888888889,random,3,0.3,0.3,0.16333333333333333
0.79,0.7435376,-0.016129032258064353,-0.2196707,11.67054658831205,15.278067,112.14102564102564,0.9411764705882353,0.20512820512820512,0.3368421052631579,gnn,3,0.3,0.3,0.16666666666666666
0.78,0.7429138,-0.06451612903225794,-0.22263743,10.13855708074688,14.106576,107.34615384615384,0.7,0.2692307692307692,0.3888888888888889,random,3,0.3,0.3,0.16666666666666666
0.7933333333333333,0.7445372,0.0,-0.21491699,11.334633687206347,14.990122,112.21794871794872,0.9444444444444444,0.21794871794871795,0.35416666666666674,gnn,3,0.3,0.3,0.17
0.78,0.7436359,-0.06451612903225794,-0.21920326,10.056943387079855,14.052594,109.44871794871794,0.7,0.2692307692307692,0.3888888888888889,random,3,0.3,0.3,0.17
0.7933333333333333,0.74553734,0.0,-0.21016045,11.332047603997248,14.949048,115.14102564102564,0.9444444444444444,0.21794871794871795,0.35416666666666674,gnn,3,0.3,0.3,0.17333333333333334
0.7833333333333333,0.74485695,-0.04838709677419359,-0.2133962,10.03851968215563,14.013004,110.26923076923077,0.7096774193548387,0.28205128205128205,0.40366972477064217,random,3,0.3,0.3,0.17333333333333334
0.7966666666666666,0.74653685,0.016129032258064353,-0.20540704,10.982696630917193,14.6677885,108.14102564102564,0.9473684210526315,0.23076923076923078,0.37113402061855677,gnn,3,0.3,0.3,0.17666666666666667
0.7833333333333333,0.74544466,-0.04838709677419359,-0.21060124,10.056596021748485,13.993766,109.67948717948718,0.7096774193548387,0.28205128205128205,0.40366972477064217,random,3,0.3,0.3,0.17666666666666667
0.7966666666666666,0.74753714,0.016129032258064353,-0.20064993,10.981010264362324,14.643672,105.3974358974359,0.9473684210526315,0.23076923076923078,0.37113402061855677,gnn,3,0.3,0.3,0.18
0.7833333333333333,0.7461667,-0.04838709677419359,-0.20716734,9.985140398632725,13.930439,108.46153846153847,0.7096774193548387,0.28205128205128205,0.40366972477064217,random,3,0.3,0.3,0.18
0.7966666666666666,0.7482593,0.016129032258064353,-0.19721547,10.9081034688557,14.558369,105.74358974358974,0.9473684210526315,0.23076923076923078,0.37113402061855677,gnn,3,0.3,0.3,0.18333333333333332
0.7833333333333333,0.7471666,-0.04838709677419359,-0.20241223,10.011095644726032,13.864127,106.76923076923077,0.7096774193548387,0.28205128205128205,0.40366972477064217,random,3,0.3,0.3,0.18333333333333332
0.7933333333333333,0.7491285,0.0,-0.1930817,10.91417146477148,14.443958,107.2948717948718,0.9,0.23076923076923078,0.3673469387755102,gnn,3,0.3,0.3,0.18666666666666668
0.78,0.74743855,-0.06451612903225794,-0.20111878,10.004918444717015,13.81531,104.75641025641026,0.6875,0.28205128205128205,0.4,random,3,0.3,0.3,0.18666666666666668
0.7966666666666666,0.750259,0.016129032258064353,-0.18770552,10.861574167200605,14.408581,108.52564102564102,0.9473684210526315,0.23076923076923078,0.37113402061855677,gnn,3,0.3,0.3,0.19
0.78,0.751063,-0.06451612903225794,-0.18388185,10.07614554266818,13.673844,107.44871794871794,0.6875,0.28205128205128205,0.4,random,3,0.3,0.3,0.19
0.7966666666666666,0.75098115,0.016129032258064353,-0.18427105,10.895486017716026,14.310284,103.14102564102564,0.9473684210526315,0.23076923076923078,0.37113402061855677,gnn,3,0.3,0.3,0.19333333333333333
0.78,0.7521724,-0.06451612903225794,-0.17860572,10.054085268649855,13.594548,101.38461538461539,0.6875,0.28205128205128205,0.4,random,3,0.3,0.3,0.19333333333333333
0.7966666666666666,0.7521987,0.016129032258064353,-0.17848071,10.870257624523738,14.285315,101.55128205128206,0.9473684210526315,0.23076923076923078,0.37113402061855677,gnn,3,0.3,0.3,0.19666666666666666
0.78,0.75468993,-0.06451612903225794,-0.16663302,10.07877937451422,13.568616,100.38461538461539,0.6875,0.28205128205128205,0.4,random,3,0.3,0.3,0.19666666666666666
0.7966666666666666,0.7534904,0.016129032258064353,-0.17233776,10.838927686957382,14.227458,102.83333333333333,0.9473684210526315,0.23076923076923078,0.37113402061855677,gnn,3,0.3,0.3,0.2
0.78,0.7556899,-0.06451612903225794,-0.16187733,10.068887076072885,13.488507,106.1923076923077,0.6875,0.28205128205128205,0.4,random,3,0.3,0.3,0.2
0.8,0.75448996,0.03225806451612924,-0.16758405,10.805656320790145,14.188774,102.74358974358974,0.95,0.24358974358974358,0.3877551020408163,gnn,3,0.3,0.3,0.20333333333333334
0.78,0.756412,-0.06451612903225794,-0.15844317,10.002625293228064,13.398894,105.3076923076923,0.6875,0.28205128205128205,0.4,random,3,0.3,0.3,0.20333333333333334
0.8,0.75521207,0.03225806451612924,-0.16414988,10.811079367978515,14.076159,106.6025641025641,0.95,0.24358974358974358,0.3877551020408163,gnn,3,0.3,0.3,0.20666666666666667
0.78,0.7569774,-0.06451612903225794,-0.1557545,9.746473865066545,13.296875,107.08974358974359,0.6764705882352942,0.2948717948717949,0.4107142857142857,random,3,0.3,0.3,0.20666666666666667
0.8,0.75629926,0.03225806451612924,-0.15897948,10.892941481782815,13.98491,104.93589743589743,0.95,0.24358974358974358,0.3877551020408163,gnn,3,0.3,0.3,0.21
0.7833333333333333,0.75886595,-0.04838709677419359,-0.14677292,9.690214939225102,13.189707,96.83333333333333,0.696969696969697,0.2948717948717949,0.4144144144144144,random,3,0.3,0.3,0.21
0.8,0.75729907,0.03225806451612924,-0.15422465,10.887922523604646,13.91263,100.74358974358974,0.95,0.24358974358974358,0.3877551020408163,gnn,3,0.3,0.3,0.21333333333333335
0.7833333333333333,0.75969106,-0.04838709677419359,-0.14284892,9.68785474204184,13.178125,96.98717948717949,0.696969696969697,0.2948717948717949,0.4144144144144144,random,3,0.3,0.3,0.21333333333333335
0.8033333333333333,0.75829864,0.04838709677419359,-0.14947094,10.71067997721384,13.711888,96.74358974358974,0.9523809523809523,0.2564102564102564,0.40404040404040403,gnn,3,0.3,0.3,0.21666666666666667
0.7866666666666666,0.7606908,-0.03225806451612924,-0.13809437,9.578956670476943,13.0793915,97.16666666666667,0.7058823529411765,0.3076923076923077,0.42857142857142866,random,3,0.3,0.3,0.21666666666666667
0.8033333333333333,0.75929856,0.04838709677419359,-0.14471553,10.702150350442864,13.664742,98.24358974358974,0.9523809523809523,0.2564102564102564,0.40404040404040403,gnn,3,0.3,0.3,0.22
0.7866666666666666,0.761413,-0.03225806451612924,-0.13465992,9.498491871256626,12.973159,97.07692307692308,0.7058823529411765,0.3076923076923077,0.42857142857142866,random,3,0.3,0.3,0.22
0.8066666666666666,0.76029813,0.06451612903225794,-0.13996184,10.610882717402001,13.571425,97.03846153846153,0.9545454545454546,0.2692307692307692,0.42,gnn,3,0.3,0.3,0.22333333333333333
0.7866666666666666,0.76330036,-0.03225806451612924,-0.125684,9.500993501040867,12.900651,99.43589743589743,0.7058823529411765,0.3076923076923077,0.42857142857142866,random,3,0.3,0.3,0.22333333333333333
0.8066666666666666,0.761298,0.06451612903225794,-0.13520671,10.610159059347986,13.504525,96.16666666666667,0.9545454545454546,0.2692307692307692,0.42,gnn,3,0.3,0.3,0.22666666666666666
0.7866666666666666,0.7627164,-0.03225806451612924,-0.12846111,9.359344849866245,12.870101,101.73076923076923,0.7058823529411765,0.3076923076923077,0.42857142857142866,random,3,0.3,0.3,0.22666666666666666
0.8066666666666666,0.7634365,0.06451612903225794,-0.12503657,10.6668869844646,13.472235,90.94871794871794,0.9545454545454546,0.2692307692307692,0.42,gnn,3,0.3,0.3,0.23
0.7866666666666666,0.7637164,-0.03225806451612924,-0.12370542,9.338506855102573,12.749818,101.2051282051282,0.7058823529411765,0.3076923076923077,0.42857142857142866,random,3,0.3,0.3,0.23
0.8066666666666666,0.7641586,0.06451612903225794,-0.12160239,10.614518912326536,13.387406,90.57692307692308,0.9545454545454546,0.2692307692307692,0.42,gnn,3,0.3,0.3,0.23333333333333334
0.7866666666666666,0.76443857,-0.03225806451612924,-0.12027096,9.267240721467715,12.688202,100.3076923076923,0.7058823529411765,0.3076923076923077,0.42857142857142866,random,3,0.3,0.3,0.23333333333333334
0.81,0.7651582,0.08064516129032283,-0.11684869,10.56591318037699,13.343073,91.35897435897436,0.9565217391304348,0.28205128205128205,0.43564356435643564,gnn,3,0.3,0.3,0.23666666666666666
0.7866666666666666,0.76493967,-0.03225806451612924,-0.11788787,9.269874837076351,12.612357,101.8974358974359,0.7058823529411765,0.3076923076923077,0.42857142857142866,random,3,0.3,0.3,0.23666666666666666
0.81,0.7658803,0.08064516129032283,-0.11341451,10.48159855153636,13.285359,89.08974358974359,0.9565217391304348,0.28205128205128205,0.43564356435643564,gnn,3,0.3,0.3,0.24
0.7866666666666666,0.76641905,-0.03225806451612924,-0.11085228,9.23669029158886,12.572945,98.76923076923077,0.7058823529411765,0.3076923076923077,0.42857142857142866,random,3,0.3,0.3,0.24
0.81,0.7667113,0.08064516129032283,-0.10946245,10.463218151248299,13.250305,87.7948717948718,0.9565217391304348,0.28205128205128205,0.43564356435643564,gnn,3,0.3,0.3,0.24333333333333335
0.79,0.7674188,-0.016129032258064353,-0.10609772,9.108875405693635,12.449905,98.35897435897436,0.7142857142857143,0.32051282051282054,0.4424778761061947,random,3,0.3,0.3,0.24333333333333335
0.81,0.76743543,0.08064516129032283,-0.10601863,10.432396697675856,13.157704,90.3974358974359,0.9565217391304348,0.28205128205128205,0.43564356435643564,gnn,3,0.3,0.3,0.24666666666666667
0.7866666666666666,0.7695901,-0.03225806451612924,-0.09577167,9.406570067801075,12.119137,94.57692307692308,0.6944444444444444,0.32051282051282054,0.43859649122807026,random,3,0.3,0.3,0.24666666666666667
0.81,0.7682671,0.08064516129032283,-0.102063455,10.434065003648048,13.144305,87.84615384615384,0.9565217391304348,0.28205128205128205,0.43564356435643564,gnn,3,0.3,0.3,0.25
0.79,0.7705899,-0.016129032258064353,-0.09101684,9.365155260930447,12.073239,93.84615384615384,0.7027027027027027,0.3333333333333333,0.4521739130434782,random,3,0.3,0.3,0.25
0.81,0.76898915,0.08064516129032283,-0.098629564,10.324329687164006,13.050111,88.53846153846153,0.9565217391304348,0.28205128205128205,0.43564356435643564,gnn,3,0.3,0.3,0.25333333333333335
0.7866666666666666,0.77230924,-0.03225806451612924,-0.08284001,9.270321146041688,11.851242,97.26923076923077,0.6842105263157895,0.3333333333333333,0.44827586206896547,random,3,0.3,0.3,0.25333333333333335
0.8133333333333334,0.7699968,0.09677419354838718,-0.093837306,10.150673470215997,12.915619,86.3076923076923,0.9583333333333334,0.2948717948717949,0.45098039215686275,gnn,3,0.3,0.3,0.25666666666666665
0.79,0.773309,-0.016129032258064353,-0.07808546,9.26502277769413,11.845416,95.74358974358974,0.6923076923076923,0.34615384615384615,0.46153846153846156,random,3,0.3,0.3,0.25666666666666665
0.8133333333333334,0.7709782,0.09677419354838718,-0.08917006,10.128842249259533,12.881013,86.96153846153847,0.9583333333333334,0.2948717948717949,0.45098039215686275,gnn,3,0.3,0.3,0.26
0.7933333333333333,0.7743088,0.0,-0.07333062,9.215262678720773,11.787291,92.43589743589743,0.7,0.358974358974359,0.4745762711864407,random,3,0.3,0.3,0.26
0.8133333333333334,0.7717004,0.09677419354838718,-0.085735604,10.118113217047389,12.79359,91.3076923076923,0.9583333333333334,0.2948717948717949,0.45098039215686275,gnn,3,0.3,0.3,0.2633333333333333
0.7933333333333333,0.775772,0.0,-0.06637213,9.248855659726596,11.786294,94.64102564102564,0.7,0.358974358974359,0.4745762711864407,random,3,0.3,0.3,0.2633333333333333
0.8133333333333334,0.7716056,0.09677419354838718,-0.08618631,10.194168017242568,12.611375,91.16666666666667,0.9583333333333334,0.2948717948717949,0.45098039215686275,gnn,3,0.3,0.3,0.26666666666666666
0.7966666666666666,0.7767718,0.016129032258064353,-0.061617292,9.209743785041374,11.742918,93.32051282051282,0.7073170731707317,0.3717948717948718,0.48739495798319327,random,3,0.3,0.3,0.26666666666666666
0.8133333333333334,0.7723278,0.09677419354838718,-0.082751855,10.197265445558553,12.5500145,91.85897435897436,0.9583333333333334,0.2948717948717949,0.45098039215686275,gnn,3,0.3,0.3,0.27
0.7933333333333333,0.7786412,0.0,-0.052726705,8.892822656500543,11.461565,94.35897435897436,0.6904761904761905,0.3717948717948718,0.4833333333333334,random,3,0.3,0.3,0.27
0.8133333333333334,0.77392036,0.09677419354838718,-0.07517796,10.176817074805983,12.5221,92.6923076923077,0.9583333333333334,0.2948717948717949,0.45098039215686275,gnn,3,0.3,0.3,0.2733333333333333
0.7933333333333333,0.7793749,0.0,-0.049237538,8.915660266702107,11.36069,90.57692307692308,0.6904761904761905,0.3717948717948718,0.4833333333333334,random,3,0.3,0.3,0.2733333333333333
0.8133333333333334,0.7748902,0.09677419354838718,-0.07056571,10.181479932484425,12.507034,90.76923076923077,0.9583333333333334,0.2948717948717949,0.45098039215686275,gnn,3,0.3,0.3,0.27666666666666667
0.7966666666666666,0.78037465,0.016129032258064353,-0.044482984,8.71005416886157,11.205774,88.94871794871794,0.6976744186046512,0.38461538461538464,0.49586776859504134,random,3,0.3,0.3,0.27666666666666667
0.8133333333333334,0.77534753,0.09677419354838718,-0.06839068,10.106247858295447,12.440522,90.71794871794872,0.9583333333333334,0.2948717948717949,0.45098039215686275,gnn,3,0.3,0.3,0.28
0.8,0.78274465,0.03225806451612924,-0.03321186,8.740978041615271,11.140302,89.41025641025641,0.7045454545454546,0.3974358974358974,0.5081967213114754,random,3,0.3,0.3,0.28
0.8133333333333334,0.77579993,0.09677419354838718,-0.066239186,10.157211608237901,12.341113,94.97435897435898,0.9583333333333334,0.2948717948717949,0.45098039215686275,gnn,3,0.3,0.3,0.2833333333333333
0.7966666666666666,0.7818689,0.016129032258064353,-0.037376806,8.709319439364414,11.105938,89.75641025641026,0.6808510638297872,0.41025641025641024,0.512,random,3,0.3,0.3,0.2833333333333333
0.8133333333333334,0.77854,0.09677419354838718,-0.053208027,10.151843215762336,12.27936,93.28205128205128,0.9583333333333334,0.2948717948717949,0.45098039215686275,gnn,3,0.3,0.3,0.2866666666666667
0.7933333333333333,0.78535694,0.0,-0.020788452,8.655442836730083,10.89481,90.01282051282051,0.6666666666666666,0.41025641025641024,0.5079365079365079,random,3,0.3,0.3,0.2866666666666667
0.8133333333333334,0.7784727,0.09677419354838718,-0.05352806,9.94278298357408,12.217399,92.26923076923077,0.9583333333333334,0.2948717948717949,0.45098039215686275,gnn,3,0.3,0.3,0.29
0.7933333333333333,0.7861235,0.0,-0.017142812,8.593183274745636,10.833282,90.48717948717949,0.6666666666666666,0.41025641025641024,0.5079365079365079,random,3,0.3,0.3,0.29
0.8133333333333334,0.7794241,0.09677419354838718,-0.04900368,9.945571402688174,12.1251135,89.02564102564102,0.9583333333333334,0.2948717948717949,0.45098039215686275,gnn,3,0.3,0.3,0.29333333333333333
0.7933333333333333,0.78843445,0.0,-0.0061526014,8.599814354937255,10.7664385,88.8974358974359,0.6666666666666666,0.41025641025641024,0.5079365079365079,random,3,0.3,0.3,0.29333333333333333
0.8066666666666666,0.77983373,0.06451612903225794,-0.047055427,10.0340375145036,12.036849,94.3974358974359,0.8846153846153846,0.2948717948717949,0.4423076923076923,gnn,3,0.3,0.3,0.2966666666666667
0.7933333333333333,0.78899324,0.0,-0.00349512,8.510013566758026,10.73735,88.37179487179488,0.66,0.4230769230769231,0.515625,random,3,0.3,0.3,0.2966666666666667
0.8066666666666666,0.7806948,0.06451612903225794,-0.042960495,10.015757376122899,11.955631,89.66666666666667,0.8846153846153846,0.2948717948717949,0.4423076923076923,gnn,3,0.3,0.3,0.3
0.7933333333333333,0.78972816,0.0,0.0,8.496735575845362,10.730416,87.51282051282051,0.66,0.4230769230769231,0.515625,random,3,0.3,0.3,0.3
0.8133333333333334,0.7841621,0.09677419354838718,-0.026470784,9.668120894533503,11.924028,91.73076923076923,0.9583333333333334,0.2948717948717949,0.45098039215686275,gnn,3,0.3,0.3,0.30333333333333334
0.7933333333333333,0.79077375,0.0,0.004972538,8.50135066223121,10.664762,87.3076923076923,0.66,0.4230769230769231,0.515625,random,3,0.3,0.3,0.30333333333333334
0.8133333333333334,0.7850231,0.09677419354838718,-0.022376137,9.641530068912427,11.801393,92.7051282051282,0.9583333333333334,0.2948717948717949,0.45098039215686275,gnn,3,0.3,0.3,0.30666666666666664
0.7933333333333333,0.79240125,0.0,0.012712542,8.498777060538545,10.586462,88.15384615384616,0.66,0.4230769230769231,0.515625,random,3,0.3,0.3,0.30666666666666664
0.8133333333333334,0.78588885,0.09677419354838718,-0.018258812,9.503459465157542,11.704162,91.42307692307692,0.9583333333333334,0.2948717948717949,0.45098039215686275,gnn,3,0.3,0.3,0.31
0.7866666666666666,0.79219574,-0.03225806451612924,0.011735155,8.504029544811013,10.510953,86.65384615384616,0.6346153846153846,0.4230769230769231,0.5076923076923076,random,3,0.3,0.3,0.31
0.8133333333333334,0.7867638,0.09677419354838718,-0.014097834,9.458859358530232,11.624722,90.85897435897436,0.9583333333333334,0.2948717948717949,0.45098039215686275,gnn,3,0.3,0.3,0.31333333333333335
0.7866666666666666,0.7940033,-0.03225806451612924,0.020331506,8.490532688744802,10.479365,85.7948717948718,0.6346153846153846,0.4230769230769231,0.5076923076923076,random,3,0.3,0.3,0.31333333333333335
0.8166666666666667,0.7890847,0.11290322580645154,-0.003060285,9.350888681263386,11.408555,90.0,0.96,0.3076923076923077,0.4660194174757282,gnn,3,0.3,0.3,0.31666666666666665
0.7866666666666666,0.7957087,-0.03225806451612924,0.028442,8.300229059101106,10.292955,86.12820512820512,0.6346153846153846,0.4230769230769231,0.5076923076923076,random,3,0.3,0.3,0.31666666666666665
0.8166666666666667,0.7898523,0.11290322580645154,0.000590457,9.29660720712903,11.323422,91.08974358974359,0.96,0.3076923076923077,0.4660194174757282,gnn,3,0.3,0.3,0.32
0.79,0.79667705,-0.016129032258064353,0.033047166,8.15231868323991,10.188846,82.28205128205128,0.6415094339622641,0.4358974358974359,0.5190839694656488,random,3,0.3,0.3,0.32
0.8166666666666667,0.79057425,0.11290322580645154,0.0040237815,9.315670655288326,11.235239,91.61538461538461,0.96,0.3076923076923077,0.4660194174757282,gnn,3,0.3,0.3,0.3233333333333333
0.79,0.79739916,-0.016129032258064353,0.03648134,8.075706852464567,10.108631,82.14102564102564,0.6415094339622641,0.4358974358974359,0.5190839694656488,random,3,0.3,0.3,0.3233333333333333
0.8166666666666667,0.79129636,0.11290322580645154,0.0074579567,9.22326371779704,11.169787,88.85897435897436,0.96,0.3076923076923077,0.4660194174757282,gnn,3,0.3,0.3,0.32666666666666666
0.79,0.79802936,-0.016129032258064353,0.039478414,8.066051718510934,10.066982,83.97435897435898,0.6415094339622641,0.4358974358974359,0.5190839694656488,random,3,0.3,0.3,0.32666666666666666
0.8166666666666667,0.7920185,0.11290322580645154,0.010892131,9.143279489013855,11.096302,88.01282051282051,0.96,0.3076923076923077,0.4660194174757282,gnn,3,0.3,0.3,0.33
0.79,0.79902935,-0.016129032258064353,0.0442341,8.066031580180184,10.059443,82.67948717948718,0.6415094339622641,0.4358974358974359,0.5190839694656488,random,3,0.3,0.3,0.33
0.8166666666666667,0.7927397,0.11290322580645154,0.014322055,9.10428375247337,11.029509,90.37179487179488,0.96,0.3076923076923077,0.4660194174757282,gnn,3,0.3,0.3,0.3333333333333333
0.78,0.7990887,-0.06451612903225794,0.044516433,7.858510742744844,9.831997,84.08974358974359,0.6071428571428571,0.4358974358974359,0.5074626865671643,random,3,0.3,0.3,0.3333333333333333
0.8166666666666667,0.79346323,0.11290322580645154,0.017763032,9.057610781214468,10.924449,91.23076923076923,0.96,0.3076923076923077,0.4660194174757282,gnn,3,0.3,0.3,0.33666666666666667
0.78,0.8031486,-0.06451612903225794,0.06382435,7.816512110449453,9.674863,82.47435897435898,0.6071428571428571,0.4358974358974359,0.5074626865671643,random,3,0.3,0.3,0.33666666666666667
0.8166666666666667,0.7941854,0.11290322580645154,0.02119749,8.939792205405029,10.835121,89.24358974358974,0.96,0.3076923076923077,0.4660194174757282,gnn,3,0.3,0.3,0.34
0.7766666666666666,0.8043758,-0.08064516129032283,0.069660604,7.920980904701893,9.464565,81.41025641025641,0.5964912280701754,0.4358974358974359,0.5037037037037038,random,3,0.3,0.3,0.34
0.8166666666666667,0.7949095,0.11290322580645154,0.02464102,8.882809675540903,10.7307,91.56410256410257,0.96,0.3076923076923077,0.4660194174757282,gnn,3,0.3,0.3,0.3433333333333333
0.78,0.80409986,-0.06451612903225794,0.06834816,8.044373227637546,9.584822,82.8076923076923,0.6071428571428571,0.4358974358974359,0.5074626865671643,random,3,0.3,0.3,0.3433333333333333
0.8166666666666667,0.7956316,0.11290322580645154,0.028075196,8.85411740897167,10.661042,91.74358974358974,0.96,0.3076923076923077,0.4660194174757282,gnn,3,0.3,0.3,0.3466666666666667
0.78,0.8049641,-0.06451612903225794,0.0724584,7.903816644939012,9.46756,84.26923076923077,0.6071428571428571,0.4358974358974359,0.5074626865671643,random,3,0.3,0.3,0.3466666666666667
0.82,0.79663116,0.12903225806451588,0.032828897,8.503466391427452,10.359373,87.53846153846153,0.9615384615384616,0.32051282051282054,0.4807692307692308,gnn,3,0.3,0.3,0.35
0.7833333333333333,0.80596405,-0.04838709677419359,0.0772138,7.65946753379334,9.251105,84.1025641025641,0.6140350877192983,0.44871794871794873,0.5185185185185186,random,3,0.3,0.3,0.35
0.82,0.7973533,0.12903225806451588,0.036263358,8.4702754625523,10.275082,85.97435897435898,0.9615384615384616,0.32051282051282054,0.4807692307692308,gnn,3,0.3,0.3,0.35333333333333333
0.7866666666666666,0.8069636,-0.03225806451612924,0.0819675,7.625394759743552,9.207688,82.58974358974359,0.6206896551724138,0.46153846153846156,0.5294117647058824,random,3,0.3,0.3,0.35333333333333333
0.82,0.7980716,0.12903225806451588,0.03967939,8.520020964177428,10.222314,85.32051282051282,0.9615384615384616,0.32051282051282054,0.4807692307692308,gnn,3,0.3,0.3,0.3566666666666667
0.79,0.8054723,-0.016129032258064353,0.07487522,7.629303948612851,9.225381,81.08974358974359,0.631578947368421,0.46153846153846156,0.5333333333333333,random,3,0.3,0.3,0.3566666666666667
0.82,0.7992626,0.12903225806451588,0.0453433,8.494058660449191,10.173095,83.62820512820512,0.9615384615384616,0.32051282051282054,0.4807692307692308,gnn,3,0.3,0.3,0.36
0.79,0.80599004,-0.016129032258064353,0.07733739,7.62065593388318,9.180745,81.44871794871794,0.631578947368421,0.46153846153846156,0.5333333333333333,random,3,0.3,0.3,0.36
0.82,0.79998475,0.12903225806451588,0.048777755,8.524801176014353,10.095639,87.25641025641026,0.9615384615384616,0.32051282051282054,0.4807692307692308,gnn,3,0.3,0.3,0.36333333333333334
0.7933333333333333,0.8076755,0.0,0.08535293,7.648525393962657,9.130202,82.66666666666667,0.6428571428571429,0.46153846153846156,0.537313432835821,random,3,0.3,0.3,0.36333333333333334
0.82,0.80070686,0.12903225806451588,0.052211933,8.44223605602826,10.002959,87.32051282051282,0.9615384615384616,0.32051282051282054,0.4807692307692308,gnn,3,0.3,0.3,0.36666666666666664
0.7933333333333333,0.8083961,0.0,0.088780016,7.607837093963832,9.063909,81.11538461538461,0.6428571428571429,0.46153846153846156,0.537313432835821,random,3,0.3,0.3,0.36666666666666664
0.8133333333333334,0.8012989,0.09677419354838718,0.055027585,8.321237614818745,9.8653145,86.56410256410257,0.8928571428571429,0.32051282051282054,0.4716981132075472,gnn,3,0.3,0.3,0.37
0.79,0.8104114,-0.016129032258064353,0.09836424,7.261947038285587,8.738601,80.41025641025641,0.631578947368421,0.46153846153846156,0.5333333333333333,random,3,0.3,0.3,0.37
0.8166666666666667,0.8022985,0.11290322580645154,0.05978129,8.124842215158361,9.69885,86.23076923076923,0.896551724137931,0.3333333333333333,0.48598130841121495,gnn,3,0.3,0.3,0.37333333333333335
0.79,0.813002,-0.016129032258064353,0.11068446,7.188993707486303,8.564066,80.47435897435898,0.631578947368421,0.46153846153846156,0.5333333333333333,random,3,0.3,0.3,0.37333333333333335
0.8166666666666667,0.80302066,0.11290322580645154,0.06321575,8.031059322009964,9.611257,84.91025641025641,0.896551724137931,0.3333333333333333,0.48598130841121495,gnn,3,0.3,0.3,0.37666666666666665
0.7933333333333333,0.8141153,0.0,0.115979016,7.222450117900544,8.570264,80.35897435897436,0.6379310344827587,0.47435897435897434,0.5441176470588236,random,3,0.3,0.3,0.37666666666666665
0.82,0.80423033,0.12903225806451588,0.06896866,8.044854628113045,9.54901,85.43589743589743,0.9285714285714286,0.3333333333333333,0.4905660377358491,gnn,3,0.3,0.3,0.38
0.7966666666666666,0.8151576,0.016129032258064353,0.12093597,7.290240808881774,8.552831,79.1025641025641,0.6491228070175439,0.47435897435897434,0.5481481481481483,random,3,0.3,0.3,0.38
0.82,0.8043222,0.12903225806451588,0.06940548,8.059522591478576,9.461058,88.03846153846153,0.9285714285714286,0.3333333333333333,0.4905660377358491,gnn,3,0.3,0.3,0.38333333333333336
0.8,0.81623095,0.03225806451612924,0.1260406,6.937285291249063,8.263534,78.23076923076923,0.6551724137931034,0.48717948717948717,0.5588235294117647,random,3,0.3,0.3,0.38333333333333336
0.82,0.8050443,0.12903225806451588,0.07283966,7.966382896569549,9.382039,86.35897435897436,0.9285714285714286,0.3333333333333333,0.4905660377358491,gnn,3,0.3,0.3,0.38666666666666666
0.8,0.81723094,0.03225806451612924,0.13079628,6.909561250805353,8.207245,78.37179487179488,0.6551724137931034,0.48717948717948717,0.5588235294117647,random,3,0.3,0.3,0.38666666666666666
0.82,0.80544555,0.12903225806451588,0.07474794,7.966358998201344,9.361972,86.14102564102564,0.9285714285714286,0.3333333333333333,0.4905660377358491,gnn,3,0.3,0.3,0.39
0.8033333333333333,0.81823087,0.04838709677419359,0.13555169,6.900464092627877,8.196643,76.97435897435898,0.6610169491525424,0.5,0.5693430656934306,random,3,0.3,0.3,0.39
0.82,0.80630654,0.12903225806451588,0.07884259,7.964317284065725,9.328825,85.71794871794872,0.9285714285714286,0.3333333333333333,0.4905660377358491,gnn,3,0.3,0.3,0.3933333333333333
0.8033333333333333,0.8212009,0.04838709677419359,0.14967646,6.822581312644226,8.053722,77.41025641025641,0.6666666666666666,0.48717948717948717,0.5629629629629629,random,3,0.3,0.3,0.3933333333333333
0.82,0.80702865,0.12903225806451588,0.08227677,7.976330518368743,9.261238,85.3974358974359,0.9285714285714286,0.3333333333333333,0.4905660377358491,gnn,3,0.3,0.3,0.39666666666666667
0.8066666666666666,0.82217914,0.06451612903225794,0.15432867,6.697387028579865,8.02672,76.26923076923077,0.6785714285714286,0.48717948717948717,0.5671641791044776,random,3,0.3,0.3,0.39666666666666667
0.8233333333333334,0.80802816,0.14516129032258077,0.08703019,7.666632644343064,9.061377,81.55128205128206,0.9310344827586207,0.34615384615384615,0.5046728971962617,gnn,3,0.3,0.3,0.4
0.81,0.82371,0.08064516129032283,0.16160919,6.68350242182926,7.9633193,76.0,0.6842105263157895,0.5,0.5777777777777778,random,3,0.3,0.3,0.4
0.8266666666666667,0.80902874,0.16129032258064513,0.09178871,7.6604159017899685,9.054529,80.82051282051282,0.9333333333333333,0.358974358974359,0.5185185185185185,gnn,3,0.3,0.3,0.4033333333333333
0.8166666666666667,0.8258199,0.11290322580645154,0.17164327,6.727014059877871,7.9351163,73.6025641025641,0.7090909090909091,0.5,0.5864661654135339,random,3,0.3,0.3,0.4033333333333333
0.8266666666666667,0.80975085,0.16129032258064513,0.09522288,7.592706616150323,8.998449,81.62820512820512,0.9333333333333333,0.358974358974359,0.5185185185185185,gnn,3,0.3,0.3,0.4066666666666667
0.8166666666666667,0.8265906,0.11290322580645154,0.17530847,6.6704724684457855,7.874598,73.52564102564102,0.7090909090909091,0.5,0.5864661654135339,random,3,0.3,0.3,0.4066666666666667
0.8266666666666667,0.81075096,0.16129032258064513,0.09997914,7.588121582245688,8.995923,83.3076923076923,0.9333333333333333,0.358974358974359,0.5185185185185185,gnn,3,0.3,0.3,0.41
0.82,0.8262421,0.12903225806451588,0.17365105,6.56545608566832,7.7347593,71.97435897435898,0.7142857142857143,0.5128205128205128,0.5970149253731343,random,3,0.3,0.3,0.41
0.8266666666666667,0.81147313,0.16129032258064513,0.1034136,7.512161001085888,8.909049,79.75641025641026,0.9333333333333333,0.358974358974359,0.5185185185185185,gnn,3,0.3,0.3,0.41333333333333333
0.82,0.8271396,0.12903225806451588,0.17791946,6.5483320375031004,7.6814895,71.93589743589743,0.7142857142857143,0.5128205128205128,0.5970149253731343,random,3,0.3,0.3,0.41333333333333333
0.8266666666666667,0.8121953,0.16129032258064513,0.10684805,7.421454528795581,8.839559,76.66666666666667,0.9333333333333333,0.358974358974359,0.5185185185185185,gnn,3,0.3,0.3,0.4166666666666667
0.82,0.8294113,0.12903225806451588,0.18872315,6.535110838936698,7.646809,72.6025641025641,0.7142857142857143,0.5128205128205128,0.5970149253731343,random,3,0.3,0.3,0.4166666666666667
0.83,0.8131948,0.17741935483870946,0.11160147,7.226002828326121,8.650073,75.47435897435898,0.9354838709677419,0.3717948717948718,0.5321100917431193,gnn,3,0.3,0.3,0.42
0.82,0.8296716,0.12903225806451588,0.18996105,6.602646320329208,7.6072044,71.58974358974359,0.7142857142857143,0.5128205128205128,0.5970149253731343,random,3,0.3,0.3,0.42
0.8333333333333334,0.8141943,0.19354838709677435,0.11635489,7.018641650652503,8.531229,74.38461538461539,0.9375,0.38461538461538464,0.5454545454545454,gnn,3,0.3,0.3,0.42333333333333334
0.8233333333333334,0.83067137,0.14516129032258077,0.19471559,6.561329355440704,7.56284,72.3974358974359,0.7192982456140351,0.5256410256410257,0.6074074074074075,random,3,0.3,0.3,0.42333333333333334
0.8333333333333334,0.81491506,0.19354838709677435,0.11978255,6.914549136853751,8.440713,76.02564102564102,0.9375,0.38461538461538464,0.5454545454545454,gnn,3,0.3,0.3,0.4266666666666667
0.8233333333333334,0.83139265,0.14516129032258077,0.1981458,6.4951210884675,7.509304,71.02564102564102,0.7192982456140351,0.5256410256410257,0.6074074074074075,random,3,0.3,0.3,0.4266666666666667
0.8333333333333334,0.81563723,0.19354838709677435,0.12321701,6.845046670094739,8.380525,73.42307692307692,0.9375,0.38461538461538464,0.5454545454545454,gnn,3,0.3,0.3,0.43
0.8266666666666667,0.83239245,0.16129032258064513,0.20290063,6.487846094464919,7.4929824,70.64102564102564,0.7241379310344828,0.5384615384615384,0.6176470588235294,random,3,0.3,0.3,0.43
0.8333333333333334,0.8163634,0.19354838709677435,0.12667046,6.7749715908507975,8.317958,73.83333333333333,0.9375,0.38461538461538464,0.5454545454545454,gnn,3,0.3,0.3,0.43333333333333335
0.83,0.8333922,0.17741935483870946,0.20765519,6.384735290697204,7.397334,69.33333333333333,0.7288135593220338,0.5512820512820513,0.6277372262773723,random,3,0.3,0.3,0.43333333333333335
0.8333333333333334,0.81708556,0.19354838709677435,0.13010491,6.688828389904546,8.2479,75.74358974358974,0.9375,0.38461538461538464,0.5454545454545454,gnn,3,0.3,0.3,0.43666666666666665
0.83,0.8344364,0.17741935483870946,0.21262121,6.382527616438635,7.3908873,68.11538461538461,0.7288135593220338,0.5512820512820513,0.6277372262773723,random,3,0.3,0.3,0.43666666666666665
0.8366666666666667,0.81808513,0.20967741935483872,0.13485862,6.355092968493424,7.9968863,76.87179487179488,0.9393939393939394,0.3974358974358974,0.5585585585585585,gnn,3,0.3,0.3,0.44
0.83,0.83539754,0.17741935483870946,0.21719208,6.382224523880291,7.3310814,68.64102564102564,0.7288135593220338,0.5512820512820513,0.6277372262773723,random,3,0.3,0.3,0.44
0.84,0.8190865,0.22580645161290308,0.13962083,6.1240605350736494,7.816549,75.28205128205128,0.9411764705882353,0.41025641025641024,0.5714285714285713,gnn,3,0.3,0.3,0.44333333333333336
0.8333333333333334,0.8363973,0.19354838709677435,0.22194663,6.392617524415872,7.285004,67.33333333333333,0.7333333333333333,0.5641025641025641,0.6376811594202899,random,3,0.3,0.3,0.44333333333333336
0.84,0.8198036,0.22580645161290308,0.1430312,6.131466336667192,7.761613,76.08974358974359,0.9411764705882353,0.41025641025641024,0.5714285714285713,gnn,3,0.3,0.3,0.44666666666666666
0.8333333333333334,0.8374826,0.19354838709677435,0.22710796,6.356069144298139,7.2320766,65.78205128205128,0.7333333333333333,0.5641025641025641,0.6376811594202899,random,3,0.3,0.3,0.44666666666666666
0.84,0.819908,0.22580645161290308,0.14352782,6.073993102223094,7.7366014,75.6923076923077,0.9411764705882353,0.41025641025641024,0.5714285714285713,gnn,3,0.3,0.3,0.45
0.8366666666666667,0.83714694,0.20967741935483872,0.22551177,6.149753533661198,7.3661947,66.32051282051282,0.7457627118644068,0.5641025641025641,0.6423357664233577,random,3,0.3,0.3,0.45
0.84,0.82034767,0.22580645161290308,0.14561866,6.002840790974059,7.669943,75.3076923076923,0.9411764705882353,0.41025641025641024,0.5714285714285713,gnn,3,0.3,0.3,0.4533333333333333
0.84,0.83691275,0.22580645161290308,0.22439803,6.082314929297925,7.2952075,66.7051282051282,0.75,0.5769230769230769,0.6521739130434783,random,3,0.3,0.3,0.4533333333333333
0.84,0.8207738,0.22580645161290308,0.14764515,5.916700714170794,7.63972,74.91025641025641,0.9411764705882353,0.41025641025641024,0.5714285714285713,gnn,3,0.3,0.3,0.45666666666666667
0.84,0.83720464,0.22580645161290308,0.22578616,6.094268833215136,7.2609024,67.43589743589743,0.75,0.5769230769230769,0.6521739130434783,random,3,0.3,0.3,0.45666666666666667
0.84,0.8212923,0.22580645161290308,0.150111,5.816344127766737,7.58102,74.64102564102564,0.9411764705882353,0.41025641025641024,0.5714285714285713,gnn,3,0.3,0.3,0.46
0.84,0.8376633,0.22580645161290308,0.22796743,6.07440261477066,7.2189145,66.78205128205128,0.75,0.5769230769230769,0.6521739130434783,random,3,0.3,0.3,0.46
0.84,0.82305557,0.22580645161290308,0.15849674,5.810397116102926,7.5300236,74.03846153846153,0.9411764705882353,0.41025641025641024,0.5714285714285713,gnn,3,0.3,0.3,0.4633333333333333
0.84,0.83844286,0.22580645161290308,0.23167485,5.989271575302831,7.147865,65.46153846153847,0.75,0.5769230769230769,0.6521739130434783,random,3,0.3,0.3,0.4633333333333333
0.84,0.8236703,0.22580645161290308,0.16142039,5.689120121460291,7.4408154,73.11538461538461,0.9411764705882353,0.41025641025641024,0.5714285714285713,gnn,3,0.3,0.3,0.4666666666666667
0.8433333333333334,0.8396736,0.24193548387096797,0.23752783,5.932683155999934,7.0690513,65.55128205128206,0.7627118644067796,0.5769230769230769,0.656934306569343,random,3,0.3,0.3,0.4666666666666667
0.84,0.8243698,0.22580645161290308,0.16474685,5.604541776548636,7.3922606,74.32051282051282,0.9411764705882353,0.41025641025641024,0.5714285714285713,gnn,3,0.3,0.3,0.47
0.8433333333333334,0.8411092,0.24193548387096797,0.24435537,5.977772974577243,6.987383,65.06410256410257,0.7627118644067796,0.5769230769230769,0.656934306569343,random,3,0.3,0.3,0.47
0.84,0.8250919,0.22580645161290308,0.16818103,5.539109883827389,7.3412404,75.43589743589743,0.9411764705882353,0.41025641025641024,0.5714285714285713,gnn,3,0.3,0.3,0.47333333333333333
0.8433333333333334,0.8420748,0.24193548387096797,0.2489475,5.969687956581885,6.9190154,64.38461538461539,0.7627118644067796,0.5769230769230769,0.656934306569343,random,3,0.3,0.3,0.47333333333333333
0.8433333333333334,0.82609147,0.24193548387096797,0.17293473,5.528071436750234,7.319928,73.33333333333333,0.9428571428571428,0.4230769230769231,0.5840707964601769,gnn,3,0.3,0.3,0.4766666666666667
0.85,0.84426177,0.27419354838709664,0.2593481,5.912293575732918,6.863757,63.6025641025641,0.7894736842105263,0.5769230769230769,0.6666666666666666,random,3,0.3,0.3,0.4766666666666667
0.8433333333333334,0.82707655,0.24193548387096797,0.17761955,5.521190500803086,7.286098,73.21794871794872,0.9428571428571428,0.4230769230769231,0.5840707964601769,gnn,3,0.3,0.3,0.48
0.85,0.84498394,0.27419354838709664,0.26278254,5.831217288299392,6.8085675,63.256410256410255,0.7894736842105263,0.5769230769230769,0.6666666666666666,random,3,0.3,0.3,0.48
0.85,0.82911414,0.27419354838709664,0.1873098,5.467382560321909,7.202153,70.46153846153847,0.9714285714285714,0.4358974358974359,0.6017699115044248,gnn,3,0.3,0.3,0.48333333333333334
0.8533333333333334,0.846293,0.29032258064516153,0.269008,5.669167024565223,6.626945,63.166666666666664,0.7931034482758621,0.5897435897435898,0.676470588235294,random,3,0.3,0.3,0.48333333333333334
0.85,0.830118,0.27419354838709664,0.19208391,5.453298385903034,7.163511,70.51282051282051,0.9714285714285714,0.4358974358974359,0.6017699115044248,gnn,3,0.3,0.3,0.4866666666666667
0.8533333333333334,0.8472822,0.29032258064516153,0.2737124,5.718018492371316,6.508473,62.35897435897436,0.7931034482758621,0.5897435897435898,0.676470588235294,random,3,0.3,0.3,0.4866666666666667
0.85,0.83178425,0.27419354838709664,0.20000817,5.428222647567504,7.120814,68.17948717948718,0.9714285714285714,0.4358974358974359,0.6017699115044248,gnn,3,0.3,0.3,0.49
0.8566666666666667,0.84866303,0.3064516129032259,0.28027943,5.659653641541648,6.4526815,61.8974358974359,0.7966101694915254,0.6025641025641025,0.6861313868613139,random,3,0.3,0.3,0.49
0.85,0.8327843,0.27419354838709664,0.20476413,5.3919550874304045,7.1082063,68.07692307692308,0.9714285714285714,0.4358974358974359,0.6017699115044248,gnn,3,0.3,0.3,0.49333333333333335
0.8566666666666667,0.85044533,0.3064516129032259,0.28875557,5.5584191774657015,6.3736954,62.82051282051282,0.7966101694915254,0.6025641025641025,0.6861313868613139,random,3,0.3,0.3,0.49333333333333335
0.8533333333333334,0.8337838,0.29032258064516153,0.20951755,5.360425024479443,7.05208,66.03846153846153,0.9722222222222222,0.44871794871794873,0.6140350877192982,gnn,3,0.3,0.3,0.49666666666666665
0.8566666666666667,0.85176957,0.3064516129032259,0.2950533,5.531931283033353,6.3755803,63.47435897435897,0.7966101694915254,0.6025641025641025,0.6861313868613139,random,3,0.3,0.3,0.49666666666666665
0.8566666666666667,0.8347853,0.3064516129032259,0.21428032,5.332864036033952,7.015088,66.01282051282051,0.972972972972973,0.46153846153846156,0.6260869565217392,gnn,3,0.3,0.3,0.5
0.86,0.8527693,0.32258064516129026,0.29980788,5.522225590213716,6.3630724,62.07692307692308,0.8,0.6153846153846154,0.6956521739130435,random,3,0.3,0.3,0.5
0.86,0.8357846,0.32258064516129026,0.2190329,5.30140785984831,6.9712973,65.35897435897436,0.9736842105263158,0.47435897435897434,0.6379310344827586,gnn,3,0.3,0.3,0.5033333333333333
0.86,0.8542938,0.32258064516129026,0.30705804,5.55378468189729,6.311487,61.30769230769231,0.8,0.6153846153846154,0.6956521739130435,random,3,0.3,0.3,0.5033333333333333
0.8633333333333333,0.83556795,0.3387096774193546,0.2180025,5.14598030304996,6.810402,66.0,0.9743589743589743,0.48717948717948717,0.6495726495726496,gnn,3,0.3,0.3,0.5066666666666667
0.86,0.8552938,0.32258064516129026,0.31181374,5.549203785381598,6.3015265,61.58974358974359,0.8,0.6153846153846154,0.6956521739130435,random,3,0.3,0.3,0.5066666666666667
0.8633333333333333,0.83721644,0.3387096774193546,0.22584228,5.1151807341203215,6.792031,65.87179487179488,0.9743589743589743,0.48717948717948717,0.6495726495726496,gnn,3,0.3,0.3,0.51
0.8633333333333333,0.85629356,0.3387096774193546,0.3165683,5.535996151031788,6.2680755,60.833333333333336,0.8032786885245902,0.6282051282051282,0.7050359712230215,random,3,0.3,0.3,0.51
0.8633333333333333,0.8380805,0.3387096774193546,0.22995168,5.059162932209177,6.7502036,64.32051282051282,0.9743589743589743,0.48717948717948717,0.6495726495726496,gnn,3,0.3,0.3,0.5133333333333333
0.87,0.8586029,0.3709677419354838,0.32755083,5.45378928229943,6.1905966,59.80769230769231,0.8305084745762712,0.6282051282051282,0.7153284671532847,random,3,0.3,0.3,0.5133333333333333
0.8633333333333333,0.8390804,0.3387096774193546,0.23470679,5.058984840849195,6.7272573,64.85897435897436,0.9743589743589743,0.48717948717948717,0.6495726495726496,gnn,3,0.3,0.3,0.5166666666666667
0.87,0.85960287,0.3709677419354838,0.33230653,5.453744768382429,6.1749697,59.56410256410256,0.8305084745762712,0.6282051282051282,0.7153284671532847,random,3,0.3,0.3,0.5166666666666667
0.8633333333333333,0.8400803,0.3387096774193546,0.2394622,5.057465572945454,6.72101,64.7051282051282,0.9743589743589743,0.48717948717948717,0.6495726495726496,gnn,3,0.3,0.3,0.52
0.87,0.86034536,0.3709677419354838,0.33583766,5.46304177576157,6.1681995,60.166666666666664,0.8305084745762712,0.6282051282051282,0.7153284671532847,random,3,0.3,0.3,0.52
0.8633333333333333,0.8410801,0.3387096774193546,0.24421704,5.061477675782721,6.7134905,65.38461538461539,0.9743589743589743,0.48717948717948717,0.6495726495726496,gnn,3,0.3,0.3,0.5233333333333333
0.87,0.8614679,0.3709677419354838,0.34117615,5.468254568162693,6.14559,60.294871794871796,0.8305084745762712,0.6282051282051282,0.7153284671532847,random,3,0.3,0.3,0.5233333333333333
0.8633333333333333,0.8427983,0.3387096774193546,0.25238818,4.998259278699475,6.624673,63.76923076923077,0.9743589743589743,0.48717948717948717,0.6495726495726496,gnn,3,0.3,0.3,0.5266666666666666
0.8666666666666667,0.86244965,0.3548387096774195,0.34584507,5.3980736571825085,6.0677123,60.44871794871795,0.8166666666666667,0.6282051282051282,0.7101449275362318,random,3,0.3,0.3,0.5266666666666666
0.8633333333333333,0.84332305,0.3387096774193546,0.25488383,4.998235753281727,6.6020846,62.61538461538461,0.9743589743589743,0.48717948717948717,0.6495726495726496,gnn,3,0.3,0.3,0.53
0.8666666666666667,0.8634495,0.3548387096774195,0.3506002,5.395464920382698,6.0462294,60.69230769230769,0.8166666666666667,0.6282051282051282,0.7101449275362318,random,3,0.3,0.3,0.53
0.8633333333333333,0.84425944,0.3387096774193546,0.25933704,5.0313100843415,6.58309,62.96153846153846,0.9743589743589743,0.48717948717948717,0.6495726495726496,gnn,3,0.3,0.3,0.5333333333333333
0.8633333333333333,0.8610719,0.3387096774193546,0.3392928,5.212463650916156,6.1730323,60.666666666666664,0.8032786885245902,0.6282051282051282,0.7050359712230215,random,3,0.3,0.3,0.5333333333333333
0.8666666666666667,0.84525895,0.3548387096774195,0.26409048,5.0052927568753285,6.5531397,64.82051282051282,0.975,0.5,0.6610169491525423,gnn,3,0.3,0.3,0.5366666666666666
0.8633333333333333,0.8614397,0.3387096774193546,0.34104207,5.165628681584881,6.17404,61.53846153846154,0.8032786885245902,0.6282051282051282,0.7050359712230215,random,3,0.3,0.3,0.5366666666666666
0.87,0.8462585,0.3709677419354838,0.26884416,4.973830138964533,6.525773,64.23076923076923,0.975609756097561,0.5128205128205128,0.6722689075630252,gnn,3,0.3,0.3,0.54
0.86,0.8619045,0.32258064516129026,0.3432525,5.303857188952582,6.1117754,61.02564102564103,0.8,0.6153846153846154,0.6956521739130435,random,3,0.3,0.3,0.54
0.87,0.8468415,0.3709677419354838,0.27161673,4.968901121500512,6.498556,63.91025641025641,0.975609756097561,0.5128205128205128,0.6722689075630252,gnn,3,0.3,0.3,0.5433333333333333
0.8633333333333333,0.8634015,0.3387096774193546,0.35037175,5.297915200788656,6.1059175,60.88461538461539,0.8032786885245902,0.6282051282051282,0.7050359712230215,random,3,0.3,0.3,0.5433333333333333
0.87,0.84811234,0.3709677419354838,0.2776605,4.995180285788176,6.511165,60.30769230769231,0.975609756097561,0.5128205128205128,0.6722689075630252,gnn,3,0.3,0.3,0.5466666666666666
0.8633333333333333,0.8644012,0.3387096774193546,0.3551263,5.287242033414605,6.0869956,60.88461538461539,0.8032786885245902,0.6282051282051282,0.7050359712230215,random,3,0.3,0.3,0.5466666666666666
0.8733333333333333,0.84911144,0.3870967741935482,0.28241193,4.98276536213161,6.4863625,59.32051282051282,0.9761904761904762,0.5256410256410257,0.6833333333333332,gnn,3,0.3,0.3,0.55
0.8633333333333333,0.86491984,0.3387096774193546,0.3575927,5.31737638967802,6.05599,59.705128205128204,0.8032786885245902,0.6282051282051282,0.7050359712230215,random,3,0.3,0.3,0.55
0.8733333333333333,0.85069895,0.3870967741935482,0.28996173,4.896592944823307,6.466606,60.97435897435897,0.9761904761904762,0.5256410256410257,0.6833333333333332,gnn,3,0.3,0.3,0.5533333333333333
0.8633333333333333,0.8658902,0.3387096774193546,0.36220753,5.315518166933443,6.040602,59.44871794871795,0.8032786885245902,0.6282051282051282,0.7050359712230215,random,3,0.3,0.3,0.5533333333333333
0.87,0.8529257,0.3709677419354838,0.30055168,4.911214838444771,6.284192,60.705128205128204,0.9534883720930233,0.5256410256410257,0.6776859504132232,gnn,3,0.3,0.3,0.5566666666666666
0.8633333333333333,0.8666124,0.3387096774193546,0.36564198,5.291633494119269,5.9881268,59.30769230769231,0.8032786885245902,0.6282051282051282,0.7050359712230215,random,3,0.3,0.3,0.5566666666666666
0.87,0.85233366,0.3709677419354838,0.29773602,4.741220291893217,6.1414437,62.11538461538461,0.9534883720930233,0.5256410256410257,0.6776859504132232,gnn,3,0.3,0.3,0.56
0.8666666666666667,0.8676119,0.3548387096774195,0.3703954,5.265062291428173,5.9516644,58.43589743589744,0.8064516129032258,0.6410256410256411,0.7142857142857142,random,3,0.3,0.3,0.56
0.87,0.85229677,0.3709677419354838,0.29756057,4.7904236447751725,6.0840664,62.44871794871795,0.9534883720930233,0.5256410256410257,0.6776859504132232,gnn,3,0.3,0.3,0.5633333333333334
0.8666666666666667,0.8691972,0.3548387096774195,0.37793472,5.225826368255299,5.9237623,58.30769230769231,0.8064516129032258,0.6410256410256411,0.7142857142857142,random,3,0.3,0.3,0.5633333333333334
0.87,0.85329664,0.3709677419354838,0.30231568,4.781516572575028,6.0773497,61.91025641025641,0.9534883720930233,0.5256410256410257,0.6776859504132232,gnn,3,0.3,0.3,0.5666666666666667
0.8666666666666667,0.87095785,0.3548387096774195,0.38630798,5.261470365320052,5.8355865,57.96153846153846,0.8064516129032258,0.6410256410256411,0.7142857142857142,random,3,0.3,0.3,0.5666666666666667
0.87,0.8546082,0.3709677419354838,0.30855304,4.763210788904031,6.063615,61.166666666666664,0.9534883720930233,0.5256410256410257,0.6776859504132232,gnn,3,0.3,0.3,0.57
0.8666666666666667,0.8712144,0.3548387096774195,0.387528,5.208777199593025,5.8171725,58.87179487179487,0.8064516129032258,0.6410256410256411,0.7142857142857142,random,3,0.3,0.3,0.57
0.8733333333333333,0.856003,0.3870967741935482,0.31518638,4.758504745239657,6.0573425,60.52564102564103,0.9761904761904762,0.5256410256410257,0.6833333333333332,gnn,3,0.3,0.3,0.5733333333333334
0.8666666666666667,0.8724476,0.3548387096774195,0.3933929,5.202920546499096,5.8389845,58.46153846153846,0.8064516129032258,0.6410256410256411,0.7142857142857142,random,3,0.3,0.3,0.5733333333333334
0.8766666666666667,0.85612303,0.4032258064516131,0.3157573,4.746173027202885,6.121352,60.3974358974359,1.0,0.5256410256410257,0.689075630252101,gnn,3,0.3,0.3,0.5766666666666667
0.87,0.8734472,0.3709677419354838,0.3981466,5.000019146227337,5.7452464,57.53846153846154,0.8095238095238095,0.6538461538461539,0.7234042553191489,random,3,0.3,0.3,0.5766666666666667
0.8766666666666667,0.85688925,0.4032258064516131,0.31940123,4.733415178262525,6.090106,61.743589743589745,1.0,0.5256410256410257,0.689075630252101,gnn,3,0.3,0.3,0.58
0.87,0.8732014,0.3709677419354838,0.39697757,5.0063266716695445,5.7045417,57.67948717948718,0.8095238095238095,0.6538461538461539,0.7234042553191489,random,3,0.3,0.3,0.58
0.8733333333333333,0.8583849,0.3870967741935482,0.3265142,4.7541481228109355,5.9253035,60.84615384615385,0.9761904761904762,0.5256410256410257,0.6833333333333332,gnn,3,0.3,0.3,0.5833333333333334
0.8733333333333333,0.87420094,0.3870967741935482,0.40173128,5.000851849141553,5.69849,56.37179487179487,0.8125,0.6666666666666666,0.7323943661971831,random,3,0.3,0.3,0.5833333333333334
0.8766666666666667,0.8593845,0.4032258064516131,0.33126792,4.7413186293787435,5.827283,61.19230769230769,0.9767441860465116,0.5384615384615384,0.694214876033058,gnn,3,0.3,0.3,0.5866666666666667
0.8733333333333333,0.8752516,0.3870967741935482,0.4067279,4.991070243049258,5.6720676,56.37179487179487,0.8125,0.6666666666666666,0.7323943661971831,random,3,0.3,0.3,0.5866666666666667
0.8766666666666667,0.859972,0.4032258064516131,0.33406204,4.754288035520523,5.8131137,60.37179487179487,0.9767441860465116,0.5384615384615384,0.694214876033058,gnn,3,0.3,0.3,0.59
0.8766666666666667,0.87693906,0.4032258064516131,0.41475308,4.832814474826473,5.4621234,56.73076923076923,0.8153846153846154,0.6794871794871795,0.7412587412587412,random,3,0.3,0.3,0.59
0.88,0.86097157,0.41935483870967744,0.33881572,4.674347304297729,5.7238445,59.61538461538461,0.9772727272727273,0.5512820512820513,0.7049180327868853,gnn,3,0.3,0.3,0.5933333333333334
0.88,0.87835044,0.41935483870967744,0.42146525,4.863723256749167,5.4344826,56.19230769230769,0.828125,0.6794871794871795,0.7464788732394365,random,3,0.3,0.3,0.5933333333333334
0.88,0.86197144,0.41935483870967744,0.34357086,4.670878340343623,5.6919355,59.67948717948718,0.9772727272727273,0.5512820512820513,0.7049180327868853,gnn,3,0.3,0.3,0.5966666666666667
0.88,0.8793503,0.41935483870967744,0.42622036,4.806852316398242,5.4145517,55.93589743589744,0.828125,0.6794871794871795,0.7464788732394365,random,3,0.3,0.3,0.5966666666666667
0.8833333333333333,0.86298907,0.43548387096774177,0.34841046,4.569425226370642,5.605104,59.8974358974359,0.9777777777777777,0.5641025641025641,0.7154471544715448,gnn,3,0.3,0.3,0.6
0.88,0.8796617,0.41935483870967744,0.4277012,4.805319329028107,5.390909,56.96153846153846,0.828125,0.6794871794871795,0.7464788732394365,random,3,0.3,0.3,0.6
0.8866666666666667,0.8638245,0.45161290322580666,0.3523835,4.561942254354761,5.5952625,59.34615384615385,0.9782608695652174,0.5769230769230769,0.7258064516129032,gnn,3,0.3,0.3,0.6033333333333334
0.88,0.8803422,0.41935483870967744,0.4309375,4.787754041459473,5.362905,57.17948717948718,0.828125,0.6794871794871795,0.7464788732394365,random,3,0.3,0.3,0.6033333333333334
0.89,0.8641342,0.46774193548387105,0.35385635,4.539668372418959,5.590348,58.82051282051282,1.0,0.5769230769230769,0.7317073170731707,gnn,3,0.3,0.3,0.6066666666666667
0.8833333333333333,0.88134176,0.43548387096774177,0.4356912,4.784554519136976,5.352476,56.76923076923077,0.8307692307692308,0.6923076923076923,0.7552447552447553,random,3,0.3,0.3,0.6066666666666667
0.89,0.8662022,0.46774193548387105,0.36369118,4.519677384939655,5.528575,58.55128205128205,1.0,0.5769230769230769,0.7317073170731707,gnn,3,0.3,0.3,0.61
0.8866666666666667,0.8819682,0.45161290322580666,0.43867043,4.6357211951884745,5.2869935,56.17948717948718,0.8333333333333334,0.7051282051282052,0.7638888888888888,random,3,0.3,0.3,0.61
0.8933333333333333,0.8672012,0.4838709677419354,0.36844233,4.514311688935376,5.522885,57.94871794871795,1.0,0.5897435897435898,0.7419354838709677,gnn,3,0.3,0.3,0.6133333333333333
0.8866666666666667,0.882968,0.45161290322580666,0.44342527,4.635700178537961,5.2729435,56.205128205128204,0.8333333333333334,0.7051282051282052,0.7638888888888888,random,3,0.3,0.3,0.6133333333333333
0.8966666666666666,0.86870664,0.4999999999999997,0.3756018,4.532064662654133,5.516764,57.61538461538461,1.0,0.6025641025641025,0.7519999999999999,gnn,3,0.3,0.3,0.6166666666666667
0.89,0.8851473,0.46774193548387105,0.4537893,4.626892501291709,5.26083,55.80769230769231,0.8461538461538461,0.7051282051282052,0.7692307692307693,random,3,0.3,0.3,0.6166666666666667
0.8966666666666666,0.8697064,0.4999999999999997,0.38035634,4.535399027321864,5.473889,57.58974358974359,1.0,0.6025641025641025,0.7519999999999999,gnn,3,0.3,0.3,0.62
0.8933333333333333,0.88458514,0.4838709677419354,0.45111594,4.569686388881466,5.3137302,55.43589743589744,0.859375,0.7051282051282052,0.7746478873239436,random,3,0.3,0.3,0.62
0.8933333333333333,0.8712492,0.4838709677419354,0.38769355,4.526136875288765,5.497241,56.05128205128205,0.9791666666666666,0.6025641025641025,0.7460317460317459,gnn,3,0.3,0.3,0.6233333333333333
0.8933333333333333,0.88650787,0.4838709677419354,0.46025994,4.574695360442233,5.285361,55.61538461538461,0.859375,0.7051282051282052,0.7746478873239436,random,3,0.3,0.3,0.6233333333333333
0.8933333333333333,0.8711574,0.4838709677419354,0.387257,4.443952988233905,5.4203305,56.5,0.9791666666666666,0.6025641025641025,0.7460317460317459,gnn,3,0.3,0.3,0.6266666666666667
0.8933333333333333,0.8880363,0.4838709677419354,0.46752882,4.617379839796329,5.2511106,55.57692307692308,0.859375,0.7051282051282052,0.7746478873239436,random,3,0.3,0.3,0.6266666666666667
0.8933333333333333,0.87215716,0.4838709677419354,0.39201155,4.39857496158896,5.373013,56.96153846153846,0.9791666666666666,0.6025641025641025,0.7460317460317459,gnn,3,0.3,0.3,0.63
0.8933333333333333,0.88903624,0.4838709677419354,0.47228423,4.617376039937499,5.232807,55.32051282051282,0.859375,0.7051282051282052,0.7746478873239436,random,3,0.3,0.3,0.63
0.8966666666666666,0.8737432,0.4999999999999997,0.39955428,4.387158357927461,5.3485813,57.41025641025641,0.9795918367346939,0.6153846153846154,0.7559055118110237,gnn,3,0.3,0.3,0.6333333333333333
0.8933333333333333,0.889306,0.4838709677419354,0.4735672,4.531568432570523,5.2129464,55.37179487179487,0.859375,0.7051282051282052,0.7746478873239436,random,3,0.3,0.3,0.6333333333333333
0.8933333333333333,0.87501997,0.4838709677419354,0.4056264,4.254151458065269,5.242315,57.705128205128204,0.96,0.6153846153846154,0.7500000000000001,gnn,3,0.3,0.3,0.6366666666666667
0.8933333333333333,0.890547,0.4838709677419354,0.47946894,4.514861276431293,5.135112,55.256410256410255,0.859375,0.7051282051282052,0.7746478873239436,random,3,0.3,0.3,0.6366666666666667
0.8933333333333333,0.87487346,0.4838709677419354,0.4049296,4.167080908779466,5.137607,56.705128205128204,0.96,0.6153846153846154,0.7500000000000001,gnn,3,0.3,0.3,0.64
0.89,0.8925415,0.46774193548387105,0.4889545,4.51958066436304,5.0931463,55.166666666666664,0.8461538461538461,0.7051282051282052,0.7692307692307693,random,3,0.3,0.3,0.64
0.8966666666666666,0.8758726,0.4999999999999997,0.40968135,4.067551482178895,5.0541477,56.08974358974359,0.9607843137254902,0.6282051282051282,0.7596899224806201,gnn,3,0.3,0.3,0.6433333333333333
0.8933333333333333,0.8932059,0.4838709677419354,0.492114,4.042608740983751,5.0420876,53.756410256410255,0.8484848484848485,0.717948717948718,0.7777777777777778,random,3,0.3,0.3,0.6433333333333333
0.8966666666666666,0.8774893,0.4999999999999997,0.41737005,4.033573804414368,4.9790998,55.782051282051285,0.9607843137254902,0.6282051282051282,0.7596899224806201,gnn,3,0.3,0.3,0.6466666666666666
0.8933333333333333,0.8942072,0.4838709677419354,0.49687594,4.0399624181855005,5.0282726,53.3974358974359,0.8484848484848485,0.717948717948718,0.7777777777777778,random,3,0.3,0.3,0.6466666666666666
0.8966666666666666,0.87792194,0.4999999999999997,0.41942742,4.0060315475940955,4.928705,55.76923076923077,0.9607843137254902,0.6282051282051282,0.7596899224806201,gnn,3,0.3,0.3,0.65
0.8933333333333333,0.89666116,0.4838709677419354,0.5085465,3.995330145638189,4.8961554,53.17948717948718,0.8484848484848485,0.717948717948718,0.7777777777777778,random,3,0.3,0.3,0.65
0.8966666666666666,0.87892425,0.4999999999999997,0.42419416,3.977672795274331,4.799004,55.30769230769231,0.9607843137254902,0.6282051282051282,0.7596899224806201,gnn,3,0.3,0.3,0.6533333333333333
0.8933333333333333,0.8976609,0.4838709677419354,0.513301,3.9835447439211156,4.855949,53.294871794871796,0.8484848484848485,0.717948717948718,0.7777777777777778,random,3,0.3,0.3,0.6533333333333333
0.8966666666666666,0.8796115,0.4999999999999997,0.42746252,3.9860432688582326,4.794628,55.06410256410256,0.9607843137254902,0.6282051282051282,0.7596899224806201,gnn,3,0.3,0.3,0.6566666666666666
0.8933333333333333,0.8992623,0.4838709677419354,0.5209169,3.9873979380901,4.832298,52.92307692307692,0.8484848484848485,0.717948717948718,0.7777777777777778,random,3,0.3,0.3,0.6566666666666666
0.8966666666666666,0.88061124,0.4999999999999997,0.43221706,3.973461829047939,4.7672915,54.8974358974359,0.9607843137254902,0.6282051282051282,0.7596899224806201,gnn,3,0.3,0.3,0.66
0.8966666666666666,0.89874685,0.4999999999999997,0.51846546,3.9228542824043924,4.862219,52.11538461538461,0.8615384615384616,0.717948717948718,0.7832167832167831,random,3,0.3,0.3,0.66
0.8966666666666666,0.8818545,0.4999999999999997,0.43812957,3.958725552792977,4.6872225,55.23076923076923,0.9607843137254902,0.6282051282051282,0.7596899224806201,gnn,3,0.3,0.3,0.6633333333333333
0.9,0.8984784,0.5161290322580646,0.5171887,3.987118738981228,4.900794,51.84615384615385,0.875,0.717948717948718,0.7887323943661971,random,3,0.3,0.3,0.6633333333333333
0.9,0.8828534,0.5161290322580646,0.44288015,3.818929317748419,4.537344,53.65384615384615,0.9615384615384616,0.6410256410256411,0.7692307692307693,gnn,3,0.3,0.3,0.6666666666666666
0.9033333333333333,0.89820546,0.532258064516129,0.5158908,4.016766130378018,4.9473295,51.57692307692308,0.8888888888888888,0.717948717948718,0.7943262411347517,random,3,0.3,0.3,0.6666666666666666
0.9,0.88385314,0.5161290322580646,0.44763473,3.7794527777029483,4.4338174,53.64102564102564,0.9615384615384616,0.6410256410256411,0.7692307692307693,gnn,3,0.3,0.3,0.67
0.9033333333333333,0.89820546,0.532258064516129,0.5158908,4.0167660332885,4.947327,51.56410256410256,0.8888888888888888,0.717948717948718,0.7943262411347517,random,3,0.3,0.3,0.67
0.9033333333333333,0.8848523,0.532258064516129,0.45238644,3.765166806872275,4.4166303,52.96153846153846,0.9622641509433962,0.6538461538461539,0.7786259541984734,gnn,3,0.3,0.3,0.6733333333333333
0.9,0.89836204,0.5161290322580646,0.5166354,4.05521067228083,4.862913,50.52564102564103,0.875,0.717948717948718,0.7887323943661971,random,3,0.3,0.3,0.6733333333333333
0.9066666666666666,0.88585126,0.5483870967741933,0.4571373,3.662661042777974,4.3251495,52.84615384615385,0.9629629629629629,0.6666666666666666,0.7878787878787878,gnn,3,0.3,0.3,0.6766666666666666
0.9033333333333333,0.9000031,0.532258064516129,0.52443975,3.945765526392335,4.7542076,50.38461538461539,0.8769230769230769,0.7307692307692307,0.7972027972027972,random,3,0.3,0.3,0.6766666666666666
0.9066666666666666,0.8868565,0.5483870967741933,0.46191794,3.639392047566389,4.3035483,52.37179487179487,0.9629629629629629,0.6666666666666666,0.7878787878787878,gnn,3,0.3,0.3,0.68
0.9066666666666666,0.901004,0.5483870967741933,0.52919996,3.9351491308137097,4.7442775,49.88461538461539,0.8787878787878788,0.7435897435897436,0.8055555555555556,random,3,0.3,0.3,0.68
0.9066666666666666,0.88697183,0.5483870967741933,0.46246645,3.6034411548583267,4.285933,52.69230769230769,0.9629629629629629,0.6666666666666666,0.7878787878787878,gnn,3,0.3,0.3,0.6833333333333333
0.91,0.9020036,0.5645161290322582,0.53395367,3.929507567299955,4.7389708,49.57692307692308,0.8805970149253731,0.7564102564102564,0.8137931034482757,random,3,0.3,0.3,0.6833333333333333
0.9066666666666666,0.88687706,0.5483870967741933,0.46201572,3.4936276261630548,4.1747255,52.666666666666664,0.9629629629629629,0.6666666666666666,0.7878787878787878,gnn,3,0.3,0.3,0.6866666666666666
0.91,0.90300345,0.5645161290322582,0.5387088,3.909517588575848,4.6986904,49.42307692307692,0.8805970149253731,0.7564102564102564,0.8137931034482757,random,3,0.3,0.3,0.6866666666666666
0.9033333333333333,0.8881539,0.532258064516129,0.46808812,3.360359561268729,4.027707,52.48717948717949,0.9454545454545454,0.6666666666666666,0.7819548872180451,gnn,3,0.3,0.3,0.69
0.91,0.9044512,0.5645161290322582,0.54559386,3.8816872826249726,4.695963,49.37179487179487,0.8805970149253731,0.7564102564102564,0.8137931034482757,random,3,0.3,0.3,0.69
0.9033333333333333,0.8892409,0.532258064516129,0.47325766,3.3926758849403527,3.9333687,52.282051282051285,0.9454545454545454,0.6666666666666666,0.7819548872180451,gnn,3,0.3,0.3,0.6933333333333334
0.91,0.90676653,0.5645161290322582,0.55660504,3.875013740769234,4.656081,49.08974358974359,0.8805970149253731,0.7564102564102564,0.8137931034482757,random,3,0.3,0.3,0.6933333333333334
0.9066666666666666,0.89023995,0.5483870967741933,0.4780088,3.3806001338215537,3.9196632,52.07692307692308,0.9464285714285714,0.6794871794871795,0.791044776119403,gnn,3,0.3,0.3,0.6966666666666667
0.9066666666666666,0.9092489,0.5483870967741933,0.5684105,3.919182669699232,4.5982175,49.243589743589745,0.8676470588235294,0.7564102564102564,0.8082191780821918,random,3,0.3,0.3,0.6966666666666667
0.9066666666666666,0.891239,0.5483870967741933,0.48275995,3.332205515199702,3.872094,51.56410256410256,0.9464285714285714,0.6794871794871795,0.791044776119403,gnn,3,0.3,0.3,0.7
0.9066666666666666,0.9102399,0.5483870967741933,0.5731234,3.9111012353983963,4.5830836,49.08974358974359,0.8676470588235294,0.7564102564102564,0.8082191780821918,random,3,0.3,0.3,0.7
0.91,0.8922381,0.5645161290322582,0.4875114,3.2695221274156347,3.8171854,51.42307692307692,0.9473684210526315,0.6923076923076923,0.7999999999999999,gnn,3,0.3,0.3,0.7033333333333334
0.91,0.91123945,0.5645161290322582,0.5778771,3.867817662003165,4.547164,48.52564102564103,0.8695652173913043,0.7692307692307693,0.8163265306122449,random,3,0.3,0.3,0.7033333333333334
0.91,0.8935073,0.5645161290322582,0.4935475,3.268571236762387,3.7521834,51.282051282051285,0.9473684210526315,0.6923076923076923,0.7999999999999999,gnn,3,0.3,0.3,0.7066666666666667
0.9166666666666666,0.91320366,0.5967741935483869,0.5872184,3.848002713573378,4.523996,48.41025641025641,0.8840579710144928,0.782051282051282,0.8299319727891156,random,3,0.3,0.3,0.7066666666666667
0.9133333333333333,0.8941705,0.5806451612903225,0.4967016,3.126520075275084,3.681826,50.44871794871795,0.9482758620689655,0.7051282051282052,0.8088235294117648,gnn,3,0.3,0.3,0.71
0.9166666666666666,0.91363436,0.5967741935483869,0.5892667,3.8203684555956428,4.473639,48.41025641025641,0.8840579710144928,0.782051282051282,0.8299319727891156,random,3,0.3,0.3,0.71
0.9133333333333333,0.89503145,0.5806451612903225,0.50079596,3.1133954310661487,3.659248,50.35897435897436,0.9482758620689655,0.7051282051282052,0.8088235294117648,gnn,3,0.3,0.3,0.7133333333333334
0.9166666666666666,0.91459453,0.5967741935483869,0.593833,3.789189564416864,4.415509,47.91025641025641,0.8840579710144928,0.782051282051282,0.8299319727891156,random,3,0.3,0.3,0.7133333333333334
0.9166666666666666,0.8960305,0.5967741935483869,0.5055471,3.091137668668241,3.6359103,49.65384615384615,0.9491525423728814,0.717948717948718,0.8175182481751825,gnn,3,0.3,0.3,0.7166666666666667
0.92,0.91553885,0.6129032258064518,0.598324,3.5659563704556856,4.2962003,47.26923076923077,0.8857142857142857,0.7948717948717948,0.8378378378378378,random,3,0.3,0.3,0.7166666666666667
0.92,0.89702964,0.6129032258064518,0.51029885,3.0478485044157,3.6000056,49.64102564102564,0.95,0.7307692307692307,0.8260869565217392,gnn,3,0.3,0.3,0.72
0.9166666666666666,0.9166827,0.5967741935483869,0.60376394,3.5937123362059014,4.1647396,47.6025641025641,0.8732394366197183,0.7948717948717948,0.832214765100671,random,3,0.3,0.3,0.72
0.92,0.89764977,0.6129032258064518,0.513248,3.0440023440790456,3.582985,50.02564102564103,0.95,0.7307692307692307,0.8260869565217392,gnn,3,0.3,0.3,0.7233333333333334
0.9166666666666666,0.9176827,0.5967741935483869,0.6085197,3.593229716240042,4.1291995,47.52564102564103,0.8732394366197183,0.7948717948717948,0.832214765100671,random,3,0.3,0.3,0.7233333333333334
0.92,0.8986495,0.6129032258064518,0.51800257,3.022025221605607,3.5273461,49.84615384615385,0.95,0.7307692307692307,0.8260869565217392,gnn,3,0.3,0.3,0.7266666666666667
0.9166666666666666,0.9180269,0.5967741935483869,0.61015666,3.601124603579416,4.126132,47.294871794871796,0.8732394366197183,0.7948717948717948,0.832214765100671,random,3,0.3,0.3,0.7266666666666667
0.9233333333333333,0.89964867,0.6290322580645161,0.52275425,3.002480381505859,3.5109518,49.42307692307692,0.9508196721311475,0.7435897435897436,0.8345323741007195,gnn,3,0.3,0.3,0.73
0.9166666666666666,0.9194428,0.5967741935483869,0.6168901,3.5678287704628238,4.080685,47.217948717948715,0.8732394366197183,0.7948717948717948,0.832214765100671,random,3,0.3,0.3,0.73
0.9233333333333333,0.90015256,0.6290322580645161,0.5251507,2.9775491261541083,3.4584608,50.35897435897436,0.9508196721311475,0.7435897435897436,0.8345323741007195,gnn,3,0.3,0.3,0.7333333333333333
0.9166666666666666,0.9197239,0.5967741935483869,0.6182272,3.560321004789868,4.0552163,47.43589743589744,0.8732394366197183,0.7948717948717948,0.832214765100671,random,3,0.3,0.3,0.7333333333333333
0.9233333333333333,0.9015619,0.6290322580645161,0.5318532,2.977565567280057,3.4518218,49.88461538461539,0.9508196721311475,0.7435897435897436,0.8345323741007195,gnn,3,0.3,0.3,0.7366666666666667
0.92,0.92046154,0.6129032258064518,0.62173504,3.490135205400873,4.057105,47.32051282051282,0.8857142857142857,0.7948717948717948,0.8378378378378378,random,3,0.3,0.3,0.7366666666666667
0.9233333333333333,0.90256166,0.6290322580645161,0.53660774,2.97635066850295,3.415898,50.05128205128205,0.9508196721311475,0.7435897435897436,0.8345323741007195,gnn,3,0.3,0.3,0.74
0.92,0.9210736,0.6129032258064518,0.62464595,3.4566677305947824,4.046935,46.93589743589744,0.8857142857142857,0.7948717948717948,0.8378378378378378,random,3,0.3,0.3,0.74
0.9233333333333333,0.9035622,0.6290322580645161,0.541366,2.980303125198851,3.4001055,49.69230769230769,0.9508196721311475,0.7435897435897436,0.8345323741007195,gnn,3,0.3,0.3,0.7433333333333333
0.92,0.92225564,0.6129032258064518,0.6302673,3.4513745462413468,4.0312405,46.73076923076923,0.8857142857142857,0.7948717948717948,0.8378378378378378,random,3,0.3,0.3,0.7433333333333333
0.9233333333333333,0.90416664,0.6290322580645161,0.5442406,2.945806537593219,3.3280632,49.88461538461539,0.9508196721311475,0.7435897435897436,0.8345323741007195,gnn,3,0.3,0.3,0.7466666666666667
0.92,0.9222563,0.6129032258064518,0.6302705,3.4513926030350923,4.0311522,46.82051282051282,0.8857142857142857,0.7948717948717948,0.8378378378378378,random,3,0.3,0.3,0.7466666666666667
0.9233333333333333,0.9051361,0.6290322580645161,0.5488512,2.938515370969914,3.3168836,49.92307692307692,0.9508196721311475,0.7435897435897436,0.8345323741007195,gnn,3,0.3,0.3,0.75
0.92,0.92274964,0.6129032258064518,0.6326167,3.4634513204974366,4.026634,46.743589743589745,0.8857142857142857,0.7948717948717948,0.8378378378378378,random,3,0.3,0.3,0.75
0.9233333333333333,0.9060636,0.6290322580645161,0.5532622,2.939519010342068,3.3120267,49.743589743589745,0.9508196721311475,0.7435897435897436,0.8345323741007195,gnn,3,0.3,0.3,0.7533333333333333
0.9166666666666666,0.92340547,0.5967741935483869,0.63573563,3.45850918192106,4.001975,46.76923076923077,0.8732394366197183,0.7948717948717948,0.832214765100671,random,3,0.3,0.3,0.7533333333333333
0.9266666666666666,0.9070627,0.6451612903225805,0.5580136,2.9273852145472445,3.2982361,48.97435897435897,0.9516129032258065,0.7564102564102564,0.8428571428571429,gnn,3,0.3,0.3,0.7566666666666667
0.9166666666666666,0.92318255,0.5967741935483869,0.6346755,3.338397047876687,3.891752,47.01282051282051,0.8732394366197183,0.7948717948717948,0.832214765100671,random,3,0.3,0.3,0.7566666666666667
0.9266666666666666,0.90806246,0.6451612903225805,0.56276816,2.9237968602480664,3.277896,49.01282051282051,0.9516129032258065,0.7564102564102564,0.8428571428571429,gnn,3,0.3,0.3,0.76
0.9166666666666666,0.9234012,0.5967741935483869,0.63571525,3.338084645973842,3.8725305,46.87179487179487,0.8732394366197183,0.7948717948717948,0.832214765100671,random,3,0.3,0.3,0.76
0.9266666666666666,0.9089386,0.6451612903225805,0.5669348,2.920277614235463,3.2608953,48.80769230769231,0.9516129032258065,0.7564102564102564,0.8428571428571429,gnn,3,0.3,0.3,0.7633333333333333
0.9166666666666666,0.92375183,0.5967741935483869,0.63738286,3.3806255912760563,3.7986548,47.06410256410256,0.8732394366197183,0.7948717948717948,0.832214765100671,random,3,0.3,0.3,0.7633333333333333
0.9266666666666666,0.9094971,0.6451612903225805,0.56959087,2.9173396433980976,3.2403963,49.166666666666664,0.9516129032258065,0.7564102564102564,0.8428571428571429,gnn,3,0.3,0.3,0.7666666666666667
0.9133333333333333,0.9257499,0.5806451612903225,0.64688516,3.4403569619673977,3.6075375,47.19230769230769,0.8611111111111112,0.7948717948717948,0.8266666666666667,random,3,0.3,0.3,0.7666666666666667
0.9266666666666666,0.9100587,0.6451612903225805,0.5722617,2.903939363078826,3.2097323,48.73076923076923,0.9375,0.7692307692307693,0.8450704225352113,gnn,3,0.3,0.3,0.77
0.9133333333333333,0.9269942,0.5806451612903225,0.65280277,3.428268890312394,3.5887175,47.0,0.8611111111111112,0.7948717948717948,0.8266666666666667,random,3,0.3,0.3,0.77
0.9266666666666666,0.91061664,0.6451612903225805,0.5749152,2.8984917325325283,3.192698,48.52564102564103,0.9375,0.7692307692307693,0.8450704225352113,gnn,3,0.3,0.3,0.7733333333333333
0.9133333333333333,0.9279942,0.5806451612903225,0.6575585,3.3988985426879244,3.573134,46.91025641025641,0.8611111111111112,0.7948717948717948,0.8266666666666667,random,3,0.3,0.3,0.7733333333333333
0.9266666666666666,0.91159475,0.6451612903225805,0.57956684,2.8828166725621913,3.1787162,48.243589743589745,0.9375,0.7692307692307693,0.8450704225352113,gnn,3,0.3,0.3,0.7766666666666666
0.9133333333333333,0.92899394,0.5806451612903225,0.66231304,3.365183490024495,3.5395243,46.73076923076923,0.8611111111111112,0.7948717948717948,0.8266666666666667,random,3,0.3,0.3,0.7766666666666666
0.9266666666666666,0.91259724,0.6451612903225805,0.58433443,2.877498626624734,3.1623833,48.23076923076923,0.9375,0.7692307692307693,0.8450704225352113,gnn,3,0.3,0.3,0.78
0.9166666666666666,0.92999494,0.5967741935483869,0.66707355,3.310736650629642,3.474056,46.11538461538461,0.863013698630137,0.8076923076923077,0.8344370860927152,random,3,0.3,0.3,0.78
0.9266666666666666,0.913597,0.6451612903225805,0.589089,2.836531953946707,3.1469376,48.217948717948715,0.9375,0.7692307692307693,0.8450704225352113,gnn,3,0.3,0.3,0.7833333333333333
0.9166666666666666,0.9310419,0.5967741935483869,0.67205256,3.268704034469685,3.4189193,45.98717948717949,0.863013698630137,0.8076923076923077,0.8344370860927152,random,3,0.3,0.3,0.7833333333333333
0.93,0.91459596,0.6612903225806454,0.5938399,2.8261223966142097,3.137208,47.85897435897436,0.9384615384615385,0.782051282051282,0.8531468531468531,gnn,3,0.3,0.3,0.7866666666666666
0.92,0.9320414,0.6129032258064518,0.67680603,3.224547580308819,3.3872383,45.48717948717949,0.8648648648648649,0.8205128205128205,0.8421052631578947,random,3,0.3,0.3,0.7866666666666666
0.9333333333333333,0.915595,0.6774193548387097,0.598591,2.8168078307022997,3.1283271,47.333333333333336,0.9393939393939394,0.7948717948717948,0.8611111111111112,gnn,3,0.3,0.3,0.79
0.9233333333333333,0.93304545,0.6290322580645161,0.68158096,3.198446951169669,3.3686485,45.166666666666664,0.8666666666666667,0.8333333333333334,0.8496732026143791,random,3,0.3,0.3,0.79
0.9333333333333333,0.91659343,0.6774193548387097,0.6033393,2.8171392464952185,3.110223,47.23076923076923,0.9393939393939394,0.7948717948717948,0.8611111111111112,gnn,3,0.3,0.3,0.7933333333333333
0.9266666666666666,0.9327765,0.6451612903225805,0.68030196,3.226611796033176,3.4152339,45.08974358974359,0.8783783783783784,0.8333333333333334,0.855263157894737,random,3,0.3,0.3,0.7933333333333333
0.9333333333333333,0.91759336,0.6774193548387097,0.60809475,2.8166528373965525,3.0746593,47.243589743589745,0.9393939393939394,0.7948717948717948,0.8611111111111112,gnn,3,0.3,0.3,0.7966666666666666
0.93,0.934078,0.6612903225806454,0.68649143,3.0765413764955594,3.3191373,44.93589743589744,0.88,0.8461538461538461,0.8627450980392156,random,3,0.3,0.3,0.7966666666666666
0.9333333333333333,0.91859436,0.6774193548387097,0.61285526,2.814895391759626,3.0684724,47.11538461538461,0.9393939393939394,0.7948717948717948,0.8611111111111112,gnn,3,0.3,0.3,0.8
0.9333333333333333,0.9350504,0.6774193548387097,0.69111615,3.0698386228507206,3.3163543,44.44871794871795,0.881578947368421,0.8589743589743589,0.8701298701298701,random,3,0.3,0.3,0.8
0.9333333333333333,0.9195941,0.6774193548387097,0.6176098,2.8103415591366905,3.0584712,47.05128205128205,0.9393939393939394,0.7948717948717948,0.8611111111111112,gnn,3,0.3,0.3,0.8033333333333333
0.9333333333333333,0.93551165,0.6774193548387097,0.6933096,3.0583858992829747,3.303727,44.43589743589744,0.881578947368421,0.8589743589743589,0.8701298701298701,random,3,0.3,0.3,0.8033333333333333
0.9333333333333333,0.92059386,0.6774193548387097,0.62236434,2.7535066517408526,3.0385172,46.833333333333336,0.9393939393939394,0.7948717948717948,0.8611111111111112,gnn,3,0.3,0.3,0.8066666666666666
0.9333333333333333,0.93692243,0.6774193548387097,0.70001894,3.0585531288283216,3.2829664,44.217948717948715,0.881578947368421,0.8589743589743589,0.8701298701298701,random,3,0.3,0.3,0.8066666666666666
0.9333333333333333,0.9215936,0.6774193548387097,0.6271189,2.75039933212562,3.0228915,46.61538461538461,0.9393939393939394,0.7948717948717948,0.8611111111111112,gnn,3,0.3,0.3,0.81
0.9366666666666666,0.9375544,0.6935483870967741,0.7030245,3.0019955743961746,3.2550313,43.80769230769231,0.8831168831168831,0.8717948717948718,0.8774193548387098,random,3,0.3,0.3,0.81
0.9333333333333333,0.9225935,0.6774193548387097,0.631874,2.74923496544673,3.0150712,46.52564102564103,0.9393939393939394,0.7948717948717948,0.8611111111111112,gnn,3,0.3,0.3,0.8133333333333334
0.9366666666666666,0.9385543,0.6935483870967741,0.70777965,2.9974210271297754,3.2450616,43.73076923076923,0.8831168831168831,0.8717948717948718,0.8774193548387098,random,3,0.3,0.3,0.8133333333333334
0.9333333333333333,0.9231793,0.6774193548387097,0.6346602,2.735488843727899,3.0012167,46.05128205128205,0.9393939393939394,0.7948717948717948,0.8611111111111112,gnn,3,0.3,0.3,0.8166666666666667
0.9366666666666666,0.9396468,0.6935483870967741,0.71297526,2.944278297723727,3.2465773,43.61538461538461,0.8831168831168831,0.8717948717948718,0.8774193548387098,random,3,0.3,0.3,0.8166666666666667
0.9333333333333333,0.9241791,0.6774193548387097,0.6394147,2.733512687564655,2.9914534,45.782051282051285,0.9393939393939394,0.7948717948717948,0.8611111111111112,gnn,3,0.3,0.3,0.82
0.9366666666666666,0.94079286,0.6935483870967741,0.7184257,2.9419828593408957,3.2341125,43.55128205128205,0.8831168831168831,0.8717948717948718,0.8774193548387098,random,3,0.3,0.3,0.82
0.9333333333333333,0.92611855,0.6774193548387097,0.6486384,2.678439232131988,2.9559586,45.26923076923077,0.9393939393939394,0.7948717948717948,0.8611111111111112,gnn,3,0.3,0.3,0.8233333333333334
0.9366666666666666,0.94141084,0.6935483870967741,0.7213647,2.9381509253915614,3.2171142,43.55128205128205,0.8831168831168831,0.8717948717948718,0.8774193548387098,random,3,0.3,0.3,0.8233333333333334
0.9366666666666666,0.9271176,0.6935483870967741,0.6533896,2.672586044718376,2.949732,44.69230769230769,0.9402985074626866,0.8076923076923077,0.8689655172413794,gnn,3,0.3,0.3,0.8266666666666667
0.9366666666666666,0.9414463,0.6935483870967741,0.72153336,2.9000978704835036,3.2213933,43.55128205128205,0.8831168831168831,0.8717948717948718,0.8774193548387098,random,3,0.3,0.3,0.8266666666666667
0.9366666666666666,0.9281174,0.6935483870967741,0.6581444,2.6675431318404286,2.9399574,44.35897435897436,0.9402985074626866,0.8076923076923077,0.8689655172413794,gnn,3,0.3,0.3,0.83
0.94,0.94246644,0.7096774193548384,0.7263848,2.898094512393862,3.2060068,43.42307692307692,0.8947368421052632,0.8717948717948718,0.8831168831168831,random,3,0.3,0.3,0.83
0.94,0.93053883,0.7096774193548384,0.66966015,2.6541530955311594,2.8805356,44.14102564102564,0.9545454545454546,0.8076923076923077,0.875,gnn,3,0.3,0.3,0.8333333333333334
0.94,0.9433571,0.7096774193548384,0.7306206,2.9053966041655648,3.1531365,43.41025641025641,0.8947368421052632,0.8717948717948718,0.8831168831168831,random,3,0.3,0.3,0.8333333333333334
0.94,0.9315386,0.7096774193548384,0.6744147,2.635012465812312,2.8446069,44.05128205128205,0.9545454545454546,0.8076923076923077,0.875,gnn,3,0.3,0.3,0.8366666666666667
0.9433333333333334,0.9443567,0.7258064516129034,0.73537433,2.866926231284399,3.1164494,43.15384615384615,0.8961038961038961,0.8846153846153846,0.8903225806451613,random,3,0.3,0.3,0.8366666666666667
0.94,0.93253785,0.7096774193548384,0.679167,2.621446196155508,2.8136632,43.717948717948715,0.9545454545454546,0.8076923076923077,0.875,gnn,3,0.3,0.3,0.84
0.9433333333333334,0.9454753,0.7258064516129034,0.74069417,2.8538537009256357,3.0549374,43.01282051282051,0.8961038961038961,0.8846153846153846,0.8903225806451613,random,3,0.3,0.3,0.84
0.9433333333333334,0.933537,0.7258064516129034,0.6839187,2.5861805554346287,2.7894843,43.3974358974359,0.9552238805970149,0.8205128205128205,0.8827586206896552,gnn,3,0.3,0.3,0.8433333333333334
0.9433333333333334,0.9464769,0.7258064516129034,0.7454575,2.8507294354474944,3.0512106,42.94871794871795,0.8961038961038961,0.8846153846153846,0.8903225806451613,random,3,0.3,0.3,0.8433333333333334
0.9433333333333334,0.9345516,0.7258064516129034,0.6887438,2.584665984033084,2.7783415,43.34615384615385,0.9552238805970149,0.8205128205128205,0.8827586206896552,gnn,3,0.3,0.3,0.8466666666666667
0.9466666666666667,0.94510853,0.7419354838709676,0.73894995,2.847990501588589,3.0519178,43.0,0.9078947368421053,0.8846153846153846,0.8961038961038961,random,3,0.3,0.3,0.8466666666666667
0.9433333333333334,0.93496215,0.7258064516129034,0.69069636,2.565869946552434,2.755404,43.34615384615385,0.9552238805970149,0.8205128205128205,0.8827586206896552,gnn,3,0.3,0.3,0.85
0.95,0.9448395,0.758064516129032,0.7376704,2.9090589242150453,3.1122656,42.85897435897436,0.92,0.8846153846153846,0.9019607843137256,random,3,0.3,0.3,0.85
0.9433333333333334,0.9359615,0.7258064516129034,0.69544894,2.49820796057564,2.7400067,43.30769230769231,0.9552238805970149,0.8205128205128205,0.8827586206896552,gnn,3,0.3,0.3,0.8533333333333334
0.95,0.944935,0.758064516129032,0.7381248,2.843948836489971,3.0936134,42.756410256410255,0.92,0.8846153846153846,0.9019607843137256,random,3,0.3,0.3,0.8533333333333334
0.9433333333333334,0.93737876,0.7258064516129034,0.70218915,2.3656856127076837,2.7239454,43.15384615384615,0.9552238805970149,0.8205128205128205,0.8827586206896552,gnn,3,0.3,0.3,0.8566666666666667
0.95,0.94611573,0.758064516129032,0.74373996,2.832646840253751,3.0760372,42.65384615384615,0.92,0.8846153846153846,0.9019607843137256,random,3,0.3,0.3,0.8566666666666667
0.9466666666666667,0.9383778,0.7419354838709676,0.7069403,2.3572484706347816,2.7161617,42.794871794871796,0.9558823529411765,0.8333333333333334,0.8904109589041096,gnn,3,0.3,0.3,0.86
0.95,0.9471156,0.758064516129032,0.7484951,2.8306820397374834,3.0662997,42.56410256410256,0.92,0.8846153846153846,0.9019607843137256,random,3,0.3,0.3,0.86
0.9466666666666667,0.93937767,0.7419354838709676,0.71169543,2.3556217965753437,2.7108426,42.84615384615385,0.9558823529411765,0.8333333333333334,0.8904109589041096,gnn,3,0.3,0.3,0.8633333333333333
0.95,0.9481154,0.758064516129032,0.75324994,2.8256205820412714,3.0565565,42.5,0.92,0.8846153846153846,0.9019607843137256,random,3,0.3,0.3,0.8633333333333333
0.9466666666666667,0.9404985,0.7419354838709676,0.7170257,2.342705053827045,2.6494682,42.743589743589745,0.9558823529411765,0.8333333333333334,0.8904109589041096,gnn,3,0.3,0.3,0.8666666666666667
0.9533333333333334,0.9491164,0.774193548387097,0.75801045,2.819290491658823,3.0499213,42.282051282051285,0.9210526315789473,0.8974358974358975,0.9090909090909091,random,3,0.3,0.3,0.8666666666666667
0.9466666666666667,0.9414982,0.7419354838709676,0.72178024,2.3194544269218937,2.6189332,42.76923076923077,0.9558823529411765,0.8333333333333334,0.8904109589041096,gnn,3,0.3,0.3,0.87
0.9566666666666667,0.948858,0.7903225806451613,0.75678164,2.8157930526327624,3.083203,42.294871794871796,0.9333333333333333,0.8974358974358975,0.9150326797385621,random,3,0.3,0.3,0.87
0.95,0.94291186,0.758064516129032,0.72850317,2.2926057208386257,2.5880225,42.47435897435897,0.9565217391304348,0.8461538461538461,0.8979591836734695,gnn,3,0.3,0.3,0.8733333333333333
0.9566666666666667,0.94999784,0.7903225806451613,0.7622023,2.790104620969997,3.0250242,42.03846153846154,0.9333333333333333,0.8974358974358975,0.9150326797385621,random,3,0.3,0.3,0.8733333333333333
0.95,0.9439113,0.758064516129032,0.7332563,2.2899150946554285,2.5773091,42.41025641025641,0.9565217391304348,0.8461538461538461,0.8979591836734695,gnn,3,0.3,0.3,0.8766666666666667
0.96,0.950997,0.8064516129032256,0.766954,2.762469624288511,2.9882214,41.87179487179487,0.9342105263157895,0.9102564102564102,0.922077922077922,random,3,0.3,0.3,0.8766666666666667
0.95,0.94491524,0.758064516129032,0.73803073,2.2820841791087165,2.5230017,42.3974358974359,0.9565217391304348,0.8461538461538461,0.8979591836734695,gnn,3,0.3,0.3,0.88
0.9633333333333334,0.949626,0.8225806451612905,0.76043403,2.73623206164375,2.988953,41.833333333333336,0.9466666666666667,0.9102564102564102,0.9281045751633987,random,3,0.3,0.3,0.88
0.9533333333333334,0.9459143,0.774193548387097,0.7427821,2.263864478532655,2.511029,42.02564102564103,0.9571428571428572,0.8589743589743589,0.9054054054054054,gnn,3,0.3,0.3,0.8833333333333333
0.9666666666666667,0.9506252,0.8387096774193549,0.7651858,2.724098266173433,2.9751623,41.65384615384615,0.9473684210526315,0.9230769230769231,0.935064935064935,random,3,0.3,0.3,0.8833333333333333
0.9566666666666667,0.9469135,0.7903225806451613,0.74753386,2.258218762426195,2.5057268,41.69230769230769,0.9577464788732394,0.8717948717948718,0.9127516778523489,gnn,3,0.3,0.3,0.8866666666666667
0.9666666666666667,0.9514493,0.8387096774193549,0.76910496,2.6934925003494863,2.8745844,41.56410256410256,0.9473684210526315,0.9230769230769231,0.935064935064935,random,3,0.3,0.3,0.8866666666666667
0.9566666666666667,0.9479132,0.7903225806451613,0.7522884,2.258042485268188,2.4959571,41.65384615384615,0.9577464788732394,0.8717948717948718,0.9127516778523489,gnn,3,0.3,0.3,0.89
0.9633333333333334,0.9532132,0.8225806451612905,0.77749383,2.859177190171556,2.7244027,41.67948717948718,0.935064935064935,0.9230769230769231,0.9290322580645162,random,3,0.3,0.3,0.89
0.9566666666666667,0.948913,0.7903225806451613,0.75704294,2.2549382363454002,2.4803243,41.64102564102564,0.9577464788732394,0.8717948717948718,0.9127516778523489,gnn,3,0.3,0.3,0.8933333333333333
0.9666666666666667,0.95460105,0.8387096774193549,0.784094,2.788003948289624,2.6547031,41.6025641025641,0.9358974358974359,0.9358974358974359,0.9358974358974359,random,3,0.3,0.3,0.8933333333333333
0.9566666666666667,0.94912606,0.7903225806451613,0.75805634,2.2520643168949075,2.4597106,41.64102564102564,0.9577464788732394,0.8717948717948718,0.9127516778523489,gnn,3,0.3,0.3,0.8966666666666666
0.9666666666666667,0.9556007,0.8387096774193549,0.788848,2.7641498800532363,2.648467,41.51282051282051,0.9358974358974359,0.9358974358974359,0.9358974358974359,random,3,0.3,0.3,0.8966666666666666
0.96,0.9501261,0.8064516129032256,0.7628123,2.243379158267603,2.4517386,41.38461538461539,0.9583333333333334,0.8846153846153846,0.9199999999999999,gnn,3,0.3,0.3,0.9
0.97,0.9567179,0.8548387096774193,0.79416126,2.7435900665695874,2.6281917,41.35897435897436,0.9367088607594937,0.9487179487179487,0.9426751592356688,random,3,0.3,0.3,0.9
0.9566666666666667,0.95238537,0.7903225806451613,0.77355677,2.2558235850654302,2.4402854,41.243589743589745,0.9452054794520548,0.8846153846153846,0.9139072847682119,gnn,3,0.3,0.3,0.9033333333333333
0.9733333333333334,0.95771027,0.8709677419354841,0.79888064,2.74168413877928,2.5719094,41.30769230769231,0.9487179487179487,0.9487179487179487,0.9487179487179487,random,3,0.3,0.3,0.9033333333333333
0.9566666666666667,0.9533851,0.7903225806451613,0.7783113,2.253847343999101,2.430522,41.217948717948715,0.9452054794520548,0.8846153846153846,0.9139072847682119,gnn,3,0.3,0.3,0.9066666666666666
0.9766666666666667,0.957701,0.8870967741935485,0.7988367,2.7123466468109867,2.579735,41.282051282051285,0.961038961038961,0.9487179487179487,0.9548387096774195,random,3,0.3,0.3,0.9066666666666666
0.9566666666666667,0.95509005,0.7903225806451613,0.7864196,2.25332045829552,2.4174335,41.05128205128205,0.9452054794520548,0.8846153846153846,0.9139072847682119,gnn,3,0.3,0.3,0.91
0.98,0.9587002,0.9032258064516128,0.80358845,2.703880657053522,2.5719042,41.1025641025641,0.9615384615384616,0.9615384615384616,0.9615384615384616,random,3,0.3,0.3,0.91
0.9566666666666667,0.9560898,0.7903225806451613,0.7911741,2.2515067668313042,2.4106238,41.07692307692308,0.9452054794520548,0.8846153846153846,0.9139072847682119,gnn,3,0.3,0.3,0.9133333333333333
0.98,0.95967996,0.9032258064516128,0.80824804,2.688269663192587,2.5489101,41.08974358974359,0.9615384615384616,0.9615384615384616,0.9615384615384616,random,3,0.3,0.3,0.9133333333333333
0.9566666666666667,0.95708984,0.7903225806451613,0.7959301,2.2514551822302646,2.4070919,40.97435897435897,0.9452054794520548,0.8846153846153846,0.9139072847682119,gnn,3,0.3,0.3,0.9166666666666666
0.9833333333333333,0.96115273,0.9193548387096772,0.8152522,2.6514188269014456,2.5124006,40.88461538461539,0.9620253164556962,0.9743589743589743,0.9681528662420382,random,3,0.3,0.3,0.9166666666666666
0.96,0.9577454,0.8064516129032256,0.7990476,2.1997945058457073,2.3812208,40.717948717948715,0.9459459459459459,0.8974358974358975,0.9210526315789475,gnn,3,0.3,0.3,0.92
0.9833333333333333,0.9621509,0.9193548387096772,0.81999904,2.6356298241650777,2.4880412,40.87179487179487,0.9620253164556962,0.9743589743589743,0.9681528662420382,random,3,0.3,0.3,0.92
0.9633333333333334,0.95924133,0.8225806451612905,0.806162,2.1938146063351964,2.3752756,40.666666666666664,0.9466666666666667,0.9102564102564102,0.9281045751633987,gnn,3,0.3,0.3,0.9233333333333333
0.9833333333333333,0.9628355,0.9193548387096772,0.82325494,2.537621713748796,2.4426212,40.85897435897436,0.9620253164556962,0.9743589743589743,0.9681528662420382,random,3,0.3,0.3,0.9233333333333333
0.9633333333333334,0.960234,0.8225806451612905,0.8108828,2.191668747778589,2.3554504,40.6025641025641,0.9466666666666667,0.9102564102564102,0.9281045751633987,gnn,3,0.3,0.3,0.9266666666666666
0.9833333333333333,0.9631994,0.9193548387096772,0.8249855,2.529333054530722,2.4276893,40.84615384615385,0.9620253164556962,0.9743589743589743,0.9681528662420382,random,3,0.3,0.3,0.9266666666666666
0.9666666666666667,0.96123314,0.8387096774193549,0.81563455,2.165205853451812,2.3395047,40.44871794871795,0.9473684210526315,0.9230769230769231,0.935064935064935,gnn,3,0.3,0.3,0.93
0.9866666666666667,0.9629285,0.9354838709677421,0.82369715,2.418227568222337,2.5098882,40.82051282051282,0.9743589743589743,0.9743589743589743,0.9743589743589743,random,3,0.3,0.3,0.93
0.97,0.96198255,0.8548387096774193,0.81919855,2.0956835840352506,2.3411202,40.37179487179487,0.96,0.9230769230769231,0.9411764705882353,gnn,3,0.3,0.3,0.9333333333333333
0.9866666666666667,0.9629299,0.9354838709677421,0.82370394,2.4182806179762117,2.5098135,40.82051282051282,0.9743589743589743,0.9743589743589743,0.9743589743589743,random,3,0.3,0.3,0.9333333333333333
0.9733333333333334,0.9629816,0.8709677419354841,0.8239497,2.070063935858557,2.3257482,40.205128205128204,0.9605263157894737,0.9358974358974359,0.948051948051948,gnn,3,0.3,0.3,0.9366666666666666
0.99,0.9629026,0.9516129032258064,0.8235741,2.221846560945896,2.5210967,40.76923076923077,0.987012987012987,0.9743589743589743,0.9806451612903225,random,3,0.3,0.3,0.9366666666666666
0.9733333333333334,0.9630012,0.8709677419354841,0.824043,2.070063281757066,2.3255763,40.17948717948718,0.9605263157894737,0.9358974358974359,0.948051948051948,gnn,3,0.3,0.3,0.94
0.9933333333333333,0.9639055,0.9677419354838708,0.8283437,2.2128565158290803,2.5127637,40.61538461538461,0.9871794871794872,0.9871794871794872,0.9871794871794872,random,3,0.3,0.3,0.94
0.9733333333333334,0.96400106,0.8709677419354841,0.8287981,2.0593932747299757,2.3066523,40.08974358974359,0.9605263157894737,0.9358974358974359,0.948051948051948,gnn,3,0.3,0.3,0.9433333333333334
0.9933333333333333,0.9641679,0.9677419354838708,0.8295915,2.1884669941724506,2.48948,40.58974358974359,0.9871794871794872,0.9871794871794872,0.9871794871794872,random,3,0.3,0.3,0.9433333333333334
0.9733333333333334,0.965,0.8709677419354841,0.83354867,2.0355809501766076,2.3003953,40.08974358974359,0.9605263157894737,0.9358974358974359,0.948051948051948,gnn,3,0.3,0.3,0.9466666666666667
0.99,0.96544474,0.9516129032258064,0.8356639,2.0921181289579702,2.3832116,40.64102564102564,0.9746835443037974,0.9871794871794872,0.980891719745223,random,3,0.3,0.3,0.9466666666666667
0.9733333333333334,0.9654442,0.8709677419354841,0.83566135,2.029266447318536,2.278808,40.06410256410256,0.9605263157894737,0.9358974358974359,0.948051948051948,gnn,3,0.3,0.3,0.95
0.99,0.96686196,0.9516129032258064,0.8424038,1.9595954388665828,2.3671513,40.62820512820513,0.9746835443037974,0.9871794871794872,0.980891719745223,random,3,0.3,0.3,0.95
0.9766666666666667,0.9664433,0.8870967741935485,0.8404128,1.9850988320968797,2.2471364,39.96153846153846,0.961038961038961,0.9487179487179487,0.9548387096774195,gnn,3,0.3,0.3,0.9533333333333334
0.99,0.9677947,0.9516129032258064,0.8468398,1.9263337387219717,2.2970512,40.61538461538461,0.9746835443037974,0.9871794871794872,0.980891719745223,random,3,0.3,0.3,0.9533333333333334
0.9766666666666667,0.96715903,0.8870967741935485,0.84381664,1.9839353232202939,2.21977,39.96153846153846,0.961038961038961,0.9487179487179487,0.9548387096774195,gnn,3,0.3,0.3,0.9566666666666667
0.99,0.9675273,0.9516129032258064,0.8455679,1.9262131426870728,2.3013613,39.743589743589745,0.9746835443037974,0.9871794871794872,0.980891719745223,random,3,0.3,0.3,0.9566666666666667
0.98,0.9681811,0.9032258064516128,0.84867716,1.9819505210525885,2.204333,39.92307692307692,0.9736842105263158,0.9487179487179487,0.9610389610389611,gnn,3,0.3,0.3,0.96
0.99,0.96774,0.9516129032258064,0.84657955,1.9233506595210272,2.2808082,39.743589743589745,0.9746835443037974,0.9871794871794872,0.980891719745223,random,3,0.3,0.3,0.96
0.98,0.969166,0.9032258064516128,0.8533611,1.9796885341490376,2.1893132,39.91025641025641,0.9736842105263158,0.9487179487179487,0.9610389610389611,gnn,3,0.3,0.3,0.9633333333333334
0.99,0.96826607,0.9516129032258064,0.8490814,1.9220219790749986,2.2677314,39.717948717948715,0.9746835443037974,0.9871794871794872,0.980891719745223,random,3,0.3,0.3,0.9633333333333334
0.9833333333333333,0.9701651,0.9193548387096772,0.8581126,1.9421523161132768,2.1613386,39.82051282051282,0.974025974025974,0.9615384615384616,0.967741935483871,gnn,3,0.3,0.3,0.9666666666666667
0.99,0.96901304,0.9516129032258064,0.8526338,1.9200698919595736,2.265588,39.717948717948715,0.9746835443037974,0.9871794871794872,0.980891719745223,random,3,0.3,0.3,0.9666666666666667
0.9833333333333333,0.9710545,0.9193548387096772,0.8623425,1.9152845073161147,2.089384,39.82051282051282,0.974025974025974,0.9615384615384616,0.967741935483871,gnn,3,0.3,0.3,0.97
0.99,0.97001284,0.9516129032258064,0.8573886,1.9188549931824666,2.229664,39.705128205128204,0.9746835443037974,0.9871794871794872,0.980891719745223,random,3,0.3,0.3,0.97
0.9833333333333333,0.97205424,0.9193548387096772,0.867097,1.8859704647741709,2.0737534,39.82051282051282,0.974025974025974,0.9615384615384616,0.967741935483871,gnn,3,0.3,0.3,0.9733333333333334
0.9933333333333333,0.9713751,0.9677419354838708,0.8638672,1.938834514237249,2.2000391,39.55128205128205,0.975,1.0,0.9873417721518987,random,3,0.3,0.3,0.9733333333333334
0.9833333333333333,0.9730539,0.9193548387096772,0.87185097,1.8839389350211817,2.027755,39.82051282051282,0.974025974025974,0.9615384615384616,0.967741935483871,gnn,3,0.3,0.3,0.9766666666666667
0.9933333333333333,0.971649,0.9677419354838708,0.8651697,1.8947422919470418,2.1594403,39.55128205128205,0.975,1.0,0.9873417721518987,random,3,0.3,0.3,0.9766666666666667
0.9866666666666667,0.97405297,0.9354838709677421,0.8766024,1.8780671480077944,2.0214906,39.73076923076923,0.9743589743589743,0.9743589743589743,0.9743589743589743,gnn,3,0.3,0.3,0.98
0.9933333333333333,0.9730553,0.9677419354838708,0.8718578,1.894840401021805,2.153245,39.55128205128205,0.975,1.0,0.9873417721518987,random,3,0.3,0.3,0.98
0.9866666666666667,0.9750527,0.9354838709677421,0.88135695,1.8780635045303191,2.0031648,39.73076923076923,0.9743589743589743,0.9743589743589743,0.9743589743589743,gnn,3,0.3,0.3,0.9833333333333333
0.9933333333333333,0.97405505,0.9677419354838708,0.87661237,1.8494623681620685,2.1059282,39.55128205128205,0.975,1.0,0.9873417721518987,random,3,0.3,0.3,0.9833333333333333
0.99,0.97605187,0.9516129032258064,0.8861087,1.8153073351854019,1.9547457,39.64102564102564,0.9746835443037974,0.9871794871794872,0.980891719745223,gnn,3,0.3,0.3,0.9866666666666667
0.9933333333333333,0.97547364,0.9677419354838708,0.88335884,1.8505586986984257,2.0510612,39.55128205128205,0.975,1.0,0.9873417721518987,random,3,0.3,0.3,0.9866666666666667
0.99,0.976346,0.9516129032258064,0.8875076,1.813407871806512,1.9431521,39.64102564102564,0.9746835443037974,0.9871794871794872,0.980891719745223,gnn,3,0.3,0.3,0.99
0.9933333333333333,0.9764014,0.9677419354838708,0.88777095,1.843137180610538,1.9927708,39.55128205128205,0.975,1.0,0.9873417721518987,random,3,0.3,0.3,0.99
0.9933333333333333,0.97734314,0.9677419354838708,0.8922497,1.8077553203491699,1.938108,39.55128205128205,0.975,1.0,0.9873417721518987,gnn,3,0.3,0.3,0.9933333333333333
0.9933333333333333,0.9777897,0.9677419354838708,0.8943734,1.8113622201219288,1.9390104,39.55128205128205,0.975,1.0,0.9873417721518987,random,3,0.3,0.3,0.9933333333333333
0.9933333333333333,0.978344,0.9677419354838708,0.8970096,1.802908925262348,1.9279938,39.55128205128205,0.975,1.0,0.9873417721518987,gnn,3,0.3,0.3,0.9966666666666667
0.9933333333333333,0.97878945,0.9677419354838708,0.89912796,1.8024700427226794,1.9322789,39.55128205128205,0.975,1.0,0.9873417721518987,random,3,0.3,0.3,0.9966666666666667
0.9933333333333333,0.9797892,0.9677419354838708,0.9038825,1.8022937655646725,1.922509,39.55128205128205,0.975,1.0,0.9873417721518987,gnn,3,0.3,0.3,1.0
0.9933333333333333,0.9797892,0.9677419354838708,0.9038825,1.8022937655646725,1.922509,39.55128205128205,0.975,1.0,0.9873417721518987,random,3,0.3,0.3,1.0
0.6966666666666667,0.7007429,-0.21333333333333337,-0.38981575,16.651013711283802,20.472086,138.81521739130434,1.0,0.010869565217391304,0.02150537634408602,gnn,4,0.3,0.3,0.0033333333333333335
0.6966666666666667,0.7007429,-0.21333333333333337,-0.38981575,16.615661424587888,20.502821,151.6413043478261,1.0,0.010869565217391304,0.02150537634408602,random,4,0.3,0.3,0.0033333333333333335
0.6966666666666667,0.70160383,-0.21333333333333337,-0.38581738,16.648054366686786,20.44764,142.8586956521739,1.0,0.010869565217391304,0.02150537634408602,gnn,4,0.3,0.3,0.006666666666666667
0.6966666666666667,0.7000578,-0.21333333333333337,-0.39299747,16.350591851687685,20.39729,145.93478260869566,1.0,0.010869565217391304,0.02150537634408602,random,4,0.3,0.3,0.006666666666666667
0.6966666666666667,0.70193696,-0.21333333333333337,-0.38427025,16.32455864540737,20.35714,135.19565217391303,0.6666666666666666,0.021739130434782608,0.042105263157894736,gnn,4,0.3,0.3,0.01
0.7,0.70105684,-0.20000000000000018,-0.38835773,16.298929427586838,20.331982,143.6413043478261,1.0,0.021739130434782608,0.042553191489361694,random,4,0.3,0.3,0.01
0.7,0.7039333,-0.20000000000000018,-0.37499884,16.118464913079485,20.11179,130.68478260869566,0.75,0.03260869565217391,0.06249999999999999,gnn,4,0.3,0.3,0.013333333333333334
0.7,0.7017789,-0.20000000000000018,-0.38500437,16.222956590347337,20.253887,141.68478260869566,1.0,0.021739130434782608,0.042553191489361694,random,4,0.3,0.3,0.013333333333333334
0.6933333333333334,0.704095,-0.22666666666666657,-0.37424782,15.938960979445568,19.865059,135.55434782608697,0.5,0.03260869565217391,0.06122448979591836,gnn,4,0.3,0.3,0.016666666666666666
0.7,0.70250094,-0.20000000000000018,-0.381651,16.13304662606488,20.167143,142.1195652173913,1.0,0.021739130434782608,0.042553191489361694,random,4,0.3,0.3,0.016666666666666666
0.69,0.70609313,-0.2400000000000002,-0.3649681,15.87231727991287,19.636427,144.09782608695653,0.42857142857142855,0.03260869565217391,0.06060606060606061,gnn,4,0.3,0.3,0.02
0.6966666666666667,0.70163846,-0.21333333333333337,-0.38565657,16.072994991438886,20.128887,133.79347826086956,0.6,0.03260869565217391,0.06185567010309278,random,4,0.3,0.3,0.02
0.6933333333333334,0.7070927,-0.22666666666666657,-0.36032584,15.842550751875535,19.598232,145.0108695652174,0.5,0.043478260869565216,0.08,gnn,4,0.3,0.3,0.023333333333333334
0.69,0.70140094,-0.2400000000000002,-0.38675967,15.961247804357017,20.06554,135.59782608695653,0.42857142857142855,0.03260869565217391,0.06060606060606061,random,4,0.3,0.3,0.023333333333333334
0.6966666666666667,0.7080922,-0.21333333333333337,-0.35568392,15.805166037124518,19.556263,140.9891304347826,0.5555555555555556,0.05434782608695652,0.099009900990099,gnn,4,0.3,0.3,0.02666666666666667
0.6933333333333334,0.7005302,-0.22666666666666657,-0.3908037,15.841566328930737,20.000837,132.83695652173913,0.5,0.05434782608695652,0.09803921568627451,random,4,0.3,0.3,0.02666666666666667
0.7,0.7090917,-0.20000000000000018,-0.35104197,15.779426076289761,19.523531,145.0,0.6,0.06521739130434782,0.11764705882352941,gnn,4,0.3,0.3,0.03
0.69,0.7025296,-0.2400000000000002,-0.38151786,15.612757076940856,19.630869,129.79347826086956,0.45454545454545453,0.05434782608695652,0.09708737864077671,random,4,0.3,0.3,0.03
0.7,0.7090448,-0.20000000000000018,-0.35125983,15.645681572250426,19.302763,134.09782608695653,0.5833333333333334,0.07608695652173914,0.1346153846153846,gnn,4,0.3,0.3,0.03333333333333333
0.6966666666666667,0.7026976,-0.21333333333333337,-0.38073778,15.278947890580797,19.48791,129.02173913043478,0.5384615384615384,0.07608695652173914,0.13333333333333333,random,4,0.3,0.3,0.03333333333333333
0.7033333333333334,0.7100443,-0.18666666666666654,-0.34661788,15.556088495408506,19.20254,138.92391304347825,0.6153846153846154,0.08695652173913043,0.1523809523809524,gnn,4,0.3,0.3,0.03666666666666667
0.7,0.7036971,-0.20000000000000018,-0.37609586,15.236665784643591,19.43209,129.08695652173913,0.5714285714285714,0.08695652173913043,0.15094339622641512,random,4,0.3,0.3,0.03666666666666667
0.7,0.71073544,-0.20000000000000018,-0.3434082,15.433536121757612,18.959423,138.40217391304347,0.5714285714285714,0.08695652173913043,0.15094339622641512,gnn,4,0.3,0.3,0.04
0.7,0.70502704,-0.20000000000000018,-0.36991924,15.298722504831261,19.392477,131.1195652173913,0.5714285714285714,0.08695652173913043,0.15094339622641512,random,4,0.3,0.3,0.04
0.6933333333333334,0.71102405,-0.22666666666666657,-0.34206784,15.451981037764138,18.708656,133.34782608695653,0.5,0.08695652173913043,0.14814814814814817,gnn,4,0.3,0.3,0.043333333333333335
0.6966666666666667,0.70642823,-0.21333333333333337,-0.3634118,15.245499491287216,19.259123,130.02173913043478,0.5384615384615384,0.07608695652173914,0.13333333333333333,random,4,0.3,0.3,0.043333333333333335
0.7,0.71375996,-0.20000000000000018,-0.32936165,15.237663455104599,18.497679,134.3913043478261,0.5625,0.09782608695652174,0.16666666666666669,gnn,4,0.3,0.3,0.04666666666666667
0.6966666666666667,0.70715034,-0.21333333333333337,-0.3600582,15.230410716329656,19.172365,130.81521739130434,0.5384615384615384,0.07608695652173914,0.13333333333333333,random,4,0.3,0.3,0.04666666666666667
0.7033333333333334,0.7155667,-0.18666666666666654,-0.32097077,15.229734347089154,18.230095,130.3586956521739,0.6,0.09782608695652174,0.16822429906542058,gnn,4,0.3,0.3,0.05
0.6966666666666667,0.70787245,-0.21333333333333337,-0.35670453,15.178464344536321,19.091791,127.73913043478261,0.5384615384615384,0.07608695652173914,0.13333333333333333,random,4,0.3,0.3,0.05
0.7066666666666667,0.71656626,-0.17333333333333334,-0.31632856,15.198338372062796,18.200436,131.68478260869566,0.625,0.10869565217391304,0.18518518518518517,gnn,4,0.3,0.3,0.05333333333333334
0.7033333333333334,0.7104873,-0.18666666666666654,-0.34456056,15.33795912471803,18.984303,130.3695652173913,0.6363636363636364,0.07608695652173914,0.1359223300970874,random,4,0.3,0.3,0.05333333333333334
0.7066666666666667,0.718851,-0.17333333333333334,-0.3057179,15.32402118848319,18.108013,132.81521739130434,0.625,0.10869565217391304,0.18518518518518517,gnn,4,0.3,0.3,0.056666666666666664
0.7033333333333334,0.71058124,-0.18666666666666654,-0.34412432,15.175118304265494,18.90772,130.16304347826087,0.6363636363636364,0.07608695652173914,0.1359223300970874,random,4,0.3,0.3,0.056666666666666664
0.71,0.72007227,-0.16000000000000014,-0.3000459,15.37343192073793,18.074461,131.72826086956522,0.6666666666666666,0.10869565217391304,0.18691588785046725,gnn,4,0.3,0.3,0.06
0.7033333333333334,0.7113034,-0.18666666666666654,-0.3407704,15.139130430231784,18.834326,125.1086956521739,0.6363636363636364,0.07608695652173914,0.1359223300970874,random,4,0.3,0.3,0.06
0.71,0.7216097,-0.16000000000000014,-0.2929057,15.3516476698111,18.006758,129.44565217391303,0.6666666666666666,0.10869565217391304,0.18691588785046725,gnn,4,0.3,0.3,0.06333333333333334
0.71,0.7122287,-0.16000000000000014,-0.33647308,15.147160584540625,18.810957,124.71739130434783,0.6923076923076923,0.09782608695652174,0.17142857142857143,random,4,0.3,0.3,0.06333333333333334
0.71,0.72314364,-0.16000000000000014,-0.2857818,15.372142571941804,17.946898,132.42391304347825,0.6666666666666666,0.10869565217391304,0.18691588785046725,gnn,4,0.3,0.3,0.06666666666666667
0.71,0.7129508,-0.16000000000000014,-0.33311945,15.09203694067742,18.718702,123.0,0.6923076923076923,0.09782608695652174,0.17142857142857143,random,4,0.3,0.3,0.06666666666666667
0.71,0.7249121,-0.16000000000000014,-0.27756864,15.366171572349836,17.873682,131.09782608695653,0.6666666666666666,0.10869565217391304,0.18691588785046725,gnn,4,0.3,0.3,0.07
0.7066666666666667,0.7149458,-0.17333333333333334,-0.3238544,14.909079143718124,18.337666,126.34782608695652,0.6428571428571429,0.09782608695652174,0.169811320754717,random,4,0.3,0.3,0.07
0.7133333333333334,0.7262693,-0.1466666666666665,-0.2712655,15.396098021676414,17.811071,135.83695652173913,0.7142857142857143,0.10869565217391304,0.18867924528301885,gnn,4,0.3,0.3,0.07333333333333333
0.7066666666666667,0.71425205,-0.17333333333333334,-0.32707626,14.58998024297421,18.243279,125.29347826086956,0.6428571428571429,0.09782608695652174,0.169811320754717,random,4,0.3,0.3,0.07333333333333333
0.7166666666666667,0.7275945,-0.1333333333333333,-0.26511103,15.401698845227166,17.8152,141.27173913043478,0.7692307692307693,0.10869565217391304,0.19047619047619047,gnn,4,0.3,0.3,0.07666666666666666
0.7066666666666667,0.7148858,-0.17333333333333334,-0.32413313,14.536428480198962,18.149996,129.6304347826087,0.6428571428571429,0.09782608695652174,0.169811320754717,random,4,0.3,0.3,0.07666666666666666
0.7166666666666667,0.7286223,-0.1333333333333333,-0.2603376,15.335783741528752,17.679043,130.59782608695653,0.7692307692307693,0.10869565217391304,0.19047619047619047,gnn,4,0.3,0.3,0.08
0.71,0.71588534,-0.16000000000000014,-0.3194909,14.526672615121376,18.13911,124.70652173913044,0.6666666666666666,0.10869565217391304,0.18691588785046725,random,4,0.3,0.3,0.08
0.7166666666666667,0.7286236,-0.1333333333333333,-0.2603315,15.335831458678868,17.678808,127.8804347826087,0.7692307692307693,0.10869565217391304,0.19047619047619047,gnn,4,0.3,0.3,0.08333333333333333
0.7066666666666667,0.71788377,-0.17333333333333334,-0.31020978,14.735012163162828,17.82847,131.77173913043478,0.625,0.10869565217391304,0.18518518518518517,random,4,0.3,0.3,0.08333333333333333
0.7166666666666667,0.72888225,-0.1333333333333333,-0.2591304,15.335487366099255,17.67737,127.02173913043478,0.7692307692307693,0.10869565217391304,0.19047619047619047,gnn,4,0.3,0.3,0.08666666666666667
0.71,0.71888334,-0.16000000000000014,-0.30556756,14.669359979838509,17.753195,124.29347826086956,0.6470588235294118,0.11956521739130435,0.20183486238532114,random,4,0.3,0.3,0.08666666666666667
0.7166666666666667,0.72960436,-0.1333333333333333,-0.25577676,15.291932406568824,17.596869,126.98913043478261,0.7692307692307693,0.10869565217391304,0.19047619047619047,gnn,4,0.3,0.3,0.09
0.71,0.719888,-0.16000000000000014,-0.3009018,14.34533419866069,17.431812,123.91304347826087,0.631578947368421,0.13043478260869565,0.21621621621621623,random,4,0.3,0.3,0.09
0.72,0.72946846,-0.1200000000000001,-0.2564079,15.260520380662667,17.642168,122.0,0.8333333333333334,0.10869565217391304,0.1923076923076923,gnn,4,0.3,0.3,0.09333333333333334
0.71,0.7206101,-0.16000000000000014,-0.29754817,14.254682448696997,17.336784,118.52173913043478,0.631578947368421,0.13043478260869565,0.21621621621621623,random,4,0.3,0.3,0.09333333333333334
0.72,0.73000044,-0.1200000000000001,-0.2539373,15.166696504333055,17.522192,122.5,0.8333333333333334,0.10869565217391304,0.1923076923076923,gnn,4,0.3,0.3,0.09666666666666666
0.7133333333333334,0.7216097,-0.1466666666666665,-0.2929057,14.211540427307888,17.2894,116.3695652173913,0.65,0.14130434782608695,0.23214285714285715,random,4,0.3,0.3,0.09666666666666666
0.72,0.73100024,-0.1200000000000001,-0.24929398,15.16829883245578,17.502525,121.16304347826087,0.8333333333333334,0.10869565217391304,0.1923076923076923,gnn,4,0.3,0.3,0.1
0.7133333333333334,0.7212701,-0.1466666666666665,-0.29448298,14.106231047131896,17.235067,124.96739130434783,0.65,0.14130434782608695,0.23214285714285715,random,4,0.3,0.3,0.1
0.72,0.73172224,-0.1200000000000001,-0.2459409,15.116171612256924,17.394136,127.23913043478261,0.8333333333333334,0.10869565217391304,0.1923076923076923,gnn,4,0.3,0.3,0.10333333333333333
0.7166666666666667,0.72209144,-0.1333333333333333,-0.29066843,13.989663485608466,17.109219,121.92391304347827,0.6666666666666666,0.15217391304347827,0.24778761061946905,random,4,0.3,0.3,0.10333333333333333
0.72,0.73299843,-0.1200000000000001,-0.24001396,15.089750199564854,17.3181,124.16304347826087,0.8333333333333334,0.10869565217391304,0.1923076923076923,gnn,4,0.3,0.3,0.10666666666666667
0.72,0.72309095,-0.1200000000000001,-0.2860265,13.853235222769099,16.96185,119.6086956521739,0.6818181818181818,0.16304347826086957,0.26315789473684215,random,4,0.3,0.3,0.10666666666666667
0.72,0.7337114,-0.1200000000000001,-0.23670268,15.08684290171607,17.240889,126.3695652173913,0.8333333333333334,0.10869565217391304,0.1923076923076923,gnn,4,0.3,0.3,0.11
0.7133333333333334,0.7250198,-0.1466666666666665,-0.2770684,13.843771911980387,16.8785,120.19565217391305,0.625,0.16304347826086957,0.25862068965517243,random,4,0.3,0.3,0.11
0.72,0.7345347,-0.1200000000000001,-0.23287928,15.082885099783647,17.121847,125.97826086956522,0.8333333333333334,0.10869565217391304,0.1923076923076923,gnn,4,0.3,0.3,0.11333333333333333
0.72,0.7272425,-0.1200000000000001,-0.26674563,13.777207606094798,16.785252,122.34782608695652,0.6818181818181818,0.16304347826086957,0.26315789473684215,random,4,0.3,0.3,0.11333333333333333
0.72,0.73525673,-0.1200000000000001,-0.22952592,15.006338783391353,17.02136,133.94565217391303,0.8333333333333334,0.10869565217391304,0.1923076923076923,gnn,4,0.3,0.3,0.11666666666666667
0.72,0.72946525,-0.1200000000000001,-0.25642285,13.768236506395333,16.728897,117.04347826086956,0.7,0.15217391304347827,0.25,random,4,0.3,0.3,0.11666666666666667
0.7233333333333334,0.7362563,-0.10666666666666647,-0.22488369,14.92943158945456,16.93352,127.20652173913044,0.8461538461538461,0.11956521739130435,0.20952380952380953,gnn,4,0.3,0.3,0.12
0.72,0.73018736,-0.1200000000000001,-0.25306922,13.6788315176046,16.647154,123.22826086956522,0.7,0.15217391304347827,0.25,random,4,0.3,0.3,0.12
0.7233333333333334,0.7369785,-0.10666666666666647,-0.22152978,14.815597377418502,16.838686,123.3804347826087,0.8461538461538461,0.11956521739130435,0.20952380952380953,gnn,4,0.3,0.3,0.12333333333333334
0.72,0.7311875,-0.1200000000000001,-0.24842422,13.670172228244832,16.626396,123.15217391304348,0.7,0.15217391304347827,0.25,random,4,0.3,0.3,0.12333333333333334
0.7233333333333334,0.73797834,-0.10666666666666647,-0.21688618,14.788580841916634,16.72063,122.30434782608695,0.8461538461538461,0.11956521739130435,0.20952380952380953,gnn,4,0.3,0.3,0.12666666666666668
0.7233333333333334,0.7321871,-0.10666666666666647,-0.243782,13.350900377594574,16.393501,121.55434782608695,0.7142857142857143,0.16304347826086957,0.26548672566371684,random,4,0.3,0.3,0.12666666666666668
0.7266666666666667,0.7389779,-0.09333333333333327,-0.21224394,14.643518231798474,16.542084,124.27173913043478,0.8571428571428571,0.13043478260869565,0.22641509433962262,gnn,4,0.3,0.3,0.13
0.7266666666666667,0.73318666,-0.09333333333333327,-0.23913978,12.980415716931299,16.121931,115.42391304347827,0.7272727272727273,0.17391304347826086,0.2807017543859649,random,4,0.3,0.3,0.13
0.7266666666666667,0.7397,-0.09333333333333327,-0.20889032,14.638377964793001,16.443165,120.19565217391305,0.8571428571428571,0.13043478260869565,0.22641509433962262,gnn,4,0.3,0.3,0.13333333333333333
0.73,0.7341862,-0.08000000000000007,-0.23449783,12.749557732885421,15.963968,116.78260869565217,0.7391304347826086,0.18478260869565216,0.29565217391304344,random,4,0.3,0.3,0.13333333333333333
0.7266666666666667,0.7405263,-0.09333333333333327,-0.2050528,14.682074287287652,16.316622,120.30434782608695,0.8571428571428571,0.13043478260869565,0.22641509433962262,gnn,4,0.3,0.3,0.13666666666666666
0.73,0.73503965,-0.08000000000000007,-0.23053409,12.6955451930954,15.895837,110.79347826086956,0.7391304347826086,0.18478260869565216,0.29565217391304344,random,4,0.3,0.3,0.13666666666666666
0.7266666666666667,0.7412485,-0.09333333333333327,-0.20169888,14.594460544290559,16.239033,123.79347826086956,0.8571428571428571,0.13043478260869565,0.22641509433962262,gnn,4,0.3,0.3,0.14
0.73,0.7354665,-0.08000000000000007,-0.2285518,12.554160895575457,15.851171,109.3913043478261,0.7391304347826086,0.18478260869565216,0.29565217391304344,random,4,0.3,0.3,0.14
0.7266666666666667,0.7420748,-0.09333333333333327,-0.19786137,14.520386126720405,16.097721,124.27173913043478,0.8571428571428571,0.13043478260869565,0.22641509433962262,gnn,4,0.3,0.3,0.14333333333333334
0.73,0.7355006,-0.08000000000000007,-0.22839347,12.303217643149056,15.709297,112.65217391304348,0.72,0.1956521739130435,0.3076923076923077,random,4,0.3,0.3,0.14333333333333334
0.7266666666666667,0.7427987,-0.09333333333333327,-0.19449942,14.405216097012705,15.999769,126.21739130434783,0.8571428571428571,0.13043478260869565,0.22641509433962262,gnn,4,0.3,0.3,0.14666666666666667
0.7266666666666667,0.7375,-0.09333333333333327,-0.21910763,12.40918095885489,15.356348,112.77173913043478,0.6923076923076923,0.1956521739130435,0.3050847457627119,random,4,0.3,0.3,0.14666666666666667
0.7266666666666667,0.74352074,-0.09333333333333327,-0.19114606,14.31598899323375,15.906667,123.52173913043478,0.8571428571428571,0.13043478260869565,0.22641509433962262,gnn,4,0.3,0.3,0.15
0.73,0.7389559,-0.08000000000000007,-0.21234609,12.34101830444314,15.2694,119.69565217391305,0.7037037037037037,0.20652173913043478,0.31932773109243695,random,4,0.3,0.3,0.15
0.7266666666666667,0.7442429,-0.09333333333333327,-0.18779215,14.213710315848942,15.824743,119.07608695652173,0.8571428571428571,0.13043478260869565,0.22641509433962262,gnn,4,0.3,0.3,0.15333333333333332
0.7333333333333333,0.7399554,-0.06666666666666687,-0.20770416,11.947262402657662,15.020733,119.56521739130434,0.7142857142857143,0.21739130434782608,0.3333333333333333,random,4,0.3,0.3,0.15333333333333332
0.73,0.74572355,-0.08000000000000007,-0.18091573,14.067253827535643,15.688718,116.33695652173913,0.8666666666666667,0.14130434782608695,0.24299065420560745,gnn,4,0.3,0.3,0.15666666666666668
0.7366666666666667,0.740955,-0.05333333333333323,-0.20306192,11.668882501848621,14.761639,117.67391304347827,0.7241379310344828,0.22826086956521738,0.3471074380165289,random,4,0.3,0.3,0.15666666666666668
0.7333333333333333,0.7467231,-0.06666666666666687,-0.17627351,14.040317568070183,15.65153,116.1086956521739,0.875,0.15217391304347827,0.2592592592592593,gnn,4,0.3,0.3,0.16
0.74,0.74195457,-0.040000000000000036,-0.1984197,11.62541348722107,14.689629,118.25,0.7333333333333333,0.2391304347826087,0.36065573770491804,random,4,0.3,0.3,0.16
0.7333333333333333,0.74724185,-0.06666666666666687,-0.17386436,14.03660550542364,15.6081705,113.1413043478261,0.875,0.15217391304347827,0.2592592592592593,gnn,4,0.3,0.3,0.16333333333333333
0.74,0.7430056,-0.040000000000000036,-0.19353859,11.563101669776696,14.662126,114.45652173913044,0.7333333333333333,0.2391304347826087,0.36065573770491804,random,4,0.3,0.3,0.16333333333333333
0.7366666666666667,0.74824274,-0.05333333333333323,-0.16921607,13.627364023371735,15.248141,112.21739130434783,0.8823529411764706,0.16304347826086957,0.27522935779816515,gnn,4,0.3,0.3,0.16666666666666666
0.7433333333333333,0.7446614,-0.02666666666666684,-0.18584861,11.402756347161963,14.536429,109.42391304347827,0.7419354838709677,0.25,0.37398373983739835,random,4,0.3,0.3,0.16666666666666666
0.7366666666666667,0.749243,-0.05333333333333323,-0.16457051,13.624411287194064,15.207269,110.71739130434783,0.8823529411764706,0.16304347826086957,0.27522935779816515,gnn,4,0.3,0.3,0.17
0.7466666666666667,0.74566096,-0.013333333333333197,-0.18120639,11.325214284565913,14.464469,107.17391304347827,0.75,0.2608695652173913,0.3870967741935483,random,4,0.3,0.3,0.17
0.7366666666666667,0.75024295,-0.05333333333333323,-0.15992664,13.571572946182435,15.124691,108.05434782608695,0.8823529411764706,0.16304347826086957,0.27522935779816515,gnn,4,0.3,0.3,0.17333333333333334
0.75,0.7466605,0.0,-0.17656444,11.286555697765966,14.419954,107.09782608695652,0.7575757575757576,0.2717391304347826,0.4,random,4,0.3,0.3,0.17333333333333334
0.7366666666666667,0.75096506,-0.05333333333333323,-0.156573,13.519116518206115,15.03269,116.52173913043478,0.8823529411764706,0.16304347826086957,0.27522935779816515,gnn,4,0.3,0.3,0.17666666666666667
0.7466666666666667,0.74851596,-0.013333333333333197,-0.16794713,11.172273139662433,14.268382,111.94565217391305,0.7352941176470589,0.2717391304347826,0.3968253968253968,random,4,0.3,0.3,0.17666666666666667
0.7366666666666667,0.7519649,-0.05333333333333323,-0.1519294,13.491883691700307,14.966108,114.54347826086956,0.8823529411764706,0.16304347826086957,0.27522935779816515,gnn,4,0.3,0.3,0.18
0.75,0.74951553,0.0,-0.16330491,10.962364308580023,14.146836,107.81521739130434,0.7428571428571429,0.2826086956521739,0.4094488188976378,random,4,0.3,0.3,0.18
0.7366666666666667,0.7518701,-0.05333333333333323,-0.1523698,13.442435135931143,14.803434,118.27173913043478,0.8823529411764706,0.16304347826086957,0.27522935779816515,gnn,4,0.3,0.3,0.18333333333333332
0.75,0.75158477,0.0,-0.15369493,10.98980024609947,14.059352,103.40217391304348,0.7428571428571429,0.2826086956521739,0.4094488188976378,random,4,0.3,0.3,0.18333333333333332
0.74,0.75286967,-0.040000000000000036,-0.14772758,13.41389417571212,14.765127,112.17391304347827,0.8888888888888888,0.17391304347826086,0.29090909090909095,gnn,4,0.3,0.3,0.18666666666666668
0.7466666666666667,0.75127673,-0.013333333333333197,-0.15512551,11.008010366267966,13.950875,104.6195652173913,0.7222222222222222,0.2826086956521739,0.40625,random,4,0.3,0.3,0.18666666666666668
0.7433333333333333,0.75386924,-0.02666666666666684,-0.14308536,13.264594015067127,14.505088,116.08695652173913,0.8947368421052632,0.18478260869565216,0.3063063063063063,gnn,4,0.3,0.3,0.19
0.75,0.75295484,0.0,-0.14733201,10.978727482347137,13.817323,107.76086956521739,0.7428571428571429,0.2826086956521739,0.4094488188976378,random,4,0.3,0.3,0.19
0.7433333333333333,0.75459135,-0.02666666666666684,-0.13973172,13.212504740637502,14.426589,112.0,0.8947368421052632,0.18478260869565216,0.3063063063063063,gnn,4,0.3,0.3,0.19333333333333333
0.75,0.7536769,0.0,-0.14397864,10.911078957128428,13.754022,106.79347826086956,0.7428571428571429,0.2826086956521739,0.4094488188976378,random,4,0.3,0.3,0.19333333333333333
0.7466666666666667,0.7555909,-0.013333333333333197,-0.1350895,12.880071740369974,14.199982,109.93478260869566,0.9,0.1956521739130435,0.3214285714285714,gnn,4,0.3,0.3,0.19666666666666666
0.75,0.754399,0.0,-0.14062501,10.875898284752623,13.67665,106.09782608695652,0.7428571428571429,0.2826086956521739,0.4094488188976378,random,4,0.3,0.3,0.19666666666666666
0.75,0.7565904,0.0,-0.13044755,12.846522698245149,14.137306,111.15217391304348,0.9047619047619048,0.20652173913043478,0.336283185840708,gnn,4,0.3,0.3,0.2
0.75,0.7564504,0.0,-0.1310978,11.01037871431226,13.606688,109.83695652173913,0.7428571428571429,0.2826086956521739,0.4094488188976378,random,4,0.3,0.3,0.2
0.75,0.75771,0.0,-0.1252481,12.84551311186637,14.129365,109.75,0.9047619047619048,0.20652173913043478,0.336283185840708,gnn,4,0.3,0.3,0.20333333333333334
0.7433333333333333,0.75720876,-0.02666666666666684,-0.12757586,10.863895537211022,13.512397,109.67391304347827,0.7027027027027027,0.2826086956521739,0.40310077519379844,random,4,0.3,0.3,0.20333333333333334
0.75,0.7584321,0.0,-0.12189446,12.751467460245513,14.031009,111.57608695652173,0.9047619047619048,0.20652173913043478,0.336283185840708,gnn,4,0.3,0.3,0.20666666666666667
0.7466666666666667,0.7582085,-0.013333333333333197,-0.1229328,10.848383914942541,13.495914,109.07608695652173,0.7105263157894737,0.29347826086956524,0.4153846153846154,random,4,0.3,0.3,0.20666666666666667
0.75,0.7583373,0.0,-0.1223346,12.646235978298463,13.869488,111.1195652173913,0.9047619047619048,0.20652173913043478,0.336283185840708,gnn,4,0.3,0.3,0.21
0.7533333333333333,0.75984406,0.013333333333333197,-0.11533694,10.800124091795098,13.391967,107.19565217391305,0.7368421052631579,0.30434782608695654,0.43076923076923074,random,4,0.3,0.3,0.21
0.7533333333333333,0.7593368,0.013333333333333197,-0.11769265,12.34924455550303,13.612668,119.80434782608695,0.9090909090909091,0.21739130434782608,0.3508771929824562,gnn,4,0.3,0.3,0.21333333333333335
0.7566666666666667,0.76184314,0.02666666666666684,-0.10605277,10.42218494860543,13.043838,102.97826086956522,0.7435897435897436,0.31521739130434784,0.44274809160305345,random,4,0.3,0.3,0.21333333333333335
0.7533333333333333,0.760059,0.013333333333333197,-0.11433873,12.333004132709412,13.544297,118.53260869565217,0.9090909090909091,0.21739130434782608,0.3508771929824562,gnn,4,0.3,0.3,0.21666666666666667
0.7566666666666667,0.7623857,0.02666666666666684,-0.1035329,10.387243911943674,13.003654,102.58695652173913,0.7435897435897436,0.31521739130434784,0.44274809160305345,random,4,0.3,0.3,0.21666666666666667
0.7566666666666667,0.76105726,0.02666666666666684,-0.1097026,12.045864780616988,13.256754,117.02173913043478,0.9130434782608695,0.22826086956521738,0.36521739130434777,gnn,4,0.3,0.3,0.22
0.7533333333333333,0.7637511,0.013333333333333197,-0.097191855,10.400783036423604,12.931162,100.26086956521739,0.725,0.31521739130434784,0.4393939393939394,random,4,0.3,0.3,0.22
0.7566666666666667,0.76205844,0.02666666666666684,-0.10505291,12.028927686399713,13.215816,113.42391304347827,0.9130434782608695,0.22826086956521738,0.36521739130434777,gnn,4,0.3,0.3,0.22333333333333333
0.7533333333333333,0.7647511,0.013333333333333197,-0.0925477,10.39929766044858,12.892142,104.6195652173913,0.725,0.31521739130434784,0.4393939393939394,random,4,0.3,0.3,0.22333333333333333
0.76,0.76305795,0.040000000000000036,-0.10041096,11.66668039691435,12.93132,108.48913043478261,0.9166666666666666,0.2391304347826087,0.3793103448275862,gnn,4,0.3,0.3,0.22666666666666666
0.7533333333333333,0.76587385,0.013333333333333197,-0.08733329,10.410952821048413,12.869082,108.8586956521739,0.725,0.31521739130434784,0.4393939393939394,random,4,0.3,0.3,0.22666666666666666
0.76,0.7640578,0.040000000000000036,-0.09576736,11.670725546537843,12.905516,106.90217391304348,0.9166666666666666,0.2391304347826087,0.3793103448275862,gnn,4,0.3,0.3,0.23
0.75,0.7678698,0.0,-0.0780638,10.366668287426632,12.603797,110.44565217391305,0.7073170731707317,0.31521739130434784,0.43609022556390975,random,4,0.3,0.3,0.23
0.76,0.76478004,0.040000000000000036,-0.092413165,11.61846901705968,12.821974,105.08695652173913,0.9166666666666666,0.2391304347826087,0.3793103448275862,gnn,4,0.3,0.3,0.23333333333333334
0.75,0.76859194,0.0,-0.074709885,10.279957575284508,12.530482,106.78260869565217,0.7073170731707317,0.31521739130434784,0.43609022556390975,random,4,0.3,0.3,0.23333333333333334
0.7633333333333333,0.7657795,0.05333333333333323,-0.0877715,11.367586401193396,12.618459,106.3913043478261,0.92,0.25,0.3931623931623932,gnn,4,0.3,0.3,0.23666666666666666
0.7466666666666667,0.770591,-0.013333333333333197,-0.06542572,10.310282053220083,12.383076,104.98913043478261,0.6904761904761905,0.31521739130434784,0.43283582089552236,random,4,0.3,0.3,0.23666666666666666
0.7633333333333333,0.7665004,0.05333333333333323,-0.08442339,11.27325843649291,12.520079,106.22826086956522,0.92,0.25,0.3931623931623932,gnn,4,0.3,0.3,0.24
0.7466666666666667,0.77020365,-0.013333333333333197,-0.06722475,10.151045966559826,12.276282,104.95652173913044,0.6818181818181818,0.32608695652173914,0.4411764705882353,random,4,0.3,0.3,0.24
0.7666666666666667,0.7675013,0.06666666666666687,-0.07977508,11.132162695051251,12.403827,105.3804347826087,0.9230769230769231,0.2608695652173913,0.4067796610169491,gnn,4,0.3,0.3,0.24333333333333335
0.7466666666666667,0.77123433,-0.013333333333333197,-0.062438026,10.196342066328224,12.234089,103.34782608695652,0.6818181818181818,0.32608695652173914,0.4411764705882353,random,4,0.3,0.3,0.24333333333333335
0.7666666666666667,0.76822335,0.06666666666666687,-0.076421715,11.056929020568958,12.316466,103.04347826086956,0.9230769230769231,0.2608695652173913,0.4067796610169491,gnn,4,0.3,0.3,0.24666666666666667
0.7466666666666667,0.77201957,-0.013333333333333197,-0.05879124,10.163270431269014,12.1395855,105.29347826086956,0.6818181818181818,0.32608695652173914,0.4411764705882353,random,4,0.3,0.3,0.24666666666666667
0.7666666666666667,0.7692124,0.06666666666666687,-0.07182822,11.01258811371672,12.21344,102.71739130434783,0.9230769230769231,0.2608695652173913,0.4067796610169491,gnn,4,0.3,0.3,0.25
0.75,0.7730193,0.0,-0.054148186,10.158270159817722,12.13418,103.72826086956522,0.6888888888888889,0.33695652173913043,0.45255474452554745,random,4,0.3,0.3,0.25
0.7666666666666667,0.7692537,0.06666666666666687,-0.07163666,11.11167746545069,12.2677965,103.59782608695652,0.9230769230769231,0.2608695652173913,0.4067796610169491,gnn,4,0.3,0.3,0.25333333333333335
0.7466666666666667,0.77496874,-0.013333333333333197,-0.04509461,10.221929582369071,12.006302,107.52173913043478,0.6818181818181818,0.32608695652173914,0.4411764705882353,random,4,0.3,0.3,0.25333333333333335
0.7666666666666667,0.76997566,0.06666666666666687,-0.06828357,11.029104559369033,12.199123,104.29347826086956,0.9230769230769231,0.2608695652173913,0.4067796610169491,gnn,4,0.3,0.3,0.25666666666666665
0.7466666666666667,0.7753183,-0.013333333333333197,-0.043471076,10.169245669650332,11.983671,108.08695652173913,0.6818181818181818,0.32608695652173914,0.4411764705882353,random,4,0.3,0.3,0.25666666666666665
0.77,0.77097476,0.08000000000000007,-0.06364357,10.699831993585159,11.919921,102.26086956521739,0.9259259259259259,0.2717391304347826,0.42016806722689076,gnn,4,0.3,0.3,0.26
0.7466666666666667,0.77557343,-0.013333333333333197,-0.0422863,9.989593783705468,11.950251,105.67391304347827,0.6818181818181818,0.32608695652173914,0.4411764705882353,random,4,0.3,0.3,0.26
0.77,0.77197456,0.08000000000000007,-0.059000235,10.717285617062803,11.90854,100.78260869565217,0.9259259259259259,0.2717391304347826,0.42016806722689076,gnn,4,0.3,0.3,0.2633333333333333
0.75,0.7770187,0.0,-0.035574038,9.959880793249367,11.901174,103.8804347826087,0.6976744186046512,0.32608695652173914,0.4444444444444445,random,4,0.3,0.3,0.2633333333333333
0.77,0.7726966,0.08000000000000007,-0.055646874,10.605060544562315,11.809252,99.05434782608695,0.9259259259259259,0.2717391304347826,0.42016806722689076,gnn,4,0.3,0.3,0.26666666666666666
0.7433333333333333,0.777364,-0.02666666666666684,-0.033970438,9.659678724969558,11.738983,104.79347826086956,0.6666666666666666,0.32608695652173914,0.43795620437956206,random,4,0.3,0.3,0.26666666666666666
0.7733333333333333,0.7736957,0.09333333333333327,-0.05100687,10.340603815701432,11.593101,99.26086956521739,0.9285714285714286,0.2826086956521739,0.4333333333333333,gnn,4,0.3,0.3,0.27
0.7466666666666667,0.77836376,-0.013333333333333197,-0.029327385,9.601820345335625,11.686106,105.42391304347827,0.6739130434782609,0.33695652173913043,0.4492753623188406,random,4,0.3,0.3,0.27
0.7733333333333333,0.77360106,0.09333333333333327,-0.051446453,10.22761815090568,11.473614,100.6086956521739,0.9285714285714286,0.2826086956521739,0.4333333333333333,gnn,4,0.3,0.3,0.2733333333333333
0.7466666666666667,0.777961,-0.013333333333333197,-0.031197837,9.473710436362857,11.6247425,107.41304347826087,0.6739130434782609,0.33695652173913043,0.4492753623188406,random,4,0.3,0.3,0.2733333333333333
0.7733333333333333,0.7743231,0.09333333333333327,-0.04809309,10.169579126564122,11.396191,100.5,0.9285714285714286,0.2826086956521739,0.4333333333333333,gnn,4,0.3,0.3,0.27666666666666667
0.75,0.7788414,0.0,-0.027109249,9.25776256262462,11.508069,105.94565217391305,0.6808510638297872,0.34782608695652173,0.460431654676259,random,4,0.3,0.3,0.27666666666666667
0.7733333333333333,0.7744354,0.09333333333333327,-0.047571566,10.134033313312527,11.3323765,104.82608695652173,0.9285714285714286,0.2826086956521739,0.4333333333333333,gnn,4,0.3,0.3,0.28
0.75,0.78005147,0.0,-0.02148931,9.336706784168502,11.506112,103.81521739130434,0.6808510638297872,0.34782608695652173,0.460431654676259,random,4,0.3,0.3,0.28
0.7733333333333333,0.7751576,0.09333333333333327,-0.04421765,10.165535879196636,11.2469845,105.45652173913044,0.9285714285714286,0.2826086956521739,0.4333333333333333,gnn,4,0.3,0.3,0.2833333333333333
0.75,0.7800522,0.0,-0.021485988,9.33665498932022,11.505801,101.79347826086956,0.6808510638297872,0.34782608695652173,0.460431654676259,random,4,0.3,0.3,0.2833333333333333
0.77,0.7765303,0.08000000000000007,-0.037842277,10.165985715346151,11.171926,105.23913043478261,0.896551724137931,0.2826086956521739,0.42975206611570244,gnn,4,0.3,0.3,0.2866666666666667
0.75,0.78077435,0.0,-0.018132072,9.25127486429032,11.448457,103.06521739130434,0.6808510638297872,0.34782608695652173,0.460431654676259,random,4,0.3,0.3,0.2866666666666667
0.77,0.7772524,0.08000000000000007,-0.034488916,10.110231888119689,11.102012,103.8695652173913,0.896551724137931,0.2826086956521739,0.42975206611570244,gnn,4,0.3,0.3,0.29
0.7533333333333333,0.7817741,0.013333333333333197,-0.013489019,9.246073544012328,11.443071,103.06521739130434,0.6875,0.358695652173913,0.4714285714285714,random,4,0.3,0.3,0.29
0.7733333333333333,0.77862823,0.09333333333333327,-0.028099148,10.126451213964637,11.075988,99.54347826086956,0.9285714285714286,0.2826086956521739,0.4333333333333333,gnn,4,0.3,0.3,0.29333333333333333
0.7533333333333333,0.7824963,0.013333333333333197,-0.010135103,9.16276235276377,11.389761,102.31521739130434,0.6875,0.358695652173913,0.4714285714285714,random,4,0.3,0.3,0.29333333333333333
0.7733333333333333,0.7797775,0.09333333333333327,-0.022761561,10.142426602654938,10.992196,101.02173913043478,0.9285714285714286,0.2826086956521739,0.4333333333333333,gnn,4,0.3,0.3,0.2966666666666667
0.75,0.7844951,0.0,-0.0008520429,9.060301501694495,11.181904,102.78260869565217,0.673469387755102,0.358695652173913,0.46808510638297873,random,4,0.3,0.3,0.2966666666666667
0.7733333333333333,0.7807773,0.09333333333333327,-0.018118508,10.047154955982778,10.871487,102.1304347826087,0.9285714285714286,0.2826086956521739,0.4333333333333333,gnn,4,0.3,0.3,0.3
0.75,0.7846786,0.0,0.0,8.930758484892783,11.137225,104.57608695652173,0.673469387755102,0.358695652173913,0.46808510638297873,random,4,0.3,0.3,0.3
0.7733333333333333,0.78210336,0.09333333333333327,-0.0119598815,9.982426118280467,10.923312,101.73913043478261,0.9285714285714286,0.2826086956521739,0.4333333333333333,gnn,4,0.3,0.3,0.30333333333333334
0.75,0.78652465,0.0,0.008573579,8.890158404381586,11.086307,103.66304347826087,0.673469387755102,0.358695652173913,0.46808510638297873,random,4,0.3,0.3,0.30333333333333334
0.7733333333333333,0.7831031,0.09333333333333327,-0.0073168287,9.976624588890424,10.899649,102.3804347826087,0.9285714285714286,0.2826086956521739,0.4333333333333333,gnn,4,0.3,0.3,0.30666666666666664
0.7533333333333333,0.78873014,0.013333333333333197,0.018816363,8.834549512390033,11.014881,100.66304347826087,0.6875,0.358695652173913,0.4714285714285714,random,4,0.3,0.3,0.30666666666666664
0.7766666666666666,0.78236544,0.10666666666666647,-0.0107427165,10.14064615461772,10.88969,101.68478260869566,0.9629629629629629,0.2826086956521739,0.4369747899159664,gnn,4,0.3,0.3,0.31
0.7533333333333333,0.78947604,0.013333333333333197,0.022280453,8.76550019998139,10.942996,100.07608695652173,0.6875,0.358695652173913,0.4714285714285714,random,4,0.3,0.3,0.31
0.7766666666666666,0.7828604,0.10666666666666647,-0.008444028,10.15063891744977,10.884809,100.83695652173913,0.9629629629629629,0.2826086956521739,0.4369747899159664,gnn,4,0.3,0.3,0.31333333333333335
0.7533333333333333,0.79019815,0.013333333333333197,0.025634091,8.715796897259585,10.88613,97.95652173913044,0.6875,0.358695652173913,0.4714285714285714,random,4,0.3,0.3,0.31333333333333335
0.7766666666666666,0.78405005,0.10666666666666647,-0.002919036,10.099962609891065,10.86292,100.1304347826087,0.9629629629629629,0.2826086956521739,0.4369747899159664,gnn,4,0.3,0.3,0.31666666666666665
0.7533333333333333,0.79098445,0.013333333333333197,0.029285861,8.66676405670312,10.819686,100.72826086956522,0.6875,0.358695652173913,0.4714285714285714,random,4,0.3,0.3,0.31666666666666665
0.7766666666666666,0.78461444,0.10666666666666647,-0.00029785518,10.004502710492137,10.826669,104.6086956521739,0.9629629629629629,0.2826086956521739,0.4369747899159664,gnn,4,0.3,0.3,0.32
0.7533333333333333,0.7915439,0.013333333333333197,0.031884067,8.466129397365007,10.727578,100.8586956521739,0.68,0.3695652173913043,0.4788732394366197,random,4,0.3,0.3,0.32
0.7766666666666666,0.785614,0.10666666666666647,0.004344367,9.930919842644183,10.747538,104.28260869565217,0.9629629629629629,0.2826086956521739,0.4369747899159664,gnn,4,0.3,0.3,0.3233333333333333
0.7566666666666667,0.79254365,0.02666666666666684,0.03652712,8.398508944028503,10.653788,100.07608695652173,0.6862745098039216,0.3804347826086957,0.48951048951048964,random,4,0.3,0.3,0.3233333333333333
0.78,0.7867397,0.1200000000000001,0.009572335,9.775279644391125,10.761292,100.90217391304348,1.0,0.2826086956521739,0.4406779661016949,gnn,4,0.3,0.3,0.32666666666666666
0.7566666666666667,0.79389954,0.02666666666666684,0.042824153,8.391034306052157,10.611703,98.96739130434783,0.6862745098039216,0.3804347826086957,0.48951048951048964,random,4,0.3,0.3,0.32666666666666666
0.78,0.78727305,0.1200000000000001,0.012049293,9.789038704781847,10.680445,99.5,1.0,0.2826086956521739,0.4406779661016949,gnn,4,0.3,0.3,0.33
0.76,0.7948994,0.040000000000000036,0.04746776,8.36693234744302,10.581597,98.66304347826087,0.6923076923076923,0.391304347826087,0.5,random,4,0.3,0.3,0.33
0.7833333333333333,0.7882725,0.1333333333333333,0.016690962,9.763729951870342,10.661478,97.76086956521739,1.0,0.29347826086956524,0.45378151260504207,gnn,4,0.3,0.3,0.3333333333333333
0.76,0.7991938,0.040000000000000036,0.06741188,8.727463919458144,10.410996,99.29347826086956,0.6923076923076923,0.391304347826087,0.5,random,4,0.3,0.3,0.3333333333333333
0.78,0.79026794,0.1200000000000001,0.025958244,9.824478736540208,10.543609,98.98913043478261,0.9642857142857143,0.29347826086956524,0.45,gnn,4,0.3,0.3,0.33666666666666667
0.76,0.80019397,0.040000000000000036,0.07205687,8.726371221398402,10.374938,97.97826086956522,0.6923076923076923,0.391304347826087,0.5,random,4,0.3,0.3,0.33666666666666667
0.7833333333333333,0.79126704,0.1333333333333333,0.030598251,9.757947563356547,10.468514,99.22826086956522,0.9655172413793104,0.30434782608695654,0.46280991735537186,gnn,4,0.3,0.3,0.34
0.76,0.8009161,0.040000000000000036,0.07541051,8.660045818334533,10.305214,99.04347826086956,0.6923076923076923,0.391304347826087,0.5,random,4,0.3,0.3,0.34
0.7833333333333333,0.7922668,0.1333333333333333,0.035241306,9.74053364837303,10.440838,99.04347826086956,0.9655172413793104,0.30434782608695654,0.46280991735537186,gnn,4,0.3,0.3,0.3433333333333333
0.7633333333333333,0.8006422,0.05333333333333323,0.07413853,8.63703760600174,10.3866,99.6195652173913,0.7058823529411765,0.391304347826087,0.5034965034965035,random,4,0.3,0.3,0.3433333333333333
0.7833333333333333,0.7932672,0.1333333333333333,0.039887402,9.743387181673551,10.43477,99.3586956521739,0.9655172413793104,0.30434782608695654,0.46280991735537186,gnn,4,0.3,0.3,0.3466666666666667
0.7633333333333333,0.8015033,0.05333333333333323,0.07813771,8.626625385662422,10.360039,98.90217391304348,0.7058823529411765,0.391304347826087,0.5034965034965035,random,4,0.3,0.3,0.3466666666666667
0.7833333333333333,0.79426694,0.1333333333333333,0.044530455,9.744278531851453,10.404469,100.42391304347827,0.9655172413793104,0.30434782608695654,0.46280991735537186,gnn,4,0.3,0.3,0.35
0.7666666666666667,0.802677,0.06666666666666687,0.08358851,8.72286713981791,10.2831335,96.40217391304348,0.72,0.391304347826087,0.5070422535211268,random,4,0.3,0.3,0.35
0.7833333333333333,0.7957597,0.1333333333333333,0.05146306,9.741652343166042,10.380691,99.06521739130434,0.9655172413793104,0.30434782608695654,0.46280991735537186,gnn,4,0.3,0.3,0.35333333333333333
0.77,0.80199486,0.08000000000000007,0.08042062,8.553308418723015,10.3415785,95.26086956521739,0.7346938775510204,0.391304347826087,0.5106382978723404,random,4,0.3,0.3,0.35333333333333333
0.78,0.7967369,0.1200000000000001,0.056001477,9.484078940032889,10.228081,99.1413043478261,0.9333333333333333,0.30434782608695654,0.45901639344262296,gnn,4,0.3,0.3,0.3566666666666667
0.77,0.8031835,0.08000000000000007,0.085940905,8.53335079044495,10.247652,94.80434782608695,0.7346938775510204,0.391304347826087,0.5106382978723404,random,4,0.3,0.3,0.3566666666666667
0.7833333333333333,0.797736,0.1333333333333333,0.060641486,9.43873044165573,10.199134,95.58695652173913,0.9354838709677419,0.31521739130434784,0.4715447154471545,gnn,4,0.3,0.3,0.36
0.77,0.80400634,0.08000000000000007,0.08976237,8.52765514736484,10.212872,92.53260869565217,0.7346938775510204,0.391304347826087,0.5106382978723404,random,4,0.3,0.3,0.36
0.7866666666666666,0.7984799,0.1466666666666665,0.064096436,9.55695386115408,10.184186,94.01086956521739,0.9666666666666667,0.31521739130434784,0.4754098360655738,gnn,4,0.3,0.3,0.36333333333333334
0.7733333333333333,0.8050061,0.09333333333333327,0.09440541,8.499531876320923,10.185786,91.26086956521739,0.74,0.40217391304347827,0.5211267605633803,random,4,0.3,0.3,0.36333333333333334
0.79,0.799479,0.16000000000000014,0.06873645,9.426333687451217,10.049283,89.03260869565217,0.967741935483871,0.32608695652173914,0.4878048780487805,gnn,4,0.3,0.3,0.36666666666666664
0.7766666666666666,0.8058195,0.10666666666666647,0.09818314,8.380936313455335,10.121183,91.70652173913044,0.7450980392156863,0.41304347826086957,0.5314685314685315,random,4,0.3,0.3,0.36666666666666664
0.7866666666666666,0.7997764,0.1466666666666665,0.07011749,9.267744125537025,10.002359,87.93478260869566,0.9375,0.32608695652173914,0.48387096774193544,gnn,4,0.3,0.3,0.37
0.7733333333333333,0.8067745,0.09333333333333327,0.1026183,8.424921022046766,9.870758,91.25,0.7307692307692307,0.41304347826086957,0.5277777777777778,random,4,0.3,0.3,0.37
0.7866666666666666,0.7998856,0.1466666666666665,0.07062461,9.184608996486908,9.971136,89.04347826086956,0.9375,0.32608695652173914,0.48387096774193544,gnn,4,0.3,0.3,0.37333333333333335
0.7766666666666666,0.80777425,0.10666666666666647,0.10726135,8.398318173273708,9.848729,89.30434782608695,0.7358490566037735,0.42391304347826086,0.5379310344827586,random,4,0.3,0.3,0.37333333333333335
0.7866666666666666,0.8008853,0.1466666666666665,0.075267665,9.185762704656154,9.962062,90.09782608695652,0.9375,0.32608695652173914,0.48387096774193544,gnn,4,0.3,0.3,0.37666666666666665
0.7766666666666666,0.80900615,0.10666666666666647,0.11298261,8.251212299416295,9.609997,89.98913043478261,0.7272727272727273,0.43478260869565216,0.54421768707483,random,4,0.3,0.3,0.37666666666666665
0.7866666666666666,0.8019866,0.1466666666666665,0.08038214,9.161218737466267,9.902468,86.58695652173913,0.9375,0.32608695652173914,0.48387096774193544,gnn,4,0.3,0.3,0.38
0.78,0.81019396,0.1200000000000001,0.11849902,8.250790716822795,9.593137,91.02173913043478,0.7321428571428571,0.44565217391304346,0.554054054054054,random,4,0.3,0.3,0.38
0.7866666666666666,0.8027102,0.1466666666666665,0.0837427,9.077599496008816,9.839954,89.20652173913044,0.9375,0.32608695652173914,0.48387096774193544,gnn,4,0.3,0.3,0.38333333333333336
0.7833333333333333,0.812254,0.1333333333333333,0.12806638,8.18005785685339,9.517785,90.76086956521739,0.7368421052631579,0.45652173913043476,0.5637583892617449,random,4,0.3,0.3,0.38333333333333336
0.7866666666666666,0.8034322,0.1466666666666665,0.087096065,9.040611195125928,9.783668,90.28260869565217,0.9375,0.32608695652173914,0.48387096774193544,gnn,4,0.3,0.3,0.38666666666666666
0.7866666666666666,0.81325376,0.1466666666666665,0.13270943,8.0880065828167,9.408151,88.6304347826087,0.7413793103448276,0.4673913043478261,0.5733333333333334,random,4,0.3,0.3,0.38666666666666666
0.7866666666666666,0.8041543,0.1466666666666665,0.09044942,9.028198334705898,9.702323,88.04347826086956,0.9375,0.32608695652173914,0.48387096774193544,gnn,4,0.3,0.3,0.39
0.79,0.81425357,0.16000000000000014,0.13735275,7.814227646895859,9.220459,86.28260869565217,0.7457627118644068,0.4782608695652174,0.5827814569536424,random,4,0.3,0.3,0.39
0.7866666666666666,0.8048763,0.1466666666666665,0.09380279,9.021083722173966,9.641049,87.6086956521739,0.9375,0.32608695652173914,0.48387096774193544,gnn,4,0.3,0.3,0.3933333333333333
0.79,0.8155386,0.16000000000000014,0.14332065,7.833041850200634,9.197602,86.32608695652173,0.7457627118644068,0.4782608695652174,0.5827814569536424,random,4,0.3,0.3,0.3933333333333333
0.79,0.8058738,0.16000000000000014,0.09843532,8.658340059587896,9.334287,87.8913043478261,0.9393939393939394,0.33695652173913043,0.49600000000000005,gnn,4,0.3,0.3,0.39666666666666667
0.7833333333333333,0.8160266,0.1333333333333333,0.14558724,7.806140196318335,9.165258,84.6304347826087,0.7213114754098361,0.4782608695652174,0.5751633986928104,random,4,0.3,0.3,0.39666666666666667
0.79,0.80659586,0.16000000000000014,0.101788685,8.615085221590299,9.267971,87.6086956521739,0.9393939393939394,0.33695652173913043,0.49600000000000005,gnn,4,0.3,0.3,0.4
0.7833333333333333,0.8177411,0.1333333333333333,0.1535496,7.890623192849077,8.964595,83.58695652173913,0.7213114754098361,0.4782608695652174,0.5751633986928104,random,4,0.3,0.3,0.4
0.79,0.8073179,0.16000000000000014,0.10514204,8.60114461608874,9.192357,87.17391304347827,0.9393939393939394,0.33695652173913043,0.49600000000000005,gnn,4,0.3,0.3,0.4033333333333333
0.7866666666666666,0.81874084,0.1466666666666665,0.15819265,7.879490946688884,8.954643,82.8913043478261,0.7258064516129032,0.4891304347826087,0.5844155844155844,random,4,0.3,0.3,0.4033333333333333
0.7933333333333333,0.80831695,0.17333333333333334,0.10978177,8.236330997806308,8.985187,86.77173913043478,0.9411764705882353,0.34782608695652173,0.5079365079365079,gnn,4,0.3,0.3,0.4066666666666667
0.7866666666666666,0.8197413,0.1466666666666665,0.16283903,7.879161965604543,8.94834,82.19565217391305,0.7258064516129032,0.4891304347826087,0.5844155844155844,random,4,0.3,0.3,0.4066666666666667
0.7933333333333333,0.8093167,0.17333333333333334,0.114424825,8.230070375456819,8.967255,85.97826086956522,0.9411764705882353,0.34782608695652173,0.5079365079365079,gnn,4,0.3,0.3,0.41
0.7866666666666666,0.82206523,0.1466666666666665,0.17363185,7.9513501720943225,8.885648,82.69565217391305,0.7258064516129032,0.4891304347826087,0.5844155844155844,random,4,0.3,0.3,0.41
0.7933333333333333,0.8100397,0.17333333333333334,0.117782615,8.143683831989852,8.907287,85.53260869565217,0.9411764705882353,0.34782608695652173,0.5079365079365079,gnn,4,0.3,0.3,0.41333333333333333
0.7866666666666666,0.8240802,0.1466666666666665,0.18298993,8.021862522251192,8.684126,82.79347826086956,0.7258064516129032,0.4891304347826087,0.5844155844155844,random,4,0.3,0.3,0.41333333333333333
0.7933333333333333,0.81104,0.17333333333333334,0.122428164,8.133875729152756,8.89323,86.51086956521739,0.9411764705882353,0.34782608695652173,0.5079365079365079,gnn,4,0.3,0.3,0.4166666666666667
0.7866666666666666,0.8250224,0.1466666666666665,0.18736558,8.019232365727852,8.648049,82.45652173913044,0.7258064516129032,0.4891304347826087,0.5844155844155844,random,4,0.3,0.3,0.4166666666666667
0.7966666666666666,0.8120382,0.18666666666666654,0.12706402,8.09546968379631,8.852131,86.26086956521739,0.9428571428571428,0.358695652173913,0.5196850393700787,gnn,4,0.3,0.3,0.42
0.7866666666666666,0.82661384,0.1466666666666665,0.19475658,8.008206599314322,8.637401,83.43478260869566,0.7258064516129032,0.4891304347826087,0.5844155844155844,random,4,0.3,0.3,0.42
0.8,0.8131673,0.20000000000000018,0.13230777,8.115218949894203,8.793475,84.51086956521739,0.9705882352941176,0.358695652173913,0.5238095238095238,gnn,4,0.3,0.3,0.42333333333333334
0.7866666666666666,0.8280999,0.1466666666666665,0.20165819,7.947377097337767,8.613967,82.6086956521739,0.7258064516129032,0.4891304347826087,0.5844155844155844,random,4,0.3,0.3,0.42333333333333334
0.8033333333333333,0.81416637,0.21333333333333337,0.13694777,7.865533176510551,8.594665,87.69565217391305,0.9714285714285714,0.3695652173913043,0.5354330708661418,gnn,4,0.3,0.3,0.4266666666666667
0.7866666666666666,0.82861805,0.1466666666666665,0.20406456,7.944047379568218,8.588941,82.1195652173913,0.7258064516129032,0.4891304347826087,0.5844155844155844,random,4,0.3,0.3,0.4266666666666667
0.8033333333333333,0.8148884,0.21333333333333337,0.14030114,7.829666773454771,8.511815,84.29347826086956,0.9714285714285714,0.3695652173913043,0.5354330708661418,gnn,4,0.3,0.3,0.43
0.79,0.8283303,0.16000000000000014,0.2027281,7.929682866322861,8.61455,81.54347826086956,0.7377049180327869,0.4891304347826087,0.5882352941176471,random,4,0.3,0.3,0.43
0.8066666666666666,0.81588745,0.22666666666666657,0.14494087,7.588498024609291,8.336573,84.96739130434783,0.9722222222222222,0.3804347826086957,0.546875,gnn,4,0.3,0.3,0.43333333333333335
0.7933333333333333,0.82933,0.17333333333333334,0.20737115,7.917256189150832,8.603385,81.03260869565217,0.7419354838709677,0.5,0.5974025974025974,random,4,0.3,0.3,0.43333333333333335
0.81,0.81688654,0.2400000000000002,0.14958087,7.213385304725031,8.068417,84.28260869565217,0.972972972972973,0.391304347826087,0.558139534883721,gnn,4,0.3,0.3,0.43666666666666665
0.7966666666666666,0.8305592,0.18666666666666654,0.21307966,7.9172703937433075,8.577112,79.20652173913044,0.7540983606557377,0.5,0.6013071895424836,random,4,0.3,0.3,0.43666666666666665
0.81,0.8182697,0.2400000000000002,0.15600468,7.178241092904624,8.005601,84.77173913043478,0.972972972972973,0.391304347826087,0.558139534883721,gnn,4,0.3,0.3,0.44
0.7966666666666666,0.8314203,0.18666666666666654,0.21707883,7.915418854324667,8.555981,79.54347826086956,0.7540983606557377,0.5,0.6013071895424836,random,4,0.3,0.3,0.44
0.81,0.8189917,0.2400000000000002,0.15935777,7.142605835936605,7.9407463,81.80434782608695,0.972972972972973,0.391304347826087,0.558139534883721,gnn,4,0.3,0.3,0.44333333333333336
0.7966666666666666,0.83242035,0.18666666666666654,0.22172327,7.912937398755601,8.544848,79.66304347826087,0.7540983606557377,0.5,0.6013071895424836,random,4,0.3,0.3,0.44333333333333336
0.8133333333333334,0.8199905,0.2533333333333334,0.1639964,7.127472811890539,7.921222,82.8913043478261,0.9736842105263158,0.40217391304347827,0.5692307692307693,gnn,4,0.3,0.3,0.44666666666666666
0.8033333333333333,0.8333586,0.21333333333333337,0.22608066,7.881930515560477,8.4824295,78.59782608695652,0.7796610169491526,0.5,0.609271523178808,random,4,0.3,0.3,0.44666666666666666
0.8166666666666667,0.8209896,0.2666666666666666,0.16863641,7.1052311405827915,7.90777,81.98913043478261,0.9743589743589743,0.41304347826086957,0.5801526717557252,gnn,4,0.3,0.3,0.45
0.8033333333333333,0.83486086,0.21333333333333337,0.23305754,7.793199969439461,8.374335,78.72826086956522,0.7796610169491526,0.5,0.609271523178808,random,4,0.3,0.3,0.45
0.8166666666666667,0.82102025,0.2666666666666666,0.16877869,7.106456467705593,7.9070377,79.3913043478261,0.9743589743589743,0.41304347826086957,0.5801526717557252,gnn,4,0.3,0.3,0.4533333333333333
0.8,0.83570045,0.20000000000000018,0.23695679,7.716399040524184,8.193362,78.54347826086956,0.7666666666666667,0.5,0.605263157894737,random,4,0.3,0.3,0.4533333333333333
0.8166666666666667,0.8217423,0.2666666666666666,0.17213205,7.038874095827492,7.848711,80.57608695652173,0.9743589743589743,0.41304347826086957,0.5801526717557252,gnn,4,0.3,0.3,0.45666666666666667
0.8,0.8362051,0.20000000000000018,0.23930061,7.7059420491917745,8.16668,77.94565217391305,0.7666666666666667,0.5,0.605263157894737,random,4,0.3,0.3,0.45666666666666667
0.8166666666666667,0.8225734,0.2666666666666666,0.17599198,7.044992961539983,7.8252864,80.90217391304348,0.9743589743589743,0.41304347826086957,0.5801526717557252,gnn,4,0.3,0.3,0.46
0.8,0.83740175,0.20000000000000018,0.24485798,7.691280417907972,8.140163,77.46739130434783,0.7666666666666667,0.5,0.605263157894737,random,4,0.3,0.3,0.46
0.8166666666666667,0.8232955,0.2666666666666666,0.17934535,6.99327465154524,7.7467055,78.43478260869566,0.9743589743589743,0.41304347826086957,0.5801526717557252,gnn,4,0.3,0.3,0.4633333333333333
0.8,0.83812386,0.20000000000000018,0.24821162,7.610494585651659,8.092743,77.42391304347827,0.7666666666666667,0.5,0.605263157894737,random,4,0.3,0.3,0.4633333333333333
0.8166666666666667,0.8240175,0.2666666666666666,0.18269871,6.941285042158842,7.692641,76.42391304347827,0.9743589743589743,0.41304347826086957,0.5801526717557252,gnn,4,0.3,0.3,0.4666666666666667
0.8,0.8391123,0.20000000000000018,0.25280207,7.611321470092362,8.081043,77.20652173913044,0.7666666666666667,0.5,0.605263157894737,random,4,0.3,0.3,0.4666666666666667
0.8166666666666667,0.8239228,0.2666666666666666,0.18225884,6.962280503239708,7.550991,77.01086956521739,0.9743589743589743,0.41304347826086957,0.5801526717557252,gnn,4,0.3,0.3,0.47
0.7966666666666666,0.84110945,0.18666666666666654,0.2620774,7.421223195683863,7.8687997,77.94565217391305,0.7540983606557377,0.5,0.6013071895424836,random,4,0.3,0.3,0.47
0.8166666666666667,0.8249225,0.2666666666666666,0.18690163,6.933964415819361,7.5360155,78.65217391304348,0.9743589743589743,0.41304347826086957,0.5801526717557252,gnn,4,0.3,0.3,0.47333333333333333
0.7966666666666666,0.8418317,0.18666666666666654,0.26543158,7.355664587616901,7.8119564,76.76086956521739,0.7540983606557377,0.5,0.6013071895424836,random,4,0.3,0.3,0.47333333333333333
0.8166666666666667,0.82592225,0.2666666666666666,0.19154468,6.926363189755507,7.4824333,78.93478260869566,0.9743589743589743,0.41304347826086957,0.5801526717557252,gnn,4,0.3,0.3,0.4766666666666667
0.7966666666666666,0.8424427,0.18666666666666654,0.26826924,7.318650414836967,7.794998,75.27173913043478,0.7540983606557377,0.5,0.6013071895424836,random,4,0.3,0.3,0.4766666666666667
0.8166666666666667,0.82664436,0.2666666666666666,0.19489832,6.855424305569063,7.418733,77.25,0.9743589743589743,0.41304347826086957,0.5801526717557252,gnn,4,0.3,0.3,0.48
0.8,0.8416972,0.20000000000000018,0.26480708,7.315502732619464,7.7970686,75.40217391304348,0.7666666666666667,0.5,0.605263157894737,random,4,0.3,0.3,0.48
0.8166666666666667,0.8273664,0.2666666666666666,0.19825168,6.77292461668427,7.3633723,75.45652173913044,0.9743589743589743,0.41304347826086957,0.5801526717557252,gnn,4,0.3,0.3,0.48333333333333334
0.8033333333333333,0.84269696,0.21333333333333337,0.26945013,7.284440912337635,7.7640476,75.06521739130434,0.7704918032786885,0.5108695652173914,0.6143790849673203,random,4,0.3,0.3,0.48333333333333334
0.8166666666666667,0.82742035,0.2666666666666666,0.1985022,6.627735047584748,7.340622,73.31521739130434,0.9743589743589743,0.41304347826086957,0.5801526717557252,gnn,4,0.3,0.3,0.4866666666666667
0.8066666666666666,0.8436968,0.22666666666666657,0.27409348,7.079365893463863,7.658627,75.22826086956522,0.7741935483870968,0.5217391304347826,0.6233766233766235,random,4,0.3,0.3,0.4866666666666667
0.8166666666666667,0.8284201,0.2666666666666666,0.20314525,6.627196888234444,7.266714,73.28260869565217,0.9743589743589743,0.41304347826086957,0.5801526717557252,gnn,4,0.3,0.3,0.49
0.81,0.84264255,0.2400000000000002,0.2691974,6.775498983977676,7.6418147,75.19565217391305,0.7777777777777778,0.532608695652174,0.632258064516129,random,4,0.3,0.3,0.49
0.8166666666666667,0.82914215,0.2666666666666666,0.20649861,6.546413026241784,7.219032,71.90217391304348,0.9743589743589743,0.41304347826086957,0.5801526717557252,gnn,4,0.3,0.3,0.49333333333333335
0.8133333333333334,0.844217,0.2533333333333334,0.27650952,6.775842212344558,7.587007,73.69565217391305,0.7903225806451613,0.532608695652174,0.6363636363636364,random,4,0.3,0.3,0.49333333333333335
0.8166666666666667,0.82977414,0.2666666666666666,0.2094337,6.5106138372097595,7.148553,73.47826086956522,0.9743589743589743,0.41304347826086957,0.5801526717557252,gnn,4,0.3,0.3,0.49666666666666665
0.8166666666666667,0.84523094,0.2666666666666666,0.28121847,6.764363076982378,7.5745816,73.19565217391305,0.7936507936507936,0.5434782608695652,0.6451612903225805,random,4,0.3,0.3,0.49666666666666665
0.82,0.8307733,0.2799999999999998,0.21407399,6.280431123860097,6.9877777,73.56521739130434,0.975,0.42391304347826086,0.5909090909090909,gnn,4,0.3,0.3,0.5
0.8133333333333334,0.84744716,0.2533333333333334,0.29151106,6.658207692542494,7.419779,72.31521739130434,0.78125,0.5434782608695652,0.641025641025641,random,4,0.3,0.3,0.5
0.8233333333333334,0.8317724,0.29333333333333345,0.218714,6.260006061100499,6.971878,72.77173913043478,0.975609756097561,0.43478260869565216,0.6015037593984962,gnn,4,0.3,0.3,0.5033333333333333
0.8166666666666667,0.8484469,0.2666666666666666,0.2961541,6.650677240727938,7.412098,72.06521739130434,0.7846153846153846,0.5543478260869565,0.6496815286624205,random,4,0.3,0.3,0.5033333333333333
0.8233333333333334,0.8316776,0.29333333333333345,0.21827386,6.232883521758964,6.8363924,74.73913043478261,0.975609756097561,0.43478260869565216,0.6015037593984962,gnn,4,0.3,0.3,0.5066666666666667
0.8166666666666667,0.8494469,0.2666666666666666,0.3007983,6.650401590097465,7.3897085,71.77173913043478,0.7846153846153846,0.5543478260869565,0.6496815286624205,random,4,0.3,0.3,0.5066666666666667
0.8233333333333334,0.83239967,0.29333333333333345,0.22162722,6.17664155620845,6.7794294,75.33695652173913,0.975609756097561,0.43478260869565216,0.6015037593984962,gnn,4,0.3,0.3,0.51
0.8133333333333334,0.8509284,0.2533333333333334,0.30767885,6.5969082239245775,7.286486,71.92391304347827,0.7727272727272727,0.5543478260869565,0.6455696202531646,random,4,0.3,0.3,0.51
0.8266666666666667,0.83339876,0.30666666666666664,0.22626723,6.168170144441709,6.768545,74.20652173913044,0.9761904761904762,0.44565217391304346,0.6119402985074626,gnn,4,0.3,0.3,0.5133333333333333
0.8133333333333334,0.8524216,0.2533333333333334,0.3146134,6.551714750358762,7.2439957,73.70652173913044,0.7727272727272727,0.5543478260869565,0.6455696202531646,random,4,0.3,0.3,0.5133333333333333
0.8266666666666667,0.8341208,0.30666666666666664,0.22962059,6.159535300455741,6.6933074,75.53260869565217,0.9761904761904762,0.44565217391304346,0.6119402985074626,gnn,4,0.3,0.3,0.5166666666666667
0.8133333333333334,0.85342145,0.2533333333333334,0.319257,6.454971212404905,7.122219,73.23913043478261,0.7727272727272727,0.5543478260869565,0.6455696202531646,random,4,0.3,0.3,0.5166666666666667
0.83,0.83511984,0.31999999999999984,0.23426032,6.0914826148913255,6.637267,75.09782608695652,0.9767441860465116,0.45652173913043476,0.6222222222222222,gnn,4,0.3,0.3,0.52
0.8166666666666667,0.85441977,0.2666666666666666,0.3238934,6.447802893799821,7.1155934,72.32608695652173,0.7761194029850746,0.5652173913043478,0.6540880503144654,random,4,0.3,0.3,0.52
0.83,0.8361218,0.31999999999999984,0.23891361,6.094145609013807,6.6133223,74.32608695652173,0.9767441860465116,0.45652173913043476,0.6222222222222222,gnn,4,0.3,0.3,0.5233333333333333
0.82,0.8554195,0.2799999999999998,0.32853645,6.398158543141932,7.0707226,72.05434782608695,0.7794117647058824,0.5760869565217391,0.6625000000000001,random,4,0.3,0.3,0.5233333333333333
0.8333333333333334,0.8371209,0.3333333333333335,0.24355362,5.8650032737584725,6.457729,75.3913043478261,0.9772727272727273,0.4673913043478261,0.6323529411764707,gnn,4,0.3,0.3,0.5266666666666666
0.82,0.85596555,0.2799999999999998,0.3310724,6.329850025599084,7.0340567,72.28260869565217,0.7794117647058824,0.5760869565217391,0.6625000000000001,random,4,0.3,0.3,0.5266666666666666
0.8333333333333334,0.83820635,0.3333333333333335,0.24859473,5.830083958416348,6.3666096,74.97826086956522,0.9772727272727273,0.4673913043478261,0.6323529411764707,gnn,4,0.3,0.3,0.53
0.82,0.85807616,0.2799999999999998,0.34087446,6.384534761153343,6.997199,72.34782608695652,0.7794117647058824,0.5760869565217391,0.6625000000000001,random,4,0.3,0.3,0.53
0.8366666666666667,0.83920705,0.3466666666666667,0.25324222,5.723040072520237,6.261735,73.79347826086956,0.9777777777777777,0.4782608695652174,0.6423357664233577,gnn,4,0.3,0.3,0.5333333333333333
0.82,0.85938007,0.2799999999999998,0.34693012,6.384561238421005,6.9384604,70.98913043478261,0.7794117647058824,0.5760869565217391,0.6625000000000001,random,4,0.3,0.3,0.5333333333333333
0.8366666666666667,0.8399291,0.3466666666666667,0.25659558,5.6374477999995465,6.1980906,74.16304347826087,0.9777777777777777,0.4782608695652174,0.6423357664233577,gnn,4,0.3,0.3,0.5366666666666666
0.8233333333333334,0.8602063,0.29333333333333345,0.35076737,6.3302210561636185,6.8828135,70.06521739130434,0.782608695652174,0.5869565217391305,0.6708074534161491,random,4,0.3,0.3,0.5366666666666666
0.8366666666666667,0.84065115,0.3466666666666667,0.25994894,5.554018281802899,6.124498,74.1304347826087,0.9777777777777777,0.4782608695652174,0.6423357664233577,gnn,4,0.3,0.3,0.54
0.8266666666666667,0.86120605,0.30666666666666664,0.35541043,5.994404932291068,6.6109767,69.76086956521739,0.7857142857142857,0.5978260869565217,0.6790123456790123,random,4,0.3,0.3,0.54
0.84,0.84165025,0.3599999999999999,0.26458895,5.332382071925407,5.936003,73.6304347826087,0.9782608695652174,0.4891304347826087,0.6521739130434782,gnn,4,0.3,0.3,0.5433333333333333
0.8266666666666667,0.8622172,0.30666666666666664,0.36010635,5.958814082992867,6.575156,69.20652173913044,0.7857142857142857,0.5978260869565217,0.6790123456790123,random,4,0.3,0.3,0.5433333333333333
0.8433333333333334,0.84264934,0.3733333333333335,0.26922897,5.040665289956702,5.715612,72.8695652173913,0.9787234042553191,0.5,0.6618705035971223,gnn,4,0.3,0.3,0.5466666666666666
0.83,0.86223847,0.31999999999999984,0.36020517,5.537401366144341,6.4710035,68.65217391304348,0.7887323943661971,0.6086956521739131,0.6871165644171779,random,4,0.3,0.3,0.5466666666666666
0.8433333333333334,0.8436491,0.3733333333333335,0.27387202,5.04266613895046,5.6991453,72.04347826086956,0.9787234042553191,0.5,0.6618705035971223,gnn,4,0.3,0.3,0.55
0.8333333333333334,0.8628812,0.3333333333333335,0.36319008,5.301767303119968,6.3887076,68.18478260869566,0.7916666666666666,0.6195652173913043,0.6951219512195123,random,4,0.3,0.3,0.55
0.8433333333333334,0.84437114,0.3733333333333335,0.27722538,5.061481440644435,5.637071,72.52173913043478,0.9787234042553191,0.5,0.6618705035971223,gnn,4,0.3,0.3,0.5533333333333333
0.8333333333333334,0.8637537,0.3333333333333335,0.36724213,5.292088931816335,6.3492346,67.3804347826087,0.7916666666666666,0.6195652173913043,0.6951219512195123,random,4,0.3,0.3,0.5533333333333333
0.8433333333333334,0.8453709,0.3733333333333335,0.28186843,5.041678920613804,5.6137877,72.5,0.9787234042553191,0.5,0.6618705035971223,gnn,4,0.3,0.3,0.5566666666666666
0.8333333333333334,0.8644869,0.3333333333333335,0.37064725,5.209336794721377,6.2931485,66.79347826086956,0.7916666666666666,0.6195652173913043,0.6951219512195123,random,4,0.3,0.3,0.5566666666666666
0.8466666666666667,0.8463699,0.3866666666666667,0.28650814,5.035100302443543,5.5783157,72.3695652173913,0.9791666666666666,0.5108695652173914,0.6714285714285714,gnn,4,0.3,0.3,0.56
0.8333333333333334,0.8645132,0.3333333333333335,0.37076962,5.027110110592652,6.297141,66.69565217391305,0.7916666666666666,0.6195652173913043,0.6951219512195123,random,4,0.3,0.3,0.56
0.85,0.8473691,0.3999999999999999,0.29114845,5.027954615623997,5.534133,71.34782608695652,0.9795918367346939,0.5217391304347826,0.6808510638297872,gnn,4,0.3,0.3,0.5633333333333334
0.8366666666666667,0.8652626,0.3466666666666667,0.37425002,5.014986993495577,6.280813,66.09782608695652,0.7945205479452054,0.6304347826086957,0.703030303030303,random,4,0.3,0.3,0.5633333333333334
0.85,0.8480911,0.3999999999999999,0.2945018,5.036812108570138,5.453479,69.33695652173913,0.9795918367346939,0.5217391304347826,0.6808510638297872,gnn,4,0.3,0.3,0.5666666666666667
0.8366666666666667,0.8656292,0.3466666666666667,0.37595245,4.885663014310984,6.2269564,64.6413043478261,0.7945205479452054,0.6304347826086957,0.703030303030303,random,4,0.3,0.3,0.5666666666666667
0.85,0.8490909,0.3999999999999999,0.29914486,5.0314856263754795,5.4040346,69.06521739130434,0.9795918367346939,0.5217391304347826,0.6808510638297872,gnn,4,0.3,0.3,0.57
0.8366666666666667,0.86539876,0.3466666666666667,0.37488228,4.768907843319468,6.2364507,65.42391304347827,0.7945205479452054,0.6304347826086957,0.703030303030303,random,4,0.3,0.3,0.57
0.85,0.8500907,0.3999999999999999,0.3037882,5.015638133700263,5.37042,67.92391304347827,0.9795918367346939,0.5217391304347826,0.6808510638297872,gnn,4,0.3,0.3,0.5733333333333334
0.8366666666666667,0.8661324,0.3466666666666667,0.37828934,4.67512433732404,6.158839,65.70652173913044,0.7945205479452054,0.6304347826086957,0.703030303030303,random,4,0.3,0.3,0.5733333333333334
0.85,0.85109043,0.3999999999999999,0.30843124,5.001989231530649,5.3569517,67.94565217391305,0.9795918367346939,0.5217391304347826,0.6808510638297872,gnn,4,0.3,0.3,0.5766666666666667
0.8366666666666667,0.8678727,0.3466666666666667,0.38637185,4.69940527037692,6.1378036,66.03260869565217,0.7945205479452054,0.6304347826086957,0.703030303030303,random,4,0.3,0.3,0.5766666666666667
0.8533333333333334,0.85208946,0.41333333333333355,0.31307098,4.9961360582180285,5.350725,66.76086956521739,0.98,0.532608695652174,0.6901408450704226,gnn,4,0.3,0.3,0.58
0.84,0.86650056,0.3599999999999999,0.37999925,4.70529524830378,6.1821804,65.6195652173913,0.8055555555555556,0.6304347826086957,0.7073170731707318,random,4,0.3,0.3,0.58
0.8533333333333334,0.85317653,0.41333333333333355,0.31811956,5.02640113600127,5.248777,66.58695652173913,0.98,0.532608695652174,0.6901408450704226,gnn,4,0.3,0.3,0.5833333333333334
0.8433333333333334,0.8675281,0.3733333333333335,0.3847713,4.7290789586342665,6.125236,65.47826086956522,0.8169014084507042,0.6304347826086957,0.7116564417177915,random,4,0.3,0.3,0.5833333333333334
0.8533333333333334,0.85417706,0.41333333333333355,0.3227662,5.023441622526138,5.2361875,65.53260869565217,0.98,0.532608695652174,0.6901408450704226,gnn,4,0.3,0.3,0.5866666666666667
0.84,0.86891335,0.3599999999999999,0.3912048,4.730263016518735,6.067281,65.3804347826087,0.8055555555555556,0.6304347826086957,0.7073170731707318,random,4,0.3,0.3,0.5866666666666667
0.8533333333333334,0.8548977,0.41333333333333355,0.32611293,4.943074704649449,5.177444,65.40217391304348,0.98,0.532608695652174,0.6901408450704226,gnn,4,0.3,0.3,0.59
0.84,0.870023,0.3599999999999999,0.3963583,4.730193448256923,6.063442,64.45652173913044,0.8055555555555556,0.6304347826086957,0.7073170731707318,random,4,0.3,0.3,0.59
0.8533333333333334,0.8558974,0.41333333333333355,0.33075598,4.940069513544904,5.1305256,64.93478260869566,0.98,0.532608695652174,0.6901408450704226,gnn,4,0.3,0.3,0.5933333333333334
0.8433333333333334,0.87102276,0.3733333333333335,0.40100136,4.713920371766996,6.0488267,63.70652173913044,0.8082191780821918,0.6413043478260869,0.7151515151515151,random,4,0.3,0.3,0.5933333333333334
0.8533333333333334,0.85661936,0.41333333333333355,0.3341088,4.858976121799114,5.052289,66.79347826086956,0.98,0.532608695652174,0.6901408450704226,gnn,4,0.3,0.3,0.5966666666666667
0.8466666666666667,0.8704464,0.3866666666666667,0.39832455,4.73986239707065,5.97941,63.18478260869565,0.8194444444444444,0.6413043478260869,0.7195121951219512,random,4,0.3,0.3,0.5966666666666667
0.8566666666666667,0.8576184,0.42666666666666675,0.3387485,4.835922990860379,5.0228467,65.48913043478261,0.9803921568627451,0.5434782608695652,0.6993006993006993,gnn,4,0.3,0.3,0.6
0.8466666666666667,0.8714463,0.3866666666666667,0.4029684,4.739383698542796,5.95314,62.93478260869565,0.8194444444444444,0.6413043478260869,0.7195121951219512,random,4,0.3,0.3,0.6
0.86,0.85861754,0.43999999999999995,0.3433888,4.513119816787133,4.816068,65.90217391304348,0.9807692307692307,0.5543478260869565,0.7083333333333333,gnn,4,0.3,0.3,0.6033333333333334
0.8466666666666667,0.87269634,0.3866666666666667,0.40877384,4.732182307290118,5.9108343,63.73913043478261,0.8194444444444444,0.6413043478260869,0.7195121951219512,random,4,0.3,0.3,0.6033333333333334
0.86,0.8593396,0.43999999999999995,0.34674215,4.441246505615708,4.7553406,64.8695652173913,0.9807692307692307,0.5543478260869565,0.7083333333333333,gnn,4,0.3,0.3,0.6066666666666667
0.85,0.8736961,0.3999999999999999,0.4134169,4.723662514284006,5.902158,63.16304347826087,0.821917808219178,0.6521739130434783,0.7272727272727272,random,4,0.3,0.3,0.6066666666666667
0.86,0.8606484,0.43999999999999995,0.35282052,4.429010394577623,4.6907916,64.72826086956522,0.9807692307692307,0.5543478260869565,0.7083333333333333,gnn,4,0.3,0.3,0.61
0.8533333333333334,0.87501234,0.41333333333333355,0.41952983,4.70596556085803,5.877563,62.56521739130435,0.8243243243243243,0.6630434782608695,0.7349397590361446,random,4,0.3,0.3,0.61
0.86,0.86164814,0.43999999999999995,0.35746357,4.429534517449083,4.6634097,65.66304347826087,0.9807692307692307,0.5543478260869565,0.7083333333333333,gnn,4,0.3,0.3,0.6133333333333333
0.8566666666666667,0.87686056,0.42666666666666675,0.42811337,4.7057848746601,5.762991,62.391304347826086,0.8356164383561644,0.6630434782608695,0.7393939393939394,random,4,0.3,0.3,0.6133333333333333
0.86,0.8623702,0.43999999999999995,0.36081693,4.358927501524278,4.596565,66.23913043478261,0.9807692307692307,0.5543478260869565,0.7083333333333333,gnn,4,0.3,0.3,0.6166666666666667
0.86,0.8778601,0.43999999999999995,0.4327556,4.682854247365901,5.739467,62.42391304347826,0.8378378378378378,0.6739130434782609,0.746987951807229,random,4,0.3,0.3,0.6166666666666667
0.86,0.86336964,0.43999999999999995,0.3654586,4.3460693367238585,4.5960703,64.90217391304348,0.9807692307692307,0.5543478260869565,0.7083333333333333,gnn,4,0.3,0.3,0.62
0.8633333333333333,0.8790324,0.45333333333333314,0.43819976,4.705947522388883,5.6622653,61.391304347826086,0.8493150684931506,0.6739130434782609,0.7515151515151515,random,4,0.3,0.3,0.62
0.8633333333333333,0.8643699,0.45333333333333314,0.37010413,4.287325545751158,4.5312414,64.1086956521739,0.9811320754716981,0.5652173913043478,0.7172413793103447,gnn,4,0.3,0.3,0.6233333333333333
0.8666666666666667,0.8805939,0.4666666666666668,0.44545183,4.6320275838206015,5.6091423,60.43478260869565,0.8611111111111112,0.6739130434782609,0.7560975609756099,random,4,0.3,0.3,0.6233333333333333
0.8666666666666667,0.8653691,0.4666666666666668,0.37474442,4.272251048838802,4.5118012,63.15217391304348,0.9814814814814815,0.5760869565217391,0.7260273972602741,gnn,4,0.3,0.3,0.6266666666666667
0.8666666666666667,0.88178426,0.4666666666666668,0.45098013,4.581551718087889,5.5878735,60.380434782608695,0.8611111111111112,0.6739130434782609,0.7560975609756099,random,4,0.3,0.3,0.6266666666666667
0.8666666666666667,0.86636925,0.4666666666666668,0.3793894,4.273438071923943,4.4887075,62.97826086956522,0.9814814814814815,0.5760869565217391,0.7260273972602741,gnn,4,0.3,0.3,0.63
0.8666666666666667,0.88262576,0.4666666666666668,0.45488822,4.58774194617954,5.578606,60.09782608695652,0.8611111111111112,0.6739130434782609,0.7560975609756099,random,4,0.3,0.3,0.63
0.8666666666666667,0.8674394,0.4666666666666668,0.3843594,4.2684622231810465,4.4740543,62.97826086956522,0.9814814814814815,0.5760869565217391,0.7260273972602741,gnn,4,0.3,0.3,0.6333333333333333
0.87,0.8823403,0.48,0.45356256,4.638038661174427,5.638982,59.76086956521739,0.8732394366197183,0.6739130434782609,0.7607361963190182,random,4,0.3,0.3,0.6333333333333333
0.8666666666666667,0.86843926,0.4666666666666668,0.389003,4.260633748221688,4.4386034,63.02173913043478,0.9814814814814815,0.5760869565217391,0.7260273972602741,gnn,4,0.3,0.3,0.6366666666666667
0.8733333333333333,0.8833398,0.4933333333333332,0.4582045,4.60638495180998,5.606171,59.19565217391305,0.875,0.6847826086956522,0.7682926829268292,random,4,0.3,0.3,0.6366666666666667
0.87,0.8694383,0.48,0.39364272,4.2524021118252415,4.421255,63.55434782608695,0.9818181818181818,0.5869565217391305,0.7346938775510203,gnn,4,0.3,0.3,0.64
0.8766666666666667,0.8845396,0.5066666666666668,0.46377656,4.55812880832699,5.5596857,59.119565217391305,0.8767123287671232,0.6956521739130435,0.7757575757575758,random,4,0.3,0.3,0.64
0.8733333333333333,0.87043744,0.4933333333333332,0.398283,4.214660636234032,4.399549,62.59782608695652,0.9821428571428571,0.5978260869565217,0.7432432432432433,gnn,4,0.3,0.3,0.6433333333333333
0.88,0.8855391,0.52,0.4684185,4.351753834766113,5.405222,58.630434782608695,0.8783783783783784,0.7065217391304348,0.7831325301204821,random,4,0.3,0.3,0.6433333333333333
0.8766666666666667,0.8703017,0.5066666666666668,0.39765272,4.111796512180988,4.4361134,62.29347826086956,1.0,0.5978260869565217,0.7482993197278911,gnn,4,0.3,0.3,0.6466666666666666
0.88,0.88594013,0.52,0.47028092,4.348534900236359,5.3829656,58.51086956521739,0.8783783783783784,0.7065217391304348,0.7831325301204821,random,4,0.3,0.3,0.6466666666666666
0.8766666666666667,0.87127095,0.5066666666666668,0.40215403,4.104339868725496,4.4284167,62.33695652173913,1.0,0.5978260869565217,0.7482993197278911,gnn,4,0.3,0.3,0.65
0.88,0.8869623,0.52,0.47502807,4.279258035861271,5.3257113,58.78260869565217,0.8783783783783784,0.7065217391304348,0.7831325301204821,random,4,0.3,0.3,0.65
0.8766666666666667,0.8721014,0.5066666666666668,0.40601093,4.091246629139305,4.410652,61.91304347826087,1.0,0.5978260869565217,0.7482993197278911,gnn,4,0.3,0.3,0.6533333333333333
0.8833333333333333,0.8879618,0.5333333333333332,0.47967,4.253419887405897,5.3016696,58.46739130434783,0.88,0.717391304347826,0.7904191616766466,random,4,0.3,0.3,0.6533333333333333
0.8766666666666667,0.87329286,0.5066666666666668,0.4115442,4.051675730446277,4.3507113,61.57608695652174,1.0,0.5978260869565217,0.7482993197278911,gnn,4,0.3,0.3,0.6566666666666666
0.88,0.8897803,0.52,0.4881154,4.222557661712276,5.065431,58.08695652173913,0.868421052631579,0.717391304347826,0.7857142857142858,random,4,0.3,0.3,0.6566666666666666
0.8766666666666667,0.874534,0.5066666666666668,0.41730836,4.012145677554879,4.29926,61.52173913043478,1.0,0.5978260869565217,0.7482993197278911,gnn,4,0.3,0.3,0.66
0.88,0.8918719,0.52,0.49782947,4.177620246391904,4.954924,58.98913043478261,0.868421052631579,0.717391304347826,0.7857142857142858,random,4,0.3,0.3,0.66
0.88,0.87553304,0.52,0.4219481,3.9956402295776585,4.2879744,61.48913043478261,1.0,0.6086956521739131,0.7567567567567568,gnn,4,0.3,0.3,0.6633333333333333
0.8833333333333333,0.89271426,0.5333333333333332,0.50174147,4.097182389970383,4.870545,58.79347826086956,0.88,0.717391304347826,0.7904191616766466,random,4,0.3,0.3,0.6633333333333333
0.88,0.8765328,0.52,0.42659116,3.9959326472119536,4.2591567,61.06521739130435,1.0,0.6086956521739131,0.7567567567567568,gnn,4,0.3,0.3,0.6666666666666666
0.89,0.8933427,0.56,0.50465995,4.055171446846398,4.8826017,58.66304347826087,0.8933333333333333,0.7282608695652174,0.8023952095808383,random,4,0.3,0.3,0.6666666666666666
0.8833333333333333,0.87753195,0.5333333333333332,0.43123144,3.96846143234345,4.2392254,60.94565217391305,1.0,0.6195652173913043,0.7651006711409396,gnn,4,0.3,0.3,0.67
0.89,0.894251,0.56,0.50887835,4.028224638554271,4.8044667,58.79347826086956,0.8933333333333333,0.7282608695652174,0.8023952095808383,random,4,0.3,0.3,0.67
0.8833333333333333,0.878254,0.5333333333333332,0.4345848,3.893300545875097,4.1593766,60.81521739130435,1.0,0.6195652173913043,0.7651006711409396,gnn,4,0.3,0.3,0.6733333333333333
0.8933333333333333,0.89412403,0.5733333333333333,0.50828874,4.003836677415952,4.8143373,58.43478260869565,0.9054054054054054,0.7282608695652174,0.8072289156626506,random,4,0.3,0.3,0.6733333333333333
0.8833333333333333,0.87925375,0.5333333333333332,0.43922785,3.8866601214982084,4.1265903,59.78260869565217,1.0,0.6195652173913043,0.7651006711409396,gnn,4,0.3,0.3,0.6766666666666666
0.8933333333333333,0.8951668,0.5733333333333333,0.5131316,4.002281439863244,4.808989,58.358695652173914,0.9054054054054054,0.7282608695652174,0.8072289156626506,random,4,0.3,0.3,0.6766666666666666
0.8833333333333333,0.8802535,0.5333333333333332,0.4438709,3.882352848563117,4.1154594,60.130434782608695,1.0,0.6195652173913043,0.7651006711409396,gnn,4,0.3,0.3,0.68
0.8933333333333333,0.8957711,0.5733333333333333,0.51593804,3.9785997648103164,4.721121,58.53260869565217,0.9054054054054054,0.7282608695652174,0.8072289156626506,random,4,0.3,0.3,0.68
0.8866666666666667,0.8812542,0.5466666666666669,0.4485184,3.86887772257657,4.0814247,58.96739130434783,1.0,0.6304347826086957,0.7733333333333333,gnn,4,0.3,0.3,0.6833333333333333
0.8933333333333333,0.8967802,0.5733333333333333,0.5206245,3.9271129431294125,4.6728196,58.43478260869565,0.9054054054054054,0.7282608695652174,0.8072289156626506,random,4,0.3,0.3,0.6833333333333333
0.8866666666666667,0.8819751,0.5466666666666669,0.4518665,3.827991484793056,4.021188,57.69565217391305,1.0,0.6304347826086957,0.7733333333333333,gnn,4,0.3,0.3,0.6866666666666666
0.8966666666666666,0.89664024,0.5866666666666664,0.5199746,3.960442422816597,4.690703,57.94565217391305,0.9178082191780822,0.7282608695652174,0.8121212121212121,random,4,0.3,0.3,0.6866666666666666
0.89,0.88297415,0.56,0.45650622,3.7652353154481384,3.9727685,57.44565217391305,1.0,0.6413043478260869,0.7814569536423841,gnn,4,0.3,0.3,0.69
0.8966666666666666,0.89687294,0.5866666666666664,0.5210553,3.924359964455713,4.5952644,58.358695652173914,0.9178082191780822,0.7282608695652174,0.8121212121212121,random,4,0.3,0.3,0.69
0.89,0.8836962,0.56,0.45985958,3.6981105717468963,3.9148376,57.22826086956522,1.0,0.6413043478260869,0.7814569536423841,gnn,4,0.3,0.3,0.6933333333333334
0.8966666666666666,0.8974605,0.5866666666666664,0.5237841,3.9207856704938786,4.5848827,57.53260869565217,0.9178082191780822,0.7282608695652174,0.8121212121212121,random,4,0.3,0.3,0.6933333333333334
0.89,0.88469595,0.56,0.46450263,3.697296352897027,3.89939,57.81521739130435,1.0,0.6413043478260869,0.7814569536423841,gnn,4,0.3,0.3,0.6966666666666667
0.8966666666666666,0.89827985,0.5866666666666664,0.52758926,3.9158876309337614,4.5783057,57.43478260869565,0.9178082191780822,0.7282608695652174,0.8121212121212121,random,4,0.3,0.3,0.6966666666666667
0.89,0.8856963,0.56,0.46914846,3.6945486520400292,3.885562,58.55434782608695,1.0,0.6413043478260869,0.7814569536423841,gnn,4,0.3,0.3,0.7
0.9,0.89927936,0.6000000000000001,0.5322312,3.8989866862710882,4.562635,57.09782608695652,0.918918918918919,0.7391304347826086,0.8192771084337348,random,4,0.3,0.3,0.7
0.89,0.88669604,0.56,0.4737915,3.6965127894138345,3.8357384,57.70652173913044,1.0,0.6413043478260869,0.7814569536423841,gnn,4,0.3,0.3,0.7033333333333334
0.9033333333333333,0.8978363,0.6133333333333333,0.52552944,3.8563817847860467,4.582679,56.68478260869565,0.9315068493150684,0.7391304347826086,0.8242424242424241,random,4,0.3,0.3,0.7033333333333334
0.89,0.8876959,0.56,0.47843513,3.695632241962873,3.8017297,58.44565217391305,1.0,0.6413043478260869,0.7814569536423841,gnn,4,0.3,0.3,0.7066666666666667
0.8966666666666666,0.90205616,0.5866666666666664,0.5451273,3.8324406834604368,4.303675,56.380434782608695,0.9066666666666666,0.7391304347826086,0.8143712574850299,random,4,0.3,0.3,0.7066666666666667
0.89,0.88852215,0.56,0.48227236,3.6493987605365783,3.6845918,57.858695652173914,1.0,0.6413043478260869,0.7814569536423841,gnn,4,0.3,0.3,0.71
0.8966666666666666,0.9023045,0.5866666666666664,0.5462805,3.8098640053515713,4.287334,57.55434782608695,0.9066666666666666,0.7391304347826086,0.8143712574850299,random,4,0.3,0.3,0.71
0.89,0.8897129,0.56,0.4878026,3.634298060456477,3.6540406,58.03260869565217,1.0,0.6413043478260869,0.7814569536423841,gnn,4,0.3,0.3,0.7133333333333334
0.8966666666666666,0.9022097,0.5866666666666664,0.5458404,3.7010574730418884,4.1818333,57.40217391304348,0.9066666666666666,0.7391304347826086,0.8143712574850299,random,4,0.3,0.3,0.7133333333333334
0.89,0.89055604,0.56,0.49171817,3.6252404252716603,3.6431074,57.59782608695652,1.0,0.6413043478260869,0.7814569536423841,gnn,4,0.3,0.3,0.7166666666666667
0.8966666666666666,0.9032095,0.5866666666666664,0.5504837,3.6999841175291817,4.15299,57.33695652173913,0.9066666666666666,0.7391304347826086,0.8143712574850299,random,4,0.3,0.3,0.7166666666666667
0.89,0.891615,0.56,0.49663612,3.6188914018034333,3.6280456,56.98913043478261,1.0,0.6413043478260869,0.7814569536423841,gnn,4,0.3,0.3,0.72
0.8966666666666666,0.9037037,0.5866666666666664,0.5527788,3.710023418237952,4.148081,57.47826086956522,0.9066666666666666,0.7391304347826086,0.8143712574850299,random,4,0.3,0.3,0.72
0.89,0.892337,0.56,0.49998948,3.5918235659840456,3.574799,57.21739130434783,1.0,0.6413043478260869,0.7814569536423841,gnn,4,0.3,0.3,0.7233333333333334
0.9,0.9062493,0.6000000000000001,0.56460106,3.6246804961640327,4.03663,57.18478260869565,0.918918918918919,0.7391304347826086,0.8192771084337348,random,4,0.3,0.3,0.7233333333333334
0.89,0.89334536,0.56,0.5046724,3.6036365797205705,3.515371,57.03260869565217,1.0,0.6413043478260869,0.7814569536423841,gnn,4,0.3,0.3,0.7266666666666667
0.9033333333333333,0.90724856,0.6133333333333333,0.56924194,3.6025039713179665,4.0232334,56.76086956521739,0.92,0.75,0.8263473053892216,random,4,0.3,0.3,0.7266666666666667
0.89,0.8943451,0.56,0.50931543,3.597289268231585,3.490056,56.73913043478261,1.0,0.6413043478260869,0.7814569536423841,gnn,4,0.3,0.3,0.73
0.9033333333333333,0.9081057,0.6133333333333333,0.5732225,3.602495786911552,4.0213556,56.68478260869565,0.92,0.75,0.8263473053892216,random,4,0.3,0.3,0.73
0.8933333333333333,0.89534426,0.5733333333333333,0.5139557,3.534625434045306,3.4448137,56.619565217391305,1.0,0.6521739130434783,0.7894736842105263,gnn,4,0.3,0.3,0.7333333333333333
0.9033333333333333,0.90925324,0.6133333333333333,0.5785521,3.6192658442859873,3.9791806,56.619565217391305,0.92,0.75,0.8263473053892216,random,4,0.3,0.3,0.7333333333333333
0.8933333333333333,0.896344,0.5733333333333333,0.5185988,3.5299808366138055,3.411203,55.78260869565217,1.0,0.6521739130434783,0.7894736842105263,gnn,4,0.3,0.3,0.7366666666666667
0.9066666666666666,0.9102521,0.6266666666666665,0.583191,3.6019309485970705,3.9569116,56.608695652173914,0.9210526315789473,0.7608695652173914,0.8333333333333333,random,4,0.3,0.3,0.7366666666666667
0.8966666666666666,0.89734304,0.5866666666666664,0.52323854,3.521514848273428,3.4033723,55.608695652173914,1.0,0.6630434782608695,0.7973856209150326,gnn,4,0.3,0.3,0.74
0.91,0.9098161,0.6400000000000001,0.5811661,3.630740894423437,3.9776185,56.5,0.9333333333333333,0.7608695652173914,0.8383233532934132,random,4,0.3,0.3,0.74
0.8966666666666666,0.8983428,0.5866666666666664,0.52788156,3.4791087162460554,3.3576145,56.04347826086956,1.0,0.6630434782608695,0.7973856209150326,gnn,4,0.3,0.3,0.7433333333333333
0.91,0.910496,0.6400000000000001,0.58432376,3.6295880563423846,3.9693327,56.380434782608695,0.9333333333333333,0.7608695652173914,0.8383233532934132,random,4,0.3,0.3,0.7433333333333333
0.8966666666666666,0.89940166,0.5866666666666664,0.53279924,3.455951100248508,3.3412344,56.57608695652174,1.0,0.6630434782608695,0.7973856209150326,gnn,4,0.3,0.3,0.7466666666666667
0.9133333333333333,0.91149545,0.6533333333333333,0.5889654,3.586304471820953,3.933413,55.97826086956522,0.9342105263157895,0.7717391304347826,0.8452380952380952,random,4,0.3,0.3,0.7466666666666667
0.9,0.9004007,0.6000000000000001,0.5374389,3.435062743099111,3.3153665,56.73913043478261,1.0,0.6739130434782609,0.8051948051948052,gnn,4,0.3,0.3,0.75
0.9133333333333333,0.9124609,0.6533333333333333,0.5934493,3.5982939690690356,3.8728878,55.93478260869565,0.9342105263157895,0.7717391304347826,0.8452380952380952,random,4,0.3,0.3,0.75
0.9,0.90140057,0.6000000000000001,0.54208255,3.432432952991086,3.2977405,56.43478260869565,1.0,0.6739130434782609,0.8051948051948052,gnn,4,0.3,0.3,0.7533333333333333
0.9166666666666666,0.9123218,0.6666666666666665,0.5928032,3.4953056600532135,3.9098084,55.69565217391305,0.9466666666666667,0.7717391304347826,0.8502994011976047,random,4,0.3,0.3,0.7533333333333333
0.9033333333333333,0.9023996,0.6133333333333333,0.5467223,3.401943064839883,3.2764697,55.52173913043478,1.0,0.6847826086956522,0.8129032258064516,gnn,4,0.3,0.3,0.7566666666666667
0.9166666666666666,0.9129112,0.6666666666666665,0.59554034,3.4798549060274406,3.899091,55.32608695652174,0.9466666666666667,0.7717391304347826,0.8502994011976047,random,4,0.3,0.3,0.7566666666666667
0.9066666666666666,0.90339863,0.6266666666666665,0.55136204,3.3739913529073906,3.2523544,55.42391304347826,1.0,0.6956521739130435,0.8205128205128205,gnn,4,0.3,0.3,0.76
0.9166666666666666,0.9139109,0.6666666666666665,0.6001834,3.477375913138838,3.8879614,55.21739130434783,0.9466666666666667,0.7717391304347826,0.8502994011976047,random,4,0.3,0.3,0.76
0.9066666666666666,0.9043984,0.6266666666666665,0.55600506,3.3510031764707024,3.2426221,55.07608695652174,1.0,0.6956521739130435,0.8205128205128205,gnn,4,0.3,0.3,0.7633333333333333
0.9166666666666666,0.9147074,0.6666666666666665,0.60388255,3.4546686339847263,3.8873644,55.358695652173914,0.9466666666666667,0.7717391304347826,0.8502994011976047,random,4,0.3,0.3,0.7633333333333333
0.9066666666666666,0.9053978,0.6266666666666665,0.5606465,3.350233479502059,3.2292445,54.15217391304348,1.0,0.6956521739130435,0.8205128205128205,gnn,4,0.3,0.3,0.7666666666666667
0.92,0.9161194,0.6800000000000002,0.61044,3.450404955079971,3.880643,55.34782608695652,0.9473684210526315,0.782608695652174,0.8571428571428571,random,4,0.3,0.3,0.7666666666666667
0.91,0.90639687,0.6400000000000001,0.56528646,3.3022051040689315,3.1836512,53.54347826086956,1.0,0.7065217391304348,0.8280254777070064,gnn,4,0.3,0.3,0.77
0.92,0.91711926,0.6800000000000002,0.61508363,3.440634978377804,3.8582487,55.07608695652174,0.9473684210526315,0.782608695652174,0.8571428571428571,random,4,0.3,0.3,0.77
0.9133333333333333,0.9083946,0.6533333333333333,0.5745643,3.0807592421294405,3.0469463,52.97826086956522,1.0,0.717391304347826,0.8354430379746834,gnn,4,0.3,0.3,0.7733333333333333
0.9233333333333333,0.9181188,0.6933333333333334,0.6197256,3.4343516075288933,3.8512256,54.68478260869565,0.948051948051948,0.7934782608695652,0.863905325443787,random,4,0.3,0.3,0.7733333333333333
0.9166666666666666,0.9093936,0.6666666666666665,0.579204,3.0620429998391927,3.031945,53.20652173913044,1.0,0.7282608695652174,0.8427672955974843,gnn,4,0.3,0.3,0.7766666666666666
0.9233333333333333,0.9191758,0.6933333333333334,0.6246347,3.4354316550361634,3.8342578,54.69565217391305,0.948051948051948,0.7934782608695652,0.863905325443787,random,4,0.3,0.3,0.7766666666666666
0.92,0.91039264,0.6800000000000002,0.58384377,3.0514446829532016,3.0195286,53.06521739130435,1.0,0.7391304347826086,0.85,gnn,4,0.3,0.3,0.78
0.9233333333333333,0.9200261,0.6933333333333334,0.6285837,3.4298068867732687,3.820043,54.44565217391305,0.948051948051948,0.7934782608695652,0.863905325443787,random,4,0.3,0.3,0.78
0.92,0.9113924,0.6800000000000002,0.5884868,3.0416688562919845,3.004011,53.53260869565217,1.0,0.7391304347826086,0.85,gnn,4,0.3,0.3,0.7833333333333333
0.9233333333333333,0.92112505,0.6933333333333334,0.63368744,3.3749421807518107,3.7198827,54.43478260869565,0.948051948051948,0.7934782608695652,0.863905325443787,random,4,0.3,0.3,0.7833333333333333
0.92,0.9123922,0.6800000000000002,0.5931301,3.039665052794143,2.999597,53.30434782608695,1.0,0.7391304347826086,0.85,gnn,4,0.3,0.3,0.7866666666666666
0.9266666666666666,0.92259055,0.7066666666666666,0.6404935,3.3344687857063176,3.6817737,54.16304347826087,0.9487179487179487,0.8043478260869565,0.8705882352941177,random,4,0.3,0.3,0.7866666666666666
0.9233333333333333,0.9133913,0.6933333333333334,0.59777015,3.0293105434644483,2.9880009,53.66304347826087,1.0,0.75,0.8571428571428571,gnn,4,0.3,0.3,0.79
0.9333333333333333,0.9231507,0.7333333333333334,0.6430951,3.2898710539985347,3.6635149,53.52173913043478,0.95,0.8260869565217391,0.8837209302325583,random,4,0.3,0.3,0.79
0.9233333333333333,0.91469866,0.6933333333333334,0.60384184,3.0243408594057133,2.9779146,53.05434782608695,1.0,0.75,0.8571428571428571,gnn,4,0.3,0.3,0.7933333333333333
0.9333333333333333,0.9241457,0.7333333333333334,0.6477159,3.2860379648457796,3.6244237,53.33695652173913,0.95,0.8260869565217391,0.8837209302325583,random,4,0.3,0.3,0.7933333333333333
0.9266666666666666,0.91569775,0.7066666666666666,0.6084818,2.9810516951531723,2.9420102,53.06521739130435,1.0,0.7608695652173914,0.8641975308641976,gnn,4,0.3,0.3,0.7966666666666666
0.93,0.92517453,0.7200000000000002,0.6524941,3.2984368741621672,3.6141748,53.19565217391305,0.9493670886075949,0.8152173913043478,0.8771929824561402,random,4,0.3,0.3,0.7966666666666666
0.9266666666666666,0.9166975,0.7066666666666666,0.6131249,2.9798367963760652,2.9060864,52.78260869565217,1.0,0.7608695652173914,0.8641975308641976,gnn,4,0.3,0.3,0.8
0.9333333333333333,0.92637616,0.7333333333333334,0.65807474,3.25640898038668,3.5513566,53.01086956521739,0.95,0.8260869565217391,0.8837209302325583,random,4,0.3,0.3,0.8
0.9266666666666666,0.91769725,0.7066666666666666,0.61776793,2.976822542366448,2.888599,52.44565217391305,1.0,0.7608695652173914,0.8641975308641976,gnn,4,0.3,0.3,0.8033333333333333
0.93,0.9278005,0.7200000000000002,0.66468954,3.239023263469916,3.4276102,52.71739130434783,0.9382716049382716,0.8260869565217391,0.8786127167630059,random,4,0.3,0.3,0.8033333333333333
0.9266666666666666,0.918697,0.7066666666666666,0.622411,2.9546046060423303,2.8722486,52.21739130434783,1.0,0.7608695652173914,0.8641975308641976,gnn,4,0.3,0.3,0.8066666666666666
0.93,0.9282768,0.7200000000000002,0.6669016,3.238750612108136,3.4054677,52.68478260869565,0.9382716049382716,0.8260869565217391,0.8786127167630059,random,4,0.3,0.3,0.8066666666666666
0.9266666666666666,0.91969675,0.7066666666666666,0.62705404,2.9531859434911016,2.8518598,51.93478260869565,1.0,0.7608695652173914,0.8641975308641976,gnn,4,0.3,0.3,0.81
0.9333333333333333,0.9292762,0.7333333333333334,0.67154324,3.2295514827167646,3.3966136,52.53260869565217,0.9390243902439024,0.8369565217391305,0.885057471264368,random,4,0.3,0.3,0.81
0.93,0.9206958,0.7200000000000002,0.6316938,2.9413448494817076,2.8402271,51.641304347826086,1.0,0.7717391304347826,0.8711656441717791,gnn,4,0.3,0.3,0.8133333333333334
0.9366666666666666,0.9302718,0.7466666666666666,0.67616695,3.0338861183769494,3.2958238,52.30434782608695,0.9397590361445783,0.8478260869565217,0.8914285714285715,random,4,0.3,0.3,0.8133333333333334
0.93,0.92169553,0.7200000000000002,0.63633686,2.940899926037705,2.812455,51.5,1.0,0.7717391304347826,0.8711656441717791,gnn,4,0.3,0.3,0.8166666666666667
0.9366666666666666,0.9312717,0.7466666666666666,0.6808106,3.0329689895553678,3.272228,52.08695652173913,0.9397590361445783,0.8478260869565217,0.8914285714285715,random,4,0.3,0.3,0.8166666666666667
0.9333333333333333,0.9226947,0.7333333333333334,0.64097714,2.93460361766806,2.805424,51.28260869565217,1.0,0.782608695652174,0.878048780487805,gnn,4,0.3,0.3,0.82
0.94,0.9322711,0.7599999999999998,0.6854522,2.9977791692718587,3.2429392,51.54347826086956,0.9404761904761905,0.8586956521739131,0.8977272727272727,random,4,0.3,0.3,0.82
0.9366666666666666,0.9236937,0.7466666666666666,0.6456168,2.917376282814087,2.7924793,51.141304347826086,1.0,0.7934782608695652,0.8848484848484849,gnn,4,0.3,0.3,0.8233333333333334
0.94,0.93327105,0.7599999999999998,0.6900961,2.9907370200625794,3.2146583,51.630434782608695,0.9404761904761905,0.8586956521739131,0.8977272727272727,random,4,0.3,0.3,0.8233333333333334
0.94,0.9246928,0.7599999999999998,0.6502569,2.9029578539491125,2.7819245,50.641304347826086,1.0,0.8043478260869565,0.891566265060241,gnn,4,0.3,0.3,0.8266666666666667
0.94,0.9346815,0.7599999999999998,0.6966464,2.958261311110388,3.1869466,51.608695652173914,0.9404761904761905,0.8586956521739131,0.8977272727272727,random,4,0.3,0.3,0.8266666666666667
0.94,0.92569405,0.7599999999999998,0.6549068,2.9015815878142757,2.776258,50.608695652173914,1.0,0.8043478260869565,0.891566265060241,gnn,4,0.3,0.3,0.83
0.94,0.9346988,0.7599999999999998,0.696727,3.005368591715017,3.21967,51.70652173913044,0.9404761904761905,0.8586956521739131,0.8977272727272727,random,4,0.3,0.3,0.83
0.9433333333333334,0.92669314,0.7733333333333334,0.65954685,2.875779248278917,2.7562244,50.32608695652174,1.0,0.8152173913043478,0.8982035928143712,gnn,4,0.3,0.3,0.8333333333333334
0.9433333333333334,0.9356983,0.7733333333333334,0.70136863,2.9969263461873434,3.2118607,51.51086956521739,0.9411764705882353,0.8695652173913043,0.903954802259887,random,4,0.3,0.3,0.8333333333333334
0.9433333333333334,0.9276929,0.7733333333333334,0.6641899,2.8633403954337617,2.7527263,50.47826086956522,1.0,0.8152173913043478,0.8982035928143712,gnn,4,0.3,0.3,0.8366666666666667
0.9433333333333334,0.93666893,0.7733333333333334,0.7058766,2.9893627961708935,3.204066,51.33695652173913,0.9411764705882353,0.8695652173913043,0.903954802259887,random,4,0.3,0.3,0.8366666666666667
0.9466666666666667,0.92869204,0.7866666666666666,0.66883016,2.8437957348205276,2.7363317,50.42391304347826,1.0,0.8260869565217391,0.9047619047619047,gnn,4,0.3,0.3,0.84
0.9433333333333334,0.9376701,0.7733333333333334,0.7105263,2.986434343751613,3.1884782,51.23913043478261,0.9411764705882353,0.8695652173913043,0.903954802259887,random,4,0.3,0.3,0.84
0.95,0.9296911,0.7999999999999998,0.6734699,2.8360111646933617,2.729259,50.119565217391305,1.0,0.8369565217391305,0.911242603550296,gnn,4,0.3,0.3,0.8433333333333334
0.9466666666666667,0.93908113,0.7866666666666666,0.7170794,2.9590767961511943,3.164943,51.19565217391305,0.9418604651162791,0.8804347826086957,0.9101123595505618,random,4,0.3,0.3,0.8433333333333334
0.9533333333333334,0.9306901,0.8133333333333335,0.67810965,2.832207317160255,2.725772,49.77173913043478,1.0,0.8478260869565217,0.9176470588235294,gnn,4,0.3,0.3,0.8466666666666667
0.95,0.9400793,0.7999999999999998,0.721715,2.954282946501638,3.160228,51.119565217391305,0.9425287356321839,0.8913043478260869,0.9162011173184358,random,4,0.3,0.3,0.8466666666666667
0.9533333333333334,0.93168986,0.8133333333333335,0.68275267,2.82663838509685,2.7024534,49.58695652173913,1.0,0.8478260869565217,0.9176470588235294,gnn,4,0.3,0.3,0.85
0.95,0.9410789,0.7999999999999998,0.72635746,2.9316390589965433,3.1509101,51.108695652173914,0.9425287356321839,0.8913043478260869,0.9162011173184358,random,4,0.3,0.3,0.85
0.9533333333333334,0.9326896,0.8133333333333335,0.68739575,2.8255642668359906,2.6736166,49.51086956521739,1.0,0.8478260869565217,0.9176470588235294,gnn,4,0.3,0.3,0.8533333333333334
0.95,0.9410858,0.7999999999999998,0.7263896,2.93163890231351,3.1508157,51.108695652173914,0.9425287356321839,0.8913043478260869,0.9162011173184358,random,4,0.3,0.3,0.8533333333333334
0.9566666666666667,0.93368876,0.8266666666666667,0.69203603,2.8141345947678755,2.663383,49.43478260869565,1.0,0.8586956521739131,0.9239766081871346,gnn,4,0.3,0.3,0.8566666666666667
0.95,0.9419633,0.7999999999999998,0.7304649,2.9253710313414785,3.1271505,51.17391304347826,0.9425287356321839,0.8913043478260869,0.9162011173184358,random,4,0.3,0.3,0.8566666666666667
0.9566666666666667,0.9346862,0.8266666666666667,0.69666827,2.795378682067817,2.6560385,49.51086956521739,1.0,0.8586956521739131,0.9239766081871346,gnn,4,0.3,0.3,0.86
0.95,0.94296366,0.7999999999999998,0.7351107,2.924503951945763,3.1028552,51.07608695652174,0.9425287356321839,0.8913043478260869,0.9162011173184358,random,4,0.3,0.3,0.86
0.96,0.9356852,0.8399999999999999,0.701308,2.7903793393372545,2.651637,49.48913043478261,1.0,0.8695652173913043,0.9302325581395349,gnn,4,0.3,0.3,0.8633333333333333
0.95,0.943421,0.7999999999999998,0.7372347,2.921868482857625,3.0921533,51.15217391304348,0.9425287356321839,0.8913043478260869,0.9162011173184358,random,4,0.3,0.3,0.8633333333333333
0.96,0.93668497,0.8399999999999999,0.7059511,2.787134086875112,2.613536,49.65217391304348,1.0,0.8695652173913043,0.9302325581395349,gnn,4,0.3,0.3,0.8666666666666667
0.9533333333333334,0.94483477,0.8133333333333335,0.7438005,2.8920940867723886,3.045107,51.130434782608695,0.9431818181818182,0.9021739130434783,0.9222222222222224,random,4,0.3,0.3,0.8666666666666667
0.9633333333333334,0.9376841,0.8533333333333335,0.7105914,2.7750002910802887,2.5997448,49.358695652173914,1.0,0.8804347826086957,0.9364161849710982,gnn,4,0.3,0.3,0.87
0.9566666666666667,0.94346255,0.8266666666666667,0.73742765,2.8853934799041743,3.045968,50.23913043478261,0.9540229885057471,0.9021739130434783,0.9273743016759777,random,4,0.3,0.3,0.87
0.9633333333333334,0.9392812,0.8533333333333335,0.71800864,2.7543755963534835,2.5651553,48.91304347826087,1.0,0.8804347826086957,0.9364161849710982,gnn,4,0.3,0.3,0.8733333333333333
0.96,0.9431744,0.8399999999999999,0.7360895,2.837972889997273,3.0519333,49.31521739130435,0.9651162790697675,0.9021739130434783,0.9325842696629213,random,4,0.3,0.3,0.8733333333333333
0.9633333333333334,0.9402829,0.8533333333333335,0.7226606,2.75381076023004,2.5595634,48.93478260869565,1.0,0.8804347826086957,0.9364161849710982,gnn,4,0.3,0.3,0.8766666666666667
0.9633333333333334,0.94417346,0.8533333333333335,0.7407293,2.811510262472713,3.0359876,49.03260869565217,0.9655172413793104,0.9130434782608695,0.9385474860335196,random,4,0.3,0.3,0.8766666666666667
0.9666666666666667,0.9412819,0.8666666666666667,0.7273003,2.748165050430181,2.554261,48.608695652173914,1.0,0.8913043478260869,0.9425287356321839,gnn,4,0.3,0.3,0.88
0.9633333333333334,0.9451733,0.8533333333333335,0.7453729,2.8059737953437125,3.0135763,48.92391304347826,0.9655172413793104,0.9130434782608695,0.9385474860335196,random,4,0.3,0.3,0.88
0.9666666666666667,0.9422818,0.8666666666666667,0.7319439,2.7476957687428407,2.547171,48.68478260869565,1.0,0.8913043478260869,0.9425287356321839,gnn,4,0.3,0.3,0.8833333333333333
0.9666666666666667,0.9461738,0.8666666666666667,0.75001925,2.7972970936550543,3.0055377,48.76086956521739,0.9659090909090909,0.9239130434782609,0.9444444444444444,random,4,0.3,0.3,0.8833333333333333
0.97,0.9432808,0.8799999999999999,0.73658365,2.734904268498434,2.5338855,48.18478260869565,1.0,0.9021739130434783,0.9485714285714286,gnn,4,0.3,0.3,0.8866666666666667
0.9666666666666667,0.94680756,0.8666666666666667,0.75296265,2.774452563116706,2.9623988,48.880434782608695,0.9659090909090909,0.9239130434782609,0.9444444444444444,random,4,0.3,0.3,0.8866666666666667
0.97,0.94427896,0.8799999999999999,0.7412192,2.7202636195823064,2.520999,48.07608695652174,1.0,0.9021739130434783,0.9485714285714286,gnn,4,0.3,0.3,0.89
0.97,0.94756204,0.8799999999999999,0.75646657,2.75534411020649,2.9550016,48.54347826086956,0.9662921348314607,0.9347826086956522,0.9502762430939227,random,4,0.3,0.3,0.89
0.97,0.9442831,0.8799999999999999,0.7412386,2.720262983810015,2.5204844,48.07608695652174,1.0,0.9021739130434783,0.9485714285714286,gnn,4,0.3,0.3,0.8933333333333333
0.9733333333333334,0.9485612,0.8933333333333335,0.76110685,2.7120549459539496,2.9190972,48.33695652173913,0.9666666666666667,0.9456521739130435,0.956043956043956,random,4,0.3,0.3,0.8933333333333333
0.9733333333333334,0.94528216,0.8933333333333335,0.74587834,2.6635020605057207,2.4849994,47.869565217391305,1.0,0.9130434782608695,0.9545454545454545,gnn,4,0.3,0.3,0.8966666666666666
0.9733333333333334,0.94956166,0.8933333333333335,0.76575327,2.7117769705678993,2.8966534,48.29347826086956,0.9666666666666667,0.9456521739130435,0.956043956043956,random,4,0.3,0.3,0.8966666666666666
0.9733333333333334,0.94628197,0.8933333333333335,0.75052166,2.6443614307868732,2.4490707,47.858695652173914,1.0,0.9130434782608695,0.9545454545454545,gnn,4,0.3,0.3,0.9
0.9733333333333334,0.9502838,0.8933333333333335,0.76910716,2.64159904644955,2.84004,48.29347826086956,0.9666666666666667,0.9456521739130435,0.956043956043956,random,4,0.3,0.3,0.9
0.9733333333333334,0.94747823,0.8933333333333335,0.7560774,2.6296458230733464,2.42256,47.80434782608695,1.0,0.9130434782608695,0.9545454545454545,gnn,4,0.3,0.3,0.9033333333333333
0.9733333333333334,0.9512699,0.8933333333333335,0.7736868,2.6414924609105994,2.825044,48.29347826086956,0.9666666666666667,0.9456521739130435,0.956043956043956,random,4,0.3,0.3,0.9033333333333333
0.9733333333333334,0.948478,0.8933333333333335,0.76072043,2.629340050563846,2.4172347,47.78260869565217,1.0,0.9130434782608695,0.9545454545454545,gnn,4,0.3,0.3,0.9066666666666666
0.9766666666666667,0.9529012,0.9066666666666667,0.78126276,2.6245814184178484,2.7871351,48.27173913043478,0.967032967032967,0.9565217391304348,0.9617486338797815,random,4,0.3,0.3,0.9066666666666666
0.9733333333333334,0.9488803,0.8933333333333335,0.762589,2.626106758548578,2.3949327,47.869565217391305,1.0,0.9130434782608695,0.9545454545454545,gnn,4,0.3,0.3,0.91
0.9766666666666667,0.95343447,0.9066666666666667,0.78373945,2.6381426156945973,2.7142813,48.23913043478261,0.967032967032967,0.9565217391304348,0.9617486338797815,random,4,0.3,0.3,0.91
0.9733333333333334,0.94988006,0.8933333333333335,0.767232,2.624731226179148,2.3884819,47.96739130434783,1.0,0.9130434782608695,0.9545454545454545,gnn,4,0.3,0.3,0.9133333333333333
0.9766666666666667,0.9550993,0.9066666666666667,0.7914712,2.6140258885916614,2.6874776,48.15217391304348,0.967032967032967,0.9565217391304348,0.9617486338797815,random,4,0.3,0.3,0.9133333333333333
0.9733333333333334,0.95093924,0.8933333333333335,0.77215105,2.622956657741973,2.3697352,47.91304347826087,1.0,0.9130434782608695,0.9545454545454545,gnn,4,0.3,0.3,0.9166666666666666
0.9766666666666667,0.95555586,0.9066666666666667,0.7935916,2.6107302279142846,2.65904,48.141304347826086,0.967032967032967,0.9565217391304348,0.9617486338797815,random,4,0.3,0.3,0.9166666666666666
0.9733333333333334,0.951939,0.8933333333333335,0.7767941,2.6225186718133666,2.3568816,47.858695652173914,1.0,0.9130434782608695,0.9545454545454545,gnn,4,0.3,0.3,0.92
0.9766666666666667,0.9567025,0.9066666666666667,0.79891676,2.5950303339361187,2.6424544,48.141304347826086,0.967032967032967,0.9565217391304348,0.9617486338797815,random,4,0.3,0.3,0.92
0.9733333333333334,0.95299804,0.8933333333333335,0.7817126,2.6171111254607724,2.343124,47.72826086956522,1.0,0.9130434782608695,0.9545454545454545,gnn,4,0.3,0.3,0.9233333333333333
0.9766666666666667,0.95722586,0.9066666666666667,0.8013475,2.623520698781068,2.5715768,48.09782608695652,0.967032967032967,0.9565217391304348,0.9617486338797815,random,4,0.3,0.3,0.9233333333333333
0.9766666666666667,0.9539971,0.9066666666666667,0.78635234,2.5738219612082314,2.3072197,47.608695652173914,1.0,0.9239130434782609,0.96045197740113,gnn,4,0.3,0.3,0.9266666666666666
0.9766666666666667,0.9582256,0.9066666666666667,0.8059905,2.6233445992969684,2.5618072,48.04347826086956,0.967032967032967,0.9565217391304348,0.9617486338797815,random,4,0.3,0.3,0.9266666666666666
0.9766666666666667,0.9548248,0.9066666666666667,0.7901965,2.5087678567044818,2.2332745,47.51086956521739,1.0,0.9239130434782609,0.96045197740113,gnn,4,0.3,0.3,0.93
0.98,0.95777464,0.9199999999999999,0.8038961,2.5842831242464777,2.5655758,47.08695652173913,0.9777777777777777,0.9565217391304348,0.967032967032967,random,4,0.3,0.3,0.93
0.98,0.9558239,0.9199999999999999,0.79483646,2.4980100978960498,2.2127664,47.34782608695652,1.0,0.9347826086956522,0.9662921348314606,gnn,4,0.3,0.3,0.9333333333333333
0.98,0.95830035,0.9199999999999999,0.80633765,2.5873746135130116,2.5381594,47.04347826086956,0.9777777777777777,0.9565217391304348,0.967032967032967,random,4,0.3,0.3,0.9333333333333333
0.98,0.95682365,0.9199999999999999,0.79947954,2.4916573253245646,2.2053912,47.33695652173913,1.0,0.9347826086956522,0.9662921348314606,gnn,4,0.3,0.3,0.9366666666666666
0.9833333333333333,0.95833904,0.9333333333333331,0.8065173,2.6470434845768995,2.4925284,47.0,0.9887640449438202,0.9565217391304348,0.9723756906077348,random,4,0.3,0.3,0.9366666666666666
0.9833333333333333,0.9578227,0.9333333333333331,0.8041193,2.475152074981129,2.194105,47.119565217391305,1.0,0.9456521739130435,0.9720670391061452,gnn,4,0.3,0.3,0.94
0.9833333333333333,0.9593388,0.9333333333333331,0.8111604,2.634629924378231,2.475307,47.02173913043478,0.9887640449438202,0.9565217391304348,0.9723756906077348,random,4,0.3,0.3,0.94
0.9833333333333333,0.95882297,0.9333333333333331,0.8087648,2.4618911531844323,2.1794024,47.09782608695652,1.0,0.9456521739130435,0.9720670391061452,gnn,4,0.3,0.3,0.9433333333333334
0.9833333333333333,0.96033853,0.9333333333333331,0.8158034,2.616393646371494,2.426873,46.98913043478261,0.9887640449438202,0.9565217391304348,0.9723756906077348,random,4,0.3,0.3,0.9433333333333334
0.9833333333333333,0.9598228,0.9333333333333331,0.81340814,2.459407113162849,2.1682549,47.08695652173913,1.0,0.9456521739130435,0.9720670391061452,gnn,4,0.3,0.3,0.9466666666666667
0.9866666666666667,0.9613375,0.9466666666666668,0.8204429,2.607245497002776,2.418268,46.91304347826087,0.9888888888888889,0.967391304347826,0.978021978021978,random,4,0.3,0.3,0.9466666666666667
0.9833333333333333,0.9608225,0.9333333333333331,0.81805116,2.4222442226206757,2.1198275,47.07608695652174,1.0,0.9456521739130435,0.9720670391061452,gnn,4,0.3,0.3,0.95
0.99,0.9623366,0.96,0.8250829,2.59511169431131,2.4044771,46.869565217391305,0.989010989010989,0.9782608695652174,0.9836065573770493,random,4,0.3,0.3,0.95
0.9833333333333333,0.9618229,0.9333333333333331,0.8226973,2.4131661421691835,2.0973008,47.02173913043478,1.0,0.9456521739130435,0.9720670391061452,gnn,4,0.3,0.3,0.9533333333333334
0.9933333333333333,0.96313477,0.9733333333333332,0.8287898,2.5822485164042774,2.3874993,46.67391304347826,0.9891304347826086,0.9891304347826086,0.9891304347826086,random,4,0.3,0.3,0.9533333333333334
0.9833333333333333,0.9628227,0.9333333333333331,0.82734036,2.397142821741283,2.0727112,47.0,1.0,0.9456521739130435,0.9720670391061452,gnn,4,0.3,0.3,0.9566666666666667
0.9933333333333333,0.9641345,0.9733333333333332,0.8334328,2.5814342724797528,2.372052,46.641304347826086,0.9891304347826086,0.9891304347826086,0.9891304347826086,random,4,0.3,0.3,0.9566666666666667
0.9833333333333333,0.96382385,0.9333333333333331,0.83199,2.3942125539463843,2.05706,47.04347826086956,1.0,0.9456521739130435,0.9720670391061452,gnn,4,0.3,0.3,0.96
0.9966666666666667,0.9637037,0.9866666666666668,0.831432,2.465634864173358,2.4129303,46.608695652173914,1.0,0.9891304347826086,0.994535519125683,random,4,0.3,0.3,0.96
0.9866666666666667,0.964823,0.9466666666666668,0.83663034,2.3883593665327725,2.0508332,46.84782608695652,1.0,0.9565217391304348,0.9777777777777777,gnn,4,0.3,0.3,0.9633333333333334
0.9966666666666667,0.9647034,0.9866666666666668,0.83607477,2.453195998150418,2.409432,46.58695652173913,1.0,0.9891304347826086,0.994535519125683,random,4,0.3,0.3,0.9633333333333334
0.9866666666666667,0.9658226,0.9466666666666668,0.84127253,2.2702772888107603,2.0331507,46.880434782608695,1.0,0.9565217391304348,0.9777777777777777,gnn,4,0.3,0.3,0.9666666666666667
0.9966666666666667,0.96524656,0.9866666666666668,0.83859736,2.397418864645334,2.3124962,46.57608695652174,1.0,0.9891304347826086,0.994535519125683,random,4,0.3,0.3,0.9666666666666667
0.99,0.9668217,0.96,0.8459126,2.2537837384021717,2.0218859,46.78260869565217,1.0,0.967391304347826,0.9834254143646408,gnn,4,0.3,0.3,0.97
0.9966666666666667,0.9669876,0.9866666666666668,0.8466832,2.307849060680838,2.2156887,46.57608695652174,1.0,0.9891304347826086,0.994535519125683,random,4,0.3,0.3,0.97
0.9933333333333333,0.96782064,0.9733333333333332,0.850552,2.210494574149631,1.9859815,46.67391304347826,1.0,0.9782608695652174,0.989010989010989,gnn,4,0.3,0.3,0.9733333333333334
1.0,0.96798664,1.0,0.85132295,2.2450928913359203,2.1672692,46.5,1.0,1.0,1.0,random,4,0.3,0.3,0.9733333333333334
0.9933333333333333,0.9688204,0.9733333333333332,0.85519505,2.2015031888554843,1.9795319,46.641304347826086,1.0,0.9782608695652174,0.989010989010989,gnn,4,0.3,0.3,0.9766666666666667
1.0,0.97033733,1.0,0.8622401,2.2176538570604505,2.060011,46.5,1.0,1.0,1.0,random,4,0.3,0.3,0.9766666666666667
0.9933333333333333,0.96984375,0.9733333333333332,0.85994774,2.200279796510951,1.9664549,46.641304347826086,1.0,0.9782608695652174,0.989010989010989,gnn,4,0.3,0.3,0.98
1.0,0.97034097,1.0,0.86225694,2.2177819005072696,2.0599155,46.5,1.0,1.0,1.0,random,4,0.3,0.3,0.98
0.9966666666666667,0.9708429,0.9866666666666668,0.864588,2.1911318117221756,1.9578497,46.56521739130435,1.0,0.9891304347826086,0.994535519125683,gnn,4,0.3,0.3,0.9833333333333333
1.0,0.97126544,1.0,0.8665504,2.222638626342161,1.9820243,46.5,1.0,1.0,1.0,random,4,0.3,0.3,0.9833333333333333
0.9966666666666667,0.97184265,0.9866666666666668,0.86923105,2.1908289365205325,1.9525295,46.56521739130435,1.0,0.9891304347826086,0.994535519125683,gnn,4,0.3,0.3,0.9866666666666667
1.0,0.97226524,1.0,0.8711937,2.2200088319982196,1.9643981,46.5,1.0,1.0,1.0,random,4,0.3,0.3,0.9866666666666667
0.9966666666666667,0.97284096,0.9866666666666668,0.87386745,2.187774224694784,1.939754,46.56521739130435,1.0,0.9891304347826086,0.994535519125683,gnn,4,0.3,0.3,0.99
1.0,0.9732649,1.0,0.8758362,2.1916927760501594,1.9494224,46.5,1.0,1.0,1.0,random,4,0.3,0.3,0.99
1.0,0.97384,1.0,0.8785072,2.125018055349867,1.8913349,46.5,1.0,1.0,1.0,gnn,4,0.3,0.3,0.9933333333333333
1.0,0.9741466,1.0,0.87993115,2.126893755182443,1.8453792,46.5,1.0,1.0,1.0,random,4,0.3,0.3,0.9933333333333333
1.0,0.97450864,1.0,0.88161254,2.1248224475697985,1.8668964,46.5,1.0,1.0,1.0,gnn,4,0.3,0.3,0.9966666666666667
1.0,0.97514635,1.0,0.8845742,2.1046758188583263,1.829029,46.5,1.0,1.0,1.0,random,4,0.3,0.3,0.9966666666666667
1.0,0.97564137,1.0,0.8868732,2.116719329010934,1.8243599,46.5,1.0,1.0,1.0,gnn,4,0.3,0.3,1.0
1.0,0.97564137,1.0,0.8868732,2.116719329010934,1.8243599,46.5,1.0,1.0,1.0,random,4,0.3,0.3,1.0
