method,metric,graph,rho,delta,lambda,sim,O,MO,O_tilde,MO_tilde,SE,MSE,rank,precision,recall,f1
random,N/A,powerlaw,0.0,0.05,0.3,0,0.962,0.9499248,0.0,0.0,13.416426632262304,10.398945,,,,
random,N/A,powerlaw,0.1,0.05,0.3,0,0.968,0.95609325,0.15789473684210525,0.11947936,11.786889337215614,8.948263,,,,
random,N/A,powerlaw,0.2,0.05,0.3,0,0.971,0.96171296,0.23684210526315788,0.19026579,10.260116422910993,7.654364,,,,
random,N/A,powerlaw,0.30000000000000004,0.05,0.3,0,0.975,0.96656287,0.34210526315789475,0.27968505,8.408660289407395,6.3729057,,,,
random,N/A,powerlaw,0.4,0.05,0.3,0,0.987,0.97178906,0.6578947368421053,0.4632327,6.803911820407828,5.445649,,,,
random,N/A,powerlaw,0.5,0.05,0.3,0,0.986,0.9770992,0.631578947368421,0.5115243,5.8602530881003965,4.3249846,,,,
random,N/A,powerlaw,0.6000000000000001,0.05,0.3,0,0.985,0.9819251,0.6052631578947368,0.55987823,5.090052310181309,3.396562,,,,
random,N/A,powerlaw,0.7000000000000001,0.05,0.3,0,0.995,0.98732334,0.868421052631579,0.7223149,3.2528170214698875,2.4638038,,,,
random,N/A,powerlaw,0.8,0.05,0.3,0,0.997,0.991152,0.9210526315789473,0.79814494,2.2834949808636327,1.5745099,,,,
random,N/A,powerlaw,0.9,0.05,0.3,0,0.997,0.9945257,0.9210526315789473,0.86466545,1.106233213132059,0.9070425,,,,
random,N/A,powerlaw,1.0,0.05,0.3,0,1.0,0.999715,1.0,0.9925524,0.01091551552983435,0.00822149,,,,
random,N/A,powerlaw,0.0,0.1,0.3,0,0.894,0.9000375,0.0,0.0,14.643988603063695,13.579975,,,,
random,N/A,powerlaw,0.1,0.1,0.3,0,0.908,0.91173244,0.13207547169811334,0.13668698,12.78599764280672,11.407789,,,,
random,N/A,powerlaw,0.2,0.1,0.3,0,0.918,0.92214155,0.22641509433962287,0.23557226,11.186131504650785,9.647177,,,,
random,N/A,powerlaw,0.30000000000000004,0.1,0.3,0,0.926,0.9342811,0.3018867924528305,0.32727385,9.24067429383305,7.8883624,,,,
random,N/A,powerlaw,0.4,0.1,0.3,0,0.942,0.94469887,0.4528301886792447,0.46422523,7.865105583619927,6.487313,,,,
random,N/A,powerlaw,0.5,0.1,0.3,0,0.953,0.9527346,0.5566037735849052,0.55293345,6.0733688473702205,5.086215,,,,
random,N/A,powerlaw,0.6000000000000001,0.1,0.3,0,0.964,0.96460366,0.6603773584905657,0.6638601,4.226017810161273,3.725577,,,,
random,N/A,powerlaw,0.7000000000000001,0.1,0.3,0,0.976,0.9749517,0.7735849056603771,0.7659397,3.1776322799577894,2.4694526,,,,
random,N/A,powerlaw,0.8,0.1,0.3,0,0.979,0.982444,0.80188679245283,0.8271943,2.1686517988119283,1.679701,,,,
random,N/A,powerlaw,0.9,0.1,0.3,0,0.992,0.99177444,0.9245283018867924,0.9221669,1.0060973540959879,0.8274231,,,,
random,N/A,powerlaw,1.0,0.1,0.3,0,1.0,0.9995684,1.0,0.99594384,0.00017009656047252002,0.0027193818,,,,
random,N/A,powerlaw,0.0,0.2,0.3,0,0.799,0.8005978,0.0,0.0,14.881353293706827,16.176695,,,,
random,N/A,powerlaw,0.1,0.2,0.3,0,0.82,0.82368886,0.10447761194029807,0.10644721,12.509984261579712,13.122116,,,,
random,N/A,powerlaw,0.2,0.2,0.3,0,0.842,0.8438549,0.21393034825870616,0.21586728,10.755928901937066,11.307053,,,,
random,N/A,powerlaw,0.30000000000000004,0.2,0.3,0,0.861,0.8632986,0.30845771144278583,0.328677,8.005198702770759,8.944469,,,,
random,N/A,powerlaw,0.4,0.2,0.3,0,0.893,0.89185584,0.46766169154228854,0.4867669,6.2867619950499245,6.839996,,,,
random,N/A,powerlaw,0.5,0.2,0.3,0,0.918,0.90932333,0.592039800995025,0.57527244,5.386812756581374,5.823123,,,,
random,N/A,powerlaw,0.6000000000000001,0.2,0.3,0,0.926,0.9298126,0.6318407960199006,0.65973616,3.872252500203252,4.1849794,,,,
random,N/A,powerlaw,0.7000000000000001,0.2,0.3,0,0.953,0.9484448,0.7661691542288555,0.75850356,2.5446306660212623,2.9639397,,,,
random,N/A,powerlaw,0.8,0.2,0.3,0,0.96,0.9668063,0.8009950248756217,0.8324808,1.666750104232012,1.8565339,,,,
random,N/A,powerlaw,0.9,0.2,0.3,0,0.983,0.9817052,0.9154228855721392,0.9117373,0.6917771957801487,0.81163025,,,,
random,N/A,powerlaw,1.0,0.2,0.3,0,0.999,0.9992411,0.9950248756218906,0.9962184,0.034798375082474714,0.043528214,,,,
random,N/A,powerlaw,0.0,0.05,0.3,1,0.939,0.94982535,0.0,0.0,9.25272222598974,8.80943,,,,
random,N/A,powerlaw,0.1,0.05,0.3,1,0.951,0.9537518,0.19672131147540983,0.20725238,6.754219077989777,7.1173077,,,,
random,N/A,powerlaw,0.2,0.05,0.3,1,0.951,0.96212316,0.19672131147540983,0.24134547,6.086871333860894,5.7815237,,,,
random,N/A,powerlaw,0.30000000000000004,0.05,0.3,1,0.967,0.9668982,0.45901639344262296,0.4703576,5.025697682939089,4.8047333,,,,
random,N/A,powerlaw,0.4,0.05,0.3,1,0.972,0.97235036,0.5409836065573771,0.54401326,3.673375454150124,3.7618108,,,,
random,N/A,powerlaw,0.5,0.05,0.3,1,0.968,0.9757019,0.47540983606557374,0.5593759,3.4581226118643915,3.0963168,,,,
random,N/A,powerlaw,0.6000000000000001,0.05,0.3,1,0.983,0.9833673,0.7213114754098361,0.7216045,2.4741841250340495,2.3261433,,,,
random,N/A,powerlaw,0.7000000000000001,0.05,0.3,1,0.988,0.98700845,0.8032786885245902,0.79040647,1.5904370597025086,1.633495,,,,
random,N/A,powerlaw,0.8,0.05,0.3,1,0.996,0.9933846,0.9344262295081968,0.8959394,0.9401490356512336,0.95539135,,,,
random,N/A,powerlaw,0.9,0.05,0.3,1,0.996,0.99515367,0.9344262295081968,0.92162377,0.5009323628617981,0.52357364,,,,
random,N/A,powerlaw,1.0,0.05,0.3,1,1.0,0.99949366,1.0,0.991766,0.0023215007635899536,0.0047064014,,,,
random,N/A,powerlaw,0.0,0.1,0.3,1,0.895,0.90007085,0.0,0.0,11.897606964512681,11.709208,,,,
random,N/A,powerlaw,0.1,0.1,0.3,1,0.904,0.9113997,0.0857142857142858,0.0863301,10.482009987616236,9.858232,,,,
random,N/A,powerlaw,0.2,0.1,0.3,1,0.919,0.9239634,0.22857142857142881,0.22938932,8.845518683144626,7.8656073,,,,
random,N/A,powerlaw,0.30000000000000004,0.1,0.3,1,0.939,0.93422586,0.41904761904761845,0.3983774,6.518443450772686,6.1285353,,,,
random,N/A,powerlaw,0.4,0.1,0.3,1,0.935,0.9456391,0.3809523809523814,0.4191397,6.406963217085311,5.136707,,,,
random,N/A,powerlaw,0.5,0.1,0.3,1,0.96,0.95439327,0.6190476190476186,0.58841735,4.039748799853495,3.8931704,,,,
random,N/A,powerlaw,0.6000000000000001,0.1,0.3,1,0.961,0.9605247,0.6285714285714282,0.6317667,3.0757943210344054,3.109388,,,,
random,N/A,powerlaw,0.7000000000000001,0.1,0.3,1,0.979,0.97644025,0.7999999999999998,0.7786725,2.2846660049773333,2.0129406,,,,
random,N/A,powerlaw,0.8,0.1,0.3,1,0.985,0.9834493,0.857142857142857,0.8462896,1.2773176310364065,1.2759402,,,,
random,N/A,powerlaw,0.9,0.1,0.3,1,0.993,0.99179447,0.9333333333333332,0.9214582,0.7622313521121655,0.5702712,,,,
random,N/A,powerlaw,1.0,0.1,0.3,1,1.0,0.9999338,1.0,0.99936956,0.02337959786540249,0.014035848,,,,
random,N/A,powerlaw,0.0,0.2,0.3,1,0.796,0.8006117,0.0,0.0,15.554548230724318,15.454308,,,,
random,N/A,powerlaw,0.1,0.2,0.3,1,0.823,0.8255499,0.1323529411764702,0.13399598,12.951009702154886,12.939313,,,,
random,N/A,powerlaw,0.2,0.2,0.3,1,0.848,0.8482794,0.2549019607843135,0.2550327,10.145105521889993,10.3265705,,,,
random,N/A,powerlaw,0.30000000000000004,0.2,0.3,1,0.873,0.87340343,0.37745098039215674,0.39258438,8.562839071649949,8.421032,,,,
random,N/A,powerlaw,0.4,0.2,0.3,1,0.893,0.89183986,0.47549019607843135,0.47024003,6.9894689116126685,6.739564,,,,
random,N/A,powerlaw,0.5,0.2,0.3,1,0.914,0.9115581,0.5784313725490197,0.5749297,5.525372976819681,5.6090083,,,,
random,N/A,powerlaw,0.6000000000000001,0.2,0.3,1,0.928,0.93193215,0.6470588235294119,0.66152626,3.7285317538558203,3.7750816,,,,
random,N/A,powerlaw,0.7000000000000001,0.2,0.3,1,0.949,0.9521505,0.7499999999999998,0.7600174,3.0806655682048616,2.7960298,,,,
random,N/A,powerlaw,0.8,0.2,0.3,1,0.963,0.9678713,0.8186274509803919,0.83961034,1.909922157687701,1.8066845,,,,
random,N/A,powerlaw,0.9,0.2,0.3,1,0.984,0.98441756,0.9215686274509803,0.92380583,0.7157639958313486,0.8669852,,,,
random,N/A,powerlaw,1.0,0.2,0.3,1,0.998,0.99931103,0.9901960784313726,0.9965993,0.08818593630842594,0.05631933,,,,
random,N/A,powerlaw,0.0,0.05,0.3,2,0.953,0.949892,0.0,0.0,13.108900194042228,10.309324,,,,
random,N/A,powerlaw,0.1,0.05,0.3,2,0.963,0.95540196,0.2127659574468085,0.18302818,11.106598570836798,8.712027,,,,
random,N/A,powerlaw,0.2,0.05,0.3,2,0.97,0.96111596,0.3617021276595745,0.30233756,9.23023205958095,7.441248,,,,
random,N/A,powerlaw,0.30000000000000004,0.05,0.3,2,0.971,0.9649942,0.3829787234042553,0.33949193,8.048680618984118,6.3437424,,,,
random,N/A,powerlaw,0.4,0.05,0.3,2,0.981,0.971865,0.5957446808510638,0.49862608,6.889862198708309,5.1289415,,,,
random,N/A,powerlaw,0.5,0.05,0.3,2,0.978,0.9752429,0.5319148936170213,0.5017221,5.530100736785707,4.036842,,,,
random,N/A,powerlaw,0.6000000000000001,0.05,0.3,2,0.985,0.98094875,0.6808510638297872,0.62638444,4.331493305680189,3.3034356,,,,
random,N/A,powerlaw,0.7000000000000001,0.05,0.3,2,0.991,0.9861702,0.8085106382978723,0.7323692,2.7854202585560337,2.2873566,,,,
random,N/A,powerlaw,0.8,0.05,0.3,2,0.99,0.9894784,0.7872340425531915,0.77827114,2.095987884485261,1.3661807,,,,
random,N/A,powerlaw,0.9,0.05,0.3,2,0.995,0.9946819,0.8936170212765957,0.8855562,1.1659098433916169,0.6831995,,,,
random,N/A,powerlaw,1.0,0.05,0.3,2,1.0,0.9989774,1.0,0.9786957,0.004493134351949559,0.018849805,,,,
random,N/A,powerlaw,0.0,0.1,0.3,2,0.901,0.90005374,0.0,0.0,12.400049997022215,11.9620285,,,,
random,N/A,powerlaw,0.1,0.1,0.3,2,0.916,0.9115062,0.15151515151515169,0.14143622,10.589780726933183,9.925957,,,,
random,N/A,powerlaw,0.2,0.1,0.3,2,0.923,0.92126626,0.22222222222222246,0.22732845,8.681833971710002,8.488975,,,,
random,N/A,powerlaw,0.30000000000000004,0.1,0.3,2,0.936,0.93540543,0.3535353535353539,0.3513314,7.605205028447205,6.8325934,,,,
random,N/A,powerlaw,0.4,0.1,0.3,2,0.95,0.9489222,0.49494949494949436,0.4894834,5.554610833312005,5.357424,,,,
random,N/A,powerlaw,0.5,0.1,0.3,2,0.958,0.95709616,0.5757575757575752,0.57048553,4.88492634780618,4.418009,,,,
random,N/A,powerlaw,0.6000000000000001,0.1,0.3,2,0.969,0.96977246,0.6868686868686865,0.69214344,3.001001808612835,3.1556695,,,,
random,N/A,powerlaw,0.7000000000000001,0.1,0.3,2,0.981,0.97649133,0.8080808080808078,0.77276784,2.2581144396594484,2.1631372,,,,
random,N/A,powerlaw,0.8,0.1,0.3,2,0.985,0.98517704,0.8484848484848483,0.8499741,1.7102493207584963,1.3297478,,,,
random,N/A,powerlaw,0.9,0.1,0.3,2,0.996,0.9921047,0.9595959595959596,0.92324,0.7995954734176635,0.66492176,,,,
random,N/A,powerlaw,1.0,0.1,0.3,2,1.0,0.9992819,1.0,0.9927956,0.00951392721420448,0.029177306,,,,
random,N/A,powerlaw,0.0,0.2,0.3,2,0.808,0.80037844,0.0,0.0,15.453613707908225,16.688328,,,,
random,N/A,powerlaw,0.1,0.2,0.3,2,0.824,0.82301885,0.08333333333333286,0.09922301,13.260820692935283,13.914142,,,,
random,N/A,powerlaw,0.2,0.2,0.3,2,0.851,0.84662366,0.223958333333333,0.22893043,11.206016539535689,11.723696,,,,
random,N/A,powerlaw,0.30000000000000004,0.2,0.3,2,0.872,0.8710891,0.33333333333333315,0.345031,8.9041771614274,9.527072,,,,
random,N/A,powerlaw,0.4,0.2,0.3,2,0.89,0.89127827,0.42708333333333326,0.43960524,7.5910454676104395,7.7534637,,,,
random,N/A,powerlaw,0.5,0.2,0.3,2,0.909,0.91218626,0.5260416666666667,0.5470931,5.945442504292785,6.1046367,,,,
random,N/A,powerlaw,0.6000000000000001,0.2,0.3,2,0.931,0.93334687,0.6406250000000001,0.65657,4.08429503621401,4.3442245,,,,
random,N/A,powerlaw,0.7000000000000001,0.2,0.3,2,0.947,0.95031035,0.723958333333333,0.74529,3.203009061065848,3.1731787,,,,
random,N/A,powerlaw,0.8,0.2,0.3,2,0.971,0.9691214,0.8489583333333331,0.841144,1.8904067074408641,1.9687656,,,,
random,N/A,powerlaw,0.9,0.2,0.3,2,0.98,0.98415804,0.8958333333333333,0.91663903,0.9649079754312947,0.972661,,,,
random,N/A,powerlaw,1.0,0.2,0.3,2,1.0,0.99947363,1.0,0.9972647,0.01019112962527349,0.02188889,,,,
random,N/A,powerlaw,0.0,0.05,0.3,3,0.942,0.94985867,0.0,0.0,15.757443626320365,10.237641,,,,
random,N/A,powerlaw,0.1,0.05,0.3,3,0.946,0.9557267,0.06896551724137931,0.08278918,14.166983645102176,8.816407,,,,
random,N/A,powerlaw,0.2,0.05,0.3,3,0.952,0.9596483,0.1724137931034483,0.19852702,12.092842385919507,7.4172063,,,,
random,N/A,powerlaw,0.30000000000000004,0.05,0.3,3,0.959,0.96508336,0.29310344827586204,0.32738957,10.46023264710861,6.2373114,,,,
random,N/A,powerlaw,0.4,0.05,0.3,3,0.963,0.9689338,0.3620689655172414,0.41500458,8.454243812669956,5.182537,,,,
random,N/A,powerlaw,0.5,0.05,0.3,3,0.978,0.97474515,0.6206896551724138,0.58752126,6.703315365818466,4.136867,,,,
random,N/A,powerlaw,0.6000000000000001,0.05,0.3,3,0.979,0.9810515,0.6379310344827587,0.6611626,5.330530097721974,3.1704895,,,,
random,N/A,powerlaw,0.7000000000000001,0.05,0.3,3,0.986,0.9845182,0.7586206896551724,0.7396822,3.78128042830887,2.245788,,,,
random,N/A,powerlaw,0.8,0.05,0.3,3,0.994,0.99021316,0.896551724137931,0.84154147,2.6111193654723395,1.5727844,,,,
random,N/A,powerlaw,0.9,0.05,0.3,3,0.994,0.99506754,0.896551724137931,0.91506034,1.1925981109366695,0.71902585,,,,
random,N/A,powerlaw,1.0,0.05,0.3,3,0.998,0.99933803,0.9655172413793104,0.9883146,0.050093581472012434,0.007931663,,,,
random,N/A,powerlaw,0.0,0.1,0.3,3,0.901,0.9000671,0.0,0.0,12.293311379899835,11.490748,,,,
random,N/A,powerlaw,0.1,0.1,0.3,3,0.911,0.90697116,0.10101010101010112,0.091398366,10.433122536700303,9.601927,,,,
random,N/A,powerlaw,0.2,0.1,0.3,3,0.924,0.92180127,0.23232323232323257,0.23414327,8.19143367607273,7.619754,,,,
random,N/A,powerlaw,0.30000000000000004,0.1,0.3,3,0.935,0.93464124,0.3434343434343438,0.33167553,7.020116505381202,6.1911855,,,,
random,N/A,powerlaw,0.4,0.1,0.3,3,0.954,0.9461598,0.5353535353535348,0.48430428,5.5280244459699,4.7723985,,,,
random,N/A,powerlaw,0.5,0.1,0.3,3,0.969,0.9571068,0.6868686868686865,0.609033,3.501680995496202,3.6536176,,,,
random,N/A,powerlaw,0.6000000000000001,0.1,0.3,3,0.972,0.96772593,0.7171717171717169,0.6894194,3.0188167120987233,2.7580283,,,,
random,N/A,powerlaw,0.7000000000000001,0.1,0.3,3,0.977,0.9761266,0.7676767676767674,0.7625104,2.297246002437657,2.0139575,,,,
random,N/A,powerlaw,0.8,0.1,0.3,3,0.983,0.98399717,0.8282828282828281,0.83418244,1.385737796240852,1.2048973,,,,
random,N/A,powerlaw,0.9,0.1,0.3,3,0.994,0.99386805,0.9393939393939393,0.93811715,0.7420774509240157,0.49868208,,,,
random,N/A,powerlaw,1.0,0.1,0.3,3,1.0,0.9994897,1.0,0.99486977,0.02111207379534987,0.017135236,,,,
random,N/A,powerlaw,0.0,0.2,0.3,3,0.802,0.80061173,0.0,0.0,15.354714760549024,16.163334,,,,
random,N/A,powerlaw,0.1,0.2,0.3,3,0.833,0.8267073,0.15656565656565619,0.15169413,12.618933495194895,13.504389,,,,
random,N/A,powerlaw,0.2,0.2,0.3,3,0.854,0.8461364,0.2626262626262624,0.25503108,11.107383283407422,11.552684,,,,
random,N/A,powerlaw,0.30000000000000004,0.2,0.3,3,0.888,0.8710359,0.43434343434343425,0.40135375,8.828783950948633,9.550738,,,,
random,N/A,powerlaw,0.4,0.2,0.3,3,0.89,0.8885426,0.44444444444444436,0.43960655,7.866307146686806,7.909213,,,,
random,N/A,powerlaw,0.5,0.2,0.3,3,0.917,0.9126074,0.5808080808080809,0.5662802,5.952505432900567,6.12363,,,,
random,N/A,powerlaw,0.6000000000000001,0.2,0.3,3,0.929,0.9282251,0.6414141414141415,0.6367103,4.496119331298347,4.6012225,,,,
random,N/A,powerlaw,0.7000000000000001,0.2,0.3,3,0.956,0.95201683,0.7777777777777776,0.76304704,2.8662395585044798,3.0290148,,,,
random,N/A,powerlaw,0.8,0.2,0.3,3,0.968,0.9674153,0.8383838383838382,0.8378942,2.009367229970508,2.0070891,,,,
random,N/A,powerlaw,0.9,0.2,0.3,3,0.989,0.98414963,0.9444444444444444,0.92235917,0.9920681895809915,0.9131964,,,,
random,N/A,powerlaw,1.0,0.2,0.3,3,1.0,0.99966586,1.0,0.99831486,0.07070478431864437,0.04227237,,,,
random,N/A,powerlaw,0.0,0.05,0.3,4,0.957,0.94985867,0.0,0.0,9.387186862918004,8.499734,,,,
random,N/A,powerlaw,0.1,0.05,0.3,4,0.961,0.9566584,0.09302325581395349,0.0844798,8.377743593718726,7.126571,,,,
random,N/A,powerlaw,0.2,0.05,0.3,4,0.968,0.9595005,0.2558139534883721,0.23010446,6.788028220259688,5.900561,,,,
random,N/A,powerlaw,0.30000000000000004,0.05,0.3,4,0.979,0.96358836,0.5116279069767442,0.38177505,4.948901778037732,4.668341,,,,
random,N/A,powerlaw,0.4,0.05,0.3,4,0.983,0.9697444,0.6046511627906976,0.45235977,4.463127975708377,3.8168023,,,,
random,N/A,powerlaw,0.5,0.05,0.3,4,0.979,0.97602826,0.5116279069767442,0.49110463,3.712733470638949,3.0667093,,,,
random,N/A,powerlaw,0.6000000000000001,0.05,0.3,4,0.984,0.98155165,0.627906976744186,0.593852,2.823225499177903,2.2512357,,,,
random,N/A,powerlaw,0.7000000000000001,0.05,0.3,4,0.992,0.98696107,0.813953488372093,0.7266979,2.11666365113561,1.5444143,,,,
random,N/A,powerlaw,0.8,0.05,0.3,4,0.993,0.98970425,0.8372093023255814,0.78198576,1.3072984925227942,1.0240215,,,,
random,N/A,powerlaw,0.9,0.05,0.3,4,0.996,0.9946178,0.9069767441860465,0.8786583,0.6447583611178305,0.42543858,,,,
random,N/A,powerlaw,1.0,0.05,0.3,4,1.0,0.99975497,1.0,0.99433327,0.02550801905251744,0.005275499,,,,
random,N/A,powerlaw,0.0,0.1,0.3,4,0.898,0.90003747,0.0,0.0,12.943367637215765,11.997963,,,,
random,N/A,powerlaw,0.1,0.1,0.3,4,0.909,0.909413,0.10784313725490208,0.10575289,10.928286299377822,10.010965,,,,
random,N/A,powerlaw,0.2,0.1,0.3,4,0.923,0.920552,0.24509803921568654,0.23312421,9.244013181460463,8.201863,,,,
random,N/A,powerlaw,0.30000000000000004,0.1,0.3,4,0.935,0.9362036,0.36274509803921606,0.36164767,7.995575078666063,6.8102193,,,,
random,N/A,powerlaw,0.4,0.1,0.3,4,0.944,0.9423362,0.45098039215686214,0.44154522,5.899315251884709,5.54663,,,,
random,N/A,powerlaw,0.5,0.1,0.3,4,0.964,0.95855117,0.6470588235294114,0.6141521,4.812430366700025,4.188906,,,,
random,N/A,powerlaw,0.6000000000000001,0.1,0.3,4,0.97,0.9673123,0.7058823529411762,0.6924469,3.7113335757165045,3.1806314,,,,
random,N/A,powerlaw,0.7000000000000001,0.1,0.3,4,0.976,0.9766886,0.7647058823529409,0.76973027,2.805591472990289,2.1787972,,,,
random,N/A,powerlaw,0.8,0.1,0.3,4,0.982,0.9831946,0.8235294117647057,0.8320045,1.7328862836946843,1.418766,,,,
random,N/A,powerlaw,0.9,0.1,0.3,4,0.994,0.9941145,0.9411764705882353,0.94219494,0.7212220116319722,0.5635579,,,,
random,N/A,powerlaw,1.0,0.1,0.3,4,1.0,0.9994614,1.0,0.99474466,0.0029679503552681847,0.007972224,,,,
random,N/A,powerlaw,0.0,0.2,0.3,4,0.794,0.8001452,0.0,0.0,15.822987481915982,16.17354,,,,
random,N/A,powerlaw,0.1,0.2,0.3,4,0.82,0.82568383,0.12621359223300932,0.123341955,13.26284335364855,13.398099,,,,
random,N/A,powerlaw,0.2,0.2,0.3,4,0.842,0.8468782,0.23300970873786378,0.24646133,11.112867501763573,11.351777,,,,
random,N/A,powerlaw,0.30000000000000004,0.2,0.3,4,0.865,0.8711339,0.34466019417475713,0.36599374,9.038835876739045,9.362965,,,,
random,N/A,powerlaw,0.4,0.2,0.3,4,0.894,0.89379764,0.4854368932038835,0.49934152,7.55785309920663,7.677501,,,,
random,N/A,powerlaw,0.5,0.2,0.3,4,0.917,0.9153171,0.5970873786407768,0.590975,5.385118293245232,5.774366,,,,
random,N/A,powerlaw,0.6000000000000001,0.2,0.3,4,0.936,0.93346536,0.6893203883495148,0.6873978,4.136955500403941,4.4089212,,,,
random,N/A,powerlaw,0.7000000000000001,0.2,0.3,4,0.946,0.95089525,0.7378640776699026,0.7546517,3.0989011219195843,3.1393502,,,,
random,N/A,powerlaw,0.8,0.2,0.3,4,0.968,0.9713339,0.8446601941747571,0.8582029,1.9380126629321857,1.6719065,,,,
random,N/A,powerlaw,0.9,0.2,0.3,4,0.982,0.98476124,0.9126213592233009,0.9249748,0.7804913690608136,0.7592969,,,,
random,N/A,powerlaw,1.0,0.2,0.3,4,1.0,0.9998109,1.0,0.9990824,0.0008718679056554426,0.0068445913,,,,
random,N/A,powerlaw,0.0,0.05,0.3,5,0.953,0.9499019,0.0,0.0,8.219903993797423,8.369938,,,,
random,N/A,powerlaw,0.1,0.05,0.3,5,0.963,0.95620936,0.2127659574468085,0.18426976,6.903052779275946,6.905585,,,,
random,N/A,powerlaw,0.2,0.05,0.3,5,0.958,0.9598201,0.10638297872340426,0.13258418,6.084828027721937,5.67933,,,,
random,N/A,powerlaw,0.30000000000000004,0.05,0.3,5,0.972,0.9670997,0.40425531914893614,0.35809845,4.893968895388029,4.7594786,,,,
random,N/A,powerlaw,0.4,0.05,0.3,5,0.973,0.97248757,0.425531914893617,0.41015276,3.812623506796493,3.6983383,,,,
random,N/A,powerlaw,0.5,0.05,0.3,5,0.98,0.97811234,0.574468085106383,0.5558778,2.769126041735873,2.9960706,,,,
random,N/A,powerlaw,0.6000000000000001,0.05,0.3,5,0.982,0.9840869,0.6170212765957447,0.644615,2.597841683501848,2.1459317,,,,
random,N/A,powerlaw,0.7000000000000001,0.05,0.3,5,0.988,0.9892732,0.7446808510638298,0.76538426,1.7345497806337506,1.5356387,,,,
random,N/A,powerlaw,0.8,0.05,0.3,5,0.996,0.99321824,0.9148936170212766,0.8636273,0.822979309246575,0.9290525,,,,
random,N/A,powerlaw,0.9,0.05,0.3,5,0.998,0.99714273,0.9574468085106383,0.9402811,0.34931033291382063,0.41213512,,,,
random,N/A,powerlaw,1.0,0.05,0.3,5,1.0,0.9998208,1.0,0.99620104,0.009967682236214413,0.008068534,,,,
random,N/A,powerlaw,0.0,0.1,0.3,5,0.895,0.90003747,0.0,0.0,16.531433127768366,13.947476,,,,
random,N/A,powerlaw,0.1,0.1,0.3,5,0.909,0.91278017,0.13333333333333347,0.13821842,14.080015125447055,11.999699,,,,
random,N/A,powerlaw,0.2,0.1,0.3,5,0.921,0.9246067,0.24761904761904788,0.24271098,12.415932851774949,10.012165,,,,
random,N/A,powerlaw,0.30000000000000004,0.1,0.3,5,0.936,0.9357665,0.39047619047619087,0.39062154,9.4578499194256,7.9705477,,,,
random,N/A,powerlaw,0.4,0.1,0.3,5,0.945,0.94591737,0.4761904761904756,0.4808802,8.015034541543356,6.589825,,,,
random,N/A,powerlaw,0.5,0.1,0.3,5,0.951,0.95917,0.5333333333333329,0.5760428,6.5037523204926355,4.984867,,,,
random,N/A,powerlaw,0.6000000000000001,0.1,0.3,5,0.968,0.9654626,0.6952380952380949,0.6762509,4.679182935443328,4.0453753,,,,
random,N/A,powerlaw,0.7000000000000001,0.1,0.3,5,0.977,0.9774404,0.7809523809523807,0.78653264,3.3638282296479165,2.6686423,,,,
random,N/A,powerlaw,0.8,0.1,0.3,5,0.989,0.9856626,0.8952380952380952,0.8676001,1.6658091586010992,1.6281615,,,,
random,N/A,powerlaw,0.9,0.1,0.3,5,0.991,0.99145687,0.9142857142857141,0.9182637,0.9858213220369924,0.90852106,,,,
random,N/A,powerlaw,1.0,0.1,0.3,5,1.0,0.9998467,1.0,0.9985418,0.0008673356999116123,0.0034598531,,,,
random,N/A,powerlaw,0.0,0.2,0.3,5,0.789,0.8003785,0.0,0.0,15.17612149573622,15.916471,,,,
random,N/A,powerlaw,0.1,0.2,0.3,5,0.818,0.82565796,0.13744075829383848,0.13855413,12.606226056596649,13.342519,,,,
random,N/A,powerlaw,0.2,0.2,0.3,5,0.837,0.8490549,0.22748815165876748,0.2557521,10.28434576698012,11.127952,,,,
random,N/A,powerlaw,0.30000000000000004,0.2,0.3,5,0.873,0.8721715,0.3981042654028435,0.40284792,8.082968524635044,9.106385,,,,
random,N/A,powerlaw,0.4,0.2,0.3,5,0.893,0.8942427,0.4928909952606635,0.49878716,6.6943133064952605,7.0715423,,,,
random,N/A,powerlaw,0.5,0.2,0.3,5,0.9,0.9139309,0.5260663507109005,0.5590308,6.257328759586336,6.0042253,,,,
random,N/A,powerlaw,0.6000000000000001,0.2,0.3,5,0.927,0.93424207,0.6540284360189575,0.674611,4.288210814894162,4.293954,,,,
random,N/A,powerlaw,0.7000000000000001,0.2,0.3,5,0.951,0.9515765,0.7677725118483409,0.7691623,2.966458378967246,3.108843,,,,
random,N/A,powerlaw,0.8,0.2,0.3,5,0.971,0.972145,0.8625592417061609,0.8669811,1.7071580668790902,1.64594,,,,
random,N/A,powerlaw,0.9,0.2,0.3,5,0.983,0.9846431,0.919431279620853,0.92673886,0.6751297479208311,0.7912021,,,,
random,N/A,powerlaw,1.0,0.2,0.3,5,1.0,0.99947083,1.0,0.99749726,0.021532043806810872,0.016989265,,,,
random,N/A,powerlaw,0.0,0.05,0.3,6,0.954,0.94985867,0.0,0.0,10.732606976769443,9.855275,,,,
random,N/A,powerlaw,0.1,0.05,0.3,6,0.962,0.9559163,0.17391304347826086,0.15332106,9.462417506686634,8.425935,,,,
random,N/A,powerlaw,0.2,0.05,0.3,6,0.968,0.9613953,0.30434782608695654,0.26642776,7.499441525880911,7.0894346,,,,
random,N/A,powerlaw,0.30000000000000004,0.05,0.3,6,0.968,0.9675551,0.30434782608695654,0.3011078,7.384154434041262,5.963333,,,,
random,N/A,powerlaw,0.4,0.05,0.3,6,0.978,0.97153246,0.5217391304347826,0.45706972,5.638727372219668,5.037092,,,,
random,N/A,powerlaw,0.5,0.05,0.3,6,0.984,0.97599417,0.6521739130434783,0.54911476,3.9003374369462875,3.9239151,,,,
random,N/A,powerlaw,0.6000000000000001,0.05,0.3,6,0.984,0.98260987,0.6521739130434783,0.63282406,3.308640826186139,2.832909,,,,
random,N/A,powerlaw,0.7000000000000001,0.05,0.3,6,0.989,0.9872062,0.7608695652173914,0.73205405,2.3196373380069293,2.1312094,,,,
random,N/A,powerlaw,0.8,0.05,0.3,6,0.994,0.99093616,0.8695652173913043,0.81500894,1.5028470704336703,1.4555451,,,,
random,N/A,powerlaw,0.9,0.05,0.3,6,0.998,0.99552333,0.9565217391304348,0.9076222,0.721763154280247,0.7245425,,,,
random,N/A,powerlaw,1.0,0.05,0.3,6,1.0,0.99938124,1.0,0.9867209,0.08011130654798812,0.033457436,,,,
random,N/A,powerlaw,0.0,0.1,0.3,6,0.905,0.90008754,0.0,0.0,12.036993994099738,12.223959,,,,
random,N/A,powerlaw,0.1,0.1,0.3,6,0.916,0.90972006,0.11578947368421066,0.100953035,10.040710326480461,10.067659,,,,
random,N/A,powerlaw,0.2,0.1,0.3,6,0.92,0.9232476,0.15789473684210545,0.17598417,8.841554904674759,7.9277186,,,,
random,N/A,powerlaw,0.30000000000000004,0.1,0.3,6,0.945,0.9335142,0.4210526315789467,0.37250748,6.80893384078511,6.6832323,,,,
random,N/A,powerlaw,0.4,0.1,0.3,6,0.956,0.94624346,0.5368421052631573,0.4827499,5.439793215064595,5.257448,,,,
random,N/A,powerlaw,0.5,0.1,0.3,6,0.959,0.9576282,0.5684210526315785,0.56016886,4.31131343273672,4.0799675,,,,
random,N/A,powerlaw,0.6000000000000001,0.1,0.3,6,0.963,0.96686643,0.6105263157894733,0.63383186,3.563984551618085,3.0486836,,,,
random,N/A,powerlaw,0.7000000000000001,0.1,0.3,6,0.986,0.9760201,0.8526315789473683,0.7691023,2.132073901485065,2.162342,,,,
random,N/A,powerlaw,0.8,0.1,0.3,6,0.984,0.9840062,0.8315789473684209,0.8286432,1.2410550881693285,1.2465073,,,,
random,N/A,powerlaw,0.9,0.1,0.3,6,0.993,0.9926914,0.9263157894736841,0.92327803,0.8812614428008598,0.66407126,,,,
random,N/A,powerlaw,1.0,0.1,0.3,6,1.0,0.9998345,1.0,0.99825966,0.024562811986386025,0.02037053,,,,
random,N/A,powerlaw,0.0,0.2,0.3,6,0.811,0.80042773,0.0,0.0,13.699494450716957,14.961164,,,,
random,N/A,powerlaw,0.1,0.2,0.3,6,0.829,0.82335234,0.09523809523809476,0.097078115,11.871217629768775,12.471832,,,,
random,N/A,powerlaw,0.2,0.2,0.3,6,0.854,0.84848195,0.2275132275132272,0.21993281,9.69453776641909,10.219332,,,,
random,N/A,powerlaw,0.30000000000000004,0.2,0.3,6,0.881,0.8661448,0.37037037037037024,0.34769797,7.544726366924261,8.358432,,,,
random,N/A,powerlaw,0.4,0.2,0.3,6,0.9,0.89198256,0.4708994708994709,0.45540547,6.241426030146127,6.6598177,,,,
random,N/A,powerlaw,0.5,0.2,0.3,6,0.916,0.9098733,0.5555555555555556,0.54549074,5.1576455676698005,5.539262,,,,
random,N/A,powerlaw,0.6000000000000001,0.2,0.3,6,0.948,0.93486303,0.7248677248677245,0.6759945,3.8614633129188074,3.7634695,,,,
random,N/A,powerlaw,0.7000000000000001,0.2,0.3,6,0.955,0.95002526,0.7619047619047616,0.7463828,2.6087403593543623,2.6368375,,,,
random,N/A,powerlaw,0.8,0.2,0.3,6,0.97,0.9679787,0.8412698412698411,0.8353716,1.7512772807386214,1.779377,,,,
random,N/A,powerlaw,0.9,0.2,0.3,6,0.981,0.9832394,0.8994708994708993,0.9115939,1.0350865426230935,0.9355457,,,,
random,N/A,powerlaw,1.0,0.2,0.3,6,1.0,0.99945104,1.0,0.9971023,0.020006718233837477,0.018938337,,,,
random,N/A,powerlaw,0.0,0.05,0.3,7,0.945,0.9499586,0.0,0.0,15.357267832395893,10.872924,,,,
random,N/A,powerlaw,0.1,0.05,0.3,7,0.953,0.9561414,0.14545454545454545,0.15420663,13.640897349133285,9.425055,,,,
random,N/A,powerlaw,0.2,0.05,0.3,7,0.95,0.9610028,0.09090909090909091,0.113600336,12.446663454977537,8.164934,,,,
random,N/A,powerlaw,0.30000000000000004,0.05,0.3,7,0.965,0.9677221,0.36363636363636365,0.38235173,10.033495839473686,7.0073395,,,,
random,N/A,powerlaw,0.4,0.05,0.3,7,0.978,0.97308344,0.6,0.5503266,7.883937726700154,5.7593083,,,,
random,N/A,powerlaw,0.5,0.05,0.3,7,0.982,0.9780216,0.6727272727272727,0.6271413,6.629199612567811,4.7046466,,,,
random,N/A,powerlaw,0.6000000000000001,0.05,0.3,7,0.986,0.9831486,0.7454545454545455,0.7085688,4.702158670336101,3.627958,,,,
random,N/A,powerlaw,0.7000000000000001,0.05,0.3,7,0.987,0.98770297,0.7636363636363637,0.77336913,3.7801774256992533,2.6529827,,,,
random,N/A,powerlaw,0.8,0.05,0.3,7,0.991,0.9917212,0.8363636363636363,0.8445095,2.3136156545166426,1.6649148,,,,
random,N/A,powerlaw,0.9,0.05,0.3,7,0.997,0.99579155,0.9454545454545454,0.92375517,1.1115773943975964,0.8468482,,,,
random,N/A,powerlaw,1.0,0.05,0.3,7,1.0,0.9998397,1.0,0.9970931,0.0008687989737280008,0.0048617464,,,,
random,N/A,powerlaw,0.0,0.1,0.3,7,0.904,0.90008754,0.0,0.0,12.697519967087848,12.41019,,,,
random,N/A,powerlaw,0.1,0.1,0.3,7,0.919,0.91261405,0.1562500000000002,0.13938092,10.28045675172467,10.315989,,,,
random,N/A,powerlaw,0.2,0.1,0.3,7,0.928,0.9231855,0.2500000000000003,0.23902918,8.802358718580857,8.523729,,,,
random,N/A,powerlaw,0.30000000000000004,0.1,0.3,7,0.942,0.93358254,0.39583333333333265,0.3536573,7.11414903369594,6.6180854,,,,
random,N/A,powerlaw,0.4,0.1,0.3,7,0.954,0.9457402,0.5208333333333328,0.4760856,5.816735977536018,5.439333,,,,
random,N/A,powerlaw,0.5,0.1,0.3,7,0.967,0.95577294,0.6562499999999996,0.5860976,3.928223057007629,4.0512214,,,,
random,N/A,powerlaw,0.6000000000000001,0.1,0.3,7,0.968,0.9681695,0.6666666666666663,0.6738928,3.4975942118725247,3.1444573,,,,
random,N/A,powerlaw,0.7000000000000001,0.1,0.3,7,0.983,0.9778758,0.8229166666666664,0.78115624,1.6862064077509455,1.7373601,,,,
random,N/A,powerlaw,0.8,0.1,0.3,7,0.988,0.9844669,0.8749999999999999,0.84390855,1.485776566249601,1.259398,,,,
random,N/A,powerlaw,0.9,0.1,0.3,7,0.996,0.99270374,0.9583333333333333,0.92650306,0.5679867762375543,0.5833053,,,,
random,N/A,powerlaw,1.0,0.1,0.3,7,1.0,0.9991626,1.0,0.9913494,0.0232900489856139,0.019408856,,,,
random,N/A,powerlaw,0.0,0.2,0.3,7,0.775,0.8003726,0.0,0.0,13.918573228808505,14.482734,,,,
random,N/A,powerlaw,0.1,0.2,0.3,7,0.804,0.82370114,0.12888888888888902,0.13874342,11.805947399409236,12.463861,,,,
random,N/A,powerlaw,0.2,0.2,0.3,7,0.835,0.8487627,0.26666666666666644,0.28568524,9.530906799672895,10.0962105,,,,
random,N/A,powerlaw,0.30000000000000004,0.2,0.3,7,0.861,0.86996144,0.38222222222222213,0.3902082,7.603433758958756,8.0717535,,,,
random,N/A,powerlaw,0.4,0.2,0.3,7,0.884,0.893395,0.48444444444444446,0.5013475,6.587541041233685,6.5589485,,,,
random,N/A,powerlaw,0.5,0.2,0.3,7,0.912,0.913981,0.608888888888889,0.6075894,4.839866503176894,5.1724043,,,,
random,N/A,powerlaw,0.6000000000000001,0.2,0.3,7,0.924,0.9339522,0.6622222222222224,0.6919201,3.681716458592918,3.6473455,,,,
random,N/A,powerlaw,0.7000000000000001,0.2,0.3,7,0.932,0.9523333,0.6977777777777779,0.769829,2.39967267759699,2.356942,,,,
random,N/A,powerlaw,0.8,0.2,0.3,7,0.961,0.9700591,0.8266666666666665,0.8615835,1.750184787268016,1.6413082,,,,
random,N/A,powerlaw,0.9,0.2,0.3,7,0.98,0.9848823,0.911111111111111,0.9309613,0.8145326884451577,0.73710084,,,,
random,N/A,powerlaw,1.0,0.2,0.3,7,1.0,0.9996954,1.0,0.9986476,0.0427572550251195,0.03143824,,,,
random,N/A,powerlaw,0.0,0.05,0.3,8,0.949,0.94986266,0.0,0.0,9.511166911426473,8.766098,,,,
random,N/A,powerlaw,0.1,0.05,0.3,8,0.955,0.95763445,0.11764705882352941,0.12395775,8.398977035941762,7.315087,,,,
random,N/A,powerlaw,0.2,0.05,0.3,8,0.964,0.96227723,0.29411764705882354,0.303188,6.1419833275508156,6.0339355,,,,
random,N/A,powerlaw,0.30000000000000004,0.05,0.3,8,0.966,0.96806586,0.3333333333333333,0.3473185,5.23620961639333,4.83076,,,,
random,N/A,powerlaw,0.4,0.05,0.3,8,0.978,0.9759057,0.5686274509803921,0.5461924,3.9992413722510656,3.8353484,,,,
random,N/A,powerlaw,0.5,0.05,0.3,8,0.987,0.9798986,0.7450980392156863,0.64857763,3.1750435948445097,3.0186393,,,,
random,N/A,powerlaw,0.6000000000000001,0.05,0.3,8,0.994,0.9840301,0.8823529411764706,0.7349479,2.168305280392395,2.2719588,,,,
random,N/A,powerlaw,0.7000000000000001,0.05,0.3,8,0.985,0.9875197,0.7058823529411765,0.73746574,2.172480793730789,1.6720313,,,,
random,N/A,powerlaw,0.8,0.05,0.3,8,0.994,0.9932284,0.8823529411764706,0.871255,1.0973285435715083,0.9098426,,,,
random,N/A,powerlaw,0.9,0.05,0.3,8,0.998,0.996605,0.9607843137254902,0.93517256,0.6538852570908761,0.51250464,,,,
random,N/A,powerlaw,1.0,0.05,0.3,8,1.0,0.9996909,1.0,0.99397314,0.04600578645048857,0.0131440135,,,,
random,N/A,powerlaw,0.0,0.1,0.3,8,0.908,0.90005344,0.0,0.0,10.2650791692695,10.553542,,,,
random,N/A,powerlaw,0.1,0.1,0.3,8,0.922,0.9130164,0.15217391304347844,0.1385743,8.439448040602525,8.699292,,,,
random,N/A,powerlaw,0.2,0.1,0.3,8,0.925,0.92361546,0.18478260869565238,0.18338841,7.505939145330609,7.1631837,,,,
random,N/A,powerlaw,0.30000000000000004,0.1,0.3,8,0.936,0.9366688,0.3043478260869569,0.30473068,6.116120871700736,5.693455,,,,
random,N/A,powerlaw,0.4,0.1,0.3,8,0.938,0.94413805,0.3260869565217383,0.35510534,5.253633956846855,4.534581,,,,
random,N/A,powerlaw,0.5,0.1,0.3,8,0.966,0.9611245,0.6304347826086952,0.59844667,3.6871557982018053,3.4921203,,,,
random,N/A,powerlaw,0.6000000000000001,0.1,0.3,8,0.963,0.96363467,0.5978260869565213,0.6160267,3.2005067263491638,2.794439,,,,
random,N/A,powerlaw,0.7000000000000001,0.1,0.3,8,0.98,0.97416407,0.7826086956521736,0.7313688,1.819377417935381,1.7818339,,,,
random,N/A,powerlaw,0.8,0.1,0.3,8,0.982,0.98406875,0.8043478260869563,0.82564753,1.0772682809215073,1.0971912,,,,
random,N/A,powerlaw,0.9,0.1,0.3,8,0.989,0.9932759,0.8804347826086955,0.9250807,0.6869087215864319,0.5000465,,,,
random,N/A,powerlaw,1.0,0.1,0.3,8,0.999,0.99972486,0.9891304347826086,0.9969843,0.01514089292576598,0.019043677,,,,
random,N/A,powerlaw,0.0,0.2,0.3,8,0.794,0.8004753,0.0,0.0,16.057305920632853,17.161583,,,,
random,N/A,powerlaw,0.1,0.2,0.3,8,0.816,0.8242847,0.10679611650485395,0.11618566,13.85480482704303,14.595316,,,,
random,N/A,powerlaw,0.2,0.2,0.3,8,0.858,0.84557116,0.31067961165048524,0.27484682,10.826115529339754,11.861641,,,,
random,N/A,powerlaw,0.30000000000000004,0.2,0.3,8,0.867,0.8668305,0.3543689320388348,0.3592405,9.662775299846572,9.777111,,,,
random,N/A,powerlaw,0.4,0.2,0.3,8,0.887,0.88995594,0.4514563106796116,0.4551225,7.57072632313609,7.983415,,,,
random,N/A,powerlaw,0.5,0.2,0.3,8,0.91,0.91394174,0.5631067961165049,0.57748646,6.445528401712524,6.09864,,,,
random,N/A,powerlaw,0.6000000000000001,0.2,0.3,8,0.933,0.9316951,0.6747572815533982,0.6708704,4.469153183123178,4.5725536,,,,
random,N/A,powerlaw,0.7000000000000001,0.2,0.3,8,0.951,0.9472512,0.7621359223300969,0.74902624,2.882440022307811,3.125564,,,,
random,N/A,powerlaw,0.8,0.2,0.3,8,0.972,0.96755666,0.8640776699029125,0.8455784,1.879365162793049,2.0098798,,,,
random,N/A,powerlaw,0.9,0.2,0.3,8,0.989,0.98332036,0.9466019417475727,0.92076296,0.7184854545654,0.88527894,,,,
random,N/A,powerlaw,1.0,0.2,0.3,8,0.999,0.9992614,0.9951456310679612,0.9964084,0.02239187000050658,0.01736064,,,,
random,N/A,powerlaw,0.0,0.05,0.3,9,0.942,0.9499792,0.0,0.0,10.602042422590555,8.945162,,,,
random,N/A,powerlaw,0.1,0.05,0.3,9,0.948,0.95402354,0.10344827586206896,0.11540918,8.952644509901267,7.5535965,,,,
random,N/A,powerlaw,0.2,0.05,0.3,9,0.959,0.95816797,0.29310344827586204,0.28173757,6.688016968515898,6.298918,,,,
random,N/A,powerlaw,0.30000000000000004,0.05,0.3,9,0.965,0.9648258,0.39655172413793105,0.39530176,6.14609730342972,5.199585,,,,
random,N/A,powerlaw,0.4,0.05,0.3,9,0.975,0.9699102,0.5689655172413793,0.5168885,4.328659832701459,4.3349643,,,,
random,N/A,powerlaw,0.5,0.05,0.3,9,0.977,0.97572666,0.603448275862069,0.5851413,3.8478311960152487,3.5140946,,,,
random,N/A,powerlaw,0.6000000000000001,0.05,0.3,9,0.98,0.98152685,0.6551724137931034,0.66923654,3.3457629550451493,2.611973,,,,
random,N/A,powerlaw,0.7000000000000001,0.05,0.3,9,0.985,0.98471117,0.7413793103448276,0.7375537,2.13520867296758,1.8794404,,,,
random,N/A,powerlaw,0.8,0.05,0.3,9,0.992,0.9918496,0.8620689655172413,0.8597731,1.3049598428171005,1.1525543,,,,
random,N/A,powerlaw,0.9,0.05,0.3,9,0.994,0.9952711,0.896551724137931,0.9165837,0.7674143383577083,0.6060538,,,,
random,N/A,powerlaw,1.0,0.05,0.3,9,1.0,0.9994997,1.0,0.99144477,0.02111155578464476,0.016352842,,,,
random,N/A,powerlaw,0.0,0.1,0.3,9,0.897,0.9000375,0.0,0.0,14.484600517179913,12.99974,,,,
random,N/A,powerlaw,0.1,0.1,0.3,9,0.91,0.9129147,0.12621359223300985,0.1295513,12.194129859338721,10.884451,,,,
random,N/A,powerlaw,0.2,0.1,0.3,9,0.926,0.9251118,0.28155339805825275,0.27575785,10.41526385166867,8.914822,,,,
random,N/A,powerlaw,0.30000000000000004,0.1,0.3,9,0.93,0.931965,0.32038834951456346,0.33152133,9.191195721472802,7.5783644,,,,
random,N/A,powerlaw,0.4,0.1,0.3,9,0.945,0.94371873,0.46601941747572756,0.45993787,7.109091106366665,6.0634656,,,,
random,N/A,powerlaw,0.5,0.1,0.3,9,0.962,0.95689744,0.6310679611650482,0.59906447,5.490140262798311,4.873539,,,,
random,N/A,powerlaw,0.6000000000000001,0.1,0.3,9,0.979,0.96453583,0.7961165048543687,0.69643724,3.4974911358361314,3.5980852,,,,
random,N/A,powerlaw,0.7000000000000001,0.1,0.3,9,0.973,0.97434753,0.7378640776699026,0.7434032,2.8989014705805665,2.5840483,,,,
random,N/A,powerlaw,0.8,0.1,0.3,9,0.99,0.984522,0.9029126213592232,0.8572255,1.702111637158428,1.5483005,,,,
random,N/A,powerlaw,0.9,0.1,0.3,9,0.992,0.9929863,0.9223300970873786,0.9311983,0.7996050591182502,0.6492204,,,,
random,N/A,powerlaw,1.0,0.1,0.3,9,1.0,0.9994144,1.0,0.9943438,0.0010402610736946838,0.0064621074,,,,
random,N/A,powerlaw,0.0,0.2,0.3,9,0.794,0.8003732,0.0,0.0,14.591051478003063,15.907459,,,,
random,N/A,powerlaw,0.1,0.2,0.3,9,0.825,0.82133764,0.1504854368932035,0.1445301,12.496412292786426,13.450041,,,,
random,N/A,powerlaw,0.2,0.2,0.3,9,0.848,0.8481233,0.2621359223300968,0.26517206,10.123372716510985,10.871078,,,,
random,N/A,powerlaw,0.30000000000000004,0.2,0.3,9,0.872,0.8686448,0.378640776699029,0.37514567,8.759009423710147,9.06603,,,,
random,N/A,powerlaw,0.4,0.2,0.3,9,0.892,0.8902567,0.4757281553398058,0.4693487,6.982370521092623,7.3181496,,,,
random,N/A,powerlaw,0.5,0.2,0.3,9,0.914,0.913312,0.5825242718446603,0.58358216,5.358037690761858,5.719123,,,,
random,N/A,powerlaw,0.6000000000000001,0.2,0.3,9,0.929,0.93135923,0.6553398058252429,0.6669861,4.1007857067063105,4.2690744,,,,
random,N/A,powerlaw,0.7000000000000001,0.2,0.3,9,0.952,0.9492222,0.7669902912621357,0.75559956,3.06883360645908,3.0629292,,,,
random,N/A,powerlaw,0.8,0.2,0.3,9,0.972,0.9703042,0.8640776699029125,0.85671157,2.1277795424956873,1.8430818,,,,
random,N/A,powerlaw,0.9,0.2,0.3,9,0.982,0.98427796,0.9126213592233009,0.9232168,0.8267180384696651,0.8282129,,,,
random,N/A,powerlaw,1.0,0.2,0.3,9,1.0,0.9995376,1.0,0.9977591,0.0365045148772609,0.03356794,,,,
deg_centrality,N/A,powerlaw,0.0,0.05,0.3,0,0.95,0.9498612,0.0,0.0,9.920253113171947,8.885065,,,,
deg_centrality,N/A,powerlaw,0.1,0.05,0.3,0,0.956,0.95364875,0.12,0.11456981,9.112245061252528,7.7948747,,,,
deg_centrality,N/A,powerlaw,0.2,0.05,0.3,0,0.96,0.9599683,0.2,0.19981223,8.208444237876147,6.6446805,,,,
deg_centrality,N/A,powerlaw,0.30000000000000004,0.05,0.3,0,0.972,0.96621126,0.44,0.39298955,6.408370912826542,5.500664,,,,
deg_centrality,N/A,powerlaw,0.4,0.05,0.3,0,0.975,0.9717701,0.5,0.46937013,5.116754713845696,4.558931,,,,
deg_centrality,N/A,powerlaw,0.5,0.05,0.3,0,0.977,0.9773182,0.54,0.54299843,4.79797197651436,3.584656,,,,
deg_centrality,N/A,powerlaw,0.6000000000000001,0.05,0.3,0,0.988,0.9831489,0.76,0.6925734,3.1866176725661526,2.7353227,,,,
deg_centrality,N/A,powerlaw,0.7000000000000001,0.05,0.3,0,0.99,0.98839855,0.8,0.77457327,2.4510669752281644,1.9396968,,,,
deg_centrality,N/A,powerlaw,0.8,0.05,0.3,0,0.992,0.9923339,0.84,0.8455799,1.5420975098447582,1.2803292,,,,
deg_centrality,N/A,powerlaw,0.9,0.05,0.3,0,0.999,0.9964143,0.98,0.9316628,0.5978461214177353,0.5388308,,,,
deg_centrality,N/A,powerlaw,1.0,0.05,0.3,0,1.0,0.9996007,1.0,0.9920741,0.02006484129808362,0.012988002,,,,
deg_centrality,N/A,powerlaw,0.0,0.1,0.3,0,0.901,0.90008754,0.0,0.0,12.892845763580297,12.102078,,,,
deg_centrality,N/A,powerlaw,0.1,0.1,0.3,0,0.916,0.9062998,0.15151515151515169,0.13133611,11.614554298387429,10.5458355,,,,
deg_centrality,N/A,powerlaw,0.2,0.1,0.3,0,0.926,0.9189864,0.2525252525252528,0.23127656,9.961638411654091,8.790928,,,,
deg_centrality,N/A,powerlaw,0.30000000000000004,0.1,0.3,0,0.945,0.9309849,0.4444444444444438,0.38675746,7.862254125412993,7.279418,,,,
deg_centrality,N/A,powerlaw,0.4,0.1,0.3,0,0.951,0.94414,0.5050505050505045,0.47325188,6.298704743885066,5.969357,,,,
deg_centrality,N/A,powerlaw,0.5,0.1,0.3,0,0.957,0.9536411,0.5656565656565652,0.54310787,5.43204994016759,4.9302263,,,,
deg_centrality,N/A,powerlaw,0.6000000000000001,0.1,0.3,0,0.969,0.9637467,0.6868686868686865,0.65231025,4.3613495166233385,3.5994654,,,,
deg_centrality,N/A,powerlaw,0.7000000000000001,0.1,0.3,0,0.98,0.9759151,0.7979797979797978,0.7647486,2.4523243199810865,2.2706168,,,,
deg_centrality,N/A,powerlaw,0.8,0.1,0.3,0,0.988,0.9841228,0.8787878787878787,0.8455969,1.5506108135578724,1.4724263,,,,
deg_centrality,N/A,powerlaw,0.9,0.1,0.3,0,0.994,0.9918961,0.9393939393939393,0.91915584,0.8334194944216995,0.7258484,,,,
deg_centrality,N/A,powerlaw,1.0,0.1,0.3,0,1.0,0.99962664,1.0,0.9962417,0.05514580490794572,0.042447068,,,,
deg_centrality,N/A,powerlaw,0.0,0.2,0.3,0,0.784,0.8001434,0.0,0.0,13.25087893880637,13.775407,,,,
deg_centrality,N/A,powerlaw,0.1,0.2,0.3,0,0.807,0.81706,0.1064814814814816,0.112586334,12.31292255999745,12.663958,,,,
deg_centrality,N/A,powerlaw,0.2,0.2,0.3,0,0.842,0.83615583,0.26851851851851827,0.25567332,10.81558920425472,11.0284395,,,,
deg_centrality,N/A,powerlaw,0.30000000000000004,0.2,0.3,0,0.87,0.8614481,0.39814814814814803,0.37125805,9.049526279661517,9.189887,,,,
deg_centrality,N/A,powerlaw,0.4,0.2,0.3,0,0.898,0.8859679,0.5277777777777778,0.48668525,7.237632973604328,7.174737,,,,
deg_centrality,N/A,powerlaw,0.5,0.2,0.3,0,0.91,0.9062465,0.5833333333333334,0.56562287,5.565330367829585,5.6223145,,,,
deg_centrality,N/A,powerlaw,0.6000000000000001,0.2,0.3,0,0.935,0.92802024,0.6990740740740743,0.67482746,4.252614674874124,4.330013,,,,
deg_centrality,N/A,powerlaw,0.7000000000000001,0.2,0.3,0,0.957,0.95017517,0.8009259259259257,0.775604,2.6320962948964652,2.718961,,,,
deg_centrality,N/A,powerlaw,0.8,0.2,0.3,0,0.964,0.96809214,0.8333333333333331,0.85016197,1.569086119748353,1.6124,,,,
deg_centrality,N/A,powerlaw,0.9,0.2,0.3,0,0.983,0.98398393,0.9212962962962962,0.92529714,0.9014220021361304,0.7566623,,,,
deg_centrality,N/A,powerlaw,1.0,0.2,0.3,0,1.0,0.9998567,1.0,0.9993368,0.002818391889386806,0.0076370346,,,,
deg_centrality,N/A,powerlaw,0.0,0.05,0.3,1,0.948,0.94989204,0.0,0.0,10.16167919956915,8.940381,,,,
deg_centrality,N/A,powerlaw,0.1,0.05,0.3,1,0.95,0.95179504,0.038461538461538464,0.03982253,9.493695736234498,7.734349,,,,
deg_centrality,N/A,powerlaw,0.2,0.05,0.3,1,0.96,0.9568533,0.23076923076923078,0.21901049,7.945024344194783,6.492496,,,,
deg_centrality,N/A,powerlaw,0.30000000000000004,0.05,0.3,1,0.967,0.96454674,0.36538461538461536,0.3487277,6.559572111984337,5.431008,,,,
deg_centrality,N/A,powerlaw,0.4,0.05,0.3,1,0.972,0.97039616,0.46153846153846156,0.4479948,5.651488609684684,4.4353986,,,,
deg_centrality,N/A,powerlaw,0.5,0.05,0.3,1,0.982,0.97622377,0.6538461538461539,0.588593,4.053856093063182,3.5038307,,,,
deg_centrality,N/A,powerlaw,0.6000000000000001,0.05,0.3,1,0.985,0.98236257,0.7115384615384616,0.67707974,3.638476629454347,2.6742623,,,,
deg_centrality,N/A,powerlaw,0.7000000000000001,0.05,0.3,1,0.993,0.98673713,0.8653846153846154,0.77164745,2.0745916036791567,1.9296567,,,,
deg_centrality,N/A,powerlaw,0.8,0.05,0.3,1,0.996,0.9922037,0.9230769230769231,0.8602046,1.4851774841742944,1.2760221,,,,
deg_centrality,N/A,powerlaw,0.9,0.05,0.3,1,0.998,0.9958476,0.9615384615384616,0.9232739,0.7296166461110621,0.6231662,,,,
deg_centrality,N/A,powerlaw,1.0,0.05,0.3,1,1.0,0.99942356,1.0,0.989032,0.05905592900597271,0.011444933,,,,
deg_centrality,N/A,powerlaw,0.0,0.1,0.3,1,0.881,0.90003735,0.0,0.0,14.449587290386715,11.716517,,,,
deg_centrality,N/A,powerlaw,0.1,0.1,0.3,1,0.891,0.90643597,0.08403361344537823,0.096518494,13.23710675190388,10.215986,,,,
deg_centrality,N/A,powerlaw,0.2,0.1,0.3,1,0.9,0.91535085,0.15966386554621864,0.18111151,11.683995182830307,8.620207,,,,
deg_centrality,N/A,powerlaw,0.30000000000000004,0.1,0.3,1,0.912,0.9276963,0.2605042016806725,0.2972075,9.841395059420288,7.169527,,,,
deg_centrality,N/A,powerlaw,0.4,0.1,0.3,1,0.933,0.9431385,0.4369747899159668,0.47474015,7.528912221937364,5.662802,,,,
deg_centrality,N/A,powerlaw,0.5,0.1,0.3,1,0.942,0.9537991,0.5126050420168062,0.5695295,6.588672907301363,4.6315436,,,,
deg_centrality,N/A,powerlaw,0.6000000000000001,0.1,0.3,1,0.975,0.9646566,0.7899159663865545,0.7251052,4.048934491767984,3.4384947,,,,
deg_centrality,N/A,powerlaw,0.7000000000000001,0.1,0.3,1,0.98,0.9723435,0.8319327731092435,0.78025156,2.958421737805195,2.6391976,,,,
deg_centrality,N/A,powerlaw,0.8,0.1,0.3,1,0.983,0.983796,0.857142857142857,0.86283,2.0207708820728127,1.5050622,,,,
deg_centrality,N/A,powerlaw,0.9,0.1,0.3,1,0.992,0.99159193,0.9327731092436974,0.9295149,0.822982968872877,0.6912673,,,,
deg_centrality,N/A,powerlaw,1.0,0.1,0.3,1,1.0,0.9996522,1.0,0.99708456,0.020310630975920608,0.018357897,,,,
deg_centrality,N/A,powerlaw,0.0,0.2,0.3,1,0.802,0.80037844,0.0,0.0,16.18083055940495,17.182941,,,,
deg_centrality,N/A,powerlaw,0.1,0.2,0.3,1,0.817,0.8172625,0.07575757575757529,0.08761096,15.145795726907838,15.467063,,,,
deg_centrality,N/A,powerlaw,0.2,0.2,0.3,1,0.849,0.8407919,0.23737373737373707,0.23335972,12.540843671812542,13.185027,,,,
deg_centrality,N/A,powerlaw,0.30000000000000004,0.2,0.3,1,0.855,0.8648605,0.2676767676767674,0.28725713,11.082175218234482,11.050426,,,,
deg_centrality,N/A,powerlaw,0.4,0.2,0.3,1,0.895,0.8864024,0.46969696969696967,0.45090804,8.867859982179958,9.056563,,,,
deg_centrality,N/A,powerlaw,0.5,0.2,0.3,1,0.91,0.9124399,0.5454545454545455,0.5512811,7.097400427345954,6.7971787,,,,
deg_centrality,N/A,powerlaw,0.6000000000000001,0.2,0.3,1,0.939,0.9299513,0.6919191919191916,0.6598036,4.773765205604449,5.1272182,,,,
deg_centrality,N/A,powerlaw,0.7000000000000001,0.2,0.3,1,0.962,0.9506991,0.8080808080808078,0.7633648,3.240322755186912,3.4649994,,,,
deg_centrality,N/A,powerlaw,0.8,0.2,0.3,1,0.965,0.9684908,0.823232323232323,0.8388839,2.0036317212035244,2.1757755,,,,
deg_centrality,N/A,powerlaw,0.9,0.2,0.3,1,0.987,0.98348933,0.9343434343434343,0.9176815,1.0169278925998175,1.1391767,,,,
deg_centrality,N/A,powerlaw,1.0,0.2,0.3,1,1.0,0.9994622,1.0,0.99729,0.012096513211658649,0.017152837,,,,
deg_centrality,N/A,powerlaw,0.0,0.05,0.3,2,0.945,0.949892,0.0,0.0,14.134863273272009,10.603254,,,,
deg_centrality,N/A,powerlaw,0.1,0.05,0.3,2,0.95,0.95407367,0.09090909090909091,0.0980416,12.584671383261135,9.054621,,,,
deg_centrality,N/A,powerlaw,0.2,0.05,0.3,2,0.961,0.9603119,0.2909090909090909,0.284635,10.285276407279214,7.840636,,,,
deg_centrality,N/A,powerlaw,0.30000000000000004,0.05,0.3,2,0.966,0.9668875,0.38181818181818183,0.38649854,8.560098557658463,6.4971037,,,,
deg_centrality,N/A,powerlaw,0.4,0.05,0.3,2,0.971,0.9726049,0.4727272727272727,0.48651472,7.465180435658807,5.2445292,,,,
deg_centrality,N/A,powerlaw,0.5,0.05,0.3,2,0.975,0.9778774,0.5454545454545454,0.5743697,6.2058302764206745,4.301861,,,,
deg_centrality,N/A,powerlaw,0.6000000000000001,0.05,0.3,2,0.981,0.9829134,0.6545454545454545,0.6772877,5.103202095033414,3.3071575,,,,
deg_centrality,N/A,powerlaw,0.7000000000000001,0.05,0.3,2,0.986,0.9877157,0.7454545454545455,0.7689673,3.4375455516112687,2.3905168,,,,
deg_centrality,N/A,powerlaw,0.8,0.05,0.3,2,0.991,0.99280727,0.8363636363636363,0.86467654,2.0896139078233253,1.4602493,,,,
deg_centrality,N/A,powerlaw,0.9,0.05,0.3,2,0.993,0.9957447,0.8727272727272727,0.9185236,1.0427903671614889,0.68416244,,,,
deg_centrality,N/A,powerlaw,1.0,0.05,0.3,2,1.0,0.9996917,1.0,0.9944232,0.006145763751038749,0.007316887,,,,
deg_centrality,N/A,powerlaw,0.0,0.1,0.3,2,0.89,0.9000542,0.0,0.0,15.12908025293612,13.204321,,,,
deg_centrality,N/A,powerlaw,0.1,0.1,0.3,2,0.905,0.90596604,0.1363636363636365,0.13814886,13.08857132461256,11.404092,,,,
deg_centrality,N/A,powerlaw,0.2,0.1,0.3,2,0.914,0.9195948,0.2181818181818184,0.2297953,11.53929876592571,9.765123,,,,
deg_centrality,N/A,powerlaw,0.30000000000000004,0.1,0.3,2,0.926,0.9314834,0.3272727272727276,0.34400898,9.794926667281624,8.194706,,,,
deg_centrality,N/A,powerlaw,0.4,0.1,0.3,2,0.948,0.9430436,0.5272727272727268,0.5043377,7.806437942036568,6.852327,,,,
deg_centrality,N/A,powerlaw,0.5,0.1,0.3,2,0.959,0.9537771,0.6272727272727269,0.598638,6.00706609421533,5.374367,,,,
deg_centrality,N/A,powerlaw,0.6000000000000001,0.1,0.3,2,0.975,0.9640759,0.7727272727272725,0.70271903,4.796464274651522,4.1873536,,,,
deg_centrality,N/A,powerlaw,0.7000000000000001,0.1,0.3,2,0.983,0.97495997,0.8454545454545453,0.78773785,3.0578186781512495,2.941054,,,,
deg_centrality,N/A,powerlaw,0.8,0.1,0.3,2,0.981,0.9830492,0.827272727272727,0.8428537,2.109713378333154,1.7768927,,,,
deg_centrality,N/A,powerlaw,0.9,0.1,0.3,2,0.989,0.9917858,0.8999999999999999,0.9233357,0.9894227080146408,0.8565613,,,,
deg_centrality,N/A,powerlaw,1.0,0.1,0.3,2,1.0,0.99927175,1.0,0.9934204,0.006360101324734863,0.007958138,,,,
deg_centrality,N/A,powerlaw,0.0,0.2,0.3,2,0.792,0.8004319,0.0,0.0,15.118845322058455,16.046082,,,,
deg_centrality,N/A,powerlaw,0.1,0.2,0.3,2,0.817,0.8160863,0.12019230769230729,0.1159054,13.820736167351027,14.296252,,,,
deg_centrality,N/A,powerlaw,0.2,0.2,0.3,2,0.834,0.8396914,0.2019230769230766,0.20932652,12.316217520140134,12.33019,,,,
deg_centrality,N/A,powerlaw,0.30000000000000004,0.2,0.3,2,0.868,0.8637247,0.36538461538461525,0.3547391,10.058951407299578,10.294166,,,,
deg_centrality,N/A,powerlaw,0.4,0.2,0.3,2,0.89,0.88920665,0.47115384615384615,0.47129577,8.36795959691513,8.264585,,,,
deg_centrality,N/A,powerlaw,0.5,0.2,0.3,2,0.915,0.91041154,0.591346153846154,0.5758309,6.0396063357246605,6.248594,,,,
deg_centrality,N/A,powerlaw,0.6000000000000001,0.2,0.3,2,0.935,0.9311452,0.6875000000000002,0.672127,4.882711079877091,4.781253,,,,
deg_centrality,N/A,powerlaw,0.7000000000000001,0.2,0.3,2,0.948,0.9486406,0.7499999999999998,0.7524966,3.559748141384407,3.2121396,,,,
deg_centrality,N/A,powerlaw,0.8,0.2,0.3,2,0.967,0.96689636,0.8413461538461536,0.84171027,2.072248469676376,1.8793204,,,,
deg_centrality,N/A,powerlaw,0.9,0.2,0.3,2,0.984,0.9842153,0.923076923076923,0.92399246,1.2101201885342174,1.0813171,,,,
deg_centrality,N/A,powerlaw,1.0,0.2,0.3,2,1.0,0.99939877,1.0,0.99711627,0.031282810317802404,0.021513203,,,,
deg_centrality,N/A,powerlaw,0.0,0.05,0.3,3,0.948,0.9499586,0.0,0.0,15.081918182348712,10.907602,,,,
deg_centrality,N/A,powerlaw,0.1,0.05,0.3,3,0.957,0.9549683,0.17307692307692307,0.16650265,12.846428212466364,9.511314,,,,
deg_centrality,N/A,powerlaw,0.2,0.05,0.3,3,0.964,0.9613943,0.3076923076923077,0.29142618,10.979661869777482,8.1989,,,,
deg_centrality,N/A,powerlaw,0.30000000000000004,0.05,0.3,3,0.969,0.96686137,0.40384615384615385,0.38769585,9.632214009553481,7.041288,,,,
deg_centrality,N/A,powerlaw,0.4,0.05,0.3,3,0.97,0.9716052,0.4230769230769231,0.43551078,8.8403932106378,5.9875135,,,,
deg_centrality,N/A,powerlaw,0.5,0.05,0.3,3,0.974,0.97771424,0.5,0.53805524,7.184334056860156,4.8498263,,,,
deg_centrality,N/A,powerlaw,0.6000000000000001,0.05,0.3,3,0.988,0.9816826,0.7692307692307693,0.6857543,5.162246963341908,3.8040884,,,,
deg_centrality,N/A,powerlaw,0.7000000000000001,0.05,0.3,3,0.986,0.98750854,0.7307692307692307,0.7521999,3.7665836173212255,2.660795,,,,
deg_centrality,N/A,powerlaw,0.8,0.05,0.3,3,0.994,0.99152267,0.8846153846153846,0.8440263,2.621154621697118,1.7874092,,,,
deg_centrality,N/A,powerlaw,0.9,0.05,0.3,3,1.0,0.9961534,1.0,0.93109506,1.1634656272958426,0.8926683,,,,
deg_centrality,N/A,powerlaw,1.0,0.05,0.3,3,1.0,0.9997517,1.0,0.9952455,5.6300512436320597e-05,0.0046782307,,,,
deg_centrality,N/A,powerlaw,0.0,0.1,0.3,3,0.901,0.90007085,0.0,0.0,14.25075364923056,13.596706,,,,
deg_centrality,N/A,powerlaw,0.1,0.1,0.3,3,0.917,0.9034871,0.1616161616161618,0.14311086,12.216086793441498,11.822705,,,,
deg_centrality,N/A,powerlaw,0.2,0.1,0.3,3,0.928,0.9192769,0.27272727272727304,0.25045896,10.751978105241086,10.01723,,,,
deg_centrality,N/A,powerlaw,0.30000000000000004,0.1,0.3,3,0.938,0.92976457,0.37373737373737304,0.3453336,8.879023256620465,8.390215,,,,
deg_centrality,N/A,powerlaw,0.4,0.1,0.3,3,0.959,0.9424098,0.5858585858585854,0.50197774,6.416628954635175,6.795085,,,,
deg_centrality,N/A,powerlaw,0.5,0.1,0.3,3,0.962,0.9534068,0.6161616161616157,0.56681114,6.165712129538237,5.5651107,,,,
deg_centrality,N/A,powerlaw,0.6000000000000001,0.1,0.3,3,0.967,0.9646911,0.6666666666666663,0.6512584,4.512563442355387,4.1175933,,,,
deg_centrality,N/A,powerlaw,0.7000000000000001,0.1,0.3,3,0.978,0.97489494,0.7777777777777776,0.75399286,3.257092201235107,2.9454684,,,,
deg_centrality,N/A,powerlaw,0.8,0.1,0.3,3,0.983,0.9825149,0.8282828282828281,0.82418954,2.327117090737792,1.9279429,,,,
deg_centrality,N/A,powerlaw,0.9,0.1,0.3,3,0.991,0.99068373,0.909090909090909,0.9061553,1.2264336680945593,0.97419727,,,,
deg_centrality,N/A,powerlaw,1.0,0.1,0.3,3,1.0,0.9991165,1.0,0.9911515,0.011146313934410004,0.020173142,,,,
deg_centrality,N/A,powerlaw,0.0,0.2,0.3,3,0.804,0.80026186,0.0,0.0,18.20714823009067,17.825855,,,,
deg_centrality,N/A,powerlaw,0.1,0.2,0.3,3,0.821,0.8165022,0.08673469387755055,0.12612155,16.040335960447813,15.559008,,,,
deg_centrality,N/A,powerlaw,0.2,0.2,0.3,3,0.843,0.8405221,0.19897959183673436,0.23481211,13.882217152767458,13.3341,,,,
deg_centrality,N/A,powerlaw,0.30000000000000004,0.2,0.3,3,0.877,0.8672009,0.3724489795918366,0.37576848,11.042010053462121,10.881406,,,,
deg_centrality,N/A,powerlaw,0.4,0.2,0.3,3,0.893,0.8885138,0.4540816326530612,0.46924812,8.912448190502642,8.942797,,,,
deg_centrality,N/A,powerlaw,0.5,0.2,0.3,3,0.922,0.9123389,0.6020408163265307,0.57884395,6.689237303644737,6.9608374,,,,
deg_centrality,N/A,powerlaw,0.6000000000000001,0.2,0.3,3,0.933,0.93195677,0.6581632653061227,0.66170025,5.229611891570575,5.2779093,,,,
deg_centrality,N/A,powerlaw,0.7000000000000001,0.2,0.3,3,0.95,0.952033,0.7448979591836732,0.75898355,3.579427220620005,3.5064583,,,,
deg_centrality,N/A,powerlaw,0.8,0.2,0.3,3,0.963,0.967414,0.8112244897959181,0.8310359,2.5279764635878,2.387065,,,,
deg_centrality,N/A,powerlaw,0.9,0.2,0.3,3,0.984,0.98383117,0.9183673469387754,0.9175475,1.132478215254365,1.061229,,,,
deg_centrality,N/A,powerlaw,1.0,0.2,0.3,3,1.0,0.99981284,1.0,0.99904567,0.0008716209532245826,0.00665716,,,,
deg_centrality,N/A,powerlaw,0.0,0.05,0.3,4,0.955,0.94979507,0.0,0.0,9.762459379888664,9.066744,,,,
deg_centrality,N/A,powerlaw,0.1,0.05,0.3,4,0.96,0.9544567,0.1111111111111111,0.09889415,8.4434023941421,7.7303095,,,,
deg_centrality,N/A,powerlaw,0.2,0.05,0.3,4,0.962,0.96033907,0.15555555555555556,0.14992341,7.550200114565921,6.585387,,,,
deg_centrality,N/A,powerlaw,0.30000000000000004,0.05,0.3,4,0.969,0.9669343,0.3111111111111111,0.29737303,5.930419598535039,5.387868,,,,
deg_centrality,N/A,powerlaw,0.4,0.05,0.3,4,0.975,0.97290343,0.4444444444444444,0.42407677,4.767711285395487,4.4777236,,,,
deg_centrality,N/A,powerlaw,0.5,0.05,0.3,4,0.98,0.97887397,0.5555555555555556,0.54197115,4.083324121603012,3.5633562,,,,
deg_centrality,N/A,powerlaw,0.6000000000000001,0.05,0.3,4,0.983,0.98247886,0.6222222222222222,0.61485064,3.1052317518437484,2.792533,,,,
deg_centrality,N/A,powerlaw,0.7000000000000001,0.05,0.3,4,0.984,0.9879238,0.6444444444444445,0.70553267,2.7029316227548588,2.0288184,,,,
deg_centrality,N/A,powerlaw,0.8,0.05,0.3,4,0.995,0.99209523,0.8888888888888888,0.8349477,1.2449227658962845,1.2517537,,,,
deg_centrality,N/A,powerlaw,0.9,0.05,0.3,4,0.993,0.9965835,0.8444444444444444,0.9175091,0.6097409096992117,0.52236253,,,,
deg_centrality,N/A,powerlaw,1.0,0.05,0.3,4,1.0,0.9997421,1.0,0.9943012,0.013166209455992763,0.015579563,,,,
deg_centrality,N/A,powerlaw,0.0,0.1,0.3,4,0.883,0.90005434,0.0,0.0,13.078868207078628,12.056426,,,,
deg_centrality,N/A,powerlaw,0.1,0.1,0.3,4,0.89,0.9046604,0.05982905982905989,0.06992756,11.852165095753502,10.670343,,,,
deg_centrality,N/A,powerlaw,0.2,0.1,0.3,4,0.908,0.91859084,0.2136752136752139,0.23607512,9.838474196682718,9.17645,,,,
deg_centrality,N/A,powerlaw,0.30000000000000004,0.1,0.3,4,0.921,0.9296625,0.3247863247863251,0.35254538,8.452848682847586,7.617392,,,,
deg_centrality,N/A,powerlaw,0.4,0.1,0.3,4,0.941,0.9434487,0.49572649572649524,0.50696033,6.305237490319224,6.1512537,,,,
deg_centrality,N/A,powerlaw,0.5,0.1,0.3,4,0.949,0.9523178,0.5641025641025637,0.5817706,5.10611000976843,5.021257,,,,
deg_centrality,N/A,powerlaw,0.6000000000000001,0.1,0.3,4,0.951,0.9651644,0.5811965811965808,0.6584172,4.154898789802237,3.6112642,,,,
deg_centrality,N/A,powerlaw,0.7000000000000001,0.1,0.3,4,0.967,0.9746711,0.7179487179487177,0.76821584,2.7350876437570566,2.5200255,,,,
deg_centrality,N/A,powerlaw,0.8,0.1,0.3,4,0.976,0.9839914,0.7948717948717947,0.8519259,1.7790069576391454,1.5711257,,,,
deg_centrality,N/A,powerlaw,0.9,0.1,0.3,4,0.989,0.9931199,0.9059829059829059,0.9390046,0.669766576321273,0.6050276,,,,
deg_centrality,N/A,powerlaw,1.0,0.1,0.3,4,1.0,0.99979734,1.0,0.9982702,0.04050241747555382,0.028463634,,,,
deg_centrality,N/A,powerlaw,0.0,0.2,0.3,4,0.796,0.80037844,0.0,0.0,17.853365095973633,18.997562,,,,
deg_centrality,N/A,powerlaw,0.1,0.2,0.3,4,0.817,0.8222372,0.1029411764705878,0.11350556,15.920629573285053,16.706968,,,,
deg_centrality,N/A,powerlaw,0.2,0.2,0.3,4,0.852,0.8468271,0.2745098039215684,0.27377883,12.904752215731838,14.16192,,,,
deg_centrality,N/A,powerlaw,0.30000000000000004,0.2,0.3,4,0.867,0.8700029,0.34803921568627433,0.35872805,11.03140154359196,11.778618,,,,
deg_centrality,N/A,powerlaw,0.4,0.2,0.3,4,0.893,0.89157194,0.47549019607843135,0.47653967,9.323641407970658,9.799506,,,,
deg_centrality,N/A,powerlaw,0.5,0.2,0.3,4,0.908,0.91342235,0.5490196078431373,0.56957895,6.910040811215806,7.57915,,,,
deg_centrality,N/A,powerlaw,0.6000000000000001,0.2,0.3,4,0.94,0.9362612,0.7058823529411762,0.6946565,4.931965923660321,5.542752,,,,
deg_centrality,N/A,powerlaw,0.7000000000000001,0.2,0.3,4,0.947,0.9523063,0.7401960784313723,0.75985354,4.159120280174881,4.16947,,,,
deg_centrality,N/A,powerlaw,0.8,0.2,0.3,4,0.967,0.9690924,0.8382352941176469,0.84706634,2.1324563901835236,2.4740322,,,,
deg_centrality,N/A,powerlaw,0.9,0.2,0.3,4,0.984,0.984603,0.9215686274509803,0.9242673,1.2075638904113177,1.2378403,,,,
deg_centrality,N/A,powerlaw,1.0,0.2,0.3,4,1.0,0.9996394,1.0,0.9982346,0.041370351084511606,0.0300597,,,,
deg_centrality,N/A,powerlaw,0.0,0.05,0.3,5,0.957,0.94985867,0.0,0.0,10.128128537661768,9.147688,,,,
deg_centrality,N/A,powerlaw,0.1,0.05,0.3,5,0.961,0.95277137,0.09302325581395349,0.07949842,8.94873280566946,7.9060283,,,,
deg_centrality,N/A,powerlaw,0.2,0.05,0.3,5,0.971,0.9593936,0.32558139534883723,0.25613913,7.777092525726913,6.726571,,,,
deg_centrality,N/A,powerlaw,0.30000000000000004,0.05,0.3,5,0.974,0.9661396,0.3953488372093023,0.3334894,6.534914862574935,5.60524,,,,
deg_centrality,N/A,powerlaw,0.4,0.05,0.3,5,0.983,0.97259533,0.6046511627906976,0.486492,5.663621017662093,4.698,,,,
deg_centrality,N/A,powerlaw,0.5,0.05,0.3,5,0.98,0.97650105,0.5348837209302325,0.49460113,4.346310651254838,3.6771288,,,,
deg_centrality,N/A,powerlaw,0.6000000000000001,0.05,0.3,5,0.989,0.9828008,0.7441860465116279,0.6495631,3.007736571556088,2.7904005,,,,
deg_centrality,N/A,powerlaw,0.7000000000000001,0.05,0.3,5,0.994,0.9871359,0.8604651162790697,0.74222,2.2529773137185405,1.9925306,,,,
deg_centrality,N/A,powerlaw,0.8,0.05,0.3,5,0.995,0.99219626,0.8837209302325582,0.8295352,1.306067256793645,1.2471511,,,,
deg_centrality,N/A,powerlaw,0.9,0.05,0.3,5,0.997,0.99623734,0.9302325581395349,0.9140075,0.8095973266288834,0.55794585,,,,
deg_centrality,N/A,powerlaw,1.0,0.05,0.3,5,1.0,0.9997565,1.0,0.9943692,0.02550745019921604,0.00517438,,,,
deg_centrality,N/A,powerlaw,0.0,0.1,0.3,5,0.9,0.90008754,0.0,0.0,12.930434409696165,11.864114,,,,
deg_centrality,N/A,powerlaw,0.1,0.1,0.3,5,0.909,0.9057554,0.0900000000000001,0.08713266,11.914635411143035,10.769479,,,,
deg_centrality,N/A,powerlaw,0.2,0.1,0.3,5,0.923,0.91644794,0.23000000000000026,0.21791928,9.944953123245792,9.076753,,,,
deg_centrality,N/A,powerlaw,0.30000000000000004,0.1,0.3,5,0.939,0.92971116,0.38999999999999935,0.35845456,8.106152927583787,7.4795556,,,,
deg_centrality,N/A,powerlaw,0.4,0.1,0.3,5,0.948,0.9444396,0.4799999999999994,0.46328834,6.561018395779946,5.871957,,,,
deg_centrality,N/A,powerlaw,0.5,0.1,0.3,5,0.96,0.95525354,0.5999999999999995,0.57252496,5.208304414537999,4.625821,,,,
deg_centrality,N/A,powerlaw,0.6000000000000001,0.1,0.3,5,0.968,0.9639316,0.6799999999999996,0.6537024,3.955242768247509,3.448377,,,,
deg_centrality,N/A,powerlaw,0.7000000000000001,0.1,0.3,5,0.976,0.9747467,0.7599999999999998,0.74843603,3.0069268543961933,2.4408896,,,,
deg_centrality,N/A,powerlaw,0.8,0.1,0.3,5,0.985,0.98482144,0.8499999999999999,0.8483768,1.5076598313498355,1.3995471,,,,
deg_centrality,N/A,powerlaw,0.9,0.1,0.3,5,0.998,0.99306035,0.98,0.93383646,0.4808319190711642,0.5667109,,,,
deg_centrality,N/A,powerlaw,1.0,0.1,0.3,5,1.0,0.9991735,1.0,0.9918014,0.036386686123030275,0.028444376,,,,
deg_centrality,N/A,powerlaw,0.0,0.2,0.3,5,0.812,0.80026186,0.0,0.0,16.802037919200774,18.496296,,,,
deg_centrality,N/A,powerlaw,0.1,0.2,0.3,5,0.836,0.8165333,0.12765957446808468,0.11667447,14.953817155718511,16.217508,,,,
deg_centrality,N/A,powerlaw,0.2,0.2,0.3,5,0.866,0.84373796,0.28723404255319124,0.2571116,12.185815429096955,13.551729,,,,
deg_centrality,N/A,powerlaw,0.30000000000000004,0.2,0.3,5,0.877,0.86612976,0.34574468085106363,0.33309835,10.702773067929503,11.531196,,,,
deg_centrality,N/A,powerlaw,0.4,0.2,0.3,5,0.901,0.8911925,0.4734042553191489,0.45475137,8.5374882328123,9.185819,,,,
deg_centrality,N/A,powerlaw,0.5,0.2,0.3,5,0.911,0.91258454,0.5265957446808511,0.53549916,6.789186222565404,7.239779,,,,
deg_centrality,N/A,powerlaw,0.6000000000000001,0.2,0.3,5,0.946,0.9307469,0.7127659574468082,0.660102,4.593849583778729,5.4396358,,,,
deg_centrality,N/A,powerlaw,0.7000000000000001,0.2,0.3,5,0.95,0.9479924,0.734042553191489,0.72265905,3.670231143788139,4.003449,,,,
deg_centrality,N/A,powerlaw,0.8,0.2,0.3,5,0.972,0.96886903,0.8510638297872338,0.83659995,2.0953767924453612,2.2773604,,,,
deg_centrality,N/A,powerlaw,0.9,0.2,0.3,5,0.985,0.986193,0.9202127659574467,0.92605567,0.9739933199564178,1.0358449,,,,
deg_centrality,N/A,powerlaw,1.0,0.2,0.3,5,1.0,0.99911976,1.0,0.9953375,0.0003414609275474791,0.005977813,,,,
deg_centrality,N/A,powerlaw,0.0,0.05,0.3,6,0.948,0.94993424,0.0,0.0,11.154192244565861,9.186704,,,,
deg_centrality,N/A,powerlaw,0.1,0.05,0.3,6,0.951,0.9516047,0.057692307692307696,0.060802635,9.678082005663983,8.023631,,,,
deg_centrality,N/A,powerlaw,0.2,0.05,0.3,6,0.958,0.95852005,0.19230769230769232,0.19388439,8.432395899107497,6.8630733,,,,
deg_centrality,N/A,powerlaw,0.30000000000000004,0.05,0.3,6,0.963,0.96381396,0.28846153846153844,0.2939627,7.270997471291123,5.9544764,,,,
deg_centrality,N/A,powerlaw,0.4,0.05,0.3,6,0.973,0.97041833,0.4807692307692308,0.4583839,5.992696545334715,4.7806845,,,,
deg_centrality,N/A,powerlaw,0.5,0.05,0.3,6,0.976,0.97810584,0.5384615384615384,0.560376,5.613955859764945,3.7989128,,,,
deg_centrality,N/A,powerlaw,0.6000000000000001,0.05,0.3,6,0.976,0.98214793,0.5384615384615384,0.6104721,4.123153131779576,2.9967182,,,,
deg_centrality,N/A,powerlaw,0.7000000000000001,0.05,0.3,6,0.989,0.9876796,0.7884615384615384,0.7685137,2.637691304812516,2.0793004,,,,
deg_centrality,N/A,powerlaw,0.8,0.05,0.3,6,0.99,0.99194056,0.8076923076923077,0.83897936,1.7014478993889883,1.3541201,,,,
deg_centrality,N/A,powerlaw,0.9,0.05,0.3,6,0.997,0.9962957,0.9423076923076923,0.92970186,0.6960865716133898,0.5940439,,,,
deg_centrality,N/A,powerlaw,1.0,0.05,0.3,6,1.0,0.99956006,1.0,0.99160576,0.00017242211339598638,0.004912822,,,,
deg_centrality,N/A,powerlaw,0.0,0.1,0.3,6,0.891,0.9000708,0.0,0.0,13.955640702267353,13.407542,,,,
deg_centrality,N/A,powerlaw,0.1,0.1,0.3,6,0.9,0.9029915,0.08256880733944963,0.07870241,12.258945535093027,11.474056,,,,
deg_centrality,N/A,powerlaw,0.2,0.1,0.3,6,0.912,0.9149594,0.1926605504587158,0.19279335,10.3799217480312,9.735788,,,,
deg_centrality,N/A,powerlaw,0.30000000000000004,0.1,0.3,6,0.925,0.9281461,0.31192660550458745,0.31746596,8.661067660704116,7.9305243,,,,
deg_centrality,N/A,powerlaw,0.4,0.1,0.3,6,0.943,0.94281614,0.4770642201834857,0.4774088,7.051479322704644,6.4357343,,,,
deg_centrality,N/A,powerlaw,0.5,0.1,0.3,6,0.946,0.9522833,0.5045871559633023,0.5323157,5.973230806574638,5.223465,,,,
deg_centrality,N/A,powerlaw,0.6000000000000001,0.1,0.3,6,0.964,0.96360755,0.6697247706422015,0.6641937,4.080839619456919,4.0766387,,,,
deg_centrality,N/A,powerlaw,0.7000000000000001,0.1,0.3,6,0.974,0.97514856,0.7614678899082566,0.7677044,2.8585074883678723,2.648465,,,,
deg_centrality,N/A,powerlaw,0.8,0.1,0.3,6,0.988,0.9840724,0.8899082568807338,0.8589308,1.7695117349162979,1.6838152,,,,
deg_centrality,N/A,powerlaw,0.9,0.1,0.3,6,0.988,0.9932576,0.8899082568807338,0.9350021,0.8678819486572574,0.6297413,,,,
deg_centrality,N/A,powerlaw,1.0,0.1,0.3,6,1.0,0.9993495,1.0,0.99406624,0.00021275043793028578,0.0029668745,,,,
deg_centrality,N/A,powerlaw,0.0,0.2,0.3,6,0.795,0.8006117,0.0,0.0,14.846124414998892,15.984116,,,,
deg_centrality,N/A,powerlaw,0.1,0.2,0.3,6,0.811,0.815635,0.07804878048780496,0.09067334,14.125789473144014,14.852854,,,,
deg_centrality,N/A,powerlaw,0.2,0.2,0.3,6,0.831,0.8379612,0.17560975609756063,0.19195426,12.142663378921807,12.700367,,,,
deg_centrality,N/A,powerlaw,0.30000000000000004,0.2,0.3,6,0.853,0.8633479,0.28292682926829243,0.307181,10.24350018690842,10.643159,,,,
deg_centrality,N/A,powerlaw,0.4,0.2,0.3,6,0.878,0.8855775,0.4048780487804877,0.42093056,8.334755892568591,8.443786,,,,
deg_centrality,N/A,powerlaw,0.5,0.2,0.3,6,0.911,0.90793765,0.5658536585365854,0.556387,6.472385674147038,6.975013,,,,
deg_centrality,N/A,powerlaw,0.6000000000000001,0.2,0.3,6,0.925,0.9307493,0.6341463414634148,0.6538312,4.767087198030187,4.7166543,,,,
deg_centrality,N/A,powerlaw,0.7000000000000001,0.2,0.3,6,0.942,0.9521753,0.7170731707317071,0.758838,3.2148576212207955,3.1921012,,,,
deg_centrality,N/A,powerlaw,0.8,0.2,0.3,6,0.97,0.96623474,0.8536585365853657,0.8392008,2.1123572941868263,2.0772157,,,,
deg_centrality,N/A,powerlaw,0.9,0.2,0.3,6,0.982,0.9841935,0.9121951219512194,0.92213047,1.0039992526030739,0.95746666,,,,
deg_centrality,N/A,powerlaw,1.0,0.2,0.3,6,0.999,0.9994121,0.9951219512195122,0.99712545,0.1510572721854185,0.035820726,,,,
deg_centrality,N/A,powerlaw,0.0,0.05,0.3,7,0.955,0.9498646,0.0,0.0,9.444444298607934,8.752637,,,,
deg_centrality,N/A,powerlaw,0.1,0.05,0.3,7,0.957,0.9523037,0.044444444444444446,0.040233593,8.298784166455345,7.4064093,,,,
deg_centrality,N/A,powerlaw,0.2,0.05,0.3,7,0.964,0.9574115,0.2,0.16537182,6.730342752193789,6.282478,,,,
deg_centrality,N/A,powerlaw,0.30000000000000004,0.05,0.3,7,0.968,0.9641349,0.28888888888888886,0.26609406,5.74507604802342,5.344159,,,,
deg_centrality,N/A,powerlaw,0.4,0.05,0.3,7,0.975,0.9706402,0.4444444444444444,0.40637615,4.433197571639082,4.225467,,,,
deg_centrality,N/A,powerlaw,0.5,0.05,0.3,7,0.978,0.9771247,0.5111111111111111,0.50053686,3.9423769556638604,3.304207,,,,
deg_centrality,N/A,powerlaw,0.6000000000000001,0.05,0.3,7,0.985,0.98185873,0.6666666666666666,0.62336254,2.881368836973024,2.5752504,,,,
deg_centrality,N/A,powerlaw,0.7000000000000001,0.05,0.3,7,0.992,0.98744863,0.8222222222222222,0.7465697,1.8813979947423831,1.8285385,,,,
deg_centrality,N/A,powerlaw,0.8,0.05,0.3,7,0.989,0.9919983,0.7555555555555555,0.8093446,1.5130460495756344,1.1810131,,,,
deg_centrality,N/A,powerlaw,0.9,0.05,0.3,7,0.999,0.99628174,0.9777777777777777,0.9220536,0.6208471604949832,0.53469014,,,,
deg_centrality,N/A,powerlaw,1.0,0.05,0.3,7,1.0,0.9995867,1.0,0.9908963,0.023654333934531306,0.016201634,,,,
deg_centrality,N/A,powerlaw,0.0,0.1,0.3,7,0.895,0.9000708,0.0,0.0,14.052679309675968,12.408179,,,,
deg_centrality,N/A,powerlaw,0.1,0.1,0.3,7,0.907,0.8981338,0.11428571428571441,0.10800045,12.638040183580852,11.000138,,,,
deg_centrality,N/A,powerlaw,0.2,0.1,0.3,7,0.917,0.91038084,0.20952380952380975,0.22619559,10.950298737150963,9.387485,,,,
deg_centrality,N/A,powerlaw,0.30000000000000004,0.1,0.3,7,0.929,0.92641306,0.32380952380952416,0.35308343,9.271453531053213,7.781793,,,,
deg_centrality,N/A,powerlaw,0.4,0.1,0.3,7,0.942,0.9360492,0.44761904761904703,0.43868148,7.527256406177596,6.4121513,,,,
deg_centrality,N/A,powerlaw,0.5,0.1,0.3,7,0.95,0.9468367,0.5238095238095233,0.52177227,5.8091224844684906,4.884878,,,,
deg_centrality,N/A,powerlaw,0.6000000000000001,0.1,0.3,7,0.964,0.95959276,0.6571428571428568,0.6299883,4.3488016453980185,3.7766652,,,,
deg_centrality,N/A,powerlaw,0.7000000000000001,0.1,0.3,7,0.975,0.97101045,0.7619047619047616,0.7398501,3.1055205933555117,2.4997883,,,,
deg_centrality,N/A,powerlaw,0.8,0.1,0.3,7,0.976,0.97934437,0.7714285714285712,0.8081592,2.4188597498047346,1.7527715,,,,
deg_centrality,N/A,powerlaw,0.9,0.1,0.3,7,0.994,0.9906736,0.9428571428571428,0.9140569,0.7094554740759739,0.7694978,,,,
deg_centrality,N/A,powerlaw,1.0,0.1,0.3,7,0.997,0.99898785,0.9714285714285714,0.99027216,0.033538413331513875,0.031189587,,,,
deg_centrality,N/A,powerlaw,0.0,0.2,0.3,7,0.801,0.80014515,0.0,0.0,18.200341892835464,19.346325,,,,
deg_centrality,N/A,powerlaw,0.1,0.2,0.3,7,0.83,0.8216447,0.14572864321608,0.13883738,15.703996852170318,16.78809,,,,
deg_centrality,N/A,powerlaw,0.2,0.2,0.3,7,0.849,0.8456055,0.24120603015075348,0.23616916,13.529093000966792,14.363308,,,,
deg_centrality,N/A,powerlaw,0.30000000000000004,0.2,0.3,7,0.875,0.86999017,0.3718592964824119,0.36190343,10.909892771630288,11.739518,,,,
deg_centrality,N/A,powerlaw,0.4,0.2,0.3,7,0.888,0.8917607,0.43718592964824116,0.44528294,9.508853187570814,9.91552,,,,
deg_centrality,N/A,powerlaw,0.5,0.2,0.3,7,0.912,0.91276807,0.5577889447236182,0.5587029,7.296445486821518,7.753957,,,,
deg_centrality,N/A,powerlaw,0.6000000000000001,0.2,0.3,7,0.939,0.9300437,0.6934673366834168,0.66386324,5.22793055069973,5.9518,,,,
deg_centrality,N/A,powerlaw,0.7000000000000001,0.2,0.3,7,0.955,0.9516704,0.7738693467336681,0.7610471,3.6294828072608625,4.034647,,,,
deg_centrality,N/A,powerlaw,0.8,0.2,0.3,7,0.977,0.96706706,0.8844221105527637,0.8422956,2.2955727292028594,2.8201778,,,,
deg_centrality,N/A,powerlaw,0.9,0.2,0.3,7,0.986,0.98471594,0.9296482412060301,0.9236509,1.0655459709683306,1.2680235,,,,
deg_centrality,N/A,powerlaw,1.0,0.2,0.3,7,1.0,0.9997236,1.0,0.99861246,5.56748117805279e-05,0.0051798574,,,,
deg_centrality,N/A,powerlaw,0.0,0.05,0.3,8,0.952,0.9499253,0.0,0.0,11.210016697563892,9.572865,,,,
deg_centrality,N/A,powerlaw,0.1,0.05,0.3,8,0.957,0.95068115,0.10416666666666667,0.092017114,9.263897294532857,8.122697,,,,
deg_centrality,N/A,powerlaw,0.2,0.05,0.3,8,0.962,0.95655775,0.20833333333333334,0.1868021,7.831505011602586,6.892717,,,,
deg_centrality,N/A,powerlaw,0.30000000000000004,0.05,0.3,8,0.967,0.9641755,0.3125,0.29452342,7.209045425622594,5.7350926,,,,
deg_centrality,N/A,powerlaw,0.4,0.05,0.3,8,0.97,0.9701327,0.375,0.3757008,5.841074309276941,4.771626,,,,
deg_centrality,N/A,powerlaw,0.5,0.05,0.3,8,0.978,0.97603464,0.5416666666666666,0.52027375,4.627299451071731,3.7889912,,,,
deg_centrality,N/A,powerlaw,0.6000000000000001,0.05,0.3,8,0.982,0.98052,0.625,0.60617214,3.88553378300371,2.9738123,,,,
deg_centrality,N/A,powerlaw,0.7000000000000001,0.05,0.3,8,0.988,0.98571146,0.75,0.7157159,2.550698369769418,2.132177,,,,
deg_centrality,N/A,powerlaw,0.8,0.05,0.3,8,0.992,0.99034727,0.8333333333333334,0.80546796,1.5564839297440491,1.360903,,,,
deg_centrality,N/A,powerlaw,0.9,0.05,0.3,8,0.994,0.9936277,0.875,0.8682283,0.7465023040964588,0.6671442,,,,
deg_centrality,N/A,powerlaw,1.0,0.05,0.3,8,1.0,0.99915624,1.0,0.9827199,0.0003388797512823289,0.0043398077,,,,
deg_centrality,N/A,powerlaw,0.0,0.1,0.3,8,0.906,0.90015674,0.0,0.0,11.664524630489598,12.094939,,,,
deg_centrality,N/A,powerlaw,0.1,0.1,0.3,8,0.913,0.90693665,0.07446808510638307,0.069920495,10.751832514595183,10.725114,,,,
deg_centrality,N/A,powerlaw,0.2,0.1,0.3,8,0.924,0.9176709,0.19148936170212788,0.18163441,8.734954177684084,8.787012,,,,
deg_centrality,N/A,powerlaw,0.30000000000000004,0.1,0.3,8,0.935,0.93086594,0.30851063829787273,0.29607582,7.561993103189765,7.335135,,,,
deg_centrality,N/A,powerlaw,0.4,0.1,0.3,8,0.95,0.94259727,0.4680851063829781,0.4338423,5.752171441038029,6.0247145,,,,
deg_centrality,N/A,powerlaw,0.5,0.1,0.3,8,0.963,0.95342904,0.6063829787234037,0.5505276,4.434835027039184,4.5995975,,,,
deg_centrality,N/A,powerlaw,0.6000000000000001,0.1,0.3,8,0.969,0.9664842,0.6702127659574464,0.65239877,3.6475748478946546,3.3504982,,,,
deg_centrality,N/A,powerlaw,0.7000000000000001,0.1,0.3,8,0.979,0.972751,0.7765957446808508,0.7282387,2.2650104656247247,2.4884436,,,,
deg_centrality,N/A,powerlaw,0.8,0.1,0.3,8,0.985,0.9828816,0.8404255319148934,0.82184196,1.364783800679631,1.4517142,,,,
deg_centrality,N/A,powerlaw,0.9,0.1,0.3,8,0.993,0.9921271,0.925531914893617,0.91697574,0.7070312809132497,0.72153,,,,
deg_centrality,N/A,powerlaw,1.0,0.1,0.3,8,1.0,0.99967396,1.0,0.99654263,0.02030565875756573,0.015237197,,,,
deg_centrality,N/A,powerlaw,0.0,0.2,0.3,8,0.795,0.80037844,0.0,0.0,18.566370219859344,18.619417,,,,
deg_centrality,N/A,powerlaw,0.1,0.2,0.3,8,0.825,0.8176904,0.14634146341463378,0.1472419,16.267125776821082,16.128948,,,,
deg_centrality,N/A,powerlaw,0.2,0.2,0.3,8,0.844,0.84187,0.23902439024390215,0.24192226,13.90848120674123,13.770289,,,,
deg_centrality,N/A,powerlaw,0.30000000000000004,0.2,0.3,8,0.864,0.86572576,0.33658536585365834,0.3417208,11.794481817882907,11.527482,,,,
deg_centrality,N/A,powerlaw,0.4,0.2,0.3,8,0.894,0.8879356,0.48292682926829267,0.47445247,9.771429093754788,9.659601,,,,
deg_centrality,N/A,powerlaw,0.5,0.2,0.3,8,0.919,0.9100571,0.6048780487804879,0.5838669,7.418451044277911,7.424556,,,,
deg_centrality,N/A,powerlaw,0.6000000000000001,0.2,0.3,8,0.926,0.9285574,0.6390243902439026,0.6462321,6.018842497687791,5.671755,,,,
deg_centrality,N/A,powerlaw,0.7000000000000001,0.2,0.3,8,0.951,0.94746304,0.7609756097560973,0.74978226,4.174294011634664,4.134587,,,,
deg_centrality,N/A,powerlaw,0.8,0.2,0.3,8,0.967,0.965261,0.8390243902439023,0.8312004,2.725554173667693,2.6544082,,,,
deg_centrality,N/A,powerlaw,0.9,0.2,0.3,8,0.98,0.98304236,0.9024390243902438,0.9156903,1.263131825162823,1.2570364,,,,
deg_centrality,N/A,powerlaw,1.0,0.2,0.3,8,0.999,0.999359,0.9951219512195122,0.99686646,0.005978603963259456,0.009370735,,,,
deg_centrality,N/A,powerlaw,0.0,0.05,0.3,9,0.947,0.9499253,0.0,0.0,12.748124625337141,9.942512,,,,
deg_centrality,N/A,powerlaw,0.1,0.05,0.3,9,0.951,0.95125645,0.07547169811320754,0.076443106,11.31403759761472,8.39176,,,,
deg_centrality,N/A,powerlaw,0.2,0.05,0.3,9,0.96,0.95633113,0.24528301886792453,0.22973114,9.318385718660618,7.244081,,,,
deg_centrality,N/A,powerlaw,0.30000000000000004,0.05,0.3,9,0.959,0.9630697,0.22641509433962265,0.24572027,8.28378138542042,6.0255613,,,,
deg_centrality,N/A,powerlaw,0.4,0.05,0.3,9,0.971,0.97030723,0.4528301886792453,0.4464676,6.858673415599679,5.120181,,,,
deg_centrality,N/A,powerlaw,0.5,0.05,0.3,9,0.976,0.9753312,0.5471698113207547,0.5405071,5.426440444259164,4.099574,,,,
deg_centrality,N/A,powerlaw,0.6000000000000001,0.05,0.3,9,0.979,0.980656,0.6037735849056604,0.6229906,4.504498873746683,3.1837175,,,,
deg_centrality,N/A,powerlaw,0.7000000000000001,0.05,0.3,9,0.984,0.9851843,0.6981132075471698,0.71375436,3.299552935466026,2.3690438,,,,
deg_centrality,N/A,powerlaw,0.8,0.05,0.3,9,0.988,0.99109656,0.7735849056603774,0.82146615,2.1304761519115627,1.5225261,,,,
deg_centrality,N/A,powerlaw,0.9,0.05,0.3,9,0.997,0.9952583,0.9433962264150944,0.9133351,1.2752348852287958,0.8078656,,,,
deg_centrality,N/A,powerlaw,1.0,0.05,0.3,9,1.0,0.99933535,1.0,0.9876106,0.004990292090147412,0.01667292,,,,
deg_centrality,N/A,powerlaw,0.0,0.1,0.3,9,0.906,0.9000541,0.0,0.0,12.339383364546352,12.37175,,,,
deg_centrality,N/A,powerlaw,0.1,0.1,0.3,9,0.911,0.90560347,0.05319148936170219,0.05191815,11.239571759170405,10.850147,,,,
deg_centrality,N/A,powerlaw,0.2,0.1,0.3,9,0.93,0.9182656,0.2553191489361705,0.22797947,9.332610371883634,9.279606,,,,
deg_centrality,N/A,powerlaw,0.30000000000000004,0.1,0.3,9,0.945,0.93281007,0.4148936170212759,0.36699307,7.737215462300371,7.6153865,,,,
deg_centrality,N/A,powerlaw,0.4,0.1,0.3,9,0.951,0.9427396,0.4787234042553185,0.44071263,6.1992739792712355,6.2248907,,,,
deg_centrality,N/A,powerlaw,0.5,0.1,0.3,9,0.955,0.9547146,0.5212765957446803,0.5201669,5.412250817513667,4.7863717,,,,
deg_centrality,N/A,powerlaw,0.6000000000000001,0.1,0.3,9,0.97,0.9645615,0.6808510638297869,0.6439715,3.8166079524008656,3.756002,,,,
deg_centrality,N/A,powerlaw,0.7000000000000001,0.1,0.3,9,0.985,0.97559786,0.8404255319148934,0.76390505,2.6420218784206426,2.6504083,,,,
deg_centrality,N/A,powerlaw,0.8,0.1,0.3,9,0.986,0.9830058,0.8510638297872338,0.82468003,1.757376923500556,1.7149718,,,,
deg_centrality,N/A,powerlaw,0.9,0.1,0.3,9,0.994,0.99224186,0.9361702127659574,0.91893095,0.9095095208273464,0.7368646,,,,
deg_centrality,N/A,powerlaw,1.0,0.1,0.3,9,1.0,0.99970424,1.0,0.996862,0.040955385623590274,0.031308413,,,,
deg_centrality,N/A,powerlaw,0.0,0.2,0.3,9,0.797,0.80038506,0.0,0.0,15.572359073585984,15.988381,,,,
deg_centrality,N/A,powerlaw,0.1,0.2,0.3,9,0.816,0.8204977,0.09359605911330005,0.086881444,13.773671505768444,14.205883,,,,
deg_centrality,N/A,powerlaw,0.2,0.2,0.3,9,0.842,0.84547365,0.22167487684729034,0.22266309,11.570042881017455,11.8673115,,,,
deg_centrality,N/A,powerlaw,0.30000000000000004,0.2,0.3,9,0.864,0.86885107,0.33004926108374366,0.33008084,10.092273719026283,10.013705,,,,
deg_centrality,N/A,powerlaw,0.4,0.2,0.3,9,0.886,0.8888594,0.43842364532019695,0.4524484,7.83745516949757,8.251931,,,,
deg_centrality,N/A,powerlaw,0.5,0.2,0.3,9,0.91,0.9092061,0.5566502463054188,0.5601215,5.552629622779518,6.432173,,,,
deg_centrality,N/A,powerlaw,0.6000000000000001,0.2,0.3,9,0.937,0.9329839,0.6896551724137933,0.67068815,4.139623013207109,4.6046395,,,,
deg_centrality,N/A,powerlaw,0.7000000000000001,0.2,0.3,9,0.947,0.948572,0.7389162561576352,0.7452165,2.9352448948056247,3.1721644,,,,
deg_centrality,N/A,powerlaw,0.8,0.2,0.3,9,0.97,0.9680168,0.8522167487684728,0.8435034,1.7725302882995029,1.9494554,,,,
deg_centrality,N/A,powerlaw,0.9,0.2,0.3,9,0.98,0.98360604,0.9014778325123152,0.91821176,1.0445255524037298,1.050931,,,,
deg_centrality,N/A,powerlaw,1.0,0.2,0.3,9,1.0,0.99979836,1.0,0.9990072,0.008905002397629213,0.009541403,,,,
betweenness_centrality,N/A,powerlaw,0.0,0.05,0.3,0,0.952,0.9499458,0.0,0.0,11.165916988272384,9.72959,,,,
betweenness_centrality,N/A,powerlaw,0.1,0.05,0.3,0,0.958,0.9524019,0.125,0.11190047,9.735289562448921,8.258251,,,,
betweenness_centrality,N/A,powerlaw,0.2,0.05,0.3,0,0.965,0.95896393,0.2708333333333333,0.24049811,8.40307751928862,7.1340275,,,,
betweenness_centrality,N/A,powerlaw,0.30000000000000004,0.05,0.3,0,0.973,0.9641553,0.4375,0.36924016,6.582036698820277,6.016738,,,,
betweenness_centrality,N/A,powerlaw,0.4,0.05,0.3,0,0.979,0.97139555,0.5625,0.48467013,5.717355094861722,4.9465594,,,,
betweenness_centrality,N/A,powerlaw,0.5,0.05,0.3,0,0.983,0.975973,0.6458333333333334,0.5631272,4.159075608130439,4.0519476,,,,
betweenness_centrality,N/A,powerlaw,0.6000000000000001,0.05,0.3,0,0.984,0.9819365,0.6666666666666666,0.63844204,3.6922663487877565,3.099901,,,,
betweenness_centrality,N/A,powerlaw,0.7000000000000001,0.05,0.3,0,0.99,0.9857539,0.7916666666666666,0.7272089,2.56075091160015,2.2908087,,,,
betweenness_centrality,N/A,powerlaw,0.8,0.05,0.3,0,0.995,0.99078125,0.8958333333333334,0.823393,1.7605817419029817,1.477169,,,,
betweenness_centrality,N/A,powerlaw,0.9,0.05,0.3,0,0.997,0.99567544,0.9375,0.9121369,0.7329762082321135,0.59073204,,,,
betweenness_centrality,N/A,powerlaw,1.0,0.05,0.3,0,1.0,0.9992068,1.0,0.983737,0.001624523727995881,0.0057899826,,,,
betweenness_centrality,N/A,powerlaw,0.0,0.1,0.3,0,0.882,0.90015393,0.0,0.0,13.322775703584659,11.647076,,,,
betweenness_centrality,N/A,powerlaw,0.1,0.1,0.3,0,0.897,0.9066973,0.12711864406779674,0.13985112,12.078302413685345,10.301672,,,,
betweenness_centrality,N/A,powerlaw,0.2,0.1,0.3,0,0.91,0.9183127,0.23728813559322057,0.25780678,10.47851654300344,8.9288025,,,,
betweenness_centrality,N/A,powerlaw,0.30000000000000004,0.1,0.3,0,0.921,0.93191725,0.33050847457627147,0.36426893,9.442240376023253,7.572537,,,,
betweenness_centrality,N/A,powerlaw,0.4,0.1,0.3,0,0.938,0.9429798,0.4745762711864402,0.4957348,6.952246705424197,6.029627,,,,
betweenness_centrality,N/A,powerlaw,0.5,0.1,0.3,0,0.953,0.95549196,0.6016949152542369,0.6150069,5.635816456604587,4.656555,,,,
betweenness_centrality,N/A,powerlaw,0.6000000000000001,0.1,0.3,0,0.962,0.96613526,0.677966101694915,0.70259,4.19161719134458,3.570475,,,,
betweenness_centrality,N/A,powerlaw,0.7000000000000001,0.1,0.3,0,0.975,0.97613,0.7881355932203388,0.79539424,2.515804413167822,2.4097846,,,,
betweenness_centrality,N/A,powerlaw,0.8,0.1,0.3,0,0.988,0.9837447,0.8983050847457626,0.8669665,1.6796641543057595,1.6693983,,,,
betweenness_centrality,N/A,powerlaw,0.9,0.1,0.3,0,0.992,0.99257356,0.9322033898305084,0.9367233,0.6791968324594979,0.6403548,,,,
betweenness_centrality,N/A,powerlaw,1.0,0.1,0.3,0,1.0,0.9996608,1.0,0.99713254,0.023967439496510232,0.019311268,,,,
betweenness_centrality,N/A,powerlaw,0.0,0.2,0.3,0,0.824,0.8004951,0.0,0.0,16.22461936559598,17.957668,,,,
betweenness_centrality,N/A,powerlaw,0.1,0.2,0.3,0,0.843,0.8180055,0.10795454545454553,0.11155439,14.076111201213873,15.585092,,,,
betweenness_centrality,N/A,powerlaw,0.2,0.2,0.3,0,0.866,0.8428998,0.23863636363636379,0.22585216,11.65233988042119,12.997097,,,,
betweenness_centrality,N/A,powerlaw,0.30000000000000004,0.2,0.3,0,0.883,0.86754,0.33522727272727293,0.3217125,10.086966933633047,10.780066,,,,
betweenness_centrality,N/A,powerlaw,0.4,0.2,0.3,0,0.892,0.88997847,0.38636363636363663,0.39118388,8.824075106907951,9.016274,,,,
betweenness_centrality,N/A,powerlaw,0.5,0.2,0.3,0,0.921,0.91353685,0.551136363636364,0.5348061,6.051107413958968,6.746375,,,,
betweenness_centrality,N/A,powerlaw,0.6000000000000001,0.2,0.3,0,0.944,0.9335765,0.6818181818181817,0.6440283,4.797046926577944,5.271578,,,,
betweenness_centrality,N/A,powerlaw,0.7000000000000001,0.2,0.3,0,0.957,0.9483362,0.755681818181818,0.7206222,3.525391288503967,3.8382502,,,,
betweenness_centrality,N/A,powerlaw,0.8,0.2,0.3,0,0.974,0.96926117,0.8522727272727272,0.82984227,1.9515764153215645,2.2331748,,,,
betweenness_centrality,N/A,powerlaw,0.9,0.2,0.3,0,0.988,0.98547524,0.9318181818181818,0.9185893,1.1175437223298346,1.1055205,,,,
betweenness_centrality,N/A,powerlaw,1.0,0.2,0.3,0,1.0,0.9993738,1.0,0.996453,0.025415479089438735,0.020334583,,,,
betweenness_centrality,N/A,powerlaw,0.0,0.05,0.3,1,0.955,0.949896,0.0,0.0,8.855926470743816,8.298137,,,,
betweenness_centrality,N/A,powerlaw,0.1,0.05,0.3,1,0.957,0.952656,0.044444444444444446,0.06377805,7.805124966887408,7.0434303,,,,
betweenness_centrality,N/A,powerlaw,0.2,0.05,0.3,1,0.966,0.9607705,0.24444444444444444,0.21287835,6.661503293946378,5.967004,,,,
betweenness_centrality,N/A,powerlaw,0.30000000000000004,0.05,0.3,1,0.975,0.9665574,0.4444444444444444,0.37055647,4.957308305683071,4.871349,,,,
betweenness_centrality,N/A,powerlaw,0.4,0.05,0.3,1,0.983,0.9740084,0.6222222222222222,0.51844853,4.081138357851742,3.937712,,,,
betweenness_centrality,N/A,powerlaw,0.5,0.05,0.3,1,0.983,0.97923094,0.6222222222222222,0.57027054,3.290907749541384,3.0434718,,,,
betweenness_centrality,N/A,powerlaw,0.6000000000000001,0.05,0.3,1,0.989,0.985149,0.7555555555555555,0.69413155,2.7743598854451887,2.3218663,,,,
betweenness_centrality,N/A,powerlaw,0.7000000000000001,0.05,0.3,1,0.991,0.98778844,0.8,0.7448106,1.6002858217590175,1.7396708,,,,
betweenness_centrality,N/A,powerlaw,0.8,0.05,0.3,1,0.991,0.9928631,0.8,0.83422744,1.4327511494893284,1.1370384,,,,
betweenness_centrality,N/A,powerlaw,0.9,0.05,0.3,1,1.0,0.99658656,1.0,0.92934406,0.47073686048742197,0.49127913,,,,
betweenness_centrality,N/A,powerlaw,1.0,0.05,0.3,1,1.0,0.99985945,1.0,0.9968855,0.04996224070244627,0.025925312,,,,
betweenness_centrality,N/A,powerlaw,0.0,0.1,0.3,1,0.888,0.9001956,0.0,0.0,10.716505867175792,10.747164,,,,
betweenness_centrality,N/A,powerlaw,0.1,0.1,0.3,1,0.904,0.90587634,0.142857142857143,0.1451957,9.949377850997989,9.595246,,,,
betweenness_centrality,N/A,powerlaw,0.2,0.1,0.3,1,0.918,0.9168373,0.2678571428571431,0.26498088,8.822681217732583,8.625797,,,,
betweenness_centrality,N/A,powerlaw,0.30000000000000004,0.1,0.3,1,0.936,0.93034714,0.428571428571429,0.40888268,6.842447521808913,6.9235344,,,,
betweenness_centrality,N/A,powerlaw,0.4,0.1,0.3,1,0.94,0.94432306,0.46428571428571375,0.48286188,6.279268058741682,5.4907,,,,
betweenness_centrality,N/A,powerlaw,0.5,0.1,0.3,1,0.951,0.95401204,0.5624999999999996,0.5788202,4.600709094883266,4.065176,,,,
betweenness_centrality,N/A,powerlaw,0.6000000000000001,0.1,0.3,1,0.964,0.965592,0.6785714285714283,0.6882981,3.2484657604337936,2.9613073,,,,
betweenness_centrality,N/A,powerlaw,0.7000000000000001,0.1,0.3,1,0.978,0.9747355,0.8035714285714284,0.7808985,2.231021045913297,2.1475327,,,,
betweenness_centrality,N/A,powerlaw,0.8,0.1,0.3,1,0.987,0.9846952,0.8839285714285713,0.86601764,1.1508484661284657,1.3411802,,,,
betweenness_centrality,N/A,powerlaw,0.9,0.1,0.3,1,0.993,0.99114525,0.9374999999999999,0.92221934,0.6865081750883434,0.6200459,,,,
betweenness_centrality,N/A,powerlaw,1.0,0.1,0.3,1,1.0,0.99965656,1.0,0.9969416,0.020841377191430834,0.018059729,,,,
betweenness_centrality,N/A,powerlaw,0.0,0.2,0.3,1,0.802,0.80037844,0.0,0.0,16.095972807924184,17.01752,,,,
betweenness_centrality,N/A,powerlaw,0.1,0.2,0.3,1,0.818,0.81915927,0.08080808080808034,0.093584985,14.845702291511992,15.354178,,,,
betweenness_centrality,N/A,powerlaw,0.2,0.2,0.3,1,0.837,0.8440718,0.1767676767676764,0.19451955,12.531691376339827,12.884173,,,,
betweenness_centrality,N/A,powerlaw,0.30000000000000004,0.2,0.3,1,0.865,0.8703619,0.31818181818181795,0.33495048,10.386963329650857,10.457359,,,,
betweenness_centrality,N/A,powerlaw,0.4,0.2,0.3,1,0.886,0.89023155,0.42424242424242414,0.43690997,8.566133893268871,8.757635,,,,
betweenness_centrality,N/A,powerlaw,0.5,0.2,0.3,1,0.911,0.91139,0.5505050505050506,0.55919355,6.494098254193077,6.6799273,,,,
betweenness_centrality,N/A,powerlaw,0.6000000000000001,0.2,0.3,1,0.928,0.9325367,0.6363636363636365,0.64919305,4.746863719711563,5.028045,,,,
betweenness_centrality,N/A,powerlaw,0.7000000000000001,0.2,0.3,1,0.945,0.95114905,0.7222222222222219,0.74980414,3.4207999018879556,3.4538705,,,,
betweenness_centrality,N/A,powerlaw,0.8,0.2,0.3,1,0.974,0.96873826,0.8686868686868685,0.84597725,1.9453982676102983,2.1130261,,,,
betweenness_centrality,N/A,powerlaw,0.9,0.2,0.3,1,0.981,0.98547757,0.904040404040404,0.92492616,1.1491863855482958,0.9999254,,,,
betweenness_centrality,N/A,powerlaw,1.0,0.2,0.3,1,1.0,0.99950325,1.0,0.99749637,0.021175564703742714,0.018573133,,,,
betweenness_centrality,N/A,powerlaw,0.0,0.05,0.3,2,0.962,0.94982535,0.0,0.0,9.648665644223525,9.250347,,,,
betweenness_centrality,N/A,powerlaw,0.1,0.05,0.3,2,0.968,0.9514804,0.15789473684210525,0.11005088,8.671650653396647,7.888077,,,,
betweenness_centrality,N/A,powerlaw,0.2,0.05,0.3,2,0.973,0.9575739,0.2894736842105263,0.20709722,7.006453383958386,6.5791416,,,,
betweenness_centrality,N/A,powerlaw,0.30000000000000004,0.05,0.3,2,0.974,0.96435744,0.3157894736842105,0.25312996,5.887128996321206,5.465919,,,,
betweenness_centrality,N/A,powerlaw,0.4,0.05,0.3,2,0.984,0.97165895,0.5789473684210527,0.43701923,4.430387446559131,4.3467975,,,,
betweenness_centrality,N/A,powerlaw,0.5,0.05,0.3,2,0.989,0.97601414,0.7105263157894737,0.5301398,3.7248844234029805,3.5528302,,,,
betweenness_centrality,N/A,powerlaw,0.6000000000000001,0.05,0.3,2,0.99,0.9823218,0.7368421052631579,0.61276907,2.9078591681049124,2.7149804,,,,
betweenness_centrality,N/A,powerlaw,0.7000000000000001,0.05,0.3,2,0.991,0.98719925,0.7631578947368421,0.69367075,2.3222446594772235,1.9035786,,,,
betweenness_centrality,N/A,powerlaw,0.8,0.05,0.3,2,0.994,0.99188745,0.8421052631578947,0.7975966,1.5591664006666432,1.2616487,,,,
betweenness_centrality,N/A,powerlaw,0.9,0.05,0.3,2,0.994,0.9960168,0.8421052631578947,0.8892168,0.6650056144567115,0.5324972,,,,
betweenness_centrality,N/A,powerlaw,1.0,0.05,0.3,2,1.0,0.999425,1.0,0.98508525,0.02459789195669644,0.0178403,,,,
betweenness_centrality,N/A,powerlaw,0.0,0.1,0.3,2,0.897,0.90008754,0.0,0.0,14.161453369660403,12.997167,,,,
betweenness_centrality,N/A,powerlaw,0.1,0.1,0.3,2,0.904,0.90364164,0.06796116504854376,0.067714505,12.629056258441729,11.035252,,,,
betweenness_centrality,N/A,powerlaw,0.2,0.1,0.3,2,0.917,0.9163389,0.19417475728155362,0.19385779,11.315075119492944,9.467652,,,,
betweenness_centrality,N/A,powerlaw,0.30000000000000004,0.1,0.3,2,0.938,0.930295,0.3980582524271838,0.37034282,8.317497859547384,7.729487,,,,
betweenness_centrality,N/A,powerlaw,0.4,0.1,0.3,2,0.941,0.9415846,0.42718446601941684,0.42943206,7.212419718054203,6.3779473,,,,
betweenness_centrality,N/A,powerlaw,0.5,0.1,0.3,2,0.953,0.9534034,0.543689320388349,0.5370829,6.105071913314216,4.9951944,,,,
betweenness_centrality,N/A,powerlaw,0.6000000000000001,0.1,0.3,2,0.962,0.96552384,0.6310679611650482,0.6532269,4.83895297433429,3.710484,,,,
betweenness_centrality,N/A,powerlaw,0.7000000000000001,0.1,0.3,2,0.982,0.97543824,0.8252427184466018,0.775744,2.803440946976246,2.4942904,,,,
betweenness_centrality,N/A,powerlaw,0.8,0.1,0.3,2,0.979,0.98257595,0.7961165048543687,0.8245984,2.4904544592109237,1.7528777,,,,
betweenness_centrality,N/A,powerlaw,0.9,0.1,0.3,2,0.992,0.9909492,0.9223300970873786,0.91285074,0.8740731896435596,0.85442775,,,,
betweenness_centrality,N/A,powerlaw,1.0,0.1,0.3,2,1.0,0.99925834,1.0,0.99284834,0.01987738461352507,0.017571714,,,,
betweenness_centrality,N/A,powerlaw,0.0,0.2,0.3,2,0.808,0.80059195,0.0,0.0,16.740650528518213,16.731102,,,,
betweenness_centrality,N/A,powerlaw,0.1,0.2,0.3,2,0.815,0.81352174,0.036458333333332794,0.09853204,15.615090199705113,15.121293,,,,
betweenness_centrality,N/A,powerlaw,0.2,0.2,0.3,2,0.843,0.83927554,0.1822916666666663,0.2288164,12.997738898090516,12.644428,,,,
betweenness_centrality,N/A,powerlaw,0.30000000000000004,0.2,0.3,2,0.86,0.8658894,0.2708333333333331,0.32014036,11.146521715979688,10.428236,,,,
betweenness_centrality,N/A,powerlaw,0.4,0.2,0.3,2,0.89,0.8862232,0.42708333333333326,0.43985358,8.598781267234314,8.611809,,,,
betweenness_centrality,N/A,powerlaw,0.5,0.2,0.3,2,0.917,0.9084793,0.5677083333333334,0.5667532,6.321062132726787,6.616994,,,,
betweenness_centrality,N/A,powerlaw,0.6000000000000001,0.2,0.3,2,0.927,0.9269217,0.6197916666666669,0.63204235,5.4160614142306756,5.0768466,,,,
betweenness_centrality,N/A,powerlaw,0.7000000000000001,0.2,0.3,2,0.949,0.9482113,0.7343749999999997,0.7403214,3.5086953542162447,3.3644876,,,,
betweenness_centrality,N/A,powerlaw,0.8,0.2,0.3,2,0.969,0.9696025,0.8385416666666665,0.84037757,2.392629098297079,2.230767,,,,
betweenness_centrality,N/A,powerlaw,0.9,0.2,0.3,2,0.988,0.9841298,0.9374999999999999,0.91995794,1.0073813359445507,0.98807496,,,,
betweenness_centrality,N/A,powerlaw,1.0,0.2,0.3,2,0.999,0.9996005,0.9947916666666666,0.997912,0.08121360803651206,0.02693608,,,,
betweenness_centrality,N/A,powerlaw,0.0,0.05,0.3,3,0.963,0.9498588,0.0,0.0,10.199906175675165,9.465265,,,,
betweenness_centrality,N/A,powerlaw,0.1,0.05,0.3,3,0.965,0.9506845,0.05405405405405406,0.03865473,9.167103694694124,8.016125,,,,
betweenness_centrality,N/A,powerlaw,0.2,0.05,0.3,3,0.969,0.9558536,0.16216216216216217,0.11930387,7.833862406507256,6.873847,,,,
betweenness_centrality,N/A,powerlaw,0.30000000000000004,0.05,0.3,3,0.972,0.961096,0.24324324324324326,0.18748957,6.6783653719236,5.8146935,,,,
betweenness_centrality,N/A,powerlaw,0.4,0.05,0.3,3,0.979,0.9693769,0.43243243243243246,0.3433452,5.352925436713733,4.79813,,,,
betweenness_centrality,N/A,powerlaw,0.5,0.05,0.3,3,0.987,0.97607327,0.6486486486486487,0.49995953,4.219739165780693,3.7264524,,,,
betweenness_centrality,N/A,powerlaw,0.6000000000000001,0.05,0.3,3,0.989,0.9798257,0.7027027027027027,0.56231534,3.504662144625634,2.9880035,,,,
betweenness_centrality,N/A,powerlaw,0.7000000000000001,0.05,0.3,3,0.993,0.98621714,0.8108108108108109,0.6847432,2.4506320909521744,2.1552432,,,,
betweenness_centrality,N/A,powerlaw,0.8,0.05,0.3,3,0.997,0.99145883,0.918918918918919,0.79922295,1.1767191228649716,1.2465334,,,,
betweenness_centrality,N/A,powerlaw,0.9,0.05,0.3,3,0.997,0.9946344,0.918918918918919,0.86396366,0.7928806677682849,0.66447365,,,,
betweenness_centrality,N/A,powerlaw,1.0,0.05,0.3,3,1.0,0.9996803,1.0,0.9914315,0.04987804867404853,0.039454754,,,,
betweenness_centrality,N/A,powerlaw,0.0,0.1,0.3,3,0.89,0.90008277,0.0,0.0,10.406014817798432,10.315691,,,,
betweenness_centrality,N/A,powerlaw,0.1,0.1,0.3,3,0.901,0.9106582,0.1000000000000001,0.11108245,9.844845931659304,9.208636,,,,
betweenness_centrality,N/A,powerlaw,0.2,0.1,0.3,3,0.922,0.92447037,0.29090909090909123,0.2983287,8.39653970303894,8.003946,,,,
betweenness_centrality,N/A,powerlaw,0.30000000000000004,0.1,0.3,3,0.936,0.93720484,0.4181818181818186,0.42333895,6.76250065556232,6.492223,,,,
betweenness_centrality,N/A,powerlaw,0.4,0.1,0.3,3,0.948,0.94996655,0.5272727272727268,0.53809005,4.853217731122914,4.794715,,,,
betweenness_centrality,N/A,powerlaw,0.5,0.1,0.3,3,0.953,0.96023977,0.5727272727272723,0.6127727,4.218181899122097,3.9360225,,,,
betweenness_centrality,N/A,powerlaw,0.6000000000000001,0.1,0.3,3,0.965,0.9699456,0.6818181818181815,0.7137192,3.349582542415008,2.9250011,,,,
betweenness_centrality,N/A,powerlaw,0.7000000000000001,0.1,0.3,3,0.976,0.97782713,0.7818181818181816,0.79473764,1.9216315552399756,1.9376886,,,,
betweenness_centrality,N/A,powerlaw,0.8,0.1,0.3,3,0.986,0.9868957,0.8727272727272726,0.8797672,1.337561821450306,1.2415926,,,,
betweenness_centrality,N/A,powerlaw,0.9,0.1,0.3,3,0.996,0.9937255,0.9636363636363636,0.94409084,0.49961089488176647,0.5423882,,,,
betweenness_centrality,N/A,powerlaw,1.0,0.1,0.3,3,1.0,0.9998699,1.0,0.998818,0.01962051271934344,0.016923917,,,,
betweenness_centrality,N/A,powerlaw,0.0,0.2,0.3,3,0.818,0.80026186,0.0,0.0,13.95229556555157,14.953979,,,,
betweenness_centrality,N/A,powerlaw,0.1,0.2,0.3,3,0.838,0.8182563,0.10989010989010996,0.09841614,12.934499466384702,13.805541,,,,
betweenness_centrality,N/A,powerlaw,0.2,0.2,0.3,3,0.856,0.84256977,0.2087912087912089,0.20544848,11.235876199989901,11.868866,,,,
betweenness_centrality,N/A,powerlaw,0.30000000000000004,0.2,0.3,3,0.882,0.86668515,0.35164835164835184,0.32730186,9.044864362552188,9.746904,,,,
betweenness_centrality,N/A,powerlaw,0.4,0.2,0.3,3,0.896,0.8940556,0.4285714285714288,0.42947054,7.709196281697428,7.6074367,,,,
betweenness_centrality,N/A,powerlaw,0.5,0.2,0.3,3,0.919,0.9127905,0.5549450549450553,0.53909755,5.335831590975993,5.9415135,,,,
betweenness_centrality,N/A,powerlaw,0.6000000000000001,0.2,0.3,3,0.95,0.93131727,0.7252747252747251,0.6587682,4.077282396649593,4.562435,,,,
betweenness_centrality,N/A,powerlaw,0.7000000000000001,0.2,0.3,3,0.955,0.95032436,0.7527472527472526,0.73400307,2.879536379209255,3.203189,,,,
betweenness_centrality,N/A,powerlaw,0.8,0.2,0.3,3,0.974,0.96750426,0.8571428571428571,0.82769305,1.6107756745509674,1.7344036,,,,
betweenness_centrality,N/A,powerlaw,0.9,0.2,0.3,3,0.984,0.98422974,0.9120879120879121,0.91296977,0.7354151682695783,0.8702491,,,,
betweenness_centrality,N/A,powerlaw,1.0,0.2,0.3,3,1.0,0.9991277,1.0,0.995228,0.0003403242158891271,0.0055433875,,,,
betweenness_centrality,N/A,powerlaw,0.0,0.05,0.3,4,0.949,0.94985884,0.0,0.0,10.599189806475032,8.900065,,,,
betweenness_centrality,N/A,powerlaw,0.1,0.05,0.3,4,0.958,0.9503989,0.17647058823529413,0.15343963,9.290837037381188,7.58639,,,,
betweenness_centrality,N/A,powerlaw,0.2,0.05,0.3,4,0.963,0.9560737,0.27450980392156865,0.24153031,7.721127251942411,6.55086,,,,
betweenness_centrality,N/A,powerlaw,0.30000000000000004,0.05,0.3,4,0.972,0.9626156,0.45098039215686275,0.38063025,6.350639139915902,5.579583,,,,
betweenness_centrality,N/A,powerlaw,0.4,0.05,0.3,4,0.977,0.96895856,0.5490196078431373,0.47408172,5.889736438163596,4.596118,,,,
betweenness_centrality,N/A,powerlaw,0.5,0.05,0.3,4,0.977,0.97523314,0.5490196078431373,0.53048915,4.881046952272932,3.6562278,,,,
betweenness_centrality,N/A,powerlaw,0.6000000000000001,0.05,0.3,4,0.986,0.98141015,0.7254901960784313,0.66536015,3.2315728569833193,2.832294,,,,
betweenness_centrality,N/A,powerlaw,0.7000000000000001,0.05,0.3,4,0.995,0.98721343,0.9019607843137255,0.7823834,2.2849066816723704,1.9793731,,,,
betweenness_centrality,N/A,powerlaw,0.8,0.05,0.3,4,0.997,0.99127954,0.9411764705882353,0.8461515,1.4538284475141179,1.3350816,,,,
betweenness_centrality,N/A,powerlaw,0.9,0.05,0.3,4,0.998,0.9949658,0.9607843137254902,0.9065093,0.6470869003215878,0.6062075,,,,
betweenness_centrality,N/A,powerlaw,1.0,0.05,0.3,4,1.0,0.9996078,1.0,0.9923672,0.053914434541554666,0.04061852,,,,
betweenness_centrality,N/A,powerlaw,0.0,0.1,0.3,4,0.906,0.9000708,0.0,0.0,13.748734646084738,12.724493,,,,
betweenness_centrality,N/A,powerlaw,0.1,0.1,0.3,4,0.919,0.90919346,0.1382978723404257,0.12619887,11.583637135796847,10.960915,,,,
betweenness_centrality,N/A,powerlaw,0.2,0.1,0.3,4,0.935,0.9227906,0.30851063829787273,0.2735851,9.620643101557176,9.196984,,,,
betweenness_centrality,N/A,powerlaw,0.30000000000000004,0.1,0.3,4,0.942,0.933124,0.3829787234042546,0.35056245,8.087462429185349,7.7290936,,,,
betweenness_centrality,N/A,powerlaw,0.4,0.1,0.3,4,0.949,0.9455675,0.4574468085106377,0.44186813,7.256028088888152,6.332238,,,,
betweenness_centrality,N/A,powerlaw,0.5,0.1,0.3,4,0.955,0.9557146,0.5212765957446803,0.5250009,5.592812951602797,5.0219073,,,,
betweenness_centrality,N/A,powerlaw,0.6000000000000001,0.1,0.3,4,0.958,0.9664148,0.5531914893617016,0.60742664,4.568115968610224,3.77427,,,,
betweenness_centrality,N/A,powerlaw,0.7000000000000001,0.1,0.3,4,0.971,0.9744032,0.6914893617021273,0.71773595,3.3888029012436074,2.7943003,,,,
betweenness_centrality,N/A,powerlaw,0.8,0.1,0.3,4,0.984,0.9841511,0.829787234042553,0.8310721,2.0737222437093474,1.6905252,,,,
betweenness_centrality,N/A,powerlaw,0.9,0.1,0.3,4,0.995,0.9921482,0.9468085106382979,0.9189056,1.0578846292132233,0.83719456,,,,
betweenness_centrality,N/A,powerlaw,1.0,0.1,0.3,4,1.0,0.9997941,1.0,0.9978144,0.02021452081895904,0.014058837,,,,
betweenness_centrality,N/A,powerlaw,0.0,0.2,0.3,4,0.8,0.80037844,0.0,0.0,13.505989097435583,13.974705,,,,
betweenness_centrality,N/A,powerlaw,0.1,0.2,0.3,4,0.817,0.81563836,0.08499999999999953,0.08470626,12.75734708296276,13.032498,,,,
betweenness_centrality,N/A,powerlaw,0.2,0.2,0.3,4,0.835,0.841171,0.17499999999999963,0.19835815,11.698967263369445,11.822698,,,,
betweenness_centrality,N/A,powerlaw,0.30000000000000004,0.2,0.3,4,0.86,0.8659496,0.29999999999999977,0.32208076,9.209608006615618,9.371092,,,,
betweenness_centrality,N/A,powerlaw,0.4,0.2,0.3,4,0.881,0.8884281,0.4049999999999999,0.42540947,7.524221417944203,7.524982,,,,
betweenness_centrality,N/A,powerlaw,0.5,0.2,0.3,4,0.913,0.91152406,0.5650000000000001,0.56413835,5.431156305999848,5.763135,,,,
betweenness_centrality,N/A,powerlaw,0.6000000000000001,0.2,0.3,4,0.94,0.9335765,0.6999999999999996,0.6811611,3.84364257817593,4.0651193,,,,
betweenness_centrality,N/A,powerlaw,0.7000000000000001,0.2,0.3,4,0.951,0.9530762,0.7549999999999998,0.76649314,2.131347271810001,2.429879,,,,
betweenness_centrality,N/A,powerlaw,0.8,0.2,0.3,4,0.974,0.9706519,0.8699999999999999,0.8565586,1.450008169668947,1.688963,,,,
betweenness_centrality,N/A,powerlaw,0.9,0.2,0.3,4,0.982,0.983812,0.9099999999999999,0.91832584,0.6452344696013995,0.6994868,,,,
betweenness_centrality,N/A,powerlaw,1.0,0.2,0.3,4,0.999,0.99951375,0.995,0.9975622,0.019695609700217335,0.013291311,,,,
betweenness_centrality,N/A,powerlaw,0.0,0.05,0.3,5,0.942,0.94982535,0.0,0.0,10.252011925865041,8.650238,,,,
betweenness_centrality,N/A,powerlaw,0.1,0.05,0.3,5,0.948,0.95092666,0.10344827586206896,0.10222842,8.684790182602129,7.4811883,,,,
betweenness_centrality,N/A,powerlaw,0.2,0.05,0.3,5,0.953,0.9581631,0.1896551724137931,0.20784071,7.745617667530713,6.3381896,,,,
betweenness_centrality,N/A,powerlaw,0.30000000000000004,0.05,0.3,5,0.965,0.9647173,0.39655172413793105,0.39461857,5.771820849765827,5.2567716,,,,
betweenness_centrality,N/A,powerlaw,0.4,0.05,0.3,5,0.964,0.97212625,0.3793103448275862,0.44010958,5.244138129219917,4.318135,,,,
betweenness_centrality,N/A,powerlaw,0.5,0.05,0.3,5,0.974,0.9787325,0.5517241379310345,0.60029554,3.916277409257608,3.3143508,,,,
betweenness_centrality,N/A,powerlaw,0.6000000000000001,0.05,0.3,5,0.98,0.98348695,0.6551724137931034,0.6966967,2.9786324623998905,2.5272565,,,,
betweenness_centrality,N/A,powerlaw,0.7000000000000001,0.05,0.3,5,0.98,0.98662233,0.6551724137931034,0.7393715,2.1022505490372843,1.8231126,,,,
betweenness_centrality,N/A,powerlaw,0.8,0.05,0.3,5,0.993,0.9916485,0.8793103448275862,0.8589892,1.377213327307471,1.2096604,,,,
betweenness_centrality,N/A,powerlaw,0.9,0.05,0.3,5,0.994,0.9961414,0.896551724137931,0.9308786,0.9868208098037072,0.5754209,,,,
betweenness_centrality,N/A,powerlaw,1.0,0.05,0.3,5,1.0,0.99896777,1.0,0.9825067,0.016480123038247543,0.04161217,,,,
betweenness_centrality,N/A,powerlaw,0.0,0.1,0.3,5,0.891,0.90007085,0.0,0.0,12.010054767694234,11.4771385,,,,
betweenness_centrality,N/A,powerlaw,0.1,0.1,0.3,5,0.905,0.90678,0.12844036697247718,0.13051996,10.967081208416767,10.030537,,,,
betweenness_centrality,N/A,powerlaw,0.2,0.1,0.3,5,0.912,0.9162329,0.1926605504587158,0.19392261,10.011720930533345,8.943057,,,,
betweenness_centrality,N/A,powerlaw,0.30000000000000004,0.1,0.3,5,0.926,0.9310049,0.321100917431193,0.331944,8.275985846184259,6.965036,,,,
betweenness_centrality,N/A,powerlaw,0.4,0.1,0.3,5,0.941,0.9409412,0.4587155963302747,0.45426857,6.316372325559447,5.7320004,,,,
betweenness_centrality,N/A,powerlaw,0.5,0.1,0.3,5,0.955,0.95443684,0.5871559633027519,0.58130944,4.535911274402594,4.1835175,,,,
betweenness_centrality,N/A,powerlaw,0.6000000000000001,0.1,0.3,5,0.967,0.96576965,0.697247706422018,0.68671155,3.425955633341127,3.3387725,,,,
betweenness_centrality,N/A,powerlaw,0.7000000000000001,0.1,0.3,5,0.976,0.9729119,0.7798165137614677,0.756405,2.8764174103567877,2.3961396,,,,
betweenness_centrality,N/A,powerlaw,0.8,0.1,0.3,5,0.985,0.98300415,0.8623853211009173,0.84579736,1.5689103241172575,1.4957975,,,,
betweenness_centrality,N/A,powerlaw,0.9,0.1,0.3,5,0.994,0.9920447,0.944954128440367,0.92824143,0.6665294947746219,0.6585788,,,,
betweenness_centrality,N/A,powerlaw,1.0,0.1,0.3,5,1.0,0.99989647,1.0,0.9990506,0.028136971674400137,0.0121122645,,,,
betweenness_centrality,N/A,powerlaw,0.0,0.2,0.3,5,0.8,0.80026186,0.0,0.0,17.627870892802697,18.792126,,,,
betweenness_centrality,N/A,powerlaw,0.1,0.2,0.3,5,0.826,0.8225742,0.1299999999999996,0.124060854,15.619843288804331,16.48584,,,,
betweenness_centrality,N/A,powerlaw,0.2,0.2,0.3,5,0.844,0.8481962,0.2199999999999997,0.2257406,13.629901936924558,13.9112425,,,,
betweenness_centrality,N/A,powerlaw,0.30000000000000004,0.2,0.3,5,0.867,0.8704475,0.3349999999999998,0.3378074,11.086062269068105,11.527734,,,,
betweenness_centrality,N/A,powerlaw,0.4,0.2,0.3,5,0.889,0.89327234,0.44499999999999995,0.4544943,9.130360380597864,9.41532,,,,
betweenness_centrality,N/A,powerlaw,0.5,0.2,0.3,5,0.906,0.913278,0.53,0.55248517,7.5276387264611495,7.5991354,,,,
betweenness_centrality,N/A,powerlaw,0.6000000000000001,0.2,0.3,5,0.931,0.9348693,0.6550000000000001,0.66971904,5.190737625491611,5.406269,,,,
betweenness_centrality,N/A,powerlaw,0.7000000000000001,0.2,0.3,5,0.95,0.9530597,0.7499999999999997,0.7615661,4.142233902545386,3.9830658,,,,
betweenness_centrality,N/A,powerlaw,0.8,0.2,0.3,5,0.97,0.9699792,0.8499999999999999,0.8498537,2.3945335312370846,2.477662,,,,
betweenness_centrality,N/A,powerlaw,0.9,0.2,0.3,5,0.987,0.98586035,0.9349999999999999,0.92966384,0.995476131887481,1.1393912,,,,
betweenness_centrality,N/A,powerlaw,1.0,0.2,0.3,5,1.0,0.9998503,1.0,0.9992516,0.06083430037649873,0.012758324,,,,
betweenness_centrality,N/A,powerlaw,0.0,0.05,0.3,6,0.959,0.9499586,0.0,0.0,13.230849393265737,10.514756,,,,
betweenness_centrality,N/A,powerlaw,0.1,0.05,0.3,6,0.962,0.9544579,0.07317073170731707,0.060667455,11.40705898186392,8.864497,,,,
betweenness_centrality,N/A,powerlaw,0.2,0.05,0.3,6,0.968,0.96041536,0.21951219512195122,0.18507683,9.7552896031171,7.636883,,,,
betweenness_centrality,N/A,powerlaw,0.30000000000000004,0.05,0.3,6,0.974,0.9658765,0.36585365853658536,0.30497494,7.821784936254037,6.3955626,,,,
betweenness_centrality,N/A,powerlaw,0.4,0.05,0.3,6,0.976,0.9720968,0.4146341463414634,0.37755468,7.1479036935286056,5.3964005,,,,
betweenness_centrality,N/A,powerlaw,0.5,0.05,0.3,6,0.98,0.97779953,0.5121951219512195,0.4859289,6.2353353479214135,4.395258,,,,
betweenness_centrality,N/A,powerlaw,0.6000000000000001,0.05,0.3,6,0.987,0.98318845,0.6829268292682927,0.6241355,4.375939650479429,3.341967,,,,
betweenness_centrality,N/A,powerlaw,0.7000000000000001,0.05,0.3,6,0.992,0.98753244,0.8048780487804879,0.72533625,3.205438777527902,2.403302,,,,
betweenness_centrality,N/A,powerlaw,0.8,0.05,0.3,6,0.989,0.9912377,0.7317073170731707,0.7738044,2.4777918005902673,1.5857004,,,,
betweenness_centrality,N/A,powerlaw,0.9,0.05,0.3,6,0.999,0.99612755,0.975609756097561,0.91150916,0.9808007553150796,0.78653127,,,,
betweenness_centrality,N/A,powerlaw,1.0,0.05,0.3,6,1.0,0.999894,1.0,0.99742067,0.02025123295817519,0.015711235,,,,
betweenness_centrality,N/A,powerlaw,0.0,0.1,0.3,6,0.904,0.90007085,0.0,0.0,12.808371736501815,12.121118,,,,
betweenness_centrality,N/A,powerlaw,0.1,0.1,0.3,6,0.911,0.9026147,0.07291666666666675,0.07159104,11.859226000102389,10.451182,,,,
betweenness_centrality,N/A,powerlaw,0.2,0.1,0.3,6,0.927,0.91395116,0.23958333333333362,0.21495888,9.843401788714484,8.911285,,,,
betweenness_centrality,N/A,powerlaw,0.30000000000000004,0.1,0.3,6,0.94,0.9255911,0.3749999999999993,0.32840836,7.8880028159697435,7.2988033,,,,
betweenness_centrality,N/A,powerlaw,0.4,0.1,0.3,6,0.95,0.9393078,0.4791666666666661,0.4349118,6.797199393865151,5.7671027,,,,
betweenness_centrality,N/A,powerlaw,0.5,0.1,0.3,6,0.956,0.95062697,0.5416666666666662,0.51493055,5.442029866466059,4.801252,,,,
betweenness_centrality,N/A,powerlaw,0.6000000000000001,0.1,0.3,6,0.977,0.9650378,0.7604166666666664,0.67624176,3.4169969318349183,3.3310742,,,,
betweenness_centrality,N/A,powerlaw,0.7000000000000001,0.1,0.3,6,0.977,0.97304857,0.7604166666666664,0.730601,2.351208687546202,2.2880495,,,,
betweenness_centrality,N/A,powerlaw,0.8,0.1,0.3,6,0.99,0.9814132,0.8958333333333333,0.82227373,1.4693283352994768,1.4990987,,,,
betweenness_centrality,N/A,powerlaw,0.9,0.1,0.3,6,0.996,0.990904,0.9583333333333333,0.9099958,0.7361064770360777,0.7538186,,,,
betweenness_centrality,N/A,powerlaw,1.0,0.1,0.3,6,1.0,0.9991446,1.0,0.99116534,0.024127568583319246,0.021362746,,,,
betweenness_centrality,N/A,powerlaw,0.0,0.2,0.3,6,0.806,0.8003713,0.0,0.0,15.121048646332316,15.745375,,,,
betweenness_centrality,N/A,powerlaw,0.1,0.2,0.3,6,0.821,0.8191616,0.0773195876288655,0.10058317,14.195887268425377,14.372881,,,,
betweenness_centrality,N/A,powerlaw,0.2,0.2,0.3,6,0.844,0.8445678,0.19587628865979348,0.22330618,11.913001863982998,11.853292,,,,
betweenness_centrality,N/A,powerlaw,0.30000000000000004,0.2,0.3,6,0.874,0.86766005,0.3505154639175256,0.36433658,9.441540521448067,9.894406,,,,
betweenness_centrality,N/A,powerlaw,0.4,0.2,0.3,6,0.885,0.8919021,0.4072164948453607,0.44016123,8.02855559309008,7.814631,,,,
betweenness_centrality,N/A,powerlaw,0.5,0.2,0.3,6,0.909,0.91224575,0.5309278350515464,0.5505379,6.096098328340117,6.251662,,,,
betweenness_centrality,N/A,powerlaw,0.6000000000000001,0.2,0.3,6,0.925,0.92992985,0.6134020618556703,0.63658965,4.400782391246796,4.414774,,,,
betweenness_centrality,N/A,powerlaw,0.7000000000000001,0.2,0.3,6,0.959,0.9494269,0.7886597938144327,0.754647,2.8796032529478306,3.4107893,,,,
betweenness_centrality,N/A,powerlaw,0.8,0.2,0.3,6,0.964,0.9680124,0.8144329896907214,0.83571404,1.8951007942509173,1.8012669,,,,
betweenness_centrality,N/A,powerlaw,0.9,0.2,0.3,6,0.987,0.98410684,0.9329896907216494,0.91970634,0.717397694580155,0.85967493,,,,
betweenness_centrality,N/A,powerlaw,1.0,0.2,0.3,6,1.0,0.999862,1.0,0.9992889,0.0468194132001333,0.021972852,,,,
betweenness_centrality,N/A,powerlaw,0.0,0.05,0.3,7,0.938,0.9499253,0.0,0.0,11.196979116102714,8.626653,,,,
betweenness_centrality,N/A,powerlaw,0.1,0.05,0.3,7,0.943,0.9502262,0.08064516129032258,0.09248134,10.317412000284829,7.4757013,,,,
betweenness_centrality,N/A,powerlaw,0.2,0.05,0.3,7,0.951,0.95804995,0.20967741935483872,0.23753886,8.840694646843506,6.130312,,,,
betweenness_centrality,N/A,powerlaw,0.30000000000000004,0.05,0.3,7,0.964,0.965537,0.41935483870967744,0.42839023,7.341498456745321,5.1499896,,,,
betweenness_centrality,N/A,powerlaw,0.4,0.05,0.3,7,0.969,0.97088975,0.5,0.5155294,5.886330978487165,4.3227067,,,,
betweenness_centrality,N/A,powerlaw,0.5,0.05,0.3,7,0.982,0.97783494,0.7096774193548387,0.664068,4.036022560625629,3.388975,,,,
betweenness_centrality,N/A,powerlaw,0.6000000000000001,0.05,0.3,7,0.976,0.9824424,0.6129032258064516,0.6836368,3.705816920910399,2.6065156,,,,
betweenness_centrality,N/A,powerlaw,0.7000000000000001,0.05,0.3,7,0.987,0.9881462,0.7903225806451613,0.8046541,2.2687209644285984,1.7887571,,,,
betweenness_centrality,N/A,powerlaw,0.8,0.05,0.3,7,0.987,0.99156904,0.7903225806451613,0.8529876,1.6264239903921276,1.174821,,,,
betweenness_centrality,N/A,powerlaw,0.9,0.05,0.3,7,0.995,0.99614114,0.9193548387096774,0.9365117,0.6208595299403623,0.5711778,,,,
betweenness_centrality,N/A,powerlaw,1.0,0.05,0.3,7,1.0,0.9997528,1.0,0.99602735,0.003906480916463323,0.008221596,,,,
betweenness_centrality,N/A,powerlaw,0.0,0.1,0.3,7,0.894,0.9000862,0.0,0.0,12.244163559810689,11.627896,,,,
betweenness_centrality,N/A,powerlaw,0.1,0.1,0.3,7,0.901,0.9021565,0.06603773584905667,0.068206765,11.405362009099946,10.491996,,,,
betweenness_centrality,N/A,powerlaw,0.2,0.1,0.3,7,0.918,0.91311514,0.22641509433962287,0.2251536,9.828479701422948,9.079652,,,,
betweenness_centrality,N/A,powerlaw,0.30000000000000004,0.1,0.3,7,0.929,0.92721766,0.3301886792452834,0.33220255,8.009252759741845,7.205708,,,,
betweenness_centrality,N/A,powerlaw,0.4,0.1,0.3,7,0.943,0.940438,0.4622641509433957,0.45693925,6.616507503755438,5.8163633,,,,
betweenness_centrality,N/A,powerlaw,0.5,0.1,0.3,7,0.949,0.9519197,0.5188679245283013,0.53369474,5.478330750101142,4.5303164,,,,
betweenness_centrality,N/A,powerlaw,0.6000000000000001,0.1,0.3,7,0.963,0.96371156,0.6509433962264147,0.6593068,3.985344764873442,3.1581187,,,,
betweenness_centrality,N/A,powerlaw,0.7000000000000001,0.1,0.3,7,0.972,0.97210336,0.7358490566037733,0.7420802,2.953645508127719,2.4033198,,,,
betweenness_centrality,N/A,powerlaw,0.8,0.1,0.3,7,0.982,0.982553,0.8301886792452828,0.83799785,2.012092709588627,1.4739677,,,,
betweenness_centrality,N/A,powerlaw,0.9,0.1,0.3,7,0.992,0.9910181,0.9245283018867924,0.9168948,1.1198651171176839,0.74942803,,,,
betweenness_centrality,N/A,powerlaw,1.0,0.1,0.3,7,1.0,0.99940765,1.0,0.99443984,0.001043076809340032,0.007740632,,,,
betweenness_centrality,N/A,powerlaw,0.0,0.2,0.3,7,0.794,0.80026186,0.0,0.0,17.051399406469,16.498491,,,,
betweenness_centrality,N/A,powerlaw,0.1,0.2,0.3,7,0.809,0.81336105,0.0728155339805826,0.09658357,16.008541633477574,14.80269,,,,
betweenness_centrality,N/A,powerlaw,0.2,0.2,0.3,7,0.83,0.8382561,0.1747572815533977,0.2135755,13.409607036431916,12.416617,,,,
betweenness_centrality,N/A,powerlaw,0.30000000000000004,0.2,0.3,7,0.86,0.861275,0.3203883495145629,0.34313226,10.85180486166963,10.09557,,,,
betweenness_centrality,N/A,powerlaw,0.4,0.2,0.3,7,0.883,0.88636696,0.43203883495145623,0.4612587,9.064516324999815,8.097835,,,,
betweenness_centrality,N/A,powerlaw,0.5,0.2,0.3,7,0.903,0.9058534,0.529126213592233,0.54639614,7.288385771749423,6.758705,,,,
betweenness_centrality,N/A,powerlaw,0.6000000000000001,0.2,0.3,7,0.929,0.92794967,0.6553398058252429,0.6523835,5.107038451362766,4.746962,,,,
betweenness_centrality,N/A,powerlaw,0.7000000000000001,0.2,0.3,7,0.944,0.9480704,0.7281553398058249,0.7454126,3.960240461881245,3.5576992,,,,
betweenness_centrality,N/A,powerlaw,0.8,0.2,0.3,7,0.974,0.9664688,0.8737864077669901,0.84257835,2.2676876711906053,2.2678804,,,,
betweenness_centrality,N/A,powerlaw,0.9,0.2,0.3,7,0.983,0.98429954,0.9174757281553397,0.92431253,0.8883541041778956,0.909615,,,,
betweenness_centrality,N/A,powerlaw,1.0,0.2,0.3,7,0.999,0.9997892,0.9951456310679612,0.9989722,0.05089420267789258,0.029882101,,,,
betweenness_centrality,N/A,powerlaw,0.0,0.05,0.3,8,0.943,0.94982535,0.0,0.0,10.101663154395911,8.645011,,,,
betweenness_centrality,N/A,powerlaw,0.1,0.05,0.3,8,0.951,0.9522404,0.14035087719298245,0.14471671,8.631098829444882,7.286009,,,,
betweenness_centrality,N/A,powerlaw,0.2,0.05,0.3,8,0.957,0.9582805,0.24561403508771928,0.25028732,7.577654273299211,6.4234595,,,,
betweenness_centrality,N/A,powerlaw,0.30000000000000004,0.05,0.3,8,0.963,0.9652571,0.3508771929824561,0.3655637,6.246343598507441,5.0990496,,,,
betweenness_centrality,N/A,powerlaw,0.4,0.05,0.3,8,0.967,0.97059864,0.42105263157894735,0.44949606,5.4288954565918415,4.0566397,,,,
betweenness_centrality,N/A,powerlaw,0.5,0.05,0.3,8,0.98,0.97680527,0.6491228070175439,0.6142512,3.7741101372410477,3.2472305,,,,
betweenness_centrality,N/A,powerlaw,0.6000000000000001,0.05,0.3,8,0.982,0.98314655,0.6842105263157895,0.6980853,3.4446976164190204,2.6188657,,,,
betweenness_centrality,N/A,powerlaw,0.7000000000000001,0.05,0.3,8,0.992,0.98704314,0.8596491228070176,0.79074574,2.143421497937128,1.8423376,,,,
betweenness_centrality,N/A,powerlaw,0.8,0.05,0.3,8,0.994,0.9934003,0.8947368421052632,0.88521135,1.2452154569858493,0.9818914,,,,
betweenness_centrality,N/A,powerlaw,0.9,0.05,0.3,8,0.997,0.9964614,0.9473684210526315,0.9384699,0.5385768650058388,0.5080766,,,,
betweenness_centrality,N/A,powerlaw,1.0,0.05,0.3,8,1.0,0.9994038,1.0,0.9896449,0.024619026849238324,0.013207148,,,,
betweenness_centrality,N/A,powerlaw,0.0,0.1,0.3,8,0.894,0.9000542,0.0,0.0,13.229451516143028,12.358833,,,,
betweenness_centrality,N/A,powerlaw,0.1,0.1,0.3,8,0.906,0.9060446,0.11320754716981143,0.10717967,11.869082957132974,10.937407,,,,
betweenness_centrality,N/A,powerlaw,0.2,0.1,0.3,8,0.925,0.91917163,0.29245283018867957,0.27785498,10.106923123174763,9.385982,,,,
betweenness_centrality,N/A,powerlaw,0.30000000000000004,0.1,0.3,8,0.932,0.9329306,0.3584905660377362,0.3566679,8.54343332713559,7.5260267,,,,
betweenness_centrality,N/A,powerlaw,0.4,0.1,0.3,8,0.944,0.9434592,0.4716981132075466,0.46498325,7.243693589500147,6.2892914,,,,
betweenness_centrality,N/A,powerlaw,0.5,0.1,0.3,8,0.96,0.95385444,0.6226415094339619,0.5855692,5.356894334439323,4.9791417,,,,
betweenness_centrality,N/A,powerlaw,0.6000000000000001,0.1,0.3,8,0.971,0.963564,0.7264150943396224,0.676451,3.7366023692678874,3.7569892,,,,
betweenness_centrality,N/A,powerlaw,0.7000000000000001,0.1,0.3,8,0.975,0.97473305,0.7641509433962261,0.76179,3.2445213163386133,2.6936402,,,,
betweenness_centrality,N/A,powerlaw,0.8,0.1,0.3,8,0.983,0.98377055,0.8396226415094338,0.8456205,1.861615017143617,1.7695439,,,,
betweenness_centrality,N/A,powerlaw,0.9,0.1,0.3,8,0.99,0.9925299,0.9056603773584905,0.92775786,1.0669500755412444,0.7762908,,,,
betweenness_centrality,N/A,powerlaw,1.0,0.1,0.3,8,1.0,0.9998714,1.0,0.99878734,0.09666262196313227,0.026169445,,,,
betweenness_centrality,N/A,powerlaw,0.0,0.2,0.3,8,0.805,0.8003144,0.0,0.0,14.869692551300666,15.872472,,,,
betweenness_centrality,N/A,powerlaw,0.1,0.2,0.3,8,0.825,0.8135404,0.10256410256410212,0.11223715,13.868649874680115,14.443252,,,,
betweenness_centrality,N/A,powerlaw,0.2,0.2,0.3,8,0.849,0.8382585,0.22564102564102534,0.23114224,11.474440321129409,12.0307,,,,
betweenness_centrality,N/A,powerlaw,0.30000000000000004,0.2,0.3,8,0.87,0.861502,0.33333333333333315,0.33764175,9.397416164873238,10.049565,,,,
betweenness_centrality,N/A,powerlaw,0.4,0.2,0.3,8,0.883,0.8870696,0.3999999999999999,0.42734683,8.346214665219126,8.013516,,,,
betweenness_centrality,N/A,powerlaw,0.5,0.2,0.3,8,0.907,0.9086798,0.5230769230769231,0.5514552,6.20698279579755,6.431404,,,,
betweenness_centrality,N/A,powerlaw,0.6000000000000001,0.2,0.3,8,0.937,0.93136066,0.6769230769230771,0.66531384,4.402281692290973,4.661192,,,,
betweenness_centrality,N/A,powerlaw,0.7000000000000001,0.2,0.3,8,0.956,0.9461254,0.774358974358974,0.7432827,2.959984192541749,3.329444,,,,
betweenness_centrality,N/A,powerlaw,0.8,0.2,0.3,8,0.962,0.96574587,0.8051282051282049,0.82144433,2.2752559278846567,2.1008077,,,,
betweenness_centrality,N/A,powerlaw,0.9,0.2,0.3,8,0.991,0.9860725,0.9538461538461538,0.9307005,0.6687790893034762,0.8022701,,,,
betweenness_centrality,N/A,powerlaw,1.0,0.2,0.3,8,0.999,0.99929494,0.9948717948717949,0.9963774,0.04369606204796047,0.013651977,,,,
betweenness_centrality,N/A,powerlaw,0.0,0.05,0.3,9,0.962,0.9499253,0.0,0.0,13.08035128334125,10.881914,,,,
betweenness_centrality,N/A,powerlaw,0.1,0.05,0.3,9,0.965,0.9539686,0.07894736842105263,0.061153706,11.35481765902358,9.303779,,,,
betweenness_centrality,N/A,powerlaw,0.2,0.05,0.3,9,0.97,0.96075034,0.21052631578947367,0.1688471,10.27978685148025,8.010283,,,,
betweenness_centrality,N/A,powerlaw,0.30000000000000004,0.05,0.3,9,0.975,0.9662964,0.34210526315789475,0.2782655,8.669939681587577,6.828207,,,,
betweenness_centrality,N/A,powerlaw,0.4,0.05,0.3,9,0.976,0.9727779,0.3684210526315789,0.339531,7.220355407309963,5.6460156,,,,
betweenness_centrality,N/A,powerlaw,0.5,0.05,0.3,9,0.986,0.9778115,0.631578947368421,0.51826215,5.938373530018787,4.612933,,,,
betweenness_centrality,N/A,powerlaw,0.6000000000000001,0.05,0.3,9,0.987,0.98231554,0.6578947368421053,0.58555067,5.021359173445078,3.6719358,,,,
betweenness_centrality,N/A,powerlaw,0.7000000000000001,0.05,0.3,9,0.989,0.98742515,0.7105263157894737,0.682163,3.978355954238116,2.6598923,,,,
betweenness_centrality,N/A,powerlaw,0.8,0.05,0.3,9,0.992,0.9921458,0.7894736842105263,0.7924069,2.6981888636562794,1.773939,,,,
betweenness_centrality,N/A,powerlaw,0.9,0.05,0.3,9,0.999,0.9958882,0.9736842105263158,0.89992964,1.0755792562507658,0.8066543,,,,
betweenness_centrality,N/A,powerlaw,1.0,0.05,0.3,9,1.0,0.9999417,1.0,0.9984674,0.07529346911345033,0.01407402,,,,
betweenness_centrality,N/A,powerlaw,0.0,0.1,0.3,9,0.903,0.9000542,0.0,0.0,16.86693688825815,13.518875,,,,
betweenness_centrality,N/A,powerlaw,0.1,0.1,0.3,9,0.905,0.90016246,0.02061855670103095,0.093852244,15.04697513178789,11.5521345,,,,
betweenness_centrality,N/A,powerlaw,0.2,0.1,0.3,9,0.914,0.91411096,0.11340206185567023,0.17456418,13.366602152967204,9.936779,,,,
betweenness_centrality,N/A,powerlaw,0.30000000000000004,0.1,0.3,9,0.932,0.9265674,0.2989690721649488,0.34308982,10.565946811225556,8.2372,,,,
betweenness_centrality,N/A,powerlaw,0.4,0.1,0.3,9,0.943,0.9378207,0.41237113402061787,0.41839164,8.734188953025097,6.678615,,,,
betweenness_centrality,N/A,powerlaw,0.5,0.1,0.3,9,0.948,0.95078224,0.4639175257731953,0.5155715,7.132817396222912,5.417909,,,,
betweenness_centrality,N/A,powerlaw,0.6000000000000001,0.1,0.3,9,0.964,0.9638702,0.6288659793814428,0.6490996,5.254786080271982,3.905226,,,,
betweenness_centrality,N/A,powerlaw,0.7000000000000001,0.1,0.3,9,0.978,0.9742701,0.7731958762886595,0.75290585,3.975706434252497,2.8550863,,,,
betweenness_centrality,N/A,powerlaw,0.8,0.1,0.3,9,0.976,0.9833296,0.7525773195876286,0.8164029,3.0931201500493763,1.8077981,,,,
betweenness_centrality,N/A,powerlaw,0.9,0.1,0.3,9,0.982,0.9902965,0.8144329896907214,0.8947195,1.4036489230542015,0.82419187,,,,
betweenness_centrality,N/A,powerlaw,1.0,0.1,0.3,9,0.998,0.99984634,0.979381443298969,0.9983845,0.02404637625042274,0.009915814,,,,
betweenness_centrality,N/A,powerlaw,0.0,0.2,0.3,9,0.804,0.8004813,0.0,0.0,14.480720382012214,15.03958,,,,
betweenness_centrality,N/A,powerlaw,0.1,0.2,0.3,9,0.827,0.8169062,0.11734693877550977,0.09996874,13.725021655603443,13.880801,,,,
betweenness_centrality,N/A,powerlaw,0.2,0.2,0.3,9,0.852,0.8384977,0.2448979591836732,0.22676618,11.629464044920118,11.742864,,,,
betweenness_centrality,N/A,powerlaw,0.30000000000000004,0.2,0.3,9,0.868,0.86309636,0.32653061224489777,0.32240742,9.744726205694377,9.706757,,,,
betweenness_centrality,N/A,powerlaw,0.4,0.2,0.3,9,0.891,0.8884717,0.4438775510204081,0.43869224,7.832665588744765,7.379706,,,,
betweenness_centrality,N/A,powerlaw,0.5,0.2,0.3,9,0.91,0.9095417,0.5408163265306123,0.5432587,5.939094690296249,5.8451953,,,,
betweenness_centrality,N/A,powerlaw,0.6000000000000001,0.2,0.3,9,0.931,0.92827505,0.6479591836734696,0.64131397,4.948123921304609,4.7896223,,,,
betweenness_centrality,N/A,powerlaw,0.7000000000000001,0.2,0.3,9,0.954,0.95067424,0.7653061224489793,0.7532959,2.627540861738295,2.9140134,,,,
betweenness_centrality,N/A,powerlaw,0.8,0.2,0.3,9,0.967,0.9688738,0.8316326530612242,0.84329486,1.8349038528209067,1.6485124,,,,
betweenness_centrality,N/A,powerlaw,0.9,0.2,0.3,9,0.986,0.98364705,0.9285714285714285,0.91754794,0.9337416099274994,0.93150496,,,,
betweenness_centrality,N/A,powerlaw,1.0,0.2,0.3,9,1.0,0.9993134,1.0,0.9965086,0.05291234544164327,0.038611367,,,,
page_rank,N/A,powerlaw,0.0,0.05,0.3,0,0.961,0.94982535,0.0,0.0,11.832277694907212,10.107577,,,,
page_rank,N/A,powerlaw,0.1,0.05,0.3,0,0.965,0.95123696,0.10256410256410256,0.077238895,10.384982108106255,8.417662,,,,
page_rank,N/A,powerlaw,0.2,0.05,0.3,0,0.971,0.9589539,0.2564102564102564,0.19708537,9.25980421047175,7.1236544,,,,
page_rank,N/A,powerlaw,0.30000000000000004,0.05,0.3,0,0.975,0.9627392,0.358974358974359,0.27402583,8.521134748575612,6.4901156,,,,
page_rank,N/A,powerlaw,0.4,0.05,0.3,0,0.978,0.9641479,0.4358974358974359,0.32231838,7.702954152334832,5.920793,,,,
page_rank,N/A,powerlaw,0.5,0.05,0.3,0,0.985,0.972362,0.6153846153846154,0.46475026,6.984730792947974,5.224486,,,,
page_rank,N/A,powerlaw,0.6000000000000001,0.05,0.3,0,0.986,0.9772153,0.6410256410256411,0.5231553,5.36533587505514,4.093989,,,,
page_rank,N/A,powerlaw,0.7000000000000001,0.05,0.3,0,0.988,0.9824387,0.6923076923076923,0.60588145,3.689563121966198,2.88546,,,,
page_rank,N/A,powerlaw,0.8,0.05,0.3,0,0.993,0.9887601,0.8205128205128205,0.74005175,1.9600938604226061,1.7316753,,,,
page_rank,N/A,powerlaw,0.9,0.05,0.3,0,0.996,0.9940952,0.8974358974358975,0.85564154,0.7239465535436138,0.75921744,,,,
page_rank,N/A,powerlaw,1.0,0.05,0.3,0,1.0,0.9997971,1.0,0.9948238,0.006953209524342991,0.005783062,,,,
page_rank,N/A,powerlaw,0.0,0.1,0.3,0,0.897,0.90007085,0.0,0.0,13.597443242544134,12.472437,,,,
page_rank,N/A,powerlaw,0.1,0.1,0.3,0,0.909,0.90693545,0.11650485436893217,0.11456884,12.165084412235167,10.729192,,,,
page_rank,N/A,powerlaw,0.2,0.1,0.3,0,0.926,0.92167443,0.28155339805825275,0.2702864,9.714461875451915,8.448093,,,,
page_rank,N/A,powerlaw,0.30000000000000004,0.1,0.3,0,0.936,0.9321643,0.3786407766990295,0.364972,8.19198362119543,6.931296,,,,
page_rank,N/A,powerlaw,0.4,0.1,0.3,0,0.938,0.93666095,0.3980582524271838,0.3931484,7.691210808921544,6.33619,,,,
page_rank,N/A,powerlaw,0.5,0.1,0.3,0,0.946,0.94650126,0.4757281553398053,0.4838551,6.92287207365037,5.5507092,,,,
page_rank,N/A,powerlaw,0.6000000000000001,0.1,0.3,0,0.957,0.95737123,0.5825242718446597,0.584559,6.175200017645515,4.8573127,,,,
page_rank,N/A,powerlaw,0.7000000000000001,0.1,0.3,0,0.964,0.96765953,0.6504854368932035,0.6743795,4.438895603711724,3.5047696,,,,
page_rank,N/A,powerlaw,0.8,0.1,0.3,0,0.976,0.9776505,0.7669902912621357,0.7794236,2.658445198162943,2.0866914,,,,
page_rank,N/A,powerlaw,0.9,0.1,0.3,0,0.989,0.98861545,0.8932038834951456,0.8898476,1.2976273929660416,0.94595265,,,,
page_rank,N/A,powerlaw,1.0,0.1,0.3,0,1.0,0.9990538,1.0,0.9908937,0.01772466471699497,0.018227365,,,,
page_rank,N/A,powerlaw,0.0,0.2,0.3,0,0.814,0.8005983,0.0,0.0,16.408951543630995,16.393486,,,,
page_rank,N/A,powerlaw,0.1,0.2,0.3,0,0.834,0.81817013,0.10752688172043018,0.11143323,14.736092473998527,14.405108,,,,
page_rank,N/A,powerlaw,0.2,0.2,0.3,0,0.872,0.84868324,0.3118279569892475,0.2865025,10.534519348996007,10.641717,,,,
page_rank,N/A,powerlaw,0.30000000000000004,0.2,0.3,0,0.885,0.86690843,0.3817204301075271,0.35662824,8.73349773710702,8.661548,,,,
page_rank,N/A,powerlaw,0.4,0.2,0.3,0,0.895,0.87699294,0.4354838709677422,0.40515825,7.728217890719299,7.6791806,,,,
page_rank,N/A,powerlaw,0.5,0.2,0.3,0,0.91,0.8962936,0.5161290322580648,0.48652026,6.88834000523937,6.64605,,,,
page_rank,N/A,powerlaw,0.6000000000000001,0.2,0.3,0,0.932,0.91791177,0.634408602150538,0.5896372,5.622338465590419,5.4962173,,,,
page_rank,N/A,powerlaw,0.7000000000000001,0.2,0.3,0,0.947,0.9385,0.71505376344086,0.6837124,3.7600036364129727,3.7340395,,,,
page_rank,N/A,powerlaw,0.8,0.2,0.3,0,0.968,0.95780605,0.8279569892473118,0.78486514,1.878799126800154,2.1874378,,,,
page_rank,N/A,powerlaw,0.9,0.2,0.3,0,0.983,0.9785054,0.9086021505376344,0.88712144,1.041639743593558,1.0858243,,,,
page_rank,N/A,powerlaw,1.0,0.2,0.3,0,0.998,0.99966127,0.989247311827957,0.99816203,0.053651799400711554,0.027727557,,,,
page_rank,N/A,powerlaw,0.0,0.05,0.3,1,0.946,0.949897,0.0,0.0,11.371411306253412,9.1932955,,,,
page_rank,N/A,powerlaw,0.1,0.05,0.3,1,0.953,0.95162624,0.12962962962962962,0.12565368,9.662679852030077,7.736249,,,,
page_rank,N/A,powerlaw,0.2,0.05,0.3,1,0.961,0.9600929,0.2777777777777778,0.27243268,8.149361046403607,6.326079,,,,
page_rank,N/A,powerlaw,0.30000000000000004,0.05,0.3,1,0.97,0.9658995,0.4444444444444444,0.41207922,6.745469051491866,5.3537207,,,,
page_rank,N/A,powerlaw,0.4,0.05,0.3,1,0.972,0.9676634,0.48148148148148145,0.44513062,6.360774411224142,5.0670285,,,,
page_rank,N/A,powerlaw,0.5,0.05,0.3,1,0.977,0.9717511,0.5740740740740741,0.52320886,5.882974096234026,4.4968915,,,,
page_rank,N/A,powerlaw,0.6000000000000001,0.05,0.3,1,0.982,0.97890085,0.6666666666666666,0.6303928,5.551792083484437,3.9209073,,,,
page_rank,N/A,powerlaw,0.7000000000000001,0.05,0.3,1,0.985,0.9836873,0.7222222222222222,0.7049696,4.129245022531384,2.8726592,,,,
page_rank,N/A,powerlaw,0.8,0.05,0.3,1,0.992,0.9884546,0.8518518518518519,0.79928374,2.1401822834968898,1.6604929,,,,
page_rank,N/A,powerlaw,0.9,0.05,0.3,1,0.997,0.9939724,0.9444444444444444,0.8942555,0.7056879200340002,0.6560669,,,,
page_rank,N/A,powerlaw,1.0,0.05,0.3,1,1.0,0.9994375,1.0,0.98968583,0.013844506595805623,0.009189844,,,,
page_rank,N/A,powerlaw,0.0,0.1,0.3,1,0.903,0.9000708,0.0,0.0,12.94885040529029,11.968729,,,,
page_rank,N/A,powerlaw,0.1,0.1,0.3,1,0.916,0.90534735,0.1340206185567012,0.12402633,10.842466406787743,10.212971,,,,
page_rank,N/A,powerlaw,0.2,0.1,0.3,1,0.929,0.9204637,0.2680412371134024,0.24923019,8.634674560752952,7.902009,,,,
page_rank,N/A,powerlaw,0.30000000000000004,0.1,0.3,1,0.941,0.93193763,0.39175257731958696,0.3607001,6.943408731592512,6.1913543,,,,
page_rank,N/A,powerlaw,0.4,0.1,0.3,1,0.945,0.9364113,0.43298969072164883,0.4000468,6.525937511516979,5.5837345,,,,
page_rank,N/A,powerlaw,0.5,0.1,0.3,1,0.954,0.945993,0.5257731958762881,0.4912613,6.13626340405211,5.089228,,,,
page_rank,N/A,powerlaw,0.6000000000000001,0.1,0.3,1,0.965,0.95868224,0.6391752577319584,0.6000878,5.29532419146239,4.257809,,,,
page_rank,N/A,powerlaw,0.7000000000000001,0.1,0.3,1,0.972,0.9695133,0.7113402061855667,0.69355744,3.765466787488738,2.9869459,,,,
page_rank,N/A,powerlaw,0.8,0.1,0.3,1,0.984,0.9806494,0.8350515463917524,0.8071692,2.341417151792055,1.8582244,,,,
page_rank,N/A,powerlaw,0.9,0.1,0.3,1,0.989,0.9897051,0.8865979381443297,0.8930532,1.1287123006358577,0.9121489,,,,
page_rank,N/A,powerlaw,1.0,0.1,0.3,1,0.999,0.9997816,0.9896907216494846,0.99773014,0.07116365063405398,0.035330743,,,,
page_rank,N/A,powerlaw,0.0,0.2,0.3,1,0.796,0.8003785,0.0,0.0,15.803576436165109,16.603485,,,,
page_rank,N/A,powerlaw,0.1,0.2,0.3,1,0.814,0.81942385,0.0882352941176466,0.091948204,14.182511477422086,14.45339,,,,
page_rank,N/A,powerlaw,0.2,0.2,0.3,1,0.851,0.84778744,0.26960784313725467,0.2662945,10.23365030696136,11.017658,,,,
page_rank,N/A,powerlaw,0.30000000000000004,0.2,0.3,1,0.869,0.87106174,0.3578431372549018,0.3622538,7.904269647855194,8.360676,,,,
page_rank,N/A,powerlaw,0.4,0.2,0.3,1,0.879,0.8792842,0.4068627450980391,0.4081722,7.189500472409725,7.6212792,,,,
page_rank,N/A,powerlaw,0.5,0.2,0.3,1,0.9,0.8977471,0.5098039215686274,0.503975,6.168006594692276,6.517167,,,,
page_rank,N/A,powerlaw,0.6000000000000001,0.2,0.3,1,0.914,0.91859096,0.5784313725490197,0.59163576,5.306565670086778,5.7392516,,,,
page_rank,N/A,powerlaw,0.7000000000000001,0.2,0.3,1,0.936,0.9385901,0.6862745098039218,0.6950019,3.9944400848456154,4.308962,,,,
page_rank,N/A,powerlaw,0.8,0.2,0.3,1,0.956,0.95825917,0.7843137254901958,0.79302084,2.578890277930729,2.6437092,,,,
page_rank,N/A,powerlaw,0.9,0.2,0.3,1,0.979,0.97826153,0.8970588235294117,0.8937795,0.933505813784306,0.8713691,,,,
page_rank,N/A,powerlaw,1.0,0.2,0.3,1,1.0,0.9997264,1.0,0.9986601,0.046657250671179505,0.033889912,,,,
page_rank,N/A,powerlaw,0.0,0.05,0.3,2,0.955,0.94990164,0.0,0.0,9.787727134492378,8.6460495,,,,
page_rank,N/A,powerlaw,0.1,0.05,0.3,2,0.957,0.95036083,0.044444444444444446,0.040095944,8.479741628297505,7.1665597,,,,
page_rank,N/A,powerlaw,0.2,0.05,0.3,2,0.967,0.9572748,0.26666666666666666,0.22011441,6.634886029986051,5.9236536,,,,
page_rank,N/A,powerlaw,0.30000000000000004,0.05,0.3,2,0.969,0.96305597,0.3111111111111111,0.2757215,6.186517275747618,4.9600883,,,,
page_rank,N/A,powerlaw,0.4,0.05,0.3,2,0.972,0.9642803,0.37777777777777777,0.32333025,5.3707398154922945,4.4316564,,,,
page_rank,N/A,powerlaw,0.5,0.05,0.3,2,0.978,0.97060025,0.5111111111111111,0.43879232,4.874332378354344,3.9702852,,,,
page_rank,N/A,powerlaw,0.6000000000000001,0.05,0.3,2,0.98,0.97655976,0.5555555555555556,0.51596797,4.426172053714787,3.4594386,,,,
page_rank,N/A,powerlaw,0.7000000000000001,0.05,0.3,2,0.984,0.98284,0.6444444444444445,0.62813133,3.5014022196238748,2.703187,,,,
page_rank,N/A,powerlaw,0.8,0.05,0.3,2,0.987,0.98772734,0.7111111111111111,0.72269374,1.8412011458942452,1.6219249,,,,
page_rank,N/A,powerlaw,0.9,0.05,0.3,2,0.993,0.9936651,0.8444444444444444,0.8570548,0.7061021093933291,0.6906354,,,,
page_rank,N/A,powerlaw,1.0,0.05,0.3,2,0.999,0.99979,0.9777777777777777,0.995248,0.10328268863357613,0.035252288,,,,
page_rank,N/A,powerlaw,0.0,0.1,0.3,2,0.867,0.90008754,0.0,0.0,13.620720521035317,11.75207,,,,
page_rank,N/A,powerlaw,0.1,0.1,0.3,2,0.879,0.9036742,0.09022556390977451,0.11270851,11.24160333876783,9.60516,,,,
page_rank,N/A,powerlaw,0.2,0.1,0.3,2,0.901,0.9196167,0.2556390977443611,0.29487315,9.187752194614633,7.8002944,,,,
page_rank,N/A,powerlaw,0.30000000000000004,0.1,0.3,2,0.917,0.9312665,0.37593984962406046,0.41914642,6.732818633274139,6.0457644,,,,
page_rank,N/A,powerlaw,0.4,0.1,0.3,2,0.922,0.9367176,0.41353383458646653,0.46437308,6.129359778032012,5.34846,,,,
page_rank,N/A,powerlaw,0.5,0.1,0.3,2,0.939,0.94825673,0.5413533834586463,0.5816799,5.15925435921854,4.586749,,,,
page_rank,N/A,powerlaw,0.6000000000000001,0.1,0.3,2,0.952,0.9583791,0.6390977443609019,0.6711767,4.4885422725215065,3.9806705,,,,
page_rank,N/A,powerlaw,0.7000000000000001,0.1,0.3,2,0.963,0.96888214,0.7218045112781952,0.7551024,3.580103850623637,3.2656846,,,,
page_rank,N/A,powerlaw,0.8,0.1,0.3,2,0.974,0.978542,0.8045112781954885,0.83288175,1.9844054482442692,1.9662266,,,,
page_rank,N/A,powerlaw,0.9,0.1,0.3,2,0.988,0.98871136,0.9097744360902255,0.9146457,0.9237550247712855,0.9316815,,,,
page_rank,N/A,powerlaw,1.0,0.1,0.3,2,1.0,0.9997263,1.0,0.9979458,0.060750353031423884,0.03862948,,,,
page_rank,N/A,powerlaw,0.0,0.2,0.3,2,0.829,0.80037844,0.0,0.0,14.852164920042238,16.332674,,,,
page_rank,N/A,powerlaw,0.1,0.2,0.3,2,0.842,0.822582,0.07602339181286555,0.0902656,12.721134223251815,14.122789,,,,
page_rank,N/A,powerlaw,0.2,0.2,0.3,2,0.864,0.85206765,0.20467836257309954,0.2110079,9.704777006136435,10.590911,,,,
page_rank,N/A,powerlaw,0.30000000000000004,0.2,0.3,2,0.885,0.8718825,0.32748538011695927,0.32091042,7.4098953487448735,8.330212,,,,
page_rank,N/A,powerlaw,0.4,0.2,0.3,2,0.889,0.8809652,0.35087719298245634,0.36063793,6.632161104765867,7.418971,,,,
page_rank,N/A,powerlaw,0.5,0.2,0.3,2,0.908,0.89921206,0.46198830409356756,0.45165333,6.193441221860383,6.7611494,,,,
page_rank,N/A,powerlaw,0.6000000000000001,0.2,0.3,2,0.932,0.9190796,0.6023391812865501,0.5581348,4.799017118447174,5.2481833,,,,
page_rank,N/A,powerlaw,0.7000000000000001,0.2,0.3,2,0.943,0.9390725,0.6666666666666664,0.65011495,3.264165081089607,3.4668388,,,,
page_rank,N/A,powerlaw,0.8,0.2,0.3,2,0.962,0.9601075,0.7777777777777777,0.76819164,2.017611251694409,2.169024,,,,
page_rank,N/A,powerlaw,0.9,0.2,0.3,2,0.985,0.9807388,0.9122807017543859,0.8900587,1.070068854014805,1.1796325,,,,
page_rank,N/A,powerlaw,1.0,0.2,0.3,2,0.999,0.9994478,0.9941520467836257,0.996761,0.0653576508637803,0.012415653,,,,
page_rank,N/A,powerlaw,0.0,0.05,0.3,3,0.939,0.94982535,0.0,0.0,10.416805044976705,9.155039,,,,
page_rank,N/A,powerlaw,0.1,0.05,0.3,3,0.947,0.9528417,0.13114754098360656,0.14498839,8.990058159655902,7.799218,,,,
page_rank,N/A,powerlaw,0.2,0.05,0.3,3,0.955,0.9606647,0.26229508196721313,0.2888955,7.8012955544566065,6.488745,,,,
page_rank,N/A,powerlaw,0.30000000000000004,0.05,0.3,3,0.961,0.9656584,0.36065573770491804,0.39006004,6.943039840144789,5.6497273,,,,
page_rank,N/A,powerlaw,0.4,0.05,0.3,3,0.963,0.9677981,0.39344262295081966,0.42678076,6.633034656724249,5.3018827,,,,
page_rank,N/A,powerlaw,0.5,0.05,0.3,3,0.969,0.9717247,0.4918032786885246,0.5145647,5.975522213256329,4.680077,,,,
page_rank,N/A,powerlaw,0.6000000000000001,0.05,0.3,3,0.975,0.9785084,0.5901639344262295,0.62598324,5.334668325387816,4.0242367,,,,
page_rank,N/A,powerlaw,0.7000000000000001,0.05,0.3,3,0.977,0.9831627,0.6229508196721312,0.69293624,4.002900972157904,2.9322593,,,,
page_rank,N/A,powerlaw,0.8,0.05,0.3,3,0.99,0.9886609,0.8360655737704918,0.81805134,2.284886048110102,1.8540505,,,,
page_rank,N/A,powerlaw,0.9,0.05,0.3,3,0.994,0.9934695,0.9016393442622951,0.8938317,0.7536296041124683,0.67328674,,,,
page_rank,N/A,powerlaw,1.0,0.05,0.3,3,1.0,0.9992674,1.0,0.98813075,0.01066225722568418,0.014651633,,,,
page_rank,N/A,powerlaw,0.0,0.1,0.3,3,0.904,0.9000371,0.0,0.0,12.143039486749826,12.443666,,,,
page_rank,N/A,powerlaw,0.1,0.1,0.3,3,0.917,0.9105431,0.13541666666666682,0.12662256,10.934031206485956,10.911278,,,,
page_rank,N/A,powerlaw,0.2,0.1,0.3,3,0.926,0.9263557,0.22916666666666693,0.2297575,9.374521670544771,8.528071,,,,
page_rank,N/A,powerlaw,0.30000000000000004,0.1,0.3,3,0.934,0.93623155,0.3125000000000004,0.31932634,8.205816805898449,7.068836,,,,
page_rank,N/A,powerlaw,0.4,0.1,0.3,3,0.939,0.94218415,0.3645833333333326,0.37687445,7.296537006063847,6.1914186,,,,
page_rank,N/A,powerlaw,0.5,0.1,0.3,3,0.945,0.94615805,0.42708333333333265,0.43208835,6.651881895938573,5.443927,,,,
page_rank,N/A,powerlaw,0.6000000000000001,0.1,0.3,3,0.956,0.9597262,0.5416666666666662,0.56335413,5.58512932915694,4.475398,,,,
page_rank,N/A,powerlaw,0.7000000000000001,0.1,0.3,3,0.973,0.96972024,0.7187499999999997,0.69486123,3.471333490501098,3.035753,,,,
page_rank,N/A,powerlaw,0.8,0.1,0.3,3,0.986,0.98019063,0.8541666666666665,0.80536336,1.82552191649212,1.7331424,,,,
page_rank,N/A,powerlaw,0.9,0.1,0.3,3,0.991,0.9896636,0.9062499999999999,0.89376885,0.5045244157452505,0.7213877,,,,
page_rank,N/A,powerlaw,1.0,0.1,0.3,3,1.0,0.99976647,1.0,0.9975723,0.019450652938748758,0.017324405,,,,
page_rank,N/A,powerlaw,0.0,0.2,0.3,3,0.802,0.8004951,0.0,0.0,14.957818373613959,15.652354,,,,
page_rank,N/A,powerlaw,0.1,0.2,0.3,3,0.82,0.81495005,0.09090909090909045,0.09864228,13.869381640420551,14.112753,,,,
page_rank,N/A,powerlaw,0.2,0.2,0.3,3,0.851,0.84601283,0.24747474747474718,0.24950854,10.25443464536464,10.346576,,,,
page_rank,N/A,powerlaw,0.30000000000000004,0.2,0.3,3,0.874,0.8654489,0.3636363636363635,0.35549387,7.730532508649088,8.130056,,,,
page_rank,N/A,powerlaw,0.4,0.2,0.3,3,0.876,0.874914,0.3737373737373736,0.38216287,7.069290989226789,7.2564635,,,,
page_rank,N/A,powerlaw,0.5,0.2,0.3,3,0.9,0.89530325,0.4949494949494949,0.4843975,6.101282370873645,6.3311515,,,,
page_rank,N/A,powerlaw,0.6000000000000001,0.2,0.3,3,0.921,0.9175078,0.6010101010101011,0.5905044,5.203754969290244,5.501785,,,,
page_rank,N/A,powerlaw,0.7000000000000001,0.2,0.3,3,0.946,0.9374978,0.727272727272727,0.6972481,3.320257933012703,3.7205012,,,,
page_rank,N/A,powerlaw,0.8,0.2,0.3,3,0.964,0.9575305,0.818181818181818,0.79223007,2.223196220318887,2.2162275,,,,
page_rank,N/A,powerlaw,0.9,0.2,0.3,3,0.98,0.9779243,0.8989898989898989,0.8896246,0.8027860499070847,0.78180736,,,,
page_rank,N/A,powerlaw,1.0,0.2,0.3,3,0.999,0.9994081,0.9949494949494949,0.9970034,0.03108404887293264,0.020441316,,,,
page_rank,N/A,powerlaw,0.0,0.05,0.3,4,0.957,0.9499253,0.0,0.0,12.74208484511199,10.501163,,,,
page_rank,N/A,powerlaw,0.1,0.05,0.3,4,0.965,0.9521698,0.18604651162790697,0.14158447,10.838417274820683,8.639211,,,,
page_rank,N/A,powerlaw,0.2,0.05,0.3,4,0.968,0.9583893,0.2558139534883721,0.20766692,10.400818159252985,7.596907,,,,
page_rank,N/A,powerlaw,0.30000000000000004,0.05,0.3,4,0.972,0.963316,0.3488372093023256,0.28958774,9.65856209889283,6.780066,,,,
page_rank,N/A,powerlaw,0.4,0.05,0.3,4,0.975,0.9652257,0.4186046511627907,0.34077585,9.280589402221954,6.4940367,,,,
page_rank,N/A,powerlaw,0.5,0.05,0.3,4,0.98,0.97305566,0.5348837209302325,0.46023697,8.285221324945894,5.759245,,,,
page_rank,N/A,powerlaw,0.6000000000000001,0.05,0.3,4,0.985,0.9780534,0.6511627906976745,0.5603541,6.569744652827797,4.5373826,,,,
page_rank,N/A,powerlaw,0.7000000000000001,0.05,0.3,4,0.986,0.983052,0.6744186046511628,0.6309219,4.74342182713443,3.3154883,,,,
page_rank,N/A,powerlaw,0.8,0.05,0.3,4,0.989,0.98772186,0.7441860465116279,0.7225194,2.8622509035990977,2.0819619,,,,
page_rank,N/A,powerlaw,0.9,0.05,0.3,4,0.994,0.9932698,0.8604651162790697,0.84598637,0.969592995779349,0.87232727,,,,
page_rank,N/A,powerlaw,1.0,0.05,0.3,4,1.0,0.9995552,1.0,0.989753,0.00017362266729981126,0.005631976,,,,
page_rank,N/A,powerlaw,0.0,0.1,0.3,4,0.89,0.90017056,0.0,0.0,11.355342089778784,11.295973,,,,
page_rank,N/A,powerlaw,0.1,0.1,0.3,4,0.898,0.902504,0.07272727272727281,0.075806834,10.35218418407453,9.952985,,,,
page_rank,N/A,powerlaw,0.2,0.1,0.3,4,0.914,0.9183568,0.2181818181818184,0.22816513,8.110150217332091,7.6659594,,,,
page_rank,N/A,powerlaw,0.30000000000000004,0.1,0.3,4,0.925,0.9295315,0.3181818181818185,0.33263546,6.446980810221338,6.0071306,,,,
page_rank,N/A,powerlaw,0.4,0.1,0.3,4,0.926,0.9338989,0.3272727272727276,0.3536141,6.23821534956728,5.4136395,,,,
page_rank,N/A,powerlaw,0.5,0.1,0.3,4,0.94,0.9442402,0.454545454545454,0.4784557,5.730619452619981,4.6928954,,,,
page_rank,N/A,powerlaw,0.6000000000000001,0.1,0.3,4,0.95,0.9573662,0.545454545454545,0.5845141,4.980788102469829,3.986921,,,,
page_rank,N/A,powerlaw,0.7000000000000001,0.1,0.3,4,0.962,0.96726525,0.6545454545454542,0.6873699,3.8440152124993574,3.0117242,,,,
page_rank,N/A,powerlaw,0.8,0.1,0.3,4,0.975,0.9771666,0.7727272727272725,0.7881883,1.527915573223821,1.5592632,,,,
page_rank,N/A,powerlaw,0.9,0.1,0.3,4,0.986,0.9866649,0.8727272727272726,0.8779921,0.8683850846402368,0.8637343,,,,
page_rank,N/A,powerlaw,1.0,0.1,0.3,4,0.999,0.99961877,0.9909090909090909,0.9965133,0.038757506802337985,0.020294277,,,,
page_rank,N/A,powerlaw,0.0,0.2,0.3,4,0.798,0.8002624,0.0,0.0,18.51150620820515,17.293613,,,,
page_rank,N/A,powerlaw,0.1,0.2,0.3,4,0.828,0.822651,0.14851485148514812,0.14773269,15.87158848239524,14.378371,,,,
page_rank,N/A,powerlaw,0.2,0.2,0.3,4,0.849,0.84843713,0.2524752475247522,0.25451133,12.92561433262069,11.288176,,,,
page_rank,N/A,powerlaw,0.30000000000000004,0.2,0.3,4,0.867,0.8626233,0.3415841584158414,0.33680555,11.218552052956188,9.754935,,,,
page_rank,N/A,powerlaw,0.4,0.2,0.3,4,0.877,0.87662035,0.391089108910891,0.39482117,10.515261510412817,8.975511,,,,
page_rank,N/A,powerlaw,0.5,0.2,0.3,4,0.898,0.89788175,0.49504950495049505,0.4946699,8.770804148961298,7.4716554,,,,
page_rank,N/A,powerlaw,0.6000000000000001,0.2,0.3,4,0.917,0.917873,0.5891089108910892,0.59157556,6.745773040615175,5.6903915,,,,
page_rank,N/A,powerlaw,0.7000000000000001,0.2,0.3,4,0.944,0.9378627,0.7227722772277224,0.7013788,4.353472530374715,3.9091964,,,,
page_rank,N/A,powerlaw,0.8,0.2,0.3,4,0.964,0.9582488,0.8217821782178216,0.7989693,2.5616524781685204,2.2158945,,,,
page_rank,N/A,powerlaw,0.9,0.2,0.3,4,0.982,0.97860646,0.9108910891089108,0.89580405,1.0426723451110038,0.94109803,,,,
page_rank,N/A,powerlaw,1.0,0.2,0.3,4,0.999,0.99972326,0.995049504950495,0.9986245,0.0015258894792571772,0.0064913607,,,,
page_rank,N/A,powerlaw,0.0,0.05,0.3,5,0.951,0.94982535,0.0,0.0,8.456356644473887,9.386096,,,,
page_rank,N/A,powerlaw,0.1,0.05,0.3,5,0.952,0.95138735,0.02040816326530612,0.021783587,7.303502421927967,7.797217,,,,
page_rank,N/A,powerlaw,0.2,0.05,0.3,5,0.96,0.9598002,0.1836734693877551,0.18420053,6.15044566519978,6.4530573,,,,
page_rank,N/A,powerlaw,0.30000000000000004,0.05,0.3,5,0.964,0.96451026,0.2653061224489796,0.2693089,5.388177051148787,5.6696935,,,,
page_rank,N/A,powerlaw,0.4,0.05,0.3,5,0.966,0.96745706,0.30612244897959184,0.31652114,4.9424155696675935,5.0640507,,,,
page_rank,N/A,powerlaw,0.5,0.05,0.3,5,0.969,0.97131944,0.3673469387755102,0.3854026,4.559815473440766,4.597098,,,,
page_rank,N/A,powerlaw,0.6000000000000001,0.05,0.3,5,0.976,0.9781772,0.5102040816326531,0.5338605,3.877540042396095,4.0014467,,,,
page_rank,N/A,powerlaw,0.7000000000000001,0.05,0.3,5,0.979,0.98337036,0.5714285714285714,0.6273181,2.6838369481740756,2.7791743,,,,
page_rank,N/A,powerlaw,0.8,0.05,0.3,5,0.985,0.98782736,0.6938775510204082,0.73630303,1.8973223639814214,1.9055071,,,,
page_rank,N/A,powerlaw,0.9,0.05,0.3,5,0.991,0.9936211,0.8163265306122449,0.86242235,0.9128646473837323,0.80435777,,,,
page_rank,N/A,powerlaw,1.0,0.05,0.3,5,1.0,0.99973315,1.0,0.9945827,0.04210524914843042,0.012401646,,,,
page_rank,N/A,powerlaw,0.0,0.1,0.3,5,0.901,0.9000686,0.0,0.0,12.86399252915206,12.063685,,,,
page_rank,N/A,powerlaw,0.1,0.1,0.3,5,0.909,0.9049154,0.0808080808080809,0.08936029,11.477604906430967,10.430241,,,,
page_rank,N/A,powerlaw,0.2,0.1,0.3,5,0.919,0.9199692,0.18181818181818202,0.19442146,9.784572288537428,8.190271,,,,
page_rank,N/A,powerlaw,0.30000000000000004,0.1,0.3,5,0.934,0.93083805,0.3333333333333337,0.33159196,7.548794045113253,6.5687776,,,,
page_rank,N/A,powerlaw,0.4,0.1,0.3,5,0.938,0.9356957,0.37373737373737304,0.3733514,7.139519648107689,5.876829,,,,
page_rank,N/A,powerlaw,0.5,0.1,0.3,5,0.942,0.942422,0.4141414141414135,0.42075694,6.267874777295988,5.1073318,,,,
page_rank,N/A,powerlaw,0.6000000000000001,0.1,0.3,5,0.953,0.95599765,0.5252525252525247,0.54704356,5.654028389039122,4.4092236,,,,
page_rank,N/A,powerlaw,0.7000000000000001,0.1,0.3,5,0.961,0.96624434,0.6060606060606056,0.64428186,3.5869475037551934,3.122345,,,,
page_rank,N/A,powerlaw,0.8,0.1,0.3,5,0.975,0.9767699,0.7474747474747472,0.76383156,1.8776213946466123,1.8481671,,,,
page_rank,N/A,powerlaw,0.9,0.1,0.3,5,0.984,0.9873524,0.8383838383838382,0.86936,0.7602083223989373,0.74147487,,,,
page_rank,N/A,powerlaw,1.0,0.1,0.3,5,0.999,0.99960846,0.9898989898989898,0.9960205,0.050551033055500134,0.02462455,,,,
page_rank,N/A,powerlaw,0.0,0.2,0.3,5,0.803,0.80014515,0.0,0.0,19.498432639887053,19.054499,,,,
page_rank,N/A,powerlaw,0.1,0.2,0.3,5,0.823,0.81920254,0.10152284263959346,0.13313639,16.197257816113158,15.461474,,,,
page_rank,N/A,powerlaw,0.2,0.2,0.3,5,0.844,0.844051,0.2081218274111672,0.23811945,13.37752069998091,12.5261545,,,,
page_rank,N/A,powerlaw,0.30000000000000004,0.2,0.3,5,0.865,0.8627074,0.3147208121827409,0.33687457,11.019601433375586,10.4314,,,,
page_rank,N/A,powerlaw,0.4,0.2,0.3,5,0.87,0.87232935,0.3401015228426394,0.36929986,10.37802903978229,9.57377,,,,
page_rank,N/A,powerlaw,0.5,0.2,0.3,5,0.898,0.8987754,0.48223350253807107,0.48802707,9.298320657752454,8.426129,,,,
page_rank,N/A,powerlaw,0.6000000000000001,0.2,0.3,5,0.913,0.91876745,0.5583756345177666,0.5784856,7.486558960512319,6.644833,,,,
page_rank,N/A,powerlaw,0.7000000000000001,0.2,0.3,5,0.936,0.9387579,0.6751269035532997,0.68708557,5.379242584776421,4.863567,,,,
page_rank,N/A,powerlaw,0.8,0.2,0.3,5,0.951,0.95874673,0.7512690355329946,0.7836969,3.3975217999102973,3.0720856,,,,
page_rank,N/A,powerlaw,0.9,0.2,0.3,5,0.974,0.9787371,0.8680203045685277,0.8902385,1.3104273014332413,1.2908318,,,,
page_rank,N/A,powerlaw,1.0,0.2,0.3,5,0.999,0.9998645,0.9949238578680203,0.999309,0.007171041175672998,0.006575325,,,,
page_rank,N/A,powerlaw,0.0,0.05,0.3,6,0.963,0.94986284,0.0,0.0,8.381417527115733,8.46957,,,,
page_rank,N/A,powerlaw,0.1,0.05,0.3,6,0.963,0.95206934,0.0,0.024783555,7.310691434705969,6.9499426,,,,
page_rank,N/A,powerlaw,0.2,0.05,0.3,6,0.966,0.95773363,0.08108108108108109,0.08069068,6.618608624849878,5.7719707,,,,
page_rank,N/A,powerlaw,0.30000000000000004,0.05,0.3,6,0.972,0.963514,0.24324324324324326,0.21015579,5.590166647202499,4.804676,,,,
page_rank,N/A,powerlaw,0.4,0.05,0.3,6,0.976,0.9665699,0.35135135135135137,0.29080325,4.9730823382305385,4.2961035,,,,
page_rank,N/A,powerlaw,0.5,0.05,0.3,6,0.978,0.97083056,0.40540540540540543,0.34185255,4.398368149088081,3.7097108,,,,
page_rank,N/A,powerlaw,0.6000000000000001,0.05,0.3,6,0.982,0.9764571,0.5135135135135135,0.44751763,3.920854985928345,3.2203574,,,,
page_rank,N/A,powerlaw,0.7000000000000001,0.05,0.3,6,0.988,0.9833971,0.6756756756756757,0.60085803,3.3675678680170957,2.6067154,,,,
page_rank,N/A,powerlaw,0.8,0.05,0.3,6,0.99,0.98861957,0.7297297297297297,0.70342964,2.253826185737153,1.7141975,,,,
page_rank,N/A,powerlaw,0.9,0.05,0.3,6,0.997,0.9937483,0.918918918918919,0.8446463,0.9357994177589339,0.78678066,,,,
page_rank,N/A,powerlaw,1.0,0.05,0.3,6,1.0,0.99970114,1.0,0.9919864,0.018643193900459973,0.014636596,,,,
page_rank,N/A,powerlaw,0.0,0.1,0.3,6,0.895,0.90008754,0.0,0.0,11.804928582550788,11.203244,,,,
page_rank,N/A,powerlaw,0.1,0.1,0.3,6,0.908,0.9012426,0.12380952380952394,0.11897319,9.932799659928875,9.470422,,,,
page_rank,N/A,powerlaw,0.2,0.1,0.3,6,0.924,0.91752577,0.2761904761904765,0.26228055,7.940127667139963,7.434468,,,,
page_rank,N/A,powerlaw,0.30000000000000004,0.1,0.3,6,0.934,0.9280121,0.37142857142857183,0.3532241,6.616954920197566,5.8700695,,,,
page_rank,N/A,powerlaw,0.4,0.1,0.3,6,0.942,0.9342567,0.44761904761904703,0.41846707,5.42574840251618,5.1551228,,,,
page_rank,N/A,powerlaw,0.5,0.1,0.3,6,0.954,0.9459484,0.5619047619047615,0.52175915,4.900200257697843,4.5990076,,,,
page_rank,N/A,powerlaw,0.6000000000000001,0.1,0.3,6,0.968,0.9587815,0.6952380952380949,0.6390177,4.165798497564703,3.8731978,,,,
page_rank,N/A,powerlaw,0.7000000000000001,0.1,0.3,6,0.978,0.96884716,0.7904761904761902,0.7270004,3.59222435439202,3.1428652,,,,
page_rank,N/A,powerlaw,0.8,0.1,0.3,6,0.984,0.9784375,0.8476190476190475,0.8048994,1.9798705451412721,1.9605943,,,,
page_rank,N/A,powerlaw,0.9,0.1,0.3,6,0.991,0.9889684,0.9142857142857141,0.8968881,0.9098001649579507,0.8749612,,,,
page_rank,N/A,powerlaw,1.0,0.1,0.3,6,0.999,0.99936515,0.9904761904761905,0.99392986,0.023867944258442807,0.01991516,,,,
page_rank,N/A,powerlaw,0.0,0.2,0.3,6,0.805,0.80014515,0.0,0.0,17.49279325812909,18.92314,,,,
page_rank,N/A,powerlaw,0.1,0.2,0.3,6,0.829,0.8280072,0.12307692307692265,0.13246794,14.202138555813308,15.336821,,,,
page_rank,N/A,powerlaw,0.2,0.2,0.3,6,0.854,0.85574704,0.251282051282051,0.26201943,11.097816041465085,12.085531,,,,
page_rank,N/A,powerlaw,0.30000000000000004,0.2,0.3,6,0.867,0.8662532,0.31794871794871776,0.32441902,9.940300032342254,11.022369,,,,
page_rank,N/A,powerlaw,0.4,0.2,0.3,6,0.884,0.87981516,0.405128205128205,0.3965403,9.340138095127553,10.371528,,,,
page_rank,N/A,powerlaw,0.5,0.2,0.3,6,0.904,0.89980626,0.5076923076923077,0.4969174,7.645550723976844,8.590217,,,,
page_rank,N/A,powerlaw,0.6000000000000001,0.2,0.3,6,0.919,0.91946995,0.5846153846153848,0.5859407,6.069284434137594,6.7971854,,,,
page_rank,N/A,powerlaw,0.7000000000000001,0.2,0.3,6,0.939,0.93946093,0.6871794871794868,0.68872786,4.535056800831849,5.0158377,,,,
page_rank,N/A,powerlaw,0.8,0.2,0.3,6,0.96,0.9594518,0.7948717948717946,0.79258054,2.8818244074512376,3.234494,,,,
page_rank,N/A,powerlaw,0.9,0.2,0.3,6,0.979,0.9794431,0.8923076923076921,0.89430296,1.3125809277811187,1.4531536,,,,
page_rank,N/A,powerlaw,1.0,0.2,0.3,6,1.0,0.9995387,1.0,0.9976391,0.00016919627231148734,0.0045403405,,,,
page_rank,N/A,powerlaw,0.0,0.05,0.3,7,0.951,0.94986314,0.0,0.0,8.584993065027286,8.37801,,,,
page_rank,N/A,powerlaw,0.1,0.05,0.3,7,0.953,0.9502569,0.04081632653061224,0.05787851,7.40806390976154,7.055264,,,,
page_rank,N/A,powerlaw,0.2,0.05,0.3,7,0.962,0.95637524,0.22448979591836735,0.20244138,5.789444544209325,5.757228,,,,
page_rank,N/A,powerlaw,0.30000000000000004,0.05,0.3,7,0.964,0.9623384,0.2653061224489796,0.25732994,5.242469634680304,4.761279,,,,
page_rank,N/A,powerlaw,0.4,0.05,0.3,7,0.965,0.9641898,0.2857142857142857,0.2820542,5.112153058926533,4.458827,,,,
page_rank,N/A,powerlaw,0.5,0.05,0.3,7,0.969,0.96798176,0.3673469387755102,0.36061776,4.341333028184588,3.8451402,,,,
page_rank,N/A,powerlaw,0.6000000000000001,0.05,0.3,7,0.973,0.97512364,0.4489795918367347,0.46916872,3.9345636473507803,3.3431716,,,,
page_rank,N/A,powerlaw,0.7000000000000001,0.05,0.3,7,0.976,0.98000157,0.5102040816326531,0.5554322,3.444544274172971,2.7373936,,,,
page_rank,N/A,powerlaw,0.8,0.05,0.3,7,0.983,0.98404574,0.6530612244897959,0.6673779,2.247098742359041,1.8391675,,,,
page_rank,N/A,powerlaw,0.9,0.05,0.3,7,0.992,0.99088913,0.8367346938775511,0.8182133,0.7206237136475395,0.8189025,,,,
page_rank,N/A,powerlaw,1.0,0.05,0.3,7,1.0,0.99961644,1.0,0.99222946,0.0014576266816206814,0.006112882,,,,
page_rank,N/A,powerlaw,0.0,0.1,0.3,7,0.903,0.90007085,0.0,0.0,11.328303111772462,11.49673,,,,
page_rank,N/A,powerlaw,0.1,0.1,0.3,7,0.915,0.90488243,0.12371134020618571,0.11339173,10.298461319037404,10.054091,,,,
page_rank,N/A,powerlaw,0.2,0.1,0.3,7,0.929,0.9203341,0.2680412371134024,0.24311535,8.42516108349122,7.7248144,,,,
page_rank,N/A,powerlaw,0.30000000000000004,0.1,0.3,7,0.939,0.9308157,0.371134020618556,0.3396494,6.897717447009675,6.112427,,,,
page_rank,N/A,powerlaw,0.4,0.1,0.3,7,0.945,0.9348945,0.43298969072164883,0.38977042,5.872676197643517,5.6014285,,,,
page_rank,N/A,powerlaw,0.5,0.1,0.3,7,0.961,0.9459905,0.5979381443298964,0.517705,5.186228792164144,4.930049,,,,
page_rank,N/A,powerlaw,0.6000000000000001,0.1,0.3,7,0.969,0.9583391,0.6804123711340202,0.61293554,4.535649713722504,4.187861,,,,
page_rank,N/A,powerlaw,0.7000000000000001,0.1,0.3,7,0.978,0.9683229,0.7731958762886595,0.70296675,3.726334773397694,3.2990499,,,,
page_rank,N/A,powerlaw,0.8,0.1,0.3,7,0.986,0.9781032,0.8556701030927834,0.791183,2.0436714710581763,1.887715,,,,
page_rank,N/A,powerlaw,0.9,0.1,0.3,7,0.994,0.9893129,0.9381443298969071,0.8948615,1.1061231339017794,1.0109648,,,,
page_rank,N/A,powerlaw,1.0,0.1,0.3,7,1.0,0.9996003,1.0,0.99589574,0.04055474523039432,0.025750136,,,,
page_rank,N/A,powerlaw,0.0,0.2,0.3,7,0.797,0.8003144,0.0,0.0,13.6012724452837,14.296674,,,,
page_rank,N/A,powerlaw,0.1,0.2,0.3,7,0.822,0.81770843,0.1231527093596055,0.13012,12.442000669969609,12.575383,,,,
page_rank,N/A,powerlaw,0.2,0.2,0.3,7,0.842,0.8442843,0.22167487684729034,0.2377416,10.128551713181512,9.926037,,,,
page_rank,N/A,powerlaw,0.30000000000000004,0.2,0.3,7,0.868,0.86624557,0.34975369458128064,0.35792318,7.606383368551716,7.3709655,,,,
page_rank,N/A,powerlaw,0.4,0.2,0.3,7,0.879,0.8775092,0.4039408866995073,0.4112589,6.587138247287629,6.374866,,,,
page_rank,N/A,powerlaw,0.5,0.2,0.3,7,0.904,0.8971392,0.5270935960591133,0.5180256,5.465291665469038,5.1965265,,,,
page_rank,N/A,powerlaw,0.6000000000000001,0.2,0.3,7,0.924,0.9174752,0.6256157635467982,0.60606426,4.486162419710391,4.4073186,,,,
page_rank,N/A,powerlaw,0.7000000000000001,0.2,0.3,7,0.936,0.9386083,0.684729064039409,0.6936381,3.6212192609909724,3.4852533,,,,
page_rank,N/A,powerlaw,0.8,0.2,0.3,7,0.958,0.95887196,0.7931034482758619,0.79651463,2.4663279426229265,2.2892115,,,,
page_rank,N/A,powerlaw,0.9,0.2,0.3,7,0.98,0.9790095,0.9014778325123152,0.8970519,0.8900444530200268,0.7598297,,,,
page_rank,N/A,powerlaw,1.0,0.2,0.3,7,0.999,0.99965125,0.9950738916256158,0.99827504,0.09472902116304104,0.01996965,,,,
page_rank,N/A,powerlaw,0.0,0.05,0.3,8,0.957,0.94982535,0.0,0.0,9.68660900807228,9.025984,,,,
page_rank,N/A,powerlaw,0.1,0.05,0.3,8,0.963,0.9519984,0.13953488372093023,0.1110634,8.257609196381855,7.365542,,,,
page_rank,N/A,powerlaw,0.2,0.05,0.3,8,0.972,0.9590293,0.3488372093023256,0.26766348,6.743149524330238,6.1130986,,,,
page_rank,N/A,powerlaw,0.30000000000000004,0.05,0.3,8,0.974,0.96442014,0.3953488372093023,0.3231123,6.350905773686305,5.211831,,,,
page_rank,N/A,powerlaw,0.4,0.05,0.3,8,0.976,0.96704453,0.4418604651162791,0.36558855,6.013325076741904,4.7818303,,,,
page_rank,N/A,powerlaw,0.5,0.05,0.3,8,0.98,0.9714934,0.5348837209302325,0.44644114,5.374766797058605,4.2143564,,,,
page_rank,N/A,powerlaw,0.6000000000000001,0.05,0.3,8,0.984,0.9770789,0.627906976744186,0.54075557,4.967490630615297,3.6663358,,,,
page_rank,N/A,powerlaw,0.7000000000000001,0.05,0.3,8,0.987,0.9828379,0.6976744186046512,0.63601565,3.920197552268331,2.8939073,,,,
page_rank,N/A,powerlaw,0.8,0.05,0.3,8,0.992,0.98965997,0.813953488372093,0.77187586,2.8484116629189007,2.0298939,,,,
page_rank,N/A,powerlaw,0.9,0.05,0.3,8,0.998,0.9948114,0.9534883720930233,0.8876261,1.307025890394518,0.99091345,,,,
page_rank,N/A,powerlaw,1.0,0.05,0.3,8,1.0,0.99977666,1.0,0.99483186,0.04136211771791886,0.027628379,,,,
page_rank,N/A,powerlaw,0.0,0.1,0.3,8,0.896,0.90008754,0.0,0.0,12.35753472017447,12.115791,,,,
page_rank,N/A,powerlaw,0.1,0.1,0.3,8,0.907,0.9081857,0.10576923076923088,0.08650786,10.832858135542862,9.970551,,,,
page_rank,N/A,powerlaw,0.2,0.1,0.3,8,0.928,0.9245643,0.30769230769230804,0.2943342,7.575709188320562,7.624575,,,,
page_rank,N/A,powerlaw,0.30000000000000004,0.1,0.3,8,0.937,0.9348312,0.39423076923076966,0.38301262,6.574365622392736,6.108759,,,,
page_rank,N/A,powerlaw,0.4,0.1,0.3,8,0.943,0.9404756,0.4519230769230763,0.4384726,5.547693647521877,5.3167286,,,,
page_rank,N/A,powerlaw,0.5,0.1,0.3,8,0.957,0.9516153,0.5865384615384611,0.55450964,4.562224703908896,4.403068,,,,
page_rank,N/A,powerlaw,0.6000000000000001,0.1,0.3,8,0.968,0.961059,0.692307692307692,0.6460766,4.212717388390823,3.8629277,,,,
page_rank,N/A,powerlaw,0.7000000000000001,0.1,0.3,8,0.975,0.9695194,0.7596153846153844,0.71935904,3.511437970497738,3.1922343,,,,
page_rank,N/A,powerlaw,0.8,0.1,0.3,8,0.988,0.97944444,0.8846153846153845,0.8173034,2.033194697688743,2.0225677,,,,
page_rank,N/A,powerlaw,0.9,0.1,0.3,8,0.994,0.9895017,0.9423076923076923,0.90319914,1.1159772114018867,1.1158016,,,,
page_rank,N/A,powerlaw,1.0,0.1,0.3,8,1.0,0.99968684,1.0,0.99699646,0.0577965904823273,0.042849854,,,,
page_rank,N/A,powerlaw,0.0,0.2,0.3,8,0.785,0.80014515,0.0,0.0,17.890936720202916,18.382462,,,,
page_rank,N/A,powerlaw,0.1,0.2,0.3,8,0.821,0.8229558,0.16744186046511594,0.15739955,14.565476660066649,15.080557,,,,
page_rank,N/A,powerlaw,0.2,0.2,0.3,8,0.846,0.8503022,0.2837209302325579,0.27938807,11.347164704178518,11.74563,,,,
page_rank,N/A,powerlaw,0.30000000000000004,0.2,0.3,8,0.866,0.86912036,0.3767441860465115,0.37353754,9.190811454085722,9.680506,,,,
page_rank,N/A,powerlaw,0.4,0.2,0.3,8,0.874,0.87694544,0.41395348837209295,0.4115615,8.63947085023452,9.045582,,,,
page_rank,N/A,powerlaw,0.5,0.2,0.3,8,0.895,0.89995944,0.5116279069767442,0.52362746,7.642656813649779,8.046106,,,,
page_rank,N/A,powerlaw,0.6000000000000001,0.2,0.3,8,0.92,0.9199496,0.6279069767441862,0.62767875,5.923974353151954,6.2647943,,,,
page_rank,N/A,powerlaw,0.7000000000000001,0.2,0.3,8,0.938,0.9399858,0.7116279069767439,0.7181893,4.371572024577392,4.4745116,,,,
page_rank,N/A,powerlaw,0.8,0.2,0.3,8,0.954,0.95997775,0.7860465116279067,0.8084695,2.8017675346939943,2.6931796,,,,
page_rank,N/A,powerlaw,0.9,0.2,0.3,8,0.986,0.9799663,0.9348837209302325,0.90933216,0.8607681182421721,0.9118976,,,,
page_rank,N/A,powerlaw,1.0,0.2,0.3,8,1.0,0.99990714,1.0,0.9995681,0.010861055276653944,0.008180895,,,,
page_rank,N/A,powerlaw,0.0,0.05,0.3,9,0.943,0.94985867,0.0,0.0,12.94692198834031,10.181882,,,,
page_rank,N/A,powerlaw,0.1,0.05,0.3,9,0.945,0.953355,0.03508771929824561,0.041096076,12.14403062426598,8.615178,,,,
page_rank,N/A,powerlaw,0.2,0.05,0.3,9,0.955,0.9601518,0.21052631578947367,0.23133563,10.373498348676454,7.4709992,,,,
page_rank,N/A,powerlaw,0.30000000000000004,0.05,0.3,9,0.959,0.964277,0.2807017543859649,0.3092954,9.637703215369143,6.782494,,,,
page_rank,N/A,powerlaw,0.4,0.05,0.3,9,0.962,0.9658395,0.3333333333333333,0.35736567,9.21508373860422,6.288506,,,,
page_rank,N/A,powerlaw,0.5,0.05,0.3,9,0.966,0.97355956,0.40350877192982454,0.46515593,8.35590911809351,5.5343885,,,,
page_rank,N/A,powerlaw,0.6000000000000001,0.05,0.3,9,0.976,0.97855633,0.5789473684210527,0.6060655,6.309159381541452,4.312539,,,,
page_rank,N/A,powerlaw,0.7000000000000001,0.05,0.3,9,0.982,0.98369855,0.6842105263157895,0.70516634,4.629389521283328,3.1491108,,,,
page_rank,N/A,powerlaw,0.8,0.05,0.3,9,0.985,0.9885564,0.7368421052631579,0.78582525,2.965053458690975,1.9159337,,,,
page_rank,N/A,powerlaw,0.9,0.05,0.3,9,0.991,0.99379796,0.8421052631578947,0.885544,1.0197741234811342,0.86822605,,,,
page_rank,N/A,powerlaw,1.0,0.05,0.3,9,0.999,0.99911994,0.9824561403508771,0.9845225,0.0017089472031867564,0.0060405415,,,,
page_rank,N/A,powerlaw,0.0,0.1,0.3,9,0.885,0.90008754,0.0,0.0,14.233586496146104,12.814284,,,,
page_rank,N/A,powerlaw,0.1,0.1,0.3,9,0.899,0.90750414,0.12173913043478272,0.1314007,12.650419349197263,10.895649,,,,
page_rank,N/A,powerlaw,0.2,0.1,0.3,9,0.915,0.92351574,0.2608695652173916,0.28161457,10.056206851507312,8.450149,,,,
page_rank,N/A,powerlaw,0.30000000000000004,0.1,0.3,9,0.929,0.9326349,0.38260869565217426,0.39491236,8.180557352025469,7.1053004,,,,
page_rank,N/A,powerlaw,0.4,0.1,0.3,9,0.935,0.93739754,0.4347826086956526,0.44395533,7.405784278209388,6.4685187,,,,
page_rank,N/A,powerlaw,0.5,0.1,0.3,9,0.944,0.9465454,0.513043478260869,0.5245515,6.511253487497721,5.651091,,,,
page_rank,N/A,powerlaw,0.6000000000000001,0.1,0.3,9,0.96,0.9589054,0.6521739130434779,0.64592993,5.5648928782713645,4.814853,,,,
page_rank,N/A,powerlaw,0.7000000000000001,0.1,0.3,9,0.966,0.9687613,0.7043478260869562,0.7215925,3.9286597303958346,3.3638399,,,,
page_rank,N/A,powerlaw,0.8,0.1,0.3,9,0.979,0.97940916,0.8173913043478259,0.82029426,2.0895625928834924,1.9341165,,,,
page_rank,N/A,powerlaw,0.9,0.1,0.3,9,0.99,0.98948693,0.9130434782608695,0.908953,1.1640567459955342,0.97697544,,,,
page_rank,N/A,powerlaw,1.0,0.1,0.3,9,1.0,0.99956006,1.0,0.9961874,0.037253279029419606,0.022811228,,,,
page_rank,N/A,powerlaw,0.0,0.2,0.3,9,0.789,0.8001452,0.0,0.0,17.815771805020308,17.278275,,,,
page_rank,N/A,powerlaw,0.1,0.2,0.3,9,0.806,0.8133498,0.080568720379147,0.11732735,15.507711363331309,14.272338,,,,
page_rank,N/A,powerlaw,0.2,0.2,0.3,9,0.828,0.8418691,0.18483412322274848,0.22839376,12.382983974896662,10.933055,,,,
page_rank,N/A,powerlaw,0.30000000000000004,0.2,0.3,9,0.844,0.8573845,0.2606635071090045,0.3056404,10.569106611148891,9.1977,,,,
page_rank,N/A,powerlaw,0.4,0.2,0.3,9,0.859,0.87019235,0.3317535545023695,0.3764426,9.582617204350223,8.3232155,,,,
page_rank,N/A,powerlaw,0.5,0.2,0.3,9,0.883,0.89751005,0.4454976303317535,0.4782872,8.82311959005412,7.5300508,,,,
page_rank,N/A,powerlaw,0.6000000000000001,0.2,0.3,9,0.904,0.917396,0.5450236966824645,0.5818656,6.784531278837686,5.7773542,,,,
page_rank,N/A,powerlaw,0.7000000000000001,0.2,0.3,9,0.938,0.9373842,0.706161137440758,0.7040145,4.343384488943528,3.9961567,,,,
page_rank,N/A,powerlaw,0.8,0.2,0.3,9,0.962,0.95737445,0.819905213270142,0.8022468,2.238416779231049,2.214917,,,,
page_rank,N/A,powerlaw,0.9,0.2,0.3,9,0.979,0.97751486,0.900473933649289,0.8941387,0.7981726624155705,0.78612447,,,,
page_rank,N/A,powerlaw,1.0,0.2,0.3,9,0.999,0.9998466,0.995260663507109,0.9992696,0.0267639085377133,0.01839211,,,,
