method,metric,graph,rho,delta,lambda,sim,O,MO,O_tilde,MO_tilde,SE,MSE,rank,precision,recall,f1
random,N/A,rrg,0.0,0.05,0.3,0,0.9366666666666666,0.94999987,0.0,0.0,11.422562011785958,11.267633,,,,
random,N/A,rrg,0.1,0.05,0.3,0,0.9433333333333334,0.94935834,0.10526315789473749,0.11633064,8.022105894343495,6.9882455,,,,
random,N/A,rrg,0.2,0.05,0.3,0,0.9633333333333334,0.9653204,0.4210526315789482,0.37134784,5.795957753217302,5.044424,,,,
random,N/A,rrg,0.30000000000000004,0.05,0.3,0,0.9566666666666667,0.9628889,0.31578947368421073,0.37290785,3.794959241131037,2.8998072,,,,
random,N/A,rrg,0.4,0.05,0.3,0,0.9733333333333334,0.9800107,0.5789473684210535,0.6300494,2.2144661125558756,1.9848385,,,,
random,N/A,rrg,0.5,0.05,0.3,0,0.98,0.98177797,0.6842105263157893,0.7128253,1.5913009588410028,1.7017868,,,,
random,N/A,rrg,0.6000000000000001,0.05,0.3,0,0.9833333333333333,0.9900232,0.7368421052631572,0.82384837,1.5580562460762488,1.0426112,,,,
random,N/A,rrg,0.7000000000000001,0.05,0.3,0,0.9866666666666667,0.9906618,0.7894736842105268,0.83429146,0.8203955084411967,0.6772695,,,,
random,N/A,rrg,0.8,0.05,0.3,0,0.9966666666666667,0.9968145,0.9473684210526321,0.9481397,0.3942675076993985,0.33008924,,,,
random,N/A,rrg,0.9,0.05,0.3,0,1.0,0.99856204,1.0,0.97729754,0.22333015658525643,0.17756587,,,,
random,N/A,rrg,1.0,0.05,0.3,0,1.0,0.99996847,1.0,0.999502,3.424546293972957e-06,0.0038095976,,,,
random,N/A,rrg,0.0,0.1,0.3,0,0.9,0.9000041,0.0,0.0,9.783236033274425,9.779279,,,,
random,N/A,rrg,0.1,0.1,0.3,0,0.9166666666666666,0.922662,0.1666666666666661,0.17729606,5.982147158604402,7.352977,,,,
random,N/A,rrg,0.2,0.1,0.3,0,0.93,0.93231446,0.3000000000000003,0.27459368,4.5551941336310575,4.935266,,,,
random,N/A,rrg,0.30000000000000004,0.1,0.3,0,0.9433333333333334,0.941427,0.43333333333333346,0.39419165,2.837092435841215,3.4295712,,,,
random,N/A,rrg,0.4,0.1,0.3,0,0.94,0.9605867,0.39999999999999936,0.51752853,2.1520767041727904,2.6490865,,,,
random,N/A,rrg,0.5,0.1,0.3,0,0.97,0.97131735,0.6999999999999996,0.6976571,1.74743679909258,1.7428292,,,,
random,N/A,rrg,0.6000000000000001,0.1,0.3,0,0.9766666666666667,0.97497404,0.7666666666666668,0.74953574,0.8696214974011215,1.2298685,,,,
random,N/A,rrg,0.7000000000000001,0.1,0.3,0,0.9833333333333333,0.98467165,0.8333333333333328,0.83864325,0.6573462974126132,0.8033072,,,,
random,N/A,rrg,0.8,0.1,0.3,0,0.99,0.99182504,0.8999999999999999,0.91499937,0.608602546638603,0.5075647,,,,
random,N/A,rrg,0.9,0.1,0.3,0,0.9966666666666667,0.9960042,0.966666666666667,0.960179,0.16092360666803626,0.15529865,,,,
random,N/A,rrg,1.0,0.1,0.3,0,1.0,0.99995697,1.0,0.99956954,2.936471993049313e-06,0.0046557123,,,,
random,N/A,rrg,0.0,0.2,0.3,0,0.79,0.8000036,0.0,0.0,5.645761228756027,6.65358,,,,
random,N/A,rrg,0.1,0.2,0.3,0,0.8166666666666667,0.81545866,0.12698412698412676,0.11774235,4.673501438005285,5.174937,,,,
random,N/A,rrg,0.2,0.2,0.3,0,0.8533333333333334,0.83248025,0.30158730158730174,0.29496178,4.002685278694408,3.6827564,,,,
random,N/A,rrg,0.30000000000000004,0.2,0.3,0,0.8466666666666667,0.8574943,0.26984126984126977,0.28697672,3.1398373757664477,3.2567618,,,,
random,N/A,rrg,0.4,0.2,0.3,0,0.8833333333333333,0.8910419,0.4444444444444442,0.47169974,2.99477584618223,2.5350492,,,,
random,N/A,rrg,0.5,0.2,0.3,0,0.9066666666666666,0.9119523,0.5555555555555552,0.57613367,1.9056438924839312,1.7385799,,,,
random,N/A,rrg,0.6000000000000001,0.2,0.3,0,0.9266666666666666,0.92210025,0.6507936507936506,0.6273957,1.695891490007892,1.1253659,,,,
random,N/A,rrg,0.7000000000000001,0.2,0.3,0,0.9633333333333334,0.95191103,0.8253968253968256,0.7752206,0.9131449058391578,0.76339513,,,,
random,N/A,rrg,0.8,0.2,0.3,0,0.9766666666666667,0.9717226,0.888888888888889,0.86119753,0.47752025829732003,0.51113206,,,,
random,N/A,rrg,0.9,0.2,0.3,0,0.99,0.9885424,0.9523809523809523,0.945782,0.26541550630981026,0.21545069,,,,
random,N/A,rrg,1.0,0.2,0.3,0,1.0,0.99997365,1.0,0.99987453,5.144102592839873e-07,0.0027261642,,,,
random,N/A,rrg,0.0,0.3,0.3,0,0.65,0.7000066,0.0,0.0,4.157531106559923,4.6622105,,,,
random,N/A,rrg,0.1,0.3,0.3,0,0.7,0.7294198,0.14285714285714268,0.15822552,3.4923244612464472,3.616838,,,,
random,N/A,rrg,0.2,0.3,0.3,0,0.7233333333333334,0.7591092,0.2095238095238096,0.23975112,3.039660999914825,3.0966277,,,,
random,N/A,rrg,0.30000000000000004,0.3,0.3,0,0.7533333333333333,0.7945816,0.2952380952380951,0.34867224,2.3015857116026566,2.56471,,,,
random,N/A,rrg,0.4,0.3,0.3,0,0.81,0.8217099,0.45714285714285724,0.44389552,2.068506573259214,1.8848515,,,,
random,N/A,rrg,0.5,0.3,0.3,0,0.83,0.8622746,0.5142857142857141,0.5776542,1.4249376403831266,1.4680859,,,,
random,N/A,rrg,0.6000000000000001,0.3,0.3,0,0.8933333333333333,0.898255,0.6952380952380952,0.6939429,1.227647183866415,1.0562372,,,,
random,N/A,rrg,0.7000000000000001,0.3,0.3,0,0.9033333333333333,0.92280376,0.7238095238095238,0.76493454,0.8630657169154979,0.83337593,,,,
random,N/A,rrg,0.8,0.3,0.3,0,0.9566666666666667,0.94995075,0.8761904761904762,0.8603754,0.5404659653141525,0.49463525,,,,
random,N/A,rrg,0.9,0.3,0.3,0,0.9733333333333334,0.97445923,0.923809523809524,0.9267662,0.18957312115425512,0.23337846,,,,
random,N/A,rrg,1.0,0.3,0.3,0,1.0,0.99989927,1.0,0.9997121,2.589378899415016e-06,0.0073389816,,,,
random,N/A,rrg,0.0,0.4,0.3,0,0.5966666666666667,0.6000194,0.0,0.0,3.27494240037256,3.3618698,,,,
random,N/A,rrg,0.1,0.4,0.3,0,0.64,0.6483001,0.10743801652892562,0.12366226,2.9307331290304237,2.8863554,,,,
random,N/A,rrg,0.2,0.4,0.3,0,0.6866666666666666,0.69224274,0.22314049586776852,0.21901956,2.5424831865753,2.4306166,,,,
random,N/A,rrg,0.30000000000000004,0.4,0.3,0,0.7333333333333333,0.74040496,0.33884297520661144,0.33705905,2.2363081979236736,2.0911183,,,,
random,N/A,rrg,0.4,0.4,0.3,0,0.7533333333333333,0.7859367,0.3884297520661156,0.45443147,1.6586647683236355,1.7594872,,,,
random,N/A,rrg,0.5,0.4,0.3,0,0.8133333333333334,0.8271132,0.5371900826446281,0.5617825,1.3382885986292343,1.331626,,,,
random,N/A,rrg,0.6000000000000001,0.4,0.3,0,0.86,0.8624696,0.652892561983471,0.65619594,1.169727840120592,1.0635742,,,,
random,N/A,rrg,0.7000000000000001,0.4,0.3,0,0.8833333333333333,0.90359455,0.7107438016528925,0.7528982,1.1934337685028986,0.7812341,,,,
random,N/A,rrg,0.8,0.4,0.3,0,0.93,0.9393414,0.8264462809917357,0.8437458,0.4888150429648194,0.50710696,,,,
random,N/A,rrg,0.9,0.4,0.3,0,0.9666666666666667,0.9706547,0.9173553719008265,0.92662275,0.3900322575352179,0.22780599,,,,
random,N/A,rrg,1.0,0.4,0.3,0,1.0,0.9999054,1.0,0.99976546,1.4322742983587659e-06,0.007084745,,,,
random,N/A,rrg,0.0,0.05,0.3,1,0.9566666666666667,0.94999987,0.0,0.0,11.991476132777983,11.267633,,,,
random,N/A,rrg,0.1,0.05,0.3,1,0.9566666666666667,0.9622477,0.0,0.09088717,6.450417674209993,6.5043626,,,,
random,N/A,rrg,0.2,0.05,0.3,1,0.9633333333333334,0.96367,0.15384615384615483,0.1515823,4.514100868412333,4.930839,,,,
random,N/A,rrg,0.30000000000000004,0.05,0.3,1,0.9633333333333334,0.9669867,0.15384615384615483,0.25032926,2.3026252894728287,2.5599642,,,,
random,N/A,rrg,0.4,0.05,0.3,1,0.98,0.98238426,0.5384615384615381,0.563383,2.819252021046624,2.0264955,,,,
random,N/A,rrg,0.5,0.05,0.3,1,0.9933333333333333,0.98651975,0.8461538461538451,0.7097348,0.9500628844832937,1.1667365,,,,
random,N/A,rrg,0.6000000000000001,0.05,0.3,1,0.9866666666666667,0.98243165,0.6923076923076928,0.5959168,0.680969860249133,0.7359556,,,,
random,N/A,rrg,0.7000000000000001,0.05,0.3,1,0.9833333333333333,0.9941189,0.6153846153846142,0.85872155,0.40642280994720675,0.4621628,,,,
random,N/A,rrg,0.8,0.05,0.3,1,0.9933333333333333,0.99572796,0.8461538461538451,0.89406073,0.5877018002738911,0.30034882,,,,
random,N/A,rrg,0.9,0.05,0.3,1,1.0,0.99913716,1.0,0.9804536,0.08927168677371723,0.10790281,,,,
random,N/A,rrg,1.0,0.05,0.3,1,1.0,0.99998605,1.0,0.9996781,1.4114248641578797e-06,0.0027458132,,,,
random,N/A,rrg,0.0,0.1,0.3,1,0.8966666666666666,0.9000041,0.0,0.0,9.798885901921684,9.779279,,,,
random,N/A,rrg,0.1,0.1,0.3,1,0.9066666666666666,0.8971817,0.09677419354838714,0.12061417,8.195354391707006,6.6810603,,,,
random,N/A,rrg,0.2,0.1,0.3,1,0.9233333333333333,0.9239498,0.2580645161290327,0.2714022,4.919168880399486,5.0886207,,,,
random,N/A,rrg,0.30000000000000004,0.1,0.3,1,0.94,0.9356357,0.4193548387096772,0.38106537,3.122517292063541,3.3333178,,,,
random,N/A,rrg,0.4,0.1,0.3,1,0.95,0.9499522,0.5161290322580644,0.49970657,2.5361529494897663,2.5313227,,,,
random,N/A,rrg,0.5,0.1,0.3,1,0.95,0.96432436,0.5161290322580644,0.61851436,1.7314401171088056,1.7820431,,,,
random,N/A,rrg,0.6000000000000001,0.1,0.3,1,0.97,0.97735476,0.7096774193548386,0.76100284,1.2688313172430037,1.3127074,,,,
random,N/A,rrg,0.7000000000000001,0.1,0.3,1,0.9733333333333334,0.98133045,0.7419354838709684,0.8197121,0.6890653281401109,0.7925806,,,,
random,N/A,rrg,0.8,0.1,0.3,1,0.99,0.9918567,0.9032258064516129,0.91975063,0.4363286680254779,0.5395624,,,,
random,N/A,rrg,0.9,0.1,0.3,1,0.9966666666666667,0.99741375,0.9677419354838713,0.97474635,0.14217864552621348,0.18138228,,,,
random,N/A,rrg,1.0,0.1,0.3,1,1.0,0.99996907,1.0,0.9997006,1.7772984588054568e-06,0.0036847866,,,,
random,N/A,rrg,0.0,0.2,0.3,1,0.7866666666666666,0.8000036,0.0,0.0,5.852260233120041,6.65358,,,,
random,N/A,rrg,0.1,0.2,0.3,1,0.8133333333333334,0.8201287,0.12500000000000025,0.10460923,4.808304760504193,5.2570777,,,,
random,N/A,rrg,0.2,0.2,0.3,1,0.8233333333333334,0.8252791,0.1718750000000003,0.17963679,3.92019823420471,3.9281247,,,,
random,N/A,rrg,0.30000000000000004,0.2,0.3,1,0.8466666666666667,0.8538974,0.2812500000000002,0.30333674,2.6782605515137705,3.0090578,,,,
random,N/A,rrg,0.4,0.2,0.3,1,0.87,0.8863017,0.3906250000000001,0.40944338,2.382770179275431,2.6182086,,,,
random,N/A,rrg,0.5,0.2,0.3,1,0.8966666666666666,0.9059755,0.5156249999999999,0.5504625,1.369916064021813,1.6251526,,,,
random,N/A,rrg,0.6000000000000001,0.2,0.3,1,0.9433333333333334,0.93398094,0.7343750000000001,0.68873125,1.0205760006372246,1.1311654,,,,
random,N/A,rrg,0.7000000000000001,0.2,0.3,1,0.9466666666666667,0.9500895,0.75,0.7704601,0.5132864097419666,0.78835326,,,,
random,N/A,rrg,0.8,0.2,0.3,1,0.9833333333333333,0.9726003,0.9218749999999998,0.8772195,0.26591023233178906,0.4432953,,,,
random,N/A,rrg,0.9,0.2,0.3,1,0.99,0.98706216,0.953125,0.94015706,0.16714321271645488,0.1961042,,,,
random,N/A,rrg,1.0,0.2,0.3,1,1.0,0.9999469,1.0,0.99975103,1.1162396971045771e-06,0.0052176784,,,,
random,N/A,rrg,0.0,0.3,0.3,1,0.7,0.7000066,0.0,0.0,4.469990659642708,4.6622105,,,,
random,N/A,rrg,0.1,0.3,0.3,1,0.73,0.7310609,0.10000000000000007,0.12646016,4.035172766954101,3.7074037,,,,
random,N/A,rrg,0.2,0.3,0.3,1,0.7633333333333333,0.7619312,0.21111111111111114,0.21436287,3.0651981927344756,3.1263244,,,,
random,N/A,rrg,0.30000000000000004,0.3,0.3,1,0.7866666666666666,0.7926168,0.28888888888888886,0.29752713,2.6303708059264252,2.5253932,,,,
random,N/A,rrg,0.4,0.3,0.3,1,0.8066666666666666,0.84155566,0.35555555555555557,0.41252604,2.0710358403549516,2.0944548,,,,
random,N/A,rrg,0.5,0.3,0.3,1,0.8866666666666667,0.8678854,0.6222222222222225,0.5835691,1.2713654355993371,1.5759554,,,,
random,N/A,rrg,0.6000000000000001,0.3,0.3,1,0.89,0.89665854,0.6333333333333334,0.6563098,0.9454973089001544,1.1540791,,,,
random,N/A,rrg,0.7000000000000001,0.3,0.3,1,0.9233333333333333,0.92784506,0.7444444444444445,0.7571538,0.6043807234621131,0.7495074,,,,
random,N/A,rrg,0.8,0.3,0.3,1,0.9566666666666667,0.95784545,0.8555555555555556,0.86551106,0.5870093407520117,0.5313545,,,,
random,N/A,rrg,0.9,0.3,0.3,1,0.98,0.97946656,0.9333333333333332,0.9316501,0.15873761058973423,0.21384738,,,,
random,N/A,rrg,1.0,0.3,0.3,1,1.0,0.9999172,1.0,0.999724,1.652755891395582e-06,0.006698516,,,,
random,N/A,rrg,0.0,0.4,0.3,1,0.6266666666666667,0.6000194,0.0,0.0,3.3782170922721773,3.3618698,,,,
random,N/A,rrg,0.1,0.4,0.3,1,0.67,0.6498721,0.11607142857142859,0.116741195,2.8640834339707597,2.957792,,,,
random,N/A,rrg,0.2,0.4,0.3,1,0.71,0.6940824,0.22321428571428553,0.2194871,2.2511359709699166,2.459483,,,,
random,N/A,rrg,0.30000000000000004,0.4,0.3,1,0.7433333333333333,0.7429011,0.31249999999999983,0.30986774,2.0757340850425714,2.180225,,,,
random,N/A,rrg,0.4,0.4,0.3,1,0.7833333333333333,0.7871878,0.41964285714285704,0.44099644,1.432829534641174,1.7941577,,,,
random,N/A,rrg,0.5,0.4,0.3,1,0.8233333333333334,0.8270886,0.5267857142857143,0.5424555,1.2445367486491432,1.3425329,,,,
random,N/A,rrg,0.6000000000000001,0.4,0.3,1,0.8666666666666667,0.8645748,0.6428571428571429,0.63910466,0.7748324849011755,1.1260322,,,,
random,N/A,rrg,0.7000000000000001,0.4,0.3,1,0.9033333333333333,0.9046513,0.7410714285714285,0.7492667,0.6457671403922113,0.6662615,,,,
random,N/A,rrg,0.8,0.4,0.3,1,0.95,0.94296765,0.8660714285714285,0.8512517,0.30082765872945527,0.4686501,,,,
random,N/A,rrg,0.9,0.4,0.3,1,0.9766666666666667,0.96992964,0.9375,0.92286056,0.24421601993246558,0.19154586,,,,
random,N/A,rrg,1.0,0.4,0.3,1,1.0,0.99990135,1.0,0.9997357,1.6856440313730843e-06,0.007158408,,,,
random,N/A,rrg,0.0,0.05,0.3,2,0.95,0.94999987,0.0,0.0,11.11934474697476,11.267633,,,,
random,N/A,rrg,0.1,0.05,0.3,2,0.9566666666666667,0.95515114,0.13333333333333408,0.12941071,7.6574186941199684,7.6830873,,,,
random,N/A,rrg,0.2,0.05,0.3,2,0.9766666666666667,0.96667796,0.5333333333333341,0.36841244,4.89256097921286,4.6231694,,,,
random,N/A,rrg,0.30000000000000004,0.05,0.3,2,0.96,0.96261436,0.2,0.27297163,3.4266559715471447,2.932347,,,,
random,N/A,rrg,0.4,0.05,0.3,2,0.9833333333333333,0.97264606,0.666666666666666,0.5239813,1.966513491610655,2.0215309,,,,
random,N/A,rrg,0.5,0.05,0.3,2,0.9833333333333333,0.97694206,0.666666666666666,0.6096892,1.4991083595076078,1.4594296,,,,
random,N/A,rrg,0.6000000000000001,0.05,0.3,2,0.9866666666666667,0.98378664,0.7333333333333341,0.6727064,1.053331439249426,0.96322346,,,,
random,N/A,rrg,0.7000000000000001,0.05,0.3,2,0.9933333333333333,0.98902935,0.8666666666666659,0.78629434,0.8172442490588313,0.7847372,,,,
random,N/A,rrg,0.8,0.05,0.3,2,1.0,0.9981315,1.0,0.96396106,0.17862600168671694,0.33010378,,,,
random,N/A,rrg,0.9,0.05,0.3,2,1.0,0.9994206,1.0,0.98854214,0.18035846248968695,0.17847604,,,,
random,N/A,rrg,1.0,0.05,0.3,2,1.0,0.999978,1.0,0.99956006,3.4582473731923336e-06,0.0038358537,,,,
random,N/A,rrg,0.0,0.1,0.3,2,0.9033333333333333,0.9000041,0.0,0.0,9.759416353060498,9.779279,,,,
random,N/A,rrg,0.1,0.1,0.3,2,0.91,0.91407835,0.06896551724137974,0.07200327,7.139406880827655,7.502959,,,,
random,N/A,rrg,0.2,0.1,0.3,2,0.91,0.910909,0.06896551724137974,0.16330999,5.315942153879978,4.9208627,,,,
random,N/A,rrg,0.30000000000000004,0.1,0.3,2,0.9366666666666666,0.9360648,0.3448275862068964,0.35634726,4.463242656863411,3.5694613,,,,
random,N/A,rrg,0.4,0.1,0.3,2,0.9433333333333334,0.9428581,0.4137931034482762,0.44761968,2.256388314922838,2.5218556,,,,
random,N/A,rrg,0.5,0.1,0.3,2,0.96,0.96502006,0.5862068965517239,0.65688676,1.5549345118768834,1.6886173,,,,
random,N/A,rrg,0.6000000000000001,0.1,0.3,2,0.99,0.9801998,0.8965517241379309,0.80904514,1.4791039392225405,1.1396835,,,,
random,N/A,rrg,0.7000000000000001,0.1,0.3,2,0.9866666666666667,0.98285073,0.8620689655172417,0.8371512,0.9185796841455596,0.7905253,,,,
random,N/A,rrg,0.8,0.1,0.3,2,0.9966666666666667,0.99141115,0.9655172413793107,0.91464907,0.33235208752158696,0.41370162,,,,
random,N/A,rrg,0.9,0.1,0.3,2,0.9966666666666667,0.99536896,0.9655172413793107,0.9526703,0.1812473128575025,0.2242278,,,,
random,N/A,rrg,1.0,0.1,0.3,2,1.0,0.99998647,1.0,0.99986005,3.7381476437357844e-07,0.0020293726,,,,
random,N/A,rrg,0.0,0.2,0.3,2,0.7933333333333333,0.8000036,0.0,0.0,7.602479767358219,6.65358,,,,
random,N/A,rrg,0.1,0.2,0.3,2,0.83,0.82291704,0.17741935483870946,0.17153667,6.429503079949542,5.1376276,,,,
random,N/A,rrg,0.2,0.2,0.3,2,0.8466666666666667,0.8573021,0.2580645161290323,0.25848827,3.897125683184725,4.3424125,,,,
random,N/A,rrg,0.30000000000000004,0.2,0.3,2,0.8666666666666667,0.87314796,0.3548387096774195,0.35011834,3.590166485072353,3.2752898,,,,
random,N/A,rrg,0.4,0.2,0.3,2,0.8966666666666666,0.8972437,0.4999999999999997,0.52726626,2.6131929540437864,2.4735389,,,,
random,N/A,rrg,0.5,0.2,0.3,2,0.9366666666666666,0.91217947,0.6935483870967741,0.6106276,2.6244386505420145,1.8783386,,,,
random,N/A,rrg,0.6000000000000001,0.2,0.3,2,0.92,0.9410626,0.6129032258064518,0.68664557,1.1904419803795372,1.2650967,,,,
random,N/A,rrg,0.7000000000000001,0.2,0.3,2,0.9533333333333334,0.9580615,0.774193548387097,0.80163074,0.7858787204798525,0.7054265,,,,
random,N/A,rrg,0.8,0.2,0.3,2,0.9733333333333334,0.9759265,0.8709677419354841,0.8811928,0.6616201852236473,0.47009185,,,,
random,N/A,rrg,0.9,0.2,0.3,2,0.9966666666666667,0.9853078,0.9838709677419356,0.9304324,0.11153977606172762,0.25459355,,,,
random,N/A,rrg,1.0,0.2,0.3,2,1.0,0.9999417,1.0,0.9997179,1.962588653519531e-06,0.0056348005,,,,
random,N/A,rrg,0.0,0.3,0.3,2,0.6633333333333333,0.7000066,0.0,0.0,3.997971686610074,4.6622105,,,,
random,N/A,rrg,0.1,0.3,0.3,2,0.7,0.7351981,0.10891089108910879,0.11375375,3.537325082859765,3.9355469,,,,
random,N/A,rrg,0.2,0.3,0.3,2,0.7466666666666667,0.765929,0.24752475247524763,0.24310975,3.2928765624195035,3.1616223,,,,
random,N/A,rrg,0.30000000000000004,0.3,0.3,2,0.7666666666666667,0.78442323,0.3069306930693071,0.31761044,2.5906941922663025,2.4302528,,,,
random,N/A,rrg,0.4,0.3,0.3,2,0.8033333333333333,0.83198637,0.4158415841584159,0.4735816,2.100995673397596,1.9681238,,,,
random,N/A,rrg,0.5,0.3,0.3,2,0.8633333333333333,0.8565065,0.5940594059405939,0.5705206,1.8231974348080182,1.4283917,,,,
random,N/A,rrg,0.6000000000000001,0.3,0.3,2,0.88,0.90113384,0.6435643564356436,0.6859122,1.0298205184380544,1.2273448,,,,
random,N/A,rrg,0.7000000000000001,0.3,0.3,2,0.89,0.9249698,0.6732673267326733,0.7554207,0.8226845817735711,0.9100006,,,,
random,N/A,rrg,0.8,0.3,0.3,2,0.94,0.95328677,0.8217821782178216,0.8593014,0.5472521873428218,0.487319,,,,
random,N/A,rrg,0.9,0.3,0.3,2,0.9666666666666667,0.97248024,0.900990099009901,0.91799915,0.32832527470883244,0.20635627,,,,
random,N/A,rrg,1.0,0.3,0.3,2,1.0,0.9998987,1.0,0.99969894,2.240745500155559e-06,0.0072667035,,,,
random,N/A,rrg,0.0,0.4,0.3,2,0.6333333333333333,0.6000194,0.0,0.0,4.478988390680685,3.3618698,,,,
random,N/A,rrg,0.1,0.4,0.3,2,0.65,0.655291,0.045454545454545595,0.100908056,3.6937151955079943,3.0747375,,,,
random,N/A,rrg,0.2,0.4,0.3,2,0.7033333333333334,0.69639903,0.19090909090909106,0.21329232,3.284470728247581,2.5589213,,,,
random,N/A,rrg,0.30000000000000004,0.4,0.3,2,0.73,0.7506478,0.26363636363636367,0.32156682,2.2910291932479097,2.2770047,,,,
random,N/A,rrg,0.4,0.4,0.3,2,0.8,0.7914103,0.4545454545454547,0.45760116,1.6806139985139885,1.8159842,,,,
random,N/A,rrg,0.5,0.4,0.3,2,0.8433333333333334,0.8329765,0.5727272727272729,0.5460602,1.6728906759209026,1.3828641,,,,
random,N/A,rrg,0.6000000000000001,0.4,0.3,2,0.8666666666666667,0.87219083,0.6363636363636365,0.65020883,1.0486969894077502,1.122496,,,,
random,N/A,rrg,0.7000000000000001,0.4,0.3,2,0.9,0.90773785,0.7272727272727274,0.749884,0.9120269011781093,0.7943185,,,,
random,N/A,rrg,0.8,0.4,0.3,2,0.9366666666666666,0.9437029,0.8272727272727273,0.8473515,0.4417993536315938,0.47228435,,,,
random,N/A,rrg,0.9,0.4,0.3,2,0.98,0.9748783,0.9454545454545454,0.9328464,0.16860044039199437,0.21105154,,,,
random,N/A,rrg,1.0,0.4,0.3,2,1.0,0.9998943,1.0,0.9997117,2.3239495750657796e-06,0.007420227,,,,
random,N/A,rrg,0.0,0.05,0.3,3,0.9666666666666667,0.94999987,0.0,0.0,12.609921675431384,11.267633,,,,
random,N/A,rrg,0.1,0.05,0.3,3,0.9733333333333334,0.9666169,0.20000000000000134,0.16645955,6.664817519926962,7.026922,,,,
random,N/A,rrg,0.2,0.05,0.3,3,0.98,0.9751587,0.39999999999999936,0.2968979,3.8626572281605407,3.7766602,,,,
random,N/A,rrg,0.30000000000000004,0.05,0.3,3,0.98,0.98133993,0.39999999999999936,0.42210114,1.9438760733789808,2.6692734,,,,
random,N/A,rrg,0.4,0.05,0.3,3,0.9766666666666667,0.9823237,0.3000000000000003,0.3744075,1.6722111685942567,1.5672916,,,,
random,N/A,rrg,0.5,0.05,0.3,3,0.99,0.9941547,0.6999999999999996,0.82607925,1.0099007083769667,1.0188906,,,,
random,N/A,rrg,0.6000000000000001,0.05,0.3,3,1.0,0.9967745,1.0,0.90774584,0.6186274217185977,0.6705494,,,,
random,N/A,rrg,0.7000000000000001,0.05,0.3,3,1.0,0.99647784,1.0,0.89712447,0.41162387145354934,0.35647532,,,,
random,N/A,rrg,0.8,0.05,0.3,3,1.0,0.9990966,1.0,0.97356397,0.3394180865474064,0.31931615,,,,
random,N/A,rrg,0.9,0.05,0.3,3,1.0,0.99989647,1.0,0.9969031,0.10710587828843444,0.10647493,,,,
random,N/A,rrg,1.0,0.05,0.3,3,1.0,0.9999902,1.0,0.99970675,4.197481176184371e-07,0.0018296596,,,,
random,N/A,rrg,0.0,0.1,0.3,3,0.91,0.9000041,0.0,0.0,11.916268833630973,9.779279,,,,
random,N/A,rrg,0.1,0.1,0.3,3,0.9233333333333333,0.9203425,0.14814814814814792,0.1433832,6.590026223948043,7.305669,,,,
random,N/A,rrg,0.2,0.1,0.3,3,0.9366666666666666,0.92763203,0.29629629629629584,0.2151719,3.1642022592367995,4.9255047,,,,
random,N/A,rrg,0.30000000000000004,0.1,0.3,3,0.9566666666666667,0.93661386,0.5185185185185184,0.3434147,2.9872797426717193,3.507501,,,,
random,N/A,rrg,0.4,0.1,0.3,3,0.9566666666666667,0.9504892,0.5185185185185184,0.427733,2.1451399712859818,2.4441118,,,,
random,N/A,rrg,0.5,0.1,0.3,3,0.9733333333333334,0.9709825,0.7037037037037042,0.6612876,1.676789454749041,1.4895874,,,,
random,N/A,rrg,0.6000000000000001,0.1,0.3,3,0.9766666666666667,0.9738428,0.7407407407407408,0.7055534,1.131636063652547,1.3916384,,,,
random,N/A,rrg,0.7000000000000001,0.1,0.3,3,0.9933333333333333,0.98780763,0.9259259259259254,0.86813986,0.7350401001883038,0.755447,,,,
random,N/A,rrg,0.8,0.1,0.3,3,0.9833333333333333,0.99013203,0.8148148148148142,0.88138986,0.3504143561639014,0.44704524,,,,
random,N/A,rrg,0.9,0.1,0.3,3,0.9933333333333333,0.9955248,0.9259259259259254,0.9477988,0.2012788886524865,0.20510997,,,,
random,N/A,rrg,1.0,0.1,0.3,3,1.0,0.9999731,1.0,0.99970126,1.253485762132417e-06,0.00348888,,,,
random,N/A,rrg,0.0,0.2,0.3,3,0.7933333333333333,0.8000036,0.0,0.0,7.097857007539189,6.65358,,,,
random,N/A,rrg,0.1,0.2,0.3,3,0.82,0.8228827,0.12903225806451588,0.1451595,5.6850560240193495,5.1353,,,,
random,N/A,rrg,0.2,0.2,0.3,3,0.8233333333333334,0.85681844,0.14516129032258077,0.20430714,4.931727125249329,4.4275165,,,,
random,N/A,rrg,0.30000000000000004,0.2,0.3,3,0.8533333333333334,0.87165403,0.29032258064516153,0.306978,3.5033855435624126,3.4349647,,,,
random,N/A,rrg,0.4,0.2,0.3,3,0.8866666666666667,0.90063924,0.45161290322580666,0.45495614,2.734584574859532,2.3940837,,,,
random,N/A,rrg,0.5,0.2,0.3,3,0.9233333333333333,0.9285609,0.6290322580645161,0.64510834,2.2691122613201444,1.6840688,,,,
random,N/A,rrg,0.6000000000000001,0.2,0.3,3,0.92,0.94411904,0.6129032258064518,0.71186924,1.9558823606188696,1.3511246,,,,
random,N/A,rrg,0.7000000000000001,0.2,0.3,3,0.9466666666666667,0.9591902,0.7419354838709676,0.796383,0.8881920567405344,0.8336137,,,,
random,N/A,rrg,0.8,0.2,0.3,3,0.9766666666666667,0.9800274,0.8870967741935485,0.9017474,0.39632859016423194,0.55891633,,,,
random,N/A,rrg,0.9,0.2,0.3,3,0.9733333333333334,0.9882814,0.8709677419354841,0.9388683,0.4495815093171173,0.22752003,,,,
random,N/A,rrg,1.0,0.2,0.3,3,1.0,0.9999276,1.0,0.99964947,4.519680108753558e-06,0.0069150534,,,,
random,N/A,rrg,0.0,0.3,0.3,3,0.6833333333333333,0.7000066,0.0,0.0,4.324998827863228,4.6622105,,,,
random,N/A,rrg,0.1,0.3,0.3,3,0.72,0.74211866,0.1157894736842104,0.07759135,3.2350185546558463,4.167946,,,,
random,N/A,rrg,0.2,0.3,0.3,3,0.76,0.7683767,0.24210526315789474,0.21199785,2.9893691883625526,3.3024967,,,,
random,N/A,rrg,0.30000000000000004,0.3,0.3,3,0.78,0.80117804,0.3052631578947369,0.33362654,2.2882373003313456,2.6355689,,,,
random,N/A,rrg,0.4,0.3,0.3,3,0.8133333333333334,0.83322483,0.41052631578947374,0.40300158,1.9469007577332251,2.0479677,,,,
random,N/A,rrg,0.5,0.3,0.3,3,0.8466666666666667,0.86746746,0.5157894736842106,0.5600798,1.3607811904058322,1.5222902,,,,
random,N/A,rrg,0.6000000000000001,0.3,0.3,3,0.8933333333333333,0.8944517,0.6631578947368421,0.65637094,1.1102930461113347,1.2005973,,,,
random,N/A,rrg,0.7000000000000001,0.3,0.3,3,0.9166666666666666,0.9318515,0.7368421052631577,0.7806339,0.6519003097743082,0.8686258,,,,
random,N/A,rrg,0.8,0.3,0.3,3,0.9633333333333334,0.95161843,0.8842105263157896,0.8519509,0.45158013790586465,0.45398408,,,,
random,N/A,rrg,0.9,0.3,0.3,3,0.9766666666666667,0.98028076,0.9263157894736842,0.93694705,0.18795895249084058,0.23316218,,,,
random,N/A,rrg,1.0,0.3,0.3,3,1.0,0.9999194,1.0,0.9997455,1.9918725440895753e-06,0.0066401917,,,,
random,N/A,rrg,0.0,0.4,0.3,3,0.6433333333333333,0.6000194,0.0,0.0,4.387912618236278,3.3618698,,,,
random,N/A,rrg,0.1,0.4,0.3,3,0.69,0.6587726,0.130841121495327,0.12314164,3.027600068363212,3.0723205,,,,
random,N/A,rrg,0.2,0.4,0.3,3,0.7366666666666667,0.69486845,0.26168224299065435,0.23566014,2.844809667496004,2.4776893,,,,
random,N/A,rrg,0.30000000000000004,0.4,0.3,3,0.7666666666666667,0.73185265,0.3457943925233647,0.31603646,2.720746162972207,2.0171788,,,,
random,N/A,rrg,0.4,0.4,0.3,3,0.8133333333333334,0.79354346,0.4766355140186917,0.4256776,2.0020828550460115,1.8439645,,,,
random,N/A,rrg,0.5,0.4,0.3,3,0.83,0.835629,0.5233644859813084,0.53719765,1.2797965572121814,1.4804881,,,,
random,N/A,rrg,0.6000000000000001,0.4,0.3,3,0.87,0.8697284,0.6355140186915887,0.6460156,1.074115286347727,1.1567692,,,,
random,N/A,rrg,0.7000000000000001,0.4,0.3,3,0.94,0.90652364,0.8317757009345793,0.75174356,1.205047218445147,0.7985261,,,,
random,N/A,rrg,0.8,0.4,0.3,3,0.93,0.9380676,0.8037383177570095,0.82658273,0.6431826483675345,0.5190029,,,,
random,N/A,rrg,0.9,0.4,0.3,3,0.9766666666666667,0.9751836,0.9345794392523366,0.9319117,0.19404619737810344,0.22847036,,,,
random,N/A,rrg,1.0,0.4,0.3,3,1.0,0.99990964,1.0,0.9997466,1.7197338146677054e-06,0.0069613447,,,,
random,N/A,rrg,0.0,0.05,0.3,4,0.95,0.94999987,0.0,0.0,10.227483346370512,11.267633,,,,
random,N/A,rrg,0.1,0.05,0.3,4,0.96,0.95680946,0.2,0.24140476,7.0138172114456605,7.0378695,,,,
random,N/A,rrg,0.2,0.05,0.3,4,0.9633333333333334,0.9582469,0.26666666666666816,0.19527505,5.052401846994503,5.012165,,,,
random,N/A,rrg,0.30000000000000004,0.05,0.3,4,0.97,0.9753133,0.4,0.48584175,3.187100532443749,3.1853902,,,,
random,N/A,rrg,0.4,0.05,0.3,4,0.98,0.9827312,0.6,0.6439095,1.8999639670130524,2.250337,,,,
random,N/A,rrg,0.5,0.05,0.3,4,0.97,0.9800237,0.4,0.6064927,1.7125163835113706,1.3899139,,,,
random,N/A,rrg,0.6000000000000001,0.05,0.3,4,0.9933333333333333,0.9898132,0.8666666666666659,0.78624994,0.8288273300711936,0.90360546,,,,
random,N/A,rrg,0.7000000000000001,0.05,0.3,4,1.0,0.997272,1.0,0.94821286,0.4180383807951466,0.53114724,,,,
random,N/A,rrg,0.8,0.05,0.3,4,1.0,0.99841714,1.0,0.96931124,0.24155318184443825,0.29923782,,,,
random,N/A,rrg,0.9,0.05,0.3,4,1.0,0.99937755,1.0,0.9877027,0.05553039598382309,0.13191338,,,,
random,N/A,rrg,1.0,0.05,0.3,4,1.0,0.99998456,1.0,0.9996912,1.0913349058366239e-06,0.0024861959,,,,
random,N/A,rrg,0.0,0.1,0.3,4,0.8666666666666667,0.9000041,0.0,0.0,9.106436573817028,9.779279,,,,
random,N/A,rrg,0.1,0.1,0.3,4,0.8866666666666667,0.8931665,0.15000000000000016,0.1576869,6.980916884561645,6.42161,,,,
random,N/A,rrg,0.2,0.1,0.3,4,0.9,0.91029805,0.25,0.23789285,5.486786670738533,5.2073293,,,,
random,N/A,rrg,0.30000000000000004,0.1,0.3,4,0.92,0.93622327,0.4000000000000002,0.4448708,3.7790393269192295,3.5685368,,,,
random,N/A,rrg,0.4,0.1,0.3,4,0.94,0.9387677,0.5499999999999995,0.5242156,2.5269180523561614,2.5065827,,,,
random,N/A,rrg,0.5,0.1,0.3,4,0.9433333333333334,0.95837504,0.5750000000000001,0.6505878,1.8332849796973012,1.713547,,,,
random,N/A,rrg,0.6000000000000001,0.1,0.3,4,0.9566666666666667,0.9666552,0.6749999999999999,0.7394384,1.1422212778717766,1.1817921,,,,
random,N/A,rrg,0.7000000000000001,0.1,0.3,4,0.9766666666666667,0.9714669,0.8250000000000001,0.76879525,1.059347299186155,0.89680886,,,,
random,N/A,rrg,0.8,0.1,0.3,4,0.9866666666666667,0.98283887,0.9000000000000001,0.86767894,0.3346063373869411,0.49080926,,,,
random,N/A,rrg,0.9,0.1,0.3,4,0.9933333333333333,0.99491763,0.9499999999999996,0.96255213,0.1593952715032285,0.23454234,,,,
random,N/A,rrg,1.0,0.1,0.3,4,1.0,0.9999811,1.0,0.99985826,3.4083391380384255e-07,0.0021229796,,,,
random,N/A,rrg,0.0,0.2,0.3,4,0.83,0.8000036,0.0,0.0,7.8625250017205035,6.65358,,,,
random,N/A,rrg,0.1,0.2,0.3,4,0.8466666666666667,0.82251245,0.09803921568627479,0.090891965,5.83416310418026,5.272309,,,,
random,N/A,rrg,0.2,0.2,0.3,4,0.8766666666666667,0.85729563,0.27450980392156904,0.21661834,4.618158449448267,4.441796,,,,
random,N/A,rrg,0.30000000000000004,0.2,0.3,4,0.8833333333333333,0.87224287,0.3137254901960784,0.31438074,3.610193084572113,3.151259,,,,
random,N/A,rrg,0.4,0.2,0.3,4,0.9133333333333333,0.890887,0.49019607843137264,0.448115,2.3309476830820155,2.5066977,,,,
random,N/A,rrg,0.5,0.2,0.3,4,0.9333333333333333,0.92521626,0.6078431372549021,0.58984363,1.4765502988513113,1.8093293,,,,
random,N/A,rrg,0.6000000000000001,0.2,0.3,4,0.9566666666666667,0.9393935,0.7450980392156863,0.67021734,1.6215459864440078,1.3167499,,,,
random,N/A,rrg,0.7000000000000001,0.2,0.3,4,0.96,0.9530618,0.764705882352941,0.7499285,0.8111496979869935,0.95835245,,,,
random,N/A,rrg,0.8,0.2,0.3,4,0.9833333333333333,0.9755324,0.9019607843137252,0.8592449,0.5821589740487828,0.5657087,,,,
random,N/A,rrg,0.9,0.2,0.3,4,0.9966666666666667,0.9898463,0.9803921568627453,0.942552,0.11865413331044104,0.19955477,,,,
random,N/A,rrg,1.0,0.2,0.3,4,1.0,0.9999768,1.0,0.9998636,5.654959446199965e-07,0.002534672,,,,
random,N/A,rrg,0.0,0.3,0.3,4,0.7266666666666667,0.7000066,0.0,0.0,4.794862333226692,4.6622105,,,,
random,N/A,rrg,0.1,0.3,0.3,4,0.76,0.738,0.1219512195121951,0.12578322,3.647705351419363,3.929559,,,,
random,N/A,rrg,0.2,0.3,0.3,4,0.7833333333333333,0.7692432,0.20731707317073164,0.16642006,2.888577858319802,3.355147,,,,
random,N/A,rrg,0.30000000000000004,0.3,0.3,4,0.8333333333333334,0.8099265,0.3902439024390245,0.355379,2.4674570647629146,2.7501297,,,,
random,N/A,rrg,0.4,0.3,0.3,4,0.8666666666666667,0.8417355,0.5121951219512196,0.47602192,2.2678092441269437,2.0189383,,,,
random,N/A,rrg,0.5,0.3,0.3,4,0.8866666666666667,0.8676375,0.5853658536585368,0.56385845,1.9712179878713225,1.6312535,,,,
random,N/A,rrg,0.6000000000000001,0.3,0.3,4,0.9,0.89723796,0.6341463414634146,0.63054943,1.231945884748869,1.1840152,,,,
random,N/A,rrg,0.7000000000000001,0.3,0.3,4,0.95,0.9324347,0.8170731707317072,0.76116604,0.7418526238255129,0.90097374,,,,
random,N/A,rrg,0.8,0.3,0.3,4,0.9533333333333334,0.96158975,0.8292682926829269,0.85726386,0.608534918207251,0.528631,,,,
random,N/A,rrg,0.9,0.3,0.3,4,0.9866666666666667,0.97988707,0.951219512195122,0.9275104,0.16828415127037946,0.22381267,,,,
random,N/A,rrg,1.0,0.3,0.3,4,1.0,0.99993044,1.0,0.9997455,1.5259848333724487e-06,0.0057798247,,,,
random,N/A,rrg,0.0,0.4,0.3,4,0.59,0.6000194,0.0,0.0,3.3153167827094943,3.3618698,,,,
random,N/A,rrg,0.1,0.4,0.3,4,0.6266666666666667,0.64756894,0.08943089430894326,0.13857295,2.802889511410682,2.8015754,,,,
random,N/A,rrg,0.2,0.4,0.3,4,0.6833333333333333,0.69875455,0.22764227642276433,0.22978863,2.209120610326695,2.5854418,,,,
random,N/A,rrg,0.30000000000000004,0.4,0.3,4,0.73,0.7365828,0.34146341463414637,0.34572387,1.9675883611762985,1.9688649,,,,
random,N/A,rrg,0.4,0.4,0.3,4,0.7666666666666667,0.7837985,0.4308943089430896,0.45211026,1.4352181548908223,1.657899,,,,
random,N/A,rrg,0.5,0.4,0.3,4,0.8333333333333334,0.82022285,0.5934959349593497,0.5718475,1.2927867390439371,1.3287266,,,,
random,N/A,rrg,0.6000000000000001,0.4,0.3,4,0.8633333333333333,0.8618803,0.6666666666666666,0.6643915,1.2255294026505457,1.0189651,,,,
random,N/A,rrg,0.7000000000000001,0.4,0.3,4,0.8866666666666667,0.9008777,0.7235772357723579,0.75257736,0.6521417748916323,0.7175898,,,,
random,N/A,rrg,0.8,0.4,0.3,4,0.9366666666666666,0.933923,0.8455284552845528,0.8420432,0.49675620141846716,0.47388026,,,,
random,N/A,rrg,0.9,0.4,0.3,4,0.9666666666666667,0.96566397,0.9186991869918699,0.91461647,0.13564145330855581,0.20408967,,,,
random,N/A,rrg,1.0,0.4,0.3,4,1.0,0.99989235,1.0,0.9997374,1.8670605256083866e-06,0.00759998,,,,
sequential,ov,rrg,0.0,0.05,0.3,0,0.95,0.94999987,0.0,0.0,11.054593655971342,11.267633,,,,
sequential,ov,rrg,0.1,0.05,0.3,0,1.0,0.9713112,1.0,0.63541406,4.655089327818174,5.9585376,,,,
sequential,ov,rrg,0.2,0.05,0.3,0,1.0,0.98139465,1.0,0.72880614,2.778977521279071,4.1871395,,,,
sequential,ov,rrg,0.30000000000000004,0.05,0.3,0,1.0,0.98773664,1.0,0.80304056,1.9369611530680224,2.9500198,,,,
sequential,ov,rrg,0.4,0.05,0.3,0,1.0,0.99270374,1.0,0.8726571,1.2163186732320803,1.9202926,,,,
sequential,ov,rrg,0.5,0.05,0.3,0,1.0,0.9940171,1.0,0.89313006,0.9508550779326839,1.3581061,,,,
sequential,ov,rrg,0.6000000000000001,0.05,0.3,0,1.0,0.9963599,1.0,0.93213767,0.6156641992672098,0.8567056,,,,
sequential,ov,rrg,0.7000000000000001,0.05,0.3,0,1.0,0.9974119,1.0,0.95078516,0.36731510850006904,0.58159053,,,,
sequential,ov,rrg,0.8,0.05,0.3,0,1.0,0.99917585,1.0,0.9837837,0.17984517766969652,0.33007565,,,,
sequential,ov,rrg,0.9,0.05,0.3,0,1.0,0.99948263,1.0,0.9897574,0.07929606520036704,0.16265795,,,,
sequential,ov,rrg,1.0,0.05,0.3,0,1.0,0.9999892,1.0,0.99978423,3.1485423053018644e-07,0.0017417768,,,,
sequential,mov,rrg,0.0,0.05,0.3,0,0.95,0.94999987,0.0,0.0,11.054593655971342,11.267633,,,,
sequential,mov,rrg,0.1,0.05,0.3,0,0.95,0.9790963,0.0,0.1861157,9.513864148387395,5.466411,,,,
sequential,mov,rrg,0.2,0.05,0.3,0,0.96,0.99081695,0.2,0.61719215,6.775146754682553,2.917747,,,,
sequential,mov,rrg,0.30000000000000004,0.05,0.3,0,0.9666666666666667,0.9952502,0.3333333333333341,0.8209339,4.586604498620466,1.9150649,,,,
sequential,mov,rrg,0.4,0.05,0.3,0,0.97,0.997145,0.4,0.89895153,4.058062811772649,1.1916965,,,,
sequential,mov,rrg,0.5,0.05,0.3,0,0.97,0.99785733,0.4,0.92281747,3.4955213993736045,0.84610635,,,,
sequential,mov,rrg,0.6000000000000001,0.05,0.3,0,0.9866666666666667,0.99613553,0.7333333333333341,0.9046377,2.6388620972919976,0.6866592,,,,
sequential,mov,rrg,0.7000000000000001,0.05,0.3,0,0.9933333333333333,0.997012,0.8666666666666659,0.93146807,1.622964052763671,0.5149089,,,,
sequential,mov,rrg,0.8,0.05,0.3,0,0.9933333333333333,0.9952228,0.8666666666666659,0.90473485,0.31873741339486644,0.34158334,,,,
sequential,mov,rrg,0.9,0.05,0.3,0,1.0,0.99979115,1.0,0.99582493,0.17847975350476464,0.15211965,,,,
sequential,mov,rrg,1.0,0.05,0.3,0,1.0,0.9999892,1.0,0.99978423,3.1485423053018644e-07,0.0017417768,,,,
sequential,c_mov,rrg,0.0,0.05,0.3,0,0.95,0.94999987,0.0,0.0,11.054593655971342,11.267633,,,,
sequential,c_mov,rrg,0.1,0.05,0.3,0,1.0,0.9817918,1.0,0.73305017,3.6281922312483554,5.422021,,,,
sequential,c_mov,rrg,0.2,0.05,0.3,0,1.0,0.99193543,1.0,0.8611104,2.745726647296939,3.4439542,,,,
sequential,c_mov,rrg,0.30000000000000004,0.05,0.3,0,1.0,0.99608904,1.0,0.9274549,2.342401415826419,2.520923,,,,
sequential,c_mov,rrg,0.4,0.05,0.3,0,1.0,0.9984239,1.0,0.9694407,1.960415263096627,1.7228215,,,,
sequential,c_mov,rrg,0.5,0.05,0.3,0,1.0,0.9993748,1.0,0.98765045,0.9943724516710919,1.1144251,,,,
sequential,c_mov,rrg,0.6000000000000001,0.05,0.3,0,1.0,0.9996187,1.0,0.99243176,0.8197197365958246,0.7834822,,,,
sequential,c_mov,rrg,0.7000000000000001,0.05,0.3,0,1.0,0.99965495,1.0,0.99314606,0.467957128684443,0.5226172,,,,
sequential,c_mov,rrg,0.8,0.05,0.3,0,1.0,0.9997518,1.0,0.9950603,0.34439580432303135,0.34408563,,,,
sequential,c_mov,rrg,0.9,0.05,0.3,0,1.0,0.9998323,1.0,0.9966563,0.13118075943173854,0.14501502,,,,
sequential,c_mov,rrg,1.0,0.05,0.3,0,1.0,0.9999892,1.0,0.99978423,3.1485423053018644e-07,0.0017417768,,,,
sequential,ov,rrg,0.0,0.1,0.3,0,0.92,0.9000041,0.0,0.0,10.496357282155449,9.779279,,,,
sequential,ov,rrg,0.1,0.1,0.3,0,0.9966666666666667,0.91618896,0.9583333333333337,0.47773287,9.114204167431353,5.5648327,,,,
sequential,ov,rrg,0.2,0.1,0.3,0,1.0,0.9470465,1.0,0.6017124,5.445397860821116,4.5613723,,,,
sequential,ov,rrg,0.30000000000000004,0.1,0.3,0,1.0,0.96284646,1.0,0.6828629,3.925901062258402,3.5237825,,,,
sequential,ov,rrg,0.4,0.1,0.3,0,1.0,0.9752535,1.0,0.76374745,2.2904426075182673,2.5372157,,,,
sequential,ov,rrg,0.5,0.1,0.3,0,1.0,0.98328036,1.0,0.8271312,1.5864444025994073,1.8108586,,,,
sequential,ov,rrg,0.6000000000000001,0.1,0.3,0,1.0,0.98823565,1.0,0.8717948,1.027149816982801,1.2076019,,,,
sequential,ov,rrg,0.7000000000000001,0.1,0.3,0,1.0,0.9927548,1.0,0.916953,0.6299501614086902,0.74886686,,,,
sequential,ov,rrg,0.8,0.1,0.3,0,1.0,0.99490094,1.0,0.940076,0.3230864051373793,0.43191513,,,,
sequential,ov,rrg,0.9,0.1,0.3,0,1.0,0.9985861,1.0,0.98262763,0.13759932265433664,0.20094734,,,,
sequential,ov,rrg,1.0,0.1,0.3,0,1.0,0.9999649,1.0,0.9995611,2.709400165928899e-06,0.004074827,,,,
sequential,mov,rrg,0.0,0.1,0.3,0,0.92,0.9000041,0.0,0.0,10.496357282155449,9.779279,,,,
sequential,mov,rrg,0.1,0.1,0.3,0,0.92,0.950366,0.0,0.0,9.318387411440554,8.335563,,,,
sequential,mov,rrg,0.2,0.1,0.3,0,0.94,0.97267497,0.24999999999999895,0.42251888,7.007662441334854,5.2063665,,,,
sequential,mov,rrg,0.30000000000000004,0.1,0.3,0,0.9466666666666667,0.98592204,0.33333333333333287,0.65447974,6.382716053486974,3.2810435,,,,
sequential,mov,rrg,0.4,0.1,0.3,0,0.9533333333333334,0.9926599,0.4166666666666668,0.81952614,5.342071175132032,1.9515519,,,,
sequential,mov,rrg,0.5,0.1,0.3,0,0.9533333333333334,0.9952482,0.4166666666666668,0.87521875,4.8071038454843515,1.3678031,,,,
sequential,mov,rrg,0.6000000000000001,0.1,0.3,0,0.9633333333333334,0.9906017,0.541666666666667,0.82176626,2.671725676764004,1.1894754,,,,
sequential,mov,rrg,0.7000000000000001,0.1,0.3,0,0.98,0.9913556,0.7499999999999997,0.86963356,0.915699440165364,0.83089274,,,,
sequential,mov,rrg,0.8,0.1,0.3,0,0.99,0.99681985,0.8749999999999998,0.9565285,0.34681267256138126,0.37359285,,,,
sequential,mov,rrg,0.9,0.1,0.3,0,1.0,0.9996208,1.0,0.99526954,0.14991933905840676,0.19362332,,,,
sequential,mov,rrg,1.0,0.1,0.3,0,1.0,0.9999649,1.0,0.9995611,2.709400165928899e-06,0.004074827,,,,
sequential,c_mov,rrg,0.0,0.1,0.3,0,0.92,0.9000041,0.0,0.0,10.496357282155449,9.779279,,,,
sequential,c_mov,rrg,0.1,0.1,0.3,0,0.99,0.92176735,0.8749999999999998,0.4722249,8.062652783086618,5.7882657,,,,
sequential,c_mov,rrg,0.2,0.1,0.3,0,1.0,0.96521497,1.0,0.6969543,3.4270450440080102,4.508727,,,,
sequential,c_mov,rrg,0.30000000000000004,0.1,0.3,0,1.0,0.98006123,1.0,0.8004898,2.0540699983860544,3.313865,,,,
sequential,c_mov,rrg,0.4,0.1,0.3,0,1.0,0.98894215,1.0,0.8785617,1.6837100171002042,2.3564832,,,,
sequential,c_mov,rrg,0.5,0.1,0.3,0,1.0,0.99330366,1.0,0.92276007,1.3833909988830106,1.5706592,,,,
sequential,c_mov,rrg,0.6000000000000001,0.1,0.3,0,1.0,0.995653,1.0,0.94846034,0.9075748755649404,1.1433047,,,,
sequential,c_mov,rrg,0.7000000000000001,0.1,0.3,0,1.0,0.9969112,1.0,0.9628227,0.5817474247307155,0.73501235,,,,
sequential,c_mov,rrg,0.8,0.1,0.3,0,1.0,0.9979595,1.0,0.97512394,0.4206658721998563,0.49832988,,,,
sequential,c_mov,rrg,0.9,0.1,0.3,0,1.0,0.9994737,1.0,0.99346197,0.22072711484732588,0.24217817,,,,
sequential,c_mov,rrg,1.0,0.1,0.3,0,1.0,0.9999649,1.0,0.9995611,2.709400165928899e-06,0.004074827,,,,
sequential,ov,rrg,0.0,0.2,0.3,0,0.8066666666666666,0.8000036,0.0,0.0,7.37535534814588,6.65358,,,,
sequential,ov,rrg,0.1,0.2,0.3,0,0.9066666666666666,0.82000035,0.5172413793103446,0.3571305,6.795733451714349,4.1189256,,,,
sequential,ov,rrg,0.2,0.2,0.3,0,0.9866666666666667,0.84700626,0.9310344827586208,0.5405366,5.882557771482523,3.0448322,,,,
sequential,ov,rrg,0.30000000000000004,0.2,0.3,0,1.0,0.8779732,1.0,0.613049,4.715599563514949,2.5879927,,,,
sequential,ov,rrg,0.4,0.2,0.3,0,1.0,0.91321105,1.0,0.69016874,2.781893827431294,2.3664942,,,,
sequential,ov,rrg,0.5,0.2,0.3,0,1.0,0.9334659,1.0,0.7439631,2.1123227651020393,1.8082736,,,,
sequential,ov,rrg,0.6000000000000001,0.2,0.3,0,1.0,0.94942874,1.0,0.79265,1.1913515905615422,1.3332603,,,,
sequential,ov,rrg,0.7000000000000001,0.2,0.3,0,1.0,0.9642158,1.0,0.84380984,0.8516341919234194,0.89920646,,,,
sequential,ov,rrg,0.8,0.2,0.3,0,1.0,0.9781671,1.0,0.8985205,0.5123393973279003,0.5635425,,,,
sequential,ov,rrg,0.9,0.2,0.3,0,1.0,0.990424,1.0,0.9527968,0.2000828347826991,0.2319521,,,,
sequential,ov,rrg,1.0,0.2,0.3,0,1.0,0.99994606,1.0,0.99972093,3.333043319358147e-06,0.0056945235,,,,
sequential,mov,rrg,0.0,0.2,0.3,0,0.8066666666666666,0.8000036,0.0,0.0,7.37535534814588,6.65358,,,,
sequential,mov,rrg,0.1,0.2,0.3,0,0.81,0.86535555,0.017241379310345223,0.024158457,5.5377244925939655,6.8258867,,,,
sequential,mov,rrg,0.2,0.2,0.3,0,0.8233333333333334,0.8808542,0.0862068965517244,0.14252114,4.638722935208691,5.0389495,,,,
sequential,mov,rrg,0.30000000000000004,0.2,0.3,0,0.8566666666666667,0.9148066,0.2586206896551726,0.36982477,4.309717794780453,4.021442,,,,
sequential,mov,rrg,0.4,0.2,0.3,0,0.8633333333333333,0.932989,0.29310344827586193,0.48076597,3.895516438904624,2.897849,,,,
sequential,mov,rrg,0.5,0.2,0.3,0,0.88,0.9556778,0.3793103448275863,0.63979775,3.7993111194917364,2.1648912,,,,
sequential,mov,rrg,0.6000000000000001,0.2,0.3,0,0.9033333333333333,0.96230197,0.5,0.7388712,2.766069625981348,1.4366693,,,,
sequential,mov,rrg,0.7000000000000001,0.2,0.3,0,0.9366666666666666,0.9720938,0.6724137931034482,0.8241687,1.5702198244057555,0.8973004,,,,
sequential,mov,rrg,0.8,0.2,0.3,0,0.9566666666666667,0.98235476,0.7758620689655172,0.897537,0.7919155418102294,0.54797214,,,,
sequential,mov,rrg,0.9,0.2,0.3,0,0.9766666666666667,0.99112356,0.8793103448275863,0.95152277,0.37027442115503634,0.27283055,,,,
sequential,mov,rrg,1.0,0.2,0.3,0,1.0,0.99994606,1.0,0.99972093,3.333043319358147e-06,0.0056945235,,,,
sequential,c_mov,rrg,0.0,0.2,0.3,0,0.8066666666666666,0.8000036,0.0,0.0,7.37535534814588,6.65358,,,,
sequential,c_mov,rrg,0.1,0.2,0.3,0,0.8833333333333333,0.80247337,0.39655172413793094,0.27959678,6.661308245822786,4.1646013,,,,
sequential,c_mov,rrg,0.2,0.2,0.3,0,0.9666666666666667,0.8460673,0.8275862068965518,0.50965047,5.7250438815595235,3.2399125,,,,
sequential,c_mov,rrg,0.30000000000000004,0.2,0.3,0,0.99,0.89729494,0.9482758620689655,0.64093673,3.6663928767850833,2.9381673,,,,
sequential,c_mov,rrg,0.4,0.2,0.3,0,0.99,0.92927736,0.9482758620689655,0.721623,2.531312706223597,2.5980787,,,,
sequential,c_mov,rrg,0.5,0.2,0.3,0,0.9933333333333333,0.9518797,0.9655172413793102,0.7950422,2.180260522363236,2.0162811,,,,
sequential,c_mov,rrg,0.6000000000000001,0.2,0.3,0,0.9933333333333333,0.96213615,0.9655172413793102,0.8313605,1.677775728284352,1.4572002,,,,
sequential,c_mov,rrg,0.7000000000000001,0.2,0.3,0,0.9933333333333333,0.97582704,0.9655172413793102,0.8853465,1.278660351914194,1.0710957,,,,
sequential,c_mov,rrg,0.8,0.2,0.3,0,1.0,0.983399,1.0,0.9205136,0.6963048365764065,0.5472757,,,,
sequential,c_mov,rrg,0.9,0.2,0.3,0,1.0,0.9916924,1.0,0.9587914,0.2456083675271996,0.2675672,,,,
sequential,c_mov,rrg,1.0,0.2,0.3,0,1.0,0.99994606,1.0,0.99972093,3.333043319358147e-06,0.0056945235,,,,
sequential,ov,rrg,0.0,0.3,0.3,0,0.6666666666666666,0.7000066,0.0,0.0,4.8806878925248895,4.6622105,,,,
sequential,ov,rrg,0.1,0.3,0.3,0,0.7666666666666667,0.7300063,0.3000000000000002,0.27025267,4.41352621019289,3.2658393,,,,
sequential,ov,rrg,0.2,0.3,0.3,0,0.8666666666666667,0.7599994,0.6000000000000001,0.4545172,4.156525794779009,2.3082914,,,,
sequential,ov,rrg,0.30000000000000004,0.3,0.3,0,0.9666666666666667,0.78999245,0.9499999999999998,0.5714359,4.017666584068347,1.7298915,,,,
sequential,ov,rrg,0.4,0.3,0.3,0,1.0,0.83192694,1.0,0.6629566,3.160642742514272,1.5175629,,,,
sequential,ov,rrg,0.5,0.3,0.3,0,1.0,0.876392,1.0,0.7294654,1.5881589457243608,1.4084489,,,,
sequential,ov,rrg,0.6000000000000001,0.3,0.3,0,1.0,0.90623313,1.0,0.7804364,1.0699593239158007,1.0655185,,,,
sequential,ov,rrg,0.7000000000000001,0.3,0.3,0,0.9933333333333333,0.9336674,0.9799999999999999,0.834336,0.7281407824213343,0.7764875,,,,
sequential,ov,rrg,0.8,0.3,0.3,0,0.9966666666666667,0.957132,0.9900000000000001,0.88621414,0.5350691510871517,0.4747554,,,,
sequential,ov,rrg,0.9,0.3,0.3,0,0.9966666666666667,0.980797,0.9900000000000001,0.94560426,0.21139023132986948,0.25215107,,,,
sequential,ov,rrg,1.0,0.3,0.3,0,1.0,0.99991965,1.0,0.9997589,1.7319879298508823e-06,0.0063897427,,,,
sequential,mov,rrg,0.0,0.3,0.3,0,0.6666666666666666,0.7000066,0.0,0.0,4.8806878925248895,4.6622105,,,,
sequential,mov,rrg,0.1,0.3,0.3,0,0.6733333333333333,0.76554453,0.020000000000000125,0.0023276005,3.411844529976516,4.9167814,,,,
sequential,mov,rrg,0.2,0.3,0.3,0,0.71,0.79845065,0.12999999999999998,0.12944359,3.1420049557006267,4.1311417,,,,
sequential,mov,rrg,0.30000000000000004,0.3,0.3,0,0.75,0.8365285,0.25000000000000006,0.3351085,2.737944887143766,3.3088455,,,,
sequential,mov,rrg,0.4,0.3,0.3,0,0.77,0.8677024,0.3100000000000001,0.44049102,2.4240114592737254,2.71019,,,,
sequential,mov,rrg,0.5,0.3,0.3,0,0.8,0.9024223,0.4000000000000002,0.5764639,2.090476173695452,2.0171895,,,,
sequential,mov,rrg,0.6000000000000001,0.3,0.3,0,0.84,0.9202724,0.5199999999999999,0.68302864,1.483778814032397,1.356206,,,,
sequential,mov,rrg,0.7000000000000001,0.3,0.3,0,0.8766666666666667,0.9389238,0.6300000000000001,0.77303046,1.0314827410532497,0.8848457,,,,
sequential,mov,rrg,0.8,0.3,0.3,0,0.9133333333333333,0.95941406,0.74,0.8591322,0.7523936405488212,0.5288783,,,,
sequential,mov,rrg,0.9,0.3,0.3,0,0.9633333333333334,0.9819694,0.8900000000000001,0.9426859,0.33739877534004564,0.24254158,,,,
sequential,mov,rrg,1.0,0.3,0.3,0,1.0,0.99991965,1.0,0.9997589,1.7319879298508823e-06,0.0063897427,,,,
sequential,c_mov,rrg,0.0,0.3,0.3,0,0.6666666666666666,0.7000066,0.0,0.0,4.8806878925248895,4.6622105,,,,
sequential,c_mov,rrg,0.1,0.3,0.3,0,0.7,0.71397626,0.09999999999999996,0.1427277,4.2050529599264825,3.3724234,,,,
sequential,c_mov,rrg,0.2,0.3,0.3,0,0.8,0.74395394,0.4000000000000002,0.36571625,3.974439686429588,2.4913087,,,,
sequential,c_mov,rrg,0.30000000000000004,0.3,0.3,0,0.8933333333333333,0.79971784,0.6799999999999999,0.5273015,3.388034453929311,2.1436698,,,,
sequential,c_mov,rrg,0.4,0.3,0.3,0,0.9133333333333333,0.84675616,0.74,0.6208629,2.6528865950212492,1.9122663,,,,
sequential,c_mov,rrg,0.5,0.3,0.3,0,0.94,0.87938464,0.8199999999999998,0.69856375,2.330446583658383,1.6291493,,,,
sequential,c_mov,rrg,0.6000000000000001,0.3,0.3,0,0.9533333333333334,0.905762,0.8600000000000001,0.75933236,1.5356244874405105,1.2215792,,,,
sequential,c_mov,rrg,0.7000000000000001,0.3,0.3,0,0.9633333333333334,0.93420815,0.8900000000000001,0.82456756,0.9145828852706893,0.9649409,,,,
sequential,c_mov,rrg,0.8,0.3,0.3,0,0.9833333333333333,0.95685506,0.9499999999999998,0.8815139,0.49292590746968284,0.61149997,,,,
sequential,c_mov,rrg,0.9,0.3,0.3,0,0.99,0.9784962,0.97,0.9384387,0.19500884080083683,0.29384854,,,,
sequential,c_mov,rrg,1.0,0.3,0.3,0,1.0,0.99991965,1.0,0.9997589,1.7319879298508823e-06,0.0063897427,,,,
sequential,ov,rrg,0.0,0.4,0.3,0,0.6433333333333333,0.6000194,0.0,0.0,3.7021232659782313,3.3618698,,,,
sequential,ov,rrg,0.1,0.4,0.3,0,0.7433333333333333,0.6400118,0.28037383177570085,0.21737786,3.5229521608569856,2.5439267,,,,
sequential,ov,rrg,0.2,0.4,0.3,0,0.8433333333333334,0.6800085,0.7564766839378239,0.33342507,3.3814583958234796,1.8771276,,,,
sequential,ov,rrg,0.30000000000000004,0.4,0.3,0,0.9433333333333334,0.7199934,0.9119170984455959,0.333414,3.335665856226487,1.4367987,,,,
sequential,ov,rrg,0.4,0.4,0.3,0,1.0,0.7680623,1.0,0.43632784,2.786052537815111,1.2066057,,,,
sequential,ov,rrg,0.5,0.4,0.3,0,0.9966666666666667,0.81419,0.994818652849741,0.59375787,2.2207027416408542,1.060199,,,,
sequential,ov,rrg,0.6000000000000001,0.4,0.3,0,0.9933333333333333,0.85931844,0.9813084112149532,0.71726733,1.4493447715887342,0.9260821,,,,
sequential,ov,rrg,0.7000000000000001,0.4,0.3,0,0.9866666666666667,0.89816785,0.9626168224299066,0.77828795,1.2036675930176128,0.7058378,,,,
sequential,ov,rrg,0.8,0.4,0.3,0,0.9866666666666667,0.93576795,0.9626168224299066,0.8476688,0.7318914705527653,0.46089497,,,,
sequential,ov,rrg,0.9,0.4,0.3,0,0.99,0.9700995,0.9719626168224299,0.92281574,0.3346631766320662,0.21388057,,,,
sequential,ov,rrg,1.0,0.4,0.3,0,1.0,0.9999123,1.0,0.99975413,1.1298501947542726e-06,0.0064169946,,,,
sequential,mov,rrg,0.0,0.4,0.3,0,0.6433333333333333,0.6000194,0.0,0.0,3.7021232659782313,3.3618698,,,,
sequential,mov,rrg,0.1,0.4,0.3,0,0.6533333333333333,0.67592376,0.028037383177570117,0.01839506,2.6980306541014882,3.6026974,,,,
sequential,mov,rrg,0.2,0.4,0.3,0,0.7033333333333334,0.7209799,0.1682242990654207,0.12092365,2.417983816548426,3.1232703,,,,
sequential,mov,rrg,0.30000000000000004,0.4,0.3,0,0.74,0.7681425,0.2710280373831776,0.25014284,2.22827488617557,2.602018,,,,
sequential,mov,rrg,0.4,0.4,0.3,0,0.7866666666666666,0.8087165,0.4018691588785046,0.37536192,2.0077566266939537,2.070985,,,,
sequential,mov,rrg,0.5,0.4,0.3,0,0.8133333333333334,0.85086995,0.4766355140186917,0.5274998,1.8082460044430797,1.6681532,,,,
sequential,mov,rrg,0.6000000000000001,0.4,0.3,0,0.8666666666666667,0.89012104,0.6261682242990655,0.65373945,1.4882008217440958,1.2767235,,,,
sequential,mov,rrg,0.7000000000000001,0.4,0.3,0,0.9166666666666666,0.91864586,0.7663551401869158,0.7583835,0.9445553969950561,0.7981321,,,,
sequential,mov,rrg,0.8,0.4,0.3,0,0.9333333333333333,0.9431419,0.8130841121495328,0.8294018,0.6044250315101443,0.49878356,,,,
sequential,mov,rrg,0.9,0.4,0.3,0,0.9633333333333334,0.97104836,0.8971962616822431,0.91651577,0.24548264607627232,0.24889272,,,,
sequential,mov,rrg,1.0,0.4,0.3,0,1.0,0.9999123,1.0,0.99975413,1.1298501947542726e-06,0.0064169946,,,,
sequential,c_mov,rrg,0.0,0.4,0.3,0,0.6433333333333333,0.6000194,0.0,0.0,3.7021232659782313,3.3618698,,,,
sequential,c_mov,rrg,0.1,0.4,0.3,0,0.7,0.6437215,0.15887850467289713,0.091809385,3.415397109290456,2.6914988,,,,
sequential,c_mov,rrg,0.2,0.4,0.3,0,0.7733333333333333,0.6916279,0.3644859813084112,0.24951895,2.9474253882844024,2.2313328,,,,
sequential,c_mov,rrg,0.30000000000000004,0.4,0.3,0,0.8433333333333334,0.73332375,0.560747663551402,0.3974361,2.5628913354842666,1.854831,,,,
sequential,c_mov,rrg,0.4,0.4,0.3,0,0.8933333333333333,0.77392197,0.7009345794392523,0.5257163,2.486751066806193,1.5690393,,,,
sequential,c_mov,rrg,0.5,0.4,0.3,0,0.8966666666666666,0.82285255,0.7102803738317756,0.61108273,2.2358864716292035,1.3105954,,,,
sequential,c_mov,rrg,0.6000000000000001,0.4,0.3,0,0.9133333333333333,0.8653053,0.7570093457943925,0.67886305,1.9367920830713001,1.0554321,,,,
sequential,c_mov,rrg,0.7000000000000001,0.4,0.3,0,0.92,0.90310323,0.7757009345794393,0.7582515,1.359448570714925,0.76988167,,,,
sequential,c_mov,rrg,0.8,0.4,0.3,0,0.9566666666666667,0.94017977,0.8785046728971962,0.84478074,0.8583189921584691,0.48843572,,,,
sequential,c_mov,rrg,0.9,0.4,0.3,0,0.9833333333333333,0.9705839,0.9532710280373831,0.9211813,0.273817390819259,0.25372696,,,,
sequential,c_mov,rrg,1.0,0.4,0.3,0,1.0,0.9999123,1.0,0.99975413,1.1298501947542726e-06,0.0064169946,,,,
sequential,ov,rrg,0.0,0.05,0.3,1,0.9466666666666667,0.94999987,0.0,0.0,10.955895345119291,11.267633,,,,
sequential,ov,rrg,0.1,0.05,0.3,1,0.9966666666666667,0.9597813,0.9375000000000007,0.5542076,6.565487456897615,6.255114,,,,
sequential,ov,rrg,0.2,0.05,0.3,1,1.0,0.9756811,1.0,0.68682295,4.02684737586503,4.3193707,,,,
sequential,ov,rrg,0.30000000000000004,0.05,0.3,1,1.0,0.9838595,1.0,0.7676749,2.9024899064754544,3.2916837,,,,
sequential,ov,rrg,0.4,0.05,0.3,1,1.0,0.9880599,1.0,0.81707543,2.0176690656733736,2.2144315,,,,
sequential,ov,rrg,0.5,0.05,0.3,1,1.0,0.9922886,1.0,0.8736759,1.5798439866415925,1.4698523,,,,
sequential,ov,rrg,0.6000000000000001,0.05,0.3,1,1.0,0.9950716,1.0,0.91540885,0.8823293987308608,1.023838,,,,
sequential,ov,rrg,0.7000000000000001,0.05,0.3,1,1.0,0.9971638,1.0,0.949505,0.6616556243138907,0.7400943,,,,
sequential,ov,rrg,0.8,0.05,0.3,1,1.0,0.9987373,1.0,0.97687066,0.4174778898388033,0.42191264,,,,
sequential,ov,rrg,0.9,0.05,0.3,1,1.0,0.99936116,1.0,0.9881615,0.18498255372579364,0.2141978,,,,
sequential,ov,rrg,1.0,0.05,0.3,1,1.0,0.9999881,1.0,0.9997765,7.569060814191143e-07,0.002628667,,,,
sequential,mov,rrg,0.0,0.05,0.3,1,0.9466666666666667,0.94999987,0.0,0.0,10.955895345119291,11.267633,,,,
sequential,mov,rrg,0.1,0.05,0.3,1,0.95,0.9668952,0.06249999999999935,0.09147626,8.317168203404893,7.5335903,,,,
sequential,mov,rrg,0.2,0.05,0.3,1,0.96,0.9776469,0.24999999999999947,0.37362123,7.8895103987540915,4.78775,,,,
sequential,mov,rrg,0.30000000000000004,0.05,0.3,1,0.9733333333333334,0.991333,0.500000000000001,0.75470155,7.119135369280718,2.345273,,,,
sequential,mov,rrg,0.4,0.05,0.3,1,0.9833333333333333,0.9975291,0.6874999999999991,0.9368601,5.350737419196979,1.3932582,,,,
sequential,mov,rrg,0.5,0.05,0.3,1,0.9866666666666667,0.99885577,0.7500000000000006,0.9721842,4.508052347415121,0.933811,,,,
sequential,mov,rrg,0.6000000000000001,0.05,0.3,1,0.9866666666666667,0.9928472,0.7500000000000006,0.85941476,1.3456532899894198,0.8585277,,,,
sequential,mov,rrg,0.7000000000000001,0.05,0.3,1,0.9933333333333333,0.99598014,0.8749999999999992,0.9264152,0.4467338351287299,0.5061135,,,,
sequential,mov,rrg,0.8,0.05,0.3,1,1.0,0.9990763,1.0,0.98291254,0.27832966478444215,0.30200216,,,,
sequential,mov,rrg,0.9,0.05,0.3,1,1.0,0.99951255,1.0,0.99086094,0.05678259768251402,0.11447451,,,,
sequential,mov,rrg,1.0,0.05,0.3,1,1.0,0.9999881,1.0,0.9997765,7.569060814191143e-07,0.002628667,,,,
sequential,c_mov,rrg,0.0,0.05,0.3,1,0.9466666666666667,0.94999987,0.0,0.0,10.955895345119291,11.267633,,,,
sequential,c_mov,rrg,0.1,0.05,0.3,1,0.9966666666666667,0.97291696,0.9375000000000007,0.6486512,5.067608425581458,5.9954157,,,,
sequential,c_mov,rrg,0.2,0.05,0.3,1,0.9966666666666667,0.9873882,0.9375000000000007,0.79857147,3.9578006000515535,3.7314184,,,,
sequential,c_mov,rrg,0.30000000000000004,0.05,0.3,1,0.9966666666666667,0.9934508,0.9375000000000007,0.88418615,3.3572726790516985,2.6551313,,,,
sequential,c_mov,rrg,0.4,0.05,0.3,1,0.9966666666666667,0.9969838,0.9375000000000007,0.9431084,2.7286775759201887,1.8221543,,,,
sequential,c_mov,rrg,0.5,0.05,0.3,1,0.9966666666666667,0.9985615,0.9375000000000007,0.9720345,2.4054534345480736,1.2039783,,,,
sequential,c_mov,rrg,0.6000000000000001,0.05,0.3,1,1.0,0.9988212,1.0,0.9783754,1.3122589903142863,0.8079185,,,,
sequential,c_mov,rrg,0.7000000000000001,0.05,0.3,1,1.0,0.9990087,1.0,0.9817526,0.6643495549524997,0.6009153,,,,
sequential,c_mov,rrg,0.8,0.05,0.3,1,1.0,0.99903685,1.0,0.982261,0.29679313602775914,0.32351118,,,,
sequential,c_mov,rrg,0.9,0.05,0.3,1,1.0,0.99967754,1.0,0.9939896,0.09716221355375858,0.15302761,,,,
sequential,c_mov,rrg,1.0,0.05,0.3,1,1.0,0.9999881,1.0,0.9997765,7.569060814191143e-07,0.002628667,,,,
sequential,ov,rrg,0.0,0.1,0.3,1,0.9166666666666666,0.9000041,0.0,0.0,12.34571187193562,9.779279,,,,
sequential,ov,rrg,0.1,0.1,0.3,1,0.9966666666666667,0.92287844,0.9600000000000004,0.5091569,8.061011885525179,5.9538927,,,,
sequential,ov,rrg,0.2,0.1,0.3,1,1.0,0.9470232,1.0,0.6113501,5.336585666754208,4.72018,,,,
sequential,ov,rrg,0.30000000000000004,0.1,0.3,1,1.0,0.9728418,1.0,0.7542055,2.4191847751809035,3.5627832,,,,
sequential,ov,rrg,0.4,0.1,0.3,1,1.0,0.98066896,1.0,0.81170654,1.4374757830071785,2.3053594,,,,
sequential,ov,rrg,0.5,0.1,0.3,1,1.0,0.9844625,1.0,0.8428504,1.2205403611792236,1.644381,,,,
sequential,ov,rrg,0.6000000000000001,0.1,0.3,1,1.0,0.98754394,1.0,0.86996305,0.9074445671236419,1.1628784,,,,
sequential,ov,rrg,0.7000000000000001,0.1,0.3,1,1.0,0.9926683,1.0,0.9191336,0.624923283584594,0.7366006,,,,
sequential,ov,rrg,0.8,0.1,0.3,1,1.0,0.9962528,1.0,0.95696676,0.29727620057880566,0.4260411,,,,
sequential,ov,rrg,0.9,0.1,0.3,1,1.0,0.9980673,1.0,0.97733194,0.11662038000910371,0.17672002,,,,
sequential,ov,rrg,1.0,0.1,0.3,1,1.0,0.99998045,1.0,0.9997654,1.0610540530662208e-06,0.0032607743,,,,
sequential,mov,rrg,0.0,0.1,0.3,1,0.9166666666666666,0.9000041,0.0,0.0,12.34571187193562,9.779279,,,,
sequential,mov,rrg,0.1,0.1,0.3,1,0.9166666666666666,0.95143646,0.0,0.063901976,7.724283135255813,7.939839,,,,
sequential,mov,rrg,0.2,0.1,0.3,1,0.9366666666666666,0.9727595,0.2400000000000001,0.48240596,5.907587674911976,4.7241373,,,,
sequential,mov,rrg,0.30000000000000004,0.1,0.3,1,0.9466666666666667,0.98306805,0.36000000000000015,0.6781583,4.405542757242003,2.749569,,,,
sequential,mov,rrg,0.4,0.1,0.3,1,0.9533333333333334,0.9924013,0.4400000000000006,0.84803927,3.417411129154813,1.8177361,,,,
sequential,mov,rrg,0.5,0.1,0.3,1,0.9566666666666667,0.9946051,0.4800000000000002,0.8947651,2.5272421895766723,1.2183878,,,,
sequential,mov,rrg,0.6000000000000001,0.1,0.3,1,0.9666666666666667,0.9894928,0.6000000000000003,0.8235899,1.2735116715782067,0.9678076,,,,
sequential,mov,rrg,0.7000000000000001,0.1,0.3,1,0.98,0.99086875,0.7599999999999999,0.8703445,0.8880780798446201,0.73743796,,,,
sequential,mov,rrg,0.8,0.1,0.3,1,0.9833333333333333,0.99459755,0.7999999999999995,0.92874634,0.5049519006615898,0.43032396,,,,
sequential,mov,rrg,0.9,0.1,0.3,1,0.9933333333333333,0.9984671,0.9199999999999995,0.98037463,0.25898947054772825,0.1909594,,,,
sequential,mov,rrg,1.0,0.1,0.3,1,1.0,0.99998045,1.0,0.9997654,1.0610540530662208e-06,0.0032607743,,,,
sequential,c_mov,rrg,0.0,0.1,0.3,1,0.9166666666666666,0.9000041,0.0,0.0,12.34571187193562,9.779279,,,,
sequential,c_mov,rrg,0.1,0.1,0.3,1,0.99,0.9195806,0.8799999999999999,0.47695315,8.59770862326562,5.9951324,,,,
sequential,c_mov,rrg,0.2,0.1,0.3,1,1.0,0.96557844,1.0,0.70768446,3.332511758848251,4.409504,,,,
sequential,c_mov,rrg,0.30000000000000004,0.1,0.3,1,1.0,0.97950137,1.0,0.80257887,2.1517725238779843,3.1934533,,,,
sequential,c_mov,rrg,0.4,0.1,0.3,1,1.0,0.98905927,1.0,0.8839477,1.8223059313813845,2.1718006,,,,
sequential,c_mov,rrg,0.5,0.1,0.3,1,1.0,0.99387014,1.0,0.9314817,1.1306461811794453,1.4246144,,,,
sequential,c_mov,rrg,0.6000000000000001,0.1,0.3,1,1.0,0.9949689,1.0,0.94306386,0.739672421069145,0.971827,,,,
sequential,c_mov,rrg,0.7000000000000001,0.1,0.3,1,1.0,0.9970575,1.0,0.9658936,0.5350639945303572,0.64142007,,,,
sequential,c_mov,rrg,0.8,0.1,0.3,1,1.0,0.9985946,1.0,0.9834134,0.308571615897105,0.37815556,,,,
sequential,c_mov,rrg,0.9,0.1,0.3,1,1.0,0.99963367,1.0,0.9956227,0.12579245144977846,0.17729868,,,,
sequential,c_mov,rrg,1.0,0.1,0.3,1,1.0,0.99998045,1.0,0.9997654,1.0610540530662208e-06,0.0032607743,,,,
sequential,ov,rrg,0.0,0.2,0.3,1,0.82,0.8000036,0.0,0.0,5.8836853626925905,6.65358,,,,
sequential,ov,rrg,0.1,0.2,0.3,1,0.92,0.8200004,0.5555555555555559,0.35713056,5.062642720236389,4.284532,,,,
sequential,ov,rrg,0.2,0.2,0.3,1,0.9966666666666667,0.84122264,0.9814814814814816,0.5266513,4.674396710346992,2.9419885,,,,
sequential,ov,rrg,0.30000000000000004,0.2,0.3,1,1.0,0.883843,1.0,0.60777926,2.404405119109643,2.6453235,,,,
sequential,ov,rrg,0.4,0.2,0.3,1,1.0,0.9112439,1.0,0.6697463,1.8043584450547057,2.2416098,,,,
sequential,ov,rrg,0.5,0.2,0.3,1,1.0,0.93163544,1.0,0.7247361,1.3115839736190371,1.7869234,,,,
sequential,ov,rrg,0.6000000000000001,0.2,0.3,1,1.0,0.94786847,1.0,0.77541393,0.9540094920564625,1.2589191,,,,
sequential,ov,rrg,0.7000000000000001,0.2,0.3,1,1.0,0.9651872,1.0,0.8379322,0.5356032860852599,0.8688638,,,,
sequential,ov,rrg,0.8,0.2,0.3,1,1.0,0.9759297,1.0,0.8820373,0.2935849848458316,0.48749045,,,,
sequential,ov,rrg,0.9,0.2,0.3,1,1.0,0.9867329,1.0,0.93134004,0.08716295701191029,0.269199,,,,
sequential,ov,rrg,1.0,0.2,0.3,1,1.0,0.99994975,1.0,0.9997208,1.7072796768935508e-06,0.0049038427,,,,
sequential,mov,rrg,0.0,0.2,0.3,1,0.82,0.8000036,0.0,0.0,5.8836853626925905,6.65358,,,,
sequential,mov,rrg,0.1,0.2,0.3,1,0.82,0.855909,0.0,0.0,4.8039494271921095,6.7734833,,,,
sequential,mov,rrg,0.2,0.2,0.3,1,0.84,0.8803067,0.11111111111111117,0.13779327,4.321426598618512,5.1361904,,,,
sequential,mov,rrg,0.30000000000000004,0.2,0.3,1,0.8666666666666667,0.9121159,0.25925925925925963,0.3453408,3.671301139071461,4.0439796,,,,
sequential,mov,rrg,0.4,0.2,0.3,1,0.88,0.93365926,0.33333333333333354,0.50705636,3.0783849186189784,3.0353115,,,,
sequential,mov,rrg,0.5,0.2,0.3,1,0.9033333333333333,0.95447814,0.462962962962963,0.6729031,2.171304336478348,2.0850852,,,,
sequential,mov,rrg,0.6000000000000001,0.2,0.3,1,0.9133333333333333,0.9519499,0.5185185185185186,0.6953901,1.2604360294545942,1.3620733,,,,
sequential,mov,rrg,0.7000000000000001,0.2,0.3,1,0.95,0.9648285,0.7222222222222221,0.7936548,0.6390995665710117,0.86058307,,,,
sequential,mov,rrg,0.8,0.2,0.3,1,0.96,0.9766893,0.7777777777777777,0.8638122,0.3209212905073585,0.47280517,,,,
sequential,mov,rrg,0.9,0.2,0.3,1,0.9866666666666667,0.9920998,0.925925925925926,0.9547056,0.12359746654098785,0.17515157,,,,
sequential,mov,rrg,1.0,0.2,0.3,1,1.0,0.99994975,1.0,0.9997208,1.7072796768935508e-06,0.0049038427,,,,
sequential,c_mov,rrg,0.0,0.2,0.3,1,0.82,0.8000036,0.0,0.0,5.8836853626925905,6.65358,,,,
sequential,c_mov,rrg,0.1,0.2,0.3,1,0.91,0.8124888,0.5000000000000003,0.32429898,5.141368724008447,4.0951023,,,,
sequential,c_mov,rrg,0.2,0.2,0.3,1,0.99,0.84542483,0.9444444444444444,0.5237476,3.9269700509484915,3.0449145,,,,
sequential,c_mov,rrg,0.30000000000000004,0.2,0.3,1,1.0,0.897724,1.0,0.63767064,2.36584298685069,2.7015865,,,,
sequential,c_mov,rrg,0.4,0.2,0.3,1,1.0,0.9253232,1.0,0.70677155,1.6341971279850902,2.322338,,,,
sequential,c_mov,rrg,0.5,0.2,0.3,1,1.0,0.9469462,1.0,0.7723486,1.2732182590557488,1.8239723,,,,
sequential,c_mov,rrg,0.6000000000000001,0.2,0.3,1,1.0,0.9617279,1.0,0.82464904,0.9338509794994667,1.4094185,,,,
sequential,c_mov,rrg,0.7000000000000001,0.2,0.3,1,1.0,0.9721255,1.0,0.8658915,0.6113140730446099,0.9464313,,,,
sequential,c_mov,rrg,0.8,0.2,0.3,1,1.0,0.9827026,1.0,0.9123185,0.3549912212736675,0.6099672,,,,
sequential,c_mov,rrg,0.9,0.2,0.3,1,1.0,0.992667,1.0,0.9608473,0.1383381217856634,0.25950855,,,,
sequential,c_mov,rrg,1.0,0.2,0.3,1,1.0,0.99994975,1.0,0.9997208,1.7072796768935508e-06,0.0049038427,,,,
sequential,ov,rrg,0.0,0.3,0.3,1,0.69,0.7000066,0.0,0.0,4.411465230870735,4.6622105,,,,
sequential,ov,rrg,0.1,0.3,0.3,1,0.79,0.7300063,0.32258064516129054,0.27025267,3.8784868779227537,3.2245796,,,,
sequential,ov,rrg,0.2,0.3,0.3,1,0.89,0.75999933,0.6451612903225807,0.45451704,3.552902338810961,2.3839676,,,,
sequential,ov,rrg,0.30000000000000004,0.3,0.3,1,0.99,0.7899924,0.9855072463768115,0.5714358,3.3801756461746377,1.7595325,,,,
sequential,ov,rrg,0.4,0.3,0.3,1,1.0,0.8287403,1.0,0.64411813,2.7375976997982163,1.5686827,,,,
sequential,ov,rrg,0.5,0.3,0.3,1,1.0,0.86253947,1.0,0.692775,2.307758750212079,1.3466808,,,,
sequential,ov,rrg,0.6000000000000001,0.3,0.3,1,0.9966666666666667,0.90022594,0.9892473118279571,0.7565437,1.2287736281628194,1.1244109,,,,
sequential,ov,rrg,0.7000000000000001,0.3,0.3,1,0.9966666666666667,0.9255731,0.9892473118279571,0.80651027,0.923497404777613,0.78955483,,,,
sequential,ov,rrg,0.8,0.3,0.3,1,0.9966666666666667,0.95262086,0.9892473118279571,0.8676484,0.5536506079628597,0.49057037,,,,
sequential,ov,rrg,0.9,0.3,0.3,1,1.0,0.98003805,1.0,0.93949175,0.2509352949147213,0.26698497,,,,
sequential,ov,rrg,1.0,0.3,0.3,1,1.0,0.99993205,1.0,0.9997808,1.0022260284077607e-06,0.0056387433,,,,
sequential,mov,rrg,0.0,0.3,0.3,1,0.69,0.7000066,0.0,0.0,4.411465230870735,4.6622105,,,,
sequential,mov,rrg,0.1,0.3,0.3,1,0.6933333333333334,0.7585493,0.010752688172043258,0.015126351,3.4080841191227207,4.739418,,,,
sequential,mov,rrg,0.2,0.3,0.3,1,0.7333333333333333,0.79515517,0.13978494623655913,0.16090477,2.992197175307567,4.0153856,,,,
sequential,mov,rrg,0.30000000000000004,0.3,0.3,1,0.7733333333333333,0.8307339,0.26881720430107536,0.32396632,2.6161407866215045,3.2821784,,,,
sequential,mov,rrg,0.4,0.3,0.3,1,0.8066666666666666,0.86223054,0.37634408602150543,0.4514251,2.3141653501867148,2.6004744,,,,
sequential,mov,rrg,0.5,0.3,0.3,1,0.8366666666666667,0.8997984,0.47311827956989255,0.59121805,1.8446302031848005,2.0230331,,,,
sequential,mov,rrg,0.6000000000000001,0.3,0.3,1,0.8766666666666667,0.92089814,0.6021505376344088,0.70440376,1.3667292066911854,1.3470831,,,,
sequential,mov,rrg,0.7000000000000001,0.3,0.3,1,0.9166666666666666,0.94198364,0.7311827956989246,0.7894759,0.973647724111705,0.89099884,,,,
sequential,mov,rrg,0.8,0.3,0.3,1,0.9333333333333333,0.96040225,0.7849462365591399,0.8539665,0.6068911870834313,0.56077623,,,,
sequential,mov,rrg,0.9,0.3,0.3,1,0.9633333333333334,0.98179656,0.881720430107527,0.9375417,0.32172139071917855,0.22813974,,,,
sequential,mov,rrg,1.0,0.3,0.3,1,1.0,0.99993205,1.0,0.9997808,1.0022260284077607e-06,0.0056387433,,,,
sequential,c_mov,rrg,0.0,0.3,0.3,1,0.69,0.7000066,0.0,0.0,4.411465230870735,4.6622105,,,,
sequential,c_mov,rrg,0.1,0.3,0.3,1,0.7466666666666667,0.71405846,0.18279569892473144,0.13965015,3.43988602901201,3.4564257,,,,
sequential,c_mov,rrg,0.2,0.3,0.3,1,0.8366666666666667,0.743819,0.47311827956989255,0.36035192,3.1353273637817978,2.5403817,,,,
sequential,c_mov,rrg,0.30000000000000004,0.3,0.3,1,0.9066666666666666,0.7997625,0.6989247311827956,0.5277003,2.684782269676392,2.169386,,,,
sequential,c_mov,rrg,0.4,0.3,0.3,1,0.9533333333333334,0.84489083,0.849462365591398,0.62930584,2.1095649551779405,1.8678595,,,,
sequential,c_mov,rrg,0.5,0.3,0.3,1,0.9566666666666667,0.8802544,0.8602150537634409,0.69295835,1.8464141797059317,1.5917298,,,,
sequential,c_mov,rrg,0.6000000000000001,0.3,0.3,1,0.9733333333333334,0.911038,0.9139784946236561,0.7610261,1.2644183628623153,1.2802832,,,,
sequential,c_mov,rrg,0.7000000000000001,0.3,0.3,1,0.9733333333333334,0.93629956,0.9139784946236561,0.81701493,0.9525528207122793,0.9454537,,,,
sequential,c_mov,rrg,0.8,0.3,0.3,1,0.98,0.95450574,0.9354838709677419,0.86437446,0.5891951287546988,0.54238945,,,,
sequential,c_mov,rrg,0.9,0.3,0.3,1,0.9933333333333333,0.9768445,0.9784946236559139,0.92906487,0.3139643300659488,0.23090164,,,,
sequential,c_mov,rrg,1.0,0.3,0.3,1,1.0,0.99993205,1.0,0.9997808,1.0022260284077607e-06,0.0056387433,,,,
sequential,ov,rrg,0.0,0.4,0.3,1,0.6466666666666666,0.6000194,0.0,0.0,3.9486726497774667,3.3618698,,,,
sequential,ov,rrg,0.1,0.4,0.3,1,0.7466666666666667,0.64001185,0.2830188679245285,0.21737798,3.808942414107279,2.558371,,,,
sequential,ov,rrg,0.2,0.4,0.3,1,0.8466666666666667,0.6800085,0.7628865979381443,0.33342507,3.6687334989569598,1.958581,,,,
sequential,ov,rrg,0.30000000000000004,0.4,0.3,1,0.9466666666666667,0.7199934,0.9175257731958761,0.333414,3.603728027577064,1.5060899,,,,
sequential,ov,rrg,0.4,0.4,0.3,1,1.0,0.7597672,1.0,0.40904158,3.492932818033669,1.2570796,,,,
sequential,ov,rrg,0.5,0.4,0.3,1,0.9933333333333333,0.81394285,0.9896907216494844,0.596053,2.5502611662027808,1.2136505,,,,
sequential,ov,rrg,0.6000000000000001,0.4,0.3,1,0.9833333333333333,0.86352843,0.9528301886792452,0.7219185,1.5610375752656471,1.0763768,,,,
sequential,ov,rrg,0.7000000000000001,0.4,0.3,1,0.9866666666666667,0.9075766,0.9622641509433963,0.79289615,1.021512430284682,0.8407493,,,,
sequential,ov,rrg,0.8,0.4,0.3,1,0.9933333333333333,0.9418687,0.981132075471698,0.85882986,0.6287147239192227,0.53963846,,,,
sequential,ov,rrg,0.9,0.4,0.3,1,0.99,0.969201,0.9716981132075472,0.9199024,0.27775804161425993,0.24756584,,,,
sequential,ov,rrg,1.0,0.4,0.3,1,1.0,0.9999017,1.0,0.99972177,1.7085867452409226e-06,0.006794912,,,,
sequential,mov,rrg,0.0,0.4,0.3,1,0.6466666666666666,0.6000194,0.0,0.0,3.9486726497774667,3.3618698,,,,
sequential,mov,rrg,0.1,0.4,0.3,1,0.6466666666666666,0.6828345,0.0,0.0,3.1737734850451274,3.8395178,,,,
sequential,mov,rrg,0.2,0.4,0.3,1,0.67,0.7317309,0.06603773584905687,0.103292674,2.960529447506042,3.3509405,,,,
sequential,mov,rrg,0.30000000000000004,0.4,0.3,1,0.6766666666666666,0.7748053,0.08490566037735855,0.21244286,2.6899564478759417,2.8696556,,,,
sequential,mov,rrg,0.4,0.4,0.3,1,0.71,0.8194046,0.17924528301886794,0.3376392,2.4313029630729526,2.467703,,,,
sequential,mov,rrg,0.5,0.4,0.3,1,0.7466666666666667,0.8614427,0.2830188679245285,0.47801977,2.192968720893774,1.9136281,,,,
sequential,mov,rrg,0.6000000000000001,0.4,0.3,1,0.8033333333333333,0.8870192,0.44339622641509446,0.59851456,1.4280927223031668,1.3293946,,,,
sequential,mov,rrg,0.7000000000000001,0.4,0.3,1,0.8533333333333334,0.9147689,0.5849056603773587,0.7177555,1.0507317931459856,0.87455004,,,,
sequential,mov,rrg,0.8,0.4,0.3,1,0.9066666666666666,0.94330263,0.7358490566037735,0.8226156,0.5541686539535238,0.5213345,,,,
sequential,mov,rrg,0.9,0.4,0.3,1,0.95,0.9702462,0.8584905660377358,0.91101587,0.18729527087877504,0.24611336,,,,
sequential,mov,rrg,1.0,0.4,0.3,1,1.0,0.9999017,1.0,0.99972177,1.7085867452409226e-06,0.006794912,,,,
sequential,c_mov,rrg,0.0,0.4,0.3,1,0.6466666666666666,0.6000194,0.0,0.0,3.9486726497774667,3.3618698,,,,
sequential,c_mov,rrg,0.1,0.4,0.3,1,0.6366666666666667,0.6537415,-0.028301886792452536,0.08835507,3.560234852541577,2.9445605,,,,
sequential,c_mov,rrg,0.2,0.4,0.3,1,0.7266666666666667,0.69529164,0.2264150943396228,0.29624945,3.3462766210447725,2.268561,,,,
sequential,c_mov,rrg,0.30000000000000004,0.4,0.3,1,0.82,0.73668295,0.490566037735849,0.457071,3.236479686441748,1.8124379,,,,
sequential,c_mov,rrg,0.4,0.4,0.3,1,0.8566666666666667,0.7785206,0.5943396226415095,0.543824,3.0763414337731487,1.5334853,,,,
sequential,c_mov,rrg,0.5,0.4,0.3,1,0.87,0.8289779,0.6320754716981133,0.622407,2.678017622423189,1.399997,,,,
sequential,c_mov,rrg,0.6000000000000001,0.4,0.3,1,0.9133333333333333,0.8683335,0.7547169811320755,0.69668835,1.999616198765725,1.0421188,,,,
sequential,c_mov,rrg,0.7000000000000001,0.4,0.3,1,0.9366666666666666,0.9095923,0.820754716981132,0.7766063,1.263783881312779,0.81766635,,,,
sequential,c_mov,rrg,0.8,0.4,0.3,1,0.9533333333333334,0.9400295,0.8679245283018869,0.84452724,0.8244947019401127,0.56179804,,,,
sequential,c_mov,rrg,0.9,0.4,0.3,1,0.9866666666666667,0.9688987,0.9622641509433963,0.9163765,0.2252145889188813,0.2520816,,,,
sequential,c_mov,rrg,1.0,0.4,0.3,1,1.0,0.9999017,1.0,0.99972177,1.7085867452409226e-06,0.006794912,,,,
sequential,ov,rrg,0.0,0.05,0.3,2,0.94,0.94999987,0.0,0.0,12.669813325313383,11.267633,,,,
sequential,ov,rrg,0.1,0.05,0.3,2,1.0,0.96514875,1.0,0.6325692,6.003796631130249,5.832754,,,,
sequential,ov,rrg,0.2,0.05,0.3,2,1.0,0.979506,1.0,0.7453973,3.305900557851638,3.9795804,,,,
sequential,ov,rrg,0.30000000000000004,0.05,0.3,2,1.0,0.9865908,1.0,0.81733584,2.1176772090169025,2.763119,,,,
sequential,ov,rrg,0.4,0.05,0.3,2,1.0,0.99100965,1.0,0.86968654,1.5854992054807717,1.8797559,,,,
sequential,ov,rrg,0.5,0.05,0.3,2,1.0,0.9932611,1.0,0.89902526,1.071193867722927,1.3381264,,,,
sequential,ov,rrg,0.6000000000000001,0.05,0.3,2,1.0,0.994936,1.0,0.92216796,0.6669154585406578,0.8999117,,,,
sequential,ov,rrg,0.7000000000000001,0.05,0.3,2,1.0,0.99693286,1.0,0.9513646,0.5277358311027924,0.6139315,,,,
sequential,ov,rrg,0.8,0.05,0.3,2,1.0,0.9986263,1.0,0.9776149,0.41767711528327844,0.37445104,,,,
sequential,ov,rrg,0.9,0.05,0.3,2,1.0,0.999265,1.0,0.9878961,0.13984126359121218,0.15914355,,,,
sequential,ov,rrg,1.0,0.05,0.3,2,1.0,0.999981,1.0,0.9996831,9.145750833495278e-07,0.0030250084,,,,
sequential,mov,rrg,0.0,0.05,0.3,2,0.94,0.94999987,0.0,0.0,12.669813325313383,11.267633,,,,
sequential,mov,rrg,0.1,0.05,0.3,2,0.94,0.96822184,0.0,0.0,9.574189573398185,6.557842,,,,
sequential,mov,rrg,0.2,0.05,0.3,2,0.9633333333333334,0.99063545,0.3888888888888901,0.7132739,7.739618243754791,3.205446,,,,
sequential,mov,rrg,0.30000000000000004,0.05,0.3,2,0.9666666666666667,0.99414104,0.4444444444444451,0.8450823,4.679865403734443,1.9127154,,,,
sequential,mov,rrg,0.4,0.05,0.3,2,0.9633333333333334,0.9956812,0.3888888888888901,0.8890107,3.3875909226726972,1.3591508,,,,
sequential,mov,rrg,0.5,0.05,0.3,2,0.9733333333333334,0.99793416,0.5555555555555568,0.949864,2.5268455611638188,0.97140485,,,,
sequential,mov,rrg,0.6000000000000001,0.05,0.3,2,0.98,0.9945518,0.6666666666666666,0.893752,0.9916097233988425,0.7960364,,,,
sequential,mov,rrg,0.7000000000000001,0.05,0.3,2,0.99,0.9925746,0.8333333333333334,0.8706942,0.5376394773201756,0.53532666,,,,
sequential,mov,rrg,0.8,0.05,0.3,2,0.9933333333333333,0.99591106,0.8888888888888883,0.92879176,0.38490247457399845,0.33921406,,,,
sequential,mov,rrg,0.9,0.05,0.3,2,1.0,0.99954456,1.0,0.9924648,0.10529685087797375,0.11215121,,,,
sequential,mov,rrg,1.0,0.05,0.3,2,1.0,0.999981,1.0,0.9996831,9.145750833495278e-07,0.0030250084,,,,
sequential,c_mov,rrg,0.0,0.05,0.3,2,0.94,0.94999987,0.0,0.0,12.669813325313383,11.267633,,,,
sequential,c_mov,rrg,0.1,0.05,0.3,2,0.99,0.9760261,0.8333333333333334,0.6759143,4.349295287767644,5.3066025,,,,
sequential,c_mov,rrg,0.2,0.05,0.3,2,0.99,0.9892653,0.8333333333333334,0.823253,3.4326732038070924,3.3081775,,,,
sequential,c_mov,rrg,0.30000000000000004,0.05,0.3,2,0.99,0.99423707,0.8333333333333334,0.896653,2.823252822611115,2.3137672,,,,
sequential,c_mov,rrg,0.4,0.05,0.3,2,0.9966666666666667,0.997625,0.9444444444444451,0.95976824,1.8007215833475925,1.6484809,,,,
sequential,c_mov,rrg,0.5,0.05,0.3,2,0.9966666666666667,0.9989924,0.9444444444444451,0.98252445,1.177154079842696,1.1110462,,,,
sequential,c_mov,rrg,0.6000000000000001,0.05,0.3,2,0.9966666666666667,0.99922454,0.9444444444444451,0.9864948,0.9066418299536927,0.80420333,,,,
sequential,c_mov,rrg,0.7000000000000001,0.05,0.3,2,0.9966666666666667,0.99932253,0.9444444444444451,0.98817194,0.5834030434716129,0.5657481,,,,
sequential,c_mov,rrg,0.8,0.05,0.3,2,1.0,0.99983644,1.0,0.9972812,0.2924788320313357,0.3005066,,,,
sequential,c_mov,rrg,0.9,0.05,0.3,2,1.0,0.99991447,1.0,0.99857616,0.09169961301244037,0.123210296,,,,
sequential,c_mov,rrg,1.0,0.05,0.3,2,1.0,0.999981,1.0,0.9996831,9.145750833495278e-07,0.0030250084,,,,
sequential,ov,rrg,0.0,0.1,0.3,2,0.9066666666666666,0.9000041,0.0,0.0,10.255048628006074,9.779279,,,,
sequential,ov,rrg,0.1,0.1,0.3,2,0.9966666666666667,0.914315,0.9642857142857146,0.51227325,8.432319971412777,5.2024956,,,,
sequential,ov,rrg,0.2,0.1,0.3,2,1.0,0.93526673,1.0,0.5904665,6.151988112042683,4.3591294,,,,
sequential,ov,rrg,0.30000000000000004,0.1,0.3,2,1.0,0.9601106,1.0,0.7005792,2.94565174867376,3.4690943,,,,
sequential,ov,rrg,0.4,0.1,0.3,2,1.0,0.97277606,1.0,0.7741809,2.059884298549486,2.587613,,,,
sequential,ov,rrg,0.5,0.1,0.3,2,1.0,0.98074913,1.0,0.82900673,1.3031486129077146,1.8332926,,,,
sequential,ov,rrg,0.6000000000000001,0.1,0.3,2,1.0,0.985684,1.0,0.8670103,0.8376230922986828,1.2617501,,,,
sequential,ov,rrg,0.7000000000000001,0.1,0.3,2,1.0,0.9899231,1.0,0.9025488,0.6664754001038451,0.80254036,,,,
sequential,ov,rrg,0.8,0.1,0.3,2,1.0,0.9945041,1.0,0.94438344,0.4124150918563773,0.4623647,,,,
sequential,ov,rrg,0.9,0.1,0.3,2,1.0,0.9971697,1.0,0.97055846,0.19856952480468773,0.25931066,,,,
sequential,ov,rrg,1.0,0.1,0.3,2,1.0,0.99996275,1.0,0.99960077,3.4435644796495095e-06,0.0041746395,,,,
sequential,mov,rrg,0.0,0.1,0.3,2,0.9066666666666666,0.9000041,0.0,0.0,10.255048628006074,9.779279,,,,
sequential,mov,rrg,0.1,0.1,0.3,2,0.9066666666666666,0.93416107,0.0,0.0,7.579811652781739,8.222952,,,,
sequential,mov,rrg,0.2,0.1,0.3,2,0.9233333333333333,0.95447916,0.17857142857142905,0.24096644,6.98276296420966,6.039064,,,,
sequential,mov,rrg,0.30000000000000004,0.1,0.3,2,0.9333333333333333,0.9764685,0.2857142857142862,0.5774456,6.732747996502493,4.0118847,,,,
sequential,mov,rrg,0.4,0.1,0.3,2,0.9533333333333334,0.98855054,0.5000000000000006,0.82045686,4.448881235385755,2.1904848,,,,
sequential,mov,rrg,0.5,0.1,0.3,2,0.9566666666666667,0.9933367,0.5357142857142859,0.8931304,3.437895446442692,1.423895,,,,
sequential,mov,rrg,0.6000000000000001,0.1,0.3,2,0.9633333333333334,0.9883549,0.6071428571428578,0.8435618,2.0284917892278522,1.0883869,,,,
sequential,mov,rrg,0.7000000000000001,0.1,0.3,2,0.97,0.9904395,0.6785714285714285,0.8750455,1.8258240981549942,0.7756833,,,,
sequential,mov,rrg,0.8,0.1,0.3,2,0.9966666666666667,0.99324584,0.9642857142857146,0.92787975,0.8214782984466013,0.5991866,,,,
sequential,mov,rrg,0.9,0.1,0.3,2,1.0,0.999419,1.0,0.9937994,0.19346880925151605,0.18107955,,,,
sequential,mov,rrg,1.0,0.1,0.3,2,1.0,0.99996275,1.0,0.99960077,3.4435644796495095e-06,0.0041746395,,,,
sequential,c_mov,rrg,0.0,0.1,0.3,2,0.9066666666666666,0.9000041,0.0,0.0,10.255048628006074,9.779279,,,,
sequential,c_mov,rrg,0.1,0.1,0.3,2,0.98,0.9162681,0.7857142857142856,0.46689183,8.556146080136948,5.814607,,,,
sequential,c_mov,rrg,0.2,0.1,0.3,2,1.0,0.9587368,1.0,0.6934298,3.728937284215443,4.2653785,,,,
sequential,c_mov,rrg,0.30000000000000004,0.1,0.3,2,1.0,0.97213054,1.0,0.7700583,2.590242701814306,3.2010648,,,,
sequential,c_mov,rrg,0.4,0.1,0.3,2,1.0,0.9809423,1.0,0.8304333,2.3342726631394264,2.5094397,,,,
sequential,c_mov,rrg,0.5,0.1,0.3,2,1.0,0.9894755,1.0,0.89866346,1.5433792731570202,1.7160559,,,,
sequential,c_mov,rrg,0.6000000000000001,0.1,0.3,2,1.0,0.992643,1.0,0.9269319,1.0743609882771368,1.2116737,,,,
sequential,c_mov,rrg,0.7000000000000001,0.1,0.3,2,1.0,0.99448204,1.0,0.9441754,0.6142660199700842,0.82374495,,,,
sequential,c_mov,rrg,0.8,0.1,0.3,2,1.0,0.9972949,1.0,0.9718292,0.41708537096943843,0.5158149,,,,
sequential,c_mov,rrg,0.9,0.1,0.3,2,1.0,0.99830025,1.0,0.98210895,0.26629373082116037,0.28540966,,,,
sequential,c_mov,rrg,1.0,0.1,0.3,2,1.0,0.99996275,1.0,0.99960077,3.4435644796495095e-06,0.0041746395,,,,
sequential,ov,rrg,0.0,0.2,0.3,2,0.82,0.8000036,0.0,0.0,8.576071231718775,6.65358,,,,
sequential,ov,rrg,0.1,0.2,0.3,2,0.92,0.82000035,0.5555555555555559,0.35713035,8.014478506603776,4.220404,,,,
sequential,ov,rrg,0.2,0.2,0.3,2,0.9966666666666667,0.8444193,0.9814814814814816,0.5317183,7.586207187218936,3.040027,,,,
sequential,ov,rrg,0.30000000000000004,0.2,0.3,2,1.0,0.88043964,1.0,0.6008736,5.796651971835278,2.804657,,,,
sequential,ov,rrg,0.4,0.2,0.3,2,1.0,0.9124206,1.0,0.67269087,3.845004205945841,2.4789646,,,,
sequential,ov,rrg,0.5,0.2,0.3,2,1.0,0.9423341,1.0,0.7573599,2.1283793842020837,2.0898824,,,,
sequential,ov,rrg,0.6000000000000001,0.2,0.3,2,1.0,0.9572398,1.0,0.80803466,1.1554657766363328,1.4346558,,,,
sequential,ov,rrg,0.7000000000000001,0.2,0.3,2,1.0,0.96732867,1.0,0.8463613,0.7131674277907056,0.9852828,,,,
sequential,ov,rrg,0.8,0.2,0.3,2,1.0,0.9799363,1.0,0.89970404,0.43838443705208247,0.56617767,,,,
sequential,ov,rrg,0.9,0.2,0.3,2,1.0,0.9903475,1.0,0.9490944,0.35417544048953886,0.281335,,,,
sequential,ov,rrg,1.0,0.2,0.3,2,1.0,0.9999778,1.0,0.9998768,3.090803101569687e-07,0.0024277144,,,,
sequential,mov,rrg,0.0,0.2,0.3,2,0.82,0.8000036,0.0,0.0,8.576071231718775,6.65358,,,,
sequential,mov,rrg,0.1,0.2,0.3,2,0.82,0.8744972,0.0,0.0,6.379885126552781,7.4091563,,,,
sequential,mov,rrg,0.2,0.2,0.3,2,0.8366666666666667,0.8946827,0.09259259259259285,0.1584492,5.85981838094467,5.8800554,,,,
sequential,mov,rrg,0.30000000000000004,0.2,0.3,2,0.86,0.92387635,0.22222222222222235,0.3543731,5.291455266177868,4.5883145,,,,
sequential,mov,rrg,0.4,0.2,0.3,2,0.87,0.9490571,0.27777777777777796,0.51859426,4.834301845911338,3.3943768,,,,
sequential,mov,rrg,0.5,0.2,0.3,2,0.8733333333333333,0.9642163,0.2962962962962963,0.6531375,4.311157217488486,2.29498,,,,
sequential,mov,rrg,0.6000000000000001,0.2,0.3,2,0.9133333333333333,0.9626417,0.5185185185185186,0.7071568,2.350304313692545,1.5117718,,,,
sequential,mov,rrg,0.7000000000000001,0.2,0.3,2,0.9466666666666667,0.973562,0.7037037037037037,0.8259108,1.1945015282825466,0.9976483,,,,
sequential,mov,rrg,0.8,0.2,0.3,2,0.9666666666666667,0.98134255,0.8148148148148149,0.88662744,0.568605709543188,0.5987104,,,,
sequential,mov,rrg,0.9,0.2,0.3,2,0.99,0.99160296,0.9444444444444444,0.9531122,0.16959215530589025,0.25533217,,,,
sequential,mov,rrg,1.0,0.2,0.3,2,1.0,0.9999778,1.0,0.9998768,3.090803101569687e-07,0.0024277144,,,,
sequential,c_mov,rrg,0.0,0.2,0.3,2,0.82,0.8000036,0.0,0.0,8.576071231718775,6.65358,,,,
sequential,c_mov,rrg,0.1,0.2,0.3,2,0.9033333333333333,0.8074811,0.462962962962963,0.3020823,8.017242224473824,4.1198688,,,,
sequential,c_mov,rrg,0.2,0.2,0.3,2,0.9933333333333333,0.8470487,0.9629629629629627,0.53122044,6.934084963415583,3.10498,,,,
sequential,c_mov,rrg,0.30000000000000004,0.2,0.3,2,1.0,0.902751,1.0,0.6492328,3.5164465457276335,3.1388395,,,,
sequential,c_mov,rrg,0.4,0.2,0.3,2,1.0,0.9326944,1.0,0.72784156,2.269695421848225,2.753599,,,,
sequential,c_mov,rrg,0.5,0.2,0.3,2,1.0,0.9554893,1.0,0.8017389,1.9313710321345787,2.2261636,,,,
sequential,c_mov,rrg,0.6000000000000001,0.2,0.3,2,1.0,0.9650093,1.0,0.8372418,1.4447590097082246,1.5861752,,,,
sequential,c_mov,rrg,0.7000000000000001,0.2,0.3,2,1.0,0.97799295,1.0,0.89105284,1.1203061706434716,1.0865135,,,,
sequential,c_mov,rrg,0.8,0.2,0.3,2,1.0,0.9862805,1.0,0.929172,0.6708115511025203,0.6443834,,,,
sequential,c_mov,rrg,0.9,0.2,0.3,2,1.0,0.99299824,1.0,0.9625511,0.3010245709900568,0.30680674,,,,
sequential,c_mov,rrg,1.0,0.2,0.3,2,1.0,0.9999778,1.0,0.9998768,3.090803101569687e-07,0.0024277144,,,,
sequential,ov,rrg,0.0,0.3,0.3,2,0.7,0.7000066,0.0,0.0,4.681208578038704,4.6622105,,,,
sequential,ov,rrg,0.1,0.3,0.3,2,0.8,0.7300063,0.3333333333333336,0.27025267,4.22041030136342,3.343261,,,,
sequential,ov,rrg,0.2,0.3,0.3,2,0.9,0.7599994,0.6666666666666667,0.4545171,3.976277001842938,2.5406816,,,,
sequential,ov,rrg,0.30000000000000004,0.3,0.3,2,0.9933333333333333,0.79460573,0.9777777777777776,0.5881364,3.557195503821208,1.9068398,,,,
sequential,ov,rrg,0.4,0.3,0.3,2,1.0,0.8332395,1.0,0.6427018,2.9686374745518505,1.6780388,,,,
sequential,ov,rrg,0.5,0.3,0.3,2,1.0,0.8700999,1.0,0.69781345,1.937231105962907,1.4903643,,,,
sequential,ov,rrg,0.6000000000000001,0.3,0.3,2,0.9966666666666667,0.9031607,0.988888888888889,0.75606686,1.259677947176519,1.2485167,,,,
sequential,ov,rrg,0.7000000000000001,0.3,0.3,2,0.9933333333333333,0.9274348,0.9777777777777776,0.80534947,0.9532822682423137,0.9188051,,,,
sequential,ov,rrg,0.8,0.3,0.3,2,0.9966666666666667,0.9547676,0.988888888888889,0.86909616,0.5196540783478455,0.53740215,,,,
sequential,ov,rrg,0.9,0.3,0.3,2,0.9966666666666667,0.98006207,0.988888888888889,0.937813,0.21418210994558806,0.24810536,,,,
sequential,ov,rrg,1.0,0.3,0.3,2,1.0,0.99992573,1.0,0.9997524,1.0770620110581039e-06,0.006126074,,,,
sequential,mov,rrg,0.0,0.3,0.3,2,0.7,0.7000066,0.0,0.0,4.681208578038704,4.6622105,,,,
sequential,mov,rrg,0.1,0.3,0.3,2,0.7,0.7678052,0.0,0.0,3.6172577850403287,5.0454216,,,,
sequential,mov,rrg,0.2,0.3,0.3,2,0.7266666666666667,0.8021114,0.08888888888888907,0.12190921,3.1549108150131153,4.083098,,,,
sequential,mov,rrg,0.30000000000000004,0.3,0.3,2,0.7633333333333333,0.83896303,0.21111111111111114,0.29777512,2.743470442739162,3.2811785,,,,
sequential,mov,rrg,0.4,0.3,0.3,2,0.7933333333333333,0.871558,0.3111111111111112,0.44201386,2.1810160336300326,2.5602784,,,,
sequential,mov,rrg,0.5,0.3,0.3,2,0.84,0.90704507,0.4666666666666666,0.5960563,1.7892259719435535,1.977909,,,,
sequential,mov,rrg,0.6000000000000001,0.3,0.3,2,0.87,0.926333,0.5666666666666668,0.69822705,1.2693382007006828,1.3776364,,,,
sequential,mov,rrg,0.7000000000000001,0.3,0.3,2,0.9033333333333333,0.9419988,0.6777777777777778,0.7770578,0.9711221676413349,0.92257506,,,,
sequential,mov,rrg,0.8,0.3,0.3,2,0.9333333333333333,0.9650073,0.7777777777777779,0.8718698,0.4228510224857229,0.48742497,,,,
sequential,mov,rrg,0.9,0.3,0.3,2,0.97,0.9862298,0.8999999999999999,0.95144176,0.241172078328047,0.2078279,,,,
sequential,mov,rrg,1.0,0.3,0.3,2,1.0,0.99992573,1.0,0.9997524,1.0770620110581039e-06,0.006126074,,,,
sequential,c_mov,rrg,0.0,0.3,0.3,2,0.7,0.7000066,0.0,0.0,4.681208578038704,4.6622105,,,,
sequential,c_mov,rrg,0.1,0.3,0.3,2,0.7233333333333334,0.71899086,0.07777777777777808,0.1453246,4.068446284116364,3.550008,,,,
sequential,c_mov,rrg,0.2,0.3,0.3,2,0.8233333333333334,0.748991,0.4111111111111113,0.37055272,3.8236105646790506,2.626085,,,,
sequential,c_mov,rrg,0.30000000000000004,0.3,0.3,2,0.9133333333333333,0.80056715,0.7111111111111111,0.5271223,3.339645660373378,2.2150476,,,,
sequential,c_mov,rrg,0.4,0.3,0.3,2,0.9533333333333334,0.8479131,0.8444444444444446,0.6248544,2.5986029569844162,1.9684503,,,,
sequential,c_mov,rrg,0.5,0.3,0.3,2,0.9633333333333334,0.88432616,0.8777777777777779,0.69766456,2.20492750811814,1.6192766,,,,
sequential,c_mov,rrg,0.6000000000000001,0.3,0.3,2,0.9766666666666667,0.90727735,0.9222222222222223,0.747653,1.4142130307656309,1.1680828,,,,
sequential,c_mov,rrg,0.7000000000000001,0.3,0.3,2,0.9733333333333334,0.9371338,0.9111111111111113,0.8139611,0.792604858786719,0.87398964,,,,
sequential,c_mov,rrg,0.8,0.3,0.3,2,0.9733333333333334,0.95627534,0.9111111111111113,0.8680007,0.6255769353047141,0.56018674,,,,
sequential,c_mov,rrg,0.9,0.3,0.3,2,0.9866666666666667,0.97799987,0.9555555555555556,0.93127793,0.3236811292358509,0.2690411,,,,
sequential,c_mov,rrg,1.0,0.3,0.3,2,1.0,0.99992573,1.0,0.9997524,1.0770620110581039e-06,0.006126074,,,,
sequential,ov,rrg,0.0,0.4,0.3,2,0.61,0.6000194,0.0,0.0,3.068275733705893,3.3618698,,,,
sequential,ov,rrg,0.1,0.4,0.3,2,0.71,0.6400118,0.25641025641025633,0.21737786,2.8759423908976585,2.565273,,,,
sequential,ov,rrg,0.2,0.4,0.3,2,0.81,0.68000853,0.6885245901639345,0.33342522,2.707380801336066,1.9591833,,,,
sequential,ov,rrg,0.30000000000000004,0.4,0.3,2,0.91,0.7199934,0.8524590163934427,0.333414,2.5979789883999485,1.4724333,,,,
sequential,ov,rrg,0.4,0.4,0.3,2,0.9966666666666667,0.7596302,0.9945355191256832,0.3556637,2.518377983843068,1.1336166,,,,
sequential,ov,rrg,0.5,0.4,0.3,2,0.9933333333333333,0.80738765,0.989071038251366,0.5381477,2.0091652796018327,1.0314571,,,,
sequential,ov,rrg,0.6000000000000001,0.4,0.3,2,0.9833333333333333,0.85512614,0.9726775956284153,0.6881116,1.3638564480188795,0.8929884,,,,
sequential,ov,rrg,0.7000000000000001,0.4,0.3,2,0.9833333333333333,0.8968738,0.9572649572649571,0.79131454,1.0986046809097096,0.6880949,,,,
sequential,ov,rrg,0.8,0.4,0.3,2,0.9833333333333333,0.93580383,0.9572649572649571,0.8590066,0.8230293331543552,0.48664346,,,,
sequential,ov,rrg,0.9,0.4,0.3,2,0.9933333333333333,0.97017586,0.9829059829059827,0.9290751,0.16561319500531657,0.25619954,,,,
sequential,ov,rrg,1.0,0.4,0.3,2,1.0,0.99990445,1.0,0.99975497,1.2645242131909642e-06,0.0066882484,,,,
sequential,mov,rrg,0.0,0.4,0.3,2,0.61,0.6000194,0.0,0.0,3.068275733705893,3.3618698,,,,
sequential,mov,rrg,0.1,0.4,0.3,2,0.61,0.6787784,0.0,0.018466305,2.1638646412675975,3.7227263,,,,
sequential,mov,rrg,0.2,0.4,0.3,2,0.6466666666666666,0.7240504,0.0940170940170939,0.11551501,1.8843785769741108,3.1973825,,,,
sequential,mov,rrg,0.30000000000000004,0.4,0.3,2,0.6833333333333333,0.7685869,0.1880341880341881,0.27352467,1.648918199687629,2.5647693,,,,
sequential,mov,rrg,0.4,0.4,0.3,2,0.7233333333333334,0.81202555,0.29059829059829073,0.41587543,1.4159626779313836,2.0838783,,,,
sequential,mov,rrg,0.5,0.4,0.3,2,0.7566666666666667,0.8507844,0.3760683760683762,0.5410105,1.2772833407117339,1.5752324,,,,
sequential,mov,rrg,0.6000000000000001,0.4,0.3,2,0.8233333333333334,0.8878367,0.5470085470085471,0.6622169,0.9023574701080386,1.1833167,,,,
sequential,mov,rrg,0.7000000000000001,0.4,0.3,2,0.8766666666666667,0.9212425,0.6837606837606839,0.7752335,0.5762715121127167,0.7481151,,,,
sequential,mov,rrg,0.8,0.4,0.3,2,0.93,0.95137876,0.8205128205128206,0.86439055,0.44221222332685994,0.49573085,,,,
sequential,mov,rrg,0.9,0.4,0.3,2,0.9666666666666667,0.9773464,0.9145299145299145,0.9391114,0.19597032062377315,0.21588217,,,,
sequential,mov,rrg,1.0,0.4,0.3,2,1.0,0.99990445,1.0,0.99975497,1.2645242131909642e-06,0.0066882484,,,,
sequential,c_mov,rrg,0.0,0.4,0.3,2,0.61,0.6000194,0.0,0.0,3.068275733705893,3.3618698,,,,
sequential,c_mov,rrg,0.1,0.4,0.3,2,0.6666666666666666,0.66089267,0.14529914529914523,0.08251837,2.1150416590482277,3.0988898,,,,
sequential,c_mov,rrg,0.2,0.4,0.3,2,0.7533333333333333,0.7031669,0.36752136752136744,0.296604,1.9291683560280959,2.4667087,,,,
sequential,c_mov,rrg,0.30000000000000004,0.4,0.3,2,0.8466666666666667,0.74345213,0.6068376068376069,0.46156466,1.756377176562956,1.9215692,,,,
sequential,c_mov,rrg,0.4,0.4,0.3,2,0.8733333333333333,0.78705716,0.6752136752136751,0.5717783,1.5604537176935744,1.589112,,,,
sequential,c_mov,rrg,0.5,0.4,0.3,2,0.8866666666666667,0.8299934,0.7094017094017095,0.649808,1.358726254464405,1.3896705,,,,
sequential,c_mov,rrg,0.6000000000000001,0.4,0.3,2,0.9033333333333333,0.87071645,0.7521367521367521,0.7163121,0.9995245946421518,1.1049601,,,,
sequential,c_mov,rrg,0.7000000000000001,0.4,0.3,2,0.9266666666666666,0.90411216,0.8119658119658119,0.7843785,0.8050316522964603,0.7842308,,,,
sequential,c_mov,rrg,0.8,0.4,0.3,2,0.95,0.93565917,0.8717948717948717,0.84838015,0.4554294321725534,0.44745037,,,,
sequential,c_mov,rrg,0.9,0.4,0.3,2,0.9733333333333334,0.9712385,0.9316239316239318,0.92888266,0.20895784426936867,0.22284634,,,,
sequential,c_mov,rrg,1.0,0.4,0.3,2,1.0,0.99990445,1.0,0.99975497,1.2645242131909642e-06,0.0066882484,,,,
sequential,ov,rrg,0.0,0.05,0.3,3,0.9633333333333334,0.94999987,0.0,0.0,10.799282853511626,11.267633,,,,
sequential,ov,rrg,0.1,0.05,0.3,3,1.0,0.96494967,1.0,0.51126903,5.784242823513195,6.8600245,,,,
sequential,ov,rrg,0.2,0.05,0.3,3,1.0,0.98191893,1.0,0.6697383,2.6344750498665532,4.300019,,,,
sequential,ov,rrg,0.30000000000000004,0.05,0.3,3,1.0,0.9885123,1.0,0.76143986,2.1986154188816878,2.5017042,,,,
sequential,ov,rrg,0.4,0.05,0.3,3,1.0,0.9919223,1.0,0.81947,1.7152982221745605,1.7324507,,,,
sequential,ov,rrg,0.5,0.05,0.3,3,1.0,0.9947354,1.0,0.87444705,1.3317795101755308,1.1538639,,,,
sequential,ov,rrg,0.6000000000000001,0.05,0.3,3,1.0,0.99541056,1.0,0.8887571,0.8999771860043924,0.7831572,,,,
sequential,ov,rrg,0.7000000000000001,0.05,0.3,3,1.0,0.99633425,1.0,0.90910983,0.6798307132500522,0.4812321,,,,
sequential,ov,rrg,0.8,0.05,0.3,3,1.0,0.9981927,1.0,0.95302194,0.235478478211555,0.2414623,,,,
sequential,ov,rrg,0.9,0.05,0.3,3,1.0,0.9989553,1.0,0.9722932,0.14752649870758147,0.10547827,,,,
sequential,ov,rrg,1.0,0.05,0.3,3,1.0,0.9999876,1.0,0.99966186,7.479958840503118e-07,0.0024579808,,,,
sequential,mov,rrg,0.0,0.05,0.3,3,0.9633333333333334,0.94999987,0.0,0.0,10.799282853511626,11.267633,,,,
sequential,mov,rrg,0.1,0.05,0.3,3,0.9666666666666667,0.98230857,0.09090909090909008,0.12123105,9.368524299463019,5.111517,,,,
sequential,mov,rrg,0.2,0.05,0.3,3,0.9833333333333333,0.9934486,0.5454545454545435,0.75325674,6.219280336851869,2.8804016,,,,
sequential,mov,rrg,0.30000000000000004,0.05,0.3,3,0.9866666666666667,0.99734896,0.6363636363636367,0.89797544,5.232446219169106,1.6240222,,,,
sequential,mov,rrg,0.4,0.05,0.3,3,0.99,0.9986556,0.7272727272727267,0.9520039,2.890089430429303,1.1968902,,,,
sequential,mov,rrg,0.5,0.05,0.3,3,0.9933333333333333,0.99934834,0.8181818181818168,0.9787137,1.1410433153242303,0.84665966,,,,
sequential,mov,rrg,0.6000000000000001,0.05,0.3,3,1.0,0.99963015,1.0,0.99000436,0.7124385711446728,0.5672373,,,,
sequential,mov,rrg,0.7000000000000001,0.05,0.3,3,1.0,0.99974245,1.0,0.993023,0.5541118298049198,0.37250215,,,,
sequential,mov,rrg,0.8,0.05,0.3,3,1.0,0.9997758,1.0,0.9939203,0.40258007869891105,0.2543437,,,,
sequential,mov,rrg,0.9,0.05,0.3,3,1.0,0.9999475,1.0,0.99856967,0.19378656962636115,0.09978364,,,,
sequential,mov,rrg,1.0,0.05,0.3,3,1.0,0.9999876,1.0,0.99966186,7.479958840503118e-07,0.0024579808,,,,
sequential,c_mov,rrg,0.0,0.05,0.3,3,0.9633333333333334,0.94999987,0.0,0.0,10.799282853511626,11.267633,,,,
sequential,c_mov,rrg,0.1,0.05,0.3,3,1.0,0.97998434,1.0,0.64688027,3.806904209850124,5.8799887,,,,
sequential,c_mov,rrg,0.2,0.05,0.3,3,1.0,0.9922832,1.0,0.826134,2.8388494679918925,3.2731738,,,,
sequential,c_mov,rrg,0.30000000000000004,0.05,0.3,3,1.0,0.9964132,1.0,0.91089404,1.9632734565290344,2.0485747,,,,
sequential,c_mov,rrg,0.4,0.05,0.3,3,1.0,0.998233,1.0,0.9540249,1.266129141902671,1.3315645,,,,
sequential,c_mov,rrg,0.5,0.05,0.3,3,1.0,0.9988675,1.0,0.9700389,0.9158159658159775,0.8967461,,,,
sequential,c_mov,rrg,0.6000000000000001,0.05,0.3,3,1.0,0.99912274,1.0,0.97663325,0.799464969105533,0.6719169,,,,
sequential,c_mov,rrg,0.7000000000000001,0.05,0.3,3,1.0,0.9994641,1.0,0.9855943,0.5048510363687925,0.4565765,,,,
sequential,c_mov,rrg,0.8,0.05,0.3,3,1.0,0.99953777,1.0,0.9875495,0.3193363699628937,0.2488886,,,,
sequential,c_mov,rrg,0.9,0.05,0.3,3,1.0,0.9999645,1.0,0.9990319,0.12382547628914099,0.11543335,,,,
sequential,c_mov,rrg,1.0,0.05,0.3,3,1.0,0.9999876,1.0,0.99966186,7.479958840503118e-07,0.0024579808,,,,
sequential,ov,rrg,0.0,0.1,0.3,3,0.92,0.9000041,0.0,0.0,9.464703750763032,9.779279,,,,
sequential,ov,rrg,0.1,0.1,0.3,3,1.0,0.91431195,1.0,0.4828285,6.846934321488931,5.521587,,,,
sequential,ov,rrg,0.2,0.1,0.3,3,1.0,0.9415637,1.0,0.57788265,4.1981273124859495,4.5479207,,,,
sequential,ov,rrg,0.30000000000000004,0.1,0.3,3,1.0,0.9536697,1.0,0.63326013,3.291511007736992,3.3473449,,,,
sequential,ov,rrg,0.4,0.1,0.3,3,1.0,0.961906,1.0,0.67742604,2.1161206425672607,2.4136117,,,,
sequential,ov,rrg,0.5,0.1,0.3,3,1.0,0.9719641,1.0,0.74049395,1.7561854543709543,1.6138918,,,,
sequential,ov,rrg,0.6000000000000001,0.1,0.3,3,1.0,0.9785682,1.0,0.7887057,1.3148806647171114,1.1528747,,,,
sequential,ov,rrg,0.7000000000000001,0.1,0.3,3,1.0,0.98685336,1.0,0.8588587,0.5938524640614673,0.72815686,,,,
sequential,ov,rrg,0.8,0.1,0.3,3,1.0,0.9920038,1.0,0.9091237,0.38462851489507555,0.46288335,,,,
sequential,ov,rrg,0.9,0.1,0.3,3,1.0,0.9965725,1.0,0.95891047,0.20401497736728358,0.21679759,,,,
sequential,ov,rrg,1.0,0.1,0.3,3,1.0,0.9999905,1.0,0.9998815,2.6896462661427427e-07,0.0017330217,,,,
sequential,mov,rrg,0.0,0.1,0.3,3,0.92,0.9000041,0.0,0.0,9.464703750763032,9.779279,,,,
sequential,mov,rrg,0.1,0.1,0.3,3,0.9233333333333333,0.94827473,0.04166666666666626,0.0605415,8.835525883925802,7.9848356,,,,
sequential,mov,rrg,0.2,0.1,0.3,3,0.9333333333333333,0.96427155,0.16666666666666644,0.33648363,8.056676798339437,5.4214664,,,,
sequential,mov,rrg,0.30000000000000004,0.1,0.3,3,0.9533333333333334,0.97997576,0.4166666666666668,0.6241856,6.379082965227155,3.6331568,,,,
sequential,mov,rrg,0.4,0.1,0.3,3,0.9633333333333334,0.9887518,0.541666666666667,0.79386824,4.972474766331801,2.2626681,,,,
sequential,mov,rrg,0.5,0.1,0.3,3,0.97,0.99407154,0.6249999999999994,0.89394754,4.739290712298322,1.4975922,,,,
sequential,mov,rrg,0.6000000000000001,0.1,0.3,3,0.9766666666666667,0.9891526,0.7083333333333334,0.8476122,1.7366276591998113,1.2734302,,,,
sequential,mov,rrg,0.7000000000000001,0.1,0.3,3,0.9866666666666667,0.99272054,0.8333333333333336,0.9013314,0.6221579121945687,0.7975809,,,,
sequential,mov,rrg,0.8,0.1,0.3,3,0.99,0.99619037,0.8749999999999998,0.94783086,0.2438530698833697,0.37402526,,,,
sequential,mov,rrg,0.9,0.1,0.3,3,0.9966666666666667,0.99868643,0.9583333333333337,0.98288417,0.16683068410978766,0.20436032,,,,
sequential,mov,rrg,1.0,0.1,0.3,3,1.0,0.9999905,1.0,0.9998815,2.6896462661427427e-07,0.0017330217,,,,
sequential,c_mov,rrg,0.0,0.1,0.3,3,0.92,0.9000041,0.0,0.0,9.464703750763032,9.779279,,,,
sequential,c_mov,rrg,0.1,0.1,0.3,3,0.9933333333333333,0.9122113,0.9166666666666661,0.45513627,6.856167468212207,5.494099,,,,
sequential,c_mov,rrg,0.2,0.1,0.3,3,1.0,0.9597508,1.0,0.6652847,2.9277805973243023,4.4053054,,,,
sequential,c_mov,rrg,0.30000000000000004,0.1,0.3,3,1.0,0.9723416,1.0,0.74309075,2.741078494187331,3.3723059,,,,
sequential,c_mov,rrg,0.4,0.1,0.3,3,1.0,0.982758,1.0,0.8226893,2.225337482176176,2.4454465,,,,
sequential,c_mov,rrg,0.5,0.1,0.3,3,1.0,0.98979443,1.0,0.88686264,1.7452551538734562,1.7469403,,,,
sequential,c_mov,rrg,0.6000000000000001,0.1,0.3,3,1.0,0.9917438,1.0,0.906451,1.1856200952018197,1.1865393,,,,
sequential,c_mov,rrg,0.7000000000000001,0.1,0.3,3,1.0,0.9940334,1.0,0.9305927,0.7503249820866119,0.7457607,,,,
sequential,c_mov,rrg,0.8,0.1,0.3,3,1.0,0.99644166,1.0,0.95741343,0.3775101326756687,0.40284887,,,,
sequential,c_mov,rrg,0.9,0.1,0.3,3,1.0,0.99895424,1.0,0.98709494,0.2036703885439123,0.19551454,,,,
sequential,c_mov,rrg,1.0,0.1,0.3,3,1.0,0.9999905,1.0,0.9998815,2.6896462661427427e-07,0.0017330217,,,,
sequential,ov,rrg,0.0,0.2,0.3,3,0.8233333333333334,0.8000036,0.0,0.0,8.118405228809433,6.65358,,,,
sequential,ov,rrg,0.1,0.2,0.3,3,0.9233333333333333,0.82000035,0.5660377358490566,0.35713035,7.239721650365707,4.3517065,,,,
sequential,ov,rrg,0.2,0.2,0.3,3,1.0,0.8488826,1.0,0.5389589,6.2917593891622134,3.2976594,,,,
sequential,ov,rrg,0.30000000000000004,0.2,0.3,3,1.0,0.8893935,1.0,0.61497056,4.0410632653743335,3.0382595,,,,
sequential,ov,rrg,0.4,0.2,0.3,3,1.0,0.91693014,1.0,0.68016917,2.7758494907591578,2.677391,,,,
sequential,ov,rrg,0.5,0.2,0.3,3,1.0,0.9398022,1.0,0.7458495,1.689798822988386,2.0208182,,,,
sequential,ov,rrg,0.6000000000000001,0.2,0.3,3,1.0,0.9524425,1.0,0.7878967,1.3968507706807478,1.560375,,,,
sequential,ov,rrg,0.7000000000000001,0.2,0.3,3,1.0,0.9706978,1.0,0.85772705,0.5477106427041867,1.1466514,,,,
sequential,ov,rrg,0.8,0.2,0.3,3,1.0,0.9825572,1.0,0.9101291,0.34083816652310694,0.67632896,,,,
sequential,ov,rrg,0.9,0.2,0.3,3,1.0,0.9927053,1.0,0.9603373,0.2183187005387913,0.30692923,,,,
sequential,ov,rrg,1.0,0.2,0.3,3,1.0,0.99994993,1.0,0.9997165,1.0036958214756082e-06,0.004363859,,,,
sequential,mov,rrg,0.0,0.2,0.3,3,0.8233333333333334,0.8000036,0.0,0.0,8.118405228809433,6.65358,,,,
sequential,mov,rrg,0.1,0.2,0.3,3,0.8266666666666667,0.8623411,0.0188679245283017,0.023641944,4.657080447766665,6.9122787,,,,
sequential,mov,rrg,0.2,0.2,0.3,3,0.8366666666666667,0.88993216,0.07547169811320742,0.13117047,4.074970332674625,5.6200995,,,,
sequential,mov,rrg,0.30000000000000004,0.2,0.3,3,0.8433333333333334,0.9175401,0.11320754716981143,0.30472383,3.733211750588817,4.3073635,,,,
sequential,mov,rrg,0.4,0.2,0.3,3,0.8633333333333333,0.9361155,0.22641509433962226,0.43184286,3.092235453314084,3.1075425,,,,
sequential,mov,rrg,0.5,0.2,0.3,3,0.8833333333333333,0.95838696,0.33962264150943366,0.60785985,2.987182143131964,2.2846963,,,,
sequential,mov,rrg,0.6000000000000001,0.2,0.3,3,0.9,0.96654093,0.4339622641509434,0.72714436,1.8286027970718897,1.4732263,,,,
sequential,mov,rrg,0.7000000000000001,0.2,0.3,3,0.9266666666666666,0.97419095,0.5849056603773582,0.81400317,1.218985784787939,0.94534504,,,,
sequential,mov,rrg,0.8,0.2,0.3,3,0.94,0.9783832,0.6603773584905657,0.8588303,0.8903690973197474,0.55550045,,,,
sequential,mov,rrg,0.9,0.2,0.3,3,0.9766666666666667,0.9936794,0.8679245283018868,0.96154416,0.41507662626544817,0.27203292,,,,
sequential,mov,rrg,1.0,0.2,0.3,3,1.0,0.99994993,1.0,0.9997165,1.0036958214756082e-06,0.004363859,,,,
sequential,c_mov,rrg,0.0,0.2,0.3,3,0.8233333333333334,0.8000036,0.0,0.0,8.118405228809433,6.65358,,,,
sequential,c_mov,rrg,0.1,0.2,0.3,3,0.8966666666666666,0.79996955,0.4150943396226411,0.26825178,7.357048626258714,4.2303286,,,,
sequential,c_mov,rrg,0.2,0.2,0.3,3,0.9866666666666667,0.8426253,0.9245283018867926,0.5092774,6.769271761251546,3.2878401,,,,
sequential,c_mov,rrg,0.30000000000000004,0.2,0.3,3,1.0,0.90748996,1.0,0.6563208,2.6339180040647725,3.195678,,,,
sequential,c_mov,rrg,0.4,0.2,0.3,3,1.0,0.9293345,1.0,0.714286,1.8073553376604707,2.5979264,,,,
sequential,c_mov,rrg,0.5,0.2,0.3,3,1.0,0.9512387,1.0,0.783692,1.7364695647479633,2.1137009,,,,
sequential,c_mov,rrg,0.6000000000000001,0.2,0.3,3,1.0,0.96589214,1.0,0.8381747,1.236645869460714,1.4477376,,,,
sequential,c_mov,rrg,0.7000000000000001,0.2,0.3,3,1.0,0.975607,1.0,0.8786712,0.8186258603888197,0.94745505,,,,
sequential,c_mov,rrg,0.8,0.2,0.3,3,1.0,0.9828005,1.0,0.91127187,0.5205414409662471,0.5596827,,,,
sequential,c_mov,rrg,0.9,0.2,0.3,3,1.0,0.9906514,1.0,0.949732,0.19949842214389873,0.2736372,,,,
sequential,c_mov,rrg,1.0,0.2,0.3,3,1.0,0.99994993,1.0,0.9997165,1.0036958214756082e-06,0.004363859,,,,
sequential,ov,rrg,0.0,0.3,0.3,3,0.6166666666666667,0.7000066,0.0,0.0,3.8924191165849478,4.6622105,,,,
sequential,ov,rrg,0.1,0.3,0.3,3,0.7166666666666667,0.7300063,0.26086956521739124,0.27025267,3.3210812702157173,3.2859871,,,,
sequential,ov,rrg,0.2,0.3,0.3,3,0.8166666666666667,0.75999933,0.5217391304347825,0.45451698,2.95519098002023,2.3862505,,,,
sequential,ov,rrg,0.30000000000000004,0.3,0.3,3,0.9166666666666666,0.7899924,0.8648648648648646,0.5714358,2.7301066880979126,1.7606034,,,,
sequential,ov,rrg,0.4,0.3,0.3,3,1.0,0.82364154,1.0,0.5995466,2.2286868635907915,1.3840493,,,,
sequential,ov,rrg,0.5,0.3,0.3,3,1.0,0.8565029,1.0,0.69678795,1.7210798075620475,1.19795,,,,
sequential,ov,rrg,0.6000000000000001,0.3,0.3,3,0.9966666666666667,0.88704455,0.991304347826087,0.77239066,1.3595686126630153,0.9577195,,,,
sequential,ov,rrg,0.7000000000000001,0.3,0.3,3,0.9966666666666667,0.9206238,0.991304347826087,0.8284561,1.0206533092111019,0.72973895,,,,
sequential,ov,rrg,0.8,0.3,0.3,3,0.9966666666666667,0.9491792,0.991304347826087,0.8829758,0.5257899360701348,0.5073973,,,,
sequential,ov,rrg,0.9,0.3,0.3,3,0.9966666666666667,0.9757151,0.991304347826087,0.9404723,0.33318303272274474,0.25723016,,,,
sequential,ov,rrg,1.0,0.3,0.3,3,1.0,0.9999051,1.0,0.9997524,1.4990400036947795e-06,0.007021273,,,,
sequential,mov,rrg,0.0,0.3,0.3,3,0.6166666666666667,0.7000066,0.0,0.0,3.8924191165849478,4.6622105,,,,
sequential,mov,rrg,0.1,0.3,0.3,3,0.6233333333333333,0.76213855,0.01739130434782591,0.016368015,3.5073901052458676,4.835005,,,,
sequential,mov,rrg,0.2,0.3,0.3,3,0.6666666666666666,0.79968244,0.13043478260869548,0.19973755,3.034089242113435,3.980927,,,,
sequential,mov,rrg,0.30000000000000004,0.3,0.3,3,0.7,0.8347304,0.21739130434782591,0.3411161,2.7989108530609443,3.297207,,,,
sequential,mov,rrg,0.4,0.3,0.3,3,0.73,0.865582,0.2956521739130434,0.46476784,2.4837715159529883,2.640616,,,,
sequential,mov,rrg,0.5,0.3,0.3,3,0.7633333333333333,0.89636517,0.3826086956521738,0.5859435,2.2131738101355487,1.969808,,,,
sequential,mov,rrg,0.6000000000000001,0.3,0.3,3,0.8133333333333334,0.91348803,0.5130434782608696,0.694367,1.3820511466790557,1.2572879,,,,
sequential,mov,rrg,0.7000000000000001,0.3,0.3,3,0.8633333333333333,0.93195415,0.643478260869565,0.77873224,0.9757445283325916,0.79910207,,,,
sequential,mov,rrg,0.8,0.3,0.3,3,0.9133333333333333,0.960104,0.7739130434782608,0.881433,0.46154459815303617,0.46766007,,,,
sequential,mov,rrg,0.9,0.3,0.3,3,0.9633333333333334,0.9812624,0.9043478260869566,0.94870675,0.22881828769336474,0.22666198,,,,
sequential,mov,rrg,1.0,0.3,0.3,3,1.0,0.9999051,1.0,0.9997524,1.4990400036947795e-06,0.007021273,,,,
sequential,c_mov,rrg,0.0,0.3,0.3,3,0.6166666666666667,0.7000066,0.0,0.0,3.8924191165849478,4.6622105,,,,
sequential,c_mov,rrg,0.1,0.3,0.3,3,0.6366666666666667,0.7059783,0.052173913043478314,0.086943716,3.0710398631806535,3.458305,,,,
sequential,c_mov,rrg,0.2,0.3,0.3,3,0.75,0.7417501,0.3478260869565217,0.325615,2.6715784282596378,2.5214407,,,,
sequential,c_mov,rrg,0.30000000000000004,0.3,0.3,3,0.8133333333333334,0.7955144,0.5130434782608696,0.4891115,2.468020928381397,2.1926951,,,,
sequential,c_mov,rrg,0.4,0.3,0.3,3,0.8433333333333334,0.83719116,0.5913043478260871,0.59160966,2.1090015172849457,1.9253064,,,,
sequential,c_mov,rrg,0.5,0.3,0.3,3,0.8666666666666667,0.87444836,0.6521739130434783,0.67710704,1.8288426615208515,1.6303924,,,,
sequential,c_mov,rrg,0.6000000000000001,0.3,0.3,3,0.8933333333333333,0.90218973,0.7217391304347825,0.7470669,1.4527623559564566,1.1396897,,,,
sequential,c_mov,rrg,0.7000000000000001,0.3,0.3,3,0.9166666666666666,0.9290436,0.7826086956521738,0.8150294,1.0471010481462575,0.81181073,,,,
sequential,c_mov,rrg,0.8,0.3,0.3,3,0.9433333333333334,0.9540987,0.8521739130434783,0.87994355,0.7358037488876753,0.5064581,,,,
sequential,c_mov,rrg,0.9,0.3,0.3,3,0.9766666666666667,0.97964174,0.9391304347826087,0.9474655,0.34785308680774807,0.2663868,,,,
sequential,c_mov,rrg,1.0,0.3,0.3,3,1.0,0.9999051,1.0,0.9997524,1.4990400036947795e-06,0.007021273,,,,
sequential,ov,rrg,0.0,0.4,0.3,3,0.61,0.6000194,0.0,0.0,3.0312933261360078,3.3618698,,,,
sequential,ov,rrg,0.1,0.4,0.3,3,0.71,0.64001185,0.25641025641025633,0.21737798,2.7829523873428057,2.5515316,,,,
sequential,ov,rrg,0.2,0.4,0.3,3,0.81,0.68000853,0.6885245901639345,0.33342513,2.6314890599395673,1.9305575,,,,
sequential,ov,rrg,0.30000000000000004,0.4,0.3,3,0.91,0.7199934,0.8524590163934427,0.33341387,2.5215676471028754,1.5088694,,,,
sequential,ov,rrg,0.4,0.4,0.3,3,0.9966666666666667,0.7603064,0.9945355191256832,0.35863894,2.416776196444366,1.1813716,,,,
sequential,ov,rrg,0.5,0.4,0.3,3,1.0,0.80654144,1.0,0.53565586,2.1393328736447015,1.02148,,,,
sequential,ov,rrg,0.6000000000000001,0.4,0.3,3,0.99,0.85435456,0.9836065573770492,0.6860488,1.7300483627831973,0.89322835,,,,
sequential,ov,rrg,0.7000000000000001,0.4,0.3,3,0.98,0.8933799,0.9487179487179487,0.7857715,1.2298024863335095,0.70325947,,,,
sequential,ov,rrg,0.8,0.4,0.3,3,0.98,0.9341799,0.9487179487179487,0.85598755,0.7400262726871275,0.48610717,,,,
sequential,ov,rrg,0.9,0.4,0.3,3,0.9933333333333333,0.96661276,0.9829059829059827,0.9211946,0.2627544288142754,0.24898961,,,,
sequential,ov,rrg,1.0,0.4,0.3,3,1.0,0.9998991,1.0,0.9997412,1.4088230756362131e-06,0.007224705,,,,
sequential,mov,rrg,0.0,0.4,0.3,3,0.61,0.6000194,0.0,0.0,3.0312933261360078,3.3618698,,,,
sequential,mov,rrg,0.1,0.4,0.3,3,0.6133333333333333,0.6770666,0.00854700854700846,0.017675743,2.331727415174474,3.5775986,,,,
sequential,mov,rrg,0.2,0.4,0.3,3,0.6733333333333333,0.72744894,0.16239316239316243,0.1220077,2.0747440389133325,3.0080726,,,,
sequential,mov,rrg,0.30000000000000004,0.4,0.3,3,0.7133333333333334,0.76927274,0.26495726495726507,0.23053968,1.8371953712882103,2.466329,,,,
sequential,mov,rrg,0.4,0.4,0.3,3,0.73,0.8126068,0.30769230769230765,0.37079287,1.6550891762107154,2.065087,,,,
sequential,mov,rrg,0.5,0.4,0.3,3,0.76,0.85320413,0.38461538461538464,0.5287825,1.458571658047369,1.6228514,,,,
sequential,mov,rrg,0.6000000000000001,0.4,0.3,3,0.8133333333333334,0.88346314,0.5213675213675214,0.6505225,1.1729432379052172,1.1993717,,,,
sequential,mov,rrg,0.7000000000000001,0.4,0.3,3,0.8766666666666667,0.9127226,0.6837606837606839,0.74962974,0.8117373561203458,0.8341542,,,,
sequential,mov,rrg,0.8,0.4,0.3,3,0.9266666666666666,0.9431331,0.8119658119658119,0.8443001,0.5269103137743943,0.55015665,,,,
sequential,mov,rrg,0.9,0.4,0.3,3,0.97,0.97531736,0.923076923076923,0.9354312,0.21260398906463612,0.27477863,,,,
sequential,mov,rrg,1.0,0.4,0.3,3,1.0,0.9998991,1.0,0.9997412,1.4088230756362131e-06,0.007224705,,,,
sequential,c_mov,rrg,0.0,0.4,0.3,3,0.61,0.6000194,0.0,0.0,3.0312933261360078,3.3618698,,,,
sequential,c_mov,rrg,0.1,0.4,0.3,3,0.62,0.6519801,0.025641025641025664,0.08096325,2.6370462435409756,2.8653643,,,,
sequential,c_mov,rrg,0.2,0.4,0.3,3,0.7133333333333334,0.69755584,0.26495726495726507,0.27021784,2.18473391670442,2.267153,,,,
sequential,c_mov,rrg,0.30000000000000004,0.4,0.3,3,0.8066666666666666,0.7396835,0.5042735042735043,0.44089192,2.0291488686790804,1.8104211,,,,
sequential,c_mov,rrg,0.4,0.4,0.3,3,0.85,0.78401303,0.6153846153846153,0.5488881,1.7478375645277493,1.5057307,,,,
sequential,c_mov,rrg,0.5,0.4,0.3,3,0.8733333333333333,0.8284414,0.6752136752136751,0.62396485,1.5756859996230235,1.2963259,,,,
sequential,c_mov,rrg,0.6000000000000001,0.4,0.3,3,0.9066666666666666,0.8619442,0.7606837606837605,0.6966914,1.2539840725907154,0.96690077,,,,
sequential,c_mov,rrg,0.7000000000000001,0.4,0.3,3,0.9433333333333334,0.9034824,0.8547008547008548,0.78095824,0.761596712279265,0.76657337,,,,
sequential,c_mov,rrg,0.8,0.4,0.3,3,0.9566666666666667,0.93839294,0.8888888888888888,0.8538082,0.48249248240187637,0.48990014,,,,
sequential,c_mov,rrg,0.9,0.4,0.3,3,0.97,0.96688414,0.923076923076923,0.91829574,0.15559362658664896,0.20865804,,,,
sequential,c_mov,rrg,1.0,0.4,0.3,3,1.0,0.9998991,1.0,0.9997412,1.4088230756362131e-06,0.007224705,,,,
sequential,ov,rrg,0.0,0.05,0.3,4,0.97,0.94999987,0.0,0.0,12.523880917934234,11.267633,,,,
sequential,ov,rrg,0.1,0.05,0.3,4,1.0,0.9737949,1.0,0.5337594,4.6336156429680555,6.1234636,,,,
sequential,ov,rrg,0.2,0.05,0.3,4,1.0,0.9869517,1.0,0.69689196,3.049756243005978,3.4998772,,,,
sequential,ov,rrg,0.30000000000000004,0.05,0.3,4,1.0,0.99257404,1.0,0.8015824,1.7674563607756197,2.1632042,,,,
sequential,ov,rrg,0.4,0.05,0.3,4,1.0,0.9939154,1.0,0.831379,1.2003618519843897,1.5638121,,,,
sequential,ov,rrg,0.5,0.05,0.3,4,1.0,0.9956372,1.0,0.8730358,0.9317267022020326,1.0610386,,,,
sequential,ov,rrg,0.6000000000000001,0.05,0.3,4,1.0,0.9971037,1.0,0.9119538,0.7134657365118506,0.7398897,,,,
sequential,ov,rrg,0.7000000000000001,0.05,0.3,4,1.0,0.9974479,1.0,0.9215958,0.368860365328244,0.44402608,,,,
sequential,ov,rrg,0.8,0.05,0.3,4,1.0,0.99829805,1.0,0.94630706,0.1598728072525852,0.2527709,,,,
sequential,ov,rrg,0.9,0.05,0.3,4,1.0,0.9994684,1.0,0.98258346,0.09188908011588555,0.14810117,,,,
sequential,ov,rrg,1.0,0.05,0.3,4,1.0,0.99998593,1.0,0.9995311,3.5448057566449542e-06,0.0036905566,,,,
sequential,mov,rrg,0.0,0.05,0.3,4,0.97,0.94999987,0.0,0.0,12.523880917934234,11.267633,,,,
sequential,mov,rrg,0.1,0.05,0.3,4,0.9766666666666667,0.984069,0.22222222222222346,0.21795258,7.391194586286425,4.9342256,,,,
sequential,mov,rrg,0.2,0.05,0.3,4,0.9766666666666667,0.99267006,0.22222222222222346,0.5793564,6.446998397117262,2.1767993,,,,
sequential,mov,rrg,0.30000000000000004,0.05,0.3,4,0.9833333333333333,0.9981813,0.4444444444444432,0.8799693,6.685160886274397,1.1828378,,,,
sequential,mov,rrg,0.4,0.05,0.3,4,0.99,0.9992519,0.6666666666666666,0.9639079,3.260962598409065,0.90227526,,,,
sequential,mov,rrg,0.5,0.05,0.3,4,0.99,0.99970204,0.6666666666666666,0.98530704,2.6782848117825155,0.52072227,,,,
sequential,mov,rrg,0.6000000000000001,0.05,0.3,4,0.99,0.9965666,0.6666666666666666,0.85348266,0.9569875707622979,0.49027956,,,,
sequential,mov,rrg,0.7000000000000001,0.05,0.3,4,0.99,0.9981132,0.6666666666666666,0.92949843,0.511746705801507,0.33281377,,,,
sequential,mov,rrg,0.8,0.05,0.3,4,0.9966666666666667,0.99951977,0.8888888888888902,0.9823072,0.3643500146471419,0.20088637,,,,
sequential,mov,rrg,0.9,0.05,0.3,4,1.0,0.99939156,1.0,0.9801164,0.10198768762648559,0.076797724,,,,
sequential,mov,rrg,1.0,0.05,0.3,4,1.0,0.99998593,1.0,0.9995311,3.5448057566449542e-06,0.0036905566,,,,
sequential,c_mov,rrg,0.0,0.05,0.3,4,0.97,0.94999987,0.0,0.0,12.523880917934234,11.267633,,,,
sequential,c_mov,rrg,0.1,0.05,0.3,4,1.0,0.9874937,1.0,0.7057774,3.584204019538432,4.861205,,,,
sequential,c_mov,rrg,0.2,0.05,0.3,4,1.0,0.9934098,1.0,0.8198918,2.816020074868179,2.7244036,,,,
sequential,c_mov,rrg,0.30000000000000004,0.05,0.3,4,1.0,0.99629956,1.0,0.8901963,1.7344788682049064,1.6799752,,,,
sequential,c_mov,rrg,0.4,0.05,0.3,4,1.0,0.9975759,1.0,0.9252369,1.09797742426536,1.0698785,,,,
sequential,c_mov,rrg,0.5,0.05,0.3,4,1.0,0.9981148,1.0,0.9408754,0.6865302127515615,0.6079752,,,,
sequential,c_mov,rrg,0.6000000000000001,0.05,0.3,4,1.0,0.9981787,1.0,0.94276446,0.4798484828856554,0.4340598,,,,
sequential,c_mov,rrg,0.7000000000000001,0.05,0.3,4,1.0,0.99980336,1.0,0.9934878,0.2978635172626678,0.27101785,,,,
sequential,c_mov,rrg,0.8,0.05,0.3,4,1.0,0.999944,1.0,0.9981356,0.20017030540987812,0.2021484,,,,
sequential,c_mov,rrg,0.9,0.05,0.3,4,1.0,0.9999797,1.0,0.9993228,0.11052147484053165,0.09538699,,,,
sequential,c_mov,rrg,1.0,0.05,0.3,4,1.0,0.99998593,1.0,0.9995311,3.5448057566449542e-06,0.0036905566,,,,
sequential,ov,rrg,0.0,0.1,0.3,4,0.9166666666666666,0.9000041,0.0,0.0,10.500725007209871,9.779279,,,,
sequential,ov,rrg,0.1,0.1,0.3,4,0.9966666666666667,0.9131435,0.9600000000000004,0.4794459,8.94021965802706,5.372443,,,,
sequential,ov,rrg,0.2,0.1,0.3,4,1.0,0.9438149,1.0,0.5972904,5.169732676204414,4.585977,,,,
sequential,ov,rrg,0.30000000000000004,0.1,0.3,4,1.0,0.962181,1.0,0.68783724,3.031766578125004,3.5082495,,,,
sequential,ov,rrg,0.4,0.1,0.3,4,1.0,0.9695353,1.0,0.73228943,2.1849456636857334,2.5604637,,,,
sequential,ov,rrg,0.5,0.1,0.3,4,1.0,0.97687024,1.0,0.78274226,1.6443601125292877,1.9316936,,,,
sequential,ov,rrg,0.6000000000000001,0.1,0.3,4,1.0,0.98558235,1.0,0.8525016,1.3736945500848792,1.3786558,,,,
sequential,ov,rrg,0.7000000000000001,0.1,0.3,4,1.0,0.9902168,1.0,0.8949277,0.9442505245602807,0.91825503,,,,
sequential,ov,rrg,0.8,0.1,0.3,4,1.0,0.9944983,1.0,0.9380638,0.5830430113803524,0.5507877,,,,
sequential,ov,rrg,0.9,0.1,0.3,4,1.0,0.99690473,1.0,0.9641821,0.34639822717922214,0.21955994,,,,
sequential,ov,rrg,1.0,0.1,0.3,4,1.0,0.99998444,1.0,0.9998133,4.1222535818063145e-07,0.0020169502,,,,
sequential,mov,rrg,0.0,0.1,0.3,4,0.9166666666666666,0.9000041,0.0,0.0,10.500725007209871,9.779279,,,,
sequential,mov,rrg,0.1,0.1,0.3,4,0.9166666666666666,0.9393217,0.0,0.0,8.609542439604855,8.382627,,,,
sequential,mov,rrg,0.2,0.1,0.3,4,0.9266666666666666,0.95312124,0.12000000000000005,0.23843852,7.982106870119748,5.9012814,,,,
sequential,mov,rrg,0.30000000000000004,0.1,0.3,4,0.9466666666666667,0.9708848,0.36000000000000015,0.5044194,7.09349149724721,4.2284017,,,,
sequential,mov,rrg,0.4,0.1,0.3,4,0.9633333333333334,0.9867145,0.5600000000000007,0.7770072,5.970347049493016,2.4144683,,,,
sequential,mov,rrg,0.5,0.1,0.3,4,0.98,0.99444824,0.7599999999999999,0.9193915,3.706073730158869,1.6016933,,,,
sequential,mov,rrg,0.6000000000000001,0.1,0.3,4,0.98,0.99263275,0.7599999999999999,0.90054977,2.67299469641363,1.2317883,,,,
sequential,mov,rrg,0.7000000000000001,0.1,0.3,4,0.9866666666666667,0.99384624,0.8400000000000004,0.9234742,1.1926262672189023,0.81514376,,,,
sequential,mov,rrg,0.8,0.1,0.3,4,0.9933333333333333,0.99765694,0.9199999999999995,0.97034115,0.7790134340733871,0.46994182,,,,
sequential,mov,rrg,0.9,0.1,0.3,4,1.0,0.99863553,1.0,0.98388594,0.18020104417869065,0.21406072,,,,
sequential,mov,rrg,1.0,0.1,0.3,4,1.0,0.99998444,1.0,0.9998133,4.1222535818063145e-07,0.0020169502,,,,
sequential,c_mov,rrg,0.0,0.1,0.3,4,0.9166666666666666,0.9000041,0.0,0.0,10.500725007209871,9.779279,,,,
sequential,c_mov,rrg,0.1,0.1,0.3,4,0.99,0.91909575,0.8799999999999999,0.4754541,7.914630708822923,5.5329823,,,,
sequential,c_mov,rrg,0.2,0.1,0.3,4,1.0,0.95750386,1.0,0.66227156,4.307167213131877,4.4608417,,,,
sequential,c_mov,rrg,0.30000000000000004,0.1,0.3,4,1.0,0.97447604,1.0,0.7655281,3.062293156396602,3.2626057,,,,
sequential,c_mov,rrg,0.4,0.1,0.3,4,1.0,0.9853708,1.0,0.8506652,2.5461887845098916,2.4840062,,,,
sequential,c_mov,rrg,0.5,0.1,0.3,4,1.0,0.99166626,1.0,0.9090854,1.6385141799447074,1.7473515,,,,
sequential,c_mov,rrg,0.6000000000000001,0.1,0.3,4,1.0,0.9937691,1.0,0.9304288,1.2207072242992254,1.2562783,,,,
sequential,c_mov,rrg,0.7000000000000001,0.1,0.3,4,1.0,0.99556977,1.0,0.9495176,0.8989118000721561,0.84865206,,,,
sequential,c_mov,rrg,0.8,0.1,0.3,4,1.0,0.9966148,1.0,0.96095806,0.6038579108366874,0.44849214,,,,
sequential,c_mov,rrg,0.9,0.1,0.3,4,1.0,0.9977999,1.0,0.9742707,0.2117413230290198,0.17511058,,,,
sequential,c_mov,rrg,1.0,0.1,0.3,4,1.0,0.99998444,1.0,0.9998133,4.1222535818063145e-07,0.0020169502,,,,
sequential,ov,rrg,0.0,0.2,0.3,4,0.82,0.8000036,0.0,0.0,6.53985568002454,6.65358,,,,
sequential,ov,rrg,0.1,0.2,0.3,4,0.92,0.8200004,0.5555555555555559,0.35713056,5.8892994360351105,4.247979,,,,
sequential,ov,rrg,0.2,0.2,0.3,4,1.0,0.84682363,1.0,0.5402406,4.903676174584134,3.052524,,,,
sequential,ov,rrg,0.30000000000000004,0.2,0.3,4,1.0,0.8785496,1.0,0.5971064,3.397584313657102,2.7241194,,,,
sequential,ov,rrg,0.4,0.2,0.3,4,1.0,0.9062545,1.0,0.6575392,2.3291004198258585,2.327639,,,,
sequential,ov,rrg,0.5,0.2,0.3,4,1.0,0.9279545,1.0,0.71415174,1.7403566517683142,1.8366654,,,,
sequential,ov,rrg,0.6000000000000001,0.2,0.3,4,1.0,0.9471005,1.0,0.77285707,1.3730253478060617,1.3854704,,,,
sequential,ov,rrg,0.7000000000000001,0.2,0.3,4,1.0,0.9643144,1.0,0.8345413,0.9652561581094599,0.9774885,,,,
sequential,ov,rrg,0.8,0.2,0.3,4,1.0,0.97626555,1.0,0.8834933,0.7444348422487511,0.65643626,,,,
sequential,ov,rrg,0.9,0.2,0.3,4,1.0,0.9898902,1.0,0.9468119,0.29828819188061834,0.31196982,,,,
sequential,ov,rrg,1.0,0.2,0.3,4,1.0,0.9999766,1.0,0.9998699,2.9498962417772915e-07,0.0023489888,,,,
sequential,mov,rrg,0.0,0.2,0.3,4,0.82,0.8000036,0.0,0.0,6.53985568002454,6.65358,,,,
sequential,mov,rrg,0.1,0.2,0.3,4,0.82,0.8590515,0.0,0.0,4.8643348195047205,6.784313,,,,
sequential,mov,rrg,0.2,0.2,0.3,4,0.8233333333333334,0.8790338,0.01851851851851894,0.09342177,4.344827009549682,5.3169312,,,,
sequential,mov,rrg,0.30000000000000004,0.2,0.3,4,0.8466666666666667,0.9097064,0.14814814814814845,0.31814846,3.7719915273028324,4.197406,,,,
sequential,mov,rrg,0.4,0.2,0.3,4,0.88,0.93592125,0.33333333333333354,0.52969897,2.940199072602839,2.9319825,,,,
sequential,mov,rrg,0.5,0.2,0.3,4,0.8966666666666666,0.95563364,0.42592592592592576,0.656345,2.4279553764185313,2.1226842,,,,
sequential,mov,rrg,0.6000000000000001,0.2,0.3,4,0.9266666666666666,0.9608657,0.5925925925925926,0.72939926,1.741974590186746,1.4813684,,,,
sequential,mov,rrg,0.7000000000000001,0.2,0.3,4,0.9466666666666667,0.9697323,0.7037037037037037,0.81225973,0.8972263490025224,0.93592674,,,,
sequential,mov,rrg,0.8,0.2,0.3,4,0.97,0.9826589,0.8333333333333333,0.89779663,0.5882104758579341,0.58222735,,,,
sequential,mov,rrg,0.9,0.2,0.3,4,0.99,0.9935144,0.9444444444444444,0.9628713,0.241426661655458,0.28719428,,,,
sequential,mov,rrg,1.0,0.2,0.3,4,1.0,0.9999766,1.0,0.9998699,2.9498962417772915e-07,0.0023489888,,,,
sequential,c_mov,rrg,0.0,0.2,0.3,4,0.82,0.8000036,0.0,0.0,6.53985568002454,6.65358,,,,
sequential,c_mov,rrg,0.1,0.2,0.3,4,0.9,0.80497724,0.4444444444444447,0.29087344,5.68420102962701,4.0793514,,,,
sequential,c_mov,rrg,0.2,0.2,0.3,4,0.9833333333333333,0.84802634,0.9074074074074071,0.5180003,4.363781799826476,3.1696138,,,,
sequential,c_mov,rrg,0.30000000000000004,0.2,0.3,4,1.0,0.89556855,1.0,0.6328379,2.7521999563104163,2.90731,,,,
sequential,c_mov,rrg,0.4,0.2,0.3,4,1.0,0.92178255,1.0,0.6970839,2.310847894791154,2.4603639,,,,
sequential,c_mov,rrg,0.5,0.2,0.3,4,1.0,0.94735247,1.0,0.77369773,1.57192740616211,1.9179295,,,,
sequential,c_mov,rrg,0.6000000000000001,0.2,0.3,4,1.0,0.9606889,1.0,0.8207478,1.002500486178835,1.3521892,,,,
sequential,c_mov,rrg,0.7000000000000001,0.2,0.3,4,1.0,0.9700831,1.0,0.85747576,0.6358974822597107,0.91405356,,,,
sequential,c_mov,rrg,0.8,0.2,0.3,4,1.0,0.98046184,1.0,0.9020745,0.3913188596343323,0.56110704,,,,
sequential,c_mov,rrg,0.9,0.2,0.3,4,1.0,0.9898279,1.0,0.94650143,0.18205064548828911,0.24966982,,,,
sequential,c_mov,rrg,1.0,0.2,0.3,4,1.0,0.9999766,1.0,0.9998699,2.9498962417772915e-07,0.0023489888,,,,
sequential,ov,rrg,0.0,0.3,0.3,4,0.6733333333333333,0.7000066,0.0,0.0,5.698852846710375,4.6622105,,,,
sequential,ov,rrg,0.1,0.3,0.3,4,0.7733333333333333,0.7300062,0.3061224489795918,0.27025265,5.268680738213234,3.3082418,,,,
sequential,ov,rrg,0.2,0.3,0.3,4,0.8733333333333333,0.75999933,0.6122448979591836,0.45451704,4.982188802136647,2.422715,,,,
sequential,ov,rrg,0.30000000000000004,0.3,0.3,4,0.9733333333333334,0.78999245,0.9603960396039605,0.5714359,4.8032469922725936,1.7878352,,,,
sequential,ov,rrg,0.4,0.3,0.3,4,1.0,0.83612704,1.0,0.6659081,3.612690049381442,1.6692997,,,,
sequential,ov,rrg,0.5,0.3,0.3,4,1.0,0.87637734,1.0,0.72543687,2.3642772361798503,1.4943718,,,,
sequential,ov,rrg,0.6000000000000001,0.3,0.3,4,1.0,0.9094934,1.0,0.7830285,1.2410340823757005,1.2560143,,,,
sequential,ov,rrg,0.7000000000000001,0.3,0.3,4,1.0,0.932653,1.0,0.8290586,0.5592056755470626,0.9031827,,,,
sequential,ov,rrg,0.8,0.3,0.3,4,0.9966666666666667,0.9575637,0.989795918367347,0.88500845,0.2922023679954112,0.5849664,,,,
sequential,ov,rrg,0.9,0.3,0.3,4,0.9933333333333333,0.9778936,0.9795918367346937,0.93668264,0.11770892821614515,0.26517707,,,,
sequential,ov,rrg,1.0,0.3,0.3,4,1.0,0.9999224,1.0,0.9997624,1.5615232185286673e-06,0.0065196324,,,,
sequential,mov,rrg,0.0,0.3,0.3,4,0.6733333333333333,0.7000066,0.0,0.0,5.698852846710375,4.6622105,,,,
sequential,mov,rrg,0.1,0.3,0.3,4,0.6866666666666666,0.77342093,0.040816326530612165,0.017358586,3.9939277249913796,5.093934,,,,
sequential,mov,rrg,0.2,0.3,0.3,4,0.7133333333333334,0.8022404,0.12244897959183684,0.14017537,3.6075774506456013,4.228849,,,,
sequential,mov,rrg,0.30000000000000004,0.3,0.3,4,0.75,0.83936167,0.2346938775510204,0.315955,3.280174445393159,3.4889395,,,,
sequential,mov,rrg,0.4,0.3,0.3,4,0.78,0.87514204,0.32653061224489804,0.45858017,3.0512155430788153,2.8022926,,,,
sequential,mov,rrg,0.5,0.3,0.3,4,0.8066666666666666,0.90384805,0.40816326530612235,0.57184756,2.836065194366894,2.334024,,,,
sequential,mov,rrg,0.6000000000000001,0.3,0.3,4,0.8433333333333334,0.9252888,0.5204081632653063,0.6884255,2.190608271906218,1.4122889,,,,
sequential,mov,rrg,0.7000000000000001,0.3,0.3,4,0.8733333333333333,0.9430536,0.6122448979591836,0.78152823,1.3038059191814042,0.89118105,,,,
sequential,mov,rrg,0.8,0.3,0.3,4,0.9166666666666666,0.95916104,0.7448979591836733,0.85687035,0.5302597833545687,0.5154955,,,,
sequential,mov,rrg,0.9,0.3,0.3,4,0.96,0.97830015,0.8775510204081631,0.92842585,0.2996507192145587,0.2369163,,,,
sequential,mov,rrg,1.0,0.3,0.3,4,1.0,0.9999224,1.0,0.9997624,1.5615232185286673e-06,0.0065196324,,,,
sequential,c_mov,rrg,0.0,0.3,0.3,4,0.6733333333333333,0.7000066,0.0,0.0,5.698852846710375,4.6622105,,,,
sequential,c_mov,rrg,0.1,0.3,0.3,4,0.7266666666666667,0.71169615,0.16326530612244902,0.16307661,5.241536850826611,3.3272398,,,,
sequential,c_mov,rrg,0.2,0.3,0.3,4,0.8266666666666667,0.7417365,0.4693877551020408,0.37684503,4.9990495658784,2.4700897,,,,
sequential,c_mov,rrg,0.30000000000000004,0.3,0.3,4,0.91,0.7990076,0.7244897959183675,0.5411861,4.261776627849889,2.1094556,,,,
sequential,c_mov,rrg,0.4,0.3,0.3,4,0.9366666666666666,0.84958285,0.8061224489795917,0.6364426,2.9712148152024707,1.9346322,,,,
sequential,c_mov,rrg,0.5,0.3,0.3,4,0.9533333333333334,0.8883346,0.8571428571428572,0.71488523,2.0797290630818397,1.6787515,,,,
sequential,c_mov,rrg,0.6000000000000001,0.3,0.3,4,0.9633333333333334,0.9137058,0.8877551020408164,0.77275985,1.5231178320083578,1.2685941,,,,
sequential,c_mov,rrg,0.7000000000000001,0.3,0.3,4,0.97,0.93490905,0.9081632653061223,0.82176536,1.1170033785730007,0.871826,,,,
sequential,c_mov,rrg,0.8,0.3,0.3,4,0.9766666666666667,0.96055347,0.9285714285714286,0.8864333,0.5829181114869972,0.5621282,,,,
sequential,c_mov,rrg,0.9,0.3,0.3,4,0.99,0.98234993,0.9693877551020408,0.9471956,0.2554305453263759,0.27122122,,,,
sequential,c_mov,rrg,1.0,0.3,0.3,4,1.0,0.9999224,1.0,0.9997624,1.5615232185286673e-06,0.0065196324,,,,
sequential,ov,rrg,0.0,0.4,0.3,4,0.5966666666666667,0.6000194,0.0,0.0,3.163995177662904,3.3618698,,,,
sequential,ov,rrg,0.1,0.4,0.3,4,0.6966666666666667,0.6400119,0.2479338842975206,0.21737811,2.949702168344613,2.5856628,,,,
sequential,ov,rrg,0.2,0.4,0.3,4,0.7966666666666666,0.68000853,0.659217877094972,0.33342522,2.8024553710938136,1.9786547,,,,
sequential,ov,rrg,0.30000000000000004,0.4,0.3,4,0.8966666666666666,0.7199934,0.8268156424581005,0.333414,2.661427500283607,1.4805444,,,,
sequential,ov,rrg,0.4,0.4,0.3,4,0.9866666666666667,0.75996923,0.9776536312849162,0.35136697,2.580772533232501,1.137799,,,,
sequential,ov,rrg,0.5,0.4,0.3,4,1.0,0.80684155,1.0,0.5214113,2.0791467817391127,0.9834137,,,,
sequential,ov,rrg,0.6000000000000001,0.4,0.3,4,0.9966666666666667,0.8519049,0.9944134078212291,0.6699101,1.4410064920341064,0.85959643,,,,
sequential,ov,rrg,0.7000000000000001,0.4,0.3,4,0.99,0.893126,0.9832402234636871,0.7817302,0.9412297768381652,0.68981516,,,,
sequential,ov,rrg,0.8,0.4,0.3,4,0.9933333333333333,0.93085986,0.9834710743801652,0.85377157,0.731626308746374,0.47878742,,,,
sequential,ov,rrg,0.9,0.4,0.3,4,1.0,0.9708012,1.0,0.9324649,0.18460444857284541,0.26695138,,,,
sequential,ov,rrg,1.0,0.4,0.3,4,1.0,0.9998995,1.0,0.9997508,1.510245532768679e-06,0.007296141,,,,
sequential,mov,rrg,0.0,0.4,0.3,4,0.5966666666666667,0.6000194,0.0,0.0,3.163995177662904,3.3618698,,,,
sequential,mov,rrg,0.1,0.4,0.3,4,0.6033333333333334,0.6752948,0.01652892561983482,0.018953534,2.366884146787838,3.5858438,,,,
sequential,mov,rrg,0.2,0.4,0.3,4,0.6466666666666666,0.7289754,0.12396694214876017,0.13965984,2.202186192673202,3.033005,,,,
sequential,mov,rrg,0.30000000000000004,0.4,0.3,4,0.7033333333333334,0.77469707,0.26446280991735543,0.28719884,1.9508339709084104,2.4281046,,,,
sequential,mov,rrg,0.4,0.4,0.3,4,0.7366666666666667,0.822494,0.347107438016529,0.4216533,1.8509624568515237,2.1323144,,,,
sequential,mov,rrg,0.5,0.4,0.3,4,0.76,0.8625357,0.4049586776859504,0.540156,1.6485066002718505,1.7789909,,,,
sequential,mov,rrg,0.6000000000000001,0.4,0.3,4,0.82,0.89172137,0.5537190082644626,0.66255325,1.063881557269239,1.2112064,,,,
sequential,mov,rrg,0.7000000000000001,0.4,0.3,4,0.87,0.9183366,0.6776859504132231,0.76101637,0.7372222296320475,0.86708313,,,,
sequential,mov,rrg,0.8,0.4,0.3,4,0.9166666666666666,0.9476684,0.793388429752066,0.8534769,0.5494688118758018,0.5650609,,,,
sequential,mov,rrg,0.9,0.4,0.3,4,0.96,0.97584647,0.9008264462809916,0.93630064,0.1959022523150957,0.26329118,,,,
sequential,mov,rrg,1.0,0.4,0.3,4,1.0,0.9998995,1.0,0.9997508,1.510245532768679e-06,0.007296141,,,,
sequential,c_mov,rrg,0.0,0.4,0.3,4,0.5966666666666667,0.6000194,0.0,0.0,3.163995177662904,3.3618698,,,,
sequential,c_mov,rrg,0.1,0.4,0.3,4,0.6233333333333333,0.65108055,0.06611570247933872,0.095000915,2.6030247211907107,2.830936,,,,
sequential,c_mov,rrg,0.2,0.4,0.3,4,0.7,0.692853,0.2561983471074379,0.28116512,2.4299433392612793,2.2355628,,,,
sequential,c_mov,rrg,0.30000000000000004,0.4,0.3,4,0.7933333333333333,0.73343015,0.48760330578512395,0.4306397,2.2641292832767848,1.8337955,,,,
sequential,c_mov,rrg,0.4,0.4,0.3,4,0.8266666666666667,0.7778411,0.5702479338842975,0.5336739,2.1200802867197837,1.5796355,,,,
sequential,c_mov,rrg,0.5,0.4,0.3,4,0.8366666666666667,0.8273281,0.5950413223140496,0.61500466,1.7867451676609152,1.4008095,,,,
sequential,c_mov,rrg,0.6000000000000001,0.4,0.3,4,0.8766666666666667,0.863131,0.694214876033058,0.6961671,1.3239369627512956,1.036765,,,,
sequential,c_mov,rrg,0.7000000000000001,0.4,0.3,4,0.92,0.9055438,0.8016528925619836,0.78126156,0.9403671796293592,0.78340477,,,,
sequential,c_mov,rrg,0.8,0.4,0.3,4,0.9433333333333334,0.9375612,0.859504132231405,0.85048,0.4989034402373687,0.49395752,,,,
sequential,c_mov,rrg,0.9,0.4,0.3,4,0.97,0.96966815,0.9256198347107437,0.9245536,0.1708261445118798,0.24311271,,,,
sequential,c_mov,rrg,1.0,0.4,0.3,4,1.0,0.9998995,1.0,0.9997508,1.510245532768679e-06,0.007296141,,,,
