method,metric,graph,rho,delta,lambda,sim,O,MO,O_tilde,MO_tilde,SE,MSE,rank,precision,recall,f1
random,N/A,rrg,0.0,0.05,0.3,0,0.94,0.949999,0.0,0.0,24.38804838805365,9.966473,175.27777777777777,0.0,0.0,0.0
random,N/A,rrg,0.1,0.05,0.3,0,0.9166666666666666,0.933171,-0.3888888888888883,-0.3365531,15.854793874410637,10.339638,132.11111111111111,0.1111111111111111,0.05555555555555555,0.07407407407407407
random,N/A,rrg,0.2,0.05,0.3,0,0.92,0.9430058,-0.3333333333333315,-0.13986063,16.585855420286638,7.8258634,76.38888888888889,0.35,0.3888888888888889,0.36842105263157887
random,N/A,rrg,0.30000000000000004,0.05,0.3,0,0.91,0.94153994,-0.49999999999999817,-0.16917716,13.607900525625709,7.124033,63.888888888888886,0.32,0.4444444444444444,0.37209302325581395
random,N/A,rrg,0.4,0.05,0.3,0,0.89,0.9440718,-0.8333333333333315,-0.11854048,9.507070705779842,6.233459,70.11111111111111,0.2413793103448276,0.3888888888888889,0.2978723404255319
random,N/A,rrg,0.5,0.05,0.3,0,0.93,0.9602137,-0.16666666666666483,0.20429073,7.3118349877648185,4.451312,28.166666666666668,0.45161290322580644,0.7777777777777778,0.5714285714285714
random,N/A,rrg,0.6000000000000001,0.05,0.3,0,0.9233333333333333,0.974046,-0.27777777777777657,0.48093048,8.431292285184057,3.1783936,31.5,0.41935483870967744,0.7222222222222222,0.5306122448979592
random,N/A,rrg,0.7000000000000001,0.05,0.3,0,0.9566666666666667,0.9704418,0.2777777777777784,0.4088485,5.350523757607256,3.0196395,19.27777777777778,0.5925925925925926,0.8888888888888888,0.711111111111111
random,N/A,rrg,0.8,0.05,0.3,0,0.9633333333333334,0.9670266,0.3888888888888901,0.34054536,4.0614604288068605,2.7646017,12.555555555555555,0.6296296296296297,0.9444444444444444,0.7555555555555556
random,N/A,rrg,0.9,0.05,0.3,0,0.98,0.9753732,0.6666666666666666,0.50747424,2.73917291973633,2.147362,12.777777777777779,0.8,0.8888888888888888,0.8421052631578948
random,N/A,rrg,1.0,0.05,0.3,0,1.0,0.9797631,1.0,0.5952701,2.218767414215876,1.5505936,9.5,1.0,1.0,1.0
random,N/A,rrg,0.0,0.1,0.3,0,0.9,0.900001,0.0,0.0,27.334265148481595,15.688967,169.33333333333334,0.0,0.0,0.0
random,N/A,rrg,0.1,0.1,0.3,0,0.8966666666666666,0.88954,-0.03333333333333411,-0.10461076,16.13539449336504,13.266487,107.16666666666667,0.4666666666666667,0.23333333333333334,0.31111111111111117
random,N/A,rrg,0.2,0.1,0.3,0,0.9166666666666666,0.9033232,0.1666666666666661,0.03322217,13.915160077773814,10.744988,99.86666666666666,0.6666666666666666,0.3333333333333333,0.4444444444444444
random,N/A,rrg,0.30000000000000004,0.1,0.3,0,0.9066666666666666,0.9203598,0.066666666666666,0.20359002,10.721300664565975,8.081339,45.9,0.5294117647058824,0.6,0.5625
random,N/A,rrg,0.4,0.1,0.3,0,0.9166666666666666,0.925083,0.1666666666666661,0.2508224,8.549323380609334,7.0840383,53.766666666666666,0.5925925925925926,0.5333333333333333,0.5614035087719299
random,N/A,rrg,0.5,0.1,0.3,0,0.9033333333333333,0.93478066,0.033333333333333,0.3478001,7.2376295772091,5.5806675,36.666666666666664,0.5161290322580645,0.5333333333333333,0.5245901639344263
random,N/A,rrg,0.6000000000000001,0.1,0.3,0,0.9166666666666666,0.9502437,0.1666666666666661,0.50243217,6.244962178962046,4.185918,43.766666666666666,0.5862068965517241,0.5666666666666667,0.576271186440678
random,N/A,rrg,0.7000000000000001,0.1,0.3,0,0.94,0.95901716,0.39999999999999936,0.5901675,5.121837893751149,3.5898764,22.3,0.6666666666666666,0.8,0.7272727272727272
random,N/A,rrg,0.8,0.1,0.3,0,0.9433333333333334,0.97052693,0.43333333333333346,0.7052664,4.059165564509634,2.6823924,23.1,0.6756756756756757,0.8333333333333334,0.746268656716418
random,N/A,rrg,0.9,0.1,0.3,0,0.9733333333333334,0.97257143,0.7333333333333337,0.7257116,2.561844077394383,2.2755754,18.0,0.8235294117647058,0.9333333333333333,0.8749999999999999
random,N/A,rrg,1.0,0.1,0.3,0,0.9966666666666667,0.98110026,0.966666666666667,0.81100076,1.547556575936539,1.8337913,15.5,0.967741935483871,1.0,0.9836065573770492
random,N/A,rrg,0.0,0.2,0.3,0,0.81,0.8000143,0.0,0.0,20.066226828544064,20.122517,150.6315789473684,0.0,0.0,0.0
random,N/A,rrg,0.1,0.2,0.3,0,0.7933333333333333,0.80477446,-0.08771929824561434,0.023802435,14.140192614345985,15.3735285,137.0701754385965,0.35294117647058826,0.10526315789473684,0.16216216216216214
random,N/A,rrg,0.2,0.2,0.3,0,0.8266666666666667,0.8268803,0.08771929824561375,0.1343394,11.576572211802644,12.938474,92.98245614035088,0.6086956521739131,0.24561403508771928,0.35
random,N/A,rrg,0.30000000000000004,0.2,0.3,0,0.8433333333333334,0.8481539,0.1754385964912281,0.24071509,8.337244114654153,10.192122,83.24561403508773,0.631578947368421,0.42105263157894735,0.5052631578947367
random,N/A,rrg,0.4,0.2,0.3,0,0.8733333333333333,0.8697348,0.3333333333333329,0.34862748,8.029315531424453,7.9278092,64.66666666666667,0.7021276595744681,0.5789473684210527,0.6346153846153846
random,N/A,rrg,0.5,0.2,0.3,0,0.8733333333333333,0.8928613,0.3333333333333329,0.46426818,6.3951601528161355,6.290208,60.63157894736842,0.7209302325581395,0.543859649122807,0.6200000000000001
random,N/A,rrg,0.6000000000000001,0.2,0.3,0,0.92,0.91522616,0.5789473684210528,0.57610047,4.564563120689122,4.791688,40.3859649122807,0.8113207547169812,0.7543859649122807,0.7818181818181817
random,N/A,rrg,0.7000000000000001,0.2,0.3,0,0.9233333333333333,0.9279061,0.5964912280701754,0.6395047,3.880816900502831,3.5070956,37.89473684210526,0.84,0.7368421052631579,0.7850467289719626
random,N/A,rrg,0.8,0.2,0.3,0,0.9333333333333333,0.9546293,0.6491228070175439,0.7731303,2.5598206709698985,3.1023915,33.35087719298246,0.8135593220338984,0.8421052631578947,0.8275862068965518
random,N/A,rrg,0.9,0.2,0.3,0,0.96,0.9642294,0.7894736842105261,0.8211342,2.188764040936005,2.4483845,30.0,0.8571428571428571,0.9473684210526315,0.9
random,N/A,rrg,1.0,0.2,0.3,0,0.9933333333333333,0.978485,0.9649122807017542,0.89241725,1.4494994376293866,1.6823391,29.035087719298247,0.9661016949152542,1.0,0.9827586206896551
random,N/A,rrg,0.0,0.3,0.3,0,0.7166666666666667,0.700053,0.0,0.0,16.600156099998202,20.502634,158.54117647058823,0.0,0.0,0.0
random,N/A,rrg,0.1,0.3,0.3,0,0.73,0.72734624,0.047058823529411674,0.09099362,12.98003372330732,16.292553,137.04705882352943,0.6,0.1411764705882353,0.22857142857142856
random,N/A,rrg,0.2,0.3,0.3,0,0.77,0.7540365,0.1882352941176471,0.17997682,11.421680170484876,13.1973715,105.71764705882353,0.75,0.2823529411764706,0.4102564102564103
random,N/A,rrg,0.30000000000000004,0.3,0.3,0,0.75,0.7940446,0.11764705882352938,0.31336078,9.679014105090692,11.026969,92.03529411764706,0.6086956521739131,0.32941176470588235,0.42748091603053434
random,N/A,rrg,0.4,0.3,0.3,0,0.8266666666666667,0.8188383,0.388235294117647,0.396021,8.324229532799675,8.216891,79.84705882352941,0.8113207547169812,0.5058823529411764,0.6231884057971014
random,N/A,rrg,0.5,0.3,0.3,0,0.8366666666666667,0.85834736,0.4235294117647059,0.52774113,6.424314557527202,6.468103,64.2235294117647,0.75,0.6352941176470588,0.6878980891719745
random,N/A,rrg,0.6000000000000001,0.3,0.3,0,0.8833333333333333,0.881498,0.588235294117647,0.6049235,4.834415421059792,4.880452,58.65882352941176,0.8205128205128205,0.7529411764705882,0.7852760736196318
random,N/A,rrg,0.7000000000000001,0.3,0.3,0,0.9166666666666666,0.90894145,0.7058823529411763,0.69641787,4.866437058810249,4.483443,51.77647058823529,0.9054054054054054,0.788235294117647,0.8427672955974842
random,N/A,rrg,0.8,0.3,0.3,0,0.9433333333333334,0.9322572,0.8,0.7741507,2.9442782321740157,3.0740714,46.54117647058823,0.9146341463414634,0.8823529411764706,0.8982035928143712
random,N/A,rrg,0.9,0.3,0.3,0,0.9566666666666667,0.95847064,0.8470588235294118,0.8615444,2.211077303242646,2.4968956,45.07058823529412,0.9285714285714286,0.9176470588235294,0.923076923076923
random,N/A,rrg,1.0,0.3,0.3,0,0.9933333333333333,0.9795624,0.976470588235294,0.93186265,1.5454004947534665,1.8608444,43.01176470588236,0.9770114942528736,1.0,0.9883720930232558
random,N/A,rrg,0.0,0.4,0.3,0,0.6133333333333333,0.60007733,0.0,0.0,11.69816073196034,18.559736,156.39655172413794,0.0,0.0,0.0
random,N/A,rrg,0.1,0.4,0.3,0,0.67,0.6427782,0.14655172413793124,0.10677286,9.554270917916398,14.990052,124.08620689655173,0.84,0.1810344827586207,0.2978723404255319
random,N/A,rrg,0.2,0.4,0.3,0,0.6666666666666666,0.675505,0.13793103448275862,0.18860559,8.375947996054775,13.520931,117.00862068965517,0.6904761904761905,0.25,0.3670886075949367
random,N/A,rrg,0.30000000000000004,0.4,0.3,0,0.7266666666666667,0.7337045,0.2931034482758622,0.33413255,6.249776295000601,9.523727,101.44827586206897,0.7741935483870968,0.41379310344827586,0.5393258426966293
random,N/A,rrg,0.4,0.4,0.3,0,0.7666666666666667,0.77102256,0.3965517241379312,0.4274457,5.1908938255487485,8.407718,87.15517241379311,0.7875,0.5431034482758621,0.6428571428571428
random,N/A,rrg,0.5,0.4,0.3,0,0.7966666666666666,0.81808037,0.47413793103448276,0.54511297,4.692176917414695,6.259161,80.05172413793103,0.8021978021978022,0.6293103448275862,0.7053140096618359
random,N/A,rrg,0.6000000000000001,0.4,0.3,0,0.8333333333333334,0.84749866,0.5689655172413794,0.6186729,3.6494981577472854,5.114521,71.18103448275862,0.851063829787234,0.6896551724137931,0.761904761904762
random,N/A,rrg,0.7000000000000001,0.4,0.3,0,0.8666666666666667,0.87969136,0.6551724137931035,0.69917023,3.6136754676266793,4.475665,67.81896551724138,0.8653846153846154,0.7758620689655172,0.8181818181818181
random,N/A,rrg,0.8,0.4,0.3,0,0.8933333333333333,0.9237959,0.7241379310344828,0.80945283,2.530970721173357,2.8303285,65.03448275862068,0.868421052631579,0.853448275862069,0.8608695652173913
random,N/A,rrg,0.9,0.4,0.3,0,0.9466666666666667,0.95533735,0.8620689655172413,0.88832176,1.9670033317405318,2.2051294,60.577586206896555,0.9385964912280702,0.9224137931034483,0.9304347826086956
random,N/A,rrg,1.0,0.4,0.3,0,0.9833333333333333,0.9847172,0.9568965517241378,0.9617856,1.2334038592059424,1.3697947,58.63793103448276,0.9586776859504132,1.0,0.9789029535864979
random,N/A,rrg,0.0,0.05,0.3,1,0.94,0.949999,0.0,0.0,23.305714552967768,9.963903,157.22222222222223,0.0,0.0,0.0
random,N/A,rrg,0.1,0.05,0.3,1,0.9166666666666666,0.92679393,-0.3888888888888883,-0.46409133,13.108854008927613,11.138589,120.61111111111111,0.1111111111111111,0.05555555555555555,0.07407407407407407
random,N/A,rrg,0.2,0.05,0.3,1,0.9066666666666666,0.93430847,-0.5555555555555549,-0.31380367,12.75630557379189,8.427232,79.33333333333333,0.2916666666666667,0.3888888888888889,0.3333333333333333
random,N/A,rrg,0.30000000000000004,0.05,0.3,1,0.9233333333333333,0.9494697,-0.27777777777777657,-0.010585568,13.984173452163477,6.9361606,84.11111111111111,0.3076923076923077,0.2222222222222222,0.2580645161290323
random,N/A,rrg,0.4,0.05,0.3,1,0.91,0.96242064,-0.49999999999999817,0.24842826,10.932844898698523,5.3226037,55.833333333333336,0.32,0.4444444444444444,0.37209302325581395
random,N/A,rrg,0.5,0.05,0.3,1,0.9266666666666666,0.97038704,-0.2222222222222216,0.40775296,6.62953565009164,4.107525,38.22222222222222,0.42857142857142855,0.6666666666666666,0.5217391304347826
random,N/A,rrg,0.6000000000000001,0.05,0.3,1,0.9433333333333334,0.9737851,0.05555555555555679,0.4757128,6.257881383431426,2.984336,18.77777777777778,0.5161290322580645,0.8888888888888888,0.6530612244897959
random,N/A,rrg,0.7000000000000001,0.05,0.3,1,0.9533333333333334,0.9791913,0.22222222222222346,0.5838346,5.277326780906627,2.6639826,10.944444444444445,0.5666666666666667,0.9444444444444444,0.7083333333333334
random,N/A,rrg,0.8,0.05,0.3,1,0.96,0.9747646,0.3333333333333333,0.49530205,3.3728277280928576,2.2895138,19.72222222222222,0.6363636363636364,0.7777777777777778,0.7000000000000001
random,N/A,rrg,0.9,0.05,0.3,1,0.98,0.98274,0.6666666666666666,0.6548068,3.1863166298302046,1.9639161,12.11111111111111,0.7727272727272727,0.9444444444444444,0.85
random,N/A,rrg,1.0,0.05,0.3,1,1.0,0.9857016,1.0,0.71403825,1.4756626463038747,1.6018221,9.5,1.0,1.0,1.0
random,N/A,rrg,0.0,0.1,0.3,1,0.8733333333333333,0.900001,0.0,0.0,29.13043257178452,15.724793,171.47368421052633,0.0,0.0,0.0
random,N/A,rrg,0.1,0.1,0.3,1,0.8833333333333333,0.8958857,0.07894736842105268,-0.04115324,19.57577204245784,13.008977,91.8157894736842,0.6,0.23684210526315788,0.339622641509434
random,N/A,rrg,0.2,0.1,0.3,1,0.85,0.9050882,-0.1842105263157893,0.05087247,15.256971658972525,9.577772,91.78947368421052,0.37037037037037035,0.2631578947368421,0.30769230769230765
random,N/A,rrg,0.30000000000000004,0.1,0.3,1,0.8633333333333333,0.9147522,-0.07894736842105268,0.14751342,11.023379081881167,7.9156837,71.07894736842105,0.4594594594594595,0.4473684210526316,0.45333333333333337
random,N/A,rrg,0.4,0.1,0.3,1,0.89,0.9156529,0.13157894736842143,0.15652037,8.563839928043208,7.1660976,59.81578947368421,0.5862068965517241,0.4473684210526316,0.5074626865671642
random,N/A,rrg,0.5,0.1,0.3,1,0.86,0.92260873,-0.10526315789473661,0.22607967,7.788394631230809,5.326265,57.81578947368421,0.45454545454545453,0.5263157894736842,0.4878048780487805
random,N/A,rrg,0.6000000000000001,0.1,0.3,1,0.9133333333333333,0.94589376,0.31578947368421073,0.45893228,5.281553579658907,4.1245956,38.0,0.6304347826086957,0.7631578947368421,0.6904761904761905
random,N/A,rrg,0.7000000000000001,0.1,0.3,1,0.9233333333333333,0.95961225,0.3947368421052634,0.5961185,5.239091818529329,3.1978614,30.31578947368421,0.6666666666666666,0.7894736842105263,0.7228915662650601
random,N/A,rrg,0.8,0.1,0.3,1,0.9666666666666667,0.9647997,0.7368421052631581,0.64799356,2.736687977783434,2.6144052,25.0,0.868421052631579,0.868421052631579,0.868421052631579
random,N/A,rrg,0.9,0.1,0.3,1,0.97,0.97499,0.7631578947368419,0.7498976,1.7678404969452692,1.9497453,20.94736842105263,0.8222222222222222,0.9736842105263158,0.891566265060241
random,N/A,rrg,1.0,0.1,0.3,1,0.9866666666666667,0.9821029,0.8947368421052634,0.8210269,1.1424503028922013,1.3701948,19.81578947368421,0.9047619047619048,1.0,0.9500000000000001
random,N/A,rrg,0.0,0.2,0.3,1,0.7666666666666667,0.80001426,0.0,0.0,23.165038188370264,20.241829,136.8,0.0,0.0,0.0
random,N/A,rrg,0.1,0.2,0.3,1,0.7833333333333333,0.8070202,0.07142857142857119,0.035032146,16.912872638445847,16.117071,132.32857142857142,0.6470588235294118,0.15714285714285714,0.2528735632183908
random,N/A,rrg,0.2,0.2,0.3,1,0.7766666666666666,0.8345334,0.04285714285714243,0.17260799,11.717298911260789,11.5271635,109.35714285714286,0.5454545454545454,0.2571428571428571,0.3495145631067961
random,N/A,rrg,0.30000000000000004,0.2,0.3,1,0.79,0.8489312,0.09999999999999995,0.24460211,10.515183660287525,10.027606,89.77142857142857,0.5853658536585366,0.34285714285714286,0.43243243243243246
random,N/A,rrg,0.4,0.2,0.3,1,0.8166666666666667,0.8760491,0.21428571428571405,0.3802013,8.273561444265225,7.008258,73.98571428571428,0.6415094339622641,0.4857142857142857,0.5528455284552846
random,N/A,rrg,0.5,0.2,0.3,1,0.8566666666666667,0.89344746,0.3857142857142857,0.46719933,6.7571357297258405,5.920211,57.27142857142857,0.7014925373134329,0.6714285714285714,0.6861313868613139
random,N/A,rrg,0.6000000000000001,0.2,0.3,1,0.86,0.9107007,0.3999999999999998,0.55347157,5.058108265021602,4.9462786,53.7,0.71875,0.6571428571428571,0.6865671641791045
random,N/A,rrg,0.7000000000000001,0.2,0.3,1,0.9266666666666666,0.9271141,0.6857142857142855,0.63554466,3.8409677438883736,4.322906,42.18571428571428,0.8428571428571429,0.8428571428571429,0.8428571428571429
random,N/A,rrg,0.8,0.2,0.3,1,0.9366666666666666,0.9450183,0.7285714285714284,0.72507185,3.070513641574049,2.5551188,40.97142857142857,0.8591549295774648,0.8714285714285714,0.8652482269503546
random,N/A,rrg,0.9,0.2,0.3,1,0.96,0.95986855,0.8285714285714284,0.79932845,2.6347567721841028,2.263488,37.214285714285715,0.9142857142857143,0.9142857142857143,0.9142857142857143
random,N/A,rrg,1.0,0.2,0.3,1,0.9933333333333333,0.9762079,0.9714285714285712,0.8810311,1.4541655976492243,1.6575528,35.58571428571429,0.9722222222222222,1.0,0.9859154929577464
random,N/A,rrg,0.0,0.3,0.3,1,0.71,0.7000529,0.0,0.0,16.847170204397564,20.84785,146.55172413793105,0.0,0.0,0.0
random,N/A,rrg,0.1,0.3,0.3,1,0.72,0.7209583,0.03448275862068968,0.06969688,12.919488018058525,17.00195,121.42528735632185,0.56,0.16091954022988506,0.25
random,N/A,rrg,0.2,0.3,0.3,1,0.7466666666666667,0.7523074,0.12643678160919564,0.1742124,10.983755903132378,14.578729,106.70114942528735,0.6896551724137931,0.22988505747126436,0.3448275862068966
random,N/A,rrg,0.30000000000000004,0.3,0.3,1,0.78,0.7938127,0.24137931034482776,0.3125877,10.241471320732174,11.369447,96.45977011494253,0.7142857142857143,0.40229885057471265,0.5147058823529412
random,N/A,rrg,0.4,0.3,0.3,1,0.8066666666666666,0.81805307,0.3333333333333333,0.39340323,8.538062669157144,9.48533,76.01149425287356,0.7543859649122807,0.4942528735632184,0.5972222222222222
random,N/A,rrg,0.5,0.3,0.3,1,0.8466666666666667,0.8371258,0.47126436781609204,0.45699015,7.31878128803864,8.502267,68.183908045977,0.8596491228070176,0.5632183908045977,0.6805555555555556
random,N/A,rrg,0.6000000000000001,0.3,0.3,1,0.85,0.872299,0.48275862068965514,0.57425493,6.249965659726561,6.323393,60.195402298850574,0.8,0.6436781609195402,0.713375796178344
random,N/A,rrg,0.7000000000000001,0.3,0.3,1,0.8766666666666667,0.90489846,0.5747126436781611,0.68293893,5.188899194557192,5.3213606,54.758620689655174,0.8289473684210527,0.7241379310344828,0.7730061349693252
random,N/A,rrg,0.8,0.3,0.3,1,0.9266666666666666,0.9279457,0.7471264367816092,0.75977653,3.2300779760008154,4.004605,49.93103448275862,0.891566265060241,0.8505747126436781,0.8705882352941176
random,N/A,rrg,0.9,0.3,0.3,1,0.96,0.95631814,0.8620689655172413,0.8543681,2.6851386140615348,2.8177438,45.11494252873563,0.9120879120879121,0.9540229885057471,0.9325842696629213
random,N/A,rrg,1.0,0.3,0.3,1,0.9833333333333333,0.97339743,0.9425287356321838,0.9113091,1.7974174188530594,2.0166042,44.47126436781609,0.9456521739130435,1.0,0.9720670391061452
random,N/A,rrg,0.0,0.4,0.3,1,0.5966666666666667,0.6000774,0.0,0.0,12.399572264622805,18.79958,146.61157024793388,0.0,0.0,0.0
random,N/A,rrg,0.1,0.4,0.3,1,0.6366666666666667,0.64196694,0.09917355371900835,0.10474414,10.276196744869775,15.668216,128.60330578512398,0.7142857142857143,0.1652892561983471,0.2684563758389262
random,N/A,rrg,0.2,0.4,0.3,1,0.7133333333333334,0.6822338,0.28925619834710753,0.20543079,8.1237577034059,12.646604,108.07438016528926,0.8888888888888888,0.3305785123966942,0.4819277108433735
random,N/A,rrg,0.30000000000000004,0.4,0.3,1,0.7133333333333334,0.73425424,0.28925619834710753,0.33550704,7.330564914039346,10.647692,100.36363636363636,0.7777777777777778,0.4049586776859504,0.5326086956521738
random,N/A,rrg,0.4,0.4,0.3,1,0.7533333333333333,0.7757135,0.3884297520661156,0.43917525,5.913597426844618,8.281796,87.70247933884298,0.8051948051948052,0.512396694214876,0.6262626262626262
random,N/A,rrg,0.5,0.4,0.3,1,0.7966666666666666,0.8103488,0.4958677685950412,0.52578026,4.928683084325286,6.7468896,82.39669421487604,0.8125,0.6446280991735537,0.7188940092165897
random,N/A,rrg,0.6000000000000001,0.4,0.3,1,0.84,0.8493569,0.6033057851239668,0.6233193,3.740463596244373,5.3603554,72.61157024793388,0.8543689320388349,0.7272727272727273,0.7857142857142857
random,N/A,rrg,0.7000000000000001,0.4,0.3,1,0.8733333333333333,0.88689995,0.6859504132231404,0.71719515,3.41345956952029,4.311041,70.42148760330579,0.8878504672897196,0.7851239669421488,0.8333333333333334
random,N/A,rrg,0.8,0.4,0.3,1,0.9333333333333333,0.9184608,0.8347107438016529,0.79611254,2.2316925029223205,2.8081276,64.66115702479338,0.954954954954955,0.8760330578512396,0.9137931034482758
random,N/A,rrg,0.9,0.4,0.3,1,0.9633333333333334,0.9487142,0.9090909090909092,0.87176067,1.684128049978902,2.2074587,61.85123966942149,0.9583333333333334,0.9504132231404959,0.9543568464730291
random,N/A,rrg,1.0,0.4,0.3,1,0.99,0.9820287,0.9752066115702479,0.9550631,1.3046073658449564,1.4225125,61.12396694214876,0.9758064516129032,1.0,0.9877551020408163
random,N/A,rrg,0.0,0.05,0.3,2,0.9566666666666667,0.949999,0.0,0.0,14.497872023514352,9.993293,158.92307692307693,0.0,0.0,0.0
random,N/A,rrg,0.1,0.05,0.3,2,0.9266666666666666,0.9380611,-0.6923076923076928,-0.23875223,11.156867428325542,9.634531,80.6923076923077,0.15384615384615385,0.15384615384615385,0.15384615384615385
random,N/A,rrg,0.2,0.05,0.3,2,0.9166666666666666,0.9489268,-0.9230769230769239,-0.021442927,11.999795639443965,7.4542723,103.38461538461539,0.07142857142857142,0.07692307692307693,0.07407407407407408
random,N/A,rrg,0.30000000000000004,0.05,0.3,2,0.9066666666666666,0.9543407,-1.1538461538461549,0.08683265,9.025025122118375,6.2951894,82.38461538461539,0.17391304347826086,0.3076923076923077,0.2222222222222222
random,N/A,rrg,0.4,0.05,0.3,2,0.9066666666666666,0.97150147,-1.1538461538461549,0.43004107,9.78194312348006,4.0602612,82.61538461538461,0.10526315789473684,0.15384615384615385,0.125
random,N/A,rrg,0.5,0.05,0.3,2,0.9233333333333333,0.965997,-0.769230769230769,0.31995356,7.372179689804488,4.387985,47.46153846153846,0.2916666666666667,0.5384615384615384,0.3783783783783784
random,N/A,rrg,0.6000000000000001,0.05,0.3,2,0.9333333333333333,0.97504455,-0.5384615384615381,0.5009012,6.420355863606429,3.1175904,24.23076923076923,0.36,0.6923076923076923,0.47368421052631576
random,N/A,rrg,0.7000000000000001,0.05,0.3,2,0.9466666666666667,0.98275065,-0.23076923076923098,0.6550202,6.545964457370631,2.4779258,28.76923076923077,0.42857142857142855,0.6923076923076923,0.5294117647058824
random,N/A,rrg,0.8,0.05,0.3,2,0.9666666666666667,0.98454285,0.23076923076923098,0.69086325,3.2739765243882166,2.0676773,14.76923076923077,0.5789473684210527,0.8461538461538461,0.6875
random,N/A,rrg,0.9,0.05,0.3,2,0.9766666666666667,0.9880543,0.46153846153846195,0.7610904,3.039456474807738,1.4633774,10.0,0.6666666666666666,0.9230769230769231,0.7741935483870968
random,N/A,rrg,1.0,0.05,0.3,2,0.9966666666666667,0.98802793,0.9230769230769239,0.7605635,1.5068905236147176,1.4524726,7.0,0.9285714285714286,1.0,0.962962962962963
random,N/A,rrg,0.0,0.1,0.3,2,0.8966666666666666,0.900001,0.0,0.0,24.898501706823335,15.682396,161.19354838709677,0.0,0.0,0.0
random,N/A,rrg,0.1,0.1,0.3,2,0.9066666666666666,0.8941282,0.09677419354838714,-0.05872844,17.219999658529805,14.034343,99.83870967741936,0.6363636363636364,0.22580645161290322,0.3333333333333333
random,N/A,rrg,0.2,0.1,0.3,2,0.8733333333333333,0.8985036,-0.22580645161290294,-0.014974027,14.113695434395401,11.372773,93.16129032258064,0.36,0.2903225806451613,0.3214285714285714
random,N/A,rrg,0.30000000000000004,0.1,0.3,2,0.8866666666666667,0.9315125,-0.09677419354838605,0.31511799,10.613764428474362,7.704029,74.38709677419355,0.4444444444444444,0.3870967741935484,0.41379310344827586
random,N/A,rrg,0.4,0.1,0.3,2,0.88,0.9273231,-0.1612903225806445,0.27322385,9.466047367531816,6.4636793,65.19354838709677,0.42424242424242425,0.45161290322580644,0.4375
random,N/A,rrg,0.5,0.1,0.3,2,0.9033333333333333,0.9387488,0.06451612903225845,0.38748172,8.680443845746037,5.4757056,40.064516129032256,0.5263157894736842,0.6451612903225806,0.5797101449275363
random,N/A,rrg,0.6000000000000001,0.1,0.3,2,0.9266666666666666,0.95006794,0.2903225806451614,0.5006744,6.1134673606274585,4.2716074,30.93548387096774,0.6285714285714286,0.7096774193548387,0.6666666666666666
random,N/A,rrg,0.7000000000000001,0.1,0.3,2,0.9433333333333334,0.9545632,0.451612903225807,0.54562753,5.443727650060897,3.9894543,24.451612903225808,0.71875,0.7419354838709677,0.7301587301587302
random,N/A,rrg,0.8,0.1,0.3,2,0.9366666666666666,0.9734745,0.38709677419354854,0.7347424,4.547374166769745,2.6017952,24.0,0.65,0.8387096774193549,0.7323943661971831
random,N/A,rrg,0.9,0.1,0.3,2,0.9733333333333334,0.97521365,0.7419354838709684,0.752134,2.4952551507030063,2.5290437,19.35483870967742,0.9259259259259259,0.8064516129032258,0.8620689655172414
random,N/A,rrg,1.0,0.1,0.3,2,0.9966666666666667,0.98374367,0.9677419354838713,0.83743507,1.7108600186529157,1.9188552,16.032258064516128,0.96875,1.0,0.9841269841269841
random,N/A,rrg,0.0,0.2,0.3,2,0.8,0.8000143,0.0,0.0,21.859565441062955,20.359348,151.61666666666667,0.0,0.0,0.0
random,N/A,rrg,0.1,0.2,0.3,2,0.8266666666666667,0.8067756,0.1333333333333331,0.033808984,16.61370210456217,15.988235,114.35,0.7222222222222222,0.21666666666666667,0.3333333333333333
random,N/A,rrg,0.2,0.2,0.3,2,0.8133333333333334,0.8278257,0.06666666666666655,0.139067,13.11987149331975,13.031776,99.41666666666667,0.5625,0.3,0.3913043478260869
random,N/A,rrg,0.30000000000000004,0.2,0.3,2,0.8233333333333334,0.8374469,0.11666666666666661,0.18717645,10.305071963674372,10.089092,82.51666666666667,0.5853658536585366,0.4,0.4752475247524752
random,N/A,rrg,0.4,0.2,0.3,2,0.8666666666666667,0.86774015,0.3333333333333333,0.33865342,8.17912540751506,8.373644,67.81666666666666,0.7272727272727273,0.5333333333333333,0.6153846153846153
random,N/A,rrg,0.5,0.2,0.3,2,0.9,0.8960802,0.5,0.4803638,7.157233747475228,6.4946613,47.483333333333334,0.7678571428571429,0.7166666666666667,0.7413793103448276
random,N/A,rrg,0.6000000000000001,0.2,0.3,2,0.8566666666666667,0.91715395,0.28333333333333327,0.5857401,6.100034248219117,4.684744,48.53333333333333,0.6307692307692307,0.6833333333333333,0.6559999999999999
random,N/A,rrg,0.7000000000000001,0.2,0.3,2,0.91,0.9294999,0.55,0.6474744,4.418934449915933,4.018884,39.266666666666666,0.746268656716418,0.8333333333333334,0.7874015748031497
random,N/A,rrg,0.8,0.2,0.3,2,0.9366666666666666,0.9378567,0.6833333333333331,0.68926114,3.1173917158265256,3.09214,35.016666666666666,0.8360655737704918,0.85,0.8429752066115703
random,N/A,rrg,0.9,0.2,0.3,2,0.97,0.9615959,0.8499999999999999,0.8079657,2.394527670032316,2.1992624,31.25,0.8923076923076924,0.9666666666666667,0.928
random,N/A,rrg,1.0,0.2,0.3,2,0.9866666666666667,0.97295004,0.9333333333333335,0.86474055,1.7828204789579285,1.5208607,30.533333333333335,0.9375,1.0,0.967741935483871
random,N/A,rrg,0.0,0.3,0.3,2,0.73,0.7000266,0.0,0.0,16.281823624009824,20.258139,146.7283950617284,0.0,0.0,0.0
random,N/A,rrg,0.1,0.3,0.3,2,0.7466666666666667,0.7196762,0.061728395061728586,0.06550455,12.356562288692347,16.471931,129.34567901234567,0.6,0.18518518518518517,0.2830188679245283
random,N/A,rrg,0.2,0.3,0.3,2,0.7766666666666666,0.7509457,0.17283950617283939,0.16974542,10.27639075622725,13.337366,110.96296296296296,0.7058823529411765,0.2962962962962963,0.41739130434782606
random,N/A,rrg,0.30000000000000004,0.3,0.3,2,0.79,0.78675133,0.2222222222222224,0.28910813,8.147535548273103,10.127838,87.55555555555556,0.6607142857142857,0.4567901234567901,0.5401459854014599
random,N/A,rrg,0.4,0.3,0.3,2,0.85,0.8170165,0.4444444444444444,0.3900009,7.296645503224725,8.464994,75.77777777777777,0.8,0.5925925925925926,0.6808510638297872
random,N/A,rrg,0.5,0.3,0.3,2,0.89,0.8466983,0.5925925925925927,0.488949,5.244501669087497,6.8224187,59.27160493827161,0.8636363636363636,0.7037037037037037,0.7755102040816326
random,N/A,rrg,0.6000000000000001,0.3,0.3,2,0.8666666666666667,0.87882537,0.506172839506173,0.5960488,4.411540956818042,5.035875,59.71604938271605,0.7530864197530864,0.7530864197530864,0.7530864197530863
random,N/A,rrg,0.7000000000000001,0.3,0.3,2,0.89,0.9063816,0.5925925925925927,0.68791103,4.508087982101681,4.47076,53.79012345679013,0.8529411764705882,0.7160493827160493,0.7785234899328859
random,N/A,rrg,0.8,0.3,0.3,2,0.92,0.9299463,0.7037037037037038,0.766467,2.5720959393541505,3.0943513,47.65432098765432,0.8518518518518519,0.8518518518518519,0.8518518518518519
random,N/A,rrg,0.9,0.3,0.3,2,0.9533333333333334,0.95555836,0.8271604938271606,0.85184807,2.820728343605976,2.1115503,43.864197530864196,0.8764044943820225,0.9629629629629629,0.9176470588235294
random,N/A,rrg,1.0,0.3,0.3,2,0.9833333333333333,0.97293293,0.9382716049382714,0.90976846,1.5702242319437114,1.761839,41.01234567901235,0.9418604651162791,1.0,0.970059880239521
random,N/A,rrg,0.0,0.4,0.3,2,0.6,0.60007733,0.0,0.0,12.66425038105187,19.026955,153.9,0.0,0.0,0.0
random,N/A,rrg,0.1,0.4,0.3,2,0.64,0.64630044,0.10000000000000009,0.115580104,10.049982945853978,15.037301,128.7,0.7142857142857143,0.16666666666666666,0.2702702702702703
random,N/A,rrg,0.2,0.4,0.3,2,0.65,0.6796985,0.1250000000000001,0.19909148,9.554603639149585,14.419194,114.73333333333333,0.6595744680851063,0.25833333333333336,0.37125748502994016
random,N/A,rrg,0.30000000000000004,0.4,0.3,2,0.7066666666666667,0.72211546,0.2666666666666667,0.30515432,7.123714457419776,10.538343,100.98333333333333,0.7666666666666667,0.38333333333333336,0.5111111111111111
random,N/A,rrg,0.4,0.4,0.3,2,0.7733333333333333,0.7607366,0.43333333333333335,0.4017258,6.085355640935366,9.231151,87.95,0.8023255813953488,0.575,0.6699029126213593
random,N/A,rrg,0.5,0.4,0.3,2,0.8266666666666667,0.8063291,0.5666666666666667,0.51572907,4.7218510331361845,6.797912,80.10833333333333,0.8541666666666666,0.6833333333333333,0.7592592592592592
random,N/A,rrg,0.6000000000000001,0.4,0.3,2,0.8033333333333333,0.8454012,0.5083333333333334,0.61342835,4.225228940943157,5.304655,78.24166666666666,0.8210526315789474,0.65,0.7255813953488371
random,N/A,rrg,0.7000000000000001,0.4,0.3,2,0.8533333333333334,0.8765937,0.6333333333333335,0.6914246,3.9206161895168,4.490792,70.825,0.8653846153846154,0.75,0.8035714285714286
random,N/A,rrg,0.8,0.4,0.3,2,0.9033333333333333,0.9125956,0.7583333333333333,0.7814468,2.4232280531223567,3.2871118,66.6,0.9026548672566371,0.85,0.8755364806866952
random,N/A,rrg,0.9,0.4,0.3,2,0.96,0.9521633,0.8999999999999999,0.8803851,1.912960458955344,2.349859,62.45,0.9655172413793104,0.9333333333333333,0.9491525423728815
random,N/A,rrg,1.0,0.4,0.3,2,0.99,0.9796752,0.975,0.9491781,1.2517892300584212,1.3834141,60.69166666666667,0.975609756097561,1.0,0.9876543209876543
random,N/A,rrg,0.0,0.05,0.3,3,0.96,0.949999,0.0,0.0,18.594834198625943,9.998655,184.91666666666666,0.0,0.0,0.0
random,N/A,rrg,0.1,0.05,0.3,3,0.94,0.94076526,-0.5,-0.18467048,14.721659102913184,9.975454,131.58333333333334,0.125,0.08333333333333333,0.1
random,N/A,rrg,0.2,0.05,0.3,3,0.9266666666666666,0.94372845,-0.8333333333333324,-0.12540798,9.593719816051696,8.523267,50.25,0.25,0.4166666666666667,0.3125
random,N/A,rrg,0.30000000000000004,0.05,0.3,3,0.9166666666666666,0.95417315,-1.0833333333333324,0.083481744,9.95253430321868,6.060509,53.166666666666664,0.25925925925925924,0.5833333333333334,0.358974358974359
random,N/A,rrg,0.4,0.05,0.3,3,0.9066666666666666,0.9524602,-1.3333333333333324,0.049224082,8.715724597660113,5.7085147,59.75,0.19230769230769232,0.4166666666666667,0.2631578947368421
random,N/A,rrg,0.5,0.05,0.3,3,0.91,0.9679126,-1.2499999999999973,0.35826546,7.79145200670415,3.6551895,31.916666666666668,0.25806451612903225,0.6666666666666666,0.37209302325581395
random,N/A,rrg,0.6000000000000001,0.05,0.3,3,0.9266666666666666,0.9752423,-0.8333333333333324,0.50485647,7.1859336839328485,3.2426248,26.5,0.3076923076923077,0.6666666666666666,0.42105263157894735
random,N/A,rrg,0.7000000000000001,0.05,0.3,3,0.9433333333333334,0.9768343,-0.4166666666666648,0.5366954,4.836363587678934,2.536558,20.833333333333332,0.38095238095238093,0.6666666666666666,0.4848484848484849
random,N/A,rrg,0.8,0.05,0.3,3,0.97,0.980046,0.25,0.60092765,3.625629886185925,2.3364794,7.583333333333333,0.5714285714285714,1.0,0.7272727272727273
random,N/A,rrg,0.9,0.05,0.3,3,0.97,0.98973846,0.25,0.7947735,2.960992914528506,1.5527549,9.416666666666666,0.5789473684210527,0.9166666666666666,0.7096774193548387
random,N/A,rrg,1.0,0.05,0.3,3,0.9966666666666667,0.9885916,0.9166666666666676,0.7718369,1.4941373872316024,1.5433444,6.666666666666667,0.9230769230769231,1.0,0.9600000000000001
random,N/A,rrg,0.0,0.1,0.3,3,0.9266666666666666,0.900001,0.0,0.0,17.74133138926703,15.7052,136.9090909090909,0.0,0.0,0.0
random,N/A,rrg,0.1,0.1,0.3,3,0.9133333333333333,0.90128356,-0.1818181818181814,0.012825854,12.863658419486383,12.906491,114.81818181818181,0.3,0.13636363636363635,0.18749999999999997
random,N/A,rrg,0.2,0.1,0.3,3,0.8966666666666666,0.90028673,-0.4090909090909093,0.0028574748,11.133993761812217,10.375419,77.5,0.2857142857142857,0.2727272727272727,0.2790697674418604
random,N/A,rrg,0.30000000000000004,0.1,0.3,3,0.8933333333333333,0.9169863,-0.45454545454545425,0.16985466,10.723828936267752,8.486863,63.63636363636363,0.25,0.22727272727272727,0.23809523809523808
random,N/A,rrg,0.4,0.1,0.3,3,0.9066666666666666,0.9298987,-0.2727272727272729,0.29897985,6.9372319156083755,7.205359,41.68181818181818,0.40625,0.5909090909090909,0.4814814814814815
random,N/A,rrg,0.5,0.1,0.3,3,0.93,0.9454836,0.04545454545454649,0.45483086,7.645552051853523,5.0328913,40.09090909090909,0.5185185185185185,0.6363636363636364,0.5714285714285714
random,N/A,rrg,0.6000000000000001,0.1,0.3,3,0.9166666666666666,0.95220125,-0.13636363636363644,0.52200776,7.287483666636177,4.187608,33.0,0.45454545454545453,0.6818181818181818,0.5454545454545454
random,N/A,rrg,0.7000000000000001,0.1,0.3,3,0.9266666666666666,0.96751565,0.0,0.67515326,5.577325652237619,2.864263,21.636363636363637,0.5,0.7272727272727273,0.5925925925925926
random,N/A,rrg,0.8,0.1,0.3,3,0.96,0.9785559,0.45454545454545425,0.78555703,3.6467262677304584,2.440258,18.59090909090909,0.6785714285714286,0.8636363636363636,0.76
random,N/A,rrg,0.9,0.1,0.3,3,0.9766666666666667,0.97941434,0.6818181818181822,0.7941414,2.290667527494477,2.4834406,12.954545454545455,0.8,0.9090909090909091,0.8510638297872342
random,N/A,rrg,1.0,0.1,0.3,3,0.9966666666666667,0.9843171,0.954545454545455,0.8431697,1.252348869055679,1.9480928,11.5,0.9565217391304348,1.0,0.9777777777777777
random,N/A,rrg,0.0,0.2,0.3,3,0.8433333333333334,0.8000143,0.0,0.0,18.640601777685916,20.236145,138.19148936170214,0.0,0.0,0.0
random,N/A,rrg,0.1,0.2,0.3,3,0.87,0.81528735,0.17021276595744653,0.07637064,14.049859828442683,16.309254,112.7872340425532,0.75,0.2553191489361702,0.380952380952381
random,N/A,rrg,0.2,0.2,0.3,3,0.8233333333333334,0.8270251,-0.12765957446808526,0.13506366,11.27893146446805,13.148218,96.95744680851064,0.4,0.2553191489361702,0.3116883116883116
random,N/A,rrg,0.30000000000000004,0.2,0.3,3,0.8566666666666667,0.8601542,0.08510638297872326,0.300721,11.309774888559735,10.26316,79.04255319148936,0.5588235294117647,0.40425531914893614,0.4691358024691358
random,N/A,rrg,0.4,0.2,0.3,3,0.85,0.8782881,0.04255319148936128,0.39139688,9.100734774465169,7.369035,68.7872340425532,0.525,0.44680851063829785,0.48275862068965514
random,N/A,rrg,0.5,0.2,0.3,3,0.8933333333333333,0.892091,0.31914893617021245,0.46041626,7.687634837446061,6.6675153,52.212765957446805,0.6744186046511628,0.6170212765957447,0.6444444444444444
random,N/A,rrg,0.6000000000000001,0.2,0.3,3,0.8966666666666666,0.9158278,0.34042553191489305,0.57910895,6.288079148842484,5.135652,43.53191489361702,0.6818181818181818,0.6382978723404256,0.6593406593406593
random,N/A,rrg,0.7000000000000001,0.2,0.3,3,0.9266666666666666,0.93100727,0.5319148936170209,0.65501165,4.758742812142301,3.9328146,32.765957446808514,0.7551020408163265,0.7872340425531915,0.7708333333333333
random,N/A,rrg,0.8,0.2,0.3,3,0.9366666666666666,0.9490805,0.5957446808510636,0.7453844,3.141998908964771,2.883905,30.80851063829787,0.78,0.8297872340425532,0.8041237113402062
random,N/A,rrg,0.9,0.2,0.3,3,0.98,0.9617357,0.8723404255319147,0.8086649,2.9553817855649966,2.2165437,24.680851063829788,0.9019607843137255,0.9787234042553191,0.9387755102040817
random,N/A,rrg,1.0,0.2,0.3,3,1.0,0.97568554,1.0,0.878419,2.2483559383931286,1.6361105,24.0,1.0,1.0,1.0
random,N/A,rrg,0.0,0.3,0.3,3,0.75,0.7000529,0.0,0.0,15.724831560403281,20.456093,146.12,0.0,0.0,0.0
random,N/A,rrg,0.1,0.3,0.3,3,0.7466666666666667,0.7304651,-0.013333333333333197,0.101391874,12.977324666197546,16.163134,124.90666666666667,0.48,0.16,0.23999999999999996
random,N/A,rrg,0.2,0.3,0.3,3,0.7766666666666666,0.76417184,0.10666666666666647,0.21376744,9.578797869513085,12.532783,104.92,0.6052631578947368,0.30666666666666664,0.4070796460176991
random,N/A,rrg,0.30000000000000004,0.3,0.3,3,0.78,0.79942924,0.1200000000000001,0.33131284,9.14868712670028,10.536138,91.68,0.6153846153846154,0.32,0.4210526315789474
random,N/A,rrg,0.4,0.3,0.3,3,0.8333333333333334,0.82181865,0.3333333333333335,0.40595737,6.737105349996049,8.365032,71.37333333333333,0.711864406779661,0.56,0.6268656716417912
random,N/A,rrg,0.5,0.3,0.3,3,0.8866666666666667,0.8554655,0.5466666666666669,0.5181332,5.598846799491237,6.9396005,59.68,0.8253968253968254,0.6933333333333334,0.7536231884057971
random,N/A,rrg,0.6000000000000001,0.3,0.3,3,0.9033333333333333,0.88039654,0.6133333333333333,0.6012515,5.179244145170528,5.854401,50.04,0.8484848484848485,0.7466666666666667,0.7943262411347518
random,N/A,rrg,0.7000000000000001,0.3,0.3,3,0.8966666666666666,0.91317487,0.5866666666666664,0.71053183,4.06168937388247,4.132749,48.70666666666666,0.8333333333333334,0.7333333333333333,0.7801418439716311
random,N/A,rrg,0.8,0.3,0.3,3,0.93,0.93549937,0.7200000000000002,0.78496,2.837166952627897,2.9741032,43.333333333333336,0.8857142857142857,0.8266666666666667,0.8551724137931035
random,N/A,rrg,0.9,0.3,0.3,3,0.9633333333333334,0.9549235,0.8533333333333335,0.8497185,2.279486218527582,2.3036165,39.68,0.9444444444444444,0.9066666666666666,0.9251700680272109
random,N/A,rrg,1.0,0.3,0.3,3,0.99,0.98114073,0.96,0.93712467,1.7506219181886638,1.6255414,38.16,0.9615384615384616,1.0,0.9803921568627451
random,N/A,rrg,0.0,0.4,0.3,3,0.5866666666666667,0.6000774,0.0,0.0,13.061258931814633,18.716156,158.01612903225808,0.0,0.0,0.0
random,N/A,rrg,0.1,0.4,0.3,3,0.6166666666666667,0.6425004,0.07258064516129038,0.10607805,10.486560565284302,14.835975,140.3709677419355,0.6956521739130435,0.12903225806451613,0.21768707482993196
random,N/A,rrg,0.2,0.4,0.3,3,0.6933333333333334,0.6875314,0.2580645161290323,0.21867736,8.477524832662843,12.194645,116.25,0.8333333333333334,0.3225806451612903,0.4651162790697674
random,N/A,rrg,0.30000000000000004,0.4,0.3,3,0.7033333333333334,0.7238575,0.2822580645161291,0.3095102,7.134296229995848,10.161762,103.6774193548387,0.7692307692307693,0.4032258064516129,0.5291005291005291
random,N/A,rrg,0.4,0.4,0.3,3,0.7466666666666667,0.77207494,0.3870967741935485,0.43007708,6.417333490565184,8.216242,90.69354838709677,0.8,0.5161290322580645,0.6274509803921569
random,N/A,rrg,0.5,0.4,0.3,3,0.78,0.81717783,0.46774193548387105,0.54285616,5.0859173029570774,6.204443,81.99193548387096,0.8152173913043478,0.6048387096774194,0.6944444444444445
random,N/A,rrg,0.6000000000000001,0.4,0.3,3,0.8466666666666667,0.8558442,0.6290322580645161,0.63954073,4.676112122071322,5.306842,74.5,0.8679245283018868,0.7419354838709677,0.8
random,N/A,rrg,0.7000000000000001,0.4,0.3,3,0.8766666666666667,0.88781697,0.7016129032258065,0.71948814,3.363439138751537,4.199396,68.87903225806451,0.8918918918918919,0.7983870967741935,0.8425531914893617
random,N/A,rrg,0.8,0.4,0.3,3,0.9366666666666666,0.9243166,0.846774193548387,0.81075484,2.6033103848274988,3.0534937,64.83064516129032,0.9338842975206612,0.9112903225806451,0.9224489795918367
random,N/A,rrg,0.9,0.4,0.3,3,0.9666666666666667,0.95534873,0.9193548387096775,0.88835025,2.2740588201011294,2.4377532,63.25,0.9596774193548387,0.9596774193548387,0.9596774193548389
random,N/A,rrg,1.0,0.4,0.3,3,0.9966666666666667,0.9877289,0.9919354838709679,0.9693163,1.5605012447202213,1.57734,62.524193548387096,0.992,1.0,0.9959839357429718
random,N/A,rrg,0.0,0.05,0.3,4,0.95,0.949999,0.0,0.0,18.891822168550434,9.9653425,163.13333333333333,0.0,0.0,0.0
random,N/A,rrg,0.1,0.05,0.3,4,0.9266666666666666,0.9278032,-0.46666666666666595,-0.44390604,12.286405115012265,10.607357,74.66666666666667,0.29411764705882354,0.3333333333333333,0.3125
random,N/A,rrg,0.2,0.05,0.3,4,0.9233333333333333,0.93899477,-0.5333333333333319,-0.22007968,11.401253391851421,8.643992,74.66666666666667,0.25,0.26666666666666666,0.2580645161290323
random,N/A,rrg,0.30000000000000004,0.05,0.3,4,0.9166666666666666,0.9421824,-0.666666666666666,-0.15632786,10.16472897791122,7.802085,77.0,0.2727272727272727,0.4,0.3243243243243243
random,N/A,rrg,0.4,0.05,0.3,4,0.9233333333333333,0.96194786,-0.5333333333333319,0.23897277,11.571980313959676,5.6153955,44.2,0.3,0.4,0.34285714285714286
random,N/A,rrg,0.5,0.05,0.3,4,0.9133333333333333,0.9622905,-0.7333333333333318,0.24582598,9.403462830064681,4.1378736,41.13333333333333,0.2962962962962963,0.5333333333333333,0.38095238095238093
random,N/A,rrg,0.6000000000000001,0.05,0.3,4,0.95,0.9733708,0.0,0.46742672,5.836990754495764,3.5390763,24.8,0.5,0.8,0.6153846153846154
random,N/A,rrg,0.7000000000000001,0.05,0.3,4,0.9433333333333334,0.97855633,-0.13333333333333186,0.5711355,5.058265701735414,2.5894406,21.0,0.4583333333333333,0.7333333333333333,0.5641025641025641
random,N/A,rrg,0.8,0.05,0.3,4,0.9633333333333334,0.9819179,0.26666666666666816,0.63836575,4.138896002244034,2.422888,14.266666666666667,0.6,0.8,0.6857142857142857
random,N/A,rrg,0.9,0.05,0.3,4,0.9866666666666667,0.9820511,0.7333333333333341,0.6410288,1.9030451443919552,2.3634655,8.333333333333334,0.7894736842105263,1.0,0.8823529411764706
random,N/A,rrg,1.0,0.05,0.3,4,0.9933333333333333,0.9870306,0.8666666666666659,0.7406178,1.587167470702461,1.7012503,8.133333333333333,0.8823529411764706,1.0,0.9375
random,N/A,rrg,0.0,0.1,0.3,4,0.8933333333333333,0.900001,0.0,0.0,27.069118131565286,15.70137,131.25,0.0,0.0,0.0
random,N/A,rrg,0.1,0.1,0.3,4,0.88,0.89336956,-0.12499999999999974,-0.066314995,17.355146438776853,13.097544,108.125,0.35714285714285715,0.15625,0.21739130434782608
random,N/A,rrg,0.2,0.1,0.3,4,0.9,0.9019399,0.06250000000000039,0.019389583,16.522965479839897,11.335241,68.8125,0.5714285714285714,0.25,0.34782608695652173
random,N/A,rrg,0.30000000000000004,0.1,0.3,4,0.8633333333333333,0.90555173,-0.2812500000000002,0.05550797,13.67853472638422,8.7557955,89.125,0.32,0.25,0.2807017543859649
random,N/A,rrg,0.4,0.1,0.3,4,0.9166666666666666,0.931973,0.2187499999999998,0.31972307,9.648918838362276,6.3500147,49.15625,0.6060606060606061,0.625,0.6153846153846154
random,N/A,rrg,0.5,0.1,0.3,4,0.91,0.9344504,0.15625000000000044,0.34449738,6.1194048738322495,4.822972,37.0625,0.5609756097560976,0.71875,0.6301369863013699
random,N/A,rrg,0.6000000000000001,0.1,0.3,4,0.9366666666666666,0.9480575,0.40624999999999994,0.4805696,5.1244912962284666,4.6484585,31.84375,0.6756756756756757,0.78125,0.7246376811594203
random,N/A,rrg,0.7000000000000001,0.1,0.3,4,0.9566666666666667,0.9561985,0.5937500000000001,0.5619808,4.3556420973150445,3.5313847,27.59375,0.8064516129032258,0.78125,0.7936507936507936
random,N/A,rrg,0.8,0.1,0.3,4,0.9666666666666667,0.9645953,0.6875000000000001,0.64594966,3.5471089003208816,3.168275,21.40625,0.8666666666666667,0.8125,0.8387096774193549
random,N/A,rrg,0.9,0.1,0.3,4,0.9633333333333334,0.9777708,0.6562500000000004,0.77770585,2.90588433383979,2.0845003,17.65625,0.7692307692307693,0.9375,0.8450704225352113
random,N/A,rrg,1.0,0.1,0.3,4,0.9866666666666667,0.97934204,0.8750000000000002,0.7934184,1.4638428099471357,1.7884796,17.09375,0.8888888888888888,1.0,0.9411764705882353
random,N/A,rrg,0.0,0.2,0.3,4,0.8433333333333334,0.8000143,0.0,0.0,18.992819958092173,20.412493,139.4255319148936,0.0,0.0,0.0
random,N/A,rrg,0.1,0.2,0.3,4,0.83,0.810047,-0.08510638297872397,0.05016686,16.053657795792745,17.005651,128.10638297872342,0.3,0.06382978723404255,0.10526315789473684
random,N/A,rrg,0.2,0.2,0.3,4,0.8633333333333333,0.8328482,0.12765957446808454,0.16418113,13.601539295041876,13.73459,87.29787234042553,0.6153846153846154,0.3404255319148936,0.4383561643835616
random,N/A,rrg,0.30000000000000004,0.2,0.3,4,0.85,0.8626274,0.04255319148936128,0.31308776,10.054730560569816,9.631346,71.82978723404256,0.5217391304347826,0.5106382978723404,0.5161290322580645
random,N/A,rrg,0.4,0.2,0.3,4,0.8366666666666667,0.88719887,-0.042553191489361986,0.43595394,10.389691651438278,7.6940284,59.659574468085104,0.4807692307692308,0.5319148936170213,0.505050505050505
random,N/A,rrg,0.5,0.2,0.3,4,0.8633333333333333,0.8974025,0.12765957446808454,0.4869759,8.607952352511736,6.63451,56.319148936170215,0.5714285714285714,0.5106382978723404,0.5393258426966292
random,N/A,rrg,0.6000000000000001,0.2,0.3,4,0.8933333333333333,0.9247681,0.31914893617021245,0.6238135,6.232927249144655,4.974439,42.87234042553192,0.6595744680851063,0.6595744680851063,0.6595744680851063
random,N/A,rrg,0.7000000000000001,0.2,0.3,4,0.91,0.9245044,0.425531914893617,0.622495,5.383203728967787,4.3389997,36.297872340425535,0.7,0.7446808510638298,0.7216494845360825
random,N/A,rrg,0.8,0.2,0.3,4,0.9366666666666666,0.94929343,0.5957446808510636,0.746449,4.116251677066401,3.4800823,31.659574468085108,0.8181818181818182,0.7659574468085106,0.7912087912087913
random,N/A,rrg,0.9,0.2,0.3,4,0.9633333333333334,0.9659009,0.7659574468085109,0.8294923,3.3366730470796484,2.4618227,24.93617021276596,0.8214285714285714,0.9787234042553191,0.8932038834951456
random,N/A,rrg,1.0,0.2,0.3,4,0.9766666666666667,0.97589785,0.851063829787234,0.8794806,2.088672514024886,1.858127,24.170212765957448,0.8703703703703703,1.0,0.9306930693069307
random,N/A,rrg,0.0,0.3,0.3,4,0.7233333333333334,0.7000266,0.0,0.0,15.504435512314952,20.344694,149.75903614457832,0.0,0.0,0.0
random,N/A,rrg,0.1,0.3,0.3,4,0.7466666666666667,0.7254564,0.08433734939759031,0.08477366,12.135664421133452,16.365925,124.46987951807229,0.6842105263157895,0.1566265060240964,0.2549019607843137
random,N/A,rrg,0.2,0.3,0.3,4,0.7866666666666666,0.7635406,0.22891566265060212,0.21173227,10.207981923303779,13.717288,99.6987951807229,0.7567567567567568,0.3373493975903614,0.4666666666666667
random,N/A,rrg,0.30000000000000004,0.3,0.3,4,0.8066666666666666,0.7944875,0.30120481927710824,0.31489757,8.308696143133206,10.603905,89.36144578313252,0.7450980392156863,0.4578313253012048,0.5671641791044776
random,N/A,rrg,0.4,0.3,0.3,4,0.83,0.82888556,0.38554216867469854,0.429568,7.037317635043596,7.3084645,68.97590361445783,0.7352941176470589,0.6024096385542169,0.6622516556291392
random,N/A,rrg,0.5,0.3,0.3,4,0.8066666666666666,0.8464794,0.30120481927710824,0.48821938,6.754379238436487,6.9950886,69.46987951807229,0.711864406779661,0.5060240963855421,0.5915492957746479
random,N/A,rrg,0.6000000000000001,0.3,0.3,4,0.8366666666666667,0.8815116,0.40963855421686735,0.6050038,4.617910056663931,4.970566,61.54216867469879,0.7297297297297297,0.6506024096385542,0.6878980891719745
random,N/A,rrg,0.7000000000000001,0.3,0.3,4,0.88,0.9140087,0.5662650602409638,0.7133369,4.604925242545416,4.030452,51.433734939759034,0.8051948051948052,0.7469879518072289,0.7749999999999999
random,N/A,rrg,0.8,0.3,0.3,4,0.9466666666666667,0.9338072,0.8072289156626505,0.77933776,3.443357309840377,3.6534119,44.963855421686745,0.9466666666666667,0.8554216867469879,0.8987341772151898
random,N/A,rrg,0.9,0.3,0.3,4,0.96,0.9616863,0.8554216867469878,0.8722764,2.321846918578404,2.31849,45.036144578313255,0.9382716049382716,0.9156626506024096,0.9268292682926829
random,N/A,rrg,1.0,0.3,0.3,4,0.9966666666666667,0.98064095,0.9879518072289157,0.9354641,1.8070763784062407,1.6241993,42.0,0.9880952380952381,1.0,0.9940119760479043
random,N/A,rrg,0.0,0.4,0.3,4,0.61,0.60007733,0.0,0.0,12.381410832098084,18.846878,142.2051282051282,0.0,0.0,0.0
random,N/A,rrg,0.1,0.4,0.3,4,0.6366666666666667,0.63922966,0.06837606837606854,0.097899735,10.433848983333567,15.868825,126.72649572649573,0.6666666666666666,0.13675213675213677,0.22695035460992907
random,N/A,rrg,0.2,0.4,0.3,4,0.6633333333333333,0.69185835,0.13675213675213677,0.22949691,8.955279451585278,12.620488,119.8974358974359,0.6739130434782609,0.26495726495726496,0.3803680981595092
random,N/A,rrg,0.30000000000000004,0.4,0.3,4,0.7166666666666667,0.73413575,0.27350427350427353,0.33521086,6.083231463957266,9.097204,102.55555555555556,0.7352941176470589,0.42735042735042733,0.5405405405405405
random,N/A,rrg,0.4,0.4,0.3,4,0.79,0.77282435,0.4615384615384617,0.43195105,5.29980248481406,7.894524,88.64957264957265,0.8214285714285714,0.5897435897435898,0.6865671641791046
random,N/A,rrg,0.5,0.4,0.3,4,0.81,0.818293,0.512820512820513,0.5456446,4.536303507593229,6.586841,79.92307692307692,0.8191489361702128,0.6581196581196581,0.7298578199052133
random,N/A,rrg,0.6000000000000001,0.4,0.3,4,0.82,0.84841937,0.5384615384615383,0.62097514,3.6986910697746382,5.0330715,73.61538461538461,0.8,0.717948717948718,0.7567567567567569
random,N/A,rrg,0.7000000000000001,0.4,0.3,4,0.8433333333333334,0.884162,0.5982905982905984,0.710349,3.4297145874290353,3.896128,69.52136752136752,0.8240740740740741,0.7606837606837606,0.7911111111111112
random,N/A,rrg,0.8,0.4,0.3,4,0.8833333333333333,0.91603416,0.7008547008547008,0.79004484,2.2490183718459145,2.9763908,63.94017094017094,0.8596491228070176,0.8376068376068376,0.8484848484848484
random,N/A,rrg,0.9,0.4,0.3,4,0.9566666666666667,0.9540931,0.8888888888888888,0.8852106,1.6089195223568502,2.0877616,60.888888888888886,0.9482758620689655,0.9401709401709402,0.944206008583691
random,N/A,rrg,1.0,0.4,0.3,4,0.9933333333333333,0.9829171,0.9829059829059827,0.9572844,1.2570665208512113,1.3519895,59.05128205128205,0.9831932773109243,1.0,0.9915254237288135
random,N/A,rrg,0.0,0.05,0.3,5,0.9766666666666667,0.949999,0.0,0.0,10.724997746690628,9.971408,165.57142857142858,0.0,0.0,0.0
random,N/A,rrg,0.1,0.05,0.3,5,0.96,0.94004047,-0.714285714285717,-0.19916603,10.809803661470841,9.810869,122.42857142857143,0.14285714285714285,0.14285714285714285,0.14285714285714285
random,N/A,rrg,0.2,0.05,0.3,5,0.9366666666666666,0.95673054,-1.714285714285717,0.13462864,9.335021172895475,6.600845,67.71428571428571,0.07142857142857142,0.14285714285714285,0.09523809523809523
random,N/A,rrg,0.30000000000000004,0.05,0.3,5,0.9566666666666667,0.96666384,-0.8571428571428585,0.33329043,7.601467978243753,4.922211,31.0,0.25,0.42857142857142855,0.3157894736842105
random,N/A,rrg,0.4,0.05,0.3,5,0.9566666666666667,0.96428525,-0.8571428571428585,0.28571972,6.829895487704177,4.689757,31.0,0.3125,0.7142857142857143,0.43478260869565216
random,N/A,rrg,0.5,0.05,0.3,5,0.9433333333333334,0.97611123,-1.4285714285714293,0.52223444,7.652177757328606,3.3336248,22.142857142857142,0.2727272727272727,0.8571428571428571,0.41379310344827586
random,N/A,rrg,0.6000000000000001,0.05,0.3,5,0.9666666666666667,0.9779655,-0.42857142857142927,0.55931854,5.713105850191404,2.9725738,14.428571428571429,0.4,0.8571428571428571,0.5454545454545455
random,N/A,rrg,0.7000000000000001,0.05,0.3,5,0.9766666666666667,0.9802452,0.0,0.60491157,3.157019978483821,2.3609624,11.857142857142858,0.5,0.7142857142857143,0.588235294117647
random,N/A,rrg,0.8,0.05,0.3,5,0.9733333333333334,0.98634565,-0.1428571428571415,0.7269186,3.3708253385592397,1.900472,4.857142857142857,0.4666666666666667,1.0,0.6363636363636364
random,N/A,rrg,0.9,0.05,0.3,5,0.99,0.98606557,0.5714285714285707,0.72131705,1.6063642834249818,1.6647897,4.0,0.7,1.0,0.8235294117647058
random,N/A,rrg,1.0,0.05,0.3,5,1.0,0.98903096,1.0,0.7806236,1.0772702228757667,1.1999702,4.0,1.0,1.0,1.0
random,N/A,rrg,0.0,0.1,0.3,5,0.86,0.9000011,0.0,0.0,32.28833036838409,15.710205,130.0952380952381,0.0,0.0,0.0
random,N/A,rrg,0.1,0.1,0.3,5,0.8566666666666667,0.89147896,-0.023809523809523565,-0.085222475,21.105931724740213,13.622261,111.78571428571429,0.46153846153846156,0.14285714285714285,0.21818181818181817
random,N/A,rrg,0.2,0.1,0.3,5,0.8233333333333334,0.895121,-0.2619047619047616,-0.048801843,16.080146121271387,10.816554,113.11904761904762,0.28,0.16666666666666666,0.20895522388059704
random,N/A,rrg,0.30000000000000004,0.1,0.3,5,0.8633333333333333,0.9126128,0.023809523809523565,0.12611827,11.88268386009853,8.167043,81.5,0.5135135135135135,0.4523809523809524,0.48101265822784806
random,N/A,rrg,0.4,0.1,0.3,5,0.88,0.9226351,0.14285714285714296,0.2263422,10.71511851436727,6.5970836,59.595238095238095,0.59375,0.4523809523809524,0.5135135135135135
random,N/A,rrg,0.5,0.1,0.3,5,0.8933333333333333,0.9248021,0.23809523809523803,0.24801292,7.267438225082071,6.16025,55.714285714285715,0.6388888888888888,0.5476190476190477,0.5897435897435898
random,N/A,rrg,0.6000000000000001,0.1,0.3,5,0.9233333333333333,0.9408824,0.4523809523809525,0.4088173,6.034763242631811,4.5818877,39.73809523809524,0.7209302325581395,0.7380952380952381,0.7294117647058824
random,N/A,rrg,0.7000000000000001,0.1,0.3,5,0.9333333333333333,0.95016074,0.523809523809524,0.5016019,4.767373032061562,3.585285,34.80952380952381,0.7391304347826086,0.8095238095238095,0.7727272727272727
random,N/A,rrg,0.8,0.1,0.3,5,0.9533333333333334,0.9642043,0.666666666666667,0.6420391,3.870887046114388,2.7537086,23.61904761904762,0.7692307692307693,0.9523809523809523,0.8510638297872339
random,N/A,rrg,0.9,0.1,0.3,5,0.9666666666666667,0.966923,0.761904761904762,0.6692263,2.522214149108449,1.9892946,24.071428571428573,0.8333333333333334,0.9523809523809523,0.888888888888889
random,N/A,rrg,1.0,0.1,0.3,5,0.9833333333333333,0.9747716,0.8809523809523806,0.7477134,1.6972960254215856,1.3829119,21.595238095238095,0.8936170212765957,1.0,0.9438202247191011
random,N/A,rrg,0.0,0.2,0.3,5,0.74,0.8000143,0.0,0.0,26.562758693331798,20.302204,141.96153846153845,0.0,0.0,0.0
random,N/A,rrg,0.1,0.2,0.3,5,0.75,0.8088981,0.03846153846153849,0.044422053,19.62441296617139,16.364876,125.26923076923077,0.5882352941176471,0.1282051282051282,0.21052631578947367
random,N/A,rrg,0.2,0.2,0.3,5,0.8033333333333333,0.820572,0.24358974358974367,0.10279587,15.209231863827567,12.996879,111.28205128205128,0.8064516129032258,0.32051282051282054,0.45871559633027525
random,N/A,rrg,0.30000000000000004,0.2,0.3,5,0.83,0.84532726,0.34615384615384603,0.22658092,11.806696231227962,10.689142,87.82051282051282,0.8292682926829268,0.4358974358974359,0.5714285714285714
random,N/A,rrg,0.4,0.2,0.3,5,0.8433333333333334,0.8755423,0.39743589743589763,0.37766686,9.081072834376922,8.097537,72.7051282051282,0.7719298245614035,0.5641025641025641,0.6518518518518518
random,N/A,rrg,0.5,0.2,0.3,5,0.8566666666666667,0.877537,0.4487179487179488,0.38764122,8.329018573217033,7.218475,60.34615384615385,0.7692307692307693,0.6410256410256411,0.6993006993006994
random,N/A,rrg,0.6000000000000001,0.2,0.3,5,0.88,0.9070397,0.5384615384615385,0.53516525,6.223549159368194,5.4742675,56.87179487179487,0.85,0.6538461538461539,0.7391304347826088
random,N/A,rrg,0.7000000000000001,0.2,0.3,5,0.91,0.9309192,0.653846153846154,0.6545711,5.0651054728044125,4.3067985,49.53846153846154,0.8591549295774648,0.782051282051282,0.8187919463087248
random,N/A,rrg,0.8,0.2,0.3,5,0.9466666666666667,0.9448696,0.7948717948717948,0.72432816,3.428067989535222,3.3063338,43.38461538461539,0.918918918918919,0.8717948717948718,0.8947368421052632
random,N/A,rrg,0.9,0.2,0.3,5,0.97,0.9591321,0.8846153846153845,0.7956458,2.347093913300183,2.5771127,41.8974358974359,0.96,0.9230769230769231,0.9411764705882353
random,N/A,rrg,1.0,0.2,0.3,5,0.9933333333333333,0.98028046,0.9743589743589742,0.90139526,1.5229277906599623,1.7931165,39.57692307692308,0.975,1.0,0.9873417721518987
random,N/A,rrg,0.0,0.3,0.3,5,0.6733333333333333,0.7000529,0.0,0.0,17.846193167055198,20.523916,163.1734693877551,0.0,0.0,0.0
random,N/A,rrg,0.1,0.3,0.3,5,0.7166666666666667,0.72692335,0.1326530612244898,0.0895839,14.388213438217171,16.54121,130.85714285714286,0.76,0.19387755102040816,0.30894308943089427
random,N/A,rrg,0.2,0.3,0.3,5,0.7366666666666667,0.75678545,0.1938775510204082,0.18914181,11.829369499063942,13.499603,106.09183673469387,0.7209302325581395,0.3163265306122449,0.4397163120567376
random,N/A,rrg,0.30000000000000004,0.3,0.3,5,0.7366666666666667,0.78957814,0.1938775510204082,0.29847005,9.240894986816583,10.545007,98.39795918367346,0.6862745098039216,0.35714285714285715,0.4697986577181208
random,N/A,rrg,0.4,0.3,0.3,5,0.8,0.81880575,0.3877551020408164,0.39591262,7.859957400717961,8.748876,78.06122448979592,0.8064516129032258,0.5102040816326531,0.625
random,N/A,rrg,0.5,0.3,0.3,5,0.83,0.85241604,0.47959183673469374,0.5079667,6.989435049869032,6.886601,74.0204081632653,0.821917808219178,0.6122448979591837,0.7017543859649124
random,N/A,rrg,0.6000000000000001,0.3,0.3,5,0.8366666666666667,0.8804174,0.5,0.60132104,5.5134308418021405,5.120163,68.62244897959184,0.8181818181818182,0.6428571428571429,0.7200000000000001
random,N/A,rrg,0.7000000000000001,0.3,0.3,5,0.89,0.9125005,0.663265306122449,0.70828354,3.6379924198111766,4.5592113,57.09183673469388,0.8571428571428571,0.7959183673469388,0.8253968253968254
random,N/A,rrg,0.8,0.3,0.3,5,0.9166666666666666,0.93834597,0.7448979591836733,0.7944503,3.080832180000646,2.9722712,53.673469387755105,0.8842105263157894,0.8571428571428571,0.8704663212435233
random,N/A,rrg,0.9,0.3,0.3,5,0.9466666666666667,0.9588184,0.836734693877551,0.8627037,2.4552111529287233,2.64752,50.54081632653061,0.9361702127659575,0.8979591836734694,0.9166666666666666
random,N/A,rrg,1.0,0.3,0.3,5,0.9933333333333333,0.98317075,0.9795918367346937,0.9438926,1.5899927871534127,1.9554576,49.52040816326531,0.98,1.0,0.98989898989899
random,N/A,rrg,0.0,0.4,0.3,5,0.5833333333333334,0.60007733,0.0,0.0,11.771517223921192,18.637114,149.68,0.0,0.0,0.0
random,N/A,rrg,0.1,0.4,0.3,5,0.62,0.63728964,0.08799999999999991,0.093048766,9.659089459408506,15.93932,132.832,0.6774193548387096,0.168,0.2692307692307693
random,N/A,rrg,0.2,0.4,0.3,5,0.6466666666666666,0.68723965,0.1519999999999998,0.21794793,9.318988724693988,12.745424,121.632,0.7317073170731707,0.24,0.3614457831325301
random,N/A,rrg,0.30000000000000004,0.4,0.3,5,0.6666666666666666,0.7248322,0.19999999999999984,0.31194744,7.312558890422468,10.361428,104.792,0.6923076923076923,0.36,0.47368421052631576
random,N/A,rrg,0.4,0.4,0.3,5,0.7466666666666667,0.7680026,0.392,0.41989443,6.4614554286051025,9.710311,92.008,0.8024691358024691,0.52,0.6310679611650486
random,N/A,rrg,0.5,0.4,0.3,5,0.8033333333333333,0.8073114,0.528,0.5181854,5.122951424873497,7.199847,83.024,0.851063829787234,0.64,0.730593607305936
random,N/A,rrg,0.6000000000000001,0.4,0.3,5,0.8066666666666666,0.8527684,0.5359999999999999,0.6318499,4.690397862546933,5.8819237,79.92,0.8252427184466019,0.68,0.7456140350877193
random,N/A,rrg,0.7000000000000001,0.4,0.3,5,0.85,0.8865616,0.6399999999999999,0.71634907,3.812307561833824,4.140042,71.0,0.8508771929824561,0.776,0.8117154811715482
random,N/A,rrg,0.8,0.4,0.3,5,0.9033333333333333,0.92237145,0.7679999999999999,0.8058911,2.5077211179422334,3.1072094,67.976,0.875,0.896,0.8853754940711464
random,N/A,rrg,0.9,0.4,0.3,5,0.94,0.9562706,0.8559999999999999,0.8906553,2.1485116624315452,2.0181794,65.752,0.9349593495934959,0.92,0.9274193548387097
random,N/A,rrg,1.0,0.4,0.3,5,0.9833333333333333,0.9815212,0.9599999999999999,0.95379406,1.721470466333799,1.6218841,63.04,0.9615384615384616,1.0,0.9803921568627451
random,N/A,rrg,0.0,0.05,0.3,6,0.9633333333333334,0.949999,0.0,0.0,16.709432651174836,10.031475,136.8181818181818,0.0,0.0,0.0
random,N/A,rrg,0.1,0.05,0.3,6,0.9266666666666666,0.9408075,-1.000000000000003,-0.1838253,14.662648400449916,8.967969,104.0,0.07692307692307693,0.09090909090909091,0.08333333333333334
random,N/A,rrg,0.2,0.05,0.3,6,0.92,0.94671875,-1.1818181818181832,-0.0656031,12.087021231843849,7.184461,100.0,0.06666666666666667,0.09090909090909091,0.07692307692307691
random,N/A,rrg,0.30000000000000004,0.05,0.3,6,0.9266666666666666,0.9608246,-1.000000000000003,0.21650824,12.264939212393568,5.7738323,61.54545454545455,0.23809523809523808,0.45454545454545453,0.31249999999999994
random,N/A,rrg,0.4,0.05,0.3,6,0.9266666666666666,0.9557366,-1.000000000000003,0.1147497,9.435941813552533,4.9648237,33.90909090909091,0.2962962962962963,0.7272727272727273,0.42105263157894735
random,N/A,rrg,0.5,0.05,0.3,6,0.9366666666666666,0.9688934,-0.7272727272727297,0.37788093,6.0555733251586386,3.928191,26.90909090909091,0.3333333333333333,0.7272727272727273,0.4571428571428572
random,N/A,rrg,0.6000000000000001,0.05,0.3,6,0.9433333333333334,0.9769289,-0.5454545454545465,0.5385873,5.836970122526352,3.0063622,9.454545454545455,0.39285714285714285,1.0,0.5641025641025641
random,N/A,rrg,0.7000000000000001,0.05,0.3,6,0.97,0.981952,0.18181818181818016,0.6390476,3.9792004093982944,2.280707,6.181818181818182,0.55,1.0,0.7096774193548387
random,N/A,rrg,0.8,0.05,0.3,6,0.97,0.9823167,0.18181818181818016,0.6463407,4.2915173001650615,2.2299585,14.272727272727273,0.5714285714285714,0.7272727272727273,0.64
random,N/A,rrg,0.9,0.05,0.3,6,0.9766666666666667,0.98644584,0.36363636363636337,0.7289224,2.8126034006681078,1.9036007,8.363636363636363,0.625,0.9090909090909091,0.7407407407407406
random,N/A,rrg,1.0,0.05,0.3,6,0.9966666666666667,0.9893396,0.90909090909091,0.78679615,1.608338194293894,1.403927,6.0,0.9166666666666666,1.0,0.9565217391304348
random,N/A,rrg,0.0,0.1,0.3,6,0.8933333333333333,0.900001,0.0,0.0,25.77107736226986,15.701766,120.03125,0.0,0.0,0.0
random,N/A,rrg,0.1,0.1,0.3,6,0.8866666666666667,0.8945464,-0.06249999999999935,-0.05454654,17.367720206863446,13.735516,111.21875,0.42857142857142855,0.1875,0.26086956521739124
random,N/A,rrg,0.2,0.1,0.3,6,0.8766666666666667,0.90500283,-0.15624999999999942,0.050018925,15.940464315110972,10.403184,98.59375,0.391304347826087,0.28125,0.3272727272727273
random,N/A,rrg,0.30000000000000004,0.1,0.3,6,0.8833333333333333,0.91358316,-0.09375000000000007,0.13582304,11.939593395793024,8.611888,68.0625,0.4482758620689655,0.40625,0.4262295081967213
random,N/A,rrg,0.4,0.1,0.3,6,0.8933333333333333,0.9142673,0.0,0.14266454,10.356167119760682,7.526546,59.3125,0.5,0.53125,0.5151515151515151
random,N/A,rrg,0.5,0.1,0.3,6,0.9,0.9297127,0.06250000000000039,0.29712018,7.658326052335484,5.5405464,39.65625,0.525,0.65625,0.5833333333333334
random,N/A,rrg,0.6000000000000001,0.1,0.3,6,0.92,0.95596445,0.2500000000000005,0.5596401,6.829169891511694,3.7614253,27.84375,0.5952380952380952,0.78125,0.6756756756756757
random,N/A,rrg,0.7000000000000001,0.1,0.3,6,0.94,0.9581561,0.4374999999999996,0.581557,6.018209572695292,3.6994498,26.875,0.675,0.84375,0.75
random,N/A,rrg,0.8,0.1,0.3,6,0.96,0.96734184,0.6249999999999998,0.6734152,4.137912124645532,2.7154977,22.65625,0.7631578947368421,0.90625,0.8285714285714286
random,N/A,rrg,0.9,0.1,0.3,6,0.97,0.97413695,0.7187499999999998,0.7413669,2.8592863196320906,2.3873434,21.0,0.8484848484848485,0.875,0.8615384615384615
random,N/A,rrg,1.0,0.1,0.3,6,0.9966666666666667,0.98007405,0.9687500000000003,0.8007385,2.2342089578096695,1.9371473,16.5625,0.9696969696969697,1.0,0.9846153846153847
random,N/A,rrg,0.0,0.2,0.3,6,0.8066666666666666,0.8000143,0.0,0.0,21.895636971804866,20.356573,152.3448275862069,0.0,0.0,0.0
random,N/A,rrg,0.1,0.2,0.3,6,0.8366666666666667,0.80537707,0.15517241379310356,0.026815666,16.728362914412244,16.94687,119.27586206896552,0.8461538461538461,0.1896551724137931,0.30985915492957744
random,N/A,rrg,0.2,0.2,0.3,6,0.81,0.8191934,0.017241379310345223,0.09590239,12.446357516334873,13.189665,103.25862068965517,0.52,0.22413793103448276,0.3132530120481928
random,N/A,rrg,0.30000000000000004,0.2,0.3,6,0.82,0.8468919,0.06896551724137917,0.2344046,10.798100020745942,10.430724,87.29310344827586,0.5625,0.3103448275862069,0.4
random,N/A,rrg,0.4,0.2,0.3,6,0.8333333333333334,0.86413664,0.13793103448275892,0.32063454,7.457340937308551,8.1699705,66.01724137931035,0.5833333333333334,0.4827586206896552,0.5283018867924529
random,N/A,rrg,0.5,0.2,0.3,6,0.8866666666666667,0.88584614,0.4137931034482762,0.42918983,6.567474393651003,6.8673797,53.5,0.74,0.6379310344827587,0.6851851851851852
random,N/A,rrg,0.6000000000000001,0.2,0.3,6,0.8933333333333333,0.90682554,0.44827586206896547,0.53409433,5.298023249909683,5.46416,46.08620689655172,0.7166666666666667,0.7413793103448276,0.728813559322034
random,N/A,rrg,0.7000000000000001,0.2,0.3,6,0.92,0.9284157,0.5862068965517244,0.64205295,3.5418479988186635,4.157635,39.13793103448276,0.8148148148148148,0.7586206896551724,0.7857142857142857
random,N/A,rrg,0.8,0.2,0.3,6,0.9533333333333334,0.95114887,0.7586206896551726,0.7557269,3.3202358594306673,2.9007034,33.63793103448276,0.8666666666666667,0.896551724137931,0.8813559322033899
random,N/A,rrg,0.9,0.2,0.3,6,0.9766666666666667,0.9602035,0.8793103448275863,0.8010034,2.381578454368624,2.3511002,29.603448275862068,0.8923076923076924,1.0,0.9430894308943091
random,N/A,rrg,1.0,0.2,0.3,6,0.99,0.9748276,0.9482758620689655,0.87412894,1.7276369852730746,1.6171061,29.551724137931036,0.9508196721311475,1.0,0.9747899159663865
random,N/A,rrg,0.0,0.3,0.3,6,0.66,0.7000529,0.0,0.0,18.096874656978734,20.519194,155.07843137254903,0.0,0.0,0.0
random,N/A,rrg,0.1,0.3,0.3,6,0.7033333333333334,0.73117614,0.12745098039215688,0.10376237,14.226037324946777,15.717615,131.72549019607843,0.782608695652174,0.17647058823529413,0.28800000000000003
random,N/A,rrg,0.2,0.3,0.3,6,0.73,0.75936973,0.20588235294117635,0.1977576,10.741729931992511,12.972029,109.73529411764706,0.7333333333333333,0.3235294117647059,0.4489795918367347
random,N/A,rrg,0.30000000000000004,0.3,0.3,6,0.7833333333333333,0.7960658,0.3627450980392156,0.32009944,9.354262452390298,10.061225,89.00980392156863,0.8245614035087719,0.46078431372549017,0.5911949685534591
random,N/A,rrg,0.4,0.3,0.3,6,0.7933333333333333,0.8215913,0.392156862745098,0.40519947,7.662231472271736,8.319994,83.48039215686275,0.7941176470588235,0.5294117647058824,0.6352941176470589
random,N/A,rrg,0.5,0.3,0.3,6,0.82,0.86526847,0.4705882352941175,0.55081564,6.495811732832038,6.1634703,73.8529411764706,0.8157894736842105,0.6078431372549019,0.6966292134831461
random,N/A,rrg,0.6000000000000001,0.3,0.3,6,0.8533333333333334,0.89431965,0.5686274509803922,0.64767003,4.9826990247233125,4.818972,65.84313725490196,0.8536585365853658,0.6862745098039216,0.7608695652173912
random,N/A,rrg,0.7000000000000001,0.3,0.3,6,0.88,0.91013265,0.6470588235294118,0.7003893,3.860152088773848,3.8439827,62.77450980392157,0.8837209302325582,0.7450980392156863,0.8085106382978724
random,N/A,rrg,0.8,0.3,0.3,6,0.9233333333333333,0.93443483,0.7745098039215687,0.7814109,3.4860567743731963,2.9817817,56.31372549019608,0.9438202247191011,0.8235294117647058,0.8795811518324608
random,N/A,rrg,0.9,0.3,0.3,6,0.95,0.96594846,0.8529411764705881,0.88647485,1.6500971903475676,1.8531002,53.411764705882355,0.9306930693069307,0.9215686274509803,0.9261083743842364
random,N/A,rrg,1.0,0.3,0.3,6,0.9933333333333333,0.9844167,0.980392156862745,0.94804657,1.096836449306376,1.2469387,51.51960784313726,0.9807692307692307,1.0,0.9902912621359222
random,N/A,rrg,0.0,0.4,0.3,6,0.62,0.6000774,0.0,0.0,13.199295763057389,19.006872,140.73684210526315,0.0,0.0,0.0
random,N/A,rrg,0.1,0.4,0.3,6,0.6466666666666666,0.64039356,0.0701754385964911,0.10080992,10.419185297183198,15.10313,124.3859649122807,0.6666666666666666,0.14035087719298245,0.2318840579710145
random,N/A,rrg,0.2,0.4,0.3,6,0.7,0.6925332,0.2105263157894736,0.23118424,9.194996855363007,12.35989,112.70175438596492,0.75,0.3157894736842105,0.44444444444444436
random,N/A,rrg,0.30000000000000004,0.4,0.3,6,0.7466666666666667,0.73835975,0.3333333333333334,0.3457728,6.799851275267839,9.974341,95.02631578947368,0.796875,0.4473684210526316,0.5730337078651686
random,N/A,rrg,0.4,0.4,0.3,6,0.7533333333333333,0.7720814,0.35087719298245607,0.43009317,5.868282807103568,8.160902,88.10526315789474,0.7702702702702703,0.5,0.6063829787234043
random,N/A,rrg,0.5,0.4,0.3,6,0.7933333333333333,0.80786926,0.456140350877193,0.5195802,5.282265698620398,7.0986214,77.73684210526316,0.782608695652174,0.631578947368421,0.6990291262135923
random,N/A,rrg,0.6000000000000001,0.4,0.3,6,0.85,0.854767,0.6052631578947368,0.6368473,4.132494980167819,5.030664,69.28947368421052,0.8556701030927835,0.7280701754385965,0.7867298578199052
random,N/A,rrg,0.7000000000000001,0.4,0.3,6,0.89,0.8927278,0.7105263157894737,0.7317676,3.7811968892993386,4.4837933,64.89473684210526,0.8461538461538461,0.868421052631579,0.8571428571428572
random,N/A,rrg,0.8,0.4,0.3,6,0.92,0.9254941,0.7894736842105264,0.8136991,2.630535107711609,2.7299333,61.58771929824562,0.8947368421052632,0.8947368421052632,0.8947368421052632
random,N/A,rrg,0.9,0.4,0.3,6,0.9533333333333334,0.95988005,0.8771929824561404,0.89968073,2.06185237124174,1.984056,59.09649122807018,0.9166666666666666,0.9649122807017544,0.9401709401709402
random,N/A,rrg,1.0,0.4,0.3,6,0.99,0.9832307,0.9736842105263158,0.95806867,1.5065455541541084,1.3063959,57.50877192982456,0.9743589743589743,1.0,0.9870129870129869
random,N/A,rrg,0.0,0.05,0.3,7,0.9566666666666667,0.949999,0.0,0.0,18.781523490019527,9.906796,127.38461538461539,0.0,0.0,0.0
random,N/A,rrg,0.1,0.05,0.3,7,0.92,0.94678754,-0.8461538461538451,-0.064227454,17.111737073277425,8.81647,136.69230769230768,0.0,0.0,0.0
random,N/A,rrg,0.2,0.05,0.3,7,0.9166666666666666,0.9461939,-0.9230769230769239,-0.07610046,12.009783257223381,8.049613,92.46153846153847,0.16666666666666666,0.23076923076923078,0.1935483870967742
random,N/A,rrg,0.30000000000000004,0.05,0.3,7,0.92,0.9532836,-0.8461538461538451,0.065691315,12.683223406969486,6.588287,102.3076923076923,0.17647058823529413,0.23076923076923078,0.20000000000000004
random,N/A,rrg,0.4,0.05,0.3,7,0.94,0.96365976,-0.3846153846153858,0.27321017,9.711977280062275,4.9031477,49.23076923076923,0.3684210526315789,0.5384615384615384,0.4375
random,N/A,rrg,0.5,0.05,0.3,7,0.9433333333333334,0.96364766,-0.3076923076923071,0.27296817,7.627600478245713,3.9605973,33.76923076923077,0.4166666666666667,0.7692307692307693,0.5405405405405406
random,N/A,rrg,0.6000000000000001,0.05,0.3,7,0.9166666666666666,0.9691459,-0.9230769230769239,0.38293055,8.088821817831962,3.544561,31.923076923076923,0.2857142857142857,0.6153846153846154,0.3902439024390244
random,N/A,rrg,0.7000000000000001,0.05,0.3,7,0.9533333333333334,0.9778491,-0.07692307692307614,0.5569916,4.9349525307908,2.7642176,18.153846153846153,0.47368421052631576,0.6923076923076923,0.5625
random,N/A,rrg,0.8,0.05,0.3,7,0.9466666666666667,0.9833315,-0.23076923076923098,0.6666369,5.714640968354615,2.2021227,20.076923076923077,0.43478260869565216,0.7692307692307693,0.5555555555555555
random,N/A,rrg,0.9,0.05,0.3,7,0.98,0.98547983,0.5384615384615381,0.7096026,3.1755530289657146,1.8232508,7.923076923076923,0.7058823529411765,0.9230769230769231,0.8000000000000002
random,N/A,rrg,1.0,0.05,0.3,7,1.0,0.98803276,1.0,0.76066005,1.8326873438252762,1.6297446,7.0,1.0,1.0,1.0
random,N/A,rrg,0.0,0.1,0.3,7,0.9366666666666666,0.900001,0.0,0.0,17.48777131683289,15.69314,146.68421052631578,0.0,0.0,0.0
random,N/A,rrg,0.1,0.1,0.3,7,0.9333333333333333,0.9036727,-0.05263157894736787,0.036717422,14.725602683293994,12.777873,112.0,0.42857142857142855,0.15789473684210525,0.23076923076923078
random,N/A,rrg,0.2,0.1,0.3,7,0.93,0.8975114,-0.10526315789473574,-0.024895914,11.004532533336187,11.224474,72.84210526315789,0.45454545454545453,0.5263157894736842,0.4878048780487805
random,N/A,rrg,0.30000000000000004,0.1,0.3,7,0.9433333333333334,0.93581176,0.10526315789473749,0.35811123,9.478156335491311,7.5657372,48.68421052631579,0.55,0.5789473684210527,0.5641025641025641
random,N/A,rrg,0.4,0.1,0.3,7,0.93,0.93155944,-0.10526315789473574,0.31558767,8.700000317353116,6.9424853,43.1578947368421,0.4583333333333333,0.5789473684210527,0.5116279069767442
random,N/A,rrg,0.5,0.1,0.3,7,0.9433333333333334,0.95374054,0.10526315789473749,0.5374008,9.06427557139225,4.9598827,24.63157894736842,0.5357142857142857,0.7894736842105263,0.6382978723404255
random,N/A,rrg,0.6000000000000001,0.1,0.3,7,0.93,0.9639317,-0.10526315789473574,0.6393132,6.568277933969049,3.4579566,20.94736842105263,0.46875,0.7894736842105263,0.5882352941176471
random,N/A,rrg,0.7000000000000001,0.1,0.3,7,0.96,0.96431357,0.3684210526315786,0.64313215,5.83918676451935,3.696281,14.526315789473685,0.6296296296296297,0.8947368421052632,0.7391304347826088
random,N/A,rrg,0.8,0.1,0.3,7,0.97,0.9747514,0.526315789473684,0.7475116,3.867667688667193,2.4644794,10.157894736842104,0.6785714285714286,1.0,0.8085106382978724
random,N/A,rrg,0.9,0.1,0.3,7,0.9633333333333334,0.9778726,0.4210526315789482,0.7787239,3.566473242191966,1.9609329,11.631578947368421,0.6333333333333333,1.0,0.7755102040816326
random,N/A,rrg,1.0,0.1,0.3,7,0.9933333333333333,0.9836417,0.8947368421052625,0.83641523,2.303591865407708,1.6804246,10.0,0.9047619047619048,1.0,0.9500000000000001
random,N/A,rrg,0.0,0.2,0.3,7,0.7966666666666666,0.8000143,0.0,0.0,23.759854610024604,20.325209,156.2295081967213,0.0,0.0,0.0
random,N/A,rrg,0.1,0.2,0.3,7,0.81,0.80850303,0.06557377049180368,0.042446613,18.25895471250877,16.611866,128.39344262295083,0.6428571428571429,0.14754098360655737,0.24
random,N/A,rrg,0.2,0.2,0.3,7,0.82,0.8309638,0.11475409836065564,0.15475844,13.03513188895078,11.94785,105.93442622950819,0.6060606060606061,0.32786885245901637,0.42553191489361697
random,N/A,rrg,0.30000000000000004,0.2,0.3,7,0.8266666666666667,0.841658,0.14754098360655749,0.2082333,11.351066768830382,11.013314,82.93442622950819,0.6363636363636364,0.3442622950819672,0.4468085106382978
random,N/A,rrg,0.4,0.2,0.3,7,0.83,0.8677586,0.16393442622950813,0.33874553,10.269824523417574,8.504173,67.8688524590164,0.6086956521739131,0.45901639344262296,0.5233644859813085
random,N/A,rrg,0.5,0.2,0.3,7,0.8866666666666667,0.8920703,0.44262295081967246,0.46031284,7.026816595316833,6.9253125,54.885245901639344,0.7755102040816326,0.6229508196721312,0.6909090909090909
random,N/A,rrg,0.6000000000000001,0.2,0.3,7,0.9133333333333333,0.91629845,0.5737704918032788,0.58146226,5.933913447530361,5.4115667,46.34426229508197,0.7868852459016393,0.7868852459016393,0.7868852459016392
random,N/A,rrg,0.7000000000000001,0.2,0.3,7,0.9166666666666666,0.9283311,0.5901639344262294,0.64162976,4.76621234682974,4.561751,44.16393442622951,0.8,0.7868852459016393,0.7933884297520661
random,N/A,rrg,0.8,0.2,0.3,7,0.95,0.94290435,0.7540983606557375,0.7145013,3.249535030648152,3.2146559,36.721311475409834,0.8709677419354839,0.8852459016393442,0.8780487804878049
random,N/A,rrg,0.9,0.2,0.3,7,0.9666666666666667,0.96378094,0.8360655737704918,0.8188917,2.0654589850029828,2.3647087,34.295081967213115,0.8923076923076924,0.9508196721311475,0.9206349206349206
random,N/A,rrg,1.0,0.2,0.3,7,0.9866666666666667,0.9761853,0.9344262295081969,0.8809181,1.5250367033024574,1.7410955,31.081967213114755,0.9384615384615385,1.0,0.9682539682539683
random,N/A,rrg,0.0,0.3,0.3,7,0.6833333333333333,0.7000266,0.0,0.0,17.524676917730496,20.404648,155.7157894736842,0.0,0.0,0.0
random,N/A,rrg,0.1,0.3,0.3,7,0.72,0.7228144,0.1157894736842104,0.07596609,14.041052872880528,16.420328,124.16842105263157,0.7894736842105263,0.15789473684210525,0.2631578947368421
random,N/A,rrg,0.2,0.3,0.3,7,0.7566666666666667,0.76143646,0.23157894736842116,0.20471777,11.982203642606349,13.406519,117.3578947368421,0.8666666666666667,0.2736842105263158,0.41600000000000004
random,N/A,rrg,0.30000000000000004,0.3,0.3,7,0.8,0.7885021,0.36842105263157904,0.29494455,8.898001145240059,10.573967,87.94736842105263,0.8431372549019608,0.45263157894736844,0.589041095890411
random,N/A,rrg,0.4,0.3,0.3,7,0.8,0.82823545,0.36842105263157904,0.42740077,7.5281094698956865,7.621446,78.37894736842105,0.7868852459016393,0.5052631578947369,0.6153846153846153
random,N/A,rrg,0.5,0.3,0.3,7,0.8033333333333333,0.8604066,0.37894736842105264,0.53464735,6.579947034947134,5.9875774,74.81052631578947,0.75,0.5684210526315789,0.6467065868263473
random,N/A,rrg,0.6000000000000001,0.3,0.3,7,0.87,0.8807955,0.5894736842105263,0.60261637,4.021561620197299,4.8780427,62.04210526315789,0.8589743589743589,0.7052631578947368,0.7745664739884391
random,N/A,rrg,0.7000000000000001,0.3,0.3,7,0.93,0.9106828,0.7789473684210527,0.70224965,3.361301136322375,3.4782763,53.50526315789474,0.9302325581395349,0.8421052631578947,0.8839779005524862
random,N/A,rrg,0.8,0.3,0.3,7,0.9266666666666666,0.93890435,0.7684210526315789,0.7963298,2.791678592910202,2.4224741,51.44210526315789,0.8924731182795699,0.8736842105263158,0.8829787234042553
random,N/A,rrg,0.9,0.3,0.3,7,0.96,0.96566343,0.8736842105263156,0.88553464,2.26637916180222,1.6731005,50.10526315789474,0.9368421052631579,0.9368421052631579,0.9368421052631579
random,N/A,rrg,1.0,0.3,0.3,7,0.9933333333333333,0.98612946,0.9789473684210525,0.9537608,1.4685879119298302,1.3754221,48.084210526315786,0.979381443298969,1.0,0.9895833333333333
random,N/A,rrg,0.0,0.4,0.3,7,0.5833333333333334,0.6000774,0.0,0.0,12.828179080564636,19.017496,160.568,0.0,0.0,0.0
random,N/A,rrg,0.1,0.4,0.3,7,0.63,0.6481669,0.11199999999999993,0.12024703,10.54477630995292,15.145906,132.616,0.8181818181818182,0.144,0.24489795918367346
random,N/A,rrg,0.2,0.4,0.3,7,0.6766666666666666,0.68595195,0.22399999999999987,0.21472794,9.131798940830913,13.359435,117.896,0.8181818181818182,0.288,0.4260355029585799
random,N/A,rrg,0.30000000000000004,0.4,0.3,7,0.7233333333333334,0.73299366,0.3360000000000001,0.332355,7.298571163266588,10.233487,105.704,0.8,0.448,0.5743589743589744
random,N/A,rrg,0.4,0.4,0.3,7,0.7566666666666667,0.7735924,0.41600000000000004,0.4338715,6.444855725814048,7.913767,92.456,0.8611111111111112,0.496,0.6294416243654822
random,N/A,rrg,0.5,0.4,0.3,7,0.78,0.80869424,0.47200000000000003,0.52164304,5.690349323110751,6.620087,84.768,0.8641975308641975,0.56,0.6796116504854369
random,N/A,rrg,0.6000000000000001,0.4,0.3,7,0.8133333333333334,0.8447754,0.552,0.6118634,4.504994962196222,5.195178,78.68,0.8631578947368421,0.656,0.7454545454545454
random,N/A,rrg,0.7000000000000001,0.4,0.3,7,0.88,0.8855733,0.712,0.713878,3.164321689072968,3.8448906,69.952,0.908256880733945,0.792,0.8461538461538463
random,N/A,rrg,0.8,0.4,0.3,7,0.91,0.9244206,0.784,0.81101495,3.0476300759274593,3.0964756,67.592,0.9152542372881356,0.864,0.8888888888888888
random,N/A,rrg,0.9,0.4,0.3,7,0.9533333333333334,0.9521232,0.8880000000000001,0.8802849,2.219451001694355,2.3514743,64.256,0.9512195121951219,0.936,0.9435483870967742
random,N/A,rrg,1.0,0.4,0.3,7,0.9933333333333333,0.9825118,0.9839999999999999,0.9562711,1.7949184980730308,1.5382155,63.032,0.984251968503937,1.0,0.9920634920634921
random,N/A,rrg,0.0,0.05,0.3,8,0.9566666666666667,0.949999,0.0,0.0,19.653373158247593,9.956486,155.0,0.0,0.0,0.0
random,N/A,rrg,0.1,0.05,0.3,8,0.93,0.92984027,-0.6153846153846142,-0.4031659,14.279834994487421,10.702412,100.84615384615384,0.16666666666666666,0.15384615384615385,0.16
random,N/A,rrg,0.2,0.05,0.3,8,0.92,0.94919455,-0.8461538461538451,-0.016088156,14.583270198214917,7.737854,83.38461538461539,0.17647058823529413,0.23076923076923078,0.20000000000000004
random,N/A,rrg,0.30000000000000004,0.05,0.3,8,0.9166666666666666,0.9488145,-0.9230769230769239,-0.023688784,9.43281498545871,6.4046874,68.0,0.16666666666666666,0.23076923076923078,0.1935483870967742
random,N/A,rrg,0.4,0.05,0.3,8,0.9066666666666666,0.961532,-1.1538461538461549,0.23065571,10.555903824652093,5.40554,78.07692307692308,0.10526315789473684,0.15384615384615385,0.125
random,N/A,rrg,0.5,0.05,0.3,8,0.8866666666666667,0.9605202,-1.6153846153846143,0.21042034,6.658257383317504,4.403807,58.0,0.16129032258064516,0.38461538461538464,0.22727272727272727
random,N/A,rrg,0.6000000000000001,0.05,0.3,8,0.92,0.96564454,-0.8461538461538451,0.31290486,6.481303959041439,3.8962183,52.76923076923077,0.2608695652173913,0.46153846153846156,0.33333333333333337
random,N/A,rrg,0.7000000000000001,0.05,0.3,8,0.9566666666666667,0.97310203,0.0,0.4620517,6.668397638391052,3.0130937,31.23076923076923,0.5,0.6923076923076923,0.5806451612903226
random,N/A,rrg,0.8,0.05,0.3,8,0.9366666666666666,0.97252154,-0.46153846153846195,0.45044214,4.7615413917487395,2.2308843,24.23076923076923,0.38461538461538464,0.7692307692307693,0.5128205128205128
random,N/A,rrg,0.9,0.05,0.3,8,0.9633333333333334,0.97820985,0.15384615384615483,0.564206,3.2066082372795846,1.6614516,11.461538461538462,0.5454545454545454,0.9230769230769231,0.6857142857142856
random,N/A,rrg,1.0,0.05,0.3,8,0.9866666666666667,0.9815687,0.6923076923076928,0.63138145,2.2343253745756493,1.5720341,7.384615384615385,0.7647058823529411,1.0,0.8666666666666666
random,N/A,rrg,0.0,0.1,0.3,8,0.9133333333333333,0.900001,0.0,0.0,21.342858901027675,15.691175,133.15384615384616,0.0,0.0,0.0
random,N/A,rrg,0.1,0.1,0.3,8,0.9066666666666666,0.89702475,-0.07692307692307741,-0.029762682,17.136720091311613,13.644407,124.53846153846153,0.3333333333333333,0.07692307692307693,0.125
random,N/A,rrg,0.2,0.1,0.3,8,0.9,0.8961929,-0.15384615384615355,-0.038081188,11.043351447207973,11.4475765,82.23076923076923,0.4,0.3076923076923077,0.34782608695652173
random,N/A,rrg,0.30000000000000004,0.1,0.3,8,0.8833333333333333,0.91942495,-0.3461538461538464,0.19424154,11.280870713031327,7.915867,85.8076923076923,0.32,0.3076923076923077,0.3137254901960784
random,N/A,rrg,0.4,0.1,0.3,8,0.91,0.9370109,-0.03846153846153807,0.3701026,10.247825333328015,6.403483,41.69230769230769,0.4838709677419355,0.5769230769230769,0.5263157894736842
random,N/A,rrg,0.5,0.1,0.3,8,0.9033333333333333,0.9463631,-0.11538461538461549,0.4636256,8.28739682756355,4.7955527,42.57692307692308,0.45454545454545453,0.5769230769230769,0.5084745762711863
random,N/A,rrg,0.6000000000000001,0.1,0.3,8,0.9333333333333333,0.9473336,0.23076923076923098,0.47333053,6.926919458898933,4.1884265,21.153846153846153,0.5882352941176471,0.7692307692307693,0.6666666666666667
random,N/A,rrg,0.7000000000000001,0.1,0.3,8,0.9466666666666667,0.96099454,0.3846153846153845,0.60994154,5.222478130749041,3.633036,19.26923076923077,0.6470588235294118,0.8461538461538461,0.7333333333333334
random,N/A,rrg,0.8,0.1,0.3,8,0.9533333333333334,0.965533,0.46153846153846195,0.6553268,5.051908148125549,2.6227677,18.576923076923077,0.6666666666666666,0.9230769230769231,0.7741935483870968
random,N/A,rrg,0.9,0.1,0.3,8,0.9666666666666667,0.97429526,0.6153846153846155,0.74295,2.624178887285411,2.3168194,14.76923076923077,0.7352941176470589,0.9615384615384616,0.8333333333333333
random,N/A,rrg,1.0,0.1,0.3,8,0.99,0.97999346,0.8846153846153845,0.79993266,1.5962176618636488,1.4930264,13.653846153846153,0.896551724137931,1.0,0.9454545454545454
random,N/A,rrg,0.0,0.2,0.3,8,0.78,0.8000143,0.0,0.0,22.699092296622425,20.327127,151.87878787878788,0.0,0.0,0.0
random,N/A,rrg,0.1,0.2,0.3,8,0.8,0.81799304,0.090909090909091,0.08990008,17.235761126479137,15.847663,133.66666666666666,0.6875,0.16666666666666666,0.2682926829268293
random,N/A,rrg,0.2,0.2,0.3,8,0.7866666666666666,0.8268567,0.03030303030303,0.13422139,12.642069707143275,12.128354,95.4090909090909,0.5333333333333333,0.24242424242424243,0.3333333333333333
random,N/A,rrg,0.30000000000000004,0.2,0.3,8,0.79,0.84300435,0.0454545454545455,0.21496554,11.586069853017834,10.349224,90.36363636363636,0.5405405405405406,0.30303030303030304,0.38834951456310685
random,N/A,rrg,0.4,0.2,0.3,8,0.86,0.87661827,0.3636363636363635,0.38304716,7.795095215964223,7.4941235,70.25757575757575,0.74,0.5606060606060606,0.6379310344827586
random,N/A,rrg,0.5,0.2,0.3,8,0.8533333333333334,0.8888387,0.3333333333333335,0.44415376,6.081106425087027,6.956001,56.18181818181818,0.6833333333333333,0.6212121212121212,0.6507936507936507
random,N/A,rrg,0.6000000000000001,0.2,0.3,8,0.89,0.9127653,0.5,0.5637954,5.160544348576332,5.1610665,50.43939393939394,0.7796610169491526,0.696969696969697,0.7360000000000001
random,N/A,rrg,0.7000000000000001,0.2,0.3,8,0.9233333333333333,0.9279402,0.6515151515151515,0.63967514,3.889870546644031,4.193033,44.03030303030303,0.8412698412698413,0.803030303030303,0.8217054263565892
random,N/A,rrg,0.8,0.2,0.3,8,0.9233333333333333,0.94576925,0.6515151515151515,0.7288268,2.821841520020482,3.07983,40.10606060606061,0.8028169014084507,0.8636363636363636,0.832116788321168
random,N/A,rrg,0.9,0.2,0.3,8,0.9566666666666667,0.9617878,0.803030303030303,0.80892545,2.397992921748174,2.7017925,36.65151515151515,0.9076923076923077,0.8939393939393939,0.900763358778626
random,N/A,rrg,1.0,0.2,0.3,8,0.9833333333333333,0.9814557,0.924242424242424,0.9072718,1.4035511419308173,1.9630332,34.0,0.9295774647887324,1.0,0.9635036496350364
random,N/A,rrg,0.0,0.3,0.3,8,0.71,0.7000529,0.0,0.0,16.036057800912147,20.449257,145.90804597701148,0.0,0.0,0.0
random,N/A,rrg,0.1,0.3,0.3,8,0.72,0.72751963,0.03448275862068968,0.09157187,12.010222290066242,15.867457,119.45977011494253,0.5555555555555556,0.1724137931034483,0.26315789473684215
random,N/A,rrg,0.2,0.3,0.3,8,0.73,0.75067466,0.06896551724137936,0.16876893,9.869214625982531,12.971087,107.7816091954023,0.5652173913043478,0.2988505747126437,0.3909774436090226
random,N/A,rrg,0.30000000000000004,0.3,0.3,8,0.7666666666666667,0.78587675,0.195402298850575,0.28612992,7.318193744446451,11.03198,88.17241379310344,0.660377358490566,0.40229885057471265,0.5
random,N/A,rrg,0.4,0.3,0.3,8,0.8033333333333333,0.82000256,0.3218390804597702,0.39990267,7.518544255742611,8.92911,77.01149425287356,0.7592592592592593,0.47126436781609193,0.5815602836879432
random,N/A,rrg,0.5,0.3,0.3,8,0.8233333333333334,0.857641,0.3908045977011496,0.5253862,5.613570889367875,6.3274965,69.17241379310344,0.75,0.5862068965517241,0.6580645161290322
random,N/A,rrg,0.6000000000000001,0.3,0.3,8,0.8533333333333334,0.88780475,0.4942528735632186,0.62594986,4.896796685447996,4.648669,60.67816091954023,0.7945205479452054,0.6666666666666666,0.725
random,N/A,rrg,0.7000000000000001,0.3,0.3,8,0.8966666666666666,0.90591115,0.6436781609195401,0.6863152,3.8667874073425024,4.1145387,54.12643678160919,0.8414634146341463,0.7931034482758621,0.8165680473372782
random,N/A,rrg,0.8,0.3,0.3,8,0.9233333333333333,0.93033284,0.7356321839080461,0.7677352,3.2525202564464877,2.9772294,49.701149425287355,0.9102564102564102,0.8160919540229885,0.8606060606060606
random,N/A,rrg,0.9,0.3,0.3,8,0.9633333333333334,0.9597937,0.8735632183908048,0.8659553,2.528055919437577,2.1922944,46.37931034482759,0.9130434782608695,0.9655172413793104,0.9385474860335196
random,N/A,rrg,1.0,0.3,0.3,8,0.9866666666666667,0.97815573,0.9540229885057472,0.9271729,1.5332632542038058,1.5806756,44.32183908045977,0.9560439560439561,1.0,0.9775280898876404
random,N/A,rrg,0.0,0.4,0.3,8,0.5666666666666667,0.6000774,0.0,0.0,12.656030862630004,18.924059,137.90769230769232,0.0,0.0,0.0
random,N/A,rrg,0.1,0.4,0.3,8,0.59,0.64501894,0.05384615384615381,0.1123756,10.409334443070936,15.59083,126.58461538461539,0.6521739130434783,0.11538461538461539,0.19607843137254902
random,N/A,rrg,0.2,0.4,0.3,8,0.6833333333333333,0.67611516,0.2692307692307693,0.1901312,8.892430137527647,13.416163,111.83846153846154,0.8431372549019608,0.33076923076923076,0.47513812154696133
random,N/A,rrg,0.30000000000000004,0.4,0.3,8,0.73,0.7244736,0.3769230769230769,0.31105068,7.00245150877056,10.2563505,94.52307692307693,0.8266666666666667,0.47692307692307695,0.6048780487804878
random,N/A,rrg,0.4,0.4,0.3,8,0.72,0.77471995,0.3538461538461538,0.4366909,6.6568045012744195,8.67084,94.23846153846154,0.7804878048780488,0.49230769230769234,0.6037735849056605
random,N/A,rrg,0.5,0.4,0.3,8,0.74,0.80655825,0.4,0.51630205,5.346619530142229,7.012806,87.91538461538461,0.7708333333333334,0.5692307692307692,0.6548672566371682
random,N/A,rrg,0.6000000000000001,0.4,0.3,8,0.7966666666666666,0.8500124,0.5307692307692307,0.6249585,4.751295242708907,5.6363144,82.82307692307693,0.8349514563106796,0.6615384615384615,0.7381974248927039
random,N/A,rrg,0.7000000000000001,0.4,0.3,8,0.88,0.8739366,0.7230769230769231,0.6847805,3.8578892405645546,4.6089363,74.13846153846154,0.9433962264150944,0.7692307692307693,0.847457627118644
random,N/A,rrg,0.8,0.4,0.3,8,0.8833333333333333,0.9214872,0.7307692307692307,0.80368006,2.61423657881989,2.9222143,71.02307692307693,0.8925619834710744,0.8307692307692308,0.8605577689243028
random,N/A,rrg,0.9,0.4,0.3,8,0.94,0.94177836,0.8615384615384615,0.85441774,2.374445484217808,2.5508413,66.99230769230769,0.9444444444444444,0.9153846153846154,0.9296874999999999
random,N/A,rrg,1.0,0.4,0.3,8,0.98,0.98006976,0.9538461538461538,0.95016474,1.5369920275075488,1.4557377,65.5,0.9558823529411765,1.0,0.9774436090225563
random,N/A,rrg,0.0,0.05,0.3,9,0.94,0.949999,0.0,0.0,24.57777791877585,9.944653,136.94444444444446,0.0,0.0,0.0
random,N/A,rrg,0.1,0.05,0.3,9,0.9033333333333333,0.9397622,-0.6111111111111098,-0.20473179,18.36846509918385,8.811337,93.16666666666667,0.21052631578947367,0.2222222222222222,0.21621621621621623
random,N/A,rrg,0.2,0.05,0.3,9,0.91,0.94655925,-0.49999999999999817,-0.06879308,17.412996257996227,7.654729,92.72222222222223,0.2631578947368421,0.2777777777777778,0.27027027027027023
random,N/A,rrg,0.30000000000000004,0.05,0.3,9,0.9066666666666666,0.949246,-0.5555555555555549,-0.0150594,15.127525994555672,6.5581846,93.5,0.25,0.2777777777777778,0.2631578947368421
random,N/A,rrg,0.4,0.05,0.3,9,0.8966666666666666,0.9506113,-0.7222222222222217,0.012246119,9.931467113051761,5.623123,69.0,0.27586206896551724,0.4444444444444444,0.3404255319148936
random,N/A,rrg,0.5,0.05,0.3,9,0.93,0.9573179,-0.16666666666666483,0.14637528,7.607542609616412,4.5738387,36.05555555555556,0.42105263157894735,0.4444444444444444,0.43243243243243246
random,N/A,rrg,0.6000000000000001,0.05,0.3,9,0.9233333333333333,0.96692747,-0.27777777777777657,0.33856294,6.5682404245901065,3.8404777,30.055555555555557,0.41379310344827586,0.6666666666666666,0.5106382978723404
random,N/A,rrg,0.7000000000000001,0.05,0.3,9,0.95,0.9688676,0.16666666666666666,0.37736475,6.597026544523219,3.219301,17.666666666666668,0.56,0.7777777777777778,0.6511627906976745
random,N/A,rrg,0.8,0.05,0.3,9,0.95,0.9748424,0.16666666666666666,0.4968589,5.09793547320338,2.3053741,26.666666666666668,0.56,0.7777777777777778,0.6511627906976745
random,N/A,rrg,0.9,0.05,0.3,9,0.98,0.9791289,0.6666666666666666,0.5825865,2.8403230285123855,2.3371089,11.5,0.7727272727272727,0.9444444444444444,0.85
random,N/A,rrg,1.0,0.05,0.3,9,0.9966666666666667,0.97936505,0.9444444444444451,0.5873095,1.9284954695528123,2.0690665,9.5,0.9473684210526315,1.0,0.972972972972973
random,N/A,rrg,0.0,0.1,0.3,9,0.92,0.900001,0.0,0.0,22.59140454636178,15.682689,150.25,0.0,0.0,0.0
random,N/A,rrg,0.1,0.1,0.3,9,0.9033333333333333,0.89195025,-0.2083333333333341,-0.080508195,17.307272296132137,13.970853,115.04166666666667,0.2727272727272727,0.125,0.17142857142857143
random,N/A,rrg,0.2,0.1,0.3,9,0.9,0.8936799,-0.25000000000000033,-0.06321135,15.646294740194499,11.615449,95.08333333333333,0.3125,0.20833333333333334,0.25
random,N/A,rrg,0.30000000000000004,0.1,0.3,9,0.9033333333333333,0.9120056,-0.2083333333333341,0.12004732,10.425280919636094,9.19789,66.20833333333333,0.4,0.4166666666666667,0.4081632653061225
random,N/A,rrg,0.4,0.1,0.3,9,0.9033333333333333,0.9323326,-0.2083333333333341,0.32331905,10.201751938863042,6.5155516,51.25,0.42424242424242425,0.5833333333333334,0.4912280701754386
random,N/A,rrg,0.5,0.1,0.3,9,0.9066666666666666,0.9252604,-0.16666666666666782,0.25259686,6.556150116443126,6.231215,45.625,0.42857142857142855,0.5,0.4615384615384615
random,N/A,rrg,0.6000000000000001,0.1,0.3,9,0.9166666666666666,0.95367503,-0.04166666666666765,0.5367457,7.051957554703902,4.3785295,25.5,0.4864864864864865,0.75,0.5901639344262296
random,N/A,rrg,0.7000000000000001,0.1,0.3,9,0.9433333333333334,0.96171486,0.29166666666666663,0.6171448,4.595544754827357,3.5327132,25.041666666666668,0.6129032258064516,0.7916666666666666,0.6909090909090909
random,N/A,rrg,0.8,0.1,0.3,9,0.9766666666666667,0.96027637,0.7083333333333334,0.6027597,3.2836287885492674,3.3355453,14.041666666666666,0.7931034482758621,0.9583333333333334,0.8679245283018867
random,N/A,rrg,0.9,0.1,0.3,9,0.9733333333333334,0.9752598,0.6666666666666672,0.75259537,2.441765124324935,2.3485198,13.458333333333334,0.75,1.0,0.8571428571428571
random,N/A,rrg,1.0,0.1,0.3,9,0.99,0.9798105,0.8749999999999998,0.79810274,1.4779306959517184,2.337833,12.875,0.8888888888888888,1.0,0.9411764705882353
random,N/A,rrg,0.0,0.2,0.3,9,0.8033333333333333,0.8000143,0.0,0.0,22.57602352205471,20.367704,148.4915254237288,0.0,0.0,0.0
random,N/A,rrg,0.1,0.2,0.3,9,0.8066666666666666,0.8122391,0.016949152542372708,0.061128344,16.73587674071444,16.52398,123.62711864406779,0.5454545454545454,0.1016949152542373,0.17142857142857146
random,N/A,rrg,0.2,0.2,0.3,9,0.84,0.82752967,0.1864406779661015,0.13758661,13.901361467180742,13.91542,93.45762711864407,0.72,0.3050847457627119,0.42857142857142855
random,N/A,rrg,0.30000000000000004,0.2,0.3,9,0.84,0.8401607,0.1864406779661015,0.20074642,11.71040427401972,11.115384,83.20338983050847,0.6774193548387096,0.3559322033898305,0.4666666666666666
random,N/A,rrg,0.4,0.2,0.3,9,0.8666666666666667,0.8658945,0.3220338983050849,0.32942447,9.590244146515088,8.649195,65.35593220338983,0.7021276595744681,0.559322033898305,0.6226415094339622
random,N/A,rrg,0.5,0.2,0.3,9,0.8666666666666667,0.89937377,0.3220338983050849,0.49683282,8.000996474005806,5.9817233,55.49152542372882,0.6862745098039216,0.5932203389830508,0.6363636363636364
random,N/A,rrg,0.6000000000000001,0.2,0.3,9,0.8866666666666667,0.9244333,0.42372881355932224,0.6221394,7.178812052567996,4.5943594,44.74576271186441,0.6984126984126984,0.7457627118644068,0.7213114754098361
random,N/A,rrg,0.7000000000000001,0.2,0.3,9,0.92,0.93686384,0.593220338983051,0.6842966,4.640181791995005,4.364589,38.69491525423729,0.7692307692307693,0.847457627118644,0.8064516129032259
random,N/A,rrg,0.8,0.2,0.3,9,0.9433333333333334,0.9434865,0.7118644067796611,0.71741235,3.8459869470604233,3.3344638,37.79661016949152,0.85,0.864406779661017,0.8571428571428572
random,N/A,rrg,0.9,0.2,0.3,9,0.9466666666666667,0.9574278,0.7288135593220338,0.78712374,2.889410430807322,2.3873258,34.30508474576271,0.864406779661017,0.864406779661017,0.864406779661017
random,N/A,rrg,1.0,0.2,0.3,9,0.99,0.97666067,0.9491525423728813,0.883295,1.9071901802809565,1.6856776,30.0,0.9516129032258065,1.0,0.9752066115702479
random,N/A,rrg,0.0,0.3,0.3,9,0.72,0.7000529,0.0,0.0,17.553061091898968,20.556559,146.45238095238096,0.0,0.0,0.0
random,N/A,rrg,0.1,0.3,0.3,9,0.7366666666666667,0.7153975,0.0595238095238097,0.051157556,14.019528801161409,17.36949,131.71428571428572,0.6190476190476191,0.15476190476190477,0.24761904761904763
random,N/A,rrg,0.2,0.3,0.3,9,0.7266666666666667,0.75959384,0.02380952380952396,0.19850478,9.831523812455949,12.480618,108.78571428571429,0.525,0.25,0.33870967741935487
random,N/A,rrg,0.30000000000000004,0.3,0.3,9,0.8066666666666666,0.79198444,0.3095238095238095,0.30649248,9.779426070652727,10.378305,96.57142857142857,0.8095238095238095,0.40476190476190477,0.5396825396825397
random,N/A,rrg,0.4,0.3,0.3,9,0.8,0.81402814,0.2857142857142859,0.37998444,8.166419996023038,9.143384,76.57142857142857,0.6935483870967742,0.5119047619047619,0.589041095890411
random,N/A,rrg,0.5,0.3,0.3,9,0.8233333333333334,0.8474432,0.36904761904761924,0.4913877,5.038715284373052,6.0019007,66.38095238095238,0.7123287671232876,0.6190476190476191,0.6624203821656051
random,N/A,rrg,0.6000000000000001,0.3,0.3,9,0.87,0.88017184,0.5357142857142857,0.6005023,5.381462549651081,5.753561,56.5,0.7848101265822784,0.7380952380952381,0.7607361963190185
random,N/A,rrg,0.7000000000000001,0.3,0.3,9,0.89,0.9066791,0.6071428571428572,0.68887544,4.116623268200609,4.2686496,51.083333333333336,0.8493150684931506,0.7380952380952381,0.7898089171974523
random,N/A,rrg,0.8,0.3,0.3,9,0.9433333333333334,0.93649995,0.7976190476190477,0.7882958,3.5195231573064842,3.3650033,46.82142857142857,0.9466666666666667,0.8452380952380952,0.8930817610062893
random,N/A,rrg,0.9,0.3,0.3,9,0.9433333333333334,0.96125877,0.7976190476190477,0.8708398,1.9525450448614636,2.009296,44.404761904761905,0.8850574712643678,0.9166666666666666,0.9005847953216374
random,N/A,rrg,1.0,0.3,0.3,9,0.9933333333333333,0.98060834,0.976190476190476,0.93534976,1.710667608153153,1.7095956,42.57142857142857,0.9767441860465116,1.0,0.988235294117647
random,N/A,rrg,0.0,0.4,0.3,9,0.57,0.60007733,0.0,0.0,12.662073331290173,18.924961,146.27906976744185,0.0,0.0,0.0
random,N/A,rrg,0.1,0.4,0.3,9,0.6166666666666667,0.64030254,0.1085271317829459,0.100582466,10.747028808543591,15.715896,124.96124031007751,0.7692307692307693,0.15503875968992248,0.25806451612903225
random,N/A,rrg,0.2,0.4,0.3,9,0.66,0.68577087,0.2093023255813955,0.21427527,8.298528793979004,11.855896,120.25581395348837,0.7755102040816326,0.29457364341085274,0.42696629213483145
random,N/A,rrg,0.30000000000000004,0.4,0.3,9,0.6966666666666667,0.7176956,0.2945736434108528,0.29410252,6.762565651549625,10.781683,100.64341085271317,0.75,0.4418604651162791,0.5560975609756098
random,N/A,rrg,0.4,0.4,0.3,9,0.71,0.76782334,0.3255813953488372,0.4194461,5.6744058979756025,7.7981324,98.26356589147287,0.7441860465116279,0.49612403100775193,0.5953488372093023
random,N/A,rrg,0.5,0.4,0.3,9,0.79,0.807976,0.5116279069767443,0.5198472,4.794780658216229,6.612259,84.46511627906976,0.8586956521739131,0.6124031007751938,0.7149321266968326
random,N/A,rrg,0.6000000000000001,0.4,0.3,9,0.84,0.8452575,0.627906976744186,0.613069,3.912399778849918,5.4073133,76.67441860465117,0.8785046728971962,0.7286821705426356,0.7966101694915255
random,N/A,rrg,0.7000000000000001,0.4,0.3,9,0.85,0.886865,0.6511627906976744,0.71710783,2.854838570680882,3.6114175,73.98449612403101,0.8620689655172413,0.7751937984496124,0.8163265306122449
random,N/A,rrg,0.8,0.4,0.3,9,0.9133333333333333,0.923999,0.7984496124031008,0.8099608,2.4747820036560015,2.7637317,69.76744186046511,0.8872180451127819,0.9147286821705426,0.9007633587786259
random,N/A,rrg,0.9,0.4,0.3,9,0.9533333333333334,0.95172954,0.8914728682170544,0.87930053,2.223952457833762,2.2271817,66.02325581395348,0.9457364341085271,0.9457364341085271,0.945736434108527
random,N/A,rrg,1.0,0.4,0.3,9,0.98,0.985765,0.9534883720930232,0.9644056,1.352633349828743,1.3457372,65.03875968992249,0.9555555555555556,1.0,0.9772727272727273
deg_centrality,N/A,rrg,0.0,0.05,0.3,0,0.9366666666666666,0.949999,0.0,0.0,25.532178576047723,9.940952,125.21052631578948,0.0,0.0,0.0
deg_centrality,N/A,rrg,0.1,0.05,0.3,0,0.91,0.9428011,-0.42105263157894646,-0.14395419,16.735987044018675,9.185146,131.05263157894737,0.16666666666666666,0.10526315789473684,0.12903225806451615
deg_centrality,N/A,rrg,0.2,0.05,0.3,0,0.9033333333333333,0.92716146,-0.526315789473684,-0.45674103,13.170053369517769,9.386576,94.3157894736842,0.2222222222222222,0.21052631578947367,0.21621621621621623
deg_centrality,N/A,rrg,0.30000000000000004,0.05,0.3,0,0.91,0.9381508,-0.42105263157894646,-0.23695818,11.883987377198611,7.7006574,74.47368421052632,0.3333333333333333,0.42105263157894735,0.372093023255814
deg_centrality,N/A,rrg,0.4,0.05,0.3,0,0.9233333333333333,0.95781004,-0.21052631578947323,0.15621819,10.483186394512934,5.5697174,54.78947368421053,0.4090909090909091,0.47368421052631576,0.43902439024390244
deg_centrality,N/A,rrg,0.5,0.05,0.3,0,0.9,0.963951,-0.5789473684210518,0.2790346,8.585427173230853,4.0110683,52.26315789473684,0.2962962962962963,0.42105263157894735,0.34782608695652173
deg_centrality,N/A,rrg,0.6000000000000001,0.05,0.3,0,0.9266666666666666,0.9693988,-0.15789473684210537,0.38798848,6.527886888182188,3.3541212,33.31578947368421,0.4482758620689655,0.6842105263157895,0.5416666666666666
deg_centrality,N/A,rrg,0.7000000000000001,0.05,0.3,0,0.9433333333333334,0.966757,0.10526315789473749,0.3351536,5.444542912533702,3.9276726,40.73684210526316,0.5555555555555556,0.5263157894736842,0.5405405405405405
deg_centrality,N/A,rrg,0.8,0.05,0.3,0,0.9566666666666667,0.97923034,0.31578947368421073,0.5846154,4.660687290391187,2.4827046,14.157894736842104,0.6071428571428571,0.8947368421052632,0.7234042553191489
deg_centrality,N/A,rrg,0.9,0.05,0.3,0,0.9866666666666667,0.97993857,0.7894736842105268,0.59877956,2.048348328579182,2.3538973,14.947368421052632,0.8571428571428571,0.9473684210526315,0.9
deg_centrality,N/A,rrg,1.0,0.05,0.3,0,0.9966666666666667,0.98345643,0.9473684210526321,0.66913545,1.4725608738310574,1.8665869,10.0,0.95,1.0,0.9743589743589743
deg_centrality,N/A,rrg,0.0,0.1,0.3,0,0.9133333333333333,0.900001,0.0,0.0,21.47661357278609,15.697728,164.65384615384616,0.0,0.0,0.0
deg_centrality,N/A,rrg,0.1,0.1,0.3,0,0.89,0.90484864,-0.26923076923076905,0.04847694,17.10680739463578,12.16501,136.3846153846154,0.26666666666666666,0.15384615384615385,0.1951219512195122
deg_centrality,N/A,rrg,0.2,0.1,0.3,0,0.9366666666666666,0.9100057,0.26923076923076905,0.10004798,12.313239218576943,11.021082,65.92307692307692,0.7333333333333333,0.4230769230769231,0.5365853658536585
deg_centrality,N/A,rrg,0.30000000000000004,0.1,0.3,0,0.8933333333333333,0.9038375,-0.23076923076923098,0.038365506,10.529893375755503,9.283,63.42307692307692,0.36363636363636365,0.3076923076923077,0.33333333333333337
deg_centrality,N/A,rrg,0.4,0.1,0.3,0,0.9166666666666666,0.93368775,0.03846153846153807,0.3368709,9.858168740522189,6.5467286,40.15384615384615,0.5142857142857142,0.6923076923076923,0.5901639344262295
deg_centrality,N/A,rrg,0.5,0.1,0.3,0,0.9366666666666666,0.94111574,0.26923076923076905,0.41115156,8.640090028500413,6.13046,27.46153846153846,0.6129032258064516,0.7307692307692307,0.6666666666666667
deg_centrality,N/A,rrg,0.6000000000000001,0.1,0.3,0,0.9433333333333334,0.9585488,0.3461538461538464,0.58548373,5.574457797245528,3.7924178,24.923076923076923,0.6451612903225806,0.7692307692307693,0.7017543859649122
deg_centrality,N/A,rrg,0.7000000000000001,0.1,0.3,0,0.9466666666666667,0.965549,0.3846153846153845,0.6554865,4.5336462807405145,2.860844,20.46153846153846,0.65625,0.8076923076923077,0.7241379310344829
deg_centrality,N/A,rrg,0.8,0.1,0.3,0,0.9333333333333333,0.9760027,0.23076923076923098,0.76002455,5.131598834983432,2.3892245,20.153846153846153,0.5833333333333334,0.8076923076923077,0.6774193548387097
deg_centrality,N/A,rrg,0.9,0.1,0.3,0,0.9733333333333334,0.9797166,0.6923076923076928,0.79716396,3.103516468435254,1.9580562,14.576923076923077,0.78125,0.9615384615384616,0.8620689655172413
deg_centrality,N/A,rrg,1.0,0.1,0.3,0,1.0,0.98446196,1.0,0.8446181,1.3495335994650524,1.7883447,13.5,1.0,1.0,1.0
deg_centrality,N/A,rrg,0.0,0.2,0.3,0,0.8233333333333334,0.8000143,0.0,0.0,21.188054955957664,20.303047,142.71698113207546,0.0,0.0,0.0
deg_centrality,N/A,rrg,0.1,0.2,0.3,0,0.8266666666666667,0.81753916,0.0188679245283017,0.087630466,14.963144419009955,15.448001,115.9622641509434,0.5294117647058824,0.16981132075471697,0.2571428571428572
deg_centrality,N/A,rrg,0.2,0.2,0.3,0,0.8533333333333334,0.8283218,0.16981132075471717,0.14154762,11.634153623579422,12.891281,92.0,0.6451612903225806,0.37735849056603776,0.4761904761904762
deg_centrality,N/A,rrg,0.30000000000000004,0.2,0.3,0,0.8466666666666667,0.85416603,0.13207547169811312,0.27077794,10.93704786603697,10.679867,83.0754716981132,0.6,0.39622641509433965,0.4772727272727273
deg_centrality,N/A,rrg,0.4,0.2,0.3,0,0.86,0.87438375,0.20754716981132054,0.37187377,9.109080005371867,8.651504,62.886792452830186,0.6486486486486487,0.4528301886792453,0.5333333333333334
deg_centrality,N/A,rrg,0.5,0.2,0.3,0,0.88,0.9001817,0.320754716981132,0.50087285,6.987521664170466,6.4149227,56.41509433962264,0.6808510638297872,0.6037735849056604,0.64
deg_centrality,N/A,rrg,0.6000000000000001,0.2,0.3,0,0.9033333333333333,0.92490155,0.4528301886792451,0.62448084,5.72275743260801,5.234977,43.320754716981135,0.74,0.6981132075471698,0.7184466019417476
deg_centrality,N/A,rrg,0.7000000000000001,0.2,0.3,0,0.9366666666666666,0.9277846,0.641509433962264,0.63889724,3.813798262414263,4.367959,36.339622641509436,0.8148148148148148,0.8301886792452831,0.8224299065420562
deg_centrality,N/A,rrg,0.8,0.2,0.3,0,0.9333333333333333,0.95465004,0.6226415094339622,0.773234,3.8578334789037765,3.2665331,31.28301886792453,0.7796610169491526,0.8679245283018868,0.8214285714285715
deg_centrality,N/A,rrg,0.9,0.2,0.3,0,0.9633333333333334,0.9690634,0.7924528301886794,0.8453059,2.5493787488531656,2.4209745,29.20754716981132,0.875,0.9245283018867925,0.8990825688073395
deg_centrality,N/A,rrg,1.0,0.2,0.3,0,0.9766666666666667,0.9812075,0.8679245283018868,0.9060307,1.5028636835457394,1.8550841,27.11320754716981,0.8833333333333333,1.0,0.9380530973451328
deg_centrality,N/A,rrg,0.0,0.3,0.3,0,0.7033333333333334,0.7000266,0.0,0.0,16.431701036317698,20.341728,173.06741573033707,0.0,0.0,0.0
deg_centrality,N/A,rrg,0.1,0.3,0.3,0,0.7066666666666667,0.72825205,0.011235955056179662,0.09409327,13.060715243678654,15.987155,134.7865168539326,0.5217391304347826,0.1348314606741573,0.21428571428571427
deg_centrality,N/A,rrg,0.2,0.3,0.3,0,0.7733333333333333,0.7656912,0.23595505617977514,0.21890154,9.421494040216833,11.901154,98.74157303370787,0.7837837837837838,0.3258426966292135,0.4603174603174603
deg_centrality,N/A,rrg,0.30000000000000004,0.3,0.3,0,0.76,0.79704213,0.19101123595505612,0.32341385,8.923528769497185,9.571632,96.9438202247191,0.673469387755102,0.3707865168539326,0.47826086956521746
deg_centrality,N/A,rrg,0.4,0.3,0.3,0,0.8033333333333333,0.8304989,0.3370786516853932,0.4349462,6.394562852870516,7.3426733,78.96629213483146,0.734375,0.5280898876404494,0.6143790849673203
deg_centrality,N/A,rrg,0.5,0.3,0.3,0,0.8466666666666667,0.8572042,0.4831460674157303,0.52397186,5.654820947711919,5.9664764,65.61797752808988,0.8115942028985508,0.6292134831460674,0.708860759493671
deg_centrality,N/A,rrg,0.6000000000000001,0.3,0.3,0,0.88,0.8818628,0.5955056179775281,0.6061745,4.170258660673046,4.753514,58.41573033707865,0.8533333333333334,0.7191011235955056,0.7804878048780487
deg_centrality,N/A,rrg,0.7000000000000001,0.3,0.3,0,0.91,0.9180672,0.6966292134831461,0.72686654,3.087448652691485,3.4058824,51.853932584269664,0.8780487804878049,0.8089887640449438,0.8421052631578947
deg_centrality,N/A,rrg,0.8,0.3,0.3,0,0.93,0.9334521,0.7640449438202248,0.77815413,2.1137259279902154,2.9168699,49.752808988764045,0.9146341463414634,0.8426966292134831,0.8771929824561403
deg_centrality,N/A,rrg,0.9,0.3,0.3,0,0.9566666666666667,0.9603644,0.8539325842696629,0.8678696,1.619447164082333,1.8845221,47.02247191011236,0.9130434782608695,0.9438202247191011,0.9281767955801105
deg_centrality,N/A,rrg,1.0,0.3,0.3,0,0.99,0.9811617,0.9662921348314606,0.9372001,0.9802404524706684,1.4286257,45.0,0.967391304347826,1.0,0.9834254143646408
deg_centrality,N/A,rrg,0.0,0.4,0.3,0,0.5966666666666667,0.60007733,0.0,0.0,13.311052336975063,19.013441,149.4793388429752,0.0,0.0,0.0
deg_centrality,N/A,rrg,0.1,0.4,0.3,0,0.6266666666666667,0.6399555,0.07438016528925627,0.09971475,10.838864220813388,15.587907,139.04132231404958,0.6551724137931034,0.15702479338842976,0.25333333333333335
deg_centrality,N/A,rrg,0.2,0.4,0.3,0,0.6966666666666667,0.68273044,0.2479338842975206,0.20667271,8.399631281290553,12.10405,119.0909090909091,0.8,0.3305785123966942,0.4678362573099415
deg_centrality,N/A,rrg,0.30000000000000004,0.4,0.3,0,0.7066666666666667,0.73187786,0.2727272727272727,0.32956505,8.35439253886253,10.51013,104.48760330578513,0.746268656716418,0.4132231404958678,0.5319148936170213
deg_centrality,N/A,rrg,0.4,0.4,0.3,0,0.74,0.7757734,0.35537190082644626,0.43932512,7.443584796641333,8.347274,97.43801652892562,0.8028169014084507,0.47107438016528924,0.59375
deg_centrality,N/A,rrg,0.5,0.4,0.3,0,0.78,0.8142285,0.4545454545454546,0.5354814,5.556387896918389,6.92126,80.74380165289256,0.8235294117647058,0.5785123966942148,0.6796116504854368
deg_centrality,N/A,rrg,0.6000000000000001,0.4,0.3,0,0.8533333333333334,0.8539007,0.6363636363636365,0.63468105,5.065944007987715,5.2234807,72.67768595041322,0.8666666666666667,0.7520661157024794,0.8053097345132745
deg_centrality,N/A,rrg,0.7000000000000001,0.4,0.3,0,0.8766666666666667,0.87526083,0.694214876033058,0.68809175,3.5457053225851323,4.1335773,68.52066115702479,0.9038461538461539,0.7768595041322314,0.8355555555555555
deg_centrality,N/A,rrg,0.8,0.4,0.3,0,0.8966666666666666,0.9229159,0.7438016528925618,0.8072524,3.1087031810917183,3.2302234,66.14049586776859,0.875,0.8677685950413223,0.871369294605809
deg_centrality,N/A,rrg,0.9,0.4,0.3,0,0.9533333333333334,0.95275795,0.8842975206611571,0.88187206,2.3526173100866625,2.42432,62.87603305785124,0.9572649572649573,0.9256198347107438,0.9411764705882353
deg_centrality,N/A,rrg,1.0,0.4,0.3,0,0.9966666666666667,0.98098063,0.9917355371900828,0.9524424,1.787015773893765,1.5995218,61.02479338842975,0.9918032786885246,1.0,0.9958847736625513
deg_centrality,N/A,rrg,0.0,0.05,0.3,1,0.94,0.949999,0.0,0.0,24.27890464844091,10.041702,171.33333333333334,0.0,0.0,0.0
deg_centrality,N/A,rrg,0.1,0.05,0.3,1,0.9233333333333333,0.93233645,-0.27777777777777657,-0.35324326,19.17922945071395,10.57377,121.55555555555556,0.2727272727272727,0.16666666666666666,0.20689655172413793
deg_centrality,N/A,rrg,0.2,0.05,0.3,1,0.92,0.9415442,-0.3333333333333315,-0.16909252,16.601023687522975,8.423356,87.05555555555556,0.2857142857142857,0.2222222222222222,0.25
deg_centrality,N/A,rrg,0.30000000000000004,0.05,0.3,1,0.9233333333333333,0.9555724,-0.27777777777777657,0.11146674,11.957179005653133,6.4318233,45.388888888888886,0.38095238095238093,0.4444444444444444,0.41025641025641024
deg_centrality,N/A,rrg,0.4,0.05,0.3,1,0.92,0.95378053,-0.3333333333333315,0.07562959,10.115925331142952,5.507042,36.333333333333336,0.39285714285714285,0.6111111111111112,0.4782608695652174
deg_centrality,N/A,rrg,0.5,0.05,0.3,1,0.9,0.9634009,-0.6666666666666649,0.26803303,6.938803926956343,4.454067,51.111111111111114,0.3,0.5,0.37499999999999994
deg_centrality,N/A,rrg,0.6000000000000001,0.05,0.3,1,0.9433333333333334,0.96598643,0.05555555555555679,0.31974256,5.6105073258354725,4.0270095,38.166666666666664,0.5238095238095238,0.6111111111111112,0.5641025641025642
deg_centrality,N/A,rrg,0.7000000000000001,0.05,0.3,1,0.9433333333333334,0.97761405,0.05555555555555679,0.5522901,5.745127975757743,2.8251135,18.22222222222222,0.5185185185185185,0.7777777777777778,0.6222222222222222
deg_centrality,N/A,rrg,0.8,0.05,0.3,1,0.9666666666666667,0.9827423,0.4444444444444451,0.6548533,4.784987049289476,2.4300675,19.88888888888889,0.6818181818181818,0.8333333333333334,0.7499999999999999
deg_centrality,N/A,rrg,0.9,0.05,0.3,1,0.9833333333333333,0.9863086,0.7222222222222217,0.7261771,2.641331327724976,1.7235148,10.222222222222221,0.782608695652174,1.0,0.878048780487805
deg_centrality,N/A,rrg,1.0,0.05,0.3,1,0.9966666666666667,0.9871282,0.9444444444444451,0.74256927,1.4910211544977638,1.660495,9.88888888888889,0.9473684210526315,1.0,0.972972972972973
deg_centrality,N/A,rrg,0.0,0.1,0.3,1,0.9133333333333333,0.900001,0.0,0.0,21.24526293518525,15.706041,143.42307692307693,0.0,0.0,0.0
deg_centrality,N/A,rrg,0.1,0.1,0.3,1,0.9033333333333333,0.8927785,-0.11538461538461549,-0.07222545,15.055484924556216,13.754754,118.11538461538461,0.36363636363636365,0.15384615384615385,0.21621621621621623
deg_centrality,N/A,rrg,0.2,0.1,0.3,1,0.91,0.9041375,-0.03846153846153807,0.041365437,12.420698794347071,10.705918,78.76923076923077,0.47368421052631576,0.34615384615384615,0.39999999999999997
deg_centrality,N/A,rrg,0.30000000000000004,0.1,0.3,1,0.9,0.9133377,-0.15384615384615355,0.1333685,11.609473044567451,8.840174,53.92307692307692,0.43333333333333335,0.5,0.4642857142857143
deg_centrality,N/A,rrg,0.4,0.1,0.3,1,0.9033333333333333,0.94243085,-0.11538461538461549,0.42430285,11.355598153056231,5.460739,44.84615384615385,0.45161290322580644,0.5384615384615384,0.4912280701754386
deg_centrality,N/A,rrg,0.5,0.1,0.3,1,0.8933333333333333,0.95084035,-0.23076923076923098,0.50839865,9.303447440396367,5.1446505,47.84615384615385,0.40625,0.5,0.4482758620689655
deg_centrality,N/A,rrg,0.6000000000000001,0.1,0.3,1,0.91,0.95904905,-0.03846153846153807,0.5904864,9.358423357879504,4.121485,38.26923076923077,0.4838709677419355,0.5769230769230769,0.5263157894736842
deg_centrality,N/A,rrg,0.7000000000000001,0.1,0.3,1,0.91,0.9578191,-0.03846153846153807,0.57818687,7.058189493672345,3.465279,31.923076923076923,0.48484848484848486,0.6153846153846154,0.5423728813559322
deg_centrality,N/A,rrg,0.8,0.1,0.3,1,0.93,0.97551674,0.1923076923076929,0.7551649,4.791814361773714,2.3529444,24.807692307692307,0.5641025641025641,0.8461538461538461,0.676923076923077
deg_centrality,N/A,rrg,0.9,0.1,0.3,1,0.9733333333333334,0.97945607,0.6923076923076928,0.79455864,2.356935000324167,2.186796,14.961538461538462,0.78125,0.9615384615384616,0.8620689655172413
deg_centrality,N/A,rrg,1.0,0.1,0.3,1,0.9933333333333333,0.9854582,0.9230769230769226,0.8545805,1.4584573917312937,1.6771574,13.692307692307692,0.9285714285714286,1.0,0.962962962962963
deg_centrality,N/A,rrg,0.0,0.2,0.3,1,0.83,0.8000143,0.0,0.0,20.767538460532798,20.261076,145.7450980392157,0.0,0.0,0.0
deg_centrality,N/A,rrg,0.1,0.2,0.3,1,0.8366666666666667,0.8051115,0.039215686274510046,0.025487877,15.8861522696068,16.195642,120.13725490196079,0.5625,0.17647058823529413,0.26865671641791045
deg_centrality,N/A,rrg,0.2,0.2,0.3,1,0.82,0.8358415,-0.05882352941176475,0.17914863,11.634693006755045,11.990565,83.88235294117646,0.45161290322580644,0.27450980392156865,0.34146341463414637
deg_centrality,N/A,rrg,0.30000000000000004,0.2,0.3,1,0.8566666666666667,0.84337896,0.15686274509803955,0.21683875,9.481806541825653,10.864152,74.6078431372549,0.6428571428571429,0.35294117647058826,0.4556962025316456
deg_centrality,N/A,rrg,0.4,0.2,0.3,1,0.8466666666666667,0.8737495,0.09803921568627479,0.3687023,8.25547621414411,8.317604,66.11764705882354,0.5675675675675675,0.4117647058823529,0.47727272727272724
deg_centrality,N/A,rrg,0.5,0.2,0.3,1,0.8633333333333333,0.90964377,0.19607843137254893,0.5481865,5.656317401948331,5.3246365,50.333333333333336,0.5757575757575758,0.7450980392156863,0.6495726495726497
deg_centrality,N/A,rrg,0.6000000000000001,0.2,0.3,1,0.8966666666666666,0.9117122,0.39215686274509787,0.55852956,5.844359794109152,5.175153,45.8235294117647,0.7,0.6862745098039216,0.693069306930693
deg_centrality,N/A,rrg,0.7000000000000001,0.2,0.3,1,0.93,0.9328771,0.5882352941176474,0.6643616,3.8956759977003155,4.0103874,36.450980392156865,0.8125,0.7647058823529411,0.787878787878788
deg_centrality,N/A,rrg,0.8,0.2,0.3,1,0.9533333333333334,0.9497587,0.7254901960784317,0.74877554,3.653457657257736,2.8531306,29.49019607843137,0.8490566037735849,0.8823529411764706,0.8653846153846154
deg_centrality,N/A,rrg,0.9,0.2,0.3,1,0.9566666666666667,0.9639433,0.7450980392156863,0.8197036,2.199643943986487,2.0765576,28.50980392156863,0.8653846153846154,0.8823529411764706,0.8737864077669903
deg_centrality,N/A,rrg,1.0,0.2,0.3,1,0.9966666666666667,0.9751053,0.9803921568627453,0.8755175,1.4369088689660559,1.6866833,26.03921568627451,0.9807692307692307,1.0,0.9902912621359222
deg_centrality,N/A,rrg,0.0,0.3,0.3,1,0.68,0.7000529,0.0,0.0,17.408559084307647,20.409452,148.09375,0.0,0.0,0.0
deg_centrality,N/A,rrg,0.1,0.3,0.3,1,0.7066666666666667,0.73117095,0.08333333333333319,0.10374508,14.06285838960214,16.334234,126.07291666666667,0.6818181818181818,0.15625,0.2542372881355932
deg_centrality,N/A,rrg,0.2,0.3,0.3,1,0.76,0.7564245,0.24999999999999992,0.18793838,9.854435638996268,12.723,105.20833333333333,0.7857142857142857,0.34375,0.4782608695652174
deg_centrality,N/A,rrg,0.30000000000000004,0.3,0.3,1,0.76,0.79125303,0.24999999999999992,0.30405402,9.027999116114882,10.428529,96.01041666666667,0.7142857142857143,0.4166666666666667,0.5263157894736842
deg_centrality,N/A,rrg,0.4,0.3,0.3,1,0.7833333333333333,0.819706,0.3229166666666665,0.39891404,7.379868429369298,8.658985,79.75,0.7924528301886793,0.4375,0.5637583892617449
deg_centrality,N/A,rrg,0.5,0.3,0.3,1,0.8433333333333334,0.85506195,0.5104166666666667,0.51678795,5.99950672633103,6.8989315,66.29166666666667,0.8181818181818182,0.65625,0.7283236994219653
deg_centrality,N/A,rrg,0.6000000000000001,0.3,0.3,1,0.8666666666666667,0.88691485,0.5833333333333334,0.622983,4.60813621012966,5.3286037,62.229166666666664,0.8589743589743589,0.6979166666666666,0.7701149425287356
deg_centrality,N/A,rrg,0.7000000000000001,0.3,0.3,1,0.8966666666666666,0.9102124,0.6770833333333331,0.70065516,3.881033399724428,4.1634994,56.5625,0.9012345679012346,0.7604166666666666,0.824858757062147
deg_centrality,N/A,rrg,0.8,0.3,0.3,1,0.9266666666666666,0.93248534,0.7708333333333333,0.77491146,3.104194783730421,3.1174312,52.875,0.9204545454545454,0.84375,0.8804347826086957
deg_centrality,N/A,rrg,0.9,0.3,0.3,1,0.96,0.9609503,0.8749999999999999,0.8698114,2.8943595251532783,2.0945618,49.854166666666664,0.9565217391304348,0.9166666666666666,0.9361702127659574
deg_centrality,N/A,rrg,1.0,0.3,0.3,1,0.9933333333333333,0.9792725,0.9791666666666665,0.9308961,1.5491913460146365,1.5594437,48.84375,0.9795918367346939,1.0,0.9896907216494846
deg_centrality,N/A,rrg,0.0,0.4,0.3,1,0.62,0.60007733,0.0,0.0,11.556075026204654,18.869408,161.19298245614036,0.0,0.0,0.0
deg_centrality,N/A,rrg,0.1,0.4,0.3,1,0.6566666666666666,0.64338076,0.09649122807017532,0.10827951,9.096563664398188,15.682386,123.85087719298245,0.6896551724137931,0.17543859649122806,0.2797202797202797
deg_centrality,N/A,rrg,0.2,0.4,0.3,1,0.7,0.68869895,0.2105263157894736,0.22159688,7.8791662757143515,12.163654,108.7719298245614,0.7857142857142857,0.2894736842105263,0.423076923076923
deg_centrality,N/A,rrg,0.30000000000000004,0.4,0.3,1,0.7066666666666667,0.7248737,0.2280701754385965,0.3120513,7.016977701911641,10.591367,102.10526315789474,0.7241379310344828,0.3684210526315789,0.48837209302325585
deg_centrality,N/A,rrg,0.4,0.4,0.3,1,0.7666666666666667,0.77972454,0.3859649122807019,0.44920486,5.147525246007574,7.5877476,87.78947368421052,0.7894736842105263,0.5263157894736842,0.631578947368421
deg_centrality,N/A,rrg,0.5,0.4,0.3,1,0.8,0.8093175,0.47368421052631593,0.52320164,4.02019397697006,6.8323584,80.84210526315789,0.8068181818181818,0.6228070175438597,0.7029702970297029
deg_centrality,N/A,rrg,0.6000000000000001,0.4,0.3,1,0.8633333333333333,0.8515055,0.6403508771929823,0.62869203,3.5930461962773674,5.0707865,70.8157894736842,0.8476190476190476,0.7807017543859649,0.8127853881278538
deg_centrality,N/A,rrg,0.7000000000000001,0.4,0.3,1,0.8566666666666667,0.8832419,0.6228070175438597,0.7080483,2.6981029835008035,4.1382113,67.76315789473684,0.8514851485148515,0.7543859649122807,0.8
deg_centrality,N/A,rrg,0.8,0.4,0.3,1,0.92,0.9096956,0.7894736842105264,0.77419543,2.419388568382264,3.589738,62.06140350877193,0.9090909090909091,0.8771929824561403,0.8928571428571428
deg_centrality,N/A,rrg,0.9,0.4,0.3,1,0.9733333333333334,0.9514219,0.9298245614035089,0.87853134,1.6279622121259134,2.4940853,59.078947368421055,0.9568965517241379,0.9736842105263158,0.9652173913043478
deg_centrality,N/A,rrg,1.0,0.4,0.3,1,0.99,0.98004687,0.9736842105263158,0.9501075,1.1822696597302276,1.4353244,57.54385964912281,0.9743589743589743,1.0,0.9870129870129869
deg_centrality,N/A,rrg,0.0,0.05,0.3,2,0.96,0.949999,0.0,0.0,17.18933176732233,9.983291,124.0,0.0,0.0,0.0
deg_centrality,N/A,rrg,0.1,0.05,0.3,2,0.95,0.9397589,-0.25,-0.20479736,13.674926678606765,10.290713,146.08333333333334,0.0,0.0,0.0
deg_centrality,N/A,rrg,0.2,0.05,0.3,2,0.94,0.9420341,-0.5,-0.15929373,11.620916681439398,8.085436,59.666666666666664,0.3125,0.4166666666666667,0.35714285714285715
deg_centrality,N/A,rrg,0.30000000000000004,0.05,0.3,2,0.94,0.96650726,-0.5,0.33015886,11.430397090028496,5.0870867,39.166666666666664,0.3333333333333333,0.5,0.4
deg_centrality,N/A,rrg,0.4,0.05,0.3,2,0.9333333333333333,0.96562177,-0.6666666666666649,0.31244949,12.569416040209727,4.5865355,37.333333333333336,0.3181818181818182,0.5833333333333334,0.4117647058823529
deg_centrality,N/A,rrg,0.5,0.05,0.3,2,0.92,0.96899813,-0.9999999999999972,0.3799754,8.752449764315328,4.0092278,46.0,0.25,0.5,0.3333333333333333
deg_centrality,N/A,rrg,0.6000000000000001,0.05,0.3,2,0.9333333333333333,0.97603893,-0.6666666666666649,0.5207885,8.669337373525364,2.7508948,19.333333333333332,0.35714285714285715,0.8333333333333334,0.5
deg_centrality,N/A,rrg,0.7000000000000001,0.05,0.3,2,0.95,0.9806547,-0.25,0.61310226,6.449904127568036,2.514026,24.333333333333332,0.42857142857142855,0.75,0.5454545454545454
deg_centrality,N/A,rrg,0.8,0.05,0.3,2,0.9766666666666667,0.97693163,0.4166666666666676,0.5386421,3.6050017630413036,2.55568,7.25,0.6470588235294118,0.9166666666666666,0.7586206896551724
deg_centrality,N/A,rrg,0.9,0.05,0.3,2,0.98,0.9858375,0.5,0.71675617,3.0577233897331033,1.5884072,11.25,0.6875,0.9166666666666666,0.7857142857142857
deg_centrality,N/A,rrg,1.0,0.05,0.3,2,0.9966666666666667,0.9867037,0.9166666666666676,0.7340793,1.5898125442652986,1.5458089,6.5,0.9230769230769231,1.0,0.9600000000000001
deg_centrality,N/A,rrg,0.0,0.1,0.3,2,0.9066666666666666,0.90000063,0.0,0.0,21.499420862327003,15.740154,146.39285714285714,0.0,0.0,0.0
deg_centrality,N/A,rrg,0.1,0.1,0.3,2,0.87,0.89385235,-0.39285714285714224,-0.061483175,18.38748985817041,12.090784,131.39285714285714,0.17647058823529413,0.10714285714285714,0.13333333333333333
deg_centrality,N/A,rrg,0.2,0.1,0.3,2,0.8866666666666667,0.9016459,-0.2142857142857132,0.016452774,12.9931953931001,10.339765,104.07142857142857,0.36363636363636365,0.2857142857142857,0.32
deg_centrality,N/A,rrg,0.30000000000000004,0.1,0.3,2,0.8866666666666667,0.9208423,-0.2142857142857132,0.20841789,11.860579230802669,8.115025,71.64285714285714,0.375,0.32142857142857145,0.3461538461538462
deg_centrality,N/A,rrg,0.4,0.1,0.3,2,0.9,0.9322359,-0.07142857142857066,0.32235467,10.574530325153203,6.5806255,62.75,0.4666666666666667,0.5,0.4827586206896552
deg_centrality,N/A,rrg,0.5,0.1,0.3,2,0.93,0.93848246,0.2500000000000009,0.38482076,5.661714034594531,6.034164,31.357142857142858,0.6060606060606061,0.7142857142857143,0.6557377049180327
deg_centrality,N/A,rrg,0.6000000000000001,0.1,0.3,2,0.9366666666666666,0.95755714,0.32142857142857156,0.57556874,7.383809435109708,3.8427246,31.821428571428573,0.6451612903225806,0.7142857142857143,0.6779661016949152
deg_centrality,N/A,rrg,0.7000000000000001,0.1,0.3,2,0.9333333333333333,0.95725757,0.2857142857142862,0.572573,5.310635562992401,3.400567,30.25,0.6176470588235294,0.75,0.6774193548387097
deg_centrality,N/A,rrg,0.8,0.1,0.3,2,0.9566666666666667,0.97193146,0.5357142857142859,0.7193128,3.8297475482845167,2.4781342,20.678571428571427,0.7142857142857143,0.8928571428571429,0.7936507936507937
deg_centrality,N/A,rrg,0.9,0.1,0.3,2,0.98,0.97901756,0.7857142857142856,0.79017425,2.6678363974701234,2.1736634,16.464285714285715,0.84375,0.9642857142857143,0.8999999999999999
deg_centrality,N/A,rrg,1.0,0.1,0.3,2,0.99,0.97942406,0.8928571428571428,0.7942393,1.8625595428717625,1.7438525,14.571428571428571,0.9032258064516129,1.0,0.9491525423728813
deg_centrality,N/A,rrg,0.0,0.2,0.3,2,0.79,0.8000143,0.0,0.0,23.08738586986383,20.41415,142.61904761904762,0.0,0.0,0.0
deg_centrality,N/A,rrg,0.1,0.2,0.3,2,0.8,0.80887175,0.04761904761904767,0.044290315,17.38748898077341,16.662529,127.52380952380952,0.6,0.14285714285714285,0.23076923076923073
deg_centrality,N/A,rrg,0.2,0.2,0.3,2,0.81,0.8312987,0.09523809523809534,0.15643317,12.328359081749792,12.308719,97.55555555555556,0.59375,0.30158730158730157,0.39999999999999997
deg_centrality,N/A,rrg,0.30000000000000004,0.2,0.3,2,0.8066666666666666,0.8517277,0.0793650793650791,0.25858554,11.447709610261732,10.430693,80.26984126984127,0.5609756097560976,0.36507936507936506,0.4423076923076923
deg_centrality,N/A,rrg,0.4,0.2,0.3,2,0.8533333333333334,0.85789347,0.30158730158730174,0.28941646,7.9882936316051625,8.974594,72.73015873015873,0.6862745098039216,0.5555555555555556,0.6140350877192983
deg_centrality,N/A,rrg,0.5,0.2,0.3,2,0.8566666666666667,0.8899903,0.31746031746031744,0.44991228,6.781163975101285,5.98441,57.77777777777778,0.6851851851851852,0.5873015873015873,0.6324786324786325
deg_centrality,N/A,rrg,0.6000000000000001,0.2,0.3,2,0.8666666666666667,0.91729707,0.3650793650793651,0.5864557,6.158626201137168,4.8686132,50.12698412698413,0.6885245901639344,0.6666666666666666,0.6774193548387096
deg_centrality,N/A,rrg,0.7000000000000001,0.2,0.3,2,0.8866666666666667,0.9279808,0.46031746031746046,0.6398781,4.561470409219909,4.4711895,41.41269841269841,0.6986301369863014,0.8095238095238095,0.7500000000000001
deg_centrality,N/A,rrg,0.8,0.2,0.3,2,0.9433333333333334,0.94846416,0.7301587301587302,0.74230236,2.857038348729618,3.135536,39.0,0.9107142857142857,0.8095238095238095,0.8571428571428571
deg_centrality,N/A,rrg,0.9,0.2,0.3,2,0.95,0.96171206,0.7619047619047616,0.8085466,2.0542112167627713,2.371928,33.93650793650794,0.8428571428571429,0.9365079365079365,0.887218045112782
deg_centrality,N/A,rrg,1.0,0.2,0.3,2,0.98,0.97608143,0.9047619047619047,0.8803986,1.4505937272823897,1.7143316,32.22222222222222,0.9130434782608695,1.0,0.9545454545454545
deg_centrality,N/A,rrg,0.0,0.3,0.3,2,0.6866666666666666,0.7000529,0.0,0.0,17.566388182556363,20.702587,152.58510638297872,0.0,0.0,0.0
deg_centrality,N/A,rrg,0.1,0.3,0.3,2,0.71,0.72504693,0.07446808510638292,0.08332808,14.099256564801314,16.384659,122.82978723404256,0.64,0.1702127659574468,0.2689075630252101
deg_centrality,N/A,rrg,0.2,0.3,0.3,2,0.73,0.7470975,0.13829787234042554,0.15684292,10.54455679721989,13.330924,110.14893617021276,0.6511627906976745,0.2978723404255319,0.40875912408759124
deg_centrality,N/A,rrg,0.30000000000000004,0.3,0.3,2,0.76,0.7855236,0.23404255319148945,0.28495252,10.044715328652558,11.256883,95.44680851063829,0.75,0.35106382978723405,0.4782608695652175
deg_centrality,N/A,rrg,0.4,0.3,0.3,2,0.8033333333333333,0.82033867,0.372340425531915,0.40102324,7.8710305266198155,8.732342,81.47872340425532,0.7536231884057971,0.5531914893617021,0.638036809815951
deg_centrality,N/A,rrg,0.5,0.3,0.3,2,0.8133333333333334,0.8509939,0.40425531914893625,0.50322527,6.381801193320834,6.967199,71.0,0.7794117647058824,0.5638297872340425,0.654320987654321
deg_centrality,N/A,rrg,0.6000000000000001,0.3,0.3,2,0.85,0.87260294,0.5212765957446808,0.5752682,5.242390149760534,5.775004,63.38297872340426,0.788235294117647,0.7127659574468085,0.7486033519553073
deg_centrality,N/A,rrg,0.7000000000000001,0.3,0.3,2,0.8833333333333333,0.9093571,0.6276595744680851,0.6978036,4.244433549393009,4.662837,56.744680851063826,0.8554216867469879,0.7553191489361702,0.8022598870056499
deg_centrality,N/A,rrg,0.8,0.3,0.3,2,0.9266666666666666,0.9319108,0.7659574468085105,0.772996,2.6954099305154915,3.302352,52.53191489361702,0.8913043478260869,0.8723404255319149,0.8817204301075269
deg_centrality,N/A,rrg,0.9,0.3,0.3,2,0.96,0.9536398,0.8723404255319148,0.8454388,2.1006417344594577,2.6609037,48.787234042553195,0.9361702127659575,0.9361702127659575,0.9361702127659575
deg_centrality,N/A,rrg,1.0,0.3,0.3,2,0.9866666666666667,0.98154825,0.9574468085106383,0.9384833,1.4890420390154138,1.7549968,47.56382978723404,0.9591836734693877,1.0,0.9791666666666666
deg_centrality,N/A,rrg,0.0,0.4,0.3,2,0.6333333333333333,0.6000774,0.0,0.0,12.010702329484296,19.113857,147.3909090909091,0.0,0.0,0.0
deg_centrality,N/A,rrg,0.1,0.4,0.3,2,0.6366666666666667,0.6422558,0.0090909090909093,0.10546639,9.714658989906871,15.872243,128.26363636363635,0.5217391304347826,0.10909090909090909,0.18045112781954886
deg_centrality,N/A,rrg,0.2,0.4,0.3,2,0.6966666666666667,0.6932537,0.17272727272727276,0.23298584,8.08392550673795,12.162554,119.52727272727273,0.7021276595744681,0.3,0.4203821656050955
deg_centrality,N/A,rrg,0.30000000000000004,0.4,0.3,2,0.6933333333333334,0.7273062,0.16363636363636377,0.31813353,7.343323885797836,10.640178,102.64545454545454,0.6363636363636364,0.38181818181818183,0.47727272727272735
deg_centrality,N/A,rrg,0.4,0.4,0.3,2,0.76,0.7731312,0.3454545454545455,0.43271822,5.138479200194826,8.173476,89.51818181818182,0.7375,0.5363636363636364,0.6210526315789474
deg_centrality,N/A,rrg,0.5,0.4,0.3,2,0.82,0.81187356,0.509090909090909,0.5295929,5.514560783915397,7.464793,74.0909090909091,0.8414634146341463,0.6272727272727273,0.71875
deg_centrality,N/A,rrg,0.6000000000000001,0.4,0.3,2,0.84,0.8507735,0.5636363636363636,0.6268616,4.25747173769229,5.901771,70.37272727272727,0.8229166666666666,0.7181818181818181,0.7669902912621359
deg_centrality,N/A,rrg,0.7000000000000001,0.4,0.3,2,0.8866666666666667,0.8825232,0.690909090909091,0.7062511,3.616496300605385,4.911472,64.66363636363636,0.88,0.8,0.8380952380952381
deg_centrality,N/A,rrg,0.8,0.4,0.3,2,0.9266666666666666,0.9164724,0.7999999999999999,0.79114056,2.425517416527958,2.9946966,58.58181818181818,0.9230769230769231,0.8727272727272727,0.897196261682243
deg_centrality,N/A,rrg,0.9,0.4,0.3,2,0.9433333333333334,0.94901836,0.8454545454545456,0.8725212,1.7679486829951887,2.2887325,57.018181818181816,0.9345794392523364,0.9090909090909091,0.9216589861751152
deg_centrality,N/A,rrg,1.0,0.4,0.3,2,0.99,0.9809611,0.9727272727272727,0.9523935,1.4314332506828158,1.712402,55.59090909090909,0.9734513274336283,1.0,0.9865470852017937
deg_centrality,N/A,rrg,0.0,0.05,0.3,3,0.9433333333333334,0.949999,0.0,0.0,23.747791239158584,10.027396,135.2941176470588,0.0,0.0,0.0
deg_centrality,N/A,rrg,0.1,0.05,0.3,3,0.9133333333333333,0.9429842,-0.529411764705883,-0.14029215,19.721777212139166,8.786488,145.2941176470588,0.2,0.17647058823529413,0.18750000000000003
deg_centrality,N/A,rrg,0.2,0.05,0.3,3,0.92,0.9522581,-0.4117647058823528,0.045181777,11.915148211100515,7.0609813,84.52941176470588,0.3333333333333333,0.4117647058823529,0.36842105263157887
deg_centrality,N/A,rrg,0.30000000000000004,0.05,0.3,3,0.92,0.957717,-0.4117647058823528,0.15435737,13.039319687453201,6.0793505,42.529411764705884,0.37037037037037035,0.5882352941176471,0.45454545454545453
deg_centrality,N/A,rrg,0.4,0.05,0.3,3,0.92,0.958442,-0.4117647058823528,0.1688565,8.357727619193483,4.6825104,38.05882352941177,0.3333333333333333,0.4117647058823529,0.36842105263157887
deg_centrality,N/A,rrg,0.5,0.05,0.3,3,0.9466666666666667,0.9608032,0.05882352941176413,0.2160803,6.7153234331782325,4.4841437,36.705882352941174,0.5263157894736842,0.5882352941176471,0.5555555555555555
deg_centrality,N/A,rrg,0.6000000000000001,0.05,0.3,3,0.9533333333333334,0.9653778,0.17647058823529435,0.30757034,5.403360537631173,3.8233902,17.235294117647058,0.56,0.8235294117647058,0.6666666666666666
deg_centrality,N/A,rrg,0.7000000000000001,0.05,0.3,3,0.9466666666666667,0.9779879,0.05882352941176413,0.5597667,4.530498351217849,2.6776962,27.0,0.5238095238095238,0.6470588235294118,0.5789473684210527
deg_centrality,N/A,rrg,0.8,0.05,0.3,3,0.9566666666666667,0.9806422,0.2352941176470585,0.6128519,3.1315781067752253,1.9758435,15.882352941176471,0.5769230769230769,0.8823529411764706,0.6976744186046512
deg_centrality,N/A,rrg,0.9,0.05,0.3,3,0.98,0.983812,0.6470588235294114,0.6762461,2.5821443865340568,1.4927006,10.294117647058824,0.7619047619047619,0.9411764705882353,0.8421052631578947
deg_centrality,N/A,rrg,1.0,0.05,0.3,3,0.9933333333333333,0.98673826,0.8823529411764698,0.7347707,1.3909516566505518,1.2674958,9.0,0.8947368421052632,1.0,0.9444444444444444
deg_centrality,N/A,rrg,0.0,0.1,0.3,3,0.9033333333333333,0.900001,0.0,0.0,22.021576103566932,15.673027,172.06896551724137,0.0,0.0,0.0
deg_centrality,N/A,rrg,0.1,0.1,0.3,3,0.91,0.89637774,0.06896551724137974,-0.03623283,17.9402911673036,13.804507,132.0,0.625,0.1724137931034483,0.2702702702702703
deg_centrality,N/A,rrg,0.2,0.1,0.3,3,0.92,0.914857,0.1724137931034488,0.14856128,14.239112307484705,10.043897,73.24137931034483,0.6470588235294118,0.3793103448275862,0.4782608695652174
deg_centrality,N/A,rrg,0.30000000000000004,0.1,0.3,3,0.9,0.91145366,-0.0344827586206893,0.11452788,13.52810667336678,9.114734,56.13793103448276,0.48148148148148145,0.4482758620689655,0.4642857142857143
deg_centrality,N/A,rrg,0.4,0.1,0.3,3,0.9166666666666666,0.9319144,0.13793103448275834,0.31913716,11.034093947171998,7.2005324,50.310344827586206,0.5909090909090909,0.4482758620689655,0.5098039215686274
deg_centrality,N/A,rrg,0.5,0.1,0.3,3,0.9066666666666666,0.94473976,0.0344827586206893,0.44739214,8.759191380812762,5.276919,46.48275862068966,0.5161290322580645,0.5517241379310345,0.5333333333333333
deg_centrality,N/A,rrg,0.6000000000000001,0.1,0.3,3,0.94,0.95085186,0.37931034482758574,0.5085137,6.960893132590934,4.5331326,23.655172413793103,0.6571428571428571,0.7931034482758621,0.71875
deg_centrality,N/A,rrg,0.7000000000000001,0.1,0.3,3,0.9433333333333334,0.9604596,0.4137931034482762,0.60459197,5.236665258924694,3.5413306,27.724137931034484,0.6764705882352942,0.7931034482758621,0.7301587301587301
deg_centrality,N/A,rrg,0.8,0.1,0.3,3,0.9533333333333334,0.9745001,0.5172413793103452,0.7449987,3.1439349744811493,2.777522,20.06896551724138,0.7142857142857143,0.8620689655172413,0.7812500000000001
deg_centrality,N/A,rrg,0.9,0.1,0.3,3,0.99,0.9810628,0.8965517241379309,0.81062645,2.2284219514191523,2.1864622,15.517241379310345,0.9333333333333333,0.9655172413793104,0.9491525423728815
deg_centrality,N/A,rrg,1.0,0.1,0.3,3,0.9966666666666667,0.9864215,0.9655172413793107,0.8642139,1.5920881213688605,1.808985,15.10344827586207,0.9666666666666667,1.0,0.983050847457627
deg_centrality,N/A,rrg,0.0,0.2,0.3,3,0.8266666666666667,0.8000143,0.0,0.0,18.696004828082582,20.282667,139.67307692307693,0.0,0.0,0.0
deg_centrality,N/A,rrg,0.1,0.2,0.3,3,0.8233333333333334,0.816912,-0.019230769230769034,0.08449444,13.758104271186008,15.283084,121.5576923076923,0.47058823529411764,0.15384615384615385,0.23188405797101452
deg_centrality,N/A,rrg,0.2,0.2,0.3,3,0.83,0.8269675,0.019230769230769034,0.13477544,10.390528033413672,12.92387,102.88461538461539,0.5217391304347826,0.23076923076923078,0.32
deg_centrality,N/A,rrg,0.30000000000000004,0.2,0.3,3,0.8366666666666667,0.86299986,0.057692307692307744,0.31495026,10.276631828587979,9.936695,89.42307692307692,0.5405405405405406,0.38461538461538464,0.44943820224719105
deg_centrality,N/A,rrg,0.4,0.2,0.3,3,0.8666666666666667,0.874729,0.23076923076923098,0.37360004,8.5042195145973,8.278523,61.15384615384615,0.65,0.5,0.5652173913043479
deg_centrality,N/A,rrg,0.5,0.2,0.3,3,0.87,0.89585143,0.25,0.47921988,7.144734309985554,7.054995,58.0,0.6585365853658537,0.5192307692307693,0.5806451612903226
deg_centrality,N/A,rrg,0.6000000000000001,0.2,0.3,3,0.9,0.917836,0.42307692307692324,0.58915067,6.471237094736303,5.090899,42.76923076923077,0.7291666666666666,0.6730769230769231,0.7
deg_centrality,N/A,rrg,0.7000000000000001,0.2,0.3,3,0.9066666666666666,0.9282836,0.4615384615384613,0.6413922,4.638105434488112,4.2123413,41.96153846153846,0.75,0.6923076923076923,0.7199999999999999
deg_centrality,N/A,rrg,0.8,0.2,0.3,3,0.94,0.9427706,0.6538461538461535,0.7138325,3.855339139129586,3.203874,35.11538461538461,0.8541666666666666,0.7884615384615384,0.8200000000000001
deg_centrality,N/A,rrg,0.9,0.2,0.3,3,0.96,0.965236,0.769230769230769,0.8261676,2.976952239643579,2.0717525,32.17307692307692,0.8846153846153846,0.8846153846153846,0.8846153846153846
deg_centrality,N/A,rrg,1.0,0.2,0.3,3,0.9966666666666667,0.97551686,0.980769230769231,0.8775755,1.9317918418383113,1.7126461,26.71153846153846,0.9811320754716981,1.0,0.9904761904761905
deg_centrality,N/A,rrg,0.0,0.3,0.3,3,0.7166666666666667,0.7000266,0.0,0.0,16.680026154843908,20.41128,138.36470588235295,0.0,0.0,0.0
deg_centrality,N/A,rrg,0.1,0.3,0.3,3,0.7266666666666667,0.7214829,0.03529411764705886,0.07152734,12.600581939729551,16.447927,123.55294117647058,0.5714285714285714,0.1411764705882353,0.22641509433962265
deg_centrality,N/A,rrg,0.2,0.3,0.3,3,0.7366666666666667,0.75976616,0.07058823529411772,0.19914961,11.535533613331676,13.768175,110.2235294117647,0.59375,0.2235294117647059,0.3247863247863248
deg_centrality,N/A,rrg,0.30000000000000004,0.3,0.3,3,0.7933333333333333,0.7879009,0.27058823529411763,0.29294047,8.465999403464114,10.234917,85.31764705882352,0.7017543859649122,0.47058823529411764,0.5633802816901408
deg_centrality,N/A,rrg,0.4,0.3,0.3,3,0.8266666666666667,0.8202863,0.388235294117647,0.40090117,6.167596807097939,8.206546,77.32941176470588,0.746268656716418,0.5882352941176471,0.6578947368421053
deg_centrality,N/A,rrg,0.5,0.3,0.3,3,0.7966666666666666,0.8520101,0.2823529411764705,0.5066565,5.431720530525655,5.728505,67.85882352941177,0.6714285714285714,0.5529411764705883,0.6064516129032258
deg_centrality,N/A,rrg,0.6000000000000001,0.3,0.3,3,0.85,0.8705185,0.47058823529411753,0.5683568,4.914357327724678,5.359705,62.88235294117647,0.7702702702702703,0.6705882352941176,0.7169811320754716
deg_centrality,N/A,rrg,0.7000000000000001,0.3,0.3,3,0.87,0.9049884,0.5411764705882353,0.68326664,3.582473819997455,4.0109906,55.84705882352941,0.7875,0.7411764705882353,0.7636363636363637
deg_centrality,N/A,rrg,0.8,0.3,0.3,3,0.9166666666666666,0.9315912,0.7058823529411763,0.7719505,2.6453079871089007,2.993999,47.78823529411765,0.8409090909090909,0.8705882352941177,0.8554913294797689
deg_centrality,N/A,rrg,0.9,0.3,0.3,3,0.9466666666666667,0.9591109,0.8117647058823529,0.863691,2.3554837694879307,2.172808,47.96470588235294,0.8791208791208791,0.9411764705882353,0.9090909090909091
deg_centrality,N/A,rrg,1.0,0.3,0.3,3,0.98,0.97602946,0.9294117647058823,0.9200911,1.624494132555137,1.64227,43.11764705882353,0.9340659340659341,1.0,0.9659090909090909
deg_centrality,N/A,rrg,0.0,0.4,0.3,3,0.6033333333333334,0.6000774,0.0,0.0,11.994065857888103,18.673046,157.94957983193277,0.0,0.0,0.0
deg_centrality,N/A,rrg,0.1,0.4,0.3,3,0.6233333333333333,0.647909,0.05042016806722666,0.11960213,9.888699891561958,15.171868,137.39495798319328,0.625,0.12605042016806722,0.2097902097902098
deg_centrality,N/A,rrg,0.2,0.4,0.3,3,0.65,0.69059765,0.11764705882352934,0.22634445,8.606301108379455,12.808896,117.73109243697479,0.6521739130434783,0.25210084033613445,0.3636363636363636
deg_centrality,N/A,rrg,0.30000000000000004,0.4,0.3,3,0.7266666666666667,0.73412466,0.3109243697478991,0.33518302,7.215477271878227,10.055434,101.63025210084034,0.8032786885245902,0.4117647058823529,0.5444444444444444
deg_centrality,N/A,rrg,0.4,0.4,0.3,3,0.7266666666666667,0.76546705,0.3109243697478991,0.41355416,5.685026792636035,7.8845344,93.75630252100841,0.7534246575342466,0.46218487394957986,0.5729166666666666
deg_centrality,N/A,rrg,0.5,0.4,0.3,3,0.8,0.8090746,0.4957983193277311,0.5225941,5.42605371131361,6.757401,82.12605042016807,0.8105263157894737,0.6470588235294118,0.719626168224299
deg_centrality,N/A,rrg,0.6000000000000001,0.4,0.3,3,0.82,0.8463221,0.5462184873949578,0.61573094,4.156226918390091,4.7794037,75.94957983193277,0.8421052631578947,0.6722689075630253,0.7476635514018692
deg_centrality,N/A,rrg,0.7000000000000001,0.4,0.3,3,0.8366666666666667,0.893575,0.588235294117647,0.73388606,3.5992952096287074,3.2455826,71.15966386554622,0.8571428571428571,0.7058823529411765,0.7741935483870968
deg_centrality,N/A,rrg,0.8,0.4,0.3,3,0.9266666666666666,0.9221757,0.815126050420168,0.8054016,2.68085398426927,2.7832043,63.33613445378151,0.9292035398230089,0.8823529411764706,0.9051724137931035
deg_centrality,N/A,rrg,0.9,0.4,0.3,3,0.93,0.95911837,0.823529411764706,0.8977761,1.7920809706647256,1.6403782,62.42857142857143,0.9083333333333333,0.9159663865546218,0.9121338912133891
deg_centrality,N/A,rrg,1.0,0.4,0.3,3,0.98,0.9848941,0.9495798319327731,0.96222794,1.3511527366462284,1.2449334,60.30252100840336,0.952,1.0,0.9754098360655737
deg_centrality,N/A,rrg,0.0,0.05,0.3,4,0.9433333333333334,0.949999,0.0,0.0,22.248750045440993,10.023948,167.47058823529412,0.0,0.0,0.0
deg_centrality,N/A,rrg,0.1,0.05,0.3,4,0.9166666666666666,0.936373,-0.4705882352941189,-0.27251402,16.297315757721318,9.950694,74.11764705882354,0.25,0.23529411764705882,0.24242424242424243
deg_centrality,N/A,rrg,0.2,0.05,0.3,4,0.9133333333333333,0.950873,-0.529411764705883,0.017480493,13.40882671262542,7.3911166,81.76470588235294,0.2857142857142857,0.35294117647058826,0.31578947368421056
deg_centrality,N/A,rrg,0.30000000000000004,0.05,0.3,4,0.91,0.9490639,-0.5882352941176472,-0.01870117,13.384561346026215,6.8623543,71.52941176470588,0.2727272727272727,0.35294117647058826,0.30769230769230765
deg_centrality,N/A,rrg,0.4,0.05,0.3,4,0.9066666666666666,0.9573308,-0.6470588235294132,0.14663395,9.788801772827561,4.8926983,63.411764705882355,0.2962962962962963,0.47058823529411764,0.3636363636363636
deg_centrality,N/A,rrg,0.5,0.05,0.3,4,0.9366666666666666,0.95588744,-0.11764705882353022,0.11776683,7.596369218331265,4.2432714,33.8235294117647,0.46153846153846156,0.7058823529411765,0.558139534883721
deg_centrality,N/A,rrg,0.6000000000000001,0.05,0.3,4,0.93,0.96941334,-0.2352941176470585,0.38827935,5.9331996606188095,3.2136488,30.294117647058822,0.4230769230769231,0.6470588235294118,0.5116279069767442
deg_centrality,N/A,rrg,0.7000000000000001,0.05,0.3,4,0.9433333333333334,0.9742557,0.0,0.48512417,6.56014047195221,2.476747,13.764705882352942,0.5,0.9411764705882353,0.6530612244897959
deg_centrality,N/A,rrg,0.8,0.05,0.3,4,0.9466666666666667,0.97276264,0.05882352941176413,0.45526406,4.652610621738768,2.136811,19.470588235294116,0.5185185185185185,0.8235294117647058,0.6363636363636364
deg_centrality,N/A,rrg,0.9,0.05,0.3,4,0.98,0.9771517,0.6470588235294114,0.5430432,2.6486331085551784,2.16298,9.0,0.7391304347826086,1.0,0.85
deg_centrality,N/A,rrg,1.0,0.05,0.3,4,0.99,0.97901917,0.8235294117647056,0.5803919,2.046448728249155,1.4963287,9.0,0.85,1.0,0.9189189189189189
deg_centrality,N/A,rrg,0.0,0.1,0.3,4,0.92,0.900001,0.0,0.0,22.570926509890516,15.714894,158.75,0.0,0.0,0.0
deg_centrality,N/A,rrg,0.1,0.1,0.3,4,0.8966666666666666,0.9040385,-0.291666666666668,0.040375393,17.956003189172215,12.561066,121.25,0.1111111111111111,0.041666666666666664,0.06060606060606061
deg_centrality,N/A,rrg,0.2,0.1,0.3,4,0.8966666666666666,0.9059405,-0.291666666666668,0.059395425,14.193523566304366,10.137864,84.83333333333333,0.3157894736842105,0.25,0.27906976744186046
deg_centrality,N/A,rrg,0.30000000000000004,0.1,0.3,4,0.9066666666666666,0.9140828,-0.16666666666666782,0.14081976,11.594465629983292,8.755813,80.66666666666667,0.4,0.3333333333333333,0.3636363636363636
deg_centrality,N/A,rrg,0.4,0.1,0.3,4,0.9033333333333333,0.93075603,-0.2083333333333341,0.30755347,7.9981985446253745,6.5564356,42.625,0.42424242424242425,0.5833333333333334,0.4912280701754386
deg_centrality,N/A,rrg,0.5,0.1,0.3,4,0.92,0.93727124,0.0,0.37270617,6.279685113964545,4.982635,40.958333333333336,0.5,0.5833333333333334,0.5384615384615384
deg_centrality,N/A,rrg,0.6000000000000001,0.1,0.3,4,0.9033333333333333,0.9520369,-0.2083333333333341,0.5203644,6.577967909936606,4.484407,41.5,0.4,0.4166666666666667,0.4081632653061225
deg_centrality,N/A,rrg,0.7000000000000001,0.1,0.3,4,0.9366666666666666,0.9611298,0.2083333333333327,0.611294,4.429521823712995,3.284909,20.041666666666668,0.5757575757575758,0.7916666666666666,0.6666666666666667
deg_centrality,N/A,rrg,0.8,0.1,0.3,4,0.95,0.972564,0.3749999999999991,0.7256371,3.6854541557862808,2.7378588,16.5,0.6285714285714286,0.9166666666666666,0.7457627118644068
deg_centrality,N/A,rrg,0.9,0.1,0.3,4,0.9766666666666667,0.9781736,0.7083333333333334,0.781734,2.6485324203896474,2.0122743,14.708333333333334,0.7931034482758621,0.9583333333333334,0.8679245283018867
deg_centrality,N/A,rrg,1.0,0.1,0.3,4,0.9933333333333333,0.98336,0.9166666666666661,0.83359826,1.4300853723723632,1.9366101,12.583333333333334,0.9230769230769231,1.0,0.9600000000000001
deg_centrality,N/A,rrg,0.0,0.2,0.3,4,0.7866666666666666,0.8000143,0.0,0.0,22.10057785570815,20.084833,159.375,0.0,0.0,0.0
deg_centrality,N/A,rrg,0.1,0.2,0.3,4,0.7966666666666666,0.81602305,0.046875000000000035,0.0800494,16.10092787293251,15.395835,122.96875,0.5789473684210527,0.171875,0.2650602409638554
deg_centrality,N/A,rrg,0.2,0.2,0.3,4,0.82,0.8202293,0.15624999999999994,0.10108211,13.120073001641204,13.371218,112.9375,0.6666666666666666,0.3125,0.425531914893617
deg_centrality,N/A,rrg,0.30000000000000004,0.2,0.3,4,0.83,0.8585987,0.20312499999999997,0.29294294,11.032960989240808,9.382279,88.796875,0.6511627906976745,0.4375,0.5233644859813084
deg_centrality,N/A,rrg,0.4,0.2,0.3,4,0.8333333333333334,0.87535745,0.21875000000000033,0.37674263,7.8224276474852275,7.4321556,72.578125,0.64,0.5,0.5614035087719298
deg_centrality,N/A,rrg,0.5,0.2,0.3,4,0.84,0.8906172,0.25,0.4530468,6.2274305741715414,5.717312,59.484375,0.6379310344827587,0.578125,0.6065573770491803
deg_centrality,N/A,rrg,0.6000000000000001,0.2,0.3,4,0.8666666666666667,0.900516,0.3750000000000003,0.5025443,5.140291725607439,5.429639,51.296875,0.7,0.65625,0.6774193548387096
deg_centrality,N/A,rrg,0.7000000000000001,0.2,0.3,4,0.9266666666666666,0.9231372,0.6562499999999999,0.6156584,4.578877547689323,4.3582177,39.34375,0.8,0.875,0.8358208955223881
deg_centrality,N/A,rrg,0.8,0.2,0.3,4,0.9333333333333333,0.94765216,0.6875000000000001,0.7382421,3.2256235981626613,3.1041615,37.96875,0.8235294117647058,0.875,0.8484848484848485
deg_centrality,N/A,rrg,0.9,0.2,0.3,4,0.9566666666666667,0.9651491,0.796875,0.82573307,2.3360016300671447,2.117565,34.84375,0.8695652173913043,0.9375,0.9022556390977444
deg_centrality,N/A,rrg,1.0,0.2,0.3,4,0.9933333333333333,0.979776,0.9687499999999998,0.8988729,1.4785884886066079,1.6436493,32.515625,0.9696969696969697,1.0,0.9846153846153847
deg_centrality,N/A,rrg,0.0,0.3,0.3,4,0.67,0.7000529,0.0,0.0,18.890683624700973,20.604952,149.8181818181818,0.0,0.0,0.0
deg_centrality,N/A,rrg,0.1,0.3,0.3,4,0.69,0.72100604,0.06060606060606033,0.06985605,15.435445379249783,17.242392,136.2929292929293,0.6363636363636364,0.1414141414141414,0.23140495867768593
deg_centrality,N/A,rrg,0.2,0.3,0.3,4,0.7433333333333333,0.7619754,0.222222222222222,0.20644471,10.070310912095646,12.226979,106.31313131313131,0.72,0.36363636363636365,0.4832214765100672
deg_centrality,N/A,rrg,0.30000000000000004,0.3,0.3,4,0.7466666666666667,0.7863809,0.23232323232323232,0.28781065,9.636202137488471,11.059481,94.23232323232324,0.7254901960784313,0.37373737373737376,0.4933333333333333
deg_centrality,N/A,rrg,0.4,0.3,0.3,4,0.8033333333333333,0.8177299,0.404040404040404,0.3923258,7.747395619871743,9.160947,80.23232323232324,0.8125,0.5252525252525253,0.6380368098159509
deg_centrality,N/A,rrg,0.5,0.3,0.3,4,0.8333333333333334,0.85182935,0.49494949494949503,0.5060107,6.249298460548474,6.69582,73.60606060606061,0.8266666666666667,0.6262626262626263,0.7126436781609197
deg_centrality,N/A,rrg,0.6000000000000001,0.3,0.3,4,0.8366666666666667,0.8833774,0.505050505050505,0.6111893,4.234030152607929,4.407309,65.83838383838383,0.7717391304347826,0.7171717171717171,0.7434554973821988
deg_centrality,N/A,rrg,0.7000000000000001,0.3,0.3,4,0.8933333333333333,0.9072587,0.6767676767676767,0.69080776,3.9075251317530757,3.8145459,58.94949494949495,0.8681318681318682,0.797979797979798,0.8315789473684211
deg_centrality,N/A,rrg,0.8,0.3,0.3,4,0.9366666666666666,0.92693484,0.808080808080808,0.7564065,3.337959695591884,3.1089776,55.44444444444444,0.8921568627450981,0.9191919191919192,0.9054726368159205
deg_centrality,N/A,rrg,0.9,0.3,0.3,4,0.9666666666666667,0.9580196,0.898989898989899,0.86004066,2.687837155385576,2.1858702,52.18181818181818,0.9320388349514563,0.9696969696969697,0.9504950495049505
deg_centrality,N/A,rrg,1.0,0.3,0.3,4,0.98,0.9757723,0.9393939393939393,0.9192268,1.4538713806132388,1.2886,50.42424242424242,0.9428571428571428,1.0,0.9705882352941176
deg_centrality,N/A,rrg,0.0,0.4,0.3,4,0.5966666666666667,0.6000774,0.0,0.0,11.642940681696237,18.645346,158.0909090909091,0.0,0.0,0.0
deg_centrality,N/A,rrg,0.1,0.4,0.3,4,0.62,0.6426673,0.05785123966942145,0.10649536,9.854399178573704,15.030863,134.77685950413223,0.6521739130434783,0.12396694214876033,0.20833333333333334
deg_centrality,N/A,rrg,0.2,0.4,0.3,4,0.6733333333333333,0.6896034,0.19008264462809915,0.22385831,8.293909648245517,12.194589,109.47107438016529,0.7169811320754716,0.3140495867768595,0.4367816091954023
deg_centrality,N/A,rrg,0.30000000000000004,0.4,0.3,4,0.7166666666666667,0.7351193,0.2975206611570248,0.33767006,6.814683979917809,9.756268,106.42148760330579,0.75,0.4462809917355372,0.5595854922279793
deg_centrality,N/A,rrg,0.4,0.4,0.3,4,0.75,0.7654301,0.3801652892561983,0.41346174,6.174075917449255,8.374513,91.67768595041322,0.7804878048780488,0.5289256198347108,0.6305418719211823
deg_centrality,N/A,rrg,0.5,0.4,0.3,4,0.7833333333333333,0.8086909,0.46280991735537186,0.5216347,4.27797412288659,6.3749123,84.01652892561984,0.7916666666666666,0.628099173553719,0.7004608294930875
deg_centrality,N/A,rrg,0.6000000000000001,0.4,0.3,4,0.84,0.85612345,0.6033057851239668,0.640239,3.296862232126212,4.912972,75.95867768595042,0.8543689320388349,0.7272727272727273,0.7857142857142857
deg_centrality,N/A,rrg,0.7000000000000001,0.4,0.3,4,0.86,0.88528633,0.652892561983471,0.71316034,3.7293511458589514,4.28343,69.45454545454545,0.8558558558558559,0.7851239669421488,0.8189655172413794
deg_centrality,N/A,rrg,0.8,0.4,0.3,4,0.9166666666666666,0.9255357,0.793388429752066,0.8138032,2.945346708852392,3.1179433,64.5702479338843,0.9285714285714286,0.859504132231405,0.8927038626609443
deg_centrality,N/A,rrg,0.9,0.4,0.3,4,0.9566666666666667,0.95176923,0.8925619834710744,0.8793998,2.460834298393244,2.1482768,62.29752066115702,0.9576271186440678,0.9338842975206612,0.9456066945606695
deg_centrality,N/A,rrg,1.0,0.4,0.3,4,0.9966666666666667,0.9800765,0.9917355371900828,0.9501816,1.8241838554467298,1.641706,61.00826446280992,0.9918032786885246,1.0,0.9958847736625513
deg_centrality,N/A,rrg,0.0,0.05,0.3,5,0.9433333333333334,0.949999,0.0,0.0,18.495209630300085,10.05548,157.0,0.0,0.0,0.0
deg_centrality,N/A,rrg,0.1,0.05,0.3,5,0.9266666666666666,0.9526886,-0.2941176470588246,0.053790897,14.606390594683957,7.817658,94.58823529411765,0.2727272727272727,0.17647058823529413,0.21428571428571427
deg_centrality,N/A,rrg,0.2,0.05,0.3,5,0.9233333333333333,0.9509627,-0.3529411764705887,0.019274555,10.318145115597629,7.4264483,86.23529411764706,0.25,0.17647058823529413,0.20689655172413793
deg_centrality,N/A,rrg,0.30000000000000004,0.05,0.3,5,0.9166666666666666,0.95670277,-0.4705882352941189,0.13407314,8.477911412681355,6.0327826,63.705882352941174,0.2777777777777778,0.29411764705882354,0.28571428571428575
deg_centrality,N/A,rrg,0.4,0.05,0.3,5,0.9066666666666666,0.95681256,-0.6470588235294132,0.13626891,8.4975237253908,5.7182918,70.58823529411765,0.21052631578947367,0.23529411764705882,0.2222222222222222
deg_centrality,N/A,rrg,0.5,0.05,0.3,5,0.93,0.9706045,-0.2352941176470585,0.41210163,4.980925404446055,4.244311,37.0,0.4,0.47058823529411764,0.4324324324324324
deg_centrality,N/A,rrg,0.6000000000000001,0.05,0.3,5,0.9466666666666667,0.9713171,0.05882352941176413,0.42635402,5.933603230781064,3.0575678,30.11764705882353,0.5238095238095238,0.6470588235294118,0.5789473684210527
deg_centrality,N/A,rrg,0.7000000000000001,0.05,0.3,5,0.9633333333333334,0.98122174,0.3529411764705887,0.6244424,4.333298927652835,2.5737467,18.0,0.6363636363636364,0.8235294117647058,0.717948717948718
deg_centrality,N/A,rrg,0.8,0.05,0.3,5,0.9633333333333334,0.98637897,0.3529411764705887,0.72758496,3.5462112215856934,1.6819487,14.117647058823529,0.6363636363636364,0.8235294117647058,0.717948717948718
deg_centrality,N/A,rrg,0.9,0.05,0.3,5,0.9933333333333333,0.9870099,0.8823529411764698,0.74020296,1.4701810280775247,1.7040102,9.0,0.8947368421052632,1.0,0.9444444444444444
deg_centrality,N/A,rrg,1.0,0.05,0.3,5,1.0,0.99021065,1.0,0.80421704,0.8745043567346243,1.2837006,9.0,1.0,1.0,1.0
deg_centrality,N/A,rrg,0.0,0.1,0.3,5,0.9,0.9000011,0.0,0.0,25.319567102434938,15.677497,123.86666666666666,0.0,0.0,0.0
deg_centrality,N/A,rrg,0.1,0.1,0.3,5,0.8833333333333333,0.89393383,-0.1666666666666672,-0.060673434,19.271252855413415,13.613021,114.76666666666667,0.2727272727272727,0.1,0.14634146341463417
deg_centrality,N/A,rrg,0.2,0.1,0.3,5,0.8866666666666667,0.9007417,-0.1333333333333331,0.007405959,13.257059464274134,10.297045,88.53333333333333,0.4166666666666667,0.3333333333333333,0.3703703703703704
deg_centrality,N/A,rrg,0.30000000000000004,0.1,0.3,5,0.8766666666666667,0.90241677,-0.23333333333333323,0.024156839,10.969425173903568,10.099815,87.23333333333333,0.37037037037037035,0.3333333333333333,0.3508771929824561
deg_centrality,N/A,rrg,0.4,0.1,0.3,5,0.8966666666666666,0.9198686,-0.03333333333333411,0.198677,8.912218501407478,7.692473,58.46666666666667,0.48484848484848486,0.5333333333333333,0.507936507936508
deg_centrality,N/A,rrg,0.5,0.1,0.3,5,0.8966666666666666,0.92400473,-0.03333333333333411,0.24003892,7.526490977458211,6.0499783,47.166666666666664,0.4857142857142857,0.5666666666666667,0.523076923076923
deg_centrality,N/A,rrg,0.6000000000000001,0.1,0.3,5,0.9,0.94178945,0.0,0.41788802,6.953358573878095,4.6827617,39.666666666666664,0.5,0.6666666666666666,0.5714285714285715
deg_centrality,N/A,rrg,0.7000000000000001,0.1,0.3,5,0.92,0.9609866,0.20000000000000023,0.6098618,5.3502545444826834,3.2178462,21.8,0.5714285714285714,0.8,0.6666666666666666
deg_centrality,N/A,rrg,0.8,0.1,0.3,5,0.95,0.9659572,0.49999999999999944,0.6595685,4.4423990504104465,2.6861322,22.966666666666665,0.7027027027027027,0.8666666666666667,0.7761194029850748
deg_centrality,N/A,rrg,0.9,0.1,0.3,5,0.9766666666666667,0.96882373,0.7666666666666668,0.68823385,2.7208898582687038,2.4914935,17.2,0.8285714285714286,0.9666666666666667,0.8923076923076922
deg_centrality,N/A,rrg,1.0,0.1,0.3,5,0.9933333333333333,0.9783026,0.9333333333333329,0.7830236,1.9572137562377665,1.701312,15.7,0.9375,1.0,0.967741935483871
deg_centrality,N/A,rrg,0.0,0.2,0.3,5,0.7966666666666666,0.8000143,0.0,0.0,23.089863192325737,20.36491,160.60655737704917,0.0,0.0,0.0
deg_centrality,N/A,rrg,0.1,0.2,0.3,5,0.8166666666666667,0.8102509,0.09836065573770499,0.051186472,16.636225503510058,16.042686,104.18032786885246,0.6875,0.18032786885245902,0.2857142857142857
deg_centrality,N/A,rrg,0.2,0.2,0.3,5,0.8166666666666667,0.82687205,0.09836065573770499,0.13429828,12.739782195855915,12.639973,79.80327868852459,0.6,0.29508196721311475,0.3956043956043956
deg_centrality,N/A,rrg,0.30000000000000004,0.2,0.3,5,0.84,0.8614103,0.21311475409836064,0.30700198,10.766790305078521,10.119349,71.0,0.6756756756756757,0.4098360655737705,0.5102040816326531
deg_centrality,N/A,rrg,0.4,0.2,0.3,5,0.86,0.8640822,0.31147540983606564,0.32036245,7.388773459509606,8.502052,65.72131147540983,0.7021276595744681,0.5409836065573771,0.611111111111111
deg_centrality,N/A,rrg,0.5,0.2,0.3,5,0.8666666666666667,0.897454,0.3442622950819675,0.4872334,6.980652385058218,6.443053,56.78688524590164,0.6981132075471698,0.6065573770491803,0.6491228070175438
deg_centrality,N/A,rrg,0.6000000000000001,0.2,0.3,5,0.91,0.9115965,0.557377049180328,0.55795074,6.646492548076018,5.6228557,48.14754098360656,0.84,0.6885245901639344,0.7567567567567568
deg_centrality,N/A,rrg,0.7000000000000001,0.2,0.3,5,0.9133333333333333,0.9310837,0.5737704918032788,0.6553937,4.493489583982561,4.020853,39.39344262295082,0.7777777777777778,0.8032786885245902,0.7903225806451613
deg_centrality,N/A,rrg,0.8,0.2,0.3,5,0.9366666666666666,0.94663125,0.6885245901639344,0.73313713,3.8938284764147633,3.056368,35.540983606557376,0.8620689655172413,0.819672131147541,0.8403361344537814
deg_centrality,N/A,rrg,0.9,0.2,0.3,5,0.9733333333333334,0.9645341,0.8688524590163937,0.8226578,2.9978986493863187,2.541374,32.19672131147541,0.9344262295081968,0.9344262295081968,0.9344262295081968
deg_centrality,N/A,rrg,1.0,0.2,0.3,5,0.99,0.9775999,0.9508196721311475,0.88799155,2.126496615804005,2.0577633,31.0,0.953125,1.0,0.976
deg_centrality,N/A,rrg,0.0,0.3,0.3,5,0.7266666666666667,0.7000529,0.0,0.0,16.920190415533714,20.504723,155.9512195121951,0.0,0.0,0.0
deg_centrality,N/A,rrg,0.1,0.3,0.3,5,0.7533333333333333,0.722361,0.09756097560975592,0.07437349,12.779418570196903,16.14333,125.54878048780488,0.7,0.17073170731707318,0.2745098039215686
deg_centrality,N/A,rrg,0.2,0.3,0.3,5,0.7866666666666666,0.7580302,0.21951219512195103,0.19329162,10.349749943275745,13.407272,97.42682926829268,0.7647058823529411,0.3170731707317073,0.4482758620689655
deg_centrality,N/A,rrg,0.30000000000000004,0.3,0.3,5,0.82,0.7981618,0.34146341463414615,0.3270873,8.34723841630767,9.6142,84.85365853658537,0.75,0.5121951219512195,0.6086956521739131
deg_centrality,N/A,rrg,0.4,0.3,0.3,5,0.8233333333333334,0.8248109,0.35365853658536595,0.41593337,6.841511040074741,7.882081,73.60975609756098,0.7457627118644068,0.5365853658536586,0.624113475177305
deg_centrality,N/A,rrg,0.5,0.3,0.3,5,0.8266666666666667,0.8583053,0.3658536585365853,0.52760094,6.331451701082056,6.194907,63.329268292682926,0.7586206896551724,0.5365853658536586,0.6285714285714286
deg_centrality,N/A,rrg,0.6000000000000001,0.3,0.3,5,0.88,0.88910747,0.5609756097560975,0.630293,5.451042521358504,4.939466,53.91463414634146,0.7948717948717948,0.7560975609756098,0.7749999999999999
deg_centrality,N/A,rrg,0.7000000000000001,0.3,0.3,5,0.9233333333333333,0.9150212,0.7195121951219512,0.7166873,3.782086172937618,4.1019716,49.91463414634146,0.9041095890410958,0.8048780487804879,0.8516129032258065
deg_centrality,N/A,rrg,0.8,0.3,0.3,5,0.95,0.9326588,0.8170731707317072,0.7754897,2.548908974971704,3.155468,44.8780487804878,0.935064935064935,0.8780487804878049,0.9056603773584906
deg_centrality,N/A,rrg,0.9,0.3,0.3,5,0.9666666666666667,0.9638328,0.8780487804878049,0.8794214,2.721051158117976,1.7735941,43.03658536585366,0.9285714285714286,0.9512195121951219,0.9397590361445782
deg_centrality,N/A,rrg,1.0,0.3,0.3,5,0.9933333333333333,0.98214996,0.9756097560975608,0.94048935,1.9175885757117435,1.5234712,41.52439024390244,0.9761904761904762,1.0,0.9879518072289156
deg_centrality,N/A,rrg,0.0,0.4,0.3,5,0.5933333333333334,0.6000774,0.0,0.0,12.452398643099189,18.963707,151.25409836065575,0.0,0.0,0.0
deg_centrality,N/A,rrg,0.1,0.4,0.3,5,0.6233333333333333,0.6441078,0.07377049180327849,0.11009737,10.352267413975964,15.844559,133.0,0.6956521739130435,0.13114754098360656,0.2206896551724138
deg_centrality,N/A,rrg,0.2,0.4,0.3,5,0.7,0.68622035,0.2622950819672129,0.21539907,8.595566406550198,13.544714,110.31967213114754,0.8636363636363636,0.3114754098360656,0.4578313253012048
deg_centrality,N/A,rrg,0.30000000000000004,0.4,0.3,5,0.72,0.72107005,0.3114754098360654,0.30254018,7.100791183311127,11.049102,104.88524590163935,0.8064516129032258,0.4098360655737705,0.5434782608695652
deg_centrality,N/A,rrg,0.4,0.4,0.3,5,0.77,0.76413083,0.4344262295081967,0.41021296,6.259512488088683,9.603992,86.90983606557377,0.8192771084337349,0.5573770491803278,0.6634146341463414
deg_centrality,N/A,rrg,0.5,0.4,0.3,5,0.7966666666666666,0.7973429,0.4999999999999999,0.4932592,4.855783132784693,7.1203995,83.99180327868852,0.8674698795180723,0.5901639344262295,0.702439024390244
deg_centrality,N/A,rrg,0.6000000000000001,0.4,0.3,5,0.8333333333333334,0.83929706,0.5901639344262296,0.5981649,4.5608284043406435,6.054882,75.84426229508196,0.875,0.6885245901639344,0.7706422018348624
deg_centrality,N/A,rrg,0.7000000000000001,0.4,0.3,5,0.8666666666666667,0.8810611,0.6721311475409837,0.7025952,4.122062969395748,4.935429,70.27868852459017,0.8867924528301887,0.7704918032786885,0.8245614035087719
deg_centrality,N/A,rrg,0.8,0.4,0.3,5,0.9333333333333333,0.92016256,0.8360655737704918,0.8003678,3.410261383826937,4.0849004,64.17213114754098,0.9473684210526315,0.8852459016393442,0.9152542372881356
deg_centrality,N/A,rrg,0.9,0.4,0.3,5,0.9566666666666667,0.9486824,0.8934426229508197,0.8716812,2.2041198751518114,2.9877312,62.131147540983605,0.936,0.9590163934426229,0.9473684210526315
deg_centrality,N/A,rrg,1.0,0.4,0.3,5,0.99,0.97913146,0.9754098360655737,0.9478186,1.7951459445440934,2.054128,61.5,0.976,1.0,0.9878542510121457
deg_centrality,N/A,rrg,0.0,0.05,0.3,6,0.9533333333333334,0.949999,0.0,0.0,20.082214239438223,9.961997,132.78571428571428,0.0,0.0,0.0
deg_centrality,N/A,rrg,0.1,0.05,0.3,6,0.9266666666666666,0.9393011,-0.5714285714285732,-0.21395364,18.573795950824465,9.702035,98.07142857142857,0.16666666666666666,0.14285714285714285,0.15384615384615383
deg_centrality,N/A,rrg,0.2,0.05,0.3,6,0.9166666666666666,0.94438213,-0.7857142857142878,-0.11233457,14.601922078256779,8.219556,53.57142857142857,0.23809523809523808,0.35714285714285715,0.2857142857142857
deg_centrality,N/A,rrg,0.30000000000000004,0.05,0.3,6,0.9133333333333333,0.94152385,-0.8571428571428585,-0.16949902,12.408662674100297,6.997577,65.5,0.2,0.2857142857142857,0.23529411764705882
deg_centrality,N/A,rrg,0.4,0.05,0.3,6,0.92,0.9564211,-0.7142857142857146,0.12843941,10.405948688701422,5.4197707,39.214285714285715,0.2916666666666667,0.5,0.3684210526315789
deg_centrality,N/A,rrg,0.5,0.05,0.3,6,0.93,0.9675162,-0.5,0.350337,10.767843604362481,3.8231332,42.142857142857146,0.37037037037037035,0.7142857142857143,0.4878048780487805
deg_centrality,N/A,rrg,0.6000000000000001,0.05,0.3,6,0.9466666666666667,0.97528094,-0.14285714285714388,0.50562894,8.19209450818384,3.04538,15.0,0.4642857142857143,0.9285714285714286,0.6190476190476191
deg_centrality,N/A,rrg,0.7000000000000001,0.05,0.3,6,0.96,0.97280526,0.1428571428571415,0.45611638,5.156157002825745,3.0588143,11.5,0.5416666666666666,0.9285714285714286,0.6842105263157894
deg_centrality,N/A,rrg,0.8,0.05,0.3,6,0.9666666666666667,0.9810206,0.28571428571428537,0.6204204,3.8399076651316286,2.2163942,11.0,0.5909090909090909,0.9285714285714286,0.7222222222222223
deg_centrality,N/A,rrg,0.9,0.05,0.3,6,0.9733333333333334,0.98635113,0.42857142857142927,0.72702825,3.591098864705464,1.8001965,9.5,0.65,0.9285714285714286,0.7647058823529412
deg_centrality,N/A,rrg,1.0,0.05,0.3,6,0.9966666666666667,0.98645926,0.9285714285714293,0.72919065,1.956870330014033,1.6530955,7.571428571428571,0.9333333333333333,1.0,0.9655172413793104
deg_centrality,N/A,rrg,0.0,0.1,0.3,6,0.9,0.900001,0.0,0.0,26.669683860558816,15.704238,119.63333333333334,0.0,0.0,0.0
deg_centrality,N/A,rrg,0.1,0.1,0.3,6,0.89,0.8883367,-0.10000000000000012,-0.11664387,18.21721602694842,13.765061,123.9,0.38461538461538464,0.16666666666666666,0.2325581395348837
deg_centrality,N/A,rrg,0.2,0.1,0.3,6,0.8933333333333333,0.89759535,-0.06666666666666711,-0.024056673,12.235016943541083,11.034732,80.13333333333334,0.4642857142857143,0.43333333333333335,0.4482758620689655
deg_centrality,N/A,rrg,0.30000000000000004,0.1,0.3,6,0.8766666666666667,0.9122512,-0.23333333333333323,0.122503065,13.940401917823138,8.978158,82.6,0.34782608695652173,0.26666666666666666,0.30188679245283023
deg_centrality,N/A,rrg,0.4,0.1,0.3,6,0.8833333333333333,0.9310838,-0.1666666666666672,0.31083116,9.81892045969761,5.9426217,56.833333333333336,0.4358974358974359,0.5666666666666667,0.4927536231884058
deg_centrality,N/A,rrg,0.5,0.1,0.3,6,0.8966666666666666,0.9358234,-0.03333333333333411,0.35822746,9.330763696326175,5.3405695,52.13333333333333,0.4838709677419355,0.5,0.4918032786885246
deg_centrality,N/A,rrg,0.6000000000000001,0.1,0.3,6,0.9133333333333333,0.9482049,0.1333333333333331,0.48204362,7.856230233722078,4.2480674,29.733333333333334,0.5434782608695652,0.8333333333333334,0.6578947368421053
deg_centrality,N/A,rrg,0.7000000000000001,0.1,0.3,6,0.93,0.960895,0.3000000000000003,0.60894614,5.95874450179695,3.3628135,28.233333333333334,0.6216216216216216,0.7666666666666667,0.6865671641791045
deg_centrality,N/A,rrg,0.8,0.1,0.3,6,0.9566666666666667,0.9686024,0.5666666666666665,0.6860211,4.537599097932656,2.7967844,18.7,0.717948717948718,0.9333333333333333,0.8115942028985509
deg_centrality,N/A,rrg,0.9,0.1,0.3,6,0.9733333333333334,0.97244465,0.7333333333333337,0.7244438,3.234001856582735,2.093022,16.066666666666666,0.7894736842105263,1.0,0.8823529411764706
deg_centrality,N/A,rrg,1.0,0.1,0.3,6,0.99,0.97735536,0.8999999999999999,0.77355134,2.012593422399804,1.921887,15.866666666666667,0.9090909090909091,1.0,0.9523809523809523
deg_centrality,N/A,rrg,0.0,0.2,0.3,6,0.84,0.8000143,0.0,0.0,19.825838868494067,20.163897,157.91666666666666,0.0,0.0,0.0
deg_centrality,N/A,rrg,0.1,0.2,0.3,6,0.8566666666666667,0.80918103,0.10416666666666698,0.04583687,13.362606892655943,15.816074,95.66666666666667,0.6190476190476191,0.2708333333333333,0.37681159420289856
deg_centrality,N/A,rrg,0.2,0.2,0.3,6,0.8633333333333333,0.8269742,0.1458333333333332,0.13480914,11.675295808679094,12.807817,90.47916666666667,0.64,0.3333333333333333,0.4383561643835616
deg_centrality,N/A,rrg,0.30000000000000004,0.2,0.3,6,0.8633333333333333,0.8517735,0.1458333333333332,0.25881445,8.232488216000418,10.370731,62.979166666666664,0.6060606060606061,0.4166666666666667,0.4938271604938272
deg_centrality,N/A,rrg,0.4,0.2,0.3,6,0.89,0.8815164,0.3125000000000002,0.40753958,7.679292235763299,7.1151056,59.6875,0.6595744680851063,0.6458333333333334,0.6526315789473683
deg_centrality,N/A,rrg,0.5,0.2,0.3,6,0.8833333333333333,0.89171875,0.2708333333333333,0.45855495,6.253455293106533,6.5203238,52.833333333333336,0.6382978723404256,0.625,0.631578947368421
deg_centrality,N/A,rrg,0.6000000000000001,0.2,0.3,6,0.9266666666666666,0.91326946,0.5416666666666666,0.56631625,4.120745591002195,4.9740033,35.979166666666664,0.7708333333333334,0.7708333333333334,0.7708333333333333
deg_centrality,N/A,rrg,0.7000000000000001,0.2,0.3,6,0.9066666666666666,0.9355557,0.4166666666666665,0.6777554,3.5285567633993113,3.5034065,33.041666666666664,0.6785714285714286,0.7916666666666666,0.7307692307692307
deg_centrality,N/A,rrg,0.8,0.2,0.3,6,0.94,0.95841706,0.6249999999999998,0.7920704,2.720051193650376,2.5199504,30.4375,0.7678571428571429,0.8958333333333334,0.8269230769230769
deg_centrality,N/A,rrg,0.9,0.2,0.3,6,0.9666666666666667,0.96799314,0.7916666666666667,0.83995426,1.8042560681759066,1.8122135,25.020833333333332,0.8392857142857143,0.9791666666666666,0.9038461538461539
deg_centrality,N/A,rrg,1.0,0.2,0.3,6,0.99,0.98072064,0.9375,0.9035963,1.1750048181123651,1.3666627,24.541666666666668,0.9411764705882353,1.0,0.9696969696969697
deg_centrality,N/A,rrg,0.0,0.3,0.3,6,0.6833333333333333,0.7000529,0.0,0.0,17.269349112441063,20.654613,135.0,0.0,0.0,0.0
deg_centrality,N/A,rrg,0.1,0.3,0.3,6,0.6766666666666666,0.72800183,-0.021052631578947503,0.09317949,13.425750737096823,16.264612,123.23157894736842,0.4583333333333333,0.11578947368421053,0.18487394957983194
deg_centrality,N/A,rrg,0.2,0.3,0.3,6,0.7333333333333333,0.7524765,0.15789473684210506,0.17477615,10.979021758883793,14.132361,103.33684210526316,0.6829268292682927,0.29473684210526313,0.411764705882353
deg_centrality,N/A,rrg,0.30000000000000004,0.3,0.3,6,0.7366666666666667,0.7925042,0.168421052631579,0.30822527,8.531767352933318,10.209087,99.5578947368421,0.6538461538461539,0.35789473684210527,0.4625850340136054
deg_centrality,N/A,rrg,0.4,0.3,0.3,6,0.78,0.8180835,0.3052631578947369,0.39350477,7.425270631358585,8.392142,81.85263157894737,0.7457627118644068,0.4631578947368421,0.5714285714285715
deg_centrality,N/A,rrg,0.5,0.3,0.3,6,0.7866666666666666,0.8550702,0.32631578947368406,0.51681536,6.390324073888622,6.676701,74.16842105263157,0.7012987012987013,0.5684210526315789,0.627906976744186
deg_centrality,N/A,rrg,0.6000000000000001,0.3,0.3,6,0.8533333333333334,0.8817297,0.536842105263158,0.6056962,4.8236590266035835,5.3492575,62.863157894736844,0.8311688311688312,0.6736842105263158,0.7441860465116279
deg_centrality,N/A,rrg,0.7000000000000001,0.3,0.3,6,0.8533333333333334,0.90508586,0.536842105263158,0.6835637,4.415836576825918,4.2830095,60.43157894736842,0.7931034482758621,0.7263157894736842,0.7582417582417583
deg_centrality,N/A,rrg,0.8,0.3,0.3,6,0.93,0.9278133,0.7789473684210527,0.75933516,2.9649012641235384,3.4832845,53.084210526315786,0.8775510204081632,0.9052631578947369,0.8911917098445595
deg_centrality,N/A,rrg,0.9,0.3,0.3,6,0.9666666666666667,0.950116,0.8947368421052632,0.8336906,2.41634217443939,2.5640879,49.02105263157895,0.956989247311828,0.9368421052631579,0.946808510638298
deg_centrality,N/A,rrg,1.0,0.3,0.3,6,0.9866666666666667,0.97554207,0.9578947368421054,0.9184592,1.8173913667776946,1.6964742,48.11578947368421,0.9595959595959596,1.0,0.979381443298969
deg_centrality,N/A,rrg,0.0,0.4,0.3,6,0.5666666666666667,0.60007733,0.0,0.0,13.214607989565687,18.77678,143.35384615384615,0.0,0.0,0.0
deg_centrality,N/A,rrg,0.1,0.4,0.3,6,0.62,0.6379736,0.1230769230769231,0.09475901,10.65595176114565,15.39568,126.46923076923076,0.7666666666666667,0.17692307692307693,0.2875
deg_centrality,N/A,rrg,0.2,0.4,0.3,6,0.6566666666666666,0.68531156,0.20769230769230762,0.21312676,8.833949045357793,12.913898,112.0,0.7368421052631579,0.3230769230769231,0.4491978609625668
deg_centrality,N/A,rrg,0.30000000000000004,0.4,0.3,6,0.6733333333333333,0.7298704,0.2461538461538462,0.32454535,8.210844518555104,10.590185,105.03076923076924,0.7352941176470589,0.38461538461538464,0.5050505050505051
deg_centrality,N/A,rrg,0.4,0.4,0.3,6,0.7233333333333334,0.7652257,0.3615384615384617,0.41295078,6.404124837720755,8.407031,96.70769230769231,0.7901234567901234,0.49230769230769234,0.6066350710900473
deg_centrality,N/A,rrg,0.5,0.4,0.3,6,0.7866666666666666,0.8076927,0.5076923076923077,0.5191388,5.515237371195567,6.7858887,87.00769230769231,0.851063829787234,0.6153846153846154,0.7142857142857144
deg_centrality,N/A,rrg,0.6000000000000001,0.4,0.3,6,0.8333333333333334,0.8519235,0.6153846153846155,0.62973726,4.996382895360298,5.5132513,79.67692307692307,0.8773584905660378,0.7153846153846154,0.7881355932203389
deg_centrality,N/A,rrg,0.7000000000000001,0.4,0.3,6,0.88,0.8862142,0.7230769230769231,0.7154805,3.5998086653381636,3.834463,73.1076923076923,0.9122807017543859,0.8,0.8524590163934427
deg_centrality,N/A,rrg,0.8,0.4,0.3,6,0.8933333333333333,0.9222233,0.7538461538461538,0.8055207,3.113205762303854,3.0380294,70.97692307692307,0.8888888888888888,0.8615384615384616,0.8750000000000001
deg_centrality,N/A,rrg,0.9,0.4,0.3,6,0.93,0.9464874,0.8384615384615386,0.8661927,2.6602596643418495,2.338019,67.13846153846154,0.936,0.9,0.9176470588235294
deg_centrality,N/A,rrg,1.0,0.4,0.3,6,0.9833333333333333,0.98281413,0.9615384615384615,0.957027,1.6116488581329955,1.5544479,65.5923076923077,0.9629629629629629,1.0,0.9811320754716981
deg_centrality,N/A,rrg,0.0,0.05,0.3,7,0.9333333333333333,0.949999,0.0,0.0,26.709246632586645,9.964065,153.35,0.0,0.0,0.0
deg_centrality,N/A,rrg,0.1,0.05,0.3,7,0.8966666666666666,0.937336,-0.5500000000000012,-0.25325376,20.876519394637604,9.609562,127.8,0.13333333333333333,0.1,0.1142857142857143
deg_centrality,N/A,rrg,0.2,0.05,0.3,7,0.8966666666666666,0.94063926,-0.5500000000000012,-0.1871905,13.154057218505725,8.32623,91.05,0.2962962962962963,0.4,0.3404255319148936
deg_centrality,N/A,rrg,0.30000000000000004,0.05,0.3,7,0.8833333333333333,0.93818206,-0.7500000000000009,-0.23633353,10.707070085221533,7.2435594,72.65,0.2413793103448276,0.35,0.2857142857142857
deg_centrality,N/A,rrg,0.4,0.05,0.3,7,0.91,0.957226,-0.3499999999999998,0.1445371,10.096203620612176,5.27838,47.8,0.37037037037037035,0.5,0.425531914893617
deg_centrality,N/A,rrg,0.5,0.05,0.3,7,0.8966666666666666,0.96225667,-0.5500000000000012,0.24514888,10.52043826045495,4.5934825,53.0,0.3225806451612903,0.5,0.39215686274509803
deg_centrality,N/A,rrg,0.6000000000000001,0.05,0.3,7,0.92,0.96493703,-0.19999999999999968,0.298755,7.720670981249141,3.9817235,30.25,0.4230769230769231,0.55,0.47826086956521735
deg_centrality,N/A,rrg,0.7000000000000001,0.05,0.3,7,0.9366666666666666,0.97339517,0.0499999999999995,0.46791428,7.022616661329024,2.750156,23.45,0.5172413793103449,0.75,0.6122448979591838
deg_centrality,N/A,rrg,0.8,0.05,0.3,7,0.94,0.9753059,0.099999999999999,0.50612843,2.905181375541595,2.3643162,18.65,0.5357142857142857,0.75,0.6250000000000001
deg_centrality,N/A,rrg,0.9,0.05,0.3,7,0.9566666666666667,0.98334247,0.3499999999999998,0.6668562,3.6069570468527052,1.839919,17.35,0.6296296296296297,0.85,0.723404255319149
deg_centrality,N/A,rrg,1.0,0.05,0.3,7,0.9833333333333333,0.98495674,0.7499999999999991,0.69914097,2.0449769347460873,1.5839933,10.5,0.8,1.0,0.888888888888889
deg_centrality,N/A,rrg,0.0,0.1,0.3,7,0.92,0.900001,0.0,0.0,21.865353106065534,15.685438,151.0,0.0,0.0,0.0
deg_centrality,N/A,rrg,0.1,0.1,0.3,7,0.9,0.8904622,-0.25000000000000033,-0.09538864,17.58989309585053,14.214925,114.75,0.125,0.041666666666666664,0.0625
deg_centrality,N/A,rrg,0.2,0.1,0.3,7,0.89,0.8922116,-0.3750000000000005,-0.0778945,13.385313986673774,11.995037,96.08333333333333,0.2631578947368421,0.20833333333333334,0.23255813953488372
deg_centrality,N/A,rrg,0.30000000000000004,0.1,0.3,7,0.8933333333333333,0.9192289,-0.33333333333333426,0.19228113,12.675960827906637,8.625964,66.875,0.3333333333333333,0.3333333333333333,0.3333333333333333
deg_centrality,N/A,rrg,0.4,0.1,0.3,7,0.9133333333333333,0.9245628,-0.08333333333333391,0.24562065,9.638681847339024,7.7058806,41.625,0.4666666666666667,0.5833333333333334,0.5185185185185186
deg_centrality,N/A,rrg,0.5,0.1,0.3,7,0.9133333333333333,0.94144386,-0.08333333333333391,0.41443282,9.656835195709977,5.65344,36.583333333333336,0.46875,0.625,0.5357142857142857
deg_centrality,N/A,rrg,0.6000000000000001,0.1,0.3,7,0.93,0.95154,0.12500000000000017,0.51539516,7.69145341613941,4.1265235,23.958333333333332,0.5405405405405406,0.8333333333333334,0.6557377049180328
deg_centrality,N/A,rrg,0.7000000000000001,0.1,0.3,7,0.95,0.95427,0.3749999999999991,0.5426955,5.940820000790144,3.77248,20.0,0.6551724137931034,0.7916666666666666,0.7169811320754716
deg_centrality,N/A,rrg,0.8,0.1,0.3,7,0.9633333333333334,0.96752703,0.541666666666667,0.6752671,4.1619194817428555,2.7954862,16.125,0.7241379310344828,0.875,0.7924528301886793
deg_centrality,N/A,rrg,0.9,0.1,0.3,7,0.9633333333333334,0.97710705,0.541666666666667,0.7710682,2.8191455750890704,1.9508325,16.208333333333332,0.696969696969697,0.9583333333333334,0.8070175438596493
deg_centrality,N/A,rrg,1.0,0.1,0.3,7,0.9933333333333333,0.9815554,0.9166666666666661,0.8155522,1.45674649421857,1.7224334,12.541666666666666,0.9230769230769231,1.0,0.9600000000000001
deg_centrality,N/A,rrg,0.0,0.2,0.3,7,0.78,0.80001426,0.0,0.0,23.00807186932908,20.295828,156.12121212121212,0.0,0.0,0.0
deg_centrality,N/A,rrg,0.1,0.2,0.3,7,0.7833333333333333,0.79788065,0.015151515151515,-0.0106688,16.54605468453444,17.032406,124.33333333333333,0.5384615384615384,0.10606060606060606,0.17721518987341772
deg_centrality,N/A,rrg,0.2,0.2,0.3,7,0.81,0.82790637,0.1363636363636365,0.1394705,13.078732911670917,12.07695,104.36363636363636,0.6451612903225806,0.30303030303030304,0.41237113402061853
deg_centrality,N/A,rrg,0.30000000000000004,0.2,0.3,7,0.8,0.853737,0.090909090909091,0.26863286,12.176064460400307,10.139801,83.96969696969697,0.5714285714285714,0.36363636363636365,0.4444444444444444
deg_centrality,N/A,rrg,0.4,0.2,0.3,7,0.85,0.87072253,0.318181818181818,0.3535666,8.6457215748079,8.52375,64.39393939393939,0.7142857142857143,0.5303030303030303,0.608695652173913
deg_centrality,N/A,rrg,0.5,0.2,0.3,7,0.8733333333333333,0.90082014,0.424242424242424,0.50406533,8.846453972744715,5.9027476,59.34848484848485,0.7333333333333333,0.6666666666666666,0.6984126984126984
deg_centrality,N/A,rrg,0.6000000000000001,0.2,0.3,7,0.87,0.9161486,0.409090909090909,0.58071315,6.699565402887175,4.9342194,53.78787878787879,0.7142857142857143,0.6818181818181818,0.6976744186046512
deg_centrality,N/A,rrg,0.7000000000000001,0.2,0.3,7,0.9333333333333333,0.924622,0.696969696969697,0.6230831,4.867077219728822,4.170919,44.24242424242424,0.896551724137931,0.7878787878787878,0.8387096774193549
deg_centrality,N/A,rrg,0.8,0.2,0.3,7,0.9366666666666666,0.93864685,0.712121212121212,0.6932124,3.493184981939595,3.1007705,39.86363636363637,0.8852459016393442,0.8181818181818182,0.8503937007874016
deg_centrality,N/A,rrg,0.9,0.2,0.3,7,0.9566666666666667,0.96044934,0.803030303030303,0.80223256,2.4604141558252093,2.051474,35.74242424242424,0.8955223880597015,0.9090909090909091,0.9022556390977443
deg_centrality,N/A,rrg,1.0,0.2,0.3,7,0.9933333333333333,0.9764861,0.9696969696969695,0.88242203,1.8999246080998375,1.4661529,33.621212121212125,0.9705882352941176,1.0,0.9850746268656716
deg_centrality,N/A,rrg,0.0,0.3,0.3,7,0.7333333333333333,0.7000529,0.0,0.0,16.679620954559585,20.6711,154.7125,0.0,0.0,0.0
deg_centrality,N/A,rrg,0.1,0.3,0.3,7,0.7766666666666666,0.72793776,0.16249999999999998,0.09296587,12.590790748590145,16.61484,114.4,0.782608695652174,0.225,0.34951456310679613
deg_centrality,N/A,rrg,0.2,0.3,0.3,7,0.79,0.7517811,0.2125000000000003,0.17245771,9.811827938820644,13.361221,104.4,0.7297297297297297,0.3375,0.46153846153846156
deg_centrality,N/A,rrg,0.30000000000000004,0.3,0.3,7,0.8,0.78860646,0.25000000000000033,0.29523057,8.331028004991794,10.215993,79.05,0.6666666666666666,0.5,0.5714285714285715
deg_centrality,N/A,rrg,0.4,0.3,0.3,7,0.79,0.816308,0.2125000000000003,0.38758537,6.937964266629377,8.383751,75.1375,0.6349206349206349,0.5,0.5594405594405595
deg_centrality,N/A,rrg,0.5,0.3,0.3,7,0.8333333333333334,0.8462412,0.3750000000000003,0.48738018,5.396964099736074,6.834938,66.375,0.7272727272727273,0.6,0.6575342465753425
deg_centrality,N/A,rrg,0.6000000000000001,0.3,0.3,7,0.9033333333333333,0.8751232,0.6375000000000001,0.58367056,4.693085484457744,5.4322696,55.0375,0.8805970149253731,0.7375,0.8027210884353743
deg_centrality,N/A,rrg,0.7000000000000001,0.3,0.3,7,0.8733333333333333,0.9165481,0.5249999999999999,0.72177786,3.942870444710151,4.1246786,52.975,0.7837837837837838,0.725,0.7532467532467533
deg_centrality,N/A,rrg,0.8,0.3,0.3,7,0.9366666666666666,0.93250144,0.7625,0.7749651,3.159317174303102,3.3007126,45.4125,0.9066666666666666,0.85,0.8774193548387097
deg_centrality,N/A,rrg,0.9,0.3,0.3,7,0.9666666666666667,0.9592337,0.875,0.86408836,1.9449184730607438,2.3221033,41.4875,0.926829268292683,0.95,0.9382716049382716
deg_centrality,N/A,rrg,1.0,0.3,0.3,7,0.99,0.9799982,0.9625,0.93331546,1.3792817587523145,1.7332735,40.6875,0.963855421686747,1.0,0.9815950920245399
deg_centrality,N/A,rrg,0.0,0.4,0.3,7,0.61,0.60007733,0.0,0.0,12.073518132712763,18.90085,146.66666666666666,0.0,0.0,0.0
deg_centrality,N/A,rrg,0.1,0.4,0.3,7,0.6066666666666667,0.648784,-0.00854700854700846,0.12179017,9.87109776214861,14.585747,141.9145299145299,0.4827586206896552,0.11965811965811966,0.19178082191780824
deg_centrality,N/A,rrg,0.2,0.4,0.3,7,0.6666666666666666,0.6890067,0.14529914529914523,0.22236638,8.41070065024984,11.918706,116.58974358974359,0.6976744186046512,0.2564102564102564,0.37499999999999994
deg_centrality,N/A,rrg,0.30000000000000004,0.4,0.3,7,0.7133333333333334,0.73442626,0.26495726495726507,0.33593726,7.956231221461806,10.971458,107.94871794871794,0.7627118644067796,0.38461538461538464,0.5113636363636364
deg_centrality,N/A,rrg,0.4,0.4,0.3,7,0.77,0.7684376,0.4102564102564103,0.42098212,6.045611114436008,8.991407,84.92307692307692,0.8,0.5470085470085471,0.6497461928934011
deg_centrality,N/A,rrg,0.5,0.4,0.3,7,0.8033333333333333,0.8204129,0.4957264957264958,0.55094534,5.092011946785978,6.968182,80.7094017094017,0.8295454545454546,0.6239316239316239,0.7121951219512196
deg_centrality,N/A,rrg,0.6000000000000001,0.4,0.3,7,0.8333333333333334,0.852862,0.5726495726495727,0.6320839,4.242027503068945,5.611775,71.94017094017094,0.8383838383838383,0.7094017094017094,0.7685185185185186
deg_centrality,N/A,rrg,0.7000000000000001,0.4,0.3,7,0.8466666666666667,0.8929806,0.6068376068376069,0.7323997,3.074208633434637,3.5817952,68.64102564102564,0.8446601941747572,0.7435897435897436,0.7909090909090909
deg_centrality,N/A,rrg,0.8,0.4,0.3,7,0.91,0.92292154,0.7692307692307693,0.8072666,2.7068642412611434,3.0057766,63.47008547008547,0.9090909090909091,0.8547008547008547,0.8810572687224669
deg_centrality,N/A,rrg,0.9,0.4,0.3,7,0.9433333333333334,0.9518129,0.8547008547008548,0.87950903,1.552481486781465,2.0677433,61.256410256410255,0.9464285714285714,0.905982905982906,0.9257641921397379
deg_centrality,N/A,rrg,1.0,0.4,0.3,7,0.99,0.9818872,0.9743589743589743,0.9547093,1.0886972354408535,1.32931,59.111111111111114,0.975,1.0,0.9873417721518987
deg_centrality,N/A,rrg,0.0,0.05,0.3,8,0.96,0.949999,0.0,0.0,18.725141170172922,10.0391245,162.66666666666666,0.0,0.0,0.0
deg_centrality,N/A,rrg,0.1,0.05,0.3,8,0.9333333333333333,0.9437791,-0.6666666666666649,-0.12439473,15.46404803791535,9.363226,92.91666666666667,0.16666666666666666,0.16666666666666666,0.16666666666666666
deg_centrality,N/A,rrg,0.2,0.05,0.3,8,0.9266666666666666,0.9515545,-0.8333333333333324,0.031109411,12.921793161057245,7.1183147,57.666666666666664,0.2727272727272727,0.5,0.3529411764705882
deg_centrality,N/A,rrg,0.30000000000000004,0.05,0.3,8,0.9266666666666666,0.9557851,-0.8333333333333324,0.11572005,10.783967807511251,6.0156054,34.75,0.2727272727272727,0.5,0.3529411764705882
deg_centrality,N/A,rrg,0.4,0.05,0.3,8,0.9133333333333333,0.96402794,-1.1666666666666647,0.28057358,11.906745671919914,4.612317,48.583333333333336,0.20833333333333334,0.4166666666666667,0.2777777777777778
deg_centrality,N/A,rrg,0.5,0.05,0.3,8,0.9133333333333333,0.96990436,-1.1666666666666647,0.3980996,8.285365453731563,3.7855191,45.666666666666664,0.20833333333333334,0.4166666666666667,0.2777777777777778
deg_centrality,N/A,rrg,0.6000000000000001,0.05,0.3,8,0.9666666666666667,0.9723908,0.1666666666666676,0.44782674,5.66818553547297,3.635734,17.666666666666668,0.55,0.9166666666666666,0.6874999999999999
deg_centrality,N/A,rrg,0.7000000000000001,0.05,0.3,8,0.9566666666666667,0.97785765,-0.08333333333333241,0.55716205,4.7752769878067,2.8425093,18.166666666666668,0.47619047619047616,0.8333333333333334,0.6060606060606061
deg_centrality,N/A,rrg,0.8,0.05,0.3,8,0.9766666666666667,0.98270833,0.4166666666666676,0.6541738,4.0138329442100575,2.2197022,15.333333333333334,0.6470588235294118,0.9166666666666666,0.7586206896551724
deg_centrality,N/A,rrg,0.9,0.05,0.3,8,0.9766666666666667,0.9862966,0.4166666666666676,0.7259375,2.8252153582221924,2.0700676,10.166666666666666,0.6666666666666666,0.8333333333333334,0.7407407407407408
deg_centrality,N/A,rrg,1.0,0.05,0.3,8,1.0,0.9883013,1.0,0.7660303,1.2623849210320897,1.760152,6.5,1.0,1.0,1.0
deg_centrality,N/A,rrg,0.0,0.1,0.3,8,0.9133333333333333,0.9000005,0.0,0.0,22.854438913183778,15.760194,133.73076923076923,0.0,0.0,0.0
deg_centrality,N/A,rrg,0.1,0.1,0.3,8,0.9133333333333333,0.90113324,0.0,0.011327324,14.261053617347395,12.429328,102.88461538461539,0.5,0.23076923076923078,0.3157894736842105
deg_centrality,N/A,rrg,0.2,0.1,0.3,8,0.9066666666666666,0.9019857,-0.07692307692307741,0.019852025,11.886554680331106,11.109474,77.03846153846153,0.4444444444444444,0.3076923076923077,0.3636363636363637
deg_centrality,N/A,rrg,0.30000000000000004,0.1,0.3,8,0.8866666666666667,0.9176651,-0.3076923076923071,0.17664702,11.416287819054551,8.051333,68.46153846153847,0.375,0.46153846153846156,0.41379310344827586
deg_centrality,N/A,rrg,0.4,0.1,0.3,8,0.86,0.93285674,-0.6153846153846155,0.32856396,9.119292609956968,5.5961776,73.07692307692308,0.2647058823529412,0.34615384615384615,0.29999999999999993
deg_centrality,N/A,rrg,0.5,0.1,0.3,8,0.91,0.9431856,-0.03846153846153807,0.43185335,6.611612796957866,5.2726927,50.42307692307692,0.48484848484848486,0.6153846153846154,0.5423728813559322
deg_centrality,N/A,rrg,0.6000000000000001,0.1,0.3,8,0.8966666666666666,0.9515568,-0.1923076923076929,0.5155655,5.369445673951891,3.720049,41.34615384615385,0.43243243243243246,0.6153846153846154,0.5079365079365079
deg_centrality,N/A,rrg,0.7000000000000001,0.1,0.3,8,0.94,0.9599464,0.3076923076923071,0.5994619,5.0822261534023285,3.2248542,29.0,0.6428571428571429,0.6923076923076923,0.6666666666666666
deg_centrality,N/A,rrg,0.8,0.1,0.3,8,0.9566666666666667,0.9630658,0.5,0.6306561,3.568010390934753,2.8859274,18.26923076923077,0.696969696969697,0.8846153846153846,0.7796610169491526
deg_centrality,N/A,rrg,0.9,0.1,0.3,8,0.9766666666666667,0.9725185,0.730769230769231,0.7251836,2.4944640865072287,2.2955172,16.307692307692307,0.8275862068965517,0.9230769230769231,0.8727272727272727
deg_centrality,N/A,rrg,1.0,0.1,0.3,8,0.9933333333333333,0.979826,0.9230769230769226,0.7982587,2.0013625479336317,1.7596922,13.76923076923077,0.9285714285714286,1.0,0.962962962962963
deg_centrality,N/A,rrg,0.0,0.2,0.3,8,0.7466666666666667,0.8000143,0.0,0.0,25.910585943147403,20.405508,145.6578947368421,0.0,0.0,0.0
deg_centrality,N/A,rrg,0.1,0.2,0.3,8,0.7566666666666667,0.81002057,0.039473684210526355,0.050034825,19.744722435049937,16.352678,127.75,0.5882352941176471,0.13157894736842105,0.2150537634408602
deg_centrality,N/A,rrg,0.2,0.2,0.3,8,0.7666666666666667,0.8293058,0.07894736842105271,0.14646804,15.015086058354873,13.014339,100.25,0.5882352941176471,0.2631578947368421,0.3636363636363636
deg_centrality,N/A,rrg,0.30000000000000004,0.2,0.3,8,0.8066666666666666,0.8460083,0.2368421052631577,0.22998638,12.343927480687661,10.383262,84.73684210526316,0.6956521739130435,0.42105263157894735,0.5245901639344263
deg_centrality,N/A,rrg,0.4,0.2,0.3,8,0.82,0.87509274,0.28947368421052605,0.37541902,9.882533362257302,8.208379,73.9342105263158,0.6964285714285714,0.5131578947368421,0.5909090909090909
deg_centrality,N/A,rrg,0.5,0.2,0.3,8,0.8633333333333333,0.89906883,0.46052631578947345,0.49530804,5.675108129255175,5.4394913,56.46052631578947,0.7536231884057971,0.6842105263157895,0.7172413793103448
deg_centrality,N/A,rrg,0.6000000000000001,0.2,0.3,8,0.8666666666666667,0.91261446,0.4736842105263158,0.56304103,6.038682411903308,5.2635784,51.48684210526316,0.7647058823529411,0.6842105263157895,0.7222222222222222
deg_centrality,N/A,rrg,0.7000000000000001,0.2,0.3,8,0.89,0.94035673,0.5657894736842105,0.7017623,4.096908443696653,2.974327,50.171052631578945,0.7866666666666666,0.7763157894736842,0.7814569536423841
deg_centrality,N/A,rrg,0.8,0.2,0.3,8,0.92,0.952108,0.6842105263157896,0.76052296,3.271345315882535,2.883823,44.06578947368421,0.8513513513513513,0.8289473684210527,0.8400000000000001
deg_centrality,N/A,rrg,0.9,0.2,0.3,8,0.9733333333333334,0.97026396,0.8947368421052634,0.8513091,2.4902427948181933,2.2629666,39.86842105263158,0.9146341463414634,0.9868421052631579,0.949367088607595
deg_centrality,N/A,rrg,1.0,0.2,0.3,8,0.9866666666666667,0.9814653,0.9473684210526316,0.9073198,1.4091201217918516,1.6653911,38.578947368421055,0.95,1.0,0.9743589743589743
deg_centrality,N/A,rrg,0.0,0.3,0.3,8,0.71,0.7000266,0.0,0.0,16.771351061523266,20.305948,145.16091954022988,0.0,0.0,0.0
deg_centrality,N/A,rrg,0.1,0.3,0.3,8,0.7166666666666667,0.7235709,0.022988505747126582,0.07848799,13.846290693425432,16.74135,128.51724137931035,0.5416666666666666,0.14942528735632185,0.23423423423423423
deg_centrality,N/A,rrg,0.2,0.3,0.3,8,0.76,0.76271874,0.1724137931034484,0.20899239,10.64119108435824,12.420124,102.93103448275862,0.7272727272727273,0.27586206896551724,0.4
deg_centrality,N/A,rrg,0.30000000000000004,0.3,0.3,8,0.7933333333333333,0.7892386,0.28735632183908055,0.29739967,10.045170754576828,11.094022,86.6896551724138,0.7551020408163265,0.42528735632183906,0.5441176470588235
deg_centrality,N/A,rrg,0.4,0.3,0.3,8,0.7766666666666666,0.8337513,0.22988505747126428,0.44578865,7.270868817695776,7.471612,76.9080459770115,0.65625,0.4827586206896552,0.5562913907284769
deg_centrality,N/A,rrg,0.5,0.3,0.3,8,0.8466666666666667,0.861519,0.47126436781609204,0.5383557,6.258339409911303,6.5551553,60.03448275862069,0.7887323943661971,0.6436781609195402,0.7088607594936709
deg_centrality,N/A,rrg,0.6000000000000001,0.3,0.3,8,0.8633333333333333,0.8713929,0.528735632183908,0.5712717,5.970962010289319,6.2419376,62.93103448275862,0.8285714285714286,0.6666666666666666,0.7388535031847134
deg_centrality,N/A,rrg,0.7000000000000001,0.3,0.3,8,0.92,0.9079895,0.724137931034483,0.69327116,4.738606025897115,4.5626097,49.804597701149426,0.8888888888888888,0.8275862068965517,0.8571428571428572
deg_centrality,N/A,rrg,0.8,0.3,0.3,8,0.9266666666666666,0.9357423,0.7471264367816092,0.7857888,3.4190431280444114,3.178898,48.28735632183908,0.8735632183908046,0.8735632183908046,0.8735632183908046
deg_centrality,N/A,rrg,0.9,0.3,0.3,8,0.95,0.95797956,0.8275862068965516,0.8599195,2.1952669335557142,2.098249,46.793103448275865,0.9,0.9310344827586207,0.9152542372881356
deg_centrality,N/A,rrg,1.0,0.3,0.3,8,0.9833333333333333,0.9808262,0.9425287356321838,0.93608165,1.8563276485195999,1.368971,44.0,0.9456521739130435,1.0,0.9720670391061452
deg_centrality,N/A,rrg,0.0,0.4,0.3,8,0.5766666666666667,0.6000774,0.0,0.0,12.878462277750799,18.91054,158.92125984251967,0.0,0.0,0.0
deg_centrality,N/A,rrg,0.1,0.4,0.3,8,0.64,0.641796,0.14960629921259846,0.10431669,10.656327766900198,15.97992,131.26771653543307,0.9130434782608695,0.16535433070866143,0.28
deg_centrality,N/A,rrg,0.2,0.4,0.3,8,0.6833333333333333,0.6939356,0.2519685039370079,0.23469086,8.174372412674147,11.88799,109.66929133858268,0.8333333333333334,0.31496062992125984,0.45714285714285713
deg_centrality,N/A,rrg,0.30000000000000004,0.4,0.3,8,0.6733333333333333,0.73330015,0.22834645669291342,0.33312136,7.416662109868974,10.103352,105.24409448818898,0.7301587301587301,0.36220472440944884,0.4842105263157895
deg_centrality,N/A,rrg,0.4,0.4,0.3,8,0.7766666666666666,0.76117593,0.47244094488188965,0.40282428,5.541128345027344,8.597042,90.48031496062993,0.8409090909090909,0.5826771653543307,0.6883720930232557
deg_centrality,N/A,rrg,0.5,0.4,0.3,8,0.7833333333333333,0.81102175,0.4881889763779527,0.52746296,4.328677217568411,6.299414,84.19685039370079,0.8444444444444444,0.5984251968503937,0.7004608294930876
deg_centrality,N/A,rrg,0.6000000000000001,0.4,0.3,8,0.8666666666666667,0.8442303,0.6850393700787403,0.6105004,4.693842101868581,6.0837574,74.93700787401575,0.9065420560747663,0.7637795275590551,0.829059829059829
deg_centrality,N/A,rrg,0.7000000000000001,0.4,0.3,8,0.8966666666666666,0.882743,0.7559055118110235,0.70680076,3.7839966495951725,4.2540064,69.90551181102362,0.9210526315789473,0.8267716535433071,0.8713692946058091
deg_centrality,N/A,rrg,0.8,0.4,0.3,8,0.9066666666666666,0.913829,0.7795275590551181,0.7845309,2.9571872957415803,3.0995924,67.60629921259843,0.9459459459459459,0.8267716535433071,0.8823529411764706
deg_centrality,N/A,rrg,0.9,0.4,0.3,8,0.9633333333333334,0.95629394,0.9133858267716537,0.8907137,1.940893188629572,2.1549153,64.7244094488189,0.9461538461538461,0.968503937007874,0.9571984435797665
deg_centrality,N/A,rrg,1.0,0.4,0.3,8,0.9966666666666667,0.9841117,0.9921259842519686,0.96027166,1.6762830403074007,1.4367988,64.03937007874016,0.9921875,1.0,0.996078431372549
deg_centrality,N/A,rrg,0.0,0.05,0.3,9,0.95,0.949999,0.0,0.0,21.875960672197145,9.968314,153.53333333333333,0.0,0.0,0.0
deg_centrality,N/A,rrg,0.1,0.05,0.3,9,0.9333333333333333,0.93005514,-0.33333333333333187,-0.3988685,16.380471057678392,10.578936,96.8,0.3076923076923077,0.26666666666666666,0.28571428571428575
deg_centrality,N/A,rrg,0.2,0.05,0.3,9,0.9266666666666666,0.9385638,-0.46666666666666595,-0.22869833,12.482731818762964,8.310074,72.06666666666666,0.23076923076923078,0.2,0.21428571428571427
deg_centrality,N/A,rrg,0.30000000000000004,0.05,0.3,9,0.9033333333333333,0.9455778,-0.9333333333333319,-0.08842168,11.648589780174783,6.674838,79.86666666666666,0.18181818181818182,0.26666666666666666,0.21621621621621623
deg_centrality,N/A,rrg,0.4,0.05,0.3,9,0.9133333333333333,0.96577126,-0.7333333333333318,0.3154392,10.904591557768045,4.5194254,42.0,0.28,0.4666666666666667,0.35000000000000003
deg_centrality,N/A,rrg,0.5,0.05,0.3,9,0.9133333333333333,0.9644631,-0.7333333333333318,0.28927687,7.638958222532262,4.0872016,36.53333333333333,0.2962962962962963,0.5333333333333333,0.38095238095238093
deg_centrality,N/A,rrg,0.6000000000000001,0.05,0.3,9,0.9133333333333333,0.97401243,-0.7333333333333318,0.48025936,6.801966513578677,2.9902334,43.666666666666664,0.2962962962962963,0.5333333333333333,0.38095238095238093
deg_centrality,N/A,rrg,0.7000000000000001,0.05,0.3,9,0.94,0.97912437,-0.2,0.5824959,5.582154816301364,2.6320136,16.0,0.4482758620689655,0.8666666666666667,0.5909090909090909
deg_centrality,N/A,rrg,0.8,0.05,0.3,9,0.9533333333333334,0.97916484,0.06666666666666815,0.5833053,3.700724454000345,2.4568613,21.4,0.5238095238095238,0.7333333333333333,0.611111111111111
deg_centrality,N/A,rrg,0.9,0.05,0.3,9,0.98,0.9787392,0.6,0.57479274,2.571610495362833,2.0074544,11.933333333333334,0.7368421052631579,0.9333333333333333,0.8235294117647058
deg_centrality,N/A,rrg,1.0,0.05,0.3,9,0.9966666666666667,0.98437655,0.9333333333333341,0.6875374,1.4715052016951191,1.7071539,8.0,0.9375,1.0,0.967741935483871
deg_centrality,N/A,rrg,0.0,0.1,0.3,9,0.8933333333333333,0.900001,0.0,0.0,24.376384831991643,15.713439,164.8125,0.0,0.0,0.0
deg_centrality,N/A,rrg,0.1,0.1,0.3,9,0.8766666666666667,0.9015782,-0.15624999999999942,0.015772142,15.625077534412831,12.344208,119.65625,0.3333333333333333,0.15625,0.2127659574468085
deg_centrality,N/A,rrg,0.2,0.1,0.3,9,0.8733333333333333,0.90601724,-0.18750000000000014,0.06016314,13.882462687569165,10.150222,79.5,0.375,0.28125,0.32142857142857145
deg_centrality,N/A,rrg,0.30000000000000004,0.1,0.3,9,0.8966666666666666,0.92194355,0.031249999999999674,0.21942773,11.914059173186367,8.402666,71.8125,0.5238095238095238,0.34375,0.4150943396226415
deg_centrality,N/A,rrg,0.4,0.1,0.3,9,0.8933333333333333,0.92837507,0.0,0.28374356,11.09210805019739,6.667385,44.96875,0.5,0.5625,0.5294117647058824
deg_centrality,N/A,rrg,0.5,0.1,0.3,9,0.9133333333333333,0.94638205,0.18750000000000014,0.46381515,7.494269534874132,4.829065,44.09375,0.5833333333333334,0.65625,0.6176470588235293
deg_centrality,N/A,rrg,0.6000000000000001,0.1,0.3,9,0.9333333333333333,0.95822895,0.3750000000000003,0.58228534,8.059128248618457,3.6878548,30.46875,0.6578947368421053,0.78125,0.7142857142857143
deg_centrality,N/A,rrg,0.7000000000000001,0.1,0.3,9,0.9433333333333334,0.9519295,0.46875000000000033,0.5192903,5.414267308333833,3.512635,29.96875,0.7272727272727273,0.75,0.7384615384615384
deg_centrality,N/A,rrg,0.8,0.1,0.3,9,0.9433333333333334,0.96934867,0.46875000000000033,0.69348365,3.9502480833247082,2.7843294,26.34375,0.7142857142857143,0.78125,0.7462686567164178
deg_centrality,N/A,rrg,0.9,0.1,0.3,9,0.9766666666666667,0.974352,0.7812500000000002,0.74351746,2.0777024134458655,2.2660987,18.75,0.8378378378378378,0.96875,0.8985507246376812
deg_centrality,N/A,rrg,1.0,0.1,0.3,9,0.9866666666666667,0.97952354,0.8750000000000002,0.79523337,1.2293138059635418,1.6031805,16.625,0.8888888888888888,1.0,0.9411764705882353
deg_centrality,N/A,rrg,0.0,0.2,0.3,9,0.7933333333333333,0.8000143,0.0,0.0,21.775676097375136,20.227655,150.40322580645162,0.0,0.0,0.0
deg_centrality,N/A,rrg,0.1,0.2,0.3,9,0.8133333333333334,0.8150831,0.09677419354838718,0.07534924,16.890117749484002,16.114014,115.91935483870968,0.7142857142857143,0.16129032258064516,0.2631578947368421
deg_centrality,N/A,rrg,0.2,0.2,0.3,9,0.81,0.82795066,0.08064516129032283,0.1396917,14.0702528074891,12.96099,108.25806451612904,0.5806451612903226,0.2903225806451613,0.3870967741935484
deg_centrality,N/A,rrg,0.30000000000000004,0.2,0.3,9,0.8066666666666666,0.846105,0.06451612903225794,0.23046981,10.959153795896723,10.291608,85.75806451612904,0.5476190476190477,0.3709677419354839,0.44230769230769235
deg_centrality,N/A,rrg,0.4,0.2,0.3,9,0.84,0.8696121,0.22580645161290308,0.34801382,8.55562241296718,9.033555,69.09677419354838,0.6346153846153846,0.532258064516129,0.5789473684210527
deg_centrality,N/A,rrg,0.5,0.2,0.3,9,0.86,0.8963388,0.32258064516129026,0.481657,7.686671463467054,6.1806855,56.225806451612904,0.6724137931034483,0.6290322580645161,0.6499999999999999
deg_centrality,N/A,rrg,0.6000000000000001,0.2,0.3,9,0.8733333333333333,0.9103784,0.3870967741935482,0.5518599,6.636836679068727,5.5321035,51.483870967741936,0.7142857142857143,0.6451612903225806,0.6779661016949152
deg_centrality,N/A,rrg,0.7000000000000001,0.2,0.3,9,0.91,0.92829245,0.5645161290322582,0.6414366,5.29162195375456,4.0184393,41.96774193548387,0.8070175438596491,0.7419354838709677,0.7731092436974789
deg_centrality,N/A,rrg,0.8,0.2,0.3,9,0.9433333333333334,0.9472917,0.7258064516129034,0.73643947,4.400129780360373,3.3258352,37.38709677419355,0.835820895522388,0.9032258064516129,0.8682170542635659
deg_centrality,N/A,rrg,0.9,0.2,0.3,9,0.97,0.9625878,0.8548387096774193,0.81292546,2.56106989397673,2.5810277,32.83870967741935,0.9206349206349206,0.9354838709677419,0.9279999999999999
deg_centrality,N/A,rrg,1.0,0.2,0.3,9,1.0,0.97606915,1.0,0.8803372,1.55928379554258,1.8905789,31.5,1.0,1.0,1.0
deg_centrality,N/A,rrg,0.0,0.3,0.3,9,0.7066666666666667,0.7000529,0.0,0.0,17.25124545697432,20.566256,167.86363636363637,0.0,0.0,0.0
deg_centrality,N/A,rrg,0.1,0.3,0.3,9,0.74,0.7307193,0.1136363636363636,0.1022394,12.406940930081802,15.443825,121.7159090909091,0.7272727272727273,0.18181818181818182,0.2909090909090909
deg_centrality,N/A,rrg,0.2,0.3,0.3,9,0.7466666666666667,0.7582236,0.1363636363636365,0.19393647,12.04125154306091,13.922138,107.18181818181819,0.6666666666666666,0.2727272727272727,0.3870967741935484
deg_centrality,N/A,rrg,0.30000000000000004,0.3,0.3,9,0.8066666666666666,0.78791475,0.34090909090909083,0.29292446,8.168714394996453,10.537049,83.8409090909091,0.75,0.5113636363636364,0.6081081081081082
deg_centrality,N/A,rrg,0.4,0.3,0.3,9,0.8066666666666666,0.8291921,0.34090909090909083,0.4305399,6.818354374067231,7.240031,74.4659090909091,0.734375,0.5340909090909091,0.6184210526315789
deg_centrality,N/A,rrg,0.5,0.3,0.3,9,0.82,0.8517216,0.3863636363636362,0.5056514,6.3825924461122945,6.6355605,71.67045454545455,0.7428571428571429,0.5909090909090909,0.6582278481012659
deg_centrality,N/A,rrg,0.6000000000000001,0.3,0.3,9,0.8966666666666666,0.8790679,0.6477272727272726,0.5968219,4.695156870435606,5.274022,57.27272727272727,0.88,0.75,0.8098159509202455
deg_centrality,N/A,rrg,0.7000000000000001,0.3,0.3,9,0.9133333333333333,0.9106041,0.7045454545454546,0.70196116,3.1793762514562256,3.7304814,52.57954545454545,0.8604651162790697,0.8409090909090909,0.8505747126436781
deg_centrality,N/A,rrg,0.8,0.3,0.3,9,0.9566666666666667,0.9293764,0.8522727272727273,0.7645466,2.8022356635219565,3.252936,46.95454545454545,0.9629629629629629,0.8863636363636364,0.923076923076923
deg_centrality,N/A,rrg,0.9,0.3,0.3,9,0.9633333333333334,0.9584217,0.8750000000000001,0.86138123,2.262247900322508,2.274064,46.19318181818182,0.9230769230769231,0.9545454545454546,0.9385474860335197
deg_centrality,N/A,rrg,1.0,0.3,0.3,9,0.99,0.9802073,0.9659090909090908,0.9340128,1.645999220809444,1.5788968,44.52272727272727,0.967032967032967,1.0,0.9832402234636871
deg_centrality,N/A,rrg,0.0,0.4,0.3,9,0.62,0.6000774,0.0,0.0,12.35664187263074,18.887741,150.8859649122807,0.0,0.0,0.0
deg_centrality,N/A,rrg,0.1,0.4,0.3,9,0.66,0.6410249,0.10526315789473693,0.10238855,10.498025237130486,15.722341,133.55263157894737,0.7,0.18421052631578946,0.29166666666666663
deg_centrality,N/A,rrg,0.2,0.4,0.3,9,0.69,0.6882453,0.18421052631578935,0.22046241,8.592038029972512,12.847871,113.40350877192982,0.723404255319149,0.2982456140350877,0.422360248447205
deg_centrality,N/A,rrg,0.30000000000000004,0.4,0.3,9,0.7333333333333333,0.73462963,0.2982456140350876,0.3364457,7.692956883605174,9.733301,100.14035087719299,0.7833333333333333,0.41228070175438597,0.5402298850574713
deg_centrality,N/A,rrg,0.4,0.4,0.3,9,0.7666666666666667,0.76807576,0.3859649122807019,0.4200772,6.615107010244649,9.3962145,89.84210526315789,0.84375,0.47368421052631576,0.6067415730337079
deg_centrality,N/A,rrg,0.5,0.4,0.3,9,0.7833333333333333,0.8100116,0.4298245614035088,0.52493715,5.698423190214266,6.784813,84.92105263157895,0.788235294117647,0.5877192982456141,0.6733668341708543
deg_centrality,N/A,rrg,0.6000000000000001,0.4,0.3,9,0.8166666666666667,0.85001916,0.5175438596491228,0.6249753,4.983903184361584,5.7721887,72.5701754385965,0.8172043010752689,0.6666666666666666,0.7342995169082126
deg_centrality,N/A,rrg,0.7000000000000001,0.4,0.3,9,0.87,0.89840496,0.6578947368421053,0.7459632,3.0139577333942458,3.850542,67.29824561403508,0.8440366972477065,0.8070175438596491,0.8251121076233183
deg_centrality,N/A,rrg,0.8,0.4,0.3,9,0.9133333333333333,0.9187624,0.7719298245614035,0.79686666,3.1851547696912124,3.2151031,62.43859649122807,0.8793103448275862,0.8947368421052632,0.8869565217391304
deg_centrality,N/A,rrg,0.9,0.4,0.3,9,0.96,0.95604694,0.894736842105263,0.89009607,2.6741960383170302,2.4774673,59.23684210526316,0.9636363636363636,0.9298245614035088,0.9464285714285715
deg_centrality,N/A,rrg,1.0,0.4,0.3,9,0.9933333333333333,0.982631,0.982456140350877,0.9565692,1.4697910335059161,1.7066262,57.55263157894737,0.9827586206896551,1.0,0.9913043478260869
betweenness_centrality,N/A,rrg,0.0,0.05,0.3,0,0.9633333333333334,0.949999,0.0,0.0,14.788648527228418,9.888577,151.0,0.0,0.0,0.0
betweenness_centrality,N/A,rrg,0.1,0.05,0.3,0,0.96,0.94462526,-0.0909090909090931,-0.10747212,14.441777398835013,9.6497965,159.9090909090909,0.4,0.18181818181818182,0.25000000000000006
betweenness_centrality,N/A,rrg,0.2,0.05,0.3,0,0.9533333333333334,0.9555166,-0.27272727272727326,0.110349774,12.445378172504128,7.557602,89.63636363636364,0.36363636363636365,0.36363636363636365,0.36363636363636365
betweenness_centrality,N/A,rrg,0.30000000000000004,0.05,0.3,0,0.95,0.96164227,-0.36363636363636637,0.23286104,9.67232906787024,5.980332,75.81818181818181,0.3333333333333333,0.36363636363636365,0.34782608695652173
betweenness_centrality,N/A,rrg,0.4,0.05,0.3,0,0.9433333333333334,0.9659558,-0.5454545454545465,0.31912982,8.828563429335706,5.1020994,59.90909090909091,0.2857142857142857,0.36363636363636365,0.32
betweenness_centrality,N/A,rrg,0.5,0.05,0.3,0,0.9666666666666667,0.97528017,0.09090909090909008,0.50561345,6.776774378817618,3.8777246,32.63636363636363,0.5454545454545454,0.5454545454545454,0.5454545454545454
betweenness_centrality,N/A,rrg,0.6000000000000001,0.05,0.3,0,0.9633333333333334,0.97686195,0.0,0.53724855,5.679098628789217,3.302484,20.181818181818183,0.5,0.6363636363636364,0.56
betweenness_centrality,N/A,rrg,0.7000000000000001,0.05,0.3,0,0.97,0.9815,0.18181818181818016,0.63000816,4.600229645130867,2.5102823,12.363636363636363,0.5625,0.8181818181818182,0.6666666666666666
betweenness_centrality,N/A,rrg,0.8,0.05,0.3,0,0.96,0.9851067,-0.0909090909090931,0.7021402,5.054404117346835,1.9005886,11.090909090909092,0.47368421052631576,0.8181818181818182,0.6
betweenness_centrality,N/A,rrg,0.9,0.05,0.3,0,0.9866666666666667,0.9892698,0.6363636363636367,0.7854003,2.9053847409936955,1.655092,6.0,0.7333333333333333,1.0,0.846153846153846
betweenness_centrality,N/A,rrg,1.0,0.05,0.3,0,1.0,0.9918282,1.0,0.8365674,1.2530490693491685,1.2770627,6.0,1.0,1.0,1.0
betweenness_centrality,N/A,rrg,0.0,0.1,0.3,0,0.8733333333333333,0.900001,0.0,0.0,28.634714671422785,15.710622,148.47368421052633,0.0,0.0,0.0
betweenness_centrality,N/A,rrg,0.1,0.1,0.3,0,0.8766666666666667,0.8989679,0.02631578947368481,-0.0103307795,19.743925305840616,12.750069,120.28947368421052,0.5333333333333333,0.21052631578947367,0.3018867924528302
betweenness_centrality,N/A,rrg,0.2,0.1,0.3,0,0.87,0.8995481,-0.026315789473683935,-0.0045288056,16.091444296703195,11.38332,94.47368421052632,0.47619047619047616,0.2631578947368421,0.3389830508474576
betweenness_centrality,N/A,rrg,0.30000000000000004,0.1,0.3,0,0.89,0.91523415,0.13157894736842143,0.1523331,14.406037359774048,9.247766,74.36842105263158,0.6,0.39473684210526316,0.47619047619047616
betweenness_centrality,N/A,rrg,0.4,0.1,0.3,0,0.8833333333333333,0.9268,0.07894736842105268,0.26799288,11.903090048563218,7.7573185,55.39473684210526,0.5454545454545454,0.47368421052631576,0.5070422535211268
betweenness_centrality,N/A,rrg,0.5,0.1,0.3,0,0.9133333333333333,0.94003785,0.31578947368421073,0.40037253,10.542747052410629,6.358404,45.89473684210526,0.7,0.5526315789473685,0.6176470588235295
betweenness_centrality,N/A,rrg,0.6000000000000001,0.1,0.3,0,0.9366666666666666,0.9412708,0.5,0.41270247,7.091310515643548,5.637174,38.026315789473685,0.8275862068965517,0.631578947368421,0.716417910447761
betweenness_centrality,N/A,rrg,0.7000000000000001,0.1,0.3,0,0.94,0.9541624,0.526315789473684,0.54161966,6.033163490903397,4.375079,29.0,0.8125,0.6842105263157895,0.742857142857143
betweenness_centrality,N/A,rrg,0.8,0.1,0.3,0,0.9533333333333334,0.96082735,0.6315789473684215,0.60826963,4.396160593100472,3.3811016,26.289473684210527,0.8529411764705882,0.7631578947368421,0.8055555555555555
betweenness_centrality,N/A,rrg,0.9,0.1,0.3,0,0.9733333333333334,0.97090435,0.7894736842105268,0.70904064,2.9403156467647515,2.5189986,21.13157894736842,0.8571428571428571,0.9473684210526315,0.9
betweenness_centrality,N/A,rrg,1.0,0.1,0.3,0,0.9933333333333333,0.9798804,0.9473684210526313,0.79880196,1.5318570159990463,1.7614985,19.5,0.95,1.0,0.9743589743589743
betweenness_centrality,N/A,rrg,0.0,0.2,0.3,0,0.7533333333333333,0.8000143,0.0,0.0,25.081763164084414,20.338493,152.74324324324326,0.0,0.0,0.0
betweenness_centrality,N/A,rrg,0.1,0.2,0.3,0,0.7633333333333333,0.8063683,0.04054054054054057,0.031772148,19.192010736030024,16.968908,132.13513513513513,0.6153846153846154,0.10810810810810811,0.1839080459770115
betweenness_centrality,N/A,rrg,0.2,0.2,0.3,0,0.8,0.82345754,0.18918918918918948,0.1172245,14.957571610077554,13.751097,109.83783783783784,0.7333333333333333,0.2972972972972973,0.42307692307692313
betweenness_centrality,N/A,rrg,0.30000000000000004,0.2,0.3,0,0.82,0.8525856,0.2702702702702702,0.2628753,14.018104970144226,11.57561,98.85135135135135,0.7631578947368421,0.3918918918918919,0.5178571428571428
betweenness_centrality,N/A,rrg,0.4,0.2,0.3,0,0.8366666666666667,0.8748291,0.33783783783783794,0.37410077,12.10824490422364,9.612518,80.91891891891892,0.7777777777777778,0.47297297297297297,0.5882352941176471
betweenness_centrality,N/A,rrg,0.5,0.2,0.3,0,0.8533333333333334,0.8925285,0.4054054054054057,0.4626039,9.868597770143825,7.975169,66.62162162162163,0.7884615384615384,0.5540540540540541,0.6507936507936507
betweenness_centrality,N/A,rrg,0.6000000000000001,0.2,0.3,0,0.8766666666666667,0.90450823,0.5000000000000002,0.522507,7.36734609336501,6.4452205,57.608108108108105,0.8135593220338984,0.6486486486486487,0.7218045112781954
betweenness_centrality,N/A,rrg,0.7000000000000001,0.2,0.3,0,0.91,0.9259724,0.6351351351351353,0.6298355,5.685001704646012,4.977415,49.891891891891895,0.8852459016393442,0.7297297297297297,0.7999999999999999
betweenness_centrality,N/A,rrg,0.8,0.2,0.3,0,0.9333333333333333,0.9490063,0.7297297297297298,0.74501336,4.781544344556376,3.8326042,44.17567567567568,0.8970588235294118,0.8243243243243243,0.8591549295774648
betweenness_centrality,N/A,rrg,0.9,0.2,0.3,0,0.9533333333333334,0.963878,0.810810810810811,0.81937695,3.5897846354066405,2.9344242,41.24324324324324,0.9411764705882353,0.8648648648648649,0.9014084507042254
betweenness_centrality,N/A,rrg,1.0,0.2,0.3,0,0.99,0.9813625,0.9594594594594594,0.90680593,1.526315024996139,1.6697121,38.04054054054054,0.961038961038961,1.0,0.9801324503311257
betweenness_centrality,N/A,rrg,0.0,0.3,0.3,0,0.6833333333333333,0.7000529,0.0,0.0,18.75743489948289,20.572693,140.92631578947368,0.0,0.0,0.0
betweenness_centrality,N/A,rrg,0.1,0.3,0.3,0,0.69,0.7302936,0.021052631578947153,0.10081997,14.52527393989832,16.183268,132.2736842105263,0.5384615384615384,0.14736842105263157,0.23140495867768593
betweenness_centrality,N/A,rrg,0.2,0.3,0.3,0,0.7233333333333334,0.75955194,0.12631578947368433,0.19836508,13.071524016572027,14.010044,117.77894736842106,0.6875,0.23157894736842105,0.3464566929133858
betweenness_centrality,N/A,rrg,0.30000000000000004,0.3,0.3,0,0.76,0.7963427,0.24210526315789474,0.32102248,11.390814399259364,11.646141,99.84210526315789,0.7555555555555555,0.35789473684210527,0.48571428571428577
betweenness_centrality,N/A,rrg,0.4,0.3,0.3,0,0.7966666666666666,0.8230731,0.35789473684210515,0.4101396,8.834260442225942,9.668092,87.12631578947368,0.7833333333333333,0.49473684210526314,0.6064516129032258
betweenness_centrality,N/A,rrg,0.5,0.3,0.3,0,0.8233333333333334,0.85208017,0.4421052631578948,0.5068469,6.539137362634659,7.428049,75.71578947368421,0.8088235294117647,0.5789473684210527,0.6748466257668712
betweenness_centrality,N/A,rrg,0.6000000000000001,0.3,0.3,0,0.8433333333333334,0.886437,0.505263157894737,0.62138987,5.0052139421409825,5.3625255,66.70526315789473,0.8076923076923077,0.6631578947368421,0.7283236994219653
betweenness_centrality,N/A,rrg,0.7000000000000001,0.3,0.3,0,0.89,0.90936095,0.6526315789473685,0.6978165,3.4179071242630426,3.912471,59.33684210526316,0.8604651162790697,0.7789473684210526,0.8176795580110496
betweenness_centrality,N/A,rrg,0.8,0.3,0.3,0,0.92,0.9291353,0.7473684210526317,0.76374274,3.103142521963936,3.0876558,52.642105263157895,0.8901098901098901,0.8526315789473684,0.8709677419354839
betweenness_centrality,N/A,rrg,0.9,0.3,0.3,0,0.96,0.9537754,0.8736842105263156,0.8458908,2.066188177412516,2.3306706,49.410526315789475,0.9368421052631579,0.9368421052631579,0.9368421052631579
betweenness_centrality,N/A,rrg,1.0,0.3,0.3,0,0.9833333333333333,0.97773784,0.9473684210526314,0.9257797,1.2170406948027936,1.2290491,48.189473684210526,0.95,1.0,0.9743589743589743
betweenness_centrality,N/A,rrg,0.0,0.4,0.3,0,0.6066666666666667,0.60007733,0.0,0.0,12.624333466535699,18.764214,144.16949152542372,0.0,0.0,0.0
betweenness_centrality,N/A,rrg,0.1,0.4,0.3,0,0.6466666666666666,0.6447494,0.1016949152542371,0.11170177,10.181561038567464,15.562668,128.75423728813558,0.8,0.13559322033898305,0.23188405797101452
betweenness_centrality,N/A,rrg,0.2,0.4,0.3,0,0.67,0.6843891,0.16101694915254244,0.21082021,9.140441630913584,13.605322,111.66949152542372,0.7567567567567568,0.23728813559322035,0.36129032258064514
betweenness_centrality,N/A,rrg,0.30000000000000004,0.4,0.3,0,0.7033333333333334,0.7282455,0.24576271186440682,0.32048237,7.882798540117525,11.044553,104.41525423728814,0.7843137254901961,0.3389830508474576,0.4733727810650888
betweenness_centrality,N/A,rrg,0.4,0.4,0.3,0,0.7333333333333333,0.7638413,0.32203389830508455,0.409489,6.706676639744913,9.057055,90.2457627118644,0.796875,0.4322033898305085,0.5604395604395606
betweenness_centrality,N/A,rrg,0.5,0.4,0.3,0,0.79,0.80335194,0.46610169491525427,0.5082848,5.713907824192141,7.666528,78.94915254237289,0.8873239436619719,0.5338983050847458,0.6666666666666666
betweenness_centrality,N/A,rrg,0.6000000000000001,0.4,0.3,0,0.8066666666666666,0.8476093,0.5084745762711863,0.61894953,4.7403361365735455,5.363243,72.52542372881356,0.8571428571428571,0.6101694915254238,0.712871287128713
betweenness_centrality,N/A,rrg,0.7000000000000001,0.4,0.3,0,0.85,0.87893385,0.6186440677966101,0.6972761,3.346847640258069,4.2801113,66.83898305084746,0.9195402298850575,0.6779661016949152,0.7804878048780487
betweenness_centrality,N/A,rrg,0.8,0.4,0.3,0,0.9133333333333333,0.91253173,0.7796610169491526,0.7812871,2.2069774619766482,3.3418765,62.73728813559322,0.96,0.8135593220338984,0.8807339449541285
betweenness_centrality,N/A,rrg,0.9,0.4,0.3,0,0.9533333333333334,0.94989055,0.8813559322033899,0.87470216,1.89003640830162,2.4041562,60.313559322033896,0.9727272727272728,0.9067796610169492,0.9385964912280702
betweenness_centrality,N/A,rrg,1.0,0.4,0.3,0,0.9933333333333333,0.98456025,0.983050847457627,0.9613932,1.2098036165310415,1.4330257,59.53389830508475,0.9833333333333333,1.0,0.9915966386554621
betweenness_centrality,N/A,rrg,0.0,0.05,0.3,1,0.9533333333333334,0.949999,0.0,0.0,21.121745680157797,10.050218,123.14285714285714,0.0,0.0,0.0
betweenness_centrality,N/A,rrg,0.1,0.05,0.3,1,0.93,0.946318,-0.5,-0.07361857,15.968633811166995,8.881695,109.0,0.1111111111111111,0.07142857142857142,0.08695652173913043
betweenness_centrality,N/A,rrg,0.2,0.05,0.3,1,0.9366666666666666,0.9561729,-0.3571428571428585,0.12347564,13.404010274524095,7.0449333,104.5,0.3076923076923077,0.2857142857142857,0.29629629629629634
betweenness_centrality,N/A,rrg,0.30000000000000004,0.05,0.3,1,0.9233333333333333,0.9611277,-0.6428571428571439,0.22256991,12.828305462458617,5.9681644,74.42857142857143,0.2,0.21428571428571427,0.20689655172413796
betweenness_centrality,N/A,rrg,0.4,0.05,0.3,1,0.92,0.956024,-0.7142857142857146,0.12049785,10.761925001516545,5.5349865,56.42857142857143,0.25,0.35714285714285715,0.2941176470588235
betweenness_centrality,N/A,rrg,0.5,0.05,0.3,1,0.9233333333333333,0.965344,-0.6428571428571439,0.30689445,7.965116311073579,4.1034775,37.214285714285715,0.30434782608695654,0.5,0.3783783783783784
betweenness_centrality,N/A,rrg,0.6000000000000001,0.05,0.3,1,0.9466666666666667,0.96865743,-0.14285714285714388,0.37316152,6.6441108372783155,3.6232104,37.5,0.45,0.6428571428571429,0.5294117647058824
betweenness_centrality,N/A,rrg,0.7000000000000001,0.05,0.3,1,0.9533333333333334,0.97988343,0.0,0.5976769,4.867024426235752,2.6174629,29.0,0.5,0.7142857142857143,0.588235294117647
betweenness_centrality,N/A,rrg,0.8,0.05,0.3,1,0.97,0.97964334,0.3571428571428561,0.59287524,4.207749892882503,2.3014908,15.857142857142858,0.6470588235294118,0.7857142857142857,0.7096774193548386
betweenness_centrality,N/A,rrg,0.9,0.05,0.3,1,0.9866666666666667,0.9819276,0.7142857142857146,0.63855886,2.1491250694896618,2.0183308,7.928571428571429,0.8125,0.9285714285714286,0.8666666666666666
betweenness_centrality,N/A,rrg,1.0,0.05,0.3,1,0.99,0.985341,0.7857142857142854,0.70682627,1.1162289928316877,1.5522262,7.571428571428571,0.8235294117647058,1.0,0.9032258064516129
betweenness_centrality,N/A,rrg,0.0,0.1,0.3,1,0.8966666666666666,0.900001,0.0,0.0,25.363894310373897,15.715765,144.61290322580646,0.0,0.0,0.0
betweenness_centrality,N/A,rrg,0.1,0.1,0.3,1,0.9033333333333333,0.8894973,0.06451612903225845,-0.10503813,17.882389549772917,13.851143,116.6774193548387,0.6,0.1935483870967742,0.2926829268292683
betweenness_centrality,N/A,rrg,0.2,0.1,0.3,1,0.9,0.90399283,0.03225806451612976,0.039918818,14.919001377019503,11.829804,77.0,0.5294117647058824,0.2903225806451613,0.375
betweenness_centrality,N/A,rrg,0.30000000000000004,0.1,0.3,1,0.8933333333333333,0.9158142,-0.032258064516128684,0.15813388,12.480989718295048,9.185427,82.61290322580645,0.4782608695652174,0.3548387096774194,0.40740740740740744
betweenness_centrality,N/A,rrg,0.4,0.1,0.3,1,0.9033333333333333,0.9241869,0.06451612903225845,0.24186136,10.357666728871624,7.966359,70.29032258064517,0.5384615384615384,0.45161290322580644,0.4912280701754386
betweenness_centrality,N/A,rrg,0.5,0.1,0.3,1,0.9166666666666666,0.93040854,0.19354838709677427,0.3040785,8.741024407783538,6.523443,43.70967741935484,0.6071428571428571,0.5483870967741935,0.5762711864406779
betweenness_centrality,N/A,rrg,0.6000000000000001,0.1,0.3,1,0.9333333333333333,0.94179934,0.3548387096774198,0.41798767,7.952687258789882,5.1301885,35.61290322580645,0.6666666666666666,0.7096774193548387,0.6875
betweenness_centrality,N/A,rrg,0.7000000000000001,0.1,0.3,1,0.95,0.9556192,0.5161290322580644,0.55618775,6.172514074908668,3.7741365,26.387096774193548,0.7352941176470589,0.8064516129032258,0.7692307692307693
betweenness_centrality,N/A,rrg,0.8,0.1,0.3,1,0.9633333333333334,0.9653149,0.6451612903225812,0.6531458,3.786852392870792,2.797748,20.774193548387096,0.7777777777777778,0.9032258064516129,0.835820895522388
betweenness_centrality,N/A,rrg,0.9,0.1,0.3,1,0.98,0.9795449,0.8064516129032258,0.79544675,2.9278822831213036,1.7634683,16.967741935483872,0.8571428571428571,0.967741935483871,0.909090909090909
betweenness_centrality,N/A,rrg,1.0,0.1,0.3,1,0.9966666666666667,0.98302907,0.9677419354838713,0.830289,1.9392643874872393,1.4597292,16.225806451612904,0.96875,1.0,0.9841269841269841
betweenness_centrality,N/A,rrg,0.0,0.2,0.3,1,0.84,0.8000143,0.0,0.0,18.740392706224682,20.190908,155.77083333333334,0.0,0.0,0.0
betweenness_centrality,N/A,rrg,0.1,0.2,0.3,1,0.8533333333333334,0.8041971,0.08333333333333386,0.020915277,14.658758370721873,17.643097,130.10416666666666,0.6666666666666666,0.16666666666666666,0.26666666666666666
betweenness_centrality,N/A,rrg,0.2,0.2,0.3,1,0.8633333333333333,0.8241354,0.1458333333333332,0.12061416,11.488512260363859,14.394388,94.375,0.6842105263157895,0.2708333333333333,0.38805970149253727
betweenness_centrality,N/A,rrg,0.30000000000000004,0.2,0.3,1,0.87,0.84721655,0.18750000000000014,0.23602805,10.668890977088274,12.100488,77.3125,0.68,0.3541666666666667,0.46575342465753433
betweenness_centrality,N/A,rrg,0.4,0.2,0.3,1,0.8733333333333333,0.8729205,0.20833333333333326,0.3645571,9.017331557532954,9.422218,60.875,0.6388888888888888,0.4791666666666667,0.5476190476190476
betweenness_centrality,N/A,rrg,0.5,0.2,0.3,1,0.8833333333333333,0.88928753,0.2708333333333333,0.44639802,8.743857940142782,7.738938,55.770833333333336,0.6756756756756757,0.5208333333333334,0.5882352941176472
betweenness_centrality,N/A,rrg,0.6000000000000001,0.2,0.3,1,0.9133333333333333,0.9075243,0.4583333333333334,0.53758836,6.420473274246917,6.408534,42.708333333333336,0.75,0.6875,0.717391304347826
betweenness_centrality,N/A,rrg,0.7000000000000001,0.2,0.3,1,0.93,0.92302775,0.5625000000000004,0.61511123,5.17032009672977,4.9317064,38.458333333333336,0.8,0.75,0.7741935483870969
betweenness_centrality,N/A,rrg,0.8,0.2,0.3,1,0.9533333333333334,0.9417546,0.7083333333333336,0.70875204,3.5023398939493884,3.5923064,32.875,0.8695652173913043,0.8333333333333334,0.851063829787234
betweenness_centrality,N/A,rrg,0.9,0.2,0.3,1,0.9933333333333333,0.96159536,0.958333333333333,0.807963,1.9717808121030498,2.6920648,25.145833333333332,0.9791666666666666,0.9791666666666666,0.9791666666666666
betweenness_centrality,N/A,rrg,1.0,0.2,0.3,1,1.0,0.9785081,1.0,0.8925329,1.795071821727268,1.6565139,24.5,1.0,1.0,1.0
betweenness_centrality,N/A,rrg,0.0,0.3,0.3,1,0.7033333333333334,0.7000529,0.0,0.0,16.67057519068691,20.505674,152.1573033707865,0.0,0.0,0.0
betweenness_centrality,N/A,rrg,0.1,0.3,0.3,1,0.7333333333333333,0.7265805,0.10112359550561771,0.08844088,13.630625536219618,16.800678,119.41573033707866,0.7368421052631579,0.15730337078651685,0.25925925925925924
betweenness_centrality,N/A,rrg,0.2,0.3,0.3,1,0.7433333333333333,0.75573295,0.13483146067415705,0.18563287,12.283131806638687,14.304593,113.8314606741573,0.7307692307692307,0.21348314606741572,0.33043478260869563
betweenness_centrality,N/A,rrg,0.30000000000000004,0.3,0.3,1,0.7733333333333333,0.78472584,0.23595505617977514,0.28229287,11.266259393529012,12.093659,100.1685393258427,0.8181818181818182,0.30337078651685395,0.4426229508196722
betweenness_centrality,N/A,rrg,0.4,0.3,0.3,1,0.8033333333333333,0.81809,0.3370786516853932,0.39352643,9.286815532057695,9.725462,84.68539325842697,0.8409090909090909,0.4157303370786517,0.5563909774436091
betweenness_centrality,N/A,rrg,0.5,0.3,0.3,1,0.8433333333333334,0.84657,0.47191011235955066,0.48847649,7.700828895324334,7.92511,68.47191011235955,0.8888888888888888,0.5393258426966292,0.6713286713286712
betweenness_centrality,N/A,rrg,0.6000000000000001,0.3,0.3,1,0.8833333333333333,0.8734331,0.6067415730337077,0.57803595,5.971744082985574,6.073066,60.86516853932584,0.9354838709677419,0.651685393258427,0.7682119205298015
betweenness_centrality,N/A,rrg,0.7000000000000001,0.3,0.3,1,0.9166666666666666,0.9021624,0.7191011235955055,0.67381704,5.36306104629497,4.805341,54.80898876404494,0.9444444444444444,0.7640449438202247,0.84472049689441
betweenness_centrality,N/A,rrg,0.8,0.3,0.3,1,0.9133333333333333,0.92766184,0.7078651685393258,0.75883025,4.102629401807129,3.4764519,50.71910112359551,0.8888888888888888,0.8089887640449438,0.8470588235294118
betweenness_centrality,N/A,rrg,0.9,0.3,0.3,1,0.9433333333333334,0.95305836,0.8089887640449439,0.84350026,2.241082633118782,2.3430343,46.674157303370784,0.9090909090909091,0.898876404494382,0.9039548022598869
betweenness_centrality,N/A,rrg,1.0,0.3,0.3,1,0.98,0.97728986,0.9325842696629213,0.9242862,1.1341182106335963,1.5598121,45.06741573033708,0.9368421052631579,1.0,0.967391304347826
betweenness_centrality,N/A,rrg,0.0,0.4,0.3,1,0.5666666666666667,0.6000774,0.0,0.0,12.932275670499315,18.81492,155.6076923076923,0.0,0.0,0.0
betweenness_centrality,N/A,rrg,0.1,0.4,0.3,1,0.6333333333333333,0.64117694,0.1538461538461538,0.10276876,10.100582144322264,15.208782,126.79230769230769,0.9166666666666666,0.16923076923076924,0.28571428571428575
betweenness_centrality,N/A,rrg,0.2,0.4,0.3,1,0.6866666666666666,0.6837045,0.2769230769230769,0.20910822,8.010361401735631,12.530763,111.5,0.8913043478260869,0.3153846153846154,0.4659090909090909
betweenness_centrality,N/A,rrg,0.30000000000000004,0.4,0.3,1,0.7233333333333334,0.7267492,0.3615384615384617,0.31674075,7.036608445262523,10.6188135,101.74615384615385,0.8852459016393442,0.4153846153846154,0.5654450261780105
betweenness_centrality,N/A,rrg,0.4,0.4,0.3,1,0.7666666666666667,0.76478714,0.4615384615384617,0.41185406,6.074075594416178,8.647902,96.25384615384615,0.9054054054054054,0.5153846153846153,0.6568627450980392
betweenness_centrality,N/A,rrg,0.5,0.4,0.3,1,0.81,0.8014914,0.5615384615384617,0.5036324,4.840882102171016,7.050884,85.96153846153847,0.9101123595505618,0.6230769230769231,0.7397260273972602
betweenness_centrality,N/A,rrg,0.6000000000000001,0.4,0.3,1,0.8533333333333334,0.84097844,0.6615384615384616,0.6023692,4.23314468257028,5.8734293,78.93846153846154,0.9134615384615384,0.7307692307692307,0.8119658119658119
betweenness_centrality,N/A,rrg,0.7000000000000001,0.4,0.3,1,0.9,0.8767988,0.7692307692307693,0.69193745,3.4241190537884223,4.765232,72.83846153846154,0.9310344827586207,0.8307692307692308,0.8780487804878049
betweenness_centrality,N/A,rrg,0.8,0.4,0.3,1,0.93,0.91038615,0.8384615384615386,0.775922,2.7642521816304413,3.6154363,69.23076923076923,0.943089430894309,0.8923076923076924,0.9169960474308301
betweenness_centrality,N/A,rrg,0.9,0.4,0.3,1,0.9566666666666667,0.94624746,0.9,0.86559266,2.0672676934984895,2.5183084,67.34615384615384,0.9534883720930233,0.9461538461538461,0.9498069498069497
betweenness_centrality,N/A,rrg,1.0,0.4,0.3,1,0.9966666666666667,0.97842836,0.9923076923076923,0.9460605,1.483072771886633,1.5093502,65.65384615384616,0.9923664122137404,1.0,0.9961685823754789
betweenness_centrality,N/A,rrg,0.0,0.05,0.3,2,0.94,0.949999,0.0,0.0,25.19516703300741,9.952873,164.44444444444446,0.0,0.0,0.0
betweenness_centrality,N/A,rrg,0.1,0.05,0.3,2,0.9133333333333333,0.9449477,-0.4444444444444432,-0.10102303,19.351748391413555,9.208377,114.27777777777777,0.16666666666666666,0.1111111111111111,0.13333333333333333
betweenness_centrality,N/A,rrg,0.2,0.05,0.3,2,0.9166666666666666,0.95022726,-0.3888888888888883,0.004565622,16.974340434704477,7.90027,108.22222222222223,0.18181818181818182,0.1111111111111111,0.13793103448275862
betweenness_centrality,N/A,rrg,0.30000000000000004,0.05,0.3,2,0.92,0.95331705,-0.3333333333333315,0.066360064,13.131658075787575,7.004856,94.44444444444444,0.2857142857142857,0.2222222222222222,0.25
betweenness_centrality,N/A,rrg,0.4,0.05,0.3,2,0.92,0.957695,-0.3333333333333315,0.15391749,11.441650570877576,5.900686,89.88888888888889,0.2857142857142857,0.2222222222222222,0.25
betweenness_centrality,N/A,rrg,0.5,0.05,0.3,2,0.94,0.95738107,0.0,0.14763887,10.262819035972795,5.1832423,54.388888888888886,0.5,0.3888888888888889,0.43750000000000006
betweenness_centrality,N/A,rrg,0.6000000000000001,0.05,0.3,2,0.94,0.96759117,0.0,0.35183662,9.696387708760865,4.0589,45.94444444444444,0.5,0.5555555555555556,0.5263157894736842
betweenness_centrality,N/A,rrg,0.7000000000000001,0.05,0.3,2,0.95,0.97641814,0.16666666666666666,0.5283724,7.824536172661239,3.0080912,29.22222222222222,0.5652173913043478,0.7222222222222222,0.6341463414634146
betweenness_centrality,N/A,rrg,0.8,0.05,0.3,2,0.9733333333333334,0.9733666,0.5555555555555568,0.46734327,3.9627308687784377,2.6851437,15.444444444444445,0.7272727272727273,0.8888888888888888,0.7999999999999999
betweenness_centrality,N/A,rrg,0.9,0.05,0.3,2,0.9766666666666667,0.9755213,0.6111111111111117,0.51043653,2.330776954870123,2.0129151,12.5,0.7619047619047619,0.8888888888888888,0.8205128205128205
betweenness_centrality,N/A,rrg,1.0,0.05,0.3,2,0.9933333333333333,0.9825726,0.8888888888888883,0.65145946,1.4147745703511994,1.5280175,9.61111111111111,0.9,1.0,0.9473684210526316
betweenness_centrality,N/A,rrg,0.0,0.1,0.3,2,0.8933333333333333,0.900001,0.0,0.0,26.901085914412082,15.706564,163.15625,0.0,0.0,0.0
betweenness_centrality,N/A,rrg,0.1,0.1,0.3,2,0.8866666666666667,0.8881249,-0.06249999999999935,-0.11876224,19.565017202937323,14.222277,147.3125,0.4,0.125,0.19047619047619047
betweenness_centrality,N/A,rrg,0.2,0.1,0.3,2,0.9,0.9045866,0.06250000000000039,0.045856692,16.618159966824543,11.353714,96.59375,0.5625,0.28125,0.375
betweenness_centrality,N/A,rrg,0.30000000000000004,0.1,0.3,2,0.9133333333333333,0.91426414,0.18750000000000014,0.14263295,14.468419472008627,9.944394,73.40625,0.6666666666666666,0.375,0.4800000000000001
betweenness_centrality,N/A,rrg,0.4,0.1,0.3,2,0.93,0.9286525,0.3437500000000006,0.2865182,10.755632678519188,7.439855,50.375,0.72,0.5625,0.631578947368421
betweenness_centrality,N/A,rrg,0.5,0.1,0.3,2,0.94,0.93339723,0.4374999999999996,0.33396575,8.34482923351567,6.674129,40.84375,0.7333333333333333,0.6875,0.7096774193548386
betweenness_centrality,N/A,rrg,0.6000000000000001,0.1,0.3,2,0.9333333333333333,0.9420054,0.3750000000000003,0.4200482,7.9209726809082985,5.5257235,33.5,0.6666666666666666,0.75,0.7058823529411765
betweenness_centrality,N/A,rrg,0.7000000000000001,0.1,0.3,2,0.9366666666666666,0.9567697,0.40624999999999994,0.56769276,6.39820395430751,4.0355206,30.125,0.6756756756756757,0.78125,0.7246376811594203
betweenness_centrality,N/A,rrg,0.8,0.1,0.3,2,0.9433333333333334,0.9672987,0.46875000000000033,0.67298365,5.016661390400776,2.8778715,24.03125,0.6923076923076923,0.84375,0.7605633802816902
betweenness_centrality,N/A,rrg,0.9,0.1,0.3,2,0.9533333333333334,0.97492003,0.5625000000000004,0.74919784,3.4678012580467326,2.1455014,21.15625,0.75,0.84375,0.7941176470588235
betweenness_centrality,N/A,rrg,1.0,0.1,0.3,2,0.9933333333333333,0.980334,0.9374999999999996,0.8033379,1.5932266367493904,1.829733,16.5625,0.9411764705882353,1.0,0.9696969696969697
betweenness_centrality,N/A,rrg,0.0,0.2,0.3,2,0.7466666666666667,0.8000143,0.0,0.0,25.20615995703841,20.260798,147.06578947368422,0.0,0.0,0.0
betweenness_centrality,N/A,rrg,0.1,0.2,0.3,2,0.75,0.80416816,0.013157894736841973,0.020770725,18.951407272613704,16.714273,131.8421052631579,0.5454545454545454,0.07894736842105263,0.13793103448275862
betweenness_centrality,N/A,rrg,0.2,0.2,0.3,2,0.7533333333333333,0.8288009,0.026315789473683945,0.14394331,15.526757846545703,13.169139,120.28947368421052,0.55,0.14473684210526316,0.22916666666666669
betweenness_centrality,N/A,rrg,0.30000000000000004,0.2,0.3,2,0.78,0.8503099,0.13157894736842105,0.25149596,13.387648613286757,11.181888,97.03947368421052,0.6470588235294118,0.2894736842105263,0.4
betweenness_centrality,N/A,rrg,0.4,0.2,0.3,2,0.8166666666666667,0.86974335,0.27631578947368407,0.34867013,10.828106736602404,8.942806,81.17105263157895,0.7560975609756098,0.40789473684210525,0.5299145299145299
betweenness_centrality,N/A,rrg,0.5,0.2,0.3,2,0.83,0.8940605,0.3289473684210524,0.47026455,9.584954080843843,7.246949,70.78947368421052,0.7659574468085106,0.47368421052631576,0.5853658536585366
betweenness_centrality,N/A,rrg,0.6000000000000001,0.2,0.3,2,0.86,0.91339254,0.44736842105263147,0.5669317,8.278656905807757,5.9600706,60.18421052631579,0.8035714285714286,0.5921052631578947,0.6818181818181818
betweenness_centrality,N/A,rrg,0.7000000000000001,0.2,0.3,2,0.8833333333333333,0.92742777,0.5394736842105261,0.63711286,5.883217361579844,4.6788573,51.31578947368421,0.8360655737704918,0.6710526315789473,0.7445255474452555
betweenness_centrality,N/A,rrg,0.8,0.2,0.3,2,0.9133333333333333,0.94096607,0.6578947368421052,0.7048092,4.68811861277046,3.675058,44.81578947368421,0.890625,0.75,0.8142857142857143
betweenness_centrality,N/A,rrg,0.9,0.2,0.3,2,0.9566666666666667,0.9571047,0.8289473684210527,0.78550804,2.868600058956574,2.702134,40.671052631578945,0.92,0.9078947368421053,0.913907284768212
betweenness_centrality,N/A,rrg,1.0,0.2,0.3,2,0.9866666666666667,0.97131693,0.9473684210526316,0.8565744,1.5703482141039036,1.8556515,38.5,0.95,1.0,0.9743589743589743
betweenness_centrality,N/A,rrg,0.0,0.3,0.3,2,0.7266666666666667,0.700053,0.0,0.0,15.957995602375279,20.587006,163.1219512195122,0.0,0.0,0.0
betweenness_centrality,N/A,rrg,0.1,0.3,0.3,2,0.75,0.7313396,0.08536585365853654,0.10430708,14.238195517199811,17.73567,126.3048780487805,0.7333333333333333,0.13414634146341464,0.2268041237113402
betweenness_centrality,N/A,rrg,0.2,0.3,0.3,2,0.78,0.7571198,0.19512195121951226,0.19025625,12.104126614209902,15.319274,102.40243902439025,0.8076923076923077,0.25609756097560976,0.3888888888888889
betweenness_centrality,N/A,rrg,0.30000000000000004,0.3,0.3,2,0.8233333333333334,0.7888557,0.35365853658536595,0.29606128,9.753097201174924,12.254986,87.02439024390245,0.8717948717948718,0.4146341463414634,0.5619834710743802
betweenness_centrality,N/A,rrg,0.4,0.3,0.3,2,0.8466666666666667,0.8201171,0.43902439024390244,0.40028447,7.838307531137965,10.099243,74.7439024390244,0.9090909090909091,0.4878048780487805,0.6349206349206349
betweenness_centrality,N/A,rrg,0.5,0.3,0.3,2,0.86,0.8423027,0.4878048780487804,0.47424942,6.170671506429841,8.35944,67.2560975609756,0.8846153846153846,0.5609756097560976,0.6865671641791045
betweenness_centrality,N/A,rrg,0.6000000000000001,0.3,0.3,2,0.8866666666666667,0.8738916,0.5853658536585368,0.5795644,5.633013441120231,6.565641,58.146341463414636,0.9,0.6585365853658537,0.7605633802816902
betweenness_centrality,N/A,rrg,0.7000000000000001,0.3,0.3,2,0.93,0.9020584,0.7439024390243905,0.67347044,4.401180323287173,5.38521,49.69512195121951,0.9420289855072463,0.7926829268292683,0.8609271523178808
betweenness_centrality,N/A,rrg,0.8,0.3,0.3,2,0.95,0.92949486,0.8170731707317072,0.76494133,3.8241222583131633,4.1780787,45.26829268292683,0.9466666666666667,0.8658536585365854,0.9044585987261147
betweenness_centrality,N/A,rrg,0.9,0.3,0.3,2,0.9533333333333334,0.9566224,0.8292682926829269,0.85538256,2.6140199868500456,2.5158916,42.926829268292686,0.925,0.9024390243902439,0.9135802469135802
betweenness_centrality,N/A,rrg,1.0,0.3,0.3,2,0.9933333333333333,0.980351,0.9756097560975608,0.9344917,1.569169754973348,1.8804873,41.548780487804876,0.9761904761904762,1.0,0.9879518072289156
betweenness_centrality,N/A,rrg,0.0,0.4,0.3,2,0.6033333333333334,0.60007733,0.0,0.0,11.81234377550937,19.01973,146.99159663865547,0.0,0.0,0.0
betweenness_centrality,N/A,rrg,0.1,0.4,0.3,2,0.6333333333333333,0.64417523,0.07563025210084014,0.11026607,9.468262844721918,15.264837,126.07563025210084,0.7142857142857143,0.12605042016806722,0.2142857142857143
betweenness_centrality,N/A,rrg,0.2,0.4,0.3,2,0.66,0.6885279,0.14285714285714282,0.22116913,7.857083122295271,12.426977,118.22689075630252,0.6976744186046512,0.25210084033613445,0.37037037037037035
betweenness_centrality,N/A,rrg,0.30000000000000004,0.4,0.3,2,0.71,0.72893894,0.2689075630252099,0.3222163,6.628614398666787,9.978308,100.3781512605042,0.7857142857142857,0.3697478991596639,0.5028571428571429
betweenness_centrality,N/A,rrg,0.4,0.4,0.3,2,0.7566666666666667,0.7634463,0.3865546218487395,0.40850133,5.75940684017439,8.904077,89.60504201680672,0.8484848484848485,0.47058823529411764,0.6054054054054054
betweenness_centrality,N/A,rrg,0.5,0.4,0.3,2,0.8133333333333334,0.80227244,0.5294117647058824,0.5055855,4.99572065568461,7.938517,79.57142857142857,0.9315068493150684,0.5714285714285714,0.7083333333333334
betweenness_centrality,N/A,rrg,0.6000000000000001,0.4,0.3,2,0.85,0.84067065,0.6218487394957982,0.6015996,4.397596322200838,6.208585,74.84033613445378,0.9625,0.6470588235294118,0.7738693467336684
betweenness_centrality,N/A,rrg,0.7000000000000001,0.4,0.3,2,0.8833333333333333,0.8752204,0.7058823529411764,0.6879907,3.9276112135250583,5.081656,69.2016806722689,0.9772727272727273,0.7226890756302521,0.8309178743961353
betweenness_centrality,N/A,rrg,0.8,0.4,0.3,2,0.9266666666666666,0.9132012,0.815126050420168,0.7829611,2.8658375937368485,3.6047957,64.0672268907563,0.9801980198019802,0.8319327731092437,0.9
betweenness_centrality,N/A,rrg,0.9,0.4,0.3,2,0.96,0.949999,0.8991596638655461,0.87497324,2.395578483357454,2.3971183,62.04201680672269,0.9734513274336283,0.9243697478991597,0.9482758620689655
betweenness_centrality,N/A,rrg,1.0,0.4,0.3,2,0.9966666666666667,0.98278445,0.9915966386554622,0.9569528,1.2723811826981446,1.5240438,60.02521008403362,0.9916666666666667,1.0,0.99581589958159
betweenness_centrality,N/A,rrg,0.0,0.05,0.3,3,0.96,0.949999,0.0,0.0,17.97947524708158,9.947729,177.75,0.0,0.0,0.0
betweenness_centrality,N/A,rrg,0.1,0.05,0.3,3,0.9566666666666667,0.9546094,-0.08333333333333241,0.09220649,12.159541598898052,8.048724,85.83333333333333,0.42857142857142855,0.25,0.3157894736842105
betweenness_centrality,N/A,rrg,0.2,0.05,0.3,3,0.95,0.95411134,-0.25,0.08224557,11.777851139876732,6.9393573,80.16666666666667,0.36363636363636365,0.3333333333333333,0.34782608695652173
betweenness_centrality,N/A,rrg,0.30000000000000004,0.05,0.3,3,0.9633333333333334,0.9607859,0.08333333333333519,0.21573459,10.581978040898708,5.664725,54.916666666666664,0.5454545454545454,0.5,0.5217391304347826
betweenness_centrality,N/A,rrg,0.4,0.05,0.3,3,0.95,0.96326673,-0.25,0.26534966,11.55715938727491,4.9426646,55.166666666666664,0.4,0.5,0.4444444444444445
betweenness_centrality,N/A,rrg,0.5,0.05,0.3,3,0.9533333333333334,0.9680491,-0.16666666666666483,0.3609953,9.528751033413968,4.040703,18.25,0.4444444444444444,0.6666666666666666,0.5333333333333333
betweenness_centrality,N/A,rrg,0.6000000000000001,0.05,0.3,3,0.96,0.9675755,0.0,0.3515231,6.750113436785066,3.65328,15.0,0.5,0.8333333333333334,0.625
betweenness_centrality,N/A,rrg,0.7000000000000001,0.05,0.3,3,0.9666666666666667,0.97471046,0.1666666666666676,0.49421966,5.670933895169422,2.5169563,12.583333333333334,0.5555555555555556,0.8333333333333334,0.6666666666666667
betweenness_centrality,N/A,rrg,0.8,0.05,0.3,3,0.9766666666666667,0.9788872,0.4166666666666676,0.57775265,2.9937948943919523,2.149584,15.333333333333334,0.6666666666666666,0.8333333333333334,0.7407407407407408
betweenness_centrality,N/A,rrg,0.9,0.05,0.3,3,0.9966666666666667,0.9871104,0.9166666666666676,0.74221283,2.064213823042893,1.5104911,7.916666666666667,1.0,0.9166666666666666,0.9565217391304348
betweenness_centrality,N/A,rrg,1.0,0.05,0.3,3,0.9933333333333333,0.98805296,0.8333333333333324,0.7610642,0.9394451526894534,1.2462572,6.5,0.8571428571428571,1.0,0.923076923076923
betweenness_centrality,N/A,rrg,0.0,0.1,0.3,3,0.9333333333333333,0.900001,0.0,0.0,19.755663363948564,15.713073,166.75,0.0,0.0,0.0
betweenness_centrality,N/A,rrg,0.1,0.1,0.3,3,0.9133333333333333,0.9014678,-0.3000000000000003,0.014668252,17.24120675376612,13.4726095,141.65,0.125,0.05,0.07142857142857144
betweenness_centrality,N/A,rrg,0.2,0.1,0.3,3,0.9233333333333333,0.9027826,-0.15000000000000016,0.027816571,15.673894524304464,11.727241,59.15,0.38461538461538464,0.25,0.30303030303030304
betweenness_centrality,N/A,rrg,0.30000000000000004,0.1,0.3,3,0.9266666666666666,0.9132955,-0.10000000000000067,0.13294649,13.578040180747223,9.323429,55.5,0.45,0.45,0.45
betweenness_centrality,N/A,rrg,0.4,0.1,0.3,3,0.93,0.9282097,-0.0499999999999995,0.28209013,11.810015292689757,7.651472,47.5,0.47368421052631576,0.45,0.46153846153846156
betweenness_centrality,N/A,rrg,0.5,0.1,0.3,3,0.94,0.94221354,0.099999999999999,0.42212963,10.401819954686108,5.9862304,29.25,0.5454545454545454,0.6,0.5714285714285713
betweenness_centrality,N/A,rrg,0.6000000000000001,0.1,0.3,3,0.9533333333333334,0.9565987,0.3000000000000003,0.5659827,7.423670669892135,4.8835273,26.85,0.6363636363636364,0.7,0.6666666666666666
betweenness_centrality,N/A,rrg,0.7000000000000001,0.1,0.3,3,0.96,0.96657246,0.39999999999999936,0.66572136,5.12084467355791,3.7700357,18.0,0.6666666666666666,0.8,0.7272727272727272
betweenness_centrality,N/A,rrg,0.8,0.1,0.3,3,0.9733333333333334,0.97373354,0.6000000000000006,0.7373328,3.658898544732057,3.0800247,12.9,0.7727272727272727,0.85,0.8095238095238095
betweenness_centrality,N/A,rrg,0.9,0.1,0.3,3,0.9866666666666667,0.97683835,0.8000000000000004,0.76838124,2.571469148920259,2.5157256,12.05,0.9,0.9,0.9
betweenness_centrality,N/A,rrg,1.0,0.1,0.3,3,1.0,0.98379844,1.0,0.83798283,1.229499158580101,2.1240885,10.5,1.0,1.0,1.0
betweenness_centrality,N/A,rrg,0.0,0.2,0.3,3,0.82,0.8000143,0.0,0.0,20.850120498241235,20.358534,122.70370370370371,0.0,0.0,0.0
betweenness_centrality,N/A,rrg,0.1,0.2,0.3,3,0.8333333333333334,0.8165306,0.07407407407407453,0.08258725,17.026077380734737,16.623388,124.48148148148148,0.6428571428571429,0.16666666666666666,0.2647058823529412
betweenness_centrality,N/A,rrg,0.2,0.2,0.3,3,0.8266666666666667,0.8314259,0.037037037037037264,0.15706919,14.171522344172311,13.796154,101.12962962962963,0.5384615384615384,0.25925925925925924,0.35000000000000003
betweenness_centrality,N/A,rrg,0.30000000000000004,0.2,0.3,3,0.85,0.8454067,0.16666666666666677,0.22697821,12.081734876120354,12.227276,87.70370370370371,0.6551724137931034,0.35185185185185186,0.4578313253012048
betweenness_centrality,N/A,rrg,0.4,0.2,0.3,3,0.84,0.86696035,0.11111111111111117,0.3347541,10.439257749212059,10.145441,72.31481481481481,0.59375,0.35185185185185186,0.4418604651162791
betweenness_centrality,N/A,rrg,0.5,0.2,0.3,3,0.8633333333333333,0.8885688,0.24074074074074067,0.44280422,9.230920868235689,8.034987,61.907407407407405,0.6666666666666666,0.48148148148148145,0.5591397849462365
betweenness_centrality,N/A,rrg,0.6000000000000001,0.2,0.3,3,0.89,0.90695864,0.3888888888888891,0.5347599,7.600060472828672,6.1553392,50.25925925925926,0.7441860465116279,0.5925925925925926,0.6597938144329897
betweenness_centrality,N/A,rrg,0.7000000000000001,0.2,0.3,3,0.91,0.9205365,0.5000000000000003,0.60265416,5.882120705678132,4.8507366,44.425925925925924,0.7872340425531915,0.6851851851851852,0.7326732673267328
betweenness_centrality,N/A,rrg,0.8,0.2,0.3,3,0.93,0.9430997,0.6111111111111115,0.715478,5.289099214811905,3.6324894,36.81481481481482,0.8367346938775511,0.7592592592592593,0.796116504854369
betweenness_centrality,N/A,rrg,0.9,0.2,0.3,3,0.9666666666666667,0.9558284,0.8148148148148149,0.77912635,3.7716263505021264,2.9018366,31.62962962962963,0.94,0.8703703703703703,0.9038461538461539
betweenness_centrality,N/A,rrg,1.0,0.2,0.3,3,0.99,0.9716382,0.9444444444444444,0.8581809,1.9173883352838357,1.7033993,27.555555555555557,0.9473684210526315,1.0,0.972972972972973
betweenness_centrality,N/A,rrg,0.0,0.3,0.3,3,0.6866666666666666,0.7000266,0.0,0.0,17.048982889622057,20.358723,147.95744680851064,0.0,0.0,0.0
betweenness_centrality,N/A,rrg,0.1,0.3,0.3,3,0.7066666666666667,0.735951,0.0638297872340426,0.119758725,14.213683183699656,16.166132,137.45744680851064,0.65,0.13829787234042554,0.22807017543859648
betweenness_centrality,N/A,rrg,0.2,0.3,0.3,3,0.7533333333333333,0.7569231,0.21276595744680846,0.18967183,11.798323750755944,14.026298,108.20212765957447,0.8125,0.2765957446808511,0.4126984126984127
betweenness_centrality,N/A,rrg,0.30000000000000004,0.3,0.3,3,0.7766666666666666,0.7881123,0.28723404255319135,0.29364505,9.543569943663078,11.438586,89.93617021276596,0.7647058823529411,0.4148936170212766,0.5379310344827586
betweenness_centrality,N/A,rrg,0.4,0.3,0.3,3,0.7866666666666666,0.81684405,0.31914893617021267,0.38942608,8.319269169791493,9.581933,79.95744680851064,0.7586206896551724,0.46808510638297873,0.5789473684210527
betweenness_centrality,N/A,rrg,0.5,0.3,0.3,3,0.82,0.8507613,0.4255319148936169,0.50249356,6.670604683219942,7.5418873,71.1063829787234,0.7777777777777778,0.5957446808510638,0.674698795180723
betweenness_centrality,N/A,rrg,0.6000000000000001,0.3,0.3,3,0.8566666666666667,0.8774453,0.5425531914893618,0.59144807,6.018913422629009,6.4186363,62.308510638297875,0.8493150684931506,0.6595744680851063,0.7425149700598802
betweenness_centrality,N/A,rrg,0.7000000000000001,0.3,0.3,3,0.89,0.9042973,0.6489361702127661,0.68096274,5.099977850317013,5.1369805,56.808510638297875,0.8961038961038961,0.7340425531914894,0.8070175438596491
betweenness_centrality,N/A,rrg,0.8,0.3,0.3,3,0.9133333333333333,0.9325114,0.723404255319149,0.77501804,3.673209166723724,3.344816,51.43617021276596,0.8863636363636364,0.8297872340425532,0.8571428571428571
betweenness_centrality,N/A,rrg,0.9,0.3,0.3,3,0.9433333333333334,0.9607643,0.8191489361702129,0.86920273,2.654740086317808,2.3816934,49.58510638297872,0.9052631578947369,0.9148936170212766,0.91005291005291
betweenness_centrality,N/A,rrg,1.0,0.3,0.3,3,0.98,0.9802102,0.9361702127659574,0.9340281,1.6567230373148225,1.6730609,47.54255319148936,0.94,1.0,0.9690721649484536
betweenness_centrality,N/A,rrg,0.0,0.4,0.3,3,0.59,0.6000774,0.0,0.0,12.223457731416437,18.712688,152.8048780487805,0.0,0.0,0.0
betweenness_centrality,N/A,rrg,0.1,0.4,0.3,3,0.64,0.6399791,0.12195121951219522,0.09977364,10.795065876562663,16.438274,135.72357723577235,0.8260869565217391,0.15447154471544716,0.2602739726027397
betweenness_centrality,N/A,rrg,0.2,0.4,0.3,3,0.6633333333333333,0.6829454,0.17886178861788624,0.20721003,9.826341821092658,14.043747,116.70731707317073,0.8235294117647058,0.22764227642276422,0.35668789808917195
betweenness_centrality,N/A,rrg,0.30000000000000004,0.4,0.3,3,0.7033333333333334,0.72512347,0.2764227642276424,0.31267568,8.427425096785319,11.876959,104.63414634146342,0.8269230769230769,0.34959349593495936,0.4914285714285714
betweenness_centrality,N/A,rrg,0.4,0.4,0.3,3,0.74,0.76574624,0.3658536585365854,0.41425225,7.367982246334491,10.100961,95.23577235772358,0.8461538461538461,0.44715447154471544,0.5851063829787234
betweenness_centrality,N/A,rrg,0.5,0.4,0.3,3,0.8033333333333333,0.80101496,0.5203252032520326,0.5024411,6.187410242526841,8.562933,80.8130081300813,0.9324324324324325,0.5609756097560976,0.700507614213198
betweenness_centrality,N/A,rrg,0.6000000000000001,0.4,0.3,3,0.85,0.84063494,0.6341463414634146,0.6015103,4.760303686821195,6.665977,73.03252032520325,0.9333333333333333,0.6829268292682927,0.7887323943661972
betweenness_centrality,N/A,rrg,0.7000000000000001,0.4,0.3,3,0.8766666666666667,0.8790132,0.6991869918699188,0.6974744,3.645536455449467,4.777301,69.47154471544715,0.9134615384615384,0.7723577235772358,0.8370044052863436
betweenness_centrality,N/A,rrg,0.8,0.4,0.3,3,0.92,0.9127003,0.804878048780488,0.7817085,3.1109907318752423,3.648678,65.5040650406504,0.9459459459459459,0.8536585365853658,0.8974358974358975
betweenness_centrality,N/A,rrg,0.9,0.4,0.3,3,0.9633333333333334,0.9482888,0.910569105691057,0.87069696,1.9010514105096163,2.411434,62.73170731707317,0.9590163934426229,0.9512195121951219,0.9551020408163264
betweenness_centrality,N/A,rrg,1.0,0.4,0.3,3,0.9833333333333333,0.9812087,0.9593495934959348,0.9530126,1.1927472090135378,1.2260038,62.073170731707314,0.9609375,1.0,0.9800796812749004
betweenness_centrality,N/A,rrg,0.0,0.05,0.3,4,0.93,0.949999,0.0,0.0,26.60387443636695,10.022228,159.33333333333334,0.0,0.0,0.0
betweenness_centrality,N/A,rrg,0.1,0.05,0.3,4,0.9366666666666666,0.9409158,0.09523809523809433,-0.18165931,18.613186730103752,10.02797,93.0,0.625,0.23809523809523808,0.3448275862068965
betweenness_centrality,N/A,rrg,0.2,0.05,0.3,4,0.9233333333333333,0.947489,-0.09523809523809591,-0.050198004,14.18188447367044,7.3542676,63.666666666666664,0.4444444444444444,0.38095238095238093,0.41025641025641024
betweenness_centrality,N/A,rrg,0.30000000000000004,0.05,0.3,4,0.93,0.95155954,0.0,0.031210735,11.427041720720318,6.330235,39.19047619047619,0.5,0.5714285714285714,0.5333333333333333
betweenness_centrality,N/A,rrg,0.4,0.05,0.3,4,0.9266666666666666,0.9566142,-0.047619047619048754,0.13230172,9.780402708112117,5.069587,37.476190476190474,0.4827586206896552,0.6666666666666666,0.56
betweenness_centrality,N/A,rrg,0.5,0.05,0.3,4,0.9333333333333333,0.9642759,0.047619047619047165,0.2855326,8.029779384086872,4.1340656,26.952380952380953,0.5151515151515151,0.8095238095238095,0.6296296296296297
betweenness_centrality,N/A,rrg,0.6000000000000001,0.05,0.3,4,0.94,0.9651058,0.1428571428571415,0.30212975,4.880365023379482,3.7290752,21.19047619047619,0.5454545454545454,0.8571428571428571,0.6666666666666665
betweenness_centrality,N/A,rrg,0.7000000000000001,0.05,0.3,4,0.9533333333333334,0.97188824,0.3333333333333333,0.43777642,4.522542038159212,3.1063898,19.80952380952381,0.6206896551724138,0.8571428571428571,0.7200000000000001
betweenness_centrality,N/A,rrg,0.8,0.05,0.3,4,0.9633333333333334,0.97203153,0.47619047619047644,0.44064215,3.8651603325694124,2.6229086,17.904761904761905,0.6923076923076923,0.8571428571428571,0.7659574468085107
betweenness_centrality,N/A,rrg,0.9,0.05,0.3,4,0.9733333333333334,0.97805214,0.6190476190476195,0.5610518,2.722882441398361,2.014989,11.761904761904763,0.7407407407407407,0.9523809523809523,0.8333333333333334
betweenness_centrality,N/A,rrg,1.0,0.05,0.3,4,0.99,0.982323,0.8571428571428569,0.6464671,1.6479267808789477,1.4874493,11.238095238095237,0.875,1.0,0.9333333333333333
betweenness_centrality,N/A,rrg,0.0,0.1,0.3,4,0.9,0.900001,0.0,0.0,26.15544530106607,15.713004,143.23333333333332,0.0,0.0,0.0
betweenness_centrality,N/A,rrg,0.1,0.1,0.3,4,0.8933333333333333,0.8982498,-0.06666666666666711,-0.017512018,19.041656199389912,13.291044,86.3,0.4,0.13333333333333333,0.2
betweenness_centrality,N/A,rrg,0.2,0.1,0.3,4,0.9033333333333333,0.91308796,0.033333333333333,0.13087104,15.480399668274652,10.337035,73.7,0.5333333333333333,0.26666666666666666,0.3555555555555555
betweenness_centrality,N/A,rrg,0.30000000000000004,0.1,0.3,4,0.91,0.9266149,0.10000000000000012,0.26614153,13.261777576668527,8.231177,66.23333333333333,0.5714285714285714,0.4,0.47058823529411764
betweenness_centrality,N/A,rrg,0.4,0.1,0.3,4,0.93,0.9275511,0.3000000000000003,0.27550372,10.161203986827967,7.5061045,51.1,0.6666666666666666,0.6,0.631578947368421
betweenness_centrality,N/A,rrg,0.5,0.1,0.3,4,0.9366666666666666,0.9332802,0.3666666666666663,0.33279568,9.173904170704175,6.4901843,45.0,0.72,0.6,0.6545454545454547
betweenness_centrality,N/A,rrg,0.6000000000000001,0.1,0.3,4,0.9266666666666666,0.9509758,0.2666666666666662,0.5097529,7.925166099458901,5.0319753,32.733333333333334,0.6176470588235294,0.7,0.65625
betweenness_centrality,N/A,rrg,0.7000000000000001,0.1,0.3,4,0.9366666666666666,0.9581404,0.3666666666666663,0.5813996,5.701555233224744,3.8320198,25.233333333333334,0.6486486486486487,0.8,0.7164179104477612
betweenness_centrality,N/A,rrg,0.8,0.1,0.3,4,0.9566666666666667,0.96733165,0.5666666666666665,0.67331326,3.643539958221657,2.9995348,21.166666666666668,0.7575757575757576,0.8333333333333334,0.7936507936507938
betweenness_centrality,N/A,rrg,0.9,0.1,0.3,4,0.98,0.9699536,0.7999999999999998,0.699533,2.630437256950582,2.4235182,19.566666666666666,0.9,0.9,0.9
betweenness_centrality,N/A,rrg,1.0,0.1,0.3,4,0.9933333333333333,0.9780934,0.9333333333333329,0.7809317,1.697001152263997,1.6979022,15.9,0.9375,1.0,0.967741935483871
betweenness_centrality,N/A,rrg,0.0,0.2,0.3,4,0.7433333333333333,0.8000143,0.0,0.0,24.808923826030664,20.273132,153.74025974025975,0.0,0.0,0.0
betweenness_centrality,N/A,rrg,0.1,0.2,0.3,4,0.77,0.81055236,0.10389610389610411,0.05269398,18.777971204596774,16.751404,110.64935064935065,0.7222222222222222,0.16883116883116883,0.2736842105263158
betweenness_centrality,N/A,rrg,0.2,0.2,0.3,4,0.7933333333333333,0.827201,0.19480519480519495,0.13594319,15.296393283474439,13.773724,108.92207792207792,0.7586206896551724,0.2857142857142857,0.4150943396226415
betweenness_centrality,N/A,rrg,0.30000000000000004,0.2,0.3,4,0.8066666666666666,0.8458756,0.24675324675324678,0.22932294,12.410906805414164,11.108538,93.45454545454545,0.7111111111111111,0.4155844155844156,0.5245901639344263
betweenness_centrality,N/A,rrg,0.4,0.2,0.3,4,0.8433333333333334,0.87278587,0.3896103896103899,0.3638838,11.20852337393267,9.475118,79.02597402597402,0.8125,0.5064935064935064,0.6239999999999999
betweenness_centrality,N/A,rrg,0.5,0.2,0.3,4,0.8666666666666667,0.89206403,0.48051948051948074,0.46028155,9.24903789367835,7.47185,64.46753246753246,0.8032786885245902,0.6363636363636364,0.7101449275362318
betweenness_centrality,N/A,rrg,0.6000000000000001,0.2,0.3,4,0.8866666666666667,0.9106954,0.5584415584415587,0.5534449,7.965579316934528,6.228151,55.87012987012987,0.8412698412698413,0.6883116883116883,0.7571428571428571
betweenness_centrality,N/A,rrg,0.7000000000000001,0.2,0.3,4,0.9066666666666666,0.92639107,0.6363636363636362,0.631929,6.370258703390048,5.337993,51.66233766233766,0.9016393442622951,0.7142857142857143,0.7971014492753624
betweenness_centrality,N/A,rrg,0.8,0.2,0.3,4,0.92,0.94386923,0.6883116883116885,0.7193261,5.135402717967695,3.6830726,46.51948051948052,0.8840579710144928,0.7922077922077922,0.8356164383561644
betweenness_centrality,N/A,rrg,0.9,0.2,0.3,4,0.9566666666666667,0.9621465,0.8311688311688312,0.8107191,3.1307521684830695,2.7209778,41.5974025974026,0.9210526315789473,0.9090909090909091,0.915032679738562
betweenness_centrality,N/A,rrg,1.0,0.2,0.3,4,0.99,0.9801371,0.961038961038961,0.90067846,1.3333218586619693,1.5401207,39.27272727272727,0.9625,1.0,0.980891719745223
betweenness_centrality,N/A,rrg,0.0,0.3,0.3,4,0.6866666666666666,0.7000266,0.0,0.0,16.331845080097484,20.250498,143.93617021276594,0.0,0.0,0.0
betweenness_centrality,N/A,rrg,0.1,0.3,0.3,4,0.7133333333333334,0.72925454,0.0851063829787236,0.097435206,13.668997693413123,16.739357,126.13829787234043,0.8333333333333334,0.10638297872340426,0.18867924528301885
betweenness_centrality,N/A,rrg,0.2,0.3,0.3,4,0.7266666666666667,0.7578734,0.1276595744680852,0.19283989,10.608390698991512,13.932569,112.88297872340425,0.7307692307692307,0.20212765957446807,0.31666666666666665
betweenness_centrality,N/A,rrg,0.30000000000000004,0.3,0.3,4,0.7566666666666667,0.79505396,0.22340425531914912,0.31678602,8.7371459055654,11.117299,95.09574468085107,0.7692307692307693,0.3191489361702128,0.4511278195488722
betweenness_centrality,N/A,rrg,0.4,0.3,0.3,4,0.7833333333333333,0.8277634,0.30851063829787234,0.4258271,7.536537448993643,9.064389,85.46808510638297,0.7959183673469388,0.4148936170212766,0.5454545454545454
betweenness_centrality,N/A,rrg,0.5,0.3,0.3,4,0.8066666666666666,0.84944415,0.38297872340425526,0.49810272,6.710751645650737,7.5292015,75.06382978723404,0.7903225806451613,0.5212765957446809,0.6282051282051282
betweenness_centrality,N/A,rrg,0.6000000000000001,0.3,0.3,4,0.85,0.87884766,0.5212765957446808,0.5961231,5.340650980078223,5.908249,64.55319148936171,0.8356164383561644,0.648936170212766,0.7305389221556887
betweenness_centrality,N/A,rrg,0.7000000000000001,0.3,0.3,4,0.8933333333333333,0.90493613,0.6595744680851063,0.68309236,4.086844914707253,4.7143254,55.90425531914894,0.8974358974358975,0.7446808510638298,0.813953488372093
betweenness_centrality,N/A,rrg,0.8,0.3,0.3,4,0.9166666666666666,0.9294757,0.7340425531914893,0.76489824,2.8898158316418314,3.3417416,52.96808510638298,0.8876404494382022,0.8404255319148937,0.8633879781420766
betweenness_centrality,N/A,rrg,0.9,0.3,0.3,4,0.9633333333333334,0.9500728,0.8829787234042554,0.83356136,2.1644642292690537,2.5641484,49.02127659574468,0.9560439560439561,0.925531914893617,0.9405405405405406
betweenness_centrality,N/A,rrg,1.0,0.3,0.3,4,0.99,0.97915936,0.9680851063829787,0.930525,1.657606840236779,1.7692909,47.638297872340424,0.9690721649484536,1.0,0.9842931937172774
betweenness_centrality,N/A,rrg,0.0,0.4,0.3,4,0.6166666666666667,0.60007733,0.0,0.0,12.268049629000462,19.056618,153.71304347826086,0.0,0.0,0.0
betweenness_centrality,N/A,rrg,0.1,0.4,0.3,4,0.6666666666666666,0.6391676,0.13043478260869548,0.097744584,10.3463920940209,16.319479,141.1391304347826,0.8571428571428571,0.1565217391304348,0.2647058823529412
betweenness_centrality,N/A,rrg,0.2,0.4,0.3,4,0.7033333333333334,0.68135154,0.22608695652173916,0.20322482,9.159086721902131,13.86528,114.4,0.8095238095238095,0.2956521739130435,0.43312101910828027
betweenness_centrality,N/A,rrg,0.30000000000000004,0.4,0.3,4,0.73,0.7239038,0.2956521739130434,0.30962598,8.316651810351566,12.023582,102.79130434782608,0.7931034482758621,0.4,0.5317919075144509
betweenness_centrality,N/A,rrg,0.4,0.4,0.3,4,0.7766666666666666,0.75475097,0.4173913043478259,0.38675886,7.30088887448725,10.743977,84.96521739130435,0.8636363636363636,0.4956521739130435,0.6298342541436465
betweenness_centrality,N/A,rrg,0.5,0.4,0.3,4,0.8166666666666667,0.79984343,0.5217391304347825,0.4995118,6.344463838383981,9.23905,79.66956521739131,0.8947368421052632,0.591304347826087,0.7120418848167539
betweenness_centrality,N/A,rrg,0.6000000000000001,0.4,0.3,4,0.8533333333333334,0.836123,0.6173913043478262,0.59022826,5.39550698119405,7.3631997,73.41739130434783,0.9080459770114943,0.6869565217391305,0.7821782178217821
betweenness_centrality,N/A,rrg,0.7000000000000001,0.4,0.3,4,0.8866666666666667,0.87657124,0.7043478260869567,0.6913684,4.465294529916663,5.8397217,66.26086956521739,0.9263157894736842,0.7652173913043478,0.8380952380952381
betweenness_centrality,N/A,rrg,0.8,0.4,0.3,4,0.9233333333333333,0.9091673,0.8,0.7728743,3.7665189990263714,4.617359,61.03478260869565,0.9509803921568627,0.8434782608695652,0.8940092165898618
betweenness_centrality,N/A,rrg,0.9,0.4,0.3,4,0.96,0.94732136,0.8956521739130434,0.8682779,2.823405760634405,2.9884996,58.91304347826087,0.963963963963964,0.9304347826086956,0.9469026548672567
betweenness_centrality,N/A,rrg,1.0,0.4,0.3,4,0.9966666666666667,0.9825992,0.991304347826087,0.95648956,1.999483675717183,1.8479269,58.0,0.9913793103448276,1.0,0.9956709956709957
betweenness_centrality,N/A,rrg,0.0,0.05,0.3,5,0.9433333333333334,0.949999,0.0,0.0,22.217238540888218,9.9970255,157.05882352941177,0.0,0.0,0.0
betweenness_centrality,N/A,rrg,0.1,0.05,0.3,5,0.93,0.9359617,-0.2352941176470585,-0.28073928,18.905142087451797,10.355351,126.47058823529412,0.16666666666666666,0.058823529411764705,0.08695652173913045
betweenness_centrality,N/A,rrg,0.2,0.05,0.3,5,0.9233333333333333,0.9542088,-0.3529411764705887,0.0841946,19.33309125692847,7.7684946,109.29411764705883,0.2,0.11764705882352941,0.14814814814814817
betweenness_centrality,N/A,rrg,0.30000000000000004,0.05,0.3,5,0.9166666666666666,0.9562695,-0.4705882352941189,0.12540798,16.035073699729896,6.547904,89.6470588235294,0.21428571428571427,0.17647058823529413,0.1935483870967742
betweenness_centrality,N/A,rrg,0.4,0.05,0.3,5,0.9333333333333333,0.96261495,-0.17647058823529435,0.2523144,12.797676479476934,6.0800056,72.52941176470588,0.4,0.35294117647058826,0.37500000000000006
betweenness_centrality,N/A,rrg,0.5,0.05,0.3,5,0.95,0.96643686,0.11764705882352826,0.32875103,11.064713350588493,5.4277635,43.76470588235294,0.5625,0.5294117647058824,0.5454545454545455
betweenness_centrality,N/A,rrg,0.6000000000000001,0.05,0.3,5,0.9533333333333334,0.9690592,0.17647058823529435,0.38119727,8.235026186413576,4.266018,26.529411764705884,0.5789473684210527,0.6470588235294118,0.6111111111111113
betweenness_centrality,N/A,rrg,0.7000000000000001,0.05,0.3,5,0.9633333333333334,0.9726174,0.3529411764705887,0.452359,6.107071419745098,3.4572766,31.058823529411764,0.6666666666666666,0.7058823529411765,0.6857142857142857
betweenness_centrality,N/A,rrg,0.8,0.05,0.3,5,0.9766666666666667,0.9801004,0.5882352941176472,0.60201603,3.9673627304889836,2.8876567,20.823529411764707,0.7777777777777778,0.8235294117647058,0.7999999999999999
betweenness_centrality,N/A,rrg,0.9,0.05,0.3,5,0.9833333333333333,0.9814941,0.7058823529411754,0.62989014,2.355307868282732,2.2376978,14.176470588235293,0.8333333333333334,0.8823529411764706,0.8571428571428571
betweenness_centrality,N/A,rrg,1.0,0.05,0.3,5,0.99,0.98463976,0.8235294117647056,0.6928016,1.4774530043553784,1.7103308,9.352941176470589,0.85,1.0,0.9189189189189189
betweenness_centrality,N/A,rrg,0.0,0.1,0.3,5,0.8866666666666667,0.900001,0.0,0.0,28.111997513558368,15.687435,155.7058823529412,0.0,0.0,0.0
betweenness_centrality,N/A,rrg,0.1,0.1,0.3,5,0.8766666666666667,0.9062746,-0.08823529411764718,0.06273689,21.88735871437243,12.829565,99.1470588235294,0.38461538461538464,0.14705882352941177,0.21276595744680854
betweenness_centrality,N/A,rrg,0.2,0.1,0.3,5,0.8933333333333333,0.9165025,0.05882352941176413,0.1650165,18.428614176406633,10.6971855,85.67647058823529,0.5625,0.2647058823529412,0.36000000000000004
betweenness_centrality,N/A,rrg,0.30000000000000004,0.1,0.3,5,0.9,0.9159065,0.11764705882352924,0.15905657,14.050792728256905,9.533088,71.58823529411765,0.5833333333333334,0.4117647058823529,0.4827586206896552
betweenness_centrality,N/A,rrg,0.4,0.1,0.3,5,0.9133333333333333,0.9356586,0.2352941176470585,0.35657936,12.070136355927795,7.1281085,58.029411764705884,0.6538461538461539,0.5,0.5666666666666668
betweenness_centrality,N/A,rrg,0.5,0.1,0.3,5,0.92,0.9421698,0.2941176470588236,0.42169213,9.746108279277511,6.014688,51.8235294117647,0.6923076923076923,0.5294117647058824,0.5999999999999999
betweenness_centrality,N/A,rrg,0.6000000000000001,0.1,0.3,5,0.9333333333333333,0.9462372,0.4117647058823528,0.46236676,8.09597192143114,5.197876,36.73529411764706,0.7333333333333333,0.6470588235294118,0.6875
betweenness_centrality,N/A,rrg,0.7000000000000001,0.1,0.3,5,0.9533333333333334,0.95604503,0.5882352941176472,0.56044596,6.2151253023423925,4.11583,31.735294117647058,0.8125,0.7647058823529411,0.787878787878788
betweenness_centrality,N/A,rrg,0.8,0.1,0.3,5,0.9666666666666667,0.9605595,0.7058823529411764,0.605591,4.456328967283637,3.2976637,24.205882352941178,0.8333333333333334,0.8823529411764706,0.8571428571428571
betweenness_centrality,N/A,rrg,0.9,0.1,0.3,5,0.99,0.96661913,0.9117647058823528,0.66618806,2.410914400312431,2.605432,17.558823529411764,0.918918918918919,1.0,0.9577464788732395
betweenness_centrality,N/A,rrg,1.0,0.1,0.3,5,0.99,0.9762124,0.9117647058823528,0.7621215,1.5301903374518127,1.7163043,17.5,0.918918918918919,1.0,0.9577464788732395
betweenness_centrality,N/A,rrg,0.0,0.2,0.3,5,0.8,0.8000143,0.0,0.0,22.155841101408388,20.330748,151.03333333333333,0.0,0.0,0.0
betweenness_centrality,N/A,rrg,0.1,0.2,0.3,5,0.8266666666666667,0.81147885,0.1333333333333331,0.057326786,17.17299896188134,17.208836,126.86666666666666,0.7857142857142857,0.18333333333333332,0.29729729729729726
betweenness_centrality,N/A,rrg,0.2,0.2,0.3,5,0.8366666666666667,0.8298247,0.18333333333333315,0.14906251,14.359753845045066,14.178718,105.21666666666667,0.7037037037037037,0.31666666666666665,0.4367816091954023
betweenness_centrality,N/A,rrg,0.30000000000000004,0.2,0.3,5,0.8566666666666667,0.8551698,0.28333333333333327,0.275797,12.461400436064068,11.021374,81.93333333333334,0.7575757575757576,0.4166666666666667,0.5376344086021506
betweenness_centrality,N/A,rrg,0.4,0.2,0.3,5,0.8833333333333333,0.86884785,0.4166666666666664,0.3441923,9.899484204983,9.863408,66.81666666666666,0.8378378378378378,0.5166666666666667,0.6391752577319588
betweenness_centrality,N/A,rrg,0.5,0.2,0.3,5,0.8866666666666667,0.88543093,0.43333333333333346,0.42711365,8.143633596272494,7.93319,60.11666666666667,0.782608695652174,0.6,0.6792452830188679
betweenness_centrality,N/A,rrg,0.6000000000000001,0.2,0.3,5,0.8933333333333333,0.9022473,0.46666666666666645,0.51120156,5.429045410131591,6.123007,49.31666666666667,0.7692307692307693,0.6666666666666666,0.7142857142857142
betweenness_centrality,N/A,rrg,0.7000000000000001,0.2,0.3,5,0.9,0.9212737,0.5,0.60634035,4.854521509510073,4.9798064,44.36666666666667,0.7777777777777778,0.7,0.7368421052631577
betweenness_centrality,N/A,rrg,0.8,0.2,0.3,5,0.9166666666666666,0.93550926,0.583333333333333,0.67752326,3.0208142110851552,3.7097006,38.78333333333333,0.8070175438596491,0.7666666666666667,0.7863247863247863
betweenness_centrality,N/A,rrg,0.9,0.2,0.3,5,0.9433333333333334,0.9522105,0.7166666666666667,0.7610353,2.4610665223816732,2.4879932,32.9,0.8524590163934426,0.8666666666666667,0.8595041322314049
betweenness_centrality,N/A,rrg,1.0,0.2,0.3,5,0.9833333333333333,0.9737998,0.9166666666666664,0.86898977,1.584562830043802,1.6862161,30.516666666666666,0.9230769230769231,1.0,0.9600000000000001
betweenness_centrality,N/A,rrg,0.0,0.3,0.3,5,0.7366666666666667,0.7000266,0.0,0.0,14.89043375850027,20.290377,161.1012658227848,0.0,0.0,0.0
betweenness_centrality,N/A,rrg,0.1,0.3,0.3,5,0.75,0.7247809,0.05063291139240497,0.082521796,11.374215610263832,16.475985,121.86075949367088,0.5909090909090909,0.16455696202531644,0.25742574257425743
betweenness_centrality,N/A,rrg,0.2,0.3,0.3,5,0.7666666666666667,0.75696754,0.1139240506329115,0.18982005,10.18825170224921,14.531374,108.64556962025317,0.6666666666666666,0.22784810126582278,0.33962264150943394
betweenness_centrality,N/A,rrg,0.30000000000000004,0.3,0.3,5,0.7933333333333333,0.7894007,0.21518987341772144,0.29794014,7.982665075390598,11.189753,86.0632911392405,0.7297297297297297,0.34177215189873417,0.46551724137931033
betweenness_centrality,N/A,rrg,0.4,0.3,0.3,5,0.8333333333333334,0.81552494,0.3670886075949368,0.38502866,7.207593604572877,9.830719,74.83544303797468,0.8222222222222222,0.46835443037974683,0.596774193548387
betweenness_centrality,N/A,rrg,0.5,0.3,0.3,5,0.86,0.8370387,0.4683544303797467,0.45674753,6.007825657234681,7.767599,65.9493670886076,0.8627450980392157,0.5569620253164557,0.676923076923077
betweenness_centrality,N/A,rrg,0.6000000000000001,0.3,0.3,5,0.8866666666666667,0.87148255,0.5696202531645571,0.5715706,5.325082055218953,6.430091,58.56962025316456,0.8813559322033898,0.6582278481012658,0.7536231884057971
betweenness_centrality,N/A,rrg,0.7000000000000001,0.3,0.3,5,0.9,0.90018076,0.6202531645569621,0.6672397,4.505854801209932,4.7893295,52.0126582278481,0.8888888888888888,0.7088607594936709,0.7887323943661971
betweenness_centrality,N/A,rrg,0.8,0.3,0.3,5,0.93,0.92541516,0.7341772151898736,0.75136185,3.6351220721696182,3.7148347,44.36708860759494,0.9264705882352942,0.7974683544303798,0.8571428571428572
betweenness_centrality,N/A,rrg,0.9,0.3,0.3,5,0.9566666666666667,0.956945,0.8354430379746836,0.85647064,2.0735293438957365,2.4276118,41.53164556962025,0.9342105263157895,0.8987341772151899,0.9161290322580645
betweenness_centrality,N/A,rrg,1.0,0.3,0.3,5,0.99,0.97997457,0.9620253164556961,0.9332426,1.3094547593863373,1.5321094,40.11392405063291,0.9634146341463414,1.0,0.9813664596273292
betweenness_centrality,N/A,rrg,0.0,0.4,0.3,5,0.5766666666666667,0.60007733,0.0,0.0,12.764540719137099,19.099096,157.54330708661416,0.0,0.0,0.0
betweenness_centrality,N/A,rrg,0.1,0.4,0.3,5,0.6333333333333333,0.63752484,0.13385826771653536,0.093636885,10.766381388258898,16.405993,140.22834645669292,0.84,0.16535433070866143,0.2763157894736842
betweenness_centrality,N/A,rrg,0.2,0.4,0.3,5,0.6666666666666666,0.6833797,0.21259842519685032,0.20829621,9.39828370585279,13.233897,119.14960629921259,0.8292682926829268,0.2677165354330709,0.40476190476190477
betweenness_centrality,N/A,rrg,0.30000000000000004,0.4,0.3,5,0.7066666666666667,0.72326905,0.30708661417322836,0.30803883,7.6154012782357645,10.86721,103.4251968503937,0.8679245283018868,0.36220472440944884,0.5111111111111112
betweenness_centrality,N/A,rrg,0.4,0.4,0.3,5,0.7433333333333333,0.7678421,0.3937007874015747,0.41949305,6.718619304103598,9.18875,91.99212598425197,0.8571428571428571,0.47244094488188976,0.6091370558375634
betweenness_centrality,N/A,rrg,0.5,0.4,0.3,5,0.8033333333333333,0.8132801,0.5354330708661418,0.53311,5.561620298006434,6.9677944,83.08661417322834,0.8777777777777778,0.6220472440944882,0.728110599078341
betweenness_centrality,N/A,rrg,0.6000000000000001,0.4,0.3,5,0.8433333333333334,0.84464383,0.6299212598425198,0.6115345,4.376904577822993,5.537984,77.06299212598425,0.9,0.7086614173228346,0.7929515418502202
betweenness_centrality,N/A,rrg,0.7000000000000001,0.4,0.3,5,0.8733333333333333,0.8845887,0.700787401574803,0.711416,3.1979470978918076,4.275748,71.85826771653544,0.9238095238095239,0.7637795275590551,0.8362068965517242
betweenness_centrality,N/A,rrg,0.8,0.4,0.3,5,0.92,0.9228129,0.8110236220472442,0.80699486,2.4343119598042624,2.7713895,68.33070866141732,0.9401709401709402,0.8661417322834646,0.9016393442622952
betweenness_centrality,N/A,rrg,0.9,0.4,0.3,5,0.97,0.95421934,0.9291338582677164,0.88552624,1.715811179766509,1.9635928,65.49606299212599,0.9682539682539683,0.9606299212598425,0.9644268774703557
betweenness_centrality,N/A,rrg,1.0,0.4,0.3,5,0.9966666666666667,0.9836957,0.9921259842519686,0.9592313,1.2059787815731453,1.2777486,64.05511811023622,0.9921875,1.0,0.996078431372549
betweenness_centrality,N/A,rrg,0.0,0.05,0.3,6,0.9433333333333334,0.949999,0.0,0.0,22.90040110205343,9.9570265,119.11764705882354,0.0,0.0,0.0
betweenness_centrality,N/A,rrg,0.1,0.05,0.3,6,0.9233333333333333,0.94160664,-0.3529411764705887,-0.16784324,19.0911727407622,9.487553,122.58823529411765,0.125,0.058823529411764705,0.07999999999999999
betweenness_centrality,N/A,rrg,0.2,0.05,0.3,6,0.91,0.94569457,-0.5882352941176472,-0.086086415,17.19506121827287,7.6110077,131.0,0.1875,0.17647058823529413,0.1818181818181818
betweenness_centrality,N/A,rrg,0.30000000000000004,0.05,0.3,6,0.9033333333333333,0.9468103,-0.7058823529411774,-0.06377208,15.911292636322626,6.694594,106.58823529411765,0.16666666666666666,0.17647058823529413,0.17142857142857143
betweenness_centrality,N/A,rrg,0.4,0.05,0.3,6,0.9233333333333333,0.9554891,-0.3529411764705887,0.109800234,13.061885113188636,5.5767865,62.529411764705884,0.3333333333333333,0.35294117647058826,0.34285714285714286
betweenness_centrality,N/A,rrg,0.5,0.05,0.3,6,0.9366666666666666,0.96125185,-0.11764705882353022,0.22505298,11.092137029776044,4.448059,41.35294117647059,0.45,0.5294117647058824,0.48648648648648646
betweenness_centrality,N/A,rrg,0.6000000000000001,0.05,0.3,6,0.9433333333333334,0.9644086,0.0,0.28818613,9.689884814083738,3.926896,40.588235294117645,0.5,0.5882352941176471,0.5405405405405405
betweenness_centrality,N/A,rrg,0.7000000000000001,0.05,0.3,6,0.9533333333333334,0.9730363,0.17647058823529435,0.46073684,6.791402104527956,2.9707928,28.647058823529413,0.5714285714285714,0.7058823529411765,0.6315789473684211
betweenness_centrality,N/A,rrg,0.8,0.05,0.3,6,0.9733333333333334,0.97858346,0.529411764705883,0.57167786,5.552707968348084,2.313784,13.294117647058824,0.6956521739130435,0.9411764705882353,0.7999999999999999
betweenness_centrality,N/A,rrg,0.9,0.05,0.3,6,0.9833333333333333,0.98158336,0.7058823529411754,0.6316747,3.0796478791173554,2.1482399,10.705882352941176,0.7727272727272727,1.0,0.8717948717948718
betweenness_centrality,N/A,rrg,1.0,0.05,0.3,6,0.9933333333333333,0.9845097,0.8823529411764698,0.6902005,2.2624617187420095,1.7171698,9.0,0.8947368421052632,1.0,0.9444444444444444
betweenness_centrality,N/A,rrg,0.0,0.1,0.3,6,0.91,0.900001,0.0,0.0,21.997641765473745,15.732697,132.22222222222223,0.0,0.0,0.0
betweenness_centrality,N/A,rrg,0.1,0.1,0.3,6,0.9133333333333333,0.90218264,0.037037037037036674,0.021816708,15.980466813383025,12.746598,110.96296296296296,0.5454545454545454,0.2222222222222222,0.3157894736842105
betweenness_centrality,N/A,rrg,0.2,0.1,0.3,6,0.9133333333333333,0.90786815,0.037037037037036674,0.07867235,13.807853612409207,11.276309,68.33333333333333,0.5294117647058824,0.3333333333333333,0.409090909090909
betweenness_centrality,N/A,rrg,0.30000000000000004,0.1,0.3,6,0.9133333333333333,0.9119875,0.037037037037036674,0.119866125,11.969154962626845,9.837074,58.22222222222222,0.5217391304347826,0.4444444444444444,0.48
betweenness_centrality,N/A,rrg,0.4,0.1,0.3,6,0.91,0.93000245,0.0,0.3000176,12.506762177094176,7.7915683,50.81481481481482,0.5,0.5185185185185185,0.509090909090909
betweenness_centrality,N/A,rrg,0.5,0.1,0.3,6,0.9133333333333333,0.940248,0.037037037037036674,0.40247422,10.460228956735243,6.4143376,33.888888888888886,0.5161290322580645,0.5925925925925926,0.5517241379310345
betweenness_centrality,N/A,rrg,0.6000000000000001,0.1,0.3,6,0.9366666666666666,0.9451438,0.29629629629629584,0.45143276,7.578003423335863,5.3500104,24.59259259259259,0.625,0.7407407407407407,0.6779661016949152
betweenness_centrality,N/A,rrg,0.7000000000000001,0.1,0.3,6,0.9633333333333334,0.94978213,0.5925925925925929,0.49781635,5.691035260257896,4.7786927,22.22222222222222,0.7857142857142857,0.8148148148148148,0.7999999999999999
betweenness_centrality,N/A,rrg,0.8,0.1,0.3,6,0.96,0.96454895,0.555555555555555,0.64548594,4.961891305975091,3.298096,19.11111111111111,0.7272727272727273,0.8888888888888888,0.7999999999999999
betweenness_centrality,N/A,rrg,0.9,0.1,0.3,6,0.97,0.9733072,0.6666666666666663,0.7330693,2.5601125289419,2.3743756,14.592592592592593,0.7647058823529411,0.9629629629629629,0.8524590163934426
betweenness_centrality,N/A,rrg,1.0,0.1,0.3,6,0.9933333333333333,0.9810208,0.9259259259259254,0.8102062,1.6975751956638423,1.6076351,14.0,0.9310344827586207,1.0,0.9642857142857143
betweenness_centrality,N/A,rrg,0.0,0.2,0.3,6,0.83,0.8000143,0.0,0.0,18.73261815987099,20.25037,159.68627450980392,0.0,0.0,0.0
betweenness_centrality,N/A,rrg,0.1,0.2,0.3,6,0.8333333333333334,0.8143187,0.01960784313725535,0.071527116,14.161049777369648,15.934336,134.11764705882354,0.5333333333333333,0.1568627450980392,0.2424242424242424
betweenness_centrality,N/A,rrg,0.2,0.2,0.3,6,0.83,0.83113784,0.0,0.15562874,11.885256352352673,13.385907,114.96078431372548,0.5,0.2549019607843137,0.33766233766233766
betweenness_centrality,N/A,rrg,0.30000000000000004,0.2,0.3,6,0.8433333333333334,0.8461818,0.07843137254902009,0.23085399,9.493859987281507,11.128743,79.05882352941177,0.5666666666666667,0.3333333333333333,0.4197530864197531
betweenness_centrality,N/A,rrg,0.4,0.2,0.3,6,0.8733333333333333,0.8711693,0.25490196078431365,0.35580054,8.134427535960928,9.799598,64.72549019607843,0.696969696969697,0.45098039215686275,0.5476190476190477
betweenness_centrality,N/A,rrg,0.5,0.2,0.3,6,0.8833333333333333,0.8880451,0.3137254901960784,0.44018528,6.841102917659806,7.5106626,53.0,0.6904761904761905,0.5686274509803921,0.6236559139784946
betweenness_centrality,N/A,rrg,0.6000000000000001,0.2,0.3,6,0.9166666666666666,0.9042308,0.5098039215686273,0.5211196,6.431745187728041,6.4114017,46.529411764705884,0.825,0.6470588235294118,0.7252747252747253
betweenness_centrality,N/A,rrg,0.7000000000000001,0.2,0.3,6,0.93,0.92485654,0.5882352941176474,0.62425584,5.08837451393797,4.841102,40.8235294117647,0.8409090909090909,0.7254901960784313,0.7789473684210527
betweenness_centrality,N/A,rrg,0.8,0.2,0.3,6,0.9466666666666667,0.94458616,0.6862745098039216,0.72291094,3.7613679593076585,3.5617106,32.1764705882353,0.8571428571428571,0.8235294117647058,0.84
betweenness_centrality,N/A,rrg,0.9,0.2,0.3,6,0.9666666666666667,0.9585917,0.8039215686274511,0.79294366,2.777546931591218,2.6577892,27.607843137254903,0.9019607843137255,0.9019607843137255,0.9019607843137255
betweenness_centrality,N/A,rrg,1.0,0.2,0.3,6,0.99,0.9758476,0.9411764705882353,0.87922937,1.278541071066509,1.8858008,26.176470588235293,0.9444444444444444,1.0,0.9714285714285714
betweenness_centrality,N/A,rrg,0.0,0.3,0.3,6,0.7133333333333334,0.7000529,0.0,0.0,16.476438018976197,20.529987,141.47674418604652,0.0,0.0,0.0
betweenness_centrality,N/A,rrg,0.1,0.3,0.3,6,0.75,0.72998106,0.1279069767441859,0.09977809,13.531517749169968,16.702913,120.47674418604652,0.8666666666666667,0.1511627906976744,0.25742574257425743
betweenness_centrality,N/A,rrg,0.2,0.3,0.3,6,0.7833333333333333,0.75710654,0.24418604651162779,0.19021231,11.156252982483661,14.454659,89.61627906976744,0.8620689655172413,0.29069767441860467,0.43478260869565216
betweenness_centrality,N/A,rrg,0.30000000000000004,0.3,0.3,6,0.7966666666666666,0.7873367,0.29069767441860445,0.2909973,10.225187411269523,11.883685,84.53488372093024,0.8205128205128205,0.37209302325581395,0.512
betweenness_centrality,N/A,rrg,0.4,0.3,0.3,6,0.8133333333333334,0.8120725,0.34883720930232553,0.37346452,8.800856576067071,10.466906,76.22093023255815,0.8409090909090909,0.43023255813953487,0.5692307692307692
betweenness_centrality,N/A,rrg,0.5,0.3,0.3,6,0.84,0.83933914,0.44186046511627886,0.4643693,7.591426455039597,8.788447,64.38372093023256,0.8653846153846154,0.5232558139534884,0.6521739130434783
betweenness_centrality,N/A,rrg,0.6000000000000001,0.3,0.3,6,0.86,0.8708813,0.5116279069767441,0.56952846,6.000753084834934,7.067443,59.22093023255814,0.8548387096774194,0.6162790697674418,0.7162162162162162
betweenness_centrality,N/A,rrg,0.7000000000000001,0.3,0.3,6,0.8966666666666666,0.89878166,0.63953488372093,0.662546,4.4830999298643475,5.338567,53.16279069767442,0.8985507246376812,0.7209302325581395,0.7999999999999999
betweenness_centrality,N/A,rrg,0.8,0.3,0.3,6,0.9333333333333333,0.9236674,0.7674418604651163,0.745513,3.3186711441742114,4.1572175,46.5,0.9459459459459459,0.813953488372093,0.875
betweenness_centrality,N/A,rrg,0.9,0.3,0.3,6,0.96,0.9531974,0.8604651162790696,0.84396386,2.2246084910665047,2.6014836,45.16279069767442,0.9625,0.8953488372093024,0.927710843373494
betweenness_centrality,N/A,rrg,1.0,0.3,0.3,6,0.99,0.97865134,0.9651162790697674,0.92882526,1.6070596468009597,1.862072,43.53488372093023,0.9662921348314607,1.0,0.9828571428571428
betweenness_centrality,N/A,rrg,0.0,0.4,0.3,6,0.61,0.60007733,0.0,0.0,11.93851563899198,18.637451,154.45299145299145,0.0,0.0,0.0
betweenness_centrality,N/A,rrg,0.1,0.4,0.3,6,0.6633333333333333,0.6387914,0.13675213675213677,0.096803844,10.193279737916725,16.019123,132.60683760683762,0.8636363636363636,0.1623931623931624,0.2733812949640288
betweenness_centrality,N/A,rrg,0.2,0.4,0.3,6,0.7166666666666667,0.6803817,0.27350427350427353,0.20079978,8.64637125832226,13.294553,116.84615384615384,0.9210526315789473,0.29914529914529914,0.45161290322580644
betweenness_centrality,N/A,rrg,0.30000000000000004,0.4,0.3,6,0.73,0.725617,0.30769230769230765,0.31390983,7.878224563880495,11.287334,104.44444444444444,0.8333333333333334,0.38461538461538464,0.5263157894736842
betweenness_centrality,N/A,rrg,0.4,0.4,0.3,6,0.76,0.76937455,0.38461538461538464,0.42332488,6.336961229184805,9.30228,86.15384615384616,0.8260869565217391,0.48717948717948717,0.6129032258064516
betweenness_centrality,N/A,rrg,0.5,0.4,0.3,6,0.7766666666666666,0.8111615,0.4273504273504272,0.5278125,5.302549279807992,7.280005,79.61538461538461,0.8125,0.5555555555555556,0.6598984771573604
betweenness_centrality,N/A,rrg,0.6000000000000001,0.4,0.3,6,0.8166666666666667,0.8493566,0.5299145299145299,0.6233187,4.49178219032278,5.894891,73.33333333333333,0.8522727272727273,0.6410256410256411,0.7317073170731707
betweenness_centrality,N/A,rrg,0.7000000000000001,0.4,0.3,6,0.87,0.88253325,0.6666666666666666,0.70627636,3.3103928530746263,4.6597457,67.94871794871794,0.89,0.7606837606837606,0.8202764976958524
betweenness_centrality,N/A,rrg,0.8,0.4,0.3,6,0.9133333333333333,0.9139688,0.7777777777777778,0.7848804,2.880384976535332,3.350448,64.48717948717949,0.9099099099099099,0.8632478632478633,0.8859649122807018
betweenness_centrality,N/A,rrg,0.9,0.4,0.3,6,0.9433333333333334,0.9477579,0.8547008547008548,0.8693695,2.00770236320444,2.4340086,61.27350427350427,0.9310344827586207,0.9230769230769231,0.927038626609442
betweenness_centrality,N/A,rrg,1.0,0.4,0.3,6,0.9833333333333333,0.980106,0.9572649572649571,0.9502554,1.3689610494320879,1.4985447,59.05982905982906,0.9590163934426229,1.0,0.9790794979079497
betweenness_centrality,N/A,rrg,0.0,0.05,0.3,7,0.9433333333333334,0.949999,0.0,0.0,21.13369533258263,10.077665,166.94117647058823,0.0,0.0,0.0
betweenness_centrality,N/A,rrg,0.1,0.05,0.3,7,0.9433333333333334,0.94840354,0.0,-0.031908095,17.449127842164202,8.812516,112.29411764705883,0.5,0.17647058823529413,0.2608695652173913
betweenness_centrality,N/A,rrg,0.2,0.05,0.3,7,0.9233333333333333,0.9497783,-0.3529411764705887,-0.0044130376,15.981696116943743,7.2227635,103.88235294117646,0.25,0.17647058823529413,0.20689655172413793
betweenness_centrality,N/A,rrg,0.30000000000000004,0.05,0.3,7,0.9266666666666666,0.9591447,-0.2941176470588246,0.18291098,11.89241862408396,5.74033,65.82352941176471,0.3684210526315789,0.4117647058823529,0.3888888888888889
betweenness_centrality,N/A,rrg,0.4,0.05,0.3,7,0.93,0.96624637,-0.2352941176470585,0.32494116,10.543039605899962,4.410611,63.705882352941174,0.4,0.47058823529411764,0.4324324324324324
betweenness_centrality,N/A,rrg,0.5,0.05,0.3,7,0.93,0.9667566,-0.2352941176470585,0.33514526,9.21212095046893,3.801901,44.11764705882353,0.4166666666666667,0.5882352941176471,0.48780487804878053
betweenness_centrality,N/A,rrg,0.6000000000000001,0.05,0.3,7,0.94,0.97385216,-0.058823529411766086,0.47705388,7.945862066037732,3.057666,37.529411764705884,0.4782608695652174,0.6470588235294118,0.55
betweenness_centrality,N/A,rrg,0.7000000000000001,0.05,0.3,7,0.9466666666666667,0.9804847,0.05882352941176413,0.60970247,6.930729190132973,2.3082678,26.823529411764707,0.5217391304347826,0.7058823529411765,0.6
betweenness_centrality,N/A,rrg,0.8,0.05,0.3,7,0.9633333333333334,0.9789207,0.3529411764705887,0.5784226,5.077874404598192,1.9678417,17.176470588235293,0.65,0.7647058823529411,0.7027027027027027
betweenness_centrality,N/A,rrg,0.9,0.05,0.3,7,0.9833333333333333,0.9791504,0.7058823529411754,0.5830168,2.580209858668809,1.8897347,15.294117647058824,0.9285714285714286,0.7647058823529411,0.8387096774193549
betweenness_centrality,N/A,rrg,1.0,0.05,0.3,7,1.0,0.98549867,1.0,0.7099793,1.3506394813585632,1.4882008,9.0,1.0,1.0,1.0
betweenness_centrality,N/A,rrg,0.0,0.1,0.3,7,0.9,0.900001,0.0,0.0,23.448463622374433,15.688647,146.06666666666666,0.0,0.0,0.0
betweenness_centrality,N/A,rrg,0.1,0.1,0.3,7,0.92,0.8979029,0.20000000000000023,-0.020981042,16.32717095623634,13.463259,100.9,0.8,0.26666666666666666,0.4
betweenness_centrality,N/A,rrg,0.2,0.1,0.3,7,0.9133333333333333,0.9036589,0.1333333333333331,0.03657973,12.314639077716166,11.689911,62.733333333333334,0.6,0.4,0.48
betweenness_centrality,N/A,rrg,0.30000000000000004,0.1,0.3,7,0.9133333333333333,0.9153713,0.1333333333333331,0.15370461,10.702127253091835,9.265327,57.666666666666664,0.5769230769230769,0.5,0.5357142857142857
betweenness_centrality,N/A,rrg,0.4,0.1,0.3,7,0.9133333333333333,0.92419636,0.1333333333333331,0.24195613,7.538107862981511,7.4786596,45.1,0.5588235294117647,0.6333333333333333,0.59375
betweenness_centrality,N/A,rrg,0.5,0.1,0.3,7,0.93,0.9407625,0.3000000000000003,0.40761933,6.781565159387269,6.0215454,34.1,0.6285714285714286,0.7333333333333333,0.6769230769230768
betweenness_centrality,N/A,rrg,0.6000000000000001,0.1,0.3,7,0.9533333333333334,0.9459549,0.5333333333333335,0.45954385,5.605673046451386,4.914938,28.466666666666665,0.7352941176470589,0.8333333333333334,0.78125
betweenness_centrality,N/A,rrg,0.7000000000000001,0.1,0.3,7,0.9566666666666667,0.95438373,0.5666666666666665,0.5438328,6.11625481513696,3.4876034,25.566666666666666,0.7575757575757576,0.8333333333333334,0.7936507936507938
betweenness_centrality,N/A,rrg,0.8,0.1,0.3,7,0.98,0.9615338,0.7999999999999998,0.61533403,4.636001492404389,2.7772903,16.3,0.8333333333333334,1.0,0.9090909090909091
betweenness_centrality,N/A,rrg,0.9,0.1,0.3,7,0.98,0.9727704,0.7999999999999998,0.72770125,3.4158355945837053,1.9934194,16.433333333333334,0.8333333333333334,1.0,0.9090909090909091
betweenness_centrality,N/A,rrg,1.0,0.1,0.3,7,0.9966666666666667,0.9748352,0.966666666666667,0.74834967,2.1015259279860694,1.869755,15.7,0.967741935483871,1.0,0.9836065573770492
betweenness_centrality,N/A,rrg,0.0,0.2,0.3,7,0.8466666666666667,0.8000143,0.0,0.0,18.215979384634192,20.275629,156.0,0.0,0.0,0.0
betweenness_centrality,N/A,rrg,0.1,0.2,0.3,7,0.85,0.8167945,0.02173913043478239,0.08390699,15.623412796748289,16.147392,135.0,0.5333333333333333,0.17391304347826086,0.26229508196721313
betweenness_centrality,N/A,rrg,0.2,0.2,0.3,7,0.8533333333333334,0.82952935,0.0434782608695655,0.1475857,13.386761597265705,13.834176,105.34782608695652,0.5416666666666666,0.2826086956521739,0.3714285714285714
betweenness_centrality,N/A,rrg,0.30000000000000004,0.2,0.3,7,0.8466666666666667,0.85107267,0.0,0.25531003,11.464384622853059,11.004683,81.0,0.5,0.41304347826086957,0.45238095238095233
betweenness_centrality,N/A,rrg,0.4,0.2,0.3,7,0.8766666666666667,0.87942624,0.19565217391304368,0.39708805,10.451011361344321,8.399378,64.69565217391305,0.6046511627906976,0.5652173913043478,0.5842696629213482
betweenness_centrality,N/A,rrg,0.5,0.2,0.3,7,0.9,0.8947933,0.34782608695652184,0.4739287,8.576110689010529,6.9210944,51.78260869565217,0.6904761904761905,0.6304347826086957,0.6590909090909092
betweenness_centrality,N/A,rrg,0.6000000000000001,0.2,0.3,7,0.92,0.91091126,0.47826086956521763,0.5545244,5.784346484842388,5.2178893,42.391304347826086,0.7391304347826086,0.7391304347826086,0.7391304347826085
betweenness_centrality,N/A,rrg,0.7000000000000001,0.2,0.3,7,0.9466666666666667,0.9276339,0.6521739130434782,0.6381435,4.11592142428513,4.2204742,31.26086956521739,0.8125,0.8478260869565217,0.8297872340425533
betweenness_centrality,N/A,rrg,0.8,0.2,0.3,7,0.96,0.9489929,0.7391304347826084,0.7449463,3.003277501540218,3.1298063,28.5,0.8541666666666666,0.8913043478260869,0.8723404255319149
betweenness_centrality,N/A,rrg,0.9,0.2,0.3,7,0.98,0.96232766,0.8695652173913042,0.8116248,2.197152958208768,2.4437726,25.108695652173914,0.9166666666666666,0.9565217391304348,0.9361702127659574
betweenness_centrality,N/A,rrg,1.0,0.2,0.3,7,0.9966666666666667,0.97755116,0.9782608695652176,0.88774776,1.3366549378658843,1.57883,23.543478260869566,0.9787234042553191,1.0,0.989247311827957
betweenness_centrality,N/A,rrg,0.0,0.3,0.3,7,0.67,0.700053,0.0,0.0,18.068891129254414,20.46115,138.12121212121212,0.0,0.0,0.0
betweenness_centrality,N/A,rrg,0.1,0.3,0.3,7,0.71,0.7282738,0.121212121212121,0.09408606,15.573956379498505,17.545603,120.87878787878788,0.9285714285714286,0.13131313131313133,0.23008849557522126
betweenness_centrality,N/A,rrg,0.2,0.3,0.3,7,0.7366666666666667,0.75986177,0.202020202020202,0.19939785,13.895459063771748,14.641693,104.85858585858585,0.8846153846153846,0.23232323232323232,0.368
betweenness_centrality,N/A,rrg,0.30000000000000004,0.3,0.3,7,0.77,0.7922783,0.303030303030303,0.30747202,11.27023333895446,11.868576,93.37373737373737,0.8571428571428571,0.36363636363636365,0.5106382978723404
betweenness_centrality,N/A,rrg,0.4,0.3,0.3,7,0.8033333333333333,0.8239911,0.404040404040404,0.4132001,9.688573093696586,9.9693575,83.8080808080808,0.9,0.45454545454545453,0.6040268456375839
betweenness_centrality,N/A,rrg,0.5,0.3,0.3,7,0.8333333333333334,0.85470194,0.49494949494949503,0.51558757,7.737418542584255,7.706536,73.4040404040404,0.8769230769230769,0.5757575757575758,0.6951219512195123
betweenness_centrality,N/A,rrg,0.6000000000000001,0.3,0.3,7,0.8566666666666667,0.88823944,0.5656565656565656,0.627399,5.983734755076379,5.5991573,64.48484848484848,0.8783783783783784,0.6565656565656566,0.7514450867052023
betweenness_centrality,N/A,rrg,0.7000000000000001,0.3,0.3,7,0.8866666666666667,0.9111841,0.6565656565656567,0.7038946,4.735776532506714,4.452298,60.16161616161616,0.9012345679012346,0.7373737373737373,0.8111111111111111
betweenness_centrality,N/A,rrg,0.8,0.3,0.3,7,0.92,0.9320463,0.7575757575757577,0.77344763,3.233057939157508,3.3999524,55.16161616161616,0.9310344827586207,0.8181818181818182,0.8709677419354839
betweenness_centrality,N/A,rrg,0.9,0.3,0.3,7,0.9433333333333334,0.9580052,0.8282828282828283,0.85999256,2.792325969220219,2.5613694,51.90909090909091,0.9270833333333334,0.898989898989899,0.9128205128205129
betweenness_centrality,N/A,rrg,1.0,0.3,0.3,7,0.98,0.98306143,0.9393939393939393,0.9435281,1.3099800712489154,1.4932799,50.2020202020202,0.9428571428571428,1.0,0.9705882352941176
betweenness_centrality,N/A,rrg,0.0,0.4,0.3,7,0.6466666666666666,0.6000774,0.0,0.0,11.669823632296962,18.906538,146.11320754716982,0.0,0.0,0.0
betweenness_centrality,N/A,rrg,0.1,0.4,0.3,7,0.6966666666666667,0.6426691,0.14150943396226426,0.106499836,9.359676065542923,15.394297,127.61320754716981,0.7777777777777778,0.19811320754716982,0.31578947368421056
betweenness_centrality,N/A,rrg,0.2,0.4,0.3,7,0.7233333333333334,0.68760175,0.21698113207547196,0.21885324,8.167169962949316,12.753593,107.61320754716981,0.7948717948717948,0.29245283018867924,0.42758620689655175
betweenness_centrality,N/A,rrg,0.30000000000000004,0.4,0.3,7,0.74,0.724361,0.2641509433962265,0.31076917,7.681891845891599,11.389517,97.98113207547169,0.7692307692307693,0.37735849056603776,0.5063291139240507
betweenness_centrality,N/A,rrg,0.4,0.4,0.3,7,0.7733333333333333,0.7630521,0.3584905660377359,0.40751565,6.08718099171597,9.274045,89.36792452830188,0.7714285714285715,0.5094339622641509,0.6136363636363636
betweenness_centrality,N/A,rrg,0.5,0.4,0.3,7,0.7966666666666666,0.8030567,0.42452830188679247,0.5075465,5.3875332773547076,7.88055,77.74528301886792,0.7848101265822784,0.5849056603773585,0.6702702702702703
betweenness_centrality,N/A,rrg,0.6000000000000001,0.4,0.3,7,0.8166666666666667,0.83956337,0.4811320754716982,0.5988308,4.133397541109749,5.9869313,70.35849056603773,0.7931034482758621,0.6509433962264151,0.7150259067357512
betweenness_centrality,N/A,rrg,0.7000000000000001,0.4,0.3,7,0.8533333333333334,0.8734204,0.5849056603773587,0.6834898,3.834308399839047,5.0892887,62.405660377358494,0.8604651162790697,0.6981132075471698,0.7708333333333334
betweenness_centrality,N/A,rrg,0.8,0.4,0.3,7,0.8933333333333333,0.9121524,0.6981132075471698,0.7803385,3.133288976863387,4.090293,59.424528301886795,0.8775510204081632,0.8113207547169812,0.8431372549019608
betweenness_centrality,N/A,rrg,0.9,0.4,0.3,7,0.9366666666666666,0.94713175,0.820754716981132,0.8678038,2.257483288020677,3.0094283,56.85849056603774,0.9223300970873787,0.8962264150943396,0.9090909090909091
betweenness_centrality,N/A,rrg,1.0,0.4,0.3,7,0.9933333333333333,0.9779509,0.981132075471698,0.94486654,1.3979568889239709,1.8262922,53.5377358490566,0.9814814814814815,1.0,0.9906542056074767
betweenness_centrality,N/A,rrg,0.0,0.05,0.3,8,0.9666666666666667,0.949999,0.0,0.0,12.352022555283803,9.971709,144.9,0.0,0.0,0.0
betweenness_centrality,N/A,rrg,0.1,0.05,0.3,8,0.95,0.9542259,-0.5000000000000017,0.084536724,13.617883991308569,8.5012865,153.1,0.0,0.0,0.0
betweenness_centrality,N/A,rrg,0.2,0.05,0.3,8,0.9266666666666666,0.9556472,-1.2000000000000013,0.1129616,14.890274176226661,7.288967,136.9,0.0,0.0,0.0
betweenness_centrality,N/A,rrg,0.30000000000000004,0.05,0.3,8,0.9233333333333333,0.96721435,-1.3000000000000003,0.34430036,14.303595946810361,5.454265,84.3,0.11764705882352941,0.2,0.14814814814814817
betweenness_centrality,N/A,rrg,0.4,0.05,0.3,8,0.93,0.965986,-1.099999999999999,0.31973422,8.966572142741752,4.962445,66.5,0.21052631578947367,0.4,0.27586206896551724
betweenness_centrality,N/A,rrg,0.5,0.05,0.3,8,0.9533333333333334,0.97052693,-0.39999999999999936,0.41055077,6.56609447788695,4.3862824,33.1,0.375,0.6,0.4615384615384615
betweenness_centrality,N/A,rrg,0.6000000000000001,0.05,0.3,8,0.9733333333333334,0.98045146,0.20000000000000134,0.6090373,3.9760309246189096,3.2344167,24.0,0.5833333333333334,0.7,0.6363636363636365
betweenness_centrality,N/A,rrg,0.7000000000000001,0.05,0.3,8,0.9666666666666667,0.9811865,0.0,0.6237379,4.2613701594188536,2.7739618,24.8,0.5,0.7,0.5833333333333334
betweenness_centrality,N/A,rrg,0.8,0.05,0.3,8,0.98,0.9865629,0.39999999999999936,0.73126364,3.0608909325621183,2.3077867,18.4,0.7,0.7,0.7
betweenness_centrality,N/A,rrg,0.9,0.05,0.3,8,0.9766666666666667,0.989114,0.3000000000000003,0.7822842,3.076861479137285,1.5561277,15.8,0.6363636363636364,0.7,0.6666666666666666
betweenness_centrality,N/A,rrg,1.0,0.05,0.3,8,0.9933333333333333,0.9924885,0.7999999999999987,0.84977317,1.424750133760853,1.2338165,5.5,0.8333333333333334,1.0,0.9090909090909091
betweenness_centrality,N/A,rrg,0.0,0.1,0.3,8,0.9133333333333333,0.900001,0.0,0.0,22.04053251068185,15.691947,156.84615384615384,0.0,0.0,0.0
betweenness_centrality,N/A,rrg,0.1,0.1,0.3,8,0.9033333333333333,0.8984179,-0.11538461538461549,-0.01583115,17.403867808752096,12.946643,114.3076923076923,0.3333333333333333,0.11538461538461539,0.17142857142857146
betweenness_centrality,N/A,rrg,0.2,0.1,0.3,8,0.9,0.90472716,-0.15384615384615355,0.047262184,15.164279235141418,11.034107,95.07692307692308,0.375,0.23076923076923078,0.2857142857142857
betweenness_centrality,N/A,rrg,0.30000000000000004,0.1,0.3,8,0.9,0.9229066,-0.15384615384615355,0.22905815,13.076671615023132,8.431363,60.03846153846154,0.4090909090909091,0.34615384615384615,0.37500000000000006
betweenness_centrality,N/A,rrg,0.4,0.1,0.3,8,0.9066666666666666,0.92512673,-0.07692307692307741,0.2512599,10.227101998151719,7.4848924,57.84615384615385,0.4583333333333333,0.4230769230769231,0.43999999999999995
betweenness_centrality,N/A,rrg,0.5,0.1,0.3,8,0.9166666666666666,0.94346863,0.03846153846153807,0.4346807,9.309588176634882,5.8143234,36.80769230769231,0.5172413793103449,0.5769230769230769,0.5454545454545454
betweenness_centrality,N/A,rrg,0.6000000000000001,0.1,0.3,8,0.93,0.9538888,0.1923076923076929,0.53888315,7.6825874676941215,4.6633773,29.692307692307693,0.5862068965517241,0.6538461538461539,0.6181818181818182
betweenness_centrality,N/A,rrg,0.7000000000000001,0.1,0.3,8,0.9433333333333334,0.9561749,0.3461538461538464,0.56174475,6.445232304101396,4.159451,26.076923076923077,0.6666666666666666,0.6923076923076923,0.6792452830188679
betweenness_centrality,N/A,rrg,0.8,0.1,0.3,8,0.9566666666666667,0.96403563,0.5,0.6403527,5.165134768952907,3.1546361,18.115384615384617,0.696969696969697,0.8846153846153846,0.7796610169491526
betweenness_centrality,N/A,rrg,0.9,0.1,0.3,8,0.97,0.9767961,0.6538461538461535,0.7679586,2.8375651000834092,2.0822427,15.384615384615385,0.7575757575757576,0.9615384615384616,0.8474576271186441
betweenness_centrality,N/A,rrg,1.0,0.1,0.3,8,0.98,0.98224133,0.769230769230769,0.8224116,1.8306202298056935,1.6101863,13.923076923076923,0.8125,1.0,0.896551724137931
betweenness_centrality,N/A,rrg,0.0,0.2,0.3,8,0.8,0.8000143,0.0,0.0,22.13463474530233,20.36688,142.01666666666668,0.0,0.0,0.0
betweenness_centrality,N/A,rrg,0.1,0.2,0.3,8,0.8033333333333333,0.8094014,0.0166666666666665,0.04693874,17.1305847070791,16.742054,127.88333333333334,0.5294117647058824,0.15,0.23376623376623373
betweenness_centrality,N/A,rrg,0.2,0.2,0.3,8,0.81,0.83115864,0.05000000000000006,0.15573275,13.79906927663987,13.184694,92.21666666666667,0.5517241379310345,0.26666666666666666,0.35955056179775285
betweenness_centrality,N/A,rrg,0.30000000000000004,0.2,0.3,8,0.8366666666666667,0.8497515,0.18333333333333315,0.24870358,12.538719015544798,10.70512,78.68333333333334,0.6410256410256411,0.4166666666666667,0.5050505050505051
betweenness_centrality,N/A,rrg,0.4,0.2,0.3,8,0.8466666666666667,0.86335075,0.23333333333333323,0.31670484,11.560294428419375,9.071369,74.95,0.6521739130434783,0.5,0.5660377358490566
betweenness_centrality,N/A,rrg,0.5,0.2,0.3,8,0.8733333333333333,0.88243604,0.3666666666666663,0.4121381,9.469277851528668,7.4153914,60.0,0.72,0.6,0.6545454545454547
betweenness_centrality,N/A,rrg,0.6000000000000001,0.2,0.3,8,0.8933333333333333,0.90894645,0.46666666666666645,0.54469967,7.999671506630129,5.6691155,48.016666666666666,0.7592592592592593,0.6833333333333333,0.7192982456140351
betweenness_centrality,N/A,rrg,0.7000000000000001,0.2,0.3,8,0.9166666666666666,0.9307655,0.583333333333333,0.65380275,6.457983461214474,4.190048,39.666666666666664,0.7966101694915254,0.7833333333333333,0.7899159663865546
betweenness_centrality,N/A,rrg,0.8,0.2,0.3,8,0.9466666666666667,0.9452358,0.7333333333333332,0.72615933,4.751089562694861,3.036471,35.38333333333333,0.8548387096774194,0.8833333333333333,0.8688524590163934
betweenness_centrality,N/A,rrg,0.9,0.2,0.3,8,0.96,0.96423787,0.7999999999999998,0.8211765,3.97265096179392,2.2159095,32.5,0.875,0.9333333333333333,0.9032258064516129
betweenness_centrality,N/A,rrg,1.0,0.2,0.3,8,0.9866666666666667,0.977041,0.9333333333333335,0.8851968,1.9031084624622372,1.7665039,30.533333333333335,0.9375,1.0,0.967741935483871
betweenness_centrality,N/A,rrg,0.0,0.3,0.3,8,0.7033333333333334,0.7000529,0.0,0.0,17.253467921853414,20.712042,156.53932584269663,0.0,0.0,0.0
betweenness_centrality,N/A,rrg,0.1,0.3,0.3,8,0.74,0.7266352,0.1235955056179774,0.0886233,13.535599469203284,16.837132,119.13483146067416,0.7619047619047619,0.1797752808988764,0.2909090909090909
betweenness_centrality,N/A,rrg,0.2,0.3,0.3,8,0.73,0.7568175,0.08988764044943805,0.18924873,12.040906642599682,14.163205,115.53932584269663,0.6176470588235294,0.23595505617977527,0.34146341463414637
betweenness_centrality,N/A,rrg,0.30000000000000004,0.3,0.3,8,0.74,0.78811055,0.1235955056179774,0.29357725,9.85029543114161,11.386424,99.6067415730337,0.6410256410256411,0.2808988764044944,0.390625
betweenness_centrality,N/A,rrg,0.4,0.3,0.3,8,0.78,0.8247086,0.25842696629213485,0.4155922,9.161590236860393,9.252619,89.20224719101124,0.7555555555555555,0.38202247191011235,0.5074626865671642
betweenness_centrality,N/A,rrg,0.5,0.3,0.3,8,0.8166666666666667,0.8478503,0.38202247191011224,0.49274492,7.4194637783146815,7.8760996,74.69662921348315,0.84,0.47191011235955055,0.60431654676259
betweenness_centrality,N/A,rrg,0.6000000000000001,0.3,0.3,8,0.8433333333333334,0.8779839,0.47191011235955066,0.593208,5.744929306225676,6.057852,64.93258426966293,0.85,0.5730337078651685,0.6845637583892618
betweenness_centrality,N/A,rrg,0.7000000000000001,0.3,0.3,8,0.8933333333333333,0.9029747,0.6404494382022471,0.67652535,4.617241269824854,5.07603,55.325842696629216,0.9130434782608695,0.7078651685393258,0.7974683544303798
betweenness_centrality,N/A,rrg,0.8,0.3,0.3,8,0.9166666666666666,0.9255515,0.7191011235955055,0.75179446,3.8889762663144674,3.8511791,50.52808988764045,0.9324324324324325,0.7752808988764045,0.8466257668711658
betweenness_centrality,N/A,rrg,0.9,0.3,0.3,8,0.9533333333333334,0.9512005,0.8426966292134832,0.83730626,2.13655082118652,2.439064,47.550561797752806,0.9411764705882353,0.898876404494382,0.9195402298850575
betweenness_centrality,N/A,rrg,1.0,0.3,0.3,8,0.9933333333333333,0.97548574,0.9775280898876403,0.91827136,1.3399355376338766,1.5785867,45.03370786516854,0.978021978021978,1.0,0.9888888888888888
betweenness_centrality,N/A,rrg,0.0,0.4,0.3,8,0.6133333333333333,0.6000774,0.0,0.0,12.064977773141742,18.87616,152.67241379310346,0.0,0.0,0.0
betweenness_centrality,N/A,rrg,0.1,0.4,0.3,8,0.63,0.64697427,0.0431034482758622,0.117264874,10.675900709294186,15.664733,134.31034482758622,0.631578947368421,0.10344827586206896,0.17777777777777778
betweenness_centrality,N/A,rrg,0.2,0.4,0.3,8,0.6766666666666666,0.68647224,0.16379310344827588,0.21602891,9.15248560289563,13.320639,116.9396551724138,0.7317073170731707,0.25862068965517243,0.3821656050955414
betweenness_centrality,N/A,rrg,0.30000000000000004,0.4,0.3,8,0.7233333333333334,0.73156404,0.2844827586206899,0.32878023,7.883655843366545,11.229647,97.25862068965517,0.8,0.3793103448275862,0.5146198830409358
betweenness_centrality,N/A,rrg,0.4,0.4,0.3,8,0.7733333333333333,0.77045053,0.4137931034482759,0.4260153,6.751395750106126,9.37236,86.9396551724138,0.8529411764705882,0.5,0.6304347826086956
betweenness_centrality,N/A,rrg,0.5,0.4,0.3,8,0.8133333333333334,0.8144998,0.517241379310345,0.53615975,5.1162199676108395,7.0166926,77.08620689655173,0.875,0.603448275862069,0.7142857142857142
betweenness_centrality,N/A,rrg,0.6000000000000001,0.4,0.3,8,0.8666666666666667,0.8487511,0.6551724137931035,0.62180465,3.929274565501267,5.379999,70.57758620689656,0.9042553191489362,0.7327586206896551,0.8095238095238094
betweenness_centrality,N/A,rrg,0.7000000000000001,0.4,0.3,8,0.8766666666666667,0.8846937,0.6810344827586208,0.71167845,3.272145725471223,4.0464344,67.91379310344827,0.8910891089108911,0.7758620689655172,0.8294930875576036
betweenness_centrality,N/A,rrg,0.8,0.4,0.3,8,0.9166666666666666,0.9171387,0.7844827586206896,0.7928066,2.4926363843123966,2.976534,63.43103448275862,0.9174311926605505,0.8620689655172413,0.8888888888888888
betweenness_centrality,N/A,rrg,0.9,0.4,0.3,8,0.95,0.9493833,0.8706896551724137,0.8734338,1.9677462666365124,2.3114133,59.8448275862069,0.9469026548672567,0.9224137931034483,0.9344978165938865
betweenness_centrality,N/A,rrg,1.0,0.4,0.3,8,0.99,0.98510516,0.9741379310344828,0.9627557,1.3786048283252468,1.4255097,58.525862068965516,0.9747899159663865,1.0,0.9872340425531915
betweenness_centrality,N/A,rrg,0.0,0.05,0.3,9,0.96,0.949999,0.0,0.0,15.754109516781979,10.014185,110.5,0.0,0.0,0.0
betweenness_centrality,N/A,rrg,0.1,0.05,0.3,9,0.9466666666666667,0.95094687,-0.3333333333333324,0.018957464,13.672176288632494,9.129541,104.66666666666667,0.16666666666666666,0.08333333333333333,0.1111111111111111
betweenness_centrality,N/A,rrg,0.2,0.05,0.3,9,0.9333333333333333,0.9594885,-0.6666666666666649,0.18978684,12.590556242766173,7.358501,105.91666666666667,0.1,0.08333333333333333,0.0909090909090909
betweenness_centrality,N/A,rrg,0.30000000000000004,0.05,0.3,9,0.95,0.95991576,-0.25,0.19833158,9.310410201107914,6.286924,52.333333333333336,0.38461538461538464,0.4166666666666667,0.4
betweenness_centrality,N/A,rrg,0.4,0.05,0.3,9,0.9433333333333334,0.96342856,-0.4166666666666648,0.26858613,8.195246203447253,5.3306184,41.75,0.3333333333333333,0.4166666666666667,0.3703703703703704
betweenness_centrality,N/A,rrg,0.5,0.05,0.3,9,0.9433333333333334,0.9696592,-0.4166666666666648,0.3931966,7.926566824771473,4.4095664,37.833333333333336,0.35294117647058826,0.5,0.41379310344827586
betweenness_centrality,N/A,rrg,0.6000000000000001,0.05,0.3,9,0.9466666666666667,0.9721215,-0.3333333333333324,0.442441,8.26164225115373,3.9643152,22.916666666666668,0.4,0.6666666666666666,0.5
betweenness_centrality,N/A,rrg,0.7000000000000001,0.05,0.3,9,0.9566666666666667,0.97966754,-0.08333333333333241,0.59335923,6.426214558988706,3.0201883,16.0,0.47368421052631576,0.75,0.5806451612903226
betweenness_centrality,N/A,rrg,0.8,0.05,0.3,9,0.9733333333333334,0.9848122,0.3333333333333352,0.6962502,4.875777752712573,2.4445128,10.166666666666666,0.625,0.8333333333333334,0.7142857142857143
betweenness_centrality,N/A,rrg,0.9,0.05,0.3,9,0.9966666666666667,0.9826866,0.9166666666666676,0.6537387,2.324724535704571,2.3821619,6.5,0.9230769230769231,1.0,0.9600000000000001
betweenness_centrality,N/A,rrg,1.0,0.05,0.3,9,0.9933333333333333,0.9857831,0.8333333333333324,0.71566784,1.4991073252724942,1.6145,6.5,0.8571428571428571,1.0,0.923076923076923
betweenness_centrality,N/A,rrg,0.0,0.1,0.3,9,0.9233333333333333,0.900001,0.0,0.0,23.553978971051123,15.719238,180.2173913043478,0.0,0.0,0.0
betweenness_centrality,N/A,rrg,0.1,0.1,0.3,9,0.9166666666666666,0.8939205,-0.086956521739131,-0.060805682,15.56580801288957,13.617809,104.08695652173913,0.4,0.17391304347826086,0.24242424242424243
betweenness_centrality,N/A,rrg,0.2,0.1,0.3,9,0.9266666666666666,0.9039357,0.04347826086956478,0.039347205,13.42511170801532,11.156311,59.65217391304348,0.5333333333333333,0.34782608695652173,0.4210526315789474
betweenness_centrality,N/A,rrg,0.30000000000000004,0.1,0.3,9,0.9266666666666666,0.92183626,0.04347826086956478,0.21835484,11.277519965783299,8.585757,55.91304347826087,0.5263157894736842,0.43478260869565216,0.47619047619047616
betweenness_centrality,N/A,rrg,0.4,0.1,0.3,9,0.93,0.9419675,0.086956521739131,0.41966912,11.195712373757678,6.6100674,58.17391304347826,0.5454545454545454,0.5217391304347826,0.5333333333333332
betweenness_centrality,N/A,rrg,0.5,0.1,0.3,9,0.9333333333333333,0.94664836,0.1304347826086958,0.46647832,9.418366765729175,5.8589296,53.869565217391305,0.5652173913043478,0.5652173913043478,0.5652173913043478
betweenness_centrality,N/A,rrg,0.6000000000000001,0.1,0.3,9,0.9466666666666667,0.9512552,0.3043478260869563,0.5125472,7.51589634756878,5.010713,41.43478260869565,0.6666666666666666,0.6086956521739131,0.6363636363636365
betweenness_centrality,N/A,rrg,0.7000000000000001,0.1,0.3,9,0.9533333333333334,0.95368904,0.39130434782608736,0.5368858,5.616690641019988,4.272361,24.782608695652176,0.6956521739130435,0.6956521739130435,0.6956521739130435
betweenness_centrality,N/A,rrg,0.8,0.1,0.3,9,0.96,0.96707344,0.4782608695652169,0.6707311,3.6712377683466713,2.955677,19.782608695652176,0.7037037037037037,0.8260869565217391,0.76
betweenness_centrality,N/A,rrg,0.9,0.1,0.3,9,0.9766666666666667,0.9733253,0.6956521739130437,0.7332505,1.9072517174456463,2.2386174,12.608695652173912,0.7857142857142857,0.9565217391304348,0.8627450980392156
betweenness_centrality,N/A,rrg,1.0,0.1,0.3,9,0.9933333333333333,0.97911894,0.913043478260869,0.79118735,1.2526444678898903,1.6900107,12.0,0.92,1.0,0.9583333333333334
betweenness_centrality,N/A,rrg,0.0,0.2,0.3,9,0.77,0.8000143,0.0,0.0,24.01250506197127,20.278187,156.31884057971016,0.0,0.0,0.0
betweenness_centrality,N/A,rrg,0.1,0.2,0.3,9,0.8066666666666666,0.80953896,0.15942028985507228,0.047626626,20.133943651910535,17.258675,123.1304347826087,1.0,0.15942028985507245,0.27499999999999997
betweenness_centrality,N/A,rrg,0.2,0.2,0.3,9,0.81,0.81591547,0.17391304347826103,0.079511434,15.814969591992686,14.575276,103.84057971014492,0.7307692307692307,0.2753623188405797,0.39999999999999997
betweenness_centrality,N/A,rrg,0.30000000000000004,0.2,0.3,9,0.8333333333333334,0.8381826,0.2753623188405798,0.19085522,12.348799499398522,11.399511,85.78260869565217,0.7567567567567568,0.4057971014492754,0.5283018867924528
betweenness_centrality,N/A,rrg,0.4,0.2,0.3,9,0.83,0.8664512,0.2608695652173911,0.33220822,9.852866157880491,8.872833,79.18840579710145,0.7045454545454546,0.4492753623188406,0.5486725663716815
betweenness_centrality,N/A,rrg,0.5,0.2,0.3,9,0.8533333333333334,0.88146913,0.3623188405797103,0.4073032,9.416387714091728,7.975888,68.92753623188406,0.7551020408163265,0.5362318840579711,0.6271186440677967
betweenness_centrality,N/A,rrg,0.6000000000000001,0.2,0.3,9,0.87,0.9053706,0.4347826086956521,0.5268191,6.968811253664407,5.2957354,58.17391304347826,0.7586206896551724,0.6376811594202898,0.6929133858267716
betweenness_centrality,N/A,rrg,0.7000000000000001,0.2,0.3,9,0.9,0.92189616,0.5652173913043479,0.60945284,5.666652151140659,4.338608,48.11594202898551,0.819672131147541,0.7246376811594203,0.7692307692307692
betweenness_centrality,N/A,rrg,0.8,0.2,0.3,9,0.93,0.9467539,0.6956521739130437,0.7337505,4.0373560945529965,3.0841243,40.072463768115945,0.8529411764705882,0.8405797101449275,0.8467153284671534
betweenness_centrality,N/A,rrg,0.9,0.2,0.3,9,0.9666666666666667,0.9584376,0.855072463768116,0.7921732,2.8063304386968064,2.3370345,37.2463768115942,0.927536231884058,0.927536231884058,0.927536231884058
betweenness_centrality,N/A,rrg,1.0,0.2,0.3,9,0.9866666666666667,0.97888327,0.9420289855072465,0.89440876,1.6651208942753584,1.5670172,35.231884057971016,0.9452054794520548,1.0,0.971830985915493
betweenness_centrality,N/A,rrg,0.0,0.3,0.3,9,0.6533333333333333,0.7000266,0.0,0.0,17.918199370457604,20.307888,147.26923076923077,0.0,0.0,0.0
betweenness_centrality,N/A,rrg,0.1,0.3,0.3,9,0.6666666666666666,0.7281788,0.03846153846153839,0.09384907,15.32102211519494,16.762583,133.09615384615384,0.6428571428571429,0.08653846153846154,0.15254237288135591
betweenness_centrality,N/A,rrg,0.2,0.3,0.3,9,0.7166666666666667,0.7592832,0.18269230769230774,0.19753954,13.241002642349171,14.354384,109.32692307692308,0.7878787878787878,0.25,0.3795620437956204
betweenness_centrality,N/A,rrg,0.30000000000000004,0.3,0.3,9,0.7166666666666667,0.78605944,0.18269230769230774,0.28680164,11.379606841701442,11.948289,98.4326923076923,0.7111111111111111,0.3076923076923077,0.429530201342282
betweenness_centrality,N/A,rrg,0.4,0.3,0.3,9,0.7533333333333333,0.81528896,0.2884615384615384,0.384242,8.56628877457008,9.874807,86.01923076923077,0.75,0.4326923076923077,0.5487804878048781
betweenness_centrality,N/A,rrg,0.5,0.3,0.3,9,0.8033333333333333,0.8433746,0.43269230769230776,0.47786912,6.91308839840439,8.242959,75.65384615384616,0.8,0.5769230769230769,0.6703910614525139
betweenness_centrality,N/A,rrg,0.6000000000000001,0.3,0.3,9,0.8366666666666667,0.8709613,0.5288461538461539,0.5698329,5.800474855376553,6.642549,65.67307692307692,0.8089887640449438,0.6923076923076923,0.7461139896373058
betweenness_centrality,N/A,rrg,0.7000000000000001,0.3,0.3,9,0.8866666666666667,0.90589374,0.6730769230769232,0.68628466,5.342124772803892,5.1773624,60.05769230769231,0.9069767441860465,0.75,0.8210526315789475
betweenness_centrality,N/A,rrg,0.8,0.3,0.3,9,0.8966666666666666,0.9285484,0.7019230769230768,0.7618069,3.90569643116599,3.8383732,57.59615384615385,0.9010989010989011,0.7884615384615384,0.841025641025641
betweenness_centrality,N/A,rrg,0.9,0.3,0.3,9,0.9333333333333333,0.9582026,0.8076923076923077,0.860663,2.718584280995388,2.246053,54.46153846153846,0.92,0.8846153846153846,0.9019607843137256
betweenness_centrality,N/A,rrg,1.0,0.3,0.3,9,0.98,0.98224103,0.9423076923076923,0.9407982,1.9081348470357231,1.5953602,52.5,0.9454545454545454,1.0,0.9719626168224299
betweenness_centrality,N/A,rrg,0.0,0.4,0.3,9,0.5433333333333333,0.6000774,0.0,0.0,13.04817767512922,18.871222,140.8102189781022,0.0,0.0,0.0
betweenness_centrality,N/A,rrg,0.1,0.4,0.3,9,0.5733333333333334,0.64183426,0.06569343065693437,0.10441237,11.216324582705997,15.935144,138.06569343065692,0.7142857142857143,0.10948905109489052,0.189873417721519
betweenness_centrality,N/A,rrg,0.2,0.4,0.3,9,0.63,0.68785787,0.18978102189781024,0.21949366,10.157421511426177,13.310181,123.74452554744525,0.8095238095238095,0.24817518248175183,0.3798882681564246
betweenness_centrality,N/A,rrg,0.30000000000000004,0.4,0.3,9,0.66,0.72677606,0.2554744525547446,0.316808,9.30267115635619,11.445491,106.1094890510949,0.8070175438596491,0.3357664233576642,0.47422680412371127
betweenness_centrality,N/A,rrg,0.4,0.4,0.3,9,0.7033333333333334,0.7659336,0.3503649635036497,0.41472068,7.740116724347457,9.681288,97.91970802919708,0.8,0.46715328467153283,0.5898617511520737
betweenness_centrality,N/A,rrg,0.5,0.4,0.3,9,0.7566666666666667,0.8015655,0.46715328467153294,0.5038178,6.580222932102308,8.031935,91.1094890510949,0.8478260869565217,0.5693430656934306,0.6812227074235807
betweenness_centrality,N/A,rrg,0.6000000000000001,0.4,0.3,9,0.7766666666666666,0.83626294,0.510948905109489,0.59057814,5.666196455962302,6.512326,86.05839416058394,0.8571428571428571,0.6131386861313869,0.7148936170212766
betweenness_centrality,N/A,rrg,0.7000000000000001,0.4,0.3,9,0.8333333333333334,0.8771476,0.6350364963503651,0.6928096,4.588217543788591,4.9782543,78.07299270072993,0.8849557522123894,0.7299270072992701,0.8
betweenness_centrality,N/A,rrg,0.8,0.4,0.3,9,0.8833333333333333,0.918041,0.7445255474452555,0.79506284,3.559627119526284,3.5452132,74.02189781021897,0.9180327868852459,0.8175182481751825,0.8648648648648648
betweenness_centrality,N/A,rrg,0.9,0.4,0.3,9,0.9533333333333334,0.9511082,0.8978102189781023,0.8777469,2.721911312182082,2.5507972,70.34306569343066,0.9555555555555556,0.9416058394160584,0.948529411764706
betweenness_centrality,N/A,rrg,1.0,0.4,0.3,9,0.98,0.98653424,0.9562043795620437,0.9663291,2.22483297457731,1.5859805,69.18978102189782,0.958041958041958,1.0,0.9785714285714286
page_rank,N/A,rrg,0.0,0.05,0.3,0,0.9566666666666667,0.949999,0.0,0.0,19.498076238524547,10.029484,120.46153846153847,0.0,0.0,0.0
page_rank,N/A,rrg,0.1,0.05,0.3,0,0.9333333333333333,0.9429956,-0.5384615384615381,-0.14006446,16.536945628140423,9.118528,108.92307692307692,0.1111111111111111,0.07692307692307693,0.09090909090909093
page_rank,N/A,rrg,0.2,0.05,0.3,0,0.9233333333333333,0.9448405,-0.769230769230769,-0.10316756,13.253725989932578,7.5309067,118.76923076923077,0.14285714285714285,0.15384615384615385,0.14814814814814817
page_rank,N/A,rrg,0.30000000000000004,0.05,0.3,0,0.92,0.9427728,-0.8461538461538451,-0.14452042,11.080622642510304,6.6200643,63.07692307692308,0.23809523809523808,0.38461538461538464,0.2941176470588235
page_rank,N/A,rrg,0.4,0.05,0.3,0,0.9366666666666666,0.950573,-0.46153846153846195,0.011480811,7.953076090229851,6.1654506,46.23076923076923,0.35,0.5384615384615384,0.4242424242424242
page_rank,N/A,rrg,0.5,0.05,0.3,0,0.9433333333333334,0.9667957,-0.3076923076923071,0.33592728,7.957367031935504,3.997774,24.384615384615383,0.4230769230769231,0.8461538461538461,0.5641025641025641
page_rank,N/A,rrg,0.6000000000000001,0.05,0.3,0,0.95,0.9738535,-0.15384615384615483,0.4770813,6.658566940689291,3.5037394,17.846153846153847,0.4583333333333333,0.8461538461538461,0.5945945945945945
page_rank,N/A,rrg,0.7000000000000001,0.05,0.3,0,0.94,0.976984,-0.3846153846153858,0.5396899,6.102176810150268,2.9664454,18.53846153846154,0.391304347826087,0.6923076923076923,0.5
page_rank,N/A,rrg,0.8,0.05,0.3,0,0.95,0.98182374,-0.15384615384615483,0.6364823,5.142045823642009,2.3227282,17.76923076923077,0.45454545454545453,0.7692307692307693,0.5714285714285714
page_rank,N/A,rrg,0.9,0.05,0.3,0,0.99,0.9863959,0.769230769230769,0.7279235,2.870309862741003,1.8548478,7.0,0.8125,1.0,0.896551724137931
page_rank,N/A,rrg,1.0,0.05,0.3,0,1.0,0.9853946,1.0,0.7078979,1.8097765995712878,1.9216714,7.0,1.0,1.0,1.0
page_rank,N/A,rrg,0.0,0.1,0.3,0,0.9166666666666666,0.900001,0.0,0.0,19.9764937201048,15.687562,144.88,0.0,0.0,0.0
page_rank,N/A,rrg,0.1,0.1,0.3,0,0.9033333333333333,0.8969784,-0.15999999999999961,-0.030226411,16.651158297700494,13.063074,102.2,0.35714285714285715,0.2,0.25641025641025644
page_rank,N/A,rrg,0.2,0.1,0.3,0,0.8733333333333333,0.911322,-0.5199999999999998,0.1132112,13.910559323112698,9.41526,97.72,0.27586206896551724,0.32,0.29629629629629634
page_rank,N/A,rrg,0.30000000000000004,0.1,0.3,0,0.9,0.914801,-0.1999999999999992,0.14800158,12.245133244361428,8.117438,58.16,0.41379310344827586,0.48,0.4444444444444445
page_rank,N/A,rrg,0.4,0.1,0.3,0,0.9033333333333333,0.93254435,-0.15999999999999961,0.32543683,8.814959078670434,7.0371647,62.48,0.4166666666666667,0.4,0.4081632653061225
page_rank,N/A,rrg,0.5,0.1,0.3,0,0.9233333333333333,0.940116,0.08000000000000047,0.40115395,8.673967617887335,5.768078,31.12,0.5294117647058824,0.72,0.6101694915254237
page_rank,N/A,rrg,0.6000000000000001,0.1,0.3,0,0.9133333333333333,0.95193785,-0.03999999999999957,0.5193738,9.861212088984637,4.4305296,37.64,0.4864864864864865,0.72,0.5806451612903226
page_rank,N/A,rrg,0.7000000000000001,0.1,0.3,0,0.9366666666666666,0.9682909,0.2400000000000001,0.6829061,5.34317643227669,3.0327113,20.52,0.5833333333333334,0.84,0.6885245901639344
page_rank,N/A,rrg,0.8,0.1,0.3,0,0.96,0.97685647,0.5199999999999998,0.76856244,3.943539901542728,2.2883697,16.44,0.7096774193548387,0.88,0.7857142857142856
page_rank,N/A,rrg,0.9,0.1,0.3,0,0.9766666666666667,0.9772569,0.7200000000000003,0.7725667,1.953557225147744,2.2326765,13.24,0.78125,1.0,0.8771929824561403
page_rank,N/A,rrg,1.0,0.1,0.3,0,1.0,0.98383015,1.0,0.83829993,1.3665881722529667,1.7290555,13.0,1.0,1.0,1.0
page_rank,N/A,rrg,0.0,0.2,0.3,0,0.8,0.8000143,0.0,0.0,22.489574041313116,20.350254,143.96666666666667,0.0,0.0,0.0
page_rank,N/A,rrg,0.1,0.2,0.3,0,0.81,0.80838066,0.05000000000000006,0.041834727,17.991736165774526,16.73913,106.58333333333333,0.5882352941176471,0.16666666666666666,0.2597402597402597
page_rank,N/A,rrg,0.2,0.2,0.3,0,0.8133333333333334,0.8275248,0.06666666666666655,0.13756217,13.981899172900581,13.812002,92.31666666666666,0.5714285714285714,0.26666666666666666,0.36363636363636365
page_rank,N/A,rrg,0.30000000000000004,0.2,0.3,0,0.8233333333333334,0.8509551,0.11666666666666661,0.2547223,11.511433661636307,10.723818,84.2,0.5853658536585366,0.4,0.4752475247524752
page_rank,N/A,rrg,0.4,0.2,0.3,0,0.82,0.87818205,0.09999999999999956,0.39086667,8.983690744036027,7.90572,77.21666666666667,0.5714285714285714,0.4,0.47058823529411764
page_rank,N/A,rrg,0.5,0.2,0.3,0,0.86,0.89145404,0.29999999999999977,0.45723134,8.449812704313853,6.484685,60.766666666666666,0.6666666666666666,0.6,0.631578947368421
page_rank,N/A,rrg,0.6000000000000001,0.2,0.3,0,0.8933333333333333,0.90658945,0.46666666666666645,0.5329138,6.447616804598339,5.9323497,50.9,0.7692307692307693,0.6666666666666666,0.7142857142857142
page_rank,N/A,rrg,0.7000000000000001,0.2,0.3,0,0.8966666666666666,0.9253365,0.48333333333333295,0.6266557,5.016591802603244,4.6035433,46.21666666666667,0.7735849056603774,0.6833333333333333,0.7256637168141593
page_rank,N/A,rrg,0.8,0.2,0.3,0,0.9233333333333333,0.9529085,0.6166666666666666,0.7645257,3.8979021606610247,3.0742855,37.583333333333336,0.7936507936507936,0.8333333333333334,0.8130081300813008
page_rank,N/A,rrg,0.9,0.2,0.3,0,0.96,0.9659332,0.7999999999999998,0.8296538,2.658197988562215,1.9044338,32.1,0.8529411764705882,0.9666666666666667,0.90625
page_rank,N/A,rrg,1.0,0.2,0.3,0,0.9766666666666667,0.98040754,0.8833333333333334,0.90203065,1.7419506935831293,1.5718546,30.833333333333332,0.8955223880597015,1.0,0.9448818897637796
page_rank,N/A,rrg,0.0,0.3,0.3,0,0.7366666666666667,0.7000529,0.0,0.0,16.813403334698585,20.411385,141.29113924050634,0.0,0.0,0.0
page_rank,N/A,rrg,0.1,0.3,0.3,0,0.7333333333333333,0.7341383,-0.012658227848101559,0.11363802,13.718585348706561,15.500132,125.46835443037975,0.4782608695652174,0.13924050632911392,0.2156862745098039
page_rank,N/A,rrg,0.2,0.3,0.3,0,0.7533333333333333,0.7655382,0.06329113924050611,0.21832284,10.586031375684795,12.160171,109.36708860759494,0.5581395348837209,0.3037974683544304,0.39344262295081966
page_rank,N/A,rrg,0.30000000000000004,0.3,0.3,0,0.7766666666666666,0.7984607,0.15189873417721492,0.32808387,8.829259971194292,9.84926,83.9873417721519,0.625,0.379746835443038,0.47244094488188976
page_rank,N/A,rrg,0.4,0.3,0.3,0,0.83,0.81893516,0.3544303797468352,0.39634404,7.681494882754378,8.615152,72.53164556962025,0.7592592592592593,0.5189873417721519,0.6165413533834587
page_rank,N/A,rrg,0.5,0.3,0.3,0,0.8266666666666667,0.8627905,0.3417721518987341,0.5425544,7.92735177418083,6.412128,62.89873417721519,0.7288135593220338,0.5443037974683544,0.6231884057971013
page_rank,N/A,rrg,0.6000000000000001,0.3,0.3,0,0.8866666666666667,0.88654864,0.5696202531645571,0.6217621,6.364059985415024,5.0262156,52.177215189873415,0.835820895522388,0.7088607594936709,0.7671232876712328
page_rank,N/A,rrg,0.7000000000000001,0.3,0.3,0,0.9333333333333333,0.9172991,0.7468354430379747,0.72428167,4.196130964508104,3.8601758,46.177215189873415,0.8641975308641975,0.8860759493670886,0.8749999999999999
page_rank,N/A,rrg,0.8,0.3,0.3,0,0.9366666666666666,0.937239,0.7594936708860759,0.79075974,3.4019003929573652,2.9669716,43.54430379746835,0.875,0.8860759493670886,0.8805031446540881
page_rank,N/A,rrg,0.9,0.3,0.3,0,0.9666666666666667,0.9584215,0.8734177215189873,0.86138064,2.379659603180839,2.3112633,41.22784810126582,0.96,0.9113924050632911,0.935064935064935
page_rank,N/A,rrg,1.0,0.3,0.3,0,0.9933333333333333,0.98170125,0.9746835443037973,0.9389934,1.7967346043899268,1.5411649,40.0,0.9753086419753086,1.0,0.9875
page_rank,N/A,rrg,0.0,0.4,0.3,0,0.5633333333333334,0.6000774,0.0,0.0,12.515065348762358,18.852928,138.09923664122138,0.0,0.0,0.0
page_rank,N/A,rrg,0.1,0.4,0.3,0,0.62,0.64095277,0.12977099236641215,0.10220821,10.859929185735185,15.855153,128.99236641221373,0.84,0.16030534351145037,0.2692307692307692
page_rank,N/A,rrg,0.2,0.4,0.3,0,0.65,0.6873153,0.19847328244274812,0.21813694,7.806584615351242,11.492466,117.74809160305344,0.75,0.29770992366412213,0.42622950819672134
page_rank,N/A,rrg,0.30000000000000004,0.4,0.3,0,0.64,0.7325287,0.17557251908396945,0.3311923,7.346564039756416,9.951328,116.03053435114504,0.6619718309859155,0.35877862595419846,0.4653465346534653
page_rank,N/A,rrg,0.4,0.4,0.3,0,0.72,0.77730703,0.3587786259541984,0.44315985,5.8158166821523976,8.029299,93.8473282442748,0.7901234567901234,0.48854961832061067,0.6037735849056604
page_rank,N/A,rrg,0.5,0.4,0.3,0,0.79,0.80574566,0.5190839694656489,0.5142702,4.215162287070559,7.361123,85.14503816793894,0.8617021276595744,0.6183206106870229,0.72
page_rank,N/A,rrg,0.6000000000000001,0.4,0.3,0,0.8033333333333333,0.84974945,0.549618320610687,0.6243009,3.8309780966907896,5.05735,80.06870229007633,0.8673469387755102,0.648854961832061,0.74235807860262
page_rank,N/A,rrg,0.7000000000000001,0.4,0.3,0,0.8633333333333333,0.9009718,0.6870229007633587,0.7523815,2.8033229694827213,3.8171241,74.69465648854961,0.8813559322033898,0.7938931297709924,0.8353413654618473
page_rank,N/A,rrg,0.8,0.4,0.3,0,0.8933333333333333,0.91887194,0.7557251908396946,0.7971406,2.8688028332332554,3.0659876,71.25190839694656,0.9024390243902439,0.8473282442748091,0.874015748031496
page_rank,N/A,rrg,0.9,0.4,0.3,0,0.9433333333333334,0.95071816,0.8702290076335878,0.87677157,1.4303688806036188,1.8782165,67.3969465648855,0.9318181818181818,0.9389312977099237,0.9353612167300379
page_rank,N/A,rrg,1.0,0.4,0.3,0,0.9866666666666667,0.9806671,0.9694656488549619,0.9516584,0.9769108401612095,1.303612,66.06870229007633,0.9703703703703703,1.0,0.9849624060150376
page_rank,N/A,rrg,0.0,0.05,0.3,1,0.9433333333333334,0.949999,0.0,0.0,23.576667034096815,9.962427,106.47058823529412,0.0,0.0,0.0
page_rank,N/A,rrg,0.1,0.05,0.3,1,0.95,0.9346454,0.11764705882352826,-0.30706492,15.433380484773531,10.690239,110.82352941176471,0.6666666666666666,0.23529411764705882,0.3478260869565218
page_rank,N/A,rrg,0.2,0.05,0.3,1,0.92,0.9361597,-0.4117647058823528,-0.27678043,14.902402949514029,8.349734,107.11764705882354,0.3157894736842105,0.35294117647058826,0.33333333333333337
page_rank,N/A,rrg,0.30000000000000004,0.05,0.3,1,0.9133333333333333,0.9470091,-0.529411764705883,-0.05979654,11.965999850543188,7.042864,46.11764705882353,0.32,0.47058823529411764,0.38095238095238104
page_rank,N/A,rrg,0.4,0.05,0.3,1,0.9,0.9620884,-0.7647058823529416,0.24178366,10.972088960675777,4.6916738,38.94117647058823,0.30303030303030304,0.5882352941176471,0.39999999999999997
page_rank,N/A,rrg,0.5,0.05,0.3,1,0.9333333333333333,0.9617993,-0.17647058823529435,0.23600213,9.780663175725262,4.364545,32.0,0.4444444444444444,0.7058823529411765,0.5454545454545455
page_rank,N/A,rrg,0.6000000000000001,0.05,0.3,1,0.9266666666666666,0.9611197,-0.2941176470588246,0.22241017,7.580515182487021,4.59877,28.235294117647058,0.391304347826087,0.5294117647058824,0.45
page_rank,N/A,rrg,0.7000000000000001,0.05,0.3,1,0.9533333333333334,0.9766101,0.17647058823529435,0.5322121,6.421544343546612,2.8907425,23.0,0.5652173913043478,0.7647058823529411,0.65
page_rank,N/A,rrg,0.8,0.05,0.3,1,0.9566666666666667,0.98205477,0.2352941176470585,0.64110273,4.932960199308783,2.5611663,16.705882352941178,0.5714285714285714,0.9411764705882353,0.7111111111111111
page_rank,N/A,rrg,0.9,0.05,0.3,1,0.9866666666666667,0.98126006,0.7647058823529416,0.6252089,2.2909850734268766,2.5792985,9.0,0.8095238095238095,1.0,0.8947368421052632
page_rank,N/A,rrg,1.0,0.05,0.3,1,0.9966666666666667,0.9840455,0.9411764705882358,0.68091667,1.9700917466174166,2.168221,9.0,0.9444444444444444,1.0,0.9714285714285714
page_rank,N/A,rrg,0.0,0.1,0.3,1,0.9133333333333333,0.90000063,0.0,0.0,20.28444529385141,15.761255,142.26923076923077,0.0,0.0,0.0
page_rank,N/A,rrg,0.1,0.1,0.3,1,0.8733333333333333,0.8998767,-0.46153846153846195,-0.0012391884,15.111176737682424,12.184466,131.8846153846154,0.07142857142857142,0.038461538461538464,0.05
page_rank,N/A,rrg,0.2,0.1,0.3,1,0.8866666666666667,0.9026366,-0.3076923076923071,0.026359724,12.51712174069435,10.262793,103.3076923076923,0.25,0.15384615384615385,0.1904761904761905
page_rank,N/A,rrg,0.30000000000000004,0.1,0.3,1,0.8933333333333333,0.9140409,-0.23076923076923098,0.1404038,9.225830389156174,8.491946,57.26923076923077,0.36363636363636365,0.3076923076923077,0.33333333333333337
page_rank,N/A,rrg,0.4,0.1,0.3,1,0.88,0.93248975,-0.3846153846153845,0.32489327,8.650543578044164,6.3286533,61.38461538461539,0.3333333333333333,0.38461538461538464,0.3571428571428571
page_rank,N/A,rrg,0.5,0.1,0.3,1,0.93,0.94751596,0.1923076923076929,0.47515634,5.443929043071335,4.7005587,35.11538461538461,0.5757575757575758,0.7307692307692307,0.6440677966101696
page_rank,N/A,rrg,0.6000000000000001,0.1,0.3,1,0.9066666666666666,0.9553499,-0.07692307692307741,0.5534964,5.98751286947063,3.7941492,37.38461538461539,0.475,0.7307692307692307,0.5757575757575758
page_rank,N/A,rrg,0.7000000000000001,0.1,0.3,1,0.9066666666666666,0.9672421,-0.07692307692307741,0.67241913,5.953970786884017,2.9607239,29.384615384615383,0.47368421052631576,0.6923076923076923,0.5625
page_rank,N/A,rrg,0.8,0.1,0.3,1,0.9633333333333334,0.9745737,0.5769230769230774,0.7457351,4.247783413281733,2.09163,20.03846153846154,0.7272727272727273,0.9230769230769231,0.8135593220338984
page_rank,N/A,rrg,0.9,0.1,0.3,1,0.97,0.9749884,0.6538461538461535,0.7498824,2.416538869234574,2.043594,17.807692307692307,0.7931034482758621,0.8846153846153846,0.8363636363636363
page_rank,N/A,rrg,1.0,0.1,0.3,1,0.9966666666666667,0.98235166,0.9615384615384619,0.8235155,1.4983021372498413,1.738213,13.576923076923077,0.9629629629629629,1.0,0.9811320754716981
page_rank,N/A,rrg,0.0,0.2,0.3,1,0.84,0.8000143,0.0,0.0,20.792437381607204,20.296484,133.64583333333334,0.0,0.0,0.0
page_rank,N/A,rrg,0.1,0.2,0.3,1,0.83,0.8167618,-0.06250000000000004,0.08374337,15.139098757948231,15.046094,125.27083333333333,0.4117647058823529,0.14583333333333334,0.2153846153846154
page_rank,N/A,rrg,0.2,0.2,0.3,1,0.86,0.827406,0.12500000000000008,0.13696817,12.62210192803266,13.118203,99.625,0.6153846153846154,0.3333333333333333,0.43243243243243246
page_rank,N/A,rrg,0.30000000000000004,0.2,0.3,1,0.8533333333333334,0.8482778,0.08333333333333386,0.24133472,10.693560034568458,9.944296,82.75,0.5526315789473685,0.4375,0.4883720930232558
page_rank,N/A,rrg,0.4,0.2,0.3,1,0.8633333333333333,0.86787254,0.1458333333333332,0.33931538,7.2741496082971615,8.363509,59.104166666666664,0.5686274509803921,0.6041666666666666,0.5858585858585857
page_rank,N/A,rrg,0.5,0.2,0.3,1,0.8633333333333333,0.88962436,0.1458333333333332,0.44808227,8.14642532151281,7.037854,54.583333333333336,0.5777777777777777,0.5416666666666666,0.5591397849462364
page_rank,N/A,rrg,0.6000000000000001,0.2,0.3,1,0.8966666666666666,0.9083354,0.35416666666666646,0.54164416,5.779286700697686,5.000283,43.770833333333336,0.6666666666666666,0.7083333333333334,0.6868686868686869
page_rank,N/A,rrg,0.7000000000000001,0.2,0.3,1,0.91,0.92947,0.4375000000000003,0.64732474,5.231679269209516,4.002908,36.895833333333336,0.6909090909090909,0.7916666666666666,0.737864077669903
page_rank,N/A,rrg,0.8,0.2,0.3,1,0.9533333333333334,0.9413502,0.7083333333333336,0.7067301,2.8136031720155565,3.209346,27.583333333333332,0.7931034482758621,0.9583333333333334,0.8679245283018867
page_rank,N/A,rrg,0.9,0.2,0.3,1,0.96,0.9589921,0.7499999999999998,0.79494596,2.822852211369801,2.6804137,26.520833333333332,0.8461538461538461,0.9166666666666666,0.8799999999999999
page_rank,N/A,rrg,1.0,0.2,0.3,1,0.9866666666666667,0.9707283,0.9166666666666669,0.8536309,1.7242258427763473,1.8691144,24.625,0.9230769230769231,1.0,0.9600000000000001
page_rank,N/A,rrg,0.0,0.3,0.3,1,0.7133333333333334,0.7000529,0.0,0.0,16.948768798848494,20.51778,139.27906976744185,0.0,0.0,0.0
page_rank,N/A,rrg,0.1,0.3,0.3,1,0.76,0.7298622,0.1627906976744185,0.09938185,12.884758579393035,16.130882,120.97674418604652,0.85,0.19767441860465115,0.32075471698113206
page_rank,N/A,rrg,0.2,0.3,0.3,1,0.78,0.7664577,0.2325581395348837,0.22138825,10.723695779545801,11.547109,104.24418604651163,0.7631578947368421,0.3372093023255814,0.467741935483871
page_rank,N/A,rrg,0.30000000000000004,0.3,0.3,1,0.7833333333333333,0.79225796,0.24418604651162779,0.30740437,8.124557532934302,10.293737,92.98837209302326,0.7142857142857143,0.4069767441860465,0.5185185185185186
page_rank,N/A,rrg,0.4,0.3,0.3,1,0.7933333333333333,0.82607996,0.27906976744186035,0.42016426,7.721704210843363,8.160257,76.26744186046511,0.7,0.4883720930232558,0.5753424657534246
page_rank,N/A,rrg,0.5,0.3,0.3,1,0.8433333333333334,0.8681775,0.45348837209302334,0.56051403,6.713919219647199,5.9549146,67.82558139534883,0.8,0.6046511627906976,0.6887417218543046
page_rank,N/A,rrg,0.6000000000000001,0.3,0.3,1,0.8933333333333333,0.8876245,0.6279069767441859,0.6253489,4.218404346577646,4.7536917,54.604651162790695,0.8648648648648649,0.7441860465116279,0.8
page_rank,N/A,rrg,0.7000000000000001,0.3,0.3,1,0.8933333333333333,0.91453004,0.6279069767441859,0.71504986,4.256827723846529,3.4839518,55.98837209302326,0.875,0.7325581395348837,0.7974683544303797
page_rank,N/A,rrg,0.8,0.3,0.3,1,0.9466666666666667,0.9379648,0.8139534883720929,0.7931795,3.3504515213822237,3.24081,47.03488372093023,0.9487179487179487,0.8604651162790697,0.9024390243902439
page_rank,N/A,rrg,0.9,0.3,0.3,1,0.95,0.9657652,0.825581395348837,0.8858638,1.968778425839516,1.731536,45.86046511627907,0.898876404494382,0.9302325581395349,0.9142857142857143
page_rank,N/A,rrg,1.0,0.3,0.3,1,0.9933333333333333,0.9836888,0.9767441860465115,0.94561964,1.388852065700287,1.377362,43.616279069767444,0.9772727272727273,1.0,0.9885057471264368
page_rank,N/A,rrg,0.0,0.4,0.3,1,0.6,0.6000774,0.0,0.0,11.996807913693177,18.573492,153.58333333333334,0.0,0.0,0.0
page_rank,N/A,rrg,0.1,0.4,0.3,1,0.6,0.6506977,0.0,0.12657528,9.263533468812915,14.481436,138.775,0.5,0.125,0.2
page_rank,N/A,rrg,0.2,0.4,0.3,1,0.6766666666666666,0.68547827,0.19166666666666665,0.21354352,7.8600535665493805,13.405877,112.3,0.7254901960784313,0.30833333333333335,0.432748538011696
page_rank,N/A,rrg,0.30000000000000004,0.4,0.3,1,0.68,0.7199863,0.20000000000000018,0.29983032,6.493420285818143,10.779538,106.825,0.6818181818181818,0.375,0.48387096774193555
page_rank,N/A,rrg,0.4,0.4,0.3,1,0.7433333333333333,0.77436125,0.3583333333333333,0.43579397,5.903009075547684,8.273002,93.20833333333333,0.7945205479452054,0.48333333333333334,0.6010362694300518
page_rank,N/A,rrg,0.5,0.4,0.3,1,0.7866666666666666,0.808992,0.4666666666666666,0.5223877,5.25788162566113,6.5530744,83.98333333333333,0.8181818181818182,0.6,0.6923076923076923
page_rank,N/A,rrg,0.6000000000000001,0.4,0.3,1,0.8133333333333334,0.847386,0.5333333333333334,0.61839116,4.736345556337272,5.85393,75.29166666666667,0.8137254901960784,0.6916666666666667,0.7477477477477478
page_rank,N/A,rrg,0.7000000000000001,0.4,0.3,1,0.8466666666666667,0.8881075,0.6166666666666667,0.72021455,3.226261542083734,4.1723313,70.31666666666666,0.8245614035087719,0.7833333333333333,0.8034188034188033
page_rank,N/A,rrg,0.8,0.4,0.3,1,0.9033333333333333,0.92315805,0.7583333333333333,0.80785793,2.602153291137805,3.218358,65.11666666666666,0.8956521739130435,0.8583333333333333,0.8765957446808511
page_rank,N/A,rrg,0.9,0.4,0.3,1,0.94,0.9505916,0.8499999999999999,0.8764551,1.6046633208147223,2.3338661,61.791666666666664,0.9112903225806451,0.9416666666666667,0.9262295081967212
page_rank,N/A,rrg,1.0,0.4,0.3,1,0.97,0.9833564,0.9249999999999999,0.95838296,1.284290783488846,1.4933419,60.625,0.9302325581395349,1.0,0.963855421686747
page_rank,N/A,rrg,0.0,0.05,0.3,2,0.94,0.949999,0.0,0.0,23.20630515011061,9.924422,165.88888888888889,0.0,0.0,0.0
page_rank,N/A,rrg,0.1,0.05,0.3,2,0.93,0.94105613,-0.16666666666666483,-0.17885318,16.239057080003715,10.072438,132.0,0.2857142857142857,0.1111111111111111,0.16
page_rank,N/A,rrg,0.2,0.05,0.3,2,0.9133333333333333,0.94769675,-0.4444444444444432,-0.046043646,15.300333619232969,7.617067,81.27777777777777,0.3333333333333333,0.4444444444444444,0.380952380952381
page_rank,N/A,rrg,0.30000000000000004,0.05,0.3,2,0.91,0.94313276,-0.49999999999999817,-0.13732152,12.288990711016249,7.269895,62.5,0.2857142857142857,0.3333333333333333,0.30769230769230765
page_rank,N/A,rrg,0.4,0.05,0.3,2,0.9233333333333333,0.966284,-0.27777777777777657,0.32569337,11.786806667910238,4.387763,36.5,0.41379310344827586,0.6666666666666666,0.5106382978723404
page_rank,N/A,rrg,0.5,0.05,0.3,2,0.92,0.9624363,-0.3333333333333315,0.24874178,9.073225315061672,4.057653,24.5,0.4117647058823529,0.7777777777777778,0.5384615384615384
page_rank,N/A,rrg,0.6000000000000001,0.05,0.3,2,0.9366666666666666,0.9715599,-0.05555555555555494,0.4312093,7.640644895715618,3.4329147,31.27777777777778,0.48148148148148145,0.7222222222222222,0.5777777777777777
page_rank,N/A,rrg,0.7000000000000001,0.05,0.3,2,0.9466666666666667,0.97052366,0.11111111111111173,0.4104852,5.737253181879961,3.0148704,26.38888888888889,0.5454545454545454,0.6666666666666666,0.6
page_rank,N/A,rrg,0.8,0.05,0.3,2,0.96,0.97548807,0.3333333333333333,0.5097714,4.835806296161156,1.940104,20.055555555555557,0.6363636363636364,0.7777777777777778,0.7000000000000001
page_rank,N/A,rrg,0.9,0.05,0.3,2,0.9933333333333333,0.97860485,0.8888888888888883,0.5721058,2.8666192159135457,2.161843,9.555555555555555,0.9,1.0,0.9473684210526316
page_rank,N/A,rrg,1.0,0.05,0.3,2,0.9966666666666667,0.9833057,0.9444444444444451,0.6661207,1.9919189899309755,1.5449524,9.61111111111111,0.9473684210526315,1.0,0.972972972972973
page_rank,N/A,rrg,0.0,0.1,0.3,2,0.9,0.900001,0.0,0.0,26.355244845609988,15.709427,140.56666666666666,0.0,0.0,0.0
page_rank,N/A,rrg,0.1,0.1,0.3,2,0.8866666666666667,0.8972236,-0.1333333333333331,-0.027774252,19.26651861600187,13.05989,130.53333333333333,0.3333333333333333,0.13333333333333333,0.19047619047619044
page_rank,N/A,rrg,0.2,0.1,0.3,2,0.8633333333333333,0.91106224,-0.3666666666666674,0.11061361,15.733481868391813,9.813542,105.33333333333333,0.2608695652173913,0.2,0.22641509433962265
page_rank,N/A,rrg,0.30000000000000004,0.1,0.3,2,0.89,0.91217124,-0.10000000000000012,0.12170376,11.569610183511616,8.591206,75.43333333333334,0.44,0.36666666666666664,0.4
page_rank,N/A,rrg,0.4,0.1,0.3,2,0.9066666666666666,0.92091143,0.066666666666666,0.20910649,10.901428671530224,6.692666,42.4,0.525,0.7,0.6
page_rank,N/A,rrg,0.5,0.1,0.3,2,0.9033333333333333,0.9376116,0.033333333333333,0.37610963,8.082267100443717,5.56901,51.03333333333333,0.5151515151515151,0.5666666666666667,0.5396825396825397
page_rank,N/A,rrg,0.6000000000000001,0.1,0.3,2,0.9,0.9407481,0.0,0.40747508,6.681347526770347,4.1153717,42.5,0.5,0.6,0.5454545454545454
page_rank,N/A,rrg,0.7000000000000001,0.1,0.3,2,0.92,0.9523397,0.20000000000000023,0.5233924,4.578751770777032,3.7102413,29.866666666666667,0.59375,0.6333333333333333,0.6129032258064516
page_rank,N/A,rrg,0.8,0.1,0.3,2,0.95,0.9608492,0.49999999999999944,0.6084884,3.783491778662651,3.2485764,18.733333333333334,0.7027027027027027,0.8666666666666667,0.7761194029850748
page_rank,N/A,rrg,0.9,0.1,0.3,2,0.9733333333333334,0.973431,0.7333333333333337,0.7343073,2.7985928707966212,2.2978752,17.9,0.8235294117647058,0.9333333333333333,0.8749999999999999
page_rank,N/A,rrg,1.0,0.1,0.3,2,0.99,0.9772766,0.8999999999999999,0.77276397,1.8104128584999968,1.9594045,15.5,0.9090909090909091,1.0,0.9523809523809523
page_rank,N/A,rrg,0.0,0.2,0.3,2,0.8033333333333333,0.80001426,0.0,0.0,21.203636903020787,20.287481,155.71186440677965,0.0,0.0,0.0
page_rank,N/A,rrg,0.1,0.2,0.3,2,0.8033333333333333,0.8158365,0.0,0.0791168,15.842341986311885,15.656423,133.27118644067798,0.5,0.11864406779661017,0.1917808219178082
page_rank,N/A,rrg,0.2,0.2,0.3,2,0.8166666666666667,0.82712924,0.0677966101694914,0.13558461,11.761413055431431,12.38792,102.77966101694915,0.5769230769230769,0.2542372881355932,0.3529411764705882
page_rank,N/A,rrg,0.30000000000000004,0.2,0.3,2,0.8233333333333334,0.85148245,0.10169491525423738,0.25735933,10.217173767970655,10.180012,93.37288135593221,0.575,0.3898305084745763,0.46464646464646464
page_rank,N/A,rrg,0.4,0.2,0.3,2,0.85,0.87625206,0.23728813559322018,0.38121617,7.857606997850085,7.8644476,65.03389830508475,0.64,0.5423728813559322,0.5871559633027523
page_rank,N/A,rrg,0.5,0.2,0.3,2,0.8733333333333333,0.8803768,0.3559322033898303,0.40184143,7.694834417221858,6.922241,61.88135593220339,0.7560975609756098,0.5254237288135594,0.62
page_rank,N/A,rrg,0.6000000000000001,0.2,0.3,2,0.92,0.91222495,0.593220338983051,0.56109345,5.059531446027647,5.0960393,44.33898305084746,0.8181818181818182,0.7627118644067796,0.7894736842105264
page_rank,N/A,rrg,0.7000000000000001,0.2,0.3,2,0.9066666666666666,0.9355657,0.525423728813559,0.6778056,4.270507562576002,3.4650373,41.47457627118644,0.7540983606557377,0.7796610169491526,0.7666666666666666
page_rank,N/A,rrg,0.8,0.2,0.3,2,0.9366666666666666,0.952257,0.6779661016949151,0.76126784,3.3437585569932806,2.8598092,33.91525423728814,0.8125,0.8813559322033898,0.8455284552845529
page_rank,N/A,rrg,0.9,0.2,0.3,2,0.9533333333333334,0.9641138,0.7627118644067798,0.82055604,2.613759755577134,2.0065148,32.76271186440678,0.8688524590163934,0.8983050847457628,0.8833333333333333
page_rank,N/A,rrg,1.0,0.2,0.3,2,0.9866666666666667,0.97756225,0.9322033898305085,0.88780326,1.7876563387948283,1.5307281,30.11864406779661,0.9365079365079365,1.0,0.9672131147540983
page_rank,N/A,rrg,0.0,0.3,0.3,2,0.7166666666666667,0.7000529,0.0,0.0,17.500306971950355,20.658815,141.36470588235295,0.0,0.0,0.0
page_rank,N/A,rrg,0.1,0.3,0.3,2,0.74,0.7260562,0.08235294117647053,0.08669296,13.72827688808867,17.223238,125.90588235294118,0.6842105263157895,0.15294117647058825,0.25000000000000006
page_rank,N/A,rrg,0.2,0.3,0.3,2,0.7666666666666667,0.75958484,0.17647058823529427,0.19847476,10.333917775671853,12.861178,103.44705882352942,0.7027027027027027,0.3058823529411765,0.4262295081967213
page_rank,N/A,rrg,0.30000000000000004,0.3,0.3,2,0.79,0.7989383,0.2588235294117648,0.329676,8.396091213873284,9.025715,89.02352941176471,0.7619047619047619,0.3764705882352941,0.5039370078740157
page_rank,N/A,rrg,0.4,0.3,0.3,2,0.8166666666666667,0.8250436,0.35294117647058815,0.41670918,6.980970960737877,8.170251,78.27058823529411,0.734375,0.5529411764705883,0.6308724832214765
page_rank,N/A,rrg,0.5,0.3,0.3,2,0.8533333333333334,0.8561505,0.48235294117647076,0.5204171,6.257410611840108,6.5923567,61.84705882352941,0.8059701492537313,0.6352941176470588,0.7105263157894737
page_rank,N/A,rrg,0.6000000000000001,0.3,0.3,2,0.8966666666666666,0.8780013,0.6352941176470587,0.59326583,4.4992927803159475,5.2941446,54.09411764705882,0.875,0.7411764705882353,0.802547770700637
page_rank,N/A,rrg,0.7000000000000001,0.3,0.3,2,0.93,0.90878004,0.7529411764705884,0.6958798,2.695664896741049,3.6833544,49.35294117647059,0.9,0.8470588235294118,0.8727272727272727
page_rank,N/A,rrg,0.8,0.3,0.3,2,0.9466666666666667,0.94282216,0.8117647058823529,0.80937356,2.9841581381499362,2.7950308,46.23529411764706,0.9058823529411765,0.9058823529411765,0.9058823529411765
page_rank,N/A,rrg,0.9,0.3,0.3,2,0.96,0.959139,0.8588235294117645,0.86377263,1.4828097014996635,2.0532947,44.37647058823529,0.9294117647058824,0.9294117647058824,0.9294117647058824
page_rank,N/A,rrg,1.0,0.3,0.3,2,0.9933333333333333,0.97952527,0.976470588235294,0.93173885,1.2521047858100096,1.330598,43.09411764705882,0.9770114942528736,1.0,0.9883720930232558
page_rank,N/A,rrg,0.0,0.4,0.3,2,0.6333333333333333,0.6000774,0.0,0.0,12.431302562634055,18.874853,145.84545454545454,0.0,0.0,0.0
page_rank,N/A,rrg,0.1,0.4,0.3,2,0.7033333333333334,0.63548666,0.19090909090909106,0.08854031,9.731845112662889,15.726569,120.18181818181819,0.8620689655172413,0.22727272727272727,0.35971223021582727
page_rank,N/A,rrg,0.2,0.4,0.3,2,0.6966666666666667,0.68343467,0.17272727272727276,0.20843351,8.317673087232539,12.56867,112.85454545454546,0.7209302325581395,0.2818181818181818,0.40522875816993464
page_rank,N/A,rrg,0.30000000000000004,0.4,0.3,2,0.7366666666666667,0.733529,0.28181818181818197,0.3336935,7.581705118888612,10.266732,102.00909090909092,0.7540983606557377,0.41818181818181815,0.5380116959064327
page_rank,N/A,rrg,0.4,0.4,0.3,2,0.78,0.7756081,0.40000000000000013,0.43891174,5.577397874983201,7.56806,83.72727272727273,0.782051282051282,0.5545454545454546,0.648936170212766
page_rank,N/A,rrg,0.5,0.4,0.3,2,0.77,0.8216007,0.37272727272727285,0.5539154,4.998975278095336,5.6546087,80.78181818181818,0.7303370786516854,0.5909090909090909,0.6532663316582914
page_rank,N/A,rrg,0.6000000000000001,0.4,0.3,2,0.8433333333333334,0.85549235,0.5727272727272729,0.63866097,4.006297972041316,4.46225,68.50909090909092,0.8118811881188119,0.7454545454545455,0.7772511848341234
page_rank,N/A,rrg,0.7000000000000001,0.4,0.3,2,0.8666666666666667,0.88907856,0.6363636363636365,0.7226427,3.1809953229762966,3.6771524,63.21818181818182,0.8181818181818182,0.8181818181818182,0.8181818181818182
page_rank,N/A,rrg,0.8,0.4,0.3,2,0.9066666666666666,0.9251772,0.7454545454545454,0.81290686,2.9968215393573776,2.874468,60.71818181818182,0.8727272727272727,0.8727272727272727,0.8727272727272727
page_rank,N/A,rrg,0.9,0.4,0.3,2,0.9466666666666667,0.9537653,0.8545454545454545,0.88439083,1.8595441131883657,1.728158,57.4,0.9351851851851852,0.9181818181818182,0.9266055045871558
page_rank,N/A,rrg,1.0,0.4,0.3,2,0.9866666666666667,0.9837343,0.9636363636363637,0.9593279,1.3833577514577384,1.3014189,55.53636363636364,0.9649122807017544,1.0,0.9821428571428572
page_rank,N/A,rrg,0.0,0.05,0.3,3,0.9466666666666667,0.949999,0.0,0.0,20.27108538639767,10.002211,188.125,0.0,0.0,0.0
page_rank,N/A,rrg,0.1,0.05,0.3,3,0.9366666666666666,0.9443739,-0.18750000000000014,-0.11249907,15.601025573780358,9.698334,106.75,0.2,0.0625,0.09523809523809523
page_rank,N/A,rrg,0.2,0.05,0.3,3,0.9133333333333333,0.9505824,-0.6249999999999998,0.011667966,13.218760885230466,7.6356745,98.1875,0.1875,0.1875,0.1875
page_rank,N/A,rrg,0.30000000000000004,0.05,0.3,3,0.92,0.9484141,-0.49999999999999895,-0.031697102,10.836324933143024,6.505827,32.5,0.34615384615384615,0.5625,0.4285714285714286
page_rank,N/A,rrg,0.4,0.05,0.3,3,0.9133333333333333,0.9541455,-0.6249999999999998,0.08292863,10.147881397883598,5.1294017,50.8125,0.3076923076923077,0.5,0.380952380952381
page_rank,N/A,rrg,0.5,0.05,0.3,3,0.9166666666666666,0.9648234,-0.5625000000000004,0.29648292,8.897422612501975,4.34415,35.125,0.32,0.5,0.39024390243902435
page_rank,N/A,rrg,0.6000000000000001,0.05,0.3,3,0.9533333333333334,0.97657585,0.12500000000000078,0.5315266,5.972077930166472,2.9552817,17.4375,0.5384615384615384,0.875,0.6666666666666667
page_rank,N/A,rrg,0.7000000000000001,0.05,0.3,3,0.9433333333333334,0.97783506,-0.06249999999999935,0.55671024,6.0738949005511165,2.6158056,23.125,0.48,0.75,0.5853658536585366
page_rank,N/A,rrg,0.8,0.05,0.3,3,0.96,0.98171103,0.24999999999999947,0.6342281,3.8024579282365933,2.148932,12.0625,0.5833333333333334,0.875,0.7000000000000001
page_rank,N/A,rrg,0.9,0.05,0.3,3,0.9866666666666667,0.9819765,0.7500000000000006,0.6395376,2.063728634494599,1.9207171,8.75,0.8,1.0,0.888888888888889
page_rank,N/A,rrg,1.0,0.05,0.3,3,0.9966666666666667,0.9863267,0.9375000000000007,0.7265395,1.3533311989698955,1.5631856,8.5,0.9411764705882353,1.0,0.9696969696969697
page_rank,N/A,rrg,0.0,0.1,0.3,3,0.9066666666666666,0.900001,0.0,0.0,22.086156744541512,15.68833,135.21428571428572,0.0,0.0,0.0
page_rank,N/A,rrg,0.1,0.1,0.3,3,0.87,0.9034185,-0.39285714285714224,0.034175258,20.50632055149923,12.602494,129.0,0.13333333333333333,0.07142857142857142,0.09302325581395349
page_rank,N/A,rrg,0.2,0.1,0.3,3,0.8933333333333333,0.91457903,-0.14285714285714252,0.14578189,12.737290369843747,10.096585,78.0,0.4090909090909091,0.32142857142857145,0.36000000000000004
page_rank,N/A,rrg,0.30000000000000004,0.1,0.3,3,0.9033333333333333,0.9189323,-0.03571428571428533,0.18931517,14.067370949519015,8.3857565,65.75,0.4838709677419355,0.5357142857142857,0.5084745762711865
page_rank,N/A,rrg,0.4,0.1,0.3,3,0.9033333333333333,0.9272236,-0.03571428571428533,0.27222902,10.312881314509832,7.170791,65.82142857142857,0.4838709677419355,0.5357142857142857,0.5084745762711865
page_rank,N/A,rrg,0.5,0.1,0.3,3,0.9033333333333333,0.94078124,-0.03571428571428533,0.4078065,8.287840970362886,5.579295,44.035714285714285,0.4864864864864865,0.6428571428571429,0.5538461538461539
page_rank,N/A,rrg,0.6000000000000001,0.1,0.3,3,0.9333333333333333,0.95324206,0.2857142857142862,0.532416,7.471584596328339,4.418152,33.285714285714285,0.6111111111111112,0.7857142857142857,0.6875000000000001
page_rank,N/A,rrg,0.7000000000000001,0.1,0.3,3,0.93,0.9639268,0.2500000000000009,0.63926435,5.8087092157139,3.3485994,30.214285714285715,0.5945945945945946,0.7857142857142857,0.676923076923077
page_rank,N/A,rrg,0.8,0.1,0.3,3,0.96,0.96064025,0.5714285714285713,0.60639864,3.890729742242247,3.3691442,22.321428571428573,0.75,0.8571428571428571,0.7999999999999999
page_rank,N/A,rrg,0.9,0.1,0.3,3,0.9633333333333334,0.9769643,0.6071428571428578,0.7696407,3.5568659415646304,2.4051468,17.535714285714285,0.7575757575757576,0.8928571428571429,0.819672131147541
page_rank,N/A,rrg,1.0,0.1,0.3,3,0.9866666666666667,0.98182446,0.8571428571428574,0.8182428,2.3068514952427797,2.001884,15.035714285714286,0.875,1.0,0.9333333333333333
page_rank,N/A,rrg,0.0,0.2,0.3,3,0.8,0.8000143,0.0,0.0,21.953815061822517,20.354704,141.28333333333333,0.0,0.0,0.0
page_rank,N/A,rrg,0.1,0.2,0.3,3,0.7866666666666666,0.80359125,-0.06666666666666711,0.017885951,16.311480249104,15.693343,121.0,0.3888888888888889,0.11666666666666667,0.17948717948717952
page_rank,N/A,rrg,0.2,0.2,0.3,3,0.8166666666666667,0.8350429,0.08333333333333305,0.17515542,12.974428467937013,12.602915,87.63333333333334,0.5925925925925926,0.26666666666666666,0.36781609195402304
page_rank,N/A,rrg,0.30000000000000004,0.2,0.3,3,0.83,0.8447743,0.1499999999999996,0.22381596,10.57444029598735,10.422354,83.95,0.6153846153846154,0.4,0.4848484848484849
page_rank,N/A,rrg,0.4,0.2,0.3,3,0.84,0.87245667,0.19999999999999968,0.3622377,8.59801080288106,8.076837,68.55,0.6153846153846154,0.5333333333333333,0.5714285714285715
page_rank,N/A,rrg,0.5,0.2,0.3,3,0.9033333333333333,0.8944754,0.5166666666666665,0.47233924,6.472243472896666,6.229094,50.15,0.7818181818181819,0.7166666666666667,0.7478260869565218
page_rank,N/A,rrg,0.6000000000000001,0.2,0.3,3,0.93,0.90776956,0.6500000000000001,0.5388148,5.996251749469949,5.6447163,42.15,0.8823529411764706,0.75,0.8108108108108107
page_rank,N/A,rrg,0.7000000000000001,0.2,0.3,3,0.9033333333333333,0.93600106,0.5166666666666665,0.6799824,4.919764347823646,3.9900715,40.78333333333333,0.7540983606557377,0.7666666666666667,0.7603305785123967
page_rank,N/A,rrg,0.8,0.2,0.3,3,0.9333333333333333,0.9471047,0.6666666666666666,0.7355045,3.907784947056266,3.14646,37.11666666666667,0.8333333333333334,0.8333333333333334,0.8333333333333334
page_rank,N/A,rrg,0.9,0.2,0.3,3,0.97,0.96079063,0.8499999999999999,0.80393916,2.451206390716341,2.203861,31.683333333333334,0.8923076923076924,0.9666666666666667,0.928
page_rank,N/A,rrg,1.0,0.2,0.3,3,0.98,0.977532,0.8999999999999999,0.8876521,1.328031793971682,1.6306883,30.533333333333335,0.9090909090909091,1.0,0.9523809523809523
page_rank,N/A,rrg,0.0,0.3,0.3,3,0.6966666666666667,0.7000529,0.0,0.0,17.849284885918234,20.828194,148.32967032967034,0.0,0.0,0.0
page_rank,N/A,rrg,0.1,0.3,0.3,3,0.71,0.72589606,0.04395604395604387,0.086159006,14.475346921880089,16.284193,133.04395604395606,0.6,0.13186813186813187,0.21621621621621623
page_rank,N/A,rrg,0.2,0.3,0.3,3,0.7533333333333333,0.7551105,0.18681318681318673,0.18355766,11.895591239995563,13.837656,99.57142857142857,0.6976744186046512,0.32967032967032966,0.4477611940298507
page_rank,N/A,rrg,0.30000000000000004,0.3,0.3,3,0.7666666666666667,0.7886597,0.23076923076923098,0.295408,10.801459549341214,11.839541,96.7032967032967,0.7142857142857143,0.38461538461538464,0.5
page_rank,N/A,rrg,0.4,0.3,0.3,3,0.7766666666666666,0.8144726,0.2637362637362636,0.38146627,7.891837419707307,9.124215,85.1978021978022,0.7,0.46153846153846156,0.5562913907284769
page_rank,N/A,rrg,0.5,0.3,0.3,3,0.8166666666666667,0.85523325,0.3956043956043956,0.517359,6.641269231596155,7.105864,72.27472527472527,0.7647058823529411,0.5714285714285714,0.6540880503144654
page_rank,N/A,rrg,0.6000000000000001,0.3,0.3,3,0.8433333333333334,0.8914693,0.4835164835164837,0.6381672,5.535054404522469,5.094764,63.91208791208791,0.7558139534883721,0.7142857142857143,0.7344632768361582
page_rank,N/A,rrg,0.7000000000000001,0.3,0.3,3,0.8766666666666667,0.912155,0.5934065934065935,0.70713156,4.696362115576379,4.452033,53.824175824175825,0.8,0.7912087912087912,0.7955801104972374
page_rank,N/A,rrg,0.8,0.3,0.3,3,0.9133333333333333,0.93647075,0.7142857142857143,0.7881985,3.3788952510882044,3.2354712,51.934065934065934,0.8494623655913979,0.8681318681318682,0.858695652173913
page_rank,N/A,rrg,0.9,0.3,0.3,3,0.9433333333333334,0.95204043,0.8131868131868133,0.84010655,1.9888247665621974,2.34822,48.64835164835165,0.8936170212765957,0.9230769230769231,0.908108108108108
page_rank,N/A,rrg,1.0,0.3,0.3,3,0.9833333333333333,0.97756237,0.9450549450549449,0.9251947,1.6165495654544895,1.7899575,46.879120879120876,0.9479166666666666,1.0,0.9732620320855615
page_rank,N/A,rrg,0.0,0.4,0.3,3,0.61,0.60007733,0.0,0.0,13.404672662482708,19.152348,143.15384615384616,0.0,0.0,0.0
page_rank,N/A,rrg,0.1,0.4,0.3,3,0.6466666666666666,0.6406587,0.0940170940170939,0.10147298,11.31263262044061,16.133707,134.26495726495727,0.6486486486486487,0.20512820512820512,0.31168831168831174
page_rank,N/A,rrg,0.2,0.4,0.3,3,0.7,0.6866737,0.23076923076923067,0.21653278,8.965305866401538,12.970889,111.3076923076923,0.7647058823529411,0.3333333333333333,0.4642857142857143
page_rank,N/A,rrg,0.30000000000000004,0.4,0.3,3,0.7033333333333334,0.7359894,0.23931623931623944,0.33984587,8.448041651191538,10.386138,102.43589743589743,0.71875,0.39316239316239315,0.5082872928176796
page_rank,N/A,rrg,0.4,0.4,0.3,3,0.7766666666666666,0.78147155,0.4273504273504272,0.45357323,7.137213752865076,8.130015,89.4957264957265,0.8378378378378378,0.5299145299145299,0.6492146596858639
page_rank,N/A,rrg,0.5,0.4,0.3,3,0.8033333333333333,0.8192146,0.4957264957264958,0.5479491,5.603253738393916,6.622638,82.2051282051282,0.8152173913043478,0.6410256410256411,0.7177033492822967
page_rank,N/A,rrg,0.6000000000000001,0.4,0.3,3,0.84,0.8500881,0.5897435897435896,0.6251478,4.903688907288083,5.396354,70.3931623931624,0.8876404494382022,0.6752136752136753,0.766990291262136
page_rank,N/A,rrg,0.7000000000000001,0.4,0.3,3,0.8966666666666666,0.88543165,0.7350427350427349,0.71352375,4.014975449245229,4.7930303,64.00854700854701,0.93,0.7948717948717948,0.8571428571428572
page_rank,N/A,rrg,0.8,0.4,0.3,3,0.9,0.91901785,0.7435897435897436,0.7975055,3.223164392906104,3.2681084,64.94871794871794,0.9065420560747663,0.8290598290598291,0.8660714285714286
page_rank,N/A,rrg,0.9,0.4,0.3,3,0.95,0.9575594,0.8717948717948717,0.893878,2.8712265039279674,2.4443238,60.256410256410255,0.9322033898305084,0.9401709401709402,0.9361702127659575
page_rank,N/A,rrg,1.0,0.4,0.3,3,0.99,0.984696,0.9743589743589743,0.9617325,1.710013836499917,1.5910299,59.05128205128205,0.975,1.0,0.9873417721518987
page_rank,N/A,rrg,0.0,0.05,0.3,4,0.9333333333333333,0.949999,0.0,0.0,26.355616908305723,9.958716,149.7,0.0,0.0,0.0
page_rank,N/A,rrg,0.1,0.05,0.3,4,0.9266666666666666,0.93610513,-0.10000000000000067,-0.27787116,17.108529603222113,10.15896,80.55,0.4,0.2,0.26666666666666666
page_rank,N/A,rrg,0.2,0.05,0.3,4,0.9066666666666666,0.93347704,-0.400000000000001,-0.33043185,9.915752768262657,8.29389,58.2,0.3333333333333333,0.4,0.3636363636363636
page_rank,N/A,rrg,0.30000000000000004,0.05,0.3,4,0.9033333333333333,0.95024586,-0.4500000000000005,0.0049375477,14.334795350189081,6.534912,56.5,0.2857142857142857,0.3,0.2926829268292683
page_rank,N/A,rrg,0.4,0.05,0.3,4,0.9233333333333333,0.9555491,-0.15000000000000016,0.11100065,10.725579982193375,5.9966836,59.25,0.42857142857142855,0.45,0.4390243902439024
page_rank,N/A,rrg,0.5,0.05,0.3,4,0.9266666666666666,0.9568176,-0.10000000000000067,0.13637024,8.762539896505832,4.9991813,36.25,0.4666666666666667,0.7,0.56
page_rank,N/A,rrg,0.6000000000000001,0.05,0.3,4,0.9366666666666666,0.9661927,0.0499999999999995,0.3238683,5.934695933518596,3.6222625,25.5,0.5172413793103449,0.75,0.6122448979591838
page_rank,N/A,rrg,0.7000000000000001,0.05,0.3,4,0.9233333333333333,0.97902393,-0.15000000000000016,0.58048725,5.750005817276104,2.487715,26.2,0.4482758620689655,0.65,0.5306122448979592
page_rank,N/A,rrg,0.8,0.05,0.3,4,0.9533333333333334,0.9746183,0.3000000000000003,0.49237671,3.7245003569368307,2.4172535,18.3,0.6153846153846154,0.8,0.6956521739130435
page_rank,N/A,rrg,0.9,0.05,0.3,4,0.97,0.9786842,0.5499999999999995,0.5736925,2.6560317373808418,1.9804143,15.75,0.7391304347826086,0.85,0.7906976744186046
page_rank,N/A,rrg,1.0,0.05,0.3,4,0.9966666666666667,0.98213667,0.9500000000000005,0.64274067,1.7172192899982648,1.6286212,10.5,0.9523809523809523,1.0,0.975609756097561
page_rank,N/A,rrg,0.0,0.1,0.3,4,0.89,0.900001,0.0,0.0,26.667082558784024,15.697201,165.1818181818182,0.0,0.0,0.0
page_rank,N/A,rrg,0.1,0.1,0.3,4,0.86,0.88405764,-0.272727272727273,-0.15943506,20.065369773753176,13.896715,141.54545454545453,0.15384615384615385,0.06060606060606061,0.08695652173913043
page_rank,N/A,rrg,0.2,0.1,0.3,4,0.87,0.8922697,-0.181818181818182,-0.07731395,13.731544330113538,11.241833,88.78787878787878,0.36363636363636365,0.24242424242424243,0.2909090909090909
page_rank,N/A,rrg,0.30000000000000004,0.1,0.3,4,0.8933333333333333,0.9094926,0.03030303030303,0.09491716,11.940646358786458,9.029355,68.39393939393939,0.5151515151515151,0.5151515151515151,0.5151515151515151
page_rank,N/A,rrg,0.4,0.1,0.3,4,0.8833333333333333,0.9249609,-0.060606060606061,0.24960169,9.708512591599096,7.373914,55.06060606060606,0.46153846153846156,0.36363636363636365,0.4067796610169492
page_rank,N/A,rrg,0.5,0.1,0.3,4,0.9233333333333333,0.93329334,0.303030303030303,0.33292684,8.791938191858378,5.95791,44.121212121212125,0.6388888888888888,0.696969696969697,0.6666666666666666
page_rank,N/A,rrg,0.6000000000000001,0.1,0.3,4,0.9333333333333333,0.9560554,0.393939393939394,0.5605497,7.083032874899362,4.5557885,38.0,0.6857142857142857,0.7272727272727273,0.7058823529411764
page_rank,N/A,rrg,0.7000000000000001,0.1,0.3,4,0.9533333333333334,0.94437927,0.575757575757576,0.4437872,4.579558471313913,4.16905,26.242424242424242,0.8064516129032258,0.7575757575757576,0.7812499999999999
page_rank,N/A,rrg,0.8,0.1,0.3,4,0.9733333333333334,0.96303266,0.757575757575758,0.630323,3.859740703099239,3.0849986,21.242424242424242,0.8571428571428571,0.9090909090909091,0.8823529411764706
page_rank,N/A,rrg,0.9,0.1,0.3,4,0.98,0.971668,0.818181818181818,0.71667725,3.1152045691345713,2.7870026,19.303030303030305,0.9090909090909091,0.9090909090909091,0.9090909090909091
page_rank,N/A,rrg,1.0,0.1,0.3,4,1.0,0.9794559,1.0,0.79455686,1.9962298497448157,2.0736382,17.0,1.0,1.0,1.0
page_rank,N/A,rrg,0.0,0.2,0.3,4,0.7933333333333333,0.8000143,0.0,0.0,22.050108284375685,20.291378,154.24193548387098,0.0,0.0,0.0
page_rank,N/A,rrg,0.1,0.2,0.3,4,0.8,0.808089,0.03225806451612924,0.040376395,17.011900494057166,16.353657,122.98387096774194,0.5833333333333334,0.11290322580645161,0.18918918918918917
page_rank,N/A,rrg,0.2,0.2,0.3,4,0.8033333333333333,0.83064914,0.04838709677419359,0.15318507,16.07081132065825,13.699388,103.29032258064517,0.5714285714285714,0.1935483870967742,0.2891566265060241
page_rank,N/A,rrg,0.30000000000000004,0.2,0.3,4,0.8466666666666667,0.84770983,0.2580645161290323,0.23849466,10.95481107353304,11.248682,76.54838709677419,0.7105263157894737,0.43548387096774194,0.54
page_rank,N/A,rrg,0.4,0.2,0.3,4,0.8366666666666667,0.8774872,0.20967741935483872,0.38739207,8.559078432464212,6.843765,63.516129032258064,0.6140350877192983,0.5645161290322581,0.5882352941176471
page_rank,N/A,rrg,0.5,0.2,0.3,4,0.8833333333333333,0.9020936,0.43548387096774177,0.5104329,7.115128355536787,5.688567,53.516129032258064,0.7288135593220338,0.6935483870967742,0.7107438016528926
page_rank,N/A,rrg,0.6000000000000001,0.2,0.3,4,0.8666666666666667,0.9106147,0.3548387096774195,0.55304164,6.207633899371501,5.0221987,50.483870967741936,0.6964285714285714,0.6290322580645161,0.6610169491525423
page_rank,N/A,rrg,0.7000000000000001,0.2,0.3,4,0.91,0.93748146,0.5645161290322582,0.68738496,4.333594374699429,3.608972,41.11290322580645,0.7777777777777778,0.7903225806451613,0.7839999999999999
page_rank,N/A,rrg,0.8,0.2,0.3,4,0.9333333333333333,0.9507707,0.6774193548387097,0.75383574,3.44228059180022,2.7636507,37.41935483870968,0.8088235294117647,0.8870967741935484,0.8461538461538463
page_rank,N/A,rrg,0.9,0.2,0.3,4,0.9566666666666667,0.9669156,0.7903225806451613,0.8345662,2.8365140626337184,2.035125,34.483870967741936,0.8769230769230769,0.9193548387096774,0.8976377952755904
page_rank,N/A,rrg,1.0,0.2,0.3,4,0.99,0.9761148,0.9516129032258064,0.8805655,1.4889543949179391,1.6871,31.596774193548388,0.9538461538461539,1.0,0.9763779527559054
page_rank,N/A,rrg,0.0,0.3,0.3,4,0.7,0.7000529,0.0,0.0,17.3185572641515,20.625792,156.86666666666667,0.0,0.0,0.0
page_rank,N/A,rrg,0.1,0.3,0.3,4,0.74,0.7253894,0.13333333333333344,0.084469914,14.062697675732649,17.065367,123.53333333333333,0.7727272727272727,0.18888888888888888,0.30357142857142855
page_rank,N/A,rrg,0.2,0.3,0.3,4,0.7566666666666667,0.7588075,0.18888888888888916,0.1958831,10.88131949232582,13.535092,106.3,0.6976744186046512,0.3333333333333333,0.45112781954887216
page_rank,N/A,rrg,0.30000000000000004,0.3,0.3,4,0.74,0.78870976,0.13333333333333344,0.29557493,8.422592664700323,10.655496,98.61111111111111,0.625,0.3333333333333333,0.43478260869565216
page_rank,N/A,rrg,0.4,0.3,0.3,4,0.8033333333333333,0.819756,0.34444444444444455,0.39908057,5.942229796651364,8.37027,76.95555555555555,0.746031746031746,0.5222222222222223,0.6143790849673203
page_rank,N/A,rrg,0.5,0.3,0.3,4,0.84,0.85975015,0.4666666666666666,0.532418,6.658024306196809,6.7912292,72.9,0.8,0.6222222222222222,0.7000000000000001
page_rank,N/A,rrg,0.6000000000000001,0.3,0.3,4,0.8633333333333333,0.8858142,0.5444444444444444,0.6193135,4.454831342430295,5.2850432,63.63333333333333,0.8266666666666667,0.6888888888888889,0.7515151515151515
page_rank,N/A,rrg,0.7000000000000001,0.3,0.3,4,0.8733333333333333,0.90959877,0.5777777777777777,0.6986094,3.9002075369753135,4.2727213,53.56666666666667,0.7954545454545454,0.7777777777777778,0.7865168539325843
page_rank,N/A,rrg,0.8,0.3,0.3,4,0.9133333333333333,0.92702067,0.7111111111111111,0.75669265,2.869982515131267,3.2295394,51.611111111111114,0.872093023255814,0.8333333333333334,0.8522727272727274
page_rank,N/A,rrg,0.9,0.3,0.3,4,0.9633333333333334,0.95779806,0.8777777777777779,0.85930204,1.9225127786168021,2.2172298,47.166666666666664,0.9438202247191011,0.9333333333333333,0.9385474860335196
page_rank,N/A,rrg,1.0,0.3,0.3,4,0.9933333333333333,0.9762376,0.9777777777777776,0.92077804,1.3798407392660446,1.5226567,45.78888888888889,0.9782608695652174,1.0,0.989010989010989
page_rank,N/A,rrg,0.0,0.4,0.3,4,0.65,0.6000774,0.0,0.0,11.22825307232981,18.639765,147.86666666666667,0.0,0.0,0.0
page_rank,N/A,rrg,0.1,0.4,0.3,4,0.6733333333333333,0.6447709,0.06666666666666662,0.111755446,9.663154363434355,14.928467,125.20952380952382,0.64,0.1523809523809524,0.2461538461538462
page_rank,N/A,rrg,0.2,0.4,0.3,4,0.6866666666666666,0.6897756,0.10476190476190465,0.22428888,7.494080606503843,12.985665,114.79047619047618,0.6078431372549019,0.29523809523809524,0.39743589743589747
page_rank,N/A,rrg,0.30000000000000004,0.4,0.3,4,0.75,0.73551625,0.28571428571428564,0.33866268,6.368860555836719,10.004803,96.06666666666666,0.7586206896551724,0.41904761904761906,0.5398773006134969
page_rank,N/A,rrg,0.4,0.4,0.3,4,0.7733333333333333,0.7849819,0.3523809523809523,0.46235076,6.113728686612797,7.2078857,87.3047619047619,0.7402597402597403,0.5428571428571428,0.6263736263736264
page_rank,N/A,rrg,0.5,0.4,0.3,4,0.7933333333333333,0.8180624,0.4095238095238095,0.545068,4.174390991660829,6.088454,76.37142857142857,0.7471264367816092,0.6190476190476191,0.6770833333333333
page_rank,N/A,rrg,0.6000000000000001,0.4,0.3,4,0.8433333333333334,0.8537803,0.5523809523809525,0.6343801,4.162601606280982,5.5055494,67.4095238095238,0.8152173913043478,0.7142857142857143,0.7614213197969544
page_rank,N/A,rrg,0.7000000000000001,0.4,0.3,4,0.89,0.891085,0.6857142857142857,0.7276599,3.2293619336905324,3.826044,59.25714285714286,0.8829787234042553,0.7904761904761904,0.8341708542713567
page_rank,N/A,rrg,0.8,0.4,0.3,4,0.9166666666666666,0.9210849,0.7619047619047618,0.802674,2.5151537995847355,2.9972565,58.19047619047619,0.9166666666666666,0.8380952380952381,0.8756218905472636
page_rank,N/A,rrg,0.9,0.4,0.3,4,0.9566666666666667,0.94835734,0.8761904761904762,0.8708684,1.935773210651934,2.215663,54.49523809523809,0.96,0.9142857142857143,0.9365853658536586
page_rank,N/A,rrg,1.0,0.4,0.3,4,0.9933333333333333,0.9822592,0.9809523809523808,0.9556395,1.3282180166819586,1.3366901,53.03809523809524,0.9813084112149533,1.0,0.9905660377358491
page_rank,N/A,rrg,0.0,0.05,0.3,5,0.9466666666666667,0.949999,0.0,0.0,19.41484940716581,10.032407,141.375,0.0,0.0,0.0
page_rank,N/A,rrg,0.1,0.05,0.3,5,0.91,0.9472534,-0.6874999999999991,-0.05491025,18.718893893746213,8.7269125,141.3125,0.07692307692307693,0.0625,0.06896551724137931
page_rank,N/A,rrg,0.2,0.05,0.3,5,0.9166666666666666,0.9473112,-0.5625000000000004,-0.053753942,14.351798278939386,7.487574,90.25,0.2,0.1875,0.19354838709677422
page_rank,N/A,rrg,0.30000000000000004,0.05,0.3,5,0.9266666666666666,0.95746684,-0.3750000000000003,0.14935425,9.264861372060004,5.52709,54.0625,0.36363636363636365,0.5,0.4210526315789474
page_rank,N/A,rrg,0.4,0.05,0.3,5,0.9133333333333333,0.95980793,-0.6249999999999998,0.19617513,12.032623389467027,4.6465054,60.6875,0.25,0.3125,0.2777777777777778
page_rank,N/A,rrg,0.5,0.05,0.3,5,0.9166666666666666,0.96236724,-0.5625000000000004,0.24736017,7.311224449870659,4.153667,46.6875,0.30434782608695654,0.4375,0.358974358974359
page_rank,N/A,rrg,0.6000000000000001,0.05,0.3,5,0.9466666666666667,0.97476876,0.0,0.4953855,5.765770152087743,3.1133885,27.75,0.5,0.6875,0.5789473684210527
page_rank,N/A,rrg,0.7000000000000001,0.05,0.3,5,0.95,0.97440106,0.06249999999999935,0.48803163,5.488786360723442,2.6116326,23.0,0.5263157894736842,0.625,0.5714285714285714
page_rank,N/A,rrg,0.8,0.05,0.3,5,0.96,0.9822801,0.24999999999999947,0.6456088,4.778936393022092,2.1617093,13.125,0.5833333333333334,0.875,0.7000000000000001
page_rank,N/A,rrg,0.9,0.05,0.3,5,0.98,0.9782879,0.6249999999999998,0.5657664,2.69760976143874,1.8607894,8.5,0.7272727272727273,1.0,0.8421052631578948
page_rank,N/A,rrg,1.0,0.05,0.3,5,0.9933333333333333,0.9845774,0.8749999999999992,0.69155467,1.6059076489539579,1.6796564,8.5625,0.8888888888888888,1.0,0.9411764705882353
page_rank,N/A,rrg,0.0,0.1,0.3,5,0.91,0.900001,0.0,0.0,22.275229561812576,15.6806965,154.22222222222223,0.0,0.0,0.0
page_rank,N/A,rrg,0.1,0.1,0.3,5,0.8866666666666667,0.8886903,-0.2592592592592592,-0.11310808,15.503495383946005,13.811367,110.18518518518519,0.26666666666666666,0.14814814814814814,0.19047619047619047
page_rank,N/A,rrg,0.2,0.1,0.3,5,0.8833333333333333,0.90358156,-0.29629629629629706,0.035806056,13.456707825017267,10.537478,84.88888888888889,0.3333333333333333,0.2962962962962963,0.3137254901960785
page_rank,N/A,rrg,0.30000000000000004,0.1,0.3,5,0.8866666666666667,0.9113227,-0.2592592592592592,0.11321835,11.465028001071992,9.349359,61.0,0.3870967741935484,0.4444444444444444,0.41379310344827586
page_rank,N/A,rrg,0.4,0.1,0.3,5,0.8933333333333333,0.9239742,-0.1851851851851858,0.23973463,8.946001819725538,6.797001,61.2962962962963,0.391304347826087,0.3333333333333333,0.36
page_rank,N/A,rrg,0.5,0.1,0.3,5,0.91,0.9374165,0.0,0.37415874,8.016073951479955,5.8592544,47.25925925925926,0.5,0.4444444444444444,0.47058823529411764
page_rank,N/A,rrg,0.6000000000000001,0.1,0.3,5,0.9133333333333333,0.9477954,0.037037037037036674,0.47794876,6.933345913486911,4.4200897,33.03703703703704,0.5151515151515151,0.6296296296296297,0.5666666666666667
page_rank,N/A,rrg,0.7000000000000001,0.1,0.3,5,0.9533333333333334,0.96639985,0.4814814814814817,0.66399515,5.046174006710903,3.2924116,20.296296296296298,0.6857142857142857,0.8888888888888888,0.7741935483870968
page_rank,N/A,rrg,0.8,0.1,0.3,5,0.9533333333333334,0.9702311,0.4814814814814817,0.70230824,4.319566191614854,2.6294758,15.407407407407407,0.6666666666666666,0.9629629629629629,0.7878787878787878
page_rank,N/A,rrg,0.9,0.1,0.3,5,0.9933333333333333,0.97727495,0.9259259259259254,0.7727473,1.7989794695389654,2.1327438,14.074074074074074,0.9310344827586207,1.0,0.9642857142857143
page_rank,N/A,rrg,1.0,0.1,0.3,5,0.9966666666666667,0.98392475,0.9629629629629634,0.83924586,1.6329096533589613,1.7010764,14.037037037037036,0.9642857142857143,1.0,0.9818181818181818
page_rank,N/A,rrg,0.0,0.2,0.3,5,0.78,0.8000143,0.0,0.0,21.811236806595435,20.382868,150.77272727272728,0.0,0.0,0.0
page_rank,N/A,rrg,0.1,0.2,0.3,5,0.7766666666666666,0.8089733,-0.015151515151515504,0.044798184,17.600192489023875,16.485346,130.87878787878788,0.45454545454545453,0.07575757575757576,0.12987012987012989
page_rank,N/A,rrg,0.2,0.2,0.3,5,0.8133333333333334,0.8252926,0.1515151515151515,0.1264004,13.250393813088294,13.476719,102.60606060606061,0.6923076923076923,0.2727272727272727,0.391304347826087
page_rank,N/A,rrg,0.30000000000000004,0.2,0.3,5,0.83,0.85576415,0.227272727272727,0.27876914,10.700906689596291,10.438051,78.13636363636364,0.6829268292682927,0.42424242424242425,0.5233644859813085
page_rank,N/A,rrg,0.4,0.2,0.3,5,0.8433333333333334,0.8636938,0.287878787878788,0.31842008,8.35120378200352,8.911165,60.878787878787875,0.7209302325581395,0.4696969696969697,0.5688073394495413
page_rank,N/A,rrg,0.5,0.2,0.3,5,0.85,0.89943814,0.318181818181818,0.4971547,8.450666842514584,6.881266,58.31818181818182,0.7560975609756098,0.4696969696969697,0.5794392523364487
page_rank,N/A,rrg,0.6000000000000001,0.2,0.3,5,0.8666666666666667,0.91566527,0.393939393939394,0.5782962,6.734253356585282,4.922579,52.515151515151516,0.7166666666666667,0.6515151515151515,0.6825396825396826
page_rank,N/A,rrg,0.7000000000000001,0.2,0.3,5,0.9166666666666666,0.931079,0.621212121212121,0.6553702,5.215586223833004,3.939926,42.78787878787879,0.8153846153846154,0.803030303030303,0.8091603053435115
page_rank,N/A,rrg,0.8,0.2,0.3,5,0.9533333333333334,0.95104474,0.787878787878788,0.75520617,3.4209210262396526,3.3926954,38.378787878787875,0.9193548387096774,0.8636363636363636,0.890625
page_rank,N/A,rrg,0.9,0.2,0.3,5,0.96,0.96447426,0.818181818181818,0.8223586,2.756122236616935,2.1515603,35.06060606060606,0.921875,0.8939393939393939,0.9076923076923077
page_rank,N/A,rrg,1.0,0.2,0.3,5,0.9933333333333333,0.97957915,0.9696969696969695,0.8978884,1.7569657740933804,1.7864763,33.53030303030303,0.9705882352941176,1.0,0.9850746268656716
page_rank,N/A,rrg,0.0,0.3,0.3,5,0.75,0.7000266,0.0,0.0,15.196306592123431,20.382118,147.76,0.0,0.0,0.0
page_rank,N/A,rrg,0.1,0.3,0.3,5,0.7433333333333333,0.73192984,-0.02666666666666684,0.10635364,12.123516651914992,16.008297,118.89333333333333,0.4444444444444444,0.10666666666666667,0.17204301075268816
page_rank,N/A,rrg,0.2,0.3,0.3,5,0.8066666666666666,0.76262236,0.22666666666666657,0.2086711,9.9304459401648,12.723063,99.90666666666667,0.7575757575757576,0.3333333333333333,0.4629629629629629
page_rank,N/A,rrg,0.30000000000000004,0.3,0.3,5,0.8066666666666666,0.8008155,0.22666666666666657,0.33599293,8.474384774936958,10.139941,86.81333333333333,0.6888888888888889,0.41333333333333333,0.5166666666666667
page_rank,N/A,rrg,0.4,0.3,0.3,5,0.8233333333333334,0.8273512,0.29333333333333345,0.42445305,7.350909380078644,8.545152,69.4,0.6896551724137931,0.5333333333333333,0.6015037593984963
page_rank,N/A,rrg,0.5,0.3,0.3,5,0.8533333333333334,0.85418415,0.41333333333333355,0.5139041,5.957800651414317,6.0425334,62.026666666666664,0.7627118644067796,0.6,0.6716417910447762
page_rank,N/A,rrg,0.6000000000000001,0.3,0.3,5,0.89,0.88811177,0.56,0.6270062,4.303393521678975,4.9695783,49.586666666666666,0.7763157894736842,0.7866666666666666,0.7814569536423841
page_rank,N/A,rrg,0.7000000000000001,0.3,0.3,5,0.89,0.91555065,0.56,0.71847725,3.18014481204455,3.1228533,48.42666666666667,0.7763157894736842,0.7866666666666666,0.7814569536423841
page_rank,N/A,rrg,0.8,0.3,0.3,5,0.9366666666666666,0.9312482,0.7466666666666666,0.77080697,2.8543002128732193,3.3436935,42.88,0.868421052631579,0.88,0.8741721854304636
page_rank,N/A,rrg,0.9,0.3,0.3,5,0.9566666666666667,0.9653132,0.8266666666666667,0.8843671,1.6903014141594705,1.604367,40.84,0.8690476190476191,0.9733333333333334,0.9182389937106918
page_rank,N/A,rrg,1.0,0.3,0.3,5,0.9733333333333334,0.9840943,0.8933333333333335,0.94697636,1.3460289826160277,1.0761894,39.18666666666667,0.9036144578313253,1.0,0.9493670886075949
page_rank,N/A,rrg,0.0,0.4,0.3,5,0.6266666666666667,0.6000774,0.0,0.0,11.923683414545165,18.824947,161.83035714285714,0.0,0.0,0.0
page_rank,N/A,rrg,0.1,0.4,0.3,5,0.65,0.64821976,0.062499999999999965,0.120379224,10.419441025744307,15.209348,139.00892857142858,0.6521739130434783,0.13392857142857142,0.22222222222222224
page_rank,N/A,rrg,0.2,0.4,0.3,5,0.6733333333333333,0.69071484,0.12499999999999993,0.22663747,8.756757286069856,12.910166,116.6875,0.6842105263157895,0.23214285714285715,0.3466666666666667
page_rank,N/A,rrg,0.30000000000000004,0.4,0.3,5,0.7266666666666667,0.7346525,0.26785714285714285,0.33650294,7.294865170537555,10.0003805,95.42857142857143,0.7205882352941176,0.4375,0.5444444444444444
page_rank,N/A,rrg,0.4,0.4,0.3,5,0.7566666666666667,0.7772381,0.34821428571428575,0.4429874,6.073925311012152,8.0449,88.97321428571429,0.7910447761194029,0.4732142857142857,0.5921787709497206
page_rank,N/A,rrg,0.5,0.4,0.3,5,0.8133333333333334,0.8071525,0.5,0.517788,5.174528660995946,7.454437,78.40178571428571,0.8589743589743589,0.5982142857142857,0.7052631578947368
page_rank,N/A,rrg,0.6000000000000001,0.4,0.3,5,0.82,0.8423535,0.5178571428571427,0.60580754,4.256575597513643,5.461033,72.98214285714286,0.8295454545454546,0.6517857142857143,0.73
page_rank,N/A,rrg,0.7000000000000001,0.4,0.3,5,0.8833333333333333,0.89243764,0.6874999999999999,0.731042,3.7813317509691116,3.964375,67.78571428571429,0.8888888888888888,0.7857142857142857,0.8341232227488152
page_rank,N/A,rrg,0.8,0.4,0.3,5,0.9366666666666666,0.91193116,0.8303571428571428,0.7797853,2.869465286399286,3.3038933,61.1875,0.9428571428571428,0.8839285714285714,0.9124423963133641
page_rank,N/A,rrg,0.9,0.4,0.3,5,0.9533333333333334,0.9420107,0.8750000000000001,0.8549987,2.2100634282478584,2.2898247,58.80357142857143,0.9454545454545454,0.9285714285714286,0.9369369369369368
page_rank,N/A,rrg,1.0,0.4,0.3,5,0.9866666666666667,0.9771399,0.9642857142857143,0.94283867,1.6443817525023836,1.5671148,56.526785714285715,0.9655172413793104,1.0,0.9824561403508771
page_rank,N/A,rrg,0.0,0.05,0.3,6,0.9566666666666667,0.949999,0.0,0.0,19.323544812411825,10.007313,160.07692307692307,0.0,0.0,0.0
page_rank,N/A,rrg,0.1,0.05,0.3,6,0.93,0.93632346,-0.6153846153846142,-0.2735046,14.101610428327913,9.880917,104.46153846153847,0.16666666666666666,0.15384615384615385,0.16
page_rank,N/A,rrg,0.2,0.05,0.3,6,0.9366666666666666,0.93225056,-0.46153846153846195,-0.35496104,10.60261513977626,9.960572,66.15384615384616,0.2857142857142857,0.3076923076923077,0.29629629629629634
page_rank,N/A,rrg,0.30000000000000004,0.05,0.3,6,0.9266666666666666,0.9515986,-0.6923076923076928,0.03199154,9.592819725482338,6.245716,60.76923076923077,0.23529411764705882,0.3076923076923077,0.26666666666666666
page_rank,N/A,rrg,0.4,0.05,0.3,6,0.92,0.9639799,-0.8461538461538451,0.27961278,10.188687912155524,4.9002614,47.23076923076923,0.2608695652173913,0.46153846153846156,0.33333333333333337
page_rank,N/A,rrg,0.5,0.05,0.3,6,0.94,0.97129965,-0.3846153846153858,0.42600474,7.22624043649725,3.8776815,47.69230769230769,0.3684210526315789,0.5384615384615384,0.4375
page_rank,N/A,rrg,0.6000000000000001,0.05,0.3,6,0.9533333333333334,0.9680767,-0.07692307692307614,0.3615472,5.757890764200922,3.645965,22.0,0.47368421052631576,0.6923076923076923,0.5625
page_rank,N/A,rrg,0.7000000000000001,0.05,0.3,6,0.95,0.9778284,-0.15384615384615483,0.5565768,5.467122266315834,2.8927808,18.076923076923077,0.4583333333333333,0.8461538461538461,0.5945945945945945
page_rank,N/A,rrg,0.8,0.05,0.3,6,0.96,0.97972757,0.07692307692307614,0.5945596,4.022690550289039,2.4554276,13.153846153846153,0.5238095238095238,0.8461538461538461,0.6470588235294118
page_rank,N/A,rrg,0.9,0.05,0.3,6,0.9766666666666667,0.9835722,0.46153846153846195,0.67145044,2.1977451274879902,1.7673204,9.461538461538462,0.6666666666666666,0.9230769230769231,0.7741935483870968
page_rank,N/A,rrg,1.0,0.05,0.3,6,0.9866666666666667,0.9861217,0.6923076923076928,0.72243994,1.4381183071139678,1.4180496,7.0,0.7647058823529411,1.0,0.8666666666666666
page_rank,N/A,rrg,0.0,0.1,0.3,6,0.9133333333333333,0.900001,0.0,0.0,23.717867540475655,15.701951,156.07692307692307,0.0,0.0,0.0
page_rank,N/A,rrg,0.1,0.1,0.3,6,0.8933333333333333,0.8988073,-0.23076923076923098,-0.0119371405,16.57156020301233,12.45832,112.57692307692308,0.2857142857142857,0.15384615384615385,0.2
page_rank,N/A,rrg,0.2,0.1,0.3,6,0.8833333333333333,0.89917797,-0.3461538461538464,-0.00823029,14.457607545078139,10.376681,89.92307692307692,0.30434782608695654,0.2692307692307692,0.28571428571428575
page_rank,N/A,rrg,0.30000000000000004,0.1,0.3,6,0.9033333333333333,0.9161452,-0.11538461538461549,0.16144376,11.96272965179405,8.95086,59.96153846153846,0.42105263157894735,0.3076923076923077,0.35555555555555557
page_rank,N/A,rrg,0.4,0.1,0.3,6,0.8933333333333333,0.9232435,-0.23076923076923098,0.23242763,9.000383246175618,7.1026416,50.46153846153846,0.4,0.46153846153846156,0.42857142857142855
page_rank,N/A,rrg,0.5,0.1,0.3,6,0.93,0.93136823,0.1923076923076929,0.31367552,8.33797349704474,6.277815,40.23076923076923,0.5925925925925926,0.6153846153846154,0.6037735849056604
page_rank,N/A,rrg,0.6000000000000001,0.1,0.3,6,0.9033333333333333,0.95352346,-0.11538461538461549,0.53523,8.314571319808914,4.1346045,43.26923076923077,0.45454545454545453,0.5769230769230769,0.5084745762711863
page_rank,N/A,rrg,0.7000000000000001,0.1,0.3,6,0.9366666666666666,0.9583121,0.26923076923076905,0.5831168,6.094677822368871,3.2974825,31.192307692307693,0.6296296296296297,0.6538461538461539,0.6415094339622641
page_rank,N/A,rrg,0.8,0.1,0.3,6,0.96,0.96349305,0.5384615384615381,0.63492686,4.1854425588834,3.0188673,20.423076923076923,0.71875,0.8846153846153846,0.7931034482758621
page_rank,N/A,rrg,0.9,0.1,0.3,6,0.9733333333333334,0.9659437,0.6923076923076928,0.65943354,3.2235855784407526,2.296081,18.0,0.8,0.9230769230769231,0.8571428571428571
page_rank,N/A,rrg,1.0,0.1,0.3,6,0.9933333333333333,0.9740559,0.9230769230769226,0.7405563,2.0793902298999565,1.8538871,13.5,0.9285714285714286,1.0,0.962962962962963
page_rank,N/A,rrg,0.0,0.2,0.3,6,0.7566666666666667,0.8000143,0.0,0.0,23.603910339749287,20.25173,150.6986301369863,0.0,0.0,0.0
page_rank,N/A,rrg,0.1,0.2,0.3,6,0.77,0.80516505,0.05479452054794511,0.02575552,16.994365311167787,16.267656,122.6986301369863,0.6428571428571429,0.1232876712328767,0.20689655172413793
page_rank,N/A,rrg,0.2,0.2,0.3,6,0.81,0.83115304,0.2191780821917809,0.15570474,12.92283854854758,12.077628,96.73972602739725,0.7352941176470589,0.3424657534246575,0.4672897196261682
page_rank,N/A,rrg,0.30000000000000004,0.2,0.3,6,0.8033333333333333,0.8516261,0.19178082191780813,0.25807738,11.785557209259775,10.056787,100.21917808219177,0.7058823529411765,0.3287671232876712,0.44859813084112143
page_rank,N/A,rrg,0.4,0.2,0.3,6,0.8266666666666667,0.86431265,0.2876712328767122,0.32151467,8.144051014073131,8.502761,80.87671232876713,0.7333333333333333,0.4520547945205479,0.5593220338983051
page_rank,N/A,rrg,0.5,0.2,0.3,6,0.83,0.8915106,0.30136986301369834,0.4575142,6.873087089012048,6.332296,65.46575342465754,0.6833333333333333,0.5616438356164384,0.6165413533834587
page_rank,N/A,rrg,0.6000000000000001,0.2,0.3,6,0.8866666666666667,0.9169106,0.5342465753424659,0.5845232,5.889704558106171,5.151907,52.986301369863014,0.782608695652174,0.7397260273972602,0.7605633802816901
page_rank,N/A,rrg,0.7000000000000001,0.2,0.3,6,0.9133333333333333,0.93880373,0.6438356164383561,0.6939967,5.402402248731078,3.6426065,44.15068493150685,0.8133333333333334,0.8356164383561644,0.8243243243243243
page_rank,N/A,rrg,0.8,0.2,0.3,6,0.9066666666666666,0.95329416,0.6164383561643834,0.7664541,3.518394838594251,2.9418278,44.054794520547944,0.8,0.821917808219178,0.8108108108108107
page_rank,N/A,rrg,0.9,0.2,0.3,6,0.9533333333333334,0.9597811,0.8082191780821919,0.7988911,2.6665998195156377,2.8559425,40.054794520547944,0.9041095890410958,0.9041095890410958,0.9041095890410958
page_rank,N/A,rrg,1.0,0.2,0.3,6,0.9833333333333333,0.9784477,0.9315068493150682,0.8922307,1.8684665051780527,1.8549815,37.32876712328767,0.9358974358974359,1.0,0.9668874172185431
page_rank,N/A,rrg,0.0,0.3,0.3,6,0.69,0.7000529,0.0,0.0,17.474621903911014,20.65577,174.3548387096774,0.0,0.0,0.0
page_rank,N/A,rrg,0.1,0.3,0.3,6,0.72,0.724931,0.09677419354838716,0.08294158,13.671374800302614,16.868212,133.72043010752688,0.7368421052631579,0.15053763440860216,0.25
page_rank,N/A,rrg,0.2,0.3,0.3,6,0.77,0.7538376,0.2580645161290324,0.17931385,11.556829255717366,13.883814,102.10752688172043,0.8333333333333334,0.3225806451612903,0.4651162790697674
page_rank,N/A,rrg,0.30000000000000004,0.3,0.3,6,0.7833333333333333,0.8021062,0.3010752688172044,0.34023762,9.638040088251964,10.180028,93.63440860215054,0.8043478260869565,0.3978494623655914,0.5323741007194244
page_rank,N/A,rrg,0.4,0.3,0.3,6,0.8166666666666667,0.81931037,0.4086021505376345,0.39759496,7.441572932550704,8.539658,74.7741935483871,0.8275862068965517,0.5161290322580645,0.6357615894039735
page_rank,N/A,rrg,0.5,0.3,0.3,6,0.8266666666666667,0.84918505,0.4408602150537635,0.4971948,5.691726498302842,6.970247,68.46236559139786,0.8153846153846154,0.5698924731182796,0.670886075949367
page_rank,N/A,rrg,0.6000000000000001,0.3,0.3,6,0.8766666666666667,0.8809017,0.6021505376344088,0.6029356,5.374066623296349,5.3260794,62.54838709677419,0.8589743589743589,0.7204301075268817,0.7836257309941521
page_rank,N/A,rrg,0.7000000000000001,0.3,0.3,6,0.8966666666666666,0.9005507,0.6666666666666665,0.6684439,4.371989896104363,4.263322,56.526881720430104,0.9078947368421053,0.7419354838709677,0.8165680473372782
page_rank,N/A,rrg,0.8,0.3,0.3,6,0.9333333333333333,0.9352525,0.7849462365591399,0.7841369,3.2522119975769312,3.1410725,51.204301075268816,0.9294117647058824,0.8494623655913979,0.8876404494382023
page_rank,N/A,rrg,0.9,0.3,0.3,6,0.9466666666666667,0.96149904,0.8279569892473119,0.8716408,2.249895319480081,2.2807891,49.505376344086024,0.9139784946236559,0.9139784946236559,0.9139784946236559
page_rank,N/A,rrg,1.0,0.3,0.3,6,0.99,0.97935456,0.967741935483871,0.93116975,1.6132935640210666,1.6468611,47.064516129032256,0.96875,1.0,0.9841269841269841
page_rank,N/A,rrg,0.0,0.4,0.3,6,0.6466666666666666,0.6000774,0.0,0.0,11.312380747664143,18.487562,146.89622641509433,0.0,0.0,0.0
page_rank,N/A,rrg,0.1,0.4,0.3,6,0.6866666666666666,0.6440657,0.1132075471698114,0.109992,9.593602578782193,15.349609,126.11320754716981,0.7727272727272727,0.16037735849056603,0.265625
page_rank,N/A,rrg,0.2,0.4,0.3,6,0.7,0.6908644,0.1509433962264151,0.22701141,8.16350878146073,12.696489,111.66037735849056,0.6904761904761905,0.27358490566037735,0.39189189189189183
page_rank,N/A,rrg,0.30000000000000004,0.4,0.3,6,0.73,0.7412484,0.23584905660377364,0.3529959,6.350072901207472,9.139055,94.54716981132076,0.7192982456140351,0.3867924528301887,0.5030674846625767
page_rank,N/A,rrg,0.4,0.4,0.3,6,0.77,0.76857466,0.34905660377358505,0.42132467,5.4452442082358345,7.945483,82.67924528301887,0.7466666666666667,0.5283018867924528,0.6187845303867403
page_rank,N/A,rrg,0.5,0.4,0.3,6,0.8033333333333333,0.8142652,0.44339622641509446,0.5355731,4.432806719510894,6.37926,74.98113207547169,0.7640449438202247,0.6415094339622641,0.6974358974358974
page_rank,N/A,rrg,0.6000000000000001,0.4,0.3,6,0.8433333333333334,0.8568432,0.5566037735849059,0.6420387,4.597581102827386,5.2437663,70.4622641509434,0.8314606741573034,0.6981132075471698,0.758974358974359
page_rank,N/A,rrg,0.7000000000000001,0.4,0.3,6,0.8633333333333333,0.8871572,0.6132075471698113,0.7178384,3.182873026434435,3.7655518,64.20754716981132,0.8155339805825242,0.7924528301886793,0.8038277511961723
page_rank,N/A,rrg,0.8,0.4,0.3,6,0.8733333333333333,0.9245406,0.6415094339622641,0.81131494,2.385091800041936,2.4461334,60.37735849056604,0.8148148148148148,0.8301886792452831,0.8224299065420562
page_rank,N/A,rrg,0.9,0.4,0.3,6,0.9533333333333334,0.9542235,0.8679245283018869,0.8855366,1.8503335622166157,1.8481382,57.235849056603776,0.9259259259259259,0.9433962264150944,0.9345794392523364
page_rank,N/A,rrg,1.0,0.4,0.3,6,0.9833333333333333,0.9792207,0.9528301886792452,0.9480417,1.2147786194917065,1.3630468,53.60377358490566,0.954954954954955,1.0,0.9769585253456221
page_rank,N/A,rrg,0.0,0.05,0.3,7,0.9533333333333334,0.949999,0.0,0.0,20.25438506999064,10.02748,174.0,0.0,0.0,0.0
page_rank,N/A,rrg,0.1,0.05,0.3,7,0.9433333333333334,0.9403649,-0.21428571428571463,-0.1926776,15.876511904958456,10.199871,131.07142857142858,0.2,0.07142857142857142,0.10526315789473682
page_rank,N/A,rrg,0.2,0.05,0.3,7,0.9066666666666666,0.94119453,-1.0000000000000024,-0.1760852,14.63094953069618,7.739721,77.78571428571429,0.20833333333333334,0.35714285714285715,0.2631578947368421
page_rank,N/A,rrg,0.30000000000000004,0.05,0.3,7,0.92,0.95684487,-0.7142857142857146,0.13691503,11.060251623670865,6.229686,78.35714285714286,0.25,0.35714285714285715,0.2941176470588235
page_rank,N/A,rrg,0.4,0.05,0.3,7,0.91,0.9509715,-0.9285714285714293,0.01944979,9.809227343382172,5.2012715,48.857142857142854,0.24,0.42857142857142855,0.30769230769230765
page_rank,N/A,rrg,0.5,0.05,0.3,7,0.9266666666666666,0.9702494,-0.5714285714285732,0.40500048,7.545289768732206,3.944738,28.642857142857142,0.35714285714285715,0.7142857142857143,0.4761904761904762
page_rank,N/A,rrg,0.6000000000000001,0.05,0.3,7,0.9433333333333334,0.9673901,-0.21428571428571463,0.34781578,6.2349345054932,3.4070024,21.5,0.44,0.7857142857142857,0.5641025641025641
page_rank,N/A,rrg,0.7000000000000001,0.05,0.3,7,0.95,0.9748588,-0.07142857142857313,0.49718672,5.701536242429773,2.8069394,17.428571428571427,0.48,0.8571428571428571,0.6153846153846153
page_rank,N/A,rrg,0.8,0.05,0.3,7,0.9466666666666667,0.98010164,-0.14285714285714388,0.60204107,3.3166013590882617,2.2034435,20.428571428571427,0.4583333333333333,0.7857142857142857,0.5789473684210527
page_rank,N/A,rrg,0.9,0.05,0.3,7,0.98,0.98062605,0.5714285714285707,0.61252886,1.9928154040472987,1.8931283,10.0,0.7222222222222222,0.9285714285714286,0.8125000000000001
page_rank,N/A,rrg,1.0,0.05,0.3,7,0.9966666666666667,0.9854152,0.9285714285714293,0.70831037,1.4662082109881134,1.5687459,7.5,0.9333333333333333,1.0,0.9655172413793104
page_rank,N/A,rrg,0.0,0.1,0.3,7,0.89,0.900001,0.0,0.0,26.458976065008496,15.704238,162.78787878787878,0.0,0.0,0.0
page_rank,N/A,rrg,0.1,0.1,0.3,7,0.9066666666666666,0.884647,0.151515151515151,-0.1535413,18.562961135787276,13.969603,95.54545454545455,0.7272727272727273,0.24242424242424243,0.36363636363636365
page_rank,N/A,rrg,0.2,0.1,0.3,7,0.8566666666666667,0.8977185,-0.303030303030303,-0.022825228,14.819843933457244,10.072498,88.36363636363636,0.2916666666666667,0.21212121212121213,0.2456140350877193
page_rank,N/A,rrg,0.30000000000000004,0.1,0.3,7,0.8666666666666667,0.9104236,-0.212121212121212,0.1042269,9.755353431441533,7.616501,59.36363636363637,0.4,0.42424242424242425,0.411764705882353
page_rank,N/A,rrg,0.4,0.1,0.3,7,0.88,0.93480694,-0.090909090909091,0.348063,9.302428673079223,5.5982585,49.57575757575758,0.46511627906976744,0.6060606060606061,0.5263157894736842
page_rank,N/A,rrg,0.5,0.1,0.3,7,0.9133333333333333,0.93685406,0.212121212121212,0.3685344,8.591855342294252,5.218829,35.21212121212121,0.5853658536585366,0.7272727272727273,0.6486486486486487
page_rank,N/A,rrg,0.6000000000000001,0.1,0.3,7,0.9233333333333333,0.94986105,0.303030303030303,0.49860555,6.336034913799257,3.9518352,34.121212121212125,0.6190476190476191,0.7878787878787878,0.6933333333333334
page_rank,N/A,rrg,0.7000000000000001,0.1,0.3,7,0.94,0.9477513,0.454545454545454,0.47750768,4.879355999716322,3.5409245,30.09090909090909,0.7586206896551724,0.6666666666666666,0.7096774193548386
page_rank,N/A,rrg,0.8,0.1,0.3,7,0.9666666666666667,0.9655323,0.696969696969697,0.65531963,3.7099090547814146,2.4955847,18.606060606060606,0.7804878048780488,0.9696969696969697,0.8648648648648648
page_rank,N/A,rrg,0.9,0.1,0.3,7,0.9766666666666667,0.9708469,0.787878787878788,0.70846605,2.6869638972618053,2.001555,17.393939393939394,0.8421052631578947,0.9696969696969697,0.9014084507042254
page_rank,N/A,rrg,1.0,0.1,0.3,7,0.9933333333333333,0.9804718,0.939393939393939,0.804716,1.6285600994374212,1.6329627,17.09090909090909,0.9428571428571428,1.0,0.9705882352941176
page_rank,N/A,rrg,0.0,0.2,0.3,7,0.8,0.8000143,0.0,0.0,22.701068112299218,20.481766,154.38333333333333,0.0,0.0,0.0
page_rank,N/A,rrg,0.1,0.2,0.3,7,0.8,0.81383413,0.0,0.069104016,16.341373340732062,15.697962,135.61666666666667,0.5,0.15,0.23076923076923075
page_rank,N/A,rrg,0.2,0.2,0.3,7,0.81,0.81750613,0.05000000000000006,0.087465346,13.299697072750586,13.6730175,98.63333333333334,0.5483870967741935,0.2833333333333333,0.37362637362637363
page_rank,N/A,rrg,0.30000000000000004,0.2,0.3,7,0.84,0.843882,0.19999999999999968,0.21935424,11.16406851227262,10.748352,79.75,0.6764705882352942,0.38333333333333336,0.4893617021276596
page_rank,N/A,rrg,0.4,0.2,0.3,7,0.8566666666666667,0.8613314,0.28333333333333327,0.30660737,9.314935348009367,8.850916,67.78333333333333,0.717948717948718,0.4666666666666667,0.5656565656565657
page_rank,N/A,rrg,0.5,0.2,0.3,7,0.87,0.8935974,0.3499999999999998,0.46794903,7.684270321464883,7.0075836,54.666666666666664,0.7333333333333333,0.55,0.6285714285714286
page_rank,N/A,rrg,0.6000000000000001,0.2,0.3,7,0.8966666666666666,0.9077736,0.48333333333333295,0.53883505,6.451224597062481,5.6894794,46.583333333333336,0.8085106382978723,0.6333333333333333,0.7102803738317757
page_rank,N/A,rrg,0.7000000000000001,0.2,0.3,7,0.93,0.9384324,0.6500000000000001,0.6921399,4.772224850714583,4.204934,38.11666666666667,0.8095238095238095,0.85,0.8292682926829269
page_rank,N/A,rrg,0.8,0.2,0.3,7,0.9433333333333334,0.94929516,0.7166666666666667,0.74645764,3.4142326382835804,3.1285474,35.71666666666667,0.864406779661017,0.85,0.8571428571428572
page_rank,N/A,rrg,0.9,0.2,0.3,7,0.9866666666666667,0.9690398,0.9333333333333335,0.8451879,2.2240749106807787,2.2840145,31.55,0.9516129032258065,0.9833333333333333,0.9672131147540983
page_rank,N/A,rrg,1.0,0.2,0.3,7,1.0,0.98068035,1.0,0.9033948,1.3463046647079473,1.832039,30.5,1.0,1.0,1.0
page_rank,N/A,rrg,0.0,0.3,0.3,7,0.72,0.7000529,0.0,0.0,16.512425962040016,20.434673,135.13095238095238,0.0,0.0,0.0
page_rank,N/A,rrg,0.1,0.3,0.3,7,0.7466666666666667,0.73285025,0.09523809523809544,0.109343745,12.753198747344927,15.668538,122.10714285714286,0.6818181818181818,0.17857142857142858,0.2830188679245283
page_rank,N/A,rrg,0.2,0.3,0.3,7,0.7766666666666666,0.7604654,0.20238095238095227,0.20141041,10.310432794547001,13.094675,102.75,0.7428571428571429,0.30952380952380953,0.43697478991596644
page_rank,N/A,rrg,0.30000000000000004,0.3,0.3,7,0.7833333333333333,0.795672,0.22619047619047625,0.3187865,8.630663068937894,10.145013,87.01190476190476,0.7021276595744681,0.39285714285714285,0.5038167938931297
page_rank,N/A,rrg,0.4,0.3,0.3,7,0.8133333333333334,0.82470953,0.3333333333333335,0.41559535,7.523475109975414,8.787271,80.08333333333333,0.7592592592592593,0.4880952380952381,0.5942028985507246
page_rank,N/A,rrg,0.5,0.3,0.3,7,0.8433333333333334,0.84862834,0.4404761904761907,0.4953388,5.566325702829783,6.8011713,63.476190476190474,0.7681159420289855,0.6309523809523809,0.6928104575163399
page_rank,N/A,rrg,0.6000000000000001,0.3,0.3,7,0.86,0.88238984,0.5,0.607897,4.891797018880485,4.702043,59.67857142857143,0.828125,0.6309523809523809,0.7162162162162162
page_rank,N/A,rrg,0.7000000000000001,0.3,0.3,7,0.91,0.91308606,0.6785714285714287,0.7102357,4.094342511678485,3.6735551,51.904761904761905,0.88,0.7857142857142857,0.830188679245283
page_rank,N/A,rrg,0.8,0.3,0.3,7,0.9566666666666667,0.9352771,0.8452380952380952,0.78421897,2.3230324657699053,2.9941535,45.13095238095238,0.9080459770114943,0.9404761904761905,0.9239766081871346
page_rank,N/A,rrg,0.9,0.3,0.3,7,0.9633333333333334,0.958291,0.8690476190476192,0.86094546,2.123202928008191,2.2915738,43.416666666666664,0.9506172839506173,0.9166666666666666,0.9333333333333332
page_rank,N/A,rrg,1.0,0.3,0.3,7,0.9933333333333333,0.97562754,0.976190476190476,0.91874415,1.1930998253463558,1.512406,42.5,0.9767441860465116,1.0,0.988235294117647
page_rank,N/A,rrg,0.0,0.4,0.3,7,0.63,0.6000774,0.0,0.0,12.095583650180846,18.801674,140.0900900900901,0.0,0.0,0.0
page_rank,N/A,rrg,0.1,0.4,0.3,7,0.66,0.6416161,0.08108108108108115,0.10386688,9.96351210125786,15.320508,127.14414414414415,0.6451612903225806,0.18018018018018017,0.2816901408450704
page_rank,N/A,rrg,0.2,0.4,0.3,7,0.6733333333333333,0.69364285,0.11711711711711713,0.23395893,9.05559276524981,12.465528,110.54954954954955,0.6511627906976745,0.25225225225225223,0.36363636363636365
page_rank,N/A,rrg,0.30000000000000004,0.4,0.3,7,0.72,0.7388077,0.24324324324324317,0.34689283,8.434459821420145,10.3878145,102.17117117117117,0.7076923076923077,0.4144144144144144,0.5227272727272728
page_rank,N/A,rrg,0.4,0.4,0.3,7,0.7866666666666666,0.77509016,0.4234234234234233,0.4376166,6.6479985350597826,8.786403,88.51351351351352,0.7831325301204819,0.5855855855855856,0.6701030927835051
page_rank,N/A,rrg,0.5,0.4,0.3,7,0.8066666666666666,0.81002754,0.47747747747747743,0.52497697,5.080480270195921,5.9721937,74.28828828828829,0.7731958762886598,0.6756756756756757,0.721153846153846
page_rank,N/A,rrg,0.6000000000000001,0.4,0.3,7,0.8566666666666667,0.863196,0.6126126126126127,0.6579239,5.5493812550435,4.8658905,68.04504504504504,0.8617021276595744,0.7297297297297297,0.7902439024390245
page_rank,N/A,rrg,0.7000000000000001,0.4,0.3,7,0.86,0.8861965,0.6216216216216216,0.71543616,3.778341801683702,4.288252,63.32432432432432,0.8415841584158416,0.7657657657657657,0.80188679245283
page_rank,N/A,rrg,0.8,0.4,0.3,7,0.92,0.92279214,0.7837837837837839,0.806943,2.6482997556710597,2.954842,60.171171171171174,0.8717948717948718,0.918918918918919,0.8947368421052632
page_rank,N/A,rrg,0.9,0.4,0.3,7,0.93,0.9491846,0.810810810810811,0.8729369,2.2656277118914048,2.3707054,59.585585585585584,0.9090909090909091,0.9009009009009009,0.9049773755656109
page_rank,N/A,rrg,1.0,0.4,0.3,7,0.9766666666666667,0.9799592,0.936936936936937,0.9498883,1.6122916781762853,1.5609233,56.03603603603604,0.940677966101695,1.0,0.9694323144104803
page_rank,N/A,rrg,0.0,0.05,0.3,8,0.9366666666666666,0.949999,0.0,0.0,28.33034578624866,10.036989,144.94736842105263,0.0,0.0,0.0
page_rank,N/A,rrg,0.1,0.05,0.3,8,0.9233333333333333,0.9257762,-0.21052631578947323,-0.4844459,17.802524173745407,11.116598,116.63157894736842,0.3,0.15789473684210525,0.20689655172413793
page_rank,N/A,rrg,0.2,0.05,0.3,8,0.8866666666666667,0.94352764,-0.789473684210525,-0.12942407,16.52828710927862,7.5325146,97.42105263157895,0.2222222222222222,0.3157894736842105,0.2608695652173913
page_rank,N/A,rrg,0.30000000000000004,0.05,0.3,8,0.9066666666666666,0.9513324,-0.47368421052631604,0.026667763,12.272052060052244,6.739537,58.68421052631579,0.3448275862068966,0.5263157894736842,0.4166666666666667
page_rank,N/A,rrg,0.4,0.05,0.3,8,0.9266666666666666,0.95046246,-0.15789473684210537,0.009269524,8.037942652637161,5.6823583,39.73684210526316,0.43478260869565216,0.5263157894736842,0.47619047619047616
page_rank,N/A,rrg,0.5,0.05,0.3,8,0.9266666666666666,0.96808094,-0.15789473684210537,0.36163184,7.0472432261207905,3.5590284,24.894736842105264,0.45454545454545453,0.7894736842105263,0.5769230769230769
page_rank,N/A,rrg,0.6000000000000001,0.05,0.3,8,0.9466666666666667,0.975831,0.15789473684210537,0.51662934,6.065804990286446,2.862652,21.736842105263158,0.5517241379310345,0.8421052631578947,0.6666666666666666
page_rank,N/A,rrg,0.7000000000000001,0.05,0.3,8,0.9333333333333333,0.9670235,-0.05263157894736787,0.34048337,4.9090340788360045,3.017033,27.263157894736842,0.48148148148148145,0.6842105263157895,0.5652173913043478
page_rank,N/A,rrg,0.8,0.05,0.3,8,0.95,0.9747642,0.21052631578947323,0.4952949,4.148157212992272,2.653709,17.789473684210527,0.5714285714285714,0.8421052631578947,0.6808510638297872
page_rank,N/A,rrg,0.9,0.05,0.3,8,0.97,0.9793858,0.526315789473684,0.5877243,1.9457898908862041,1.9584023,15.473684210526315,0.7083333333333334,0.8947368421052632,0.7906976744186046
page_rank,N/A,rrg,1.0,0.05,0.3,8,0.9933333333333333,0.9821165,0.8947368421052625,0.64233774,1.2391040073108346,1.6817023,10.0,0.9047619047619048,1.0,0.9500000000000001
page_rank,N/A,rrg,0.0,0.1,0.3,8,0.9066666666666666,0.900001,0.0,0.0,21.970317890995467,15.687129,133.5,0.0,0.0,0.0
page_rank,N/A,rrg,0.1,0.1,0.3,8,0.9066666666666666,0.9058898,0.0,0.058888778,16.43377389644977,12.7134075,111.75,0.5,0.17857142857142858,0.2631578947368421
page_rank,N/A,rrg,0.2,0.1,0.3,8,0.8733333333333333,0.9122346,-0.3571428571428569,0.122337356,15.20840597845249,9.83697,88.89285714285714,0.2222222222222222,0.14285714285714285,0.17391304347826086
page_rank,N/A,rrg,0.30000000000000004,0.1,0.3,8,0.8766666666666667,0.9181134,-0.32142857142857034,0.181126,13.678944458164372,7.8980093,69.10714285714286,0.36363636363636365,0.42857142857142855,0.3934426229508197
page_rank,N/A,rrg,0.4,0.1,0.3,8,0.9033333333333333,0.9205367,-0.03571428571428533,0.2053591,9.701943692925497,7.200402,51.92857142857143,0.48148148148148145,0.4642857142857143,0.4727272727272727
page_rank,N/A,rrg,0.5,0.1,0.3,8,0.9466666666666667,0.95189065,0.4285714285714287,0.5189017,6.509149066860033,5.1727147,30.571428571428573,0.7142857142857143,0.7142857142857143,0.7142857142857143
page_rank,N/A,rrg,0.6000000000000001,0.1,0.3,8,0.9233333333333333,0.95375425,0.17857142857142905,0.5375379,7.203734138586087,4.0339932,23.892857142857142,0.5609756097560976,0.8214285714285714,0.6666666666666667
page_rank,N/A,rrg,0.7000000000000001,0.1,0.3,8,0.9333333333333333,0.9616744,0.2857142857142862,0.6167401,5.893773165458144,2.8526413,26.857142857142858,0.6052631578947368,0.8214285714285714,0.6969696969696969
page_rank,N/A,rrg,0.8,0.1,0.3,8,0.9633333333333334,0.9704075,0.6071428571428578,0.70407194,3.8654496586354328,2.5749488,18.357142857142858,0.7575757575757576,0.8928571428571429,0.819672131147541
page_rank,N/A,rrg,0.9,0.1,0.3,8,0.96,0.98147553,0.5714285714285713,0.8147535,3.638163924823246,1.4169114,18.642857142857142,0.7352941176470589,0.8928571428571429,0.806451612903226
page_rank,N/A,rrg,1.0,0.1,0.3,8,0.9966666666666667,0.9846448,0.9642857142857146,0.8464462,1.921938647420155,1.2395105,14.607142857142858,0.9655172413793104,1.0,0.9824561403508771
page_rank,N/A,rrg,0.0,0.2,0.3,8,0.83,0.8000143,0.0,0.0,19.556044852396887,20.228437,156.45098039215685,0.0,0.0,0.0
page_rank,N/A,rrg,0.1,0.2,0.3,8,0.83,0.8161277,0.0,0.08057277,14.944328849332218,15.671226,129.35294117647058,0.5,0.13725490196078433,0.21538461538461542
page_rank,N/A,rrg,0.2,0.2,0.3,8,0.8466666666666667,0.82879084,0.09803921568627479,0.14389293,12.979279071709938,12.450382,104.37254901960785,0.5925925925925926,0.3137254901960784,0.4102564102564103
page_rank,N/A,rrg,0.30000000000000004,0.2,0.3,8,0.8366666666666667,0.8508499,0.039215686274510046,0.25419626,11.469065320091808,10.711976,89.19607843137256,0.53125,0.3333333333333333,0.40963855421686746
page_rank,N/A,rrg,0.4,0.2,0.3,8,0.8466666666666667,0.87748677,0.09803921568627479,0.38739,8.991596276097695,8.331367,63.19607843137255,0.5555555555555556,0.49019607843137253,0.5208333333333333
page_rank,N/A,rrg,0.5,0.2,0.3,8,0.8866666666666667,0.894311,0.33333333333333376,0.47151724,7.435276540263291,5.896594,44.88235294117647,0.660377358490566,0.6862745098039216,0.6730769230769231
page_rank,N/A,rrg,0.6000000000000001,0.2,0.3,8,0.8766666666666667,0.91852987,0.27450980392156904,0.5926202,5.524697950570253,4.733062,41.78431372549019,0.6206896551724138,0.7058823529411765,0.6605504587155964
page_rank,N/A,rrg,0.7000000000000001,0.2,0.3,8,0.8966666666666666,0.9373822,0.39215686274509787,0.6868887,3.84128775560172,3.4899683,38.15686274509804,0.6724137931034483,0.7647058823529411,0.7155963302752292
page_rank,N/A,rrg,0.8,0.2,0.3,8,0.9433333333333334,0.94888765,0.6666666666666669,0.74441993,3.177946897668487,2.75473,29.098039215686274,0.7741935483870968,0.9411764705882353,0.8495575221238938
page_rank,N/A,rrg,0.9,0.2,0.3,8,0.9633333333333334,0.96333504,0.7843137254901964,0.8166621,2.3344199956184193,2.113655,27.50980392156863,0.8333333333333334,0.9803921568627451,0.9009009009009009
page_rank,N/A,rrg,1.0,0.2,0.3,8,0.9833333333333333,0.9775704,0.9019607843137252,0.887844,1.6688497954047428,1.6296346,26.098039215686274,0.9107142857142857,1.0,0.9532710280373832
page_rank,N/A,rrg,0.0,0.3,0.3,8,0.7066666666666667,0.7000529,0.0,0.0,16.98384689736052,20.499506,142.4431818181818,0.0,0.0,0.0
page_rank,N/A,rrg,0.1,0.3,0.3,8,0.7066666666666667,0.7224688,0.0,0.07473277,13.49808979527272,16.724678,118.42045454545455,0.5,0.125,0.2
page_rank,N/A,rrg,0.2,0.3,0.3,8,0.7566666666666667,0.7492936,0.1704545454545456,0.16416465,10.969378111982692,13.856153,112.47727272727273,0.7142857142857143,0.2840909090909091,0.40650406504065045
page_rank,N/A,rrg,0.30000000000000004,0.3,0.3,8,0.7533333333333333,0.7843084,0.15909090909090898,0.28090107,9.90188031608722,10.7747,98.67045454545455,0.6296296296296297,0.38636363636363635,0.47887323943661975
page_rank,N/A,rrg,0.4,0.3,0.3,8,0.8133333333333334,0.82232314,0.3636363636363637,0.40763932,6.764343614565155,8.581096,75.27272727272727,0.7352941176470589,0.5681818181818182,0.641025641025641
page_rank,N/A,rrg,0.5,0.3,0.3,8,0.82,0.8548453,0.3863636363636362,0.5160656,4.329417397519165,5.750523,67.6590909090909,0.7361111111111112,0.6022727272727273,0.6625000000000001
page_rank,N/A,rrg,0.6000000000000001,0.3,0.3,8,0.8666666666666667,0.87615305,0.5454545454545455,0.587104,4.743638933409822,5.857142,58.375,0.8076923076923077,0.7159090909090909,0.7590361445783131
page_rank,N/A,rrg,0.7000000000000001,0.3,0.3,8,0.9133333333333333,0.9047094,0.7045454545454546,0.6823086,4.073113443740473,4.257239,54.15909090909091,0.9078947368421053,0.7840909090909091,0.8414634146341463
page_rank,N/A,rrg,0.8,0.3,0.3,8,0.94,0.9326579,0.7954545454545453,0.7754867,3.6516918217960406,3.2190435,49.05681818181818,0.926829268292683,0.8636363636363636,0.8941176470588236
page_rank,N/A,rrg,0.9,0.3,0.3,8,0.9733333333333334,0.9529728,0.9090909090909093,0.8432151,2.540739301395282,2.8086755,45.43181818181818,0.9761904761904762,0.9318181818181818,0.9534883720930233
page_rank,N/A,rrg,1.0,0.3,0.3,8,0.9933333333333333,0.9796927,0.9772727272727272,0.93229705,1.7987266060919687,1.7728884,44.52272727272727,0.9777777777777777,1.0,0.9887640449438202
page_rank,N/A,rrg,0.0,0.4,0.3,8,0.53,0.60007733,0.0,0.0,14.014278916739586,19.11479,152.89361702127658,0.0,0.0,0.0
page_rank,N/A,rrg,0.1,0.4,0.3,8,0.58,0.64640105,0.10638297872340412,0.11583169,10.999816743059752,15.23,130.10638297872342,0.7586206896551724,0.15602836879432624,0.2588235294117647
page_rank,N/A,rrg,0.2,0.4,0.3,8,0.61,0.682178,0.17021276595744672,0.2052914,9.624180662632783,13.385612,119.06382978723404,0.7307692307692307,0.2695035460992908,0.3937823834196891
page_rank,N/A,rrg,0.30000000000000004,0.4,0.3,8,0.6766666666666666,0.7289544,0.3120567375886524,0.3222549,8.300048780014395,10.5345335,108.25531914893617,0.8333333333333334,0.3900709219858156,0.5314009661835749
page_rank,N/A,rrg,0.4,0.4,0.3,8,0.7233333333333334,0.76279444,0.41134751773049655,0.4068714,7.671961183532515,9.668802,101.40425531914893,0.8452380952380952,0.5035460992907801,0.631111111111111
page_rank,N/A,rrg,0.5,0.4,0.3,8,0.7766666666666666,0.80240613,0.5248226950354609,0.5059198,6.095052603416973,7.4708204,91.2482269503546,0.8936170212765957,0.5957446808510638,0.7148936170212766
page_rank,N/A,rrg,0.6000000000000001,0.4,0.3,8,0.8266666666666667,0.8450072,0.6312056737588652,0.61244303,4.785798024733765,5.9842114,81.51773049645391,0.8869565217391304,0.723404255319149,0.796875
page_rank,N/A,rrg,0.7000000000000001,0.4,0.3,8,0.84,0.88229066,0.6595744680851063,0.70566976,3.577773109241284,4.091706,79.02836879432624,0.8974358974358975,0.7446808510638298,0.813953488372093
page_rank,N/A,rrg,0.8,0.4,0.3,8,0.9133333333333333,0.91891277,0.8156028368794326,0.7972427,3.2172897090009904,3.3092203,73.8581560283688,0.9752066115702479,0.8368794326241135,0.9007633587786259
page_rank,N/A,rrg,0.9,0.4,0.3,8,0.9266666666666666,0.95030844,0.8439716312056736,0.8757471,2.3890125587316478,2.496558,73.36170212765957,0.916083916083916,0.9290780141843972,0.9225352112676057
page_rank,N/A,rrg,1.0,0.4,0.3,8,0.9866666666666667,0.9822274,0.9716312056737589,0.95555985,1.9954876096341776,1.7512474,71.04255319148936,0.9724137931034482,1.0,0.9860139860139859
page_rank,N/A,rrg,0.0,0.05,0.3,9,0.96,0.949999,0.0,0.0,16.693518457395488,9.948465,134.33333333333334,0.0,0.0,0.0
page_rank,N/A,rrg,0.1,0.05,0.3,9,0.9466666666666667,0.94544536,-0.3333333333333324,-0.09107045,14.06633524488725,9.393256,122.08333333333333,0.25,0.16666666666666666,0.2
page_rank,N/A,rrg,0.2,0.05,0.3,9,0.9333333333333333,0.9511684,-0.6666666666666649,0.023388384,13.51588302045023,7.045148,101.58333333333333,0.25,0.3333333333333333,0.28571428571428575
page_rank,N/A,rrg,0.30000000000000004,0.05,0.3,9,0.93,0.95309216,-0.7499999999999972,0.061862394,11.601220898794937,6.8079376,64.0,0.2,0.25,0.22222222222222224
page_rank,N/A,rrg,0.4,0.05,0.3,9,0.9066666666666666,0.96043825,-1.3333333333333324,0.20878126,11.438785482012971,4.940929,58.166666666666664,0.16666666666666666,0.3333333333333333,0.2222222222222222
page_rank,N/A,rrg,0.5,0.05,0.3,9,0.9266666666666666,0.96735555,-0.8333333333333324,0.34712437,8.835613404276595,4.269718,33.833333333333336,0.2916666666666667,0.5833333333333334,0.38888888888888895
page_rank,N/A,rrg,0.6000000000000001,0.05,0.3,9,0.9466666666666667,0.974613,-0.3333333333333324,0.49227062,7.10482478803915,3.4008753,25.583333333333332,0.4,0.6666666666666666,0.5
page_rank,N/A,rrg,0.7000000000000001,0.05,0.3,9,0.97,0.9795332,0.25,0.5906723,5.1079127956283426,2.8719103,15.416666666666666,0.5882352941176471,0.8333333333333334,0.6896551724137931
page_rank,N/A,rrg,0.8,0.05,0.3,9,0.9533333333333334,0.9865914,-0.16666666666666483,0.73183346,4.4223056088567185,1.8506513,19.333333333333332,0.45454545454545453,0.8333333333333334,0.5882352941176471
page_rank,N/A,rrg,0.9,0.05,0.3,9,0.9833333333333333,0.98497355,0.5833333333333324,0.69947714,2.2542655728987224,1.9087236,9.833333333333334,0.7692307692307693,0.8333333333333334,0.8
page_rank,N/A,rrg,1.0,0.05,0.3,9,1.0,0.98804706,1.0,0.76094615,1.2363670927916952,1.5423865,6.5,1.0,1.0,1.0
page_rank,N/A,rrg,0.0,0.1,0.3,9,0.89,0.9000005,0.0,0.0,26.535984906787725,15.760945,157.6969696969697,0.0,0.0,0.0
page_rank,N/A,rrg,0.1,0.1,0.3,9,0.8833333333333333,0.89467734,-0.060606060606061,-0.053231988,19.07262576883438,13.572265,114.06060606060606,0.4375,0.21212121212121213,0.2857142857142857
page_rank,N/A,rrg,0.2,0.1,0.3,9,0.8466666666666667,0.8957369,-0.393939393939394,-0.042636614,13.00150252434866,10.184259,106.3030303030303,0.24,0.18181818181818182,0.20689655172413793
page_rank,N/A,rrg,0.30000000000000004,0.1,0.3,9,0.8833333333333333,0.9096041,-0.060606060606061,0.09603609,12.87581832910829,8.30651,66.87878787878788,0.46875,0.45454545454545453,0.4615384615384615
page_rank,N/A,rrg,0.4,0.1,0.3,9,0.8766666666666667,0.92136294,-0.121212121212121,0.21362533,9.05399814349916,7.229904,52.696969696969695,0.4411764705882353,0.45454545454545453,0.4477611940298507
page_rank,N/A,rrg,0.5,0.1,0.3,9,0.8866666666666667,0.9356914,-0.03030303030303,0.35691085,5.7995919904439335,4.98372,51.484848484848484,0.48717948717948717,0.5757575757575758,0.5277777777777778
page_rank,N/A,rrg,0.6000000000000001,0.1,0.3,9,0.9233333333333333,0.9509843,0.303030303030303,0.5098405,6.850396794418417,4.132706,24.90909090909091,0.6041666666666666,0.8787878787878788,0.7160493827160493
page_rank,N/A,rrg,0.7000000000000001,0.1,0.3,9,0.9033333333333333,0.95927614,0.121212121212121,0.5927593,5.045504872568656,2.9824784,36.696969696969695,0.5476190476190477,0.696969696969697,0.6133333333333334
page_rank,N/A,rrg,0.8,0.1,0.3,9,0.9433333333333334,0.9731735,0.48484848484848503,0.7317336,3.315811117917822,2.4381998,22.393939393939394,0.6818181818181818,0.9090909090909091,0.7792207792207791
page_rank,N/A,rrg,0.9,0.1,0.3,9,0.96,0.97146016,0.636363636363636,0.71460015,2.5221037863859395,2.0188756,19.727272727272727,0.7692307692307693,0.9090909090909091,0.8333333333333333
page_rank,N/A,rrg,1.0,0.1,0.3,9,0.9833333333333333,0.9785014,0.848484848484848,0.7850127,1.306796041264933,1.6538415,17.0,0.868421052631579,1.0,0.9295774647887324
page_rank,N/A,rrg,0.0,0.2,0.3,9,0.83,0.8000143,0.0,0.0,19.51368487907555,20.205666,154.54901960784315,0.0,0.0,0.0
page_rank,N/A,rrg,0.1,0.2,0.3,9,0.8133333333333334,0.80559605,-0.09803921568627413,0.027910681,16.058695402288826,16.623669,126.31372549019608,0.35294117647058826,0.11764705882352941,0.17647058823529413
page_rank,N/A,rrg,0.2,0.2,0.3,9,0.84,0.82421166,0.05882352941176475,0.120995365,11.964667972904047,13.510783,99.50980392156863,0.5652173913043478,0.2549019607843137,0.3513513513513513
page_rank,N/A,rrg,0.30000000000000004,0.2,0.3,9,0.8133333333333334,0.85004294,-0.09803921568627413,0.25016102,9.308689413264696,10.2384,93.62745098039215,0.4358974358974359,0.3333333333333333,0.37777777777777777
page_rank,N/A,rrg,0.4,0.2,0.3,9,0.87,0.87676066,0.235294117647059,0.3837592,9.697294452984965,8.579954,64.3921568627451,0.65,0.5098039215686274,0.5714285714285715
page_rank,N/A,rrg,0.5,0.2,0.3,9,0.8866666666666667,0.89138186,0.33333333333333376,0.4568704,7.899405585984978,7.1196218,55.411764705882355,0.7428571428571429,0.5098039215686274,0.6046511627906976
page_rank,N/A,rrg,0.6000000000000001,0.2,0.3,9,0.8933333333333333,0.9107382,0.37254901960784315,0.5536592,6.122657679555301,5.504921,44.411764705882355,0.6938775510204082,0.6666666666666666,0.6799999999999999
page_rank,N/A,rrg,0.7000000000000001,0.2,0.3,9,0.91,0.93832135,0.470588235294118,0.6915847,4.963278637855929,3.8875544,37.01960784313726,0.7068965517241379,0.803921568627451,0.7522935779816514
page_rank,N/A,rrg,0.8,0.2,0.3,9,0.94,0.9474697,0.6470588235294116,0.7373298,2.687443078908693,3.3496437,31.392156862745097,0.8113207547169812,0.8431372549019608,0.826923076923077
page_rank,N/A,rrg,0.9,0.2,0.3,9,0.97,0.96578753,0.8235294117647057,0.82892543,2.6273907946505544,2.3825057,28.823529411764707,0.875,0.9607843137254902,0.9158878504672897
page_rank,N/A,rrg,1.0,0.2,0.3,9,0.99,0.9760484,0.9411764705882353,0.88023347,1.6381138158639905,1.8660144,26.11764705882353,0.9444444444444444,1.0,0.9714285714285714
page_rank,N/A,rrg,0.0,0.3,0.3,9,0.6666666666666666,0.7000529,0.0,0.0,18.076209271946002,20.545198,148.7,0.0,0.0,0.0
page_rank,N/A,rrg,0.1,0.3,0.3,9,0.6933333333333334,0.7265164,0.08000000000000017,0.08822726,15.012463600421976,16.857334,130.23,0.6818181818181818,0.15,0.2459016393442623
page_rank,N/A,rrg,0.2,0.3,0.3,9,0.7433333333333333,0.75005287,0.22999999999999995,0.16669591,10.854644560877148,13.827013,103.94,0.7446808510638298,0.35,0.47619047619047616
page_rank,N/A,rrg,0.30000000000000004,0.3,0.3,9,0.7533333333333333,0.7913641,0.25999999999999995,0.30442423,9.655571368582914,10.876553,87.68,0.6911764705882353,0.47,0.5595238095238095
page_rank,N/A,rrg,0.4,0.3,0.3,9,0.8033333333333333,0.8138283,0.4100000000000001,0.37931815,6.350062725488406,8.572131,79.34,0.8059701492537313,0.54,0.6467065868263473
page_rank,N/A,rrg,0.5,0.3,0.3,9,0.85,0.8429304,0.5499999999999999,0.47634223,6.549204428253856,7.473732,69.04,0.8395061728395061,0.68,0.7513812154696133
page_rank,N/A,rrg,0.6000000000000001,0.3,0.3,9,0.8866666666666667,0.8707287,0.6600000000000001,0.56901956,5.368812409498358,6.0733075,62.36,0.9459459459459459,0.7,0.8045977011494254
page_rank,N/A,rrg,0.7000000000000001,0.3,0.3,9,0.89,0.8961566,0.67,0.6537943,3.479573909167611,4.078412,60.69,0.8764044943820225,0.78,0.8253968253968254
page_rank,N/A,rrg,0.8,0.3,0.3,9,0.9333333333333333,0.9288163,0.8,0.7626792,2.515838032402044,2.9887455,55.32,0.9081632653061225,0.89,0.8989898989898989
page_rank,N/A,rrg,0.9,0.3,0.3,9,0.9666666666666667,0.9506027,0.9,0.8353133,2.4764476463504943,2.3557725,51.66,0.9787234042553191,0.92,0.9484536082474226
page_rank,N/A,rrg,1.0,0.3,0.3,9,0.99,0.97582316,0.97,0.91939634,1.446815556625288,1.3295702,50.56,0.970873786407767,1.0,0.9852216748768473
page_rank,N/A,rrg,0.0,0.4,0.3,9,0.6,0.60007733,0.0,0.0,12.69977898215801,18.894758,160.15,0.0,0.0,0.0
page_rank,N/A,rrg,0.1,0.4,0.3,9,0.6266666666666667,0.6418744,0.06666666666666682,0.10451281,10.651424095174956,15.588826,135.44166666666666,0.6428571428571429,0.15,0.24324324324324323
page_rank,N/A,rrg,0.2,0.4,0.3,9,0.67,0.6824655,0.17500000000000016,0.20601024,8.785604845857934,13.593445,116.875,0.7058823529411765,0.3,0.42105263157894735
page_rank,N/A,rrg,0.30000000000000004,0.4,0.3,9,0.7266666666666667,0.72070575,0.31666666666666676,0.30162936,8.139880186015288,11.001226,99.96666666666667,0.7638888888888888,0.4583333333333333,0.5729166666666666
page_rank,N/A,rrg,0.4,0.4,0.3,9,0.7566666666666667,0.7684201,0.39166666666666683,0.4209383,7.102015486508208,9.400536,90.88333333333334,0.7901234567901234,0.5333333333333333,0.63681592039801
page_rank,N/A,rrg,0.5,0.4,0.3,9,0.8,0.80628955,0.5000000000000001,0.51563025,5.315049694281511,6.4308896,81.06666666666666,0.8409090909090909,0.6166666666666667,0.7115384615384616
page_rank,N/A,rrg,0.6000000000000001,0.4,0.3,9,0.8366666666666667,0.8483483,0.5916666666666667,0.6207975,4.460938983897595,5.7638593,74.35833333333333,0.8585858585858586,0.7083333333333334,0.7762557077625569
page_rank,N/A,rrg,0.7000000000000001,0.4,0.3,9,0.87,0.89345807,0.675,0.73359364,4.670511648117636,4.6819997,67.40833333333333,0.8715596330275229,0.7916666666666666,0.8296943231441047
page_rank,N/A,rrg,0.8,0.4,0.3,9,0.93,0.9128746,0.8250000000000002,0.7821443,3.7069394498520007,3.435002,64.21666666666667,0.9380530973451328,0.8833333333333333,0.9098712446351931
page_rank,N/A,rrg,0.9,0.4,0.3,9,0.9433333333333334,0.95192647,0.8583333333333334,0.8797929,2.4982826848471107,2.3141441,61.93333333333333,0.9327731092436975,0.925,0.9288702928870293
page_rank,N/A,rrg,1.0,0.4,0.3,9,0.99,0.9811432,0.975,0.95284885,1.8490537792006254,1.7592902,60.50833333333333,0.975609756097561,1.0,0.9876543209876543
closeness,N/A,rrg,0.0,0.05,0.3,0,0.9533333333333334,0.949999,0.0,0.0,21.723852796388403,10.092865,131.28571428571428,0.0,0.0,0.0
closeness,N/A,rrg,0.1,0.05,0.3,0,0.9333333333333333,0.94407827,-0.42857142857142927,-0.118411735,16.865133911637333,9.286438,133.28571428571428,0.0,0.0,0.0
closeness,N/A,rrg,0.2,0.05,0.3,0,0.9366666666666666,0.95575875,-0.3571428571428585,0.11519315,16.828467176385324,7.392935,95.35714285714286,0.2727272727272727,0.21428571428571427,0.23999999999999996
closeness,N/A,rrg,0.30000000000000004,0.05,0.3,0,0.9433333333333334,0.96105874,-0.21428571428571463,0.22119069,13.96433262183976,6.349999,56.42857142857143,0.4,0.42857142857142855,0.4137931034482759
closeness,N/A,rrg,0.4,0.05,0.3,0,0.9366666666666666,0.95828784,-0.3571428571428585,0.16577381,10.91433780328365,5.946878,47.357142857142854,0.3684210526315789,0.5,0.4242424242424242
closeness,N/A,rrg,0.5,0.05,0.3,0,0.9466666666666667,0.9667976,-0.14285714285714388,0.33596542,8.374779983062458,4.7732735,31.928571428571427,0.45454545454545453,0.7142857142857143,0.5555555555555556
closeness,N/A,rrg,0.6000000000000001,0.05,0.3,0,0.9633333333333334,0.966546,0.21428571428571463,0.3309337,7.974384311713795,4.042578,26.642857142857142,0.5789473684210527,0.7857142857142857,0.6666666666666667
closeness,N/A,rrg,0.7000000000000001,0.05,0.3,0,0.9633333333333334,0.9735536,0.21428571428571463,0.4710828,6.549370343327435,3.370697,19.785714285714285,0.5789473684210527,0.7857142857142857,0.6666666666666667
closeness,N/A,rrg,0.8,0.05,0.3,0,0.9766666666666667,0.9757262,0.5,0.5145337,4.79629549255134,2.8687184,13.928571428571429,0.7058823529411765,0.8571428571428571,0.7741935483870968
closeness,N/A,rrg,0.9,0.05,0.3,0,0.99,0.9826713,0.7857142857142854,0.6534335,3.2095935903121737,1.9453202,7.5,0.8235294117647058,1.0,0.9032258064516129
closeness,N/A,rrg,1.0,0.05,0.3,0,0.9966666666666667,0.98288107,0.9285714285714293,0.6576284,1.6907291908152113,1.7826625,7.5,0.9333333333333333,1.0,0.9655172413793104
closeness,N/A,rrg,0.0,0.1,0.3,0,0.9,0.9000005,0.0,0.0,22.689279755995862,15.734888,143.96666666666667,0.0,0.0,0.0
closeness,N/A,rrg,0.1,0.1,0.3,0,0.9,0.90372956,0.0,0.037290644,22.04029527767678,13.79542,129.16666666666666,0.5,0.06666666666666667,0.11764705882352941
closeness,N/A,rrg,0.2,0.1,0.3,0,0.8933333333333333,0.91435415,-0.06666666666666711,0.14353706,19.742490069934348,11.1067915,93.56666666666666,0.42857142857142855,0.2,0.27272727272727276
closeness,N/A,rrg,0.30000000000000004,0.1,0.3,0,0.9033333333333333,0.91653645,0.033333333333333,0.16536023,16.705145215842613,10.1308565,72.4,0.5294117647058824,0.3,0.3829787234042553
closeness,N/A,rrg,0.4,0.1,0.3,0,0.8933333333333333,0.92947835,-0.06666666666666711,0.29477987,14.689310658928626,7.9245963,59.8,0.45454545454545453,0.3333333333333333,0.3846153846153846
closeness,N/A,rrg,0.5,0.1,0.3,0,0.9166666666666666,0.93868417,0.1666666666666661,0.38683853,11.80026999297354,6.6967483,45.13333333333333,0.6086956521739131,0.4666666666666667,0.5283018867924527
closeness,N/A,rrg,0.6000000000000001,0.1,0.3,0,0.94,0.9477522,0.39999999999999936,0.4775191,10.737769502772789,5.624472,37.93333333333333,0.7727272727272727,0.5666666666666667,0.6538461538461539
closeness,N/A,rrg,0.7000000000000001,0.1,0.3,0,0.9466666666666667,0.95971406,0.46666666666666645,0.59713846,9.384224435660427,4.4479084,30.0,0.7692307692307693,0.6666666666666666,0.7142857142857142
closeness,N/A,rrg,0.8,0.1,0.3,0,0.9733333333333334,0.9659474,0.7333333333333337,0.65947217,5.401648285446031,3.7929378,21.833333333333332,0.9583333333333334,0.7666666666666667,0.8518518518518519
closeness,N/A,rrg,0.9,0.1,0.3,0,0.9866666666666667,0.9725044,0.8666666666666669,0.72504234,2.9675433256217683,2.6574275,15.766666666666667,0.9333333333333333,0.9333333333333333,0.9333333333333333
closeness,N/A,rrg,1.0,0.1,0.3,0,0.9966666666666667,0.9828861,0.966666666666667,0.82885987,1.923500501011017,1.6071484,15.533333333333333,0.967741935483871,1.0,0.9836065573770492
closeness,N/A,rrg,0.0,0.2,0.3,0,0.7833333333333333,0.8000143,0.0,0.0,23.404967996945803,20.340368,144.3230769230769,0.0,0.0,0.0
closeness,N/A,rrg,0.1,0.2,0.3,0,0.7933333333333333,0.8116553,0.04615384615384619,0.058209,19.80290820966383,17.692757,125.73846153846154,0.6666666666666666,0.09230769230769231,0.16216216216216217
closeness,N/A,rrg,0.2,0.2,0.3,0,0.7966666666666666,0.8348255,0.06153846153846142,0.17406845,15.2424498271971,13.913042,104.61538461538461,0.5833333333333334,0.2153846153846154,0.31460674157303375
closeness,N/A,rrg,0.30000000000000004,0.2,0.3,0,0.8166666666666667,0.85678834,0.1538461538461538,0.28389043,13.872202944737042,11.957752,89.21538461538462,0.6923076923076923,0.27692307692307694,0.3956043956043956
closeness,N/A,rrg,0.4,0.2,0.3,0,0.8466666666666667,0.8738426,0.2923076923076924,0.36916783,12.249662940586056,10.472212,73.32307692307693,0.8064516129032258,0.38461538461538464,0.5208333333333334
closeness,N/A,rrg,0.5,0.2,0.3,0,0.8766666666666667,0.8891625,0.43076923076923096,0.44577274,10.823096513029128,8.953609,64.49230769230769,0.868421052631579,0.5076923076923077,0.6407766990291263
closeness,N/A,rrg,0.6000000000000001,0.2,0.3,0,0.9033333333333333,0.9041976,0.5538461538461538,0.5209536,9.173788463537067,7.7499285,53.49230769230769,0.8913043478260869,0.6307692307692307,0.7387387387387386
closeness,N/A,rrg,0.7000000000000001,0.2,0.3,0,0.9233333333333333,0.9214744,0.6461538461538462,0.60734385,6.5329625993334135,6.07809,45.61538461538461,0.92,0.7076923076923077,0.8
closeness,N/A,rrg,0.8,0.2,0.3,0,0.9533333333333334,0.9423484,0.7846153846153848,0.7117215,4.657311301328515,4.5750675,37.10769230769231,0.9473684210526315,0.8307692307692308,0.8852459016393444
closeness,N/A,rrg,0.9,0.2,0.3,0,0.9633333333333334,0.96048766,0.8307692307692309,0.8024242,3.0359322519426315,3.2313306,35.03076923076923,0.95,0.8769230769230769,0.912
closeness,N/A,rrg,1.0,0.2,0.3,0,0.9933333333333333,0.9764864,0.969230769230769,0.8824235,1.6375611445030585,2.1605408,33.0,0.9701492537313433,1.0,0.9848484848484849
closeness,N/A,rrg,0.0,0.3,0.3,0,0.7,0.7000529,0.0,0.0,17.43281560314689,20.484936,142.17777777777778,0.0,0.0,0.0
closeness,N/A,rrg,0.1,0.3,0.3,0,0.7366666666666667,0.7269459,0.12222222222222244,0.08965901,14.576792968960048,17.494009,116.83333333333333,0.8666666666666667,0.14444444444444443,0.2476190476190476
closeness,N/A,rrg,0.2,0.3,0.3,0,0.76,0.7542812,0.20000000000000015,0.18079291,12.198451734276558,15.008485,110.47777777777777,0.8,0.26666666666666666,0.4
closeness,N/A,rrg,0.30000000000000004,0.3,0.3,0,0.79,0.7816436,0.3000000000000002,0.27201703,10.37990031253051,12.479928,93.4888888888889,0.8648648648648649,0.35555555555555557,0.5039370078740157
closeness,N/A,rrg,0.4,0.3,0.3,0,0.8,0.80894244,0.3333333333333336,0.3630291,8.901916892783431,10.51144,84.62222222222222,0.8571428571428571,0.4,0.5454545454545455
closeness,N/A,rrg,0.5,0.3,0.3,0,0.8333333333333334,0.8377721,0.44444444444444464,0.45914483,7.337431620993848,9.17287,72.14444444444445,0.8703703703703703,0.5222222222222223,0.6527777777777778
closeness,N/A,rrg,0.6000000000000001,0.3,0.3,0,0.86,0.8667454,0.5333333333333333,0.5557397,5.719777679775381,7.04249,61.3,0.9137931034482759,0.5888888888888889,0.7162162162162162
closeness,N/A,rrg,0.7000000000000001,0.3,0.3,0,0.8933333333333333,0.8928248,0.6444444444444444,0.6426864,4.4878965076703174,5.423956,54.43333333333333,0.9393939393939394,0.6888888888888889,0.7948717948717948
closeness,N/A,rrg,0.8,0.3,0.3,0,0.93,0.9227665,0.7666666666666668,0.7425096,3.575525696291414,4.3687215,49.56666666666667,0.9726027397260274,0.7888888888888889,0.8711656441717791
closeness,N/A,rrg,0.9,0.3,0.3,0,0.9533333333333334,0.95009845,0.8444444444444446,0.8336322,2.390121770058322,2.9357376,47.022222222222226,0.9634146341463414,0.8777777777777778,0.9186046511627907
closeness,N/A,rrg,1.0,0.3,0.3,0,0.9966666666666667,0.9782505,0.988888888888889,0.92748886,1.0259415228773017,1.6263665,45.522222222222226,0.989010989010989,1.0,0.994475138121547
closeness,N/A,rrg,0.0,0.4,0.3,0,0.61,0.60007733,0.0,0.0,11.792776788203085,18.634811,140.06837606837607,0.0,0.0,0.0
closeness,N/A,rrg,0.1,0.4,0.3,0,0.6366666666666667,0.637797,0.06837606837606854,0.0943174,10.419253882973061,16.365578,124.48717948717949,0.75,0.10256410256410256,0.1804511278195489
closeness,N/A,rrg,0.2,0.4,0.3,0,0.7,0.6826739,0.23076923076923067,0.20653129,9.217875753000804,13.963531,109.8974358974359,0.8648648648648649,0.27350427350427353,0.41558441558441567
closeness,N/A,rrg,0.30000000000000004,0.4,0.3,0,0.7333333333333333,0.72322875,0.3162393162393161,0.3079381,7.674076759918589,11.880402,97.78632478632478,0.8490566037735849,0.38461538461538464,0.5294117647058824
closeness,N/A,rrg,0.4,0.4,0.3,0,0.7566666666666667,0.760209,0.3760683760683762,0.40040663,6.531323992224324,9.775222,88.64957264957265,0.8235294117647058,0.47863247863247865,0.6054054054054053
closeness,N/A,rrg,0.5,0.4,0.3,0,0.8033333333333333,0.80035377,0.4957264957264958,0.5007879,5.627344869542106,8.046702,80.74358974358974,0.8717948717948718,0.5811965811965812,0.6974358974358974
closeness,N/A,rrg,0.6000000000000001,0.4,0.3,0,0.84,0.8339687,0.5897435897435896,0.5848415,5.155812584971705,7.074209,73.72649572649573,0.9058823529411765,0.6581196581196581,0.7623762376237624
closeness,N/A,rrg,0.7000000000000001,0.4,0.3,0,0.8666666666666667,0.8757365,0.6581196581196582,0.6892811,4.290490694644464,5.3254466,66.76068376068376,0.8888888888888888,0.7521367521367521,0.8148148148148149
closeness,N/A,rrg,0.8,0.4,0.3,0,0.9,0.9142403,0.7435897435897436,0.7855593,2.708227671453843,4.013697,64.04273504273505,0.9065420560747663,0.8290598290598291,0.8660714285714286
closeness,N/A,rrg,0.9,0.4,0.3,0,0.9633333333333334,0.95015657,0.9059829059829061,0.87536734,2.1930598763997766,2.7235575,61.0,0.9649122807017544,0.9401709401709402,0.9523809523809523
closeness,N/A,rrg,1.0,0.4,0.3,0,0.9966666666666667,0.9763407,0.9914529914529916,0.94084036,1.6427365588803964,1.8105066,59.00854700854701,0.9915254237288136,1.0,0.9957446808510638
closeness,N/A,rrg,0.0,0.05,0.3,1,0.94,0.949999,0.0,0.0,26.388671355687475,10.009093,173.5,0.0,0.0,0.0
closeness,N/A,rrg,0.1,0.05,0.3,1,0.9366666666666666,0.9522076,-0.05555555555555494,0.044172097,22.02079764621638,9.13186,135.33333333333334,0.3333333333333333,0.05555555555555555,0.09523809523809525
closeness,N/A,rrg,0.2,0.05,0.3,1,0.94,0.9524584,0.0,0.049187128,18.663038389594156,8.229068,94.72222222222223,0.5,0.2777777777777778,0.35714285714285715
closeness,N/A,rrg,0.30000000000000004,0.05,0.3,1,0.94,0.95055807,0.0,0.011181602,16.297089051093153,7.710935,76.5,0.5,0.3333333333333333,0.4
closeness,N/A,rrg,0.4,0.05,0.3,1,0.9366666666666666,0.9557422,-0.05555555555555494,0.11486176,14.49364763810123,6.40162,68.11111111111111,0.4666666666666667,0.3888888888888889,0.42424242424242425
closeness,N/A,rrg,0.5,0.05,0.3,1,0.9433333333333334,0.96004397,0.05555555555555679,0.20089573,10.56334994557938,5.2594132,32.72222222222222,0.5217391304347826,0.6666666666666666,0.5853658536585366
closeness,N/A,rrg,0.6000000000000001,0.05,0.3,1,0.95,0.9577398,0.16666666666666666,0.15481274,8.93414100148813,5.0094533,28.944444444444443,0.5714285714285714,0.6666666666666666,0.6153846153846153
closeness,N/A,rrg,0.7000000000000001,0.05,0.3,1,0.95,0.96147215,0.16666666666666666,0.22945887,5.918245394276139,3.9390128,21.11111111111111,0.56,0.7777777777777778,0.6511627906976745
closeness,N/A,rrg,0.8,0.05,0.3,1,0.96,0.9727962,0.3333333333333333,0.45593518,4.754152153272832,2.766305,16.72222222222222,0.625,0.8333333333333334,0.7142857142857143
closeness,N/A,rrg,0.9,0.05,0.3,1,0.9766666666666667,0.9787311,0.6111111111111117,0.5746306,3.75098415884959,2.0756462,9.833333333333334,0.72,1.0,0.8372093023255813
closeness,N/A,rrg,1.0,0.05,0.3,1,0.99,0.9810597,0.8333333333333334,0.62120116,2.404255216207969,1.7697322,9.944444444444445,0.8571428571428571,1.0,0.923076923076923
closeness,N/A,rrg,0.0,0.1,0.3,1,0.9033333333333333,0.900001,0.0,0.0,24.710788450611528,15.6769905,167.86206896551724,0.0,0.0,0.0
closeness,N/A,rrg,0.1,0.1,0.3,1,0.8866666666666667,0.90049845,-0.17241379310344765,0.004974653,20.63507200562197,13.235628,113.20689655172414,0.14285714285714285,0.034482758620689655,0.05555555555555555
closeness,N/A,rrg,0.2,0.1,0.3,1,0.89,0.9090576,-0.13793103448275834,0.09056717,17.09769688114907,11.597204,108.48275862068965,0.3,0.10344827586206896,0.15384615384615385
closeness,N/A,rrg,0.30000000000000004,0.1,0.3,1,0.9,0.9247615,-0.0344827586206893,0.24760729,14.137953444488945,9.474492,79.0,0.46153846153846156,0.20689655172413793,0.28571428571428575
closeness,N/A,rrg,0.4,0.1,0.3,1,0.9166666666666666,0.9343548,0.13793103448275834,0.34354132,12.225405483912953,7.9380484,75.51724137931035,0.6666666666666666,0.27586206896551724,0.3902439024390244
closeness,N/A,rrg,0.5,0.1,0.3,1,0.93,0.93666035,0.27586206896551785,0.36659724,10.06500496678284,6.8159246,52.827586206896555,0.75,0.41379310344827586,0.5333333333333333
closeness,N/A,rrg,0.6000000000000001,0.1,0.3,1,0.9366666666666666,0.9424178,0.3448275862068964,0.4241723,7.458081054291765,5.4591317,34.58620689655172,0.7272727272727273,0.5517241379310345,0.6274509803921569
closeness,N/A,rrg,0.7000000000000001,0.1,0.3,1,0.9566666666666667,0.9516936,0.5517241379310345,0.5169312,6.515495505343935,4.60701,24.0,0.8636363636363636,0.6551724137931034,0.7450980392156864
closeness,N/A,rrg,0.8,0.1,0.3,1,0.97,0.96100354,0.6896551724137928,0.61003155,4.884540768962928,3.6975968,21.93103448275862,0.9545454545454546,0.7241379310344828,0.823529411764706
closeness,N/A,rrg,0.9,0.1,0.3,1,0.9766666666666667,0.9694856,0.7586206896551726,0.69485277,2.4431311206853183,2.4213097,17.17241379310345,0.8666666666666667,0.896551724137931,0.8813559322033899
closeness,N/A,rrg,1.0,0.1,0.3,1,0.9933333333333333,0.97817606,0.9310344827586202,0.7817584,1.75068914973581,1.5344211,15.0,0.9354838709677419,1.0,0.9666666666666666
closeness,N/A,rrg,0.0,0.2,0.3,1,0.8366666666666667,0.8000143,0.0,0.0,21.141707857179092,20.28966,173.6734693877551,0.0,0.0,0.0
closeness,N/A,rrg,0.1,0.2,0.3,1,0.8433333333333334,0.8137717,0.040816326530612505,0.06879196,18.19034054077985,17.35188,140.16326530612244,0.625,0.10204081632653061,0.17543859649122806
closeness,N/A,rrg,0.2,0.2,0.3,1,0.85,0.8335368,0.08163265306122433,0.16762443,15.667154652901791,14.571833,109.85714285714286,0.6428571428571429,0.1836734693877551,0.28571428571428575
closeness,N/A,rrg,0.30000000000000004,0.2,0.3,1,0.8766666666666667,0.85199964,0.24489795918367369,0.2599452,12.960961992863929,12.2439785,85.65306122448979,0.8,0.32653061224489793,0.46376811594202894
closeness,N/A,rrg,0.4,0.2,0.3,1,0.8966666666666666,0.87721026,0.36734693877550983,0.38600734,11.079671371414594,9.895833,63.857142857142854,0.8,0.4897959183673469,0.6075949367088609
closeness,N/A,rrg,0.5,0.2,0.3,1,0.9233333333333333,0.89187765,0.5306122448979592,0.45934954,8.999761011171922,8.626486,52.734693877551024,0.90625,0.5918367346938775,0.7160493827160493
closeness,N/A,rrg,0.6000000000000001,0.2,0.3,1,0.93,0.9101482,0.5714285714285717,0.55070883,7.787658002824648,6.884177,43.40816326530612,0.8888888888888888,0.6530612244897959,0.7529411764705882
closeness,N/A,rrg,0.7000000000000001,0.2,0.3,1,0.9333333333333333,0.92838603,0.5918367346938777,0.64190453,5.803674570228611,5.1379046,37.02040816326531,0.8536585365853658,0.7142857142857143,0.7777777777777778
closeness,N/A,rrg,0.8,0.2,0.3,1,0.9666666666666667,0.9439332,0.7959183673469388,0.71964586,4.155830803334338,4.0323434,28.244897959183675,0.9333333333333333,0.8571428571428571,0.8936170212765957
closeness,N/A,rrg,0.9,0.2,0.3,1,0.98,0.9616626,0.8775510204081631,0.80829924,3.493019703807901,2.91145,25.775510204081634,0.9574468085106383,0.9183673469387755,0.9375000000000001
closeness,N/A,rrg,1.0,0.2,0.3,1,0.9933333333333333,0.97797465,0.9591836734693875,0.8898654,1.8867627674605827,1.8518953,25.081632653061224,0.9607843137254902,1.0,0.98
closeness,N/A,rrg,0.0,0.3,0.3,1,0.7,0.7000529,0.0,0.0,17.311477105826,20.505194,139.16666666666666,0.0,0.0,0.0
closeness,N/A,rrg,0.1,0.3,0.3,1,0.73,0.73049796,0.10000000000000007,0.10150137,14.852346654394227,16.99292,126.72222222222223,0.8461538461538461,0.12222222222222222,0.21359223300970873
closeness,N/A,rrg,0.2,0.3,0.3,1,0.7566666666666667,0.76100343,0.18888888888888916,0.20320423,14.22293954315488,15.357936,109.14444444444445,0.9047619047619048,0.2111111111111111,0.34234234234234234
closeness,N/A,rrg,0.30000000000000004,0.3,0.3,1,0.78,0.79003716,0.2666666666666669,0.30000037,11.138468570603823,12.212383,96.9,0.875,0.3111111111111111,0.459016393442623
closeness,N/A,rrg,0.4,0.3,0.3,1,0.8,0.82120574,0.3333333333333336,0.40391397,9.019505022183992,9.506767,80.02222222222223,0.8260869565217391,0.4222222222222222,0.5588235294117647
closeness,N/A,rrg,0.5,0.3,0.3,1,0.85,0.849067,0.5,0.49680114,7.559011052151026,8.006649,69.23333333333333,0.9090909090909091,0.5555555555555556,0.6896551724137931
closeness,N/A,rrg,0.6000000000000001,0.3,0.3,1,0.8866666666666667,0.8802596,0.6222222222222225,0.60079485,5.896413791588802,6.044153,60.111111111111114,0.9242424242424242,0.6777777777777778,0.7820512820512822
closeness,N/A,rrg,0.7000000000000001,0.3,0.3,1,0.9166666666666666,0.9091099,0.7222222222222221,0.6969795,4.952691644773748,4.8819427,55.06666666666667,0.9452054794520548,0.7666666666666667,0.8466257668711656
closeness,N/A,rrg,0.8,0.3,0.3,1,0.94,0.9342458,0.7999999999999998,0.78078073,3.949215949300128,3.948154,49.833333333333336,0.9390243902439024,0.8555555555555555,0.8953488372093023
closeness,N/A,rrg,0.9,0.3,0.3,1,0.9633333333333334,0.9618333,0.8777777777777779,0.8727552,2.1877441059901983,2.1912937,46.41111111111111,0.9438202247191011,0.9333333333333333,0.9385474860335196
closeness,N/A,rrg,1.0,0.3,0.3,1,0.9866666666666667,0.98317665,0.9555555555555556,0.94391227,1.0135848696574044,1.015713,45.58888888888889,0.9574468085106383,1.0,0.9782608695652174
closeness,N/A,rrg,0.0,0.4,0.3,1,0.6033333333333334,0.6000774,0.0,0.0,11.626025663403464,18.456783,144.48739495798318,0.0,0.0,0.0
closeness,N/A,rrg,0.1,0.4,0.3,1,0.65,0.64050406,0.11764705882352934,0.10108624,10.36559647453105,16.281147,132.1764705882353,0.8888888888888888,0.13445378151260504,0.23357664233576642
closeness,N/A,rrg,0.2,0.4,0.3,1,0.6866666666666666,0.67855245,0.21008403361344521,0.19622561,8.854128019492164,13.999147,110.36134453781513,0.8787878787878788,0.24369747899159663,0.3815789473684211
closeness,N/A,rrg,0.30000000000000004,0.4,0.3,1,0.7133333333333334,0.72087777,0.2773109243697479,0.30205938,7.728524799490899,11.970553,101.18487394957984,0.851063829787234,0.33613445378151263,0.4819277108433735
closeness,N/A,rrg,0.4,0.4,0.3,1,0.77,0.7639195,0.4201680672268907,0.40968448,6.331728556685836,9.406863,91.81512605042016,0.8787878787878788,0.48739495798319327,0.627027027027027
closeness,N/A,rrg,0.5,0.4,0.3,1,0.8133333333333334,0.80168796,0.5294117647058824,0.5041239,5.310955998474439,8.011005,80.07563025210084,0.9315068493150684,0.5714285714285714,0.7083333333333334
closeness,N/A,rrg,0.6000000000000001,0.4,0.3,1,0.85,0.8431429,0.6218487394957982,0.6077814,4.433759246069082,6.2512956,73.52100840336135,0.9404761904761905,0.6638655462184874,0.7783251231527093
closeness,N/A,rrg,0.7000000000000001,0.4,0.3,1,0.8833333333333333,0.8811608,0.7058823529411764,0.7028445,3.3338025864865832,4.7178016,67.89915966386555,0.9375,0.7563025210084033,0.8372093023255813
closeness,N/A,rrg,0.8,0.4,0.3,1,0.9166666666666666,0.92029285,0.7899159663865545,0.8006936,2.377445185567362,3.2516196,64.5126050420168,0.9272727272727272,0.8571428571428571,0.890829694323144
closeness,N/A,rrg,0.9,0.4,0.3,1,0.9533333333333334,0.9576632,0.8823529411764707,0.89413744,1.8217072729904824,2.3257194,61.12605042016807,0.9565217391304348,0.9243697478991597,0.9401709401709402
closeness,N/A,rrg,1.0,0.4,0.3,1,0.9933333333333333,0.98682433,0.9831932773109242,0.9670545,1.0527465544530454,1.2820449,60.075630252100844,0.9834710743801653,1.0,0.9916666666666667
closeness,N/A,rrg,0.0,0.05,0.3,2,0.9666666666666667,0.949999,0.0,0.0,17.575165619324718,9.920371,178.8,0.0,0.0,0.0
closeness,N/A,rrg,0.1,0.05,0.3,2,0.9633333333333334,0.94796175,-0.099999999999999,-0.04074371,14.518101971734662,9.383088,95.0,0.3333333333333333,0.1,0.15384615384615383
closeness,N/A,rrg,0.2,0.05,0.3,2,0.9433333333333334,0.9576642,-0.6999999999999996,0.1533012,13.309713048377983,7.390346,101.3,0.23076923076923078,0.3,0.2608695652173913
closeness,N/A,rrg,0.30000000000000004,0.05,0.3,2,0.96,0.9614773,-0.20000000000000134,0.22956139,9.942805792234031,6.5411663,27.5,0.4166666666666667,0.5,0.45454545454545453
closeness,N/A,rrg,0.4,0.05,0.3,2,0.9566666666666667,0.96918195,-0.3000000000000003,0.38365173,8.808104107834424,5.203125,46.7,0.38461538461538464,0.5,0.4347826086956522
closeness,N/A,rrg,0.5,0.05,0.3,2,0.97,0.97192854,0.099999999999999,0.43858224,7.8829758933171945,4.5734353,29.9,0.5454545454545454,0.6,0.5714285714285713
closeness,N/A,rrg,0.6000000000000001,0.05,0.3,2,0.9666666666666667,0.97663206,0.0,0.53265077,6.460042390364919,3.6244857,15.4,0.5,0.6,0.5454545454545454
closeness,N/A,rrg,0.7000000000000001,0.05,0.3,2,0.9766666666666667,0.98105925,0.3000000000000003,0.6211928,4.930708673709031,3.3360505,15.9,0.6363636363636364,0.7,0.6666666666666666
closeness,N/A,rrg,0.8,0.05,0.3,2,0.98,0.9817149,0.39999999999999936,0.6343056,3.40801399458641,2.664318,12.8,0.6666666666666666,0.8,0.7272727272727272
closeness,N/A,rrg,0.9,0.05,0.3,2,0.9866666666666667,0.98403114,0.6000000000000006,0.6806294,2.138368374258927,2.178107,7.6,0.75,0.9,0.8181818181818182
closeness,N/A,rrg,1.0,0.05,0.3,2,0.9966666666666667,0.9880646,0.900000000000001,0.76129663,1.3574306054099858,1.7009946,5.5,0.9090909090909091,1.0,0.9523809523809523
closeness,N/A,rrg,0.0,0.1,0.3,2,0.8966666666666666,0.900001,0.0,0.0,28.268518051129867,15.6696615,152.5483870967742,0.0,0.0,0.0
closeness,N/A,rrg,0.1,0.1,0.3,2,0.8966666666666666,0.9028528,0.0,0.028518124,23.434952533111744,13.79237,137.09677419354838,0.5,0.0967741935483871,0.16216216216216214
closeness,N/A,rrg,0.2,0.1,0.3,2,0.8933333333333333,0.90525085,-0.032258064516128684,0.052499097,19.27189264025728,12.323706,99.29032258064517,0.4444444444444444,0.12903225806451613,0.19999999999999998
closeness,N/A,rrg,0.30000000000000004,0.1,0.3,2,0.9033333333333333,0.9220331,0.06451612903225845,0.220323,15.300798868050045,9.476038,81.16129032258064,0.5555555555555556,0.3225806451612903,0.40816326530612246
closeness,N/A,rrg,0.4,0.1,0.3,2,0.9133333333333333,0.9244314,0.16129032258064557,0.24430636,13.348272365010862,8.723335,76.48387096774194,0.6190476190476191,0.41935483870967744,0.5
closeness,N/A,rrg,0.5,0.1,0.3,2,0.9333333333333333,0.93553233,0.3548387096774198,0.35531694,10.397631630401444,7.319655,48.193548387096776,0.72,0.5806451612903226,0.6428571428571428
closeness,N/A,rrg,0.6000000000000001,0.1,0.3,2,0.95,0.95210856,0.5161290322580644,0.52108085,8.106207076188475,5.5469484,33.064516129032256,0.7666666666666667,0.7419354838709677,0.7540983606557377
closeness,N/A,rrg,0.7000000000000001,0.1,0.3,2,0.9666666666666667,0.9523088,0.67741935483871,0.52308303,5.971300304706618,4.9743004,26.64516129032258,0.8620689655172413,0.8064516129032258,0.8333333333333334
closeness,N/A,rrg,0.8,0.1,0.3,2,0.97,0.96108645,0.7096774193548386,0.61086065,5.132839873746865,3.8427522,21.806451612903224,0.84375,0.8709677419354839,0.8571428571428571
closeness,N/A,rrg,0.9,0.1,0.3,2,0.98,0.96770173,0.8064516129032258,0.6770141,3.8038554818653285,2.6941288,18.580645161290324,0.8787878787878788,0.9354838709677419,0.90625
closeness,N/A,rrg,1.0,0.1,0.3,2,0.9866666666666667,0.97560173,0.8709677419354842,0.7560149,2.191797157930241,1.7773072,16.06451612903226,0.8857142857142857,1.0,0.9393939393939393
closeness,N/A,rrg,0.0,0.2,0.3,2,0.8166666666666667,0.8000143,0.0,0.0,20.537416269852606,20.3095,136.45454545454547,0.0,0.0,0.0
closeness,N/A,rrg,0.1,0.2,0.3,2,0.82,0.8168443,0.018181818181817994,0.084155865,16.186011485549585,16.482248,139.01818181818183,0.5454545454545454,0.10909090909090909,0.1818181818181818
closeness,N/A,rrg,0.2,0.2,0.3,2,0.8466666666666667,0.8376424,0.16363636363636377,0.18815374,14.187133903763497,14.393636,97.52727272727273,0.8,0.21818181818181817,0.34285714285714286
closeness,N/A,rrg,0.30000000000000004,0.2,0.3,2,0.86,0.85362315,0.23636363636363636,0.26806337,12.318997847180654,12.207319,88.7090909090909,0.782608695652174,0.32727272727272727,0.46153846153846156
closeness,N/A,rrg,0.4,0.2,0.3,2,0.89,0.87116015,0.40000000000000013,0.35575464,10.824800739069826,10.688552,71.49090909090908,0.8928571428571429,0.45454545454545453,0.6024096385542169
closeness,N/A,rrg,0.5,0.2,0.3,2,0.9033333333333333,0.8872561,0.4727272727272727,0.43624008,8.279246273553476,8.834712,60.0,0.8611111111111112,0.5636363636363636,0.6813186813186813
closeness,N/A,rrg,0.6000000000000001,0.2,0.3,2,0.9,0.9105717,0.4545454545454547,0.55282646,7.026513633968103,6.4572163,51.69090909090909,0.8048780487804879,0.6,0.6875
closeness,N/A,rrg,0.7000000000000001,0.2,0.3,2,0.9233333333333333,0.923528,0.5818181818181819,0.6176127,5.245601968719615,5.5777626,38.872727272727275,0.82,0.7454545454545455,0.780952380952381
closeness,N/A,rrg,0.8,0.2,0.3,2,0.9366666666666666,0.94060916,0.6545454545454544,0.7030245,3.7587923221048047,3.7656837,34.345454545454544,0.8214285714285714,0.8363636363636363,0.8288288288288289
closeness,N/A,rrg,0.9,0.2,0.3,2,0.9533333333333334,0.9572266,0.7454545454545457,0.78611755,2.5165269233708956,2.7549243,30.054545454545455,0.847457627118644,0.9090909090909091,0.8771929824561402
closeness,N/A,rrg,1.0,0.2,0.3,2,0.9933333333333333,0.9735627,0.9636363636363634,0.8678041,1.635207886514561,1.8679392,28.0,0.9649122807017544,1.0,0.9821428571428572
closeness,N/A,rrg,0.0,0.3,0.3,2,0.6866666666666666,0.7000529,0.0,0.0,17.96148017040673,20.612104,146.7340425531915,0.0,0.0,0.0
closeness,N/A,rrg,0.1,0.3,0.3,2,0.7133333333333334,0.72583437,0.0851063829787236,0.08595334,14.415052700759682,17.374098,132.85106382978722,0.7857142857142857,0.11702127659574468,0.20370370370370372
closeness,N/A,rrg,0.2,0.3,0.3,2,0.74,0.7598678,0.17021276595744683,0.19941808,12.198152887911393,13.635931,110.18085106382979,0.75,0.2553191489361702,0.380952380952381
closeness,N/A,rrg,0.30000000000000004,0.3,0.3,2,0.7533333333333333,0.7921796,0.21276595744680846,0.30714306,10.73824177242881,11.470316,104.72340425531915,0.717391304347826,0.35106382978723405,0.4714285714285714
closeness,N/A,rrg,0.4,0.3,0.3,2,0.7966666666666666,0.8144291,0.351063829787234,0.38132122,9.291166643003644,9.928656,85.0,0.7796610169491526,0.48936170212765956,0.6013071895424836
closeness,N/A,rrg,0.5,0.3,0.3,2,0.8233333333333334,0.83554304,0.4361702127659576,0.4517134,8.425458804900211,9.147151,72.05319148936171,0.847457627118644,0.5319148936170213,0.6535947712418301
closeness,N/A,rrg,0.6000000000000001,0.3,0.3,2,0.8533333333333334,0.8664994,0.5319148936170215,0.5549196,6.8858769433198725,7.3858676,63.819148936170215,0.8676470588235294,0.6276595744680851,0.7283950617283951
closeness,N/A,rrg,0.7000000000000001,0.3,0.3,2,0.9,0.8985902,0.6808510638297873,0.66190773,5.901741993564482,5.784386,58.40425531914894,0.9,0.7659574468085106,0.8275862068965516
closeness,N/A,rrg,0.8,0.3,0.3,2,0.9466666666666667,0.92238474,0.8297872340425532,0.7412368,4.056095017099097,4.473642,50.46808510638298,0.9534883720930233,0.8723404255319149,0.9111111111111112
closeness,N/A,rrg,0.9,0.3,0.3,2,0.9666666666666667,0.94886434,0.8936170212765958,0.8295177,2.5765482700030335,2.8975146,48.52127659574468,0.9565217391304348,0.9361702127659575,0.9462365591397849
closeness,N/A,rrg,1.0,0.3,0.3,2,0.9866666666666667,0.97514445,0.9574468085106383,0.9171335,1.7651444478820182,1.7014364,47.54255319148936,0.9591836734693877,1.0,0.9791666666666666
closeness,N/A,rrg,0.0,0.4,0.3,2,0.58,0.6000774,0.0,0.0,12.09883347627515,18.732828,162.13492063492063,0.0,0.0,0.0
closeness,N/A,rrg,0.1,0.4,0.3,2,0.6166666666666667,0.63997436,0.08730158730158746,0.09976172,10.293442793224022,16.11272,140.9047619047619,0.7894736842105263,0.11904761904761904,0.2068965517241379
closeness,N/A,rrg,0.2,0.4,0.3,2,0.6566666666666666,0.6803586,0.1825396825396825,0.20074183,9.088493542780501,13.922064,120.96825396825396,0.8709677419354839,0.21428571428571427,0.34394904458598724
closeness,N/A,rrg,0.30000000000000004,0.4,0.3,2,0.6966666666666667,0.7230246,0.27777777777777785,0.30742753,8.023002156362654,12.148073,105.26190476190476,0.8888888888888888,0.31746031746031744,0.4678362573099415
closeness,N/A,rrg,0.4,0.4,0.3,2,0.7566666666666667,0.7616253,0.4206349206349208,0.4039479,6.475605642974733,10.155108,89.75396825396825,0.9206349206349206,0.4603174603174603,0.6137566137566137
closeness,N/A,rrg,0.5,0.4,0.3,2,0.8066666666666666,0.80312145,0.5396825396825397,0.5077084,4.874336287170234,7.833769,81.39682539682539,0.9146341463414634,0.5952380952380952,0.7211538461538461
closeness,N/A,rrg,0.6000000000000001,0.4,0.3,2,0.8433333333333334,0.8329777,0.6269841269841271,0.5823635,4.344196597025708,6.9431667,76.84126984126983,0.9340659340659341,0.6746031746031746,0.7834101382488479
closeness,N/A,rrg,0.7000000000000001,0.4,0.3,2,0.87,0.8707284,0.6904761904761905,0.6767584,3.491882451516001,5.6110725,71.23809523809524,0.9142857142857143,0.7619047619047619,0.8311688311688312
closeness,N/A,rrg,0.8,0.4,0.3,2,0.9133333333333333,0.90586424,0.7936507936507937,0.76461506,2.5616382962244337,4.428767,66.96825396825396,0.923728813559322,0.8650793650793651,0.8934426229508198
closeness,N/A,rrg,0.9,0.4,0.3,2,0.93,0.9447533,0.8333333333333335,0.8618565,1.867184297506265,2.749263,65.96031746031746,0.9069767441860465,0.9285714285714286,0.9176470588235294
closeness,N/A,rrg,1.0,0.4,0.3,2,0.9833333333333333,0.9771356,0.9603174603174602,0.94282794,1.2741444459670324,1.6481777,63.54761904761905,0.9618320610687023,1.0,0.9805447470817121
closeness,N/A,rrg,0.0,0.05,0.3,3,0.96,0.949999,0.0,0.0,18.850153631026092,9.984178,126.33333333333333,0.0,0.0,0.0
closeness,N/A,rrg,0.1,0.05,0.3,3,0.9633333333333334,0.94869995,0.08333333333333519,-0.02597994,16.902567822190257,9.284658,106.58333333333333,0.6666666666666666,0.16666666666666666,0.26666666666666666
closeness,N/A,rrg,0.2,0.05,0.3,3,0.9566666666666667,0.9574106,-0.08333333333333241,0.14822894,16.47311932978718,7.400902,71.08333333333333,0.4,0.16666666666666666,0.23529411764705882
closeness,N/A,rrg,0.30000000000000004,0.05,0.3,3,0.94,0.9578145,-0.5,0.1563076,13.977714462988237,6.550018,69.66666666666667,0.2,0.16666666666666666,0.1818181818181818
closeness,N/A,rrg,0.4,0.05,0.3,3,0.9366666666666666,0.9553718,-0.5833333333333324,0.10745424,11.90184207881288,6.428183,54.583333333333336,0.26666666666666666,0.3333333333333333,0.2962962962962963
closeness,N/A,rrg,0.5,0.05,0.3,3,0.9466666666666667,0.96227497,-0.3333333333333324,0.24551484,10.71235115688563,5.085271,33.083333333333336,0.3888888888888889,0.5833333333333334,0.4666666666666666
closeness,N/A,rrg,0.6000000000000001,0.05,0.3,3,0.9466666666666667,0.97054636,-0.3333333333333324,0.41093937,8.979399371655214,3.8672202,26.666666666666668,0.3888888888888889,0.5833333333333334,0.4666666666666666
closeness,N/A,rrg,0.7000000000000001,0.05,0.3,3,0.9566666666666667,0.97793967,-0.08333333333333241,0.55880237,7.596521975949013,3.1136634,14.916666666666666,0.47368421052631576,0.75,0.5806451612903226
closeness,N/A,rrg,0.8,0.05,0.3,3,0.98,0.98270345,0.5,0.65407604,5.324363468437342,2.9102426,9.916666666666666,0.6875,0.9166666666666666,0.7857142857142857
closeness,N/A,rrg,0.9,0.05,0.3,3,0.99,0.98132324,0.75,0.6264725,2.7963400917655017,2.4254403,8.916666666666666,0.8461538461538461,0.9166666666666666,0.8799999999999999
closeness,N/A,rrg,1.0,0.05,0.3,3,1.0,0.9860548,1.0,0.7211013,1.2485082199410948,1.8284935,6.5,1.0,1.0,1.0
closeness,N/A,rrg,0.0,0.1,0.3,3,0.9366666666666666,0.900001,0.0,0.0,19.599847504116692,15.683939,163.0,0.0,0.0,0.0
closeness,N/A,rrg,0.1,0.1,0.3,3,0.94,0.90784544,0.05263157894736787,0.078445256,16.58205240670476,13.420331,114.0,0.5714285714285714,0.21052631578947367,0.3076923076923077
closeness,N/A,rrg,0.2,0.1,0.3,3,0.9433333333333334,0.9135659,0.10526315789473749,0.13565019,13.841426069042928,11.695786,79.36842105263158,0.625,0.2631578947368421,0.37037037037037035
closeness,N/A,rrg,0.30000000000000004,0.1,0.3,3,0.93,0.9273692,-0.10526315789473574,0.2736846,13.104766353337691,9.353898,50.05263157894737,0.4444444444444444,0.42105263157894735,0.43243243243243246
closeness,N/A,rrg,0.4,0.1,0.3,3,0.9233333333333333,0.9358335,-0.21052631578947323,0.3583288,9.934653057491163,7.5946,35.21052631578947,0.4166666666666667,0.5263157894736842,0.46511627906976744
closeness,N/A,rrg,0.5,0.1,0.3,3,0.94,0.9451767,0.05263157894736787,0.45176178,7.726621914484228,6.2086687,27.473684210526315,0.5217391304347826,0.631578947368421,0.5714285714285715
closeness,N/A,rrg,0.6000000000000001,0.1,0.3,3,0.96,0.9523454,0.3684210526315786,0.523449,6.519910894639557,5.472461,19.68421052631579,0.6666666666666666,0.7368421052631579,0.7
closeness,N/A,rrg,0.7000000000000001,0.1,0.3,3,0.96,0.9588974,0.3684210526315786,0.58897007,6.777030016884662,4.1200113,20.31578947368421,0.6521739130434783,0.7894736842105263,0.7142857142857143
closeness,N/A,rrg,0.8,0.1,0.3,3,0.9666666666666667,0.9684401,0.47368421052631604,0.68439806,6.084202962759265,3.111536,14.31578947368421,0.6956521739130435,0.8421052631578947,0.761904761904762
closeness,N/A,rrg,0.9,0.1,0.3,3,0.9766666666666667,0.97348064,0.6315789473684215,0.7348038,3.4673076355228583,2.3220134,12.052631578947368,0.8,0.8421052631578947,0.8205128205128205
closeness,N/A,rrg,1.0,0.1,0.3,3,0.9933333333333333,0.98147947,0.8947368421052625,0.8147928,1.841568315706761,1.3679658,10.052631578947368,0.9047619047619048,1.0,0.9500000000000001
closeness,N/A,rrg,0.0,0.2,0.3,3,0.7866666666666666,0.8000143,0.0,0.0,23.52087860137438,20.340244,152.234375,0.0,0.0,0.0
closeness,N/A,rrg,0.1,0.2,0.3,3,0.7866666666666666,0.8146665,0.0,0.07326621,20.653664012113623,17.23425,129.15625,0.5,0.078125,0.13513513513513514
closeness,N/A,rrg,0.2,0.2,0.3,3,0.8,0.82741123,0.06250000000000039,0.13699439,16.326751332767397,14.861035,106.953125,0.5769230769230769,0.234375,0.3333333333333333
closeness,N/A,rrg,0.30000000000000004,0.2,0.3,3,0.83,0.8514121,0.20312499999999997,0.2570074,14.083619702324237,12.490694,78.03125,0.696969696969697,0.359375,0.4742268041237113
closeness,N/A,rrg,0.4,0.2,0.3,3,0.8533333333333334,0.8641933,0.3125000000000004,0.320918,12.201859256594656,11.378166,73.453125,0.7941176470588235,0.421875,0.5510204081632654
closeness,N/A,rrg,0.5,0.2,0.3,3,0.9,0.8840213,0.5312500000000002,0.4200649,8.81154113906454,8.864792,53.375,0.8541666666666666,0.640625,0.7321428571428571
closeness,N/A,rrg,0.6000000000000001,0.2,0.3,3,0.9133333333333333,0.91135395,0.5937500000000001,0.556738,7.040186729461541,6.315795,49.1875,0.8275862068965517,0.75,0.7868852459016394
closeness,N/A,rrg,0.7000000000000001,0.2,0.3,3,0.93,0.92687154,0.6718750000000003,0.6343315,5.341010915026821,5.3325334,40.484375,0.8524590163934426,0.8125,0.8319999999999999
closeness,N/A,rrg,0.8,0.2,0.3,3,0.9366666666666666,0.9403666,0.703125,0.7018118,4.397858201674247,4.36472,38.984375,0.8688524590163934,0.828125,0.8480000000000001
closeness,N/A,rrg,0.9,0.2,0.3,3,0.96,0.95466596,0.8124999999999999,0.7733136,2.770871321965102,3.1783903,33.859375,0.8714285714285714,0.953125,0.9104477611940298
closeness,N/A,rrg,1.0,0.2,0.3,3,0.9733333333333334,0.96810454,0.8750000000000002,0.84051126,1.8011630612217535,2.0137157,32.5625,0.8888888888888888,1.0,0.9411764705882353
closeness,N/A,rrg,0.0,0.3,0.3,3,0.66,0.7000529,0.0,0.0,17.3178701800708,20.37265,143.5686274509804,0.0,0.0,0.0
closeness,N/A,rrg,0.1,0.3,0.3,3,0.72,0.7297487,0.17647058823529396,0.099003494,14.15685633150036,17.190847,120.33333333333333,0.95,0.18627450980392157,0.3114754098360656
closeness,N/A,rrg,0.2,0.3,0.3,3,0.77,0.75945127,0.3235294117647059,0.19802944,11.392678202341624,14.525011,98.99019607843137,0.9230769230769231,0.35294117647058826,0.5106382978723405
closeness,N/A,rrg,0.30000000000000004,0.3,0.3,3,0.81,0.78488314,0.4411764705882354,0.2828173,9.517868211621492,12.354223,88.42156862745098,0.9411764705882353,0.47058823529411764,0.627450980392157
closeness,N/A,rrg,0.4,0.3,0.3,3,0.8266666666666667,0.81269646,0.4901960784313725,0.3755447,7.846009357588177,10.392235,79.36274509803921,0.9310344827586207,0.5294117647058824,0.6749999999999999
closeness,N/A,rrg,0.5,0.3,0.3,3,0.86,0.8459478,0.588235294117647,0.4864021,6.896234406731231,8.994879,70.29411764705883,0.9545454545454546,0.6176470588235294,0.75
closeness,N/A,rrg,0.6000000000000001,0.3,0.3,3,0.8766666666666667,0.87129474,0.6372549019607844,0.57090676,5.306013497478218,6.754231,65.90196078431373,0.922077922077922,0.696078431372549,0.7932960893854749
closeness,N/A,rrg,0.7000000000000001,0.3,0.3,3,0.8833333333333333,0.9000828,0.6568627450980391,0.666884,3.525098633915912,5.0477433,60.205882352941174,0.8764044943820225,0.7647058823529411,0.8167539267015707
closeness,N/A,rrg,0.8,0.3,0.3,3,0.9133333333333333,0.9273224,0.7450980392156863,0.75769854,2.6013005791232673,3.62655,56.0,0.8877551020408163,0.8529411764705882,0.87
closeness,N/A,rrg,0.9,0.3,0.3,3,0.9533333333333334,0.9544292,0.8627450980392157,0.84807056,2.3056297736369054,2.6353915,52.78431372549019,0.9489795918367347,0.9117647058823529,0.9300000000000002
closeness,N/A,rrg,1.0,0.3,0.3,3,0.99,0.9801483,0.9705882352941176,0.933816,1.0813449690988284,1.6371537,51.53921568627451,0.9714285714285714,1.0,0.9855072463768115
closeness,N/A,rrg,0.0,0.4,0.3,3,0.5666666666666667,0.6000774,0.0,0.0,12.961230268335706,18.796568,144.7923076923077,0.0,0.0,0.0
closeness,N/A,rrg,0.1,0.4,0.3,3,0.6033333333333334,0.6373695,0.08461538461538477,0.093248345,11.665696835156298,16.450623,130.84615384615384,0.7894736842105263,0.11538461538461539,0.20134228187919465
closeness,N/A,rrg,0.2,0.4,0.3,3,0.65,0.6755483,0.19230769230769237,0.18871382,10.714802477908755,14.403581,115.63076923076923,0.9032258064516129,0.2153846153846154,0.34782608695652173
closeness,N/A,rrg,0.30000000000000004,0.4,0.3,3,0.7033333333333334,0.7183687,0.3153846153846155,0.29578552,9.132403208786313,11.984785,105.99230769230769,0.9183673469387755,0.34615384615384615,0.5027932960893854
closeness,N/A,rrg,0.4,0.4,0.3,3,0.7533333333333333,0.7545111,0.43076923076923074,0.38615903,7.934149586025249,10.359845,92.21538461538462,0.9117647058823529,0.47692307692307695,0.6262626262626263
closeness,N/A,rrg,0.5,0.4,0.3,3,0.7933333333333333,0.79304796,0.5230769230769231,0.4825198,6.723355145586917,8.478453,83.02307692307693,0.925,0.5692307692307692,0.7047619047619047
closeness,N/A,rrg,0.6000000000000001,0.4,0.3,3,0.8333333333333334,0.83509177,0.6153846153846155,0.58764964,4.868639824199201,6.439108,79.02307692307693,0.9,0.6923076923076923,0.7826086956521738
closeness,N/A,rrg,0.7000000000000001,0.4,0.3,3,0.8733333333333333,0.8703737,0.7076923076923076,0.6758716,4.147647665701969,5.0706925,73.88461538461539,0.9339622641509434,0.7615384615384615,0.8389830508474575
closeness,N/A,rrg,0.8,0.4,0.3,3,0.92,0.9115318,0.8153846153846155,0.7787867,2.8361781036996208,3.4609962,69.43846153846154,0.9416666666666667,0.8692307692307693,0.904
closeness,N/A,rrg,0.9,0.4,0.3,3,0.9466666666666667,0.9485026,0.8769230769230769,0.8712316,1.9500108915770504,2.2068615,66.99230769230769,0.9523809523809523,0.9230769230769231,0.9375
closeness,N/A,rrg,1.0,0.4,0.3,3,0.9766666666666667,0.98094404,0.9461538461538462,0.95235085,1.1772391530765594,1.0963259,66.04615384615384,0.948905109489051,1.0,0.9737827715355805
closeness,N/A,rrg,0.0,0.05,0.3,4,0.9333333333333333,0.949999,0.0,0.0,25.486096343003382,10.017861,158.95,0.0,0.0,0.0
closeness,N/A,rrg,0.1,0.05,0.3,4,0.93,0.9421224,-0.0499999999999995,-0.15752827,18.979912688353366,9.778146,113.15,0.4444444444444444,0.2,0.2758620689655173
closeness,N/A,rrg,0.2,0.05,0.3,4,0.9333333333333333,0.9495262,0.0,-0.009455487,15.889721913976507,8.141408,83.4,0.5,0.35,0.4117647058823529
closeness,N/A,rrg,0.30000000000000004,0.05,0.3,4,0.9333333333333333,0.9542023,0.0,0.08406467,12.751667448125966,7.023288,65.55,0.5,0.45,0.4736842105263158
closeness,N/A,rrg,0.4,0.05,0.3,4,0.9433333333333334,0.955777,0.15000000000000016,0.115557924,10.001416642817594,6.3558865,28.55,0.5789473684210527,0.55,0.5641025641025641
closeness,N/A,rrg,0.5,0.05,0.3,4,0.97,0.96457195,0.5499999999999995,0.29145357,8.884573659980163,5.402106,19.85,0.7894736842105263,0.75,0.7692307692307692
closeness,N/A,rrg,0.6000000000000001,0.05,0.3,4,0.9766666666666667,0.9706909,0.6500000000000001,0.41383013,7.679905124786501,4.2968493,18.65,0.8095238095238095,0.85,0.8292682926829269
closeness,N/A,rrg,0.7000000000000001,0.05,0.3,4,0.97,0.97009176,0.5499999999999995,0.40184748,5.020257391715953,3.5760775,18.2,0.7391304347826086,0.85,0.7906976744186046
closeness,N/A,rrg,0.8,0.05,0.3,4,0.9733333333333334,0.97564584,0.6000000000000006,0.5129268,4.56433625590093,2.7584345,17.15,0.7727272727272727,0.85,0.8095238095238095
closeness,N/A,rrg,0.9,0.05,0.3,4,0.9866666666666667,0.9787259,0.8000000000000004,0.5745269,3.2417555033106167,2.2157476,12.7,0.8636363636363636,0.95,0.9047619047619048
closeness,N/A,rrg,1.0,0.05,0.3,4,0.9966666666666667,0.982288,0.9500000000000005,0.64576733,1.8439519203024486,1.7793943,10.5,0.9523809523809523,1.0,0.975609756097561
closeness,N/A,rrg,0.0,0.1,0.3,4,0.9066666666666666,0.900001,0.0,0.0,23.805876552060468,15.69789,173.17857142857142,0.0,0.0,0.0
closeness,N/A,rrg,0.1,0.1,0.3,4,0.9133333333333333,0.8972064,0.07142857142857185,-0.027945913,18.90291555552,13.888716,122.21428571428571,0.6,0.21428571428571427,0.3157894736842105
closeness,N/A,rrg,0.2,0.1,0.3,4,0.91,0.9007138,0.035714285714286524,0.00712819,15.448964641052287,11.431189,81.25,0.5263157894736842,0.35714285714285715,0.425531914893617
closeness,N/A,rrg,0.30000000000000004,0.1,0.3,4,0.9133333333333333,0.91303325,0.07142857142857185,0.13032387,12.73467412243399,9.671911,62.642857142857146,0.5384615384615384,0.5,0.5185185185185186
closeness,N/A,rrg,0.4,0.1,0.3,4,0.9133333333333333,0.9248562,0.07142857142857185,0.24855442,12.428625930200647,8.167292,54.285714285714285,0.5416666666666666,0.4642857142857143,0.5
closeness,N/A,rrg,0.5,0.1,0.3,4,0.9166666666666666,0.9392977,0.10714285714285718,0.39297074,11.750334028840149,7.0064096,40.5,0.56,0.5,0.5283018867924528
closeness,N/A,rrg,0.6000000000000001,0.1,0.3,4,0.9466666666666667,0.9502468,0.4285714285714287,0.50246316,9.027582171322734,5.768946,29.107142857142858,0.7727272727272727,0.6071428571428571,0.68
closeness,N/A,rrg,0.7000000000000001,0.1,0.3,4,0.9533333333333334,0.9604481,0.5000000000000006,0.6044769,7.5639989041111555,4.3635035,20.642857142857142,0.7692307692307693,0.7142857142857143,0.7407407407407408
closeness,N/A,rrg,0.8,0.1,0.3,4,0.9766666666666667,0.966249,0.7500000000000003,0.66248655,5.061929941593834,3.424021,20.0,0.8888888888888888,0.8571428571428571,0.8727272727272727
closeness,N/A,rrg,0.9,0.1,0.3,4,0.9833333333333333,0.97547305,0.821428571428571,0.754728,4.101088896030912,2.6408813,16.214285714285715,0.896551724137931,0.9285714285714286,0.912280701754386
closeness,N/A,rrg,1.0,0.1,0.3,4,0.9966666666666667,0.9826474,0.9642857142857146,0.82647246,1.9937519614902453,1.7267911,14.785714285714286,0.9655172413793104,1.0,0.9824561403508771
closeness,N/A,rrg,0.0,0.2,0.3,4,0.78,0.8000143,0.0,0.0,23.123243297733286,20.311419,151.1969696969697,0.0,0.0,0.0
closeness,N/A,rrg,0.1,0.2,0.3,4,0.7966666666666666,0.8164671,0.0757575757575755,0.08226983,19.489354177620797,17.065088,134.62121212121212,0.7272727272727273,0.12121212121212122,0.2077922077922078
closeness,N/A,rrg,0.2,0.2,0.3,4,0.82,0.83553445,0.1818181818181815,0.17761339,16.204624604136256,14.175612,111.62121212121212,0.75,0.2727272727272727,0.39999999999999997
closeness,N/A,rrg,0.30000000000000004,0.2,0.3,4,0.84,0.8548696,0.2727272727272725,0.27429608,14.2003450600554,11.942228,89.8030303030303,0.8214285714285714,0.3484848484848485,0.4893617021276596
closeness,N/A,rrg,0.4,0.2,0.3,4,0.8566666666666667,0.8768449,0.3484848484848485,0.38418034,11.37443145469902,9.696017,69.78787878787878,0.8484848484848485,0.42424242424242425,0.5656565656565657
closeness,N/A,rrg,0.5,0.2,0.3,4,0.8766666666666667,0.8942228,0.4393939393939395,0.47107613,10.035444654219267,7.991721,65.89393939393939,0.8918918918918919,0.5,0.6407766990291263
closeness,N/A,rrg,0.6000000000000001,0.2,0.3,4,0.9033333333333333,0.9104604,0.5606060606060606,0.55227,8.393062853752994,6.495633,53.0,0.9111111111111111,0.6212121212121212,0.7387387387387386
closeness,N/A,rrg,0.7000000000000001,0.2,0.3,4,0.93,0.92980665,0.681818181818182,0.6490081,6.345518274721962,5.0321465,43.06060606060606,0.9411764705882353,0.7272727272727273,0.8205128205128205
closeness,N/A,rrg,0.8,0.2,0.3,4,0.96,0.9469828,0.818181818181818,0.73489505,4.5650932755873574,3.8273919,36.15151515151515,0.9354838709677419,0.8787878787878788,0.90625
closeness,N/A,rrg,0.9,0.2,0.3,4,0.98,0.9673181,0.909090909090909,0.8365789,3.266119547427594,2.6310828,34.13636363636363,0.96875,0.9393939393939394,0.9538461538461539
closeness,N/A,rrg,1.0,0.2,0.3,4,0.9933333333333333,0.9830131,0.9696969696969695,0.9150594,1.209894168279394,1.6476063,33.54545454545455,0.9705882352941176,1.0,0.9850746268656716
closeness,N/A,rrg,0.0,0.3,0.3,4,0.7166666666666667,0.7000266,0.0,0.0,15.552407974814269,20.30466,155.83529411764707,0.0,0.0,0.0
closeness,N/A,rrg,0.1,0.3,0.3,4,0.74,0.7303297,0.08235294117647053,0.10101935,13.793363012718377,17.589283,131.68235294117648,0.7692307692307693,0.11764705882352941,0.2040816326530612
closeness,N/A,rrg,0.2,0.3,0.3,4,0.7633333333333333,0.7570706,0.16470588235294106,0.19016361,11.649901553574534,15.067684,104.6,0.7916666666666666,0.2235294117647059,0.3486238532110092
closeness,N/A,rrg,0.30000000000000004,0.3,0.3,4,0.7866666666666666,0.7889166,0.2470588235294116,0.2963263,10.744051980364212,12.556075,94.62352941176471,0.7560975609756098,0.36470588235294116,0.49206349206349204
closeness,N/A,rrg,0.4,0.3,0.3,4,0.8133333333333334,0.8155603,0.34117647058823536,0.38514647,9.627298440057267,10.594362,79.69411764705882,0.8222222222222222,0.43529411764705883,0.5692307692307692
closeness,N/A,rrg,0.5,0.3,0.3,4,0.8466666666666667,0.8473873,0.45882352941176474,0.49124599,8.184777856684528,8.142698,68.7764705882353,0.8421052631578947,0.5647058823529412,0.676056338028169
closeness,N/A,rrg,0.6000000000000001,0.3,0.3,4,0.8766666666666667,0.87108094,0.5647058823529413,0.57023174,7.22437188256935,7.495008,61.03529411764706,0.9,0.6352941176470588,0.7448275862068966
closeness,N/A,rrg,0.7000000000000001,0.3,0.3,4,0.9066666666666666,0.9013447,0.6705882352941175,0.6711199,5.617771353702581,5.394782,53.83529411764706,0.9253731343283582,0.7294117647058823,0.8157894736842104
closeness,N/A,rrg,0.8,0.3,0.3,4,0.9266666666666666,0.9199656,0.7411764705882352,0.7331951,4.3412684606209515,4.315825,50.1764705882353,0.9565217391304348,0.7764705882352941,0.8571428571428571
closeness,N/A,rrg,0.9,0.3,0.3,4,0.9533333333333334,0.9461457,0.835294117647059,0.8204698,3.341860842918001,3.1099484,46.2,0.9493670886075949,0.8823529411764706,0.9146341463414634
closeness,N/A,rrg,1.0,0.3,0.3,4,0.9866666666666667,0.9714681,0.9529411764705883,0.90488523,1.5738802576929078,1.6932888,43.023529411764706,0.9550561797752809,1.0,0.9770114942528736
closeness,N/A,rrg,0.0,0.4,0.3,4,0.6233333333333333,0.6000774,0.0,0.0,12.0745092797948,18.917585,144.34513274336283,0.0,0.0,0.0
closeness,N/A,rrg,0.1,0.4,0.3,4,0.6733333333333333,0.64234215,0.1327433628318585,0.10568234,10.250454911485955,15.744349,130.52212389380531,0.8947368421052632,0.1504424778761062,0.25757575757575757
closeness,N/A,rrg,0.2,0.4,0.3,4,0.6966666666666667,0.68678856,0.19469026548672572,0.21681987,8.820764998306798,13.651254,113.60176991150442,0.8235294117647058,0.24778761061946902,0.380952380952381
closeness,N/A,rrg,0.30000000000000004,0.4,0.3,4,0.7333333333333333,0.7207109,0.29203539823008845,0.30164206,7.821281917104716,12.512914,100.78761061946902,0.8666666666666667,0.34513274336283184,0.49367088607594944
closeness,N/A,rrg,0.4,0.4,0.3,4,0.7666666666666667,0.76179796,0.38053097345132764,0.40437967,6.6673387190416875,10.2264,90.07964601769912,0.9056603773584906,0.4247787610619469,0.5783132530120482
closeness,N/A,rrg,0.5,0.4,0.3,4,0.8066666666666666,0.8018096,0.48672566371681414,0.50442815,5.931421105372297,8.632727,77.60176991150442,0.9104477611940298,0.5398230088495575,0.6777777777777777
closeness,N/A,rrg,0.6000000000000001,0.4,0.3,4,0.8433333333333334,0.8404473,0.5840707964601771,0.6010411,4.7536277033666545,6.904631,70.23893805309734,0.9230769230769231,0.6371681415929203,0.7539267015706808
closeness,N/A,rrg,0.7000000000000001,0.4,0.3,4,0.88,0.87210256,0.6814159292035399,0.6801945,3.743228915387145,5.5102215,65.2566371681416,0.9425287356321839,0.7256637168141593,0.82
closeness,N/A,rrg,0.8,0.4,0.3,4,0.9033333333333333,0.91032034,0.7433628318584071,0.7757575,2.7485358158403557,3.5653427,61.530973451327434,0.9468085106382979,0.7876106194690266,0.859903381642512
closeness,N/A,rrg,0.9,0.4,0.3,4,0.94,0.9456676,0.8407079646017698,0.8641428,1.7906987133081322,2.2515686,58.92920353982301,0.9279279279279279,0.911504424778761,0.9196428571428571
closeness,N/A,rrg,1.0,0.4,0.3,4,0.99,0.9793507,0.9734513274336283,0.9483667,1.3301481244707478,1.3931522,57.02654867256637,0.9741379310344828,1.0,0.9868995633187774
closeness,N/A,rrg,0.0,0.05,0.3,5,0.93,0.949999,0.0,0.0,25.203952889945946,10.019103,155.61904761904762,0.0,0.0,0.0
closeness,N/A,rrg,0.1,0.05,0.3,5,0.9266666666666666,0.9434358,-0.047619047619048754,-0.13126104,20.773181281753562,10.033718,137.85714285714286,0.3333333333333333,0.047619047619047616,0.08333333333333333
closeness,N/A,rrg,0.2,0.05,0.3,5,0.91,0.93794924,-0.28571428571428614,-0.24098974,17.763048407170743,9.199748,102.14285714285714,0.125,0.047619047619047616,0.06896551724137931
closeness,N/A,rrg,0.30000000000000004,0.05,0.3,5,0.9033333333333333,0.9543034,-0.3809523809523821,0.086086415,13.997777127302486,6.462431,95.04761904761905,0.2777777777777778,0.23809523809523808,0.25641025641025644
closeness,N/A,rrg,0.4,0.05,0.3,5,0.9166666666666666,0.95974326,-0.19047619047619183,0.19488174,11.98282984701891,5.3126383,63.333333333333336,0.375,0.2857142857142857,0.3243243243243243
closeness,N/A,rrg,0.5,0.05,0.3,5,0.94,0.9594338,0.1428571428571415,0.18869251,10.385151120575948,4.9787583,47.76190476190476,0.6,0.42857142857142855,0.5
closeness,N/A,rrg,0.6000000000000001,0.05,0.3,5,0.94,0.9662342,0.1428571428571415,0.324698,7.783386941658909,4.2809615,38.42857142857143,0.5882352941176471,0.47619047619047616,0.5263157894736842
closeness,N/A,rrg,0.7000000000000001,0.05,0.3,5,0.95,0.96985596,0.2857142857142846,0.39713165,6.095847947144008,3.200044,26.238095238095237,0.65,0.6190476190476191,0.6341463414634146
closeness,N/A,rrg,0.8,0.05,0.3,5,0.9666666666666667,0.97010577,0.5238095238095236,0.4021276,3.6238830174169454,2.8696258,18.333333333333332,0.7391304347826086,0.8095238095238095,0.7727272727272727
closeness,N/A,rrg,0.9,0.05,0.3,5,0.9866666666666667,0.9766958,0.8095238095238098,0.53392506,2.3960322091466204,2.273739,11.19047619047619,0.8695652173913043,0.9523809523809523,0.909090909090909
closeness,N/A,rrg,1.0,0.05,0.3,5,1.0,0.98131305,1.0,0.6262687,1.511259158819328,1.5572703,11.0,1.0,1.0,1.0
closeness,N/A,rrg,0.0,0.1,0.3,5,0.9033333333333333,0.900001,0.0,0.0,24.336319342263373,15.705758,148.06896551724137,0.0,0.0,0.0
closeness,N/A,rrg,0.1,0.1,0.3,5,0.9066666666666666,0.90099835,0.0344827586206893,0.009973744,19.72716391945002,13.781299,118.27586206896552,0.5454545454545454,0.20689655172413793,0.3
closeness,N/A,rrg,0.2,0.1,0.3,5,0.9033333333333333,0.9047994,0.0,0.047984596,16.856902635481553,12.147048,107.41379310344827,0.5,0.2413793103448276,0.32558139534883723
closeness,N/A,rrg,0.30000000000000004,0.1,0.3,5,0.91,0.92206603,0.06896551724137974,0.22065262,15.185913766316762,9.7831135,86.82758620689656,0.5714285714285714,0.27586206896551724,0.37209302325581395
closeness,N/A,rrg,0.4,0.1,0.3,5,0.92,0.92499185,0.1724137931034488,0.24991104,11.671451494706732,8.224102,65.24137931034483,0.6190476190476191,0.4482758620689655,0.52
closeness,N/A,rrg,0.5,0.1,0.3,5,0.9433333333333334,0.9361837,0.4137931034482762,0.3618306,9.96937167192949,7.069912,46.275862068965516,0.7727272727272727,0.5862068965517241,0.6666666666666667
closeness,N/A,rrg,0.6000000000000001,0.1,0.3,5,0.95,0.94232494,0.48275862068965475,0.42324367,7.459752100849764,6.050483,35.13793103448276,0.7916666666666666,0.6551724137931034,0.7169811320754716
closeness,N/A,rrg,0.7000000000000001,0.1,0.3,5,0.95,0.95235944,0.48275862068965475,0.5235897,6.361343010482209,4.455555,27.20689655172414,0.75,0.7241379310344828,0.736842105263158
closeness,N/A,rrg,0.8,0.1,0.3,5,0.96,0.96712404,0.5862068965517239,0.6712372,5.028607987752088,3.2526765,21.79310344827586,0.7575757575757576,0.8620689655172413,0.8064516129032258
closeness,N/A,rrg,0.9,0.1,0.3,5,0.9766666666666667,0.9731663,0.7586206896551726,0.7316602,3.8991883938880125,2.643269,19.96551724137931,0.84375,0.9310344827586207,0.8852459016393444
closeness,N/A,rrg,1.0,0.1,0.3,5,0.9933333333333333,0.9812213,0.9310344827586202,0.81221133,1.9865399363900458,1.8528172,15.0,0.9354838709677419,1.0,0.9666666666666666
closeness,N/A,rrg,0.0,0.2,0.3,5,0.79,0.8000143,0.0,0.0,21.050423384925434,20.304226,135.63492063492063,0.0,0.0,0.0
closeness,N/A,rrg,0.1,0.2,0.3,5,0.8033333333333333,0.8156641,0.06349206349206338,0.07825458,17.813048811515756,17.051453,120.66666666666667,0.7,0.1111111111111111,0.19178082191780818
closeness,N/A,rrg,0.2,0.2,0.3,5,0.8366666666666667,0.82975996,0.2222222222222221,0.14873885,14.475913198158686,14.815987,100.61904761904762,0.8181818181818182,0.2857142857142857,0.4235294117647059
closeness,N/A,rrg,0.30000000000000004,0.2,0.3,5,0.86,0.84974355,0.33333333333333315,0.24866395,12.610842569796397,12.912307,90.82539682539682,0.8387096774193549,0.4126984126984127,0.553191489361702
closeness,N/A,rrg,0.4,0.2,0.3,5,0.8666666666666667,0.87145734,0.3650793650793651,0.35724068,9.682242670572574,10.411091,72.65079365079364,0.7804878048780488,0.5079365079365079,0.6153846153846154
closeness,N/A,rrg,0.5,0.2,0.3,5,0.88,0.8891406,0.4285714285714285,0.44566333,9.28605599062497,8.460163,60.3968253968254,0.7872340425531915,0.5873015873015873,0.6727272727272727
closeness,N/A,rrg,0.6000000000000001,0.2,0.3,5,0.9,0.9156889,0.5238095238095238,0.5784142,7.7654698136818725,6.8361883,50.77777777777778,0.851063829787234,0.6349206349206349,0.7272727272727273
closeness,N/A,rrg,0.7000000000000001,0.2,0.3,5,0.9166666666666666,0.9286554,0.6031746031746029,0.6432514,5.308614389684555,5.3061314,41.93650793650794,0.8518518518518519,0.7301587301587301,0.7863247863247863
closeness,N/A,rrg,0.8,0.2,0.3,5,0.9466666666666667,0.9416517,0.7460317460317459,0.70823765,4.177777208334728,3.9187517,38.42857142857143,0.8852459016393442,0.8571428571428571,0.8709677419354839
closeness,N/A,rrg,0.9,0.2,0.3,5,0.97,0.9630392,0.857142857142857,0.81518286,3.0321708188497376,2.9139276,33.714285714285715,0.9354838709677419,0.9206349206349206,0.9279999999999999
closeness,N/A,rrg,1.0,0.2,0.3,5,0.9933333333333333,0.97791237,0.968253968253968,0.8895539,1.5510933214523912,1.9865993,32.04761904761905,0.9692307692307692,1.0,0.9843749999999999
closeness,N/A,rrg,0.0,0.3,0.3,5,0.6766666666666666,0.7000266,0.0,0.0,17.5566010840698,20.361364,146.79381443298968,0.0,0.0,0.0
closeness,N/A,rrg,0.1,0.3,0.3,5,0.7033333333333334,0.7307192,0.08247422680412389,0.102317855,14.113656437628233,16.595476,126.01030927835052,0.7222222222222222,0.13402061855670103,0.22608695652173913
closeness,N/A,rrg,0.2,0.3,0.3,5,0.73,0.7593991,0.16494845360824745,0.19792601,12.498167819505294,14.969342,103.04123711340206,0.8076923076923077,0.21649484536082475,0.3414634146341464
closeness,N/A,rrg,0.30000000000000004,0.3,0.3,5,0.75,0.78726023,0.22680412371134026,0.29080462,10.601647772783378,12.5247345,97.96907216494846,0.7619047619047619,0.32989690721649484,0.460431654676259
closeness,N/A,rrg,0.4,0.3,0.3,5,0.8,0.8155883,0.38144329896907236,0.38523987,9.319620984725029,10.93965,85.97938144329896,0.8775510204081632,0.44329896907216493,0.5890410958904109
closeness,N/A,rrg,0.5,0.3,0.3,5,0.83,0.84144914,0.47422680412371127,0.47145033,7.744561797105944,9.254977,75.09278350515464,0.896551724137931,0.5360824742268041,0.6709677419354839
closeness,N/A,rrg,0.6000000000000001,0.3,0.3,5,0.8833333333333333,0.8715718,0.6391752577319587,0.571868,5.721018219385363,7.298934,62.78350515463917,0.9305555555555556,0.6907216494845361,0.7928994082840237
closeness,N/A,rrg,0.7000000000000001,0.3,0.3,5,0.9066666666666666,0.8985973,0.7113402061855669,0.6619611,4.788457346979744,5.953662,55.50515463917526,0.9367088607594937,0.7628865979381443,0.8409090909090907
closeness,N/A,rrg,0.8,0.3,0.3,5,0.9266666666666666,0.92587423,0.7731958762886597,0.7528922,4.025876164837069,4.2562184,52.51546391752577,0.9213483146067416,0.845360824742268,0.8817204301075268
closeness,N/A,rrg,0.9,0.3,0.3,5,0.96,0.95225364,0.8762886597938143,0.84083134,2.550368013538591,2.860041,49.855670103092784,0.9473684210526315,0.9278350515463918,0.9374999999999999
closeness,N/A,rrg,1.0,0.3,0.3,5,0.99,0.97755694,0.9690721649484536,0.9251832,1.7352638841677406,1.8922746,49.01030927835052,0.97,1.0,0.9847715736040609
closeness,N/A,rrg,0.0,0.4,0.3,5,0.62,0.6000774,0.0,0.0,12.135035182953889,18.703003,156.89473684210526,0.0,0.0,0.0
closeness,N/A,rrg,0.1,0.4,0.3,5,0.6566666666666666,0.644373,0.09649122807017532,0.11076045,10.911506611803242,16.021545,135.12280701754386,0.8666666666666667,0.11403508771929824,0.20155038759689922
closeness,N/A,rrg,0.2,0.4,0.3,5,0.68,0.6889507,0.1578947368421054,0.2222263,9.598999863561959,13.950389,115.86842105263158,0.7647058823529411,0.22807017543859648,0.3513513513513513
closeness,N/A,rrg,0.30000000000000004,0.4,0.3,5,0.71,0.72792447,0.2368421052631578,0.31967953,8.590103235307378,12.228835,99.6140350877193,0.7755102040816326,0.3333333333333333,0.4662576687116564
closeness,N/A,rrg,0.4,0.4,0.3,5,0.7533333333333333,0.76322526,0.35087719298245607,0.40794858,7.052086388465629,10.24167,83.7719298245614,0.8333333333333334,0.43859649122807015,0.574712643678161
closeness,N/A,rrg,0.5,0.4,0.3,5,0.7966666666666666,0.80309784,0.46491228070175433,0.50764936,5.794578576545619,8.391117,77.34210526315789,0.863013698630137,0.5526315789473685,0.6737967914438503
closeness,N/A,rrg,0.6000000000000001,0.4,0.3,5,0.8433333333333334,0.8413558,0.5877192982456142,0.60331273,4.603744090366509,6.9197745,69.8157894736842,0.8941176470588236,0.6666666666666666,0.7638190954773869
closeness,N/A,rrg,0.7000000000000001,0.4,0.3,5,0.8733333333333333,0.8731524,0.6666666666666665,0.68281955,3.833224943341511,5.4193206,66.17543859649123,0.9222222222222223,0.7280701754385965,0.8137254901960784
closeness,N/A,rrg,0.8,0.4,0.3,5,0.9033333333333333,0.90938354,0.7456140350877193,0.773415,2.9505107384867326,3.9549935,62.3859649122807,0.9207920792079208,0.8157894736842105,0.8651162790697674
closeness,N/A,rrg,0.9,0.4,0.3,5,0.9433333333333334,0.9474697,0.8508771929824562,0.8686489,2.1340324077457313,2.7095912,58.8859649122807,0.9369369369369369,0.9122807017543859,0.9244444444444444
closeness,N/A,rrg,1.0,0.4,0.3,5,0.9766666666666667,0.9826735,0.9385964912280702,0.9566754,1.4026777708874214,1.5745664,57.780701754385966,0.9421487603305785,1.0,0.9702127659574468
closeness,N/A,rrg,0.0,0.05,0.3,6,0.94,0.949999,0.0,0.0,25.6753017166479,9.953922,195.5,0.0,0.0,0.0
closeness,N/A,rrg,0.1,0.05,0.3,6,0.9333333333333333,0.95319355,-0.11111111111110988,0.0638901,21.43533847788685,8.667828,156.55555555555554,0.25,0.05555555555555555,0.0909090909090909
closeness,N/A,rrg,0.2,0.05,0.3,6,0.9166666666666666,0.93802875,-0.3888888888888883,-0.23939954,15.955923806742646,8.8615675,117.94444444444444,0.18181818181818182,0.1111111111111111,0.13793103448275862
closeness,N/A,rrg,0.30000000000000004,0.05,0.3,6,0.93,0.9471456,-0.16666666666666483,-0.0570667,13.163850018039145,7.504069,79.16666666666667,0.38461538461538464,0.2777777777777778,0.3225806451612903
closeness,N/A,rrg,0.4,0.05,0.3,6,0.9466666666666667,0.9581019,0.11111111111111173,0.16205575,10.974590730004184,5.9796295,64.0,0.5625,0.5,0.5294117647058824
closeness,N/A,rrg,0.5,0.05,0.3,6,0.94,0.9588278,0.0,0.17657275,8.543008639509805,5.1779833,33.0,0.5,0.6111111111111112,0.55
closeness,N/A,rrg,0.6000000000000001,0.05,0.3,6,0.9533333333333334,0.9719018,0.22222222222222346,0.43804702,6.288566389511293,3.8171644,28.444444444444443,0.5833333333333334,0.7777777777777778,0.6666666666666666
closeness,N/A,rrg,0.7000000000000001,0.05,0.3,6,0.9633333333333334,0.9766582,0.3888888888888901,0.5331741,5.021436893067617,3.1715794,19.77777777777778,0.6521739130434783,0.8333333333333334,0.7317073170731708
closeness,N/A,rrg,0.8,0.05,0.3,6,0.97,0.98079246,0.5,0.6158571,4.220136920650418,2.5511668,16.5,0.7142857142857143,0.8333333333333334,0.7692307692307692
closeness,N/A,rrg,0.9,0.05,0.3,6,0.9866666666666667,0.9787071,0.7777777777777783,0.5741502,2.1331566698442717,2.2957687,11.166666666666666,0.85,0.9444444444444444,0.8947368421052632
closeness,N/A,rrg,1.0,0.05,0.3,6,0.9933333333333333,0.98142743,0.8888888888888883,0.62855625,1.3573973818878347,1.9439689,9.5,0.9,1.0,0.9473684210526316
closeness,N/A,rrg,0.0,0.1,0.3,6,0.9066666666666666,0.900001,0.0,0.0,21.114586549078403,15.688663,126.78571428571429,0.0,0.0,0.0
closeness,N/A,rrg,0.1,0.1,0.3,6,0.9,0.9078172,-0.07142857142857066,0.07816273,17.82344357328881,12.829578,118.75,0.375,0.10714285714285714,0.16666666666666666
closeness,N/A,rrg,0.2,0.1,0.3,6,0.9,0.9112877,-0.07142857142857066,0.11286847,15.783804853303305,11.1899,90.64285714285714,0.4166666666666667,0.17857142857142858,0.25
closeness,N/A,rrg,0.30000000000000004,0.1,0.3,6,0.9066666666666666,0.9215633,0.0,0.21562551,13.347651835252703,9.588964,67.35714285714286,0.5,0.32142857142857145,0.391304347826087
closeness,N/A,rrg,0.4,0.1,0.3,6,0.9133333333333333,0.92869943,0.07142857142857185,0.28698727,11.145301318799927,8.07319,59.285714285714285,0.5454545454545454,0.42857142857142855,0.4799999999999999
closeness,N/A,rrg,0.5,0.1,0.3,6,0.92,0.9447561,0.1428571428571437,0.44755545,11.204500879410098,6.673676,47.464285714285715,0.5909090909090909,0.4642857142857143,0.52
closeness,N/A,rrg,0.6000000000000001,0.1,0.3,6,0.9133333333333333,0.95849836,0.07142857142857185,0.5849795,9.958271950697071,4.6912627,39.285714285714285,0.5384615384615384,0.5,0.5185185185185186
closeness,N/A,rrg,0.7000000000000001,0.1,0.3,6,0.93,0.9614819,0.2500000000000009,0.6148155,7.773624250941657,3.8899,33.642857142857146,0.64,0.5714285714285714,0.6037735849056605
closeness,N/A,rrg,0.8,0.1,0.3,6,0.9533333333333334,0.9661142,0.5000000000000006,0.6611389,4.839898124353301,3.351825,26.178571428571427,0.7916666666666666,0.6785714285714286,0.7307692307692307
closeness,N/A,rrg,0.9,0.1,0.3,6,0.9733333333333334,0.97660774,0.714285714285715,0.7660751,2.8771331790683563,2.156654,19.607142857142858,0.8846153846153846,0.8214285714285714,0.8518518518518519
closeness,N/A,rrg,1.0,0.1,0.3,6,0.9966666666666667,0.98382366,0.9642857142857146,0.83823496,1.4933530993661237,1.5237063,14.571428571428571,0.9655172413793104,1.0,0.9824561403508771
closeness,N/A,rrg,0.0,0.2,0.3,6,0.75,0.8000143,0.0,0.0,25.819404136831686,20.303417,148.14666666666668,0.0,0.0,0.0
closeness,N/A,rrg,0.1,0.2,0.3,6,0.7566666666666667,0.8181785,0.02666666666666684,0.09082729,23.416595930557268,16.972338,132.38666666666666,0.6,0.08,0.14117647058823532
closeness,N/A,rrg,0.2,0.2,0.3,6,0.7533333333333333,0.83575755,0.013333333333333197,0.17872898,20.364671180685406,14.016809,115.84,0.5294117647058824,0.12,0.19565217391304346
closeness,N/A,rrg,0.30000000000000004,0.2,0.3,6,0.79,0.85073113,0.16000000000000014,0.25360224,16.584162388375617,12.042869,100.46666666666667,0.7727272727272727,0.22666666666666666,0.35051546391752575
closeness,N/A,rrg,0.4,0.2,0.3,6,0.8133333333333334,0.87016875,0.2533333333333334,0.35079727,13.900574085969307,10.505734,82.57333333333334,0.8064516129032258,0.3333333333333333,0.4716981132075472
closeness,N/A,rrg,0.5,0.2,0.3,6,0.8366666666666667,0.8833143,0.3466666666666667,0.4165298,10.95653691564406,8.677928,69.32,0.782608695652174,0.48,0.5950413223140497
closeness,N/A,rrg,0.6000000000000001,0.2,0.3,6,0.8866666666666667,0.9087737,0.5466666666666669,0.54383594,7.821368659048997,6.023192,55.986666666666665,0.8596491228070176,0.6533333333333333,0.7424242424242424
closeness,N/A,rrg,0.7000000000000001,0.2,0.3,6,0.91,0.9271086,0.6400000000000001,0.6355168,5.609065602764494,4.5824685,49.72,0.8870967741935484,0.7333333333333333,0.8029197080291971
closeness,N/A,rrg,0.8,0.2,0.3,6,0.9266666666666666,0.9408662,0.7066666666666666,0.7043097,3.5352950854516885,3.0317311,45.61333333333334,0.8840579710144928,0.8133333333333334,0.8472222222222223
closeness,N/A,rrg,0.9,0.2,0.3,6,0.9566666666666667,0.9599202,0.8266666666666667,0.7995868,3.079092980990818,2.5835469,40.61333333333334,0.918918918918919,0.9066666666666666,0.912751677852349
closeness,N/A,rrg,1.0,0.2,0.3,6,0.9766666666666667,0.9812504,0.9066666666666667,0.9062453,1.7352220693793554,1.2451483,38.2,0.9146341463414634,1.0,0.9554140127388536
closeness,N/A,rrg,0.0,0.3,0.3,6,0.73,0.7000529,0.0,0.0,16.070435845432865,20.543413,145.2962962962963,0.0,0.0,0.0
closeness,N/A,rrg,0.1,0.3,0.3,6,0.75,0.72872204,0.07407407407407414,0.09558059,13.332099750544952,17.07691,129.5185185185185,0.6666666666666666,0.14814814814814814,0.24242424242424243
closeness,N/A,rrg,0.2,0.3,0.3,6,0.79,0.7560444,0.2222222222222224,0.18667117,11.76979353054098,14.797235,109.17283950617283,0.8214285714285714,0.2839506172839506,0.4220183486238532
closeness,N/A,rrg,0.30000000000000004,0.3,0.3,6,0.83,0.78714913,0.37037037037037024,0.29037192,9.878072741215407,12.371227,91.71604938271605,0.8571428571428571,0.4444444444444444,0.5853658536585367
closeness,N/A,rrg,0.4,0.3,0.3,6,0.85,0.81466585,0.4444444444444444,0.38211054,8.598522114627167,10.395367,77.09876543209876,0.86,0.5308641975308642,0.6564885496183206
closeness,N/A,rrg,0.5,0.3,0.3,6,0.8633333333333333,0.8476269,0.493827160493827,0.49200013,6.812780861457423,8.5489645,68.18518518518519,0.8333333333333334,0.6172839506172839,0.7092198581560284
closeness,N/A,rrg,0.6000000000000001,0.3,0.3,6,0.89,0.8784021,0.5925925925925927,0.5946022,6.0154254013567785,6.774778,57.382716049382715,0.8529411764705882,0.7160493827160493,0.7785234899328859
closeness,N/A,rrg,0.7000000000000001,0.3,0.3,6,0.9,0.90428305,0.6296296296296298,0.6808872,4.6695493022648344,5.2212462,53.72839506172839,0.8591549295774648,0.7530864197530864,0.8026315789473684
closeness,N/A,rrg,0.8,0.3,0.3,6,0.9366666666666666,0.92736024,0.7654320987654321,0.7578247,2.8930835741675227,3.933608,46.0,0.918918918918919,0.8395061728395061,0.8774193548387097
closeness,N/A,rrg,0.9,0.3,0.3,6,0.97,0.9554917,0.8888888888888888,0.8516129,2.3992827477739436,2.952673,42.123456790123456,0.9390243902439024,0.9506172839506173,0.9447852760736196
closeness,N/A,rrg,1.0,0.3,0.3,6,0.9833333333333333,0.9812416,0.9382716049382714,0.9374609,1.7391362379759183,1.6604226,41.148148148148145,0.9418604651162791,1.0,0.970059880239521
closeness,N/A,rrg,0.0,0.4,0.3,6,0.5733333333333334,0.60007733,0.0,0.0,13.247052495858116,19.085499,155.7421875,0.0,0.0,0.0
closeness,N/A,rrg,0.1,0.4,0.3,6,0.61,0.6413079,0.0859374999999999,0.10309633,11.761356974054229,16.826632,144.0078125,0.7894736842105263,0.1171875,0.20408163265306123
closeness,N/A,rrg,0.2,0.4,0.3,6,0.65,0.6802027,0.1796875,0.2003522,10.304189479298909,14.677861,123.0078125,0.8285714285714286,0.2265625,0.35582822085889565
closeness,N/A,rrg,0.30000000000000004,0.4,0.3,6,0.6933333333333334,0.7213693,0.28125,0.3032886,8.790076557688007,12.384324,110.3359375,0.8461538461538461,0.34375,0.4888888888888889
closeness,N/A,rrg,0.4,0.4,0.3,6,0.7333333333333333,0.762825,0.37499999999999983,0.40694788,7.61227555033642,10.438633,96.7578125,0.8636363636363636,0.4453125,0.5876288659793814
closeness,N/A,rrg,0.5,0.4,0.3,6,0.7833333333333333,0.7981448,0.49218749999999994,0.49526447,6.79960293827871,8.961051,86.6484375,0.92,0.5390625,0.6798029556650247
closeness,N/A,rrg,0.6000000000000001,0.4,0.3,6,0.8233333333333334,0.8354252,0.5859375,0.58848345,5.63500138028468,7.2763476,80.2578125,0.9213483146067416,0.640625,0.7557603686635944
closeness,N/A,rrg,0.7000000000000001,0.4,0.3,6,0.8666666666666667,0.875411,0.6875,0.6884672,4.278381415300951,5.323583,74.078125,0.9313725490196079,0.7421875,0.8260869565217391
closeness,N/A,rrg,0.8,0.4,0.3,6,0.91,0.90701234,0.7890625000000001,0.7674859,3.471767311575404,4.5044527,69.0,0.9719626168224299,0.8125,0.8851063829787233
closeness,N/A,rrg,0.9,0.4,0.3,6,0.95,0.94472474,0.8828124999999999,0.8617851,2.5405478037583613,3.15712,66.7421875,0.959349593495935,0.921875,0.9402390438247011
closeness,N/A,rrg,1.0,0.4,0.3,6,0.9966666666666667,0.98093814,0.9921875000000001,0.95233613,1.8895759134739059,1.9875603,64.5234375,0.9922480620155039,1.0,0.9961089494163424
closeness,N/A,rrg,0.0,0.05,0.3,7,0.9566666666666667,0.949999,0.0,0.0,21.057092668346996,9.929885,160.0,0.0,0.0,0.0
closeness,N/A,rrg,0.1,0.05,0.3,7,0.9433333333333334,0.9467988,-0.3076923076923071,-0.064002156,17.73914547860169,9.147729,103.76923076923077,0.3,0.23076923076923078,0.2608695652173913
closeness,N/A,rrg,0.2,0.05,0.3,7,0.92,0.950851,-0.8461538461538451,0.017040618,16.12053900721288,7.731428,119.07692307692308,0.17647058823529413,0.23076923076923078,0.20000000000000004
closeness,N/A,rrg,0.30000000000000004,0.05,0.3,7,0.9366666666666666,0.96096575,-0.46153846153846195,0.21933106,13.031089697154218,6.461939,73.07692307692308,0.2857142857142857,0.3076923076923077,0.29629629629629634
closeness,N/A,rrg,0.4,0.05,0.3,7,0.9433333333333334,0.9605208,-0.3076923076923071,0.21043226,8.897505075439907,5.998898,60.07692307692308,0.35714285714285715,0.38461538461538464,0.3703703703703704
closeness,N/A,rrg,0.5,0.05,0.3,7,0.95,0.9646442,-0.15384615384615483,0.29289836,6.848812009179802,4.8892198,37.46153846153846,0.42857142857142855,0.46153846153846156,0.4444444444444445
closeness,N/A,rrg,0.6000000000000001,0.05,0.3,7,0.9533333333333334,0.9679303,-0.07692307692307614,0.35861948,5.277232291605784,4.1835685,30.923076923076923,0.47058823529411764,0.6153846153846154,0.5333333333333333
closeness,N/A,rrg,0.7000000000000001,0.05,0.3,7,0.9666666666666667,0.97011334,0.23076923076923098,0.402279,4.472353752315222,3.8167386,17.0,0.5882352941176471,0.7692307692307693,0.6666666666666667
closeness,N/A,rrg,0.8,0.05,0.3,7,0.97,0.97570586,0.3076923076923071,0.5141272,5.208162807832728,3.162346,10.923076923076923,0.6111111111111112,0.8461538461538461,0.7096774193548387
closeness,N/A,rrg,0.9,0.05,0.3,7,0.9766666666666667,0.9792344,0.46153846153846195,0.5846965,3.7784450260354934,2.4585652,8.0,0.6666666666666666,0.9230769230769231,0.7741935483870968
closeness,N/A,rrg,1.0,0.05,0.3,7,0.99,0.9851263,0.769230769230769,0.7025324,1.8483043619970707,2.025516,7.076923076923077,0.8125,1.0,0.896551724137931
closeness,N/A,rrg,0.0,0.1,0.3,7,0.8966666666666666,0.900001,0.0,0.0,24.952247151982185,15.722926,143.25806451612902,0.0,0.0,0.0
closeness,N/A,rrg,0.1,0.1,0.3,7,0.8866666666666667,0.9034159,-0.09677419354838605,0.034149628,21.11732196477085,13.543916,125.7741935483871,0.3333333333333333,0.0967741935483871,0.15000000000000002
closeness,N/A,rrg,0.2,0.1,0.3,7,0.89,0.9070315,-0.06451612903225737,0.07030556,17.1685014585333,12.4314165,107.58064516129032,0.4166666666666667,0.16129032258064516,0.2325581395348837
closeness,N/A,rrg,0.30000000000000004,0.1,0.3,7,0.9,0.9225285,0.03225806451612976,0.2252774,11.90132391210868,9.199048,70.51612903225806,0.5217391304347826,0.3870967741935484,0.4444444444444444
closeness,N/A,rrg,0.4,0.1,0.3,7,0.9066666666666666,0.9318646,0.09677419354838714,0.31863946,10.48008753861565,8.079435,50.83870967741935,0.56,0.45161290322580644,0.5
closeness,N/A,rrg,0.5,0.1,0.3,7,0.91,0.94053143,0.1290322580645169,0.40530846,8.86355946088685,6.5105247,45.354838709677416,0.5714285714285714,0.5161290322580645,0.5423728813559322
closeness,N/A,rrg,0.6000000000000001,0.1,0.3,7,0.9266666666666666,0.94819903,0.2903225806451614,0.4819852,6.874227793122304,5.297635,33.58064516129032,0.6551724137931034,0.6129032258064516,0.6333333333333333
closeness,N/A,rrg,0.7000000000000001,0.1,0.3,7,0.9333333333333333,0.95708656,0.3548387096774198,0.5708614,6.090756628669911,4.1012435,26.225806451612904,0.6666666666666666,0.7096774193548387,0.6875
closeness,N/A,rrg,0.8,0.1,0.3,7,0.9466666666666667,0.9686409,0.48387096774193566,0.68640614,4.593504162109985,2.8000968,23.838709677419356,0.7142857142857143,0.8064516129032258,0.7575757575757576
closeness,N/A,rrg,0.9,0.1,0.3,7,0.9566666666666667,0.97325224,0.5806451612903228,0.73251975,2.648125970153395,2.3152435,19.774193548387096,0.7647058823529411,0.8387096774193549,0.7999999999999999
closeness,N/A,rrg,1.0,0.1,0.3,7,0.98,0.9815714,0.8064516129032258,0.8157119,1.2888265579353546,1.5085522,16.451612903225808,0.8378378378378378,1.0,0.911764705882353
closeness,N/A,rrg,0.0,0.2,0.3,7,0.8266666666666667,0.8000143,0.0,0.0,21.219115159578717,20.450108,154.80769230769232,0.0,0.0,0.0
closeness,N/A,rrg,0.1,0.2,0.3,7,0.8366666666666667,0.81385016,0.057692307692307744,0.06918419,18.469814126801865,17.897001,132.1346153846154,0.6363636363636364,0.1346153846153846,0.22222222222222224
closeness,N/A,rrg,0.2,0.2,0.3,7,0.86,0.83847535,0.19230769230769226,0.19231892,15.261955942380043,14.209362,98.96153846153847,0.75,0.28846153846153844,0.4166666666666667
closeness,N/A,rrg,0.30000000000000004,0.2,0.3,7,0.8833333333333333,0.8584613,0.32692307692307676,0.29225594,11.960386447517289,12.01594,67.03846153846153,0.7741935483870968,0.46153846153846156,0.5783132530120482
closeness,N/A,rrg,0.4,0.2,0.3,7,0.89,0.8790739,0.3653846153846155,0.39532632,11.825176173545252,10.098153,59.73076923076923,0.8064516129032258,0.4807692307692308,0.6024096385542168
closeness,N/A,rrg,0.5,0.2,0.3,7,0.9,0.891074,0.42307692307692324,0.45533103,9.222786846906493,8.783361,49.13461538461539,0.7894736842105263,0.5769230769230769,0.6666666666666666
closeness,N/A,rrg,0.6000000000000001,0.2,0.3,7,0.92,0.9082113,0.5384615384615387,0.5410236,7.61702160492535,7.266574,40.19230769230769,0.85,0.6538461538461539,0.7391304347826088
closeness,N/A,rrg,0.7000000000000001,0.2,0.3,7,0.9266666666666666,0.9232594,0.5769230769230768,0.6162694,6.27388510815257,5.5115075,35.30769230769231,0.8260869565217391,0.7307692307692307,0.7755102040816326
closeness,N/A,rrg,0.8,0.2,0.3,7,0.94,0.94102997,0.6538461538461535,0.7051287,5.296868179183659,4.225625,33.32692307692308,0.84,0.8076923076923077,0.8235294117647058
closeness,N/A,rrg,0.9,0.2,0.3,7,0.9633333333333334,0.9634037,0.7884615384615387,0.8170054,4.497277007116947,2.942606,29.48076923076923,0.9019607843137255,0.8846153846153846,0.8932038834951457
closeness,N/A,rrg,1.0,0.2,0.3,7,0.9866666666666667,0.97821754,0.9230769230769232,0.8910799,1.9806978331587048,1.8063726,26.653846153846153,0.9285714285714286,1.0,0.962962962962963
closeness,N/A,rrg,0.0,0.3,0.3,7,0.7,0.7000266,0.0,0.0,15.516934557038125,20.106537,144.94444444444446,0.0,0.0,0.0
closeness,N/A,rrg,0.1,0.3,0.3,7,0.7366666666666667,0.72935534,0.12222222222222244,0.097771205,13.010886626686515,17.031311,130.1888888888889,0.7391304347826086,0.18888888888888888,0.3008849557522124
closeness,N/A,rrg,0.2,0.3,0.3,7,0.76,0.76075053,0.20000000000000015,0.20243113,10.339514080120953,13.335818,100.46666666666667,0.7647058823529411,0.28888888888888886,0.41935483870967744
closeness,N/A,rrg,0.30000000000000004,0.3,0.3,7,0.77,0.78951764,0.2333333333333335,0.29832998,9.338276105217274,11.162529,91.9888888888889,0.7560975609756098,0.34444444444444444,0.4732824427480916
closeness,N/A,rrg,0.4,0.3,0.3,7,0.7966666666666666,0.8157263,0.3222222222222222,0.38569987,6.866844289734742,9.156788,87.8,0.7843137254901961,0.4444444444444444,0.5673758865248226
closeness,N/A,rrg,0.5,0.3,0.3,7,0.82,0.8465307,0.3999999999999999,0.48839027,6.530228587729278,7.858273,74.74444444444444,0.8,0.5333333333333333,0.64
closeness,N/A,rrg,0.6000000000000001,0.3,0.3,7,0.85,0.8778414,0.5,0.59276867,5.733125924081913,6.2429156,65.02222222222223,0.8571428571428571,0.6,0.7058823529411764
closeness,N/A,rrg,0.7000000000000001,0.3,0.3,7,0.8733333333333333,0.9051754,0.5777777777777777,0.68389,4.740498673138289,4.7944713,58.17777777777778,0.8513513513513513,0.7,0.7682926829268292
closeness,N/A,rrg,0.8,0.3,0.3,7,0.9033333333333333,0.9265075,0.6777777777777778,0.7550032,2.9362859407341535,3.6998796,51.03333333333333,0.8505747126436781,0.8222222222222222,0.8361581920903955
closeness,N/A,rrg,0.9,0.3,0.3,7,0.9533333333333334,0.9619649,0.8444444444444446,0.8732051,1.9004805840607686,2.3645096,48.5,0.9130434782608695,0.9333333333333333,0.9230769230769231
closeness,N/A,rrg,1.0,0.3,0.3,7,0.9866666666666667,0.9821812,0.9555555555555556,0.9405987,1.245214963998403,1.5787628,45.544444444444444,0.9574468085106383,1.0,0.9782608695652174
closeness,N/A,rrg,0.0,0.4,0.3,7,0.61,0.60007733,0.0,0.0,12.5801796834196,19.004856,145.95726495726495,0.0,0.0,0.0
closeness,N/A,rrg,0.1,0.4,0.3,7,0.6366666666666667,0.64532673,0.06837606837606854,0.11314538,11.122459885382838,16.003313,122.19658119658119,0.7222222222222222,0.1111111111111111,0.1925925925925926
closeness,N/A,rrg,0.2,0.4,0.3,7,0.68,0.68721753,0.17948717948717963,0.21789263,10.080071686967875,13.741086,120.28205128205128,0.8181818181818182,0.23076923076923078,0.36000000000000004
closeness,N/A,rrg,0.30000000000000004,0.4,0.3,7,0.7066666666666667,0.7267,0.2478632478632479,0.3166179,8.643770298070534,11.739929,103.58974358974359,0.8222222222222222,0.3162393162393162,0.45679012345679004
closeness,N/A,rrg,0.4,0.4,0.3,7,0.7433333333333333,0.75945854,0.3418803418803418,0.39853007,7.541344176541575,9.993733,93.62393162393163,0.8571428571428571,0.41025641025641024,0.5549132947976878
closeness,N/A,rrg,0.5,0.4,0.3,7,0.78,0.7999592,0.43589743589743596,0.49980125,6.521542601996503,8.178608,80.94017094017094,0.9047619047619048,0.48717948717948717,0.6333333333333333
closeness,N/A,rrg,0.6000000000000001,0.4,0.3,7,0.81,0.835536,0.512820512820513,0.5887605,5.723326001270825,6.8464274,72.24786324786325,0.9054054054054054,0.5726495726495726,0.7015706806282722
closeness,N/A,rrg,0.7000000000000001,0.4,0.3,7,0.8533333333333334,0.87015694,0.623931623931624,0.67532957,4.40494455801608,5.136093,67.35042735042735,0.9506172839506173,0.6581196581196581,0.7777777777777777
closeness,N/A,rrg,0.8,0.4,0.3,7,0.9033333333333333,0.90838987,0.7521367521367521,0.7709304,3.353236718643468,3.6916325,63.504273504273506,0.9680851063829787,0.7777777777777778,0.8625592417061613
closeness,N/A,rrg,0.9,0.4,0.3,7,0.9466666666666667,0.9432359,0.8632478632478632,0.85806227,2.3115434357576565,2.590848,60.41880341880342,0.954954954954955,0.905982905982906,0.9298245614035088
closeness,N/A,rrg,1.0,0.4,0.3,7,0.9866666666666667,0.97730833,0.9658119658119658,0.94325984,1.5063867092464003,1.3784033,59.06837606837607,0.9669421487603306,1.0,0.9831932773109243
closeness,N/A,rrg,0.0,0.05,0.3,8,0.9466666666666667,0.949999,0.0,0.0,22.272471886707862,9.98147,121.4375,0.0,0.0,0.0
closeness,N/A,rrg,0.1,0.05,0.3,8,0.9233333333333333,0.94576824,-0.4374999999999996,-0.08461302,17.285671189096096,9.548003,112.875,0.18181818181818182,0.125,0.14814814814814814
closeness,N/A,rrg,0.2,0.05,0.3,8,0.93,0.95535624,-0.31249999999999883,0.10714311,15.302371636533938,7.415796,85.6875,0.3333333333333333,0.3125,0.3225806451612903
closeness,N/A,rrg,0.30000000000000004,0.05,0.3,8,0.9433333333333334,0.95914024,-0.06249999999999935,0.18282157,13.536212135786176,6.629074,66.5,0.45454545454545453,0.3125,0.3703703703703703
closeness,N/A,rrg,0.4,0.05,0.3,8,0.9433333333333334,0.9558083,-0.06249999999999935,0.11618376,11.724745188646775,6.639258,46.625,0.4666666666666667,0.4375,0.45161290322580644
closeness,N/A,rrg,0.5,0.05,0.3,8,0.94,0.95993406,-0.12500000000000078,0.19869755,10.421506921718297,5.3497257,44.6875,0.45,0.5625,0.5
closeness,N/A,rrg,0.6000000000000001,0.05,0.3,8,0.96,0.96950376,0.24999999999999947,0.39008772,7.779725730767118,4.497543,34.875,0.625,0.625,0.625
closeness,N/A,rrg,0.7000000000000001,0.05,0.3,8,0.9766666666666667,0.9717384,0.5625000000000004,0.43477955,5.415671436788974,3.9291902,15.25,0.7368421052631579,0.875,0.7999999999999999
closeness,N/A,rrg,0.8,0.05,0.3,8,0.9766666666666667,0.9769745,0.5625000000000004,0.53949916,3.9685147178407023,2.920061,13.9375,0.7368421052631579,0.875,0.7999999999999999
closeness,N/A,rrg,0.9,0.05,0.3,8,0.9833333333333333,0.97756755,0.6874999999999991,0.55136025,2.91766365334575,2.4179513,10.6875,0.7894736842105263,0.9375,0.8571428571428572
closeness,N/A,rrg,1.0,0.05,0.3,8,0.9866666666666667,0.9811039,0.7500000000000006,0.6220857,1.83436961877897,1.9081392,8.5,0.8,1.0,0.888888888888889
closeness,N/A,rrg,0.0,0.1,0.3,8,0.9133333333333333,0.900001,0.0,0.0,24.72721921528051,15.693831,139.23076923076923,0.0,0.0,0.0
closeness,N/A,rrg,0.1,0.1,0.3,8,0.9066666666666666,0.91242117,-0.07692307692307741,0.124203004,22.684781772417978,12.904391,134.34615384615384,0.3333333333333333,0.07692307692307693,0.125
closeness,N/A,rrg,0.2,0.1,0.3,8,0.91,0.9123712,-0.03846153846153807,0.12370351,18.38844113126721,11.650331,107.1923076923077,0.42857142857142855,0.11538461538461539,0.18181818181818182
closeness,N/A,rrg,0.30000000000000004,0.1,0.3,8,0.9033333333333333,0.9119808,-0.11538461538461549,0.11979937,14.528540988717644,10.226367,89.84615384615384,0.38461538461538464,0.19230769230769232,0.2564102564102564
closeness,N/A,rrg,0.4,0.1,0.3,8,0.9233333333333333,0.92067116,0.11538461538461549,0.2067038,11.19062628519001,8.284366,70.42307692307692,0.5882352941176471,0.38461538461538464,0.46511627906976744
closeness,N/A,rrg,0.5,0.1,0.3,8,0.9233333333333333,0.9338904,0.11538461538461549,0.3388975,9.540881721851148,6.607601,53.30769230769231,0.5714285714285714,0.46153846153846156,0.5106382978723405
closeness,N/A,rrg,0.6000000000000001,0.1,0.3,8,0.9566666666666667,0.9432554,0.5,0.43254864,7.167061552421642,5.665056,32.19230769230769,0.7407407407407407,0.7692307692307693,0.7547169811320754
closeness,N/A,rrg,0.7000000000000001,0.1,0.3,8,0.9733333333333334,0.9500194,0.6923076923076928,0.50018924,5.201250937225834,4.779497,19.884615384615383,0.8214285714285714,0.8846153846153846,0.8518518518518519
closeness,N/A,rrg,0.8,0.1,0.3,8,0.98,0.9610414,0.769230769230769,0.61041003,4.452693899215536,3.5520372,14.923076923076923,0.8333333333333334,0.9615384615384616,0.8928571428571429
closeness,N/A,rrg,0.9,0.1,0.3,8,0.9866666666666667,0.9705975,0.8461538461538465,0.70597214,3.301118379511836,2.3724515,13.5,0.8666666666666667,1.0,0.9285714285714286
closeness,N/A,rrg,1.0,0.1,0.3,8,0.9933333333333333,0.97555774,0.9230769230769226,0.755575,1.6995550605353498,1.8504218,13.5,0.9285714285714286,1.0,0.962962962962963
closeness,N/A,rrg,0.0,0.2,0.3,8,0.83,0.8000143,0.0,0.0,19.421939894425886,20.286152,147.15686274509804,0.0,0.0,0.0
closeness,N/A,rrg,0.1,0.2,0.3,8,0.8333333333333334,0.8146171,0.01960784313725535,0.07301913,17.070794834292666,17.184032,147.33333333333334,0.6,0.058823529411764705,0.10714285714285714
closeness,N/A,rrg,0.2,0.2,0.3,8,0.8466666666666667,0.83545804,0.09803921568627479,0.1772313,14.014301287996398,14.503216,116.11764705882354,0.6470588235294118,0.21568627450980393,0.3235294117647059
closeness,N/A,rrg,0.30000000000000004,0.2,0.3,8,0.8433333333333334,0.8629558,0.07843137254902009,0.31473,11.300019068602396,11.077534,103.15686274509804,0.5769230769230769,0.29411764705882354,0.3896103896103896
closeness,N/A,rrg,0.4,0.2,0.3,8,0.8766666666666667,0.88537353,0.27450980392156904,0.42682663,10.07684620498908,9.751782,72.80392156862744,0.7333333333333333,0.43137254901960786,0.54320987654321
closeness,N/A,rrg,0.5,0.2,0.3,8,0.9133333333333333,0.9024013,0.49019607843137264,0.5119717,8.114890244790182,8.316648,52.294117647058826,0.8205128205128205,0.6274509803921569,0.711111111111111
closeness,N/A,rrg,0.6000000000000001,0.2,0.3,8,0.9366666666666666,0.9185689,0.6274509803921569,0.5928154,6.375142120029684,6.874672,44.372549019607845,0.8809523809523809,0.7254901960784313,0.7956989247311828
closeness,N/A,rrg,0.7000000000000001,0.2,0.3,8,0.9466666666666667,0.93915915,0.6862745098039216,0.695774,4.415090257960273,4.6239805,35.64705882352941,0.8431372549019608,0.8431372549019608,0.8431372549019607
closeness,N/A,rrg,0.8,0.2,0.3,8,0.9466666666666667,0.9481914,0.6862745098039216,0.7409385,3.852235528152919,3.438426,32.568627450980394,0.8181818181818182,0.8823529411764706,0.8490566037735848
closeness,N/A,rrg,0.9,0.2,0.3,8,0.97,0.9650659,0.8235294117647057,0.82531697,2.8586540109192558,2.6249907,27.0,0.875,0.9607843137254902,0.9158878504672897
closeness,N/A,rrg,1.0,0.2,0.3,8,0.9866666666666667,0.97742045,0.9215686274509806,0.88709414,1.5910359390310578,1.5569184,26.03921568627451,0.9272727272727272,1.0,0.9622641509433962
closeness,N/A,rrg,0.0,0.3,0.3,8,0.6666666666666666,0.7000266,0.0,0.0,17.498357763339612,20.38266,150.71,0.0,0.0,0.0
closeness,N/A,rrg,0.1,0.3,0.3,8,0.7033333333333334,0.73523015,0.1100000000000002,0.117355645,14.721906510052474,16.395174,120.8,0.7894736842105263,0.15,0.25210084033613445
closeness,N/A,rrg,0.2,0.3,0.3,8,0.7433333333333333,0.7612792,0.22999999999999995,0.20419359,12.356308181885126,14.351162,106.21,0.8108108108108109,0.3,0.43795620437956206
closeness,N/A,rrg,0.30000000000000004,0.3,0.3,8,0.7766666666666666,0.78871626,0.3299999999999999,0.29565847,9.738215391171222,11.726661,91.71,0.8235294117647058,0.42,0.5562913907284768
closeness,N/A,rrg,0.4,0.3,0.3,8,0.8133333333333334,0.81967306,0.4400000000000001,0.39885697,7.637998894966578,9.561148,80.23,0.84375,0.54,0.6585365853658537
closeness,N/A,rrg,0.5,0.3,0.3,8,0.8533333333333334,0.8480655,0.5600000000000002,0.4935068,6.296097972977247,7.8363867,71.76,0.9,0.63,0.7411764705882353
closeness,N/A,rrg,0.6000000000000001,0.3,0.3,8,0.88,0.8772864,0.64,0.59091836,5.499180370777381,6.508538,64.12,0.9,0.72,0.7999999999999999
closeness,N/A,rrg,0.7000000000000001,0.3,0.3,8,0.92,0.90208554,0.7600000000000001,0.6735896,4.143981189991787,5.4725533,59.4,0.9318181818181818,0.82,0.8723404255319149
closeness,N/A,rrg,0.8,0.3,0.3,8,0.9433333333333334,0.93321174,0.8300000000000001,0.77735275,3.1737472430764955,3.7150276,54.97,0.9368421052631579,0.89,0.9128205128205129
closeness,N/A,rrg,0.9,0.3,0.3,8,0.9666666666666667,0.96224445,0.9,0.87413704,2.0287307228865883,2.2316604,52.15,0.9411764705882353,0.96,0.9504950495049505
closeness,N/A,rrg,1.0,0.3,0.3,8,0.9866666666666667,0.9846285,0.9600000000000001,0.9487571,1.1199732907068556,1.288115,50.59,0.9615384615384616,1.0,0.9803921568627451
closeness,N/A,rrg,0.0,0.4,0.3,8,0.6066666666666667,0.6000774,0.0,0.0,12.25019266345721,18.577698,154.03389830508473,0.0,0.0,0.0
closeness,N/A,rrg,0.1,0.4,0.3,8,0.6333333333333333,0.6475394,0.0677966101694914,0.11867793,10.855144730862236,15.19972,137.9322033898305,0.7222222222222222,0.11016949152542373,0.19117647058823528
closeness,N/A,rrg,0.2,0.4,0.3,8,0.6566666666666666,0.687916,0.12711864406779644,0.21963897,9.457982319540825,13.222217,121.27118644067797,0.7142857142857143,0.211864406779661,0.32679738562091504
closeness,N/A,rrg,0.30000000000000004,0.4,0.3,8,0.7033333333333334,0.7185328,0.24576271186440682,0.29619583,8.322030414438087,12.003142,111.05932203389831,0.7959183673469388,0.3305084745762712,0.46706586826347307
closeness,N/A,rrg,0.4,0.4,0.3,8,0.7366666666666667,0.7599106,0.3305084745762712,0.39966032,7.286964789359024,9.907295,94.72033898305085,0.8421052631578947,0.4067796610169492,0.5485714285714286
closeness,N/A,rrg,0.5,0.4,0.3,8,0.7633333333333333,0.8012045,0.3983050847457626,0.5029151,6.591603728206375,8.406413,87.40677966101696,0.821917808219178,0.5084745762711864,0.6282722513089005
closeness,N/A,rrg,0.6000000000000001,0.4,0.3,8,0.8033333333333333,0.8439895,0.5,0.60989827,6.190078149012037,7.019379,78.99152542372882,0.8641975308641975,0.5932203389830508,0.7035175879396984
closeness,N/A,rrg,0.7000000000000001,0.4,0.3,8,0.84,0.878458,0.5932203389830507,0.6960862,4.369156148110193,5.402558,70.67796610169492,0.8723404255319149,0.6949152542372882,0.7735849056603775
closeness,N/A,rrg,0.8,0.4,0.3,8,0.89,0.9165087,0.7203389830508474,0.7912313,3.0696906313271617,3.9622836,63.932203389830505,0.8899082568807339,0.8220338983050848,0.8546255506607929
closeness,N/A,rrg,0.9,0.4,0.3,8,0.9433333333333334,0.94904757,0.8559322033898306,0.87259424,2.099498096031923,2.4888818,61.13559322033898,0.9316239316239316,0.923728813559322,0.9276595744680851
closeness,N/A,rrg,1.0,0.4,0.3,8,0.98,0.98623496,0.9491525423728813,0.96558076,1.1894418086008658,1.3297414,59.78813559322034,0.9516129032258065,1.0,0.9752066115702479
closeness,N/A,rrg,0.0,0.05,0.3,9,0.9666666666666667,0.949999,0.0,0.0,14.712211789406298,10.021496,97.1,0.0,0.0,0.0
closeness,N/A,rrg,0.1,0.05,0.3,9,0.95,0.9479531,-0.5000000000000017,-0.04091656,13.121295662724187,9.434022,123.2,0.0,0.0,0.0
closeness,N/A,rrg,0.2,0.05,0.3,9,0.94,0.95769316,-0.800000000000002,0.15388054,13.1219512154134,7.0906234,62.9,0.16666666666666666,0.2,0.1818181818181818
closeness,N/A,rrg,0.30000000000000004,0.05,0.3,9,0.9466666666666667,0.9654397,-0.6000000000000006,0.30880773,11.836669912113717,6.056467,68.6,0.25,0.3,0.2727272727272727
closeness,N/A,rrg,0.4,0.05,0.3,9,0.9433333333333334,0.96659446,-0.6999999999999996,0.33190286,10.75876540460844,5.117701,51.1,0.26666666666666666,0.4,0.32
closeness,N/A,rrg,0.5,0.05,0.3,9,0.96,0.96717834,-0.20000000000000134,0.34358037,7.968937049300527,4.5643535,28.4,0.4166666666666667,0.5,0.45454545454545453
closeness,N/A,rrg,0.6000000000000001,0.05,0.3,9,0.9666666666666667,0.9710499,0.0,0.42100996,5.908310147534744,3.6438036,29.2,0.5,0.6,0.5454545454545454
closeness,N/A,rrg,0.7000000000000001,0.05,0.3,9,0.97,0.9832497,0.099999999999999,0.66500133,7.0497245065220815,2.5468402,19.8,0.5384615384615384,0.7,0.608695652173913
closeness,N/A,rrg,0.8,0.05,0.3,9,0.9833333333333333,0.9835211,0.49999999999999833,0.6704288,4.890997821660931,2.1662774,13.8,0.7272727272727273,0.8,0.761904761904762
closeness,N/A,rrg,0.9,0.05,0.3,9,0.9833333333333333,0.98494977,0.49999999999999833,0.69900155,4.091060647796789,1.5718602,14.2,0.7272727272727273,0.8,0.761904761904762
closeness,N/A,rrg,1.0,0.05,0.3,9,0.9966666666666667,0.98594993,0.900000000000001,0.71900445,1.7335399217857161,1.1797137,5.5,0.9090909090909091,1.0,0.9523809523809523
closeness,N/A,rrg,0.0,0.1,0.3,9,0.8666666666666667,0.900001,0.0,0.0,29.54528252999571,15.698988,145.2,0.0,0.0,0.0
closeness,N/A,rrg,0.1,0.1,0.3,9,0.8833333333333333,0.9083071,0.12499999999999958,0.08306168,23.26160385063611,13.572874,124.825,0.7777777777777778,0.175,0.2857142857142857
closeness,N/A,rrg,0.2,0.1,0.3,9,0.8833333333333333,0.9186996,0.12499999999999958,0.18698817,19.198537919307892,10.676593,96.525,0.6470588235294118,0.275,0.3859649122807018
closeness,N/A,rrg,0.30000000000000004,0.1,0.3,9,0.8833333333333333,0.92411333,0.12499999999999958,0.24112582,16.36377392369997,9.389808,87.125,0.6190476190476191,0.325,0.42622950819672134
closeness,N/A,rrg,0.4,0.1,0.3,9,0.8933333333333333,0.9277194,0.19999999999999968,0.277187,15.199904122875209,8.316935,76.5,0.6818181818181818,0.375,0.48387096774193555
closeness,N/A,rrg,0.5,0.1,0.3,9,0.92,0.93669343,0.4000000000000002,0.36692804,12.869431232862677,7.056804,64.275,0.8076923076923077,0.525,0.6363636363636364
closeness,N/A,rrg,0.6000000000000001,0.1,0.3,9,0.92,0.9426435,0.4000000000000002,0.42642957,9.708318189125142,6.038472,46.125,0.7666666666666667,0.575,0.6571428571428571
closeness,N/A,rrg,0.7000000000000001,0.1,0.3,9,0.9366666666666666,0.9462803,0.5249999999999998,0.4627977,7.549850574374796,5.080493,39.25,0.8387096774193549,0.65,0.7323943661971831
closeness,N/A,rrg,0.8,0.1,0.3,9,0.9466666666666667,0.9608015,0.5999999999999999,0.60801095,5.271949223077802,3.6798124,28.25,0.8333333333333334,0.75,0.7894736842105262
closeness,N/A,rrg,0.9,0.1,0.3,9,0.9766666666666667,0.97148216,0.8250000000000001,0.7148188,2.7772008126830188,2.5158226,21.9,0.9024390243902439,0.925,0.9135802469135802
closeness,N/A,rrg,1.0,0.1,0.3,9,0.99,0.9798766,0.9249999999999999,0.7987638,1.604477258656696,1.5129014,20.525,0.9302325581395349,1.0,0.963855421686747
closeness,N/A,rrg,0.0,0.2,0.3,9,0.7566666666666667,0.8000143,0.0,0.0,23.900745948231123,20.388988,160.6027397260274,0.0,0.0,0.0
closeness,N/A,rrg,0.1,0.2,0.3,9,0.7833333333333333,0.8119891,0.10958904109589022,0.059878346,18.904057350723455,17.556591,139.42465753424656,0.7857142857142857,0.1506849315068493,0.2528735632183908
closeness,N/A,rrg,0.2,0.2,0.3,9,0.8133333333333334,0.83170706,0.23287671232876705,0.15847506,15.54621576720354,14.621591,104.68493150684931,0.7741935483870968,0.3287671232876712,0.4615384615384615
closeness,N/A,rrg,0.30000000000000004,0.2,0.3,9,0.8466666666666667,0.854389,0.36986301369863006,0.27189294,13.14363781924422,12.563441,87.36986301369863,0.8648648648648649,0.4383561643835616,0.5818181818181818
closeness,N/A,rrg,0.4,0.2,0.3,9,0.8633333333333333,0.87363607,0.43835616438356134,0.3681351,10.4491995360629,10.489485,73.45205479452055,0.9,0.4931506849315068,0.6371681415929203
closeness,N/A,rrg,0.5,0.2,0.3,9,0.8766666666666667,0.88861775,0.49315068493150693,0.4430489,9.264545814221334,9.073636,64.15068493150685,0.8913043478260869,0.5616438356164384,0.6890756302521008
closeness,N/A,rrg,0.6000000000000001,0.2,0.3,9,0.9,0.9096822,0.589041095890411,0.54837877,7.996491800152103,7.6204004,52.04109589041096,0.9056603773584906,0.6575342465753424,0.761904761904762
closeness,N/A,rrg,0.7000000000000001,0.2,0.3,9,0.9033333333333333,0.9213048,0.6027397260273971,0.6064959,5.973822110384244,6.1804047,47.49315068493151,0.8793103448275862,0.6986301369863014,0.7786259541984732
closeness,N/A,rrg,0.8,0.2,0.3,9,0.9333333333333333,0.9399145,0.726027397260274,0.6995511,4.062622325662886,4.7398334,41.89041095890411,0.9076923076923077,0.8082191780821918,0.8550724637681159
closeness,N/A,rrg,0.9,0.2,0.3,9,0.9666666666666667,0.96206546,0.863013698630137,0.8103137,2.2520080618912015,3.1013288,39.397260273972606,0.92,0.9452054794520548,0.9324324324324323
closeness,N/A,rrg,1.0,0.2,0.3,9,0.9833333333333333,0.9796238,0.9315068493150682,0.8981117,1.413405554512528,1.9537008,37.0,0.9358974358974359,1.0,0.9668874172185431
closeness,N/A,rrg,0.0,0.3,0.3,9,0.6933333333333334,0.7000529,0.0,0.0,16.89655650275144,20.67579,149.09782608695653,0.0,0.0,0.0
closeness,N/A,rrg,0.1,0.3,0.3,9,0.72,0.7270781,0.08695652173913028,0.09009977,14.716021516223533,17.8068,129.3804347826087,0.9,0.09782608695652174,0.17647058823529413
closeness,N/A,rrg,0.2,0.3,0.3,9,0.7466666666666667,0.7587452,0.17391304347826092,0.19567543,12.704944503423112,14.844554,113.80434782608695,0.7857142857142857,0.2391304347826087,0.36666666666666664
closeness,N/A,rrg,0.30000000000000004,0.3,0.3,9,0.7633333333333333,0.7853872,0.22826086956521724,0.28449786,11.221753615443049,12.961577,93.71739130434783,0.7560975609756098,0.33695652173913043,0.46616541353383456
closeness,N/A,rrg,0.4,0.3,0.3,9,0.7933333333333333,0.8140737,0.3260869565217391,0.38013628,9.601127228480792,11.125408,82.6413043478261,0.8125,0.42391304347826086,0.5571428571428573
closeness,N/A,rrg,0.5,0.3,0.3,9,0.8366666666666667,0.8415091,0.46739130434782605,0.4716038,7.651258202766455,9.05812,72.01086956521739,0.8307692307692308,0.5869565217391305,0.6878980891719746
closeness,N/A,rrg,0.6000000000000001,0.3,0.3,9,0.88,0.86867553,0.6086956521739131,0.56217456,6.149251957357706,7.8773575,62.95652173913044,0.9,0.6847826086956522,0.7777777777777778
closeness,N/A,rrg,0.7000000000000001,0.3,0.3,9,0.91,0.89756346,0.7065217391304348,0.65848464,4.763755167670881,6.504457,55.26086956521739,0.9113924050632911,0.782608695652174,0.8421052631578948
closeness,N/A,rrg,0.8,0.3,0.3,9,0.9333333333333333,0.93099326,0.782608695652174,0.769937,3.7602880329668307,4.462659,50.90217391304348,0.9186046511627907,0.8586956521739131,0.8876404494382023
closeness,N/A,rrg,0.9,0.3,0.3,9,0.9633333333333334,0.95466715,0.8804347826086958,0.84886384,2.739796094615838,3.1313374,47.79347826086956,0.9655172413793104,0.9130434782608695,0.9385474860335196
closeness,N/A,rrg,1.0,0.3,0.3,9,0.99,0.9781421,0.967391304347826,0.9271274,1.9779535069131482,2.0318873,46.619565217391305,0.968421052631579,1.0,0.983957219251337
closeness,N/A,rrg,0.0,0.4,0.3,9,0.62,0.60007733,0.0,0.0,12.672447618699437,18.835604,143.62280701754386,0.0,0.0,0.0
closeness,N/A,rrg,0.1,0.4,0.3,9,0.66,0.6404955,0.10526315789473693,0.101064906,11.111255120669556,16.123966,132.90350877192984,0.8333333333333334,0.13157894736842105,0.22727272727272727
closeness,N/A,rrg,0.2,0.4,0.3,9,0.6966666666666667,0.68434745,0.20175438596491227,0.21071604,10.032752629249417,13.837943,111.6842105263158,0.8709677419354839,0.23684210526315788,0.37241379310344824
closeness,N/A,rrg,0.30000000000000004,0.4,0.3,9,0.7333333333333333,0.72050226,0.2982456140350876,0.30112052,9.326420243658726,12.485264,100.70175438596492,0.925,0.32456140350877194,0.48051948051948046
closeness,N/A,rrg,0.4,0.4,0.3,9,0.7666666666666667,0.7571615,0.3859649122807019,0.39278635,7.888420032937418,10.159316,88.47368421052632,0.8793103448275862,0.4473684210526316,0.5930232558139534
closeness,N/A,rrg,0.5,0.4,0.3,9,0.8033333333333333,0.79728013,0.48245614035087725,0.49310234,6.699066730013011,8.302275,80.2719298245614,0.9104477611940298,0.5350877192982456,0.6740331491712708
closeness,N/A,rrg,0.6000000000000001,0.4,0.3,9,0.8333333333333334,0.83605665,0.5614035087719299,0.5900624,5.4365135498039825,6.5447516,71.32456140350877,0.9102564102564102,0.6228070175438597,0.7395833333333334
closeness,N/A,rrg,0.7000000000000001,0.4,0.3,9,0.8866666666666667,0.87322044,0.7017543859649125,0.68298984,4.244990276994535,4.9916983,67.95614035087719,0.9444444444444444,0.7456140350877193,0.8333333333333331
closeness,N/A,rrg,0.8,0.4,0.3,9,0.9133333333333333,0.91128844,0.7719298245614035,0.7781782,3.288181825618095,3.427605,63.666666666666664,0.9313725490196079,0.8333333333333334,0.8796296296296297
closeness,N/A,rrg,0.9,0.4,0.3,9,0.9533333333333334,0.94440126,0.8771929824561404,0.8609763,2.521392156035263,2.5626192,59.03508771929825,0.9464285714285714,0.9298245614035088,0.9380530973451328
closeness,N/A,rrg,1.0,0.4,0.3,9,0.9933333333333333,0.9783711,0.982456140350877,0.94591725,1.7821409999030107,1.3565441,57.55263157894737,0.9827586206896551,1.0,0.9913043478260869
